Rank,EntryId,EntryName,TimeRemaining,Points,Lineup,,Player,Roster Position,%Drafted,FPTS
1,5273674286,RentIsDue,0,146.3,DST Broncos  FLEX RJ Harvey QB Matthew Stafford RB D'Andre Swift RB Kyren Williams TE Colston Loveland WR DeVonta Smith WR Davante Adams WR Luther Burden III,,Davante Adams,WR,81.26%,23.7
2,5270665118,kgilmore,0,143.18001,DST Broncos  FLEX Saquon Barkley QB Case Keenum RB D'Andre Swift RB Kyren Williams TE Colston Loveland WR DeVonta Smith WR Davante Adams WR Luther Burden III,,DeVonta Smith,WR,77.82%,12.5
2,5273535841,Mr._Bad,0,143.18001,DST Broncos  FLEX Saquon Barkley QB Case Keenum RB D'Andre Swift RB Kyren Williams TE Colston Loveland WR DeVonta Smith WR Davante Adams WR Luther Burden III,,Kyren Williams,RB,71.41%,21.8
2,5273607554,andrew102082,0,143.18001,DST Broncos  FLEX D'Andre Swift QB Case Keenum RB Saquon Barkley RB Kyren Williams TE Colston Loveland WR DeVonta Smith WR Davante Adams WR Luther Burden III,,Jaylen Waddle,WR,63.79%,6.4
2,5274080844,t.lumpz,0,143.18001,DST Broncos  FLEX Saquon Barkley QB Case Keenum RB D'Andre Swift RB Kyren Williams TE Colston Loveland WR DeVonta Smith WR Davante Adams WR Luther Burden III,,Eagles ,DST,60.87%,0
6,5273631412,vincewhite5,0,141.20001,DST Bears  FLEX DeVonta Smith QB Matthew Stafford RB D'Andre Swift RB Kyren Williams TE Colston Loveland WR Jaylen Waddle WR Davante Adams WR Kalif Raymond,,Jalen Hurts,QB,59.17%,13.62
7,5270212234,Damadbowler,0,141.18001,DST Bears  FLEX Saquon Barkley QB Case Keenum RB D'Andre Swift RB Kyren Williams TE Colston Loveland WR DeVonta Smith WR Davante Adams WR Luther Burden III,,D'Andre Swift,RB,51.36%,10.8
7,5273696775,Inunez,0,141.18001,DST Bears  FLEX Kyren Williams QB Case Keenum RB Saquon Barkley RB D'Andre Swift TE Colston Loveland WR DeVonta Smith WR Davante Adams WR Luther Burden III,,Saquon Barkley,RB,51.07%,9
7,5273978158,farnyfire,0,141.18001,DST Bears  FLEX D'Andre Swift QB Case Keenum RB Saquon Barkley RB Kyren Williams TE Colston Loveland WR DeVonta Smith WR Davante Adams WR Luther Burden III,,Terrance Ferguson,TE,49.17%,1.9
10,5273909227,Grimlockx_18,0,140.58002,DST Broncos  FLEX DeVonta Smith QB Case Keenum RB D'Andre Swift RB Kyren Williams TE Colston Loveland WR Jaylen Waddle WR Davante Adams WR Luther Burden III,,Dontayvion Wicks,WR,33.98%,5.2
11,5273962278,chuckface8,0,140.48001,DST Broncos  FLEX Luther Burden III QB Case Keenum RB Kyren Williams RB RJ Harvey TE Colston Loveland WR DeVonta Smith WR Jaylen Waddle WR Davante Adams,,Matthew Stafford,QB,22.18%,25.9
12,5273988469,argylljeff,0,138.94,DST Broncos  FLEX Saquon Barkley QB Bo Nix RB D'Andre Swift RB Kyren Williams TE Colston Loveland WR Jaylen Waddle WR Davante Adams WR Kalif Raymond,,Saquon Barkley,FLEX,19.81%,9
13,5273578524,csauls,0,138.3,DST Eagles  FLEX Kyren Williams QB Matthew Stafford RB Saquon Barkley RB D'Andre Swift TE Tyler Higbee WR DeVonta Smith WR Davante Adams WR Pat Bryant,,Evan Engram,TE,19.56%,0
14,5274121542,ProdJmo,0,137.1,DST Bears  FLEX Kyren Williams QB Matthew Stafford RB D'Andre Swift RB Blake Corum TE Colston Loveland WR DeVonta Smith WR Davante Adams WR Luther Burden III,,Rams ,DST,18.40%,3
15,5273722802,torogi99,0,136.74,DST Broncos  FLEX Saquon Barkley QB Bo Nix RB D'Andre Swift RB Kyren Williams TE Evan Engram WR DeVonta Smith WR Davante Adams WR Luther Burden III,,D'Andre Swift,FLEX,15.83%,10.8
16,5273898306,Ish99,0,135.7,DST Bears  FLEX D'Andre Swift QB Matthew Stafford RB Kyren Williams RB Tyler Badie TE Tyler Higbee WR DeVonta Smith WR Jaylen Waddle WR Davante Adams,,Broncos ,DST,14.66%,14
17,5273635257,Jazzman832,0,135.5,DST Bears  FLEX Saquon Barkley QB Matthew Stafford RB D'Andre Swift RB Kyren Williams TE Evan Engram WR DeVonta Smith WR Davante Adams WR Luther Burden III,,Bo Nix,QB,14.17%,25.14
17,5273671874,ZombiePirate33,0,135.5,DST Bears  FLEX Kyren Williams QB Matthew Stafford RB Saquon Barkley RB D'Andre Swift TE Evan Engram WR DeVonta Smith WR Davante Adams WR Luther Burden III,,Courtland Sutton,WR,12.82%,7.6
17,5274080855,xlvmvprodgers,0,135.5,DST Bears  FLEX Saquon Barkley QB Matthew Stafford RB D'Andre Swift RB Kyren Williams TE Colby Parkinson WR DeVonta Smith WR Davante Adams WR Luther Burden III,,Zach Ertz,TE,12.09%,1.9
20,5273672604,mrmilleruti,0,135,DST Broncos  FLEX DeVonta Smith QB Matthew Stafford RB Saquon Barkley RB Kyren Williams TE Zach Ertz WR Jaylen Waddle WR Davante Adams WR Luther Burden III,,Luther Burden III,WR,11.50%,19.8
21,5274030713,shawnblackandgold,0,134.80002,DST Bears  FLEX Luther Burden III QB Matthew Stafford RB D'Andre Swift RB Kyren Williams TE Terrance Ferguson WR DeVonta Smith WR Jaylen Waddle WR Davante Adams,,DeVonta Smith,FLEX,11.46%,12.5
21,5274037925,gograndy,0,134.80002,DST Bears  FLEX Jaylen Waddle QB Matthew Stafford RB D'Andre Swift RB Kyren Williams TE Zach Ertz WR DeVonta Smith WR Davante Adams WR Luther Burden III,,Colston Loveland,TE,10.58%,7.1
21,5274083439,gwarren2733,0,134.79999,DST Bears  FLEX DeVonta Smith QB Matthew Stafford RB D'Andre Swift RB Kyren Williams TE Terrance Ferguson WR Davante Adams WR Dontayvion Wicks WR Kalif Raymond,,Dontayvion Wicks,FLEX,9.17%,5.2
24,5269037307,garretcar,0,134.70001,DST Broncos  FLEX Luther Burden III QB Matthew Stafford RB Kyren Williams RB Blake Corum TE Colston Loveland WR DeVonta Smith WR Jaylen Waddle WR Davante Adams,,Kyren Williams,FLEX,8.74%,21.8
25,5273653648,johnwickwithastick,0,134.5,DST Rams  FLEX D'Andre Swift QB Matthew Stafford RB Saquon Barkley RB Kyren Williams TE Tyler Higbee WR DeVonta Smith WR Davante Adams WR Courtland Sutton,,Rome Odunze,WR,7.48%,7.4
26,5274139364,kirkt,0,133.70001,DST Broncos  FLEX Saquon Barkley QB Matthew Stafford RB Kyren Williams RB Kyle Monangai TE Tyler Higbee WR DeVonta Smith WR Luther Burden III WR Rome Odunze,,Blake Corum,RB,7.14%,3.5
27,5273823212,Jgraham6219,0,133.5,DST Eagles  FLEX RJ Harvey QB Matthew Stafford RB D'Andre Swift RB Kyren Williams TE Colston Loveland WR DeVonta Smith WR Davante Adams WR Kalif Raymond,,Jaylen Waddle,FLEX,6.99%,6.4
28,5274034309,unicorn2962,0,133.32,DST Rams  FLEX Luther Burden III QB Jalen Hurts RB D'Andre Swift RB Kyren Williams TE Colston Loveland WR DeVonta Smith WR Davante Adams WR Kalif Raymond,,Kyle Monangai,RB,6.46%,3.1
29,5273563797,calvinmikell,0,133.1,DST Broncos  FLEX Luther Burden III QB Matthew Stafford RB Saquon Barkley RB Kyren Williams TE Evan Engram WR DeVonta Smith WR Jaylen Waddle WR Davante Adams,,Bears ,DST,5.68%,12
30,5273599131,MrNorthCarolina,0,133.04001,DST Bears  FLEX J.K. Dobbins QB Bo Nix RB D'Andre Swift RB Kyren Williams TE Colston Loveland WR Jaylen Waddle WR Davante Adams WR Luther Burden III,,J.K. Dobbins,RB,5.63%,6.3
31,5273673843,cmday33,0,133.02,DST Broncos  FLEX Saquon Barkley QB Jalen Hurts RB D'Andre Swift RB Kyren Williams TE Tyler Higbee WR DeVonta Smith WR Davante Adams WR Rome Odunze,,RJ Harvey,RB,5.00%,10.7
32,5273577471,stingerz22,0,132.9,DST Bears  FLEX Saquon Barkley QB Matthew Stafford RB Kyren Williams RB J.K. Dobbins TE Terrance Ferguson WR DeVonta Smith WR Davante Adams WR Luther Burden III,,Davante Adams,FLEX,4.32%,23.7
33,5273645216,cusetown1978,0,132.14,DST Bears  FLEX Luther Burden III QB Bo Nix RB D'Andre Swift RB Kyren Williams TE Evan Engram WR DeVonta Smith WR Jaylen Waddle WR Davante Adams,,Luther Burden III,FLEX,3.98%,19.8
34,5273700334,oilers99sk,0,131.90001,DST Broncos  FLEX D'Andre Swift QB Matthew Stafford RB Saquon Barkley RB Kyren Williams TE Nate Adkins WR DeVonta Smith WR Jaylen Waddle WR Davante Adams,,Colby Parkinson,TE,3.93%,0
35,5273604703,Beckyschira,0,131.5,DST Eagles  FLEX Saquon Barkley QB Matthew Stafford RB D'Andre Swift RB Kyren Williams TE Tyler Higbee WR DeVonta Smith WR Davante Adams WR Courtland Sutton,,Kyle Monangai,FLEX,3.79%,3.1
36,5274072207,haitiankid79,0,131.30002,DST Bears  FLEX D'Andre Swift QB Matthew Stafford RB Saquon Barkley RB Kyren Williams TE Terrance Ferguson WR Jaylen Waddle WR Davante Adams WR Luther Burden III,,Kalif Raymond,WR,3.54%,21
37,5273937065,AMCPAYME,0,131.23999,DST Bears  FLEX J.K. Dobbins QB Bo Nix RB Saquon Barkley RB Kyren Williams TE Colston Loveland WR Jaylen Waddle WR Davante Adams WR Luther Burden III,,Blake Corum,FLEX,3.25%,3.5
38,5273731991,Tgq0011,0,130.79999,DST Broncos  FLEX Saquon Barkley QB Matthew Stafford RB Kyren Williams RB Kyle Monangai TE Colston Loveland WR Jaylen Waddle WR Davante Adams WR Luther Burden III,,Case Keenum,QB,3.16%,24.48
39,5270525632,CHIBULLS,0,130.6,DST Bears  FLEX Kyle Monangai QB Matthew Stafford RB D'Andre Swift RB Kyren Williams TE Colston Loveland WR Jaylen Waddle WR Davante Adams WR Luther Burden III,,Pat Bryant,WR,3.06%,14.4
40,5271041463,jbnels22,0,130,DST Broncos  FLEX Kyren Williams QB Matthew Stafford RB Saquon Barkley RB D'Andre Swift TE Colston Loveland WR DeVonta Smith WR Davante Adams WR Dontayvion Wicks,,J.K. Dobbins,FLEX,2.23%,6.3
41,5272054927,SgtBobbyLight,0,129.88,DST Rams  FLEX DeVonta Smith QB Case Keenum RB Saquon Barkley RB D'Andre Swift TE Tyler Higbee WR Jaylen Waddle WR Davante Adams WR Luther Burden III,,Colston Loveland,FLEX,1.99%,7.1
42,5272675573,rnapolitano,0,129.79999,DST Rams  FLEX DeVonta Smith QB Matthew Stafford RB D'Andre Swift RB Kyren Williams TE Colston Loveland WR Davante Adams WR Luther Burden III WR Dontayvion Wicks,,Johnny Mundt,TE,1.60%,1.4
43,5273611778,Gillos007,0,129.58002,DST Rams  FLEX DeVonta Smith QB Case Keenum RB D'Andre Swift RB Kyren Williams TE Colston Loveland WR Jaylen Waddle WR Davante Adams WR Luther Burden III,,Makai Lemon,WR,1.60%,5.9
43,5273771834,JoeKing111,0,129.58002,DST Rams  FLEX Luther Burden III QB Case Keenum RB D'Andre Swift RB Kyren Williams TE Colston Loveland WR DeVonta Smith WR Jaylen Waddle WR Davante Adams,,Rome Odunze,FLEX,1.50%,7.4
45,5271270219,dmissal,0,128.78,DST Rams  FLEX DeVonta Smith QB Case Keenum RB Saquon Barkley RB Kyren Williams TE Colston Loveland WR Davante Adams WR Luther Burden III WR Rome Odunze,,Courtland Sutton,FLEX,1.46%,7.6
45,5273591032,dcmosher,0,128.78,DST Bears  FLEX Kyren Williams QB Case Keenum RB Saquon Barkley RB D'Andre Swift TE Colston Loveland WR DeVonta Smith WR Davante Adams WR Rome Odunze,,RJ Harvey,FLEX,1.41%,10.7
45,5273628210,Chitownkilla9913,0,128.78,DST Rams  FLEX Davante Adams QB Case Keenum RB Saquon Barkley RB Kyren Williams TE Colston Loveland WR DeVonta Smith WR Luther Burden III WR Rome Odunze,,Cole Kmet,TE,1.36%,0
48,5269101865,jcald86,0,128.73999,DST Broncos  FLEX Jaylen Waddle QB Bo Nix RB D'Andre Swift RB Kyren Williams TE Terrance Ferguson WR Davante Adams WR Luther Burden III WR Dontayvion Wicks,,Tyson Bagent,QB,0.87%,0
49,5273371443,Dhawkins270,0,128.70001,DST Rams  FLEX D'Andre Swift QB Matthew Stafford RB Saquon Barkley RB Kyren Williams TE Colston Loveland WR Jaylen Waddle WR Davante Adams WR Kalif Raymond,,Tyler Higbee,TE,0.87%,20.2
50,5271182830,paintgirl,0,128.64,DST Bears  FLEX DeVonta Smith QB Bo Nix RB D'Andre Swift RB Kyren Williams TE Terrance Ferguson WR Jaylen Waddle WR Davante Adams WR Pat Bryant,,Jordan Whittington,WR,0.83%,0
51,5271884890,Jupiterbryan,0,128.40001,DST Rams  FLEX DeVonta Smith QB Matthew Stafford RB Saquon Barkley RB Kyren Williams TE Tyler Higbee WR Jaylen Waddle WR Davante Adams WR Makai Lemon,,Tank Bigsby,RB,0.83%,0.5
51,5271424187,daniel.riedl,0,128.4,DST Rams  FLEX Saquon Barkley QB Matthew Stafford RB D'Andre Swift RB Kyren Williams TE Terrance Ferguson WR DeVonta Smith WR Davante Adams WR Luther Burden III,,Kalif Raymond,FLEX,0.73%,21
51,5273806868,wes333,0,128.4,DST Rams  FLEX D'Andre Swift QB Matthew Stafford RB Saquon Barkley RB Kyren Williams TE Terrance Ferguson WR DeVonta Smith WR Davante Adams WR Luther Burden III,,Tank Bigsby,FLEX,0.58%,0.5
51,5273829619,Ronald90,0,128.4,DST Rams  FLEX Saquon Barkley QB Matthew Stafford RB D'Andre Swift RB Kyren Williams TE Terrance Ferguson WR DeVonta Smith WR Davante Adams WR Luther Burden III,,Terrance Ferguson,FLEX,0.58%,1.9
51,5273858769,SiegFur_1,0,128.4,DST Rams  FLEX Saquon Barkley QB Matthew Stafford RB D'Andre Swift RB Kyren Williams TE Terrance Ferguson WR DeVonta Smith WR Davante Adams WR Luther Burden III,,Evan Engram,FLEX,0.49%,0
51,5274064107,benjaminhaddad,0,128.4,DST Rams  FLEX Kyren Williams QB Matthew Stafford RB Saquon Barkley RB D'Andre Swift TE Terrance Ferguson WR DeVonta Smith WR Davante Adams WR Luther Burden III,,Zach Ertz,FLEX,0.39%,1.9
51,5274108600,brent_j35,0,128.4,DST Rams  FLEX D'Andre Swift QB Matthew Stafford RB Saquon Barkley RB Kyren Williams TE Terrance Ferguson WR DeVonta Smith WR Davante Adams WR Luther Burden III,,Tutu Atwell,WR,0.29%,0
51,5274137830,jkubel,0,128.4,DST Rams  FLEX D'Andre Swift QB Matthew Stafford RB Saquon Barkley RB Kyren Williams TE Terrance Ferguson WR DeVonta Smith WR Davante Adams WR Luther Burden III,,Troy Franklin,WR,0.29%,3.1
59,5274121879,eruffio,0,128.32,DST Broncos  FLEX Saquon Barkley QB Jalen Hurts RB D'Andre Swift RB Kyren Williams TE Terrance Ferguson WR DeVonta Smith WR Davante Adams WR Kalif Raymond,,Makai Lemon,FLEX,0.24%,5.9
60,5273214481,Jarrett1987,0,128,DST Broncos  FLEX Saquon Barkley QB Matthew Stafford RB D'Andre Swift RB Kyren Williams TE Davis Allen WR DeVonta Smith WR Jaylen Waddle WR Davante Adams,,Adam Trautman,TE,0.15%,0
61,5274124726,FantasySavant,0,127.74,DST Broncos  FLEX D'Andre Swift QB Bo Nix RB Saquon Barkley RB Kyren Williams TE Colston Loveland WR DeVonta Smith WR Jaylen Waddle WR Kalif Raymond,,Puka Nacua,WR,0.15%,0
62,5269034920,es18car,0,127.12,DST Broncos  FLEX Saquon Barkley QB Jalen Hurts RB D'Andre Swift RB Kyren Williams TE Terrance Ferguson WR DeVonta Smith WR Davante Adams WR Luther Burden III,,Konata Mumpfield,WR,0.15%,19.3
62,5271580400,gsvede,0,127.12,DST Broncos  FLEX Saquon Barkley QB Jalen Hurts RB D'Andre Swift RB Kyren Williams TE Terrance Ferguson WR DeVonta Smith WR Davante Adams WR Luther Burden III,,Troy Franklin,FLEX,0.15%,3.1
62,5273512050,DCL1972,0,127.12,DST Broncos  FLEX Kyren Williams QB Jalen Hurts RB Saquon Barkley RB D'Andre Swift TE Terrance Ferguson WR DeVonta Smith WR Davante Adams WR Luther Burden III,,E.J. Jenkins,TE,0.10%,0
62,5273541255,nickat916,0,127.12,DST Broncos  FLEX D'Andre Swift QB Jalen Hurts RB Saquon Barkley RB Kyren Williams TE Terrance Ferguson WR DeVonta Smith WR Davante Adams WR Luther Burden III,,Darius Cooper,WR,0.10%,0
62,5273799659,Crazenwhite,0,127.12,DST Broncos  FLEX Saquon Barkley QB Jalen Hurts RB D'Andre Swift RB Kyren Williams TE Terrance Ferguson WR DeVonta Smith WR Davante Adams WR Luther Burden III,,Nate Adkins,TE,0.10%,7.8
62,5273964809,johnpelose,0,127.12,DST Broncos  FLEX D'Andre Swift QB Jalen Hurts RB Saquon Barkley RB Kyren Williams TE Terrance Ferguson WR DeVonta Smith WR Davante Adams WR Luther Burden III,,Colby Parkinson,FLEX,0.10%,0
62,5274117205,matthayek,0,127.12,DST Broncos  FLEX D'Andre Swift QB Jalen Hurts RB Saquon Barkley RB Kyren Williams TE Terrance Ferguson WR DeVonta Smith WR Davante Adams WR Luther Burden III,,Tyler Badie,RB,0.10%,2.4
69,5273850674,DEMONFIST45,0,127.00001,DST Rams  FLEX Jaylen Waddle QB Matthew Stafford RB D'Andre Swift RB Kyren Williams TE Terrance Ferguson WR DeVonta Smith WR Davante Adams WR Kalif Raymond,,Davis Allen,TE,0.10%,3.9
69,5270314486,webe57,0,127,DST Eagles  FLEX J.K. Dobbins QB Matthew Stafford RB Saquon Barkley RB Kyren Williams TE Tyler Higbee WR DeVonta Smith WR Davante Adams WR Courtland Sutton,,Johnny Mundt,FLEX,0.10%,1.4
71,5269214080,sleepingtiger,0,126.98,DST Rams  FLEX D'Andre Swift QB Case Keenum RB Saquon Barkley RB Kyren Williams TE Terrance Ferguson WR DeVonta Smith WR Davante Adams WR Luther Burden III,,Jonah Coleman,RB,0.10%,0
71,5270807145,ztrow151,0,126.98,DST Rams  FLEX D'Andre Swift QB Case Keenum RB Saquon Barkley RB Kyren Williams TE Terrance Ferguson WR DeVonta Smith WR Davante Adams WR Luther Burden III,,Will Shipley,RB,0.10%,2.1
73,5274138221,tvegas40,0,126.700005,DST Bears  FLEX DeVonta Smith QB Matthew Stafford RB Saquon Barkley RB D'Andre Swift TE Colston Loveland WR Jaylen Waddle WR Davante Adams WR Konata Mumpfield,,Xavier Smith,WR,0.10%,0
74,5273337837,jrmatta,0,126.63999,DST Broncos  FLEX Dontayvion Wicks QB Bo Nix RB D'Andre Swift RB Kyren Williams TE Colston Loveland WR DeVonta Smith WR Jaylen Waddle WR Davante Adams,,Tyler Higbee,FLEX,0.05%,20.2
75,5274106603,Nick_morgan20,0,126.58,DST Broncos  FLEX Courtland Sutton QB Case Keenum RB Saquon Barkley RB Kyren Williams TE Colston Loveland WR DeVonta Smith WR Jaylen Waddle WR Davante Adams,,Pat Bryant,FLEX,0.05%,14.4
76,5273540407,tlow86,0,126.42,DST Broncos  FLEX Kyren Williams QB Jalen Hurts RB Saquon Barkley RB D'Andre Swift TE Evan Engram WR DeVonta Smith WR Davante Adams WR Kalif Raymond,,Jordan Whittington,FLEX,0.05%,0
77,5273683918,fishyfritz,0,126,DST Rams  FLEX Saquon Barkley QB Matthew Stafford RB D'Andre Swift RB Kyren Williams TE Tyler Higbee WR Jaylen Waddle WR Davante Adams WR Dontayvion Wicks,,Elijah Moore,WR,0.05%,0
78,5273634068,quinny58,0,125.88,DST Broncos  FLEX Kyren Williams QB Case Keenum RB Saquon Barkley RB D'Andre Swift TE Colston Loveland WR DeVonta Smith WR Jaylen Waddle WR Luther Burden III,,Tutu Atwell,FLEX,0.05%,0
79,5273527759,boys4,0,125.80001,DST Rams  FLEX Luther Burden III QB Matthew Stafford RB D'Andre Swift RB Kyren Williams TE Terrance Ferguson WR DeVonta Smith WR Jaylen Waddle WR Davante Adams,,Will Shipley,FLEX,0.05%,2.1
79,5273627680,corneliussss,0,125.80001,DST Rams  FLEX Jaylen Waddle QB Matthew Stafford RB D'Andre Swift RB Kyren Williams TE Zach Ertz WR DeVonta Smith WR Davante Adams WR Luther Burden III,,Tanner McKee,QB,0.05%,0
79,5273636598,calvin1355,0,125.80001,DST Rams  FLEX DeVonta Smith QB Matthew Stafford RB D'Andre Swift RB Kyren Williams TE Terrance Ferguson WR Jaylen Waddle WR Davante Adams WR Luther Burden III,,Carson Steele,RB,0.05%,0
79,5273674031,Mark730,0,125.80001,DST Rams  FLEX Luther Burden III QB Matthew Stafford RB D'Andre Swift RB Kyren Williams TE Terrance Ferguson WR DeVonta Smith WR Jaylen Waddle WR Davante Adams,,Jahdae Walker,WR,0.05%,0
79,5273966554,MacRocker,0,125.80001,DST Rams  FLEX Luther Burden III QB Matthew Stafford RB D'Andre Swift RB Kyren Williams TE Zach Ertz WR DeVonta Smith WR Jaylen Waddle WR Davante Adams,,,
79,5273986338,chelseafinest,0,125.80001,DST Rams  FLEX Luther Burden III QB Matthew Stafford RB D'Andre Swift RB Kyren Williams TE Zach Ertz WR DeVonta Smith WR Jaylen Waddle WR Davante Adams,,,
79,5274092289,kent6491,0,125.80001,DST Rams  FLEX Luther Burden III QB Matthew Stafford RB D'Andre Swift RB Kyren Williams TE Terrance Ferguson WR DeVonta Smith WR Jaylen Waddle WR Davante Adams,,,
79,5273657368,Gusscoal,0,125.799995,DST Rams  FLEX Davante Adams QB Matthew Stafford RB D'Andre Swift RB Kyren Williams TE Terrance Ferguson WR DeVonta Smith WR Dontayvion Wicks WR Kalif Raymond,,,
87,5270264770,capaap,0,125.700005,DST Bears  FLEX Kyren Williams QB Matthew Stafford RB D'Andre Swift RB RJ Harvey TE Terrance Ferguson WR DeVonta Smith WR Jaylen Waddle WR Davante Adams,,,
88,5269745872,rskoch,0,125.4,DST Bears  FLEX DeVonta Smith QB Matthew Stafford RB D'Andre Swift RB Kyren Williams TE Colston Loveland WR Jaylen Waddle WR Davante Adams WR Dontayvion Wicks,,,
88,5270156684,nrlane24,0,125.4,DST Eagles  FLEX D'Andre Swift QB Matthew Stafford RB Saquon Barkley RB Kyren Williams TE Terrance Ferguson WR DeVonta Smith WR Davante Adams WR Luther Burden III,,,
88,5270909027,youdontsay,0,125.4,DST Eagles  FLEX Saquon Barkley QB Matthew Stafford RB D'Andre Swift RB Kyren Williams TE Terrance Ferguson WR DeVonta Smith WR Davante Adams WR Luther Burden III,,,
88,5272861413,HCSHADOW,0,125.4,DST Eagles  FLEX D'Andre Swift QB Matthew Stafford RB Saquon Barkley RB Kyren Williams TE Terrance Ferguson WR DeVonta Smith WR Davante Adams WR Luther Burden III,,,
88,5273537658,Schaefercity,0,125.4,DST Eagles  FLEX D'Andre Swift QB Matthew Stafford RB Saquon Barkley RB Kyren Williams TE Terrance Ferguson WR DeVonta Smith WR Davante Adams WR Luther Burden III,,,
88,5273724251,bigamejamez,0,125.4,DST Eagles  FLEX D'Andre Swift QB Matthew Stafford RB Saquon Barkley RB Kyren Williams TE Terrance Ferguson WR DeVonta Smith WR Davante Adams WR Luther Burden III,,,
88,5273837982,markmoran,0,125.4,DST Eagles  FLEX Saquon Barkley QB Matthew Stafford RB D'Andre Swift RB Kyren Williams TE Terrance Ferguson WR DeVonta Smith WR Davante Adams WR Luther Burden III,,,
88,5274136745,gunnercharles,0,125.4,DST Eagles  FLEX Saquon Barkley QB Matthew Stafford RB D'Andre Swift RB Kyren Williams TE Terrance Ferguson WR DeVonta Smith WR Davante Adams WR Luther Burden III,,,
96,5273633738,mailman48,0,125.299995,DST Broncos  FLEX Kyren Williams QB Matthew Stafford RB Saquon Barkley RB D'Andre Swift TE Colby Parkinson WR DeVonta Smith WR Davante Adams WR Courtland Sutton,,,
97,5269054818,griffalicious24,0,125.24,DST Broncos  FLEX D'Andre Swift QB Bo Nix RB Saquon Barkley RB Kyren Williams TE Terrance Ferguson WR DeVonta Smith WR Jaylen Waddle WR Davante Adams,,,
97,5269111058,tonydlykins,0,125.24,DST Broncos  FLEX Kyren Williams QB Bo Nix RB Saquon Barkley RB D'Andre Swift TE Terrance Ferguson WR DeVonta Smith WR Jaylen Waddle WR Davante Adams,,,
97,5269358535,CashLineCriminal,0,125.24,DST Broncos  FLEX D'Andre Swift QB Bo Nix RB Saquon Barkley RB Kyren Williams TE Terrance Ferguson WR DeVonta Smith WR Jaylen Waddle WR Davante Adams,,,
97,5269773887,Jaybrazye,0,125.24,DST Broncos  FLEX D'Andre Swift QB Bo Nix RB Saquon Barkley RB Kyren Williams TE Terrance Ferguson WR DeVonta Smith WR Jaylen Waddle WR Davante Adams,,,
97,5270297939,slimgaede,0,125.24,DST Broncos  FLEX D'Andre Swift QB Bo Nix RB Saquon Barkley RB Kyren Williams TE Terrance Ferguson WR DeVonta Smith WR Jaylen Waddle WR Davante Adams,,,
97,5271281318,MidwayMonsters2023,0,125.24,DST Broncos  FLEX Saquon Barkley QB Bo Nix RB D'Andre Swift RB Kyren Williams TE Terrance Ferguson WR DeVonta Smith WR Jaylen Waddle WR Davante Adams,,,
97,5271568513,rajonrondough,0,125.24,DST Broncos  FLEX D'Andre Swift QB Bo Nix RB Saquon Barkley RB Kyren Williams TE Terrance Ferguson WR DeVonta Smith WR Jaylen Waddle WR Davante Adams,,,
97,5271591502,HakeemTheDream,0,125.24,DST Broncos  FLEX D'Andre Swift QB Bo Nix RB Saquon Barkley RB Kyren Williams TE Terrance Ferguson WR DeVonta Smith WR Jaylen Waddle WR Davante Adams,,,
97,5271632583,Rashaan1000,0,125.24,DST Broncos  FLEX D'Andre Swift QB Bo Nix RB Saquon Barkley RB Kyren Williams TE Terrance Ferguson WR DeVonta Smith WR Jaylen Waddle WR Davante Adams,,,
97,5271639676,pwsk77,0,125.24,DST Broncos  FLEX Kyren Williams QB Bo Nix RB Saquon Barkley RB D'Andre Swift TE Terrance Ferguson WR DeVonta Smith WR Jaylen Waddle WR Davante Adams,,,
97,5272982990,JDamien2442,0,125.24,DST Broncos  FLEX D'Andre Swift QB Bo Nix RB Saquon Barkley RB Kyren Williams TE Terrance Ferguson WR DeVonta Smith WR Jaylen Waddle WR Davante Adams,,,
97,5273578520,kmdilsaver,0,125.24,DST Broncos  FLEX D'Andre Swift QB Bo Nix RB Saquon Barkley RB Kyren Williams TE Terrance Ferguson WR DeVonta Smith WR Jaylen Waddle WR Davante Adams,,,
97,5273590843,Dirt-Track-Slinger42,0,125.24,DST Broncos  FLEX Saquon Barkley QB Bo Nix RB D'Andre Swift RB Kyren Williams TE Terrance Ferguson WR DeVonta Smith WR Jaylen Waddle WR Davante Adams,,,
97,5273610892,robbyb73,0,125.24,DST Broncos  FLEX D'Andre Swift QB Bo Nix RB Saquon Barkley RB Kyren Williams TE Terrance Ferguson WR DeVonta Smith WR Jaylen Waddle WR Davante Adams,,,
97,5273623894,TN38069,0,125.24,DST Broncos  FLEX D'Andre Swift QB Bo Nix RB Saquon Barkley RB Kyren Williams TE Terrance Ferguson WR DeVonta Smith WR Jaylen Waddle WR Davante Adams,,,
97,5273630718,Deano4367,0,125.24,DST Broncos  FLEX Saquon Barkley QB Bo Nix RB D'Andre Swift RB Kyren Williams TE Terrance Ferguson WR DeVonta Smith WR Jaylen Waddle WR Davante Adams,,,
97,5273631415,luckymanifestor,0,125.24,DST Broncos  FLEX Saquon Barkley QB Bo Nix RB D'Andre Swift RB Kyren Williams TE Terrance Ferguson WR DeVonta Smith WR Jaylen Waddle WR Davante Adams,,,
97,5273680483,edb11,0,125.24,DST Broncos  FLEX Saquon Barkley QB Bo Nix RB D'Andre Swift RB Kyren Williams TE Terrance Ferguson WR DeVonta Smith WR Jaylen Waddle WR Davante Adams,,,
97,5273701615,matte_Bl4k,0,125.24,DST Broncos  FLEX Saquon Barkley QB Bo Nix RB D'Andre Swift RB Kyren Williams TE Terrance Ferguson WR DeVonta Smith WR Jaylen Waddle WR Davante Adams,,,
97,5273710824,Rains,0,125.24,DST Broncos  FLEX Saquon Barkley QB Bo Nix RB D'Andre Swift RB Kyren Williams TE Terrance Ferguson WR DeVonta Smith WR Jaylen Waddle WR Davante Adams,,,
97,5273714374,tzshannon,0,125.24,DST Broncos  FLEX Kyren Williams QB Bo Nix RB Saquon Barkley RB D'Andre Swift TE Terrance Ferguson WR DeVonta Smith WR Jaylen Waddle WR Davante Adams,,,
97,5273726348,nickenyon6,0,125.24,DST Broncos  FLEX D'Andre Swift QB Bo Nix RB Saquon Barkley RB Kyren Williams TE Terrance Ferguson WR DeVonta Smith WR Jaylen Waddle WR Davante Adams,,,
97,5273743679,xXxPLOSIVE,0,125.24,DST Broncos  FLEX Kyren Williams QB Bo Nix RB Saquon Barkley RB D'Andre Swift TE Terrance Ferguson WR DeVonta Smith WR Jaylen Waddle WR Davante Adams,,,
97,5273809205,Rescueballer,0,125.24,DST Broncos  FLEX Kyren Williams QB Bo Nix RB Saquon Barkley RB D'Andre Swift TE Terrance Ferguson WR DeVonta Smith WR Jaylen Waddle WR Davante Adams,,,
97,5273821854,danbchillin,0,125.24,DST Broncos  FLEX Saquon Barkley QB Bo Nix RB D'Andre Swift RB Kyren Williams TE Terrance Ferguson WR DeVonta Smith WR Jaylen Waddle WR Davante Adams,,,
97,5273853824,fritzruby1,0,125.24,DST Broncos  FLEX Saquon Barkley QB Bo Nix RB D'Andre Swift RB Kyren Williams TE Terrance Ferguson WR DeVonta Smith WR Jaylen Waddle WR Davante Adams,,,
97,5273867867,tvielkin,0,125.24,DST Broncos  FLEX D'Andre Swift QB Bo Nix RB Saquon Barkley RB Kyren Williams TE Terrance Ferguson WR DeVonta Smith WR Jaylen Waddle WR Davante Adams,,,
97,5273925263,cdub72,0,125.24,DST Broncos  FLEX D'Andre Swift QB Bo Nix RB Saquon Barkley RB Kyren Williams TE Terrance Ferguson WR DeVonta Smith WR Jaylen Waddle WR Davante Adams,,,
97,5273934681,Mnike23,0,125.24,DST Broncos  FLEX Saquon Barkley QB Bo Nix RB D'Andre Swift RB Kyren Williams TE Terrance Ferguson WR DeVonta Smith WR Jaylen Waddle WR Davante Adams,,,
97,5273975299,imurhuckleberry,0,125.24,DST Broncos  FLEX D'Andre Swift QB Bo Nix RB Saquon Barkley RB Kyren Williams TE Terrance Ferguson WR DeVonta Smith WR Jaylen Waddle WR Davante Adams,,,
97,5273989468,raparrett,0,125.24,DST Broncos  FLEX D'Andre Swift QB Bo Nix RB Saquon Barkley RB Kyren Williams TE Terrance Ferguson WR DeVonta Smith WR Jaylen Waddle WR Davante Adams,,,
97,5273993347,Johnj580,0,125.24,DST Broncos  FLEX D'Andre Swift QB Bo Nix RB Saquon Barkley RB Kyren Williams TE Terrance Ferguson WR DeVonta Smith WR Jaylen Waddle WR Davante Adams,,,
97,5274008176,bigdog002,0,125.24,DST Broncos  FLEX Kyren Williams QB Bo Nix RB Saquon Barkley RB D'Andre Swift TE Terrance Ferguson WR DeVonta Smith WR Jaylen Waddle WR Davante Adams,,,
97,5274063155,Dirty_Savage13,0,125.24,DST Broncos  FLEX D'Andre Swift QB Bo Nix RB Saquon Barkley RB Kyren Williams TE Terrance Ferguson WR DeVonta Smith WR Jaylen Waddle WR Davante Adams,,,
97,5274107723,1TM32,0,125.24,DST Broncos  FLEX D'Andre Swift QB Bo Nix RB Saquon Barkley RB Kyren Williams TE Terrance Ferguson WR DeVonta Smith WR Jaylen Waddle WR Davante Adams,,,
97,5274137220,Toecutter,0,125.24,DST Broncos  FLEX Kyren Williams QB Bo Nix RB Saquon Barkley RB D'Andre Swift TE Terrance Ferguson WR DeVonta Smith WR Jaylen Waddle WR Davante Adams,,,
133,5272300495,mikenyhc,0,125.22,DST Eagles  FLEX Saquon Barkley QB Jalen Hurts RB Kyren Williams RB RJ Harvey TE Tyler Higbee WR Jaylen Waddle WR Davante Adams WR Luther Burden III,,,
134,5273961601,jdub336,0,125.2,DST Rams  FLEX DeVonta Smith QB Matthew Stafford RB Saquon Barkley RB Kyren Williams TE Zach Ertz WR Davante Adams WR Luther Burden III WR Courtland Sutton,,,
134,5274082548,BeehlerD,0,125.2,DST Bears  FLEX Kyren Williams QB Matthew Stafford RB Saquon Barkley RB D'Andre Swift TE Zach Ertz WR DeVonta Smith WR Davante Adams WR Courtland Sutton,,,
136,5274128638,brockjb11,0,125.04,DST Rams  FLEX Luther Burden III QB Bo Nix RB D'Andre Swift RB Kyren Williams TE Terrance Ferguson WR DeVonta Smith WR Jaylen Waddle WR Davante Adams,,,
137,5273872890,tough24,0,124.94001,DST Broncos  FLEX Luther Burden III QB Bo Nix RB D'Andre Swift RB RJ Harvey TE Zach Ertz WR DeVonta Smith WR Jaylen Waddle WR Davante Adams,,,
138,5273827899,FlowerPiggies,0,124.9,DST Rams  FLEX Luther Burden III QB Matthew Stafford RB D'Andre Swift RB Kyren Williams TE Cole Kmet WR DeVonta Smith WR Davante Adams WR Rome Odunze,,,
139,5269474274,Waynewojewoda,0,124.840004,DST Broncos  FLEX Dontayvion Wicks QB Bo Nix RB Saquon Barkley RB Kyren Williams TE Colston Loveland WR DeVonta Smith WR Jaylen Waddle WR Davante Adams,,,
140,5272681345,Mr.Chainsaw,0,124.74,DST Broncos  FLEX D'Andre Swift QB Bo Nix RB Saquon Barkley RB Kyren Williams TE Johnny Mundt WR DeVonta Smith WR Jaylen Waddle WR Davante Adams,,,
140,5273994107,tylerkleeberger,0,124.74,DST Broncos  FLEX D'Andre Swift QB Bo Nix RB Saquon Barkley RB Kyren Williams TE Johnny Mundt WR DeVonta Smith WR Jaylen Waddle WR Davante Adams,,,
142,5273739034,timmullins27,0,124.64001,DST Eagles  FLEX Saquon Barkley QB Bo Nix RB D'Andre Swift RB Kyren Williams TE Terrance Ferguson WR DeVonta Smith WR Davante Adams WR Luther Burden III,,,
143,5274080063,eelaa,0,124.54,DST Broncos  FLEX Kyren Williams QB Bo Nix RB Saquon Barkley RB D'Andre Swift TE Colby Parkinson WR DeVonta Smith WR Davante Adams WR Courtland Sutton,,,
144,5269917851,ladycmn4cash,0,124.52001,DST Broncos  FLEX Luther Burden III QB Jalen Hurts RB D'Andre Swift RB Kyren Williams TE Terrance Ferguson WR DeVonta Smith WR Jaylen Waddle WR Davante Adams,,,
144,5271785614,Tvideo87,0,124.52001,DST Broncos  FLEX Luther Burden III QB Jalen Hurts RB D'Andre Swift RB Kyren Williams TE Terrance Ferguson WR DeVonta Smith WR Jaylen Waddle WR Davante Adams,,,
144,5273380463,Winnerman123,0,124.52001,DST Broncos  FLEX Luther Burden III QB Jalen Hurts RB D'Andre Swift RB Kyren Williams TE Terrance Ferguson WR DeVonta Smith WR Jaylen Waddle WR Davante Adams,,,
144,5273489911,KentuckyJeff13,0,124.52001,DST Broncos  FLEX Jaylen Waddle QB Jalen Hurts RB D'Andre Swift RB Kyren Williams TE Terrance Ferguson WR DeVonta Smith WR Davante Adams WR Luther Burden III,,,
144,5273729972,joyboy98,0,124.52001,DST Broncos  FLEX Luther Burden III QB Jalen Hurts RB D'Andre Swift RB Kyren Williams TE Terrance Ferguson WR DeVonta Smith WR Jaylen Waddle WR Davante Adams,,,
144,5273745202,Mt2beasty,0,124.52001,DST Broncos  FLEX Luther Burden III QB Jalen Hurts RB D'Andre Swift RB Kyren Williams TE Terrance Ferguson WR DeVonta Smith WR Jaylen Waddle WR Davante Adams,,,
150,5268880151,0079,0,124.100006,DST Broncos  FLEX Saquon Barkley QB Matthew Stafford RB D'Andre Swift RB Kyren Williams TE Adam Trautman WR DeVonta Smith WR Jaylen Waddle WR Davante Adams,,,
150,5270859688,jess800rice.80,0,124.100006,DST Broncos  FLEX Saquon Barkley QB Matthew Stafford RB D'Andre Swift RB Kyren Williams TE E.J. Jenkins WR DeVonta Smith WR Jaylen Waddle WR Davante Adams,,,
152,5269542161,buffalokel,0,124.02001,DST Broncos  FLEX Luther Burden III QB Jalen Hurts RB D'Andre Swift RB Kyren Williams TE Johnny Mundt WR DeVonta Smith WR Jaylen Waddle WR Davante Adams,,,
153,5270939601,spine_doc,0,124.00001,DST Broncos  FLEX Jaylen Waddle QB Matthew Stafford RB Saquon Barkley RB D'Andre Swift TE Terrance Ferguson WR DeVonta Smith WR Davante Adams WR Luther Burden III,,,
153,5273516958,teamrancid,0,124.00001,DST Broncos  FLEX Jaylen Waddle QB Matthew Stafford RB Saquon Barkley RB D'Andre Swift TE Terrance Ferguson WR DeVonta Smith WR Davante Adams WR Luther Burden III,,,
155,5270500766,Atgrider21,0,123.92,DST Broncos  FLEX Davante Adams QB Jalen Hurts RB Saquon Barkley RB Kyren Williams TE Terrance Ferguson WR DeVonta Smith WR Luther Burden III WR Courtland Sutton,,,
156,5268880556,vinnie_59,0,123.90001,DST Rams  FLEX Luther Burden III QB Matthew Stafford RB D'Andre Swift RB Kyren Williams TE Evan Engram WR DeVonta Smith WR Jaylen Waddle WR Davante Adams,,,
156,5268954163,gfilez3,0,123.90001,DST Rams  FLEX DeVonta Smith QB Matthew Stafford RB D'Andre Swift RB Kyren Williams TE Evan Engram WR Jaylen Waddle WR Davante Adams WR Luther Burden III,,,
156,5272428374,mpvroadrunner,0,123.90001,DST Rams  FLEX Luther Burden III QB Matthew Stafford RB D'Andre Swift RB Kyren Williams TE Evan Engram WR DeVonta Smith WR Jaylen Waddle WR Davante Adams,,,
156,5273625698,coreypetalik,0,123.90001,DST Rams  FLEX Luther Burden III QB Matthew Stafford RB D'Andre Swift RB Kyren Williams TE Evan Engram WR DeVonta Smith WR Jaylen Waddle WR Davante Adams,,,
156,5273707247,the_fat_bald_guy,0,123.90001,DST Rams  FLEX Luther Burden III QB Matthew Stafford RB D'Andre Swift RB Kyren Williams TE Evan Engram WR DeVonta Smith WR Jaylen Waddle WR Davante Adams,,,
156,5273909774,CrypticalDevelopment,0,123.90001,DST Rams  FLEX Luther Burden III QB Matthew Stafford RB D'Andre Swift RB Kyren Williams TE Evan Engram WR DeVonta Smith WR Jaylen Waddle WR Davante Adams,,,
156,5274106932,thequeen87,0,123.90001,DST Rams  FLEX Jaylen Waddle QB Matthew Stafford RB D'Andre Swift RB Kyren Williams TE Evan Engram WR DeVonta Smith WR Davante Adams WR Luther Burden III,,,
156,5273818321,richwetherell,0,123.9,DST Broncos  FLEX Saquon Barkley QB Matthew Stafford RB D'Andre Swift RB Kyren Williams TE Colston Loveland WR Jaylen Waddle WR Davante Adams WR Dontayvion Wicks,,,
164,5273788572,Road05Runner,0,123.84,DST Broncos  FLEX Jaylen Waddle QB Bo Nix RB D'Andre Swift RB Kyren Williams TE Zach Ertz WR DeVonta Smith WR Davante Adams WR Courtland Sutton,,,
165,5274013021,DIENOMIGHTDave,0,123.799995,DST Bears  FLEX D'Andre Swift QB Matthew Stafford RB Saquon Barkley RB Kyren Williams TE Colston Loveland WR Davante Adams WR Courtland Sutton WR Makai Lemon,,,
166,5273351665,ocsteelersoc,0,123.70001,DST Rams  FLEX Saquon Barkley QB Matthew Stafford RB Kyren Williams RB J.K. Dobbins TE Tyler Higbee WR Jaylen Waddle WR Davante Adams WR Rome Odunze,,,
167,5269104514,nobob46,0,123.34,DST Broncos  FLEX Rome Odunze QB Bo Nix RB Saquon Barkley RB D'Andre Swift TE Colston Loveland WR Jaylen Waddle WR Davante Adams WR Luther Burden III,,,
168,5273640567,raiderras,0,123.299995,DST Bears  FLEX Kyren Williams QB Matthew Stafford RB Saquon Barkley RB D'Andre Swift TE Cole Kmet WR DeVonta Smith WR Davante Adams WR Courtland Sutton,,,
169,5273889164,mrxkronz,0,123.28001,DST Bears  FLEX Saquon Barkley QB Case Keenum RB Kyren Williams RB J.K. Dobbins TE Colston Loveland WR DeVonta Smith WR Jaylen Waddle WR Davante Adams,,,
170,5274125350,JustHeem23,0,123.240005,DST Broncos  FLEX Saquon Barkley QB Bo Nix RB Kyren Williams RB RJ Harvey TE Evan Engram WR DeVonta Smith WR Jaylen Waddle WR Davante Adams,,,
170,5268852748,sportsfanatic89,0,123.24,DST Bears  FLEX D'Andre Swift QB Bo Nix RB Saquon Barkley RB Kyren Williams TE Terrance Ferguson WR DeVonta Smith WR Jaylen Waddle WR Davante Adams,,,
170,5269180970,rmprescott,0,123.24,DST Bears  FLEX D'Andre Swift QB Bo Nix RB Saquon Barkley RB Kyren Williams TE Terrance Ferguson WR DeVonta Smith WR Jaylen Waddle WR Davante Adams,,,
170,5270371539,Sharona1118,0,123.24,DST Bears  FLEX Saquon Barkley QB Bo Nix RB D'Andre Swift RB Kyren Williams TE Terrance Ferguson WR DeVonta Smith WR Jaylen Waddle WR Davante Adams,,,
170,5271574126,jj4jones,0,123.24,DST Bears  FLEX D'Andre Swift QB Bo Nix RB Saquon Barkley RB Kyren Williams TE Terrance Ferguson WR DeVonta Smith WR Jaylen Waddle WR Davante Adams,,,
170,5273264146,imheretogetmybag,0,123.24,DST Bears  FLEX Saquon Barkley QB Bo Nix RB D'Andre Swift RB Kyren Williams TE Terrance Ferguson WR DeVonta Smith WR Jaylen Waddle WR Davante Adams,,,
170,5273546719,SpaceCowboy,0,123.24,DST Bears  FLEX Saquon Barkley QB Bo Nix RB D'Andre Swift RB Kyren Williams TE Terrance Ferguson WR DeVonta Smith WR Jaylen Waddle WR Davante Adams,,,
170,5273576927,AtlienJDC,0,123.24,DST Bears  FLEX Kyren Williams QB Bo Nix RB Saquon Barkley RB D'Andre Swift TE Terrance Ferguson WR DeVonta Smith WR Jaylen Waddle WR Davante Adams,,,
170,5273613115,Rwilliams319,0,123.24,DST Bears  FLEX D'Andre Swift QB Bo Nix RB Saquon Barkley RB Kyren Williams TE Terrance Ferguson WR DeVonta Smith WR Jaylen Waddle WR Davante Adams,,,
170,5273673457,dblk88,0,123.24,DST Bears  FLEX Saquon Barkley QB Bo Nix RB D'Andre Swift RB Kyren Williams TE Terrance Ferguson WR DeVonta Smith WR Jaylen Waddle WR Davante Adams,,,
170,5273780194,Patsfan688,0,123.24,DST Bears  FLEX Kyren Williams QB Bo Nix RB Saquon Barkley RB D'Andre Swift TE Terrance Ferguson WR DeVonta Smith WR Jaylen Waddle WR Davante Adams,,,
170,5274033104,samirnj,0,123.24,DST Bears  FLEX D'Andre Swift QB Bo Nix RB Saquon Barkley RB Kyren Williams TE Terrance Ferguson WR DeVonta Smith WR Jaylen Waddle WR Davante Adams,,,
182,5273947938,Tbrett54,0,123.14001,DST Bears  FLEX Kyren Williams QB Bo Nix RB Saquon Barkley RB RJ Harvey TE Terrance Ferguson WR DeVonta Smith WR Jaylen Waddle WR Davante Adams,,,
183,5273326004,cantafford,0,123.09999,DST Rams  FLEX Kyren Williams QB Matthew Stafford RB D'Andre Swift RB RJ Harvey TE Colston Loveland WR DeVonta Smith WR Davante Adams WR Courtland Sutton,,,
184,5271939681,stayeduptolate,0,123.04,DST Broncos  FLEX DeVonta Smith QB Bo Nix RB Saquon Barkley RB D'Andre Swift TE Colston Loveland WR Jaylen Waddle WR Davante Adams WR Pat Bryant,,,
184,5273595150,mkj266,0,123.03999,DST Bears  FLEX D'Andre Swift QB Bo Nix RB Kyren Williams RB RJ Harvey TE Evan Engram WR DeVonta Smith WR Jaylen Waddle WR Davante Adams,,,
186,5273987208,lennon727,0,122.94,DST Broncos  FLEX DeVonta Smith QB Bo Nix RB D'Andre Swift RB Kyren Williams TE Evan Engram WR Davante Adams WR Rome Odunze WR Courtland Sutton,,,
187,5270609775,Rotty010,0,122.80001,DST Eagles  FLEX Luther Burden III QB Matthew Stafford RB D'Andre Swift RB Kyren Williams TE Terrance Ferguson WR DeVonta Smith WR Jaylen Waddle WR Davante Adams,,,
187,5270626244,lic217,0,122.80001,DST Eagles  FLEX Luther Burden III QB Matthew Stafford RB D'Andre Swift RB Kyren Williams TE Terrance Ferguson WR DeVonta Smith WR Jaylen Waddle WR Davante Adams,,,
187,5273128676,Irvine19,0,122.80001,DST Eagles  FLEX Luther Burden III QB Matthew Stafford RB D'Andre Swift RB Kyren Williams TE Terrance Ferguson WR DeVonta Smith WR Jaylen Waddle WR Davante Adams,,,
187,5273245940,kindacool12,0,122.80001,DST Eagles  FLEX Davante Adams QB Matthew Stafford RB D'Andre Swift RB Kyren Williams TE Terrance Ferguson WR DeVonta Smith WR Jaylen Waddle WR Luther Burden III,,,
187,5273640752,weedheadwinners,0,122.80001,DST Eagles  FLEX Luther Burden III QB Matthew Stafford RB D'Andre Swift RB Kyren Williams TE Terrance Ferguson WR DeVonta Smith WR Jaylen Waddle WR Davante Adams,,,
187,5273660184,QUIGLEY17,0,122.80001,DST Eagles  FLEX Luther Burden III QB Matthew Stafford RB D'Andre Swift RB Kyren Williams TE Terrance Ferguson WR DeVonta Smith WR Jaylen Waddle WR Davante Adams,,,
187,5273695966,raiderhater1968,0,122.80001,DST Eagles  FLEX Luther Burden III QB Matthew Stafford RB D'Andre Swift RB Kyren Williams TE Terrance Ferguson WR DeVonta Smith WR Jaylen Waddle WR Davante Adams,,,
187,5273729976,dingodan39,0,122.80001,DST Eagles  FLEX Luther Burden III QB Matthew Stafford RB D'Andre Swift RB Kyren Williams TE Terrance Ferguson WR DeVonta Smith WR Jaylen Waddle WR Davante Adams,,,
187,5273737372,TexansFan80,0,122.80001,DST Eagles  FLEX Luther Burden III QB Matthew Stafford RB D'Andre Swift RB Kyren Williams TE Terrance Ferguson WR DeVonta Smith WR Jaylen Waddle WR Davante Adams,,,
187,5273782248,jeffberlin40,0,122.80001,DST Eagles  FLEX Davante Adams QB Matthew Stafford RB D'Andre Swift RB Kyren Williams TE Terrance Ferguson WR DeVonta Smith WR Jaylen Waddle WR Luther Burden III,,,
187,5273799367,badassbb,0,122.80001,DST Eagles  FLEX Luther Burden III QB Matthew Stafford RB D'Andre Swift RB Kyren Williams TE Terrance Ferguson WR DeVonta Smith WR Jaylen Waddle WR Davante Adams,,,
187,5273650527,Doubleday,0,122.8,DST Broncos  FLEX DeVonta Smith QB Matthew Stafford RB Saquon Barkley RB Kyren Williams TE Zach Ertz WR Jaylen Waddle WR Davante Adams WR Courtland Sutton,,,
199,5271474916,broncosnation,0,122.740005,DST Eagles  FLEX Kyren Williams QB Bo Nix RB Saquon Barkley RB D'Andre Swift TE Evan Engram WR DeVonta Smith WR Davante Adams WR Luther Burden III,,,
200,5274079979,Prolifix713,0,122.62,DST Broncos  FLEX J.K. Dobbins QB Jalen Hurts RB Saquon Barkley RB Kyren Williams TE Terrance Ferguson WR DeVonta Smith WR Davante Adams WR Luther Burden III,,,
201,5273654629,Macace,0,122.52001,DST Bears  FLEX Davante Adams QB Jalen Hurts RB D'Andre Swift RB Kyren Williams TE Terrance Ferguson WR DeVonta Smith WR Jaylen Waddle WR Luther Burden III,,,
201,5273675668,PANTHERSFAN59,0,122.52001,DST Bears  FLEX Luther Burden III QB Jalen Hurts RB D'Andre Swift RB Kyren Williams TE Terrance Ferguson WR DeVonta Smith WR Jaylen Waddle WR Davante Adams,,,
203,5269299130,GOBLUEGSI45,0,122.479996,DST Bears  FLEX Kyren Williams QB Case Keenum RB D'Andre Swift RB Blake Corum TE Cole Kmet WR Jaylen Waddle WR Davante Adams WR Luther Burden III,,,
204,5271107136,ajb01170,0,122.44,DST Broncos  FLEX Davante Adams QB Bo Nix RB D'Andre Swift RB J.K. Dobbins TE Terrance Ferguson WR Jaylen Waddle WR Luther Burden III WR Pat Bryant,,,
205,5272919663,Eltons.John,0,122.420006,DST Broncos  FLEX Jaylen Waddle QB Jalen Hurts RB D'Andre Swift RB Kyren Williams TE Colston Loveland WR Davante Adams WR Luther Burden III WR Dontayvion Wicks,,,
206,5273640515,ster06,0,122.30001,DST Rams  FLEX Kyren Williams QB Matthew Stafford RB Saquon Barkley RB D'Andre Swift TE Zach Ertz WR Jaylen Waddle WR Davante Adams WR Luther Burden III,,,
206,5274094254,Mason5457,0,122.30001,DST Rams  FLEX Kyren Williams QB Matthew Stafford RB Saquon Barkley RB D'Andre Swift TE Zach Ertz WR Jaylen Waddle WR Davante Adams WR Luther Burden III,,,
208,5272349304,iugbsteve,0,122.14,DST Broncos  FLEX Courtland Sutton QB Bo Nix RB Saquon Barkley RB Kyren Williams TE Colston Loveland WR Jaylen Waddle WR Davante Adams WR Rome Odunze,,,
208,5274107268,BC16,0,122.14,DST Broncos  FLEX Courtland Sutton QB Bo Nix RB Saquon Barkley RB Kyren Williams TE Colston Loveland WR Jaylen Waddle WR Davante Adams WR Rome Odunze,,,
210,5274113710,jimbo2975,0,122.100006,DST Eagles  FLEX DeVonta Smith QB Matthew Stafford RB D'Andre Swift RB Kyren Williams TE Evan Engram WR Jaylen Waddle WR Davante Adams WR Kalif Raymond,,,
211,5273931121,toby2977,0,122.079994,DST Broncos  FLEX Kyren Williams QB Case Keenum RB Saquon Barkley RB Kyle Monangai TE Colston Loveland WR DeVonta Smith WR Jaylen Waddle WR Davante Adams,,,
212,5269772736,Judge72,0,122.04001,DST Broncos  FLEX Courtland Sutton QB Bo Nix RB Saquon Barkley RB Kyren Williams TE Terrance Ferguson WR DeVonta Smith WR Jaylen Waddle WR Davante Adams,,,
212,5270965998,areid21,0,122.04,DST Eagles  FLEX Luther Burden III QB Bo Nix RB D'Andre Swift RB Kyren Williams TE Terrance Ferguson WR DeVonta Smith WR Jaylen Waddle WR Davante Adams,,,
212,5273883356,C2JOYNER,0,122.04,DST Eagles  FLEX Luther Burden III QB Bo Nix RB D'Andre Swift RB Kyren Williams TE Zach Ertz WR DeVonta Smith WR Jaylen Waddle WR Davante Adams,,,
215,5272132787,merrills1,0,122.02001,DST Bears  FLEX Luther Burden III QB Jalen Hurts RB D'Andre Swift RB Kyren Williams TE Johnny Mundt WR DeVonta Smith WR Jaylen Waddle WR Davante Adams,,,
216,5273485231,NJT714,0,122.00001,DST Bears  FLEX Luther Burden III QB Matthew Stafford RB Saquon Barkley RB D'Andre Swift TE Terrance Ferguson WR DeVonta Smith WR Jaylen Waddle WR Davante Adams,,,
216,5273755688,ranisav,0,122.00001,DST Bears  FLEX Luther Burden III QB Matthew Stafford RB Saquon Barkley RB D'Andre Swift TE Terrance Ferguson WR DeVonta Smith WR Jaylen Waddle WR Davante Adams,,,
218,5274119875,joshjoe1,0,121.94001,DST Eagles  FLEX Kyren Williams QB Bo Nix RB D'Andre Swift RB J.K. Dobbins TE Zach Ertz WR DeVonta Smith WR Davante Adams WR Luther Burden III,,,
219,5271555524,mustangs2015,0,121.84,DST Bears  FLEX DeVonta Smith QB Bo Nix RB D'Andre Swift RB Kyren Williams TE Terrance Ferguson WR Jaylen Waddle WR Davante Adams WR Courtland Sutton,,,
219,5274139330,benny22,0,121.84,DST Eagles  FLEX Davante Adams QB Bo Nix RB D'Andre Swift RB Kyren Williams TE Colston Loveland WR DeVonta Smith WR Jaylen Waddle WR Pat Bryant,,,
221,5273613901,wareaglerose15,0,121.74,DST Broncos  FLEX Davante Adams QB Bo Nix RB D'Andre Swift RB Kyren Williams TE Evan Engram WR DeVonta Smith WR Jaylen Waddle WR Rome Odunze,,,
222,5274051950,kimberlylair,0,121.58,DST Bears  FLEX Davante Adams QB Case Keenum RB Saquon Barkley RB D'Andre Swift TE Zach Ertz WR DeVonta Smith WR Luther Burden III WR Rome Odunze,,,
223,5274070057,WTWB21,0,121.50001,DST Broncos  FLEX Saquon Barkley QB Matthew Stafford RB Kyren Williams RB J.K. Dobbins TE Zach Ertz WR DeVonta Smith WR Jaylen Waddle WR Davante Adams,,,
224,5272738632,Tonysaddiction,0,121.42,DST Broncos  FLEX Davante Adams QB Jalen Hurts RB D'Andre Swift RB Kyren Williams TE Evan Engram WR DeVonta Smith WR Luther Burden III WR Dontayvion Wicks,,,
225,5273854905,yamahat2,0,121.40001,DST Broncos  FLEX J.K. Dobbins QB Matthew Stafford RB D'Andre Swift RB Kyren Williams TE Evan Engram WR DeVonta Smith WR Jaylen Waddle WR Davante Adams,,,
226,5273825638,deaththreat1983,0,121.34,DST Broncos  FLEX Luther Burden III QB Bo Nix RB Saquon Barkley RB D'Andre Swift TE Evan Engram WR DeVonta Smith WR Jaylen Waddle WR Davante Adams,,,
227,5274041844,Dallas1022,0,121.30001,DST Bears  FLEX J.K. Dobbins QB Matthew Stafford RB D'Andre Swift RB Kyren Williams TE Zach Ertz WR DeVonta Smith WR Jaylen Waddle WR Davante Adams,,,
228,5271942629,Garrettot13,0,121.24,DST Bears  FLEX DeVonta Smith QB Bo Nix RB Saquon Barkley RB D'Andre Swift TE Terrance Ferguson WR Jaylen Waddle WR Davante Adams WR Luther Burden III,,,
228,5274119012,CroatianSensation,0,121.24,DST Broncos  FLEX Saquon Barkley QB Bo Nix RB Kyren Williams RB RJ Harvey TE Terrance Ferguson WR DeVonta Smith WR Jaylen Waddle WR Luther Burden III,,,
230,5271572949,miaxson,0,121.14,DST Broncos  FLEX Saquon Barkley QB Bo Nix RB D'Andre Swift RB Kyren Williams TE Nate Adkins WR Jaylen Waddle WR Dontayvion Wicks WR Kalif Raymond,,,
230,5273740999,Cebabe,0,121.13999,DST Bears  FLEX Saquon Barkley QB Bo Nix RB D'Andre Swift RB Kyren Williams TE Colston Loveland WR Jaylen Waddle WR Davante Adams WR Dontayvion Wicks,,,
232,5274128561,haagendazs,0,120.840004,DST Rams  FLEX Kyren Williams QB Bo Nix RB D'Andre Swift RB Kyle Monangai TE Colston Loveland WR Jaylen Waddle WR Davante Adams WR Luther Burden III,,,
233,5273412430,mng77777,0,120.54,DST Bears  FLEX D'Andre Swift QB Bo Nix RB Kyren Williams RB J.K. Dobbins TE Terrance Ferguson WR DeVonta Smith WR Jaylen Waddle WR Davante Adams,,,
234,5270864499,rollom0,0,120.5,DST Rams  FLEX Saquon Barkley QB Matthew Stafford RB Kyren Williams RB Kyle Monangai TE Colston Loveland WR DeVonta Smith WR Davante Adams WR Pat Bryant,,,
235,5274130566,ststrat21,0,120.48,DST Broncos  FLEX DeVonta Smith QB Case Keenum RB Saquon Barkley RB Blake Corum TE Colston Loveland WR Jaylen Waddle WR Davante Adams WR Luther Burden III,,,
236,5273812922,coleslaw1976,0,120.200005,DST Bears  FLEX DeVonta Smith QB Matthew Stafford RB D'Andre Swift RB Kyren Williams TE Terrance Ferguson WR Jaylen Waddle WR Davante Adams WR Dontayvion Wicks,,,
237,5269162278,SCOTTO055,0,120.14,DST Eagles  FLEX Davante Adams QB Bo Nix RB D'Andre Swift RB Kyren Williams TE Evan Engram WR DeVonta Smith WR Jaylen Waddle WR Luther Burden III,,,
237,5273162380,ak907hockey,0,120.14,DST Eagles  FLEX Luther Burden III QB Bo Nix RB D'Andre Swift RB Kyren Williams TE Evan Engram WR DeVonta Smith WR Jaylen Waddle WR Davante Adams,,,
237,5273722529,estenenbaum,0,120.14,DST Eagles  FLEX Luther Burden III QB Bo Nix RB D'Andre Swift RB Kyren Williams TE Colby Parkinson WR DeVonta Smith WR Jaylen Waddle WR Davante Adams,,,
237,5273857304,Pdiddy31,0,120.14,DST Eagles  FLEX Luther Burden III QB Bo Nix RB D'Andre Swift RB Kyren Williams TE Evan Engram WR DeVonta Smith WR Jaylen Waddle WR Davante Adams,,,
241,5274042562,jcare6410,0,120.1,DST Bears  FLEX D'Andre Swift QB Matthew Stafford RB Kyren Williams RB J.K. Dobbins TE Zach Ertz WR DeVonta Smith WR Davante Adams WR Dontayvion Wicks,,,
241,5274040733,paulshaw26,0,120.09999,DST Bears  FLEX Jaylen Waddle QB Matthew Stafford RB Kyren Williams RB Kyle Monangai TE Colston Loveland WR DeVonta Smith WR Davante Adams WR Courtland Sutton,,,
243,5270921086,Brewcrew116,0,120.04001,DST Bears  FLEX DeVonta Smith QB Bo Nix RB Saquon Barkley RB Kyren Williams TE Terrance Ferguson WR Jaylen Waddle WR Davante Adams WR Courtland Sutton,,,
244,5271749086,KimberlySexy,0,119.78,DST Rams  FLEX D'Andre Swift QB Case Keenum RB Saquon Barkley RB Kyren Williams TE Colston Loveland WR DeVonta Smith WR Davante Adams WR Rome Odunze,,,
244,5273708289,drpimpsumn,0,119.78,DST Rams  FLEX Kyren Williams QB Case Keenum RB Saquon Barkley RB D'Andre Swift TE Colston Loveland WR DeVonta Smith WR Davante Adams WR Rome Odunze,,,
244,5273734448,txballas,0,119.78,DST Rams  FLEX D'Andre Swift QB Case Keenum RB Saquon Barkley RB Kyren Williams TE Colston Loveland WR DeVonta Smith WR Davante Adams WR Rome Odunze,,,
244,5273850938,hungun23,0,119.78,DST Rams  FLEX D'Andre Swift QB Case Keenum RB Saquon Barkley RB Kyren Williams TE Colston Loveland WR DeVonta Smith WR Davante Adams WR Rome Odunze,,,
248,5273382536,peterj1218,0,119.740005,DST Eagles  FLEX Kyren Williams QB Bo Nix RB Saquon Barkley RB D'Andre Swift TE Zach Ertz WR Davante Adams WR Luther Burden III WR Courtland Sutton,,,
249,5273998484,jrakestr,0,119.619995,DST Broncos  FLEX Dontayvion Wicks QB Jalen Hurts RB Saquon Barkley RB Kyren Williams TE Evan Engram WR DeVonta Smith WR Davante Adams WR Luther Burden III,,,
250,5273901300,FalconRed,0,119.54001,DST Eagles  FLEX DeVonta Smith QB Bo Nix RB Saquon Barkley RB Kyren Williams TE Evan Engram WR Jaylen Waddle WR Davante Adams WR Kalif Raymond,,,
251,5273961790,blanco369,0,119.50001,DST Bears  FLEX J.K. Dobbins QB Matthew Stafford RB Saquon Barkley RB Kyren Williams TE Terrance Ferguson WR DeVonta Smith WR Jaylen Waddle WR Davante Adams,,,
252,5269528549,fatpat2,0,119.44,DST Broncos  FLEX Kyren Williams QB Bo Nix RB Saquon Barkley RB D'Andre Swift TE Evan Engram WR DeVonta Smith WR Jaylen Waddle WR Luther Burden III,,,
253,5274078468,lynn18,0,119.41999,DST Broncos  FLEX RJ Harvey QB Jalen Hurts RB D'Andre Swift RB Kyren Williams TE Colston Loveland WR DeVonta Smith WR Davante Adams WR Dontayvion Wicks,,,
254,5273336866,hix54,0,119.32001,DST Bears  FLEX Kyle Monangai QB Jalen Hurts RB D'Andre Swift RB Kyren Williams TE Colston Loveland WR Davante Adams WR Luther Burden III WR Rome Odunze,,,
255,5273912838,TheEndOfU,0,119.30001,DST Eagles  FLEX D'Andre Swift QB Matthew Stafford RB Saquon Barkley RB Kyren Williams TE Terrance Ferguson WR Jaylen Waddle WR Davante Adams WR Luther Burden III,,,
255,5274128806,leelo2,0,119.30001,DST Eagles  FLEX D'Andre Swift QB Matthew Stafford RB Saquon Barkley RB Kyren Williams TE Terrance Ferguson WR Jaylen Waddle WR Davante Adams WR Luther Burden III,,,
257,5274003006,baby-n,0,119.13999,DST Broncos  FLEX D'Andre Swift QB Bo Nix RB Kyren Williams RB RJ Harvey TE Johnny Mundt WR Jaylen Waddle WR Davante Adams WR Dontayvion Wicks,,,
258,5273698929,DirtyO37,0,119.119995,DST Broncos  FLEX D'Andre Swift QB Jalen Hurts RB Saquon Barkley RB Kyren Williams TE Evan Engram WR Jaylen Waddle WR Davante Adams WR Luther Burden III,,,
259,5274110992,biller7575,0,118.9,DST Rams  FLEX Jaylen Waddle QB Matthew Stafford RB Saquon Barkley RB Kyren Williams TE Colston Loveland WR Davante Adams WR Courtland Sutton WR Pat Bryant,,,
260,5273820542,tonesmoke24,0,118.84,DST Eagles  FLEX Makai Lemon QB Bo Nix RB Saquon Barkley RB Kyren Williams TE Colston Loveland WR Jaylen Waddle WR Davante Adams WR Luther Burden III,,,
261,5268862141,millerbean,0,118.50001,DST Rams  FLEX Luther Burden III QB Matthew Stafford RB D'Andre Swift RB Kyren Williams TE Terrance Ferguson WR Jaylen Waddle WR Davante Adams WR Dontayvion Wicks,,,
262,5273818392,magoots,0,118.4,DST Bears  FLEX Colston Loveland QB Matthew Stafford RB Saquon Barkley RB Kyren Williams TE Evan Engram WR DeVonta Smith WR Jaylen Waddle WR Davante Adams,,,
263,5273077281,deuce6078,0,118.240005,DST Eagles  FLEX Saquon Barkley QB Bo Nix RB Kyren Williams RB J.K. Dobbins TE Evan Engram WR DeVonta Smith WR Davante Adams WR Luther Burden III,,,
263,5274094225,hosie40,0,118.240005,DST Eagles  FLEX Saquon Barkley QB Bo Nix RB Kyren Williams RB RJ Harvey TE Colston Loveland WR Jaylen Waddle WR Davante Adams WR Pat Bryant,,,
265,5273647443,cubbiejack,0,118.2,DST Bears  FLEX D'Andre Swift QB Matthew Stafford RB Kyren Williams RB Kyle Monangai TE Colston Loveland WR Jaylen Waddle WR Davante Adams WR Rome Odunze,,,
265,5274078354,TammyD28,0,118.2,DST Broncos  FLEX Kyle Monangai QB Matthew Stafford RB D'Andre Swift RB Kyren Williams TE Evan Engram WR DeVonta Smith WR Jaylen Waddle WR Davante Adams,,,
267,5269950548,Patsfan1890,0,118.1,DST Bears  FLEX Kyle Monangai QB Matthew Stafford RB D'Andre Swift RB Kyren Williams TE Terrance Ferguson WR DeVonta Smith WR Jaylen Waddle WR Davante Adams,,,
267,5271209579,SgtPutter,0,118.1,DST Bears  FLEX Kyren Williams QB Matthew Stafford RB D'Andre Swift RB Kyle Monangai TE Terrance Ferguson WR DeVonta Smith WR Jaylen Waddle WR Davante Adams,,,
267,5273764271,jackson_0824,0,118.1,DST Bears  FLEX Kyle Monangai QB Matthew Stafford RB D'Andre Swift RB Kyren Williams TE Terrance Ferguson WR DeVonta Smith WR Jaylen Waddle WR Davante Adams,,,
270,5273625266,Frest0n,0,117.939995,DST Bears  FLEX D'Andre Swift QB Bo Nix RB Saquon Barkley RB Kyle Monangai TE Terrance Ferguson WR DeVonta Smith WR Davante Adams WR Luther Burden III,,,
271,5270547609,Dethstar1972,0,117.82,DST Rams  FLEX RJ Harvey QB Jalen Hurts RB D'Andre Swift RB Kyren Williams TE Terrance Ferguson WR DeVonta Smith WR Davante Adams WR Luther Burden III,,,
272,5273591083,HardDazedNite,0,117.78,DST Rams  FLEX DeVonta Smith QB Case Keenum RB Saquon Barkley RB D'Andre Swift TE Colston Loveland WR Davante Adams WR Luther Burden III WR Rome Odunze,,,
273,5273720382,7569,0,117.68001,DST Eagles  FLEX DeVonta Smith QB Case Keenum RB Saquon Barkley RB Kyren Williams TE Colby Parkinson WR Jaylen Waddle WR Davante Adams WR Luther Burden III,,,
274,5273497135,jshine20,0,117.58,DST Broncos  FLEX Johnny Mundt QB Case Keenum RB Saquon Barkley RB D'Andre Swift TE Terrance Ferguson WR DeVonta Smith WR Davante Adams WR Luther Burden III,,,
275,5273563195,Karhock,0,117.32,DST Rams  FLEX D'Andre Swift QB Jalen Hurts RB Saquon Barkley RB Kyren Williams TE Zach Ertz WR DeVonta Smith WR Davante Adams WR Kalif Raymond,,,
275,5273840343,cherriesberries,0,117.32,DST Rams  FLEX Kyren Williams QB Jalen Hurts RB Saquon Barkley RB D'Andre Swift TE Zach Ertz WR DeVonta Smith WR Davante Adams WR Kalif Raymond,,,
275,5274105076,tristan214,0,117.32,DST Rams  FLEX D'Andre Swift QB Jalen Hurts RB Saquon Barkley RB Kyren Williams TE Terrance Ferguson WR DeVonta Smith WR Davante Adams WR Kalif Raymond,,,
278,5273962263,RickyG1964,0,117.24,DST Eagles  FLEX Saquon Barkley QB Bo Nix RB Kyren Williams RB RJ Harvey TE Evan Engram WR DeVonta Smith WR Davante Adams WR Pat Bryant,,,
279,5273711520,im4comp,0,117.22,DST Eagles  FLEX Kalif Raymond QB Jalen Hurts RB Saquon Barkley RB D'Andre Swift TE Tyler Higbee WR DeVonta Smith WR Jaylen Waddle WR Davante Adams,,,
280,5272368137,Kimmiemitch,0,116.9,DST Bears  FLEX Kyren Williams QB Matthew Stafford RB D'Andre Swift RB Kyle Monangai TE Terrance Ferguson WR DeVonta Smith WR Davante Adams WR Dontayvion Wicks,,,
281,5273543015,Jmichalosky,0,116.700005,DST Rams  FLEX RJ Harvey QB Matthew Stafford RB D'Andre Swift RB Kyren Williams TE Terrance Ferguson WR DeVonta Smith WR Jaylen Waddle WR Davante Adams,,,
281,5273918881,shadesic,0,116.7,DST Rams  FLEX DeVonta Smith QB Matthew Stafford RB Saquon Barkley RB D'Andre Swift TE Colston Loveland WR Luther Burden III WR Courtland Sutton WR Kalif Raymond,,,
283,5273874681,Manlikehershey,0,116.64,DST Eagles  FLEX Saquon Barkley QB Bo Nix RB D'Andre Swift RB Kyren Williams TE Evan Engram WR Jaylen Waddle WR Davante Adams WR Luther Burden III,,,
283,5274066341,randalldandy1,0,116.63999,DST Broncos  FLEX Kyren Williams QB Bo Nix RB Saquon Barkley RB Kyle Monangai TE Colston Loveland WR Davante Adams WR Courtland Sutton WR Dontayvion Wicks,,,
285,5273213402,b52soonergirl,0,116.600006,DST Rams  FLEX Jaylen Waddle QB Matthew Stafford RB D'Andre Swift RB Kyren Williams TE Evan Engram WR Davante Adams WR Luther Burden III WR Dontayvion Wicks,,,
286,5272528300,haikio,0,116.52,DST Broncos  FLEX Kyren Williams QB Jalen Hurts RB Saquon Barkley RB J.K. Dobbins TE Zach Ertz WR Jaylen Waddle WR Davante Adams WR Luther Burden III,,,
287,5273993410,Terry301,0,116.340004,DST Broncos  FLEX Colston Loveland QB Bo Nix RB D'Andre Swift RB J.K. Dobbins TE Terrance Ferguson WR Davante Adams WR Luther Burden III WR Courtland Sutton,,,
288,5274117878,Waltsdad75,0,116.200005,DST Rams  FLEX Saquon Barkley QB Matthew Stafford RB Kyren Williams RB Blake Corum TE Zach Ertz WR Jaylen Waddle WR Davante Adams WR Kalif Raymond,,,
288,5273509625,jah_586,0,116.2,DST Rams  FLEX Saquon Barkley QB Matthew Stafford RB D'Andre Swift RB Kyren Williams TE Terrance Ferguson WR DeVonta Smith WR Davante Adams WR Courtland Sutton,,,
288,5273782377,jvh2122,0,116.2,DST Rams  FLEX Saquon Barkley QB Matthew Stafford RB D'Andre Swift RB Kyren Williams TE Zach Ertz WR DeVonta Smith WR Davante Adams WR Courtland Sutton,,,
288,5274085206,22GU,0,116.2,DST Rams  FLEX Saquon Barkley QB Matthew Stafford RB D'Andre Swift RB Kyren Williams TE Zach Ertz WR DeVonta Smith WR Davante Adams WR Courtland Sutton,,,
288,5274106288,tlherman,0,116.2,DST Rams  FLEX D'Andre Swift QB Matthew Stafford RB Saquon Barkley RB Kyren Williams TE Terrance Ferguson WR DeVonta Smith WR Davante Adams WR Courtland Sutton,,,
293,5273622046,jgAllDay,0,116.14,DST Broncos  FLEX D'Andre Swift QB Bo Nix RB Saquon Barkley RB J.K. Dobbins TE Colston Loveland WR DeVonta Smith WR Davante Adams WR Courtland Sutton,,,
294,5274129144,Bkon10,0,116.1,DST Broncos  FLEX Davante Adams QB Tyson Bagent RB D'Andre Swift RB Kyren Williams TE Colston Loveland WR DeVonta Smith WR Jaylen Waddle WR Luther Burden III,,,
295,5272873891,mangomoncher,0,116.08,DST Rams  FLEX D'Andre Swift QB Case Keenum RB Saquon Barkley RB Kyren Williams TE Colston Loveland WR DeVonta Smith WR Luther Burden III WR Courtland Sutton,,,
296,5274072673,bob4233,0,116.04,DST Eagles  FLEX DeVonta Smith QB Bo Nix RB D'Andre Swift RB Kyren Williams TE Colston Loveland WR Davante Adams WR Rome Odunze WR Courtland Sutton,,,
297,5273779201,chrisby74,0,116,DST Rams  FLEX Saquon Barkley QB Matthew Stafford RB D'Andre Swift RB Kyren Williams TE Zach Ertz WR DeVonta Smith WR Davante Adams WR Rome Odunze,,,
297,5273995107,kinnettt92,0,116,DST Rams  FLEX Kyren Williams QB Matthew Stafford RB Saquon Barkley RB D'Andre Swift TE Zach Ertz WR DeVonta Smith WR Davante Adams WR Rome Odunze,,,
299,5274078106,rinkster1961,0,115.9,DST Eagles  FLEX Saquon Barkley QB Matthew Stafford RB Kyren Williams RB RJ Harvey TE Colston Loveland WR DeVonta Smith WR Davante Adams WR Dontayvion Wicks,,,
300,5274072741,warvet45,0,115.59999,DST Rams  FLEX Dontayvion Wicks QB Matthew Stafford RB Saquon Barkley RB Kyren Williams TE Colston Loveland WR DeVonta Smith WR Davante Adams WR Rome Odunze,,,
301,5273275266,tlucas42,0,115.54,DST Bears  FLEX Kyren Williams QB Bo Nix RB Saquon Barkley RB Kyle Monangai TE Zach Ertz WR DeVonta Smith WR Jaylen Waddle WR Davante Adams,,,
301,5273926721,Willypops,0,115.54,DST Broncos  FLEX Davante Adams QB Bo Nix RB Saquon Barkley RB Kyle Monangai TE Zach Ertz WR DeVonta Smith WR Jaylen Waddle WR Luther Burden III,,,
303,5273925077,Lady8041,0,115.52,DST Eagles  FLEX Davante Adams QB Jalen Hurts RB Kyren Williams RB Kyle Monangai TE Colston Loveland WR DeVonta Smith WR Pat Bryant WR Konata Mumpfield,,,
304,5269543698,GoldenRivers,0,115.420006,DST Broncos  FLEX D'Andre Swift QB Jalen Hurts RB Kyren Williams RB RJ Harvey TE Terrance Ferguson WR DeVonta Smith WR Jaylen Waddle WR Davante Adams,,,
304,5273842410,Pats128087,0,115.420006,DST Broncos  FLEX D'Andre Swift QB Jalen Hurts RB Kyren Williams RB RJ Harvey TE Terrance Ferguson WR DeVonta Smith WR Jaylen Waddle WR Davante Adams,,,
304,5270572674,bdprulz,0,115.42,DST Rams  FLEX D'Andre Swift QB Jalen Hurts RB Saquon Barkley RB Kyren Williams TE Evan Engram WR DeVonta Smith WR Davante Adams WR Kalif Raymond,,,
304,5271288856,stag12,0,115.42,DST Rams  FLEX Saquon Barkley QB Jalen Hurts RB D'Andre Swift RB Kyren Williams TE Evan Engram WR DeVonta Smith WR Davante Adams WR Kalif Raymond,,,
304,5273867263,blake66,0,115.42,DST Rams  FLEX Saquon Barkley QB Jalen Hurts RB D'Andre Swift RB Kyren Williams TE Evan Engram WR DeVonta Smith WR Davante Adams WR Kalif Raymond,,,
304,5274028700,daredevil1969,0,115.42,DST Rams  FLEX Saquon Barkley QB Jalen Hurts RB D'Andre Swift RB Kyren Williams TE Evan Engram WR DeVonta Smith WR Davante Adams WR Kalif Raymond,,,
310,5274024732,Golfito2020,0,115.380005,DST Broncos  FLEX Rome Odunze QB Case Keenum RB Saquon Barkley RB D'Andre Swift TE Colston Loveland WR DeVonta Smith WR Jaylen Waddle WR Davante Adams,,,
311,5273565290,Jayssan1960,0,115.22,DST Bears  FLEX D'Andre Swift QB Jalen Hurts RB Saquon Barkley RB Kyren Williams TE Colston Loveland WR DeVonta Smith WR Rome Odunze WR Kalif Raymond,,,
312,5274023354,JJ11XRACER3811,0,115.1,DST Bears  FLEX Saquon Barkley QB Matthew Stafford RB Kyren Williams RB Kyle Monangai TE Terrance Ferguson WR DeVonta Smith WR Davante Adams WR Dontayvion Wicks,,,
313,5271445018,AllDayChamps89,0,114.98,DST Rams  FLEX Davante Adams QB Case Keenum RB D'Andre Swift RB Kyren Williams TE Colston Loveland WR DeVonta Smith WR Jaylen Waddle WR Dontayvion Wicks,,,
314,5271539820,Uknowit520,0,114.92,DST Broncos  FLEX Saquon Barkley QB Jalen Hurts RB D'Andre Swift RB Kyren Williams TE Zach Ertz WR DeVonta Smith WR Davante Adams WR Courtland Sutton,,,
314,5273719053,Chrisdraftking,0,114.92,DST Broncos  FLEX Saquon Barkley QB Jalen Hurts RB D'Andre Swift RB Kyren Williams TE Zach Ertz WR DeVonta Smith WR Davante Adams WR Courtland Sutton,,,
314,5273787226,sehanshaw,0,114.92,DST Broncos  FLEX Saquon Barkley QB Jalen Hurts RB D'Andre Swift RB Kyren Williams TE Zach Ertz WR DeVonta Smith WR Davante Adams WR Courtland Sutton,,,
314,5273813587,Brock20918,0,114.92,DST Broncos  FLEX Saquon Barkley QB Jalen Hurts RB D'Andre Swift RB Kyren Williams TE Terrance Ferguson WR DeVonta Smith WR Davante Adams WR Courtland Sutton,,,
314,5273906860,Ladyvet26,0,114.92,DST Broncos  FLEX D'Andre Swift QB Jalen Hurts RB Saquon Barkley RB Kyren Williams TE Terrance Ferguson WR DeVonta Smith WR Davante Adams WR Courtland Sutton,,,
314,5273982090,MDEL9999,0,114.92,DST Broncos  FLEX Saquon Barkley QB Jalen Hurts RB D'Andre Swift RB Kyren Williams TE Zach Ertz WR DeVonta Smith WR Davante Adams WR Courtland Sutton,,,
314,5273991322,riverbandit,0,114.92,DST Broncos  FLEX Saquon Barkley QB Jalen Hurts RB D'Andre Swift RB Kyren Williams TE Zach Ertz WR DeVonta Smith WR Davante Adams WR Courtland Sutton,,,
314,5274015518,hookabrotherup,0,114.92,DST Broncos  FLEX Kyren Williams QB Jalen Hurts RB Saquon Barkley RB D'Andre Swift TE Zach Ertz WR DeVonta Smith WR Davante Adams WR Courtland Sutton,,,
322,5271384086,chrishryc,0,114.9,DST Rams  FLEX Saquon Barkley QB Matthew Stafford RB Kyren Williams RB RJ Harvey TE Terrance Ferguson WR DeVonta Smith WR Jaylen Waddle WR Davante Adams,,,
322,5273502087,ivymoose,0,114.9,DST Broncos  FLEX Saquon Barkley QB Matthew Stafford RB D'Andre Swift RB RJ Harvey TE Terrance Ferguson WR DeVonta Smith WR Jaylen Waddle WR Davante Adams,,,
322,5273694706,Jay66iLL215,0,114.9,DST Rams  FLEX RJ Harvey QB Matthew Stafford RB Saquon Barkley RB Kyren Williams TE Terrance Ferguson WR DeVonta Smith WR Jaylen Waddle WR Davante Adams,,,
322,5273973054,the_moneyball,0,114.9,DST Rams  FLEX Saquon Barkley QB Matthew Stafford RB Kyren Williams RB RJ Harvey TE Terrance Ferguson WR DeVonta Smith WR Jaylen Waddle WR Davante Adams,,,
322,5274037212,djpop10,0,114.9,DST Rams  FLEX RJ Harvey QB Matthew Stafford RB Saquon Barkley RB Kyren Williams TE Terrance Ferguson WR DeVonta Smith WR Jaylen Waddle WR Davante Adams,,,
327,5273613098,daboycows,0,114.84001,DST Eagles  FLEX DeVonta Smith QB Bo Nix RB Saquon Barkley RB Kyren Williams TE Terrance Ferguson WR Jaylen Waddle WR Davante Adams WR Pat Bryant,,,
327,5273952084,jdooley99,0,114.84001,DST Eagles  FLEX DeVonta Smith QB Bo Nix RB Saquon Barkley RB Kyren Williams TE Terrance Ferguson WR Jaylen Waddle WR Davante Adams WR Pat Bryant,,,
329,5273432458,jamj53,0,114.74,DST Rams  FLEX Kyle Monangai QB Bo Nix RB D'Andre Swift RB Kyren Williams TE Evan Engram WR Davante Adams WR Luther Burden III WR Rome Odunze,,,
330,5273847231,Birdzofprey15,0,114.72,DST Rams  FLEX Luther Burden III QB Jalen Hurts RB D'Andre Swift RB Kyren Williams TE Zach Ertz WR DeVonta Smith WR Davante Adams WR Courtland Sutton,,,
330,5274022998,88MacDonald,0,114.72,DST Broncos  FLEX Kyren Williams QB Jalen Hurts RB Saquon Barkley RB D'Andre Swift TE Terrance Ferguson WR DeVonta Smith WR Davante Adams WR Rome Odunze,,,
332,5269270583,thunder47,0,114.619995,DST Broncos  FLEX Kyren Williams QB Jalen Hurts RB D'Andre Swift RB Blake Corum TE Colston Loveland WR DeVonta Smith WR Davante Adams WR Courtland Sutton,,,
333,5273685083,Czamm45,0,114.42,DST Broncos  FLEX D'Andre Swift QB Jalen Hurts RB Saquon Barkley RB Kyren Williams TE Johnny Mundt WR DeVonta Smith WR Davante Adams WR Courtland Sutton,,,
334,5269233350,charlesrayallday,0,114.32,DST Eagles  FLEX Kyren Williams QB Jalen Hurts RB Saquon Barkley RB D'Andre Swift TE Terrance Ferguson WR DeVonta Smith WR Davante Adams WR Kalif Raymond,,,
334,5270813431,VerticalKev,0,114.32,DST Eagles  FLEX D'Andre Swift QB Jalen Hurts RB Saquon Barkley RB Kyren Williams TE Terrance Ferguson WR DeVonta Smith WR Davante Adams WR Kalif Raymond,,,
334,5273050935,scoogie,0,114.32,DST Eagles  FLEX Saquon Barkley QB Jalen Hurts RB D'Andre Swift RB Kyren Williams TE Terrance Ferguson WR DeVonta Smith WR Davante Adams WR Kalif Raymond,,,
334,5273536061,z-man713,0,114.32,DST Eagles  FLEX Saquon Barkley QB Jalen Hurts RB D'Andre Swift RB Kyren Williams TE Terrance Ferguson WR DeVonta Smith WR Davante Adams WR Kalif Raymond,,,
334,5274146527,F3ARxZxF1GHT3R,0,114.32,DST Eagles  FLEX D'Andre Swift QB Jalen Hurts RB Saquon Barkley RB Kyren Williams TE Terrance Ferguson WR DeVonta Smith WR Davante Adams WR Kalif Raymond,,,
339,5273850816,rebiii,0,114.299995,DST Rams  FLEX Saquon Barkley QB Matthew Stafford RB D'Andre Swift RB Kyren Williams TE Colby Parkinson WR DeVonta Smith WR Davante Adams WR Courtland Sutton,,,
340,5273769941,buckmaster357,0,114.22,DST Eagles  FLEX Dontayvion Wicks QB Jalen Hurts RB D'Andre Swift RB Kyren Williams TE Tyler Higbee WR DeVonta Smith WR Jaylen Waddle WR Davante Adams,,,
341,5273419420,Phillykatt,0,114.200005,DST Eagles  FLEX Davante Adams QB Matthew Stafford RB Saquon Barkley RB Kyren Williams TE Colby Parkinson WR Jaylen Waddle WR Luther Burden III WR Courtland Sutton,,,
342,5272662703,snc4562,0,114.1,DST Rams  FLEX Saquon Barkley QB Matthew Stafford RB D'Andre Swift RB Kyren Williams TE Evan Engram WR DeVonta Smith WR Davante Adams WR Rome Odunze,,,
342,5273587524,DeaconGaines,0,114.1,DST Rams  FLEX Saquon Barkley QB Matthew Stafford RB D'Andre Swift RB Kyren Williams TE Evan Engram WR DeVonta Smith WR Davante Adams WR Rome Odunze,,,
342,5274037405,CrosseyedandPainless,0,114.1,DST Rams  FLEX D'Andre Swift QB Matthew Stafford RB Saquon Barkley RB Kyren Williams TE Evan Engram WR DeVonta Smith WR Davante Adams WR Rome Odunze,,,
342,5274111372,sdavidson1533,0,114.1,DST Rams  FLEX D'Andre Swift QB Matthew Stafford RB Saquon Barkley RB Kyren Williams TE Evan Engram WR DeVonta Smith WR Davante Adams WR Rome Odunze,,,
342,5274138026,ehave,0,114.1,DST Rams  FLEX Saquon Barkley QB Matthew Stafford RB D'Andre Swift RB Kyren Williams TE Evan Engram WR DeVonta Smith WR Davante Adams WR Rome Odunze,,,
347,5273927273,booradley5,0,113.880005,DST Rams  FLEX Saquon Barkley QB Case Keenum RB D'Andre Swift RB Kyren Williams TE Colston Loveland WR Jaylen Waddle WR Davante Adams WR Courtland Sutton,,,
348,5272216004,EL-KABONG1,0,113.799995,DST Rams  FLEX D'Andre Swift QB Matthew Stafford RB Saquon Barkley RB Kyren Williams TE Terrance Ferguson WR DeVonta Smith WR Davante Adams WR Dontayvion Wicks,,,
348,5273653919,univrsalsoldier,0,113.799995,DST Rams  FLEX Saquon Barkley QB Matthew Stafford RB D'Andre Swift RB Kyren Williams TE Terrance Ferguson WR DeVonta Smith WR Davante Adams WR Dontayvion Wicks,,,
348,5273751972,OfftheBat,0,113.799995,DST Rams  FLEX Kyren Williams QB Matthew Stafford RB Saquon Barkley RB D'Andre Swift TE Terrance Ferguson WR DeVonta Smith WR Davante Adams WR Dontayvion Wicks,,,
348,5274095390,bnewt_39,0,113.799995,DST Rams  FLEX D'Andre Swift QB Matthew Stafford RB Saquon Barkley RB Kyren Williams TE Terrance Ferguson WR DeVonta Smith WR Davante Adams WR Dontayvion Wicks,,,
348,5274110553,kblizzard321,0,113.799995,DST Rams  FLEX Saquon Barkley QB Matthew Stafford RB D'Andre Swift RB Kyren Williams TE Terrance Ferguson WR DeVonta Smith WR Davante Adams WR Dontayvion Wicks,,,
353,5272787743,wildwestley92,0,113.700005,DST Eagles  FLEX RJ Harvey QB Matthew Stafford RB D'Andre Swift RB Kyren Williams TE Terrance Ferguson WR DeVonta Smith WR Jaylen Waddle WR Davante Adams,,,
353,5273691775,durkee3,0,113.700005,DST Eagles  FLEX D'Andre Swift QB Matthew Stafford RB Kyren Williams RB RJ Harvey TE Terrance Ferguson WR DeVonta Smith WR Jaylen Waddle WR Davante Adams,,,
353,5274032458,kenswasted,0,113.700005,DST Eagles  FLEX Kyren Williams QB Matthew Stafford RB D'Andre Swift RB RJ Harvey TE Terrance Ferguson WR DeVonta Smith WR Jaylen Waddle WR Davante Adams,,,
353,5274082430,downhomedogg,0,113.700005,DST Eagles  FLEX DeVonta Smith QB Matthew Stafford RB Saquon Barkley RB Kyren Williams TE Evan Engram WR Jaylen Waddle WR Davante Adams WR Pat Bryant,,,
357,5269716626,darnall1,0,113.68001,DST Rams  FLEX D'Andre Swift QB Case Keenum RB Saquon Barkley RB Kyren Williams TE Colston Loveland WR Jaylen Waddle WR Davante Adams WR Rome Odunze,,,
357,5273967534,33Nuts,0,113.68001,DST Rams  FLEX D'Andre Swift QB Case Keenum RB Saquon Barkley RB Kyren Williams TE Colston Loveland WR Jaylen Waddle WR Davante Adams WR Rome Odunze,,,
359,5271033052,Bdaricek,0,113.58001,DST Rams  FLEX Saquon Barkley QB Case Keenum RB D'Andre Swift RB Kyren Williams TE Terrance Ferguson WR DeVonta Smith WR Jaylen Waddle WR Davante Adams,,,
359,5272515209,shocky80,0,113.58001,DST Rams  FLEX Kyren Williams QB Case Keenum RB Saquon Barkley RB D'Andre Swift TE Terrance Ferguson WR DeVonta Smith WR Jaylen Waddle WR Davante Adams,,,
361,5274140671,siahbabedblsiah,0,113.520004,DST Broncos  FLEX Kyren Williams QB Jalen Hurts RB D'Andre Swift RB J.K. Dobbins TE Colston Loveland WR DeVonta Smith WR Luther Burden III WR Courtland Sutton,,,
361,5273596093,Jskutz,0,113.52,DST Rams  FLEX Davante Adams QB Jalen Hurts RB D'Andre Swift RB Kyren Williams TE Terrance Ferguson WR DeVonta Smith WR Dontayvion Wicks WR Kalif Raymond,,,
363,5273653512,wellmanracing,0,113.420006,DST Rams  FLEX Luther Burden III QB Jalen Hurts RB Kyren Williams RB RJ Harvey TE Terrance Ferguson WR DeVonta Smith WR Jaylen Waddle WR Davante Adams,,,
364,5273056425,JOEYSASS,0,113.40001,DST Rams  FLEX DeVonta Smith QB Matthew Stafford RB D'Andre Swift RB Kyren Williams TE Terrance Ferguson WR Jaylen Waddle WR Davante Adams WR Rome Odunze,,,
364,5273606492,ztaylor-4,0,113.40001,DST Rams  FLEX Rome Odunze QB Matthew Stafford RB D'Andre Swift RB Kyren Williams TE Terrance Ferguson WR DeVonta Smith WR Jaylen Waddle WR Davante Adams,,,
364,5273654051,nlipinski1126,0,113.40001,DST Rams  FLEX Jaylen Waddle QB Matthew Stafford RB D'Andre Swift RB Kyren Williams TE Terrance Ferguson WR DeVonta Smith WR Davante Adams WR Rome Odunze,,,
364,5273780140,PrincessBEngland,0,113.40001,DST Rams  FLEX DeVonta Smith QB Matthew Stafford RB D'Andre Swift RB Kyren Williams TE Zach Ertz WR Jaylen Waddle WR Davante Adams WR Rome Odunze,,,
368,5271709226,foutah,0,113.3,DST Bears  FLEX DeVonta Smith QB Matthew Stafford RB Kyren Williams RB J.K. Dobbins TE Colby Parkinson WR Luther Burden III WR Rome Odunze WR Courtland Sutton,,,
368,5274123200,StripsSr,0,113.299995,DST Rams  FLEX Davante Adams QB Matthew Stafford RB D'Andre Swift RB Kyren Williams TE Terrance Ferguson WR Dontayvion Wicks WR Kalif Raymond WR Xavier Smith,,,
370,5268946306,Ramrod1377,0,113.2,DST Eagles  FLEX D'Andre Swift QB Matthew Stafford RB Saquon Barkley RB Kyren Williams TE Terrance Ferguson WR DeVonta Smith WR Davante Adams WR Courtland Sutton,,,
370,5269083045,Grandpakids,0,113.2,DST Eagles  FLEX D'Andre Swift QB Matthew Stafford RB Saquon Barkley RB Kyren Williams TE Terrance Ferguson WR DeVonta Smith WR Davante Adams WR Courtland Sutton,,,
370,5271172488,ecsdroop,0,113.2,DST Eagles  FLEX D'Andre Swift QB Matthew Stafford RB Saquon Barkley RB Kyren Williams TE Terrance Ferguson WR DeVonta Smith WR Davante Adams WR Courtland Sutton,,,
370,5271423903,kincz,0,113.2,DST Eagles  FLEX Saquon Barkley QB Matthew Stafford RB D'Andre Swift RB Kyren Williams TE Zach Ertz WR DeVonta Smith WR Davante Adams WR Courtland Sutton,,,
370,5271819005,deweybob,0,113.2,DST Eagles  FLEX Kyren Williams QB Matthew Stafford RB Saquon Barkley RB D'Andre Swift TE Zach Ertz WR DeVonta Smith WR Davante Adams WR Courtland Sutton,,,
370,5273345103,DBoo9025,0,113.2,DST Eagles  FLEX D'Andre Swift QB Matthew Stafford RB Saquon Barkley RB Kyren Williams TE Zach Ertz WR DeVonta Smith WR Davante Adams WR Courtland Sutton,,,
370,5273735160,luigi_3,0,113.2,DST Eagles  FLEX D'Andre Swift QB Matthew Stafford RB Saquon Barkley RB Kyren Williams TE Terrance Ferguson WR DeVonta Smith WR Davante Adams WR Courtland Sutton,,,
370,5273762438,MattBarnwell,0,113.2,DST Eagles  FLEX D'Andre Swift QB Matthew Stafford RB Saquon Barkley RB Kyren Williams TE Terrance Ferguson WR DeVonta Smith WR Davante Adams WR Courtland Sutton,,,
370,5273855768,PhatStackSS,0,113.2,DST Eagles  FLEX D'Andre Swift QB Matthew Stafford RB Saquon Barkley RB Kyren Williams TE Terrance Ferguson WR DeVonta Smith WR Davante Adams WR Courtland Sutton,,,
370,5273935219,Adonijayh,0,113.2,DST Eagles  FLEX Kyren Williams QB Matthew Stafford RB Saquon Barkley RB D'Andre Swift TE Zach Ertz WR DeVonta Smith WR Davante Adams WR Courtland Sutton,,,
370,5274017886,Btodam06,0,113.2,DST Eagles  FLEX Saquon Barkley QB Matthew Stafford RB D'Andre Swift RB Kyren Williams TE Terrance Ferguson WR DeVonta Smith WR Davante Adams WR Courtland Sutton,,,
370,5274105855,billredskin,0,113.2,DST Eagles  FLEX D'Andre Swift QB Matthew Stafford RB Saquon Barkley RB Kyren Williams TE Terrance Ferguson WR DeVonta Smith WR Davante Adams WR Courtland Sutton,,,
382,5269816117,kgudim,0,113.100006,DST Rams  FLEX Colston Loveland QB Matthew Stafford RB D'Andre Swift RB Kyren Williams TE Terrance Ferguson WR DeVonta Smith WR Jaylen Waddle WR Davante Adams,,,
383,5270308560,Hannah28,0,113.08001,DST Rams  FLEX Kyren Williams QB Case Keenum RB Saquon Barkley RB D'Andre Swift TE Johnny Mundt WR DeVonta Smith WR Jaylen Waddle WR Davante Adams,,,
384,5269356846,bottles2,0,113.02,DST Broncos  FLEX Kyren Williams QB Jalen Hurts RB Saquon Barkley RB D'Andre Swift TE Evan Engram WR DeVonta Smith WR Davante Adams WR Courtland Sutton,,,
384,5269404176,SleepyW,0,113.02,DST Eagles  FLEX Saquon Barkley QB Jalen Hurts RB Kyren Williams RB RJ Harvey TE Terrance Ferguson WR DeVonta Smith WR Davante Adams WR Luther Burden III,,,
384,5271247709,bharriscohen,0,113.02,DST Broncos  FLEX Saquon Barkley QB Jalen Hurts RB D'Andre Swift RB Kyren Williams TE Evan Engram WR DeVonta Smith WR Davante Adams WR Courtland Sutton,,,
384,5272094058,coutee,0,113.02,DST Broncos  FLEX Saquon Barkley QB Jalen Hurts RB D'Andre Swift RB Kyren Williams TE Evan Engram WR DeVonta Smith WR Davante Adams WR Courtland Sutton,,,
384,5272814126,Bigrisers,0,113.02,DST Eagles  FLEX Saquon Barkley QB Jalen Hurts RB Kyren Williams RB RJ Harvey TE Terrance Ferguson WR DeVonta Smith WR Davante Adams WR Luther Burden III,,,
384,5273737357,Epatrick10172020,0,113.02,DST Broncos  FLEX Saquon Barkley QB Jalen Hurts RB D'Andre Swift RB Kyren Williams TE Evan Engram WR DeVonta Smith WR Davante Adams WR Courtland Sutton,,,
384,5273754169,govnascrew,0,113.02,DST Broncos  FLEX D'Andre Swift QB Jalen Hurts RB Saquon Barkley RB Kyren Williams TE Evan Engram WR DeVonta Smith WR Davante Adams WR Courtland Sutton,,,
384,5273826414,courts7377,0,113.02,DST Broncos  FLEX D'Andre Swift QB Jalen Hurts RB Saquon Barkley RB Kyren Williams TE Evan Engram WR DeVonta Smith WR Davante Adams WR Courtland Sutton,,,
384,5273926547,VCordova303,0,113.02,DST Broncos  FLEX Saquon Barkley QB Jalen Hurts RB D'Andre Swift RB Kyren Williams TE Evan Engram WR DeVonta Smith WR Davante Adams WR Courtland Sutton,,,
393,5269536360,burghnation6,0,113,DST Eagles  FLEX Saquon Barkley QB Matthew Stafford RB D'Andre Swift RB Kyren Williams TE Terrance Ferguson WR DeVonta Smith WR Davante Adams WR Rome Odunze,,,
393,5270507299,nistew89,0,113,DST Eagles  FLEX Saquon Barkley QB Matthew Stafford RB D'Andre Swift RB Kyren Williams TE Terrance Ferguson WR DeVonta Smith WR Davante Adams WR Rome Odunze,,,
393,5273542974,Fraughty,0,113,DST Broncos  FLEX RJ Harvey QB Matthew Stafford RB Saquon Barkley RB D'Andre Swift TE Evan Engram WR DeVonta Smith WR Jaylen Waddle WR Davante Adams,,,
396,5273576353,smithj06,0,112.94001,DST Eagles  FLEX DeVonta Smith QB Bo Nix RB Saquon Barkley RB Kyren Williams TE Colby Parkinson WR Jaylen Waddle WR Davante Adams WR Pat Bryant,,,
396,5273906701,Physco,0,112.94001,DST Eagles  FLEX DeVonta Smith QB Bo Nix RB Saquon Barkley RB Kyren Williams TE Evan Engram WR Jaylen Waddle WR Davante Adams WR Pat Bryant,,,
398,5273676108,dezz521,0,112.920006,DST Rams  FLEX Kalif Raymond QB Jalen Hurts RB Saquon Barkley RB Kyren Williams TE Terrance Ferguson WR DeVonta Smith WR Jaylen Waddle WR Davante Adams,,,
398,5273940525,simpson619,0,112.920006,DST Rams  FLEX Jaylen Waddle QB Jalen Hurts RB Saquon Barkley RB Kyren Williams TE Terrance Ferguson WR DeVonta Smith WR Davante Adams WR Kalif Raymond,,,
398,5273636342,DrInsano,0,112.92,DST Bears  FLEX Saquon Barkley QB Jalen Hurts RB D'Andre Swift RB Kyren Williams TE Terrance Ferguson WR DeVonta Smith WR Davante Adams WR Courtland Sutton,,,
401,5269361284,Crad87,0,112.88,DST Rams  FLEX Kyren Williams QB Case Keenum RB D'Andre Swift RB Kyle Monangai TE Colston Loveland WR DeVonta Smith WR Jaylen Waddle WR Davante Adams,,,
401,5274129191,cjz44,0,112.88,DST Rams  FLEX Kyren Williams QB Case Keenum RB D'Andre Swift RB Kyle Monangai TE Colston Loveland WR DeVonta Smith WR Jaylen Waddle WR Davante Adams,,,
403,5272313600,amandahook,0,112.74,DST Broncos  FLEX Jaylen Waddle QB Bo Nix RB D'Andre Swift RB Kyren Williams TE Colston Loveland WR DeVonta Smith WR Rome Odunze WR Courtland Sutton,,,
404,5271021058,JTE1214,0,112.72,DST Bears  FLEX Kyren Williams QB Jalen Hurts RB Saquon Barkley RB D'Andre Swift TE Terrance Ferguson WR DeVonta Smith WR Davante Adams WR Rome Odunze,,,
404,5274104690,youngmikejones1,0,112.72,DST Rams  FLEX Rome Odunze QB Jalen Hurts RB Saquon Barkley RB Kyren Williams TE Terrance Ferguson WR DeVonta Smith WR Davante Adams WR Luther Burden III,,,
406,5274138657,bowlboundboys1,0,112.7,DST Eagles  FLEX Saquon Barkley QB Matthew Stafford RB D'Andre Swift RB Kyren Williams TE Terrance Ferguson WR Davante Adams WR Dontayvion Wicks WR Pat Bryant,,,
407,5268880599,jbar90,0,112.54001,DST Broncos  FLEX Davante Adams QB Bo Nix RB D'Andre Swift RB RJ Harvey TE Zach Ertz WR DeVonta Smith WR Jaylen Waddle WR Rome Odunze,,,
408,5270656926,MoSoAlum15,0,112.52,DST Broncos  FLEX Saquon Barkley QB Jalen Hurts RB D'Andre Swift RB Kyren Williams TE Terrance Ferguson WR DeVonta Smith WR Davante Adams WR Dontayvion Wicks,,,
408,5272709273,Sharona11,0,112.52,DST Broncos  FLEX Saquon Barkley QB Jalen Hurts RB D'Andre Swift RB Kyren Williams TE Terrance Ferguson WR DeVonta Smith WR Davante Adams WR Dontayvion Wicks,,,
408,5273558681,BBjitz,0,112.52,DST Broncos  FLEX Kyren Williams QB Jalen Hurts RB Saquon Barkley RB D'Andre Swift TE Terrance Ferguson WR DeVonta Smith WR Davante Adams WR Dontayvion Wicks,,,
408,5273637860,Rene8480,0,112.52,DST Broncos  FLEX D'Andre Swift QB Jalen Hurts RB Saquon Barkley RB Kyren Williams TE Terrance Ferguson WR DeVonta Smith WR Davante Adams WR Dontayvion Wicks,,,
408,5273908014,mrseventy,0,112.52,DST Broncos  FLEX Kyren Williams QB Jalen Hurts RB Saquon Barkley RB D'Andre Swift TE Terrance Ferguson WR DeVonta Smith WR Davante Adams WR Dontayvion Wicks,,,
408,5273939628,miked79,0,112.52,DST Broncos  FLEX D'Andre Swift QB Jalen Hurts RB Saquon Barkley RB Kyren Williams TE Terrance Ferguson WR DeVonta Smith WR Davante Adams WR Dontayvion Wicks,,,
414,5272747537,jklodawizard,0,112.5,DST Broncos  FLEX Davante Adams QB Matthew Stafford RB Saquon Barkley RB D'Andre Swift TE Colston Loveland WR DeVonta Smith WR Jaylen Waddle WR Troy Franklin,,,
415,5269728594,crazytyme,0,112.44,DST Bears  FLEX Davante Adams QB Bo Nix RB Saquon Barkley RB RJ Harvey TE Colston Loveland WR DeVonta Smith WR Jaylen Waddle WR Makai Lemon,,,
415,5273378650,O-Force,0,112.44,DST Eagles  FLEX Saquon Barkley QB Bo Nix RB D'Andre Swift RB Kyren Williams TE Zach Ertz WR DeVonta Smith WR Davante Adams WR Courtland Sutton,,,
415,5273535569,Mikey_Deeze,0,112.44,DST Eagles  FLEX D'Andre Swift QB Bo Nix RB Saquon Barkley RB Kyren Williams TE Terrance Ferguson WR DeVonta Smith WR Davante Adams WR Courtland Sutton,,,
415,5273569690,doogs74,0,112.44,DST Eagles  FLEX D'Andre Swift QB Bo Nix RB Saquon Barkley RB Kyren Williams TE Terrance Ferguson WR DeVonta Smith WR Davante Adams WR Courtland Sutton,,,
419,5273813612,hemi-roid,0,112.42,DST Eagles  FLEX Saquon Barkley QB Jalen Hurts RB D'Andre Swift RB Kyren Williams TE Evan Engram WR DeVonta Smith WR Davante Adams WR Kalif Raymond,,,
419,5273844669,wrightspub,0,112.42,DST Eagles  FLEX Kyren Williams QB Jalen Hurts RB Saquon Barkley RB D'Andre Swift TE Evan Engram WR DeVonta Smith WR Davante Adams WR Kalif Raymond,,,
419,5273929824,wagners122,0,112.42,DST Eagles  FLEX D'Andre Swift QB Jalen Hurts RB Saquon Barkley RB Kyren Williams TE Evan Engram WR DeVonta Smith WR Davante Adams WR Kalif Raymond,,,
422,5273628968,ugotplayed1,0,112.30001,DST Rams  FLEX D'Andre Swift QB Matthew Stafford RB Kyren Williams RB J.K. Dobbins TE Terrance Ferguson WR DeVonta Smith WR Jaylen Waddle WR Davante Adams,,,
423,5273599191,Ocin_D_Clown,0,112.240005,DST Broncos  FLEX D'Andre Swift QB Bo Nix RB Saquon Barkley RB RJ Harvey TE Evan Engram WR DeVonta Smith WR Jaylen Waddle WR Davante Adams,,,
424,5273868000,Irvine2024,0,112.12001,DST Rams  FLEX Makai Lemon QB Jalen Hurts RB D'Andre Swift RB Kyren Williams TE Colston Loveland WR Jaylen Waddle WR Davante Adams WR Luther Burden III,,,
424,5272142377,titletown3718,0,112.119995,DST Rams  FLEX DeVonta Smith QB Jalen Hurts RB D'Andre Swift RB Kyren Williams TE Colston Loveland WR Davante Adams WR Dontayvion Wicks WR Pat Bryant,,,
426,5273534733,z_legend9,0,111.939995,DST Broncos  FLEX D'Andre Swift QB Bo Nix RB Saquon Barkley RB Kyren Williams TE Colston Loveland WR DeVonta Smith WR Jaylen Waddle WR Dontayvion Wicks,,,
427,5273837965,myron17,0,111.92,DST Rams  FLEX Saquon Barkley QB Jalen Hurts RB Kyren Williams RB Tank Bigsby TE Tyler Higbee WR DeVonta Smith WR Davante Adams WR Courtland Sutton,,,
428,5273556471,adamczyk40,0,111.899994,DST Rams  FLEX Saquon Barkley QB Matthew Stafford RB D'Andre Swift RB Kyren Williams TE Evan Engram WR DeVonta Smith WR Davante Adams WR Dontayvion Wicks,,,
428,5274047542,tjh3390,0,111.899994,DST Rams  FLEX Saquon Barkley QB Matthew Stafford RB D'Andre Swift RB Kyren Williams TE Evan Engram WR DeVonta Smith WR Davante Adams WR Dontayvion Wicks,,,
430,5269055007,gdavej53,0,111.8,DST Eagles  FLEX Kyren Williams QB Matthew Stafford RB D'Andre Swift RB RJ Harvey TE Evan Engram WR DeVonta Smith WR Jaylen Waddle WR Davante Adams,,,
430,5274017519,snid22,0,111.8,DST Rams  FLEX DeVonta Smith QB Matthew Stafford RB Saquon Barkley RB Kyren Williams TE Terrance Ferguson WR Jaylen Waddle WR Davante Adams WR Courtland Sutton,,,
430,5274066449,Kool_Hand_Luke_1977,0,111.8,DST Broncos  FLEX DeVonta Smith QB Matthew Stafford RB Saquon Barkley RB D'Andre Swift TE Zach Ertz WR Jaylen Waddle WR Davante Adams WR Courtland Sutton,,,
430,5274112013,Sallibone,0,111.8,DST Eagles  FLEX RJ Harvey QB Matthew Stafford RB D'Andre Swift RB Kyren Williams TE Evan Engram WR DeVonta Smith WR Jaylen Waddle WR Davante Adams,,,
434,5272358223,adistel55,0,111.72001,DST Eagles  FLEX Jaylen Waddle QB Jalen Hurts RB D'Andre Swift RB Kyren Williams TE Terrance Ferguson WR DeVonta Smith WR Davante Adams WR Kalif Raymond,,,
435,5273698436,Finest28,0,111.7,DST Rams  FLEX J.K. Dobbins QB Matthew Stafford RB Saquon Barkley RB Kyren Williams TE Terrance Ferguson WR DeVonta Smith WR Davante Adams WR Courtland Sutton,,,
436,5270961890,nathanplante1,0,111.62,DST Rams  FLEX J.K. Dobbins QB Jalen Hurts RB Saquon Barkley RB Kyren Williams TE Terrance Ferguson WR DeVonta Smith WR Davante Adams WR Luther Burden III,,,
437,5273860623,canas26,0,111.600006,DST Broncos  FLEX DeVonta Smith QB Matthew Stafford RB Saquon Barkley RB D'Andre Swift TE Zach Ertz WR Jaylen Waddle WR Davante Adams WR Rome Odunze,,,
438,5274102755,wilchill,0,111.58001,DST Rams  FLEX Jaylen Waddle QB Case Keenum RB Saquon Barkley RB D'Andre Swift TE Zach Ertz WR DeVonta Smith WR Davante Adams WR Luther Burden III,,,
439,5273956917,freepop,0,111.520004,DST Rams  FLEX D'Andre Swift QB Jalen Hurts RB Kyren Williams RB J.K. Dobbins TE Evan Engram WR DeVonta Smith WR Davante Adams WR Luther Burden III,,,
439,5273597563,meodette,0,111.52,DST Eagles  FLEX DeVonta Smith QB Jalen Hurts RB D'Andre Swift RB Kyren Williams TE Colston Loveland WR Davante Adams WR Courtland Sutton WR Pat Bryant,,,
441,5272441237,sweetjudi,0,111.50001,DST Rams  FLEX Rome Odunze QB Matthew Stafford RB D'Andre Swift RB Kyren Williams TE Cole Kmet WR DeVonta Smith WR Jaylen Waddle WR Davante Adams,,,
441,5273971799,Aprater3223,0,111.50001,DST Rams  FLEX DeVonta Smith QB Matthew Stafford RB D'Andre Swift RB Kyren Williams TE Evan Engram WR Jaylen Waddle WR Davante Adams WR Rome Odunze,,,
443,5273817023,todd4141,0,111.420006,DST Rams  FLEX Dontayvion Wicks QB Jalen Hurts RB D'Andre Swift RB Kyren Williams TE Colston Loveland WR Jaylen Waddle WR Davante Adams WR Luther Burden III,,,
443,5274099373,swami34paperboy,0,111.420006,DST Rams  FLEX Luther Burden III QB Jalen Hurts RB D'Andre Swift RB Kyren Williams TE Colston Loveland WR Jaylen Waddle WR Davante Adams WR Dontayvion Wicks,,,
443,5274105633,myleez,0,111.420006,DST Rams  FLEX Luther Burden III QB Jalen Hurts RB D'Andre Swift RB Kyren Williams TE Colston Loveland WR Jaylen Waddle WR Davante Adams WR Dontayvion Wicks,,,
443,5273598021,Mouse4,0,111.42,DST Broncos  FLEX Saquon Barkley QB Jalen Hurts RB D'Andre Swift RB J.K. Dobbins TE Colston Loveland WR DeVonta Smith WR Davante Adams WR Pat Bryant,,,
447,5274033440,charles52,0,111.4,DST Rams  FLEX Jaylen Waddle QB Matthew Stafford RB Kyren Williams RB RJ Harvey TE Evan Engram WR DeVonta Smith WR Davante Adams WR Rome Odunze,,,
447,5274049890,saranac34,0,111.4,DST Eagles  FLEX RJ Harvey QB Matthew Stafford RB Saquon Barkley RB Kyren Williams TE Johnny Mundt WR DeVonta Smith WR Jaylen Waddle WR Davante Adams,,,
449,5273730191,TJrams,0,111.3,DST Rams  FLEX Colston Loveland QB Matthew Stafford RB Saquon Barkley RB Kyren Williams TE Terrance Ferguson WR DeVonta Smith WR Jaylen Waddle WR Davante Adams,,,
449,5274021637,RedDevils66,0,111.3,DST Rams  FLEX Terrance Ferguson QB Matthew Stafford RB Saquon Barkley RB Kyren Williams TE Colston Loveland WR DeVonta Smith WR Jaylen Waddle WR Davante Adams,,,
449,5269310088,winboy27,0,111.299995,DST Eagles  FLEX Saquon Barkley QB Matthew Stafford RB D'Andre Swift RB Kyren Williams TE Evan Engram WR DeVonta Smith WR Davante Adams WR Courtland Sutton,,,
449,5273695117,jason12tech,0,111.299995,DST Rams  FLEX Saquon Barkley QB Matthew Stafford RB Kyren Williams RB Kyle Monangai TE Colston Loveland WR DeVonta Smith WR Davante Adams WR Dontayvion Wicks,,,
449,5273788643,JAGPE,0,111.299995,DST Eagles  FLEX Kyren Williams QB Matthew Stafford RB Saquon Barkley RB D'Andre Swift TE Evan Engram WR DeVonta Smith WR Davante Adams WR Courtland Sutton,,,
449,5273845343,Noflyzone52,0,111.299995,DST Eagles  FLEX Saquon Barkley QB Matthew Stafford RB D'Andre Swift RB Kyren Williams TE Evan Engram WR DeVonta Smith WR Davante Adams WR Courtland Sutton,,,
449,5273916999,Chadwick1025,0,111.299995,DST Eagles  FLEX Saquon Barkley QB Matthew Stafford RB D'Andre Swift RB Kyren Williams TE Cole Kmet WR DeVonta Smith WR Davante Adams WR Courtland Sutton,,,
449,5274086395,rhall61,0,111.299995,DST Eagles  FLEX Kyren Williams QB Matthew Stafford RB Saquon Barkley RB D'Andre Swift TE Evan Engram WR DeVonta Smith WR Davante Adams WR Courtland Sutton,,,
449,5274091753,Matt7467,0,111.299995,DST Eagles  FLEX Kyren Williams QB Matthew Stafford RB Saquon Barkley RB D'Andre Swift TE Cole Kmet WR DeVonta Smith WR Davante Adams WR Courtland Sutton,,,
449,5274108086,fishin4wins17,0,111.299995,DST Eagles  FLEX Saquon Barkley QB Matthew Stafford RB D'Andre Swift RB Kyren Williams TE Evan Engram WR DeVonta Smith WR Davante Adams WR Courtland Sutton,,,
459,5272927069,Treaper07,0,111.200005,DST Rams  FLEX DeVonta Smith QB Matthew Stafford RB D'Andre Swift RB Kyren Williams TE Terrance Ferguson WR Jaylen Waddle WR Davante Adams WR Dontayvion Wicks,,,
459,5273672163,Taiyo621,0,111.200005,DST Rams  FLEX DeVonta Smith QB Matthew Stafford RB D'Andre Swift RB Kyren Williams TE Terrance Ferguson WR Jaylen Waddle WR Davante Adams WR Dontayvion Wicks,,,
459,5273938813,IanT,0,111.200005,DST Rams  FLEX DeVonta Smith QB Matthew Stafford RB D'Andre Swift RB Kyren Williams TE Zach Ertz WR Jaylen Waddle WR Davante Adams WR Dontayvion Wicks,,,
459,5274084253,Brantley1978,0,111.200005,DST Rams  FLEX Jaylen Waddle QB Matthew Stafford RB D'Andre Swift RB Kyren Williams TE Terrance Ferguson WR DeVonta Smith WR Davante Adams WR Dontayvion Wicks,,,
459,5274089140,sappdaddy22,0,111.200005,DST Rams  FLEX Davante Adams QB Matthew Stafford RB D'Andre Swift RB Kyren Williams TE Zach Ertz WR DeVonta Smith WR Jaylen Waddle WR Dontayvion Wicks,,,
464,5271412536,Orbotski,0,111.14001,DST Eagles  FLEX Saquon Barkley QB Bo Nix RB Kyren Williams RB RJ Harvey TE Terrance Ferguson WR DeVonta Smith WR Jaylen Waddle WR Davante Adams,,,
464,5273584335,Hoopster85,0,111.14001,DST Eagles  FLEX RJ Harvey QB Bo Nix RB Saquon Barkley RB Kyren Williams TE Terrance Ferguson WR DeVonta Smith WR Jaylen Waddle WR Davante Adams,,,
464,5273789607,Pojo5,0,111.14001,DST Eagles  FLEX RJ Harvey QB Bo Nix RB Saquon Barkley RB Kyren Williams TE Terrance Ferguson WR DeVonta Smith WR Jaylen Waddle WR Davante Adams,,,
464,5273808003,timothy.beechler,0,111.14001,DST Eagles  FLEX Saquon Barkley QB Bo Nix RB Kyren Williams RB RJ Harvey TE Terrance Ferguson WR DeVonta Smith WR Jaylen Waddle WR Davante Adams,,,
464,5273916649,Queen28,0,111.14001,DST Eagles  FLEX Saquon Barkley QB Bo Nix RB Kyren Williams RB RJ Harvey TE Terrance Ferguson WR DeVonta Smith WR Jaylen Waddle WR Davante Adams,,,
469,5271550237,Dubbzz,0,111.04,DST Broncos  FLEX DeVonta Smith QB Bo Nix RB Saquon Barkley RB D'Andre Swift TE Terrance Ferguson WR Jaylen Waddle WR Davante Adams WR Courtland Sutton,,,
470,5270071571,billymybob,0,111.02001,DST Broncos  FLEX Kyren Williams QB Jalen Hurts RB D'Andre Swift RB J.K. Dobbins TE Zach Ertz WR DeVonta Smith WR Jaylen Waddle WR Davante Adams,,,
470,5273604321,WULFIE101,0,111.02001,DST Broncos  FLEX D'Andre Swift QB Jalen Hurts RB Kyren Williams RB J.K. Dobbins TE Terrance Ferguson WR DeVonta Smith WR Jaylen Waddle WR Davante Adams,,,
470,5273711484,Mastodonian,0,111.02001,DST Broncos  FLEX D'Andre Swift QB Jalen Hurts RB Kyren Williams RB J.K. Dobbins TE Terrance Ferguson WR DeVonta Smith WR Jaylen Waddle WR Davante Adams,,,
470,5274083030,Chanell718,0,111.02001,DST Broncos  FLEX J.K. Dobbins QB Jalen Hurts RB D'Andre Swift RB Kyren Williams TE Zach Ertz WR DeVonta Smith WR Jaylen Waddle WR Davante Adams,,,
470,5273974872,BigMoneyHitterz,0,111.020004,DST Rams  FLEX Kalif Raymond QB Jalen Hurts RB Saquon Barkley RB Kyren Williams TE Evan Engram WR DeVonta Smith WR Jaylen Waddle WR Davante Adams,,,
470,5269892636,Cfw828,0,111.02,DST Rams  FLEX Davante Adams QB Jalen Hurts RB Saquon Barkley RB Kyren Williams TE Adam Trautman WR DeVonta Smith WR Luther Burden III WR Courtland Sutton,,,
476,5273900575,ledkdogg,0,111,DST Rams  FLEX Kyle Monangai QB Matthew Stafford RB D'Andre Swift RB Kyren Williams TE Terrance Ferguson WR Jaylen Waddle WR Davante Adams WR Pat Bryant,,,
477,5274002625,mayhembuzz122,0,110.9,DST Broncos  FLEX DeVonta Smith QB Matthew Stafford RB D'Andre Swift RB Kyle Monangai TE Colston Loveland WR Jaylen Waddle WR Davante Adams WR Rome Odunze,,,
478,5269141387,Thegingerninja,0,110.799995,DST Eagles  FLEX Saquon Barkley QB Matthew Stafford RB D'Andre Swift RB Kyren Williams TE Terrance Ferguson WR DeVonta Smith WR Davante Adams WR Dontayvion Wicks,,,
478,5273567918,NC004041,0,110.799995,DST Eagles  FLEX D'Andre Swift QB Matthew Stafford RB Saquon Barkley RB Kyren Williams TE Zach Ertz WR DeVonta Smith WR Davante Adams WR Dontayvion Wicks,,,
478,5273706347,ChiCity07,0,110.799995,DST Eagles  FLEX D'Andre Swift QB Matthew Stafford RB Saquon Barkley RB Kyren Williams TE Terrance Ferguson WR DeVonta Smith WR Davante Adams WR Dontayvion Wicks,,,
478,5273723960,Jasonfonseca1982,0,110.799995,DST Eagles  FLEX D'Andre Swift QB Matthew Stafford RB Saquon Barkley RB Kyren Williams TE Terrance Ferguson WR DeVonta Smith WR Davante Adams WR Dontayvion Wicks,,,
478,5273730185,Huntrigsby,0,110.799995,DST Eagles  FLEX D'Andre Swift QB Matthew Stafford RB Saquon Barkley RB Kyren Williams TE Terrance Ferguson WR DeVonta Smith WR Davante Adams WR Dontayvion Wicks,,,
478,5274071456,jlownds,0,110.799995,DST Eagles  FLEX D'Andre Swift QB Matthew Stafford RB Saquon Barkley RB Kyren Williams TE Terrance Ferguson WR DeVonta Smith WR Davante Adams WR Dontayvion Wicks,,,
484,5272766404,NoKlueOne,0,110.72,DST Rams  FLEX Saquon Barkley QB Jalen Hurts RB D'Andre Swift RB Kyren Williams TE Terrance Ferguson WR DeVonta Smith WR Davante Adams WR Pat Bryant,,,
485,5273605978,OleBo713,0,110.700005,DST Eagles  FLEX Saquon Barkley QB Matthew Stafford RB Kyren Williams RB RJ Harvey TE Terrance Ferguson WR DeVonta Smith WR Davante Adams WR Dontayvion Wicks,,,
486,5271157227,dogcatman,0,110.600006,DST Eagles  FLEX Courtland Sutton QB Matthew Stafford RB D'Andre Swift RB Kyren Williams TE Zach Ertz WR DeVonta Smith WR Jaylen Waddle WR Davante Adams,,,
486,5273419073,Davidb613,0,110.600006,DST Eagles  FLEX DeVonta Smith QB Matthew Stafford RB D'Andre Swift RB Kyren Williams TE Zach Ertz WR Jaylen Waddle WR Davante Adams WR Courtland Sutton,,,
486,5274012648,rodgo1,0,110.600006,DST Eagles  FLEX Courtland Sutton QB Matthew Stafford RB D'Andre Swift RB Kyren Williams TE Terrance Ferguson WR DeVonta Smith WR Jaylen Waddle WR Davante Adams,,,
486,5274091966,masonrymaster,0,110.600006,DST Bears  FLEX Tank Bigsby QB Matthew Stafford RB D'Andre Swift RB Kyren Williams TE Terrance Ferguson WR Jaylen Waddle WR Davante Adams WR Courtland Sutton,,,
486,5273865969,Fishnaked,0,110.6,DST Bears  FLEX D'Andre Swift QB Tyson Bagent RB Saquon Barkley RB Kyren Williams TE Colston Loveland WR Jaylen Waddle WR Davante Adams WR Luther Burden III,,,
491,5269679305,Titansman1,0,110.58001,DST Eagles  FLEX Saquon Barkley QB Case Keenum RB D'Andre Swift RB Kyren Williams TE Zach Ertz WR DeVonta Smith WR Jaylen Waddle WR Davante Adams,,,
491,5271083569,brainwelling,0,110.58001,DST Eagles  FLEX D'Andre Swift QB Case Keenum RB Saquon Barkley RB Kyren Williams TE Terrance Ferguson WR DeVonta Smith WR Jaylen Waddle WR Davante Adams,,,
491,5274119023,RunaroundSuh,0,110.58001,DST Eagles  FLEX Saquon Barkley QB Case Keenum RB D'Andre Swift RB Kyren Williams TE Terrance Ferguson WR DeVonta Smith WR Jaylen Waddle WR Davante Adams,,,
494,5271101167,SICRU,0,110.54,DST Eagles  FLEX D'Andre Swift QB Bo Nix RB Saquon Barkley RB Kyren Williams TE Evan Engram WR DeVonta Smith WR Davante Adams WR Courtland Sutton,,,
494,5273651901,jeffylube,0,110.54,DST Eagles  FLEX D'Andre Swift QB Bo Nix RB Saquon Barkley RB Kyren Williams TE Evan Engram WR DeVonta Smith WR Davante Adams WR Courtland Sutton,,,
494,5273950086,1hit1ders,0,110.54,DST Eagles  FLEX D'Andre Swift QB Bo Nix RB Saquon Barkley RB Kyren Williams TE Evan Engram WR DeVonta Smith WR Davante Adams WR Courtland Sutton,,,
494,5274045016,Tioga743,0,110.54,DST Eagles  FLEX D'Andre Swift QB Bo Nix RB Saquon Barkley RB Kyren Williams TE Evan Engram WR DeVonta Smith WR Davante Adams WR Courtland Sutton,,,
498,5273802504,cowgirl71,0,110.52,DST Eagles  FLEX DeVonta Smith QB Jalen Hurts RB D'Andre Swift RB Kyren Williams TE Terrance Ferguson WR Davante Adams WR Dontayvion Wicks WR Kalif Raymond,,,
499,5271765271,chembroski,0,110.420006,DST Eagles  FLEX Luther Burden III QB Jalen Hurts RB Kyren Williams RB RJ Harvey TE Terrance Ferguson WR DeVonta Smith WR Jaylen Waddle WR Davante Adams,,,
499,5273450788,toshalindsay,0,110.420006,DST Broncos  FLEX Davante Adams QB Jalen Hurts RB D'Andre Swift RB Kyren Williams TE Evan Engram WR DeVonta Smith WR Jaylen Waddle WR Courtland Sutton,,,
499,5273637743,G1221,0,110.420006,DST Broncos  FLEX Jaylen Waddle QB Jalen Hurts RB D'Andre Swift RB Kyren Williams TE Colby Parkinson WR DeVonta Smith WR Davante Adams WR Courtland Sutton,,,
499,5273680967,mez1979,0,110.420006,DST Eagles  FLEX Luther Burden III QB Jalen Hurts RB Kyren Williams RB RJ Harvey TE Terrance Ferguson WR DeVonta Smith WR Jaylen Waddle WR Davante Adams,,,
499,5273699942,NWR80,0,110.420006,DST Eagles  FLEX Luther Burden III QB Jalen Hurts RB Kyren Williams RB RJ Harvey TE Terrance Ferguson WR DeVonta Smith WR Jaylen Waddle WR Davante Adams,,,
499,5273892737,connormom,0,110.420006,DST Eagles  FLEX J.K. Dobbins QB Jalen Hurts RB D'Andre Swift RB Kyren Williams TE Zach Ertz WR DeVonta Smith WR Davante Adams WR Luther Burden III,,,
505,5271406083,IrishColts,0,110.40001,DST Rams  FLEX D'Andre Swift QB Matthew Stafford RB Kyren Williams RB J.K. Dobbins TE Evan Engram WR DeVonta Smith WR Jaylen Waddle WR Davante Adams,,,
505,5274094729,JimJam420,0,110.40001,DST Eagles  FLEX Rome Odunze QB Matthew Stafford RB D'Andre Swift RB Kyren Williams TE Zach Ertz WR DeVonta Smith WR Jaylen Waddle WR Davante Adams,,,
505,5274104186,BucNray13,0,110.40001,DST Eagles  FLEX DeVonta Smith QB Matthew Stafford RB D'Andre Swift RB Kyren Williams TE Zach Ertz WR Jaylen Waddle WR Davante Adams WR Rome Odunze,,,
508,5271740398,Deltadawg,0,110.340004,DST Rams  FLEX D'Andre Swift QB Bo Nix RB Saquon Barkley RB Kyren Williams TE Terrance Ferguson WR DeVonta Smith WR Jaylen Waddle WR Luther Burden III,,,
508,5273971885,JPRut1965,0,110.340004,DST Eagles  FLEX Saquon Barkley QB Bo Nix RB D'Andre Swift RB Kyren Williams TE Evan Engram WR DeVonta Smith WR Davante Adams WR Rome Odunze,,,
510,5268958287,Pasc88,0,110.22001,DST Broncos  FLEX Rome Odunze QB Jalen Hurts RB D'Andre Swift RB Kyren Williams TE Evan Engram WR DeVonta Smith WR Jaylen Waddle WR Davante Adams,,,
510,5271935259,luv2fishpublic,0,110.22001,DST Broncos  FLEX Rome Odunze QB Jalen Hurts RB D'Andre Swift RB Kyren Williams TE Evan Engram WR DeVonta Smith WR Jaylen Waddle WR Davante Adams,,,
512,5273978594,Rodzilla67,0,110.12001,DST Bears  FLEX Rome Odunze QB Jalen Hurts RB D'Andre Swift RB Kyren Williams TE Zach Ertz WR DeVonta Smith WR Jaylen Waddle WR Davante Adams,,,
513,5273544722,Mike3333,0,110.100006,DST Eagles  FLEX Zach Ertz QB Matthew Stafford RB D'Andre Swift RB Kyren Williams TE Colston Loveland WR DeVonta Smith WR Jaylen Waddle WR Davante Adams,,,
513,5274091370,SnagDaddy,0,110.100006,DST Rams  FLEX D'Andre Swift QB Matthew Stafford RB Saquon Barkley RB Kyren Williams TE Zach Ertz WR Jaylen Waddle WR Davante Adams WR Courtland Sutton,,,
513,5273278352,donut207,0,110.1,DST Eagles  FLEX D'Andre Swift QB Matthew Stafford RB Kyren Williams RB Kyle Monangai TE Colston Loveland WR DeVonta Smith WR Davante Adams WR Dontayvion Wicks,,,
513,5273638777,Aoteoroa,0,110.1,DST Rams  FLEX Saquon Barkley QB Matthew Stafford RB D'Andre Swift RB Blake Corum TE Terrance Ferguson WR DeVonta Smith WR Davante Adams WR Luther Burden III,,,
517,5270696946,RYBELL007,0,110.08,DST Rams  FLEX Luther Burden III QB Case Keenum RB Saquon Barkley RB RJ Harvey TE Colston Loveland WR Jaylen Waddle WR Davante Adams WR Makai Lemon,,,
518,5272615855,Salemme99,0,110.020004,DST Broncos  FLEX Colston Loveland QB Jalen Hurts RB Saquon Barkley RB Kyren Williams TE Terrance Ferguson WR DeVonta Smith WR Jaylen Waddle WR Davante Adams,,,
518,5273550500,rbradley43,0,110.020004,DST Broncos  FLEX Colston Loveland QB Jalen Hurts RB Saquon Barkley RB Kyren Williams TE Terrance Ferguson WR DeVonta Smith WR Jaylen Waddle WR Davante Adams,,,
518,5274048516,deatherton,0,110.020004,DST Broncos  FLEX Colston Loveland QB Jalen Hurts RB Saquon Barkley RB Kyren Williams TE Terrance Ferguson WR DeVonta Smith WR Jaylen Waddle WR Davante Adams,,,
521,5268872637,therebelbraker30,0,109.920006,DST Eagles  FLEX Kalif Raymond QB Jalen Hurts RB Saquon Barkley RB Kyren Williams TE Zach Ertz WR DeVonta Smith WR Jaylen Waddle WR Davante Adams,,,
521,5270177687,rrg725,0,109.920006,DST Eagles  FLEX Kalif Raymond QB Jalen Hurts RB Saquon Barkley RB Kyren Williams TE Zach Ertz WR DeVonta Smith WR Jaylen Waddle WR Davante Adams,,,
521,5271112099,WeeklyHigh,0,109.920006,DST Eagles  FLEX Jaylen Waddle QB Jalen Hurts RB Saquon Barkley RB Kyren Williams TE Terrance Ferguson WR DeVonta Smith WR Davante Adams WR Kalif Raymond,,,
521,5273549626,ronwins1,0,109.920006,DST Broncos  FLEX Evan Engram QB Jalen Hurts RB D'Andre Swift RB Kyren Williams TE Colston Loveland WR DeVonta Smith WR Jaylen Waddle WR Davante Adams,,,
521,5273616547,dubdiz15,0,109.920006,DST Eagles  FLEX DeVonta Smith QB Jalen Hurts RB Saquon Barkley RB Kyren Williams TE Terrance Ferguson WR Jaylen Waddle WR Davante Adams WR Kalif Raymond,,,
521,5273716918,TimmyGobot,0,109.920006,DST Broncos  FLEX Dontayvion Wicks QB Jalen Hurts RB D'Andre Swift RB Kyren Williams TE Terrance Ferguson WR DeVonta Smith WR Jaylen Waddle WR Davante Adams,,,
521,5273798548,Spike71,0,109.920006,DST Eagles  FLEX DeVonta Smith QB Jalen Hurts RB Saquon Barkley RB Kyren Williams TE Terrance Ferguson WR Jaylen Waddle WR Davante Adams WR Kalif Raymond,,,
521,5273633042,shanke79,0,109.92,DST Bears  FLEX J.K. Dobbins QB Jalen Hurts RB Saquon Barkley RB D'Andre Swift TE Colston Loveland WR Davante Adams WR Luther Burden III WR Courtland Sutton,,,
521,5273833629,safrazali,0,109.92,DST Eagles  FLEX Courtland Sutton QB Jalen Hurts RB Saquon Barkley RB Kyren Williams TE Terrance Ferguson WR DeVonta Smith WR Davante Adams WR Luther Burden III,,,
530,5273699941,whitesox2022champs,0,109.90001,DST Rams  FLEX D'Andre Swift QB Matthew Stafford RB Saquon Barkley RB Kyren Williams TE Terrance Ferguson WR Jaylen Waddle WR Davante Adams WR Rome Odunze,,,
530,5274111992,dzfheezz,0,109.90001,DST Rams  FLEX D'Andre Swift QB Matthew Stafford RB Saquon Barkley RB Kyren Williams TE Zach Ertz WR Jaylen Waddle WR Davante Adams WR Rome Odunze,,,
530,5271326750,JWRipper,0,109.9,DST Broncos  FLEX Courtland Sutton QB Matthew Stafford RB Saquon Barkley RB D'Andre Swift TE Evan Engram WR DeVonta Smith WR Jaylen Waddle WR Davante Adams,,,
530,5271625374,Tychaser5,0,109.9,DST Broncos  FLEX Jaylen Waddle QB Matthew Stafford RB Saquon Barkley RB D'Andre Swift TE Evan Engram WR DeVonta Smith WR Davante Adams WR Courtland Sutton,,,
530,5273605162,mike2382,0,109.9,DST Eagles  FLEX Luther Burden III QB Matthew Stafford RB Saquon Barkley RB RJ Harvey TE Terrance Ferguson WR DeVonta Smith WR Jaylen Waddle WR Davante Adams,,,
530,5273651448,Toomuchskin,0,109.9,DST Eagles  FLEX J.K. Dobbins QB Matthew Stafford RB Saquon Barkley RB D'Andre Swift TE Terrance Ferguson WR DeVonta Smith WR Davante Adams WR Luther Burden III,,,
530,5273965746,shawnj1980,0,109.9,DST Eagles  FLEX Luther Burden III QB Matthew Stafford RB Saquon Barkley RB RJ Harvey TE Terrance Ferguson WR DeVonta Smith WR Jaylen Waddle WR Davante Adams,,,
537,5270828797,kneegrowdamas,0,109.88,DST Eagles  FLEX Kyle Monangai QB Case Keenum RB D'Andre Swift RB Kyren Williams TE Colston Loveland WR DeVonta Smith WR Jaylen Waddle WR Davante Adams,,,
538,5269164640,Deathflower74,0,109.84,DST Eagles  FLEX DeVonta Smith QB Bo Nix RB D'Andre Swift RB Kyren Williams TE Terrance Ferguson WR Jaylen Waddle WR Davante Adams WR Courtland Sutton,,,
538,5273648378,lkdogg,0,109.84,DST Eagles  FLEX DeVonta Smith QB Bo Nix RB D'Andre Swift RB Kyren Williams TE Terrance Ferguson WR Jaylen Waddle WR Davante Adams WR Courtland Sutton,,,
538,5273704463,Hilvon,0,109.84,DST Eagles  FLEX DeVonta Smith QB Bo Nix RB D'Andre Swift RB Kyren Williams TE Terrance Ferguson WR Jaylen Waddle WR Davante Adams WR Courtland Sutton,,,
541,5270851172,blazer1sd,0,109.82001,DST Bears  FLEX Zach Ertz QB Jalen Hurts RB D'Andre Swift RB Kyren Williams TE Colston Loveland WR DeVonta Smith WR Jaylen Waddle WR Davante Adams,,,
541,5273858026,elwoah,0,109.82,DST Eagles  FLEX DeVonta Smith QB Jalen Hurts RB D'Andre Swift RB Kyren Williams TE Colby Parkinson WR Davante Adams WR Luther Burden III WR Courtland Sutton,,,
543,5273610283,miserablecur,0,109.799995,DST Eagles  FLEX Saquon Barkley QB Matthew Stafford RB Kyren Williams RB RJ Harvey TE Colston Loveland WR Jaylen Waddle WR Davante Adams WR Dontayvion Wicks,,,
544,5273718447,JB9888,0,109.740005,DST Eagles  FLEX DeVonta Smith QB Bo Nix RB Kyren Williams RB RJ Harvey TE Zach Ertz WR Jaylen Waddle WR Davante Adams WR Courtland Sutton,,,
544,5273670714,colbyhornet,0,109.74,DST Broncos  FLEX D'Andre Swift QB Bo Nix RB Saquon Barkley RB J.K. Dobbins TE Terrance Ferguson WR DeVonta Smith WR Jaylen Waddle WR Davante Adams,,,
546,5273834427,jsibby20,0,109.72,DST Eagles  FLEX Rome Odunze QB Jalen Hurts RB Saquon Barkley RB Kyren Williams TE Terrance Ferguson WR DeVonta Smith WR Davante Adams WR Luther Burden III,,,
546,5273999625,Cnood24,0,109.72,DST Broncos  FLEX D'Andre Swift QB Jalen Hurts RB Saquon Barkley RB J.K. Dobbins TE Evan Engram WR DeVonta Smith WR Davante Adams WR Luther Burden III,,,
546,5274001307,rollsrose513,0,109.72,DST Broncos  FLEX D'Andre Swift QB Jalen Hurts RB Saquon Barkley RB J.K. Dobbins TE Colby Parkinson WR DeVonta Smith WR Davante Adams WR Luther Burden III,,,
549,5269870645,bighunnid101,0,109.700005,DST Rams  FLEX Kyle Monangai QB Matthew Stafford RB Saquon Barkley RB D'Andre Swift TE Terrance Ferguson WR DeVonta Smith WR Davante Adams WR Luther Burden III,,,
550,5269586085,mikebkmm5,0,109.68001,DST Rams  FLEX Jaylen Waddle QB Case Keenum RB Saquon Barkley RB D'Andre Swift TE Evan Engram WR DeVonta Smith WR Davante Adams WR Luther Burden III,,,
550,5273425256,jmyers7221,0,109.68,DST Rams  FLEX D'Andre Swift QB Case Keenum RB Saquon Barkley RB Kyren Williams TE Zach Ertz WR DeVonta Smith WR Jaylen Waddle WR Luther Burden III,,,
552,5273744365,bdawg888,0,109.62,DST Bears  FLEX Saquon Barkley QB Jalen Hurts RB D'Andre Swift RB J.K. Dobbins TE Zach Ertz WR DeVonta Smith WR Davante Adams WR Luther Burden III,,,
553,5274078488,bigred5508,0,109.6,DST Eagles  FLEX Saquon Barkley QB Matthew Stafford RB D'Andre Swift RB Kyren Williams TE Colby Parkinson WR DeVonta Smith WR Davante Adams WR Makai Lemon,,,
554,5270812780,atong126,0,109.50001,DST Rams  FLEX D'Andre Swift QB Matthew Stafford RB Kyren Williams RB Blake Corum TE Terrance Ferguson WR DeVonta Smith WR Jaylen Waddle WR Davante Adams,,,
555,5273779229,buffalown,0,109.48,DST Rams  FLEX Luther Burden III QB Case Keenum RB Saquon Barkley RB Blake Corum TE Colston Loveland WR DeVonta Smith WR Jaylen Waddle WR Davante Adams,,,
556,5273243002,Bugatti80,0,109.420006,DST Eagles  FLEX Jaylen Waddle QB Jalen Hurts RB Saquon Barkley RB Kyren Williams TE Johnny Mundt WR DeVonta Smith WR Davante Adams WR Kalif Raymond,,,
557,5273561331,Problemj86,0,109.4,DST Rams  FLEX Davante Adams QB Matthew Stafford RB Saquon Barkley RB Kyren Williams TE Terrance Ferguson WR DeVonta Smith WR Jaylen Waddle WR Dontayvion Wicks,,,
557,5273697630,NO87,0,109.4,DST Rams  FLEX DeVonta Smith QB Matthew Stafford RB Saquon Barkley RB Kyren Williams TE Terrance Ferguson WR Jaylen Waddle WR Davante Adams WR Dontayvion Wicks,,,
559,5273991135,macbethh,0,109.32,DST Eagles  FLEX DeVonta Smith QB Jalen Hurts RB D'Andre Swift RB Kyren Williams TE Terrance Ferguson WR Davante Adams WR Luther Burden III WR Dontayvion Wicks,,,
560,5269870345,Katdaddy141,0,109.30001,DST Eagles  FLEX J.K. Dobbins QB Matthew Stafford RB D'Andre Swift RB Kyren Williams TE Terrance Ferguson WR DeVonta Smith WR Jaylen Waddle WR Davante Adams,,,
560,5272880683,megmeth,0,109.30001,DST Eagles  FLEX J.K. Dobbins QB Matthew Stafford RB D'Andre Swift RB Kyren Williams TE Terrance Ferguson WR DeVonta Smith WR Jaylen Waddle WR Davante Adams,,,
560,5273963278,josephalperto,0,109.30001,DST Eagles  FLEX J.K. Dobbins QB Matthew Stafford RB D'Andre Swift RB Kyren Williams TE Terrance Ferguson WR DeVonta Smith WR Jaylen Waddle WR Davante Adams,,,
560,5268955354,wendyamonroe,0,109.3,DST Rams  FLEX DeVonta Smith QB Matthew Stafford RB D'Andre Swift RB Kyren Williams TE Evan Engram WR Jaylen Waddle WR Davante Adams WR Dontayvion Wicks,,,
564,5273130454,joevel000,0,109.2,DST Eagles  FLEX Dontayvion Wicks QB Matthew Stafford RB D'Andre Swift RB Kyren Williams TE Terrance Ferguson WR DeVonta Smith WR Davante Adams WR Rome Odunze,,,
564,5273654702,davetroyer4406322932,0,109.2,DST Eagles  FLEX DeVonta Smith QB Matthew Stafford RB Saquon Barkley RB Kyren Williams TE Zach Ertz WR Davante Adams WR Pat Bryant WR Elijah Moore,,,
566,5271218243,iamawful,0,109.14,DST Broncos  FLEX DeVonta Smith QB Bo Nix RB Saquon Barkley RB D'Andre Swift TE Evan Engram WR Jaylen Waddle WR Davante Adams WR Courtland Sutton,,,
566,5273544991,Sammykk,0,109.13999,DST Eagles  FLEX Kyren Williams QB Bo Nix RB Saquon Barkley RB D'Andre Swift TE Colston Loveland WR Jaylen Waddle WR Davante Adams WR Dontayvion Wicks,,,
566,5273879246,Clynch21,0,109.13999,DST Eagles  FLEX D'Andre Swift QB Bo Nix RB Saquon Barkley RB Kyren Williams TE Colston Loveland WR Jaylen Waddle WR Davante Adams WR Dontayvion Wicks,,,
569,5273692804,jrsr411,0,109.12001,DST Broncos  FLEX J.K. Dobbins QB Jalen Hurts RB D'Andre Swift RB Kyren Williams TE Evan Engram WR DeVonta Smith WR Jaylen Waddle WR Davante Adams,,,
570,5273718347,KingWolf80,0,109.1,DST Rams  FLEX Kyle Monangai QB Matthew Stafford RB D'Andre Swift RB Kyren Williams TE Terrance Ferguson WR DeVonta Smith WR Jaylen Waddle WR Davante Adams,,,
570,5273959447,djplayswell,0,109.1,DST Rams  FLEX Kyle Monangai QB Matthew Stafford RB D'Andre Swift RB Kyren Williams TE Zach Ertz WR DeVonta Smith WR Jaylen Waddle WR Davante Adams,,,
570,5274037846,CWElmo,0,109.1,DST Rams  FLEX Kyren Williams QB Matthew Stafford RB D'Andre Swift RB Kyle Monangai TE Zach Ertz WR DeVonta Smith WR Jaylen Waddle WR Davante Adams,,,
573,5271075536,milligolf,0,109.04,DST Bears  FLEX DeVonta Smith QB Bo Nix RB Saquon Barkley RB D'Andre Swift TE Terrance Ferguson WR Jaylen Waddle WR Davante Adams WR Courtland Sutton,,,
574,5273910927,oldzcool,0,108.94,DST Broncos  FLEX DeVonta Smith QB Bo Nix RB Saquon Barkley RB D'Andre Swift TE Colby Parkinson WR Jaylen Waddle WR Davante Adams WR Rome Odunze,,,
575,5272104814,tabakacka,0,108.899994,DST Eagles  FLEX D'Andre Swift QB Matthew Stafford RB Saquon Barkley RB Kyren Williams TE Evan Engram WR DeVonta Smith WR Davante Adams WR Dontayvion Wicks,,,
575,5273224527,dirtysanchez20,0,108.899994,DST Eagles  FLEX Saquon Barkley QB Matthew Stafford RB D'Andre Swift RB Kyren Williams TE Evan Engram WR DeVonta Smith WR Davante Adams WR Dontayvion Wicks,,,
575,5273545999,jbates42,0,108.899994,DST Eagles  FLEX Saquon Barkley QB Matthew Stafford RB D'Andre Swift RB Kyren Williams TE Evan Engram WR DeVonta Smith WR Davante Adams WR Dontayvion Wicks,,,
578,5272416031,ASD2012,0,108.700005,DST Eagles  FLEX Courtland Sutton QB Matthew Stafford RB D'Andre Swift RB Kyren Williams TE Colby Parkinson WR DeVonta Smith WR Jaylen Waddle WR Davante Adams,,,
578,5274072396,talammer,0,108.7,DST Eagles  FLEX Saquon Barkley QB Matthew Stafford RB Kyren Williams RB J.K. Dobbins TE Terrance Ferguson WR DeVonta Smith WR Davante Adams WR Courtland Sutton,,,
580,5273491222,KMac745,0,108.68001,DST Eagles  FLEX Kyren Williams QB Case Keenum RB Saquon Barkley RB D'Andre Swift TE Evan Engram WR DeVonta Smith WR Jaylen Waddle WR Davante Adams,,,
580,5273698036,Maj_Lee_Fuqkdup,0,108.68001,DST Eagles  FLEX D'Andre Swift QB Case Keenum RB Saquon Barkley RB Kyren Williams TE Evan Engram WR DeVonta Smith WR Jaylen Waddle WR Davante Adams,,,
582,5274103675,master36151,0,108.62,DST Broncos  FLEX Kyren Williams QB Jalen Hurts RB Saquon Barkley RB D'Andre Swift TE Zach Ertz WR Jaylen Waddle WR Davante Adams WR Rome Odunze,,,
582,5271712138,Gabor_33,0,108.619995,DST Bears  FLEX Saquon Barkley QB Jalen Hurts RB D'Andre Swift RB Kyren Williams TE Evan Engram WR DeVonta Smith WR Davante Adams WR Dontayvion Wicks,,,
582,5274130118,Reboundboy,0,108.619995,DST Eagles  FLEX Kyren Williams QB Jalen Hurts RB D'Andre Swift RB Blake Corum TE Tyler Higbee WR DeVonta Smith WR Jaylen Waddle WR Luther Burden III,,,
585,5273959090,joymomof2,0,108.58001,DST Eagles  FLEX Jaylen Waddle QB Case Keenum RB Saquon Barkley RB D'Andre Swift TE Terrance Ferguson WR DeVonta Smith WR Davante Adams WR Luther Burden III,,,
586,5271280028,nh70744,0,108.54,DST Eagles  FLEX J.K. Dobbins QB Bo Nix RB D'Andre Swift RB Kyren Williams TE Terrance Ferguson WR DeVonta Smith WR Jaylen Waddle WR Davante Adams,,,
586,5274110034,fearisaliar,0,108.54,DST Eagles  FLEX D'Andre Swift QB Bo Nix RB Kyren Williams RB J.K. Dobbins TE Zach Ertz WR DeVonta Smith WR Jaylen Waddle WR Davante Adams,,,
586,5274085892,respo22,0,108.53999,DST Bears  FLEX D'Andre Swift QB Bo Nix RB Kyren Williams RB Kyle Monangai TE Terrance Ferguson WR Jaylen Waddle WR Luther Burden III WR Courtland Sutton,,,
589,5272237688,qbcoach9,0,108.520004,DST Eagles  FLEX Davante Adams QB Jalen Hurts RB Kyren Williams RB RJ Harvey TE Evan Engram WR DeVonta Smith WR Jaylen Waddle WR Luther Burden III,,,
589,5273730931,MatSF,0,108.520004,DST Eagles  FLEX J.K. Dobbins QB Jalen Hurts RB D'Andre Swift RB Kyren Williams TE Evan Engram WR DeVonta Smith WR Davante Adams WR Luther Burden III,,,
589,5273892323,Worm0115,0,108.52,DST Broncos  FLEX Kyle Monangai QB Jalen Hurts RB Saquon Barkley RB Kyren Williams TE Colston Loveland WR DeVonta Smith WR Jaylen Waddle WR Kalif Raymond,,,
592,5269888394,Schoey17,0,108.50001,DST Bears  FLEX Saquon Barkley QB Matthew Stafford RB D'Andre Swift RB J.K. Dobbins TE Terrance Ferguson WR DeVonta Smith WR Jaylen Waddle WR Davante Adams,,,
592,5270434282,hammer6286,0,108.50001,DST Eagles  FLEX Jaylen Waddle QB Matthew Stafford RB D'Andre Swift RB Kyren Williams TE Evan Engram WR DeVonta Smith WR Davante Adams WR Rome Odunze,,,
592,5272633126,jhstrick,0,108.50001,DST Eagles  FLEX Rome Odunze QB Matthew Stafford RB D'Andre Swift RB Kyren Williams TE Evan Engram WR DeVonta Smith WR Jaylen Waddle WR Davante Adams,,,
595,5269598199,gravelramabrawl,0,108.420006,DST Eagles  FLEX Luther Burden III QB Jalen Hurts RB D'Andre Swift RB Kyren Williams TE Colston Loveland WR Jaylen Waddle WR Davante Adams WR Dontayvion Wicks,,,
595,5274139919,Gaines81,0,108.420006,DST Bears  FLEX DeVonta Smith QB Jalen Hurts RB D'Andre Swift RB Kyren Williams TE Evan Engram WR Jaylen Waddle WR Davante Adams WR Courtland Sutton,,,
595,5274140596,FlairFlyers,0,108.420006,DST Bears  FLEX DeVonta Smith QB Jalen Hurts RB D'Andre Swift RB Kyren Williams TE Evan Engram WR Jaylen Waddle WR Davante Adams WR Courtland Sutton,,,
598,5271514361,rbassett77,0,108.32001,DST Rams  FLEX Kyle Monangai QB Jalen Hurts RB D'Andre Swift RB Kyren Williams TE Colby Parkinson WR DeVonta Smith WR Davante Adams WR Luther Burden III,,,
599,5269284740,Freshca,0,108.3,DST Eagles  FLEX Colston Loveland QB Matthew Stafford RB Saquon Barkley RB Kyren Williams TE Terrance Ferguson WR DeVonta Smith WR Jaylen Waddle WR Davante Adams,,,
599,5270746102,Sammy.Boy,0,108.3,DST Eagles  FLEX Colston Loveland QB Matthew Stafford RB Saquon Barkley RB Kyren Williams TE Terrance Ferguson WR DeVonta Smith WR Jaylen Waddle WR Davante Adams,,,
599,5272252619,KingDukeFarmer81,0,108.3,DST Eagles  FLEX Colston Loveland QB Matthew Stafford RB Saquon Barkley RB Kyren Williams TE Terrance Ferguson WR DeVonta Smith WR Jaylen Waddle WR Davante Adams,,,
599,5273580977,cheezdawg,0,108.3,DST Eagles  FLEX Colston Loveland QB Matthew Stafford RB Saquon Barkley RB Kyren Williams TE Terrance Ferguson WR DeVonta Smith WR Jaylen Waddle WR Davante Adams,,,
599,5273581825,blakejanney,0,108.3,DST Eagles  FLEX Colston Loveland QB Matthew Stafford RB Saquon Barkley RB Kyren Williams TE Terrance Ferguson WR DeVonta Smith WR Jaylen Waddle WR Davante Adams,,,
599,5273584642,habsfan20164,0,108.3,DST Eagles  FLEX Colston Loveland QB Matthew Stafford RB Saquon Barkley RB Kyren Williams TE Terrance Ferguson WR DeVonta Smith WR Jaylen Waddle WR Davante Adams,,,
599,5274039162,wphsu99,0,108.3,DST Eagles  FLEX Colston Loveland QB Matthew Stafford RB Saquon Barkley RB Kyren Williams TE Terrance Ferguson WR DeVonta Smith WR Jaylen Waddle WR Davante Adams,,,
599,5274146065,pwee31,0,108.3,DST Eagles  FLEX Colston Loveland QB Matthew Stafford RB Saquon Barkley RB Kyren Williams TE Terrance Ferguson WR DeVonta Smith WR Jaylen Waddle WR Davante Adams,,,
599,5273668751,WarPath85,0,108.299995,DST Eagles  FLEX Saquon Barkley QB Matthew Stafford RB Kyren Williams RB Kyle Monangai TE Colston Loveland WR DeVonta Smith WR Davante Adams WR Dontayvion Wicks,,,
608,5268980751,mfm1995,0,108.22001,DST Broncos  FLEX Blake Corum QB Jalen Hurts RB D'Andre Swift RB Kyren Williams TE Zach Ertz WR DeVonta Smith WR Jaylen Waddle WR Davante Adams,,,
608,5269043717,66Pens,0,108.22,DST Eagles  FLEX D'Andre Swift QB Jalen Hurts RB Saquon Barkley RB Kyren Williams TE Terrance Ferguson WR Davante Adams WR Luther Burden III WR Courtland Sutton,,,
608,5273590695,jose61609,0,108.22,DST Eagles  FLEX D'Andre Swift QB Jalen Hurts RB Saquon Barkley RB Kyren Williams TE Zach Ertz WR Davante Adams WR Luther Burden III WR Courtland Sutton,,,
611,5270765704,Captsky23,0,108.200005,DST Eagles  FLEX Jaylen Waddle QB Matthew Stafford RB D'Andre Swift RB Kyren Williams TE Terrance Ferguson WR DeVonta Smith WR Davante Adams WR Dontayvion Wicks,,,
611,5272443248,19aces70,0,108.200005,DST Eagles  FLEX DeVonta Smith QB Matthew Stafford RB D'Andre Swift RB Kyren Williams TE Zach Ertz WR Jaylen Waddle WR Davante Adams WR Dontayvion Wicks,,,
611,5273889303,traitor1086,0,108.200005,DST Eagles  FLEX Jaylen Waddle QB Matthew Stafford RB D'Andre Swift RB Kyren Williams TE Terrance Ferguson WR DeVonta Smith WR Davante Adams WR Dontayvion Wicks,,,
611,5273905823,R2D288,0,108.200005,DST Eagles  FLEX DeVonta Smith QB Matthew Stafford RB D'Andre Swift RB Kyren Williams TE Terrance Ferguson WR Jaylen Waddle WR Davante Adams WR Dontayvion Wicks,,,
611,5274046773,Jaz60,0,108.200005,DST Eagles  FLEX Dontayvion Wicks QB Matthew Stafford RB D'Andre Swift RB Kyren Williams TE Terrance Ferguson WR DeVonta Smith WR Jaylen Waddle WR Davante Adams,,,
611,5274062147,watertiger,0,108.200005,DST Eagles  FLEX Jaylen Waddle QB Matthew Stafford RB D'Andre Swift RB Kyren Williams TE Terrance Ferguson WR DeVonta Smith WR Davante Adams WR Dontayvion Wicks,,,
611,5274111072,slang925,0,108.200005,DST Rams  FLEX Saquon Barkley QB Matthew Stafford RB D'Andre Swift RB Kyren Williams TE Colby Parkinson WR Jaylen Waddle WR Davante Adams WR Courtland Sutton,,,
611,5274123980,ChrisAcosta3,0,108.200005,DST Eagles  FLEX DeVonta Smith QB Matthew Stafford RB D'Andre Swift RB Kyren Williams TE Terrance Ferguson WR Jaylen Waddle WR Davante Adams WR Dontayvion Wicks,,,
619,5273574488,leahey99,0,108.12,DST Broncos  FLEX DeVonta Smith QB Jalen Hurts RB Saquon Barkley RB Kyren Williams TE Terrance Ferguson WR Jaylen Waddle WR Davante Adams WR Dontayvion Wicks,,,
619,5273742019,cde201,0,108.12,DST Broncos  FLEX Dontayvion Wicks QB Jalen Hurts RB Saquon Barkley RB Kyren Williams TE Zach Ertz WR DeVonta Smith WR Jaylen Waddle WR Davante Adams,,,
621,5273388128,Slugxx,0,108.1,DST Eagles  FLEX DeVonta Smith QB Matthew Stafford RB Kyren Williams RB RJ Harvey TE Terrance Ferguson WR Jaylen Waddle WR Davante Adams WR Dontayvion Wicks,,,
622,5268859086,sharker311,0,108.04001,DST Eagles  FLEX DeVonta Smith QB Bo Nix RB Saquon Barkley RB Kyren Williams TE Terrance Ferguson WR Jaylen Waddle WR Davante Adams WR Courtland Sutton,,,
622,5269915859,franksta,0,108.04001,DST Eagles  FLEX DeVonta Smith QB Bo Nix RB Saquon Barkley RB Kyren Williams TE Terrance Ferguson WR Jaylen Waddle WR Davante Adams WR Courtland Sutton,,,
622,5273161274,PineappleTruck,0,108.04001,DST Eagles  FLEX DeVonta Smith QB Bo Nix RB Saquon Barkley RB Kyren Williams TE Terrance Ferguson WR Jaylen Waddle WR Davante Adams WR Courtland Sutton,,,
622,5273224975,Dmerkel1980,0,108.04001,DST Eagles  FLEX Davante Adams QB Bo Nix RB Saquon Barkley RB Kyren Williams TE Terrance Ferguson WR DeVonta Smith WR Jaylen Waddle WR Courtland Sutton,,,
622,5273349926,BroncoDad,0,108.04001,DST Eagles  FLEX DeVonta Smith QB Bo Nix RB Saquon Barkley RB Kyren Williams TE Terrance Ferguson WR Jaylen Waddle WR Davante Adams WR Courtland Sutton,,,
622,5273536422,Wrlisa,0,108.04001,DST Eagles  FLEX DeVonta Smith QB Bo Nix RB Saquon Barkley RB Kyren Williams TE Terrance Ferguson WR Jaylen Waddle WR Davante Adams WR Courtland Sutton,,,
622,5273543936,BeatusMeatus,0,108.04001,DST Eagles  FLEX DeVonta Smith QB Bo Nix RB Saquon Barkley RB Kyren Williams TE Terrance Ferguson WR Jaylen Waddle WR Davante Adams WR Courtland Sutton,,,
622,5273561426,Troncat77,0,108.04001,DST Eagles  FLEX DeVonta Smith QB Bo Nix RB Saquon Barkley RB Kyren Williams TE Terrance Ferguson WR Jaylen Waddle WR Davante Adams WR Courtland Sutton,,,
622,5273600546,abo21,0,108.04001,DST Eagles  FLEX DeVonta Smith QB Bo Nix RB Saquon Barkley RB Kyren Williams TE Terrance Ferguson WR Jaylen Waddle WR Davante Adams WR Courtland Sutton,,,
622,5273640104,stock2mail,0,108.04001,DST Eagles  FLEX DeVonta Smith QB Bo Nix RB Saquon Barkley RB Kyren Williams TE Terrance Ferguson WR Jaylen Waddle WR Davante Adams WR Courtland Sutton,,,
622,5273666938,gigoloJoe,0,108.04001,DST Eagles  FLEX DeVonta Smith QB Bo Nix RB Saquon Barkley RB Kyren Williams TE Terrance Ferguson WR Jaylen Waddle WR Davante Adams WR Courtland Sutton,,,
622,5273682940,gorillabiscuit,0,108.04001,DST Eagles  FLEX DeVonta Smith QB Bo Nix RB Saquon Barkley RB Kyren Williams TE Terrance Ferguson WR Jaylen Waddle WR Davante Adams WR Courtland Sutton,,,
622,5273991248,foofighters1977,0,108.04001,DST Eagles  FLEX DeVonta Smith QB Bo Nix RB Saquon Barkley RB Kyren Williams TE Terrance Ferguson WR Jaylen Waddle WR Davante Adams WR Courtland Sutton,,,
622,5274093274,mnix93,0,108.04001,DST Eagles  FLEX Courtland Sutton QB Bo Nix RB Saquon Barkley RB Kyren Williams TE Terrance Ferguson WR DeVonta Smith WR Jaylen Waddle WR Davante Adams,,,
622,5274119408,jonnycash86,0,108.04001,DST Eagles  FLEX Courtland Sutton QB Bo Nix RB Saquon Barkley RB Kyren Williams TE Terrance Ferguson WR DeVonta Smith WR Jaylen Waddle WR Davante Adams,,,
622,5274125315,jscgolf,0,108.04001,DST Eagles  FLEX Courtland Sutton QB Bo Nix RB Saquon Barkley RB Kyren Williams TE Terrance Ferguson WR DeVonta Smith WR Jaylen Waddle WR Davante Adams,,,
638,5271029649,Libit2014,0,108.020004,DST Eagles  FLEX Kalif Raymond QB Jalen Hurts RB Saquon Barkley RB Kyren Williams TE Evan Engram WR DeVonta Smith WR Jaylen Waddle WR Davante Adams,,,
638,5272030231,Macfarcus,0,108.020004,DST Eagles  FLEX Kalif Raymond QB Jalen Hurts RB Saquon Barkley RB Kyren Williams TE Evan Engram WR DeVonta Smith WR Jaylen Waddle WR Davante Adams,,,
638,5273540016,regulators424,0,108.020004,DST Eagles  FLEX Kalif Raymond QB Jalen Hurts RB Saquon Barkley RB Kyren Williams TE Evan Engram WR DeVonta Smith WR Jaylen Waddle WR Davante Adams,,,
638,5273657643,williamd.mcduffie,0,108.020004,DST Eagles  FLEX Davante Adams QB Jalen Hurts RB Saquon Barkley RB Kyren Williams TE Evan Engram WR DeVonta Smith WR Jaylen Waddle WR Kalif Raymond,,,
638,5273762124,Slayinkid,0,108.020004,DST Eagles  FLEX Kalif Raymond QB Jalen Hurts RB Saquon Barkley RB Kyren Williams TE Evan Engram WR DeVonta Smith WR Jaylen Waddle WR Davante Adams,,,
638,5273794169,Littlebilly65,0,108.020004,DST Broncos  FLEX DeVonta Smith QB Jalen Hurts RB D'Andre Swift RB Kyren Williams TE Evan Engram WR Jaylen Waddle WR Davante Adams WR Dontayvion Wicks,,,
638,5273818640,Beachnutt78,0,108.020004,DST Eagles  FLEX Jaylen Waddle QB Jalen Hurts RB Saquon Barkley RB Kyren Williams TE Evan Engram WR DeVonta Smith WR Davante Adams WR Kalif Raymond,,,
638,5273841312,Banks0423,0,108.020004,DST Eagles  FLEX Jaylen Waddle QB Jalen Hurts RB Saquon Barkley RB Kyren Williams TE Evan Engram WR DeVonta Smith WR Davante Adams WR Kalif Raymond,,,
638,5274030276,Chowda777,0,108.020004,DST Eagles  FLEX Kalif Raymond QB Jalen Hurts RB Saquon Barkley RB Kyren Williams TE Evan Engram WR DeVonta Smith WR Jaylen Waddle WR Davante Adams,,,
638,5274082425,banewton25,0,108.020004,DST Eagles  FLEX Kalif Raymond QB Jalen Hurts RB Saquon Barkley RB Kyren Williams TE Evan Engram WR DeVonta Smith WR Jaylen Waddle WR Davante Adams,,,
638,5274102344,JamesBall,0,108.020004,DST Eagles  FLEX Kalif Raymond QB Jalen Hurts RB Saquon Barkley RB Kyren Williams TE Evan Engram WR DeVonta Smith WR Jaylen Waddle WR Davante Adams,,,
638,5274051331,Andret81,0,108.02,DST Broncos  FLEX Saquon Barkley QB Jalen Hurts RB Kyren Williams RB J.K. Dobbins TE Zach Ertz WR DeVonta Smith WR Davante Adams WR Dontayvion Wicks,,,
650,5273666233,Joinerg1,0,107.899994,DST Rams  FLEX Luther Burden III QB Matthew Stafford RB Saquon Barkley RB Kyren Williams TE Zach Ertz WR DeVonta Smith WR Jaylen Waddle WR Courtland Sutton,,,
651,5273662055,gladiusmagnanimous,0,107.84001,DST Eagles  FLEX Rome Odunze QB Bo Nix RB Saquon Barkley RB Kyren Williams TE Terrance Ferguson WR DeVonta Smith WR Jaylen Waddle WR Davante Adams,,,
651,5272414211,gascan312,0,107.84,DST Broncos  FLEX D'Andre Swift QB Bo Nix RB Saquon Barkley RB J.K. Dobbins TE Evan Engram WR DeVonta Smith WR Jaylen Waddle WR Davante Adams,,,
651,5273741358,klonnyk,0,107.84,DST Broncos  FLEX DeVonta Smith QB Bo Nix RB Saquon Barkley RB J.K. Dobbins TE Colston Loveland WR Jaylen Waddle WR Luther Burden III WR Courtland Sutton,,,
654,5269468322,TheShackGod,0,107.82,DST Broncos  FLEX Kyle Monangai QB Jalen Hurts RB D'Andre Swift RB Kyren Williams TE Terrance Ferguson WR DeVonta Smith WR Jaylen Waddle WR Davante Adams,,,
654,5269557974,SBPD1016,0,107.82,DST Broncos  FLEX Kyle Monangai QB Jalen Hurts RB D'Andre Swift RB Kyren Williams TE Terrance Ferguson WR DeVonta Smith WR Jaylen Waddle WR Davante Adams,,,
654,5273213673,flanders21,0,107.82,DST Broncos  FLEX Kyle Monangai QB Jalen Hurts RB D'Andre Swift RB Kyren Williams TE Terrance Ferguson WR DeVonta Smith WR Jaylen Waddle WR Davante Adams,,,
654,5273538758,daveo65,0,107.82,DST Broncos  FLEX Kyle Monangai QB Jalen Hurts RB D'Andre Swift RB Kyren Williams TE Zach Ertz WR DeVonta Smith WR Jaylen Waddle WR Davante Adams,,,
654,5273707907,dschwer6,0,107.82,DST Broncos  FLEX D'Andre Swift QB Jalen Hurts RB Kyren Williams RB Kyle Monangai TE Zach Ertz WR DeVonta Smith WR Jaylen Waddle WR Davante Adams,,,
654,5273766681,tlack28,0,107.82,DST Broncos  FLEX Kyren Williams QB Jalen Hurts RB D'Andre Swift RB Kyle Monangai TE Terrance Ferguson WR DeVonta Smith WR Jaylen Waddle WR Davante Adams,,,
660,5271620477,X4ever,0,107.73999,DST Eagles  FLEX Courtland Sutton QB Bo Nix RB Kyren Williams RB Blake Corum TE Colston Loveland WR DeVonta Smith WR Jaylen Waddle WR Davante Adams,,,
661,5268890919,Tallica12,0,107.72,DST Eagles  FLEX Saquon Barkley QB Jalen Hurts RB D'Andre Swift RB Kyren Williams TE Terrance Ferguson WR DeVonta Smith WR Davante Adams WR Pat Bryant,,,
661,5271009716,leonitous,0,107.72,DST Eagles  FLEX D'Andre Swift QB Jalen Hurts RB Saquon Barkley RB Kyren Williams TE Terrance Ferguson WR DeVonta Smith WR Davante Adams WR Pat Bryant,,,
661,5274087230,jojofootball,0,107.72,DST Eagles  FLEX D'Andre Swift QB Jalen Hurts RB Saquon Barkley RB Kyren Williams TE Terrance Ferguson WR DeVonta Smith WR Davante Adams WR Pat Bryant,,,
661,5274140790,Dsilvas,0,107.72,DST Eagles  FLEX D'Andre Swift QB Jalen Hurts RB Saquon Barkley RB Kyren Williams TE Zach Ertz WR DeVonta Smith WR Davante Adams WR Pat Bryant,,,
665,5268955364,lukeevans30,0,107.700005,DST Rams  FLEX D'Andre Swift QB Matthew Stafford RB Saquon Barkley RB Kyren Williams TE Terrance Ferguson WR Jaylen Waddle WR Davante Adams WR Dontayvion Wicks,,,
665,5272587394,jcrowepls,0,107.700005,DST Rams  FLEX Kyren Williams QB Matthew Stafford RB Saquon Barkley RB Blake Corum TE Terrance Ferguson WR DeVonta Smith WR Jaylen Waddle WR Davante Adams,,,
665,5274084285,midnite1,0,107.700005,DST Eagles  FLEX Dontayvion Wicks QB Matthew Stafford RB D'Andre Swift RB Kyren Williams TE Johnny Mundt WR DeVonta Smith WR Jaylen Waddle WR Davante Adams,,,
665,5274129549,chikobe,0,107.700005,DST Rams  FLEX Saquon Barkley QB Matthew Stafford RB Kyren Williams RB Blake Corum TE Terrance Ferguson WR DeVonta Smith WR Jaylen Waddle WR Davante Adams,,,
669,5272025786,ChrisKoretski,0,107.54,DST Eagles  FLEX Dontayvion Wicks QB Bo Nix RB Saquon Barkley RB Kyren Williams TE Terrance Ferguson WR Jaylen Waddle WR Davante Adams WR Pat Bryant,,,
669,5273717545,Jstock76,0,107.54,DST Broncos  FLEX DeVonta Smith QB Bo Nix RB Saquon Barkley RB J.K. Dobbins TE Terrance Ferguson WR Davante Adams WR Rome Odunze WR Courtland Sutton,,,
671,5268868674,johnbronco31,0,107.52,DST Eagles  FLEX DeVonta Smith QB Jalen Hurts RB Saquon Barkley RB Kyren Williams TE Zach Ertz WR Davante Adams WR Luther Burden III WR Dontayvion Wicks,,,
672,5270365197,gh22792,0,107.5,DST Rams  FLEX Kyren Williams QB Matthew Stafford RB D'Andre Swift RB RJ Harvey TE Evan Engram WR Jaylen Waddle WR Davante Adams WR Dontayvion Wicks,,,
672,5274120912,Hc11096,0,107.5,DST Rams  FLEX Davante Adams QB Matthew Stafford RB Saquon Barkley RB Kyren Williams TE Colby Parkinson WR DeVonta Smith WR Jaylen Waddle WR Dontayvion Wicks,,,
672,5274139707,kevdubose,0,107.5,DST Rams  FLEX Dontayvion Wicks QB Matthew Stafford RB Saquon Barkley RB Kyren Williams TE Evan Engram WR DeVonta Smith WR Jaylen Waddle WR Davante Adams,,,
675,5274124631,killacraig,0,107.439995,DST Eagles  FLEX Dontayvion Wicks QB Bo Nix RB D'Andre Swift RB Kyren Williams TE Terrance Ferguson WR DeVonta Smith WR Jaylen Waddle WR Davante Adams,,,
676,5273665056,bpinnyc,0,107.41999,DST Broncos  FLEX Dontayvion Wicks QB Jalen Hurts RB Kyren Williams RB Kyle Monangai TE Colston Loveland WR DeVonta Smith WR Jaylen Waddle WR Davante Adams,,,
677,5273603358,wheels-13,0,107.40001,DST Eagles  FLEX J.K. Dobbins QB Matthew Stafford RB D'Andre Swift RB Kyren Williams TE Evan Engram WR DeVonta Smith WR Jaylen Waddle WR Davante Adams,,,
677,5273929588,Kinger3030,0,107.40001,DST Eagles  FLEX J.K. Dobbins QB Matthew Stafford RB D'Andre Swift RB Kyren Williams TE Evan Engram WR DeVonta Smith WR Jaylen Waddle WR Davante Adams,,,
677,5273942135,Wellsville,0,107.40001,DST Eagles  FLEX J.K. Dobbins QB Matthew Stafford RB D'Andre Swift RB Kyren Williams TE Evan Engram WR DeVonta Smith WR Jaylen Waddle WR Davante Adams,,,
677,5273945224,jmartin27407,0,107.40001,DST Eagles  FLEX Kyren Williams QB Matthew Stafford RB D'Andre Swift RB J.K. Dobbins TE Evan Engram WR DeVonta Smith WR Jaylen Waddle WR Davante Adams,,,
677,5273949353,Samonty66,0,107.40001,DST Eagles  FLEX D'Andre Swift QB Matthew Stafford RB Kyren Williams RB J.K. Dobbins TE Colby Parkinson WR DeVonta Smith WR Jaylen Waddle WR Davante Adams,,,
677,5274088849,PMFD,0,107.40001,DST Eagles  FLEX J.K. Dobbins QB Matthew Stafford RB D'Andre Swift RB Kyren Williams TE Colby Parkinson WR DeVonta Smith WR Jaylen Waddle WR Davante Adams,,,
683,5273950434,Gregoryc4279,0,107.380005,DST Eagles  FLEX DeVonta Smith QB Case Keenum RB Saquon Barkley RB Kyren Williams TE Terrance Ferguson WR Jaylen Waddle WR Davante Adams WR Courtland Sutton,,,
684,5269766456,dons4sen,0,107.30001,DST Rams  FLEX Saquon Barkley QB Matthew Stafford RB Kyren Williams RB Kyle Monangai TE Terrance Ferguson WR DeVonta Smith WR Jaylen Waddle WR Davante Adams,,,
684,5271548967,Fredro82078,0,107.30001,DST Rams  FLEX Kyle Monangai QB Matthew Stafford RB Saquon Barkley RB Kyren Williams TE Terrance Ferguson WR DeVonta Smith WR Jaylen Waddle WR Davante Adams,,,
684,5273599817,morph845,0,107.30001,DST Rams  FLEX Kyle Monangai QB Matthew Stafford RB Saquon Barkley RB Kyren Williams TE Terrance Ferguson WR DeVonta Smith WR Jaylen Waddle WR Davante Adams,,,
684,5273676837,Dfrazier99,0,107.30001,DST Rams  FLEX Saquon Barkley QB Matthew Stafford RB Kyren Williams RB Kyle Monangai TE Terrance Ferguson WR DeVonta Smith WR Jaylen Waddle WR Davante Adams,,,
684,5274034904,Boochoppa,0,107.30001,DST Rams  FLEX Kyren Williams QB Matthew Stafford RB Saquon Barkley RB Kyle Monangai TE Terrance Ferguson WR DeVonta Smith WR Jaylen Waddle WR Davante Adams,,,
689,5271287668,sloanjunior74,0,107.24,DST Broncos  FLEX Kyren Williams QB Bo Nix RB Saquon Barkley RB D'Andre Swift TE Evan Engram WR DeVonta Smith WR Jaylen Waddle WR Courtland Sutton,,,
689,5273734377,rkelly818,0,107.24,DST Eagles  FLEX Kyren Williams QB Bo Nix RB Saquon Barkley RB RJ Harvey TE Terrance Ferguson WR DeVonta Smith WR Jaylen Waddle WR Luther Burden III,,,
691,5273610661,Ballinnowboyz22,0,107.22001,DST Broncos  FLEX DeVonta Smith QB Jalen Hurts RB Saquon Barkley RB J.K. Dobbins TE Terrance Ferguson WR Jaylen Waddle WR Davante Adams WR Luther Burden III,,,
692,5269129930,daprof507,0,107.2,DST Rams  FLEX D'Andre Swift QB Matthew Stafford RB Kyren Williams RB Kyle Monangai TE Evan Engram WR DeVonta Smith WR Jaylen Waddle WR Davante Adams,,,
692,5273550654,Steamer65,0,107.2,DST Rams  FLEX Kyle Monangai QB Matthew Stafford RB D'Andre Swift RB Kyren Williams TE Evan Engram WR DeVonta Smith WR Jaylen Waddle WR Davante Adams,,,
692,5273763817,bmhinmn,0,107.2,DST Rams  FLEX Kyle Monangai QB Matthew Stafford RB D'Andre Swift RB Kyren Williams TE Evan Engram WR DeVonta Smith WR Jaylen Waddle WR Davante Adams,,,
692,5273821828,mikei41,0,107.2,DST Rams  FLEX D'Andre Swift QB Matthew Stafford RB Kyren Williams RB Kyle Monangai TE Evan Engram WR DeVonta Smith WR Jaylen Waddle WR Davante Adams,,,
696,5271850529,az350z,0,107.17999,DST Rams  FLEX Luther Burden III QB Case Keenum RB D'Andre Swift RB Kyren Williams TE Colston Loveland WR Rome Odunze WR Courtland Sutton WR Dontayvion Wicks,,,
697,5274004835,Bwilli386,0,107.14,DST Broncos  FLEX Saquon Barkley QB Bo Nix RB Kyren Williams RB RJ Harvey TE Evan Engram WR DeVonta Smith WR Jaylen Waddle WR Courtland Sutton,,,
698,5273646577,80boi,0,107.100006,DST Eagles  FLEX Jaylen Waddle QB Matthew Stafford RB Saquon Barkley RB Kyren Williams TE Zach Ertz WR DeVonta Smith WR Davante Adams WR Makai Lemon,,,
699,5274055996,bford413,0,107.04,DST Eagles  FLEX Kyren Williams QB Bo Nix RB D'Andre Swift RB Blake Corum TE Colston Loveland WR DeVonta Smith WR Jaylen Waddle WR Luther Burden III,,,
700,5273547145,lewhit,0,106.92,DST Bears  FLEX J.K. Dobbins QB Jalen Hurts RB D'Andre Swift RB Kyren Williams TE Colston Loveland WR Jaylen Waddle WR Davante Adams WR Dontayvion Wicks,,,
700,5274030391,felbash,0,106.92,DST Broncos  FLEX Saquon Barkley QB Jalen Hurts RB D'Andre Swift RB Kyren Williams TE Evan Engram WR Jaylen Waddle WR Davante Adams WR Courtland Sutton,,,
700,5274128532,badohpaul,0,106.92,DST Broncos  FLEX Kyren Williams QB Jalen Hurts RB Saquon Barkley RB D'Andre Swift TE Evan Engram WR Jaylen Waddle WR Davante Adams WR Courtland Sutton,,,
703,5273022556,Truckerclock01,0,106.90001,DST Eagles  FLEX Saquon Barkley QB Matthew Stafford RB D'Andre Swift RB Kyren Williams TE Zach Ertz WR Jaylen Waddle WR Davante Adams WR Rome Odunze,,,
704,5271769331,bookert21,0,106.74,DST Eagles  FLEX Saquon Barkley QB Bo Nix RB Kyren Williams RB J.K. Dobbins TE Terrance Ferguson WR DeVonta Smith WR Jaylen Waddle WR Davante Adams,,,
704,5271828577,Jimoh,0,106.74,DST Eagles  FLEX Saquon Barkley QB Bo Nix RB Kyren Williams RB J.K. Dobbins TE Terrance Ferguson WR DeVonta Smith WR Jaylen Waddle WR Davante Adams,,,
704,5272239707,BradyBeastmode,0,106.74,DST Eagles  FLEX J.K. Dobbins QB Bo Nix RB Saquon Barkley RB Kyren Williams TE Terrance Ferguson WR DeVonta Smith WR Jaylen Waddle WR Davante Adams,,,
704,5273577476,christinelinnea,0,106.74,DST Eagles  FLEX Saquon Barkley QB Bo Nix RB Kyren Williams RB J.K. Dobbins TE Terrance Ferguson WR DeVonta Smith WR Jaylen Waddle WR Davante Adams,,,
704,5273701339,TeStoSteRonE,0,106.74,DST Eagles  FLEX Saquon Barkley QB Bo Nix RB Kyren Williams RB J.K. Dobbins TE Terrance Ferguson WR DeVonta Smith WR Jaylen Waddle WR Davante Adams,,,
704,5273816420,john_jack,0,106.74,DST Eagles  FLEX Saquon Barkley QB Bo Nix RB Kyren Williams RB J.K. Dobbins TE Terrance Ferguson WR DeVonta Smith WR Jaylen Waddle WR Davante Adams,,,
704,5274024673,DemonApps,0,106.74,DST Eagles  FLEX J.K. Dobbins QB Bo Nix RB Saquon Barkley RB Kyren Williams TE Terrance Ferguson WR DeVonta Smith WR Jaylen Waddle WR Davante Adams,,,
704,5274025024,rjaco353,0,106.74,DST Eagles  FLEX Saquon Barkley QB Bo Nix RB Kyren Williams RB J.K. Dobbins TE Terrance Ferguson WR DeVonta Smith WR Jaylen Waddle WR Davante Adams,,,
704,5274107002,pricej95,0,106.74,DST Eagles  FLEX Saquon Barkley QB Bo Nix RB Kyren Williams RB J.K. Dobbins TE Terrance Ferguson WR DeVonta Smith WR Jaylen Waddle WR Davante Adams,,,
704,5274123878,harshreality18,0,106.74,DST Eagles  FLEX J.K. Dobbins QB Bo Nix RB Saquon Barkley RB Kyren Williams TE Terrance Ferguson WR DeVonta Smith WR Jaylen Waddle WR Davante Adams,,,
714,5273694354,terrapinxl,0,106.700005,DST Rams  FLEX DeVonta Smith QB Matthew Stafford RB Kyren Williams RB J.K. Dobbins TE Terrance Ferguson WR Jaylen Waddle WR Davante Adams WR Dontayvion Wicks,,,
715,5273729536,Afusak,0,106.64,DST Eagles  FLEX J.K. Dobbins QB Bo Nix RB D'Andre Swift RB Kyren Williams TE Evan Engram WR DeVonta Smith WR Jaylen Waddle WR Davante Adams,,,
716,5273609908,jagertaker,0,106.54,DST Broncos  FLEX Kyle Monangai QB Bo Nix RB Saquon Barkley RB D'Andre Swift TE Zach Ertz WR DeVonta Smith WR Jaylen Waddle WR Davante Adams,,,
716,5274017026,ddmelk,0,106.54,DST Broncos  FLEX Kyle Monangai QB Bo Nix RB Saquon Barkley RB D'Andre Swift TE Terrance Ferguson WR DeVonta Smith WR Jaylen Waddle WR Davante Adams,,,
718,5270367818,ajmack01,0,106.50001,DST Eagles  FLEX Kyren Williams QB Matthew Stafford RB D'Andre Swift RB Blake Corum TE Zach Ertz WR DeVonta Smith WR Jaylen Waddle WR Davante Adams,,,
719,5273615321,kanseahawkfan,0,106.420006,DST Broncos  FLEX Blake Corum QB Jalen Hurts RB Saquon Barkley RB Kyren Williams TE Terrance Ferguson WR DeVonta Smith WR Jaylen Waddle WR Davante Adams,,,
719,5273760418,jwatts1104,0,106.420006,DST Broncos  FLEX Blake Corum QB Jalen Hurts RB Saquon Barkley RB Kyren Williams TE Zach Ertz WR DeVonta Smith WR Jaylen Waddle WR Davante Adams,,,
719,5273848501,jataker,0,106.42,DST Broncos  FLEX Saquon Barkley QB Jalen Hurts RB D'Andre Swift RB Kyren Williams TE Zach Ertz WR Jaylen Waddle WR Davante Adams WR Dontayvion Wicks,,,
722,5270847910,ladybuck,0,106.4,DST Eagles  FLEX Jaylen Waddle QB Matthew Stafford RB Saquon Barkley RB Kyren Williams TE Terrance Ferguson WR DeVonta Smith WR Davante Adams WR Dontayvion Wicks,,,
722,5271551815,joe_mac10,0,106.4,DST Eagles  FLEX DeVonta Smith QB Matthew Stafford RB Saquon Barkley RB Kyren Williams TE Terrance Ferguson WR Jaylen Waddle WR Davante Adams WR Dontayvion Wicks,,,
722,5271896660,doublej6031,0,106.4,DST Eagles  FLEX Dontayvion Wicks QB Matthew Stafford RB Saquon Barkley RB Kyren Williams TE Terrance Ferguson WR DeVonta Smith WR Jaylen Waddle WR Davante Adams,,,
722,5271916170,jpm_joshua2002,0,106.4,DST Eagles  FLEX DeVonta Smith QB Matthew Stafford RB Saquon Barkley RB Kyren Williams TE Terrance Ferguson WR Jaylen Waddle WR Davante Adams WR Dontayvion Wicks,,,
722,5273332437,MARTBARDI,0,106.4,DST Eagles  FLEX DeVonta Smith QB Matthew Stafford RB Saquon Barkley RB Kyren Williams TE Terrance Ferguson WR Jaylen Waddle WR Davante Adams WR Dontayvion Wicks,,,
722,5273361870,universe032809,0,106.4,DST Eagles  FLEX Jaylen Waddle QB Matthew Stafford RB Saquon Barkley RB Kyren Williams TE Zach Ertz WR DeVonta Smith WR Davante Adams WR Dontayvion Wicks,,,
722,5273433787,Tejas55,0,106.4,DST Eagles  FLEX DeVonta Smith QB Matthew Stafford RB Saquon Barkley RB Kyren Williams TE Zach Ertz WR Jaylen Waddle WR Davante Adams WR Dontayvion Wicks,,,
722,5273545441,ZIBANENASTY93,0,106.4,DST Rams  FLEX Kyle Monangai QB Matthew Stafford RB D'Andre Swift RB Kyren Williams TE Terrance Ferguson WR DeVonta Smith WR Jaylen Waddle WR Kalif Raymond,,,
722,5273582882,kingbif,0,106.4,DST Eagles  FLEX Jaylen Waddle QB Matthew Stafford RB Saquon Barkley RB Kyren Williams TE Terrance Ferguson WR DeVonta Smith WR Davante Adams WR Dontayvion Wicks,,,
722,5273620798,ryantoswald,0,106.4,DST Eagles  FLEX Dontayvion Wicks QB Matthew Stafford RB Saquon Barkley RB Kyren Williams TE Terrance Ferguson WR DeVonta Smith WR Jaylen Waddle WR Davante Adams,,,
722,5274110511,bitter20,0,106.4,DST Eagles  FLEX Dontayvion Wicks QB Matthew Stafford RB Saquon Barkley RB Kyren Williams TE Terrance Ferguson WR DeVonta Smith WR Jaylen Waddle WR Davante Adams,,,
722,5274110917,sphere3d,0,106.4,DST Eagles  FLEX Jaylen Waddle QB Matthew Stafford RB Saquon Barkley RB Kyren Williams TE Terrance Ferguson WR DeVonta Smith WR Davante Adams WR Dontayvion Wicks,,,
722,5274112792,SnowConeNocoPuffs,0,106.4,DST Eagles  FLEX Dontayvion Wicks QB Matthew Stafford RB Saquon Barkley RB Kyren Williams TE Zach Ertz WR DeVonta Smith WR Jaylen Waddle WR Davante Adams,,,
735,5273123384,Munkracing,0,106.34,DST Eagles  FLEX Saquon Barkley QB Bo Nix RB D'Andre Swift RB Kyren Williams TE Zach Ertz WR Jaylen Waddle WR Davante Adams WR Courtland Sutton,,,
736,5274138897,Steamfitter58,0,106.32001,DST Broncos  FLEX Davante Adams QB Jalen Hurts RB Saquon Barkley RB D'Andre Swift TE Terrance Ferguson WR DeVonta Smith WR Jaylen Waddle WR Pat Bryant,,,
736,5274031048,traviscooley14,0,106.32,DST Eagles  FLEX D'Andre Swift QB Jalen Hurts RB Saquon Barkley RB Kyren Williams TE Evan Engram WR Jaylen Waddle WR Davante Adams WR Kalif Raymond,,,
738,5270220364,savagetrav913,0,106.3,DST Eagles  FLEX Dontayvion Wicks QB Matthew Stafford RB D'Andre Swift RB Kyren Williams TE Evan Engram WR DeVonta Smith WR Jaylen Waddle WR Davante Adams,,,
738,5273471815,mtakus,0,106.3,DST Eagles  FLEX Dontayvion Wicks QB Matthew Stafford RB D'Andre Swift RB Kyren Williams TE Evan Engram WR DeVonta Smith WR Jaylen Waddle WR Davante Adams,,,
738,5273562450,Tricksternate,0,106.3,DST Eagles  FLEX DeVonta Smith QB Matthew Stafford RB D'Andre Swift RB Kyren Williams TE Evan Engram WR Jaylen Waddle WR Davante Adams WR Dontayvion Wicks,,,
738,5273584978,soultoucher1,0,106.3,DST Rams  FLEX DeVonta Smith QB Matthew Stafford RB Kyren Williams RB Blake Corum TE Terrance Ferguson WR Jaylen Waddle WR Davante Adams WR Courtland Sutton,,,
738,5273764599,iiapias,0,106.3,DST Eagles  FLEX DeVonta Smith QB Matthew Stafford RB D'Andre Swift RB Kyren Williams TE Evan Engram WR Jaylen Waddle WR Davante Adams WR Dontayvion Wicks,,,
738,5273798977,coachsnell,0,106.299995,DST Eagles  FLEX Saquon Barkley QB Matthew Stafford RB Kyren Williams RB J.K. Dobbins TE Terrance Ferguson WR DeVonta Smith WR Davante Adams WR Dontayvion Wicks,,,
744,5273642379,MFFD13,0,106.240005,DST Eagles  FLEX RJ Harvey QB Bo Nix RB Saquon Barkley RB Kyren Williams TE Terrance Ferguson WR Jaylen Waddle WR Davante Adams WR Courtland Sutton,,,
744,5273746027,sbellesine81,0,106.240005,DST Eagles  FLEX Kyren Williams QB Bo Nix RB Saquon Barkley RB RJ Harvey TE Terrance Ferguson WR Jaylen Waddle WR Davante Adams WR Courtland Sutton,,,
746,5273852139,polllcat,0,106.22,DST Broncos  FLEX Dontayvion Wicks QB Jalen Hurts RB Saquon Barkley RB Kyren Williams TE Evan Engram WR DeVonta Smith WR Jaylen Waddle WR Davante Adams,,,
746,5273908544,salio843,0,106.22,DST Broncos  FLEX Jaylen Waddle QB Jalen Hurts RB Saquon Barkley RB Kyren Williams TE Evan Engram WR DeVonta Smith WR Davante Adams WR Dontayvion Wicks,,,
746,5273962862,ryanmcconnell,0,106.22,DST Broncos  FLEX Jaylen Waddle QB Jalen Hurts RB Saquon Barkley RB Kyren Williams TE Evan Engram WR DeVonta Smith WR Davante Adams WR Dontayvion Wicks,,,
746,5274064400,skracker,0,106.22,DST Broncos  FLEX Dontayvion Wicks QB Jalen Hurts RB Saquon Barkley RB Kyren Williams TE Colby Parkinson WR DeVonta Smith WR Jaylen Waddle WR Davante Adams,,,
750,5274138684,SnowBallZ,0,106.119995,DST Broncos  FLEX Saquon Barkley QB Jalen Hurts RB Kyren Williams RB J.K. Dobbins TE Evan Engram WR DeVonta Smith WR Davante Adams WR Dontayvion Wicks,,,
751,5268852249,R-Day,0,106.1,DST Eagles  FLEX Kyle Monangai QB Matthew Stafford RB D'Andre Swift RB Kyren Williams TE Terrance Ferguson WR DeVonta Smith WR Jaylen Waddle WR Davante Adams,,,
751,5269932911,slater060381,0,106.1,DST Eagles  FLEX Kyle Monangai QB Matthew Stafford RB D'Andre Swift RB Kyren Williams TE Terrance Ferguson WR DeVonta Smith WR Jaylen Waddle WR Davante Adams,,,
751,5271087170,WHITGAR,0,106.1,DST Eagles  FLEX D'Andre Swift QB Matthew Stafford RB Kyren Williams RB Kyle Monangai TE Terrance Ferguson WR DeVonta Smith WR Jaylen Waddle WR Davante Adams,,,
751,5272519400,ling4662,0,106.1,DST Eagles  FLEX Kyle Monangai QB Matthew Stafford RB D'Andre Swift RB Kyren Williams TE Terrance Ferguson WR DeVonta Smith WR Jaylen Waddle WR Davante Adams,,,
751,5273650851,deathmetalbob,0,106.1,DST Eagles  FLEX D'Andre Swift QB Matthew Stafford RB Kyren Williams RB Kyle Monangai TE Zach Ertz WR DeVonta Smith WR Jaylen Waddle WR Davante Adams,,,
751,5273907123,ecbc4130,0,106.1,DST Eagles  FLEX Jaylen Waddle QB Matthew Stafford RB Kyren Williams RB Blake Corum TE Colston Loveland WR DeVonta Smith WR Davante Adams WR Dontayvion Wicks,,,
751,5274023887,Pacinger35,0,106.1,DST Eagles  FLEX Kyle Monangai QB Matthew Stafford RB D'Andre Swift RB Kyren Williams TE Terrance Ferguson WR DeVonta Smith WR Jaylen Waddle WR Davante Adams,,,
758,5273169641,Krisp4,0,106.02,DST Broncos  FLEX Jordan Whittington QB Jalen Hurts RB Saquon Barkley RB J.K. Dobbins TE Colston Loveland WR DeVonta Smith WR Davante Adams WR Luther Burden III,,,
759,5270577797,schoolkidz,0,105.92,DST Broncos  FLEX D'Andre Swift QB Jalen Hurts RB Kyren Williams RB Kyle Monangai TE Evan Engram WR DeVonta Smith WR Jaylen Waddle WR Davante Adams,,,
759,5274049242,stewlytle1980,0,105.92,DST Broncos  FLEX DeVonta Smith QB Jalen Hurts RB Kyren Williams RB J.K. Dobbins TE Evan Engram WR Jaylen Waddle WR Davante Adams WR Courtland Sutton,,,
759,5274063105,kingz169,0,105.92,DST Broncos  FLEX Kyle Monangai QB Jalen Hurts RB D'Andre Swift RB Kyren Williams TE Evan Engram WR DeVonta Smith WR Jaylen Waddle WR Davante Adams,,,
762,5269805120,HebrewHammer37,0,105.82,DST Bears  FLEX D'Andre Swift QB Jalen Hurts RB Kyren Williams RB Kyle Monangai TE Terrance Ferguson WR DeVonta Smith WR Jaylen Waddle WR Davante Adams,,,
762,5270103669,McJacKstrs266,0,105.82,DST Bears  FLEX Kyle Monangai QB Jalen Hurts RB D'Andre Swift RB Kyren Williams TE Zach Ertz WR DeVonta Smith WR Jaylen Waddle WR Davante Adams,,,
762,5270907962,wintmk,0,105.82,DST Rams  FLEX Saquon Barkley QB Jalen Hurts RB Kyren Williams RB Tank Bigsby TE Terrance Ferguson WR DeVonta Smith WR Davante Adams WR Luther Burden III,,,
762,5271287508,PlainsBuffalo,0,105.82,DST Eagles  FLEX Kyren Williams QB Jalen Hurts RB Saquon Barkley RB D'Andre Swift TE Evan Engram WR DeVonta Smith WR Davante Adams WR Pat Bryant,,,
762,5273508364,rb53288,0,105.82,DST Bears  FLEX Kyle Monangai QB Jalen Hurts RB D'Andre Swift RB Kyren Williams TE Terrance Ferguson WR DeVonta Smith WR Jaylen Waddle WR Davante Adams,,,
762,5273857589,schamspe,0,105.82,DST Rams  FLEX Jaylen Waddle QB Jalen Hurts RB Kyren Williams RB Kyle Monangai TE Zach Ertz WR DeVonta Smith WR Davante Adams WR Luther Burden III,,,
762,5273994771,jedwards1105,0,105.82,DST Rams  FLEX Davante Adams QB Jalen Hurts RB Kyren Williams RB Kyle Monangai TE Terrance Ferguson WR DeVonta Smith WR Jaylen Waddle WR Luther Burden III,,,
762,5274118660,Maverick127,0,105.82,DST Bears  FLEX Kyle Monangai QB Jalen Hurts RB D'Andre Swift RB Kyren Williams TE Terrance Ferguson WR DeVonta Smith WR Jaylen Waddle WR Davante Adams,,,
770,5268851154,notyalc77,0,105.8,DST Broncos  FLEX Saquon Barkley QB Matthew Stafford RB D'Andre Swift RB Blake Corum TE Evan Engram WR DeVonta Smith WR Jaylen Waddle WR Davante Adams,,,
770,5268976852,lroc04,0,105.8,DST Rams  FLEX Blake Corum QB Matthew Stafford RB Saquon Barkley RB Kyren Williams TE Evan Engram WR DeVonta Smith WR Jaylen Waddle WR Davante Adams,,,
772,5271025705,rabidninja,0,105.64001,DST Eagles  FLEX DeVonta Smith QB Bo Nix RB Saquon Barkley RB Kyren Williams TE Terrance Ferguson WR Jaylen Waddle WR Davante Adams WR Dontayvion Wicks,,,
772,5271498366,vpatel2781,0,105.64001,DST Eagles  FLEX Evan Engram QB Bo Nix RB Saquon Barkley RB Kyren Williams TE Colston Loveland WR DeVonta Smith WR Jaylen Waddle WR Davante Adams,,,
772,5272480399,walsean1,0,105.64001,DST Eagles  FLEX Dontayvion Wicks QB Bo Nix RB Saquon Barkley RB Kyren Williams TE Terrance Ferguson WR DeVonta Smith WR Jaylen Waddle WR Davante Adams,,,
772,5273976770,woodsheddrew,0,105.64001,DST Eagles  FLEX Colston Loveland QB Bo Nix RB Saquon Barkley RB Kyren Williams TE Evan Engram WR DeVonta Smith WR Jaylen Waddle WR Davante Adams,,,
776,5272727395,hgupnaples,0,105.619995,DST Eagles  FLEX DeVonta Smith QB Jalen Hurts RB Saquon Barkley RB Kyren Williams TE Evan Engram WR Davante Adams WR Luther Burden III WR Dontayvion Wicks,,,
777,5274103893,buck69,0,105.6,DST Eagles  FLEX Kyren Williams QB Matthew Stafford RB Saquon Barkley RB D'Andre Swift TE Zach Ertz WR DeVonta Smith WR Davante Adams WR Jordan Whittington,,,
778,5273918961,JohnC8183,0,105.50001,DST Eagles  FLEX Luther Burden III QB Matthew Stafford RB Saquon Barkley RB J.K. Dobbins TE Terrance Ferguson WR DeVonta Smith WR Jaylen Waddle WR Davante Adams,,,
779,5271449436,Reaper8493,0,105.44,DST Eagles  FLEX Luther Burden III QB Bo Nix RB D'Andre Swift RB Kyren Williams TE Terrance Ferguson WR Jaylen Waddle WR Dontayvion Wicks WR Pat Bryant,,,
780,5273870574,nroo123,0,105.41999,DST Eagles  FLEX D'Andre Swift QB Jalen Hurts RB Kyren Williams RB RJ Harvey TE Colston Loveland WR DeVonta Smith WR Davante Adams WR Dontayvion Wicks,,,
781,5273251839,mlock69,0,105.32001,DST Eagles  FLEX Kyren Williams QB Jalen Hurts RB D'Andre Swift RB Kyle Monangai TE Cole Kmet WR DeVonta Smith WR Davante Adams WR Luther Burden III,,,
781,5270914097,cblenter,0,105.32,DST Rams  FLEX Luther Burden III QB Jalen Hurts RB Saquon Barkley RB Kyren Williams TE Zach Ertz WR DeVonta Smith WR Davante Adams WR Darius Cooper,,,
783,5269064018,ThreeLions,0,105.3,DST Eagles  FLEX Saquon Barkley QB Matthew Stafford RB Kyren Williams RB Kyle Monangai TE Terrance Ferguson WR DeVonta Smith WR Davante Adams WR Rome Odunze,,,
783,5270951830,combs210,0,105.299995,DST Bears  FLEX D'Andre Swift QB Matthew Stafford RB Saquon Barkley RB Kyle Monangai TE Terrance Ferguson WR DeVonta Smith WR Jaylen Waddle WR Davante Adams,,,
783,5272775452,Chembear,0,105.299995,DST Bears  FLEX Kyle Monangai QB Matthew Stafford RB Saquon Barkley RB D'Andre Swift TE Terrance Ferguson WR DeVonta Smith WR Jaylen Waddle WR Davante Adams,,,
783,5274126806,r18302119,0,105.299995,DST Eagles  FLEX D'Andre Swift QB Matthew Stafford RB Kyren Williams RB Blake Corum TE Terrance Ferguson WR DeVonta Smith WR Davante Adams WR Dontayvion Wicks,,,
783,5274145940,Muser64,0,105.299995,DST Bears  FLEX D'Andre Swift QB Matthew Stafford RB Saquon Barkley RB Kyle Monangai TE Zach Ertz WR DeVonta Smith WR Jaylen Waddle WR Davante Adams,,,
788,5273946685,FoxyGrandpa252,0,105.24,DST Broncos  FLEX DeVonta Smith QB Bo Nix RB Saquon Barkley RB D'Andre Swift TE Evan Engram WR Jaylen Waddle WR Luther Burden III WR Courtland Sutton,,,
789,5273412998,Jerrywoudstra,0,105.200005,DST Eagles  FLEX Saquon Barkley QB Matthew Stafford RB D'Andre Swift RB Kyren Williams TE Evan Engram WR Jaylen Waddle WR Davante Adams WR Courtland Sutton,,,
789,5273620897,allen65,0,105.200005,DST Eagles  FLEX Luther Burden III QB Matthew Stafford RB J.K. Dobbins RB Blake Corum TE Colston Loveland WR DeVonta Smith WR Jaylen Waddle WR Davante Adams,,,
789,5274008371,Titans510,0,105.200005,DST Rams  FLEX Luther Burden III QB Matthew Stafford RB J.K. Dobbins RB Tank Bigsby TE Colston Loveland WR DeVonta Smith WR Jaylen Waddle WR Davante Adams,,,
789,5274106374,ebzlle2,0,105.200005,DST Eagles  FLEX Saquon Barkley QB Matthew Stafford RB D'Andre Swift RB Kyren Williams TE Cole Kmet WR Jaylen Waddle WR Davante Adams WR Courtland Sutton,,,
793,5269168479,2KTY,0,105.18,DST Broncos  FLEX Saquon Barkley QB Case Keenum RB D'Andre Swift RB J.K. Dobbins TE Terrance Ferguson WR DeVonta Smith WR Jaylen Waddle WR Luther Burden III,,,
794,5274146562,Dgouldii,0,105.12001,DST Eagles  FLEX DeVonta Smith QB Jalen Hurts RB D'Andre Swift RB Kyren Williams TE Terrance Ferguson WR Jaylen Waddle WR Davante Adams WR Pat Bryant,,,
794,5271186247,DRaybon1,0,105.119995,DST Bears  FLEX Saquon Barkley QB Jalen Hurts RB Kyren Williams RB J.K. Dobbins TE Colston Loveland WR Jaylen Waddle WR Davante Adams WR Dontayvion Wicks,,,
796,5273858809,sellard,0,105.08001,DST Rams  FLEX D'Andre Swift QB Case Keenum RB Kyren Williams RB Tank Bigsby TE Terrance Ferguson WR DeVonta Smith WR Jaylen Waddle WR Davante Adams,,,
797,5271627830,PaleRider76,0,105.02,DST Rams  FLEX RJ Harvey QB Jalen Hurts RB Saquon Barkley RB D'Andre Swift TE Terrance Ferguson WR DeVonta Smith WR Davante Adams WR Luther Burden III,,,
798,5274139625,maverick6209,0,104.90001,DST Eagles  FLEX Rome Odunze QB Matthew Stafford RB Saquon Barkley RB D'Andre Swift TE Zach Ertz WR Jaylen Waddle WR Davante Adams WR Luther Burden III,,,
798,5273330633,TheSimFather,0,104.9,DST Eagles  FLEX Saquon Barkley QB Matthew Stafford RB D'Andre Swift RB RJ Harvey TE Colston Loveland WR DeVonta Smith WR Davante Adams WR Dontayvion Wicks,,,
800,5271590492,kyryan1993,0,104.799995,DST Rams  FLEX DeVonta Smith QB Matthew Stafford RB Saquon Barkley RB D'Andre Swift TE Colston Loveland WR Davante Adams WR Courtland Sutton WR Dontayvion Wicks,,,
800,5273687949,goonies08,0,104.799995,DST Rams  FLEX Dontayvion Wicks QB Matthew Stafford RB Saquon Barkley RB D'Andre Swift TE Colston Loveland WR DeVonta Smith WR Davante Adams WR Courtland Sutton,,,
802,5271980480,SaySon,0,104.700005,DST Eagles  FLEX Blake Corum QB Matthew Stafford RB Saquon Barkley RB Kyren Williams TE Terrance Ferguson WR DeVonta Smith WR Jaylen Waddle WR Davante Adams,,,
802,5273645543,c_t_smith,0,104.700005,DST Eagles  FLEX Blake Corum QB Matthew Stafford RB Saquon Barkley RB Kyren Williams TE Zach Ertz WR DeVonta Smith WR Jaylen Waddle WR Davante Adams,,,
802,5273724883,nickquale,0,104.700005,DST Eagles  FLEX Blake Corum QB Matthew Stafford RB Saquon Barkley RB Kyren Williams TE Zach Ertz WR DeVonta Smith WR Jaylen Waddle WR Davante Adams,,,
802,5273778329,jamn0203,0,104.700005,DST Eagles  FLEX Saquon Barkley QB Matthew Stafford RB Kyren Williams RB Blake Corum TE Terrance Ferguson WR DeVonta Smith WR Jaylen Waddle WR Davante Adams,,,
802,5273934468,ChronicBreak,0,104.700005,DST Eagles  FLEX Blake Corum QB Matthew Stafford RB Saquon Barkley RB Kyren Williams TE Zach Ertz WR DeVonta Smith WR Jaylen Waddle WR Davante Adams,,,
802,5273969769,mpwhite14,0,104.700005,DST Eagles  FLEX Kyren Williams QB Matthew Stafford RB Saquon Barkley RB Blake Corum TE Terrance Ferguson WR DeVonta Smith WR Jaylen Waddle WR Davante Adams,,,
802,5274073367,JuicyJake777,0,104.700005,DST Eagles  FLEX Saquon Barkley QB Matthew Stafford RB Kyren Williams RB Blake Corum TE Terrance Ferguson WR DeVonta Smith WR Jaylen Waddle WR Davante Adams,,,
802,5274127225,sadler2,0,104.700005,DST Eagles  FLEX Blake Corum QB Matthew Stafford RB Saquon Barkley RB Kyren Williams TE Terrance Ferguson WR DeVonta Smith WR Jaylen Waddle WR Davante Adams,,,
810,5274052011,fchonor,0,104.68,DST Eagles  FLEX Saquon Barkley QB Case Keenum RB RJ Harvey RB Blake Corum TE Colston Loveland WR Jaylen Waddle WR Davante Adams WR Luther Burden III,,,
811,5271352261,ballsoffire,0,104.64,DST Broncos  FLEX D'Andre Swift QB Bo Nix RB Saquon Barkley RB Kyle Monangai TE Evan Engram WR DeVonta Smith WR Jaylen Waddle WR Davante Adams,,,
811,5273585151,StoneAlien,0,104.64,DST Eagles  FLEX Luther Burden III QB Bo Nix RB Saquon Barkley RB D'Andre Swift TE Evan Engram WR DeVonta Smith WR Jaylen Waddle WR Kalif Raymond,,,
811,5273759118,smh1102,0,104.64,DST Broncos  FLEX D'Andre Swift QB Bo Nix RB Saquon Barkley RB Kyren Williams TE Terrance Ferguson WR DeVonta Smith WR Jaylen Waddle WR Troy Franklin,,,
814,5274130199,runningray,0,104.6,DST Rams  FLEX DeVonta Smith QB Matthew Stafford RB Saquon Barkley RB D'Andre Swift TE Colston Loveland WR Davante Adams WR Rome Odunze WR Dontayvion Wicks,,,
815,5272892110,Tippy702,0,104.520004,DST Broncos  FLEX Blake Corum QB Jalen Hurts RB Saquon Barkley RB Kyren Williams TE Evan Engram WR DeVonta Smith WR Jaylen Waddle WR Davante Adams,,,
815,5273598565,Doug1739,0,104.520004,DST Broncos  FLEX Saquon Barkley QB Jalen Hurts RB Kyren Williams RB Blake Corum TE Evan Engram WR DeVonta Smith WR Jaylen Waddle WR Davante Adams,,,
815,5274066210,jlprater1,0,104.520004,DST Broncos  FLEX Blake Corum QB Jalen Hurts RB Saquon Barkley RB Kyren Williams TE Evan Engram WR DeVonta Smith WR Jaylen Waddle WR Davante Adams,,,
815,5273517823,Schweettaay,0,104.52,DST Broncos  FLEX Rome Odunze QB Jalen Hurts RB Saquon Barkley RB Kyren Williams TE Evan Engram WR DeVonta Smith WR Jaylen Waddle WR Luther Burden III,,,
815,5274136481,cmur559,0,104.52,DST Broncos  FLEX D'Andre Swift QB Jalen Hurts RB Saquon Barkley RB Kyren Williams TE Evan Engram WR Jaylen Waddle WR Davante Adams WR Dontayvion Wicks,,,
820,5269248646,FestasEye,0,104.5,DST Eagles  FLEX Dontayvion Wicks QB Matthew Stafford RB Saquon Barkley RB Kyren Williams TE Evan Engram WR DeVonta Smith WR Jaylen Waddle WR Davante Adams,,,
820,5269269645,CLUTCHJUNKIE,0,104.5,DST Eagles  FLEX Dontayvion Wicks QB Matthew Stafford RB Saquon Barkley RB Kyren Williams TE Evan Engram WR DeVonta Smith WR Jaylen Waddle WR Davante Adams,,,
820,5270378669,cmadill,0,104.5,DST Eagles  FLEX Davante Adams QB Matthew Stafford RB Saquon Barkley RB Kyren Williams TE Evan Engram WR DeVonta Smith WR Jaylen Waddle WR Dontayvion Wicks,,,
820,5273454553,xTAYLORMADEx,0,104.5,DST Eagles  FLEX Jaylen Waddle QB Matthew Stafford RB Saquon Barkley RB Kyren Williams TE Evan Engram WR DeVonta Smith WR Davante Adams WR Dontayvion Wicks,,,
820,5273525256,JCooper322,0,104.5,DST Eagles  FLEX Dontayvion Wicks QB Matthew Stafford RB Saquon Barkley RB Kyren Williams TE Evan Engram WR DeVonta Smith WR Jaylen Waddle WR Davante Adams,,,
820,5273538695,HustleCrowe,0,104.5,DST Eagles  FLEX DeVonta Smith QB Matthew Stafford RB Saquon Barkley RB Kyren Williams TE Evan Engram WR Jaylen Waddle WR Davante Adams WR Dontayvion Wicks,,,
820,5273590882,madgreek12,0,104.5,DST Eagles  FLEX Dontayvion Wicks QB Matthew Stafford RB Saquon Barkley RB Kyren Williams TE Evan Engram WR DeVonta Smith WR Jaylen Waddle WR Davante Adams,,,
820,5273744631,patkar,0,104.5,DST Eagles  FLEX Jaylen Waddle QB Matthew Stafford RB Saquon Barkley RB Kyren Williams TE Evan Engram WR DeVonta Smith WR Davante Adams WR Dontayvion Wicks,,,
828,5272676531,Boneyball1018,0,104.439995,DST Eagles  FLEX Kyren Williams QB Bo Nix RB Saquon Barkley RB D'Andre Swift TE Evan Engram WR Jaylen Waddle WR Davante Adams WR Courtland Sutton,,,
828,5273584643,b_stats,0,104.439995,DST Broncos  FLEX Dontayvion Wicks QB Bo Nix RB Saquon Barkley RB J.K. Dobbins TE Colston Loveland WR Jaylen Waddle WR Davante Adams WR Courtland Sutton,,,
828,5273639239,Moesmoney22,0,104.439995,DST Broncos  FLEX Blake Corum QB Bo Nix RB Saquon Barkley RB Kyle Monangai TE Colston Loveland WR DeVonta Smith WR Jaylen Waddle WR Davante Adams,,,
828,5273851013,HELLGANG400,0,104.439995,DST Eagles  FLEX D'Andre Swift QB Bo Nix RB Saquon Barkley RB Kyren Williams TE Evan Engram WR Jaylen Waddle WR Davante Adams WR Courtland Sutton,,,
828,5273916972,Mywifeapril69,0,104.439995,DST Eagles  FLEX Saquon Barkley QB Bo Nix RB D'Andre Swift RB Kyren Williams TE Evan Engram WR Jaylen Waddle WR Davante Adams WR Courtland Sutton,,,
828,5274146199,imadeit110,0,104.439995,DST Eagles  FLEX Kyren Williams QB Bo Nix RB Saquon Barkley RB D'Andre Swift TE Evan Engram WR Jaylen Waddle WR Davante Adams WR Courtland Sutton,,,
834,5273918846,Jimbobwae42,0,104.420006,DST Bears  FLEX Saquon Barkley QB Jalen Hurts RB Kyren Williams RB Blake Corum TE Terrance Ferguson WR DeVonta Smith WR Jaylen Waddle WR Davante Adams,,,
835,5269334950,ChiefKingdom1987,0,104.40001,DST Eagles  FLEX RJ Harvey QB Matthew Stafford RB Saquon Barkley RB J.K. Dobbins TE Terrance Ferguson WR DeVonta Smith WR Davante Adams WR Pat Bryant,,,
836,5273979194,illone97,0,104.3,DST Bears  FLEX Saquon Barkley QB Tyson Bagent RB D'Andre Swift RB Kyren Williams TE Colston Loveland WR DeVonta Smith WR Davante Adams WR Rome Odunze,,,
837,5273969890,ecape,0,104.23999,DST Eagles  FLEX Saquon Barkley QB Bo Nix RB Kyren Williams RB Blake Corum TE Colston Loveland WR Jaylen Waddle WR Davante Adams WR Courtland Sutton,,,
838,5271590696,smsweendoggy,0,104.22,DST Bears  FLEX Jaylen Waddle QB Jalen Hurts RB Saquon Barkley RB Kyren Williams TE Evan Engram WR DeVonta Smith WR Davante Adams WR Dontayvion Wicks,,,
838,5271446353,Yasz15,0,104.21999,DST Rams  FLEX Blake Corum QB Jalen Hurts RB Saquon Barkley RB D'Andre Swift TE Colston Loveland WR DeVonta Smith WR Davante Adams WR Kalif Raymond,,,
838,5274137041,cfeast,0,104.21999,DST Rams  FLEX Saquon Barkley QB Jalen Hurts RB D'Andre Swift RB Blake Corum TE Colston Loveland WR DeVonta Smith WR Davante Adams WR Kalif Raymond,,,
841,5269487080,Billz,0,104.2,DST Eagles  FLEX D'Andre Swift QB Matthew Stafford RB Kyren Williams RB Kyle Monangai TE Evan Engram WR DeVonta Smith WR Jaylen Waddle WR Davante Adams,,,
841,5273596501,Really888,0,104.2,DST Eagles  FLEX Kyren Williams QB Matthew Stafford RB D'Andre Swift RB Kyle Monangai TE Evan Engram WR DeVonta Smith WR Jaylen Waddle WR Davante Adams,,,
841,5273792669,happydaleb,0,104.2,DST Eagles  FLEX Kyle Monangai QB Matthew Stafford RB D'Andre Swift RB Kyren Williams TE Evan Engram WR DeVonta Smith WR Jaylen Waddle WR Davante Adams,,,
841,5274017138,dante73,0,104.2,DST Eagles  FLEX D'Andre Swift QB Matthew Stafford RB Kyren Williams RB Kyle Monangai TE Evan Engram WR DeVonta Smith WR Jaylen Waddle WR Davante Adams,,,
841,5274093702,holbug29,0,104.2,DST Eagles  FLEX Kyle Monangai QB Matthew Stafford RB D'Andre Swift RB Kyren Williams TE Evan Engram WR DeVonta Smith WR Jaylen Waddle WR Davante Adams,,,
846,5272238369,mikevp83,0,104.02,DST Broncos  FLEX Davante Adams QB Jalen Hurts RB D'Andre Swift RB RJ Harvey TE Colston Loveland WR DeVonta Smith WR Jaylen Waddle WR Dontayvion Wicks,,,
847,5271741696,goofybh207,0,103.94001,DST Eagles  FLEX Saquon Barkley QB Bo Nix RB Kyren Williams RB Blake Corum TE Terrance Ferguson WR DeVonta Smith WR Jaylen Waddle WR Davante Adams,,,
847,5273780279,Ironswag82,0,103.94001,DST Eagles  FLEX Kyren Williams QB Bo Nix RB Saquon Barkley RB Blake Corum TE Terrance Ferguson WR DeVonta Smith WR Jaylen Waddle WR Davante Adams,,,
847,5271398735,csurunnerccr,0,103.94,DST Broncos  FLEX Saquon Barkley QB Bo Nix RB D'Andre Swift RB J.K. Dobbins TE Evan Engram WR DeVonta Smith WR Jaylen Waddle WR Luther Burden III,,,
847,5271253240,chrisGlee,0,103.939995,DST Eagles  FLEX Kyren Williams QB Bo Nix RB Saquon Barkley RB D'Andre Swift TE Terrance Ferguson WR Jaylen Waddle WR Davante Adams WR Dontayvion Wicks,,,
847,5273539964,yaghnam12,0,103.939995,DST Bears  FLEX J.K. Dobbins QB Bo Nix RB D'Andre Swift RB Jonah Coleman TE Colston Loveland WR DeVonta Smith WR Jaylen Waddle WR Davante Adams,,,
847,5273850600,chrasss86,0,103.939995,DST Eagles  FLEX D'Andre Swift QB Bo Nix RB Saquon Barkley RB Kyren Williams TE Terrance Ferguson WR Jaylen Waddle WR Davante Adams WR Dontayvion Wicks,,,
847,5274025578,GmonyDS,0,103.939995,DST Eagles  FLEX Saquon Barkley QB Bo Nix RB D'Andre Swift RB Kyren Williams TE Terrance Ferguson WR Jaylen Waddle WR Davante Adams WR Dontayvion Wicks,,,
854,5274111824,JKIEFER300,0,103.920006,DST Rams  FLEX RJ Harvey QB Jalen Hurts RB D'Andre Swift RB Kyren Williams TE Johnny Mundt WR DeVonta Smith WR Jaylen Waddle WR Davante Adams,,,
854,5272838417,DSBforLife,0,103.92,DST Bears  FLEX Kyle Monangai QB Jalen Hurts RB D'Andre Swift RB Kyren Williams TE Evan Engram WR DeVonta Smith WR Jaylen Waddle WR Davante Adams,,,
854,5273819683,jp0707,0,103.92,DST Bears  FLEX Kyle Monangai QB Jalen Hurts RB D'Andre Swift RB Kyren Williams TE Colby Parkinson WR DeVonta Smith WR Jaylen Waddle WR Davante Adams,,,
854,5273983270,bigchubermudez,0,103.92,DST Eagles  FLEX DeVonta Smith QB Jalen Hurts RB D'Andre Swift RB Kyren Williams TE Zach Ertz WR Davante Adams WR Dontayvion Wicks WR Pat Bryant,,,
854,5274032820,JesseJames1982,0,103.92,DST Bears  FLEX D'Andre Swift QB Jalen Hurts RB Kyren Williams RB Kyle Monangai TE Evan Engram WR DeVonta Smith WR Jaylen Waddle WR Davante Adams,,,
859,5271644081,Lowgear51,0,103.80001,DST Eagles  FLEX Kyle Monangai QB Matthew Stafford RB Saquon Barkley RB Kyren Williams TE Johnny Mundt WR DeVonta Smith WR Jaylen Waddle WR Davante Adams,,,
859,5273732076,huntsaa7,0,103.80001,DST Eagles  FLEX Kyren Williams QB Matthew Stafford RB Saquon Barkley RB Kyle Monangai TE Johnny Mundt WR DeVonta Smith WR Jaylen Waddle WR Davante Adams,,,
859,5271668170,gyrogerg15,0,103.8,DST Eagles  FLEX Jaylen Waddle QB Matthew Stafford RB D'Andre Swift RB Blake Corum TE Evan Engram WR DeVonta Smith WR Davante Adams WR Kalif Raymond,,,
862,5270628065,MeSmash1,0,103.740005,DST Eagles  FLEX DeVonta Smith QB Bo Nix RB Saquon Barkley RB Kyren Williams TE Evan Engram WR Jaylen Waddle WR Davante Adams WR Dontayvion Wicks,,,
862,5273776706,redsoxyear2015,0,103.740005,DST Eagles  FLEX Dontayvion Wicks QB Bo Nix RB Saquon Barkley RB Kyren Williams TE Evan Engram WR DeVonta Smith WR Jaylen Waddle WR Davante Adams,,,
862,5273975629,bernard14,0,103.740005,DST Eagles  FLEX Davante Adams QB Bo Nix RB Saquon Barkley RB Kyren Williams TE Colby Parkinson WR DeVonta Smith WR Jaylen Waddle WR Dontayvion Wicks,,,
862,5274089641,jwengert0518,0,103.740005,DST Eagles  FLEX Dontayvion Wicks QB Bo Nix RB Saquon Barkley RB Kyren Williams TE Evan Engram WR DeVonta Smith WR Jaylen Waddle WR Davante Adams,,,
866,5270885408,fpeterson1981,0,103.72,DST Eagles  FLEX J.K. Dobbins QB Jalen Hurts RB Saquon Barkley RB D'Andre Swift TE Tyler Higbee WR DeVonta Smith WR Davante Adams WR Courtland Sutton,,,
867,5269941407,browns1234,0,103.7,DST Eagles  FLEX Saquon Barkley QB Matthew Stafford RB D'Andre Swift RB Kyren Williams TE Cole Kmet WR DeVonta Smith WR Davante Adams WR Tutu Atwell,,,
868,5274070774,fuhrnj,0,103.64,DST Broncos  FLEX Rome Odunze QB Bo Nix RB Saquon Barkley RB J.K. Dobbins TE Zach Ertz WR DeVonta Smith WR Luther Burden III WR Courtland Sutton,,,
869,5273922819,ddailey1,0,103.600006,DST Bears  FLEX DeVonta Smith QB Matthew Stafford RB Saquon Barkley RB Blake Corum TE Colston Loveland WR Jaylen Waddle WR Luther Burden III WR Rome Odunze,,,
870,5271797326,greenzone987,0,103.54,DST Eagles  FLEX Saquon Barkley QB Bo Nix RB Kyren Williams RB Kyle Monangai TE Terrance Ferguson WR DeVonta Smith WR Jaylen Waddle WR Davante Adams,,,
870,5273836391,JoeRocks44,0,103.54,DST Eagles  FLEX Kyle Monangai QB Bo Nix RB Saquon Barkley RB Kyren Williams TE Terrance Ferguson WR DeVonta Smith WR Jaylen Waddle WR Davante Adams,,,
872,5273958747,katrinamrx,0,103.5,DST Eagles  FLEX J.K. Dobbins QB Matthew Stafford RB D'Andre Swift RB Kyren Williams TE Colby Parkinson WR DeVonta Smith WR Jaylen Waddle WR Luther Burden III,,,
873,5273676164,OptimizerX,0,103.44,DST Eagles  FLEX Kyle Monangai QB Bo Nix RB D'Andre Swift RB Kyren Williams TE Evan Engram WR DeVonta Smith WR Jaylen Waddle WR Davante Adams,,,
873,5273880704,icehawk11,0,103.44,DST Eagles  FLEX Kyren Williams QB Bo Nix RB D'Andre Swift RB Kyle Monangai TE Evan Engram WR DeVonta Smith WR Jaylen Waddle WR Davante Adams,,,
873,5274103597,andrewirish,0,103.44,DST Broncos  FLEX Evan Engram QB Bo Nix RB Saquon Barkley RB D'Andre Swift TE Zach Ertz WR DeVonta Smith WR Jaylen Waddle WR Davante Adams,,,
873,5274111897,linksell,0,103.44,DST Eagles  FLEX Kyren Williams QB Bo Nix RB D'Andre Swift RB Kyle Monangai TE Evan Engram WR DeVonta Smith WR Jaylen Waddle WR Davante Adams,,,
877,5270885276,Bigrel3232,0,103.420006,DST Broncos  FLEX Tank Bigsby QB Jalen Hurts RB Saquon Barkley RB Kyren Williams TE Terrance Ferguson WR DeVonta Smith WR Jaylen Waddle WR Davante Adams,,,
878,5271482737,derektreybig,0,103.32001,DST Eagles  FLEX DeVonta Smith QB Jalen Hurts RB Saquon Barkley RB Kyren Williams TE Terrance Ferguson WR Jaylen Waddle WR Davante Adams WR Pat Bryant,,,
878,5271862122,lpratts,0,103.32001,DST Eagles  FLEX Pat Bryant QB Jalen Hurts RB Saquon Barkley RB Kyren Williams TE Terrance Ferguson WR DeVonta Smith WR Jaylen Waddle WR Davante Adams,,,
878,5273014906,skeeterboy53,0,103.32001,DST Eagles  FLEX Jaylen Waddle QB Jalen Hurts RB Saquon Barkley RB Kyren Williams TE Terrance Ferguson WR DeVonta Smith WR Davante Adams WR Pat Bryant,,,
878,5273813225,rivimike,0,103.31999,DST Broncos  FLEX DeVonta Smith QB Jalen Hurts RB Saquon Barkley RB D'Andre Swift TE Colston Loveland WR Davante Adams WR Rome Odunze WR Dontayvion Wicks,,,
882,5273762655,Dallashh,0,103.22001,DST Eagles  FLEX DeVonta Smith QB Jalen Hurts RB D'Andre Swift RB Kyren Williams TE Colby Parkinson WR Jaylen Waddle WR Davante Adams WR Pat Bryant,,,
882,5274020226,crheriman,0,103.22001,DST Eagles  FLEX Davante Adams QB Jalen Hurts RB D'Andre Swift RB Kyren Williams TE Evan Engram WR DeVonta Smith WR Jaylen Waddle WR Pat Bryant,,,
884,5272504948,millersinkosh,0,103.04,DST Eagles  FLEX Kyren Williams QB Bo Nix RB Saquon Barkley RB D'Andre Swift TE Evan Engram WR Davante Adams WR Rome Odunze WR Dontayvion Wicks,,,
885,5273601024,ROBBIEROCKAZON,0,103.00001,DST Eagles  FLEX Colby Parkinson QB Matthew Stafford RB D'Andre Swift RB Kyren Williams TE Terrance Ferguson WR DeVonta Smith WR Jaylen Waddle WR Davante Adams,,,
885,5270553285,mrrnine,0,103,DST Eagles  FLEX Kyle Monangai QB Matthew Stafford RB D'Andre Swift RB Kyren Williams TE Evan Engram WR DeVonta Smith WR Davante Adams WR Dontayvion Wicks,,,
885,5273653899,lmckenzie416,0,102.99999,DST Eagles  FLEX Luther Burden III QB Matthew Stafford RB Saquon Barkley RB Kyren Williams TE Evan Engram WR DeVonta Smith WR Jaylen Waddle WR Courtland Sutton,,,
888,5269066714,LTskelter,0,102.92,DST Broncos  FLEX Saquon Barkley QB Jalen Hurts RB Kyren Williams RB Kyle Monangai TE Evan Engram WR DeVonta Smith WR Davante Adams WR Dontayvion Wicks,,,
889,5271772807,blawton03,0,102.83999,DST Eagles  FLEX Saquon Barkley QB Bo Nix RB Kyren Williams RB Kyle Monangai TE Evan Engram WR DeVonta Smith WR Davante Adams WR Courtland Sutton,,,
890,5273633857,LuckDynasty317,0,102.82,DST Eagles  FLEX Luther Burden III QB Jalen Hurts RB Kyren Williams RB Kyle Monangai TE Terrance Ferguson WR DeVonta Smith WR Jaylen Waddle WR Davante Adams,,,
890,5273712850,RVC1959,0,102.82,DST Eagles  FLEX Luther Burden III QB Jalen Hurts RB Kyren Williams RB Kyle Monangai TE Terrance Ferguson WR DeVonta Smith WR Jaylen Waddle WR Davante Adams,,,
890,5274108055,jterpstra,0,102.82,DST Eagles  FLEX Jaylen Waddle QB Jalen Hurts RB Kyren Williams RB Kyle Monangai TE Terrance Ferguson WR DeVonta Smith WR Davante Adams WR Luther Burden III,,,
893,5273576042,blozano9,0,102.8,DST Eagles  FLEX Blake Corum QB Matthew Stafford RB Saquon Barkley RB Kyren Williams TE Evan Engram WR DeVonta Smith WR Jaylen Waddle WR Davante Adams,,,
893,5273580368,zoneranger,0,102.8,DST Eagles  FLEX Saquon Barkley QB Matthew Stafford RB Kyren Williams RB Blake Corum TE Evan Engram WR DeVonta Smith WR Jaylen Waddle WR Davante Adams,,,
893,5273743692,hydroxboi,0,102.8,DST Eagles  FLEX Saquon Barkley QB Matthew Stafford RB Kyren Williams RB Blake Corum TE Evan Engram WR DeVonta Smith WR Jaylen Waddle WR Davante Adams,,,
893,5273751103,wild33man,0,102.8,DST Eagles  FLEX Saquon Barkley QB Matthew Stafford RB D'Andre Swift RB Kyren Williams TE Evan Engram WR Jaylen Waddle WR Davante Adams WR Dontayvion Wicks,,,
893,5273810116,stumpfest,0,102.8,DST Eagles  FLEX Blake Corum QB Matthew Stafford RB Saquon Barkley RB Kyren Williams TE Evan Engram WR DeVonta Smith WR Jaylen Waddle WR Davante Adams,,,
893,5273852840,Valdovinos09,0,102.8,DST Eagles  FLEX Blake Corum QB Matthew Stafford RB Saquon Barkley RB Kyren Williams TE Evan Engram WR DeVonta Smith WR Jaylen Waddle WR Davante Adams,,,
893,5273871773,Jasperray69,0,102.8,DST Eagles  FLEX Kyren Williams QB Matthew Stafford RB Saquon Barkley RB D'Andre Swift TE Evan Engram WR Jaylen Waddle WR Davante Adams WR Dontayvion Wicks,,,
900,5273566482,codman510,0,102.72,DST Bears  FLEX Kyle Monangai QB Jalen Hurts RB D'Andre Swift RB Kyren Williams TE Evan Engram WR DeVonta Smith WR Davante Adams WR Dontayvion Wicks,,,
901,5273700449,juan_25,0,102.7,DST Eagles  FLEX RJ Harvey QB Matthew Stafford RB Saquon Barkley RB Kyren Williams TE Colby Parkinson WR Jaylen Waddle WR Davante Adams WR Dontayvion Wicks,,,
902,5273548117,BoomerT23,0,102.64,DST Bears  FLEX Kyle Monangai QB Bo Nix RB Saquon Barkley RB D'Andre Swift TE Evan Engram WR DeVonta Smith WR Jaylen Waddle WR Davante Adams,,,
902,5273903568,kushymonster,0,102.64,DST Bears  FLEX Saquon Barkley QB Bo Nix RB D'Andre Swift RB Kyle Monangai TE Evan Engram WR DeVonta Smith WR Jaylen Waddle WR Davante Adams,,,
904,5274050067,Mmhack33,0,102.6,DST Rams  FLEX Davante Adams QB Matthew Stafford RB Saquon Barkley RB Kyren Williams TE Evan Engram WR Jaylen Waddle WR Courtland Sutton WR Dontayvion Wicks,,,
905,5273654025,trab71,0,102.32,DST Rams  FLEX Saquon Barkley QB Jalen Hurts RB Kyren Williams RB Kyle Monangai TE Terrance Ferguson WR Jaylen Waddle WR Davante Adams WR Luther Burden III,,,
905,5274098008,PhilJackson4,0,102.32,DST Broncos  FLEX Saquon Barkley QB Jalen Hurts RB D'Andre Swift RB Kyren Williams TE Colston Loveland WR DeVonta Smith WR Courtland Sutton WR Makai Lemon,,,
905,5273623891,wag2526,0,102.31999,DST Eagles  FLEX DeVonta Smith QB Jalen Hurts RB D'Andre Swift RB Kyren Williams TE Colston Loveland WR Davante Adams WR Courtland Sutton WR Dontayvion Wicks,,,
908,5269937572,cuzzell0721,0,102.24,DST Eagles  FLEX DeVonta Smith QB Bo Nix RB Saquon Barkley RB Kyren Williams TE Colby Parkinson WR Jaylen Waddle WR Luther Burden III WR Courtland Sutton,,,
909,5273553839,alexvansoelen,0,102.22,DST Rams  FLEX Saquon Barkley QB Jalen Hurts RB D'Andre Swift RB Kyren Williams TE Terrance Ferguson WR DeVonta Smith WR Davante Adams WR Makai Lemon,,,
909,5274140508,d9144,0,102.22,DST Rams  FLEX D'Andre Swift QB Jalen Hurts RB Saquon Barkley RB Kyren Williams TE Terrance Ferguson WR DeVonta Smith WR Davante Adams WR Makai Lemon,,,
911,5273642223,gmosk,0,102.18,DST Rams  FLEX DeVonta Smith QB Case Keenum RB Saquon Barkley RB D'Andre Swift TE Colston Loveland WR Jaylen Waddle WR Davante Adams WR Dontayvion Wicks,,,
912,5274146855,Bmarkham3030,0,102.12,DST Eagles  FLEX DeVonta Smith QB Jalen Hurts RB Kyren Williams RB Kyle Monangai TE Colby Parkinson WR Davante Adams WR Luther Burden III WR Courtland Sutton,,,
913,5269421566,nbled,0,102.100006,DST Eagles  FLEX RJ Harvey QB Matthew Stafford RB Saquon Barkley RB D'Andre Swift TE Terrance Ferguson WR DeVonta Smith WR Davante Adams WR Courtland Sutton,,,
913,5269007619,migvaq,0,102.1,DST Eagles  FLEX Tyler Higbee QB Matthew Stafford RB RJ Harvey RB Blake Corum TE Terrance Ferguson WR DeVonta Smith WR Jaylen Waddle WR Kalif Raymond,,,
915,5273990699,willshat,0,102.02,DST Eagles  FLEX Saquon Barkley QB Jalen Hurts RB D'Andre Swift RB RJ Harvey TE Terrance Ferguson WR DeVonta Smith WR Davante Adams WR Luther Burden III,,,
916,5274121676,Milly14,0,101.94,DST Eagles  FLEX Davante Adams QB Bo Nix RB Saquon Barkley RB D'Andre Swift TE Evan Engram WR DeVonta Smith WR Jaylen Waddle WR Pat Bryant,,,
917,5271773417,knimetbil,0,101.920006,DST Rams  FLEX Kalif Raymond QB Jalen Hurts RB Saquon Barkley RB D'Andre Swift TE Terrance Ferguson WR DeVonta Smith WR Jaylen Waddle WR Davante Adams,,,
917,5273722461,fanprojb1321,0,101.920006,DST Eagles  FLEX Luther Burden III QB Jalen Hurts RB Saquon Barkley RB Kyren Williams TE Evan Engram WR Jaylen Waddle WR Davante Adams WR Courtland Sutton,,,
917,5274140796,mustangsally1,0,101.92,DST Bears  FLEX DeVonta Smith QB Jalen Hurts RB D'Andre Swift RB Kyle Monangai TE Evan Engram WR Davante Adams WR Dontayvion Wicks WR Kalif Raymond,,,
920,5271547772,matthewwalsh,0,101.840004,DST Bears  FLEX Kyle Monangai QB Bo Nix RB D'Andre Swift RB J.K. Dobbins TE Terrance Ferguson WR DeVonta Smith WR Jaylen Waddle WR Davante Adams,,,
920,5270494324,sirdiggsalot,0,101.84,DST Eagles  FLEX Saquon Barkley QB Bo Nix RB Kyren Williams RB J.K. Dobbins TE Zach Ertz WR Jaylen Waddle WR Davante Adams WR Courtland Sutton,,,
922,5274081786,joeystorey813,0,101.82,DST Broncos  FLEX Colston Loveland QB Jalen Hurts RB Saquon Barkley RB J.K. Dobbins TE Terrance Ferguson WR Jaylen Waddle WR Davante Adams WR Luther Burden III,,,
923,5273926266,BayBaybison,0,101.8,DST Rams  FLEX DeVonta Smith QB Matthew Stafford RB Saquon Barkley RB D'Andre Swift TE Terrance Ferguson WR Davante Adams WR Rome Odunze WR Courtland Sutton,,,
924,5269789754,CloseCutCloser,0,101.700005,DST Eagles  FLEX Tank Bigsby QB Matthew Stafford RB Saquon Barkley RB Kyren Williams TE Terrance Ferguson WR DeVonta Smith WR Jaylen Waddle WR Davante Adams,,,
924,5274127804,ASchulfer,0,101.700005,DST Eagles  FLEX Tank Bigsby QB Matthew Stafford RB Saquon Barkley RB Kyren Williams TE Terrance Ferguson WR DeVonta Smith WR Jaylen Waddle WR Davante Adams,,,
924,5274003213,RayAvery,0,101.7,DST Bears  FLEX DeVonta Smith QB Tyson Bagent RB D'Andre Swift RB Kyren Williams TE Colston Loveland WR Jaylen Waddle WR Davante Adams WR Rome Odunze,,,
927,5273609896,davidwinz1960,0,101.68001,DST Rams  FLEX D'Andre Swift QB Case Keenum RB Saquon Barkley RB Kyle Monangai TE Terrance Ferguson WR Davante Adams WR Luther Burden III WR Makai Lemon,,,
928,5274146346,mikethechamp56,0,101.64001,DST Eagles  FLEX DeVonta Smith QB Bo Nix RB Saquon Barkley RB Kyren Williams TE Evan Engram WR Jaylen Waddle WR Davante Adams WR Troy Franklin,,,
928,5273895240,pezzaXtremo,0,101.64,DST Eagles  FLEX Saquon Barkley QB Bo Nix RB Kyren Williams RB Kyle Monangai TE Cole Kmet WR DeVonta Smith WR Jaylen Waddle WR Davante Adams,,,
928,5274123979,DULLPASSENGER,0,101.64,DST Eagles  FLEX Kyren Williams QB Bo Nix RB Saquon Barkley RB Kyle Monangai TE Cole Kmet WR DeVonta Smith WR Jaylen Waddle WR Davante Adams,,,
931,5273953708,blahze,0,101.600006,DST Eagles  FLEX Kyren Williams QB Matthew Stafford RB D'Andre Swift RB Tank Bigsby TE Evan Engram WR DeVonta Smith WR Jaylen Waddle WR Davante Adams,,,
931,5272263916,serg89,0,101.6,DST Eagles  FLEX Rome Odunze QB Matthew Stafford RB Saquon Barkley RB D'Andre Swift TE Colston Loveland WR DeVonta Smith WR Davante Adams WR Dontayvion Wicks,,,
933,5273883870,mikedogg79,0,101.54,DST Eagles  FLEX Jaylen Waddle QB Bo Nix RB Saquon Barkley RB Kyren Williams TE Colston Loveland WR DeVonta Smith WR Dontayvion Wicks WR Pat Bryant,,,
934,5268951784,rickroyer24,0,101.52,DST Rams  FLEX Saquon Barkley QB Jalen Hurts RB D'Andre Swift RB Kyren Williams TE Terrance Ferguson WR DeVonta Smith WR Davante Adams WR Dontayvion Wicks,,,
934,5269273197,rictaji,0,101.52,DST Rams  FLEX Saquon Barkley QB Jalen Hurts RB D'Andre Swift RB Kyren Williams TE Zach Ertz WR DeVonta Smith WR Davante Adams WR Dontayvion Wicks,,,
934,5269657914,parrothead112,0,101.52,DST Rams  FLEX D'Andre Swift QB Jalen Hurts RB Saquon Barkley RB Kyren Williams TE Terrance Ferguson WR DeVonta Smith WR Davante Adams WR Dontayvion Wicks,,,
934,5269768081,88chill88,0,101.52,DST Rams  FLEX Saquon Barkley QB Jalen Hurts RB D'Andre Swift RB Kyren Williams TE Terrance Ferguson WR DeVonta Smith WR Davante Adams WR Dontayvion Wicks,,,
934,5269874639,KennyPowers34,0,101.52,DST Rams  FLEX Saquon Barkley QB Jalen Hurts RB D'Andre Swift RB Kyren Williams TE Terrance Ferguson WR DeVonta Smith WR Davante Adams WR Dontayvion Wicks,,,
934,5270341400,Hman821,0,101.52,DST Rams  FLEX Saquon Barkley QB Jalen Hurts RB D'Andre Swift RB Kyren Williams TE Terrance Ferguson WR DeVonta Smith WR Davante Adams WR Dontayvion Wicks,,,
934,5271288819,kevin0708,0,101.52,DST Rams  FLEX Saquon Barkley QB Jalen Hurts RB D'Andre Swift RB Kyren Williams TE Terrance Ferguson WR DeVonta Smith WR Davante Adams WR Dontayvion Wicks,,,
934,5271350845,art_teacher,0,101.52,DST Rams  FLEX Saquon Barkley QB Jalen Hurts RB D'Andre Swift RB Kyren Williams TE Zach Ertz WR DeVonta Smith WR Davante Adams WR Dontayvion Wicks,,,
934,5271609916,smithbrandon7,0,101.52,DST Rams  FLEX D'Andre Swift QB Jalen Hurts RB Saquon Barkley RB Kyren Williams TE Terrance Ferguson WR DeVonta Smith WR Davante Adams WR Dontayvion Wicks,,,
934,5272081112,deajr0605,0,101.52,DST Rams  FLEX Saquon Barkley QB Jalen Hurts RB D'Andre Swift RB Kyren Williams TE Terrance Ferguson WR DeVonta Smith WR Davante Adams WR Dontayvion Wicks,,,
934,5272784729,TY54321,0,101.52,DST Rams  FLEX D'Andre Swift QB Jalen Hurts RB Saquon Barkley RB Kyren Williams TE Terrance Ferguson WR DeVonta Smith WR Davante Adams WR Dontayvion Wicks,,,
934,5273055859,CDA80,0,101.52,DST Rams  FLEX D'Andre Swift QB Jalen Hurts RB Saquon Barkley RB Kyren Williams TE Terrance Ferguson WR DeVonta Smith WR Davante Adams WR Dontayvion Wicks,,,
934,5273313737,CAKSEER,0,101.52,DST Rams  FLEX Saquon Barkley QB Jalen Hurts RB D'Andre Swift RB Kyren Williams TE Terrance Ferguson WR DeVonta Smith WR Davante Adams WR Dontayvion Wicks,,,
934,5273550640,carlcarl,0,101.52,DST Rams  FLEX Saquon Barkley QB Jalen Hurts RB D'Andre Swift RB Kyren Williams TE Terrance Ferguson WR DeVonta Smith WR Davante Adams WR Dontayvion Wicks,,,
934,5273611358,ejones04,0,101.52,DST Rams  FLEX Saquon Barkley QB Jalen Hurts RB D'Andre Swift RB Kyren Williams TE Terrance Ferguson WR DeVonta Smith WR Davante Adams WR Dontayvion Wicks,,,
934,5273620329,Raiderfanatic2195,0,101.52,DST Rams  FLEX Saquon Barkley QB Jalen Hurts RB D'Andre Swift RB Kyren Williams TE Terrance Ferguson WR DeVonta Smith WR Davante Adams WR Dontayvion Wicks,,,
934,5273664056,pats328,0,101.52,DST Rams  FLEX Kyren Williams QB Jalen Hurts RB Saquon Barkley RB D'Andre Swift TE Terrance Ferguson WR DeVonta Smith WR Davante Adams WR Dontayvion Wicks,,,
934,5273680206,1colt1,0,101.52,DST Rams  FLEX Saquon Barkley QB Jalen Hurts RB D'Andre Swift RB Kyren Williams TE Zach Ertz WR DeVonta Smith WR Davante Adams WR Dontayvion Wicks,,,
934,5273685576,415gio,0,101.52,DST Rams  FLEX Saquon Barkley QB Jalen Hurts RB D'Andre Swift RB Kyren Williams TE Terrance Ferguson WR DeVonta Smith WR Davante Adams WR Dontayvion Wicks,,,
934,5273864104,ekerns,0,101.52,DST Rams  FLEX D'Andre Swift QB Jalen Hurts RB Saquon Barkley RB Kyren Williams TE Zach Ertz WR DeVonta Smith WR Davante Adams WR Dontayvion Wicks,,,
934,5273864459,DarkLionz,0,101.52,DST Rams  FLEX D'Andre Swift QB Jalen Hurts RB Saquon Barkley RB Kyren Williams TE Zach Ertz WR DeVonta Smith WR Davante Adams WR Dontayvion Wicks,,,
934,5273940299,brenm001,0,101.52,DST Rams  FLEX Saquon Barkley QB Jalen Hurts RB D'Andre Swift RB Kyren Williams TE Zach Ertz WR DeVonta Smith WR Davante Adams WR Dontayvion Wicks,,,
934,5273941173,obtain,0,101.52,DST Rams  FLEX Saquon Barkley QB Jalen Hurts RB D'Andre Swift RB Kyren Williams TE Terrance Ferguson WR DeVonta Smith WR Davante Adams WR Dontayvion Wicks,,,
934,5273990745,BigazBill,0,101.52,DST Rams  FLEX Saquon Barkley QB Jalen Hurts RB D'Andre Swift RB Kyren Williams TE Terrance Ferguson WR DeVonta Smith WR Davante Adams WR Dontayvion Wicks,,,
934,5274019420,Italopg5,0,101.52,DST Rams  FLEX Kyren Williams QB Jalen Hurts RB Saquon Barkley RB D'Andre Swift TE Zach Ertz WR DeVonta Smith WR Davante Adams WR Dontayvion Wicks,,,
934,5274036232,wfarrell75,0,101.52,DST Rams  FLEX Saquon Barkley QB Jalen Hurts RB D'Andre Swift RB Kyren Williams TE Zach Ertz WR DeVonta Smith WR Davante Adams WR Dontayvion Wicks,,,
934,5274090170,Bugzi,0,101.52,DST Rams  FLEX Kyren Williams QB Jalen Hurts RB Saquon Barkley RB D'Andre Swift TE Terrance Ferguson WR DeVonta Smith WR Davante Adams WR Dontayvion Wicks,,,
934,5274091454,PapaJeezy,0,101.52,DST Rams  FLEX Saquon Barkley QB Jalen Hurts RB D'Andre Swift RB Kyren Williams TE Terrance Ferguson WR DeVonta Smith WR Davante Adams WR Dontayvion Wicks,,,
934,5274111940,The_Hug_of_Death,0,101.52,DST Rams  FLEX Saquon Barkley QB Jalen Hurts RB D'Andre Swift RB Kyren Williams TE Terrance Ferguson WR DeVonta Smith WR Davante Adams WR Dontayvion Wicks,,,
963,5273578272,drew23,0,101.5,DST Broncos  FLEX Kyle Monangai QB Matthew Stafford RB Saquon Barkley RB D'Andre Swift TE Evan Engram WR DeVonta Smith WR Jaylen Waddle WR Luther Burden III,,,
964,5272821992,wurm11,0,101.42,DST Broncos  FLEX D'Andre Swift QB Jalen Hurts RB Saquon Barkley RB Kyren Williams TE Colston Loveland WR DeVonta Smith WR Rome Odunze WR Dontayvion Wicks,,,
965,5273658643,slicksid27,0,101.4,DST Rams  FLEX J.K. Dobbins QB Matthew Stafford RB D'Andre Swift RB Kyren Williams TE Cole Kmet WR Jaylen Waddle WR Luther Burden III WR Rome Odunze,,,
966,5274008913,lcochrane,0,101.34,DST Broncos  FLEX Kyle Monangai QB Bo Nix RB D'Andre Swift RB Kyren Williams TE Evan Engram WR DeVonta Smith WR Jaylen Waddle WR Courtland Sutton,,,
967,5273973290,EightOFive,0,101.21999,DST Rams  FLEX Kyren Williams QB Jalen Hurts RB D'Andre Swift RB Blake Corum TE Colston Loveland WR DeVonta Smith WR Davante Adams WR Dontayvion Wicks,,,
968,5273658564,CrimsonMarvel,0,101.200005,DST Eagles  FLEX Zach Ertz QB Matthew Stafford RB Saquon Barkley RB Kyren Williams TE Evan Engram WR DeVonta Smith WR Jaylen Waddle WR Davante Adams,,,
968,5274028718,mhcole,0,101.200005,DST Eagles  FLEX Terrance Ferguson QB Matthew Stafford RB Saquon Barkley RB Kyren Williams TE Evan Engram WR DeVonta Smith WR Jaylen Waddle WR Davante Adams,,,
968,5273909754,Mr_6_Burg,0,101.2,DST Eagles  FLEX Kyle Monangai QB Matthew Stafford RB Saquon Barkley RB Kyren Williams TE Colby Parkinson WR DeVonta Smith WR Davante Adams WR Dontayvion Wicks,,,
968,5273936124,Hartert55,0,101.2,DST Rams  FLEX Blake Corum QB Matthew Stafford RB D'Andre Swift RB Kyren Williams TE Colby Parkinson WR DeVonta Smith WR Davante Adams WR Jordan Whittington,,,
972,5274066606,eddiechambliss,0,101.020004,DST Rams  FLEX D'Andre Swift QB Jalen Hurts RB Kyren Williams RB J.K. Dobbins TE Zach Ertz WR DeVonta Smith WR Davante Adams WR Rome Odunze,,,
972,5269178018,russp420,0,101.02,DST Rams  FLEX Kyren Williams QB Jalen Hurts RB Saquon Barkley RB D'Andre Swift TE Johnny Mundt WR DeVonta Smith WR Davante Adams WR Dontayvion Wicks,,,
974,5271341530,cywan,0,100.92,DST Eagles  FLEX Jaylen Waddle QB Jalen Hurts RB Kyren Williams RB Kyle Monangai TE Evan Engram WR DeVonta Smith WR Davante Adams WR Luther Burden III,,,
974,5273889418,briannamohs,0,100.92,DST Eagles  FLEX Saquon Barkley QB Jalen Hurts RB Kyren Williams RB Tank Bigsby TE Cole Kmet WR DeVonta Smith WR Davante Adams WR Luther Burden III,,,
976,5273716875,antigravity_panthers,0,100.9,DST Rams  FLEX Saquon Barkley QB Matthew Stafford RB Kyren Williams RB Kyle Monangai TE Terrance Ferguson WR DeVonta Smith WR Davante Adams WR Darius Cooper,,,
977,5273623285,PiscesManifesto,0,100.840004,DST Eagles  FLEX Kyren Williams QB Bo Nix RB J.K. Dobbins RB Kyle Monangai TE Terrance Ferguson WR DeVonta Smith WR Jaylen Waddle WR Davante Adams,,,
977,5273844608,clo85,0,100.84,DST Eagles  FLEX D'Andre Swift QB Bo Nix RB Kyren Williams RB Tank Bigsby TE Evan Engram WR DeVonta Smith WR Jaylen Waddle WR Davante Adams,,,
979,5271416215,Satch65,0,100.82001,DST Rams  FLEX Colston Loveland QB Jalen Hurts RB D'Andre Swift RB Kyren Williams TE Terrance Ferguson WR DeVonta Smith WR Jaylen Waddle WR Davante Adams,,,
979,5273906979,nu2010,0,100.82001,DST Rams  FLEX Jaylen Waddle QB Jalen Hurts RB D'Andre Swift RB Kyren Williams TE Johnny Mundt WR DeVonta Smith WR Davante Adams WR Courtland Sutton,,,
979,5274012004,nst92,0,100.82001,DST Rams  FLEX Colston Loveland QB Jalen Hurts RB D'Andre Swift RB Kyren Williams TE Terrance Ferguson WR DeVonta Smith WR Jaylen Waddle WR Davante Adams,,,
979,5270668870,jfourns,0,100.81999,DST Eagles  FLEX RJ Harvey QB Jalen Hurts RB Saquon Barkley RB Kyren Williams TE Zach Ertz WR DeVonta Smith WR Davante Adams WR Courtland Sutton,,,
983,5274109595,cwarno20,0,100.74,DST Eagles  FLEX Dontayvion Wicks QB Bo Nix RB Saquon Barkley RB Kyren Williams TE Terrance Ferguson WR Jaylen Waddle WR Davante Adams WR Courtland Sutton,,,
984,5273623069,macmcgline,0,100.619995,DST Eagles  FLEX Saquon Barkley QB Jalen Hurts RB Kyren Williams RB RJ Harvey TE Zach Ertz WR DeVonta Smith WR Davante Adams WR Rome Odunze,,,
985,5270787655,Skybolt2,0,100.44001,DST Eagles  FLEX Terrance Ferguson QB Bo Nix RB Saquon Barkley RB Kyren Williams TE Evan Engram WR DeVonta Smith WR Jaylen Waddle WR Davante Adams,,,
985,5272303125,bledsoe417,0,100.44001,DST Eagles  FLEX Zach Ertz QB Bo Nix RB Saquon Barkley RB Kyren Williams TE Evan Engram WR DeVonta Smith WR Jaylen Waddle WR Davante Adams,,,
987,5273765303,ryanhenningsen,0,100.42,DST Rams  FLEX Rome Odunze QB Jalen Hurts RB D'Andre Swift RB Kyren Williams TE Evan Engram WR DeVonta Smith WR Davante Adams WR Courtland Sutton,,,
988,5273556474,TommyMac66,0,100.40001,DST Eagles  FLEX DeVonta Smith QB Matthew Stafford RB Saquon Barkley RB Kyle Monangai TE Evan Engram WR Jaylen Waddle WR Davante Adams WR Luther Burden III,,,
988,5273991663,sunthenovice,0,100.4,DST Eagles  FLEX Saquon Barkley QB Matthew Stafford RB Kyren Williams RB Kyle Monangai TE Terrance Ferguson WR DeVonta Smith WR Jaylen Waddle WR Luther Burden III,,,
988,5269025571,mrclean261,0,100.399994,DST Eagles  FLEX RJ Harvey QB Matthew Stafford RB D'Andre Swift RB Kyren Williams TE Colston Loveland WR DeVonta Smith WR Jaylen Waddle WR Dontayvion Wicks,,,
991,5274034680,Ddubya89,0,100.34,DST Bears  FLEX Saquon Barkley QB Bo Nix RB Kyren Williams RB Kyle Monangai TE Zach Ertz WR Jaylen Waddle WR Kalif Raymond WR Jordan Whittington,,,
992,5273003567,phmboggs,0,100.32,DST Rams  FLEX Saquon Barkley QB Jalen Hurts RB D'Andre Swift RB Kyren Williams TE Evan Engram WR DeVonta Smith WR Davante Adams WR Makai Lemon,,,
993,5271265497,thedoodmon,0,100.14001,DST Eagles  FLEX D'Andre Swift QB Bo Nix RB Saquon Barkley RB RJ Harvey TE Terrance Ferguson WR DeVonta Smith WR Jaylen Waddle WR Davante Adams,,,
994,5271531192,WFT_HTTR,0,100.119995,DST Bears  FLEX Saquon Barkley QB Jalen Hurts RB Kyle Monangai RB Blake Corum TE Tyler Higbee WR DeVonta Smith WR Jaylen Waddle WR Luther Burden III,,,
994,5273550852,rxgall69,0,100.119995,DST Broncos  FLEX Dontayvion Wicks QB Jalen Hurts RB D'Andre Swift RB RJ Harvey TE Colston Loveland WR DeVonta Smith WR Jaylen Waddle WR Luther Burden III,,,
994,5273791571,BigSen07,0,100.119995,DST Rams  FLEX Kyren Williams QB Jalen Hurts RB Saquon Barkley RB D'Andre Swift TE Colston Loveland WR Davante Adams WR Makai Lemon WR Dontayvion Wicks,,,
997,5273118136,jldorse,0,100.100006,DST Eagles  FLEX J.K. Dobbins QB Matthew Stafford RB Kyren Williams RB Blake Corum TE Evan Engram WR DeVonta Smith WR Jaylen Waddle WR Davante Adams,,,
998,5273963045,kkjdubbs,0,100.020004,DST Rams  FLEX Saquon Barkley QB Jalen Hurts RB D'Andre Swift RB Kyren Williams TE Terrance Ferguson WR DeVonta Smith WR Jaylen Waddle WR Kalif Raymond,,,
998,5273662891,ErinR76,0,100.02,DST Rams  FLEX DeVonta Smith QB Jalen Hurts RB D'Andre Swift RB Kyle Monangai TE Colston Loveland WR Davante Adams WR Dontayvion Wicks WR Kalif Raymond,,,
1000,5273980995,Matty242,0,99.979996,DST Broncos  FLEX RJ Harvey QB Case Keenum RB Saquon Barkley RB Kyle Monangai TE Cole Kmet WR DeVonta Smith WR Jaylen Waddle WR Luther Burden III,,,
1001,5274002176,fiestalanesta,0,99.88,DST Eagles  FLEX DeVonta Smith QB Case Keenum RB Saquon Barkley RB Kyren Williams TE Cole Kmet WR Jaylen Waddle WR Luther Burden III WR Makai Lemon,,,
1002,5273836787,nelsonoah,0,99.82001,DST Rams  FLEX Saquon Barkley QB Jalen Hurts RB D'Andre Swift RB Kyren Williams TE Terrance Ferguson WR DeVonta Smith WR Luther Burden III WR Rome Odunze,,,
1003,5273318043,McSlappin15,0,99.72,DST Eagles  FLEX Saquon Barkley QB Jalen Hurts RB D'Andre Swift RB Kyren Williams TE Evan Engram WR Jaylen Waddle WR Davante Adams WR Pat Bryant,,,
1004,5270699496,angeloelway,0,99.63999,DST Eagles  FLEX Kyren Williams QB Bo Nix RB D'Andre Swift RB RJ Harvey TE Colston Loveland WR DeVonta Smith WR Jaylen Waddle WR Dontayvion Wicks,,,
1005,5273687920,whitey141414,0,99.62,DST Broncos  FLEX Dontayvion Wicks QB Jalen Hurts RB D'Andre Swift RB J.K. Dobbins TE Colston Loveland WR DeVonta Smith WR Jaylen Waddle WR Davante Adams,,,
1005,5270342280,bigfella07,0,99.619995,DST Rams  FLEX D'Andre Swift QB Jalen Hurts RB Saquon Barkley RB Kyren Williams TE Evan Engram WR DeVonta Smith WR Davante Adams WR Dontayvion Wicks,,,
1005,5270577633,Grammy2662,0,99.619995,DST Rams  FLEX Kyren Williams QB Jalen Hurts RB Saquon Barkley RB D'Andre Swift TE Evan Engram WR DeVonta Smith WR Davante Adams WR Dontayvion Wicks,,,
1005,5273759193,coacht528,0,99.619995,DST Rams  FLEX Saquon Barkley QB Jalen Hurts RB D'Andre Swift RB Kyren Williams TE Evan Engram WR DeVonta Smith WR Davante Adams WR Dontayvion Wicks,,,
1005,5273858773,Bodozer,0,99.619995,DST Rams  FLEX D'Andre Swift QB Jalen Hurts RB Saquon Barkley RB Kyren Williams TE Evan Engram WR DeVonta Smith WR Davante Adams WR Dontayvion Wicks,,,
1005,5274041507,tdfult1,0,99.619995,DST Rams  FLEX D'Andre Swift QB Jalen Hurts RB Saquon Barkley RB Kyren Williams TE Evan Engram WR DeVonta Smith WR Davante Adams WR Dontayvion Wicks,,,
1005,5274123535,smlewis74,0,99.619995,DST Rams  FLEX Saquon Barkley QB Jalen Hurts RB D'Andre Swift RB Kyren Williams TE Colby Parkinson WR DeVonta Smith WR Davante Adams WR Dontayvion Wicks,,,
1012,5273761642,Rosalinda97,0,99.52,DST Eagles  FLEX D'Andre Swift QB Jalen Hurts RB Saquon Barkley RB Kyren Williams TE Colston Loveland WR Davante Adams WR Courtland Sutton WR Makai Lemon,,,
1013,5273803256,Scrills,0,99.420006,DST Eagles  FLEX Luther Burden III QB Jalen Hurts RB D'Andre Swift RB RJ Harvey TE Terrance Ferguson WR DeVonta Smith WR Jaylen Waddle WR Davante Adams,,,
1013,5273857783,wehavethemojo24,0,99.42,DST Eagles  FLEX Luther Burden III QB Jalen Hurts RB Saquon Barkley RB Kyren Williams TE Terrance Ferguson WR DeVonta Smith WR Jaylen Waddle WR Pat Bryant,,,
1015,5273583129,joee61,0,99.32,DST Eagles  FLEX Courtland Sutton QB Jalen Hurts RB D'Andre Swift RB Kyren Williams TE Zach Ertz WR DeVonta Smith WR Davante Adams WR Rome Odunze,,,
1016,5273606445,garciadamian19_97,0,99.3,DST Rams  FLEX Terrance Ferguson QB Matthew Stafford RB Saquon Barkley RB Kyren Williams TE Evan Engram WR Jaylen Waddle WR Davante Adams WR Courtland Sutton,,,
1017,5270738836,grasshoppergo,0,99.22,DST Eagles  FLEX Kyle Monangai QB Jalen Hurts RB D'Andre Swift RB Kyren Williams TE Evan Engram WR Jaylen Waddle WR Davante Adams WR Luther Burden III,,,
1017,5271825281,cjohns1975,0,99.22,DST Eagles  FLEX Kyren Williams QB Jalen Hurts RB Saquon Barkley RB D'Andre Swift TE Terrance Ferguson WR DeVonta Smith WR Davante Adams WR Makai Lemon,,,
1017,5272412411,deasy114,0,99.22,DST Eagles  FLEX D'Andre Swift QB Jalen Hurts RB Saquon Barkley RB Kyren Williams TE Zach Ertz WR DeVonta Smith WR Davante Adams WR Makai Lemon,,,
1017,5273527651,munz2245,0,99.22,DST Eagles  FLEX D'Andre Swift QB Jalen Hurts RB Saquon Barkley RB Kyren Williams TE Zach Ertz WR DeVonta Smith WR Davante Adams WR Makai Lemon,,,
1017,5273535797,hokiejane,0,99.22,DST Eagles  FLEX Saquon Barkley QB Jalen Hurts RB D'Andre Swift RB Kyren Williams TE Zach Ertz WR DeVonta Smith WR Davante Adams WR Makai Lemon,,,
1017,5274146839,bstaines,0,99.22,DST Eagles  FLEX Saquon Barkley QB Jalen Hurts RB D'Andre Swift RB Kyren Williams TE Terrance Ferguson WR DeVonta Smith WR Davante Adams WR Makai Lemon,,,
1023,5270821318,kb4220,0,99.100006,DST Eagles  FLEX DeVonta Smith QB Matthew Stafford RB D'Andre Swift RB RJ Harvey TE Colston Loveland WR Jaylen Waddle WR Luther Burden III WR Makai Lemon,,,
1023,5274114483,Blue1949,0,99.1,DST Eagles  FLEX D'Andre Swift QB Matthew Stafford RB Kyren Williams RB Kyle Monangai TE Colby Parkinson WR Jaylen Waddle WR Davante Adams WR Rome Odunze,,,
1025,5270923440,pearale,0,99.04001,DST Eagles  FLEX Tank Bigsby QB Bo Nix RB Saquon Barkley RB Kyren Williams TE Evan Engram WR DeVonta Smith WR Jaylen Waddle WR Davante Adams,,,
1025,5274073748,Heikox,0,99.04001,DST Eagles  FLEX Tank Bigsby QB Bo Nix RB Saquon Barkley RB Kyren Williams TE Colby Parkinson WR DeVonta Smith WR Jaylen Waddle WR Davante Adams,,,
1027,5274090191,Rhonda3204,0,99.020004,DST Rams  FLEX DeVonta Smith QB Jalen Hurts RB D'Andre Swift RB J.K. Dobbins TE Terrance Ferguson WR Davante Adams WR Luther Burden III WR Rome Odunze,,,
1027,5274146085,siham84,0,99.020004,DST Broncos  FLEX Colston Loveland QB Jalen Hurts RB Saquon Barkley RB D'Andre Swift TE Terrance Ferguson WR DeVonta Smith WR Jaylen Waddle WR Davante Adams,,,
1027,5269084392,jrevelle3,0,99.02,DST Broncos  FLEX D'Andre Swift QB Jalen Hurts RB Saquon Barkley RB Kyle Monangai TE Colston Loveland WR DeVonta Smith WR Davante Adams WR Dontayvion Wicks,,,
1030,5271296374,erynchase,0,98.920006,DST Rams  FLEX Dontayvion Wicks QB Jalen Hurts RB D'Andre Swift RB Kyren Williams TE Zach Ertz WR DeVonta Smith WR Jaylen Waddle WR Davante Adams,,,
1030,5271513404,salsurra,0,98.920006,DST Eagles  FLEX Jaylen Waddle QB Jalen Hurts RB Saquon Barkley RB D'Andre Swift TE Terrance Ferguson WR DeVonta Smith WR Davante Adams WR Kalif Raymond,,,
1030,5271780697,Grampyoz,0,98.920006,DST Rams  FLEX Jaylen Waddle QB Jalen Hurts RB D'Andre Swift RB Kyren Williams TE Terrance Ferguson WR DeVonta Smith WR Davante Adams WR Dontayvion Wicks,,,
1030,5272353418,TexasTarHeel1,0,98.920006,DST Eagles  FLEX Kalif Raymond QB Jalen Hurts RB Saquon Barkley RB D'Andre Swift TE Terrance Ferguson WR DeVonta Smith WR Jaylen Waddle WR Davante Adams,,,
1030,5273329750,housekobe,0,98.920006,DST Rams  FLEX Davante Adams QB Jalen Hurts RB D'Andre Swift RB Kyren Williams TE Zach Ertz WR DeVonta Smith WR Jaylen Waddle WR Dontayvion Wicks,,,
1030,5273489660,gwpeil,0,98.920006,DST Rams  FLEX Davante Adams QB Jalen Hurts RB D'Andre Swift RB Kyren Williams TE Zach Ertz WR DeVonta Smith WR Jaylen Waddle WR Dontayvion Wicks,,,
1030,5273564434,foreverbliss81,0,98.920006,DST Rams  FLEX Dontayvion Wicks QB Jalen Hurts RB D'Andre Swift RB Kyren Williams TE Zach Ertz WR DeVonta Smith WR Jaylen Waddle WR Davante Adams,,,
1030,5273687832,Ddietza,0,98.920006,DST Rams  FLEX Jaylen Waddle QB Jalen Hurts RB D'Andre Swift RB Kyren Williams TE Zach Ertz WR DeVonta Smith WR Davante Adams WR Dontayvion Wicks,,,
1030,5273733949,MichaelFrachon,0,98.920006,DST Rams  FLEX Jaylen Waddle QB Jalen Hurts RB D'Andre Swift RB Kyren Williams TE Terrance Ferguson WR DeVonta Smith WR Davante Adams WR Dontayvion Wicks,,,
1030,5273736773,torus12,0,98.920006,DST Rams  FLEX Dontayvion Wicks QB Jalen Hurts RB D'Andre Swift RB Kyren Williams TE Terrance Ferguson WR DeVonta Smith WR Jaylen Waddle WR Davante Adams,,,
1030,5273744116,mcgerr,0,98.920006,DST Rams  FLEX Dontayvion Wicks QB Jalen Hurts RB D'Andre Swift RB Kyren Williams TE Terrance Ferguson WR DeVonta Smith WR Jaylen Waddle WR Davante Adams,,,
1030,5273818625,minnows8up,0,98.920006,DST Rams  FLEX DeVonta Smith QB Jalen Hurts RB D'Andre Swift RB Kyren Williams TE Terrance Ferguson WR Jaylen Waddle WR Davante Adams WR Dontayvion Wicks,,,
1030,5273847944,hambone755,0,98.920006,DST Rams  FLEX Jaylen Waddle QB Jalen Hurts RB D'Andre Swift RB Kyren Williams TE Terrance Ferguson WR DeVonta Smith WR Davante Adams WR Dontayvion Wicks,,,
1030,5273848716,golfinggods,0,98.920006,DST Rams  FLEX DeVonta Smith QB Jalen Hurts RB D'Andre Swift RB Kyren Williams TE Zach Ertz WR Jaylen Waddle WR Davante Adams WR Dontayvion Wicks,,,
1030,5273865303,rimas,0,98.920006,DST Rams  FLEX DeVonta Smith QB Jalen Hurts RB D'Andre Swift RB Kyren Williams TE Terrance Ferguson WR Jaylen Waddle WR Davante Adams WR Dontayvion Wicks,,,
1030,5273921074,Tiesha0417,0,98.920006,DST Rams  FLEX Jaylen Waddle QB Jalen Hurts RB D'Andre Swift RB Kyren Williams TE Terrance Ferguson WR DeVonta Smith WR Davante Adams WR Dontayvion Wicks,,,
1030,5274025584,Bartman357,0,98.920006,DST Eagles  FLEX Jaylen Waddle QB Jalen Hurts RB Saquon Barkley RB D'Andre Swift TE Terrance Ferguson WR DeVonta Smith WR Davante Adams WR Kalif Raymond,,,
1047,5269420170,harness21,0,98.84,DST Eagles  FLEX Courtland Sutton QB Bo Nix RB Saquon Barkley RB Kyren Williams TE Evan Engram WR Jaylen Waddle WR Davante Adams WR Dontayvion Wicks,,,
1048,5271191181,cubcrazyfool,0,98.82,DST Rams  FLEX DeVonta Smith QB Jalen Hurts RB D'Andre Swift RB Kyle Monangai TE Colston Loveland WR Davante Adams WR Luther Burden III WR Dontayvion Wicks,,,
1048,5273740924,bmroyce24,0,98.82,DST Broncos  FLEX Jaylen Waddle QB Jalen Hurts RB D'Andre Swift RB Kyren Williams TE Colston Loveland WR DeVonta Smith WR Rome Odunze WR Dontayvion Wicks,,,
1048,5274009891,JimmyRedC,0,98.82,DST Eagles  FLEX D'Andre Swift QB Jalen Hurts RB Saquon Barkley RB J.K. Dobbins TE Terrance Ferguson WR DeVonta Smith WR Davante Adams WR Kalif Raymond,,,
1051,5269805954,randomjank,0,98.72,DST Broncos  FLEX Saquon Barkley QB Jalen Hurts RB D'Andre Swift RB RJ Harvey TE Terrance Ferguson WR DeVonta Smith WR Jaylen Waddle WR Luther Burden III,,,
1052,5273260597,hotcarrots,0,98.62,DST Broncos  FLEX D'Andre Swift QB Jalen Hurts RB Saquon Barkley RB Kyren Williams TE Zach Ertz WR DeVonta Smith WR Rome Odunze WR Courtland Sutton,,,
1052,5274070027,dmcleaf24,0,98.62,DST Broncos  FLEX Saquon Barkley QB Jalen Hurts RB D'Andre Swift RB Kyren Williams TE Terrance Ferguson WR DeVonta Smith WR Rome Odunze WR Courtland Sutton,,,
1054,5268975390,stickymeatflowers,0,98.52,DST Eagles  FLEX D'Andre Swift QB Jalen Hurts RB Saquon Barkley RB Kyren Williams TE Terrance Ferguson WR DeVonta Smith WR Davante Adams WR Dontayvion Wicks,,,
1054,5268979567,boro99,0,98.52,DST Eagles  FLEX D'Andre Swift QB Jalen Hurts RB Saquon Barkley RB Kyren Williams TE Terrance Ferguson WR DeVonta Smith WR Davante Adams WR Dontayvion Wicks,,,
1054,5269090804,dpchaps,0,98.52,DST Eagles  FLEX Saquon Barkley QB Jalen Hurts RB D'Andre Swift RB Kyren Williams TE Terrance Ferguson WR DeVonta Smith WR Davante Adams WR Dontayvion Wicks,,,
1054,5269282130,briannedanielle,0,98.52,DST Eagles  FLEX Kyren Williams QB Jalen Hurts RB Saquon Barkley RB D'Andre Swift TE Terrance Ferguson WR DeVonta Smith WR Davante Adams WR Dontayvion Wicks,,,
1054,5269398964,PGHDraftKing,0,98.52,DST Eagles  FLEX Saquon Barkley QB Jalen Hurts RB D'Andre Swift RB Kyren Williams TE Zach Ertz WR DeVonta Smith WR Davante Adams WR Dontayvion Wicks,,,
1054,5269791618,cj19751975,0,98.52,DST Eagles  FLEX Saquon Barkley QB Jalen Hurts RB D'Andre Swift RB Kyren Williams TE Terrance Ferguson WR DeVonta Smith WR Davante Adams WR Dontayvion Wicks,,,
1054,5269833287,joephoto,0,98.52,DST Eagles  FLEX Saquon Barkley QB Jalen Hurts RB D'Andre Swift RB Kyren Williams TE Terrance Ferguson WR DeVonta Smith WR Davante Adams WR Dontayvion Wicks,,,
1054,5270371568,WharfRatz,0,98.52,DST Eagles  FLEX D'Andre Swift QB Jalen Hurts RB Saquon Barkley RB Kyren Williams TE Terrance Ferguson WR DeVonta Smith WR Davante Adams WR Dontayvion Wicks,,,
1054,5270715739,jrandall217,0,98.52,DST Eagles  FLEX Saquon Barkley QB Jalen Hurts RB D'Andre Swift RB Kyren Williams TE Terrance Ferguson WR DeVonta Smith WR Davante Adams WR Dontayvion Wicks,,,
1054,5270783684,FredRaptorz,0,98.52,DST Eagles  FLEX Saquon Barkley QB Jalen Hurts RB D'Andre Swift RB Kyren Williams TE Terrance Ferguson WR DeVonta Smith WR Davante Adams WR Dontayvion Wicks,,,
1054,5271188497,asteinel,0,98.52,DST Eagles  FLEX Saquon Barkley QB Jalen Hurts RB D'Andre Swift RB Kyren Williams TE Terrance Ferguson WR DeVonta Smith WR Davante Adams WR Dontayvion Wicks,,,
1054,5271207154,dukeluke,0,98.52,DST Eagles  FLEX Saquon Barkley QB Jalen Hurts RB D'Andre Swift RB Kyren Williams TE Terrance Ferguson WR DeVonta Smith WR Davante Adams WR Dontayvion Wicks,,,
1054,5271220668,FantasyGod101,0,98.52,DST Eagles  FLEX D'Andre Swift QB Jalen Hurts RB Saquon Barkley RB Kyren Williams TE Terrance Ferguson WR DeVonta Smith WR Davante Adams WR Dontayvion Wicks,,,
1054,5271319944,cmangone,0,98.52,DST Eagles  FLEX Saquon Barkley QB Jalen Hurts RB D'Andre Swift RB Kyren Williams TE Terrance Ferguson WR DeVonta Smith WR Davante Adams WR Dontayvion Wicks,,,
1054,5271486224,usmc0369,0,98.52,DST Eagles  FLEX D'Andre Swift QB Jalen Hurts RB Saquon Barkley RB Kyren Williams TE Terrance Ferguson WR DeVonta Smith WR Davante Adams WR Dontayvion Wicks,,,
1054,5271665881,ariric864,0,98.52,DST Eagles  FLEX Saquon Barkley QB Jalen Hurts RB D'Andre Swift RB Kyren Williams TE Terrance Ferguson WR DeVonta Smith WR Davante Adams WR Dontayvion Wicks,,,
1054,5271963157,nperry54,0,98.52,DST Eagles  FLEX Saquon Barkley QB Jalen Hurts RB D'Andre Swift RB Kyren Williams TE Terrance Ferguson WR DeVonta Smith WR Davante Adams WR Dontayvion Wicks,,,
1054,5272014330,ecarl616,0,98.52,DST Eagles  FLEX Saquon Barkley QB Jalen Hurts RB D'Andre Swift RB Kyren Williams TE Terrance Ferguson WR DeVonta Smith WR Davante Adams WR Dontayvion Wicks,,,
1054,5272235837,HJWVET,0,98.52,DST Eagles  FLEX D'Andre Swift QB Jalen Hurts RB Saquon Barkley RB Kyren Williams TE Zach Ertz WR DeVonta Smith WR Davante Adams WR Dontayvion Wicks,,,
1054,5272512083,Fishermanfuzz,0,98.52,DST Eagles  FLEX D'Andre Swift QB Jalen Hurts RB Saquon Barkley RB Kyren Williams TE Terrance Ferguson WR DeVonta Smith WR Davante Adams WR Dontayvion Wicks,,,
1054,5272515676,BrainWady,0,98.52,DST Eagles  FLEX Saquon Barkley QB Jalen Hurts RB D'Andre Swift RB Kyren Williams TE Terrance Ferguson WR DeVonta Smith WR Davante Adams WR Dontayvion Wicks,,,
1054,5272531532,nwspring52,0,98.52,DST Eagles  FLEX D'Andre Swift QB Jalen Hurts RB Saquon Barkley RB Kyren Williams TE Terrance Ferguson WR DeVonta Smith WR Davante Adams WR Dontayvion Wicks,,,
1054,5272552159,AverillsAvengers,0,98.52,DST Eagles  FLEX Saquon Barkley QB Jalen Hurts RB D'Andre Swift RB Kyren Williams TE Zach Ertz WR DeVonta Smith WR Davante Adams WR Dontayvion Wicks,,,
1054,5272761349,Stellzle,0,98.52,DST Eagles  FLEX D'Andre Swift QB Jalen Hurts RB Saquon Barkley RB Kyren Williams TE Terrance Ferguson WR DeVonta Smith WR Davante Adams WR Dontayvion Wicks,,,
1054,5272797540,dorseyjr2,0,98.52,DST Eagles  FLEX Saquon Barkley QB Jalen Hurts RB D'Andre Swift RB Kyren Williams TE Terrance Ferguson WR DeVonta Smith WR Davante Adams WR Dontayvion Wicks,,,
1054,5273200201,karleigh20,0,98.52,DST Eagles  FLEX D'Andre Swift QB Jalen Hurts RB Saquon Barkley RB Kyren Williams TE Terrance Ferguson WR DeVonta Smith WR Davante Adams WR Dontayvion Wicks,,,
1054,5273239218,psn123,0,98.52,DST Eagles  FLEX Saquon Barkley QB Jalen Hurts RB D'Andre Swift RB Kyren Williams TE Zach Ertz WR DeVonta Smith WR Davante Adams WR Dontayvion Wicks,,,
1054,5273303836,DMort1988,0,98.52,DST Eagles  FLEX D'Andre Swift QB Jalen Hurts RB Saquon Barkley RB Kyren Williams TE Zach Ertz WR DeVonta Smith WR Davante Adams WR Dontayvion Wicks,,,
1054,5273313106,TheMoozie,0,98.52,DST Eagles  FLEX D'Andre Swift QB Jalen Hurts RB Saquon Barkley RB Kyren Williams TE Zach Ertz WR DeVonta Smith WR Davante Adams WR Dontayvion Wicks,,,
1054,5273463267,whitefb45,0,98.52,DST Eagles  FLEX D'Andre Swift QB Jalen Hurts RB Saquon Barkley RB Kyren Williams TE Terrance Ferguson WR DeVonta Smith WR Davante Adams WR Dontayvion Wicks,,,
1054,5273484963,chemicalsofdemocracy,0,98.52,DST Eagles  FLEX Saquon Barkley QB Jalen Hurts RB D'Andre Swift RB Kyren Williams TE Terrance Ferguson WR DeVonta Smith WR Davante Adams WR Dontayvion Wicks,,,
1054,5273499684,GIBROOKE,0,98.52,DST Eagles  FLEX Saquon Barkley QB Jalen Hurts RB D'Andre Swift RB Kyren Williams TE Zach Ertz WR DeVonta Smith WR Davante Adams WR Dontayvion Wicks,,,
1054,5273529280,j2rose,0,98.52,DST Eagles  FLEX D'Andre Swift QB Jalen Hurts RB Saquon Barkley RB Kyren Williams TE Zach Ertz WR DeVonta Smith WR Davante Adams WR Dontayvion Wicks,,,
1054,5273545526,Yappin01,0,98.52,DST Eagles  FLEX D'Andre Swift QB Jalen Hurts RB Saquon Barkley RB Kyren Williams TE Terrance Ferguson WR DeVonta Smith WR Davante Adams WR Dontayvion Wicks,,,
1054,5273553387,jasper55,0,98.52,DST Eagles  FLEX D'Andre Swift QB Jalen Hurts RB Saquon Barkley RB Kyren Williams TE Terrance Ferguson WR DeVonta Smith WR Davante Adams WR Dontayvion Wicks,,,
1054,5273570354,DONSbaseball,0,98.52,DST Eagles  FLEX D'Andre Swift QB Jalen Hurts RB Saquon Barkley RB Kyren Williams TE Zach Ertz WR DeVonta Smith WR Davante Adams WR Dontayvion Wicks,,,
1054,5273606229,Germstewart,0,98.52,DST Eagles  FLEX Kyren Williams QB Jalen Hurts RB Saquon Barkley RB D'Andre Swift TE Terrance Ferguson WR DeVonta Smith WR Davante Adams WR Dontayvion Wicks,,,
1054,5273619515,BiRdMaN-504,0,98.52,DST Eagles  FLEX Saquon Barkley QB Jalen Hurts RB D'Andre Swift RB Kyren Williams TE Zach Ertz WR DeVonta Smith WR Davante Adams WR Dontayvion Wicks,,,
1054,5273622540,CaptSkeeter,0,98.52,DST Eagles  FLEX Kyren Williams QB Jalen Hurts RB Saquon Barkley RB D'Andre Swift TE Terrance Ferguson WR DeVonta Smith WR Davante Adams WR Dontayvion Wicks,,,
1054,5273635991,bigw575757,0,98.52,DST Eagles  FLEX Saquon Barkley QB Jalen Hurts RB D'Andre Swift RB Kyren Williams TE Terrance Ferguson WR DeVonta Smith WR Davante Adams WR Dontayvion Wicks,,,
1054,5273637867,MrRetireEarly,0,98.52,DST Eagles  FLEX Kyren Williams QB Jalen Hurts RB Saquon Barkley RB D'Andre Swift TE Terrance Ferguson WR DeVonta Smith WR Davante Adams WR Dontayvion Wicks,,,
1054,5273655245,jaydrafted,0,98.52,DST Eagles  FLEX Kyren Williams QB Jalen Hurts RB Saquon Barkley RB D'Andre Swift TE Terrance Ferguson WR DeVonta Smith WR Davante Adams WR Dontayvion Wicks,,,
1054,5273665690,mollyballs,0,98.52,DST Eagles  FLEX Saquon Barkley QB Jalen Hurts RB D'Andre Swift RB Kyren Williams TE Terrance Ferguson WR DeVonta Smith WR Davante Adams WR Dontayvion Wicks,,,
1054,5273666963,davefromaccounting,0,98.52,DST Eagles  FLEX Saquon Barkley QB Jalen Hurts RB D'Andre Swift RB Kyren Williams TE Terrance Ferguson WR DeVonta Smith WR Davante Adams WR Dontayvion Wicks,,,
1054,5273679366,tloco500,0,98.52,DST Eagles  FLEX Saquon Barkley QB Jalen Hurts RB D'Andre Swift RB Kyren Williams TE Terrance Ferguson WR DeVonta Smith WR Davante Adams WR Dontayvion Wicks,,,
1054,5273713518,fyldeez88,0,98.52,DST Eagles  FLEX Saquon Barkley QB Jalen Hurts RB D'Andre Swift RB Kyren Williams TE Terrance Ferguson WR DeVonta Smith WR Davante Adams WR Dontayvion Wicks,,,
1054,5273721142,undeniable,0,98.52,DST Eagles  FLEX D'Andre Swift QB Jalen Hurts RB Saquon Barkley RB Kyren Williams TE Terrance Ferguson WR DeVonta Smith WR Davante Adams WR Dontayvion Wicks,,,
1054,5273758209,NativePride03,0,98.52,DST Eagles  FLEX D'Andre Swift QB Jalen Hurts RB Saquon Barkley RB Kyren Williams TE Terrance Ferguson WR DeVonta Smith WR Davante Adams WR Dontayvion Wicks,,,
1054,5273817795,TheGame2169,0,98.52,DST Eagles  FLEX Kyren Williams QB Jalen Hurts RB Saquon Barkley RB D'Andre Swift TE Terrance Ferguson WR DeVonta Smith WR Davante Adams WR Dontayvion Wicks,,,
1054,5273825895,toddangela,0,98.52,DST Eagles  FLEX D'Andre Swift QB Jalen Hurts RB Saquon Barkley RB Kyren Williams TE Zach Ertz WR DeVonta Smith WR Davante Adams WR Dontayvion Wicks,,,
1054,5273839820,Wodahshadow,0,98.52,DST Eagles  FLEX Saquon Barkley QB Jalen Hurts RB D'Andre Swift RB Kyren Williams TE Terrance Ferguson WR DeVonta Smith WR Davante Adams WR Dontayvion Wicks,,,
1054,5273857341,jeremy5119,0,98.52,DST Eagles  FLEX D'Andre Swift QB Jalen Hurts RB Saquon Barkley RB Kyren Williams TE Zach Ertz WR DeVonta Smith WR Davante Adams WR Dontayvion Wicks,,,
1054,5273858770,Spatrick18,0,98.52,DST Eagles  FLEX Saquon Barkley QB Jalen Hurts RB D'Andre Swift RB Kyren Williams TE Terrance Ferguson WR DeVonta Smith WR Davante Adams WR Dontayvion Wicks,,,
1054,5273961791,McCoin30,0,98.52,DST Eagles  FLEX D'Andre Swift QB Jalen Hurts RB Saquon Barkley RB Kyren Williams TE Zach Ertz WR DeVonta Smith WR Davante Adams WR Dontayvion Wicks,,,
1054,5273969541,Sjcollins724,0,98.52,DST Eagles  FLEX Saquon Barkley QB Jalen Hurts RB D'Andre Swift RB Kyren Williams TE Terrance Ferguson WR DeVonta Smith WR Davante Adams WR Dontayvion Wicks,,,
1054,5274000695,joecarterfan,0,98.52,DST Eagles  FLEX D'Andre Swift QB Jalen Hurts RB Saquon Barkley RB Kyren Williams TE Terrance Ferguson WR DeVonta Smith WR Davante Adams WR Dontayvion Wicks,,,
1054,5274019640,djp1033,0,98.52,DST Eagles  FLEX Saquon Barkley QB Jalen Hurts RB D'Andre Swift RB Kyren Williams TE Terrance Ferguson WR DeVonta Smith WR Davante Adams WR Dontayvion Wicks,,,
1054,5274040358,SteelCurtain1234567,0,98.52,DST Eagles  FLEX D'Andre Swift QB Jalen Hurts RB Saquon Barkley RB Kyren Williams TE Terrance Ferguson WR DeVonta Smith WR Davante Adams WR Dontayvion Wicks,,,
1054,5274042934,JeffThomas15,0,98.52,DST Eagles  FLEX D'Andre Swift QB Jalen Hurts RB Saquon Barkley RB Kyren Williams TE Zach Ertz WR DeVonta Smith WR Davante Adams WR Dontayvion Wicks,,,
1054,5274044893,ccjimmy2001,0,98.52,DST Eagles  FLEX Kyren Williams QB Jalen Hurts RB Saquon Barkley RB D'Andre Swift TE Terrance Ferguson WR DeVonta Smith WR Davante Adams WR Dontayvion Wicks,,,
1054,5274049289,clipschutz,0,98.52,DST Eagles  FLEX Saquon Barkley QB Jalen Hurts RB D'Andre Swift RB Kyren Williams TE Terrance Ferguson WR DeVonta Smith WR Davante Adams WR Dontayvion Wicks,,,
1054,5274052426,priceless88,0,98.52,DST Eagles  FLEX Saquon Barkley QB Jalen Hurts RB D'Andre Swift RB Kyren Williams TE Terrance Ferguson WR DeVonta Smith WR Davante Adams WR Dontayvion Wicks,,,
1054,5274059198,MarcoRacin,0,98.52,DST Eagles  FLEX Saquon Barkley QB Jalen Hurts RB D'Andre Swift RB Kyren Williams TE Terrance Ferguson WR DeVonta Smith WR Davante Adams WR Dontayvion Wicks,,,
1054,5274062452,BSMITTYFIREMAN,0,98.52,DST Eagles  FLEX Saquon Barkley QB Jalen Hurts RB D'Andre Swift RB Kyren Williams TE Terrance Ferguson WR DeVonta Smith WR Davante Adams WR Dontayvion Wicks,,,
1054,5274082477,NicNPatsFan,0,98.52,DST Eagles  FLEX Saquon Barkley QB Jalen Hurts RB D'Andre Swift RB Kyren Williams TE Terrance Ferguson WR DeVonta Smith WR Davante Adams WR Dontayvion Wicks,,,
1054,5274084074,colemandizzy,0,98.52,DST Eagles  FLEX Saquon Barkley QB Jalen Hurts RB D'Andre Swift RB Kyren Williams TE Terrance Ferguson WR DeVonta Smith WR Davante Adams WR Dontayvion Wicks,,,
1054,5274095006,macyfan,0,98.52,DST Eagles  FLEX D'Andre Swift QB Jalen Hurts RB Saquon Barkley RB Kyren Williams TE Terrance Ferguson WR DeVonta Smith WR Davante Adams WR Dontayvion Wicks,,,
1054,5274099659,dhisler77,0,98.52,DST Eagles  FLEX Saquon Barkley QB Jalen Hurts RB D'Andre Swift RB Kyren Williams TE Zach Ertz WR DeVonta Smith WR Davante Adams WR Dontayvion Wicks,,,
1122,5273789190,ketchupstain,0,98.31999,DST Broncos  FLEX D'Andre Swift QB Jalen Hurts RB Saquon Barkley RB J.K. Dobbins TE Colston Loveland WR DeVonta Smith WR Luther Burden III WR Dontayvion Wicks,,,
1122,5273863527,twin22877,0,98.31999,DST Broncos  FLEX DeVonta Smith QB Jalen Hurts RB Saquon Barkley RB D'Andre Swift TE Colston Loveland WR Davante Adams WR Courtland Sutton WR Tutu Atwell,,,
1124,5273016253,cardsnation75,0,98.22,DST Eagles  FLEX Jaylen Waddle QB Jalen Hurts RB Kyren Williams RB RJ Harvey TE Terrance Ferguson WR DeVonta Smith WR Davante Adams WR Courtland Sutton,,,
1125,5270653746,LongLiveGus,0,98.14,DST Eagles  FLEX Saquon Barkley QB Bo Nix RB D'Andre Swift RB Kyren Williams TE Evan Engram WR Jaylen Waddle WR Luther Burden III WR Dontayvion Wicks,,,
1126,5273797261,bushman300,0,98.12,DST Rams  FLEX Kyren Williams QB Jalen Hurts RB Saquon Barkley RB D'Andre Swift TE Evan Engram WR DeVonta Smith WR Jaylen Waddle WR Kalif Raymond,,,
1127,5274017073,cleaver99,0,98.09999,DST Rams  FLEX Kyle Monangai QB Matthew Stafford RB Saquon Barkley RB Kyren Williams TE Evan Engram WR Jaylen Waddle WR Davante Adams WR Dontayvion Wicks,,,
1128,5273653886,Howardthedog,0,98.020004,DST Eagles  FLEX Rome Odunze QB Jalen Hurts RB Kyren Williams RB RJ Harvey TE Terrance Ferguson WR DeVonta Smith WR Jaylen Waddle WR Davante Adams,,,
1128,5274123321,Jagermister17,0,98.02,DST Eagles  FLEX D'Andre Swift QB Jalen Hurts RB Saquon Barkley RB Kyren Williams TE Johnny Mundt WR DeVonta Smith WR Davante Adams WR Dontayvion Wicks,,,
1130,5273991925,ThaddeusMcNasty,0,97.92,DST Rams  FLEX Kyren Williams QB Jalen Hurts RB Saquon Barkley RB D'Andre Swift TE Colston Loveland WR Jaylen Waddle WR Dontayvion Wicks WR Kalif Raymond,,,
1131,5269518337,Kupey6,0,97.82001,DST Eagles  FLEX Colston Loveland QB Jalen Hurts RB D'Andre Swift RB Kyren Williams TE Terrance Ferguson WR DeVonta Smith WR Jaylen Waddle WR Davante Adams,,,
1131,5270903287,JERKER19,0,97.82001,DST Eagles  FLEX Colston Loveland QB Jalen Hurts RB D'Andre Swift RB Kyren Williams TE Terrance Ferguson WR DeVonta Smith WR Jaylen Waddle WR Davante Adams,,,
1131,5273606367,illuminati4165,0,97.82001,DST Eagles  FLEX Colston Loveland QB Jalen Hurts RB D'Andre Swift RB Kyren Williams TE Terrance Ferguson WR DeVonta Smith WR Jaylen Waddle WR Davante Adams,,,
1131,5273625070,thomas3times,0,97.82001,DST Eagles  FLEX Colston Loveland QB Jalen Hurts RB D'Andre Swift RB Kyren Williams TE Terrance Ferguson WR DeVonta Smith WR Jaylen Waddle WR Davante Adams,,,
1131,5273659268,yosabebe,0,97.82001,DST Eagles  FLEX Colston Loveland QB Jalen Hurts RB D'Andre Swift RB Kyren Williams TE Terrance Ferguson WR DeVonta Smith WR Jaylen Waddle WR Davante Adams,,,
1131,5273927066,xxdavid15xx,0,97.82001,DST Eagles  FLEX Colston Loveland QB Jalen Hurts RB D'Andre Swift RB Kyren Williams TE Terrance Ferguson WR DeVonta Smith WR Jaylen Waddle WR Davante Adams,,,
1131,5273966049,WentziderRider,0,97.82001,DST Eagles  FLEX Colston Loveland QB Jalen Hurts RB D'Andre Swift RB Kyren Williams TE Terrance Ferguson WR DeVonta Smith WR Jaylen Waddle WR Davante Adams,,,
1131,5274140427,Max4Play,0,97.82001,DST Eagles  FLEX Colston Loveland QB Jalen Hurts RB D'Andre Swift RB Kyren Williams TE Terrance Ferguson WR DeVonta Smith WR Jaylen Waddle WR Davante Adams,,,
1131,5269440264,reedo714,0,97.82,DST Eagles  FLEX Kyren Williams QB Jalen Hurts RB D'Andre Swift RB Kyle Monangai TE Colston Loveland WR DeVonta Smith WR Davante Adams WR Dontayvion Wicks,,,
1131,5274008267,Biggjutt,0,97.82,DST Eagles  FLEX Kyle Monangai QB Jalen Hurts RB D'Andre Swift RB Kyren Williams TE Colston Loveland WR DeVonta Smith WR Davante Adams WR Dontayvion Wicks,,,
1131,5274091576,cellos213,0,97.82,DST Eagles  FLEX Kyle Monangai QB Jalen Hurts RB D'Andre Swift RB Kyren Williams TE Colston Loveland WR DeVonta Smith WR Davante Adams WR Dontayvion Wicks,,,
1142,5273611408,Meekmeek1984,0,97.8,DST Rams  FLEX Luther Burden III QB Matthew Stafford RB Kyle Monangai RB Tank Bigsby TE Zach Ertz WR DeVonta Smith WR Davante Adams WR Rome Odunze,,,
1143,5274108492,bigecg26,0,97.7,DST Eagles  FLEX DeVonta Smith QB Matthew Stafford RB Saquon Barkley RB RJ Harvey TE Terrance Ferguson WR Jaylen Waddle WR Davante Adams WR Courtland Sutton,,,
1144,5273856241,Hebert92,0,97.62,DST Rams  FLEX D'Andre Swift QB Jalen Hurts RB Saquon Barkley RB Kyren Williams TE Terrance Ferguson WR DeVonta Smith WR Luther Burden III WR Dontayvion Wicks,,,
1144,5274010483,Casemachine,0,97.619995,DST Rams  FLEX Saquon Barkley QB Jalen Hurts RB D'Andre Swift RB Blake Corum TE Colston Loveland WR DeVonta Smith WR Davante Adams WR Pat Bryant,,,
1146,5273789020,texhaute84,0,97.53999,DST Eagles  FLEX Kyren Williams QB Bo Nix RB Saquon Barkley RB J.K. Dobbins TE Evan Engram WR Jaylen Waddle WR Davante Adams WR Dontayvion Wicks,,,
1147,5269264436,whiskeypatriot,0,97.52,DST Eagles  FLEX D'Andre Swift QB Jalen Hurts RB Kyren Williams RB RJ Harvey TE Terrance Ferguson WR DeVonta Smith WR Jaylen Waddle WR Luther Burden III,,,
1147,5273831487,JBisME1313,0,97.52,DST Eagles  FLEX DeVonta Smith QB Jalen Hurts RB Saquon Barkley RB Kyren Williams TE Terrance Ferguson WR Davante Adams WR Rome Odunze WR Courtland Sutton,,,
1147,5273952926,Butt3r3d,0,97.52,DST Eagles  FLEX Rome Odunze QB Jalen Hurts RB Saquon Barkley RB Kyren Williams TE Terrance Ferguson WR DeVonta Smith WR Davante Adams WR Courtland Sutton,,,
1147,5274086383,gottastack,0,97.52,DST Eagles  FLEX Rome Odunze QB Jalen Hurts RB Saquon Barkley RB Kyren Williams TE Terrance Ferguson WR DeVonta Smith WR Davante Adams WR Courtland Sutton,,,
1151,5268880272,unens88,0,97.42,DST Eagles  FLEX Rome Odunze QB Jalen Hurts RB D'Andre Swift RB Kyren Williams TE Evan Engram WR DeVonta Smith WR Davante Adams WR Courtland Sutton,,,
1151,5270925646,Healsworth82,0,97.42,DST Rams  FLEX Luther Burden III QB Jalen Hurts RB D'Andre Swift RB Kyren Williams TE Terrance Ferguson WR DeVonta Smith WR Jaylen Waddle WR Courtland Sutton,,,
1151,5271221846,Jacobllove,0,97.42,DST Bears  FLEX J.K. Dobbins QB Jalen Hurts RB Saquon Barkley RB D'Andre Swift TE Zach Ertz WR DeVonta Smith WR Davante Adams WR Courtland Sutton,,,
1154,5273395555,jtherndon,0,97.32,DST Eagles  FLEX D'Andre Swift QB Jalen Hurts RB Saquon Barkley RB Kyren Williams TE Evan Engram WR DeVonta Smith WR Davante Adams WR Makai Lemon,,,
1154,5273574828,BaseballKing559,0,97.32,DST Eagles  FLEX D'Andre Swift QB Jalen Hurts RB Saquon Barkley RB Kyren Williams TE Evan Engram WR DeVonta Smith WR Davante Adams WR Makai Lemon,,,
1154,5273576827,mike.trucker28,0,97.32,DST Broncos  FLEX Saquon Barkley QB Jalen Hurts RB Kyren Williams RB RJ Harvey TE Zach Ertz WR DeVonta Smith WR Jaylen Waddle WR Rome Odunze,,,
1154,5273901618,ballout910,0,97.31999,DST Broncos  FLEX Saquon Barkley QB Jalen Hurts RB J.K. Dobbins RB Blake Corum TE Colston Loveland WR DeVonta Smith WR Davante Adams WR Courtland Sutton,,,
1158,5271196733,mhftw,0,97.3,DST Eagles  FLEX Terrance Ferguson QB Matthew Stafford RB Saquon Barkley RB D'Andre Swift TE Colston Loveland WR DeVonta Smith WR Jaylen Waddle WR Davante Adams,,,
1158,5273528553,cbeier,0,97.3,DST Eagles  FLEX Colston Loveland QB Matthew Stafford RB Saquon Barkley RB D'Andre Swift TE Terrance Ferguson WR DeVonta Smith WR Jaylen Waddle WR Davante Adams,,,
1158,5273603608,mh2258,0,97.3,DST Eagles  FLEX Colston Loveland QB Matthew Stafford RB Saquon Barkley RB D'Andre Swift TE Terrance Ferguson WR DeVonta Smith WR Jaylen Waddle WR Davante Adams,,,
1158,5273672106,Tomg2015,0,97.3,DST Eagles  FLEX Colston Loveland QB Matthew Stafford RB Saquon Barkley RB D'Andre Swift TE Terrance Ferguson WR DeVonta Smith WR Jaylen Waddle WR Davante Adams,,,
1158,5273831583,lickmymagicjohnson,0,97.3,DST Eagles  FLEX Colston Loveland QB Matthew Stafford RB Saquon Barkley RB D'Andre Swift TE Terrance Ferguson WR DeVonta Smith WR Jaylen Waddle WR Davante Adams,,,
1163,5273673373,186kmps,0,97.24,DST Broncos  FLEX Saquon Barkley QB Bo Nix RB D'Andre Swift RB Kyle Monangai TE Zach Ertz WR DeVonta Smith WR Jaylen Waddle WR Pat Bryant,,,
1164,5272633445,skroffke,0,97.22001,DST Rams  FLEX Blake Corum QB Jalen Hurts RB D'Andre Swift RB Kyren Williams TE Terrance Ferguson WR DeVonta Smith WR Jaylen Waddle WR Davante Adams,,,
1164,5273670524,ginab09,0,97.22001,DST Rams  FLEX Blake Corum QB Jalen Hurts RB D'Andre Swift RB Kyren Williams TE Zach Ertz WR DeVonta Smith WR Jaylen Waddle WR Davante Adams,,,
1164,5273767909,Daf3410,0,97.22001,DST Rams  FLEX Kyren Williams QB Jalen Hurts RB D'Andre Swift RB Blake Corum TE Terrance Ferguson WR DeVonta Smith WR Jaylen Waddle WR Davante Adams,,,
1164,5273891781,wirtz22,0,97.22001,DST Rams  FLEX Blake Corum QB Jalen Hurts RB D'Andre Swift RB Kyren Williams TE Terrance Ferguson WR DeVonta Smith WR Jaylen Waddle WR Davante Adams,,,
1164,5274102253,jigga_123us,0,97.22001,DST Rams  FLEX Blake Corum QB Jalen Hurts RB D'Andre Swift RB Kyren Williams TE Terrance Ferguson WR DeVonta Smith WR Jaylen Waddle WR Davante Adams,,,
1164,5274123334,mfeldkamp21,0,97.22001,DST Rams  FLEX Kyren Williams QB Jalen Hurts RB D'Andre Swift RB Blake Corum TE Terrance Ferguson WR DeVonta Smith WR Jaylen Waddle WR Davante Adams,,,
1164,5273042242,893737,0,97.22,DST Rams  FLEX Luther Burden III QB Jalen Hurts RB D'Andre Swift RB Kyren Williams TE Zach Ertz WR DeVonta Smith WR Jaylen Waddle WR Rome Odunze,,,
1171,5270049073,layzboy99,0,97.12,DST Broncos  FLEX Jaylen Waddle QB Jalen Hurts RB Saquon Barkley RB D'Andre Swift TE Zach Ertz WR DeVonta Smith WR Davante Adams WR Dontayvion Wicks,,,
1171,5273464693,LOCNOTM,0,97.12,DST Broncos  FLEX Dontayvion Wicks QB Jalen Hurts RB Saquon Barkley RB D'Andre Swift TE Terrance Ferguson WR DeVonta Smith WR Jaylen Waddle WR Davante Adams,,,
1171,5273481134,NutKing,0,97.12,DST Rams  FLEX Dontayvion Wicks QB Jalen Hurts RB Saquon Barkley RB Kyren Williams TE Terrance Ferguson WR DeVonta Smith WR Jaylen Waddle WR Davante Adams,,,
1171,5273593242,SteelCurtain9992,0,97.12,DST Rams  FLEX Jaylen Waddle QB Jalen Hurts RB Saquon Barkley RB Kyren Williams TE Terrance Ferguson WR DeVonta Smith WR Davante Adams WR Dontayvion Wicks,,,
1171,5273703684,DaonlyPrince,0,97.12,DST Rams  FLEX Dontayvion Wicks QB Jalen Hurts RB Saquon Barkley RB Kyren Williams TE Terrance Ferguson WR DeVonta Smith WR Jaylen Waddle WR Davante Adams,,,
1171,5273758184,gilly12,0,97.12,DST Bears  FLEX Davante Adams QB Jalen Hurts RB D'Andre Swift RB RJ Harvey TE Cole Kmet WR DeVonta Smith WR Jaylen Waddle WR Rome Odunze,,,
1171,5273766422,fult0819,0,97.12,DST Rams  FLEX Dontayvion Wicks QB Jalen Hurts RB Saquon Barkley RB Kyren Williams TE Terrance Ferguson WR DeVonta Smith WR Jaylen Waddle WR Davante Adams,,,
1171,5273804000,globalpickle,0,97.12,DST Rams  FLEX Dontayvion Wicks QB Jalen Hurts RB Saquon Barkley RB Kyren Williams TE Terrance Ferguson WR DeVonta Smith WR Jaylen Waddle WR Davante Adams,,,
1171,5273830807,wpmcdaniel44,0,97.12,DST Broncos  FLEX Davante Adams QB Jalen Hurts RB Saquon Barkley RB D'Andre Swift TE Zach Ertz WR DeVonta Smith WR Jaylen Waddle WR Dontayvion Wicks,,,
1171,5273863839,gnutter0330,0,97.12,DST Rams  FLEX Dontayvion Wicks QB Jalen Hurts RB Saquon Barkley RB Kyren Williams TE Terrance Ferguson WR DeVonta Smith WR Jaylen Waddle WR Davante Adams,,,
1171,5274057681,jvj622,0,97.12,DST Rams  FLEX Dontayvion Wicks QB Jalen Hurts RB Saquon Barkley RB Kyren Williams TE Terrance Ferguson WR DeVonta Smith WR Jaylen Waddle WR Davante Adams,,,
1171,5274126874,TRGRenegades,0,97.12,DST Rams  FLEX Dontayvion Wicks QB Jalen Hurts RB Saquon Barkley RB Kyren Williams TE Terrance Ferguson WR DeVonta Smith WR Jaylen Waddle WR Davante Adams,,,
1171,5274129027,B_Mcafee90,0,97.12,DST Rams  FLEX Dontayvion Wicks QB Jalen Hurts RB Saquon Barkley RB Kyren Williams TE Terrance Ferguson WR DeVonta Smith WR Jaylen Waddle WR Davante Adams,,,
1171,5271346256,Purplepain777,0,97.119995,DST Eagles  FLEX Dontayvion Wicks QB Jalen Hurts RB D'Andre Swift RB Kyren Williams TE Terrance Ferguson WR DeVonta Smith WR Davante Adams WR Courtland Sutton,,,
1185,5269081092,tcornl,0,97.04,DST Eagles  FLEX DeVonta Smith QB Bo Nix RB Saquon Barkley RB D'Andre Swift TE Terrance Ferguson WR Jaylen Waddle WR Davante Adams WR Courtland Sutton,,,
1186,5273286797,Jmoney2128,0,97.020004,DST Rams  FLEX Jaylen Waddle QB Jalen Hurts RB D'Andre Swift RB Kyren Williams TE Evan Engram WR DeVonta Smith WR Davante Adams WR Dontayvion Wicks,,,
1186,5273556588,Tonto6190,0,97.020004,DST Rams  FLEX DeVonta Smith QB Jalen Hurts RB D'Andre Swift RB Kyren Williams TE Evan Engram WR Jaylen Waddle WR Davante Adams WR Dontayvion Wicks,,,
1186,5273598083,Piperbell,0,97.020004,DST Eagles  FLEX Kyren Williams QB Jalen Hurts RB Saquon Barkley RB D'Andre Swift TE Terrance Ferguson WR DeVonta Smith WR Jaylen Waddle WR Kalif Raymond,,,
1186,5273614584,rumrunner72,0,97.020004,DST Rams  FLEX Davante Adams QB Jalen Hurts RB D'Andre Swift RB Kyren Williams TE Cole Kmet WR DeVonta Smith WR Jaylen Waddle WR Dontayvion Wicks,,,
1186,5273616545,Wyvern72,0,97.020004,DST Rams  FLEX Dontayvion Wicks QB Jalen Hurts RB D'Andre Swift RB Kyren Williams TE Cole Kmet WR DeVonta Smith WR Jaylen Waddle WR Davante Adams,,,
1186,5273719992,BudmanDustin,0,97.020004,DST Rams  FLEX Davante Adams QB Jalen Hurts RB D'Andre Swift RB Kyren Williams TE Evan Engram WR DeVonta Smith WR Jaylen Waddle WR Dontayvion Wicks,,,
1186,5273882924,lmalagisi,0,97.020004,DST Rams  FLEX DeVonta Smith QB Jalen Hurts RB D'Andre Swift RB Kyren Williams TE Colby Parkinson WR Jaylen Waddle WR Davante Adams WR Dontayvion Wicks,,,
1186,5273913095,mgoudy11,0,97.020004,DST Eagles  FLEX D'Andre Swift QB Jalen Hurts RB Saquon Barkley RB Kyren Williams TE Terrance Ferguson WR DeVonta Smith WR Jaylen Waddle WR Kalif Raymond,,,
1186,5273979592,bscaldwell,0,97.020004,DST Rams  FLEX Davante Adams QB Jalen Hurts RB D'Andre Swift RB Kyren Williams TE Evan Engram WR DeVonta Smith WR Jaylen Waddle WR Dontayvion Wicks,,,
1186,5274094730,Cashvillegyrl,0,97.020004,DST Rams  FLEX Jaylen Waddle QB Jalen Hurts RB D'Andre Swift RB Kyren Williams TE Evan Engram WR DeVonta Smith WR Davante Adams WR Dontayvion Wicks,,,
1186,5274099762,catkins13,0,97.020004,DST Rams  FLEX DeVonta Smith QB Jalen Hurts RB D'Andre Swift RB Kyren Williams TE Colby Parkinson WR Jaylen Waddle WR Davante Adams WR Dontayvion Wicks,,,
1186,5273675074,McDookatron,0,97.02,DST Rams  FLEX Saquon Barkley QB Jalen Hurts RB Kyren Williams RB J.K. Dobbins TE Zach Ertz WR DeVonta Smith WR Davante Adams WR Dontayvion Wicks,,,
1198,5273642920,mulleta,0,96.920006,DST Eagles  FLEX J.K. Dobbins QB Jalen Hurts RB Kyren Williams RB RJ Harvey TE Zach Ertz WR DeVonta Smith WR Jaylen Waddle WR Davante Adams,,,
1199,5272485287,1godzilla1,0,96.840004,DST Eagles  FLEX DeVonta Smith QB Bo Nix RB Saquon Barkley RB D'Andre Swift TE Terrance Ferguson WR Jaylen Waddle WR Davante Adams WR Rome Odunze,,,
1200,5273558297,TriniTrill,0,96.700005,DST Rams  FLEX D'Andre Swift QB Matthew Stafford RB Saquon Barkley RB Blake Corum TE Zach Ertz WR DeVonta Smith WR Jaylen Waddle WR Davante Adams,,,
1200,5273737556,cove64,0,96.700005,DST Rams  FLEX Blake Corum QB Matthew Stafford RB Saquon Barkley RB D'Andre Swift TE Terrance Ferguson WR DeVonta Smith WR Jaylen Waddle WR Davante Adams,,,
1200,5274127602,NewAge7,0,96.7,DST Rams  FLEX Luther Burden III QB Matthew Stafford RB Saquon Barkley RB D'Andre Swift TE Terrance Ferguson WR DeVonta Smith WR Jaylen Waddle WR Rome Odunze,,,
1203,5273809548,tugood4ya,0,96.62001,DST Eagles  FLEX Makai Lemon QB Jalen Hurts RB D'Andre Swift RB Kyren Williams TE Terrance Ferguson WR DeVonta Smith WR Jaylen Waddle WR Davante Adams,,,
1203,5268867589,mikygittings,0,96.619995,DST Eagles  FLEX Saquon Barkley QB Jalen Hurts RB D'Andre Swift RB Kyren Williams TE Evan Engram WR DeVonta Smith WR Davante Adams WR Dontayvion Wicks,,,
1203,5268872501,lamondatd,0,96.619995,DST Eagles  FLEX Saquon Barkley QB Jalen Hurts RB D'Andre Swift RB Kyren Williams TE Evan Engram WR DeVonta Smith WR Davante Adams WR Dontayvion Wicks,,,
1203,5269472563,douknowbigt,0,96.619995,DST Eagles  FLEX Saquon Barkley QB Jalen Hurts RB D'Andre Swift RB Kyren Williams TE Evan Engram WR DeVonta Smith WR Davante Adams WR Dontayvion Wicks,,,
1203,5270192383,pokerfiend,0,96.619995,DST Eagles  FLEX Saquon Barkley QB Jalen Hurts RB D'Andre Swift RB Kyren Williams TE Evan Engram WR DeVonta Smith WR Davante Adams WR Dontayvion Wicks,,,
1203,5270204023,bryonr41,0,96.619995,DST Eagles  FLEX Saquon Barkley QB Jalen Hurts RB D'Andre Swift RB Kyren Williams TE Evan Engram WR DeVonta Smith WR Davante Adams WR Dontayvion Wicks,,,
1203,5270334543,Rubb3000,0,96.619995,DST Eagles  FLEX Saquon Barkley QB Jalen Hurts RB D'Andre Swift RB Kyren Williams TE Evan Engram WR DeVonta Smith WR Davante Adams WR Dontayvion Wicks,,,
1203,5270457033,nolobaseball,0,96.619995,DST Eagles  FLEX Saquon Barkley QB Jalen Hurts RB D'Andre Swift RB Kyren Williams TE Evan Engram WR DeVonta Smith WR Davante Adams WR Dontayvion Wicks,,,
1203,5271356233,ledge3,0,96.619995,DST Eagles  FLEX D'Andre Swift QB Jalen Hurts RB Saquon Barkley RB Kyren Williams TE Evan Engram WR DeVonta Smith WR Davante Adams WR Dontayvion Wicks,,,
1203,5271665463,lornaz,0,96.619995,DST Eagles  FLEX Kyren Williams QB Jalen Hurts RB Saquon Barkley RB D'Andre Swift TE Evan Engram WR DeVonta Smith WR Davante Adams WR Dontayvion Wicks,,,
1203,5272053630,bevo0318,0,96.619995,DST Eagles  FLEX Saquon Barkley QB Jalen Hurts RB D'Andre Swift RB Kyren Williams TE Evan Engram WR DeVonta Smith WR Davante Adams WR Dontayvion Wicks,,,
1203,5272351664,Espirit2020,0,96.619995,DST Eagles  FLEX Saquon Barkley QB Jalen Hurts RB D'Andre Swift RB Kyren Williams TE Evan Engram WR DeVonta Smith WR Davante Adams WR Dontayvion Wicks,,,
1203,5272385575,swopey23,0,96.619995,DST Eagles  FLEX D'Andre Swift QB Jalen Hurts RB Saquon Barkley RB Kyren Williams TE Evan Engram WR DeVonta Smith WR Davante Adams WR Dontayvion Wicks,,,
1203,5272617175,mtl128,0,96.619995,DST Eagles  FLEX Kyren Williams QB Jalen Hurts RB Saquon Barkley RB D'Andre Swift TE Evan Engram WR DeVonta Smith WR Davante Adams WR Dontayvion Wicks,,,
1203,5273379251,bentstout15,0,96.619995,DST Eagles  FLEX Saquon Barkley QB Jalen Hurts RB D'Andre Swift RB Kyren Williams TE Evan Engram WR DeVonta Smith WR Davante Adams WR Dontayvion Wicks,,,
1203,5273399718,papaaj1,0,96.619995,DST Eagles  FLEX D'Andre Swift QB Jalen Hurts RB Saquon Barkley RB Kyren Williams TE Colby Parkinson WR DeVonta Smith WR Davante Adams WR Dontayvion Wicks,,,
1203,5273574665,NatalieBpicks,0,96.619995,DST Eagles  FLEX Saquon Barkley QB Jalen Hurts RB D'Andre Swift RB Kyren Williams TE Evan Engram WR DeVonta Smith WR Davante Adams WR Dontayvion Wicks,,,
1203,5273576105,pat-Riot1979,0,96.619995,DST Eagles  FLEX Kyren Williams QB Jalen Hurts RB Saquon Barkley RB D'Andre Swift TE Cole Kmet WR DeVonta Smith WR Davante Adams WR Dontayvion Wicks,,,
1203,5273583315,High_Performance,0,96.619995,DST Eagles  FLEX Saquon Barkley QB Jalen Hurts RB D'Andre Swift RB Kyren Williams TE Evan Engram WR DeVonta Smith WR Davante Adams WR Dontayvion Wicks,,,
1203,5273599498,Flyinhigh410,0,96.619995,DST Eagles  FLEX D'Andre Swift QB Jalen Hurts RB Saquon Barkley RB Kyren Williams TE Evan Engram WR DeVonta Smith WR Davante Adams WR Dontayvion Wicks,,,
1203,5273663371,VegasOddBreaker,0,96.619995,DST Eagles  FLEX Kyren Williams QB Jalen Hurts RB Saquon Barkley RB D'Andre Swift TE Evan Engram WR DeVonta Smith WR Davante Adams WR Dontayvion Wicks,,,
1203,5273668187,HardRocks,0,96.619995,DST Eagles  FLEX Saquon Barkley QB Jalen Hurts RB D'Andre Swift RB Kyren Williams TE Evan Engram WR DeVonta Smith WR Davante Adams WR Dontayvion Wicks,,,
1203,5273676105,BeliCheckYoSelf16,0,96.619995,DST Eagles  FLEX D'Andre Swift QB Jalen Hurts RB Saquon Barkley RB Kyren Williams TE Evan Engram WR DeVonta Smith WR Davante Adams WR Dontayvion Wicks,,,
1203,5273694113,chlorinehair5,0,96.619995,DST Eagles  FLEX Kyren Williams QB Jalen Hurts RB Saquon Barkley RB D'Andre Swift TE Evan Engram WR DeVonta Smith WR Davante Adams WR Dontayvion Wicks,,,
1203,5273696849,scn462,0,96.619995,DST Eagles  FLEX D'Andre Swift QB Jalen Hurts RB Saquon Barkley RB Kyren Williams TE Evan Engram WR DeVonta Smith WR Davante Adams WR Dontayvion Wicks,,,
1203,5273758857,Majik1016,0,96.619995,DST Eagles  FLEX Saquon Barkley QB Jalen Hurts RB D'Andre Swift RB Kyren Williams TE Evan Engram WR DeVonta Smith WR Davante Adams WR Dontayvion Wicks,,,
1203,5273769219,thinside,0,96.619995,DST Eagles  FLEX Saquon Barkley QB Jalen Hurts RB D'Andre Swift RB Kyren Williams TE Evan Engram WR DeVonta Smith WR Davante Adams WR Dontayvion Wicks,,,
1203,5273853816,Yossarian230,0,96.619995,DST Eagles  FLEX D'Andre Swift QB Jalen Hurts RB Saquon Barkley RB Kyren Williams TE Evan Engram WR DeVonta Smith WR Davante Adams WR Dontayvion Wicks,,,
1203,5273924975,bmoneyrecords6674,0,96.619995,DST Eagles  FLEX Saquon Barkley QB Jalen Hurts RB D'Andre Swift RB Kyren Williams TE Evan Engram WR DeVonta Smith WR Davante Adams WR Dontayvion Wicks,,,
1203,5273946381,jew1016,0,96.619995,DST Eagles  FLEX D'Andre Swift QB Jalen Hurts RB Saquon Barkley RB Kyren Williams TE Evan Engram WR DeVonta Smith WR Davante Adams WR Dontayvion Wicks,,,
1203,5273973152,Btd81,0,96.619995,DST Eagles  FLEX D'Andre Swift QB Jalen Hurts RB Saquon Barkley RB Kyren Williams TE Evan Engram WR DeVonta Smith WR Davante Adams WR Dontayvion Wicks,,,
1203,5273973542,cwpickens,0,96.619995,DST Eagles  FLEX D'Andre Swift QB Jalen Hurts RB Saquon Barkley RB Kyren Williams TE Colby Parkinson WR DeVonta Smith WR Davante Adams WR Dontayvion Wicks,,,
1203,5273989147,eness79,0,96.619995,DST Eagles  FLEX Kyren Williams QB Jalen Hurts RB Saquon Barkley RB D'Andre Swift TE Evan Engram WR DeVonta Smith WR Davante Adams WR Dontayvion Wicks,,,
1203,5274008495,claydur33,0,96.619995,DST Eagles  FLEX Kyren Williams QB Jalen Hurts RB Saquon Barkley RB D'Andre Swift TE Evan Engram WR DeVonta Smith WR Davante Adams WR Dontayvion Wicks,,,
1203,5274029175,bobby04040,0,96.619995,DST Eagles  FLEX D'Andre Swift QB Jalen Hurts RB Saquon Barkley RB Kyren Williams TE Colby Parkinson WR DeVonta Smith WR Davante Adams WR Dontayvion Wicks,,,
1203,5274054399,TheVFXDude,0,96.619995,DST Eagles  FLEX Saquon Barkley QB Jalen Hurts RB D'Andre Swift RB Kyren Williams TE Evan Engram WR DeVonta Smith WR Davante Adams WR Dontayvion Wicks,,,
1203,5274062815,youngster201,0,96.619995,DST Eagles  FLEX Saquon Barkley QB Jalen Hurts RB D'Andre Swift RB Kyren Williams TE Evan Engram WR DeVonta Smith WR Davante Adams WR Dontayvion Wicks,,,
1203,5274080208,Leepachi00,0,96.619995,DST Eagles  FLEX D'Andre Swift QB Jalen Hurts RB Saquon Barkley RB Kyren Williams TE Evan Engram WR DeVonta Smith WR Davante Adams WR Dontayvion Wicks,,,
1203,5274083083,ballinmsj,0,96.619995,DST Eagles  FLEX D'Andre Swift QB Jalen Hurts RB Saquon Barkley RB Kyren Williams TE Evan Engram WR DeVonta Smith WR Davante Adams WR Dontayvion Wicks,,,
1203,5274109457,budaman3195,0,96.619995,DST Eagles  FLEX Kyren Williams QB Jalen Hurts RB Saquon Barkley RB D'Andre Swift TE Evan Engram WR DeVonta Smith WR Davante Adams WR Dontayvion Wicks,,,
1203,5274139319,JMoneyMakerJones,0,96.619995,DST Eagles  FLEX Saquon Barkley QB Jalen Hurts RB D'Andre Swift RB Kyren Williams TE Colby Parkinson WR DeVonta Smith WR Davante Adams WR Dontayvion Wicks,,,
1244,5273721136,stevejpkearns,0,96.52,DST Eagles  FLEX Dontayvion Wicks QB Jalen Hurts RB Saquon Barkley RB D'Andre Swift TE Zach Ertz WR DeVonta Smith WR Davante Adams WR Luther Burden III,,,
1245,5272820447,Beezy269,0,96.42,DST Eagles  FLEX Saquon Barkley QB Jalen Hurts RB Kyren Williams RB J.K. Dobbins TE Terrance Ferguson WR DeVonta Smith WR Davante Adams WR Courtland Sutton,,,
1246,5273344035,bobby4362,0,96.32,DST Rams  FLEX Kyle Monangai QB Jalen Hurts RB Saquon Barkley RB Kyren Williams TE Colston Loveland WR Davante Adams WR Rome Odunze WR Courtland Sutton,,,
1247,5273811315,greezy215,0,96.22,DST Eagles  FLEX Saquon Barkley QB Jalen Hurts RB Kyren Williams RB J.K. Dobbins TE Terrance Ferguson WR DeVonta Smith WR Davante Adams WR Rome Odunze,,,
1247,5274051383,pwjack86,0,96.21999,DST Rams  FLEX DeVonta Smith QB Jalen Hurts RB Saquon Barkley RB Kyren Williams TE Evan Engram WR Davante Adams WR Rome Odunze WR Dontayvion Wicks,,,
1249,5273712417,Kmeaz6,0,96.2,DST Rams  FLEX Jaylen Waddle QB Tyson Bagent RB Saquon Barkley RB Kyren Williams TE Evan Engram WR DeVonta Smith WR Davante Adams WR Luther Burden III,,,
1250,5271137109,Jchyk12,0,96.13999,DST Eagles  FLEX Courtland Sutton QB Bo Nix RB Kyren Williams RB J.K. Dobbins TE Colby Parkinson WR Jaylen Waddle WR Davante Adams WR Dontayvion Wicks,,,
1251,5273537673,FriskyKitty27,0,96.12,DST Eagles  FLEX D'Andre Swift QB Jalen Hurts RB Kyren Williams RB J.K. Dobbins TE Evan Engram WR DeVonta Smith WR Davante Adams WR Rome Odunze,,,
1252,5273591736,6DaWg2010,0,96.020004,DST Eagles  FLEX Dontayvion Wicks QB Jalen Hurts RB D'Andre Swift RB Kyren Williams TE Colston Loveland WR Jaylen Waddle WR Davante Adams WR Rome Odunze,,,
1252,5273754845,Day019,0,96.020004,DST Eagles  FLEX Saquon Barkley QB Jalen Hurts RB Kyren Williams RB RJ Harvey TE Davis Allen WR Davante Adams WR Rome Odunze WR Makai Lemon,,,
1254,5268871577,Leppard23,0,95.920006,DST Eagles  FLEX Dontayvion Wicks QB Jalen Hurts RB D'Andre Swift RB Kyren Williams TE Zach Ertz WR DeVonta Smith WR Jaylen Waddle WR Davante Adams,,,
1254,5269091419,rushx28,0,95.920006,DST Eagles  FLEX Dontayvion Wicks QB Jalen Hurts RB D'Andre Swift RB Kyren Williams TE Terrance Ferguson WR DeVonta Smith WR Jaylen Waddle WR Davante Adams,,,
1254,5269278587,moonshiner75103,0,95.920006,DST Eagles  FLEX Jaylen Waddle QB Jalen Hurts RB D'Andre Swift RB Kyren Williams TE Terrance Ferguson WR DeVonta Smith WR Davante Adams WR Dontayvion Wicks,,,
1254,5269299109,gduffie,0,95.920006,DST Eagles  FLEX Davante Adams QB Jalen Hurts RB D'Andre Swift RB Kyren Williams TE Terrance Ferguson WR DeVonta Smith WR Jaylen Waddle WR Dontayvion Wicks,,,
1254,5269550186,infantryboys,0,95.920006,DST Eagles  FLEX Dontayvion Wicks QB Jalen Hurts RB D'Andre Swift RB Kyren Williams TE Terrance Ferguson WR DeVonta Smith WR Jaylen Waddle WR Davante Adams,,,
1254,5269633510,Synergist,0,95.920006,DST Eagles  FLEX Davante Adams QB Jalen Hurts RB D'Andre Swift RB Kyren Williams TE Terrance Ferguson WR DeVonta Smith WR Jaylen Waddle WR Dontayvion Wicks,,,
1254,5269899004,ElTigreCali,0,95.920006,DST Eagles  FLEX Jaylen Waddle QB Jalen Hurts RB D'Andre Swift RB Kyren Williams TE Terrance Ferguson WR DeVonta Smith WR Davante Adams WR Dontayvion Wicks,,,
1254,5269956951,kfullerton94,0,95.920006,DST Eagles  FLEX DeVonta Smith QB Jalen Hurts RB D'Andre Swift RB Kyren Williams TE Terrance Ferguson WR Jaylen Waddle WR Davante Adams WR Dontayvion Wicks,,,
1254,5270229799,jokerdpo,0,95.920006,DST Eagles  FLEX DeVonta Smith QB Jalen Hurts RB D'Andre Swift RB Kyren Williams TE Terrance Ferguson WR Jaylen Waddle WR Davante Adams WR Dontayvion Wicks,,,
1254,5270447454,BigEfromNebraska,0,95.920006,DST Eagles  FLEX Dontayvion Wicks QB Jalen Hurts RB D'Andre Swift RB Kyren Williams TE Zach Ertz WR DeVonta Smith WR Jaylen Waddle WR Davante Adams,,,
1254,5270942972,Mr.Jay17,0,95.920006,DST Eagles  FLEX Dontayvion Wicks QB Jalen Hurts RB D'Andre Swift RB Kyren Williams TE Terrance Ferguson WR DeVonta Smith WR Jaylen Waddle WR Davante Adams,,,
1254,5271345860,ThunderFeet,0,95.920006,DST Eagles  FLEX Jaylen Waddle QB Jalen Hurts RB D'Andre Swift RB Kyren Williams TE Terrance Ferguson WR DeVonta Smith WR Davante Adams WR Dontayvion Wicks,,,
1254,5271418172,DumbluckLRP,0,95.920006,DST Eagles  FLEX Dontayvion Wicks QB Jalen Hurts RB D'Andre Swift RB Kyren Williams TE Terrance Ferguson WR DeVonta Smith WR Jaylen Waddle WR Davante Adams,,,
1254,5271428936,MY5QUEENS,0,95.920006,DST Eagles  FLEX Dontayvion Wicks QB Jalen Hurts RB D'Andre Swift RB Kyren Williams TE Terrance Ferguson WR DeVonta Smith WR Jaylen Waddle WR Davante Adams,,,
1254,5271862351,LaurieLoo,0,95.920006,DST Eagles  FLEX Jaylen Waddle QB Jalen Hurts RB D'Andre Swift RB Kyren Williams TE Terrance Ferguson WR DeVonta Smith WR Davante Adams WR Dontayvion Wicks,,,
1254,5271969958,SoCal_Chowd,0,95.920006,DST Eagles  FLEX Jaylen Waddle QB Jalen Hurts RB D'Andre Swift RB Kyren Williams TE Terrance Ferguson WR DeVonta Smith WR Davante Adams WR Dontayvion Wicks,,,
1254,5273336734,Coachjeffy,0,95.920006,DST Eagles  FLEX DeVonta Smith QB Jalen Hurts RB D'Andre Swift RB Kyren Williams TE Terrance Ferguson WR Jaylen Waddle WR Davante Adams WR Dontayvion Wicks,,,
1254,5273428098,the1IrishLover,0,95.920006,DST Eagles  FLEX Jaylen Waddle QB Jalen Hurts RB D'Andre Swift RB Kyren Williams TE Zach Ertz WR DeVonta Smith WR Davante Adams WR Dontayvion Wicks,,,
1254,5273484227,zman3317,0,95.920006,DST Eagles  FLEX Davante Adams QB Jalen Hurts RB D'Andre Swift RB Kyren Williams TE Zach Ertz WR DeVonta Smith WR Jaylen Waddle WR Dontayvion Wicks,,,
1254,5273510952,Bubb55,0,95.920006,DST Eagles  FLEX DeVonta Smith QB Jalen Hurts RB D'Andre Swift RB Kyren Williams TE Terrance Ferguson WR Jaylen Waddle WR Davante Adams WR Dontayvion Wicks,,,
1254,5273548885,MachoSam,0,95.920006,DST Eagles  FLEX Jaylen Waddle QB Jalen Hurts RB D'Andre Swift RB Kyren Williams TE Terrance Ferguson WR DeVonta Smith WR Davante Adams WR Dontayvion Wicks,,,
1254,5273560990,Dmintz22,0,95.920006,DST Eagles  FLEX Jaylen Waddle QB Jalen Hurts RB D'Andre Swift RB Kyren Williams TE Terrance Ferguson WR DeVonta Smith WR Davante Adams WR Dontayvion Wicks,,,
1254,5273587938,LJohn03,0,95.920006,DST Eagles  FLEX Davante Adams QB Jalen Hurts RB D'Andre Swift RB Kyren Williams TE Terrance Ferguson WR DeVonta Smith WR Jaylen Waddle WR Dontayvion Wicks,,,
1254,5273605048,staceymef,0,95.920006,DST Eagles  FLEX Jaylen Waddle QB Jalen Hurts RB D'Andre Swift RB Kyren Williams TE Terrance Ferguson WR DeVonta Smith WR Davante Adams WR Dontayvion Wicks,,,
1254,5273608379,keniff,0,95.920006,DST Eagles  FLEX DeVonta Smith QB Jalen Hurts RB D'Andre Swift RB Kyren Williams TE Zach Ertz WR Jaylen Waddle WR Davante Adams WR Dontayvion Wicks,,,
1254,5273626045,peymakcam,0,95.920006,DST Eagles  FLEX DeVonta Smith QB Jalen Hurts RB D'Andre Swift RB Kyren Williams TE Terrance Ferguson WR Jaylen Waddle WR Davante Adams WR Dontayvion Wicks,,,
1254,5273641787,squirtwarren,0,95.920006,DST Eagles  FLEX Jaylen Waddle QB Jalen Hurts RB D'Andre Swift RB Kyren Williams TE Terrance Ferguson WR DeVonta Smith WR Davante Adams WR Dontayvion Wicks,,,
1254,5273645157,bryan89,0,95.920006,DST Eagles  FLEX Dontayvion Wicks QB Jalen Hurts RB D'Andre Swift RB Kyren Williams TE Terrance Ferguson WR DeVonta Smith WR Jaylen Waddle WR Davante Adams,,,
1254,5273677987,kappaman_5.0,0,95.920006,DST Eagles  FLEX Dontayvion Wicks QB Jalen Hurts RB D'Andre Swift RB Kyren Williams TE Terrance Ferguson WR DeVonta Smith WR Jaylen Waddle WR Davante Adams,,,
1254,5273691513,oscarrene80,0,95.920006,DST Eagles  FLEX Dontayvion Wicks QB Jalen Hurts RB D'Andre Swift RB Kyren Williams TE Terrance Ferguson WR DeVonta Smith WR Jaylen Waddle WR Davante Adams,,,
1254,5273693025,barrys.team2015,0,95.920006,DST Eagles  FLEX DeVonta Smith QB Jalen Hurts RB D'Andre Swift RB Kyren Williams TE Terrance Ferguson WR Jaylen Waddle WR Davante Adams WR Dontayvion Wicks,,,
1254,5273695398,Carstars,0,95.920006,DST Eagles  FLEX Dontayvion Wicks QB Jalen Hurts RB D'Andre Swift RB Kyren Williams TE Zach Ertz WR DeVonta Smith WR Jaylen Waddle WR Davante Adams,,,
1254,5273704309,gnaiser,0,95.920006,DST Eagles  FLEX DeVonta Smith QB Jalen Hurts RB D'Andre Swift RB Kyren Williams TE Terrance Ferguson WR Jaylen Waddle WR Davante Adams WR Dontayvion Wicks,,,
1254,5273720408,flem1,0,95.920006,DST Eagles  FLEX Jaylen Waddle QB Jalen Hurts RB D'Andre Swift RB Kyren Williams TE Zach Ertz WR DeVonta Smith WR Davante Adams WR Dontayvion Wicks,,,
1254,5273778719,jsh27896,0,95.920006,DST Eagles  FLEX Dontayvion Wicks QB Jalen Hurts RB D'Andre Swift RB Kyren Williams TE Terrance Ferguson WR DeVonta Smith WR Jaylen Waddle WR Davante Adams,,,
1254,5273796168,MKSundays,0,95.920006,DST Eagles  FLEX Jaylen Waddle QB Jalen Hurts RB D'Andre Swift RB Kyren Williams TE Terrance Ferguson WR DeVonta Smith WR Davante Adams WR Dontayvion Wicks,,,
1254,5273810213,des7169,0,95.920006,DST Eagles  FLEX Jaylen Waddle QB Jalen Hurts RB D'Andre Swift RB Kyren Williams TE Zach Ertz WR DeVonta Smith WR Davante Adams WR Dontayvion Wicks,,,
1254,5273835728,Favre4HOF,0,95.920006,DST Eagles  FLEX Dontayvion Wicks QB Jalen Hurts RB D'Andre Swift RB Kyren Williams TE Terrance Ferguson WR DeVonta Smith WR Jaylen Waddle WR Davante Adams,,,
1254,5273843502,Coolac420,0,95.920006,DST Eagles  FLEX DeVonta Smith QB Jalen Hurts RB D'Andre Swift RB Kyren Williams TE Zach Ertz WR Jaylen Waddle WR Davante Adams WR Dontayvion Wicks,,,
1254,5273882158,dp1521,0,95.920006,DST Eagles  FLEX Jaylen Waddle QB Jalen Hurts RB D'Andre Swift RB Kyren Williams TE Zach Ertz WR DeVonta Smith WR Davante Adams WR Dontayvion Wicks,,,
1254,5274054836,Okefenokepie,0,95.920006,DST Eagles  FLEX Dontayvion Wicks QB Jalen Hurts RB D'Andre Swift RB Kyren Williams TE Terrance Ferguson WR DeVonta Smith WR Jaylen Waddle WR Davante Adams,,,
1254,5274064024,SpartanDawgs21,0,95.920006,DST Eagles  FLEX Dontayvion Wicks QB Jalen Hurts RB D'Andre Swift RB Kyren Williams TE Terrance Ferguson WR DeVonta Smith WR Jaylen Waddle WR Davante Adams,,,
1254,5274068483,Akbows,0,95.920006,DST Eagles  FLEX Davante Adams QB Jalen Hurts RB D'Andre Swift RB Kyren Williams TE Terrance Ferguson WR DeVonta Smith WR Jaylen Waddle WR Dontayvion Wicks,,,
1254,5274074175,DKStrength,0,95.920006,DST Eagles  FLEX DeVonta Smith QB Jalen Hurts RB D'Andre Swift RB Kyren Williams TE Zach Ertz WR Jaylen Waddle WR Davante Adams WR Dontayvion Wicks,,,
1254,5274082390,mgarde,0,95.920006,DST Eagles  FLEX Jaylen Waddle QB Jalen Hurts RB D'Andre Swift RB Kyren Williams TE Terrance Ferguson WR DeVonta Smith WR Davante Adams WR Dontayvion Wicks,,,
1254,5274091639,micahturnipseed,0,95.920006,DST Eagles  FLEX Jaylen Waddle QB Jalen Hurts RB D'Andre Swift RB Kyren Williams TE Terrance Ferguson WR DeVonta Smith WR Davante Adams WR Dontayvion Wicks,,,
1254,5274121033,jpgilligan1,0,95.920006,DST Eagles  FLEX Dontayvion Wicks QB Jalen Hurts RB D'Andre Swift RB Kyren Williams TE Terrance Ferguson WR DeVonta Smith WR Jaylen Waddle WR Davante Adams,,,
1254,5274121561,Onlytopcards,0,95.920006,DST Eagles  FLEX Davante Adams QB Jalen Hurts RB D'Andre Swift RB Kyren Williams TE Terrance Ferguson WR DeVonta Smith WR Jaylen Waddle WR Dontayvion Wicks,,,
1254,5274128371,kenlors,0,95.920006,DST Eagles  FLEX DeVonta Smith QB Jalen Hurts RB D'Andre Swift RB Kyren Williams TE Terrance Ferguson WR Jaylen Waddle WR Davante Adams WR Dontayvion Wicks,,,
1254,5274139335,Releasethejaken,0,95.920006,DST Eagles  FLEX Dontayvion Wicks QB Jalen Hurts RB D'Andre Swift RB Kyren Williams TE Terrance Ferguson WR DeVonta Smith WR Jaylen Waddle WR Davante Adams,,,
1304,5273613964,rezkid86,0,95.82,DST Eagles  FLEX Saquon Barkley QB Jalen Hurts RB D'Andre Swift RB Kyren Williams TE Zach Ertz WR DeVonta Smith WR Dontayvion Wicks WR Kalif Raymond,,,
1304,5273779422,KV916,0,95.82,DST Eagles  FLEX Saquon Barkley QB Jalen Hurts RB D'Andre Swift RB Kyren Williams TE Zach Ertz WR DeVonta Smith WR Dontayvion Wicks WR Kalif Raymond,,,
1304,5273834477,fitz33,0,95.82,DST Eagles  FLEX Tutu Atwell QB Jalen Hurts RB Kyren Williams RB RJ Harvey TE Colston Loveland WR DeVonta Smith WR Jaylen Waddle WR Davante Adams,,,
1307,5273786140,domination2536,0,95.799995,DST Eagles  FLEX Saquon Barkley QB Matthew Stafford RB D'Andre Swift RB J.K. Dobbins TE Colby Parkinson WR DeVonta Smith WR Davante Adams WR Courtland Sutton,,,
1308,5273755693,hawks01,0,95.74,DST Eagles  FLEX J.K. Dobbins QB Bo Nix RB Saquon Barkley RB D'Andre Swift TE Terrance Ferguson WR DeVonta Smith WR Jaylen Waddle WR Davante Adams,,,
1308,5273970766,Boxerdad,0,95.74,DST Eagles  FLEX D'Andre Swift QB Bo Nix RB Saquon Barkley RB J.K. Dobbins TE Terrance Ferguson WR DeVonta Smith WR Jaylen Waddle WR Davante Adams,,,
1308,5274136450,Zarrelli,0,95.74,DST Eagles  FLEX J.K. Dobbins QB Bo Nix RB Saquon Barkley RB D'Andre Swift TE Terrance Ferguson WR DeVonta Smith WR Jaylen Waddle WR Davante Adams,,,
1311,5273186556,roxbury444,0,95.72,DST Broncos  FLEX Saquon Barkley QB Jalen Hurts RB D'Andre Swift RB Blake Corum TE Colston Loveland WR Jaylen Waddle WR Davante Adams WR Courtland Sutton,,,
1312,5271280014,rsumrall,0,95.64001,DST Eagles  FLEX Saquon Barkley QB Bo Nix RB J.K. Dobbins RB RJ Harvey TE Terrance Ferguson WR DeVonta Smith WR Jaylen Waddle WR Davante Adams,,,
1313,5274104575,bananto1,0,95.62001,DST Rams  FLEX Terrance Ferguson QB Jalen Hurts RB D'Andre Swift RB Kyren Williams TE Zach Ertz WR DeVonta Smith WR Jaylen Waddle WR Davante Adams,,,
1313,5273334940,Dinofast,0,95.62,DST Rams  FLEX Kyren Williams QB Jalen Hurts RB D'Andre Swift RB Kyle Monangai TE Terrance Ferguson WR DeVonta Smith WR Davante Adams WR Dontayvion Wicks,,,
1313,5273652084,BethP,0,95.62,DST Rams  FLEX Kyle Monangai QB Jalen Hurts RB D'Andre Swift RB Kyren Williams TE Terrance Ferguson WR DeVonta Smith WR Davante Adams WR Dontayvion Wicks,,,
1313,5273709291,Da6ull2,0,95.62,DST Rams  FLEX Kyle Monangai QB Jalen Hurts RB D'Andre Swift RB Kyren Williams TE Terrance Ferguson WR DeVonta Smith WR Davante Adams WR Dontayvion Wicks,,,
1313,5273978636,Crystal241,0,95.62,DST Rams  FLEX Kyle Monangai QB Jalen Hurts RB D'Andre Swift RB Kyren Williams TE Zach Ertz WR DeVonta Smith WR Davante Adams WR Dontayvion Wicks,,,
1313,5270112541,winningfaith,0,95.619995,DST Eagles  FLEX Rome Odunze QB Jalen Hurts RB Saquon Barkley RB Kyren Williams TE Evan Engram WR DeVonta Smith WR Davante Adams WR Courtland Sutton,,,
1319,5270543068,dagarretcp,0,95.420006,DST Eagles  FLEX Dontayvion Wicks QB Jalen Hurts RB D'Andre Swift RB Kyren Williams TE Johnny Mundt WR DeVonta Smith WR Jaylen Waddle WR Davante Adams,,,
1319,5272919592,DoctorZ420,0,95.420006,DST Eagles  FLEX DeVonta Smith QB Jalen Hurts RB D'Andre Swift RB Kyren Williams TE Johnny Mundt WR Jaylen Waddle WR Davante Adams WR Dontayvion Wicks,,,
1319,5273650778,O-jay,0,95.420006,DST Broncos  FLEX Blake Corum QB Jalen Hurts RB Saquon Barkley RB D'Andre Swift TE Zach Ertz WR DeVonta Smith WR Jaylen Waddle WR Davante Adams,,,
1319,5273658552,joshuamnyc,0,95.420006,DST Broncos  FLEX Blake Corum QB Jalen Hurts RB Saquon Barkley RB D'Andre Swift TE Terrance Ferguson WR DeVonta Smith WR Jaylen Waddle WR Davante Adams,,,
1319,5273972391,EdTheMundo,0,95.420006,DST Broncos  FLEX Saquon Barkley QB Jalen Hurts RB D'Andre Swift RB Blake Corum TE Terrance Ferguson WR DeVonta Smith WR Jaylen Waddle WR Davante Adams,,,
1319,5273402784,nickcoachez,0,95.42,DST Rams  FLEX D'Andre Swift QB Jalen Hurts RB Saquon Barkley RB Kyren Williams TE Terrance Ferguson WR Jaylen Waddle WR Davante Adams WR Dontayvion Wicks,,,
1319,5273728333,Donny521Mac,0,95.42,DST Rams  FLEX D'Andre Swift QB Jalen Hurts RB Saquon Barkley RB Kyren Williams TE Terrance Ferguson WR Jaylen Waddle WR Davante Adams WR Dontayvion Wicks,,,
1326,5273549533,texas127,0,95.4,DST Eagles  FLEX Jaylen Waddle QB Matthew Stafford RB Saquon Barkley RB D'Andre Swift TE Terrance Ferguson WR DeVonta Smith WR Davante Adams WR Dontayvion Wicks,,,
1326,5273793672,jehoffman3,0,95.4,DST Eagles  FLEX DeVonta Smith QB Matthew Stafford RB Saquon Barkley RB D'Andre Swift TE Terrance Ferguson WR Jaylen Waddle WR Davante Adams WR Dontayvion Wicks,,,
1326,5273822727,spanishbobby,0,95.4,DST Eagles  FLEX Davante Adams QB Matthew Stafford RB Saquon Barkley RB D'Andre Swift TE Terrance Ferguson WR DeVonta Smith WR Jaylen Waddle WR Dontayvion Wicks,,,
1326,5273910658,cwwest88,0,95.4,DST Eagles  FLEX Jaylen Waddle QB Matthew Stafford RB Saquon Barkley RB D'Andre Swift TE Zach Ertz WR DeVonta Smith WR Davante Adams WR Dontayvion Wicks,,,
1326,5274146166,tmazz29,0,95.4,DST Eagles  FLEX Dontayvion Wicks QB Matthew Stafford RB Saquon Barkley RB D'Andre Swift TE Terrance Ferguson WR DeVonta Smith WR Jaylen Waddle WR Davante Adams,,,
1331,5269191336,JordansJackals,0,95.32001,DST Rams  FLEX Blake Corum QB Jalen Hurts RB D'Andre Swift RB Kyren Williams TE Evan Engram WR DeVonta Smith WR Jaylen Waddle WR Davante Adams,,,
1331,5273647344,bionicknee,0,95.32001,DST Rams  FLEX DeVonta Smith QB Jalen Hurts RB Saquon Barkley RB D'Andre Swift TE Terrance Ferguson WR Jaylen Waddle WR Davante Adams WR Pat Bryant,,,
1331,5273803012,lipdog4,0,95.32001,DST Rams  FLEX Blake Corum QB Jalen Hurts RB D'Andre Swift RB Kyren Williams TE Evan Engram WR DeVonta Smith WR Jaylen Waddle WR Davante Adams,,,
1331,5273582247,bunny2016,0,95.32,DST Broncos  FLEX D'Andre Swift QB Jalen Hurts RB Saquon Barkley RB J.K. Dobbins TE Terrance Ferguson WR DeVonta Smith WR Luther Burden III WR Rome Odunze,,,
1331,5273844663,sne3_sne3,0,95.32,DST Eagles  FLEX Kyren Williams QB Jalen Hurts RB Saquon Barkley RB D'Andre Swift TE Zach Ertz WR DeVonta Smith WR Jaylen Waddle WR Konata Mumpfield,,,
1331,5274044133,Jw4778,0,95.31999,DST Eagles  FLEX Darius Cooper QB Jalen Hurts RB Saquon Barkley RB Kyren Williams TE Colston Loveland WR DeVonta Smith WR Davante Adams WR Courtland Sutton,,,
1331,5274114913,emanfantasy,0,95.31999,DST Eagles  FLEX DeVonta Smith QB Jalen Hurts RB Saquon Barkley RB Kyren Williams TE Terrance Ferguson WR Davante Adams WR Courtland Sutton WR Dontayvion Wicks,,,
1338,5273567928,gbarnesnavy,0,95.22,DST Broncos  FLEX D'Andre Swift QB Jalen Hurts RB Saquon Barkley RB Kyren Williams TE Terrance Ferguson WR DeVonta Smith WR Jaylen Waddle WR Dontayvion Wicks,,,
1338,5273605856,bigdogx,0,95.22,DST Broncos  FLEX D'Andre Swift QB Jalen Hurts RB Saquon Barkley RB Kyren Williams TE Terrance Ferguson WR DeVonta Smith WR Jaylen Waddle WR Dontayvion Wicks,,,
1338,5273769134,JohnnyDrama34,0,95.22,DST Broncos  FLEX D'Andre Swift QB Jalen Hurts RB Saquon Barkley RB Kyren Williams TE Terrance Ferguson WR DeVonta Smith WR Jaylen Waddle WR Dontayvion Wicks,,,
1338,5274030519,buckba,0,95.22,DST Broncos  FLEX Saquon Barkley QB Jalen Hurts RB D'Andre Swift RB Kyren Williams TE Terrance Ferguson WR DeVonta Smith WR Jaylen Waddle WR Dontayvion Wicks,,,
1342,5273680436,dantraf19,0,95.14,DST Eagles  FLEX D'Andre Swift QB Bo Nix RB Saquon Barkley RB Kyren Williams TE Terrance Ferguson WR DeVonta Smith WR Jaylen Waddle WR Courtland Sutton,,,
1342,5273743146,sean2asnes,0,95.14,DST Eagles  FLEX Saquon Barkley QB Bo Nix RB D'Andre Swift RB Kyren Williams TE Terrance Ferguson WR DeVonta Smith WR Jaylen Waddle WR Courtland Sutton,,,
1342,5273793912,Erasmus,0,95.14,DST Eagles  FLEX Kyren Williams QB Bo Nix RB Saquon Barkley RB D'Andre Swift TE Terrance Ferguson WR DeVonta Smith WR Jaylen Waddle WR Courtland Sutton,,,
1345,5272971699,jpolzine,0,95.12,DST Eagles  FLEX Saquon Barkley QB Jalen Hurts RB D'Andre Swift RB Kyren Williams TE Colston Loveland WR DeVonta Smith WR Makai Lemon WR Pat Bryant,,,
1345,5274073918,Albqhokie,0,95.12,DST Eagles  FLEX D'Andre Swift QB Jalen Hurts RB Saquon Barkley RB Kyren Williams TE Evan Engram WR DeVonta Smith WR Jaylen Waddle WR Kalif Raymond,,,
1345,5273297048,DemBoys916,0,95.119995,DST Eagles  FLEX Rome Odunze QB Jalen Hurts RB Saquon Barkley RB Kyren Williams TE Zach Ertz WR DeVonta Smith WR Davante Adams WR Dontayvion Wicks,,,
1348,5273991798,SEA1971,0,95.09999,DST Eagles  FLEX Kyren Williams QB Matthew Stafford RB Saquon Barkley RB Kyle Monangai TE Colby Parkinson WR Jaylen Waddle WR Davante Adams WR Dontayvion Wicks,,,
1349,5270013103,79Cosmo,0,95.04,DST Eagles  FLEX Courtland Sutton QB Bo Nix RB Saquon Barkley RB RJ Harvey TE Colby Parkinson WR DeVonta Smith WR Jaylen Waddle WR Davante Adams,,,
1349,5271462079,rlbender,0,95.04,DST Eagles  FLEX Davante Adams QB Bo Nix RB Saquon Barkley RB RJ Harvey TE Evan Engram WR DeVonta Smith WR Jaylen Waddle WR Courtland Sutton,,,
1349,5271561559,atsuggs88,0,95.04,DST Eagles  FLEX Courtland Sutton QB Bo Nix RB Saquon Barkley RB RJ Harvey TE Colby Parkinson WR DeVonta Smith WR Jaylen Waddle WR Davante Adams,,,
1349,5273881426,Judge71,0,95.04,DST Eagles  FLEX Courtland Sutton QB Bo Nix RB Saquon Barkley RB RJ Harvey TE Colby Parkinson WR DeVonta Smith WR Jaylen Waddle WR Davante Adams,,,
1349,5273961144,scrub69,0,95.04,DST Eagles  FLEX Courtland Sutton QB Bo Nix RB Saquon Barkley RB RJ Harvey TE Colby Parkinson WR DeVonta Smith WR Jaylen Waddle WR Davante Adams,,,
1349,5274047376,sbris10,0,95.04,DST Eagles  FLEX Courtland Sutton QB Bo Nix RB Saquon Barkley RB RJ Harvey TE Colby Parkinson WR DeVonta Smith WR Jaylen Waddle WR Davante Adams,,,
1349,5274079887,jwsa0214,0,95.04,DST Eagles  FLEX Courtland Sutton QB Bo Nix RB Saquon Barkley RB RJ Harvey TE Colby Parkinson WR DeVonta Smith WR Jaylen Waddle WR Davante Adams,,,
1349,5274107574,Lenny619,0,95.04,DST Eagles  FLEX Courtland Sutton QB Bo Nix RB Saquon Barkley RB RJ Harvey TE Colby Parkinson WR DeVonta Smith WR Jaylen Waddle WR Davante Adams,,,
1357,5271970762,Alfreddoggers,0,95.020004,DST Eagles  FLEX Kyle Monangai QB Jalen Hurts RB D'Andre Swift RB Kyren Williams TE Zach Ertz WR DeVonta Smith WR Davante Adams WR Courtland Sutton,,,
1357,5274094409,LOB12thman,0,95.02,DST Broncos  FLEX Dontayvion Wicks QB Jalen Hurts RB Saquon Barkley RB Blake Corum TE Colston Loveland WR DeVonta Smith WR Jaylen Waddle WR Davante Adams,,,
1359,5274067920,jkjollytime,0,94.94,DST Eagles  FLEX D'Andre Swift QB Bo Nix RB Saquon Barkley RB Kyren Williams TE Terrance Ferguson WR DeVonta Smith WR Jaylen Waddle WR Rome Odunze,,,
1360,5274103510,cbmcdonald14,0,94.920006,DST Broncos  FLEX J.K. Dobbins QB Jalen Hurts RB D'Andre Swift RB Kyren Williams TE Terrance Ferguson WR DeVonta Smith WR Jaylen Waddle WR Courtland Sutton,,,
1360,5274118531,collincaleb,0,94.920006,DST Broncos  FLEX Saquon Barkley QB Jalen Hurts RB Kyle Monangai RB RJ Harvey TE Terrance Ferguson WR DeVonta Smith WR Jaylen Waddle WR Davante Adams,,,
1362,5273571252,ccrider729,0,94.82,DST Eagles  FLEX D'Andre Swift QB Jalen Hurts RB Saquon Barkley RB Blake Corum TE Terrance Ferguson WR DeVonta Smith WR Davante Adams WR Luther Burden III,,,
1363,5274067964,PthWillet,0,94.8,DST Rams  FLEX D'Andre Swift QB Matthew Stafford RB Saquon Barkley RB Blake Corum TE Colby Parkinson WR DeVonta Smith WR Jaylen Waddle WR Davante Adams,,,
1364,5274038920,BW0518,0,94.72001,DST Broncos  FLEX DeVonta Smith QB Jalen Hurts RB D'Andre Swift RB J.K. Dobbins TE Evan Engram WR Jaylen Waddle WR Davante Adams WR Rome Odunze,,,
1364,5274089353,kayali,0,94.72,DST Eagles  FLEX RJ Harvey QB Jalen Hurts RB Saquon Barkley RB Kyren Williams TE Terrance Ferguson WR Jaylen Waddle WR Davante Adams WR Courtland Sutton,,,
1366,5273553552,Angelowright,0,94.7,DST Eagles  FLEX Davante Adams QB Matthew Stafford RB D'Andre Swift RB Kyle Monangai TE Colston Loveland WR DeVonta Smith WR Jaylen Waddle WR Dontayvion Wicks,,,
1367,5273545302,sugafreeyoyo,0,94.64,DST Eagles  FLEX Colston Loveland QB Bo Nix RB Saquon Barkley RB D'Andre Swift TE Evan Engram WR DeVonta Smith WR Jaylen Waddle WR Davante Adams,,,
1367,5273672603,Jyoung3,0,94.64,DST Eagles  FLEX Dontayvion Wicks QB Bo Nix RB Saquon Barkley RB D'Andre Swift TE Terrance Ferguson WR DeVonta Smith WR Jaylen Waddle WR Davante Adams,,,
1369,5273530988,Rjhill34,0,94.62,DST Eagles  FLEX Saquon Barkley QB Jalen Hurts RB D'Andre Swift RB Kyren Williams TE Terrance Ferguson WR DeVonta Smith WR Luther Burden III WR Dontayvion Wicks,,,
1370,5271808622,Granmasac,0,94.52,DST Eagles  FLEX Saquon Barkley QB Jalen Hurts RB D'Andre Swift RB Kyren Williams TE Evan Engram WR DeVonta Smith WR Davante Adams WR Troy Franklin,,,
1371,5271509250,GotEm-HaHa,0,94.49999,DST Rams  FLEX DeVonta Smith QB Matthew Stafford RB Saquon Barkley RB D'Andre Swift TE Terrance Ferguson WR Jaylen Waddle WR Luther Burden III WR Dontayvion Wicks,,,
1372,5273145341,ny39jneri,0,94.44,DST Eagles  FLEX Kyren Williams QB Bo Nix RB Saquon Barkley RB D'Andre Swift TE Johnny Mundt WR DeVonta Smith WR Jaylen Waddle WR Rome Odunze,,,
1373,5273623118,natalieannb42,0,94.42,DST Bears  FLEX Dontayvion Wicks QB Jalen Hurts RB D'Andre Swift RB Kyle Monangai TE Colston Loveland WR DeVonta Smith WR Jaylen Waddle WR Davante Adams,,,
1373,5274112737,chelleydawn,0,94.42,DST Eagles  FLEX Saquon Barkley QB Jalen Hurts RB D'Andre Swift RB Kyren Williams TE Colston Loveland WR DeVonta Smith WR Dontayvion Wicks WR Pat Bryant,,,
1375,5273670124,12thmanofak,0,94.3,DST Bears  FLEX Saquon Barkley QB Tyson Bagent RB D'Andre Swift RB Kyren Williams TE Colston Loveland WR Jaylen Waddle WR Luther Burden III WR Rome Odunze,,,
1376,5269767181,jlc740,0,94.22001,DST Eagles  FLEX D'Andre Swift QB Jalen Hurts RB Kyren Williams RB Blake Corum TE Zach Ertz WR DeVonta Smith WR Jaylen Waddle WR Davante Adams,,,
1376,5270174976,JoeyG88,0,94.22001,DST Eagles  FLEX Kyren Williams QB Jalen Hurts RB D'Andre Swift RB Blake Corum TE Terrance Ferguson WR DeVonta Smith WR Jaylen Waddle WR Davante Adams,,,
1376,5270376561,berndawg,0,94.22001,DST Eagles  FLEX Blake Corum QB Jalen Hurts RB D'Andre Swift RB Kyren Williams TE Terrance Ferguson WR DeVonta Smith WR Jaylen Waddle WR Davante Adams,,,
1376,5271331457,gerry817,0,94.22001,DST Eagles  FLEX Blake Corum QB Jalen Hurts RB D'Andre Swift RB Kyren Williams TE Zach Ertz WR DeVonta Smith WR Jaylen Waddle WR Davante Adams,,,
1376,5272309103,Abyssus,0,94.22001,DST Eagles  FLEX Blake Corum QB Jalen Hurts RB D'Andre Swift RB Kyren Williams TE Zach Ertz WR DeVonta Smith WR Jaylen Waddle WR Davante Adams,,,
1376,5272398392,Jobbe21,0,94.22001,DST Eagles  FLEX Blake Corum QB Jalen Hurts RB D'Andre Swift RB Kyren Williams TE Zach Ertz WR DeVonta Smith WR Jaylen Waddle WR Davante Adams,,,
1376,5273473034,WoodenShoeWarrior,0,94.22001,DST Eagles  FLEX D'Andre Swift QB Jalen Hurts RB Kyren Williams RB Blake Corum TE Terrance Ferguson WR DeVonta Smith WR Jaylen Waddle WR Davante Adams,,,
1376,5273564442,molly22,0,94.22001,DST Eagles  FLEX Blake Corum QB Jalen Hurts RB D'Andre Swift RB Kyren Williams TE Terrance Ferguson WR DeVonta Smith WR Jaylen Waddle WR Davante Adams,,,
1376,5273638214,ohiomike76,0,94.22001,DST Eagles  FLEX Blake Corum QB Jalen Hurts RB D'Andre Swift RB Kyren Williams TE Zach Ertz WR DeVonta Smith WR Jaylen Waddle WR Davante Adams,,,
1376,5273641842,Uncas,0,94.22001,DST Eagles  FLEX Blake Corum QB Jalen Hurts RB D'Andre Swift RB Kyren Williams TE Terrance Ferguson WR DeVonta Smith WR Jaylen Waddle WR Davante Adams,,,
1376,5273652397,tdezzy,0,94.22001,DST Eagles  FLEX Kyren Williams QB Jalen Hurts RB D'Andre Swift RB Blake Corum TE Zach Ertz WR DeVonta Smith WR Jaylen Waddle WR Davante Adams,,,
1376,5273749302,antwood71,0,94.22001,DST Eagles  FLEX Blake Corum QB Jalen Hurts RB D'Andre Swift RB Kyren Williams TE Zach Ertz WR DeVonta Smith WR Jaylen Waddle WR Davante Adams,,,
1376,5273780509,srude021,0,94.22001,DST Eagles  FLEX Blake Corum QB Jalen Hurts RB D'Andre Swift RB Kyren Williams TE Terrance Ferguson WR DeVonta Smith WR Jaylen Waddle WR Davante Adams,,,
1376,5273815454,hambone1174,0,94.22001,DST Eagles  FLEX Blake Corum QB Jalen Hurts RB D'Andre Swift RB Kyren Williams TE Terrance Ferguson WR DeVonta Smith WR Jaylen Waddle WR Davante Adams,,,
1376,5273832979,mabie59,0,94.22001,DST Eagles  FLEX Blake Corum QB Jalen Hurts RB D'Andre Swift RB Kyren Williams TE Terrance Ferguson WR DeVonta Smith WR Jaylen Waddle WR Davante Adams,,,
1376,5273835595,jeffrey72,0,94.22001,DST Eagles  FLEX D'Andre Swift QB Jalen Hurts RB Kyren Williams RB Blake Corum TE Terrance Ferguson WR DeVonta Smith WR Jaylen Waddle WR Davante Adams,,,
1376,5273845097,spelta72,0,94.22001,DST Eagles  FLEX Blake Corum QB Jalen Hurts RB D'Andre Swift RB Kyren Williams TE Terrance Ferguson WR DeVonta Smith WR Jaylen Waddle WR Davante Adams,,,
1376,5273898230,rshaffer519,0,94.22001,DST Eagles  FLEX Kyren Williams QB Jalen Hurts RB D'Andre Swift RB Blake Corum TE Terrance Ferguson WR DeVonta Smith WR Jaylen Waddle WR Davante Adams,,,
1376,5273925730,ironhead4ever,0,94.22001,DST Eagles  FLEX D'Andre Swift QB Jalen Hurts RB Kyren Williams RB Blake Corum TE Terrance Ferguson WR DeVonta Smith WR Jaylen Waddle WR Davante Adams,,,
1376,5274024552,ffbhack,0,94.22001,DST Eagles  FLEX D'Andre Swift QB Jalen Hurts RB Kyren Williams RB Blake Corum TE Terrance Ferguson WR DeVonta Smith WR Jaylen Waddle WR Davante Adams,,,
1376,5274096394,KhaosAddict,0,94.22001,DST Rams  FLEX Kyren Williams QB Jalen Hurts RB D'Andre Swift RB Tank Bigsby TE Terrance Ferguson WR DeVonta Smith WR Jaylen Waddle WR Davante Adams,,,
1376,5274123157,self-medicated,0,94.22001,DST Eagles  FLEX Blake Corum QB Jalen Hurts RB D'Andre Swift RB Kyren Williams TE Terrance Ferguson WR DeVonta Smith WR Jaylen Waddle WR Davante Adams,,,
1398,5272781543,ForeverInBlueJeans,0,94.200005,DST Eagles  FLEX DeVonta Smith QB Matthew Stafford RB Saquon Barkley RB D'Andre Swift TE Evan Engram WR Jaylen Waddle WR Davante Adams WR Makai Lemon,,,
1399,5268875370,GuyCritchy,0,94.12,DST Eagles  FLEX Jaylen Waddle QB Jalen Hurts RB Saquon Barkley RB Kyren Williams TE Terrance Ferguson WR DeVonta Smith WR Davante Adams WR Dontayvion Wicks,,,
1399,5268989132,jeremiah12483,0,94.12,DST Eagles  FLEX DeVonta Smith QB Jalen Hurts RB Saquon Barkley RB Kyren Williams TE Terrance Ferguson WR Jaylen Waddle WR Davante Adams WR Dontayvion Wicks,,,
1399,5269011292,Johnnyw21,0,94.12,DST Eagles  FLEX Dontayvion Wicks QB Jalen Hurts RB Saquon Barkley RB Kyren Williams TE Terrance Ferguson WR DeVonta Smith WR Jaylen Waddle WR Davante Adams,,,
1399,5269138528,LucaButt,0,94.12,DST Eagles  FLEX DeVonta Smith QB Jalen Hurts RB Saquon Barkley RB Kyren Williams TE Terrance Ferguson WR Jaylen Waddle WR Davante Adams WR Dontayvion Wicks,,,
1399,5269698876,BigCheese84,0,94.12,DST Eagles  FLEX DeVonta Smith QB Jalen Hurts RB Saquon Barkley RB Kyren Williams TE Terrance Ferguson WR Jaylen Waddle WR Davante Adams WR Dontayvion Wicks,,,
1399,5269703635,treeskin77,0,94.12,DST Eagles  FLEX Dontayvion Wicks QB Jalen Hurts RB Saquon Barkley RB Kyren Williams TE Terrance Ferguson WR DeVonta Smith WR Jaylen Waddle WR Davante Adams,,,
1399,5269718465,bowens1984,0,94.12,DST Eagles  FLEX Dontayvion Wicks QB Jalen Hurts RB Saquon Barkley RB Kyren Williams TE Terrance Ferguson WR DeVonta Smith WR Jaylen Waddle WR Davante Adams,,,
1399,5269759948,jyhgf,0,94.12,DST Eagles  FLEX Dontayvion Wicks QB Jalen Hurts RB Saquon Barkley RB Kyren Williams TE Terrance Ferguson WR DeVonta Smith WR Jaylen Waddle WR Davante Adams,,,
1399,5269926523,DurtyWurk,0,94.12,DST Eagles  FLEX Jaylen Waddle QB Jalen Hurts RB Saquon Barkley RB Kyren Williams TE Terrance Ferguson WR DeVonta Smith WR Davante Adams WR Dontayvion Wicks,,,
1399,5269930489,Chargedup42,0,94.12,DST Eagles  FLEX Dontayvion Wicks QB Jalen Hurts RB Saquon Barkley RB Kyren Williams TE Terrance Ferguson WR DeVonta Smith WR Jaylen Waddle WR Davante Adams,,,
1399,5270010445,cityofchampions15,0,94.12,DST Eagles  FLEX Dontayvion Wicks QB Jalen Hurts RB Saquon Barkley RB Kyren Williams TE Terrance Ferguson WR DeVonta Smith WR Jaylen Waddle WR Davante Adams,,,
1399,5270015564,Jsimm88,0,94.12,DST Eagles  FLEX Jaylen Waddle QB Jalen Hurts RB Saquon Barkley RB Kyren Williams TE Terrance Ferguson WR DeVonta Smith WR Davante Adams WR Dontayvion Wicks,,,
1399,5270077503,litevos,0,94.12,DST Eagles  FLEX Dontayvion Wicks QB Jalen Hurts RB Saquon Barkley RB Kyren Williams TE Terrance Ferguson WR DeVonta Smith WR Jaylen Waddle WR Davante Adams,,,
1399,5270403548,Sch00ly,0,94.12,DST Eagles  FLEX Dontayvion Wicks QB Jalen Hurts RB Saquon Barkley RB Kyren Williams TE Terrance Ferguson WR DeVonta Smith WR Jaylen Waddle WR Davante Adams,,,
1399,5270602136,Grinder1961,0,94.12,DST Eagles  FLEX Dontayvion Wicks QB Jalen Hurts RB Saquon Barkley RB Kyren Williams TE Terrance Ferguson WR DeVonta Smith WR Jaylen Waddle WR Davante Adams,,,
1399,5270655092,tomatoTim,0,94.12,DST Eagles  FLEX Jaylen Waddle QB Jalen Hurts RB Saquon Barkley RB Kyren Williams TE Terrance Ferguson WR DeVonta Smith WR Davante Adams WR Dontayvion Wicks,,,
1399,5270700964,DirtyBirdsAChirpin,0,94.12,DST Eagles  FLEX Dontayvion Wicks QB Jalen Hurts RB Saquon Barkley RB Kyren Williams TE Terrance Ferguson WR DeVonta Smith WR Jaylen Waddle WR Davante Adams,,,
1399,5270709741,AAnZZ1965,0,94.12,DST Eagles  FLEX Dontayvion Wicks QB Jalen Hurts RB Saquon Barkley RB Kyren Williams TE Terrance Ferguson WR DeVonta Smith WR Jaylen Waddle WR Davante Adams,,,
1399,5270782404,reallaker,0,94.12,DST Eagles  FLEX Dontayvion Wicks QB Jalen Hurts RB Saquon Barkley RB Kyren Williams TE Terrance Ferguson WR DeVonta Smith WR Jaylen Waddle WR Davante Adams,,,
1399,5270854157,ells1626,0,94.12,DST Eagles  FLEX Dontayvion Wicks QB Jalen Hurts RB Saquon Barkley RB Kyren Williams TE Terrance Ferguson WR DeVonta Smith WR Jaylen Waddle WR Davante Adams,,,
1399,5270918867,bapulliam1,0,94.12,DST Eagles  FLEX Dontayvion Wicks QB Jalen Hurts RB Saquon Barkley RB Kyren Williams TE Terrance Ferguson WR DeVonta Smith WR Jaylen Waddle WR Davante Adams,,,
1399,5270958045,RibsForBreakfast,0,94.12,DST Eagles  FLEX Dontayvion Wicks QB Jalen Hurts RB Saquon Barkley RB Kyren Williams TE Terrance Ferguson WR DeVonta Smith WR Jaylen Waddle WR Davante Adams,,,
1399,5271167794,crossbar501,0,94.12,DST Eagles  FLEX Dontayvion Wicks QB Jalen Hurts RB Saquon Barkley RB Kyren Williams TE Terrance Ferguson WR DeVonta Smith WR Jaylen Waddle WR Davante Adams,,,
1399,5271174414,Hambone1927,0,94.12,DST Eagles  FLEX Davante Adams QB Jalen Hurts RB Saquon Barkley RB Kyren Williams TE Terrance Ferguson WR DeVonta Smith WR Jaylen Waddle WR Dontayvion Wicks,,,
1399,5271260462,cbj25,0,94.12,DST Eagles  FLEX Dontayvion Wicks QB Jalen Hurts RB Saquon Barkley RB Kyren Williams TE Terrance Ferguson WR DeVonta Smith WR Jaylen Waddle WR Davante Adams,,,
1399,5271343773,gradyad,0,94.12,DST Eagles  FLEX Davante Adams QB Jalen Hurts RB Saquon Barkley RB Kyren Williams TE Terrance Ferguson WR DeVonta Smith WR Jaylen Waddle WR Dontayvion Wicks,,,
1399,5271373836,Leticialm6,0,94.12,DST Eagles  FLEX DeVonta Smith QB Jalen Hurts RB Saquon Barkley RB Kyren Williams TE Terrance Ferguson WR Jaylen Waddle WR Davante Adams WR Dontayvion Wicks,,,
1399,5271406097,Dsmith97,0,94.12,DST Eagles  FLEX Dontayvion Wicks QB Jalen Hurts RB Saquon Barkley RB Kyren Williams TE Terrance Ferguson WR DeVonta Smith WR Jaylen Waddle WR Davante Adams,,,
1399,5271442424,SincereAutoCare,0,94.12,DST Eagles  FLEX Davante Adams QB Jalen Hurts RB Saquon Barkley RB Kyren Williams TE Terrance Ferguson WR DeVonta Smith WR Jaylen Waddle WR Dontayvion Wicks,,,
1399,5271568577,Kingsaucey27,0,94.12,DST Eagles  FLEX Jaylen Waddle QB Jalen Hurts RB Saquon Barkley RB Kyren Williams TE Terrance Ferguson WR DeVonta Smith WR Davante Adams WR Dontayvion Wicks,,,
1399,5271650288,Mackey2015,0,94.12,DST Eagles  FLEX Davante Adams QB Jalen Hurts RB Saquon Barkley RB Kyren Williams TE Terrance Ferguson WR DeVonta Smith WR Jaylen Waddle WR Dontayvion Wicks,,,
1399,5271672924,micanians2002,0,94.12,DST Eagles  FLEX Dontayvion Wicks QB Jalen Hurts RB Saquon Barkley RB Kyren Williams TE Terrance Ferguson WR DeVonta Smith WR Jaylen Waddle WR Davante Adams,,,
1399,5271739843,lions937,0,94.12,DST Eagles  FLEX Dontayvion Wicks QB Jalen Hurts RB Saquon Barkley RB Kyren Williams TE Terrance Ferguson WR DeVonta Smith WR Jaylen Waddle WR Davante Adams,,,
1399,5271939140,tndkd,0,94.12,DST Eagles  FLEX Dontayvion Wicks QB Jalen Hurts RB Saquon Barkley RB Kyren Williams TE Terrance Ferguson WR DeVonta Smith WR Jaylen Waddle WR Davante Adams,,,
1399,5271945846,coachnewt1,0,94.12,DST Eagles  FLEX Dontayvion Wicks QB Jalen Hurts RB Saquon Barkley RB Kyren Williams TE Terrance Ferguson WR DeVonta Smith WR Jaylen Waddle WR Davante Adams,,,
1399,5272011842,NYC1919,0,94.12,DST Eagles  FLEX DeVonta Smith QB Jalen Hurts RB Saquon Barkley RB Kyren Williams TE Terrance Ferguson WR Jaylen Waddle WR Davante Adams WR Dontayvion Wicks,,,
1399,5272064015,Booshea,0,94.12,DST Eagles  FLEX Jaylen Waddle QB Jalen Hurts RB Saquon Barkley RB Kyren Williams TE Terrance Ferguson WR DeVonta Smith WR Davante Adams WR Dontayvion Wicks,,,
1399,5272092976,N-Money82,0,94.12,DST Eagles  FLEX Dontayvion Wicks QB Jalen Hurts RB Saquon Barkley RB Kyren Williams TE Terrance Ferguson WR DeVonta Smith WR Jaylen Waddle WR Davante Adams,,,
1399,5272099082,zerobuff,0,94.12,DST Eagles  FLEX Dontayvion Wicks QB Jalen Hurts RB Saquon Barkley RB Kyren Williams TE Terrance Ferguson WR DeVonta Smith WR Jaylen Waddle WR Davante Adams,,,
1399,5272325342,clhj,0,94.12,DST Eagles  FLEX Dontayvion Wicks QB Jalen Hurts RB Saquon Barkley RB Kyren Williams TE Terrance Ferguson WR DeVonta Smith WR Jaylen Waddle WR Davante Adams,,,
1399,5272373488,cristianbita,0,94.12,DST Eagles  FLEX Dontayvion Wicks QB Jalen Hurts RB Saquon Barkley RB Kyren Williams TE Terrance Ferguson WR DeVonta Smith WR Jaylen Waddle WR Davante Adams,,,
1399,5272453295,mck1960,0,94.12,DST Eagles  FLEX DeVonta Smith QB Jalen Hurts RB Saquon Barkley RB Kyren Williams TE Terrance Ferguson WR Jaylen Waddle WR Davante Adams WR Dontayvion Wicks,,,
1399,5272627554,phalluspilsnermaker,0,94.12,DST Eagles  FLEX DeVonta Smith QB Jalen Hurts RB Saquon Barkley RB Kyren Williams TE Terrance Ferguson WR Jaylen Waddle WR Davante Adams WR Dontayvion Wicks,,,
1399,5272697043,bulldawgs1969,0,94.12,DST Eagles  FLEX Dontayvion Wicks QB Jalen Hurts RB Saquon Barkley RB Kyren Williams TE Terrance Ferguson WR DeVonta Smith WR Jaylen Waddle WR Davante Adams,,,
1399,5272762009,bighitfrom20,0,94.12,DST Eagles  FLEX Dontayvion Wicks QB Jalen Hurts RB Saquon Barkley RB Kyren Williams TE Terrance Ferguson WR DeVonta Smith WR Jaylen Waddle WR Davante Adams,,,
1399,5272950780,jimmyb01938,0,94.12,DST Eagles  FLEX Jaylen Waddle QB Jalen Hurts RB Saquon Barkley RB Kyren Williams TE Terrance Ferguson WR DeVonta Smith WR Davante Adams WR Dontayvion Wicks,,,
1399,5273032988,selmade,0,94.12,DST Eagles  FLEX Dontayvion Wicks QB Jalen Hurts RB Saquon Barkley RB Kyren Williams TE Terrance Ferguson WR DeVonta Smith WR Jaylen Waddle WR Davante Adams,,,
1399,5273205701,DomingoSalvajeS,0,94.12,DST Eagles  FLEX Dontayvion Wicks QB Jalen Hurts RB Saquon Barkley RB Kyren Williams TE Terrance Ferguson WR DeVonta Smith WR Jaylen Waddle WR Davante Adams,,,
1399,5273210890,Yeestermeister,0,94.12,DST Eagles  FLEX Dontayvion Wicks QB Jalen Hurts RB Saquon Barkley RB Kyren Williams TE Terrance Ferguson WR DeVonta Smith WR Jaylen Waddle WR Davante Adams,,,
1399,5273263680,TheJokesOnU,0,94.12,DST Eagles  FLEX Jaylen Waddle QB Jalen Hurts RB Saquon Barkley RB Kyren Williams TE Terrance Ferguson WR DeVonta Smith WR Davante Adams WR Dontayvion Wicks,,,
1399,5273267960,Knucklebabies,0,94.12,DST Eagles  FLEX DeVonta Smith QB Jalen Hurts RB Saquon Barkley RB Kyren Williams TE Terrance Ferguson WR Jaylen Waddle WR Davante Adams WR Dontayvion Wicks,,,
1399,5273270280,razorback99,0,94.12,DST Eagles  FLEX Dontayvion Wicks QB Jalen Hurts RB Saquon Barkley RB Kyren Williams TE Terrance Ferguson WR DeVonta Smith WR Jaylen Waddle WR Davante Adams,,,
1399,5273299622,BudLeeOne,0,94.12,DST Eagles  FLEX Dontayvion Wicks QB Jalen Hurts RB Saquon Barkley RB Kyren Williams TE Terrance Ferguson WR DeVonta Smith WR Jaylen Waddle WR Davante Adams,,,
1399,5273320536,FunkyKong,0,94.12,DST Eagles  FLEX Dontayvion Wicks QB Jalen Hurts RB Saquon Barkley RB Kyren Williams TE Terrance Ferguson WR DeVonta Smith WR Jaylen Waddle WR Davante Adams,,,
1399,5273430614,T2012,0,94.12,DST Eagles  FLEX Dontayvion Wicks QB Jalen Hurts RB Saquon Barkley RB Kyren Williams TE Terrance Ferguson WR DeVonta Smith WR Jaylen Waddle WR Davante Adams,,,
1399,5273466286,jgpackerfan1,0,94.12,DST Eagles  FLEX Davante Adams QB Jalen Hurts RB Saquon Barkley RB Kyren Williams TE Terrance Ferguson WR DeVonta Smith WR Jaylen Waddle WR Dontayvion Wicks,,,
1399,5273503733,freedom2dfs,0,94.12,DST Eagles  FLEX DeVonta Smith QB Jalen Hurts RB Saquon Barkley RB Kyren Williams TE Terrance Ferguson WR Jaylen Waddle WR Davante Adams WR Dontayvion Wicks,,,
1399,5273515515,jpc2004,0,94.12,DST Eagles  FLEX Jaylen Waddle QB Jalen Hurts RB Saquon Barkley RB Kyren Williams TE Terrance Ferguson WR DeVonta Smith WR Davante Adams WR Dontayvion Wicks,,,
1399,5273541002,ejohnson01,0,94.12,DST Eagles  FLEX Dontayvion Wicks QB Jalen Hurts RB Saquon Barkley RB Kyren Williams TE Terrance Ferguson WR DeVonta Smith WR Jaylen Waddle WR Davante Adams,,,
1399,5273548900,dcw331,0,94.12,DST Eagles  FLEX Dontayvion Wicks QB Jalen Hurts RB Saquon Barkley RB Kyren Williams TE Terrance Ferguson WR DeVonta Smith WR Jaylen Waddle WR Davante Adams,,,
1399,5273561531,zwack222,0,94.12,DST Eagles  FLEX Dontayvion Wicks QB Jalen Hurts RB Saquon Barkley RB Kyren Williams TE Terrance Ferguson WR DeVonta Smith WR Jaylen Waddle WR Davante Adams,,,
1399,5273561789,Sheenah,0,94.12,DST Eagles  FLEX Dontayvion Wicks QB Jalen Hurts RB Saquon Barkley RB Kyren Williams TE Terrance Ferguson WR DeVonta Smith WR Jaylen Waddle WR Davante Adams,,,
1399,5273565285,DDEMERIT3,0,94.12,DST Eagles  FLEX DeVonta Smith QB Jalen Hurts RB Saquon Barkley RB Kyren Williams TE Terrance Ferguson WR Jaylen Waddle WR Davante Adams WR Dontayvion Wicks,,,
1399,5273569190,deckdaddy,0,94.12,DST Eagles  FLEX DeVonta Smith QB Jalen Hurts RB Saquon Barkley RB Kyren Williams TE Terrance Ferguson WR Jaylen Waddle WR Davante Adams WR Dontayvion Wicks,,,
1399,5273570195,bucs65,0,94.12,DST Eagles  FLEX Dontayvion Wicks QB Jalen Hurts RB Saquon Barkley RB Kyren Williams TE Terrance Ferguson WR DeVonta Smith WR Jaylen Waddle WR Davante Adams,,,
1399,5273571297,Clutchtrain,0,94.12,DST Eagles  FLEX Dontayvion Wicks QB Jalen Hurts RB Saquon Barkley RB Kyren Williams TE Terrance Ferguson WR DeVonta Smith WR Jaylen Waddle WR Davante Adams,,,
1399,5273574099,bobross58,0,94.12,DST Eagles  FLEX DeVonta Smith QB Jalen Hurts RB Saquon Barkley RB Kyren Williams TE Terrance Ferguson WR Jaylen Waddle WR Davante Adams WR Dontayvion Wicks,,,
1399,5273589530,Bitsy820s,0,94.12,DST Eagles  FLEX DeVonta Smith QB Jalen Hurts RB Saquon Barkley RB Kyren Williams TE Terrance Ferguson WR Jaylen Waddle WR Davante Adams WR Dontayvion Wicks,,,
1399,5273595252,TheLand91,0,94.12,DST Eagles  FLEX Dontayvion Wicks QB Jalen Hurts RB Saquon Barkley RB Kyren Williams TE Terrance Ferguson WR DeVonta Smith WR Jaylen Waddle WR Davante Adams,,,
1399,5273597382,Aaronou,0,94.12,DST Eagles  FLEX DeVonta Smith QB Jalen Hurts RB Saquon Barkley RB Kyren Williams TE Terrance Ferguson WR Jaylen Waddle WR Davante Adams WR Dontayvion Wicks,,,
1399,5273615635,BadMOFO55,0,94.12,DST Eagles  FLEX Dontayvion Wicks QB Jalen Hurts RB Saquon Barkley RB Kyren Williams TE Terrance Ferguson WR DeVonta Smith WR Jaylen Waddle WR Davante Adams,,,
1399,5273623396,gotitdone,0,94.12,DST Eagles  FLEX DeVonta Smith QB Jalen Hurts RB Saquon Barkley RB Kyren Williams TE Terrance Ferguson WR Jaylen Waddle WR Davante Adams WR Dontayvion Wicks,,,
1399,5273630645,jik18,0,94.12,DST Eagles  FLEX DeVonta Smith QB Jalen Hurts RB Saquon Barkley RB Kyren Williams TE Terrance Ferguson WR Jaylen Waddle WR Davante Adams WR Dontayvion Wicks,,,
1399,5273645814,owllover77,0,94.12,DST Eagles  FLEX DeVonta Smith QB Jalen Hurts RB Saquon Barkley RB Kyren Williams TE Terrance Ferguson WR Jaylen Waddle WR Davante Adams WR Dontayvion Wicks,,,
1399,5273652045,janxon007,0,94.12,DST Eagles  FLEX Dontayvion Wicks QB Jalen Hurts RB Saquon Barkley RB Kyren Williams TE Terrance Ferguson WR DeVonta Smith WR Jaylen Waddle WR Davante Adams,,,
1399,5273680174,earthdog64,0,94.12,DST Eagles  FLEX DeVonta Smith QB Jalen Hurts RB Saquon Barkley RB Kyren Williams TE Terrance Ferguson WR Jaylen Waddle WR Davante Adams WR Dontayvion Wicks,,,
1399,5273684411,cdhouser,0,94.12,DST Eagles  FLEX Dontayvion Wicks QB Jalen Hurts RB Saquon Barkley RB Kyren Williams TE Terrance Ferguson WR DeVonta Smith WR Jaylen Waddle WR Davante Adams,,,
1399,5273694317,geecentercity,0,94.12,DST Eagles  FLEX Dontayvion Wicks QB Jalen Hurts RB Saquon Barkley RB Kyren Williams TE Terrance Ferguson WR DeVonta Smith WR Jaylen Waddle WR Davante Adams,,,
1399,5273703645,heavyg707,0,94.12,DST Eagles  FLEX Davante Adams QB Jalen Hurts RB Saquon Barkley RB Kyren Williams TE Terrance Ferguson WR DeVonta Smith WR Jaylen Waddle WR Dontayvion Wicks,,,
1399,5273707251,50265Hawkeye,0,94.12,DST Eagles  FLEX Dontayvion Wicks QB Jalen Hurts RB Saquon Barkley RB Kyren Williams TE Terrance Ferguson WR DeVonta Smith WR Jaylen Waddle WR Davante Adams,,,
1399,5273718017,Mtrainor6,0,94.12,DST Eagles  FLEX Jaylen Waddle QB Jalen Hurts RB Saquon Barkley RB Kyren Williams TE Terrance Ferguson WR DeVonta Smith WR Davante Adams WR Dontayvion Wicks,,,
1399,5273718313,bigjay1239,0,94.12,DST Eagles  FLEX DeVonta Smith QB Jalen Hurts RB Saquon Barkley RB Kyren Williams TE Terrance Ferguson WR Jaylen Waddle WR Davante Adams WR Dontayvion Wicks,,,
1399,5273752746,jimtheo,0,94.12,DST Eagles  FLEX DeVonta Smith QB Jalen Hurts RB Saquon Barkley RB Kyren Williams TE Terrance Ferguson WR Jaylen Waddle WR Davante Adams WR Dontayvion Wicks,,,
1399,5273769066,sharkmac2,0,94.12,DST Eagles  FLEX Dontayvion Wicks QB Jalen Hurts RB Saquon Barkley RB Kyren Williams TE Terrance Ferguson WR DeVonta Smith WR Jaylen Waddle WR Davante Adams,,,
1399,5273775493,jcdallas68,0,94.12,DST Eagles  FLEX Dontayvion Wicks QB Jalen Hurts RB Saquon Barkley RB Kyren Williams TE Terrance Ferguson WR DeVonta Smith WR Jaylen Waddle WR Davante Adams,,,
1399,5273779362,swany28,0,94.12,DST Eagles  FLEX DeVonta Smith QB Jalen Hurts RB Saquon Barkley RB Kyren Williams TE Terrance Ferguson WR Jaylen Waddle WR Davante Adams WR Dontayvion Wicks,,,
1399,5273790223,mikeo3,0,94.12,DST Eagles  FLEX Jaylen Waddle QB Jalen Hurts RB Saquon Barkley RB Kyren Williams TE Terrance Ferguson WR DeVonta Smith WR Davante Adams WR Dontayvion Wicks,,,
1399,5273802427,ironmelon,0,94.12,DST Eagles  FLEX Dontayvion Wicks QB Jalen Hurts RB Saquon Barkley RB Kyren Williams TE Terrance Ferguson WR DeVonta Smith WR Jaylen Waddle WR Davante Adams,,,
1399,5273814112,rwdw0822,0,94.12,DST Eagles  FLEX Dontayvion Wicks QB Jalen Hurts RB Saquon Barkley RB Kyren Williams TE Terrance Ferguson WR DeVonta Smith WR Jaylen Waddle WR Davante Adams,,,
1399,5273832698,TWOPTS,0,94.12,DST Eagles  FLEX Dontayvion Wicks QB Jalen Hurts RB Saquon Barkley RB Kyren Williams TE Terrance Ferguson WR DeVonta Smith WR Jaylen Waddle WR Davante Adams,,,
1399,5273844602,TROCCO19,0,94.12,DST Eagles  FLEX Dontayvion Wicks QB Jalen Hurts RB Saquon Barkley RB Kyren Williams TE Terrance Ferguson WR DeVonta Smith WR Jaylen Waddle WR Davante Adams,,,
1399,5273851433,Hera88,0,94.12,DST Eagles  FLEX Dontayvion Wicks QB Jalen Hurts RB Saquon Barkley RB Kyren Williams TE Terrance Ferguson WR DeVonta Smith WR Jaylen Waddle WR Davante Adams,,,
1399,5273862102,EManin,0,94.12,DST Eagles  FLEX Jaylen Waddle QB Jalen Hurts RB Saquon Barkley RB Kyren Williams TE Terrance Ferguson WR DeVonta Smith WR Davante Adams WR Dontayvion Wicks,,,
1399,5273891594,sohn7,0,94.12,DST Eagles  FLEX Dontayvion Wicks QB Jalen Hurts RB Saquon Barkley RB Kyren Williams TE Terrance Ferguson WR DeVonta Smith WR Jaylen Waddle WR Davante Adams,,,
1399,5273906318,nygfan40,0,94.12,DST Eagles  FLEX Dontayvion Wicks QB Jalen Hurts RB Saquon Barkley RB Kyren Williams TE Terrance Ferguson WR DeVonta Smith WR Jaylen Waddle WR Davante Adams,,,
1399,5273914316,thefogducker,0,94.12,DST Eagles  FLEX Dontayvion Wicks QB Jalen Hurts RB Saquon Barkley RB Kyren Williams TE Terrance Ferguson WR DeVonta Smith WR Jaylen Waddle WR Davante Adams,,,
1399,5273916957,darkness63383,0,94.12,DST Eagles  FLEX DeVonta Smith QB Jalen Hurts RB Saquon Barkley RB Kyren Williams TE Terrance Ferguson WR Jaylen Waddle WR Davante Adams WR Dontayvion Wicks,,,
1399,5273918051,Huskers61,0,94.12,DST Eagles  FLEX Dontayvion Wicks QB Jalen Hurts RB Saquon Barkley RB Kyren Williams TE Terrance Ferguson WR DeVonta Smith WR Jaylen Waddle WR Davante Adams,,,
1399,5273947940,HarryHood555,0,94.12,DST Eagles  FLEX DeVonta Smith QB Jalen Hurts RB Saquon Barkley RB Kyren Williams TE Terrance Ferguson WR Jaylen Waddle WR Davante Adams WR Dontayvion Wicks,,,
1399,5273949174,feta95,0,94.12,DST Eagles  FLEX Dontayvion Wicks QB Jalen Hurts RB Saquon Barkley RB Kyren Williams TE Terrance Ferguson WR DeVonta Smith WR Jaylen Waddle WR Davante Adams,,,
1399,5273979223,j_kandrach,0,94.12,DST Eagles  FLEX Dontayvion Wicks QB Jalen Hurts RB Saquon Barkley RB Kyren Williams TE Terrance Ferguson WR DeVonta Smith WR Jaylen Waddle WR Davante Adams,,,
1399,5273986341,bayboychiefs,0,94.12,DST Eagles  FLEX Dontayvion Wicks QB Jalen Hurts RB Saquon Barkley RB Kyren Williams TE Terrance Ferguson WR DeVonta Smith WR Jaylen Waddle WR Davante Adams,,,
1399,5273991282,slickvicst8rbizkits,0,94.12,DST Eagles  FLEX Dontayvion Wicks QB Jalen Hurts RB Saquon Barkley RB Kyren Williams TE Terrance Ferguson WR DeVonta Smith WR Jaylen Waddle WR Davante Adams,,,
1399,5273999855,Woods24,0,94.12,DST Eagles  FLEX DeVonta Smith QB Jalen Hurts RB Saquon Barkley RB Kyren Williams TE Terrance Ferguson WR Jaylen Waddle WR Davante Adams WR Dontayvion Wicks,,,
1399,5274008026,carptownbandits,0,94.12,DST Eagles  FLEX Jaylen Waddle QB Jalen Hurts RB Saquon Barkley RB Kyren Williams TE Terrance Ferguson WR DeVonta Smith WR Davante Adams WR Dontayvion Wicks,,,
1399,5274010755,nyrblue,0,94.12,DST Eagles  FLEX Dontayvion Wicks QB Jalen Hurts RB Saquon Barkley RB Kyren Williams TE Terrance Ferguson WR DeVonta Smith WR Jaylen Waddle WR Davante Adams,,,
1399,5274020323,bluerayburn11,0,94.12,DST Eagles  FLEX Jaylen Waddle QB Jalen Hurts RB Saquon Barkley RB Kyren Williams TE Terrance Ferguson WR DeVonta Smith WR Davante Adams WR Dontayvion Wicks,,,
1399,5274037792,Gordon24Elliott,0,94.12,DST Eagles  FLEX Dontayvion Wicks QB Jalen Hurts RB Saquon Barkley RB Kyren Williams TE Terrance Ferguson WR DeVonta Smith WR Jaylen Waddle WR Davante Adams,,,
1399,5274044523,sham21,0,94.12,DST Eagles  FLEX Dontayvion Wicks QB Jalen Hurts RB Saquon Barkley RB Kyren Williams TE Terrance Ferguson WR DeVonta Smith WR Jaylen Waddle WR Davante Adams,,,
1399,5274048975,gitsum40,0,94.12,DST Eagles  FLEX Dontayvion Wicks QB Jalen Hurts RB Saquon Barkley RB Kyren Williams TE Terrance Ferguson WR DeVonta Smith WR Jaylen Waddle WR Davante Adams,,,
1399,5274049822,LOKIMAN,0,94.12,DST Eagles  FLEX DeVonta Smith QB Jalen Hurts RB Saquon Barkley RB Kyren Williams TE Terrance Ferguson WR Jaylen Waddle WR Davante Adams WR Dontayvion Wicks,,,
1399,5274061157,MikeyMcGridiron,0,94.12,DST Eagles  FLEX Dontayvion Wicks QB Jalen Hurts RB Saquon Barkley RB Kyren Williams TE Terrance Ferguson WR DeVonta Smith WR Jaylen Waddle WR Davante Adams,,,
1399,5274062737,Yooper247,0,94.12,DST Eagles  FLEX Jaylen Waddle QB Jalen Hurts RB Saquon Barkley RB Kyren Williams TE Terrance Ferguson WR DeVonta Smith WR Davante Adams WR Dontayvion Wicks,,,
1399,5274068698,Bulldawg633,0,94.12,DST Eagles  FLEX DeVonta Smith QB Jalen Hurts RB Saquon Barkley RB Kyren Williams TE Terrance Ferguson WR Jaylen Waddle WR Davante Adams WR Dontayvion Wicks,,,
1399,5274074423,Deondree,0,94.12,DST Eagles  FLEX Jaylen Waddle QB Jalen Hurts RB Saquon Barkley RB Kyren Williams TE Terrance Ferguson WR DeVonta Smith WR Davante Adams WR Dontayvion Wicks,,,
1399,5274078721,Killakam35,0,94.12,DST Eagles  FLEX Dontayvion Wicks QB Jalen Hurts RB Saquon Barkley RB Kyren Williams TE Terrance Ferguson WR DeVonta Smith WR Jaylen Waddle WR Davante Adams,,,
1399,5274090369,RJ_Noles,0,94.12,DST Eagles  FLEX Dontayvion Wicks QB Jalen Hurts RB Saquon Barkley RB Kyren Williams TE Terrance Ferguson WR DeVonta Smith WR Jaylen Waddle WR Davante Adams,,,
1399,5274091758,Diplomat,0,94.12,DST Eagles  FLEX DeVonta Smith QB Jalen Hurts RB Saquon Barkley RB Kyren Williams TE Terrance Ferguson WR Jaylen Waddle WR Davante Adams WR Dontayvion Wicks,,,
1399,5274092104,elrey21pr,0,94.12,DST Eagles  FLEX Jaylen Waddle QB Jalen Hurts RB Saquon Barkley RB Kyren Williams TE Terrance Ferguson WR DeVonta Smith WR Davante Adams WR Dontayvion Wicks,,,
1399,5274092432,LandDragon1980,0,94.12,DST Eagles  FLEX DeVonta Smith QB Jalen Hurts RB Saquon Barkley RB Kyren Williams TE Terrance Ferguson WR Jaylen Waddle WR Davante Adams WR Dontayvion Wicks,,,
1399,5274103034,jhams,0,94.12,DST Eagles  FLEX Davante Adams QB Jalen Hurts RB Saquon Barkley RB Kyren Williams TE Terrance Ferguson WR DeVonta Smith WR Jaylen Waddle WR Dontayvion Wicks,,,
1399,5274104062,boyznbleu7,0,94.12,DST Eagles  FLEX Dontayvion Wicks QB Jalen Hurts RB Saquon Barkley RB Kyren Williams TE Terrance Ferguson WR DeVonta Smith WR Jaylen Waddle WR Davante Adams,,,
1399,5274106895,lovemesomeme67,0,94.12,DST Eagles  FLEX Dontayvion Wicks QB Jalen Hurts RB Saquon Barkley RB Kyren Williams TE Terrance Ferguson WR DeVonta Smith WR Jaylen Waddle WR Davante Adams,,,
1399,5274108652,TommyGavin911,0,94.12,DST Eagles  FLEX Dontayvion Wicks QB Jalen Hurts RB Saquon Barkley RB Kyren Williams TE Terrance Ferguson WR DeVonta Smith WR Jaylen Waddle WR Davante Adams,,,
1399,5274111875,WALTERABRAMS,0,94.12,DST Eagles  FLEX Jaylen Waddle QB Jalen Hurts RB Saquon Barkley RB Kyren Williams TE Terrance Ferguson WR DeVonta Smith WR Davante Adams WR Dontayvion Wicks,,,
1399,5274116049,Coachbox,0,94.12,DST Eagles  FLEX Dontayvion Wicks QB Jalen Hurts RB Saquon Barkley RB Kyren Williams TE Terrance Ferguson WR DeVonta Smith WR Jaylen Waddle WR Davante Adams,,,
1399,5274116498,jeffma,0,94.12,DST Eagles  FLEX DeVonta Smith QB Jalen Hurts RB Saquon Barkley RB Kyren Williams TE Terrance Ferguson WR Jaylen Waddle WR Davante Adams WR Dontayvion Wicks,,,
1399,5274116834,corckp1020,0,94.12,DST Eagles  FLEX DeVonta Smith QB Jalen Hurts RB Saquon Barkley RB Kyren Williams TE Terrance Ferguson WR Jaylen Waddle WR Davante Adams WR Dontayvion Wicks,,,
1399,5274116890,Mtom347,0,94.12,DST Eagles  FLEX Dontayvion Wicks QB Jalen Hurts RB Saquon Barkley RB Kyren Williams TE Terrance Ferguson WR DeVonta Smith WR Jaylen Waddle WR Davante Adams,,,
1399,5274120197,coyazoj,0,94.12,DST Eagles  FLEX DeVonta Smith QB Jalen Hurts RB Saquon Barkley RB Kyren Williams TE Terrance Ferguson WR Jaylen Waddle WR Davante Adams WR Dontayvion Wicks,,,
1399,5274122174,leo2828,0,94.12,DST Eagles  FLEX Dontayvion Wicks QB Jalen Hurts RB Saquon Barkley RB Kyren Williams TE Terrance Ferguson WR DeVonta Smith WR Jaylen Waddle WR Davante Adams,,,
1399,5274124307,Coapp1,0,94.12,DST Eagles  FLEX Dontayvion Wicks QB Jalen Hurts RB Saquon Barkley RB Kyren Williams TE Terrance Ferguson WR DeVonta Smith WR Jaylen Waddle WR Davante Adams,,,
1399,5274125696,Handcuff2006,0,94.12,DST Eagles  FLEX DeVonta Smith QB Jalen Hurts RB Saquon Barkley RB Kyren Williams TE Terrance Ferguson WR Jaylen Waddle WR Davante Adams WR Dontayvion Wicks,,,
1399,5274127105,JoeyEbal,0,94.12,DST Eagles  FLEX Dontayvion Wicks QB Jalen Hurts RB Saquon Barkley RB Kyren Williams TE Terrance Ferguson WR DeVonta Smith WR Jaylen Waddle WR Davante Adams,,,
1399,5274130409,blackjackbuc,0,94.12,DST Eagles  FLEX DeVonta Smith QB Jalen Hurts RB Saquon Barkley RB Kyren Williams TE Terrance Ferguson WR Jaylen Waddle WR Davante Adams WR Dontayvion Wicks,,,
1399,5274136822,onemanwolfpack10,0,94.12,DST Eagles  FLEX Dontayvion Wicks QB Jalen Hurts RB Saquon Barkley RB Kyren Williams TE Terrance Ferguson WR DeVonta Smith WR Jaylen Waddle WR Davante Adams,,,
1399,5274138990,NATION81,0,94.12,DST Eagles  FLEX DeVonta Smith QB Jalen Hurts RB Saquon Barkley RB Kyren Williams TE Terrance Ferguson WR Jaylen Waddle WR Davante Adams WR Dontayvion Wicks,,,
1399,5274140770,MenaceBeach,0,94.12,DST Eagles  FLEX DeVonta Smith QB Jalen Hurts RB Saquon Barkley RB Kyren Williams TE Terrance Ferguson WR Jaylen Waddle WR Davante Adams WR Dontayvion Wicks,,,
1537,5268898666,Patsgirl2230,0,94.020004,DST Eagles  FLEX Davante Adams QB Jalen Hurts RB D'Andre Swift RB Kyren Williams TE Cole Kmet WR DeVonta Smith WR Jaylen Waddle WR Dontayvion Wicks,,,
1537,5269100458,cantrelljohnson,0,94.020004,DST Eagles  FLEX Davante Adams QB Jalen Hurts RB D'Andre Swift RB Kyren Williams TE Evan Engram WR DeVonta Smith WR Jaylen Waddle WR Dontayvion Wicks,,,
1537,5269718190,ronmexicoburgundy,0,94.020004,DST Eagles  FLEX DeVonta Smith QB Jalen Hurts RB D'Andre Swift RB Kyren Williams TE Evan Engram WR Jaylen Waddle WR Davante Adams WR Dontayvion Wicks,,,
1537,5270215424,slowhand1957,0,94.020004,DST Eagles  FLEX Jaylen Waddle QB Jalen Hurts RB D'Andre Swift RB Kyren Williams TE Evan Engram WR DeVonta Smith WR Davante Adams WR Dontayvion Wicks,,,
1537,5270853330,emily.dreamtime,0,94.020004,DST Eagles  FLEX Davante Adams QB Jalen Hurts RB D'Andre Swift RB Kyren Williams TE Evan Engram WR DeVonta Smith WR Jaylen Waddle WR Dontayvion Wicks,,,
1537,5271782872,jblaze999,0,94.020004,DST Eagles  FLEX Dontayvion Wicks QB Jalen Hurts RB D'Andre Swift RB Kyren Williams TE Evan Engram WR DeVonta Smith WR Jaylen Waddle WR Davante Adams,,,
1537,5271949864,jinxx8,0,94.020004,DST Eagles  FLEX Jaylen Waddle QB Jalen Hurts RB D'Andre Swift RB Kyren Williams TE Evan Engram WR DeVonta Smith WR Davante Adams WR Dontayvion Wicks,,,
1537,5272485615,bigjoecap,0,94.020004,DST Eagles  FLEX Dontayvion Wicks QB Jalen Hurts RB D'Andre Swift RB Kyren Williams TE Evan Engram WR DeVonta Smith WR Jaylen Waddle WR Davante Adams,,,
1537,5272785372,trevasaurusrex,0,94.020004,DST Eagles  FLEX Davante Adams QB Jalen Hurts RB D'Andre Swift RB Kyren Williams TE Cole Kmet WR DeVonta Smith WR Jaylen Waddle WR Dontayvion Wicks,,,
1537,5272967980,killerbeez,0,94.020004,DST Eagles  FLEX Davante Adams QB Jalen Hurts RB D'Andre Swift RB Kyren Williams TE Evan Engram WR DeVonta Smith WR Jaylen Waddle WR Dontayvion Wicks,,,
1537,5273401074,J-Law87,0,94.020004,DST Eagles  FLEX Jaylen Waddle QB Jalen Hurts RB D'Andre Swift RB Kyren Williams TE Evan Engram WR DeVonta Smith WR Davante Adams WR Dontayvion Wicks,,,
1537,5273481197,rachel_f99,0,94.020004,DST Eagles  FLEX DeVonta Smith QB Jalen Hurts RB D'Andre Swift RB Kyren Williams TE Colby Parkinson WR Jaylen Waddle WR Davante Adams WR Dontayvion Wicks,,,
1537,5273495249,cmoney25,0,94.020004,DST Eagles  FLEX Jaylen Waddle QB Jalen Hurts RB D'Andre Swift RB Kyren Williams TE Colby Parkinson WR DeVonta Smith WR Davante Adams WR Dontayvion Wicks,,,
1537,5273525823,CDUB300,0,94.020004,DST Eagles  FLEX DeVonta Smith QB Jalen Hurts RB D'Andre Swift RB Kyren Williams TE Evan Engram WR Jaylen Waddle WR Davante Adams WR Dontayvion Wicks,,,
1537,5273597105,MCCAF,0,94.020004,DST Eagles  FLEX DeVonta Smith QB Jalen Hurts RB D'Andre Swift RB Kyren Williams TE Evan Engram WR Jaylen Waddle WR Davante Adams WR Dontayvion Wicks,,,
1537,5273667726,matthewjosephbradley,0,94.020004,DST Eagles  FLEX Jaylen Waddle QB Jalen Hurts RB D'Andre Swift RB Kyren Williams TE Evan Engram WR DeVonta Smith WR Davante Adams WR Dontayvion Wicks,,,
1537,5273687367,YoDoggs,0,94.020004,DST Eagles  FLEX Dontayvion Wicks QB Jalen Hurts RB D'Andre Swift RB Kyren Williams TE Colby Parkinson WR DeVonta Smith WR Jaylen Waddle WR Davante Adams,,,
1537,5273737039,BtheSportsGuy,0,94.020004,DST Eagles  FLEX Dontayvion Wicks QB Jalen Hurts RB D'Andre Swift RB Kyren Williams TE Evan Engram WR DeVonta Smith WR Jaylen Waddle WR Davante Adams,,,
1537,5273759197,Mazeblue30,0,94.020004,DST Eagles  FLEX Jaylen Waddle QB Jalen Hurts RB D'Andre Swift RB Kyren Williams TE Evan Engram WR DeVonta Smith WR Davante Adams WR Dontayvion Wicks,,,
1537,5273823797,flexantexan,0,94.020004,DST Eagles  FLEX Davante Adams QB Jalen Hurts RB D'Andre Swift RB Kyren Williams TE Evan Engram WR DeVonta Smith WR Jaylen Waddle WR Dontayvion Wicks,,,
1537,5273846845,bigmitch1990,0,94.020004,DST Eagles  FLEX Jaylen Waddle QB Jalen Hurts RB D'Andre Swift RB Kyren Williams TE Evan Engram WR DeVonta Smith WR Davante Adams WR Dontayvion Wicks,,,
1537,5273898319,drakeydrake23,0,94.020004,DST Eagles  FLEX DeVonta Smith QB Jalen Hurts RB D'Andre Swift RB Kyren Williams TE Evan Engram WR Jaylen Waddle WR Davante Adams WR Dontayvion Wicks,,,
1537,5273929859,Smoakster,0,94.020004,DST Eagles  FLEX Jaylen Waddle QB Jalen Hurts RB D'Andre Swift RB Kyren Williams TE Evan Engram WR DeVonta Smith WR Davante Adams WR Dontayvion Wicks,,,
1537,5273935676,TrojanMom85,0,94.020004,DST Eagles  FLEX Davante Adams QB Jalen Hurts RB D'Andre Swift RB Kyren Williams TE Evan Engram WR DeVonta Smith WR Jaylen Waddle WR Dontayvion Wicks,,,
1537,5273946185,gpatnod,0,94.020004,DST Eagles  FLEX Davante Adams QB Jalen Hurts RB D'Andre Swift RB Kyren Williams TE Evan Engram WR DeVonta Smith WR Jaylen Waddle WR Dontayvion Wicks,,,
1537,5273975286,gnim,0,94.020004,DST Eagles  FLEX DeVonta Smith QB Jalen Hurts RB D'Andre Swift RB Kyren Williams TE Evan Engram WR Jaylen Waddle WR Davante Adams WR Dontayvion Wicks,,,
1537,5274001250,larryhaberle,0,94.020004,DST Eagles  FLEX Davante Adams QB Jalen Hurts RB D'Andre Swift RB Kyren Williams TE Evan Engram WR DeVonta Smith WR Jaylen Waddle WR Dontayvion Wicks,,,
1537,5274116438,Kronzilla,0,94.020004,DST Eagles  FLEX DeVonta Smith QB Jalen Hurts RB D'Andre Swift RB Kyren Williams TE Evan Engram WR Jaylen Waddle WR Davante Adams WR Dontayvion Wicks,,,
1565,5273036321,datyoungreezy,0,93.92,DST Rams  FLEX D'Andre Swift QB Jalen Hurts RB Kyren Williams RB Kyle Monangai TE Zach Ertz WR DeVonta Smith WR Luther Burden III WR Rome Odunze,,,
1566,5269647997,tramirez0311,0,93.82,DST Eagles  FLEX DeVonta Smith QB Jalen Hurts RB Kyren Williams RB Blake Corum TE Colston Loveland WR Jaylen Waddle WR Davante Adams WR Dontayvion Wicks,,,
1566,5274146197,footballs12,0,93.82,DST Eagles  FLEX Jaylen Waddle QB Jalen Hurts RB Saquon Barkley RB Kyren Williams TE Terrance Ferguson WR DeVonta Smith WR Courtland Sutton WR Kalif Raymond,,,
1568,5269095111,bbehnke20,0,93.74,DST Bears  FLEX D'Andre Swift QB Bo Nix RB J.K. Dobbins RB Blake Corum TE Evan Engram WR Rome Odunze WR Courtland Sutton WR Kalif Raymond,,,
1569,5273730517,CrucialConflict74,0,93.72001,DST Eagles  FLEX D'Andre Swift QB Jalen Hurts RB Kyren Williams RB Blake Corum TE Johnny Mundt WR DeVonta Smith WR Jaylen Waddle WR Davante Adams,,,
1569,5270935444,tiger-1961,0,93.72,DST Rams  FLEX D'Andre Swift QB Jalen Hurts RB Kyren Williams RB Kyle Monangai TE Evan Engram WR DeVonta Smith WR Davante Adams WR Dontayvion Wicks,,,
1569,5272044289,Mulligan4J,0,93.72,DST Rams  FLEX D'Andre Swift QB Jalen Hurts RB Saquon Barkley RB Kyren Williams TE Terrance Ferguson WR Jaylen Waddle WR Luther Burden III WR Rome Odunze,,,
1569,5270905286,moneymind6,0,93.71999,DST Broncos  FLEX Jaylen Waddle QB Jalen Hurts RB Saquon Barkley RB D'Andre Swift TE Evan Engram WR DeVonta Smith WR Luther Burden III WR Courtland Sutton,,,
1573,5270218384,Cbills44,0,93.700005,DST Eagles  FLEX Blake Corum QB Matthew Stafford RB Saquon Barkley RB D'Andre Swift TE Zach Ertz WR DeVonta Smith WR Jaylen Waddle WR Davante Adams,,,
1573,5273673496,boknowsjackson,0,93.700005,DST Eagles  FLEX Saquon Barkley QB Matthew Stafford RB D'Andre Swift RB Blake Corum TE Terrance Ferguson WR DeVonta Smith WR Jaylen Waddle WR Davante Adams,,,
1573,5273683176,ajmccann,0,93.700005,DST Eagles  FLEX Blake Corum QB Matthew Stafford RB Saquon Barkley RB D'Andre Swift TE Terrance Ferguson WR DeVonta Smith WR Jaylen Waddle WR Davante Adams,,,
1573,5273702138,dghitch,0,93.700005,DST Eagles  FLEX Saquon Barkley QB Matthew Stafford RB D'Andre Swift RB Blake Corum TE Terrance Ferguson WR DeVonta Smith WR Jaylen Waddle WR Davante Adams,,,
1573,5273718441,toyrogo,0,93.700005,DST Eagles  FLEX Saquon Barkley QB Matthew Stafford RB D'Andre Swift RB Blake Corum TE Zach Ertz WR DeVonta Smith WR Jaylen Waddle WR Davante Adams,,,
1573,5273785903,DanielMIA,0,93.700005,DST Eagles  FLEX Blake Corum QB Matthew Stafford RB Saquon Barkley RB D'Andre Swift TE Terrance Ferguson WR DeVonta Smith WR Jaylen Waddle WR Davante Adams,,,
1573,5273859237,vercolenfor3,0,93.700005,DST Eagles  FLEX Saquon Barkley QB Matthew Stafford RB D'Andre Swift RB Blake Corum TE Terrance Ferguson WR DeVonta Smith WR Jaylen Waddle WR Davante Adams,,,
1580,5273908933,mhave305,0,93.62,DST Eagles  FLEX Jaylen Waddle QB Jalen Hurts RB Saquon Barkley RB Kyren Williams TE Johnny Mundt WR DeVonta Smith WR Davante Adams WR Dontayvion Wicks,,,
1580,5273986582,uhozer,0,93.62,DST Eagles  FLEX DeVonta Smith QB Jalen Hurts RB Saquon Barkley RB Kyren Williams TE Johnny Mundt WR Jaylen Waddle WR Davante Adams WR Dontayvion Wicks,,,
1580,5274048054,SlimySalamander,0,93.62,DST Eagles  FLEX Dontayvion Wicks QB Jalen Hurts RB Saquon Barkley RB Kyren Williams TE Johnny Mundt WR DeVonta Smith WR Jaylen Waddle WR Davante Adams,,,
1580,5274091727,Noles27,0,93.619995,DST Eagles  FLEX Saquon Barkley QB Jalen Hurts RB D'Andre Swift RB Kyren Williams TE Terrance Ferguson WR Davante Adams WR Courtland Sutton WR Dontayvion Wicks,,,
1584,5274065026,BeanTownBully33,0,93.6,DST Eagles  FLEX RJ Harvey QB Matthew Stafford RB Saquon Barkley RB Blake Corum TE Terrance Ferguson WR DeVonta Smith WR Jaylen Waddle WR Davante Adams,,,
1585,5269307816,twfreng,0,93.520004,DST Broncos  FLEX Saquon Barkley QB Jalen Hurts RB D'Andre Swift RB Blake Corum TE Evan Engram WR DeVonta Smith WR Jaylen Waddle WR Davante Adams,,,
1585,5271173107,Rwfsports,0,93.520004,DST Broncos  FLEX Blake Corum QB Jalen Hurts RB Saquon Barkley RB D'Andre Swift TE Evan Engram WR DeVonta Smith WR Jaylen Waddle WR Davante Adams,,,
1585,5273992955,cosbyssleeperz,0,93.520004,DST Broncos  FLEX Saquon Barkley QB Jalen Hurts RB D'Andre Swift RB Blake Corum TE Evan Engram WR DeVonta Smith WR Jaylen Waddle WR Davante Adams,,,
1588,5273452925,Starras,0,93.5,DST Eagles  FLEX Jaylen Waddle QB Matthew Stafford RB Saquon Barkley RB D'Andre Swift TE Cole Kmet WR DeVonta Smith WR Davante Adams WR Dontayvion Wicks,,,
1588,5273588123,Pierre8989,0,93.5,DST Eagles  FLEX DeVonta Smith QB Matthew Stafford RB Saquon Barkley RB D'Andre Swift TE Evan Engram WR Jaylen Waddle WR Davante Adams WR Dontayvion Wicks,,,
1588,5273990544,MinerBear,0,93.5,DST Eagles  FLEX Jaylen Waddle QB Matthew Stafford RB Saquon Barkley RB D'Andre Swift TE Colby Parkinson WR DeVonta Smith WR Davante Adams WR Dontayvion Wicks,,,
1588,5274050811,JAIME1313,0,93.5,DST Eagles  FLEX Dontayvion Wicks QB Matthew Stafford RB Saquon Barkley RB D'Andre Swift TE Colby Parkinson WR DeVonta Smith WR Jaylen Waddle WR Davante Adams,,,
1588,5274063970,Dawkblitz,0,93.5,DST Eagles  FLEX Jaylen Waddle QB Matthew Stafford RB Saquon Barkley RB D'Andre Swift TE Evan Engram WR DeVonta Smith WR Davante Adams WR Dontayvion Wicks,,,
1593,5273781742,jbags25,0,93.420006,DST Rams  FLEX Luther Burden III QB Jalen Hurts RB Saquon Barkley RB Blake Corum TE Terrance Ferguson WR DeVonta Smith WR Jaylen Waddle WR Davante Adams,,,
1593,5273803008,Gstyron174,0,93.420006,DST Bears  FLEX D'Andre Swift QB Jalen Hurts RB Saquon Barkley RB Blake Corum TE Terrance Ferguson WR DeVonta Smith WR Jaylen Waddle WR Davante Adams,,,
1593,5273880259,Marlisa37,0,93.420006,DST Rams  FLEX Saquon Barkley QB Jalen Hurts RB D'Andre Swift RB Kyren Williams TE Terrance Ferguson WR DeVonta Smith WR Jaylen Waddle WR Pat Bryant,,,
1596,5268872642,marvp76,0,93.32,DST Broncos  FLEX D'Andre Swift QB Jalen Hurts RB Saquon Barkley RB Kyren Williams TE Evan Engram WR DeVonta Smith WR Jaylen Waddle WR Dontayvion Wicks,,,
1596,5273410765,rockstar73,0,93.32,DST Eagles  FLEX D'Andre Swift QB Jalen Hurts RB Saquon Barkley RB Kyren Williams TE Terrance Ferguson WR DeVonta Smith WR Davante Adams WR Tutu Atwell,,,
1596,5273781055,oNeEyEwiLLiE,0,93.32,DST Broncos  FLEX Saquon Barkley QB Jalen Hurts RB D'Andre Swift RB Kyren Williams TE Evan Engram WR DeVonta Smith WR Jaylen Waddle WR Dontayvion Wicks,,,
1596,5273877164,zavala99z,0,93.32,DST Eagles  FLEX Courtland Sutton QB Jalen Hurts RB Kyren Williams RB J.K. Dobbins TE Johnny Mundt WR DeVonta Smith WR Jaylen Waddle WR Davante Adams,,,
1596,5274120874,iDrinkLiberalTears,0,93.32,DST Broncos  FLEX Kyren Williams QB Jalen Hurts RB Saquon Barkley RB D'Andre Swift TE Cole Kmet WR DeVonta Smith WR Jaylen Waddle WR Dontayvion Wicks,,,
1601,5270504982,SDeviants24,0,93.22,DST Eagles  FLEX Saquon Barkley QB Jalen Hurts RB Kyren Williams RB Kyle Monangai TE Terrance Ferguson WR DeVonta Smith WR Davante Adams WR Courtland Sutton,,,
1601,5273828050,tzbills,0,93.22,DST Eagles  FLEX Kyle Monangai QB Jalen Hurts RB Saquon Barkley RB Kyren Williams TE Zach Ertz WR DeVonta Smith WR Davante Adams WR Courtland Sutton,,,
1601,5271732965,ramsey92275,0,93.21999,DST Eagles  FLEX DeVonta Smith QB Jalen Hurts RB Saquon Barkley RB Kyren Williams TE Evan Engram WR Davante Adams WR Rome Odunze WR Dontayvion Wicks,,,
1601,5273964526,Gmoney317812,0,93.21999,DST Broncos  FLEX Kyren Williams QB Jalen Hurts RB Saquon Barkley RB RJ Harvey TE Evan Engram WR DeVonta Smith WR Jaylen Waddle WR Dontayvion Wicks,,,
1605,5271762752,nickcov,0,93.200005,DST Rams  FLEX Colby Parkinson QB Matthew Stafford RB Saquon Barkley RB D'Andre Swift TE Terrance Ferguson WR DeVonta Smith WR Jaylen Waddle WR Davante Adams,,,
1606,5273728160,coorslight37,0,93.119995,DST Broncos  FLEX Blake Corum QB Jalen Hurts RB Saquon Barkley RB Kyren Williams TE Colston Loveland WR DeVonta Smith WR Jaylen Waddle WR Dontayvion Wicks,,,
1607,5273593795,BarnesBoyz1724,0,93.020004,DST Eagles  FLEX Kyle Monangai QB Jalen Hurts RB Saquon Barkley RB Kyren Williams TE Terrance Ferguson WR DeVonta Smith WR Davante Adams WR Rome Odunze,,,
1607,5274139865,kjjense2,0,93.020004,DST Eagles  FLEX Saquon Barkley QB Jalen Hurts RB Kyren Williams RB Kyle Monangai TE Zach Ertz WR DeVonta Smith WR Davante Adams WR Rome Odunze,,,
1609,5268995982,jdm49er,0,93,DST Eagles  FLEX D'Andre Swift QB Matthew Stafford RB Saquon Barkley RB Blake Corum TE Evan Engram WR DeVonta Smith WR Davante Adams WR Courtland Sutton,,,
1610,5273620584,Mashtaters,0,92.939995,DST Eagles  FLEX D'Andre Swift QB Bo Nix RB Saquon Barkley RB Blake Corum TE Zach Ertz WR DeVonta Smith WR Jaylen Waddle WR Davante Adams,,,
1611,5274130089,RCGTed,0,92.92,DST Rams  FLEX DeVonta Smith QB Jalen Hurts RB D'Andre Swift RB Kyle Monangai TE Evan Engram WR Jaylen Waddle WR Davante Adams WR Luther Burden III,,,
1612,5269494832,Manila,0,92.84,DST Eagles  FLEX Kyren Williams QB Bo Nix RB Saquon Barkley RB D'Andre Swift TE Colston Loveland WR Jaylen Waddle WR Rome Odunze WR Dontayvion Wicks,,,
1613,5268869452,trixie832,0,92.82,DST Broncos  FLEX Davante Adams QB Jalen Hurts RB Saquon Barkley RB Kyle Monangai TE Zach Ertz WR DeVonta Smith WR Rome Odunze WR Courtland Sutton,,,
1613,5270958546,Erntropolis,0,92.82,DST Eagles  FLEX Courtland Sutton QB Jalen Hurts RB Saquon Barkley RB D'Andre Swift TE Zach Ertz WR Jaylen Waddle WR Davante Adams WR Luther Burden III,,,
1613,5273020238,staceyrenee13,0,92.82,DST Eagles  FLEX Jaylen Waddle QB Jalen Hurts RB Saquon Barkley RB D'Andre Swift TE Zach Ertz WR Davante Adams WR Luther Burden III WR Courtland Sutton,,,
1613,5273540071,mattjessie,0,92.82,DST Eagles  FLEX Kyren Williams QB Jalen Hurts RB D'Andre Swift RB Will Shipley TE Terrance Ferguson WR DeVonta Smith WR Jaylen Waddle WR Davante Adams,,,
1617,5273256949,rustybones36,0,92.74,DST Eagles  FLEX Jaylen Waddle QB Bo Nix RB Saquon Barkley RB D'Andre Swift TE Evan Engram WR DeVonta Smith WR Davante Adams WR Dontayvion Wicks,,,
1617,5273668525,Tobydean58,0,92.74,DST Eagles  FLEX D'Andre Swift QB Bo Nix RB Saquon Barkley RB Kyren Williams TE Zach Ertz WR DeVonta Smith WR Jaylen Waddle WR Dontayvion Wicks,,,
1617,5273856628,DHenery10,0,92.74,DST Eagles  FLEX D'Andre Swift QB Bo Nix RB Saquon Barkley RB Kyren Williams TE Zach Ertz WR DeVonta Smith WR Jaylen Waddle WR Dontayvion Wicks,,,
1617,5273891822,whatmynuts81052,0,92.74,DST Eagles  FLEX Saquon Barkley QB Bo Nix RB D'Andre Swift RB Kyren Williams TE Zach Ertz WR DeVonta Smith WR Jaylen Waddle WR Dontayvion Wicks,,,
1621,5269269554,juju01,0,92.700005,DST Eagles  FLEX Blake Corum QB Matthew Stafford RB Saquon Barkley RB RJ Harvey TE Evan Engram WR DeVonta Smith WR Davante Adams WR Rome Odunze,,,
1622,5270321988,yonzo,0,92.62,DST Eagles  FLEX Kyren Williams QB Jalen Hurts RB D'Andre Swift RB Kyle Monangai TE Terrance Ferguson WR DeVonta Smith WR Davante Adams WR Dontayvion Wicks,,,
1622,5271634193,john2009,0,92.62,DST Eagles  FLEX Kyle Monangai QB Jalen Hurts RB D'Andre Swift RB Kyren Williams TE Terrance Ferguson WR DeVonta Smith WR Davante Adams WR Dontayvion Wicks,,,
1622,5272069167,Cvhd,0,92.62,DST Eagles  FLEX Kyle Monangai QB Jalen Hurts RB D'Andre Swift RB Kyren Williams TE Terrance Ferguson WR DeVonta Smith WR Davante Adams WR Dontayvion Wicks,,,
1622,5273537214,chemstud1,0,92.62,DST Eagles  FLEX Kyren Williams QB Jalen Hurts RB D'Andre Swift RB Kyle Monangai TE Zach Ertz WR DeVonta Smith WR Davante Adams WR Dontayvion Wicks,,,
1622,5273674285,wyattearp22usa,0,92.62,DST Eagles  FLEX Kyren Williams QB Jalen Hurts RB D'Andre Swift RB Kyle Monangai TE Terrance Ferguson WR DeVonta Smith WR Davante Adams WR Dontayvion Wicks,,,
1622,5273675924,Meanmarine,0,92.62,DST Eagles  FLEX D'Andre Swift QB Jalen Hurts RB Kyren Williams RB Kyle Monangai TE Terrance Ferguson WR DeVonta Smith WR Davante Adams WR Dontayvion Wicks,,,
1622,5273738953,yawkeyway8,0,92.62,DST Eagles  FLEX Kyle Monangai QB Jalen Hurts RB D'Andre Swift RB Kyren Williams TE Terrance Ferguson WR DeVonta Smith WR Davante Adams WR Dontayvion Wicks,,,
1622,5273772089,bakin_bucs,0,92.62,DST Eagles  FLEX Kyren Williams QB Jalen Hurts RB D'Andre Swift RB Kyle Monangai TE Terrance Ferguson WR DeVonta Smith WR Davante Adams WR Dontayvion Wicks,,,
1622,5273795615,dpastreck,0,92.62,DST Broncos  FLEX Davante Adams QB Jalen Hurts RB Saquon Barkley RB J.K. Dobbins TE Zach Ertz WR DeVonta Smith WR Jaylen Waddle WR Dontayvion Wicks,,,
1631,5271116559,Stree,0,92.54,DST Eagles  FLEX DeVonta Smith QB Bo Nix RB Saquon Barkley RB J.K. Dobbins TE Terrance Ferguson WR Jaylen Waddle WR Davante Adams WR Courtland Sutton,,,
1631,5273630640,tyzfanball23,0,92.54,DST Eagles  FLEX Davante Adams QB Bo Nix RB Saquon Barkley RB J.K. Dobbins TE Terrance Ferguson WR DeVonta Smith WR Jaylen Waddle WR Courtland Sutton,,,
1633,5273208079,D3vilDoc8404,0,92.5,DST Rams  FLEX Jaylen Waddle QB Matthew Stafford RB D'Andre Swift RB Kyle Monangai TE Terrance Ferguson WR DeVonta Smith WR Davante Adams WR Dontayvion Wicks,,,
1634,5269007588,wmgravytrain,0,92.42,DST Eagles  FLEX D'Andre Swift QB Jalen Hurts RB Saquon Barkley RB Kyren Williams TE Terrance Ferguson WR Jaylen Waddle WR Davante Adams WR Dontayvion Wicks,,,
1634,5269070273,SoonersUnite,0,92.42,DST Eagles  FLEX Saquon Barkley QB Jalen Hurts RB D'Andre Swift RB Kyren Williams TE Terrance Ferguson WR Jaylen Waddle WR Davante Adams WR Dontayvion Wicks,,,
1634,5269496064,TP1956,0,92.42,DST Eagles  FLEX D'Andre Swift QB Jalen Hurts RB Saquon Barkley RB Kyren Williams TE Zach Ertz WR Jaylen Waddle WR Davante Adams WR Dontayvion Wicks,,,
1634,5270073634,fred65,0,92.42,DST Eagles  FLEX D'Andre Swift QB Jalen Hurts RB Saquon Barkley RB Kyren Williams TE Terrance Ferguson WR Jaylen Waddle WR Davante Adams WR Dontayvion Wicks,,,
1634,5270612283,Farmerjen,0,92.42,DST Eagles  FLEX D'Andre Swift QB Jalen Hurts RB Saquon Barkley RB Kyren Williams TE Terrance Ferguson WR Jaylen Waddle WR Davante Adams WR Dontayvion Wicks,,,
1634,5272023362,cole1857,0,92.42,DST Eagles  FLEX Saquon Barkley QB Jalen Hurts RB D'Andre Swift RB Kyren Williams TE Terrance Ferguson WR Jaylen Waddle WR Davante Adams WR Dontayvion Wicks,,,
1634,5272091167,1nonlyDXP,0,92.42,DST Eagles  FLEX D'Andre Swift QB Jalen Hurts RB Saquon Barkley RB Kyren Williams TE Zach Ertz WR Jaylen Waddle WR Davante Adams WR Dontayvion Wicks,,,
1634,5272510494,NKlausler,0,92.42,DST Eagles  FLEX D'Andre Swift QB Jalen Hurts RB Saquon Barkley RB Kyren Williams TE Zach Ertz WR Jaylen Waddle WR Davante Adams WR Dontayvion Wicks,,,
1634,5272629675,diseman69,0,92.42,DST Eagles  FLEX D'Andre Swift QB Jalen Hurts RB Saquon Barkley RB Kyren Williams TE Terrance Ferguson WR Jaylen Waddle WR Davante Adams WR Dontayvion Wicks,,,
1634,5272712502,Bolt801,0,92.42,DST Eagles  FLEX Saquon Barkley QB Jalen Hurts RB D'Andre Swift RB Kyren Williams TE Terrance Ferguson WR Jaylen Waddle WR Davante Adams WR Dontayvion Wicks,,,
1634,5273271327,ronhamp21,0,92.42,DST Eagles  FLEX Kyren Williams QB Jalen Hurts RB Saquon Barkley RB D'Andre Swift TE Zach Ertz WR Jaylen Waddle WR Davante Adams WR Dontayvion Wicks,,,
1634,5273292844,louka001,0,92.42,DST Eagles  FLEX D'Andre Swift QB Jalen Hurts RB Saquon Barkley RB Kyren Williams TE Terrance Ferguson WR Jaylen Waddle WR Davante Adams WR Dontayvion Wicks,,,
1634,5273501401,JerseyItalia,0,92.42,DST Eagles  FLEX D'Andre Swift QB Jalen Hurts RB Saquon Barkley RB Kyren Williams TE Terrance Ferguson WR Jaylen Waddle WR Davante Adams WR Dontayvion Wicks,,,
1634,5273568785,jaysdrivin100,0,92.42,DST Eagles  FLEX D'Andre Swift QB Jalen Hurts RB Saquon Barkley RB Kyren Williams TE Terrance Ferguson WR Jaylen Waddle WR Davante Adams WR Dontayvion Wicks,,,
1634,5273714769,jstapes,0,92.42,DST Eagles  FLEX Kyren Williams QB Jalen Hurts RB Saquon Barkley RB D'Andre Swift TE Terrance Ferguson WR Jaylen Waddle WR Davante Adams WR Dontayvion Wicks,,,
1634,5273829890,J_Wil5,0,92.42,DST Eagles  FLEX D'Andre Swift QB Jalen Hurts RB Saquon Barkley RB Kyren Williams TE Zach Ertz WR Jaylen Waddle WR Davante Adams WR Dontayvion Wicks,,,
1634,5273868796,Pokediggy,0,92.42,DST Eagles  FLEX Saquon Barkley QB Jalen Hurts RB D'Andre Swift RB Kyren Williams TE Zach Ertz WR Jaylen Waddle WR Davante Adams WR Dontayvion Wicks,,,
1634,5273910666,ASH41,0,92.42,DST Eagles  FLEX Saquon Barkley QB Jalen Hurts RB D'Andre Swift RB Kyren Williams TE Zach Ertz WR Jaylen Waddle WR Davante Adams WR Dontayvion Wicks,,,
1634,5273912453,data32259,0,92.42,DST Eagles  FLEX Saquon Barkley QB Jalen Hurts RB D'Andre Swift RB Kyren Williams TE Terrance Ferguson WR Jaylen Waddle WR Davante Adams WR Dontayvion Wicks,,,
1634,5274008382,smarsh29,0,92.42,DST Eagles  FLEX D'Andre Swift QB Jalen Hurts RB Saquon Barkley RB Kyren Williams TE Zach Ertz WR Jaylen Waddle WR Davante Adams WR Dontayvion Wicks,,,
1634,5274062960,cobrien103,0,92.42,DST Eagles  FLEX Saquon Barkley QB Jalen Hurts RB D'Andre Swift RB Kyren Williams TE Zach Ertz WR Jaylen Waddle WR Davante Adams WR Dontayvion Wicks,,,
1655,5270724422,SkunkApe97,0,92.32001,DST Eagles  FLEX Blake Corum QB Jalen Hurts RB D'Andre Swift RB Kyren Williams TE Evan Engram WR DeVonta Smith WR Jaylen Waddle WR Davante Adams,,,
1655,5270950921,DukeChildress,0,92.32001,DST Eagles  FLEX Blake Corum QB Jalen Hurts RB D'Andre Swift RB Kyren Williams TE Evan Engram WR DeVonta Smith WR Jaylen Waddle WR Davante Adams,,,
1655,5273246143,Santang44,0,92.32001,DST Eagles  FLEX DeVonta Smith QB Jalen Hurts RB Saquon Barkley RB D'Andre Swift TE Terrance Ferguson WR Jaylen Waddle WR Davante Adams WR Pat Bryant,,,
1655,5273292285,gymbratmom,0,92.32001,DST Eagles  FLEX Blake Corum QB Jalen Hurts RB D'Andre Swift RB Kyren Williams TE Evan Engram WR DeVonta Smith WR Jaylen Waddle WR Davante Adams,,,
1655,5273653275,krakajac,0,92.32001,DST Eagles  FLEX Kyren Williams QB Jalen Hurts RB D'Andre Swift RB Blake Corum TE Evan Engram WR DeVonta Smith WR Jaylen Waddle WR Davante Adams,,,
1655,5273786672,rustoleum5,0,92.32001,DST Eagles  FLEX Blake Corum QB Jalen Hurts RB D'Andre Swift RB Kyren Williams TE Evan Engram WR DeVonta Smith WR Jaylen Waddle WR Davante Adams,,,
1655,5273861261,boricuamalito,0,92.32001,DST Eagles  FLEX Blake Corum QB Jalen Hurts RB D'Andre Swift RB Kyren Williams TE Evan Engram WR DeVonta Smith WR Jaylen Waddle WR Davante Adams,,,
1655,5274120397,Simmers26,0,92.32001,DST Eagles  FLEX DeVonta Smith QB Jalen Hurts RB Saquon Barkley RB D'Andre Swift TE Terrance Ferguson WR Jaylen Waddle WR Davante Adams WR Pat Bryant,,,
1655,5273668453,otiscous,0,92.32,DST Eagles  FLEX Saquon Barkley QB Jalen Hurts RB Kyren Williams RB RJ Harvey TE Terrance Ferguson WR Jaylen Waddle WR Davante Adams WR Dontayvion Wicks,,,
1655,5273684193,lilmaryy,0,92.32,DST Rams  FLEX Saquon Barkley QB Jalen Hurts RB Kyren Williams RB Kyle Monangai TE Terrance Ferguson WR DeVonta Smith WR Jaylen Waddle WR Kalif Raymond,,,
1655,5274102203,ktresel2,0,92.32,DST Eagles  FLEX RJ Harvey QB Jalen Hurts RB Saquon Barkley RB Kyren Williams TE Terrance Ferguson WR Jaylen Waddle WR Davante Adams WR Dontayvion Wicks,,,
1666,5273673222,Uaintredi,0,92.22,DST Eagles  FLEX DeVonta Smith QB Jalen Hurts RB Saquon Barkley RB Kyren Williams TE Adam Trautman WR Jaylen Waddle WR Davante Adams WR Dontayvion Wicks,,,
1667,5273551028,Mackey818,0,92.12001,DST Eagles  FLEX Johnny Mundt QB Jalen Hurts RB D'Andre Swift RB Kyren Williams TE Terrance Ferguson WR DeVonta Smith WR Jaylen Waddle WR Davante Adams,,,
1667,5273933569,postalwolf,0,92.12,DST Eagles  FLEX Troy Franklin QB Jalen Hurts RB Saquon Barkley RB Kyren Williams TE Colston Loveland WR Jaylen Waddle WR Davante Adams WR Rome Odunze,,,
1667,5269488474,fantasyathlete1004,0,92.119995,DST Eagles  FLEX J.K. Dobbins QB Jalen Hurts RB Saquon Barkley RB Kyren Williams TE Evan Engram WR DeVonta Smith WR Davante Adams WR Dontayvion Wicks,,,
1667,5273815149,jd3gonza,0,92.119995,DST Eagles  FLEX Saquon Barkley QB Jalen Hurts RB Kyren Williams RB J.K. Dobbins TE Evan Engram WR DeVonta Smith WR Davante Adams WR Dontayvion Wicks,,,
1671,5273543508,LODEN,0,92.02,DST Eagles  FLEX Evan Engram QB Jalen Hurts RB D'Andre Swift RB Kyren Williams TE Colston Loveland WR DeVonta Smith WR Jaylen Waddle WR Luther Burden III,,,
1671,5273731202,cballer,0,92.02,DST Eagles  FLEX Luther Burden III QB Jalen Hurts RB D'Andre Swift RB Kyren Williams TE Zach Ertz WR DeVonta Smith WR Jaylen Waddle WR Dontayvion Wicks,,,
1671,5274071566,harleyrocker64,0,92.02,DST Eagles  FLEX Jaylen Waddle QB Jalen Hurts RB D'Andre Swift RB Kyren Williams TE Terrance Ferguson WR DeVonta Smith WR Luther Burden III WR Dontayvion Wicks,,,
1674,5272207302,Stanver,0,91.92,DST Eagles  FLEX Kyle Monangai QB Jalen Hurts RB D'Andre Swift RB Kyren Williams TE E.J. Jenkins WR DeVonta Smith WR Jaylen Waddle WR Davante Adams,,,
1674,5274128687,Cmohr123,0,91.92,DST Eagles  FLEX DeVonta Smith QB Jalen Hurts RB Kyren Williams RB J.K. Dobbins TE Colby Parkinson WR Jaylen Waddle WR Davante Adams WR Courtland Sutton,,,
1676,5271788428,bestballa34,0,91.82001,DST Broncos  FLEX Jaylen Waddle QB Jalen Hurts RB Saquon Barkley RB Kyle Monangai TE Zach Ertz WR DeVonta Smith WR Davante Adams WR Courtland Sutton,,,
1676,5270326910,gwooo,0,91.82,DST Broncos  FLEX Jaylen Waddle QB Jalen Hurts RB Saquon Barkley RB Kyren Williams TE Terrance Ferguson WR DeVonta Smith WR Rome Odunze WR Dontayvion Wicks,,,
1676,5273624723,Tmich21,0,91.81999,DST Eagles  FLEX Kyle Monangai QB Jalen Hurts RB Kyren Williams RB RJ Harvey TE Evan Engram WR DeVonta Smith WR Jaylen Waddle WR Davante Adams,,,
1679,5268958575,Morebucketsss,0,91.8,DST Eagles  FLEX D'Andre Swift QB Matthew Stafford RB Saquon Barkley RB Blake Corum TE Evan Engram WR DeVonta Smith WR Jaylen Waddle WR Davante Adams,,,
1679,5272200741,Stewy514,0,91.8,DST Eagles  FLEX D'Andre Swift QB Matthew Stafford RB Saquon Barkley RB Blake Corum TE Evan Engram WR DeVonta Smith WR Jaylen Waddle WR Davante Adams,,,
1679,5272265550,catballers,0,91.8,DST Eagles  FLEX Blake Corum QB Matthew Stafford RB Saquon Barkley RB D'Andre Swift TE Evan Engram WR DeVonta Smith WR Jaylen Waddle WR Davante Adams,,,
1679,5273885583,busboy1,0,91.8,DST Eagles  FLEX Saquon Barkley QB Matthew Stafford RB D'Andre Swift RB Blake Corum TE Evan Engram WR DeVonta Smith WR Jaylen Waddle WR Davante Adams,,,
1679,5273945651,Adam1917,0,91.8,DST Eagles  FLEX Saquon Barkley QB Matthew Stafford RB D'Andre Swift RB Blake Corum TE Evan Engram WR DeVonta Smith WR Jaylen Waddle WR Davante Adams,,,
1684,5272161283,jzstock00,0,91.72,DST Eagles  FLEX Rome Odunze QB Jalen Hurts RB Kyren Williams RB J.K. Dobbins TE Evan Engram WR DeVonta Smith WR Jaylen Waddle WR Davante Adams,,,
1684,5273598967,kingGreer214,0,91.71999,DST Eagles  FLEX Saquon Barkley QB Jalen Hurts RB Kyren Williams RB Blake Corum TE Evan Engram WR DeVonta Smith WR Davante Adams WR Courtland Sutton,,,
1684,5273723377,deeeznutz23,0,91.71999,DST Eagles  FLEX Blake Corum QB Jalen Hurts RB Saquon Barkley RB Kyren Williams TE Evan Engram WR DeVonta Smith WR Davante Adams WR Courtland Sutton,,,
1684,5274124950,MSKULLNICK,0,91.71999,DST Eagles  FLEX Blake Corum QB Jalen Hurts RB Saquon Barkley RB Kyren Williams TE Evan Engram WR DeVonta Smith WR Davante Adams WR Courtland Sutton,,,
1688,5270563465,Maddog1816,0,91.62,DST Bears  FLEX Colston Loveland QB Jalen Hurts RB D'Andre Swift RB Kyren Williams TE Evan Engram WR DeVonta Smith WR Jaylen Waddle WR Rome Odunze,,,
1688,5274012838,tedborn,0,91.62,DST Eagles  FLEX Kyren Williams QB Jalen Hurts RB Saquon Barkley RB D'Andre Swift TE Zach Ertz WR DeVonta Smith WR Courtland Sutton WR Pat Bryant,,,
1690,5270831169,shihan1965,0,91.6,DST Eagles  FLEX Saquon Barkley QB Matthew Stafford RB D'Andre Swift RB Kyren Williams TE Evan Engram WR DeVonta Smith WR Jaylen Waddle WR Dontayvion Wicks,,,
1691,5273562890,Possum_J,0,91.48,DST Rams  FLEX DeVonta Smith QB Case Keenum RB Saquon Barkley RB Kyle Monangai TE Terrance Ferguson WR Jaylen Waddle WR Davante Adams WR Rome Odunze,,,
1692,5274019138,willbe79,0,91.420006,DST Eagles  FLEX RJ Harvey QB Jalen Hurts RB D'Andre Swift RB Kyren Williams TE Terrance Ferguson WR Jaylen Waddle WR Dontayvion Wicks WR Kalif Raymond,,,
1693,5273603501,rhvp2852,0,91.32,DST Eagles  FLEX Kyle Monangai QB Jalen Hurts RB Saquon Barkley RB Kyren Williams TE Cole Kmet WR DeVonta Smith WR Davante Adams WR Courtland Sutton,,,
1693,5273971522,cdevers,0,91.32,DST Eagles  FLEX Kyle Monangai QB Jalen Hurts RB Saquon Barkley RB Kyren Williams TE Colby Parkinson WR DeVonta Smith WR Davante Adams WR Courtland Sutton,,,
1693,5274129744,rudeone60,0,91.32,DST Eagles  FLEX Kyren Williams QB Jalen Hurts RB Saquon Barkley RB Kyle Monangai TE Colby Parkinson WR DeVonta Smith WR Davante Adams WR Courtland Sutton,,,
1693,5274140646,RockyTopBeast82,0,91.32,DST Eagles  FLEX Kyle Monangai QB Jalen Hurts RB Saquon Barkley RB Kyren Williams TE Colby Parkinson WR DeVonta Smith WR Davante Adams WR Courtland Sutton,,,
1693,5268878193,DVG1524,0,91.31999,DST Rams  FLEX Luther Burden III QB Jalen Hurts RB Saquon Barkley RB Kyren Williams TE Evan Engram WR DeVonta Smith WR Jaylen Waddle WR Dontayvion Wicks,,,
1698,5272612570,lc420,0,91.22001,DST Eagles  FLEX Tank Bigsby QB Jalen Hurts RB D'Andre Swift RB Kyren Williams TE Terrance Ferguson WR DeVonta Smith WR Jaylen Waddle WR Davante Adams,,,
1698,5273687990,Ngroves8,0,91.22001,DST Eagles  FLEX Tank Bigsby QB Jalen Hurts RB D'Andre Swift RB Kyren Williams TE Terrance Ferguson WR DeVonta Smith WR Jaylen Waddle WR Davante Adams,,,
1698,5273633051,Katie22Jarvis,0,91.21999,DST Eagles  FLEX Saquon Barkley QB Jalen Hurts RB Kyren Williams RB Blake Corum TE Terrance Ferguson WR DeVonta Smith WR Davante Adams WR Dontayvion Wicks,,,
1698,5274045640,shuperman,0,91.21999,DST Eagles  FLEX Blake Corum QB Jalen Hurts RB Saquon Barkley RB Kyren Williams TE Terrance Ferguson WR DeVonta Smith WR Davante Adams WR Dontayvion Wicks,,,
1702,5273387667,Swampie,0,91.12,DST Eagles  FLEX Kyle Monangai QB Jalen Hurts RB Saquon Barkley RB Kyren Williams TE Evan Engram WR DeVonta Smith WR Davante Adams WR Rome Odunze,,,
1702,5274110665,DocWatson78,0,91.12,DST Eagles  FLEX Kyren Williams QB Jalen Hurts RB Saquon Barkley RB Kyle Monangai TE Cole Kmet WR DeVonta Smith WR Davante Adams WR Rome Odunze,,,
1704,5272589057,ftballfan8585,0,91.03999,DST Eagles  FLEX D'Andre Swift QB Bo Nix RB Saquon Barkley RB Blake Corum TE Evan Engram WR DeVonta Smith WR Jaylen Waddle WR Davante Adams,,,
1704,5274102245,dbschomer,0,91.03999,DST Eagles  FLEX DeVonta Smith QB Bo Nix RB Saquon Barkley RB Blake Corum TE Colston Loveland WR Jaylen Waddle WR Luther Burden III WR Courtland Sutton,,,
1706,5269331398,rshigley88,0,91.00001,DST Eagles  FLEX Jaylen Waddle QB Tyson Bagent RB D'Andre Swift RB RJ Harvey TE Colston Loveland WR DeVonta Smith WR Davante Adams WR Luther Burden III,,,
1707,5273581476,cameronk28,0,90.92,DST Eagles  FLEX Saquon Barkley QB Jalen Hurts RB Kyren Williams RB Kyle Monangai TE Colston Loveland WR Davante Adams WR Rome Odunze WR Dontayvion Wicks,,,
1707,5273986346,Tripsdc,0,90.92,DST Eagles  FLEX Makai Lemon QB Jalen Hurts RB Saquon Barkley RB Kyren Williams TE Zach Ertz WR DeVonta Smith WR Jaylen Waddle WR Luther Burden III,,,
1709,5274121077,pulpie,0,90.84,DST Eagles  FLEX Saquon Barkley QB Bo Nix RB D'Andre Swift RB Kyren Williams TE Evan Engram WR DeVonta Smith WR Jaylen Waddle WR Dontayvion Wicks,,,
1710,5272955523,Soonergirl14,0,90.82001,DST Eagles  FLEX Rome Odunze QB Jalen Hurts RB D'Andre Swift RB Kyren Williams TE Terrance Ferguson WR Jaylen Waddle WR Davante Adams WR Dontayvion Wicks,,,
1710,5273885877,ideagirl13,0,90.82,DST Eagles  FLEX Saquon Barkley QB Jalen Hurts RB Kyren Williams RB Kyle Monangai TE Terrance Ferguson WR DeVonta Smith WR Davante Adams WR Dontayvion Wicks,,,
1712,5269052595,Lilp7611,0,90.72001,DST Rams  FLEX Davante Adams QB Jalen Hurts RB J.K. Dobbins RB Blake Corum TE Terrance Ferguson WR DeVonta Smith WR Jaylen Waddle WR Luther Burden III,,,
1712,5273821361,kylehaeussler,0,90.72001,DST Eagles  FLEX Terrance Ferguson QB Jalen Hurts RB D'Andre Swift RB Kyren Williams TE Evan Engram WR DeVonta Smith WR Jaylen Waddle WR Davante Adams,,,
1712,5273975558,coupfourremf,0,90.72001,DST Eagles  FLEX Tank Bigsby QB Jalen Hurts RB D'Andre Swift RB Kyren Williams TE Johnny Mundt WR DeVonta Smith WR Jaylen Waddle WR Davante Adams,,,
1712,5273513108,dayKare,0,90.72,DST Rams  FLEX D'Andre Swift QB Jalen Hurts RB Saquon Barkley RB RJ Harvey TE Evan Engram WR DeVonta Smith WR Davante Adams WR Rome Odunze,,,
1712,5273641730,Nipostrongheart,0,90.72,DST Eagles  FLEX Saquon Barkley QB Jalen Hurts RB D'Andre Swift RB Kyren Williams TE Zach Ertz WR Jaylen Waddle WR Luther Burden III WR Rome Odunze,,,
1717,5269833149,lewisdix,0,90.700005,DST Eagles  FLEX Tank Bigsby QB Matthew Stafford RB Saquon Barkley RB D'Andre Swift TE Terrance Ferguson WR DeVonta Smith WR Jaylen Waddle WR Davante Adams,,,
1718,5270752444,devastato,0,90.619995,DST Broncos  FLEX D'Andre Swift QB Jalen Hurts RB Saquon Barkley RB Kyren Williams TE Evan Engram WR Jaylen Waddle WR Rome Odunze WR Courtland Sutton,,,
1719,5273695420,dingdangit,0,90.520004,DST Eagles  FLEX Colston Loveland QB Jalen Hurts RB D'Andre Swift RB Kyren Williams TE Terrance Ferguson WR Jaylen Waddle WR Davante Adams WR Dontayvion Wicks,,,
1719,5273772004,GroveRio500,0,90.520004,DST Broncos  FLEX Saquon Barkley QB Jalen Hurts RB D'Andre Swift RB Blake Corum TE Zach Ertz WR Jaylen Waddle WR Davante Adams WR Courtland Sutton,,,
1719,5271678208,Pandemic,0,90.52,DST Eagles  FLEX Kyren Williams QB Jalen Hurts RB Saquon Barkley RB D'Andre Swift TE Evan Engram WR Jaylen Waddle WR Davante Adams WR Dontayvion Wicks,,,
1719,5272554134,TAS6811,0,90.52,DST Eagles  FLEX D'Andre Swift QB Jalen Hurts RB Saquon Barkley RB Kyren Williams TE Evan Engram WR Jaylen Waddle WR Davante Adams WR Dontayvion Wicks,,,
1719,5272819194,ctop817,0,90.52,DST Eagles  FLEX Saquon Barkley QB Jalen Hurts RB D'Andre Swift RB Kyren Williams TE Evan Engram WR Jaylen Waddle WR Davante Adams WR Dontayvion Wicks,,,
1719,5272886954,SgtRodgers,0,90.52,DST Eagles  FLEX D'Andre Swift QB Jalen Hurts RB Saquon Barkley RB Kyren Williams TE Evan Engram WR Jaylen Waddle WR Davante Adams WR Dontayvion Wicks,,,
1719,5273586950,Ms.Darlin,0,90.52,DST Eagles  FLEX Saquon Barkley QB Jalen Hurts RB D'Andre Swift RB Kyren Williams TE Colby Parkinson WR Jaylen Waddle WR Davante Adams WR Dontayvion Wicks,,,
1719,5273595183,Jeanteam94,0,90.52,DST Eagles  FLEX Kyren Williams QB Jalen Hurts RB Saquon Barkley RB D'Andre Swift TE Evan Engram WR Jaylen Waddle WR Davante Adams WR Dontayvion Wicks,,,
1719,5273604143,JuliaNajm,0,90.52,DST Eagles  FLEX Saquon Barkley QB Jalen Hurts RB D'Andre Swift RB Kyren Williams TE Evan Engram WR Jaylen Waddle WR Davante Adams WR Dontayvion Wicks,,,
1719,5273874876,Danielastevens,0,90.52,DST Eagles  FLEX D'Andre Swift QB Jalen Hurts RB Saquon Barkley RB Kyren Williams TE Evan Engram WR Jaylen Waddle WR Davante Adams WR Dontayvion Wicks,,,
1719,5273971852,irish2417,0,90.52,DST Eagles  FLEX D'Andre Swift QB Jalen Hurts RB Saquon Barkley RB Kyren Williams TE Evan Engram WR Jaylen Waddle WR Davante Adams WR Dontayvion Wicks,,,
1719,5274029636,GetiTdon1,0,90.52,DST Eagles  FLEX Kyren Williams QB Jalen Hurts RB Saquon Barkley RB D'Andre Swift TE Colby Parkinson WR Jaylen Waddle WR Davante Adams WR Dontayvion Wicks,,,
1719,5274100356,unreal386,0,90.52,DST Eagles  FLEX D'Andre Swift QB Jalen Hurts RB Saquon Barkley RB Kyren Williams TE Colby Parkinson WR Jaylen Waddle WR Davante Adams WR Dontayvion Wicks,,,
1732,5270903778,webster85,0,90.420006,DST Eagles  FLEX Luther Burden III QB Jalen Hurts RB Saquon Barkley RB Blake Corum TE Terrance Ferguson WR DeVonta Smith WR Jaylen Waddle WR Davante Adams,,,
1732,5271254726,noreeved,0,90.420006,DST Eagles  FLEX Luther Burden III QB Jalen Hurts RB Saquon Barkley RB Blake Corum TE Terrance Ferguson WR DeVonta Smith WR Jaylen Waddle WR Davante Adams,,,
1732,5273406966,shmoey14,0,90.420006,DST Eagles  FLEX Saquon Barkley QB Jalen Hurts RB D'Andre Swift RB Kyren Williams TE Terrance Ferguson WR DeVonta Smith WR Jaylen Waddle WR Pat Bryant,,,
1732,5273900061,HKHOTSSKHOTB,0,90.420006,DST Eagles  FLEX Saquon Barkley QB Jalen Hurts RB D'Andre Swift RB Kyren Williams TE Terrance Ferguson WR DeVonta Smith WR Jaylen Waddle WR Pat Bryant,,,
1732,5273905557,jtmittl,0,90.420006,DST Eagles  FLEX D'Andre Swift QB Jalen Hurts RB Saquon Barkley RB Kyren Williams TE Terrance Ferguson WR DeVonta Smith WR Jaylen Waddle WR Pat Bryant,,,
1732,5274109615,kmbama112,0,90.420006,DST Eagles  FLEX Saquon Barkley QB Jalen Hurts RB D'Andre Swift RB Kyren Williams TE Terrance Ferguson WR DeVonta Smith WR Jaylen Waddle WR Pat Bryant,,,
1732,5273956738,cnomar5050,0,90.42,DST Eagles  FLEX Luther Burden III QB Jalen Hurts RB Saquon Barkley RB D'Andre Swift TE Terrance Ferguson WR Jaylen Waddle WR Davante Adams WR Dontayvion Wicks,,,
1739,5274078466,Mattman2015,0,90.32001,DST Eagles  FLEX DeVonta Smith QB Jalen Hurts RB D'Andre Swift RB Blake Corum TE Evan Engram WR Jaylen Waddle WR Davante Adams WR Luther Burden III,,,
1739,5273052964,thenumber,0,90.32,DST Eagles  FLEX Kyren Williams QB Jalen Hurts RB Saquon Barkley RB Blake Corum TE Colston Loveland WR Jaylen Waddle WR Davante Adams WR Dontayvion Wicks,,,
1739,5273535265,futuro,0,90.32,DST Eagles  FLEX Blake Corum QB Jalen Hurts RB Saquon Barkley RB Kyren Williams TE Colston Loveland WR Jaylen Waddle WR Davante Adams WR Dontayvion Wicks,,,
1739,5273996050,wiz1216,0,90.32,DST Eagles  FLEX DeVonta Smith QB Jalen Hurts RB Saquon Barkley RB RJ Harvey TE Evan Engram WR Jaylen Waddle WR Davante Adams WR Pat Bryant,,,
1739,5273381143,nuffnutz,0,90.31999,DST Rams  FLEX Courtland Sutton QB Jalen Hurts RB D'Andre Swift RB RJ Harvey TE Colston Loveland WR DeVonta Smith WR Luther Burden III WR Dontayvion Wicks,,,
1744,5274080991,tpikenn,0,90.3,DST Eagles  FLEX Rome Odunze QB Matthew Stafford RB Saquon Barkley RB Blake Corum TE Zach Ertz WR DeVonta Smith WR Jaylen Waddle WR Davante Adams,,,
1745,5274138720,mroenbrook,0,90.22,DST Rams  FLEX Jaylen Waddle QB Jalen Hurts RB D'Andre Swift RB RJ Harvey TE Terrance Ferguson WR DeVonta Smith WR Davante Adams WR Courtland Sutton,,,
1745,5273511173,Stagnet,0,90.21999,DST Eagles  FLEX Dontayvion Wicks QB Jalen Hurts RB Saquon Barkley RB Kyren Williams TE Terrance Ferguson WR DeVonta Smith WR Jaylen Waddle WR Luther Burden III,,,
1745,5273912511,tbacc,0,90.21999,DST Eagles  FLEX Dontayvion Wicks QB Jalen Hurts RB Saquon Barkley RB Kyren Williams TE Terrance Ferguson WR DeVonta Smith WR Jaylen Waddle WR Luther Burden III,,,
1748,5270789645,Acer316,0,90.200005,DST Rams  FLEX DeVonta Smith QB Matthew Stafford RB J.K. Dobbins RB Kyle Monangai TE Terrance Ferguson WR Jaylen Waddle WR Davante Adams WR Rome Odunze,,,
1749,5274085064,nicolo.carlson2,0,90.12,DST Eagles  FLEX Troy Franklin QB Jalen Hurts RB Saquon Barkley RB Kyren Williams TE Colby Parkinson WR DeVonta Smith WR Jaylen Waddle WR Davante Adams,,,
1749,5274089706,modece,0,90.12,DST Eagles  FLEX Troy Franklin QB Jalen Hurts RB Saquon Barkley RB Kyren Williams TE Colby Parkinson WR DeVonta Smith WR Jaylen Waddle WR Davante Adams,,,
1749,5273858461,kowalr,0,90.119995,DST Broncos  FLEX Jaylen Waddle QB Jalen Hurts RB Saquon Barkley RB Kyren Williams TE Colby Parkinson WR DeVonta Smith WR Courtland Sutton WR Dontayvion Wicks,,,
1749,5274052096,LUE92,0,90.119995,DST Eagles  FLEX Evan Engram QB Jalen Hurts RB Saquon Barkley RB Kyren Williams TE Terrance Ferguson WR DeVonta Smith WR Davante Adams WR Courtland Sutton,,,
1749,5274101448,dogon_ss,0,90.119995,DST Rams  FLEX Saquon Barkley QB Jalen Hurts RB Kyren Williams RB Blake Corum TE Colston Loveland WR Jaylen Waddle WR Luther Burden III WR Makai Lemon,,,
1754,5272841554,Hank-it,0,89.82,DST Eagles  FLEX Saquon Barkley QB Jalen Hurts RB D'Andre Swift RB RJ Harvey TE Zach Ertz WR DeVonta Smith WR Davante Adams WR Courtland Sutton,,,
1755,5273835629,Jingo,0,89.740005,DST Eagles  FLEX Davante Adams QB Bo Nix RB Saquon Barkley RB Blake Corum TE Terrance Ferguson WR DeVonta Smith WR Jaylen Waddle WR Courtland Sutton,,,
1756,5273578611,sherpatyme,0,89.520004,DST Eagles  FLEX Jaylen Waddle QB Jalen Hurts RB Saquon Barkley RB RJ Harvey TE Terrance Ferguson WR DeVonta Smith WR Pat Bryant WR Kalif Raymond,,,
1756,5273960962,BigPapaPuffy,0,89.520004,DST Eagles  FLEX Jaylen Waddle QB Jalen Hurts RB Saquon Barkley RB Kyren Williams TE Colby Parkinson WR Davante Adams WR Rome Odunze WR Courtland Sutton,,,
1758,5274140305,thekingcompound,0,89.34,DST Eagles  FLEX DeVonta Smith QB Bo Nix RB Saquon Barkley RB Kyle Monangai TE Terrance Ferguson WR Jaylen Waddle WR Davante Adams WR Courtland Sutton,,,
1759,5271581919,SpeedRacer101,0,89.32,DST Broncos  FLEX DeVonta Smith QB Jalen Hurts RB D'Andre Swift RB Kyle Monangai TE Evan Engram WR Jaylen Waddle WR Davante Adams WR Dontayvion Wicks,,,
1760,5273290891,martini13,0,89.1,DST Rams  FLEX Kyren Williams QB Tyson Bagent RB Saquon Barkley RB D'Andre Swift TE Zach Ertz WR DeVonta Smith WR Jaylen Waddle WR Davante Adams,,,
1760,5274019744,luckywvu,0,89.1,DST Rams  FLEX D'Andre Swift QB Tyson Bagent RB Saquon Barkley RB Kyren Williams TE Terrance Ferguson WR DeVonta Smith WR Jaylen Waddle WR Davante Adams,,,
1762,5269130093,Lboogie9135,0,89.020004,DST Broncos  FLEX J.K. Dobbins QB Jalen Hurts RB Saquon Barkley RB Blake Corum TE Evan Engram WR DeVonta Smith WR Jaylen Waddle WR Davante Adams,,,
1763,5270411231,adamgp03,0,88.920006,DST Eagles  FLEX Jaylen Waddle QB Jalen Hurts RB D'Andre Swift RB Kyren Williams TE Evan Engram WR Davante Adams WR Rome Odunze WR Dontayvion Wicks,,,
1763,5273924812,fantasyshep,0,88.920006,DST Eagles  FLEX Terrance Ferguson QB Jalen Hurts RB Saquon Barkley RB Kyren Williams TE Evan Engram WR DeVonta Smith WR Jaylen Waddle WR Davante Adams,,,
1765,5269123113,SliceB,0,88.8,DST Eagles  FLEX Kyle Monangai QB Matthew Stafford RB Saquon Barkley RB J.K. Dobbins TE Terrance Ferguson WR DeVonta Smith WR Jaylen Waddle WR Davante Adams,,,
1765,5273631723,bgrundt,0,88.8,DST Eagles  FLEX Saquon Barkley QB Matthew Stafford RB J.K. Dobbins RB Kyle Monangai TE Terrance Ferguson WR DeVonta Smith WR Jaylen Waddle WR Davante Adams,,,
1767,5270849444,erdavis,0,88.78,DST Rams  FLEX Saquon Barkley QB Case Keenum RB D'Andre Swift RB Kyle Monangai TE Zach Ertz WR Davante Adams WR Courtland Sutton WR Dontayvion Wicks,,,
1768,5271998451,sarasoxs,0,88.62,DST Eagles  FLEX Dontayvion Wicks QB Jalen Hurts RB Kyren Williams RB Blake Corum TE Terrance Ferguson WR DeVonta Smith WR Jaylen Waddle WR Davante Adams,,,
1768,5273710243,laboni64,0,88.62,DST Eagles  FLEX Dontayvion Wicks QB Jalen Hurts RB Kyren Williams RB Blake Corum TE Terrance Ferguson WR DeVonta Smith WR Jaylen Waddle WR Davante Adams,,,
1770,5273538312,buzzkiabo,0,88.52,DST Eagles  FLEX Saquon Barkley QB Jalen Hurts RB Kyren Williams RB Blake Corum TE Terrance Ferguson WR DeVonta Smith WR Jaylen Waddle WR Luther Burden III,,,
1771,5274005228,ggwells,0,88.32001,DST Rams  FLEX Zach Ertz QB Jalen Hurts RB Kyren Williams RB Blake Corum TE Terrance Ferguson WR DeVonta Smith WR Jaylen Waddle WR Davante Adams,,,
1772,5274128000,seabie123,0,88.3,DST Eagles  FLEX D'Andre Swift QB Matthew Stafford RB Saquon Barkley RB Kyren Williams TE Terrance Ferguson WR DeVonta Smith WR Jaylen Waddle WR Jordan Whittington,,,
1773,5273780281,bartbray11,0,88.21999,DST Eagles  FLEX Dontayvion Wicks QB Jalen Hurts RB Kyren Williams RB Kyle Monangai TE Zach Ertz WR DeVonta Smith WR Jaylen Waddle WR Davante Adams,,,
1773,5273871370,whitepete,0,88.21999,DST Eagles  FLEX DeVonta Smith QB Jalen Hurts RB Saquon Barkley RB Kyren Williams TE Colby Parkinson WR Davante Adams WR Courtland Sutton WR Jordan Whittington,,,
1775,5269911610,Blago,0,88.119995,DST Broncos  FLEX Kyren Williams QB Jalen Hurts RB Saquon Barkley RB D'Andre Swift TE Johnny Mundt WR Jaylen Waddle WR Makai Lemon WR Dontayvion Wicks,,,
1776,5271610839,berkosworld,0,88,DST Rams  FLEX Saquon Barkley QB Tyson Bagent RB D'Andre Swift RB Kyren Williams TE Colston Loveland WR Davante Adams WR Rome Odunze WR Dontayvion Wicks,,,
1777,5274116264,mathewgilson,0,87.9,DST Bears  FLEX D'Andre Swift QB Matthew Stafford RB J.K. Dobbins RB Blake Corum TE Colby Parkinson WR Rome Odunze WR Courtland Sutton WR Pat Bryant,,,
1778,5273226912,pigskinmaster,0,87.82001,DST Rams  FLEX D'Andre Swift QB Jalen Hurts RB Kyren Williams RB Kyle Monangai TE Terrance Ferguson WR Jaylen Waddle WR Luther Burden III WR Rome Odunze,,,
1778,5273713571,Billburtonabq,0,87.82,DST Eagles  FLEX D'Andre Swift QB Jalen Hurts RB Saquon Barkley RB Kyren Williams TE Evan Engram WR Jaylen Waddle WR Dontayvion Wicks WR Kalif Raymond,,,
1780,5273963560,micalwilliams,0,87.72001,DST Eagles  FLEX D'Andre Swift QB Jalen Hurts RB Kyren Williams RB J.K. Dobbins TE Zach Ertz WR DeVonta Smith WR Jaylen Waddle WR Pat Bryant,,,
1781,5273743317,mrclassy231,0,87.700005,DST Eagles  FLEX Colston Loveland QB Matthew Stafford RB Saquon Barkley RB Kyle Monangai TE Evan Engram WR DeVonta Smith WR Jaylen Waddle WR Davante Adams,,,
1782,5273974153,sicilykid,0,87.520004,DST Eagles  FLEX Terrance Ferguson QB Jalen Hurts RB Kyren Williams RB Tank Bigsby TE Colston Loveland WR DeVonta Smith WR Jaylen Waddle WR Davante Adams,,,
1783,5273394822,Keans,0,87.42,DST Eagles  FLEX J.K. Dobbins QB Jalen Hurts RB Kyren Williams RB Kyle Monangai TE Cole Kmet WR DeVonta Smith WR Jaylen Waddle WR Davante Adams,,,
1783,5273605543,NeoRevan,0,87.42,DST Eagles  FLEX Saquon Barkley QB Jalen Hurts RB D'Andre Swift RB RJ Harvey TE Terrance Ferguson WR DeVonta Smith WR Davante Adams WR Dontayvion Wicks,,,
1783,5273985840,Jazz1966,0,87.42,DST Eagles  FLEX Saquon Barkley QB Jalen Hurts RB Kyren Williams RB Kyle Monangai TE Colby Parkinson WR DeVonta Smith WR Jaylen Waddle WR Kalif Raymond,,,
1786,5273703205,imthedraftking187,0,87.2,DST Rams  FLEX Kyren Williams QB Tyson Bagent RB Saquon Barkley RB D'Andre Swift TE Colby Parkinson WR DeVonta Smith WR Jaylen Waddle WR Davante Adams,,,
1787,5273866872,chum_slice,0,87.020004,DST Eagles  FLEX Evan Engram QB Jalen Hurts RB Saquon Barkley RB Kyren Williams TE Colby Parkinson WR DeVonta Smith WR Jaylen Waddle WR Davante Adams,,,
1787,5273274180,wallyswahoos,0,87.02,DST Broncos  FLEX Tank Bigsby QB Jalen Hurts RB Saquon Barkley RB Kyle Monangai TE Colston Loveland WR DeVonta Smith WR Luther Burden III WR Rome Odunze,,,
1789,5273853842,kingmax196,0,87,DST Broncos  FLEX Jaylen Waddle QB Tyson Bagent RB Saquon Barkley RB D'Andre Swift TE Colston Loveland WR DeVonta Smith WR Luther Burden III WR Rome Odunze,,,
1790,5273383332,Itzpcraft,0,86.920006,DST Rams  FLEX Saquon Barkley QB Jalen Hurts RB Kyren Williams RB Blake Corum TE Colby Parkinson WR Jaylen Waddle WR Davante Adams WR Makai Lemon,,,
1791,5273810971,tsoms26,0,86.9,DST Eagles  FLEX Saquon Barkley QB Matthew Stafford RB J.K. Dobbins RB Kyle Monangai TE Evan Engram WR DeVonta Smith WR Jaylen Waddle WR Davante Adams,,,
1791,5274016935,btsmith1977,0,86.9,DST Eagles  FLEX Kyle Monangai QB Matthew Stafford RB Saquon Barkley RB J.K. Dobbins TE Evan Engram WR DeVonta Smith WR Jaylen Waddle WR Davante Adams,,,
1793,5274118542,BrendanSalter42,0,86.84,DST Eagles  FLEX Saquon Barkley QB Bo Nix RB D'Andre Swift RB RJ Harvey TE Colston Loveland WR DeVonta Smith WR Jaylen Waddle WR Dontayvion Wicks,,,
1794,5273559506,abacab14,0,86.82,DST Eagles  FLEX Kyren Williams QB Jalen Hurts RB RJ Harvey RB Blake Corum TE Terrance Ferguson WR Jaylen Waddle WR Davante Adams WR Dontayvion Wicks,,,
1795,5273168607,JonJakobs,0,86.31999,DST Eagles  FLEX Saquon Barkley QB Jalen Hurts RB Kyren Williams RB Tank Bigsby TE Evan Engram WR DeVonta Smith WR Davante Adams WR Dontayvion Wicks,,,
1795,5274029793,twr_15,0,86.31999,DST Eagles  FLEX Jaylen Waddle QB Jalen Hurts RB Kyren Williams RB Kyle Monangai TE Evan Engram WR DeVonta Smith WR Davante Adams WR Dontayvion Wicks,,,
1797,5273537286,Queen0135,0,86.22,DST Broncos  FLEX Evan Engram QB Jalen Hurts RB D'Andre Swift RB Kyren Williams TE Terrance Ferguson WR DeVonta Smith WR Jaylen Waddle WR Dontayvion Wicks,,,
1797,5269662460,vperri28,0,86.21999,DST Eagles  FLEX Colston Loveland QB Jalen Hurts RB Saquon Barkley RB D'Andre Swift TE Terrance Ferguson WR DeVonta Smith WR Davante Adams WR Courtland Sutton,,,
1799,5273500020,shawnmilligan100,0,86.12,DST Rams  FLEX Jaylen Waddle QB Jalen Hurts RB Saquon Barkley RB D'Andre Swift TE Terrance Ferguson WR DeVonta Smith WR Davante Adams WR Dontayvion Wicks,,,
1799,5273648944,aj4evers,0,86.12,DST Rams  FLEX DeVonta Smith QB Jalen Hurts RB Saquon Barkley RB D'Andre Swift TE Terrance Ferguson WR Jaylen Waddle WR Davante Adams WR Dontayvion Wicks,,,
1799,5273685783,dschmitz,0,86.12,DST Rams  FLEX Dontayvion Wicks QB Jalen Hurts RB Saquon Barkley RB D'Andre Swift TE Terrance Ferguson WR DeVonta Smith WR Jaylen Waddle WR Davante Adams,,,
1799,5273693424,JRBucks34,0,86.12,DST Rams  FLEX Jaylen Waddle QB Jalen Hurts RB Saquon Barkley RB D'Andre Swift TE Terrance Ferguson WR DeVonta Smith WR Davante Adams WR Dontayvion Wicks,,,
1799,5273904932,zzkq52,0,86.12,DST Rams  FLEX Dontayvion Wicks QB Jalen Hurts RB Saquon Barkley RB D'Andre Swift TE Terrance Ferguson WR DeVonta Smith WR Jaylen Waddle WR Davante Adams,,,
1799,5273981630,Ramsey4513,0,86.12,DST Rams  FLEX Davante Adams QB Jalen Hurts RB Saquon Barkley RB D'Andre Swift TE Terrance Ferguson WR DeVonta Smith WR Jaylen Waddle WR Dontayvion Wicks,,,
1799,5274146455,LysergicLuther,0,86.12,DST Rams  FLEX Davante Adams QB Jalen Hurts RB Saquon Barkley RB D'Andre Swift TE Terrance Ferguson WR DeVonta Smith WR Jaylen Waddle WR Dontayvion Wicks,,,
1806,5273314876,bbqwright,0,86.1,DST Eagles  FLEX Saquon Barkley QB Tyson Bagent RB D'Andre Swift RB Kyren Williams TE Terrance Ferguson WR DeVonta Smith WR Jaylen Waddle WR Davante Adams,,,
1806,5273383413,hebdog,0,86.1,DST Eagles  FLEX D'Andre Swift QB Tyson Bagent RB Saquon Barkley RB Kyren Williams TE Zach Ertz WR DeVonta Smith WR Jaylen Waddle WR Davante Adams,,,
1808,5273703235,reg7709,0,85.920006,DST Eagles  FLEX Kalif Raymond QB Jalen Hurts RB Kyren Williams RB Blake Corum TE Terrance Ferguson WR DeVonta Smith WR Jaylen Waddle WR Dontayvion Wicks,,,
1809,5273977099,tcoveney4,0,85.700005,DST Rams  FLEX Davante Adams QB Tyson Bagent RB Saquon Barkley RB Kyren Williams TE Zach Ertz WR DeVonta Smith WR Jaylen Waddle WR Rome Odunze,,,
1810,5273840445,ogdirtyd,0,85.42,DST Rams  FLEX Saquon Barkley QB Jalen Hurts RB D'Andre Swift RB Kyren Williams TE Terrance Ferguson WR DeVonta Smith WR Courtland Sutton WR Dontayvion Wicks,,,
1811,5273860810,jbarcomb920,0,85.22,DST Eagles  FLEX D'Andre Swift QB Jalen Hurts RB Saquon Barkley RB J.K. Dobbins TE Terrance Ferguson WR DeVonta Smith WR Davante Adams WR Rome Odunze,,,
1811,5274004053,Zig-1,0,85.22,DST Rams  FLEX Saquon Barkley QB Jalen Hurts RB D'Andre Swift RB Kyren Williams TE Zach Ertz WR DeVonta Smith WR Rome Odunze WR Dontayvion Wicks,,,
1813,5273786290,JDono87,0,85.12,DST Eagles  FLEX Blake Corum QB Jalen Hurts RB Saquon Barkley RB Kyren Williams TE Terrance Ferguson WR Jaylen Waddle WR Davante Adams WR Dontayvion Wicks,,,
1814,5272373412,Papy324,0,84.920006,DST Rams  FLEX D'Andre Swift QB Jalen Hurts RB Saquon Barkley RB Kyren Williams TE Terrance Ferguson WR DeVonta Smith WR Jaylen Waddle WR Makai Lemon,,,
1814,5271556768,mythicalrhymer01,0,84.92,DST Eagles  FLEX Colston Loveland QB Jalen Hurts RB Saquon Barkley RB RJ Harvey TE Terrance Ferguson WR DeVonta Smith WR Jaylen Waddle WR Davante Adams,,,
1816,5274036574,korzone,0,84.71999,DST Eagles  FLEX Saquon Barkley QB Jalen Hurts RB Kyren Williams RB Kyle Monangai TE Terrance Ferguson WR Jaylen Waddle WR Davante Adams WR Dontayvion Wicks,,,
1817,5270326020,Niteowl45,0,84.62,DST Eagles  FLEX Saquon Barkley QB Jalen Hurts RB D'Andre Swift RB Kyren Williams TE Terrance Ferguson WR DeVonta Smith WR Rome Odunze WR Courtland Sutton,,,
1817,5273554692,uneekjettson,0,84.62,DST Eagles  FLEX Saquon Barkley QB Jalen Hurts RB D'Andre Swift RB Kyren Williams TE Zach Ertz WR DeVonta Smith WR Rome Odunze WR Courtland Sutton,,,
1817,5273683260,npp2234,0,84.62,DST Eagles  FLEX D'Andre Swift QB Jalen Hurts RB Saquon Barkley RB Kyren Williams TE Terrance Ferguson WR DeVonta Smith WR Rome Odunze WR Courtland Sutton,,,
1817,5274041772,joegustafson330,0,84.62,DST Eagles  FLEX Saquon Barkley QB Jalen Hurts RB D'Andre Swift RB Kyren Williams TE Terrance Ferguson WR DeVonta Smith WR Rome Odunze WR Courtland Sutton,,,
1817,5273611160,cbo2468,0,84.619995,DST Eagles  FLEX Davante Adams QB Jalen Hurts RB Saquon Barkley RB D'Andre Swift TE Cole Kmet WR DeVonta Smith WR Rome Odunze WR Courtland Sutton,,,
1822,5274106989,HaamWow,0,84.52,DST Rams  FLEX Blake Corum QB Jalen Hurts RB Saquon Barkley RB D'Andre Swift TE Colston Loveland WR DeVonta Smith WR Luther Burden III WR Dontayvion Wicks,,,
1823,5272657898,RBraz,0,84.31999,DST Eagles  FLEX Dontayvion Wicks QB Jalen Hurts RB Saquon Barkley RB D'Andre Swift TE Zach Ertz WR DeVonta Smith WR Davante Adams WR Courtland Sutton,,,
1823,5274058991,Boogieman01,0,84.31999,DST Eagles  FLEX DeVonta Smith QB Jalen Hurts RB Saquon Barkley RB D'Andre Swift TE Zach Ertz WR Davante Adams WR Courtland Sutton WR Dontayvion Wicks,,,
1825,5273336052,loafinit,0,84.22,DST Rams  FLEX Kyren Williams QB Jalen Hurts RB Saquon Barkley RB D'Andre Swift TE Terrance Ferguson WR DeVonta Smith WR Jaylen Waddle WR Dontayvion Wicks,,,
1825,5273605521,erdmannb,0,84.22,DST Rams  FLEX D'Andre Swift QB Jalen Hurts RB Saquon Barkley RB Kyren Williams TE Terrance Ferguson WR DeVonta Smith WR Jaylen Waddle WR Dontayvion Wicks,,,
1825,5273787071,TLUV,0,84.22,DST Rams  FLEX Saquon Barkley QB Jalen Hurts RB D'Andre Swift RB Kyren Williams TE Terrance Ferguson WR DeVonta Smith WR Jaylen Waddle WR Dontayvion Wicks,,,
1825,5273964020,siggyfootball,0,84.22,DST Rams  FLEX Saquon Barkley QB Jalen Hurts RB D'Andre Swift RB Kyren Williams TE Terrance Ferguson WR DeVonta Smith WR Jaylen Waddle WR Dontayvion Wicks,,,
1829,5270531901,bosox0412,0,84.119995,DST Eagles  FLEX DeVonta Smith QB Jalen Hurts RB Saquon Barkley RB D'Andre Swift TE Zach Ertz WR Davante Adams WR Rome Odunze WR Dontayvion Wicks,,,
1829,5271428107,cbeyer,0,84.119995,DST Eagles  FLEX Davante Adams QB Jalen Hurts RB Saquon Barkley RB D'Andre Swift TE Zach Ertz WR DeVonta Smith WR Rome Odunze WR Dontayvion Wicks,,,
1829,5273528993,sixers1212,0,84.119995,DST Eagles  FLEX Saquon Barkley QB Jalen Hurts RB Kyren Williams RB Blake Corum TE Colby Parkinson WR DeVonta Smith WR Davante Adams WR Jordan Whittington,,,
1832,5270768611,cw1tt,0,83.72,DST Rams  FLEX D'Andre Swift QB Jalen Hurts RB Saquon Barkley RB Kyren Williams TE Johnny Mundt WR DeVonta Smith WR Jaylen Waddle WR Dontayvion Wicks,,,
1832,5273804112,Kdade01,0,83.72,DST Eagles  FLEX Jaylen Waddle QB Jalen Hurts RB Kyren Williams RB Tank Bigsby TE Evan Engram WR DeVonta Smith WR Davante Adams WR Dontayvion Wicks,,,
1834,5272211852,JustTheTuaUs9,0,83.520004,DST Eagles  FLEX Kyren Williams QB Jalen Hurts RB Kyle Monangai RB Tyler Badie TE Evan Engram WR DeVonta Smith WR Jaylen Waddle WR Davante Adams,,,
1835,5273332785,jenrn4532,0,83.31999,DST Eagles  FLEX Saquon Barkley QB Jalen Hurts RB Kyren Williams RB Tank Bigsby TE Zach Ertz WR Davante Adams WR Courtland Sutton WR Dontayvion Wicks,,,
1836,5269437283,Weber4,0,83.12,DST Eagles  FLEX DeVonta Smith QB Jalen Hurts RB Saquon Barkley RB D'Andre Swift TE Terrance Ferguson WR Jaylen Waddle WR Davante Adams WR Dontayvion Wicks,,,
1836,5269691090,Lance25929,0,83.12,DST Eagles  FLEX Dontayvion Wicks QB Jalen Hurts RB Saquon Barkley RB D'Andre Swift TE Terrance Ferguson WR DeVonta Smith WR Jaylen Waddle WR Davante Adams,,,
1836,5270114410,RAWright999,0,83.12,DST Eagles  FLEX Dontayvion Wicks QB Jalen Hurts RB Saquon Barkley RB D'Andre Swift TE Terrance Ferguson WR DeVonta Smith WR Jaylen Waddle WR Davante Adams,,,
1836,5270444939,supaboro,0,83.12,DST Eagles  FLEX Dontayvion Wicks QB Jalen Hurts RB Saquon Barkley RB D'Andre Swift TE Terrance Ferguson WR DeVonta Smith WR Jaylen Waddle WR Davante Adams,,,
1836,5270534578,kceez,0,83.12,DST Eagles  FLEX Davante Adams QB Jalen Hurts RB Saquon Barkley RB D'Andre Swift TE Terrance Ferguson WR DeVonta Smith WR Jaylen Waddle WR Dontayvion Wicks,,,
1836,5270845277,mmm2005,0,83.12,DST Eagles  FLEX Davante Adams QB Jalen Hurts RB Saquon Barkley RB D'Andre Swift TE Terrance Ferguson WR DeVonta Smith WR Jaylen Waddle WR Dontayvion Wicks,,,
1836,5271328698,3334,0,83.12,DST Eagles  FLEX Dontayvion Wicks QB Jalen Hurts RB Saquon Barkley RB D'Andre Swift TE Terrance Ferguson WR DeVonta Smith WR Jaylen Waddle WR Davante Adams,,,
1836,5272162040,Dogs498,0,83.12,DST Eagles  FLEX Dontayvion Wicks QB Jalen Hurts RB Saquon Barkley RB D'Andre Swift TE Terrance Ferguson WR DeVonta Smith WR Jaylen Waddle WR Davante Adams,,,
1836,5272435427,ChiefGordon,0,83.12,DST Eagles  FLEX Dontayvion Wicks QB Jalen Hurts RB Saquon Barkley RB D'Andre Swift TE Terrance Ferguson WR DeVonta Smith WR Jaylen Waddle WR Davante Adams,,,
1836,5272510855,DRupe57,0,83.12,DST Eagles  FLEX Jaylen Waddle QB Jalen Hurts RB Saquon Barkley RB D'Andre Swift TE Terrance Ferguson WR DeVonta Smith WR Davante Adams WR Dontayvion Wicks,,,
1836,5272540725,rishiesr,0,83.12,DST Eagles  FLEX Dontayvion Wicks QB Jalen Hurts RB Saquon Barkley RB D'Andre Swift TE Terrance Ferguson WR DeVonta Smith WR Jaylen Waddle WR Davante Adams,,,
1836,5272917311,BeerNutz1976,0,83.12,DST Eagles  FLEX Dontayvion Wicks QB Jalen Hurts RB Saquon Barkley RB D'Andre Swift TE Terrance Ferguson WR DeVonta Smith WR Jaylen Waddle WR Davante Adams,,,
1836,5273191618,peytman,0,83.12,DST Eagles  FLEX Jaylen Waddle QB Jalen Hurts RB Saquon Barkley RB D'Andre Swift TE Terrance Ferguson WR DeVonta Smith WR Davante Adams WR Dontayvion Wicks,,,
1836,5273322881,wrabl,0,83.12,DST Eagles  FLEX DeVonta Smith QB Jalen Hurts RB Saquon Barkley RB D'Andre Swift TE Terrance Ferguson WR Jaylen Waddle WR Davante Adams WR Dontayvion Wicks,,,
1836,5273383983,msimms11,0,83.12,DST Eagles  FLEX Dontayvion Wicks QB Jalen Hurts RB Saquon Barkley RB D'Andre Swift TE Terrance Ferguson WR DeVonta Smith WR Jaylen Waddle WR Davante Adams,,,
1836,5273398527,bluefalcon67114,0,83.12,DST Eagles  FLEX DeVonta Smith QB Jalen Hurts RB Saquon Barkley RB D'Andre Swift TE Terrance Ferguson WR Jaylen Waddle WR Davante Adams WR Dontayvion Wicks,,,
1836,5273478160,leighton32,0,83.12,DST Eagles  FLEX Dontayvion Wicks QB Jalen Hurts RB Saquon Barkley RB D'Andre Swift TE Terrance Ferguson WR DeVonta Smith WR Jaylen Waddle WR Davante Adams,,,
1836,5273580651,Lemon007,0,83.12,DST Eagles  FLEX DeVonta Smith QB Jalen Hurts RB Saquon Barkley RB D'Andre Swift TE Terrance Ferguson WR Jaylen Waddle WR Davante Adams WR Dontayvion Wicks,,,
1836,5273640550,buttgina,0,83.12,DST Eagles  FLEX DeVonta Smith QB Jalen Hurts RB Saquon Barkley RB D'Andre Swift TE Terrance Ferguson WR Jaylen Waddle WR Davante Adams WR Dontayvion Wicks,,,
1836,5273647594,Kryptic78,0,83.12,DST Eagles  FLEX DeVonta Smith QB Jalen Hurts RB Saquon Barkley RB D'Andre Swift TE Terrance Ferguson WR Jaylen Waddle WR Davante Adams WR Dontayvion Wicks,,,
1836,5273647761,Carolinablue12,0,83.12,DST Eagles  FLEX Dontayvion Wicks QB Jalen Hurts RB Saquon Barkley RB D'Andre Swift TE Terrance Ferguson WR DeVonta Smith WR Jaylen Waddle WR Davante Adams,,,
1836,5273666553,Edd436811,0,83.12,DST Eagles  FLEX Dontayvion Wicks QB Jalen Hurts RB Saquon Barkley RB D'Andre Swift TE Terrance Ferguson WR DeVonta Smith WR Jaylen Waddle WR Davante Adams,,,
1836,5273693958,mevs4889,0,83.12,DST Eagles  FLEX Dontayvion Wicks QB Jalen Hurts RB Saquon Barkley RB D'Andre Swift TE Terrance Ferguson WR DeVonta Smith WR Jaylen Waddle WR Davante Adams,,,
1836,5273717022,bguild91,0,83.12,DST Eagles  FLEX Dontayvion Wicks QB Jalen Hurts RB Saquon Barkley RB D'Andre Swift TE Terrance Ferguson WR DeVonta Smith WR Jaylen Waddle WR Davante Adams,,,
1836,5273831141,Byredco,0,83.12,DST Eagles  FLEX Dontayvion Wicks QB Jalen Hurts RB Saquon Barkley RB D'Andre Swift TE Terrance Ferguson WR DeVonta Smith WR Jaylen Waddle WR Davante Adams,,,
1836,5273861291,vijes10,0,83.12,DST Eagles  FLEX Dontayvion Wicks QB Jalen Hurts RB Saquon Barkley RB D'Andre Swift TE Terrance Ferguson WR DeVonta Smith WR Jaylen Waddle WR Davante Adams,,,
1836,5273891554,cougarks11,0,83.12,DST Eagles  FLEX Jaylen Waddle QB Jalen Hurts RB Saquon Barkley RB D'Andre Swift TE Terrance Ferguson WR DeVonta Smith WR Davante Adams WR Dontayvion Wicks,,,
1836,5273947396,brotherphilguitar,0,83.12,DST Eagles  FLEX DeVonta Smith QB Jalen Hurts RB Saquon Barkley RB D'Andre Swift TE Terrance Ferguson WR Jaylen Waddle WR Davante Adams WR Dontayvion Wicks,,,
1836,5273978841,amerine19,0,83.12,DST Eagles  FLEX Jaylen Waddle QB Jalen Hurts RB Saquon Barkley RB D'Andre Swift TE Terrance Ferguson WR DeVonta Smith WR Davante Adams WR Dontayvion Wicks,,,
1836,5274005811,gangreen260,0,83.12,DST Eagles  FLEX Dontayvion Wicks QB Jalen Hurts RB Saquon Barkley RB D'Andre Swift TE Terrance Ferguson WR DeVonta Smith WR Jaylen Waddle WR Davante Adams,,,
1836,5274057931,kidshabadu,0,83.12,DST Eagles  FLEX Jaylen Waddle QB Jalen Hurts RB Saquon Barkley RB D'Andre Swift TE Terrance Ferguson WR DeVonta Smith WR Davante Adams WR Dontayvion Wicks,,,
1836,5274128504,DSBG,0,83.12,DST Eagles  FLEX Dontayvion Wicks QB Jalen Hurts RB Saquon Barkley RB D'Andre Swift TE Terrance Ferguson WR DeVonta Smith WR Jaylen Waddle WR Davante Adams,,,
1836,5274117519,23Tjjames,0,83.119995,DST Eagles  FLEX Saquon Barkley QB Jalen Hurts RB Kyren Williams RB J.K. Dobbins TE Colston Loveland WR DeVonta Smith WR Courtland Sutton WR Dontayvion Wicks,,,
1869,5272030168,JayCo1326,0,83.02,DST Eagles  FLEX DeVonta Smith QB Jalen Hurts RB Saquon Barkley RB RJ Harvey TE Zach Ertz WR Jaylen Waddle WR Davante Adams WR Dontayvion Wicks,,,
1869,5273879148,kstrunk13,0,83.02,DST Eagles  FLEX DeVonta Smith QB Jalen Hurts RB Saquon Barkley RB RJ Harvey TE Terrance Ferguson WR Jaylen Waddle WR Davante Adams WR Dontayvion Wicks,,,
1871,5273703699,jaykapone45,0,82.82001,DST Eagles  FLEX Davante Adams QB Jalen Hurts RB D'Andre Swift RB J.K. Dobbins TE Zach Ertz WR DeVonta Smith WR Jaylen Waddle WR Courtland Sutton,,,
1871,5272023307,McGuido1302,0,82.82,DST Eagles  FLEX Davante Adams QB Jalen Hurts RB D'Andre Swift RB Blake Corum TE Colston Loveland WR DeVonta Smith WR Jaylen Waddle WR Dontayvion Wicks,,,
1871,5272253910,Kanobi1,0,82.82,DST Rams  FLEX Saquon Barkley QB Jalen Hurts RB D'Andre Swift RB Kyle Monangai TE Zach Ertz WR DeVonta Smith WR Davante Adams WR Dontayvion Wicks,,,
1871,5273990729,rhable26,0,82.82,DST Eagles  FLEX Dontayvion Wicks QB Jalen Hurts RB D'Andre Swift RB Blake Corum TE Colston Loveland WR DeVonta Smith WR Jaylen Waddle WR Davante Adams,,,
1871,5274116563,Mugsy1978,0,82.82,DST Broncos  FLEX Jaylen Waddle QB Jalen Hurts RB Saquon Barkley RB Tank Bigsby TE Colby Parkinson WR DeVonta Smith WR Davante Adams WR Troy Franklin,,,
1876,5273702252,ericvv1,0,82.72001,DST Eagles  FLEX D'Andre Swift QB Jalen Hurts RB Kyle Monangai RB RJ Harvey TE Terrance Ferguson WR DeVonta Smith WR Jaylen Waddle WR Davante Adams,,,
1876,5272119559,cubbypride21,0,82.72,DST Eagles  FLEX Saquon Barkley QB Jalen Hurts RB D'Andre Swift RB Kyren Williams TE Evan Engram WR DeVonta Smith WR Rome Odunze WR Courtland Sutton,,,
1876,5273398785,Camey,0,82.72,DST Eagles  FLEX Saquon Barkley QB Jalen Hurts RB D'Andre Swift RB Kyren Williams TE Evan Engram WR DeVonta Smith WR Rome Odunze WR Courtland Sutton,,,
1879,5270999521,jake3430,0,82.62,DST Eagles  FLEX Davante Adams QB Jalen Hurts RB Kyle Monangai RB Blake Corum TE Evan Engram WR DeVonta Smith WR Jaylen Waddle WR Luther Burden III,,,
1879,5273492021,jmodesky,0,82.62,DST Broncos  FLEX Colston Loveland QB Jalen Hurts RB Saquon Barkley RB D'Andre Swift TE Terrance Ferguson WR Puka Nacua WR Jaylen Waddle WR Luther Burden III,,,
1879,5273579589,BillyBall11,0,82.62,DST Eagles  FLEX Jaylen Waddle QB Jalen Hurts RB Saquon Barkley RB D'Andre Swift TE Johnny Mundt WR DeVonta Smith WR Davante Adams WR Dontayvion Wicks,,,
1879,5273871727,kathers88,0,82.619995,DST Rams  FLEX Saquon Barkley QB Jalen Hurts RB D'Andre Swift RB J.K. Dobbins TE Colby Parkinson WR DeVonta Smith WR Luther Burden III WR Courtland Sutton,,,
1883,5273271957,mizabt,0,82.54,DST Eagles  FLEX Kyle Monangai QB Bo Nix RB J.K. Dobbins RB Blake Corum TE Terrance Ferguson WR DeVonta Smith WR Jaylen Waddle WR Davante Adams,,,
1884,5273626398,Buckman1963,0,82.42,DST Eagles  FLEX D'Andre Swift QB Jalen Hurts RB Saquon Barkley RB Kyren Williams TE Zach Ertz WR DeVonta Smith WR Courtland Sutton WR Dontayvion Wicks,,,
1884,5273824764,shaunb24,0,82.42,DST Eagles  FLEX Saquon Barkley QB Jalen Hurts RB D'Andre Swift RB Kyren Williams TE Terrance Ferguson WR DeVonta Smith WR Courtland Sutton WR Dontayvion Wicks,,,
1886,5273964450,jayankeekid89,0,82.34,DST Eagles  FLEX D'Andre Swift QB Bo Nix RB Kyren Williams RB Blake Corum TE Terrance Ferguson WR Jaylen Waddle WR Courtland Sutton WR Dontayvion Wicks,,,
1887,5273832820,BChap71,0,82.12,DST Broncos  FLEX D'Andre Swift QB Jalen Hurts RB Saquon Barkley RB Blake Corum TE Colston Loveland WR DeVonta Smith WR Jaylen Waddle WR Dontayvion Wicks,,,
1888,5271566188,CrownmeK1NG,0,81.91999,DST Eagles  FLEX Evan Engram QB Jalen Hurts RB Saquon Barkley RB D'Andre Swift TE Colston Loveland WR DeVonta Smith WR Davante Adams WR Dontayvion Wicks,,,
1889,5273635378,kuntrykool48,0,81.72,DST Eagles  FLEX Terrance Ferguson QB Jalen Hurts RB D'Andre Swift RB Kyren Williams TE Colston Loveland WR DeVonta Smith WR Jaylen Waddle WR Courtland Sutton,,,
1890,5273535717,billsboys,0,81.62,DST Rams  FLEX DeVonta Smith QB Jalen Hurts RB Saquon Barkley RB J.K. Dobbins TE Terrance Ferguson WR Jaylen Waddle WR Davante Adams WR Dontayvion Wicks,,,
1890,5273606457,Droc79,0,81.619995,DST Eagles  FLEX RJ Harvey QB Jalen Hurts RB Saquon Barkley RB D'Andre Swift TE Cole Kmet WR DeVonta Smith WR Luther Burden III WR Dontayvion Wicks,,,
1892,5273730182,Tmoney0808,0,81.32,DST Eagles  FLEX Saquon Barkley QB Jalen Hurts RB RJ Harvey RB Blake Corum TE Terrance Ferguson WR DeVonta Smith WR Jaylen Waddle WR Davante Adams,,,
1892,5273838017,Huzkuzzwin9,0,81.32,DST Broncos  FLEX Jaylen Waddle QB Jalen Hurts RB Saquon Barkley RB D'Andre Swift TE Evan Engram WR DeVonta Smith WR Rome Odunze WR Courtland Sutton,,,
1892,5274048987,lionsprid313,0,81.32,DST Eagles  FLEX Saquon Barkley QB Jalen Hurts RB RJ Harvey RB Blake Corum TE Terrance Ferguson WR DeVonta Smith WR Jaylen Waddle WR Davante Adams,,,
1892,5274093647,milanmpi1,0,81.32,DST Eagles  FLEX Saquon Barkley QB Jalen Hurts RB RJ Harvey RB Blake Corum TE Terrance Ferguson WR DeVonta Smith WR Jaylen Waddle WR Davante Adams,,,
1896,5269037178,BigBKeefer,0,81.22,DST Eagles  FLEX D'Andre Swift QB Jalen Hurts RB Saquon Barkley RB Kyren Williams TE Terrance Ferguson WR DeVonta Smith WR Jaylen Waddle WR Dontayvion Wicks,,,
1896,5269608710,jewallace74,0,81.22,DST Eagles  FLEX D'Andre Swift QB Jalen Hurts RB Saquon Barkley RB Kyren Williams TE Terrance Ferguson WR DeVonta Smith WR Jaylen Waddle WR Dontayvion Wicks,,,
1896,5270016874,monkeywrench,0,81.22,DST Eagles  FLEX Saquon Barkley QB Jalen Hurts RB D'Andre Swift RB Kyren Williams TE Terrance Ferguson WR DeVonta Smith WR Jaylen Waddle WR Dontayvion Wicks,,,
1896,5270598213,MambaMayhew,0,81.22,DST Eagles  FLEX Kyren Williams QB Jalen Hurts RB Saquon Barkley RB D'Andre Swift TE Terrance Ferguson WR DeVonta Smith WR Jaylen Waddle WR Dontayvion Wicks,,,
1896,5270996579,mapham,0,81.22,DST Eagles  FLEX Kyren Williams QB Jalen Hurts RB Saquon Barkley RB D'Andre Swift TE Terrance Ferguson WR DeVonta Smith WR Jaylen Waddle WR Dontayvion Wicks,,,
1896,5271115143,cjspiller52,0,81.22,DST Eagles  FLEX Kyren Williams QB Jalen Hurts RB Saquon Barkley RB D'Andre Swift TE Terrance Ferguson WR DeVonta Smith WR Jaylen Waddle WR Dontayvion Wicks,,,
1896,5271204081,Damonri,0,81.22,DST Eagles  FLEX Saquon Barkley QB Jalen Hurts RB D'Andre Swift RB Kyren Williams TE Terrance Ferguson WR DeVonta Smith WR Jaylen Waddle WR Dontayvion Wicks,,,
1896,5271262785,drnick16,0,81.22,DST Eagles  FLEX Saquon Barkley QB Jalen Hurts RB D'Andre Swift RB Kyren Williams TE Terrance Ferguson WR DeVonta Smith WR Jaylen Waddle WR Dontayvion Wicks,,,
1896,5271485200,blitzburgh07,0,81.22,DST Eagles  FLEX Saquon Barkley QB Jalen Hurts RB D'Andre Swift RB Kyren Williams TE Terrance Ferguson WR DeVonta Smith WR Jaylen Waddle WR Dontayvion Wicks,,,
1896,5271591500,smw3184,0,81.22,DST Eagles  FLEX Saquon Barkley QB Jalen Hurts RB D'Andre Swift RB Kyren Williams TE Terrance Ferguson WR DeVonta Smith WR Jaylen Waddle WR Dontayvion Wicks,,,
1896,5271878855,Timf32,0,81.22,DST Eagles  FLEX Kyren Williams QB Jalen Hurts RB Saquon Barkley RB D'Andre Swift TE Terrance Ferguson WR DeVonta Smith WR Jaylen Waddle WR Dontayvion Wicks,,,
1896,5271955655,drose0527,0,81.22,DST Eagles  FLEX D'Andre Swift QB Jalen Hurts RB Saquon Barkley RB Kyren Williams TE Terrance Ferguson WR DeVonta Smith WR Jaylen Waddle WR Dontayvion Wicks,,,
1896,5272173966,LouD1971,0,81.22,DST Eagles  FLEX Saquon Barkley QB Jalen Hurts RB D'Andre Swift RB Kyren Williams TE Terrance Ferguson WR DeVonta Smith WR Jaylen Waddle WR Dontayvion Wicks,,,
1896,5272284716,beilke33,0,81.22,DST Eagles  FLEX D'Andre Swift QB Jalen Hurts RB Saquon Barkley RB Kyren Williams TE Terrance Ferguson WR DeVonta Smith WR Jaylen Waddle WR Dontayvion Wicks,,,
1896,5272293226,brianduffywonit,0,81.22,DST Eagles  FLEX Saquon Barkley QB Jalen Hurts RB D'Andre Swift RB Kyren Williams TE Terrance Ferguson WR DeVonta Smith WR Jaylen Waddle WR Dontayvion Wicks,,,
1896,5272544930,dwalt19522,0,81.22,DST Eagles  FLEX D'Andre Swift QB Jalen Hurts RB Saquon Barkley RB Kyren Williams TE Terrance Ferguson WR DeVonta Smith WR Jaylen Waddle WR Dontayvion Wicks,,,
1896,5272613849,Maxzclass,0,81.22,DST Eagles  FLEX Saquon Barkley QB Jalen Hurts RB D'Andre Swift RB Kyren Williams TE Terrance Ferguson WR DeVonta Smith WR Jaylen Waddle WR Dontayvion Wicks,,,
1896,5272703212,TMcHale4707,0,81.22,DST Eagles  FLEX Saquon Barkley QB Jalen Hurts RB D'Andre Swift RB Kyren Williams TE Terrance Ferguson WR DeVonta Smith WR Jaylen Waddle WR Dontayvion Wicks,,,
1896,5272807838,Lord007,0,81.22,DST Eagles  FLEX Saquon Barkley QB Jalen Hurts RB D'Andre Swift RB Kyren Williams TE Terrance Ferguson WR DeVonta Smith WR Jaylen Waddle WR Dontayvion Wicks,,,
1896,5273184877,doglife,0,81.22,DST Eagles  FLEX Saquon Barkley QB Jalen Hurts RB D'Andre Swift RB Kyren Williams TE Terrance Ferguson WR DeVonta Smith WR Jaylen Waddle WR Dontayvion Wicks,,,
1896,5273364640,paparich1957,0,81.22,DST Eagles  FLEX Kyren Williams QB Jalen Hurts RB Saquon Barkley RB D'Andre Swift TE Terrance Ferguson WR DeVonta Smith WR Jaylen Waddle WR Dontayvion Wicks,,,
1896,5273403358,JPPeine,0,81.22,DST Eagles  FLEX Kyren Williams QB Jalen Hurts RB Saquon Barkley RB D'Andre Swift TE Terrance Ferguson WR DeVonta Smith WR Jaylen Waddle WR Dontayvion Wicks,,,
1896,5273411906,manster209,0,81.22,DST Eagles  FLEX Saquon Barkley QB Jalen Hurts RB D'Andre Swift RB Kyren Williams TE Terrance Ferguson WR DeVonta Smith WR Jaylen Waddle WR Dontayvion Wicks,,,
1896,5273454952,jeffseff,0,81.22,DST Eagles  FLEX D'Andre Swift QB Jalen Hurts RB Saquon Barkley RB Kyren Williams TE Terrance Ferguson WR DeVonta Smith WR Jaylen Waddle WR Dontayvion Wicks,,,
1896,5273504849,DAVEWOODARD919,0,81.22,DST Eagles  FLEX Saquon Barkley QB Jalen Hurts RB D'Andre Swift RB Kyren Williams TE Terrance Ferguson WR DeVonta Smith WR Jaylen Waddle WR Dontayvion Wicks,,,
1896,5273610136,katytxmanmike,0,81.22,DST Eagles  FLEX Saquon Barkley QB Jalen Hurts RB D'Andre Swift RB Kyren Williams TE Terrance Ferguson WR DeVonta Smith WR Jaylen Waddle WR Dontayvion Wicks,,,
1896,5273671364,muhney11,0,81.22,DST Eagles  FLEX Saquon Barkley QB Jalen Hurts RB D'Andre Swift RB Kyren Williams TE Terrance Ferguson WR DeVonta Smith WR Jaylen Waddle WR Dontayvion Wicks,,,
1896,5273676420,salessaiv,0,81.22,DST Eagles  FLEX Saquon Barkley QB Jalen Hurts RB D'Andre Swift RB Kyren Williams TE Terrance Ferguson WR DeVonta Smith WR Jaylen Waddle WR Dontayvion Wicks,,,
1896,5273689220,HULKING33,0,81.22,DST Eagles  FLEX Saquon Barkley QB Jalen Hurts RB D'Andre Swift RB Kyren Williams TE Terrance Ferguson WR DeVonta Smith WR Jaylen Waddle WR Dontayvion Wicks,,,
1896,5273761286,timi614,0,81.22,DST Eagles  FLEX D'Andre Swift QB Jalen Hurts RB Saquon Barkley RB Kyren Williams TE Terrance Ferguson WR DeVonta Smith WR Jaylen Waddle WR Dontayvion Wicks,,,
1896,5273762317,knut0164,0,81.22,DST Eagles  FLEX Saquon Barkley QB Jalen Hurts RB D'Andre Swift RB Kyren Williams TE Terrance Ferguson WR DeVonta Smith WR Jaylen Waddle WR Dontayvion Wicks,,,
1896,5273780556,retirefast,0,81.22,DST Eagles  FLEX Saquon Barkley QB Jalen Hurts RB D'Andre Swift RB Kyren Williams TE Terrance Ferguson WR DeVonta Smith WR Jaylen Waddle WR Dontayvion Wicks,,,
1896,5273824809,Tydome_15,0,81.22,DST Eagles  FLEX D'Andre Swift QB Jalen Hurts RB Saquon Barkley RB Kyren Williams TE Terrance Ferguson WR DeVonta Smith WR Jaylen Waddle WR Dontayvion Wicks,,,
1896,5273841481,petemigs,0,81.22,DST Eagles  FLEX D'Andre Swift QB Jalen Hurts RB Saquon Barkley RB Kyren Williams TE Terrance Ferguson WR DeVonta Smith WR Jaylen Waddle WR Dontayvion Wicks,,,
1896,5273886883,vetplays11,0,81.22,DST Eagles  FLEX D'Andre Swift QB Jalen Hurts RB Saquon Barkley RB Kyren Williams TE Terrance Ferguson WR DeVonta Smith WR Jaylen Waddle WR Dontayvion Wicks,,,
1896,5273981048,Dub117,0,81.22,DST Eagles  FLEX D'Andre Swift QB Jalen Hurts RB Saquon Barkley RB Kyren Williams TE Terrance Ferguson WR DeVonta Smith WR Jaylen Waddle WR Dontayvion Wicks,,,
1896,5273988399,team-ATX,0,81.22,DST Eagles  FLEX Kyren Williams QB Jalen Hurts RB Saquon Barkley RB D'Andre Swift TE Terrance Ferguson WR DeVonta Smith WR Jaylen Waddle WR Dontayvion Wicks,,,
1896,5273995978,caine36,0,81.22,DST Eagles  FLEX Saquon Barkley QB Jalen Hurts RB D'Andre Swift RB Kyren Williams TE Terrance Ferguson WR DeVonta Smith WR Jaylen Waddle WR Dontayvion Wicks,,,
1896,5274005202,bbesonnie,0,81.22,DST Eagles  FLEX D'Andre Swift QB Jalen Hurts RB Saquon Barkley RB Kyren Williams TE Terrance Ferguson WR DeVonta Smith WR Jaylen Waddle WR Dontayvion Wicks,,,
1896,5274024693,rab126520,0,81.22,DST Eagles  FLEX Blake Corum QB Jalen Hurts RB D'Andre Swift RB RJ Harvey TE Colby Parkinson WR DeVonta Smith WR Jaylen Waddle WR Davante Adams,,,
1896,5274040457,bingo1212,0,81.22,DST Eagles  FLEX Kyren Williams QB Jalen Hurts RB Saquon Barkley RB D'Andre Swift TE Terrance Ferguson WR DeVonta Smith WR Jaylen Waddle WR Dontayvion Wicks,,,
1896,5274047068,SinMiedo,0,81.22,DST Eagles  FLEX D'Andre Swift QB Jalen Hurts RB Saquon Barkley RB Kyren Williams TE Terrance Ferguson WR DeVonta Smith WR Jaylen Waddle WR Dontayvion Wicks,,,
1896,5274129126,Mtins,0,81.22,DST Eagles  FLEX Kyren Williams QB Jalen Hurts RB Saquon Barkley RB D'Andre Swift TE Terrance Ferguson WR DeVonta Smith WR Jaylen Waddle WR Dontayvion Wicks,,,
1896,5274137707,Phlegmgoat,0,81.22,DST Eagles  FLEX D'Andre Swift QB Jalen Hurts RB Saquon Barkley RB Kyren Williams TE Terrance Ferguson WR DeVonta Smith WR Jaylen Waddle WR Dontayvion Wicks,,,
1940,5268880782,cheeky,0,81.119995,DST Eagles  FLEX Saquon Barkley QB Jalen Hurts RB Kyren Williams RB RJ Harvey TE Terrance Ferguson WR DeVonta Smith WR Jaylen Waddle WR Dontayvion Wicks,,,
1941,5271496105,jbkhd77,0,81.020004,DST Eagles  FLEX DeVonta Smith QB Jalen Hurts RB Saquon Barkley RB D'Andre Swift TE Terrance Ferguson WR Jaylen Waddle WR Davante Adams WR Troy Franklin,,,
1942,5274125299,kyle_93,0,80.939995,DST Rams  FLEX Saquon Barkley QB Bo Nix RB Tank Bigsby RB Carson Steele TE Colston Loveland WR DeVonta Smith WR Davante Adams WR Jahdae Walker,,,
1943,5273639732,Driscoe,0,80.920006,DST Eagles  FLEX Davante Adams QB Jalen Hurts RB D'Andre Swift RB J.K. Dobbins TE Evan Engram WR DeVonta Smith WR Jaylen Waddle WR Courtland Sutton,,,
1944,5270869155,kushAndOJ,0,80.72,DST Eagles  FLEX Saquon Barkley QB Jalen Hurts RB D'Andre Swift RB Kyren Williams TE Johnny Mundt WR DeVonta Smith WR Jaylen Waddle WR Dontayvion Wicks,,,
1944,5273187126,theballer007,0,80.72,DST Eagles  FLEX D'Andre Swift QB Jalen Hurts RB Saquon Barkley RB Kyren Williams TE Johnny Mundt WR DeVonta Smith WR Jaylen Waddle WR Dontayvion Wicks,,,
1946,5271721818,cargos713,0,80.700005,DST Rams  FLEX Zach Ertz QB Tyson Bagent RB Saquon Barkley RB D'Andre Swift TE Colby Parkinson WR DeVonta Smith WR Davante Adams WR Luther Burden III,,,
1947,5270565313,TZ77,0,80.62,DST Rams  FLEX DeVonta Smith QB Jalen Hurts RB D'Andre Swift RB Blake Corum TE Zach Ertz WR Jaylen Waddle WR Davante Adams WR Dontayvion Wicks,,,
1948,5274106131,frinkie,0,80.520004,DST Rams  FLEX Kyle Monangai QB Jalen Hurts RB D'Andre Swift RB Kyren Williams TE Terrance Ferguson WR DeVonta Smith WR Jaylen Waddle WR Rome Odunze,,,
1948,5273879597,kuly,0,80.52,DST Eagles  FLEX Blake Corum QB Jalen Hurts RB Saquon Barkley RB D'Andre Swift TE Evan Engram WR DeVonta Smith WR Davante Adams WR Rome Odunze,,,
1950,5269063459,ADAMBOMB23,0,80.31999,DST Eagles  FLEX Kyren Williams QB Jalen Hurts RB Saquon Barkley RB Blake Corum TE Colston Loveland WR DeVonta Smith WR Courtland Sutton WR Dontayvion Wicks,,,
1951,5271544615,felixmehrabian,0,80.22,DST Rams  FLEX Dontayvion Wicks QB Jalen Hurts RB D'Andre Swift RB Kyle Monangai TE Terrance Ferguson WR DeVonta Smith WR Jaylen Waddle WR Davante Adams,,,
1952,5273599181,tleav24,0,80.19999,DST Eagles  FLEX RJ Harvey QB Matthew Stafford RB Kyren Williams RB Kyle Monangai TE Colston Loveland WR Puka Nacua WR Jaylen Waddle WR Dontayvion Wicks,,,
1953,5273251670,CNOLAN,0,80.02,DST Rams  FLEX Blake Corum QB Jalen Hurts RB Saquon Barkley RB D'Andre Swift TE Johnny Mundt WR DeVonta Smith WR Jaylen Waddle WR Luther Burden III,,,
1954,5273894169,inception421,0,79.82,DST Eagles  FLEX Jaylen Waddle QB Jalen Hurts RB D'Andre Swift RB Kyren Williams TE Terrance Ferguson WR DeVonta Smith WR Courtland Sutton WR Dontayvion Wicks,,,
1955,5273610782,Jamin123,0,79.72,DST Broncos  FLEX J.K. Dobbins QB Jalen Hurts RB Saquon Barkley RB D'Andre Swift TE Colston Loveland WR DeVonta Smith WR Jaylen Waddle WR Jordan Whittington,,,
1956,5273644049,TDfulmer77,0,79.42,DST Eagles  FLEX RJ Harvey QB Jalen Hurts RB Saquon Barkley RB Blake Corum TE Evan Engram WR DeVonta Smith WR Jaylen Waddle WR Davante Adams,,,
1957,5273217374,aldenidiot,0,79.21999,DST Eagles  FLEX Saquon Barkley QB Jalen Hurts RB Kyren Williams RB RJ Harvey TE Evan Engram WR DeVonta Smith WR Jaylen Waddle WR Dontayvion Wicks,,,
1957,5273517852,Markman1029,0,79.21999,DST Eagles  FLEX Jaylen Waddle QB Jalen Hurts RB Saquon Barkley RB D'Andre Swift TE Zach Ertz WR DeVonta Smith WR Luther Burden III WR Dontayvion Wicks,,,
1959,5272115182,frankdp23,0,79.12,DST Eagles  FLEX J.K. Dobbins QB Jalen Hurts RB Saquon Barkley RB D'Andre Swift TE Terrance Ferguson WR Jaylen Waddle WR Davante Adams WR Rome Odunze,,,
1959,5274128061,TeeHatch,0,79.12,DST Broncos  FLEX Saquon Barkley QB Jalen Hurts RB D'Andre Swift RB Blake Corum TE Zach Ertz WR DeVonta Smith WR Jaylen Waddle WR Rome Odunze,,,
1959,5273555229,ryno513,0,79.119995,DST Rams  FLEX Kyle Monangai QB Jalen Hurts RB Saquon Barkley RB D'Andre Swift TE Zach Ertz WR Jaylen Waddle WR Davante Adams WR Courtland Sutton,,,
1962,5273661013,Mill4rat,0,79.02,DST Eagles  FLEX Rome Odunze QB Jalen Hurts RB Saquon Barkley RB Kyren Williams TE Colston Loveland WR DeVonta Smith WR Courtland Sutton WR Jordan Whittington,,,
1963,5274087107,smflynndmd,0,78.92,DST Rams  FLEX Rome Odunze QB Jalen Hurts RB Saquon Barkley RB Blake Corum TE Colston Loveland WR Jaylen Waddle WR Davante Adams WR Dontayvion Wicks,,,
1964,5274027292,broncountry,0,78.84,DST Eagles  FLEX Rome Odunze QB Bo Nix RB Saquon Barkley RB D'Andre Swift TE Evan Engram WR DeVonta Smith WR Jaylen Waddle WR Courtland Sutton,,,
1965,5271710357,LolaMae01,0,78.72,DST Rams  FLEX D'Andre Swift QB Jalen Hurts RB Kyren Williams RB Blake Corum TE Terrance Ferguson WR DeVonta Smith WR Jaylen Waddle WR Dontayvion Wicks,,,
1965,5273930876,jbhguru77,0,78.72,DST Rams  FLEX Kyren Williams QB Jalen Hurts RB Saquon Barkley RB Kyle Monangai TE Terrance Ferguson WR DeVonta Smith WR Jaylen Waddle WR Rome Odunze,,,
1965,5273864630,jimbuck10,0,78.71999,DST Eagles  FLEX Colston Loveland QB Jalen Hurts RB Saquon Barkley RB Kyren Williams TE Colby Parkinson WR Courtland Sutton WR Dontayvion Wicks WR Pat Bryant,,,
1968,5273706846,Stevemac1027,0,78.62,DST Eagles  FLEX Jaylen Waddle QB Jalen Hurts RB Saquon Barkley RB J.K. Dobbins TE Zach Ertz WR DeVonta Smith WR Davante Adams WR Dontayvion Wicks,,,
1969,5270312708,1820,0,78.520004,DST Eagles  FLEX Dontayvion Wicks QB Jalen Hurts RB D'Andre Swift RB J.K. Dobbins TE Evan Engram WR DeVonta Smith WR Jaylen Waddle WR Davante Adams,,,
1969,5273906898,two15,0,78.520004,DST Eagles  FLEX J.K. Dobbins QB Jalen Hurts RB D'Andre Swift RB Kyren Williams TE Zach Ertz WR DeVonta Smith WR Jaylen Waddle WR Dontayvion Wicks,,,
1971,5269019424,LuuukeyDay,0,78.22,DST Eagles  FLEX Courtland Sutton QB Jalen Hurts RB Saquon Barkley RB Blake Corum TE Zach Ertz WR DeVonta Smith WR Jaylen Waddle WR Davante Adams,,,
1971,5273776271,20blks,0,78.21999,DST Eagles  FLEX J.K. Dobbins QB Jalen Hurts RB Saquon Barkley RB D'Andre Swift TE Colston Loveland WR Jaylen Waddle WR Luther Burden III WR Dontayvion Wicks,,,
1973,5273797052,mjh6588,0,78.12,DST Eagles  FLEX Courtland Sutton QB Jalen Hurts RB D'Andre Swift RB Blake Corum TE Evan Engram WR DeVonta Smith WR Jaylen Waddle WR Davante Adams,,,
1973,5274022056,Nodouble,0,78.12,DST Eagles  FLEX DeVonta Smith QB Jalen Hurts RB D'Andre Swift RB Blake Corum TE Colby Parkinson WR Jaylen Waddle WR Davante Adams WR Courtland Sutton,,,
1975,5270052511,Alex17288,0,78.020004,DST Eagles  FLEX Rome Odunze QB Jalen Hurts RB Saquon Barkley RB Blake Corum TE Terrance Ferguson WR DeVonta Smith WR Jaylen Waddle WR Davante Adams,,,
1976,5274001244,coreymdyson,0,77.920006,DST Eagles  FLEX Terrance Ferguson QB Jalen Hurts RB Saquon Barkley RB D'Andre Swift TE Evan Engram WR DeVonta Smith WR Jaylen Waddle WR Davante Adams,,,
1976,5270169263,kdman72965,0,77.92,DST Eagles  FLEX Saquon Barkley QB Jalen Hurts RB D'Andre Swift RB Kyle Monangai TE Evan Engram WR DeVonta Smith WR Davante Adams WR Dontayvion Wicks,,,
1978,5273865880,zingchick,0,77.81999,DST Eagles  FLEX Will Shipley QB Jalen Hurts RB Saquon Barkley RB J.K. Dobbins TE Colston Loveland WR DeVonta Smith WR Luther Burden III WR Rome Odunze,,,
1979,5274116075,jsanta99,0,77.6,DST Eagles  FLEX D'Andre Swift QB Matthew Stafford RB Saquon Barkley RB Blake Corum TE Terrance Ferguson WR DeVonta Smith WR Jaylen Waddle WR Courtland Sutton,,,
1980,5268887913,nycgator12,0,77.52,DST Eagles  FLEX D'Andre Swift QB Jalen Hurts RB Saquon Barkley RB Blake Corum TE Terrance Ferguson WR DeVonta Smith WR Jaylen Waddle WR Luther Burden III,,,
1980,5272265601,rymalriggs,0,77.52,DST Eagles  FLEX D'Andre Swift QB Jalen Hurts RB Saquon Barkley RB Blake Corum TE Terrance Ferguson WR DeVonta Smith WR Jaylen Waddle WR Luther Burden III,,,
1980,5273091248,Lunchbx,0,77.52,DST Eagles  FLEX Saquon Barkley QB Jalen Hurts RB D'Andre Swift RB Blake Corum TE Terrance Ferguson WR DeVonta Smith WR Jaylen Waddle WR Luther Burden III,,,
1980,5273985593,bmvuyovich,0,77.52,DST Eagles  FLEX Saquon Barkley QB Jalen Hurts RB D'Andre Swift RB Blake Corum TE Terrance Ferguson WR DeVonta Smith WR Jaylen Waddle WR Luther Burden III,,,
1984,5273332101,nw2206,0,77.42,DST Eagles  FLEX Kyren Williams QB Jalen Hurts RB Saquon Barkley RB J.K. Dobbins TE Zach Ertz WR DeVonta Smith WR Jaylen Waddle WR Makai Lemon,,,
1985,5269970178,lookin4wins,0,76.920006,DST Eagles  FLEX Saquon Barkley QB Jalen Hurts RB J.K. Dobbins RB Blake Corum TE Terrance Ferguson WR DeVonta Smith WR Jaylen Waddle WR Davante Adams,,,
1986,5273604938,orlo4457,0,76.72,DST Eagles  FLEX Jaylen Waddle QB Jalen Hurts RB Saquon Barkley RB J.K. Dobbins TE Evan Engram WR DeVonta Smith WR Davante Adams WR Dontayvion Wicks,,,
1986,5274051419,TheRyanKing,0,76.71999,DST Eagles  FLEX J.K. Dobbins QB Jalen Hurts RB Saquon Barkley RB Kyren Williams TE Zach Ertz WR DeVonta Smith WR Jaylen Waddle WR Dontayvion Wicks,,,
1988,5273976444,pohoiki,0,76.42,DST Rams  FLEX Kyren Williams QB Jalen Hurts RB D'Andre Swift RB Kyle Monangai TE Evan Engram WR DeVonta Smith WR Jaylen Waddle WR Dontayvion Wicks,,,
1989,5273679058,Whoson1st66,0,76.32001,DST Broncos  FLEX D'Andre Swift QB Jalen Hurts RB J.K. Dobbins RB RJ Harvey TE Zach Ertz WR Jaylen Waddle WR Rome Odunze WR Dontayvion Wicks,,,
1989,5269419450,pat_the_hat2,0,76.32,DST Eagles  FLEX Dontayvion Wicks QB Jalen Hurts RB Saquon Barkley RB Kyren Williams TE Terrance Ferguson WR DeVonta Smith WR Jaylen Waddle WR Makai Lemon,,,
1989,5273832378,ryanah,0,76.32,DST Eagles  FLEX D'Andre Swift QB Jalen Hurts RB Saquon Barkley RB Kyren Williams TE Colston Loveland WR Jaylen Waddle WR Courtland Sutton WR Jordan Whittington,,,
1989,5274106992,Thoover22,0,76.32,DST Eagles  FLEX DeVonta Smith QB Jalen Hurts RB Saquon Barkley RB Blake Corum TE Colby Parkinson WR Jaylen Waddle WR Davante Adams WR Courtland Sutton,,,
1989,5274120893,daCuse44,0,76.32,DST Eagles  FLEX D'Andre Swift QB Jalen Hurts RB Saquon Barkley RB Blake Corum TE Terrance Ferguson WR DeVonta Smith WR Luther Burden III WR Dontayvion Wicks,,,
1994,5273716116,Olillotta315,0,76.22,DST Eagles  FLEX Courtland Sutton QB Jalen Hurts RB Saquon Barkley RB D'Andre Swift TE Zach Ertz WR DeVonta Smith WR Jaylen Waddle WR Pat Bryant,,,
1995,5269007370,mtsmiley666,0,76.12,DST Eagles  FLEX Blake Corum QB Jalen Hurts RB Saquon Barkley RB Kyren Williams TE Terrance Ferguson WR DeVonta Smith WR Jaylen Waddle WR Rome Odunze,,,
1995,5270865588,robbin455,0,76.12,DST Eagles  FLEX Saquon Barkley QB Jalen Hurts RB Kyren Williams RB Blake Corum TE Terrance Ferguson WR DeVonta Smith WR Jaylen Waddle WR Rome Odunze,,,
1995,5271339170,Dreak01,0,76.12,DST Eagles  FLEX Blake Corum QB Jalen Hurts RB Saquon Barkley RB Kyren Williams TE Zach Ertz WR DeVonta Smith WR Jaylen Waddle WR Rome Odunze,,,
1995,5273781039,docwyatt12,0,76.12,DST Eagles  FLEX DeVonta Smith QB Jalen Hurts RB Saquon Barkley RB Blake Corum TE Evan Engram WR Jaylen Waddle WR Davante Adams WR Rome Odunze,,,
1995,5273993340,Ship1992,0,76.12,DST Eagles  FLEX Rome Odunze QB Jalen Hurts RB Saquon Barkley RB Blake Corum TE Evan Engram WR DeVonta Smith WR Jaylen Waddle WR Davante Adams,,,
1995,5273780292,Iamwastedtalent77,0,76.119995,DST Eagles  FLEX D'Andre Swift QB Jalen Hurts RB Saquon Barkley RB Kyren Williams TE Terrance Ferguson WR Jaylen Waddle WR Rome Odunze WR Dontayvion Wicks,,,
1995,5273884243,edturner83,0,76.119995,DST Eagles  FLEX Saquon Barkley QB Jalen Hurts RB D'Andre Swift RB Kyren Williams TE Terrance Ferguson WR Jaylen Waddle WR Rome Odunze WR Dontayvion Wicks,,,
2002,5268861772,Dollabillz0124,0,76.020004,DST Eagles  FLEX D'Andre Swift QB Jalen Hurts RB Saquon Barkley RB Kyren Williams TE Terrance Ferguson WR DeVonta Smith WR Jaylen Waddle WR Jordan Whittington,,,
2002,5273338155,donj9903,0,76.020004,DST Eagles  FLEX D'Andre Swift QB Jalen Hurts RB Saquon Barkley RB Kyren Williams TE Terrance Ferguson WR DeVonta Smith WR Jaylen Waddle WR Jordan Whittington,,,
2002,5273710500,jmcgoo710,0,76.020004,DST Eagles  FLEX D'Andre Swift QB Jalen Hurts RB Saquon Barkley RB Kyren Williams TE Terrance Ferguson WR DeVonta Smith WR Jaylen Waddle WR Jordan Whittington,,,
2002,5273762812,twinsx2,0,76.020004,DST Eagles  FLEX Saquon Barkley QB Jalen Hurts RB D'Andre Swift RB Kyren Williams TE Terrance Ferguson WR DeVonta Smith WR Jaylen Waddle WR Jordan Whittington,,,
2002,5273888590,smitty600,0,76.020004,DST Eagles  FLEX Darius Cooper QB Jalen Hurts RB Saquon Barkley RB D'Andre Swift TE Evan Engram WR DeVonta Smith WR Jaylen Waddle WR Davante Adams,,,
2002,5274041804,Dutch_22,0,76.020004,DST Eagles  FLEX Evan Engram QB Jalen Hurts RB Saquon Barkley RB D'Andre Swift TE Colby Parkinson WR DeVonta Smith WR Jaylen Waddle WR Davante Adams,,,
2002,5274056653,hayleywit23,0,76.020004,DST Eagles  FLEX Kyren Williams QB Jalen Hurts RB Saquon Barkley RB D'Andre Swift TE Terrance Ferguson WR DeVonta Smith WR Jaylen Waddle WR Jordan Whittington,,,
2009,5269049811,Milks9511,0,75.82,DST Eagles  FLEX Jaylen Waddle QB Jalen Hurts RB Saquon Barkley RB Blake Corum TE Terrance Ferguson WR DeVonta Smith WR Davante Adams WR Dontayvion Wicks,,,
2009,5272100318,cooperd21,0,75.82,DST Eagles  FLEX Dontayvion Wicks QB Jalen Hurts RB Saquon Barkley RB Blake Corum TE Terrance Ferguson WR DeVonta Smith WR Jaylen Waddle WR Davante Adams,,,
2009,5273302869,yohnbean14,0,75.82,DST Eagles  FLEX Davante Adams QB Jalen Hurts RB Saquon Barkley RB Blake Corum TE Zach Ertz WR DeVonta Smith WR Jaylen Waddle WR Dontayvion Wicks,,,
2009,5273576784,Jmc115,0,75.82,DST Eagles  FLEX Evan Engram QB Jalen Hurts RB Saquon Barkley RB Blake Corum TE Colston Loveland WR DeVonta Smith WR Jaylen Waddle WR Davante Adams,,,
2009,5273591696,dave0127,0,75.82,DST Eagles  FLEX DeVonta Smith QB Jalen Hurts RB Saquon Barkley RB Blake Corum TE Terrance Ferguson WR Jaylen Waddle WR Davante Adams WR Dontayvion Wicks,,,
2014,5271734558,SweetOnChase,0,75.72,DST Eagles  FLEX D'Andre Swift QB Jalen Hurts RB Kyren Williams RB Blake Corum TE Terrance Ferguson WR DeVonta Smith WR Jaylen Waddle WR Dontayvion Wicks,,,
2015,5269188639,an0m0ly,0,75.520004,DST Eagles  FLEX Kyle Monangai QB Jalen Hurts RB D'Andre Swift RB Blake Corum TE Zach Ertz WR DeVonta Smith WR Jaylen Waddle WR Davante Adams,,,
2016,5270445529,Milkman4713,0,75.32,DST Eagles  FLEX Kyren Williams QB Jalen Hurts RB D'Andre Swift RB Kyle Monangai TE Terrance Ferguson WR DeVonta Smith WR Jaylen Waddle WR Dontayvion Wicks,,,
2016,5271940947,aromarks,0,75.32,DST Eagles  FLEX Kyle Monangai QB Jalen Hurts RB D'Andre Swift RB Kyren Williams TE Terrance Ferguson WR DeVonta Smith WR Jaylen Waddle WR Dontayvion Wicks,,,
2018,5273411417,FUncle3,0,75.22,DST Eagles  FLEX Kyle Monangai QB Jalen Hurts RB Saquon Barkley RB Kyren Williams TE Johnny Mundt WR DeVonta Smith WR Jaylen Waddle WR Rome Odunze,,,
2018,5274022402,rbird33,0,75.22,DST Eagles  FLEX Kyle Monangai QB Jalen Hurts RB Saquon Barkley RB Kyren Williams TE Johnny Mundt WR DeVonta Smith WR Jaylen Waddle WR Rome Odunze,,,
2020,5273559798,sapientz,0,74.42,DST Eagles  FLEX Kyren Williams QB Jalen Hurts RB Saquon Barkley RB Blake Corum TE Evan Engram WR DeVonta Smith WR Jaylen Waddle WR Courtland Sutton,,,
2021,5273561336,cyruscyrus,0,74.22,DST Eagles  FLEX Blake Corum QB Jalen Hurts RB Saquon Barkley RB Kyren Williams TE Evan Engram WR DeVonta Smith WR Jaylen Waddle WR Rome Odunze,,,
2022,5271917934,Fioson,0,73.92,DST Eagles  FLEX Blake Corum QB Jalen Hurts RB Saquon Barkley RB Kyren Williams TE Colston Loveland WR DeVonta Smith WR Jaylen Waddle WR Jordan Whittington,,,
2023,5270289790,DaliLama4,0,73.72001,DST Eagles  FLEX Saquon Barkley QB Jalen Hurts RB Kyle Monangai RB Blake Corum TE Zach Ertz WR DeVonta Smith WR Jaylen Waddle WR Davante Adams,,,
2024,5273824383,TheDallasFlash,0,73.62,DST Eagles  FLEX Blake Corum QB Jalen Hurts RB J.K. Dobbins RB Tank Bigsby TE Colston Loveland WR DeVonta Smith WR Jaylen Waddle WR Davante Adams,,,
2025,5273320221,curtman135,0,73.520004,DST Eagles  FLEX Davante Adams QB Jalen Hurts RB Saquon Barkley RB Kyle Monangai TE Evan Engram WR DeVonta Smith WR Jaylen Waddle WR Dontayvion Wicks,,,
2025,5274086605,CgM3,0,73.520004,DST Eagles  FLEX Davante Adams QB Jalen Hurts RB Saquon Barkley RB Kyle Monangai TE Evan Engram WR DeVonta Smith WR Jaylen Waddle WR Dontayvion Wicks,,,
2025,5269959270,bulldogxxxx,0,73.52,DST Eagles  FLEX Saquon Barkley QB Jalen Hurts RB Kyren Williams RB Kyle Monangai TE Terrance Ferguson WR DeVonta Smith WR Jaylen Waddle WR Dontayvion Wicks,,,
2025,5273597276,Stevecastillo,0,73.52,DST Eagles  FLEX Saquon Barkley QB Jalen Hurts RB Kyren Williams RB Kyle Monangai TE Zach Ertz WR DeVonta Smith WR Jaylen Waddle WR Dontayvion Wicks,,,
2029,5273406217,Stovepipe221,0,73.2,DST Eagles  FLEX DeVonta Smith QB Matthew Stafford RB Saquon Barkley RB D'Andre Swift TE Evan Engram WR Rome Odunze WR Courtland Sutton WR Tutu Atwell,,,
2030,5273753121,GoBrownsGoCavs,0,72.82,DST Rams  FLEX Saquon Barkley QB Jalen Hurts RB Kyle Monangai RB Blake Corum TE Zach Ertz WR DeVonta Smith WR Jaylen Waddle WR Luther Burden III,,,
2031,5273944975,Messi89,0,72.520004,DST Eagles  FLEX Saquon Barkley QB Jalen Hurts RB J.K. Dobbins RB Blake Corum TE Terrance Ferguson WR DeVonta Smith WR Luther Burden III WR Makai Lemon,,,
2032,5273766298,58scott,0,72.02,DST Eagles  FLEX Kyren Williams QB Jalen Hurts RB Saquon Barkley RB Blake Corum TE Evan Engram WR DeVonta Smith WR Jaylen Waddle WR Dontayvion Wicks,,,
2032,5273908407,keavster,0,72.02,DST Eagles  FLEX Saquon Barkley QB Jalen Hurts RB Kyren Williams RB Blake Corum TE Evan Engram WR DeVonta Smith WR Jaylen Waddle WR Dontayvion Wicks,,,
2034,5273591240,eaglesman82,0,71.12,DST Eagles  FLEX Tank Bigsby QB Jalen Hurts RB Saquon Barkley RB Blake Corum TE Zach Ertz WR DeVonta Smith WR Jaylen Waddle WR Davante Adams,,,
2035,5274121535,IThrowClay,0,69.82,DST Eagles  FLEX Courtland Sutton QB Jalen Hurts RB Saquon Barkley RB J.K. Dobbins TE Evan Engram WR DeVonta Smith WR Jaylen Waddle WR Pat Bryant,,,
2036,5272975400,geezer813,0,68.72,DST Eagles  FLEX Terrance Ferguson QB Jalen Hurts RB Saquon Barkley RB D'Andre Swift TE Colston Loveland WR DeVonta Smith WR Jaylen Waddle WR Rome Odunze,,,
2036,5273958497,johnny_slowdown,0,68.72,DST Eagles  FLEX Blake Corum QB Jalen Hurts RB Saquon Barkley RB Jonah Coleman TE Evan Engram WR DeVonta Smith WR Jaylen Waddle WR Davante Adams,,,
2038,5273922113,nique4981,0,68.12,DST Rams  FLEX Saquon Barkley QB Jalen Hurts RB D'Andre Swift RB Blake Corum TE Terrance Ferguson WR DeVonta Smith WR Jaylen Waddle WR Rome Odunze,,,
2039,5273635316,gregorythegreat128,0,67.92,DST Rams  FLEX Kyle Monangai QB Jalen Hurts RB Saquon Barkley RB D'Andre Swift TE Terrance Ferguson WR DeVonta Smith WR Jaylen Waddle WR Courtland Sutton,,,
2040,5274145813,joncohen,0,66.32,DST Eagles  FLEX Saquon Barkley QB Jalen Hurts RB Kyren Williams RB Blake Corum TE Evan Engram WR DeVonta Smith WR Makai Lemon WR Jordan Whittington,,,
2041,5274019678,dimarc43,0,65.72,DST Eagles  FLEX D'Andre Swift QB Jalen Hurts RB Saquon Barkley RB J.K. Dobbins TE Evan Engram WR Jaylen Waddle WR Dontayvion Wicks WR Pat Bryant,,,
2041,5274032116,Beastintb,0,65.72,DST Eagles  FLEX D'Andre Swift QB Jalen Hurts RB Saquon Barkley RB J.K. Dobbins TE Zach Ertz WR DeVonta Smith WR Jaylen Waddle WR Dontayvion Wicks,,,
2043,5274057362,zolika13,0,64.9,DST Eagles  FLEX Zach Ertz QB Tyson Bagent RB Kyren Williams RB Kyle Monangai TE Terrance Ferguson WR Puka Nacua WR DeVonta Smith WR Davante Adams,,,
2044,5273730529,Dr.kenneth21,0,64.42,DST Eagles  FLEX Zach Ertz QB Jalen Hurts RB Saquon Barkley RB J.K. Dobbins TE Colston Loveland WR DeVonta Smith WR Jaylen Waddle WR Courtland Sutton,,,
2045,5273366165,moldova,0,63.82,DST Eagles  FLEX Saquon Barkley QB Jalen Hurts RB D'Andre Swift RB J.K. Dobbins TE Evan Engram WR DeVonta Smith WR Jaylen Waddle WR Dontayvion Wicks,,,
2046,5273652764,packsyr2016,0,63.62,DST Eagles  FLEX Blake Corum QB Jalen Hurts RB Saquon Barkley RB J.K. Dobbins TE Colston Loveland WR DeVonta Smith WR Jaylen Waddle WR Dontayvion Wicks,,,
2047,5271774117,backstage377,0,62.22,DST Eagles  FLEX Kyle Monangai QB Jalen Hurts RB D'Andre Swift RB Blake Corum TE Colston Loveland WR DeVonta Smith WR Jaylen Waddle WR Dontayvion Wicks,,,
2048,5273836866,jetspaddle,0,61.719997,DST Rams  FLEX Saquon Barkley QB Jalen Hurts RB Tank Bigsby RB Blake Corum TE Colston Loveland WR Luther Burden III WR Dontayvion Wicks WR Tutu Atwell,,,
2049,5273843860,dalonomite,0,58.800003,DST Eagles  FLEX Makai Lemon QB Tyson Bagent RB Saquon Barkley RB Kyren Williams TE Terrance Ferguson WR Rome Odunze WR Courtland Sutton WR Dontayvion Wicks,,,
2050,5271286434,Lucky_Larry,0,57.72,DST Eagles  FLEX D'Andre Swift QB Jalen Hurts RB Saquon Barkley RB Blake Corum TE Terrance Ferguson WR DeVonta Smith WR Jaylen Waddle WR Jordan Whittington,,,
2051,5273904928,samndee75,0,57.100006,DST Eagles  FLEX D'Andre Swift QB Tanner McKee RB Saquon Barkley RB Will Shipley TE Zach Ertz WR DeVonta Smith WR Jaylen Waddle WR Pat Bryant,,,
2052,5273603394,junekosan,0,54.7,DST Eagles  FLEX Colston Loveland QB Matthew Stafford RB Saquon Barkley RB J.K. Dobbins TE Evan Engram WR Jaylen Waddle WR Tutu Atwell WR Xavier Smith,,,
2053,5268871383,BeatsByNay,0,0,,,,
2053,5270024539,cain5150,0,0,,,,
2053,5271751247,vaughtdj,0,0,,,,
2053,5271880623,darbyfarr,0,0,,,,
2053,5273345224,fmatt001,0,0,,,,
2053,5273531993,tcaldwell2124,0,0,,,,
2053,5273678733,seiferidjosh80,0,0,,,,
2053,5274130368,MOSEtheMASTER,0,0,,,,
