Rank,EntryId,EntryName,TimeRemaining,Points,Lineup,,Player,Roster Position,%Drafted,FPTS
1,5266172332,tpyo,0,199.9,1B Victor Caratini 2B Chase Meidroth 3B Nolan Arenado C Gabriel Moreno OF Corbin Carroll OF Randal Grichuk OF Jordan Lawlar P Drew Rasmussen P Sean Manaea SS Geraldo Perdomo,,Shota Imanaga,P,59.48%,20.25
2,5266227676,gregthegifted,0,196.2,1B Tim Tawa 2B Chase Meidroth 3B Nolan Arenado C Gabriel Moreno OF Ian Happ OF Randal Grichuk OF Jordan Lawlar P Taj Bradley P Sean Manaea SS Geraldo Perdomo,,Nolan Arenado,3B,37.49%,24
3,5266606879,Ramda_Bamda1,0,181.95,1B Jake Burger 2B Chase Meidroth 3B Nolan Arenado C Gabriel Moreno OF JJ Bleday OF Tim Tawa OF Michael Conforto P Drew Rasmussen P Michael Soroka SS Elly De La Cruz,,Ketel Marte,2B,36.36%,3
4,5266563866,starmap3333,0,174.95,1B Michael Busch 2B Chase Meidroth 3B Javier Sanoja C Gabriel Moreno OF Pete Crow-Armstrong OF Randal Grichuk OF Tommy Pham P Michael King P Michael Soroka SS Maikel Garcia,,Gabriel Moreno,C,35.13%,11
5,5266656393,liberatemelord1,0,173.85,1B Miguel Vargas 2B Chase Meidroth 3B Nolan Arenado C Carson Kelly OF Pete Crow-Armstrong OF Nick Loftin OF Tommy Pham P Anthony Molina P Michael Soroka SS Bobby Witt Jr.,,Geraldo Perdomo,SS,30.53%,18
6,5266235291,Dethstar1972,0,173.2,1B Vinnie Pasquantino 2B Javier Sanoja 3B Nolan Arenado C Francisco Alvarez OF Juan Soto OF Carson Benge OF A.J. Ewing P Taj Bradley P Sean Manaea SS Colson Montgomery,,Jordan Lawlar,OF,29.52%,7
7,5266628363,deedee04,0,172.85,1B Ildemaro Vargas 2B Ketel Marte 3B Nolan Arenado C Gabriel Moreno OF Randal Grichuk OF Tommy Pham OF Carlos Jorge P Drew Rasmussen P Shota Imanaga SS Geraldo Perdomo,,Taj Bradley,P,28.40%,23.9
8,5266644308,mocoextrabases,0,170.3,1B Tommy White 2B Chase Meidroth 3B Miguel Vargas C Sean Murphy OF Mike Trout OF Randal Grichuk OF Jordan Lawlar P Drew Rasmussen P Cristian Javier SS Zach Neto,,Logan Gilbert,P,28.28%,-0.2
9,5266222605,Dricou,0,169.95,1B Vaughn Grissom 2B Ozzie Albies 3B Denzer Guzman C Moises Ballesteros OF Mike Trout OF JJ Bleday OF Walker Jenkins P Drew Rasmussen P Michael Soroka SS Zach Neto,,Jake Burger,1B,28.06%,0
10,5266413706,love245555,0,163.8,1B Ildemaro Vargas 2B Ketel Marte 3B Nolan Arenado C Gabriel Moreno OF Wyatt Langford OF Michael Harris II OF Randal Grichuk P Drew Rasmussen P Yusei Kikuchi SS Geraldo Perdomo,,Ronald Acuna Jr.,OF,25.48%,0
11,5266166826,civillobo,0,163.55,1B Ildemaro Vargas 2B Ketel Marte 3B Denzer Guzman C Gabriel Moreno OF Randal Grichuk OF Jordan Lawlar OF Ryan Waldschmidt P Max Fried P Michael Soroka SS Elly De La Cruz,,Wyatt Langford,OF,19.98%,2
12,5266587519,Fuhkair,0,160.25,1B Ildemaro Vargas 2B Chase Meidroth 3B Nolan Arenado C Drake Baldwin OF Corbin Carroll OF Michael Harris II OF Jordan Lawlar P Taj Bradley P Michael Soroka SS Colson Montgomery,,Ildemaro Vargas,1B,18.52%,12
13,5266390957,nscoyner,0,160.15,1B Ildemaro Vargas 2B Ketel Marte 3B Nolan Arenado C Gabriel Moreno OF Randal Grichuk OF Tommy Pham OF Carlos Jorge P Taj Bradley P Shota Imanaga SS Geraldo Perdomo,,Ozzie Albies,2B,18.29%,0
14,5266174545,Assy_Mcgee,0,159.95,1B Miguel Vargas 2B Chase Meidroth 3B Maikel Garcia C Gabriel Moreno OF Mickey Moniak OF Henry Bolte OF Nick Loftin P Taj Bradley P JR Ritchie SS Alika Williams,,Corbin Carroll,OF,16.61%,7
15,5266175259,villageid,0,159.55,1B Vinnie Pasquantino 2B Ketel Marte 3B Nolan Arenado C Gabriel Moreno OF Josue De Paula OF Lazaro Montes OF Jordan Lawlar P Shota Imanaga P Sean Manaea SS Geraldo Perdomo,,Carlos Jorge,OF,15.94%,3
16,5266512208,egwhiz13,0,158.45,1B Vinnie Pasquantino 2B Chase Meidroth 3B Connor Norby C Francisco Alvarez OF Ian Happ OF Luke Keaschall OF Andy Pages P Max Fried P Shota Imanaga SS Taylor Walls,,Tommy Pham,OF,14.25%,8
17,5266203023,heybert711,0,157.85,1B Ildemaro Vargas 2B Ozzie Albies 3B Brooks Lee C Shea Langeliers OF Josue De Paula OF Randal Grichuk OF Dustin Harris P Drew Rasmussen P Shota Imanaga SS Maikel Garcia,,Max Fried,P,13.13%,10.2
18,5266222503,Beer302020,0,157.15,1B Vaughn Grissom 2B Ildemaro Vargas 3B Denzer Guzman C Gabriel Moreno OF Lawrence Butler OF Jordan Lawlar OF Ryan Vilade P Taj Bradley P Shota Imanaga SS Geraldo Perdomo,,Drake Baldwin,C,12.91%,8
19,5266659772,dext56ses,0,156.95,1B Ty France 2B Chase Meidroth 3B Eugenio Suarez C Will Smith OF Ian Happ OF Julio Rodriguez OF Wyatt Langford P Drew Rasmussen P Michael Soroka SS Otto Lopez,,Josh Jung,3B,12.46%,7
20,5266595288,vargas_63,0,156.3,1B Vinnie Pasquantino 2B Christian Moore 3B Maikel Garcia C Shea Langeliers OF Mike Trout OF Jose Siri OF Bryce Teodosio P Shota Imanaga P JR Ritchie SS Zach Neto,,Michael Harris II,OF,12.35%,13
21,5266565581,Riffraff76,0,155.95,1B Vaughn Grissom 2B Ildemaro Vargas 3B Denzer Guzman C Gabriel Moreno OF Mike Trout OF Tim Tawa OF Jordan Lawlar P Shota Imanaga P Brandon Williamson SS Zach Neto,,Shea Langeliers,C,11.90%,15
22,5266400878,ydoja2,0,154.85,1B Vaughn Grissom 2B Christian Moore 3B Denzer Guzman C Shea Langeliers OF Mike Trout OF Henry Bolte OF Bryce Teodosio P Drew Rasmussen P Shota Imanaga SS Alika Williams,,Drew Rasmussen,P,11.34%,36.6
23,5266432657,Spukuff,0,154.55,1B Miguel Vargas 2B Chase Meidroth 3B Nolan Arenado C Shea Langeliers OF Cody Bellinger OF Drew Gilbert OF Tommy Pham P Shota Imanaga P Sean Manaea SS Maikel Garcia,,Corey Seager,SS,11.22%,0
24,5266355346,preeves4,0,154.5,1B Vaughn Grissom 2B Christian Moore 3B Denzer Guzman C Moises Ballesteros OF Tim Tawa OF Jordan Lawlar OF Chandler Simpson P Taj Bradley P Drew Rasmussen SS Zach Neto,,Henry Bolte,OF,10.21%,9
25,5266254041,bluefalcon67114,0,154.15,1B Jake Burger 2B Chase Meidroth 3B Nolan Arenado C Shea Langeliers OF Henry Bolte OF Ezequiel Duran OF Tommy Pham P Taj Bradley P Shota Imanaga SS Geraldo Perdomo,,JJ Bleday,OF,8.64%,6
25,5266442917,andrewralbers,0,154.15,1B Miguel Vargas 2B Chase Meidroth 3B Austin Riley C Kyle Teel OF Pete Crow-Armstrong OF Randal Grichuk OF Tommy Pham P Taj Bradley P Shota Imanaga SS Ha-Seong Kim,,Yusei Kikuchi,P,8.53%,7.2
27,5266652017,BossHogDaddyDog,0,152.5,1B Tim Tawa 2B Ketel Marte 3B Nolan Arenado C Gabriel Moreno OF Ryan Vilade OF Nick Loftin OF Bo Davidson P Taj Bradley P Drew Rasmussen SS Geraldo Perdomo,,JR Ritchie,P,8.08%,21.05
28,5266590519,kfahey42,0,152.2,1B Vinnie Pasquantino 2B Joshua Kuroda-Grauer 3B Nolan Arenado C Carter Jensen OF Randy Arozarena OF Walker Jenkins OF Brenton Doyle P Drew Rasmussen P Michael King SS Mauricio Dubon,,Matt Olson,1B,8.08%,3
29,5266548266,rangersfan6,0,152.05,1B Ildemaro Vargas 2B Ketel Marte 3B Nolan Arenado C Gabriel Moreno OF Randal Grichuk OF Brenton Doyle OF Tommy Pham P Logan Gilbert P Shota Imanaga SS Geraldo Perdomo,,Bo Davidson,OF,8.08%,5
30,5266311496,Epatrick10172020,0,149.85,1B Vaughn Grissom 2B Ben Williamson 3B Denzer Guzman C Nick Fortes OF Mike Trout OF Jordan Lawlar OF Mauricio Dubon P Drew Rasmussen P Shota Imanaga SS Zach Neto,,Pete Crow-Armstrong,OF,7.86%,19
31,5266581792,jdaugherty,0,149.25,1B Ildemaro Vargas 2B Ketel Marte 3B Jose Fernandez C Gabriel Moreno OF Corbin Carroll OF Randal Grichuk OF Brenton Doyle P Taj Bradley P Michael Soroka SS Mauricio Dubon,,Denzer Guzman,3B,7.86%,22
32,5266607425,Hminn1,0,149.15,1B Michael Busch 2B Chase Meidroth 3B Nick Loftin C Gabriel Moreno OF Michael Conforto OF Jordan Lawlar OF Walker Jenkins P Taj Bradley P Shota Imanaga SS Geraldo Perdomo,,Michael Soroka,P,7.52%,33.35
33,5266450754,heathie512,0,148.65,1B Jake Burger 2B Christian Moore 3B Denzer Guzman C Shea Langeliers OF Mike Trout OF Wyatt Langford OF Jose Siri P Drew Rasmussen P JR Ritchie SS Zach Neto,,Mauricio Dubon,SS,7.41%,3
34,5266603163,JimMJimHHarry,0,148.5,1B Sal Stewart 2B Chase Meidroth 3B Josh Jung C Gabriel Moreno OF Wyatt Langford OF JJ Bleday OF Randal Grichuk P Shota Imanaga P MacKenzie Gore SS Geraldo Perdomo,,Elly De La Cruz,SS,6.85%,28
35,5266475510,Millville27,0,148.15,1B Ildemaro Vargas 2B Ketel Marte 3B Nolan Arenado C Gabriel Moreno OF Randal Grichuk OF Jordan Lawlar OF Tommy Pham P Taj Bradley P Shota Imanaga SS J.P. Crawford,,Zach Neto,SS,6.85%,19
36,5266576356,steve3258,0,147.3,1B Tim Tawa 2B Joshua Kuroda-Grauer 3B Nolan Arenado C Shea Langeliers OF Corbin Carroll OF Henry Bolte OF Lawrence Butler P Shota Imanaga P JR Ritchie SS Geraldo Perdomo,,Sean Murphy,C,6.85%,0
36,5266652088,stiles_12,0,147.3,1B Miguel Vargas 2B Ketel Marte 3B Nolan Arenado C Gabriel Moreno OF Randal Grichuk OF Brenton Doyle OF Tommy Pham P Logan Gilbert P Anthony Molina SS Geraldo Perdomo,,Cristian Javier,P,6.17%,6.7
38,5266253993,Aoteoroa,0,145.8,1B Vinnie Pasquantino 2B Ozzie Albies 3B Nolan Arenado C Gabriel Moreno OF Michael Harris II OF Heriberto Hernandez OF Jordan Lawlar P Drew Rasmussen P Max Fried SS Mauricio Dubon,,Mike Trout,OF,6.17%,17
39,5266598522,be2eazy,0,145.6,1B Vinnie Pasquantino 2B Ildemaro Vargas 3B Isaac Paredes C Yainer Diaz OF Yordan Alvarez OF Ian Happ OF Dustin Harris P Taj Bradley P Cristian Javier SS Jeremy Pena,,Mauricio Dubon,OF,6.06%,3
40,5266289145,skwwillers,0,144.85,1B Jake Burger 2B Ildemaro Vargas 3B Nolan Arenado C Drake Baldwin OF JJ Bleday OF Jordan Lawlar OF Carlos Jorge P Drew Rasmussen P Shota Imanaga SS Elly De La Cruz,,Austin Riley,3B,5.95%,3
41,5266407422,Sporin,0,144.3,1B Miguel Vargas 2B Chase Meidroth 3B Nolan Arenado C Shea Langeliers OF Ronald Acuna Jr. OF Corbin Carroll OF Nick Loftin P MacKenzie Gore P JR Ritchie SS Alika Williams,,Ha-Seong Kim,SS,5.72%,0
42,5266466826,boogie389,0,143.85,1B Miguel Vargas 2B Chase Meidroth 3B Nolan Arenado C Luis Campusano OF Dustin Harris OF Braden Montgomery OF Tommy Pham P Drew Rasmussen P Shota Imanaga SS Xander Bogaerts,,Ildemaro Vargas,2B,5.50%,12
42,5266475972,dentiddo,0,143.85,1B Jake Burger 2B Ildemaro Vargas 3B Nolan Arenado C Gabriel Moreno OF Josue De Paula OF Dustin Harris OF Jordan Lawlar P Drew Rasmussen P Shota Imanaga SS Geraldo Perdomo,,MacKenzie Gore,P,5.27%,10.25
44,5266312758,JSANE,0,143.8,1B Tim Tawa 2B Connor Norby 3B Nolan Arenado C Tyler Stephenson OF Mickey Moniak OF Michael Harris II OF Tommy Pham P Drew Rasmussen P Max Fried SS Geraldo Perdomo,,Chase Meidroth,2B,5.27%,32
45,5266466705,lifelongbuc,0,143.7,1B Kyle Stowers 2B Javier Sanoja 3B Nolan Arenado C Danny Jansen OF Corbin Carroll OF Griffin Conine OF Brenton Doyle P Taj Bradley P Logan Gilbert SS Geraldo Perdomo,,Walker Jenkins,OF,5.27%,14
46,5266160167,T41129130907,0,143.3,1B Vaughn Grissom 2B Joshua Kuroda-Grauer 3B Denzer Guzman C Shea Langeliers OF Mike Trout OF Luke Keaschall OF Bryce Teodosio P Shota Imanaga P JR Ritchie SS Zach Neto,,Justin Foscue,2B,4.94%,2
47,5266656854,Troysinger,0,142.3,1B Tommy White 2B Christian Moore 3B Isaac Paredes C Shea Langeliers OF Mike Trout OF Henry Bolte OF Jose Siri P Shota Imanaga P JR Ritchie SS Zach Neto,,Tim Tawa,OF,4.94%,11
48,5266628768,terpterman,0,142.25,1B Vaughn Grissom 2B Christian Moore 3B Austin Riley C Sean Murphy OF Mike Trout OF Michael Harris II OF Jose Siri P Taj Bradley P Michael Soroka SS Zach Neto,,Anthony Molina,P,4.83%,18.5
49,5266577836,DaBanker,0,142.15,1B Tim Tawa 2B Ildemaro Vargas 3B Nolan Arenado C Shea Langeliers OF Jose Siri OF Jordan Lawlar OF Carlos Jorge P Taj Bradley P Shota Imanaga SS Geraldo Perdomo,,Michael Conforto,OF,4.71%,0
50,5266527629,Cuscus3,0,141.85,1B Tommy White 2B Joshua Kuroda-Grauer 3B Zack Gelof C Jonah Heim OF Lawrence Butler OF JJ Bleday OF Carlos Jorge P Drew Rasmussen P Shota Imanaga SS Elly De La Cruz,,Joshua Kuroda-Grauer,2B,4.60%,0
51,5266644970,rr94121,0,141.6,1B Tommy White 2B Joshua Kuroda-Grauer 3B Nolan Arenado C Shea Langeliers OF Pete Crow-Armstrong OF Corbin Carroll OF Jordan Lawlar P Shota Imanaga P Michael Soroka SS Alika Williams,,Dominic Canzone,OF,4.49%,3
51,5266660773,apayne331,0,141.6,1B Ildemaro Vargas 2B Ketel Marte 3B Nolan Arenado C Gabriel Moreno OF Henry Bolte OF Lawrence Butler OF Jordan Lawlar P Shota Imanaga P Michael Soroka SS Corey Seager,,Michael King,P,4.49%,3.6
53,5266341576,zacsmith1,0,141.15,1B Tim Tawa 2B Kody Clemens 3B Eugenio Suarez C Shea Langeliers OF Troy Johnston OF Randal Grichuk OF Brandon Nimmo P Taj Bradley P Shota Imanaga SS Corey Seager,,Bobby Witt Jr.,SS,4.49%,11
54,5266440226,slipperywhendry,0,140.95,1B Vaughn Grissom 2B Ozzie Albies 3B Denzer Guzman C Sean Murphy OF Mike Trout OF Michael Harris II OF Jose Siri P Taj Bradley P JR Ritchie SS Zach Neto,,Miguel Vargas,1B,4.38%,9
55,5266659265,mrxkronz,0,140.85,1B Vaughn Grissom 2B Ozzie Albies 3B Denzer Guzman C Sean Murphy OF Mike Trout OF Jordan Lawlar OF Victor Bericoto P Drew Rasmussen P Shota Imanaga SS Zach Neto,,Tyler Stephenson,C,4.26%,5
56,5266096190,jmh9987,0,140.75,1B Vaughn Grissom 2B Chase Meidroth 3B Zack Gelof C Will Smith OF Teoscar Hernandez OF Henry Bolte OF Braden Montgomery P Cristian Javier P JR Ritchie SS Mookie Betts,,TJ Rumfield,1B,4.26%,0
57,5266452816,jusnit,0,140.15,1B Tim Tawa 2B Ozzie Albies 3B Nolan Arenado C Sean Murphy OF Michael Harris II OF Lawrence Butler OF Jordan Lawlar P Taj Bradley P Shota Imanaga SS Zach Neto,,Tommy White,1B,4.15%,6
57,5266527902,JPME,0,140.15,1B Tim Tawa 2B Ildemaro Vargas 3B Nolan Arenado C Drake Baldwin OF Michael Harris II OF Jordan Lawlar OF Mauricio Dubon P Taj Bradley P Shota Imanaga SS Geraldo Perdomo,,Jose Siri,OF,4.15%,8
59,5266512143,twotapsam,0,139.85,1B Tommy White 2B Joshua Kuroda-Grauer 3B Nolan Arenado C Gabriel Moreno OF Henry Bolte OF Jose Siri OF Jordan Lawlar P Drew Rasmussen P Shota Imanaga SS Geraldo Perdomo,,Randal Grichuk,OF,3.93%,37
59,5266610809,TNT7307,0,139.85,1B Munetaka Murakami 2B Chase Meidroth 3B Miguel Vargas C Hunter Goodman OF Randal Grichuk OF Mauricio Dubon OF Tommy Pham P Shota Imanaga P Anthony Kay SS Cole Carrigg,,Ian Happ,OF,3.93%,5
61,5266569456,Shazzam47,0,139.3,1B Munetaka Murakami 2B Joshua Kuroda-Grauer 3B Zack Gelof C Shea Langeliers OF Henry Bolte OF Lawrence Butler OF Tommy Pham P Drew Rasmussen P Cristian Javier SS Colson Montgomery,,Jake McCarthy,OF,3.82%,0
62,5266329134,ajb3247,0,139.15,1B Matt Olson 2B Ozzie Albies 3B Nolan Arenado C Drake Baldwin OF Michael Harris II OF Randal Grichuk OF Jordan Lawlar P Taj Bradley P Shota Imanaga SS Mauricio Dubon,,Josue De Paula,OF,3.70%,15
62,5266558024,crazierthanu,0,139.15,1B Tommy White 2B Ketel Marte 3B Nolan Arenado C Shea Langeliers OF Lawrence Butler OF Jordan Lawlar OF Denzel Clarke P Taj Bradley P Shota Imanaga SS Geraldo Perdomo,,Ezequiel Duran,OF,3.59%,4
64,5266232349,jokerdpo,0,139.05,1B Vaughn Grissom 2B Ildemaro Vargas 3B Miguel Vargas C Shea Langeliers OF Randal Grichuk OF Tommy Pham OF Carlos Jorge P Logan Gilbert P Shota Imanaga SS Geraldo Perdomo,,Bryce Teodosio,OF,3.37%,0
65,5266366195,jrow01,0,138.95,1B Vaughn Grissom 2B Joshua Kuroda-Grauer 3B Denzer Guzman C Shea Langeliers OF Henry Bolte OF Jose Siri OF Lawrence Butler P Shota Imanaga P Cristian Javier SS Zach Neto,,Vaughn Grissom,1B,3.25%,17
65,5266412136,meyers2305,0,138.95,1B Vaughn Grissom 2B Christian Moore 3B Nolan Arenado C Jonah Heim OF Mike Trout OF Henry Bolte OF Bryce Teodosio P Taj Bradley P JR Ritchie SS Zach Neto,,Daniel Lynch IV,P,3.25%,-11.6
67,5266475348,vicxy10,0,137.85,1B Tommy White 2B Ildemaro Vargas 3B Nolan Arenado C Gabriel Moreno OF Ronald Acuna Jr. OF Jordan Lawlar OF Carlos Jorge P Drew Rasmussen P Shota Imanaga SS Geraldo Perdomo,,Lawrence Butler,OF,3.14%,22
68,5266181553,PopFlyBoy,0,137.75,1B Jake Burger 2B Ozzie Albies 3B Josh Jung C Gabriel Moreno OF Mike Trout OF Jose Siri OF Randal Grichuk P Shota Imanaga P Anthony Molina SS Zach Neto,,Jonah Heim,C,3.14%,0
69,5266451391,Racing88,0,136.3,1B Ildemaro Vargas 2B Christian Moore 3B Nolan Arenado C Sean Murphy OF Mike Trout OF Corbin Carroll OF Jose Siri P Shota Imanaga P JR Ritchie SS Zach Neto,,Miguel Vargas,3B,3.03%,9
70,5266473125,jtreichert22,0,136.2,1B Munetaka Murakami 2B Ozzie Albies 3B Nolan Arenado C Tyler Stephenson OF Pete Crow-Armstrong OF Ian Happ OF Carlos Jorge P Drew Rasmussen P Anthony Kay SS Geraldo Perdomo,,Joshua Kuroda-Grauer,3B,3.03%,0
71,5266396761,15Kokanee,0,135.95,1B Michael Busch 2B Chase Meidroth 3B Nick Loftin C Shea Langeliers OF Ronald Acuna Jr. OF Henry Bolte OF Wyatt Langford P Taj Bradley P JR Ritchie SS Alika Williams,,Anthony Kay,P,3.03%,3.6
72,5266218091,Tarheels3,0,135.6,1B Ildemaro Vargas 2B Ketel Marte 3B Nolan Arenado C Shea Langeliers OF Ronald Acuna Jr. OF Jordan Lawlar OF Carlos Jorge P Shota Imanaga P Michael Soroka SS Geraldo Perdomo,,Cody Bellinger,OF,3.03%,2
72,5266284635,knob20,0,135.6,1B Michael Busch 2B Chase Meidroth 3B Javier Sanoja C Gabriel Moreno OF Ronald Acuna Jr. OF Ezequiel Duran OF Michael Conforto P Shota Imanaga P Michael Soroka SS Geraldo Perdomo,,Tim Tawa,1B,2.92%,11
74,5266409125,expostulate,0,135.5,1B Tim Tawa 2B Christian Moore 3B Denzer Guzman C Victor Caratini OF Corbin Carroll OF Jose Siri OF Bryce Teodosio P Taj Bradley P Drew Rasmussen SS Zach Neto,,Michael Busch,1B,2.92%,7
74,5266565442,bridigidigi,0,135.5,1B Matt Olson 2B Christian Moore 3B Denzer Guzman C Shea Langeliers OF Henry Bolte OF Lawrence Butler OF Bryce Teodosio P Max Fried P Sean Manaea SS Zach Neto,,Dustin Harris,OF,2.92%,0
76,5266232370,jimlexxx,0,135.3,1B Vaughn Grissom 2B Ketel Marte 3B Denzer Guzman C Gabriel Moreno OF Mike Trout OF Bryce Teodosio OF Bo Davidson P Shota Imanaga P JR Ritchie SS Zach Neto,,Connor Norby,2B,2.92%,4
77,5266194707,smokindavis,0,135,1B Vaughn Grissom 2B Ketel Marte 3B Denzer Guzman C Moises Ballesteros OF Mike Trout OF Randal Grichuk OF Tommy Pham P Logan Gilbert P Yusei Kikuchi SS Zach Neto,,Christian Moore,2B,2.92%,8
78,5266658890,lpratts,0,134.85,1B Ildemaro Vargas 2B Ketel Marte 3B Nolan Arenado C Gabriel Moreno OF Emmanuel Rodriguez OF Bryce Teodosio OF Tommy Pham P Drew Rasmussen P Shota Imanaga SS Geraldo Perdomo,,Brandon Nimmo,OF,2.92%,8
79,5266237208,JLR1985,0,134.4,1B Tim Tawa 2B Ildemaro Vargas 3B Nolan Arenado C Drake Baldwin OF Michael Harris II OF Jordan Lawlar OF Bo Davidson P Drew Rasmussen P Logan Gilbert SS Geraldo Perdomo,,Ty France,1B,2.81%,2
80,5266653155,mariobr1709,0,134.2,1B Moises Ballesteros 2B Joshua Kuroda-Grauer 3B Denzer Guzman C Shea Langeliers OF Mike Trout OF Henry Bolte OF Lawrence Butler P Anthony Molina P Cristian Javier SS Zach Neto,,Sal Stewart,1B,2.81%,5
81,5266331563,bell267ben,0,134.15,1B Ildemaro Vargas 2B Ketel Marte 3B Nolan Arenado C Shea Langeliers OF Jordan Lawlar OF Tommy Pham OF Carlos Jorge P Taj Bradley P Shota Imanaga SS Geraldo Perdomo,,George Lombard Jr.,SS,2.81%,5
81,5266465424,JoeCool20-16,0,134.15,1B Vaughn Grissom 2B Marcus Semien 3B Denzer Guzman C Luis Torrens OF Mike Trout OF Jose Siri OF Carlos Jorge P Taj Bradley P Shota Imanaga SS Zach Neto,,Alika Williams,SS,2.81%,10
81,5266568658,seiferidjosh80,0,134.15,1B Tommy White 2B Joshua Kuroda-Grauer 3B Denzer Guzman C Shea Langeliers OF Henry Bolte OF Jose Siri OF Lawrence Butler P Logan Gilbert P Michael Soroka SS Zach Neto,,Randy Arozarena,OF,2.69%,11
84,5266229577,rsulzener,0,133.85,1B Jake Burger 2B Ketel Marte 3B Nolan Arenado C Gabriel Moreno OF JJ Bleday OF Jordan Lawlar OF Tommy Pham P Drew Rasmussen P Shota Imanaga SS Geraldo Perdomo,,Mookie Betts,SS,2.69%,11
85,5266458168,gtang001,0,133.8,1B Jake Burger 2B Javier Sanoja 3B Nolan Arenado C Gabriel Moreno OF Wyatt Langford OF Josue De Paula OF Jordan Lawlar P Drew Rasmussen P Max Fried SS Geraldo Perdomo,,Luke Keaschall,OF,2.69%,12
86,5265778076,Sanford71,0,133.6,1B Ty France 2B Chase Meidroth 3B Jake Cronenworth C Gabriel Moreno OF Ronald Acuna Jr. OF Wyatt Langford OF Bo Davidson P Shota Imanaga P Michael Soroka SS Elly De La Cruz,,Brooks Lee,3B,2.58%,8
86,5266220419,MadeFromMetal,0,133.6,1B Kyle Stowers 2B Justin Foscue 3B Nolan Arenado C Carson Kelly OF Pete Crow-Armstrong OF Griffin Conine OF Jordan Lawlar P Taj Bradley P Cristian Javier SS Otto Lopez,,Fernando Tatis Jr.,OF,2.58%,3
86,5266589557,gonzo0816,0,133.6,1B Jake Burger 2B Ketel Marte 3B Nolan Arenado C Sean Murphy OF Pete Crow-Armstrong OF Wyatt Langford OF Walker Jenkins P Shota Imanaga P Michael Soroka SS Geraldo Perdomo,,Sean Manaea,P,2.58%,27.3
89,5266400960,TrojanMom85,0,133.5,1B Ty France 2B Jake Cronenworth 3B Nolan Arenado C Gabriel Moreno OF Wyatt Langford OF Josue De Paula OF Walker Jenkins P Taj Bradley P Drew Rasmussen SS George Lombard Jr.,,Otto Lopez,SS,2.58%,12
90,5266204678,ZQ1989,0,133.3,1B Ildemaro Vargas 2B Ketel Marte 3B Isaac Paredes C Gabriel Moreno OF Yordan Alvarez OF Cam Smith OF Brice Matthews P Shota Imanaga P JR Ritchie SS Jeremy Pena,,Yordan Alvarez,OF,2.47%,23
91,5266169689,ariric864,0,133.15,1B Jake Burger 2B Ildemaro Vargas 3B Nolan Arenado C Gabriel Moreno OF Henry Bolte OF Jordan Lawlar OF Tommy Pham P Taj Bradley P Shota Imanaga SS Geraldo Perdomo,,J.P. Crawford,SS,2.47%,2
92,5266327569,Opfor4481,0,133.1,1B Jake Burger 2B Chase Meidroth 3B Nolan Arenado C Gabriel Moreno OF Corbin Carroll OF Henry Bolte OF Nick Loftin P Taj Bradley P Max Fried SS Ha-Seong Kim,,Julio Rodriguez,OF,2.47%,6
92,5266463987,Golfito2020,0,133.1,1B Tommy White 2B Ozzie Albies 3B Nolan Arenado C Shea Langeliers OF Juan Soto OF Ian Happ OF Victor Bericoto P Drew Rasmussen P Anthony Molina SS Geraldo Perdomo,,Zack Gelof,3B,2.47%,20
94,5266591108,joegustafson330,0,132.85,1B Vaughn Grissom 2B Ildemaro Vargas 3B Denzer Guzman C Gabriel Moreno OF Mike Trout OF Jose Siri OF Jordan Lawlar P Logan Gilbert P JR Ritchie SS Geraldo Perdomo,,Vinnie Pasquantino,1B,2.47%,34
95,5266159889,thegambler84,0,132.65,1B Freddie Freeman 2B Chase Meidroth 3B Max Muncy C Will Smith OF Kyle Tucker OF Tommy Pham OF Andy Pages P Drew Rasmussen P JR Ritchie SS Colson Montgomery,,Jackson Merrill,OF,2.47%,0
95,5266539352,jeter101,0,132.65,1B Jake Burger 2B Ildemaro Vargas 3B Miguel Vargas C Elias Diaz OF Mike Trout OF Randy Arozarena OF Dominic Canzone P Sean Manaea P Michael Soroka SS Geraldo Perdomo,,Max Muncy,3B,2.36%,0
97,5266629452,HollyLM88,0,132.6,1B Ildemaro Vargas 2B Ketel Marte 3B Nolan Arenado C Gabriel Moreno OF Ronald Acuna Jr. OF Mauricio Dubon OF Tommy Pham P Shota Imanaga P Michael Soroka SS Geraldo Perdomo,,Heriberto Hernandez,OF,2.36%,7
98,5266572948,omes16,0,132.3,1B Ildemaro Vargas 2B Ketel Marte 3B Nolan Arenado C Shea Langeliers OF Corbin Carroll OF Henry Bolte OF Tim Tawa P Shota Imanaga P JR Ritchie SS Alika Williams,,Jose Altuve,2B,2.24%,8
98,5266665931,GunRanger,0,132.3,1B Ildemaro Vargas 2B Ketel Marte 3B Nolan Arenado C Gabriel Moreno OF Mike Trout OF Bryce Teodosio OF Bo Davidson P Shota Imanaga P JR Ritchie SS Zach Neto,,Bo Bichette,3B,2.24%,5
100,5266498681,TrappistMonk,0,131.6,1B Jake Burger 2B Ketel Marte 3B Nolan Arenado C Gabriel Moreno OF Corbin Carroll OF Jordan Lawlar OF Tommy Pham P MacKenzie Gore P Michael Soroka SS Elly De La Cruz,,Emmanuel Rodriguez,OF,2.24%,2
101,5266379781,Timmythegreek1,0,131.5,1B Josh Bell 2B Jose Altuve 3B Josh Jung C Francisco Alvarez OF Dominic Canzone OF Wyatt Langford OF Josue De Paula P Taj Bradley P Drew Rasmussen SS Geraldo Perdomo,,Will Smith,C,2.24%,14
102,5266448532,ReDrUm1hunnid,0,131.25,1B Miguel Vargas 2B Joshua Kuroda-Grauer 3B Zack Gelof C Shea Langeliers OF Henry Bolte OF Dominic Canzone OF Tommy Pham P Taj Bradley P Michael Soroka SS Alika Williams,,Teoscar Hernandez,OF,2.13%,5
102,5266563738,Bubba2057,0,131.25,1B Ildemaro Vargas 2B Ketel Marte 3B Nolan Arenado C Shea Langeliers OF Henry Bolte OF Lawrence Butler OF Jordan Lawlar P Logan Gilbert P Janson Junk SS Geraldo Perdomo,,Nico Hoerner,2B,2.13%,4
104,5266373068,Willyo111,0,131.15,1B Ty France 2B Marcus Semien 3B Nolan Arenado C Francisco Alvarez OF Ronald Acuna Jr. OF Josue De Paula OF Walker Jenkins P Taj Bradley P Shota Imanaga SS Otto Lopez,,Pedro Ramirez,2B,2.13%,0
105,5266267452,MKies816,0,131.05,1B Vinnie Pasquantino 2B Joshua Kuroda-Grauer 3B Nolan Arenado C Gabriel Moreno OF Teoscar Hernandez OF Luke Keaschall OF Josue De Paula P Logan Gilbert P Shota Imanaga SS Alika Williams,,Kody Clemens,2B,2.13%,3
106,5266361445,flyeagles40,0,130.95,1B Ildemaro Vargas 2B Ketel Marte 3B Nolan Arenado C Gabriel Moreno OF Henry Bolte OF Jose Siri OF Brenton Doyle P Shota Imanaga P Cristian Javier SS Geraldo Perdomo,,Hunter Goodman,C,2.02%,0
107,5266236092,kipwinger,0,130.85,1B Vinnie Pasquantino 2B Jose Altuve 3B Bo Bichette C Kyle Teel OF Wyatt Langford OF Michael Harris II OF Andy Pages P Drew Rasmussen P Shota Imanaga SS Nico Hoerner,,Mickey Moniak,OF,2.02%,14
108,5266328087,RSH427R,0,130.6,1B Salvador Perez 2B Justin Foscue 3B Nolan Arenado C Gabriel Moreno OF Jac Caglianone OF Corbin Carroll OF Bo Davidson P Shota Imanaga P Michael Soroka SS Bobby Witt Jr.,,Seiya Suzuki,OF,2.02%,10
109,5266160212,Byronn5,0,130.15,1B Ildemaro Vargas 2B Ketel Marte 3B Denzer Guzman C Jonah Heim OF Michael Harris II OF Tim Tawa OF Jordan Lawlar P Taj Bradley P Shota Imanaga SS Geraldo Perdomo,,Jose Fernandez,3B,2.02%,0
110,5266629645,xXxPLOSIVE,0,130.1,1B Ildemaro Vargas 2B Ketel Marte 3B Nolan Arenado C Gabriel Moreno OF JJ Bleday OF Jordan Lawlar OF Tommy Pham P Taj Bradley P Yusei Kikuchi SS Elly De La Cruz,,Josh Bell,1B,2.02%,0
111,5266661542,eagles1985,0,130.05,1B Ildemaro Vargas 2B Ketel Marte 3B Denzer Guzman C Gabriel Moreno OF Randal Grichuk OF Jordan Lawlar OF Bryce Teodosio P Logan Gilbert P Shota Imanaga SS Geraldo Perdomo,,Cole Carrigg,SS,1.91%,5
112,5266232389,Goatradamus,0,129.95,1B TJ Rumfield 2B Chase Meidroth 3B Nick Loftin C Shea Langeliers OF Ronald Acuna Jr. OF Kyle Tucker OF Henry Bolte P Taj Bradley P JR Ritchie SS Alika Williams,,Cal Raleigh,C,1.91%,2
113,5266469871,mmaffia5,0,129.7,1B Vaughn Grissom 2B Joshua Kuroda-Grauer 3B Zack Gelof C Shea Langeliers OF Henry Bolte OF Jose Siri OF Denzel Clarke P Shota Imanaga P Janson Junk SS Zach Neto,,Agustin Ramirez,C,1.91%,5
114,5266294402,djdog09,0,129.55,1B Tommy White 2B Jose Altuve 3B Zack Gelof C Shea Langeliers OF Yordan Alvarez OF Turner Hill OF Bo Davidson P Shota Imanaga P Sean Manaea SS Francisco Lindor,,Eugenio Suarez,3B,1.91%,14
115,5266439708,flashbelanger,0,129.25,1B Miguel Vargas 2B Chase Meidroth 3B Yandy Diaz C Drake Baldwin OF Jake McCarthy OF Randy Arozarena OF Josue De Paula P JR Ritchie P Yusei Kikuchi SS Otto Lopez,,Francisco Lindor,SS,1.80%,5
116,5266367410,tkanne24,0,129.15,1B Tommy White 2B Ketel Marte 3B Nolan Arenado C Shea Langeliers OF Henry Bolte OF Tim Tawa OF Jordan Lawlar P Taj Bradley P Shota Imanaga SS Alika Williams,,Troy Johnston,OF,1.80%,9
116,5266452793,orgnl_kj,0,129.15,1B Ildemaro Vargas 2B Ozzie Albies 3B Nolan Arenado C Drake Baldwin OF Michael Harris II OF Jordan Lawlar OF Mauricio Dubon P Taj Bradley P Shota Imanaga SS Geraldo Perdomo,,Xander Bogaerts,SS,1.80%,3
116,5266530808,BigWilburStyle,0,129.15,1B Ildemaro Vargas 2B Ketel Marte 3B Denzer Guzman C Jonah Heim OF Henry Bolte OF Carson Benge OF Carlos Jorge P Taj Bradley P Shota Imanaga SS Geraldo Perdomo,,Spencer Jones,OF,1.80%,2
116,5266582052,jakethesnake83,0,129.15,1B Ildemaro Vargas 2B Ozzie Albies 3B Denzer Guzman C Gabriel Moreno OF Mickey Moniak OF Dominic Canzone OF Bo Davidson P Taj Bradley P Shota Imanaga SS Geraldo Perdomo,,Carson Kelly,C,1.80%,3
120,5266115945,blitzburgh07,0,128.75,1B Mark Vientos 2B Chase Meidroth 3B Nolan Arenado C Cal Raleigh OF Henry Bolte OF Dominic Canzone OF Wyatt Langford P Shota Imanaga P Anthony Molina SS Geraldo Perdomo,,Javier Sanoja,3B,1.80%,10
121,5266458849,bucfan054,0,128.65,1B Matt Olson 2B Chase Meidroth 3B Nolan Arenado C Shea Langeliers OF Ronald Acuna Jr. OF Cody Bellinger OF Michael Harris II P Yusei Kikuchi P Janson Junk SS Mookie Betts,,Danny Jansen,C,1.80%,6
122,5266423310,cpavlik,0,128.5,1B Kyle Stowers 2B Pedro Ramirez 3B Josh Jung C Tyler Stephenson OF Pete Crow-Armstrong OF Michael Conforto OF Tommy Pham P Taj Bradley P Drew Rasmussen SS Corey Seager,,Yandy Diaz,1B,1.68%,14
123,5266317220,engelg,0,128.3,1B Matt Olson 2B Ketel Marte 3B Nolan Arenado C Drake Baldwin OF Michael Harris II OF Tim Tawa OF Jordan Lawlar P Shota Imanaga P JR Ritchie SS Geraldo Perdomo,,Kyle Tucker,OF,1.68%,3
123,5266411865,Shields2323,0,128.3,1B Yandy Diaz 2B Ildemaro Vargas 3B Nolan Arenado C Luis Campusano OF Cody Bellinger OF Ian Happ OF Julio Rodriguez P Shota Imanaga P JR Ritchie SS Geraldo Perdomo,,Andy Pages,OF,1.68%,6
125,5266280478,SierraMisk,0,128.15,1B Ildemaro Vargas 2B Joshua Kuroda-Grauer 3B Nolan Arenado C Gabriel Moreno OF Henry Bolte OF Jordan Lawlar OF Carlos Jorge P Taj Bradley P Shota Imanaga SS Geraldo Perdomo,,Jake Cronenworth,2B,1.68%,0
126,5266453766,jgunn26,0,128.1,1B Jake Burger 2B Javier Sanoja 3B Nolan Arenado C Gabriel Moreno OF Ronald Acuna Jr. OF Henry Bolte OF Jordan Lawlar P Drew Rasmussen P Anthony Molina SS Otto Lopez,,Kyle Karros,3B,1.68%,0
127,5266511095,walterwalleye,0,127.85,1B Jake Burger 2B Ozzie Albies 3B Nolan Arenado C Drake Baldwin OF Wyatt Langford OF Michael Harris II OF JJ Bleday P Drew Rasmussen P Shota Imanaga SS Geraldo Perdomo,,Brenton Doyle,OF,1.57%,19
128,5266250516,az350z,0,127.7,1B Munetaka Murakami 2B Chase Meidroth 3B Colson Montgomery C Kyle Teel OF Cole Carrigg OF JJ Bleday OF Randal Grichuk P Taj Bradley P Logan Gilbert SS Ha-Seong Kim,,Maikel Garcia,3B,1.57%,14
129,5266402702,jimmyb.83159,0,127.6,1B Jake Burger 2B Ketel Marte 3B Nolan Arenado C Danny Jansen OF Randy Arozarena OF Corbin Carroll OF Chandler Simpson P Shota Imanaga P Michael Soroka SS Geraldo Perdomo,,Colson Montgomery,SS,1.57%,0
129,5266458715,Novak02,0,127.6,1B Kyle Stowers 2B Ozzie Albies 3B Nolan Arenado C Gabriel Moreno OF Ronald Acuna Jr. OF Josue De Paula OF Michael Conforto P Taj Bradley P Cristian Javier SS Geraldo Perdomo,,Kyle Teel,C,1.57%,2
131,5266121539,gigoloJoe,0,127.15,1B Ildemaro Vargas 2B Ketel Marte 3B Nolan Arenado C Shea Langeliers OF Tim Tawa OF Jordan Lawlar OF Tommy Pham P Taj Bradley P Shota Imanaga SS Mauricio Dubon,,Nick Loftin,OF,1.46%,16
132,5266481677,davidarussellii,0,126.7,1B Vaughn Grissom 2B Christian Moore 3B Denzer Guzman C Shea Langeliers OF Lawrence Butler OF Bryce Teodosio OF Denzel Clarke P Taj Bradley P Logan Gilbert SS Zach Neto,,Josh Naylor,1B,1.46%,0
133,5266566525,MarcoRacin,0,126.6,1B Vinnie Pasquantino 2B Ozzie Albies 3B Brooks Lee C Gabriel Moreno OF Ronald Acuna Jr. OF Wyatt Langford OF Josue De Paula P Shota Imanaga P Michael Soroka SS Xander Bogaerts,,Carter Jensen,C,1.46%,7
134,5266472513,bradyclark3,0,126.2,1B Christian Walker 2B Ketel Marte 3B Nolan Arenado C Yainer Diaz OF Troy Johnston OF Spencer Jones OF Lazaro Montes P Taj Bradley P Sean Manaea SS Mookie Betts,,Hector Rodriguez,OF,1.46%,0
135,5266513447,Davidstillwell,0,126.15,1B Jake Burger 2B Ozzie Albies 3B Nolan Arenado C Jonah Heim OF Mike Trout OF Walker Jenkins OF Tommy Pham P Taj Bradley P Shota Imanaga SS Zach Neto,,Austin Wells,C,1.46%,2
135,5266605556,naapstermaan,0,126.15,1B Jake Burger 2B Ildemaro Vargas 3B Nolan Arenado C Gabriel Moreno OF Wyatt Langford OF Brandon Nimmo OF Jordan Lawlar P Taj Bradley P Shota Imanaga SS Geraldo Perdomo,,Isaac Paredes,3B,1.35%,19
135,5266244378,aquafinatim,0,126.149994,1B Tim Tawa 2B Ildemaro Vargas 3B Nolan Arenado C Drake Baldwin OF Ronald Acuna Jr. OF Michael Harris II OF Jordan Lawlar P Logan Gilbert P Michael Soroka SS Geraldo Perdomo,,Colson Montgomery,3B,1.35%,0
138,5266563626,Johnny_Great,0,125.95,1B Ildemaro Vargas 2B Ketel Marte 3B Nolan Arenado C Shea Langeliers OF Pete Crow-Armstrong OF Scott Bandura OF Bo Davidson P Shota Imanaga P Cristian Javier SS Geraldo Perdomo,,Janson Junk,P,1.35%,21.45
139,5266659604,GRECOFC,0,125.9,1B Yandy Diaz 2B Jonah Cox 3B Eugenio Suarez C Gabriel Moreno OF Yordan Alvarez OF Mike Trout OF Randy Arozarena P Yusei Kikuchi P Brandon Williamson SS Corey Seager,,Javier Sanoja,2B,1.35%,10
140,5266388207,Yappin01,0,125.85,1B Ildemaro Vargas 2B Ketel Marte 3B Nolan Arenado C Sean Murphy OF Ronald Acuna Jr. OF Jordan Lawlar OF Bo Davidson P Drew Rasmussen P Shota Imanaga SS Geraldo Perdomo,,Denzel Clarke,OF,1.35%,0
140,5266398983,Dmerkel1980,0,125.85,1B Ildemaro Vargas 2B Ketel Marte 3B Nolan Arenado C Gabriel Moreno OF Jake McCarthy OF Kyle Tucker OF Carlos Jorge P Anthony Molina P Michael Soroka SS Geraldo Perdomo,,Freddie Freeman,1B,1.23%,12
140,5266544745,dverstovsek,0,125.85,1B Jake Burger 2B Ketel Marte 3B Isaac Paredes C Sean Murphy OF Yordan Alvarez OF Cam Smith OF Brice Matthews P Drew Rasmussen P Shota Imanaga SS Jeremy Pena,,Yainer Diaz,C,1.23%,8
143,5266291132,csurunnerccr,0,125.6,1B Tommy White 2B Joshua Kuroda-Grauer 3B Zack Gelof C Shea Langeliers OF Henry Bolte OF Dane Myers OF Carlos Jorge P Taj Bradley P Cristian Javier SS Elly De La Cruz,,Jeremy Pena,SS,1.23%,14
143,5266370496,Kirksey76,0,125.6,1B Tim Tawa 2B Ketel Marte 3B Nolan Arenado C Shea Langeliers OF Michael Conforto OF Jordan Lawlar OF Nick Loftin P Taj Bradley P Cristian Javier SS Zach Neto,,Maikel Garcia,SS,1.23%,14
145,5266477223,Etty022,0,125.55,1B Freddie Freeman 2B Jose Altuve 3B Isaac Paredes C Carson Kelly OF Fernando Tatis Jr. OF Teoscar Hernandez OF Carson Benge P Anthony Molina P JR Ritchie SS Geraldo Perdomo,,Heliot Ramos,OF,1.23%,7
146,5266431820,JB00GlE,0,125.5,1B Jake Burger 2B Michael Massey 3B Nolan Arenado C Sean Murphy OF Corbin Carroll OF Wyatt Langford OF Jordan Lawlar P Taj Bradley P Drew Rasmussen SS Geraldo Perdomo,,Francisco Alvarez,C,1.23%,18
147,5266262580,OJS52MLB,0,125.45,1B Vinnie Pasquantino 2B Ozzie Albies 3B Colson Montgomery C Francisco Alvarez OF Teoscar Hernandez OF Carson Benge OF Wyatt Langford P Max Fried P Shota Imanaga SS Geraldo Perdomo,,Salvador Perez,1B,1.23%,5
148,5266600808,tee-wade,0,124.4,1B Ildemaro Vargas 2B Jake Cronenworth 3B Nolan Arenado C Gabriel Moreno OF Wyatt Langford OF Jose Siri OF Jordan Lawlar P Taj Bradley P Anthony Molina SS Geraldo Perdomo,,Carson Benge,OF,1.23%,18
149,5266134440,hightopsfeet,0,124.35,1B Yandy Diaz 2B Javier Sanoja 3B Max Muncy C Agustin Ramirez OF Mike Trout OF Heriberto Hernandez OF Heliot Ramos P Taj Bradley P Janson Junk SS Zach Neto,,Chandler Simpson,OF,1.23%,5
150,5266559071,jrmurphy2,0,124.15,1B Moises Ballesteros 2B Ildemaro Vargas 3B Nolan Arenado C Will Smith OF Jose Siri OF JJ Bleday OF Tim Tawa P Taj Bradley P Shota Imanaga SS Corey Seager,,Marcus Semien,2B,1.12%,2
151,5266117721,lpryan,0,123.85,1B Vinnie Pasquantino 2B Ketel Marte 3B Nolan Arenado C Gabriel Moreno OF Corbin Carroll OF Dominic Canzone OF Josue De Paula P Shota Imanaga P Anthony Kay SS Mauricio Dubon,,Drew Gilbert,OF,1.12%,3
152,5266554974,Lightnin18,0,123.55,1B Sal Stewart 2B Ildemaro Vargas 3B Nolan Arenado C Hunter Goodman OF Michael Conforto OF Tommy Pham OF Carlos Jorge P Max Fried P Michael Soroka SS Elly De La Cruz,,Ezequiel Duran,3B,1.12%,4
153,5266303022,scoats85,0,123.5,1B Miguel Vargas 2B Justin Foscue 3B Josh Jung C Yainer Diaz OF Wyatt Langford OF Josue De Paula OF Brandon Nimmo P Taj Bradley P Drew Rasmussen SS Otto Lopez,,Dansby Swanson,SS,1.12%,0
154,5266572228,Dhueb,0,123.3,1B Sal Stewart 2B Nico Hoerner 3B Junior Caminero C Elias Diaz OF Wyatt Langford OF Randal Grichuk OF Jordan Lawlar P Drew Rasmussen P Cristian Javier SS Geraldo Perdomo,,Cole Carrigg,OF,1.12%,5
155,5266095319,TheRealPeterman,0,123.15,1B Sal Stewart 2B Ozzie Albies 3B Nolan Arenado C Tyler Stephenson OF JJ Bleday OF Tommy Pham OF Carlos Jorge P Taj Bradley P Shota Imanaga SS Elly De La Cruz,,Connor Norby,3B,1.12%,4
155,5266573035,pete0six,0,123.15,1B TJ Rumfield 2B Christian Moore 3B Denzer Guzman C Shea Langeliers OF Jose Siri OF Jordan Lawlar OF Bryce Teodosio P Taj Bradley P Shota Imanaga SS Zach Neto,,Munetaka Murakami,1B,1.12%,22
157,5266497125,Martin00,0,123.1,1B Vinnie Pasquantino 2B Ketel Marte 3B Jake Cronenworth C Gabriel Moreno OF Pete Crow-Armstrong OF Josue De Paula OF Dustin Harris P Taj Bradley P Yusei Kikuchi SS Alika Williams,,Ben Rice,C,1.01%,0
158,5266616672,mjikard,0,122.85,1B Salvador Perez 2B Ildemaro Vargas 3B Josh Jung C Gabriel Moreno OF Jac Caglianone OF Jordan Lawlar OF Ryan Vilade P Drew Rasmussen P MacKenzie Gore SS Geraldo Perdomo,,Manny Machado,3B,1.01%,2
159,5266366095,mikehataway,0,122.6,1B Jake Burger 2B Javier Sanoja 3B Nolan Arenado C Danny Jansen OF Yordan Alvarez OF Ronald Acuna Jr. OF Josue De Paula P Taj Bradley P Cristian Javier SS Jeremy Pena,,Jake Cronenworth,3B,1.01%,0
159,5266544104,wanders64,0,122.6,1B Jake Burger 2B Ketel Marte 3B Nolan Arenado C Danny Jansen OF Corbin Carroll OF Jackson Merrill OF Tim Tawa P Shota Imanaga P Michael Soroka SS Geraldo Perdomo,,Jac Caglianone,OF,1.01%,12
161,5266667588,Boltmantom,0,121.85,1B Michael Busch 2B Ben Williamson 3B Denzer Guzman C Drew Cavanaugh OF Pete Crow-Armstrong OF Seiya Suzuki OF Michael Conforto P Drew Rasmussen P Shota Imanaga SS Ha-Seong Kim,,Elias Diaz,C,1.01%,2
162,5266345278,PresidentLeach,0,121.45,1B Moises Ballesteros 2B Matt McLain 3B Denzer Guzman C Tyler Stephenson OF Mike Trout OF JJ Bleday OF Carlos Jorge P Max Fried P Shota Imanaga SS Elly De La Cruz,,Moises Ballesteros,C,1.01%,5
163,5266093854,shaunb24,0,121.15,1B Jake Burger 2B Cole Young 3B Nolan Arenado C Gabriel Moreno OF Julio Rodriguez OF JJ Bleday OF Emmanuel Rodriguez P Taj Bradley P Shota Imanaga SS Geraldo Perdomo,,Nick Loftin,3B,1.01%,16
163,5266369980,LinkSinc,0,121.15,1B Tommy White 2B Kody Clemens 3B Zack Gelof C Shea Langeliers OF Luke Keaschall OF Walker Jenkins OF Emmanuel Rodriguez P Taj Bradley P Shota Imanaga SS Ryan Kreidler,,Juan Soto,OF,1.01%,8
165,5266573248,bleeski,0,120.65,1B Vinnie Pasquantino 2B Ketel Marte 3B Miguel Vargas C Will Smith OF Ronald Acuna Jr. OF Josue De Paula OF Andy Pages P Yusei Kikuchi P Janson Junk SS Mookie Betts,,Michael Massey,2B,0.90%,7
166,5266565613,Deltachi20,0,120.3,1B Ildemaro Vargas 2B Ketel Marte 3B Nolan Arenado C Gabriel Moreno OF Troy Johnston OF Zac Veen OF Michael Conforto P Drew Rasmussen P Cristian Javier SS Geraldo Perdomo,,Fernando Tatis Jr.,2B,0.90%,3
167,5266655432,ralloway,0,120.25,1B Matt Olson 2B Ildemaro Vargas 3B Nolan Arenado C Gabriel Moreno OF Mike Trout OF Ronald Acuna Jr. OF Jordan Lawlar P JR Ritchie P Yusei Kikuchi SS Geraldo Perdomo,,Yandy Diaz,3B,0.90%,14
168,5266316869,bryanbigbets,0,120.15,1B Ildemaro Vargas 2B Ketel Marte 3B Miguel Vargas C Kyle Teel OF Braden Montgomery OF Brenton Doyle OF Tommy Pham P Taj Bradley P Shota Imanaga SS Geraldo Perdomo,,Victor Bericoto,OF,0.90%,2
168,5266409491,chuckface8,0,120.15,1B Jake Burger 2B Ketel Marte 3B Nolan Arenado C Gabriel Moreno OF Henry Bolte OF Tommy Pham OF Carlos Jorge P Taj Bradley P Shota Imanaga SS Geraldo Perdomo,,Kyle Freeland,P,0.90%,-5.25
168,5266573129,Jimbobwae42,0,120.15,1B Tommy White 2B Ketel Marte 3B Nolan Arenado C Sean Murphy OF Ronald Acuna Jr. OF Lawrence Butler OF Carlos Jorge P Taj Bradley P Shota Imanaga SS Geraldo Perdomo,,Nico Hoerner,SS,0.90%,4
168,5266591842,mchlpaone,0,120.15,1B Ildemaro Vargas 2B Ketel Marte 3B Nolan Arenado C Gabriel Moreno OF Michael Harris II OF Jordan Lawlar OF Carlos Jorge P Taj Bradley P Shota Imanaga SS Mauricio Dubon,,Ben Rice,1B,0.90%,0
172,5266128272,srgttsb,0,119.95,1B Ty France 2B Chase Meidroth 3B Nolan Arenado C Agustin Ramirez OF Mickey Moniak OF Henry Bolte OF Wyatt Langford P Shota Imanaga P Cristian Javier SS Cole Carrigg,,Ryan McMahon,3B,0.79%,0
173,5266660903,buckeyeguru,0,119.8,1B Kyle Stowers 2B Javier Sanoja 3B Denzer Guzman C Agustin Ramirez OF Pete Crow-Armstrong OF Wyatt Langford OF Heriberto Hernandez P Max Fried P Michael King SS Otto Lopez,,Brady Basso,P,0.79%,-6.3
174,5266246632,Redsoxal,0,119.65,1B Ildemaro Vargas 2B Ozzie Albies 3B Nolan Arenado C Shea Langeliers OF Pete Crow-Armstrong OF Walker Jenkins OF Nick Loftin P Shota Imanaga P Daniel Lynch IV SS Bobby Witt Jr.,,Luis Torrens,C,0.79%,2
175,5266473005,kingtrey54,0,119.6,1B Josh Naylor 2B Ozzie Albies 3B Nolan Arenado C Gabriel Moreno OF Corbin Carroll OF Lazaro Montes OF Andy Pages P Shota Imanaga P Michael Soroka SS Geraldo Perdomo,,Turner Hill,OF,0.79%,0
176,5266651079,Showmedash,0,119.55,1B Matt Olson 2B Ketel Marte 3B Nolan Arenado C Carter Jensen OF Dominic Canzone OF Michael Harris II OF Bo Davidson P Max Fried P Michael Soroka SS Geraldo Perdomo,,Jonny DeLuca,OF,0.79%,5
177,5266456482,ecglover8,0,119.25,1B Michael Busch 2B Ozzie Albies 3B Nick Loftin C Carson Kelly OF Pete Crow-Armstrong OF Michael Harris II OF Michael Conforto P Taj Bradley P Michael Soroka SS Nico Hoerner,,Braden Montgomery,OF,0.79%,5
178,5266137301,stock2mail,0,119.15,1B Ildemaro Vargas 2B Ketel Marte 3B Eugenio Suarez C Tyler Stephenson OF JJ Bleday OF Dane Myers OF Carlos Jorge P Taj Bradley P Shota Imanaga SS Geraldo Perdomo,,Dane Myers,OF,0.79%,14
178,5266251364,lsbruehl,0,119.15,1B Vaughn Grissom 2B Joshua Kuroda-Grauer 3B Denzer Guzman C Jonah Heim OF Mike Trout OF Henry Bolte OF Denzel Clarke P Taj Bradley P Shota Imanaga SS Alika Williams,,Kyle Stowers,1B,0.79%,29
178,5266339755,Fortyoz,0,119.15,1B Jake Burger 2B Ozzie Albies 3B Nolan Arenado C Gabriel Moreno OF Corbin Carroll OF Jordan Lawlar OF Tommy Pham P Taj Bradley P Shota Imanaga SS Geraldo Perdomo,,Scott Bandura,OF,0.79%,3
181,5266416736,austinj411,0,118.95,1B Jake Burger 2B Jose Altuve 3B Yandy Diaz C Drake Baldwin OF Pete Crow-Armstrong OF JJ Bleday OF Josue De Paula P Michael King P Michael Soroka SS Otto Lopez,,Jared Serna,2B,0.79%,0
182,5266429425,HuntMarv,0,118.8,1B Jake Burger 2B Joshua Kuroda-Grauer 3B Nolan Arenado C Gabriel Moreno OF Henry Bolte OF Jordan Lawlar OF Drew Gilbert P Drew Rasmussen P Max Fried SS Geraldo Perdomo,,Mark Vientos,1B,0.67%,0
182,5266468644,RINO19,0,118.8,1B Ildemaro Vargas 2B Ozzie Albies 3B Austin Riley C Drake Baldwin OF Mike Trout OF Michael Harris II OF Mauricio Dubon P Drew Rasmussen P Yusei Kikuchi SS Zach Neto,,Jonah Cox,2B,0.67%,9
184,5266122939,mlaw1992,0,118.75,1B Vinnie Pasquantino 2B Fernando Tatis Jr. 3B Denzer Guzman C Hunter Goodman OF Esteury Ruiz OF Braden Montgomery OF Carlos Jorge P Shota Imanaga P Anthony Molina SS Mookie Betts,,Royce Lewis,1B,0.67%,0
185,5266434265,bubba5623,0,118.7,1B Jake Burger 2B Justin Foscue 3B Nolan Arenado C Drake Baldwin OF Ronald Acuna Jr. OF Henry Bolte OF JJ Bleday P Shota Imanaga P Janson Junk SS Elly De La Cruz,,Cole Young,2B,0.67%,10
186,5266520753,PensDangleSniper94,0,118.2,1B Sal Stewart 2B Kody Clemens 3B Brooks Lee C Gabriel Moreno OF JJ Bleday OF Walker Jenkins OF Carlos Jorge P Drew Rasmussen P Anthony Kay SS Elly De La Cruz,,Victor Caratini,C,0.67%,0
187,5266117298,SoCalHusker,0,118.15,1B Tommy White 2B Ketel Marte 3B Nolan Arenado C Gabriel Moreno OF Wyatt Langford OF Jordan Lawlar OF Carlos Jorge P Taj Bradley P Shota Imanaga SS Geraldo Perdomo,,Junior Caminero,3B,0.67%,5
188,5266487348,Jiwyman1,0,117.95,1B Aaron Sabato 2B Ketel Marte 3B Denzer Guzman C Shea Langeliers OF Ronald Acuna Jr. OF Corbin Carroll OF Tommy Pham P Taj Bradley P JR Ritchie SS Geraldo Perdomo,,A.J. Ewing,OF,0.67%,10
189,5266658253,Timj1890,0,117.85,1B Yandy Diaz 2B Nico Hoerner 3B Colson Montgomery C Kyle Teel OF Jackson Merrill OF Wyatt Langford OF Randal Grichuk P Drew Rasmussen P Shota Imanaga SS J.P. Crawford,,Drew Cavanaugh,C,0.67%,2
190,5266232946,sarasoxs,0,117.45,1B Jake Burger 2B Ketel Marte 3B Nolan Arenado C Shea Langeliers OF Mike Trout OF Jordan Lawlar OF Bo Davidson P Shota Imanaga P Yusei Kikuchi SS Zach Neto,,Moises Ballesteros,1B,0.67%,5
191,5266501673,ArchimedesWhitfield,0,117.399994,1B Matt Olson 2B Ozzie Albies 3B Zack Gelof C Shea Langeliers OF Ronald Acuna Jr. OF Henry Bolte OF Michael Harris II P Michael Soroka P JR Ritchie SS Mauricio Dubon,,Brice Matthews,OF,0.56%,5
192,5266453325,janpierolopez,0,117.25,1B Ildemaro Vargas 2B Ozzie Albies 3B Brooks Lee C Tyler Stephenson OF Jackson Merrill OF Ian Happ OF Luke Keaschall P Taj Bradley P Michael Soroka SS Geraldo Perdomo,,Zac Veen,OF,0.56%,0
193,5266335643,BrentK1092690,0,117.15,1B Sal Stewart 2B Christian Moore 3B Denzer Guzman C Tyler Stephenson OF Jose Siri OF JJ Bleday OF Bryce Teodosio P Taj Bradley P Shota Imanaga SS Zach Neto,,Luis Garcia Jr.,1B,0.56%,0
193,5266650255,ibeckman,0,117.15,1B Ildemaro Vargas 2B Ketel Marte 3B Nolan Arenado C Jonah Heim OF Henry Bolte OF Jordan Lawlar OF Nick Morabito P Taj Bradley P Shota Imanaga SS Geraldo Perdomo,,Nick Fortes,C,0.56%,3
195,5266514505,Cole3pt,0,117.1,1B Ildemaro Vargas 2B Justin Foscue 3B Nolan Arenado C Gabriel Moreno OF Tim Tawa OF Zac Veen OF Chandler Simpson P Taj Bradley P Max Fried SS Geraldo Perdomo,,Justin Wrobleski,P,0.56%,5.65
196,5266127136,AggieHockey,0,116.85,1B Miguel Vargas 2B Ozzie Albies 3B Darell Hernaiz C Francisco Alvarez OF Pete Crow-Armstrong OF Julio Rodriguez OF Carlos Jorge P Drew Rasmussen P Shota Imanaga SS George Lombard Jr.,,Lazaro Montes,OF,0.56%,0
197,5265879946,Evanallees,0,116.6,1B Ildemaro Vargas 2B Ketel Marte 3B Nolan Arenado C James McCann OF Yordan Alvarez OF Corbin Carroll OF Taylor Trammell P MacKenzie Gore P Michael Soroka SS Corey Seager,,Ryan Vilade,OF,0.56%,4
197,5266083744,jrevelle3,0,116.6,1B Luis Garcia Jr. 2B Ketel Marte 3B Yandy Diaz C Nick Fortes OF Cedric Mullins OF Jonny DeLuca OF Heliot Ramos P Shota Imanaga P Michael Soroka SS Zach Neto,,Austin Hays,OF,0.56%,0
199,5266368516,wallyswahoos,0,116.5,1B TJ Rumfield 2B Ildemaro Vargas 3B Nolan Arenado C Tyler Stephenson OF Corbin Carroll OF Troy Johnston OF Tim Tawa P Shota Imanaga P MacKenzie Gore SS Geraldo Perdomo,,Samad Taylor,OF,0.56%,0
200,5266092228,briannedanielle,0,116.15,1B Jake Burger 2B Ketel Marte 3B Nolan Arenado C Gabriel Moreno OF JJ Bleday OF Jordan Lawlar OF Carlos Jorge P Taj Bradley P Shota Imanaga SS Geraldo Perdomo,,Ryan Kreidler,SS,0.56%,5
200,5266296325,butchismyhomie,0,116.15,1B Jake Burger 2B Ketel Marte 3B Nolan Arenado C Gabriel Moreno OF JJ Bleday OF Jordan Lawlar OF Carlos Jorge P Taj Bradley P Shota Imanaga SS Geraldo Perdomo,,Brandon Williamson,P,0.56%,19.7
200,5266493271,nuthouse312,0,116.15,1B Jake Burger 2B Ketel Marte 3B Nolan Arenado C Gabriel Moreno OF JJ Bleday OF Jordan Lawlar OF Carlos Jorge P Taj Bradley P Shota Imanaga SS Geraldo Perdomo,,Tommy Edman,OF,0.56%,20
200,5266546409,Roller,0,116.15,1B Jake Burger 2B Ketel Marte 3B Nolan Arenado C Gabriel Moreno OF JJ Bleday OF Jordan Lawlar OF Carlos Jorge P Taj Bradley P Shota Imanaga SS Geraldo Perdomo,,Kyle Isbel,OF,0.45%,0
200,5266550878,jrueb,0,116.15,1B Jake Burger 2B Ketel Marte 3B Nolan Arenado C Gabriel Moreno OF JJ Bleday OF Jordan Lawlar OF Carlos Jorge P Taj Bradley P Shota Imanaga SS Geraldo Perdomo,,Esteury Ruiz,OF,0.45%,2
200,5266551503,jrutoskey,0,116.15,1B Jake Burger 2B Ketel Marte 3B Nolan Arenado C Sean Murphy OF Wyatt Langford OF Jordan Lawlar OF Tommy Pham P Taj Bradley P Shota Imanaga SS Elly De La Cruz,,Matt McLain,2B,0.45%,5
206,5266667132,seabie123,0,115.95,1B Tommy White 2B Ketel Marte 3B Nolan Arenado C Gabriel Moreno OF Mike Trout OF Corbin Carroll OF Tim Tawa P Shota Imanaga P Cristian Javier SS Alika Williams,,Ryan Kreidler,2B,0.45%,5
207,5266282121,canovsp,0,115.45,1B Jake Burger 2B Cole Young 3B Nolan Arenado C Gabriel Moreno OF Corbin Carroll OF Brandon Nimmo OF Jordan Lawlar P Max Fried P Shota Imanaga SS Geraldo Perdomo,,Brock Rodden,3B,0.45%,0
207,5266335969,stayeduptolate,0,115.45,1B Matt Olson 2B Ildemaro Vargas 3B Nolan Arenado C Gabriel Moreno OF Corbin Carroll OF Jordan Lawlar OF Bo Davidson P Shota Imanaga P Yusei Kikuchi SS Zach Neto,,Deyvison De Los Santos,1B,0.45%,2
207,5266607335,McKlutch,0,115.45,1B Jake Burger 2B Ketel Marte 3B Nolan Arenado C Gabriel Moreno OF Yordan Alvarez OF Wyatt Langford OF Jordan Lawlar P Shota Imanaga P Yusei Kikuchi SS Geraldo Perdomo,,Luis Campusano,C,0.45%,6
210,5266122644,matthewwalsh,0,115.3,1B Tim Tawa 2B Ketel Marte 3B Nolan Arenado C Drake Baldwin OF Ronald Acuna Jr. OF Michael Harris II OF Jordan Lawlar P MacKenzie Gore P JR Ritchie SS Geraldo Perdomo,,Jonah Cox,OF,0.45%,9
211,5266637905,gnangbe0704,0,114.6,1B Ildemaro Vargas 2B Ketel Marte 3B Nolan Arenado C Drake Baldwin OF Ronald Acuna Jr. OF Corbin Carroll OF Jordan Lawlar P Shota Imanaga P Michael Soroka SS Ha-Seong Kim,,Ben Williamson,2B,0.45%,5
211,5266664999,nezzy78,0,114.6,1B Jake Burger 2B Ildemaro Vargas 3B Nolan Arenado C Gabriel Moreno OF Ronald Acuna Jr. OF Corbin Carroll OF Jordan Lawlar P Shota Imanaga P Michael Soroka SS Corey Seager,,Brock Stewart,P,0.45%,3.65
213,5266217443,cliffr03690,0,114.45,1B Matt Olson 2B Ozzie Albies 3B Nolan Arenado C Gabriel Moreno OF Corbin Carroll OF Michael Harris II OF Tim Tawa P Shota Imanaga P Yusei Kikuchi SS Geraldo Perdomo,,Shay Whitcomb,3B,0.34%,7
214,5266643639,colbyhornet,0,114.399994,1B Ildemaro Vargas 2B Ketel Marte 3B Nolan Arenado C Drake Baldwin OF Michael Harris II OF Tim Tawa OF Jordan Lawlar P Drew Rasmussen P Logan Gilbert SS Ha-Seong Kim,,Roki Sasaki,P,0.34%,5.05
215,5266361515,KETTLEHEADS,0,114.35,1B Jake Burger 2B Christian Moore 3B Zack Gelof C Shea Langeliers OF Henry Bolte OF Spencer Jones OF Ezequiel Duran P Taj Bradley P Janson Junk SS Bobby Witt Jr.,,Ryan Vilade,1B,0.34%,4
216,5266448813,Henry113,0,114.3,1B Ildemaro Vargas 2B Ketel Marte 3B Nolan Arenado C Gabriel Moreno OF Ronald Acuna Jr. OF Michael Harris II OF Jordan Lawlar P Shota Imanaga P JR Ritchie SS Mauricio Dubon,,Aaron Sabato,1B,0.34%,0
216,5266495577,gh0705,0,114.3,1B Jake Burger 2B Justin Foscue 3B Zack Gelof C Shea Langeliers OF Henry Bolte OF Jose Siri OF Lazaro Montes P Shota Imanaga P JR Ritchie SS Zach Neto,,Christian Koss,SS,0.34%,3
216,5266555927,dtapper29,0,114.3,1B Matt Olson 2B Ozzie Albies 3B Nolan Arenado C Drake Baldwin OF Ronald Acuna Jr. OF Michael Harris II OF Jordan Lawlar P Shota Imanaga P JR Ritchie SS Geraldo Perdomo,,Jazz Chisholm Jr.,2B,0.34%,5
219,5266383067,trtd4321,0,114.15,1B Jake Burger 2B Justin Foscue 3B Nolan Arenado C Gabriel Moreno OF Wyatt Langford OF JJ Bleday OF Jordan Lawlar P Taj Bradley P Shota Imanaga SS Geraldo Perdomo,,Ben Williamson,SS,0.34%,5
219,5266587716,smccaherty,0,114.15,1B Salvador Perez 2B Ketel Marte 3B Nolan Arenado C Gabriel Moreno OF Corbin Carroll OF Jordan Lawlar OF Carlos Jorge P Taj Bradley P Shota Imanaga SS Alika Williams,,Taylor Trammell,OF,0.22%,4
221,5266512569,madballnj,0,114.05,1B Ildemaro Vargas 2B Ketel Marte 3B Nolan Arenado C Gabriel Moreno OF Michael Harris II OF Tommy Pham OF Bo Davidson P Logan Gilbert P Shota Imanaga SS Geraldo Perdomo,,Ryan Jeffers,C,0.22%,0
221,5266660750,Juan1226,0,114.05,1B Ildemaro Vargas 2B Ketel Marte 3B Jose Fernandez C Kyle Teel OF Josue De Paula OF Randal Grichuk OF Jordan Lawlar P Logan Gilbert P Shota Imanaga SS Geraldo Perdomo,,Cedric Mullins,OF,0.22%,12
223,5266419357,lowellsp,0,113.95,1B Ildemaro Vargas 2B Ketel Marte 3B Nolan Arenado C Shea Langeliers OF Corbin Carroll OF Henry Bolte OF Jordan Lawlar P Shota Imanaga P Cristian Javier SS Alika Williams,,Paul Goldschmidt,1B,0.22%,0
224,5266439653,Zooloo,0,113.85,1B Jake Burger 2B Ozzie Albies 3B Nolan Arenado C Drake Baldwin OF Ronald Acuna Jr. OF Nick Loftin OF Tommy Pham P Drew Rasmussen P MacKenzie Gore SS Bobby Witt Jr.,,Victor Caratini,1B,0.22%,0
225,5266422767,alexvansoelen,0,113.45,1B Miguel Vargas 2B Chase Meidroth 3B Colson Montgomery C Luis Torrens OF Juan Soto OF Brenton Doyle OF Tommy Pham P Max Fried P Shota Imanaga SS Francisco Lindor,,Cam Smith,OF,0.22%,5
226,5266667151,crushthedonks.com,0,113.3,1B Ildemaro Vargas 2B Ketel Marte 3B Nolan Arenado C Jonah Heim OF Ronald Acuna Jr. OF Corbin Carroll OF Tommy Pham P Shota Imanaga P JR Ritchie SS Geraldo Perdomo,,Griffin Conine,OF,0.22%,7
227,5266666686,buonomckay,0,113.2,1B Kyle Stowers 2B Ozzie Albies 3B Eugenio Suarez C Austin Wells OF Pete Crow-Armstrong OF Cody Bellinger OF Spencer Jones P Drew Rasmussen P Michael King SS George Lombard Jr.,,Nelson Velazquez,OF,0.22%,0
228,5266165966,flatliners2134,0,113.15,1B Matt Olson 2B Ketel Marte 3B Nolan Arenado C Sean Murphy OF Tim Tawa OF Jordan Lawlar OF Carlos Jorge P Taj Bradley P Shota Imanaga SS Geraldo Perdomo,,Taylor Walls,SS,0.22%,17
228,5266462670,mattf19,0,113.15,1B Ildemaro Vargas 2B Ketel Marte 3B Nolan Arenado C Gabriel Moreno OF JJ Bleday OF Jordan Lawlar OF Carlos Jorge P Taj Bradley P Shota Imanaga SS Mauricio Dubon,,Christian Walker,1B,0.22%,18
228,5266602242,Casey0504,0,113.15,1B Ildemaro Vargas 2B Joshua Kuroda-Grauer 3B Nolan Arenado C Shea Langeliers OF Ronald Acuna Jr. OF Tim Tawa OF Jordan Lawlar P Taj Bradley P Shota Imanaga SS Ha-Seong Kim,,Ali Sanchez,C,0.22%,0
228,5266667298,mm45,0,113.15,1B TJ Rumfield 2B Ildemaro Vargas 3B Zack Gelof C Jonah Heim OF Troy Johnston OF Jordan Lawlar OF Carlos Jorge P Taj Bradley P Shota Imanaga SS Geraldo Perdomo,,Nick Morabito,OF,0.22%,0
232,5266565672,tyschmidt22,0,113.05,1B Ildemaro Vargas 2B Ozzie Albies 3B Nolan Arenado C Drake Baldwin OF Michael Harris II OF Tim Tawa OF Jordan Lawlar P Logan Gilbert P Shota Imanaga SS Geraldo Perdomo,,Luke Maile,C,0.11%,0
233,5266309722,Pjg1979,0,112.95,1B Ildemaro Vargas 2B Ketel Marte 3B Nolan Arenado C Gabriel Moreno OF Ronald Acuna Jr. OF Michael Harris II OF Bo Davidson P Shota Imanaga P Cristian Javier SS Geraldo Perdomo,,James McCann,C,0.11%,0
234,5266643510,coykoi,0,112.85,1B Sal Stewart 2B Ketel Marte 3B Nolan Arenado C Gabriel Moreno OF JJ Bleday OF Jordan Lawlar OF Bo Davidson P Shota Imanaga P Anthony Kay SS Elly De La Cruz,,Darell Hernaiz,3B,0.11%,0
235,5266522029,CrypticalDevelopment,0,112.7,1B Ildemaro Vargas 2B Ketel Marte 3B Josh Jung C Austin Wells OF Corbin Carroll OF Randal Grichuk OF Carlos Jorge P Taj Bradley P Logan Gilbert SS Geraldo Perdomo,,Andrew Benintendi,OF,0.11%,7
236,5266343944,renegadebaumers,0,112.6,1B Jake Burger 2B Jose Altuve 3B Nolan Arenado C Gabriel Moreno OF Corbin Carroll OF Jackson Merrill OF Tommy Pham P MacKenzie Gore P Michael Soroka SS Mookie Betts,,Starling Marte,OF,0.11%,0
237,5266513789,HyperFlux,0,112.5,1B Deyvison De Los Santos 2B Michael Massey 3B Maikel Garcia C Shea Langeliers OF Jac Caglianone OF Heriberto Hernandez OF Jordan Lawlar P Max Fried P Sean Manaea SS Bobby Witt Jr.,,Ryan Waldschmidt,OF,0.11%,0
238,5266665501,MrM86,0,112.45,1B Tommy White 2B Ketel Marte 3B Nolan Arenado C Shea Langeliers OF Henry Bolte OF Jordan Lawlar OF Denzel Clarke P Max Fried P Shota Imanaga SS Geraldo Perdomo,,Tyler Tolbert,OF,0.11%,5
239,5266241875,mlief,0,112.399994,1B Deyvison De Los Santos 2B Jared Serna 3B Nolan Arenado C Agustin Ramirez OF Pete Crow-Armstrong OF Heriberto Hernandez OF Jordan Lawlar P Drew Rasmussen P Logan Gilbert SS Otto Lopez,,Brett Baty,2B,0.11%,9
239,5266602579,Darkhorse911,0,112.399994,1B Ildemaro Vargas 2B Ketel Marte 3B Nolan Arenado C Gabriel Moreno OF Turner Hill OF Scott Bandura OF Bo Davidson P Drew Rasmussen P Logan Gilbert SS Geraldo Perdomo,,Lars Nootbaar,OF,0.11%,0
241,5266282232,Browns2233,0,112.3,1B Matt Olson 2B Ketel Marte 3B Nolan Arenado C Gabriel Moreno OF Ronald Acuna Jr. OF Jordan Lawlar OF Bo Davidson P Shota Imanaga P JR Ritchie SS Geraldo Perdomo,,Shay Whitcomb,2B,0.11%,7
242,5266312807,paintgirl,0,112.25,1B Moises Ballesteros 2B Ketel Marte 3B Denzer Guzman C Gabriel Moreno OF Corbin Carroll OF Jose Siri OF Jordan Lawlar P Max Fried P JR Ritchie SS Geraldo Perdomo,,Matt Shaw,OF,0.11%,0
243,5266262978,bookert21,0,112.05,1B Tim Tawa 2B Ketel Marte 3B Nolan Arenado C Drake Baldwin OF Michael Harris II OF Jordan Lawlar OF Tommy Pham P Logan Gilbert P Shota Imanaga SS Geraldo Perdomo,,Adael Amador,2B,0.11%,0
243,5266641450,Rockin-Roger,0,112.05,1B Ildemaro Vargas 2B Cole Young 3B Colson Montgomery C Moises Ballesteros OF Jake McCarthy OF Mike Trout OF Teoscar Hernandez P Drew Rasmussen P Janson Junk SS George Lombard Jr.,,Jonathan Aranda,1B,0.11%,0
245,5266347714,CDA80,0,111.85,1B Ty France 2B Pedro Ramirez 3B Javier Sanoja C Drake Baldwin OF Pete Crow-Armstrong OF Randy Arozarena OF Ian Happ P Anthony Molina P Michael Soroka SS George Lombard Jr.,,Isaac Collins,OF,0.11%,0
245,5266488783,DayByDay,0,111.85,1B Jake Burger 2B Ildemaro Vargas 3B Josh Jung C Gabriel Moreno OF Corbin Carroll OF Tim Tawa OF Jordan Lawlar P Drew Rasmussen P Shota Imanaga SS Corey Seager,,Wade Meckler,OF,0.11%,8
247,5266566516,markandrewbray,0,111.75,1B Vinnie Pasquantino 2B Fernando Tatis Jr. 3B Nolan Arenado C Drake Baldwin OF Ronald Acuna Jr. OF Corbin Carroll OF Dustin Harris P Michael Soroka P Daniel Lynch IV SS Maikel Garcia,,Michael Arroyo,2B,0.11%,0
248,5266118989,Albqhokie,0,111.7,1B Miguel Vargas 2B Ketel Marte 3B Nolan Arenado C Gabriel Moreno OF Mike Trout OF Tim Tawa OF Mauricio Dubon P Sean Manaea P Daniel Lynch IV SS Geraldo Perdomo,,Sung-Mun Song,SS,0.11%,0
248,5266349598,thegadfather,0,111.7,1B Jake Burger 2B Ildemaro Vargas 3B Nolan Arenado C Gabriel Moreno OF Jordan Lawlar OF Walker Jenkins OF Emmanuel Rodriguez P Taj Bradley P Logan Gilbert SS Geraldo Perdomo,,Ben Ross,SS,0.11%,0
250,5266443752,pawel41,0,111.45,1B Jake Burger 2B Justin Foscue 3B Nolan Arenado C Gabriel Moreno OF Ronald Acuna Jr. OF Michael Harris II OF JJ Bleday P Shota Imanaga P Yusei Kikuchi SS Elly De La Cruz,,Alex Jackson,1B,0.11%,0
250,5266459597,Nolemmet,0,111.45,1B Tommy White 2B Shay Whitcomb 3B Max Muncy C Shea Langeliers OF Mike Trout OF Scott Bandura OF Bo Davidson P Max Fried P Shota Imanaga SS Elly De La Cruz,,,
250,5266490471,Chadg20,0,111.45,1B Ildemaro Vargas 2B Ketel Marte 3B Nolan Arenado C Gabriel Moreno OF Jose Siri OF Bryce Teodosio OF Brice Matthews P Max Fried P Shota Imanaga SS Geraldo Perdomo,,,
253,5266555979,imustache,0,111.15,1B Jake Burger 2B Jose Altuve 3B Nolan Arenado C Gabriel Moreno OF Wyatt Langford OF Ezequiel Duran OF Dustin Harris P Taj Bradley P Shota Imanaga SS Geraldo Perdomo,,,
253,5266638144,mitchkenady,0,111.15,1B Ildemaro Vargas 2B Christian Moore 3B Nolan Arenado C Kyle Teel OF Teoscar Hernandez OF Spencer Jones OF Carlos Jorge P Taj Bradley P Shota Imanaga SS Bobby Witt Jr.,,,
253,5266487777,gredow1979,0,111.149994,1B Miguel Vargas 2B Ketel Marte 3B Nolan Arenado C Tyler Stephenson OF JJ Bleday OF Hector Rodriguez OF Carlos Jorge P Logan Gilbert P Michael Soroka SS Elly De La Cruz,,,
256,5266366523,LOKIMAN,0,111.05,1B Ildemaro Vargas 2B Ketel Marte 3B Nolan Arenado C Shea Langeliers OF Tim Tawa OF Bryce Teodosio OF Tommy Pham P Logan Gilbert P Shota Imanaga SS Geraldo Perdomo,,,
256,5266393320,HMSKicks,0,111.05,1B Ildemaro Vargas 2B Ketel Marte 3B Nolan Arenado C Shea Langeliers OF Tim Tawa OF Bryce Teodosio OF Tommy Pham P Logan Gilbert P Shota Imanaga SS Geraldo Perdomo,,,
256,5266514188,Joshuahughes18,0,111.05,1B Jake Burger 2B Christian Moore 3B Denzer Guzman C Moises Ballesteros OF Mike Trout OF Michael Harris II OF Jordan Lawlar P Logan Gilbert P Shota Imanaga SS Zach Neto,,,
256,5266633261,J-Rock-R,0,111.05,1B Ildemaro Vargas 2B Ketel Marte 3B Nolan Arenado C Shea Langeliers OF Tim Tawa OF Bryce Teodosio OF Tommy Pham P Logan Gilbert P Shota Imanaga SS Geraldo Perdomo,,,
256,5266656855,mrnorrad,0,111.05,1B Ildemaro Vargas 2B Ketel Marte 3B Nolan Arenado C Shea Langeliers OF Tim Tawa OF Bryce Teodosio OF Tommy Pham P Logan Gilbert P Shota Imanaga SS Geraldo Perdomo,,,
261,5266491902,JohnTex7,0,111,1B Vinnie Pasquantino 2B Ildemaro Vargas 3B Eugenio Suarez C Drake Baldwin OF Wyatt Langford OF Michael Harris II OF Josue De Paula P Logan Gilbert P Max Fried SS Mauricio Dubon,,,
262,5266637344,astansbish,0,110.85,1B Jake Burger 2B Joshua Kuroda-Grauer 3B Austin Riley C Gabriel Moreno OF Mickey Moniak OF Henry Bolte OF Josue De Paula P Drew Rasmussen P Shota Imanaga SS J.P. Crawford,,,
263,5266576380,FlameThrower4,0,110.8,1B Miguel Vargas 2B Chase Meidroth 3B Josh Jung C Kyle Teel OF Wyatt Langford OF Ezequiel Duran OF Brandon Nimmo P Drew Rasmussen P Max Fried SS Corey Seager,,,
264,5266642082,gkarkar123,0,110.75,1B Jake Burger 2B Ketel Marte 3B Nolan Arenado C Gabriel Moreno OF Ronald Acuna Jr. OF Michael Conforto OF Nick Loftin P Shota Imanaga P Anthony Molina SS Geraldo Perdomo,,,
265,5266669023,SkatTrak,0,110.6,1B Freddie Freeman 2B Joshua Kuroda-Grauer 3B Max Muncy C Drake Baldwin OF Josue De Paula OF Andy Pages OF Bo Davidson P Shota Imanaga P Michael Soroka SS Mookie Betts,,,
266,5266603849,Q33Q,0,110.5,1B Jake Burger 2B Jose Altuve 3B Isaac Paredes C Elias Diaz OF Yordan Alvarez OF Brandon Nimmo OF Taylor Trammell P Taj Bradley P Michael King SS Zach Neto,,,
267,5266526341,j.banks83,0,110.3,1B Miguel Vargas 2B Michael Arroyo 3B Isaac Paredes C Agustin Ramirez OF Pete Crow-Armstrong OF Nelson Velazquez OF Bo Davidson P Shota Imanaga P Roki Sasaki SS Elly De La Cruz,,,
268,5266231968,Dynaformer,0,110.15,1B Tommy White 2B Brett Baty 3B Miguel Vargas C Gabriel Moreno OF Mike Trout OF Tyler Tolbert OF Nelson Velazquez P Taj Bradley P MacKenzie Gore SS Zach Neto,,,
268,5266430361,soonerbernie2002,0,110.15,1B Salvador Perez 2B Michael Massey 3B Austin Riley C Drake Baldwin OF Ronald Acuna Jr. OF Michael Harris II OF Nick Loftin P Taj Bradley P Shota Imanaga SS Maikel Garcia,,,
268,5266495949,david82165,0,110.15,1B Jake Burger 2B Ketel Marte 3B Eugenio Suarez C Tyler Stephenson OF JJ Bleday OF Jordan Lawlar OF Carlos Jorge P Taj Bradley P Shota Imanaga SS Elly De La Cruz,,,
268,5266627345,retierdDoc31,0,110.15,1B Jake Burger 2B Ozzie Albies 3B Nolan Arenado C Gabriel Moreno OF Wyatt Langford OF Ezequiel Duran OF Jordan Lawlar P Taj Bradley P Shota Imanaga SS Geraldo Perdomo,,,
268,5266658861,rdskin21,0,110.15,1B Vinnie Pasquantino 2B Javier Sanoja 3B Joshua Kuroda-Grauer C Will Smith OF Dominic Canzone OF Wyatt Langford OF Dustin Harris P Taj Bradley P Shota Imanaga SS Xander Bogaerts,,,
273,5266299797,Drewski9090,0,110.05,1B Sal Stewart 2B Ildemaro Vargas 3B Denzer Guzman C Tyler Stephenson OF JJ Bleday OF Jordan Lawlar OF Bo Davidson P Logan Gilbert P Shota Imanaga SS Elly De La Cruz,,,
274,5266249789,chelterbrand,0,109.8,1B Ildemaro Vargas 2B Ozzie Albies 3B Javier Sanoja C Tyler Stephenson OF Henry Bolte OF Wyatt Langford OF Heriberto Hernandez P Drew Rasmussen P Max Fried SS Geraldo Perdomo,,,
275,5266224503,micahw4,0,109.6,1B Ildemaro Vargas 2B Ketel Marte 3B Nolan Arenado C Gabriel Moreno OF Fernando Tatis Jr. OF Scott Bandura OF Bo Davidson P Taj Bradley P Cristian Javier SS Geraldo Perdomo,,,
276,5266643364,padonl,0,109.45,1B Jake Burger 2B Ketel Marte 3B Nolan Arenado C Gabriel Moreno OF Corbin Carroll OF Michael Harris II OF JJ Bleday P Shota Imanaga P Yusei Kikuchi SS Geraldo Perdomo,,,
277,5266263597,plewis247,0,109.3,1B Matt Olson 2B Ketel Marte 3B Nolan Arenado C Sean Murphy OF Ronald Acuna Jr. OF Michael Harris II OF Jordan Lawlar P Shota Imanaga P JR Ritchie SS Geraldo Perdomo,,,
278,5266666729,jhc1532,0,109.25,1B Ildemaro Vargas 2B Christian Moore 3B Bo Bichette C Tyler Stephenson OF Pete Crow-Armstrong OF Ronald Acuna Jr. OF Henry Bolte P Drew Rasmussen P Brock Stewart SS Mookie Betts,,,
279,5266226791,LolaMae01,0,109.15,1B Jake Burger 2B Ozzie Albies 3B Nolan Arenado C Sean Murphy OF Corbin Carroll OF Henry Bolte OF Jordan Lawlar P Taj Bradley P Shota Imanaga SS Geraldo Perdomo,,,
280,5266479276,Steelers5888,0,109.1,1B Yandy Diaz 2B Jose Altuve 3B Bo Bichette C Francisco Alvarez OF Pete Crow-Armstrong OF Troy Johnston OF Michael Conforto P Taj Bradley P Yusei Kikuchi SS Francisco Lindor,,,
281,5266587791,EEErhino,0,109.05,1B Yandy Diaz 2B Joshua Kuroda-Grauer 3B Nolan Arenado C Shea Langeliers OF Henry Bolte OF Wyatt Langford OF Josue De Paula P Logan Gilbert P Shota Imanaga SS Alika Williams,,,
282,5266363210,impeccablycomingup,0,108.95,1B Matt Olson 2B Ketel Marte 3B Nolan Arenado C Gabriel Moreno OF Michael Harris II OF Jordan Lawlar OF Mauricio Dubon P Shota Imanaga P Cristian Javier SS Geraldo Perdomo,,,
282,5266659669,hofstra1012,0,108.95,1B Matt Olson 2B Ketel Marte 3B Nolan Arenado C Gabriel Moreno OF Michael Harris II OF Jordan Lawlar OF Mauricio Dubon P Shota Imanaga P Cristian Javier SS Geraldo Perdomo,,,
284,5266373585,Bigb16,0,108.85,1B Jake Burger 2B Ketel Marte 3B Nolan Arenado C Will Smith OF Tim Tawa OF Brandon Nimmo OF Jordan Lawlar P Shota Imanaga P Anthony Kay SS Geraldo Perdomo,,,
284,5266644693,Tbradymoney12,0,108.85,1B Michael Busch 2B Chase Meidroth 3B Nolan Arenado C Drake Baldwin OF Ian Happ OF Julio Rodriguez OF Dominic Canzone P Shota Imanaga P Anthony Kay SS Dansby Swanson,,,
286,5266665488,bettys12,0,108.65,1B Salvador Perez 2B Jose Altuve 3B Nolan Arenado C Drake Baldwin OF Mike Trout OF Ronald Acuna Jr. OF Corbin Carroll P Yusei Kikuchi P Janson Junk SS Mookie Betts,,,
287,5266375731,CFinch,0,108.3,1B Vaughn Grissom 2B Ketel Marte 3B Denzer Guzman C Gabriel Moreno OF Corbin Carroll OF Jordan Lawlar OF Bo Davidson P Logan Gilbert P Anthony Molina SS Geraldo Perdomo,,,
288,5266342752,dallas1fan21,0,108.25,1B Ildemaro Vargas 2B Ketel Marte 3B Nolan Arenado C Sean Murphy OF Ronald Acuna Jr. OF Michael Harris II OF Jordan Lawlar P Max Fried P JR Ritchie SS Geraldo Perdomo,,,
289,5266161093,JERKER19,0,108.15,1B Ildemaro Vargas 2B Ketel Marte 3B Nolan Arenado C Gabriel Moreno OF Wyatt Langford OF Jordan Lawlar OF Bo Davidson P Taj Bradley P Shota Imanaga SS Corey Seager,,,
289,5266312598,mcooper2300,0,108.15,1B Tim Tawa 2B Ketel Marte 3B Nolan Arenado C Gabriel Moreno OF Ronald Acuna Jr. OF Jordan Lawlar OF Tommy Pham P Taj Bradley P Shota Imanaga SS Ha-Seong Kim,,,
289,5266315495,cowboys228808,0,108.15,1B Jake Burger 2B Ketel Marte 3B Nolan Arenado C Gabriel Moreno OF Tim Tawa OF Brandon Nimmo OF Jordan Lawlar P Taj Bradley P Shota Imanaga SS Corey Seager,,,
289,5266652151,peterjpacheco,0,108.149994,1B Yandy Diaz 2B Ketel Marte 3B Nolan Arenado C Gabriel Moreno OF Wyatt Langford OF Michael Harris II OF Brandon Nimmo P Logan Gilbert P Michael Soroka SS Corey Seager,,,
293,5266319972,Dennyban,0,108,1B Yandy Diaz 2B Ozzie Albies 3B Nolan Arenado C Austin Wells OF Yordan Alvarez OF Jake McCarthy OF Julio Rodriguez P Justin Wrobleski P Michael Soroka SS Corey Seager,,,
294,5266542722,tarheel69,0,107.85,1B TJ Rumfield 2B Ozzie Albies 3B Nolan Arenado C Drake Baldwin OF Ian Happ OF Heriberto Hernandez OF Ezequiel Duran P Drew Rasmussen P Shota Imanaga SS Mauricio Dubon,,,
295,5266572189,Birdsack,0,107.6,1B Jake Burger 2B Ketel Marte 3B Nolan Arenado C Gabriel Moreno OF Corbin Carroll OF Wyatt Langford OF Jordan Lawlar P Shota Imanaga P Michael Soroka SS Corey Seager,,,
295,5266583109,streetceli88,0,107.6,1B Sal Stewart 2B Ketel Marte 3B Nolan Arenado C Gabriel Moreno OF JJ Bleday OF Jordan Lawlar OF Carlos Jorge P Taj Bradley P Cristian Javier SS Geraldo Perdomo,,,
297,5266495822,bmo115,0,107.55,1B Freddie Freeman 2B Ketel Marte 3B Max Muncy C Will Smith OF Josue De Paula OF Andy Pages OF Bo Davidson P Shota Imanaga P Sean Manaea SS Ben Williamson,,,
298,5266123398,tomkriger,0,107.5,1B Tommy White 2B Ozzie Albies 3B Zack Gelof C Shea Langeliers OF Henry Bolte OF Dominic Canzone OF Lawrence Butler P Shota Imanaga P MacKenzie Gore SS J.P. Crawford,,,
299,5266309668,bdmar03,0,107.45,1B Sal Stewart 2B Ketel Marte 3B Eugenio Suarez C Tyler Stephenson OF Mike Trout OF Dane Myers OF Carlos Jorge P Shota Imanaga P Yusei Kikuchi SS Zach Neto,,,
299,5266520131,Bgoebert,0,107.45,1B Ildemaro Vargas 2B Ozzie Albies 3B Nolan Arenado C Gabriel Moreno OF Ronald Acuna Jr. OF Jordan Lawlar OF Bo Davidson P Max Fried P Shota Imanaga SS Geraldo Perdomo,,,
299,5266572292,Goatropers,0,107.45,1B Jake Burger 2B Ildemaro Vargas 3B Nolan Arenado C Gabriel Moreno OF Wyatt Langford OF JJ Bleday OF Ezequiel Duran P Max Fried P Shota Imanaga SS Geraldo Perdomo,,,
302,5266378174,kozy6813,0,107.399994,1B Jake Burger 2B Ketel Marte 3B Nolan Arenado C Gabriel Moreno OF Jordan Lawlar OF Bryce Teodosio OF Tommy Pham P Drew Rasmussen P Logan Gilbert SS Geraldo Perdomo,,,
303,5266307177,Itzpcraft,0,107.3,1B Vaughn Grissom 2B Christian Moore 3B Javier Sanoja C Shea Langeliers OF Mike Trout OF Henry Bolte OF Bryce Teodosio P Taj Bradley P Daniel Lynch IV SS Zach Neto,,,
304,5266348727,mitchellmorse30,0,107.15,1B Josh Bell 2B Kody Clemens 3B Brooks Lee C Tyler Stephenson OF Walker Jenkins OF Emmanuel Rodriguez OF Carlos Jorge P Taj Bradley P Shota Imanaga SS Elly De La Cruz,,,
304,5266404156,AMayberry23,0,107.15,1B Jake Burger 2B Ketel Marte 3B Nolan Arenado C Gabriel Moreno OF Tim Tawa OF Ezequiel Duran OF Jordan Lawlar P Taj Bradley P Shota Imanaga SS Mauricio Dubon,,,
304,5266512434,nbarrjr,0,107.15,1B Josh Bell 2B Kody Clemens 3B Brooks Lee C Drake Baldwin OF Luke Keaschall OF Michael Harris II OF Walker Jenkins P Taj Bradley P Shota Imanaga SS George Lombard Jr.,,,
307,5266302160,rigbak,0,107.1,1B Royce Lewis 2B Ketel Marte 3B Nolan Arenado C Victor Caratini OF Luke Keaschall OF Walker Jenkins OF Emmanuel Rodriguez P Taj Bradley P Max Fried SS Geraldo Perdomo,,,
307,5266317123,ajmccann,0,107.1,1B Josh Bell 2B Joshua Kuroda-Grauer 3B Kyle Karros C Gabriel Moreno OF Henry Bolte OF Michael Harris II OF Randal Grichuk P Taj Bradley P Max Fried SS Mauricio Dubon,,,
309,5266595148,Coach_Fonzo_Lane,0,107.05,1B Ildemaro Vargas 2B Ketel Marte 3B Nolan Arenado C Gabriel Moreno OF Mike Trout OF Josue De Paula OF Bo Davidson P Logan Gilbert P Shota Imanaga SS Ha-Seong Kim,,,
310,5266566208,scottd923,0,106.85,1B Miguel Vargas 2B Ketel Marte 3B Nolan Arenado C Gabriel Moreno OF Jordan Lawlar OF Tommy Pham OF Carlos Jorge P Shota Imanaga P Michael King SS Geraldo Perdomo,,,
310,5266595007,halfknee,0,106.85,1B Jake Burger 2B Ozzie Albies 3B Josh Jung C Shea Langeliers OF Luke Keaschall OF Wyatt Langford OF Dustin Harris P Drew Rasmussen P Shota Imanaga SS Maikel Garcia,,,
310,5266664898,gooey911,0,106.85,1B Ildemaro Vargas 2B Connor Norby 3B Kyle Karros C Hunter Goodman OF Jose Siri OF Tommy Pham OF Denzel Clarke P Drew Rasmussen P Shota Imanaga SS Geraldo Perdomo,,,
313,5266477547,rwalton78,0,106.8,1B Josh Bell 2B Justin Foscue 3B Bo Bichette C Tyler Stephenson OF Ronald Acuna Jr. OF Henry Bolte OF Randal Grichuk P Drew Rasmussen P Max Fried SS J.P. Crawford,,,
314,5266639921,LyonCubs,0,106.7,1B TJ Rumfield 2B Ildemaro Vargas 3B Nolan Arenado C Gabriel Moreno OF Jake McCarthy OF Cole Carrigg OF Tim Tawa P Anthony Molina P Yusei Kikuchi SS Geraldo Perdomo,,,
315,5266266617,BigBino.1,0,106.65,1B Ildemaro Vargas 2B Ketel Marte 3B Miguel Vargas C Gabriel Moreno OF Mike Trout OF Ronald Acuna Jr. OF Tommy Pham P Yusei Kikuchi P Janson Junk SS Geraldo Perdomo,,,
316,5266544183,dgdean1,0,106.3,1B Jake Burger 2B Ketel Marte 3B Nolan Arenado C Gabriel Moreno OF Corbin Carroll OF Wyatt Langford OF Dustin Harris P Shota Imanaga P JR Ritchie SS Geraldo Perdomo,,,
316,5266599636,OnPoint41,0,106.3,1B Ildemaro Vargas 2B Ketel Marte 3B Nolan Arenado C Drake Baldwin OF Ronald Acuna Jr. OF Corbin Carroll OF Tim Tawa P Shota Imanaga P JR Ritchie SS Ha-Seong Kim,,,
318,5266428640,boyle5000,0,106.2,1B TJ Rumfield 2B Ketel Marte 3B Nolan Arenado C Gabriel Moreno OF Cole Carrigg OF Troy Johnston OF Tim Tawa P Anthony Molina P Cristian Javier SS Geraldo Perdomo,,,
319,5266315187,BOOKMAHON,0,106.15,1B Mark Vientos 2B Ozzie Albies 3B Miguel Vargas C Sean Murphy OF Ronald Acuna Jr. OF Michael Harris II OF Randal Grichuk P Taj Bradley P Shota Imanaga SS Mauricio Dubon,,,
319,5266354542,WaitTilNextYear,0,106.15,1B Ildemaro Vargas 2B Ketel Marte 3B Nolan Arenado C Gabriel Moreno OF Ronald Acuna Jr. OF Jordan Lawlar OF Bo Davidson P Taj Bradley P Shota Imanaga SS Ha-Seong Kim,,,
319,5266527893,sasmallen,0,106.15,1B Jake Burger 2B Ketel Marte 3B Nolan Arenado C Jonah Heim OF Corbin Carroll OF Jordan Lawlar OF Carlos Jorge P Taj Bradley P Shota Imanaga SS Geraldo Perdomo,,,
319,5266528509,cashyobe,0,106.15,1B Ildemaro Vargas 2B Ketel Marte 3B Nolan Arenado C Danny Jansen OF Corbin Carroll OF Jordan Lawlar OF Carlos Jorge P Taj Bradley P Shota Imanaga SS Corey Seager,,,
323,5266666976,sboxs_yt,0,106.05,1B Freddie Freeman 2B Ben Williamson 3B Josh Jung C Cal Raleigh OF Pete Crow-Armstrong OF Julio Rodriguez OF Jonah Cox P Michael Soroka P Brady Basso SS Zach Neto,,,
323,5266668128,Toomuchskin,0,106.05,1B Tommy White 2B Ildemaro Vargas 3B Nolan Arenado C Gabriel Moreno OF Ronald Acuna Jr. OF Jordan Lawlar OF Tommy Pham P Logan Gilbert P Shota Imanaga SS Geraldo Perdomo,,,
325,5266605998,mcstuffins,0,105.8,1B Vaughn Grissom 2B Marcus Semien 3B Bo Bichette C Agustin Ramirez OF Juan Soto OF Jake McCarthy OF Carson Benge P Sean Manaea P Anthony Molina SS Francisco Lindor,,,
326,5266660129,teemu2002,0,105.7,1B Jake Burger 2B Ozzie Albies 3B Nolan Arenado C Gabriel Moreno OF Jose Siri OF Jordan Lawlar OF Walker Jenkins P Taj Bradley P Logan Gilbert SS Geraldo Perdomo,,,
327,5266606883,Grnder_786,0,105.5,1B Jake Burger 2B Kody Clemens 3B Josh Jung C Shea Langeliers OF Wyatt Langford OF Ezequiel Duran OF Walker Jenkins P Taj Bradley P Drew Rasmussen SS Corey Seager,,,
328,5266475161,timothyandstacy,0,105.45,1B Tommy White 2B Joshua Kuroda-Grauer 3B Zack Gelof C Jonah Heim OF Michael Harris II OF Lawrence Butler OF Mauricio Dubon P Max Fried P Shota Imanaga SS Bobby Witt Jr.,,,
328,5266480319,MoeNorman,0,105.45,1B Jake Burger 2B Ketel Marte 3B Josh Jung C Shea Langeliers OF Josue De Paula OF Esteury Ruiz OF Bo Davidson P Max Fried P Shota Imanaga SS Elly De La Cruz,,,
328,5266601096,mntwins2010,0,105.45,1B Ildemaro Vargas 2B Connor Norby 3B Nolan Arenado C Gabriel Moreno OF Jake McCarthy OF Wyatt Langford OF Jordan Lawlar P Shota Imanaga P Yusei Kikuchi SS Geraldo Perdomo,,,
328,5266653513,MikeyPants,0,105.45,1B Jake Burger 2B Ildemaro Vargas 3B Maikel Garcia C Drake Baldwin OF Ronald Acuna Jr. OF Wyatt Langford OF Walker Jenkins P Shota Imanaga P Yusei Kikuchi SS Elly De La Cruz,,,
332,5266396995,chemicalsofdemocracy,0,105.4,1B Jake Burger 2B Chase Meidroth 3B Josh Jung C Gabriel Moreno OF Ronald Acuna Jr. OF Dominic Canzone OF Jordan Lawlar P Taj Bradley P Anthony Molina SS Xander Bogaerts,,,
333,5266299699,astella2004,0,105.3,1B Ildemaro Vargas 2B Ketel Marte 3B Jose Fernandez C Gabriel Moreno OF Jose Siri OF Tim Tawa OF Bryce Teodosio P Shota Imanaga P JR Ritchie SS Zach Neto,,,
334,5266521717,vinceyoungsteakhouse,0,105.2,1B Jake Burger 2B Connor Norby 3B Nolan Arenado C Drake Baldwin OF Ronald Acuna Jr. OF Henry Bolte OF Jordan Lawlar P Anthony Molina P Cristian Javier SS Elly De La Cruz,,,
335,5266472283,HardRocks,0,105.15,1B Vaughn Grissom 2B Ozzie Albies 3B Nolan Arenado C Tyler Stephenson OF Julio Rodriguez OF Wyatt Langford OF Jordan Lawlar P Taj Bradley P Shota Imanaga SS Dansby Swanson,,,
335,5266638120,P-Rat,0,105.15,1B Jake Burger 2B Ketel Marte 3B Nolan Arenado C Gabriel Moreno OF Jose Siri OF Jordan Lawlar OF Tommy Pham P Taj Bradley P Shota Imanaga SS Corey Seager,,,
337,5266291809,SkyU27,0,104.75,1B Ildemaro Vargas 2B Ozzie Albies 3B Nolan Arenado C Gabriel Moreno OF Ronald Acuna Jr. OF Henry Bolte OF Jordan Lawlar P Shota Imanaga P Anthony Molina SS Mauricio Dubon,,,
338,5266501798,jgAllDay,0,104.55,1B Sal Stewart 2B Ketel Marte 3B Jose Fernandez C Gabriel Moreno OF Corbin Carroll OF Jordan Lawlar OF Carlos Jorge P Michael Soroka P Yusei Kikuchi SS Elly De La Cruz,,,
339,5266444599,lklk88088,0,104.5,1B Munetaka Murakami 2B Ozzie Albies 3B Brooks Lee C Jonah Heim OF Pete Crow-Armstrong OF Emmanuel Rodriguez OF Victor Bericoto P Max Fried P Sean Manaea SS Jeremy Pena,,,
339,5266523292,jwon77,0,104.5,1B Miguel Vargas 2B Connor Norby 3B Colson Montgomery C Shea Langeliers OF Lawrence Butler OF Walker Jenkins OF Bo Davidson P Shota Imanaga P MacKenzie Gore SS Cole Carrigg,,,
341,5266473187,slophound,0,104.2,1B Ty France 2B Ketel Marte 3B Nolan Arenado C Gabriel Moreno OF Ronald Acuna Jr. OF JJ Bleday OF Josue De Paula P Anthony Molina P Cristian Javier SS Geraldo Perdomo,,,
342,5266651055,seth1374,0,104.15,1B Josh Bell 2B Ketel Marte 3B Brooks Lee C Gabriel Moreno OF Luke Keaschall OF Jordan Lawlar OF Walker Jenkins P Taj Bradley P Shota Imanaga SS Ryan Kreidler,,,
342,5266661968,cwb707,0,104.15,1B Jake Burger 2B Joshua Kuroda-Grauer 3B Josh Jung C Gabriel Moreno OF Wyatt Langford OF Jordan Lawlar OF Walker Jenkins P Taj Bradley P Shota Imanaga SS Zach Neto,,,
344,5266216605,icemike23,0,104.05,1B Jake Burger 2B Ketel Marte 3B Nolan Arenado C Gabriel Moreno OF Jordan Lawlar OF Tommy Pham OF Carlos Jorge P Logan Gilbert P Shota Imanaga SS Elly De La Cruz,,,
344,5266315826,nbalive99,0,104.05,1B Jake Burger 2B Ketel Marte 3B Nolan Arenado C Gabriel Moreno OF Jordan Lawlar OF Tommy Pham OF Carlos Jorge P Logan Gilbert P Shota Imanaga SS Elly De La Cruz,,,
344,5266390227,erin3272002,0,104.05,1B Jake Burger 2B Ketel Marte 3B Nolan Arenado C Gabriel Moreno OF Michael Harris II OF Jordan Lawlar OF Tommy Pham P Logan Gilbert P Shota Imanaga SS Geraldo Perdomo,,,
344,5266420787,acedarealest3839,0,104.05,1B Jake Burger 2B Ketel Marte 3B Nolan Arenado C Gabriel Moreno OF Jordan Lawlar OF Tommy Pham OF Carlos Jorge P Logan Gilbert P Shota Imanaga SS Elly De La Cruz,,,
344,5266524397,KenyanDrake,0,104.05,1B Miguel Vargas 2B Chase Meidroth 3B Austin Riley C Drake Baldwin OF Ronald Acuna Jr. OF Michael Harris II OF Brenton Doyle P Logan Gilbert P Shota Imanaga SS Ha-Seong Kim,,,
344,5266544934,rrhhinnoo,0,104.05,1B Jake Burger 2B Ketel Marte 3B Nolan Arenado C Gabriel Moreno OF Jordan Lawlar OF Tommy Pham OF Carlos Jorge P Logan Gilbert P Shota Imanaga SS Elly De La Cruz,,,
344,5266545646,Marsharks,0,104.05,1B Jake Burger 2B Ketel Marte 3B Nolan Arenado C Gabriel Moreno OF Jordan Lawlar OF Tommy Pham OF Carlos Jorge P Logan Gilbert P Shota Imanaga SS Elly De La Cruz,,,
344,5266573093,mf86ers,0,104.05,1B Jake Burger 2B Ketel Marte 3B Nolan Arenado C Gabriel Moreno OF Jordan Lawlar OF Tommy Pham OF Carlos Jorge P Logan Gilbert P Shota Imanaga SS Elly De La Cruz,,,
344,5266611146,Epignosis,0,104.05,1B Jake Burger 2B Ketel Marte 3B Nolan Arenado C Gabriel Moreno OF Jordan Lawlar OF Tommy Pham OF Carlos Jorge P Logan Gilbert P Shota Imanaga SS Elly De La Cruz,,,
344,5266643071,aylsg,0,104.05,1B Jake Burger 2B Ketel Marte 3B Nolan Arenado C Gabriel Moreno OF Jordan Lawlar OF Tommy Pham OF Carlos Jorge P Logan Gilbert P Shota Imanaga SS Elly De La Cruz,,,
354,5266656206,ajfphilly1,0,103.85,1B Matt Olson 2B Ildemaro Vargas 3B Max Muncy C Gabriel Moreno OF Jake McCarthy OF Chandler Simpson OF Mauricio Dubon P Anthony Molina P Michael Soroka SS Geraldo Perdomo,,,
355,5266431617,twinsfan5,0,103.75,1B Jake Burger 2B Ketel Marte 3B Nolan Arenado C Gabriel Moreno OF Corbin Carroll OF Michael Harris II OF Jordan Lawlar P Shota Imanaga P Anthony Molina SS Corey Seager,,,
356,5266549401,neterka,0,103.55,1B Jake Burger 2B Ketel Marte 3B Nolan Arenado C Gabriel Moreno OF Pete Crow-Armstrong OF Fernando Tatis Jr. OF Carlos Jorge P Michael Soroka P Yusei Kikuchi SS Corey Seager,,,
357,5266500523,kgaah01,0,103.5,1B Jake Burger 2B Ketel Marte 3B Nolan Arenado C Gabriel Moreno OF Wyatt Langford OF Jordan Lawlar OF Tommy Pham P Shota Imanaga P MacKenzie Gore SS Geraldo Perdomo,,,
358,5266461046,bgavilanes,0,103.45,1B Michael Busch 2B Chase Meidroth 3B Isaac Paredes C Drake Baldwin OF Pete Crow-Armstrong OF Ronald Acuna Jr. OF Wyatt Langford P Kyle Freeland P Brady Basso SS Elly De La Cruz,,,
358,5266620361,d1f0,0,103.45,1B Jake Burger 2B Ketel Marte 3B Nolan Arenado C Gabriel Moreno OF Wyatt Langford OF Jordan Lawlar OF Tommy Pham P Max Fried P Shota Imanaga SS Geraldo Perdomo,,,
360,5266501953,mrbig91,0,102.95,1B Ildemaro Vargas 2B Nico Hoerner 3B Kyle Karros C Will Smith OF Mickey Moniak OF Cody Bellinger OF Andy Pages P Michael King P Michael Soroka SS Jeremy Pena,,,
360,5266578063,GetYourShinebox,0,102.95,1B Matt Olson 2B Connor Norby 3B Nolan Arenado C Gabriel Moreno OF Jackson Merrill OF Jose Siri OF Tommy Pham P Taj Bradley P JR Ritchie SS Corey Seager,,,
362,5266531158,xxhustlexx,0,102.85,1B Ildemaro Vargas 2B Ketel Marte 3B Joshua Kuroda-Grauer C Gabriel Moreno OF Henry Bolte OF Lawrence Butler OF Jordan Lawlar P Logan Gilbert P JR Ritchie SS Geraldo Perdomo,,,
363,5266321874,terryf20,0,102.6,1B Jake Burger 2B Nico Hoerner 3B Josh Jung C Shea Langeliers OF Ronald Acuna Jr. OF Corbin Carroll OF Bo Davidson P Shota Imanaga P Michael Soroka SS Bobby Witt Jr.,,,
364,5266314125,lamron2414,0,102.45,1B Ildemaro Vargas 2B Ketel Marte 3B Josh Jung C Shea Langeliers OF Wyatt Langford OF Jordan Lawlar OF Tommy Pham P Max Fried P Shota Imanaga SS Geraldo Perdomo,,,
364,5266438689,lilmaryy,0,102.45,1B Ildemaro Vargas 2B Ketel Marte 3B Nolan Arenado C Sean Murphy OF Ronald Acuna Jr. OF Jordan Lawlar OF Tommy Pham P Max Fried P Shota Imanaga SS Geraldo Perdomo,,,
366,5266611675,paultodd,0,102.3,1B Miguel Vargas 2B Joshua Kuroda-Grauer 3B Josh Jung C Tyler Stephenson OF Randy Arozarena OF Wyatt Langford OF Heriberto Hernandez P Drew Rasmussen P Brandon Williamson SS Cole Carrigg,,,
367,5266171387,razortheguru,0,102.15,1B Jake Burger 2B Justin Foscue 3B Nolan Arenado C Gabriel Moreno OF Henry Bolte OF Wyatt Langford OF Jordan Lawlar P Taj Bradley P Shota Imanaga SS Xander Bogaerts,,,
367,5266357740,sboynton10,0,102.15,1B Tommy White 2B Joshua Kuroda-Grauer 3B Ezequiel Duran C Shea Langeliers OF Henry Bolte OF Wyatt Langford OF Lawrence Butler P Taj Bradley P Shota Imanaga SS Corey Seager,,,
367,5266525451,Mrboozer,0,102.15,1B Josh Bell 2B Ozzie Albies 3B Nolan Arenado C Victor Caratini OF Corbin Carroll OF JJ Bleday OF Mauricio Dubon P Taj Bradley P Shota Imanaga SS Geraldo Perdomo,,,
367,5266560723,ericksona5,0,102.15,1B Salvador Perez 2B Nico Hoerner 3B Nolan Arenado C Will Smith OF Wyatt Langford OF Michael Conforto OF Andy Pages P Taj Bradley P Shota Imanaga SS Mauricio Dubon,,,
371,5266368313,Daily_Big_Kahuna,0,102.1,1B Tommy White 2B Matt McLain 3B Zack Gelof C Jonah Heim OF JJ Bleday OF Hector Rodriguez OF Carlos Jorge P Taj Bradley P Max Fried SS Elly De La Cruz,,,
372,5266355494,mattmoss12,0,102.05,1B Ildemaro Vargas 2B Ketel Marte 3B Nolan Arenado C Gabriel Moreno OF JJ Bleday OF Carlos Jorge OF Bo Davidson P Logan Gilbert P Shota Imanaga SS Geraldo Perdomo,,,
372,5266662149,Gsmoney2469,0,102.05,1B Miguel Vargas 2B Chase Meidroth 3B Zack Gelof C Moises Ballesteros OF Jake McCarthy OF Jackson Merrill OF Henry Bolte P Anthony Kay P Janson Junk SS J.P. Crawford,,,
374,5266543530,phatyak74,0,101.95,1B Jake Burger 2B Ketel Marte 3B Josh Jung C Gabriel Moreno OF Corbin Carroll OF Wyatt Langford OF Emmanuel Rodriguez P Drew Rasmussen P Michael Soroka SS Corey Seager,,,
375,5266649898,Miguel311,0,101.7,1B Ildemaro Vargas 2B Ketel Marte 3B Nolan Arenado C Gabriel Moreno OF Heliot Ramos OF Kyle Isbel OF Carlos Jorge P Taj Bradley P Logan Gilbert SS Geraldo Perdomo,,,
376,5266436545,cubbie57,0,101.5,1B Josh Bell 2B Pedro Ramirez 3B Javier Sanoja C Carson Kelly OF Pete Crow-Armstrong OF Hector Rodriguez OF Bo Davidson P Taj Bradley P Drew Rasmussen SS Nico Hoerner,,,
377,5266401071,Drae_Wood,0,101.4,1B Vinnie Pasquantino 2B Jake Cronenworth 3B Nolan Arenado C Danny Jansen OF Seiya Suzuki OF Dominic Canzone OF Carson Benge P Logan Gilbert P Michael King SS Xander Bogaerts,,,
378,5266255727,NoThought,0,101.2,1B Ildemaro Vargas 2B Ketel Marte 3B Josh Jung C Drake Baldwin OF Ronald Acuna Jr. OF Tim Tawa OF Jordan Lawlar P Anthony Molina P Cristian Javier SS Elly De La Cruz,,,
379,5266133114,BigPod,0,101.15,1B Jake Burger 2B Ketel Marte 3B Nolan Arenado C Gabriel Moreno OF Henry Bolte OF Jordan Lawlar OF Carlos Jorge P Taj Bradley P Shota Imanaga SS Corey Seager,,,
379,5266217324,mergedmerged,0,101.15,1B Jake Burger 2B Ketel Marte 3B Denzer Guzman C Shea Langeliers OF Corbin Carroll OF Jordan Lawlar OF Carlos Jorge P Taj Bradley P Shota Imanaga SS Corey Seager,,,
379,5266241682,REINY66,0,101.15,1B Josh Naylor 2B Chase Meidroth 3B Bo Bichette C Carson Kelly OF Luke Keaschall OF Dominic Canzone OF Wyatt Langford P Taj Bradley P Shota Imanaga SS Corey Seager,,,
379,5266255447,iceit519,0,101.15,1B Jake Burger 2B Ketel Marte 3B Denzer Guzman C Shea Langeliers OF Corbin Carroll OF Jordan Lawlar OF Carlos Jorge P Taj Bradley P Shota Imanaga SS Corey Seager,,,
379,5266393587,Buckeye-Ninja,0,101.15,1B Royce Lewis 2B Kody Clemens 3B Brooks Lee C Victor Caratini OF Corbin Carroll OF Jordan Lawlar OF Walker Jenkins P Taj Bradley P Shota Imanaga SS Geraldo Perdomo,,,
379,5266474969,PatrickDiMaggio,0,101.15,1B Jake Burger 2B Ketel Marte 3B Nolan Arenado C Gabriel Moreno OF Henry Bolte OF Jordan Lawlar OF Carlos Jorge P Taj Bradley P Shota Imanaga SS Corey Seager,,,
379,5266502844,relentless404,0,101.15,1B Jake Burger 2B Ketel Marte 3B Nolan Arenado C Gabriel Moreno OF Corbin Carroll OF Jordan Lawlar OF Bryce Teodosio P Taj Bradley P Shota Imanaga SS Ryan Kreidler,,,
379,5266566006,coastrat69,0,101.15,1B Jake Burger 2B Ozzie Albies 3B Nick Loftin C Drake Baldwin OF Pete Crow-Armstrong OF Brandon Nimmo OF Emmanuel Rodriguez P Taj Bradley P Shota Imanaga SS Nico Hoerner,,,
379,5266620138,kevinlxd88,0,101.15,1B Jake Burger 2B Ketel Marte 3B Denzer Guzman C Shea Langeliers OF Corbin Carroll OF Jordan Lawlar OF Carlos Jorge P Taj Bradley P Shota Imanaga SS Corey Seager,,,
388,5266300239,dcprior2000,0,101.05,1B Ildemaro Vargas 2B Ketel Marte 3B Nolan Arenado C Gabriel Moreno OF Wyatt Langford OF Tommy Pham OF Carlos Jorge P Logan Gilbert P Shota Imanaga SS Geraldo Perdomo,,,
388,5266521871,lickmymagicjohnson,0,101.05,1B Tommy White 2B Ketel Marte 3B Nolan Arenado C Gabriel Moreno OF Henry Bolte OF Jordan Lawlar OF Carlos Jorge P Logan Gilbert P Shota Imanaga SS Geraldo Perdomo,,,
388,5266623065,jayyan04,0,101.05,1B Tommy White 2B Cole Young 3B Zack Gelof C Shea Langeliers OF Henry Bolte OF Lazaro Montes OF Carlos Jorge P Logan Gilbert P Shota Imanaga SS Geraldo Perdomo,,,
391,5266615955,samirnj,0,100.95,1B Jake Burger 2B Ketel Marte 3B Bo Bichette C Will Smith OF Corbin Carroll OF Wyatt Langford OF Jordan Lawlar P Taj Bradley P JR Ritchie SS Geraldo Perdomo,,,
392,5266194906,AverillsAvengers,0,100.6,1B Jake Burger 2B Jake Cronenworth 3B Brock Rodden C Gabriel Moreno OF Pete Crow-Armstrong OF Mike Trout OF Ronald Acuna Jr. P Shota Imanaga P Michael Soroka SS Ha-Seong Kim,,,
393,5266224647,pepsiluver13,0,100.3,1B Ildemaro Vargas 2B Ketel Marte 3B Nolan Arenado C Gabriel Moreno OF Henry Bolte OF Jose Siri OF Mauricio Dubon P Taj Bradley P Daniel Lynch IV SS Geraldo Perdomo,,,
393,5266551010,williemac56ace,0,100.3,1B Ildemaro Vargas 2B Jonah Cox 3B Nolan Arenado C Cal Raleigh OF Corbin Carroll OF Jackson Merrill OF Drew Gilbert P Shota Imanaga P JR Ritchie SS J.P. Crawford,,,
395,5266546096,nrlane24,0,100.15,1B Aaron Sabato 2B Connor Norby 3B Brooks Lee C Gabriel Moreno OF Luke Keaschall OF Walker Jenkins OF Emmanuel Rodriguez P Taj Bradley P Shota Imanaga SS Cole Carrigg,,,
396,5266211335,KennyBlue,0,100.05,1B Ildemaro Vargas 2B Ketel Marte 3B Nolan Arenado C Sean Murphy OF Michael Harris II OF Jordan Lawlar OF Mauricio Dubon P Logan Gilbert P Shota Imanaga SS Geraldo Perdomo,,,
396,5266255131,justbringit1,0,100.05,1B Jake Burger 2B Ketel Marte 3B Nolan Arenado C Gabriel Moreno OF Henry Bolte OF Lawrence Butler OF Tommy Pham P Logan Gilbert P Shota Imanaga SS Mauricio Dubon,,,
396,5266462996,Lrja26,0,100.05,1B Michael Busch 2B Chase Meidroth 3B Nolan Arenado C Gabriel Moreno OF Wyatt Langford OF Ezequiel Duran OF Matt Shaw P Logan Gilbert P Shota Imanaga SS Corey Seager,,,
399,5266204591,jcac6575,0,100,1B Tim Tawa 2B Ildemaro Vargas 3B Nolan Arenado C Drake Baldwin OF Ronald Acuna Jr. OF Michael Harris II OF Jordan Lawlar P Logan Gilbert P Yusei Kikuchi SS Geraldo Perdomo,,,
400,5266616644,Chitownkilla9913,0,99.95,1B Ildemaro Vargas 2B Nico Hoerner 3B Joshua Kuroda-Grauer C Drake Baldwin OF Mike Trout OF Ronald Acuna Jr. OF Seiya Suzuki P Michael Soroka P Anthony Kay SS Otto Lopez,,,
400,5266649193,hcnpower,0,99.95,1B Ildemaro Vargas 2B Ketel Marte 3B Joshua Kuroda-Grauer C Gabriel Moreno OF Corbin Carroll OF Lawrence Butler OF Denzel Clarke P Shota Imanaga P Cristian Javier SS Geraldo Perdomo,,,
402,5266499668,NO87,0,99.65,1B Yandy Diaz 2B Ketel Marte 3B Nolan Arenado C Gabriel Moreno OF Mickey Moniak OF Wyatt Langford OF Jonny DeLuca P Shota Imanaga P Daniel Lynch IV SS Geraldo Perdomo,,,
403,5266320672,rsumrall,0,99.6,1B Matt Olson 2B Ketel Marte 3B Eugenio Suarez C Tyler Stephenson OF JJ Bleday OF Jordan Lawlar OF Carlos Jorge P Taj Bradley P Cristian Javier SS Elly De La Cruz,,,
403,5266421578,Coxy1664,0,99.6,1B Ben Rice 2B Marcus Semien 3B Yandy Diaz C Jonah Heim OF Yordan Alvarez OF Dominic Canzone OF Wyatt Langford P Shota Imanaga P Michael Soroka SS J.P. Crawford,,,
405,5266660079,homerovato48,0,99.55,1B Miguel Vargas 2B Ketel Marte 3B Maikel Garcia C Gabriel Moreno OF Jac Caglianone OF Cody Bellinger OF Brandon Nimmo P Michael Soroka P Yusei Kikuchi SS Corey Seager,,,
406,5266260016,nickat916,0,99.45,1B Jake Burger 2B Ketel Marte 3B Nolan Arenado C Gabriel Moreno OF Corbin Carroll OF Dominic Canzone OF JJ Bleday P Shota Imanaga P Yusei Kikuchi SS Geraldo Perdomo,,,
406,5266276431,Mr.TD_AllDay,0,99.45,1B Ildemaro Vargas 2B Ketel Marte 3B Miguel Vargas C Gabriel Moreno OF Jordan Lawlar OF Brenton Doyle OF Tommy Pham P Max Fried P Shota Imanaga SS Corey Seager,,,
406,5266579850,semmler72,0,99.45,1B TJ Rumfield 2B Ozzie Albies 3B Nolan Arenado C Gabriel Moreno OF Yordan Alvarez OF Mauricio Dubon OF Tommy Pham P Max Fried P Shota Imanaga SS Corey Seager,,,
409,5266303122,Hammer74,0,99.3,1B Matt Olson 2B Ozzie Albies 3B Austin Riley C Carson Kelly OF Pete Crow-Armstrong OF Mickey Moniak OF Michael Harris II P Shota Imanaga P JR Ritchie SS Mauricio Dubon,,,
409,5266595279,DirtWolves,0,99.3,1B TJ Rumfield 2B Ozzie Albies 3B Nolan Arenado C Shea Langeliers OF Ronald Acuna Jr. OF Ian Happ OF Michael Conforto P Shota Imanaga P JR Ritchie SS Maikel Garcia,,,
411,5266502382,rayp80,0,99.15,1B Jake Burger 2B Ketel Marte 3B Nolan Arenado C Gabriel Moreno OF Corbin Carroll OF Jordan Lawlar OF Mauricio Dubon P Taj Bradley P Shota Imanaga SS Ha-Seong Kim,,,
411,5266568222,mpw333,0,99.15,1B Jake Burger 2B Ketel Marte 3B Josh Jung C Gabriel Moreno OF JJ Bleday OF Jordan Lawlar OF Mauricio Dubon P Taj Bradley P Shota Imanaga SS Geraldo Perdomo,,,
411,5266616637,sh-13,0,99.15,1B Jake Burger 2B Joshua Kuroda-Grauer 3B Josh Jung C Shea Langeliers OF Henry Bolte OF Wyatt Langford OF Lawrence Butler P Taj Bradley P Shota Imanaga SS Corey Seager,,,
411,5266638386,happyrip,0,99.15,1B Jake Burger 2B Ketel Marte 3B Nolan Arenado C Gabriel Moreno OF Corbin Carroll OF Jordan Lawlar OF Mauricio Dubon P Taj Bradley P MacKenzie Gore SS Alika Williams,,,
415,5266290459,henry296,0,99.05,1B Royce Lewis 2B Ketel Marte 3B Nolan Arenado C Gabriel Moreno OF Jordan Lawlar OF Walker Jenkins OF Emmanuel Rodriguez P Logan Gilbert P Shota Imanaga SS Geraldo Perdomo,,,
415,5266313000,Sisco510,0,99.05,1B Aaron Sabato 2B Ozzie Albies 3B Nolan Arenado C Shea Langeliers OF Wyatt Langford OF Michael Harris II OF Walker Jenkins P Logan Gilbert P Shota Imanaga SS Bobby Witt Jr.,,,
417,5266293909,smittay,0,98.5,1B Jake Burger 2B Justin Foscue 3B Josh Jung C Tyler Stephenson OF Ronald Acuna Jr. OF Wyatt Langford OF Ezequiel Duran P Taj Bradley P Drew Rasmussen SS Geraldo Perdomo,,,
417,5266603691,Scowinston,0,98.5,1B Miguel Vargas 2B Ryan Kreidler 3B Jake Cronenworth C Will Smith OF Pete Crow-Armstrong OF Seiya Suzuki OF Tommy Pham P Shota Imanaga P MacKenzie Gore SS Christian Koss,,,
417,5266658819,sumo4277,0,98.5,1B TJ Rumfield 2B Chase Meidroth 3B Nolan Arenado C Tyler Stephenson OF Jackson Merrill OF Kyle Tucker OF Wyatt Langford P Shota Imanaga P MacKenzie Gore SS J.P. Crawford,,,
420,5266476006,KenTasch,0,98.45,1B Sal Stewart 2B Ryan Kreidler 3B Eugenio Suarez C Tyler Stephenson OF Mike Trout OF Hector Rodriguez OF Carlos Jorge P Max Fried P Shota Imanaga SS Zach Neto,,,
420,5266602971,81DAMOCLES81,0,98.45,1B Tim Tawa 2B Ketel Marte 3B Denzer Guzman C Shea Langeliers OF Corbin Carroll OF Jordan Lawlar OF Carlos Jorge P Max Fried P Shota Imanaga SS Corey Seager,,,
420,5266667519,ed8802,0,98.45,1B Tim Tawa 2B Ketel Marte 3B Denzer Guzman C Shea Langeliers OF Corbin Carroll OF Jordan Lawlar OF Carlos Jorge P Max Fried P Shota Imanaga SS Corey Seager,,,
423,5266220186,timmort2,0,98.05,1B Ildemaro Vargas 2B Ketel Marte 3B Denzer Guzman C Gabriel Moreno OF Wyatt Langford OF Jordan Lawlar OF Carlos Jorge P Logan Gilbert P Shota Imanaga SS Geraldo Perdomo,,,
423,5266298241,MuchAdo,0,98.05,1B Ildemaro Vargas 2B Ketel Marte 3B Denzer Guzman C Gabriel Moreno OF Wyatt Langford OF Jordan Lawlar OF Carlos Jorge P Logan Gilbert P Shota Imanaga SS Geraldo Perdomo,,,
423,5266453039,allyoucanbe,0,98.05,1B Ildemaro Vargas 2B Ketel Marte 3B Denzer Guzman C Gabriel Moreno OF Wyatt Langford OF Jordan Lawlar OF Carlos Jorge P Logan Gilbert P Shota Imanaga SS Geraldo Perdomo,,,
423,5266578957,FunkyKong,0,98.05,1B Ildemaro Vargas 2B Ketel Marte 3B Denzer Guzman C Gabriel Moreno OF Spencer Jones OF Mauricio Dubon OF Heliot Ramos P Logan Gilbert P Shota Imanaga SS Geraldo Perdomo,,,
423,5266633159,ericmint,0,98.05,1B Ildemaro Vargas 2B Ketel Marte 3B Denzer Guzman C Gabriel Moreno OF Wyatt Langford OF Jordan Lawlar OF Carlos Jorge P Logan Gilbert P Shota Imanaga SS Geraldo Perdomo,,,
423,5266635429,jaysu5,0,98.05,1B Ildemaro Vargas 2B Ketel Marte 3B Denzer Guzman C Gabriel Moreno OF Wyatt Langford OF Jordan Lawlar OF Carlos Jorge P Logan Gilbert P Shota Imanaga SS Geraldo Perdomo,,,
423,5266659171,zingzang,0,98.05,1B Ildemaro Vargas 2B Ketel Marte 3B Denzer Guzman C Gabriel Moreno OF Wyatt Langford OF Jordan Lawlar OF Carlos Jorge P Logan Gilbert P Shota Imanaga SS Geraldo Perdomo,,,
430,5266290628,GameOnLetsGo,0,97.95,1B Ildemaro Vargas 2B Ketel Marte 3B Jose Fernandez C Sean Murphy OF Ronald Acuna Jr. OF Michael Harris II OF Jordan Lawlar P Taj Bradley P JR Ritchie SS Geraldo Perdomo,,,
430,5266577210,Hallbsure37,0,97.95,1B Jake Burger 2B Justin Foscue 3B Nick Loftin C Sean Murphy OF Pete Crow-Armstrong OF Ronald Acuna Jr. OF JJ Bleday P Shota Imanaga P Cristian Javier SS Elly De La Cruz,,,
432,5266276061,Ship1992,0,97.85,1B Michael Busch 2B Ozzie Albies 3B Brooks Lee C Moises Ballesteros OF Wyatt Langford OF Turner Hill OF Jonny DeLuca P Drew Rasmussen P Shota Imanaga SS Maikel Garcia,,,
432,5266400257,smw326,0,97.85,1B Christian Walker 2B Marcus Semien 3B Austin Riley C Yainer Diaz OF Juan Soto OF Yordan Alvarez OF Heliot Ramos P Shota Imanaga P Michael King SS Francisco Lindor,,,
434,5266668650,Oscartino6,0,97.8,1B Tommy White 2B Javier Sanoja 3B Josh Jung C Nick Fortes OF Yordan Alvarez OF Henry Bolte OF Heriberto Hernandez P Max Fried P Michael King SS Zach Neto,,,
435,5266487700,ballaholick713,0,97.75,1B Moises Ballesteros 2B Ketel Marte 3B Yandy Diaz C Nick Fortes OF Mike Trout OF Wade Meckler OF Bryce Teodosio P MacKenzie Gore P Anthony Molina SS Zach Neto,,,
436,5266334674,markmajors,0,97.6,1B Yandy Diaz 2B Ketel Marte 3B Junior Caminero C Gabriel Moreno OF Jonny DeLuca OF Ryan Vilade OF Tommy Pham P Taj Bradley P Cristian Javier SS Taylor Walls,,,
437,5266305963,jay279,0,97.5,1B Vaughn Grissom 2B Nico Hoerner 3B Josh Jung C Danny Jansen OF Henry Bolte OF Dominic Canzone OF Wyatt Langford P Shota Imanaga P MacKenzie Gore SS Zach Neto,,,
438,5266308789,charlesrayallday,0,97.45,1B Jake Burger 2B Ketel Marte 3B Denzer Guzman C Shea Langeliers OF Mike Trout OF Jordan Lawlar OF Carlos Jorge P Max Fried P Shota Imanaga SS Corey Seager,,,
438,5266574875,thefamousfs,0,97.45,1B Matt Olson 2B Ildemaro Vargas 3B Nolan Arenado C Gabriel Moreno OF Corbin Carroll OF Jordan Lawlar OF Mauricio Dubon P Max Fried P Shota Imanaga SS Ha-Seong Kim,,,
440,5266569999,blomsak,0,97.399994,1B Tommy White 2B Joshua Kuroda-Grauer 3B Josh Jung C Shea Langeliers OF Henry Bolte OF Wyatt Langford OF Lawrence Butler P Drew Rasmussen P Logan Gilbert SS Corey Seager,,,
440,5266633167,BeckyBoots,0,97.399994,1B Jake Burger 2B Ildemaro Vargas 3B Nolan Arenado C Gabriel Moreno OF Wyatt Langford OF Jonah Cox OF Drew Gilbert P Drew Rasmussen P Logan Gilbert SS Corey Seager,,,
442,5266159460,bjnfan,0,97.3,1B Tim Tawa 2B Ildemaro Vargas 3B Jose Fernandez C Hunter Goodman OF Corbin Carroll OF Jordan Lawlar OF Bryce Teodosio P Shota Imanaga P JR Ritchie SS Zach Neto,,,
442,5266268831,dillmaak2022,0,97.3,1B Matt Olson 2B Ketel Marte 3B Austin Riley C Drake Baldwin OF Ronald Acuna Jr. OF Michael Harris II OF Tommy Pham P Shota Imanaga P JR Ritchie SS Geraldo Perdomo,,,
442,5266467663,FarmHallFalls,0,97.3,1B Matt Olson 2B Ketel Marte 3B Isaac Paredes C Yainer Diaz OF Ronald Acuna Jr. OF Michael Harris II OF Jose Siri P Shota Imanaga P JR Ritchie SS J.P. Crawford,,,
445,5266570843,fonzzydinho,0,97.149994,1B Matt Olson 2B Nico Hoerner 3B Ezequiel Duran C Gabriel Moreno OF Jac Caglianone OF Michael Conforto OF Nick Loftin P Logan Gilbert P Michael Soroka SS Maikel Garcia,,,
446,5266463923,Bella_2015,0,97.1,1B Matt Olson 2B Ozzie Albies 3B Yandy Diaz C Carson Kelly OF Ronald Acuna Jr. OF Michael Harris II OF JJ Bleday P Drew Rasmussen P Anthony Molina SS Mauricio Dubon,,,
446,5266665434,tonyv1956,0,97.1,1B Michael Busch 2B Chase Meidroth 3B Connor Norby C Francisco Alvarez OF Jackson Merrill OF Cody Bellinger OF Henry Bolte P Michael King P Anthony Molina SS Mauricio Dubon,,,
448,5265597559,txkoolaid,0,97.05,1B Josh Naylor 2B Jose Altuve 3B Miguel Vargas C Tyler Stephenson OF Yordan Alvarez OF Randy Arozarena OF Ronald Acuna Jr. P Michael Soroka P Brady Basso SS Jeremy Pena,,,
448,5266291507,deajr0605,0,97.05,1B Tommy White 2B Joshua Kuroda-Grauer 3B Nolan Arenado C Gabriel Moreno OF Corbin Carroll OF Ezequiel Duran OF Jordan Lawlar P Logan Gilbert P Shota Imanaga SS Geraldo Perdomo,,,
448,5266553758,teddyruxpin6969,0,97.05,1B Sal Stewart 2B Ozzie Albies 3B Austin Riley C Tyler Stephenson OF Michael Harris II OF Randal Grichuk OF Mauricio Dubon P Logan Gilbert P Shota Imanaga SS Bobby Witt Jr.,,,
448,5266613556,EGA913,0,97.05,1B Jake Burger 2B Justin Foscue 3B Nolan Arenado C Gabriel Moreno OF Corbin Carroll OF Brandon Nimmo OF Jordan Lawlar P Logan Gilbert P Shota Imanaga SS Geraldo Perdomo,,,
448,5266625277,MattTruss223,0,97.05,1B Ildemaro Vargas 2B Ketel Marte 3B Nolan Arenado C Gabriel Moreno OF JJ Bleday OF Hector Rodriguez OF Carlos Jorge P Logan Gilbert P Shota Imanaga SS Geraldo Perdomo,,,
453,5266118474,Discostupendously,0,96.7,1B Jake Burger 2B Joshua Kuroda-Grauer 3B Nolan Arenado C Agustin Ramirez OF Pete Crow-Armstrong OF Ronald Acuna Jr. OF Victor Bericoto P Max Fried P Anthony Molina SS Geraldo Perdomo,,,
454,5266211112,smw3184,0,96.5,1B Ty France 2B Joshua Kuroda-Grauer 3B Isaac Paredes C Yainer Diaz OF Cody Bellinger OF Dominic Canzone OF Dustin Harris P Taj Bradley P Drew Rasmussen SS J.P. Crawford,,,
455,5266538888,RTL701,0,96.15,1B Matt Olson 2B Ozzie Albies 3B Nolan Arenado C Drake Baldwin OF Corbin Carroll OF Jordan Lawlar OF Mauricio Dubon P Taj Bradley P Shota Imanaga SS Ha-Seong Kim,,,
456,5266613651,scottybean27,0,96.1,1B Tommy White 2B Christian Moore 3B Nolan Arenado C Shea Langeliers OF Jake McCarthy OF Henry Bolte OF Jordan Lawlar P Michael King P Anthony Molina SS Cole Carrigg,,,
457,5266319441,TaTa2DayJr,0,96.05,1B Ildemaro Vargas 2B Ketel Marte 3B Miguel Vargas C Kyle Teel OF Braden Montgomery OF Brenton Doyle OF Tommy Pham P Logan Gilbert P Shota Imanaga SS Geraldo Perdomo,,,
457,5266463442,Timpegoose,0,96.05,1B Josh Bell 2B Christian Moore 3B Denzer Guzman C Drake Baldwin OF Mike Trout OF Emmanuel Rodriguez OF Bryce Teodosio P Logan Gilbert P Shota Imanaga SS Zach Neto,,,
457,5266569038,nwspring52,0,96.05,1B Jake Burger 2B Ketel Marte 3B Nolan Arenado C Gabriel Moreno OF Corbin Carroll OF Tommy Pham OF Bo Davidson P Logan Gilbert P Shota Imanaga SS Geraldo Perdomo,,,
460,5266568330,cellos213,0,95.7,1B Jake Burger 2B Ketel Marte 3B Nolan Arenado C Danny Jansen OF Corbin Carroll OF Dominic Canzone OF JJ Bleday P Max Fried P Anthony Molina SS Geraldo Perdomo,,,
461,5266458856,fooey102,0,95.6,1B Ildemaro Vargas 2B Ketel Marte 3B Jose Fernandez C Kyle Teel OF Mickey Moniak OF Troy Johnston OF Jordan Lawlar P Taj Bradley P Cristian Javier SS Geraldo Perdomo,,,
462,5266635766,rb477000,0,95.5,1B Josh Bell 2B Michael Massey 3B Josh Jung C Drake Baldwin OF Ian Happ OF Wyatt Langford OF JJ Bleday P Taj Bradley P Drew Rasmussen SS Corey Seager,,,
463,5266655281,Kshunter101,0,95.45,1B Alex Jackson 2B Jose Altuve 3B Nolan Arenado C Cal Raleigh OF Pete Crow-Armstrong OF Jac Caglianone OF Ian Happ P Brandon Williamson P Kyle Freeland SS Bobby Witt Jr.,,,
464,5266392636,Dubbzz,0,95.399994,1B Jake Burger 2B Ketel Marte 3B Connor Norby C Agustin Ramirez OF Mickey Moniak OF Jordan Lawlar OF Tommy Pham P Drew Rasmussen P Logan Gilbert SS Geraldo Perdomo,,,
465,5266147481,Sirchosen,0,95.3,1B Jake Burger 2B Ketel Marte 3B Nolan Arenado C Gabriel Moreno OF Corbin Carroll OF Wyatt Langford OF Jordan Lawlar P Shota Imanaga P JR Ritchie SS Corey Seager,,,
466,5266398917,bck4gators,0,95.15,1B Jake Burger 2B Joshua Kuroda-Grauer 3B Zack Gelof C Shea Langeliers OF Henry Bolte OF Wyatt Langford OF Bo Davidson P Taj Bradley P Shota Imanaga SS Corey Seager,,,
466,5266619882,FlowARC,0,95.15,1B Matt Olson 2B Ozzie Albies 3B Nolan Arenado C Tyler Stephenson OF Ronald Acuna Jr. OF Michael Harris II OF Carlos Jorge P Taj Bradley P Shota Imanaga SS Mauricio Dubon,,,
466,5266408710,mrclean913,0,95.149994,1B Ryan Vilade 2B Justin Foscue 3B Ezequiel Duran C Danny Jansen OF Pete Crow-Armstrong OF Jose Siri OF Michael Conforto P Logan Gilbert P Michael Soroka SS Zach Neto,,,
469,5266421625,20stang00,0,95.05,1B Ildemaro Vargas 2B Ketel Marte 3B Nolan Arenado C Drake Baldwin OF Corbin Carroll OF Jordan Lawlar OF Walker Jenkins P Logan Gilbert P Shota Imanaga SS Ha-Seong Kim,,,
469,5266546185,jlee7337,0,95.05,1B Ty France 2B Chase Meidroth 3B Miguel Vargas C Kyle Teel OF Jackson Merrill OF Brenton Doyle OF Tommy Pham P Logan Gilbert P Shota Imanaga SS Xander Bogaerts,,,
471,5266661972,Tankmon,0,95,1B Yandy Diaz 2B Connor Norby 3B Maikel Garcia C Will Smith OF Ian Happ OF Julio Rodriguez OF Michael Harris II P Logan Gilbert P Yusei Kikuchi SS Geraldo Perdomo,,,
472,5266336014,Cocstrong,0,94.85,1B Jake Burger 2B Ketel Marte 3B Josh Jung C Gabriel Moreno OF Wyatt Langford OF Brandon Nimmo OF Jordan Lawlar P Drew Rasmussen P Shota Imanaga SS Corey Seager,,,
473,5266532061,Deano4367,0,94.75,1B Jake Burger 2B Jake Cronenworth 3B Nolan Arenado C Gabriel Moreno OF Fernando Tatis Jr. OF Austin Hays OF Dustin Harris P Shota Imanaga P Anthony Molina SS Geraldo Perdomo,,,
474,5266306267,rsr3883,0,94.7,1B Tommy White 2B Ketel Marte 3B Nolan Arenado C Gabriel Moreno OF Corbin Carroll OF Jordan Lawlar OF Carlos Jorge P Taj Bradley P Logan Gilbert SS Alika Williams,,,
474,5266667291,colonelforbin22,0,94.7,1B Jake Burger 2B Justin Foscue 3B Eugenio Suarez C Gabriel Moreno OF Dominic Canzone OF Wyatt Langford OF JJ Bleday P Max Fried P Anthony Molina SS Elly De La Cruz,,,
476,5266465616,kyleputt,0,94.45,1B Matt Olson 2B Ozzie Albies 3B Josh Jung C Drake Baldwin OF Ronald Acuna Jr. OF Michael Harris II OF Tommy Pham P Shota Imanaga P Yusei Kikuchi SS Elly De La Cruz,,,
477,5266657883,larkordic,0,94.4,1B Vinnie Pasquantino 2B Pedro Ramirez 3B Brooks Lee C Agustin Ramirez OF Randy Arozarena OF Cody Bellinger OF Andy Pages P Max Fried P Yusei Kikuchi SS Mookie Betts,,,
477,5266585650,CPVicious,0,94.399994,1B Ildemaro Vargas 2B Ketel Marte 3B Max Muncy C Sean Murphy OF Michael Harris II OF Jordan Lawlar OF Bo Davidson P Drew Rasmussen P Logan Gilbert SS Geraldo Perdomo,,,
479,5266608478,Money-Maker-Mooney,0,94.2,1B Michael Busch 2B Joshua Kuroda-Grauer 3B Josh Jung C Gabriel Moreno OF Pete Crow-Armstrong OF Cody Bellinger OF Tommy Edman P Anthony Molina P Cristian Javier SS Mauricio Dubon,,,
480,5266614086,foosballr,0,94.15,1B Jake Burger 2B Ketel Marte 3B Josh Jung C Gabriel Moreno OF Wyatt Langford OF JJ Bleday OF Carlos Jorge P Taj Bradley P Shota Imanaga SS Geraldo Perdomo,,,
480,5266326759,olson1,0,94.149994,1B Josh Bell 2B Chase Meidroth 3B Josh Jung C Kyle Teel OF Ronald Acuna Jr. OF Cody Bellinger OF Julio Rodriguez P Logan Gilbert P Michael Soroka SS Otto Lopez,,,
482,5266644932,smflynndmd,0,94.1,1B Tommy White 2B Joshua Kuroda-Grauer 3B Josh Jung C Shea Langeliers OF Mike Trout OF Wyatt Langford OF Brandon Nimmo P Taj Bradley P Max Fried SS George Lombard Jr.,,,
483,5266266792,csalinaz9,0,94.05,1B Ildemaro Vargas 2B Ketel Marte 3B Denzer Guzman C Gabriel Moreno OF Ronald Acuna Jr. OF Carlos Jorge OF Bo Davidson P Logan Gilbert P Shota Imanaga SS Geraldo Perdomo,,,
483,5266358814,baw32,0,94.05,1B Ildemaro Vargas 2B Ketel Marte 3B Denzer Guzman C Gabriel Moreno OF Ronald Acuna Jr. OF Carlos Jorge OF Bo Davidson P Logan Gilbert P Shota Imanaga SS Geraldo Perdomo,,,
483,5266375280,JacefamouSS,0,94.05,1B Ildemaro Vargas 2B Ketel Marte 3B Denzer Guzman C Gabriel Moreno OF Ronald Acuna Jr. OF Scott Bandura OF Bo Davidson P Logan Gilbert P Shota Imanaga SS Geraldo Perdomo,,,
483,5266380203,JRBucks34,0,94.05,1B Ildemaro Vargas 2B Ketel Marte 3B Denzer Guzman C Gabriel Moreno OF Ronald Acuna Jr. OF Carlos Jorge OF Bo Davidson P Logan Gilbert P Shota Imanaga SS Geraldo Perdomo,,,
483,5266396772,UWAlums03,0,94.05,1B Ildemaro Vargas 2B Ketel Marte 3B Denzer Guzman C Gabriel Moreno OF Ronald Acuna Jr. OF Carlos Jorge OF Bo Davidson P Logan Gilbert P Shota Imanaga SS Geraldo Perdomo,,,
483,5266404650,scrub69,0,94.05,1B Ildemaro Vargas 2B Ketel Marte 3B Denzer Guzman C Gabriel Moreno OF Ronald Acuna Jr. OF Carlos Jorge OF Bo Davidson P Logan Gilbert P Shota Imanaga SS Geraldo Perdomo,,,
483,5266409725,kristian24,0,94.05,1B Ildemaro Vargas 2B Ketel Marte 3B Denzer Guzman C Gabriel Moreno OF Ronald Acuna Jr. OF Carlos Jorge OF Bo Davidson P Logan Gilbert P Shota Imanaga SS Geraldo Perdomo,,,
483,5266443536,MambaMentality4Life,0,94.05,1B Ildemaro Vargas 2B Ketel Marte 3B Denzer Guzman C Gabriel Moreno OF Ronald Acuna Jr. OF Carlos Jorge OF Bo Davidson P Logan Gilbert P Shota Imanaga SS Geraldo Perdomo,,,
483,5266551390,eaglezzz,0,94.05,1B Ildemaro Vargas 2B Ketel Marte 3B Denzer Guzman C Gabriel Moreno OF Ronald Acuna Jr. OF Carlos Jorge OF Bo Davidson P Logan Gilbert P Shota Imanaga SS Geraldo Perdomo,,,
483,5266566517,sfdskins7874,0,94.05,1B Ildemaro Vargas 2B Ketel Marte 3B Denzer Guzman C Gabriel Moreno OF Ronald Acuna Jr. OF Carlos Jorge OF Bo Davidson P Logan Gilbert P Shota Imanaga SS Geraldo Perdomo,,,
483,5266625677,LoganGrewe50,0,94.05,1B Ildemaro Vargas 2B Ketel Marte 3B Denzer Guzman C Gabriel Moreno OF Ronald Acuna Jr. OF Carlos Jorge OF Bo Davidson P Logan Gilbert P Shota Imanaga SS Geraldo Perdomo,,,
483,5266633268,rnrppr1997,0,94.05,1B Ildemaro Vargas 2B Ketel Marte 3B Denzer Guzman C Gabriel Moreno OF Ronald Acuna Jr. OF Carlos Jorge OF Bo Davidson P Logan Gilbert P Shota Imanaga SS Geraldo Perdomo,,,
483,5266640007,aglover9,0,94.05,1B Ildemaro Vargas 2B Ketel Marte 3B Denzer Guzman C Gabriel Moreno OF Ronald Acuna Jr. OF Carlos Jorge OF Bo Davidson P Logan Gilbert P Shota Imanaga SS Geraldo Perdomo,,,
483,5266660754,SBC123,0,94.05,1B Ildemaro Vargas 2B Ketel Marte 3B Denzer Guzman C Gabriel Moreno OF Ronald Acuna Jr. OF Carlos Jorge OF Bo Davidson P Logan Gilbert P Shota Imanaga SS Geraldo Perdomo,,,
483,5266666046,swany28,0,94.05,1B Ildemaro Vargas 2B Ketel Marte 3B Denzer Guzman C Gabriel Moreno OF Ronald Acuna Jr. OF Carlos Jorge OF Bo Davidson P Logan Gilbert P Shota Imanaga SS Geraldo Perdomo,,,
498,5266542862,nikboy2121,0,93.8,1B Munetaka Murakami 2B Kody Clemens 3B Bo Bichette C Kyle Teel OF Fernando Tatis Jr. OF Ian Happ OF Randal Grichuk P Max Fried P Anthony Kay SS Mauricio Dubon,,,
499,5266183515,Maxdeath,0,93.6,1B TJ Rumfield 2B Ozzie Albies 3B Nolan Arenado C Gabriel Moreno OF Ronald Acuna Jr. OF Jordan Lawlar OF Mauricio Dubon P Taj Bradley P Cristian Javier SS Geraldo Perdomo,,,
500,5266375078,Moofang,0,93.55,1B Michael Busch 2B Nico Hoerner 3B Brock Rodden C Gabriel Moreno OF Pete Crow-Armstrong OF Ian Happ OF Michael Conforto P MacKenzie Gore P Sean Manaea SS Alika Williams,,,
501,5266476058,proKristonator,0,93.399994,1B Josh Naylor 2B Cole Young 3B Javier Sanoja C Agustin Ramirez OF Randy Arozarena OF Heriberto Hernandez OF Esteury Ruiz P Drew Rasmussen P Logan Gilbert SS Otto Lopez,,,
502,5266346820,spabhook,0,93.15,1B Jake Burger 2B Connor Norby 3B Nolan Arenado C Gabriel Moreno OF Corbin Carroll OF Dominic Canzone OF Dustin Harris P Taj Bradley P Shota Imanaga SS Ha-Seong Kim,,,
502,5266668809,JustinBloodworth,0,93.15,1B Jake Burger 2B Justin Foscue 3B Josh Jung C Gabriel Moreno OF Fernando Tatis Jr. OF Carlos Jorge OF Bo Davidson P Taj Bradley P Shota Imanaga SS Geraldo Perdomo,,,
504,5266338080,FantasyCrusader,0,93.1,1B Jake Burger 2B Christian Moore 3B Josh Jung C Jonah Heim OF Mike Trout OF Jose Siri OF Bryce Teodosio P Taj Bradley P Max Fried SS Zach Neto,,,
505,5266230415,mattNjess4677,0,93.05,1B Miguel Vargas 2B Ketel Marte 3B Nolan Arenado C Luis Torrens OF Luke Keaschall OF Dustin Harris OF Bo Davidson P Logan Gilbert P Shota Imanaga SS Geraldo Perdomo,,,
505,5266443858,jgings28,0,93.05,1B Jake Burger 2B Ketel Marte 3B Nolan Arenado C Gabriel Moreno OF Wyatt Langford OF Jordan Lawlar OF Tommy Pham P Logan Gilbert P Shota Imanaga SS Geraldo Perdomo,,,
505,5266495077,bigstick8412,0,93.05,1B Jake Burger 2B Ketel Marte 3B Nolan Arenado C Gabriel Moreno OF Wyatt Langford OF Jordan Lawlar OF Tommy Pham P Logan Gilbert P Shota Imanaga SS Geraldo Perdomo,,,
505,5266632659,youngster201,0,93.05,1B Jake Burger 2B Ketel Marte 3B Nolan Arenado C Gabriel Moreno OF Wyatt Langford OF Jordan Lawlar OF Tommy Pham P Logan Gilbert P Shota Imanaga SS Geraldo Perdomo,,,
509,5266160959,ajmack01,0,92.899994,1B Jake Burger 2B Jake Cronenworth 3B Bo Bichette C Gabriel Moreno OF Seiya Suzuki OF Dominic Canzone OF Dustin Harris P Drew Rasmussen P Sean Manaea SS Colson Montgomery,,,
510,5266508377,fuegoinsac,0,92.8,1B Jake Burger 2B Ozzie Albies 3B Nolan Arenado C Gabriel Moreno OF Ronald Acuna Jr. OF Kyle Tucker OF Bo Davidson P Drew Rasmussen P Max Fried SS Mauricio Dubon,,,
511,5266165054,Jrup513,0,92.75,1B Miguel Vargas 2B Kody Clemens 3B Austin Riley C Carter Jensen OF Randy Arozarena OF Teoscar Hernandez OF Michael Harris II P Cristian Javier P JR Ritchie SS Jeremy Pena,,,
512,5266273377,RJJIII,0,92.6,1B Josh Bell 2B Ketel Marte 3B Josh Jung C Drake Baldwin OF Randy Arozarena OF Ronald Acuna Jr. OF Chandler Simpson P Shota Imanaga P Michael Soroka SS George Lombard Jr.,,,
513,5266561779,MeanMachine590,0,92.5,1B Michael Busch 2B Ozzie Albies 3B Nolan Arenado C Gabriel Moreno OF Mickey Moniak OF Wyatt Langford OF Heriberto Hernandez P Taj Bradley P Anthony Kay SS Corey Seager,,,
513,5266603177,PhDegen,0,92.5,1B Jake Burger 2B Joshua Kuroda-Grauer 3B Nolan Arenado C Gabriel Moreno OF Henry Bolte OF Wyatt Langford OF Jordan Lawlar P Taj Bradley P Michael King SS Otto Lopez,,,
515,5266429645,Costanzuh,0,92.3,1B Jake Burger 2B Joshua Kuroda-Grauer 3B Bo Bichette C Jonah Heim OF Fernando Tatis Jr. OF Henry Bolte OF Lawrence Butler P Drew Rasmussen P Cristian Javier SS Alika Williams,,,
515,5266498727,RuthlessVillain,0,92.3,1B Sal Stewart 2B Ildemaro Vargas 3B Eugenio Suarez C Tyler Stephenson OF Ronald Acuna Jr. OF Michael Harris II OF Carlos Jorge P Taj Bradley P Daniel Lynch IV SS Elly De La Cruz,,,
517,5266178720,xxSPURS21xx,0,92.15,1B Josh Bell 2B Kody Clemens 3B Joshua Kuroda-Grauer C Drake Baldwin OF JJ Bleday OF Hector Rodriguez OF Carlos Jorge P Taj Bradley P Shota Imanaga SS Elly De La Cruz,,,
517,5266582107,ChrisCopps33,0,92.15,1B TJ Rumfield 2B Connor Norby 3B Joshua Kuroda-Grauer C Drake Baldwin OF Wyatt Langford OF Michael Harris II OF Carlos Jorge P Taj Bradley P Shota Imanaga SS Geraldo Perdomo,,,
517,5266654578,timelydew,0,92.15,1B Jake Burger 2B Ketel Marte 3B Josh Jung C Gabriel Moreno OF Wyatt Langford OF Jordan Lawlar OF Hector Rodriguez P Taj Bradley P Shota Imanaga SS Geraldo Perdomo,,,
517,5266665936,pbr1818,0,92.15,1B Jake Burger 2B Justin Foscue 3B Josh Jung C Gabriel Moreno OF Ronald Acuna Jr. OF Wyatt Langford OF Tommy Pham P Taj Bradley P Shota Imanaga SS Geraldo Perdomo,,,
517,5266570301,TwoLeggedLOTTO,0,92.149994,1B Jake Burger 2B Ketel Marte 3B Nolan Arenado C Austin Wells OF Corbin Carroll OF Teoscar Hernandez OF Heliot Ramos P Logan Gilbert P Michael Soroka SS Mookie Betts,,,
522,5266166389,justutah,0,92.05,1B Salvador Perez 2B Michael Massey 3B Maikel Garcia C Carter Jensen OF Luke Keaschall OF Walker Jenkins OF Emmanuel Rodriguez P Logan Gilbert P Shota Imanaga SS Bobby Witt Jr.,,,
522,5266447081,jonchill,0,92.05,1B Jake Burger 2B Ketel Marte 3B Nolan Arenado C Shea Langeliers OF Wyatt Langford OF Jordan Lawlar OF Carlos Jorge P Logan Gilbert P Shota Imanaga SS Geraldo Perdomo,,,
522,5266659041,skinpie23,0,92.05,1B Jake Burger 2B Ketel Marte 3B Nolan Arenado C Shea Langeliers OF Wyatt Langford OF Jordan Lawlar OF Carlos Jorge P Logan Gilbert P Shota Imanaga SS Geraldo Perdomo,,,
522,5266659279,sesr,0,92.05,1B Ildemaro Vargas 2B Jonah Cox 3B Yandy Diaz C Gabriel Moreno OF Ronald Acuna Jr. OF Carlos Jorge OF Bo Davidson P Logan Gilbert P Shota Imanaga SS Geraldo Perdomo,,,
526,5266331708,StopidMonk3y,0,91.9,1B Royce Lewis 2B Jose Altuve 3B Bo Bichette C Gabriel Moreno OF Yordan Alvarez OF Seiya Suzuki OF Corbin Carroll P Cristian Javier P Yusei Kikuchi SS Jeremy Pena,,,
527,5266554154,arcorr223,0,91.75,1B Miguel Vargas 2B Pedro Ramirez 3B Josh Jung C Luis Torrens OF Pete Crow-Armstrong OF Wyatt Langford OF Carlos Jorge P Shota Imanaga P Anthony Molina SS Mookie Betts,,,
528,5265859818,mndfsgirl,0,91.5,1B Ty France 2B Joshua Kuroda-Grauer 3B Isaac Paredes C Shea Langeliers OF Henry Bolte OF Walker Jenkins OF Emmanuel Rodriguez P Taj Bradley P Michael King SS Xander Bogaerts,,,
529,5266423545,moocka1994,0,91.45,1B Jake Burger 2B Ketel Marte 3B Nolan Arenado C Drake Baldwin OF Ronald Acuna Jr. OF Jordan Lawlar OF Walker Jenkins P Max Fried P Shota Imanaga SS George Lombard Jr.,,,
530,5266339748,awebb016,0,91.15,1B Ildemaro Vargas 2B Nico Hoerner 3B Joshua Kuroda-Grauer C Gabriel Moreno OF Ian Happ OF Michael Conforto OF Jordan Lawlar P Taj Bradley P MacKenzie Gore SS Geraldo Perdomo,,,
530,5266442146,freaks65,0,91.15,1B Jake Burger 2B Justin Foscue 3B Josh Jung C Sean Murphy OF Ronald Acuna Jr. OF JJ Bleday OF Ezequiel Duran P Taj Bradley P Shota Imanaga SS Elly De La Cruz,,,
530,5266457686,Pootnami,0,91.15,1B Tim Tawa 2B Ozzie Albies 3B Austin Riley C Drake Baldwin OF Ronald Acuna Jr. OF Jordan Lawlar OF Hector Rodriguez P Taj Bradley P Shota Imanaga SS Geraldo Perdomo,,,
530,5266509996,vstar1300,0,91.15,1B Freddie Freeman 2B Jake Cronenworth 3B Max Muncy C Austin Wells OF Wyatt Langford OF Josue De Paula OF Bo Davidson P Taj Bradley P Shota Imanaga SS Mookie Betts,,,
534,5266290840,glouie99,0,91.1,1B TJ Rumfield 2B Ildemaro Vargas 3B Nolan Arenado C Francisco Alvarez OF Jake McCarthy OF Mauricio Dubon OF Hector Rodriguez P Taj Bradley P Max Fried SS Ha-Seong Kim,,,
535,5266254667,ufxgatorbox,0,91.05,1B Jake Burger 2B Ketel Marte 3B Denzer Guzman C Gabriel Moreno OF Corbin Carroll OF Victor Bericoto OF Tommy Pham P Logan Gilbert P Shota Imanaga SS Geraldo Perdomo,,,
535,5266306101,jfrey80,0,91.05,1B Ildemaro Vargas 2B Ketel Marte 3B Nolan Arenado C Gabriel Moreno OF Corbin Carroll OF Walker Jenkins OF Hector Rodriguez P Logan Gilbert P Shota Imanaga SS Ha-Seong Kim,,,
535,5266557519,30741boy,0,91.05,1B Ildemaro Vargas 2B Ketel Marte 3B Nolan Arenado C Ali Sanchez OF Ronald Acuna Jr. OF Jordan Lawlar OF Heliot Ramos P Logan Gilbert P Shota Imanaga SS Geraldo Perdomo,,,
535,5266611125,padrino1921,0,91.05,1B Jake Burger 2B Ketel Marte 3B Denzer Guzman C Gabriel Moreno OF Corbin Carroll OF Victor Bericoto OF Tommy Pham P Logan Gilbert P Shota Imanaga SS Geraldo Perdomo,,,
539,5265906423,mikebkmm5,0,90.8,1B Miguel Vargas 2B Jonah Cox 3B Shay Whitcomb C Carter Jensen OF Heriberto Hernandez OF Turner Hill OF Drew Gilbert P Drew Rasmussen P Max Fried SS J.P. Crawford,,,
540,5266496757,awen419,0,90.7,1B Jake Burger 2B Ildemaro Vargas 3B Nolan Arenado C Gabriel Moreno OF Wyatt Langford OF Tim Tawa OF Jordan Lawlar P Taj Bradley P Logan Gilbert SS Corey Seager,,,
540,5266659578,lidstrom20,0,90.7,1B Vaughn Grissom 2B Connor Norby 3B Nolan Arenado C Hunter Goodman OF Spencer Jones OF Jordan Lawlar OF Scott Bandura P Max Fried P Anthony Molina SS Cole Carrigg,,,
542,5266407470,J-Law87,0,90.45,1B Miguel Vargas 2B Chase Meidroth 3B Jake Cronenworth C Gabriel Moreno OF Fernando Tatis Jr. OF Jackson Merrill OF Bo Davidson P Shota Imanaga P Yusei Kikuchi SS Xander Bogaerts,,,
542,5266416020,Kashaka,0,90.45,1B Vinnie Pasquantino 2B Jazz Chisholm Jr. 3B Max Muncy C Carter Jensen OF Randy Arozarena OF Teoscar Hernandez OF Kyle Tucker P Brandon Williamson P Kyle Freeland SS Mookie Betts,,,
544,5266479891,Buckshot_McEerskins,0,90.3,1B Tim Tawa 2B Ketel Marte 3B Brooks Lee C Gabriel Moreno OF Cody Bellinger OF Julio Rodriguez OF Andy Pages P Shota Imanaga P JR Ritchie SS J.P. Crawford,,,
545,5266156027,cujo_61pez,0,90.2,1B Josh Naylor 2B Cole Young 3B Javier Sanoja C Cal Raleigh OF Ian Happ OF Dominic Canzone OF Heriberto Hernandez P Taj Bradley P Sean Manaea SS J.P. Crawford,,,
546,5266205449,tbjones2121,0,90.15,1B TJ Rumfield 2B Connor Norby 3B Joshua Kuroda-Grauer C Jonah Heim OF Yordan Alvarez OF Henry Bolte OF Denzel Clarke P Taj Bradley P Shota Imanaga SS Alika Williams,,,
547,5266251643,cpwhopper,0,89.95,1B Ty France 2B Chase Meidroth 3B Miguel Vargas C Luis Campusano OF Fernando Tatis Jr. OF Austin Hays OF Tommy Pham P Shota Imanaga P Cristian Javier SS Xander Bogaerts,,,
548,5266613410,eblase,0,89.9,1B TJ Rumfield 2B Connor Norby 3B Zack Gelof C Shea Langeliers OF Mickey Moniak OF Henry Bolte OF Troy Johnston P MacKenzie Gore P Brock Stewart SS Cole Carrigg,,,
549,5266604850,depriestjonathan,0,89.65,1B Vaughn Grissom 2B Ketel Marte 3B Nolan Arenado C Moises Ballesteros OF Mike Trout OF Corbin Carroll OF Bryce Teodosio P MacKenzie Gore P Daniel Lynch IV SS Geraldo Perdomo,,,
550,5266496950,Michaeldegg69,0,89.55,1B Matt Olson 2B Marcus Semien 3B Manny Machado C Luis Torrens OF Jackson Merrill OF Carson Benge OF A.J. Ewing P Shota Imanaga P Sean Manaea SS Francisco Lindor,,,
551,5266282058,chicksdigthewongball,0,89.45,1B Matt Olson 2B Ozzie Albies 3B Eugenio Suarez C Drake Baldwin OF Ronald Acuna Jr. OF JJ Bleday OF Carlos Jorge P Shota Imanaga P Yusei Kikuchi SS Elly De La Cruz,,,
552,5266643769,Cashis89,0,89.15,1B Jake Burger 2B Ketel Marte 3B Josh Jung C Danny Jansen OF Jackson Merrill OF Ezequiel Duran OF Jordan Lawlar P Taj Bradley P Shota Imanaga SS Geraldo Perdomo,,,
553,5266371240,07km,0,89.05,1B Jake Burger 2B Ketel Marte 3B Denzer Guzman C Sean Murphy OF Mike Trout OF Brandon Nimmo OF Bryce Teodosio P Logan Gilbert P Shota Imanaga SS Zach Neto,,,
554,5266666796,PackersWorld12,0,88.95,1B Matt Olson 2B Ketel Marte 3B Austin Riley C Sean Murphy OF Corbin Carroll OF Henry Bolte OF Jordan Lawlar P Taj Bradley P JR Ritchie SS Otto Lopez,,,
555,5266499836,jvh2122,0,88.9,1B Ty France 2B Jose Altuve 3B Bo Bichette C Kyle Teel OF Juan Soto OF Carson Benge OF A.J. Ewing P Michael King P Sean Manaea SS Francisco Lindor,,,
556,5266480385,PenizMartinez,0,88.45,1B Matt Olson 2B Ketel Marte 3B Nolan Arenado C Drake Baldwin OF Ronald Acuna Jr. OF Michael Harris II OF Jordan Lawlar P Shota Imanaga P Yusei Kikuchi SS Mauricio Dubon,,,
556,5266660698,automahn,0,88.45,1B Matt Olson 2B Ketel Marte 3B Nolan Arenado C Drake Baldwin OF Ronald Acuna Jr. OF Michael Harris II OF Jordan Lawlar P Shota Imanaga P Yusei Kikuchi SS Mauricio Dubon,,,
556,5266660845,cacolbe,0,88.45,1B Matt Olson 2B Ketel Marte 3B Nolan Arenado C Drake Baldwin OF Ronald Acuna Jr. OF Michael Harris II OF Jordan Lawlar P Shota Imanaga P Yusei Kikuchi SS Mauricio Dubon,,,
559,5266355446,BIGKDUNN,0,88.4,1B Tommy White 2B Jonah Cox 3B Shay Whitcomb C Carter Jensen OF Pete Crow-Armstrong OF Henry Bolte OF Drew Gilbert P Max Fried P Yusei Kikuchi SS Mookie Betts,,,
560,5266532936,Krakow84,0,88.15,1B Jake Burger 2B Ozzie Albies 3B Nolan Arenado C Danny Jansen OF Fernando Tatis Jr. OF Ronald Acuna Jr. OF Tommy Pham P Taj Bradley P Shota Imanaga SS Mauricio Dubon,,,
561,5265549461,dealin21,0,88.05,1B Freddie Freeman 2B Michael Massey 3B Max Muncy C Yainer Diaz OF Fernando Tatis Jr. OF Brenton Doyle OF Nick Loftin P Logan Gilbert P Shota Imanaga SS Mauricio Dubon,,,
561,5266127089,nickenyon6,0,88.05,1B Jake Burger 2B Ketel Marte 3B Nolan Arenado C Gabriel Moreno OF Wyatt Langford OF Jordan Lawlar OF Carlos Jorge P Logan Gilbert P Shota Imanaga SS Geraldo Perdomo,,,
563,5266277128,hbuhler,0,88,1B Ildemaro Vargas 2B Ozzie Albies 3B Josh Jung C Gabriel Moreno OF Corbin Carroll OF Wyatt Langford OF Walker Jenkins P Logan Gilbert P Yusei Kikuchi SS Elly De La Cruz,,,
564,5266479645,runupmoney97,0,87.8,1B Matt Olson 2B Justin Foscue 3B Josh Jung C Drake Baldwin OF Ronald Acuna Jr. OF Michael Harris II OF Bo Davidson P Drew Rasmussen P Max Fried SS Mauricio Dubon,,,
565,5266555212,RavensLazer,0,87.5,1B TJ Rumfield 2B Connor Norby 3B Maikel Garcia C Gabriel Moreno OF Wyatt Langford OF Lawrence Butler OF Michael Conforto P Shota Imanaga P MacKenzie Gore SS Nico Hoerner,,,
566,5266422200,jsanders41,0,87.45,1B Jake Burger 2B Ozzie Albies 3B Josh Jung C Shea Langeliers OF Pete Crow-Armstrong OF JJ Bleday OF Michael Conforto P Max Fried P Shota Imanaga SS Alika Williams,,,
567,5266362878,bkhanlin,0,87.4,1B Jake Burger 2B Ketel Marte 3B Josh Jung C Shea Langeliers OF Corbin Carroll OF Dominic Canzone OF Jordan Lawlar P Taj Bradley P Anthony Molina SS Mauricio Dubon,,,
568,5266499757,Him513,0,87.2,1B Jake Burger 2B Jake Cronenworth 3B Josh Jung C Gabriel Moreno OF Pete Crow-Armstrong OF Cody Bellinger OF Carlos Jorge P Drew Rasmussen P Michael King SS George Lombard Jr.,,,
569,5266296403,mjv2009,0,87.05,1B Ildemaro Vargas 2B Ketel Marte 3B Nolan Arenado C Gabriel Moreno OF Wyatt Langford OF Jordan Lawlar OF Tommy Pham P Logan Gilbert P Shota Imanaga SS Corey Seager,,,
569,5266444467,sportsfan882,0,87.05,1B Tommy White 2B Ketel Marte 3B Josh Jung C Gabriel Moreno OF Corbin Carroll OF Jordan Lawlar OF Tommy Pham P Logan Gilbert P Shota Imanaga SS Geraldo Perdomo,,,
571,5266573870,Boneyball1018,0,86.85,1B Matt Olson 2B Ryan Kreidler 3B Jake Cronenworth C Drake Baldwin OF Ronald Acuna Jr. OF Michael Harris II OF JJ Bleday P Shota Imanaga P Anthony Kay SS Elly De La Cruz,,,
572,5266215422,4prongdigger,0,86.45,1B Tommy White 2B Ozzie Albies 3B Zack Gelof C Shea Langeliers OF Henry Bolte OF Michael Harris II OF Denzel Clarke P Max Fried P MacKenzie Gore SS Mauricio Dubon,,,
572,5266247188,eaglesnation83,0,86.45,1B Mark Vientos 2B Ketel Marte 3B Bo Bichette C Gabriel Moreno OF Tim Tawa OF Jordan Lawlar OF Walker Jenkins P Max Fried P Shota Imanaga SS Francisco Lindor,,,
572,5266378302,Codymuck,0,86.45,1B Ben Rice 2B Justin Foscue 3B Nolan Arenado C Francisco Alvarez OF Ronald Acuna Jr. OF Spencer Jones OF Jordan Lawlar P Max Fried P Shota Imanaga SS Mauricio Dubon,,,
575,5266107463,ivymoose,0,86.15,1B Matt Olson 2B Ozzie Albies 3B Austin Riley C Drake Baldwin OF JJ Bleday OF Dane Myers OF Carlos Jorge P Taj Bradley P Shota Imanaga SS Francisco Lindor,,,
575,5266551423,ronserr,0,86.15,1B Jake Burger 2B Justin Foscue 3B Austin Riley C Sean Murphy OF Ronald Acuna Jr. OF JJ Bleday OF Mauricio Dubon P Taj Bradley P Shota Imanaga SS Elly De La Cruz,,,
575,5266649201,LesterNygaard,0,86.15,1B Jake Burger 2B Ozzie Albies 3B Josh Jung C Cal Raleigh OF Henry Bolte OF Wyatt Langford OF Lawrence Butler P Taj Bradley P Shota Imanaga SS Corey Seager,,,
578,5266266538,Howardthedog,0,86.05,1B Matt Olson 2B Ozzie Albies 3B Austin Riley C Drake Baldwin OF Michael Harris II OF Tommy Pham OF Carlos Jorge P Logan Gilbert P Shota Imanaga SS Elly De La Cruz,,,
578,5266539857,TwoHearted,0,86.05,1B Mark Vientos 2B Marcus Semien 3B Miguel Vargas C Francisco Alvarez OF Juan Soto OF Braden Montgomery OF Brenton Doyle P Logan Gilbert P Shota Imanaga SS Francisco Lindor,,,
580,5266423915,C.Smith24,0,86,1B Jake Burger 2B Ketel Marte 3B Nolan Arenado C Gabriel Moreno OF Corbin Carroll OF Michael Harris II OF Mauricio Dubon P Logan Gilbert P Yusei Kikuchi SS Geraldo Perdomo,,,
581,5266667137,mdnorton1DK,0,85.85,1B Ty France 2B Justin Foscue 3B Connor Norby C Shea Langeliers OF Dominic Canzone OF Michael Conforto OF Mauricio Dubon P Drew Rasmussen P Shota Imanaga SS Dansby Swanson,,,
582,5266308892,jeff21011,0,85.8,1B Jake Burger 2B Justin Foscue 3B Josh Jung C Cal Raleigh OF Randy Arozarena OF Jonah Cox OF Brandon Nimmo P Drew Rasmussen P Max Fried SS Corey Seager,,,
582,5266476222,PaPamoneyman,0,85.8,1B Munetaka Murakami 2B Nico Hoerner 3B Miguel Vargas C Carson Kelly OF Yordan Alvarez OF Randy Arozarena OF Kyle Tucker P Anthony Kay P Yusei Kikuchi SS Colson Montgomery,,,
582,5266544294,Tbakez91,0,85.8,1B Jake Burger 2B Ozzie Albies 3B Nolan Arenado C Gabriel Moreno OF Jac Caglianone OF Michael Conforto OF Jordan Lawlar P Max Fried P Michael King SS Geraldo Perdomo,,,
585,5266298175,btbpitt71,0,85.65,1B Ildemaro Vargas 2B Ketel Marte 3B Nolan Arenado C Sean Murphy OF Ronald Acuna Jr. OF Corbin Carroll OF Michael Harris II P Shota Imanaga P Daniel Lynch IV SS Geraldo Perdomo,,,
586,5266446703,Robrent,0,85.45,1B Jake Burger 2B Ketel Marte 3B Nolan Arenado C Drew Cavanaugh OF Ronald Acuna Jr. OF Jordan Lawlar OF Tommy Pham P Max Fried P Shota Imanaga SS Bobby Witt Jr.,,,
587,5266244483,garryld1949,0,85.399994,1B Ildemaro Vargas 2B Ozzie Albies 3B Josh Jung C Drew Cavanaugh OF Ronald Acuna Jr. OF Walker Jenkins OF Drew Gilbert P Drew Rasmussen P Logan Gilbert SS Bobby Witt Jr.,,,
588,5266475327,BBjitz,0,85.2,1B Sal Stewart 2B Adael Amador 3B Isaac Paredes C Drake Baldwin OF Jackson Merrill OF Michael Harris II OF Josue De Paula P Michael King P Anthony Kay SS Geraldo Perdomo,,,
589,5266158118,kloosman,0,85.15,1B Matt Olson 2B Matt McLain 3B Max Muncy C Tyler Stephenson OF JJ Bleday OF Dane Myers OF Carlos Jorge P Taj Bradley P Shota Imanaga SS Francisco Lindor,,,
589,5266502838,brink7,0,85.15,1B Ildemaro Vargas 2B Ketel Marte 3B Joshua Kuroda-Grauer C Jonah Heim OF Corbin Carroll OF Henry Bolte OF Denzel Clarke P Taj Bradley P Shota Imanaga SS Alika Williams,,,
591,5265896408,rajonrondough,0,85.05,1B Ildemaro Vargas 2B Ketel Marte 3B Nolan Arenado C Gabriel Moreno OF Ronald Acuna Jr. OF Jordan Lawlar OF Tommy Pham P Logan Gilbert P Shota Imanaga SS Ha-Seong Kim,,,
591,5266183447,piejah,0,85.05,1B Ildemaro Vargas 2B Ketel Marte 3B Nolan Arenado C Gabriel Moreno OF Ronald Acuna Jr. OF Jordan Lawlar OF Tommy Pham P Logan Gilbert P Shota Imanaga SS Ha-Seong Kim,,,
591,5266406077,bearsden1975,0,85.05,1B Ildemaro Vargas 2B Ketel Marte 3B Nolan Arenado C Gabriel Moreno OF Ronald Acuna Jr. OF Jordan Lawlar OF Tommy Pham P Logan Gilbert P Shota Imanaga SS Ha-Seong Kim,,,
591,5266450547,omegaxman,0,85.05,1B Ildemaro Vargas 2B Ketel Marte 3B Nolan Arenado C Gabriel Moreno OF Ronald Acuna Jr. OF Jordan Lawlar OF Tommy Pham P Logan Gilbert P Shota Imanaga SS Ha-Seong Kim,,,
591,5266568938,fritzruby1,0,85.05,1B Ildemaro Vargas 2B Ketel Marte 3B Nolan Arenado C Gabriel Moreno OF Ronald Acuna Jr. OF Jordan Lawlar OF Tommy Pham P Logan Gilbert P Shota Imanaga SS Ha-Seong Kim,,,
591,5266598924,AndrewTaulbee1,0,85.05,1B Ildemaro Vargas 2B Ketel Marte 3B Shay Whitcomb C Gabriel Moreno OF Corbin Carroll OF Victor Bericoto OF Bo Davidson P Logan Gilbert P Shota Imanaga SS Geraldo Perdomo,,,
591,5266640191,jabell10,0,85.05,1B Ildemaro Vargas 2B Ketel Marte 3B Nolan Arenado C Gabriel Moreno OF Ronald Acuna Jr. OF Jordan Lawlar OF Tommy Pham P Logan Gilbert P Shota Imanaga SS Ha-Seong Kim,,,
598,5265515579,drpimpsumn,0,84.75,1B Jake Burger 2B Ketel Marte 3B Brooks Lee C Gabriel Moreno OF Yordan Alvarez OF Jake McCarthy OF Corbin Carroll P JR Ritchie P Brady Basso SS Geraldo Perdomo,,,
599,5266238205,ShineCrazyDiamond,0,84.65,1B Yandy Diaz 2B Kody Clemens 3B Junior Caminero C Moises Ballesteros OF Cedric Mullins OF Walker Jenkins OF Ryan Vilade P Shota Imanaga P Daniel Lynch IV SS Zach Neto,,,
600,5266476466,629buc,0,84.399994,1B TJ Rumfield 2B Christian Moore 3B Connor Norby C Sean Murphy OF Jose Siri OF Troy Johnston OF Zac Veen P Drew Rasmussen P Logan Gilbert SS Zach Neto,,,
601,5266491577,jpungjerm,0,84.3,1B Michael Busch 2B Connor Norby 3B Javier Sanoja C Shea Langeliers OF Pete Crow-Armstrong OF Scott Bandura OF Bo Davidson P Michael King P Cristian Javier SS Bobby Witt Jr.,,,
602,5266568670,jojonono33,0,84.15,1B Jake Burger 2B Justin Foscue 3B Josh Jung C Shea Langeliers OF Corbin Carroll OF Wyatt Langford OF Jordan Lawlar P Taj Bradley P Shota Imanaga SS Corey Seager,,,
603,5266362982,Tamptrio12,0,84,1B Josh Bell 2B Javier Sanoja 3B Manny Machado C Drake Baldwin OF Cole Carrigg OF A.J. Ewing OF Chandler Simpson P Drew Rasmussen P Daniel Lynch IV SS Zach Neto,,,
604,5266433490,COLTSwLuCKeOline,0,83.95,1B Jake Burger 2B Justin Foscue 3B Josh Jung C Hunter Goodman OF Mickey Moniak OF Wyatt Langford OF Ezequiel Duran P Shota Imanaga P Cristian Javier SS Elly De La Cruz,,,
605,5266271262,mattped23,0,83.6,1B Michael Busch 2B Pedro Ramirez 3B Javier Sanoja C Carson Kelly OF Pete Crow-Armstrong OF Michael Conforto OF Esteury Ruiz P Taj Bradley P Cristian Javier SS Otto Lopez,,,
606,5266452046,kenwill2020,0,83.55,1B Freddie Freeman 2B Jose Altuve 3B Josh Jung C Drake Baldwin OF Ronald Acuna Jr. OF Cody Bellinger OF Mauricio Dubon P Max Fried P Michael Soroka SS Corey Seager,,,
607,5265831906,fact74,0,83.5,1B Mark Vientos 2B Marcus Semien 3B Bo Bichette C Luis Torrens OF Jake McCarthy OF Troy Johnston OF Zac Veen P Taj Bradley P Drew Rasmussen SS Francisco Lindor,,,
607,5266236081,RMF56300,0,83.5,1B Matt Olson 2B Christian Moore 3B Nolan Arenado C Drake Baldwin OF Ronald Acuna Jr. OF Michael Harris II OF Mauricio Dubon P Logan Gilbert P Cristian Javier SS Geraldo Perdomo,,,
609,5266643922,Drcpj,0,83.4,1B Miguel Vargas 2B Ozzie Albies 3B Javier Sanoja C Agustin Ramirez OF Jake McCarthy OF Ronald Acuna Jr. OF Bo Davidson P Taj Bradley P Anthony Molina SS Otto Lopez,,,
610,5266532441,dearyn,0,83.3,1B Matt Olson 2B Ketel Marte 3B Austin Riley C Sean Murphy OF Ronald Acuna Jr. OF Corbin Carroll OF Tommy Pham P Shota Imanaga P JR Ritchie SS Geraldo Perdomo,,,
610,5266581124,JJslugger,0,83.3,1B Michael Busch 2B Michael Massey 3B Josh Jung C Danny Jansen OF Pete Crow-Armstrong OF Seiya Suzuki OF Wyatt Langford P Shota Imanaga P Roki Sasaki SS Sung-Mun Song,,,
612,5266119254,winningfaith,0,83.25,1B Yandy Diaz 2B Pedro Ramirez 3B Max Muncy C Carson Kelly OF Pete Crow-Armstrong OF Spencer Jones OF Kyle Isbel P Drew Rasmussen P Justin Wrobleski SS Mauricio Dubon,,,
613,5266658875,stacksizzle,0,83.15,1B Salvador Perez 2B Christian Moore 3B Miguel Vargas C Ben Rice OF Cody Bellinger OF Heliot Ramos OF Tommy Pham P Taj Bradley P Shota Imanaga SS Colson Montgomery,,,
614,5266573246,mjgard64,0,82.95,1B Tim Tawa 2B Nico Hoerner 3B Connor Norby C Gabriel Moreno OF Jake McCarthy OF Ian Happ OF Michael Conforto P Taj Bradley P JR Ritchie SS Mauricio Dubon,,,
615,5266574814,Leroy1976,0,82.8,1B Ildemaro Vargas 2B Ketel Marte 3B Jose Fernandez C Sean Murphy OF Ian Happ OF Michael Harris II OF Michael Conforto P Drew Rasmussen P Max Fried SS Mauricio Dubon,,,
615,5266599947,boys4,0,82.8,1B Sal Stewart 2B Ozzie Albies 3B Eugenio Suarez C Tyler Stephenson OF Ronald Acuna Jr. OF JJ Bleday OF Carlos Jorge P Drew Rasmussen P Max Fried SS Mauricio Dubon,,,
617,5266600805,Traveshamockery,0,82.5,1B Tim Tawa 2B Ketel Marte 3B Jose Fernandez C Agustin Ramirez OF Pete Crow-Armstrong OF Seiya Suzuki OF Michael Conforto P Sean Manaea P Yusei Kikuchi SS Dansby Swanson,,,
618,5266384400,TinyGiant99,0,82.45,1B Jake Burger 2B Ketel Marte 3B Nolan Arenado C Gabriel Moreno OF Ronald Acuna Jr. OF Corbin Carroll OF Jordan Lawlar P Shota Imanaga P Yusei Kikuchi SS Mauricio Dubon,,,
618,5266573228,stammr18,0,82.45,1B Miguel Vargas 2B Jared Serna 3B Maikel Garcia C Carter Jensen OF Pete Crow-Armstrong OF Carlos Jorge OF Nick Morabito P Max Fried P Shota Imanaga SS Ha-Seong Kim,,,
618,5266603374,cedstoo,0,82.45,1B Ben Rice 2B Pedro Ramirez 3B Nick Loftin C Austin Wells OF Yordan Alvarez OF Jake McCarthy OF Tommy Pham P Max Fried P Shota Imanaga SS Mauricio Dubon,,,
621,5266622844,bunit1388,0,82.4,1B Josh Bell 2B Ildemaro Vargas 3B Nolan Arenado C Jonah Heim OF Dominic Canzone OF Michael Harris II OF Troy Johnston P Logan Gilbert P Michael King SS Geraldo Perdomo,,,
622,5266580530,smashkid24,0,82.3,1B TJ Rumfield 2B Ketel Marte 3B Connor Norby C Gabriel Moreno OF Cole Carrigg OF Tim Tawa OF Jordan Lawlar P Shota Imanaga P JR Ritchie SS Corey Seager,,,
623,5266229212,JSB31,0,82.15,1B Ildemaro Vargas 2B Ozzie Albies 3B Miguel Vargas C Luis Torrens OF Ronald Acuna Jr. OF Henry Bolte OF Carlos Jorge P Taj Bradley P Shota Imanaga SS Mauricio Dubon,,,
623,5266263105,LTskelter,0,82.15,1B Sal Stewart 2B Ozzie Albies 3B Eugenio Suarez C Sean Murphy OF Ronald Acuna Jr. OF Michael Harris II OF JJ Bleday P Taj Bradley P Shota Imanaga SS Ha-Seong Kim,,,
623,5266544620,UrbaneArcher107,0,82.15,1B Jake Burger 2B Ketel Marte 3B Josh Jung C Gabriel Moreno OF Wyatt Langford OF Brandon Nimmo OF Jordan Lawlar P Taj Bradley P Shota Imanaga SS Corey Seager,,,
626,5266128786,PughShore50,0,82,1B Michael Busch 2B Chase Meidroth 3B Colson Montgomery C Drake Baldwin OF Jac Caglianone OF Cody Bellinger OF Julio Rodriguez P Shota Imanaga P Kyle Freeland SS Dansby Swanson,,,
626,5266659216,Mrhelo,0,82,1B Kyle Stowers 2B Javier Sanoja 3B Miguel Vargas C Ben Rice OF Heriberto Hernandez OF Turner Hill OF Bo Davidson P Logan Gilbert P Max Fried SS Otto Lopez,,,
628,5266487091,Shane35678,0,81.55,1B Miguel Vargas 2B Pedro Ramirez 3B Bo Bichette C Ben Rice OF Pete Crow-Armstrong OF Isaac Collins OF Bo Davidson P Max Fried P Michael Soroka SS Colson Montgomery,,,
629,5266242280,bmosley21,0,81.45,1B Ildemaro Vargas 2B Ozzie Albies 3B Austin Riley C Drake Baldwin OF Ronald Acuna Jr. OF Jordan Lawlar OF Mauricio Dubon P Max Fried P Shota Imanaga SS Geraldo Perdomo,,,
629,5266261755,rhemix,0,81.45,1B Jake Burger 2B Ildemaro Vargas 3B Josh Jung C Sean Murphy OF Ronald Acuna Jr. OF Corbin Carroll OF Jordan Lawlar P Max Fried P Shota Imanaga SS Geraldo Perdomo,,,
629,5266463009,neech74,0,81.45,1B Jake Burger 2B Justin Foscue 3B Josh Jung C Danny Jansen OF Ronald Acuna Jr. OF Wyatt Langford OF JJ Bleday P Max Fried P Shota Imanaga SS Elly De La Cruz,,,
629,5266588575,kingofviper01,0,81.45,1B Matt Olson 2B Ozzie Albies 3B Nolan Arenado C Drake Baldwin OF Ronald Acuna Jr. OF Jose Siri OF Tommy Pham P Max Fried P Shota Imanaga SS Ha-Seong Kim,,,
629,5266593295,AlphaSigma74,0,81.45,1B Miguel Vargas 2B Joshua Kuroda-Grauer 3B Nolan Arenado C Hunter Goodman OF Randy Arozarena OF Dominic Canzone OF Jordan Lawlar P Shota Imanaga P Yusei Kikuchi SS Ben Ross,,,
634,5266315372,jeffreyride,0,81.4,1B Matt Olson 2B Matt McLain 3B Nolan Arenado C Drake Baldwin OF Corbin Carroll OF Mickey Moniak OF Samad Taylor P Max Fried P Yusei Kikuchi SS Mauricio Dubon,,,
635,5266415381,8589,0,81.3,1B Sal Stewart 2B Pedro Ramirez 3B Brooks Lee C Yainer Diaz OF Pete Crow-Armstrong OF Josue De Paula OF Walker Jenkins P Taj Bradley P Daniel Lynch IV SS Dansby Swanson,,,
636,5266499101,Trendsetta513,0,81.25,1B Matt Olson 2B Ketel Marte 3B Austin Riley C Sean Murphy OF Ronald Acuna Jr. OF Henry Bolte OF Julio Rodriguez P Taj Bradley P Michael Soroka SS Ha-Seong Kim,,,
637,5266662182,megaruler,0,81.149994,1B Matt Olson 2B Ozzie Albies 3B Brock Rodden C Drake Baldwin OF Ronald Acuna Jr. OF JJ Bleday OF Carlos Jorge P Logan Gilbert P Michael Soroka SS Elly De La Cruz,,,
638,5266346633,hallitg,0,81.05,1B Sal Stewart 2B Ozzie Albies 3B Austin Riley C Drake Baldwin OF Dane Myers OF Hector Rodriguez OF Carlos Jorge P Logan Gilbert P Shota Imanaga SS Elly De La Cruz,,,
638,5266382311,riverbandit1,0,81.05,1B Jake Burger 2B Ozzie Albies 3B Nolan Arenado C Gabriel Moreno OF Dominic Canzone OF Wyatt Langford OF Mauricio Dubon P Logan Gilbert P Shota Imanaga SS Geraldo Perdomo,,,
638,5266638167,afranke,0,81.05,1B Sal Stewart 2B Ketel Marte 3B Eugenio Suarez C Tyler Stephenson OF JJ Bleday OF Jordan Lawlar OF Carlos Jorge P Logan Gilbert P Shota Imanaga SS Geraldo Perdomo,,,
641,5266616803,oozingmachismo,0,80.75,1B Jake Burger 2B Connor Norby 3B Josh Jung C Cal Raleigh OF Yordan Alvarez OF Wyatt Langford OF Ezequiel Duran P Shota Imanaga P Anthony Molina SS Corey Seager,,,
642,5266612081,louiswat,0,80.55,1B Josh Naylor 2B Ozzie Albies 3B Ryan McMahon C Ben Rice OF Seiya Suzuki OF Mickey Moniak OF Heriberto Hernandez P MacKenzie Gore P Sean Manaea SS Otto Lopez,,,
643,5265811666,SliceB,0,80.5,1B Jake Burger 2B Justin Foscue 3B Joshua Kuroda-Grauer C Hunter Goodman OF JJ Bleday OF Randal Grichuk OF Mauricio Dubon P Taj Bradley P Michael King SS Cole Carrigg,,,
643,5266391972,Dmoney361,0,80.5,1B Ildemaro Vargas 2B Ketel Marte 3B Josh Jung C Gabriel Moreno OF Corbin Carroll OF Wyatt Langford OF Tommy Pham P Shota Imanaga P MacKenzie Gore SS Corey Seager,,,
643,5266572272,mallen2010,0,80.5,1B Ildemaro Vargas 2B Ketel Marte 3B Nolan Arenado C Gabriel Moreno OF Ronald Acuna Jr. OF Michael Harris II OF Tommy Pham P Logan Gilbert P Cristian Javier SS Mauricio Dubon,,,
646,5266398569,berzaj23,0,80.45,1B Victor Caratini 2B Ketel Marte 3B Josh Jung C Gabriel Moreno OF Ronald Acuna Jr. OF Corbin Carroll OF Jordan Lawlar P Shota Imanaga P Yusei Kikuchi SS Geraldo Perdomo,,,
646,5266400107,Davidd0726,0,80.45,1B Jake Burger 2B Ketel Marte 3B Josh Jung C Gabriel Moreno OF Ronald Acuna Jr. OF Tommy Pham OF Carlos Jorge P Max Fried P Shota Imanaga SS Geraldo Perdomo,,,
648,5266181003,jordanh415,0,80.05,1B Ildemaro Vargas 2B Ozzie Albies 3B Nolan Arenado C Sean Murphy OF Ronald Acuna Jr. OF Corbin Carroll OF Walker Jenkins P Logan Gilbert P Shota Imanaga SS Mauricio Dubon,,,
649,5266557142,kornbills,0,80,1B Jake Burger 2B Ozzie Albies 3B Josh Jung C Drake Baldwin OF Pete Crow-Armstrong OF Mike Trout OF Wyatt Langford P Shota Imanaga P Kyle Freeland SS Otto Lopez,,,
650,5266564475,martini13,0,79.7,1B Munetaka Murakami 2B Kody Clemens 3B Brooks Lee C Cal Raleigh OF Dustin Harris OF Walker Jenkins OF Emmanuel Rodriguez P Taj Bradley P Logan Gilbert SS Ryan Kreidler,,,
651,5266239004,reichj29,0,79.65,1B TJ Rumfield 2B Connor Norby 3B Nolan Arenado C Hunter Goodman OF Corbin Carroll OF Tim Tawa OF Jordan Lawlar P Shota Imanaga P Daniel Lynch IV SS Geraldo Perdomo,,,
651,5266565945,Lucky_Larry,0,79.65,1B Ildemaro Vargas 2B Ketel Marte 3B Nolan Arenado C Gabriel Moreno OF Corbin Carroll OF Luke Keaschall OF Wyatt Langford P Shota Imanaga P Daniel Lynch IV SS Corey Seager,,,
653,5266588620,CaszhMoney,0,79.5,1B Ildemaro Vargas 2B Ketel Marte 3B Nick Loftin C Drake Baldwin OF Ronald Acuna Jr. OF Corbin Carroll OF Mauricio Dubon P Shota Imanaga P MacKenzie Gore SS Ha-Seong Kim,,,
654,5266364597,easy555,0,79.45,1B Ildemaro Vargas 2B Ketel Marte 3B Austin Riley C Gabriel Moreno OF Ronald Acuna Jr. OF Wyatt Langford OF Mauricio Dubon P Shota Imanaga P Yusei Kikuchi SS Geraldo Perdomo,,,
654,5266439933,robvaughan,0,79.45,1B Jake Burger 2B Ozzie Albies 3B Maikel Garcia C Drake Baldwin OF Wyatt Langford OF Dustin Harris OF Walker Jenkins P Max Fried P Shota Imanaga SS Bobby Witt Jr.,,,
654,5266447059,DougEFresh1212,0,79.45,1B Ildemaro Vargas 2B Ozzie Albies 3B Josh Jung C Drake Baldwin OF Ronald Acuna Jr. OF Luke Keaschall OF Wyatt Langford P Shota Imanaga P Yusei Kikuchi SS Bobby Witt Jr.,,,
654,5266668427,JORDAN224,0,79.45,1B Matt Olson 2B Ozzie Albies 3B Nolan Arenado C Gabriel Moreno OF Ronald Acuna Jr. OF Jackson Merrill OF Tim Tawa P Shota Imanaga P Yusei Kikuchi SS Mauricio Dubon,,,
658,5266474898,SpeedRacer101,0,79.15,1B Ty France 2B Kody Clemens 3B Brooks Lee C Victor Caratini OF Fernando Tatis Jr. OF Austin Hays OF Walker Jenkins P Taj Bradley P Shota Imanaga SS Ryan Kreidler,,,
658,5266621939,ldmariodl28,0,79.15,1B Matt Olson 2B Ozzie Albies 3B Austin Riley C Drake Baldwin OF Ronald Acuna Jr. OF Walker Jenkins OF Emmanuel Rodriguez P Taj Bradley P Shota Imanaga SS Ben Williamson,,,
660,5266298780,jah_586,0,79,1B Ildemaro Vargas 2B Ketel Marte 3B Bo Bichette C Gabriel Moreno OF Juan Soto OF Jordan Lawlar OF Tommy Pham P Logan Gilbert P Yusei Kikuchi SS Geraldo Perdomo,,,
661,5266138415,mickety,0,78.95,1B Josh Naylor 2B Ozzie Albies 3B Austin Riley C Cal Raleigh OF Seiya Suzuki OF Ian Happ OF Carson Benge P Shota Imanaga P Cristian Javier SS Jeremy Pena,,,
661,5266376120,jc000000,0,78.95,1B TJ Rumfield 2B Connor Norby 3B Nolan Arenado C Yainer Diaz OF Jake McCarthy OF Kyle Tucker OF Tommy Pham P Shota Imanaga P Cristian Javier SS Cole Carrigg,,,
663,5266577001,Futterstuff,0,78.85,1B Yandy Diaz 2B Connor Norby 3B Kyle Karros C Gabriel Moreno OF Ian Happ OF Wyatt Langford OF Ezequiel Duran P Logan Gilbert P JR Ritchie SS Geraldo Perdomo,,,
664,5266584244,jayrwebb,0,78.7,1B Vinnie Pasquantino 2B Connor Norby 3B Joshua Kuroda-Grauer C Gabriel Moreno OF Dominic Canzone OF Michael Conforto OF Dustin Harris P Taj Bradley P Logan Gilbert SS Mauricio Dubon,,,
665,5266564423,cubbiejack,0,78.65,1B Miguel Vargas 2B Pedro Ramirez 3B Austin Riley C Carson Kelly OF Pete Crow-Armstrong OF Ronald Acuna Jr. OF Tommy Edman P JR Ritchie P Anthony Kay SS Dansby Swanson,,,
666,5266132024,Bwilli1497,0,78.4,1B Paul Goldschmidt 2B Jose Altuve 3B Nolan Arenado C Ben Rice OF Pete Crow-Armstrong OF Andrew Benintendi OF Starling Marte P Max Fried P Yusei Kikuchi SS Xander Bogaerts,,,
667,5266178717,the4amigos,0,78.15,1B Jake Burger 2B Justin Foscue 3B Jake Cronenworth C Danny Jansen OF Ronald Acuna Jr. OF Cole Carrigg OF Mauricio Dubon P Taj Bradley P Shota Imanaga SS Geraldo Perdomo,,,
667,5266399260,mgo14,0,78.15,1B Jake Burger 2B Justin Foscue 3B Miguel Vargas C Jonah Heim OF Ronald Acuna Jr. OF Wyatt Langford OF Carlos Jorge P Taj Bradley P Shota Imanaga SS Geraldo Perdomo,,,
667,5266590180,jackson_0824,0,78.15,1B Jake Burger 2B Ketel Marte 3B Josh Jung C Gabriel Moreno OF Wyatt Langford OF Ezequiel Duran OF Jordan Lawlar P Taj Bradley P Shota Imanaga SS Corey Seager,,,
667,5266621613,camchris72,0,78.15,1B Jake Burger 2B Ketel Marte 3B Josh Jung C Gabriel Moreno OF Wyatt Langford OF Ezequiel Duran OF Jordan Lawlar P Taj Bradley P Shota Imanaga SS Corey Seager,,,
671,5266168584,charris3435,0,78.05,1B Jake Burger 2B Ketel Marte 3B Austin Riley C Shea Langeliers OF Corbin Carroll OF Jordan Lawlar OF Bo Davidson P Logan Gilbert P Shota Imanaga SS Geraldo Perdomo,,,
671,5266246856,mwr2001,0,78.05,1B Jake Burger 2B Ketel Marte 3B Austin Riley C Shea Langeliers OF Corbin Carroll OF Jordan Lawlar OF Bo Davidson P Logan Gilbert P Shota Imanaga SS Geraldo Perdomo,,,
671,5266656860,luckyyou208,0,78.05,1B Matt Olson 2B Ozzie Albies 3B Austin Riley C Gabriel Moreno OF Michael Harris II OF Jordan Lawlar OF Mauricio Dubon P Logan Gilbert P Shota Imanaga SS Geraldo Perdomo,,,
674,5266316215,LucaButt,0,77.95,1B Michael Busch 2B Ketel Marte 3B Nolan Arenado C Gabriel Moreno OF Pete Crow-Armstrong OF Seiya Suzuki OF Michael Conforto P MacKenzie Gore P Brady Basso SS Ha-Seong Kim,,,
674,5266404976,austin60915,0,77.95,1B TJ Rumfield 2B Connor Norby 3B Kyle Karros C Drake Baldwin OF Michael Harris II OF Zac Veen OF Mauricio Dubon P Taj Bradley P JR Ritchie SS Cole Carrigg,,,
676,5266368830,defsoad,0,77.45,1B Ildemaro Vargas 2B Ketel Marte 3B Austin Riley C Gabriel Moreno OF Ronald Acuna Jr. OF Tim Tawa OF Jordan Lawlar P Max Fried P Shota Imanaga SS Ha-Seong Kim,,,
676,5266660935,Jaybo04,0,77.45,1B Matt Olson 2B Ozzie Albies 3B Josh Jung C Cal Raleigh OF Jake McCarthy OF Michael Conforto OF Randal Grichuk P MacKenzie Gore P Yusei Kikuchi SS Bobby Witt Jr.,,,
678,5266569194,GreatTabbarinos,0,77.3,1B Michael Busch 2B Pedro Ramirez 3B Colson Montgomery C Carter Jensen OF Seiya Suzuki OF Jac Caglianone OF Michael Conforto P Shota Imanaga P JR Ritchie SS Corey Seager,,,
679,5266173585,LOCNOTM,0,77.15,1B Royce Lewis 2B Kody Clemens 3B Brooks Lee C Drake Baldwin OF Ronald Acuna Jr. OF Luke Keaschall OF Emmanuel Rodriguez P Taj Bradley P Shota Imanaga SS Ha-Seong Kim,,,
679,5266455869,swaggybees,0,77.15,1B Jake Burger 2B Ozzie Albies 3B Josh Jung C Drake Baldwin OF Ronald Acuna Jr. OF Wyatt Langford OF Michael Harris II P Taj Bradley P Shota Imanaga SS Mauricio Dubon,,,
679,5266511315,jrancor22,0,77.15,1B Jake Burger 2B Ozzie Albies 3B Josh Jung C Drake Baldwin OF Ronald Acuna Jr. OF Wyatt Langford OF Michael Harris II P Taj Bradley P Shota Imanaga SS Mauricio Dubon,,,
682,5266629962,dmann8888,0,77.1,1B Ty France 2B Kody Clemens 3B Brooks Lee C Will Smith OF Ronald Acuna Jr. OF Michael Harris II OF Mauricio Dubon P Taj Bradley P Yusei Kikuchi SS Xander Bogaerts,,,
683,5266651906,Zombie333,0,76.95,1B Sal Stewart 2B Ozzie Albies 3B Austin Riley C Drake Baldwin OF Ronald Acuna Jr. OF Mauricio Dubon OF Carlos Jorge P Shota Imanaga P Cristian Javier SS Elly De La Cruz,,,
684,5266527560,massajmike,0,76.85,1B Miguel Vargas 2B Ketel Marte 3B Nolan Arenado C Gabriel Moreno OF Wyatt Langford OF Ezequiel Duran OF Mauricio Dubon P Logan Gilbert P JR Ritchie SS Colson Montgomery,,,
685,5266588813,makeitrainonem,0,76.8,1B Matt Olson 2B Ildemaro Vargas 3B Nolan Arenado C Drake Baldwin OF Ronald Acuna Jr. OF Michael Harris II OF Samad Taylor P Max Fried P Anthony Kay SS Mauricio Dubon,,,
686,5266504081,Swidb,0,76.7,1B Deyvison De Los Santos 2B Kody Clemens 3B Javier Sanoja C Agustin Ramirez OF Luke Keaschall OF Heriberto Hernandez OF Emmanuel Rodriguez P Taj Bradley P Logan Gilbert SS Otto Lopez,,,
687,5266111830,jimmypoot,0,76.6,1B Matt Olson 2B Ozzie Albies 3B Josh Jung C Drake Baldwin OF Ronald Acuna Jr. OF Michael Harris II OF Josue De Paula P Taj Bradley P Cristian Javier SS Corey Seager,,,
688,5266550672,thehoogs,0,76.45,1B Jake Burger 2B Ketel Marte 3B Bo Bichette C Gabriel Moreno OF Ronald Acuna Jr. OF Ian Happ OF Jordan Lawlar P Shota Imanaga P Yusei Kikuchi SS Geraldo Perdomo,,,
688,5266628469,rjcooper30,0,76.45,1B Michael Busch 2B Pedro Ramirez 3B Bo Bichette C Drew Cavanaugh OF Pete Crow-Armstrong OF Seiya Suzuki OF Wyatt Langford P Shota Imanaga P Yusei Kikuchi SS Nico Hoerner,,,
688,5266631133,Bones1212,0,76.45,1B Ildemaro Vargas 2B Ketel Marte 3B Nolan Arenado C Elias Diaz OF Ronald Acuna Jr. OF Wyatt Langford OF Carlos Jorge P Max Fried P Shota Imanaga SS Corey Seager,,,
691,5266173589,mathyewjoeza,0,76.15,1B Jake Burger 2B Ketel Marte 3B Josh Jung C Shea Langeliers OF Wyatt Langford OF Tim Tawa OF Ezequiel Duran P Taj Bradley P MacKenzie Gore SS Corey Seager,,,
691,5266414489,spamamoto,0,76.15,1B Jake Burger 2B Justin Foscue 3B Josh Jung C Drake Baldwin OF Ronald Acuna Jr. OF Wyatt Langford OF Michael Harris II P Taj Bradley P Shota Imanaga SS Corey Seager,,,
691,5266520984,duvalx5959,0,76.15,1B Jake Burger 2B Justin Foscue 3B Josh Jung C Drake Baldwin OF Ronald Acuna Jr. OF Wyatt Langford OF Michael Harris II P Taj Bradley P Shota Imanaga SS Corey Seager,,,
694,5266290158,DrizzyBars,0,76.05,1B Ildemaro Vargas 2B Ozzie Albies 3B Nolan Arenado C Sean Murphy OF Ronald Acuna Jr. OF Corbin Carroll OF Michael Harris II P Logan Gilbert P Shota Imanaga SS Ha-Seong Kim,,,
695,5266285851,Bumz10,0,76,1B Jake Burger 2B Ketel Marte 3B Nolan Arenado C Gabriel Moreno OF Ronald Acuna Jr. OF JJ Bleday OF Jordan Lawlar P Logan Gilbert P Yusei Kikuchi SS Geraldo Perdomo,,,
695,5266603196,TheoTruthDFS,0,76,1B TJ Rumfield 2B Ketel Marte 3B Nolan Arenado C Gabriel Moreno OF Jake McCarthy OF Tim Tawa OF Jordan Lawlar P Anthony Kay P Daniel Lynch IV SS Elly De La Cruz,,,
697,5266145685,SoCalTally,0,75.85,1B Tim Tawa 2B Jose Altuve 3B Ezequiel Duran C Elias Diaz OF Corbin Carroll OF Jackson Merrill OF Wyatt Langford P Shota Imanaga P Michael King SS Geraldo Perdomo,,,
697,5266248103,meodette,0,75.85,1B Vaughn Grissom 2B Ozzie Albies 3B Jose Fernandez C Drake Baldwin OF Mike Trout OF Ronald Acuna Jr. OF Michael Harris II P Logan Gilbert P JR Ritchie SS Ha-Seong Kim,,,
697,5266336849,valintino85,0,75.85,1B Jake Burger 2B Justin Foscue 3B Zack Gelof C Shea Langeliers OF Henry Bolte OF Wyatt Langford OF Ezequiel Duran P Shota Imanaga P Michael King SS Corey Seager,,,
700,5266660224,JoshuaGabby,0,75.8,1B Luis Garcia Jr. 2B Jazz Chisholm Jr. 3B Junior Caminero C Austin Wells OF Cody Bellinger OF Jonny DeLuca OF Bo Davidson P Drew Rasmussen P Max Fried SS George Lombard Jr.,,,
701,5266336066,RedWolf5115,0,75.65,1B Tim Tawa 2B Ildemaro Vargas 3B Kyle Karros C Gabriel Moreno OF Corbin Carroll OF Mickey Moniak OF Jordan Lawlar P Shota Imanaga P Daniel Lynch IV SS Cole Carrigg,,,
702,5266646619,ryanstitan,0,75.45,1B Michael Busch 2B Jake Cronenworth 3B Josh Jung C Carson Kelly OF Pete Crow-Armstrong OF Seiya Suzuki OF Wyatt Langford P Shota Imanaga P Yusei Kikuchi SS Corey Seager,,,
703,5265512849,Cfw828,0,75.3,1B Jake Burger 2B Nico Hoerner 3B Ryan McMahon C Ben Rice OF Pete Crow-Armstrong OF Teoscar Hernandez OF Dominic Canzone P Shota Imanaga P JR Ritchie SS Mauricio Dubon,,,
704,5266089372,sportsfanatic89,0,75.15,1B Tim Tawa 2B Ketel Marte 3B Austin Riley C Sean Murphy OF Ronald Acuna Jr. OF Corbin Carroll OF Jordan Lawlar P Taj Bradley P Shota Imanaga SS Ha-Seong Kim,,,
704,5266584833,deathmetalbob,0,75.15,1B Jake Burger 2B Joshua Kuroda-Grauer 3B Josh Jung C Gabriel Moreno OF Corbin Carroll OF Wyatt Langford OF Ezequiel Duran P Taj Bradley P Shota Imanaga SS Corey Seager,,,
704,5266642121,pkondrak,0,75.15,1B Jake Burger 2B Justin Foscue 3B Josh Jung C Carter Jensen OF Fernando Tatis Jr. OF Wyatt Langford OF Brandon Nimmo P Taj Bradley P Shota Imanaga SS J.P. Crawford,,,
707,5266198736,JohnnyCrash5,0,75.05,1B Ildemaro Vargas 2B Ketel Marte 3B Jose Fernandez C Jonah Heim OF Tim Tawa OF Jordan Lawlar OF Carlos Jorge P Logan Gilbert P Shota Imanaga SS Zach Neto,,,
707,5266238469,joe_mac10,0,75.05,1B Miguel Vargas 2B Ketel Marte 3B Nolan Arenado C Sean Murphy OF Cody Bellinger OF Jordan Lawlar OF Chandler Simpson P Logan Gilbert P Shota Imanaga SS George Lombard Jr.,,,
707,5266248869,Grandpakids,0,75.05,1B Deyvison De Los Santos 2B Ozzie Albies 3B Josh Jung C Sean Murphy OF Pete Crow-Armstrong OF Wyatt Langford OF Walker Jenkins P Logan Gilbert P Shota Imanaga SS Bobby Witt Jr.,,,
707,5266630495,ideagirl13,0,75.05,1B Jake Burger 2B Ketel Marte 3B Nolan Arenado C Gabriel Moreno OF Wyatt Langford OF Brandon Nimmo OF Jordan Lawlar P Logan Gilbert P Shota Imanaga SS Corey Seager,,,
711,5266539263,jeffylube,0,74.95,1B Jake Burger 2B Ozzie Albies 3B Nolan Arenado C Shea Langeliers OF Ronald Acuna Jr. OF Corbin Carroll OF Wyatt Langford P Shota Imanaga P Cristian Javier SS Corey Seager,,,
712,5266432489,brolikbeast,0,74.85,1B Jake Burger 2B Ketel Marte 3B Nolan Arenado C Tyler Stephenson OF Jake McCarthy OF Teoscar Hernandez OF Lars Nootbaar P Shota Imanaga P Anthony Kay SS Jeremy Pena,,,
713,5266474229,ggone400,0,74.7,1B Freddie Freeman 2B Ketel Marte 3B Max Muncy C Gabriel Moreno OF Fernando Tatis Jr. OF Tommy Edman OF Michael Conforto P Anthony Molina P Yusei Kikuchi SS Ha-Seong Kim,,,
714,5266617533,fatatb11,0,74.6,1B Tommy White 2B Joshua Kuroda-Grauer 3B Max Muncy C Shea Langeliers OF Kyle Tucker OF Henry Bolte OF Denzel Clarke P Taj Bradley P Cristian Javier SS Mookie Betts,,,
715,5266403120,Walden521,0,74.45,1B TJ Rumfield 2B Chase Meidroth 3B Ryan McMahon C Jonah Heim OF Jake McCarthy OF Cole Carrigg OF Spencer Jones P Max Fried P Shota Imanaga SS George Lombard Jr.,,,
715,5266626697,mollyballs,0,74.45,1B Matt Olson 2B Ozzie Albies 3B Yandy Diaz C Sean Murphy OF Ronald Acuna Jr. OF Michael Harris II OF Andy Pages P Shota Imanaga P Yusei Kikuchi SS Mookie Betts,,,
717,5265943615,andrewran,0,74.15,1B Royce Lewis 2B Ozzie Albies 3B Ezequiel Duran C Ryan Jeffers OF Henry Bolte OF Julio Rodriguez OF Troy Johnston P Taj Bradley P Shota Imanaga SS J.P. Crawford,,,
717,5266265342,Gmenblitzers,0,74.15,1B Ildemaro Vargas 2B Ketel Marte 3B Miguel Vargas C Elias Diaz OF Wyatt Langford OF Ezequiel Duran OF Brandon Nimmo P Taj Bradley P MacKenzie Gore SS Corey Seager,,,
719,5266608081,xseanx413x,0,74.05,1B Jake Burger 2B Ozzie Albies 3B Josh Jung C Drake Baldwin OF Luke Keaschall OF Wyatt Langford OF Walker Jenkins P Logan Gilbert P Shota Imanaga SS Bobby Witt Jr.,,,
720,5266550103,c_losonic22,0,74,1B Ildemaro Vargas 2B Ketel Marte 3B Joshua Kuroda-Grauer C Jonah Heim OF Henry Bolte OF Lawrence Butler OF Denzel Clarke P Logan Gilbert P Max Fried SS Geraldo Perdomo,,,
720,5266616753,MOE_70S,0,74,1B Munetaka Murakami 2B Pedro Ramirez 3B Javier Sanoja C Carter Jensen OF Jonah Cox OF JJ Bleday OF A.J. Ewing P Logan Gilbert P Max Fried SS Colson Montgomery,,,
722,5266232167,Billyboy10,0,73.95,1B Freddie Freeman 2B Ketel Marte 3B Josh Jung C Will Smith OF Teoscar Hernandez OF Dustin Harris OF Andy Pages P Shota Imanaga P Cristian Javier SS Corey Seager,,,
723,5266443666,Paulo21613,0,73.9,1B Ildemaro Vargas 2B Ketel Marte 3B Jose Fernandez C Gabriel Moreno OF Corbin Carroll OF Heriberto Hernandez OF Brice Matthews P Max Fried P Cristian Javier SS Otto Lopez,,,
724,5266613834,Whoson1st66,0,73.65,1B Ty France 2B Ildemaro Vargas 3B Maikel Garcia C Shea Langeliers OF Henry Bolte OF Wyatt Langford OF Austin Hays P Shota Imanaga P Daniel Lynch IV SS Bobby Witt Jr.,,,
725,5266220711,stiggy24,0,73.45,1B Jake Burger 2B Justin Foscue 3B Jose Fernandez C Sean Murphy OF Ronald Acuna Jr. OF JJ Bleday OF Jordan Lawlar P Max Fried P Shota Imanaga SS Elly De La Cruz,,,
726,5266638363,judd151,0,73.2,1B Ildemaro Vargas 2B Fernando Tatis Jr. 3B Nolan Arenado C Gabriel Moreno OF Jose Siri OF Dustin Harris OF Nick Loftin P Logan Gilbert P Daniel Lynch IV SS Mookie Betts,,,
727,5266347338,kwwagner1142,0,73.15,1B Jake Burger 2B Justin Foscue 3B Josh Jung C Shea Langeliers OF Ronald Acuna Jr. OF Wyatt Langford OF Mauricio Dubon P Taj Bradley P Shota Imanaga SS Corey Seager,,,
727,5266595260,andymilligan3,0,73.15,1B Jake Burger 2B Justin Foscue 3B Josh Jung C Gabriel Moreno OF Ronald Acuna Jr. OF Wyatt Langford OF Jordan Lawlar P Taj Bradley P Shota Imanaga SS Corey Seager,,,
729,5266582289,BendItLikeBeckhamJr,0,73.1,1B Jake Burger 2B Ketel Marte 3B Miguel Vargas C Drew Cavanaugh OF Corbin Carroll OF Michael Harris II OF Bo Davidson P Taj Bradley P Max Fried SS Corey Seager,,,
730,5266453896,Astros7,0,73.05,1B Josh Naylor 2B Ildemaro Vargas 3B Nolan Arenado C Danny Jansen OF Cody Bellinger OF Julio Rodriguez OF Dominic Canzone P Logan Gilbert P Shota Imanaga SS Corey Seager,,,
731,5266123817,rikyrotten,0,72.85,1B Mark Vientos 2B Nico Hoerner 3B Ezequiel Duran C Victor Caratini OF Mike Trout OF Wyatt Langford OF Mauricio Dubon P Shota Imanaga P Michael King SS Zach Neto,,,
732,5266343432,SLBMLightshow,0,72.7,1B Matt Olson 2B Ozzie Albies 3B Austin Riley C Yainer Diaz OF Ronald Acuna Jr. OF Jose Siri OF Mauricio Dubon P Max Fried P Anthony Molina SS Zach Neto,,,
732,5266517262,Fishnaked,0,72.7,1B Ryan Vilade 2B Ketel Marte 3B Denzer Guzman C Sean Murphy OF Jake McCarthy OF Corbin Carroll OF Tommy Pham P Taj Bradley P Logan Gilbert SS George Lombard Jr.,,,
734,5266401413,bposluszny,0,72.55,1B Jake Burger 2B Jared Serna 3B Josh Jung C Drake Baldwin OF Pete Crow-Armstrong OF Randy Arozarena OF Chandler Simpson P Logan Gilbert P Kyle Freeland SS Elly De La Cruz,,,
734,5266665545,bipper,0,72.55,1B Matt Olson 2B Ozzie Albies 3B Jose Fernandez C Drake Baldwin OF Ronald Acuna Jr. OF Corbin Carroll OF Jordan Lawlar P Shota Imanaga P Sean Manaea SS Ha-Seong Kim,,,
736,5266473115,Patrick_Irish,0,72.2,1B Jake Burger 2B Ildemaro Vargas 3B Nolan Arenado C Gabriel Moreno OF Pete Crow-Armstrong OF Wyatt Langford OF Bo Davidson P Logan Gilbert P Daniel Lynch IV SS Bobby Witt Jr.,,,
736,5266595018,rsanetra7,0,72.2,1B Paul Goldschmidt 2B Fernando Tatis Jr. 3B Colson Montgomery C Drake Baldwin OF Pete Crow-Armstrong OF Henry Bolte OF Tommy Pham P Anthony Molina P Cristian Javier SS Corey Seager,,,
738,5266539137,bengra99,0,72.15,1B Matt Olson 2B Ozzie Albies 3B Jose Fernandez C Drake Baldwin OF Corbin Carroll OF Jordan Lawlar OF Mauricio Dubon P Taj Bradley P Shota Imanaga SS Ha-Seong Kim,,,
739,5266175362,jake0021,0,72.05,1B Jake Burger 2B Jake Cronenworth 3B Nolan Arenado C Gabriel Moreno OF Ronald Acuna Jr. OF Ian Happ OF Tommy Pham P Logan Gilbert P Shota Imanaga SS Nico Hoerner,,,
740,5266656241,Bulld88,0,72,1B Ildemaro Vargas 2B Ozzie Albies 3B Josh Jung C Shea Langeliers OF Ronald Acuna Jr. OF Wyatt Langford OF Turner Hill P Drew Rasmussen P Daniel Lynch IV SS Bobby Witt Jr.,,,
741,5266642631,Mcleon1968,0,71.9,1B Ben Rice 2B Jazz Chisholm Jr. 3B Nolan Arenado C Gabriel Moreno OF Cody Bellinger OF JJ Bleday OF Spencer Jones P Max Fried P Cristian Javier SS George Lombard Jr.,,,
742,5266318081,joshuaframe,0,71.85,1B Jake Burger 2B Justin Foscue 3B Josh Jung C Gabriel Moreno OF Juan Soto OF Carson Benge OF Wyatt Langford P Shota Imanaga P Michael King SS Corey Seager,,,
742,5266434195,michaelshodson,0,71.85,1B Ildemaro Vargas 2B Ozzie Albies 3B Austin Riley C Drake Baldwin OF Ronald Acuna Jr. OF Corbin Carroll OF Mauricio Dubon P Logan Gilbert P JR Ritchie SS Geraldo Perdomo,,,
744,5265554061,Schoey17,0,71.399994,1B Matt Olson 2B Ozzie Albies 3B Austin Riley C Shea Langeliers OF Ronald Acuna Jr. OF Henry Bolte OF Bo Davidson P Drew Rasmussen P Logan Gilbert SS Ha-Seong Kim,,,
745,5266567000,flanders21,0,71.35,1B Munetaka Murakami 2B Ketel Marte 3B Miguel Vargas C Drake Baldwin OF Ian Happ OF Wyatt Langford OF Michael Harris II P Anthony Kay P Kyle Freeland SS Bobby Witt Jr.,,,
746,5266565614,gogosox2005,0,71.3,1B Ty France 2B Fernando Tatis Jr. 3B Miguel Vargas C Jonah Heim OF Samad Taylor OF Michael Conforto OF Randal Grichuk P Logan Gilbert P Anthony Molina SS J.P. Crawford,,,
747,5266396448,Timnorwood,0,71.2,1B Ildemaro Vargas 2B Ozzie Albies 3B Nolan Arenado C Shea Langeliers OF Corbin Carroll OF Luke Keaschall OF Emmanuel Rodriguez P Logan Gilbert P Daniel Lynch IV SS Bobby Witt Jr.,,,
748,5266233864,thegoose555,0,71.15,1B Matt Olson 2B Ozzie Albies 3B Austin Riley C Drake Baldwin OF Ronald Acuna Jr. OF Braden Montgomery OF Tommy Pham P Taj Bradley P Shota Imanaga SS Colson Montgomery,,,
749,5265885910,smoothmomentum,0,71.05,1B Jake Burger 2B Fernando Tatis Jr. 3B Joshua Kuroda-Grauer C Will Smith OF JJ Bleday OF Jordan Lawlar OF Drew Gilbert P Logan Gilbert P Shota Imanaga SS Geraldo Perdomo,,,
749,5266221860,pearale,0,71.05,1B Jake Burger 2B Ketel Marte 3B Josh Jung C Shea Langeliers OF Corbin Carroll OF Michael Harris II OF JJ Bleday P Logan Gilbert P Shota Imanaga SS Ha-Seong Kim,,,
749,5266668072,Adamman08,0,71.05,1B Salvador Perez 2B Nico Hoerner 3B Ezequiel Duran C Tyler Stephenson OF Ronald Acuna Jr. OF Tommy Edman OF Michael Harris II P Logan Gilbert P Shota Imanaga SS Colson Montgomery,,,
752,5266283533,Dogs498,0,71,1B Ildemaro Vargas 2B Ozzie Albies 3B Josh Jung C Sean Murphy OF Luke Keaschall OF Wyatt Langford OF Dustin Harris P Logan Gilbert P Max Fried SS Elly De La Cruz,,,
752,5266476812,jmerling26,0,71,1B Ildemaro Vargas 2B Ozzie Albies 3B Josh Jung C Drake Baldwin OF Ronald Acuna Jr. OF Luke Keaschall OF Walker Jenkins P Logan Gilbert P Yusei Kikuchi SS Bobby Witt Jr.,,,
754,5266442587,bdoz1993,0,70.85,1B TJ Rumfield 2B Ketel Marte 3B Jose Fernandez C Gabriel Moreno OF Corbin Carroll OF Jose Siri OF Bryce Teodosio P Shota Imanaga P Anthony Kay SS Geraldo Perdomo,,,
755,5266425500,blozano9,0,70.45,1B Ildemaro Vargas 2B Ketel Marte 3B Jose Fernandez C Gabriel Moreno OF Wyatt Langford OF Spencer Jones OF Heliot Ramos P Max Fried P Shota Imanaga SS Mauricio Dubon,,,
756,5266453128,IAMthatIAM12,0,70.25,1B Ty France 2B Fernando Tatis Jr. 3B Brooks Lee C Sean Murphy OF Randy Arozarena OF Ronald Acuna Jr. OF Michael Harris II P JR Ritchie P Yusei Kikuchi SS Francisco Lindor,,,
757,5266384227,iluverica,0,70.15,1B Jake Burger 2B Justin Foscue 3B Josh Jung C Gabriel Moreno OF Corbin Carroll OF Wyatt Langford OF Jordan Lawlar P Taj Bradley P MacKenzie Gore SS Corey Seager,,,
758,5266172428,HypeBigelow,0,70.05,1B Jake Burger 2B Ketel Marte 3B Nolan Arenado C Gabriel Moreno OF Corbin Carroll OF Dustin Harris OF Bo Davidson P Logan Gilbert P Shota Imanaga SS Corey Seager,,,
758,5266201131,ruckness815,0,70.05,1B Jake Burger 2B Ketel Marte 3B Joshua Kuroda-Grauer C Gabriel Moreno OF Corbin Carroll OF Tommy Pham OF Carlos Jorge P Logan Gilbert P Shota Imanaga SS Geraldo Perdomo,,,
758,5266208157,MartyParty323,0,70.05,1B Jake Burger 2B Ketel Marte 3B Joshua Kuroda-Grauer C Gabriel Moreno OF Corbin Carroll OF Tommy Pham OF Carlos Jorge P Logan Gilbert P Shota Imanaga SS Geraldo Perdomo,,,
758,5266415944,FurrShizzle,0,70.05,1B Jake Burger 2B Ketel Marte 3B Joshua Kuroda-Grauer C Gabriel Moreno OF Corbin Carroll OF Tommy Pham OF Carlos Jorge P Logan Gilbert P Shota Imanaga SS Geraldo Perdomo,,,
758,5266435580,bfowler0419,0,70.05,1B Jake Burger 2B Ketel Marte 3B Joshua Kuroda-Grauer C Gabriel Moreno OF Corbin Carroll OF Tommy Pham OF Carlos Jorge P Logan Gilbert P Shota Imanaga SS Geraldo Perdomo,,,
758,5266453167,Chunkyblue,0,70.05,1B Jake Burger 2B Ketel Marte 3B Joshua Kuroda-Grauer C Gabriel Moreno OF Corbin Carroll OF Tommy Pham OF Carlos Jorge P Logan Gilbert P Shota Imanaga SS Geraldo Perdomo,,,
758,5266455075,Woods24,0,70.05,1B Jake Burger 2B Ketel Marte 3B Joshua Kuroda-Grauer C Gabriel Moreno OF Corbin Carroll OF Tommy Pham OF Carlos Jorge P Logan Gilbert P Shota Imanaga SS Geraldo Perdomo,,,
758,5266511376,ChazzDaMan2020,0,70.05,1B Jake Burger 2B Ketel Marte 3B Joshua Kuroda-Grauer C Gabriel Moreno OF Corbin Carroll OF Tommy Pham OF Carlos Jorge P Logan Gilbert P Shota Imanaga SS Geraldo Perdomo,,,
758,5266569612,jacks666,0,70.05,1B Jake Burger 2B Ketel Marte 3B Joshua Kuroda-Grauer C Gabriel Moreno OF Corbin Carroll OF Tommy Pham OF Carlos Jorge P Logan Gilbert P Shota Imanaga SS Geraldo Perdomo,,,
758,5266582956,pigskin23,0,70.05,1B Jake Burger 2B Ketel Marte 3B Joshua Kuroda-Grauer C Gabriel Moreno OF Corbin Carroll OF Tommy Pham OF Carlos Jorge P Logan Gilbert P Shota Imanaga SS Geraldo Perdomo,,,
758,5266659831,howudewin,0,70.05,1B Jake Burger 2B Ketel Marte 3B Joshua Kuroda-Grauer C Gabriel Moreno OF Corbin Carroll OF Tommy Pham OF Carlos Jorge P Logan Gilbert P Shota Imanaga SS Geraldo Perdomo,,,
758,5266667956,Handcuff2006,0,70.05,1B Jake Burger 2B Ketel Marte 3B Joshua Kuroda-Grauer C Gabriel Moreno OF Corbin Carroll OF Tommy Pham OF Carlos Jorge P Logan Gilbert P Shota Imanaga SS Geraldo Perdomo,,,
770,5266228079,Yasz15,0,69.85,1B Matt Olson 2B Ozzie Albies 3B Connor Norby C Drake Baldwin OF Troy Johnston OF JJ Bleday OF Ezequiel Duran P Shota Imanaga P Michael King SS Otto Lopez,,,
771,5266609574,Cbron1523,0,69.5,1B Michael Busch 2B Pedro Ramirez 3B Max Muncy C Austin Wells OF Pete Crow-Armstrong OF Dane Myers OF Michael Conforto P Taj Bradley P Anthony Kay SS Dansby Swanson,,,
772,5266633589,lakaida,0,69.45,1B Jake Burger 2B Ozzie Albies 3B Austin Riley C Carter Jensen OF Pete Crow-Armstrong OF Wyatt Langford OF Michael Harris II P Max Fried P MacKenzie Gore SS Ben Williamson,,,
773,5266461233,wmfloyd43,0,69.3,1B Ty France 2B Fernando Tatis Jr. 3B Manny Machado C Drake Baldwin OF Jackson Merrill OF Michael Harris II OF Dustin Harris P Shota Imanaga P JR Ritchie SS Ha-Seong Kim,,,
774,5265766463,hondo777,0,69.15,1B Jake Burger 2B Ketel Marte 3B Josh Jung C Luke Maile OF Pete Crow-Armstrong OF Wyatt Langford OF Ezequiel Duran P Taj Bradley P MacKenzie Gore SS Corey Seager,,,
774,5266643052,scn462,0,69.15,1B Jake Burger 2B Jared Serna 3B Brock Rodden C Cal Raleigh OF Randy Arozarena OF Kyle Tucker OF Julio Rodriguez P Taj Bradley P Shota Imanaga SS Mauricio Dubon,,,
776,5266433476,spouje02,0,69.05,1B Miguel Vargas 2B Nico Hoerner 3B Josh Jung C Carter Jensen OF Wyatt Langford OF Samad Taylor OF Josue De Paula P Logan Gilbert P Shota Imanaga SS George Lombard Jr.,,,
777,5266551299,devastato,0,68.8,1B Michael Busch 2B Jake Cronenworth 3B Brooks Lee C Drake Baldwin OF Pete Crow-Armstrong OF Ronald Acuna Jr. OF Michael Harris II P Anthony Kay P Yusei Kikuchi SS Xander Bogaerts,,,
778,5266239813,MileHighMadman,0,68.65,1B TJ Rumfield 2B Ketel Marte 3B Kyle Karros C Gabriel Moreno OF Jake McCarthy OF Cole Carrigg OF Jordan Lawlar P JR Ritchie P Anthony Kay SS Geraldo Perdomo,,,
778,5266301954,66Pens,0,68.65,1B Jake Burger 2B Ketel Marte 3B Josh Jung C Gabriel Moreno OF Yordan Alvarez OF Julio Rodriguez OF Wyatt Langford P MacKenzie Gore P Daniel Lynch IV SS Geraldo Perdomo,,,
780,5266136628,Mitchellski,0,68.45,1B Salvador Perez 2B Ozzie Albies 3B Maikel Garcia C Cal Raleigh OF Ronald Acuna Jr. OF JJ Bleday OF Drew Gilbert P Shota Imanaga P Yusei Kikuchi SS Bobby Witt Jr.,,,
781,5266219360,Jerry2044,0,68.25,1B Ben Rice 2B Pedro Ramirez 3B Miguel Vargas C Ryan Jeffers OF Kyle Tucker OF Josue De Paula OF Spencer Jones P JR Ritchie P Yusei Kikuchi SS Bobby Witt Jr.,,,
782,5266440605,jmjones69,0,68.05,1B Jake Burger 2B Justin Foscue 3B Josh Jung C Shea Langeliers OF Henry Bolte OF Wyatt Langford OF Brandon Nimmo P Logan Gilbert P Shota Imanaga SS Francisco Lindor,,,
782,5266551526,mello610,0,68.05,1B Matt Olson 2B Justin Foscue 3B Nolan Arenado C Austin Wells OF Ronald Acuna Jr. OF Corbin Carroll OF Chandler Simpson P Logan Gilbert P Shota Imanaga SS George Lombard Jr.,,,
784,5266584556,WHITGAR,0,67.7,1B Jake Burger 2B Ildemaro Vargas 3B Austin Riley C Tyler Stephenson OF Kyle Tucker OF Jordan Lawlar OF Mauricio Dubon P Taj Bradley P Logan Gilbert SS Mookie Betts,,,
785,5266339870,ManCity35,0,67.1,1B TJ Rumfield 2B Kody Clemens 3B Kyle Karros C Agustin Ramirez OF Jake McCarthy OF Troy Johnston OF Walker Jenkins P Taj Bradley P Yusei Kikuchi SS Cole Carrigg,,,
786,5266227867,goofybh207,0,67.05,1B Jake Burger 2B Ketel Marte 3B Nolan Arenado C Sean Murphy OF Ronald Acuna Jr. OF Michael Harris II OF Jordan Lawlar P Logan Gilbert P Shota Imanaga SS Corey Seager,,,
786,5266390881,JRaab,0,67.05,1B Ildemaro Vargas 2B Ozzie Albies 3B Josh Jung C Sean Murphy OF Ronald Acuna Jr. OF Luke Keaschall OF Wyatt Langford P Logan Gilbert P Shota Imanaga SS Maikel Garcia,,,
786,5266577831,Bears214,0,67.05,1B Matt Olson 2B Ozzie Albies 3B Austin Riley C Shea Langeliers OF Ronald Acuna Jr. OF Michael Harris II OF Carlos Jorge P Logan Gilbert P Shota Imanaga SS Alika Williams,,,
789,5266574512,BleedORANGE,0,66.95,1B Moises Ballesteros 2B Christian Moore 3B Max Muncy C Will Smith OF Cole Carrigg OF Kyle Tucker OF Ezequiel Duran P MacKenzie Gore P Cristian Javier SS Mookie Betts,,,
790,5266245677,frisbeediver,0,66.85,1B Ildemaro Vargas 2B Ozzie Albies 3B Austin Riley C Sean Murphy OF Ronald Acuna Jr. OF Corbin Carroll OF Mauricio Dubon P Shota Imanaga P Michael King SS Geraldo Perdomo,,,
791,5266545684,DBShire18,0,66.45,1B Luis Garcia Jr. 2B Jose Altuve 3B Colson Montgomery C Carson Kelly OF Cody Bellinger OF Ian Happ OF Michael Harris II P Max Fried P Shota Imanaga SS George Lombard Jr.,,,
792,5266301922,camiguin2023,0,65.85,1B Jake Burger 2B Justin Foscue 3B Jake Cronenworth C Luis Campusano OF Ronald Acuna Jr. OF JJ Bleday OF Michael Conforto P Shota Imanaga P Michael King SS Elly De La Cruz,,,
793,5266416477,biglas,0,65.8,1B Jake Burger 2B Jose Altuve 3B Max Muncy C Will Smith OF Pete Crow-Armstrong OF Randy Arozarena OF Ronald Acuna Jr. P Anthony Kay P Yusei Kikuchi SS Mauricio Dubon,,,
794,5266157512,danno_35,0,65.5,1B Jake Burger 2B Ozzie Albies 3B Manny Machado C Sean Murphy OF Ronald Acuna Jr. OF Wyatt Langford OF Carlos Jorge P Shota Imanaga P MacKenzie Gore SS Elly De La Cruz,,,
795,5266654440,majormario,0,65.149994,1B Luis Garcia Jr. 2B Ozzie Albies 3B Colson Montgomery C Cal Raleigh OF Randy Arozarena OF Brandon Nimmo OF Andy Pages P Logan Gilbert P Michael Soroka SS George Lombard Jr.,,,
796,5266049406,JoJo491048,0,65.05,1B Jake Burger 2B Ozzie Albies 3B Josh Jung C Drake Baldwin OF Ronald Acuna Jr. OF Wyatt Langford OF Walker Jenkins P Logan Gilbert P Shota Imanaga SS Maikel Garcia,,,
797,5266181350,chrisrich40,0,64.7,1B Josh Naylor 2B Ryan Kreidler 3B Josh Jung C Cal Raleigh OF Randy Arozarena OF Julio Rodriguez OF Tommy Pham P Taj Bradley P Logan Gilbert SS J.P. Crawford,,,
798,5266659387,datyoungreezy,0,64.5,1B Matt Olson 2B Kody Clemens 3B Junior Caminero C Hunter Goodman OF Jake McCarthy OF Mauricio Dubon OF Tommy Pham P JR Ritchie P Janson Junk SS Ha-Seong Kim,,,
799,5266161566,July40521,0,64.05,1B Jake Burger 2B Ozzie Albies 3B Josh Jung C Sean Murphy OF Ronald Acuna Jr. OF Luke Keaschall OF Walker Jenkins P Logan Gilbert P Shota Imanaga SS Bobby Witt Jr.,,,
800,5266420818,manzaldo,0,63.699997,1B Ildemaro Vargas 2B Ozzie Albies 3B Austin Riley C Sean Murphy OF Ronald Acuna Jr. OF Austin Hays OF Jordan Lawlar P Taj Bradley P Logan Gilbert SS Geraldo Perdomo,,,
801,5266279159,jables11b,0,63.45,1B Jake Burger 2B Ketel Marte 3B Josh Jung C Gabriel Moreno OF Corbin Carroll OF Wyatt Langford OF Carlos Jorge P Max Fried P Shota Imanaga SS Corey Seager,,,
801,5266614617,flipflop8048,0,63.45,1B Sal Stewart 2B Pedro Ramirez 3B Manny Machado C Tyler Stephenson OF Fernando Tatis Jr. OF Michael Conforto OF Carlos Jorge P MacKenzie Gore P Yusei Kikuchi SS Elly De La Cruz,,,
803,5266273673,jimbax,0,63.199997,1B TJ Rumfield 2B Nico Hoerner 3B Kyle Karros C Drake Baldwin OF Ian Happ OF Dominic Canzone OF Michael Conforto P Drew Rasmussen P Michael King SS Mauricio Dubon,,,
804,5266262501,Bazoinkles,0,63.05,1B Jake Burger 2B Ketel Marte 3B Josh Jung C Gabriel Moreno OF Corbin Carroll OF Jordan Lawlar OF Tommy Pham P Logan Gilbert P Shota Imanaga SS Corey Seager,,,
804,5266416017,greenbay7450,0,63.05,1B Jake Burger 2B Justin Foscue 3B Josh Jung C Drew Cavanaugh OF Ronald Acuna Jr. OF Corbin Carroll OF Walker Jenkins P Logan Gilbert P Shota Imanaga SS Bobby Witt Jr.,,,
804,5266655591,rendonraiders,0,63.05,1B Josh Bell 2B Ozzie Albies 3B Kyle Karros C Gabriel Moreno OF Wyatt Langford OF Heriberto Hernandez OF Jonny DeLuca P Logan Gilbert P Shota Imanaga SS Geraldo Perdomo,,,
807,5266295210,milligolf,0,63,1B Matt Olson 2B Jared Serna 3B Javier Sanoja C Agustin Ramirez OF Pete Crow-Armstrong OF Ronald Acuna Jr. OF Heriberto Hernandez P Logan Gilbert P Yusei Kikuchi SS Otto Lopez,,,
808,5266466348,jonjonlegend,0,62.65,1B Jake Burger 2B Joshua Kuroda-Grauer 3B Nolan Arenado C Gabriel Moreno OF Jake McCarthy OF Corbin Carroll OF Jordan Lawlar P Shota Imanaga P Daniel Lynch IV SS Cole Carrigg,,,
809,5266255543,Keendom,0,62.45,1B Ildemaro Vargas 2B Ketel Marte 3B Austin Riley C Sean Murphy OF Ronald Acuna Jr. OF Corbin Carroll OF Jordan Lawlar P Max Fried P Shota Imanaga SS Ha-Seong Kim,,,
809,5266310155,jediyeti73,0,62.45,1B TJ Rumfield 2B Ben Williamson 3B Kyle Karros C Hunter Goodman OF Mickey Moniak OF Julio Rodriguez OF Chandler Simpson P Shota Imanaga P Yusei Kikuchi SS Cole Carrigg,,,
811,5266437012,phalluspilsnermaker,0,62.3,1B Matt Olson 2B Ozzie Albies 3B Brooks Lee C Drake Baldwin OF Jake McCarthy OF Ronald Acuna Jr. OF Wyatt Langford P Shota Imanaga P JR Ritchie SS Ha-Seong Kim,,,
811,5266668852,timrowland09,0,62.3,1B Matt Olson 2B Ozzie Albies 3B Brooks Lee C Drake Baldwin OF Jake McCarthy OF Ronald Acuna Jr. OF Wyatt Langford P Shota Imanaga P JR Ritchie SS Ha-Seong Kim,,,
813,5266435505,markries,0,62.05,1B Jake Burger 2B Jose Altuve 3B Nolan Arenado C Drake Baldwin OF Jackson Merrill OF Wyatt Langford OF Michael Conforto P Logan Gilbert P Shota Imanaga SS Corey Seager,,,
813,5266559211,daisquifh,0,62.05,1B Josh Naylor 2B Ozzie Albies 3B Nolan Arenado C Tyler Stephenson OF Cody Bellinger OF Ian Happ OF Julio Rodriguez P Logan Gilbert P Shota Imanaga SS Corey Seager,,,
815,5266361631,nickbloggerman,0,62,1B Jake Burger 2B Ketel Marte 3B Nolan Arenado C Danny Jansen OF Corbin Carroll OF Ezequiel Duran OF Brandon Nimmo P Logan Gilbert P Max Fried SS Corey Seager,,,
816,5265633748,Terry301,0,61.5,1B Jake Burger 2B Marcus Semien 3B Manny Machado C Hunter Goodman OF Ronald Acuna Jr. OF Lawrence Butler OF Brice Matthews P Shota Imanaga P MacKenzie Gore SS Corey Seager,,,
817,5266138734,Double_L,0,61.05,1B Jake Burger 2B Ketel Marte 3B Nolan Arenado C Sean Murphy OF Ronald Acuna Jr. OF Corbin Carroll OF Jordan Lawlar P Logan Gilbert P Shota Imanaga SS Ha-Seong Kim,,,
817,5266533586,wesol33,0,61.05,1B Jake Burger 2B Ketel Marte 3B Nolan Arenado C Sean Murphy OF Ronald Acuna Jr. OF Corbin Carroll OF Jordan Lawlar P Logan Gilbert P Shota Imanaga SS Ha-Seong Kim,,,
819,5266658885,TeddyBass,0,60.45,1B Jake Burger 2B Ozzie Albies 3B Austin Riley C Gabriel Moreno OF Dominic Canzone OF Wyatt Langford OF Michael Conforto P Max Fried P Shota Imanaga SS Mookie Betts,,,
820,5266227163,bluester111,0,60,1B Ty France 2B Connor Norby 3B Nolan Arenado C Gabriel Moreno OF Fernando Tatis Jr. OF Dominic Canzone OF Carlos Jorge P Logan Gilbert P Yusei Kikuchi SS Xander Bogaerts,,,
820,5266542294,Trev512,0,60,1B Jake Burger 2B Javier Sanoja 3B Josh Jung C Shea Langeliers OF Dominic Canzone OF Wyatt Langford OF Emmanuel Rodriguez P Logan Gilbert P Max Fried SS Mookie Betts,,,
822,5266226140,epot,0,59.05,1B Josh Naylor 2B Ildemaro Vargas 3B Bo Bichette C Carson Kelly OF Dominic Canzone OF Heriberto Hernandez OF Andy Pages P Logan Gilbert P Shota Imanaga SS Xander Bogaerts,,,
823,5266441645,kinglucci23,0,58.05,1B Jake Burger 2B Ketel Marte 3B Zack Gelof C Ali Sanchez OF Ronald Acuna Jr. OF Wyatt Langford OF Brandon Nimmo P Logan Gilbert P Shota Imanaga SS George Lombard Jr.,,,
824,5266551657,bernard14,0,57.05,1B TJ Rumfield 2B Ozzie Albies 3B Manny Machado C Elias Diaz OF Troy Johnston OF Tim Tawa OF Ezequiel Duran P Logan Gilbert P MacKenzie Gore SS Zach Neto,,,
824,5266640598,pjbastura,0,57.05,1B Jake Burger 2B Ozzie Albies 3B Josh Jung C Shea Langeliers OF Henry Bolte OF Wyatt Langford OF Carlos Jorge P Logan Gilbert P MacKenzie Gore SS Bobby Witt Jr.,,,
826,5266288187,Este989,0,56.699997,1B TJ Rumfield 2B Ozzie Albies 3B Austin Riley C Gabriel Moreno OF Corbin Carroll OF JJ Bleday OF Carlos Jorge P Taj Bradley P Logan Gilbert SS Mauricio Dubon,,,
826,5266613898,davidgrussin,0,56.699997,1B Tommy White 2B Ozzie Albies 3B Joshua Kuroda-Grauer C Shea Langeliers OF Ronald Acuna Jr. OF Henry Bolte OF Mauricio Dubon P Taj Bradley P Logan Gilbert SS Ha-Seong Kim,,,
828,5266477169,colemryt,0,56.05,1B Sal Stewart 2B Ozzie Albies 3B Eugenio Suarez C Tyler Stephenson OF Ronald Acuna Jr. OF JJ Bleday OF Carlos Jorge P Logan Gilbert P Shota Imanaga SS Mauricio Dubon,,,
829,5266645349,Cliffc39,0,56,1B Matt Olson 2B Ozzie Albies 3B Jose Fernandez C Drake Baldwin OF Henry Bolte OF Michael Harris II OF Mauricio Dubon P Logan Gilbert P Max Fried SS Alika Williams,,,
830,5266475071,Calmax,0,55.5,1B Luis Garcia Jr. 2B Pedro Ramirez 3B Bo Bichette C Ben Rice OF Cody Bellinger OF Spencer Jones OF Heliot Ramos P Max Fried P Sean Manaea SS J.P. Crawford,,,
831,5266161855,Moss_Boss.1,0,55.25,1B Josh Bell 2B Ozzie Albies 3B Austin Riley C Ben Rice OF Ronald Acuna Jr. OF Teoscar Hernandez OF Michael Harris II P Max Fried P JR Ritchie SS Mauricio Dubon,,,
832,5266659135,shelbycd,0,54.5,1B TJ Rumfield 2B Connor Norby 3B Ryan McMahon C Cal Raleigh OF Jake McCarthy OF Randy Arozarena OF Tommy Pham P Taj Bradley P Anthony Kay SS J.P. Crawford,,,
833,5266201366,Andarooni,0,54.1,1B Jake Burger 2B Ozzie Albies 3B Josh Jung C Drake Baldwin OF Ronald Acuna Jr. OF Wyatt Langford OF Mauricio Dubon P Taj Bradley P Max Fried SS Corey Seager,,,
833,5266538834,nickmoran,0,54.1,1B Jake Burger 2B Ozzie Albies 3B Josh Jung C Drake Baldwin OF Ronald Acuna Jr. OF Wyatt Langford OF Mauricio Dubon P Taj Bradley P Max Fried SS Corey Seager,,,
835,5266322596,mspozto,0,54,1B Jake Burger 2B Ozzie Albies 3B Josh Jung C Drake Baldwin OF Ronald Acuna Jr. OF Corbin Carroll OF Walker Jenkins P Logan Gilbert P Yusei Kikuchi SS Bobby Witt Jr.,,,
836,5266212505,loosetools,0,53.699997,1B Ryan Vilade 2B Ozzie Albies 3B Junior Caminero C Nick Fortes OF Teoscar Hernandez OF Jonny DeLuca OF Chandler Simpson P Taj Bradley P Logan Gilbert SS Mauricio Dubon,,,
837,5266585847,atl1bst,0,53.5,1B Matt Olson 2B Ozzie Albies 3B Austin Riley C Cal Raleigh OF Ronald Acuna Jr. OF Michael Harris II OF Victor Bericoto P Shota Imanaga P MacKenzie Gore SS Corey Seager,,,
838,5266333793,Alumni50,0,53.45,1B Jake Burger 2B Ozzie Albies 3B Austin Riley C Drake Baldwin OF Ronald Acuna Jr. OF Julio Rodriguez OF Dominic Canzone P Max Fried P Shota Imanaga SS Mauricio Dubon,,,
838,5266334900,jbhguru77,0,53.45,1B Michael Busch 2B Ozzie Albies 3B Austin Riley C Sean Murphy OF Ronald Acuna Jr. OF Seiya Suzuki OF Michael Conforto P Max Fried P Shota Imanaga SS Mauricio Dubon,,,
840,5266236365,joehalac,0,53.05,1B Jake Burger 2B Ketel Marte 3B Josh Jung C Gabriel Moreno OF Wyatt Langford OF JJ Bleday OF Ezequiel Duran P Logan Gilbert P Shota Imanaga SS Corey Seager,,,
841,5266220350,edward21025,0,52.9,1B Jake Burger 2B Jake Cronenworth 3B Max Muncy C Will Smith OF Teoscar Hernandez OF Cody Bellinger OF Julio Rodriguez P Shota Imanaga P Justin Wrobleski SS Dansby Swanson,,,
842,5266342077,bucklosers,0,52.85,1B Jake Burger 2B Ketel Marte 3B Nolan Arenado C Jonah Heim OF Corbin Carroll OF Teoscar Hernandez OF Turner Hill P Michael King P MacKenzie Gore SS Corey Seager,,,
843,5266525096,Stadtusquo,0,52.699997,1B Josh Naylor 2B Christian Moore 3B Ezequiel Duran C Jonah Heim OF Seiya Suzuki OF Dominic Canzone OF Wyatt Langford P Taj Bradley P Logan Gilbert SS J.P. Crawford,,,
844,5266613431,rharvey80,0,52.5,1B Jake Burger 2B Ozzie Albies 3B Austin Riley C Drake Baldwin OF Jake McCarthy OF Ian Happ OF Wyatt Langford P Shota Imanaga P MacKenzie Gore SS Nico Hoerner,,,
844,5266650685,VINCESFANTASY,0,52.5,1B Jake Burger 2B Ozzie Albies 3B Josh Jung C Agustin Ramirez OF Ronald Acuna Jr. OF Wyatt Langford OF Hector Rodriguez P Taj Bradley P Michael King SS Bobby Witt Jr.,,,
846,5266610721,Hambone1927,0,52,1B Miguel Vargas 2B Ozzie Albies 3B Austin Riley C Sean Murphy OF Pete Crow-Armstrong OF Ronald Acuna Jr. OF Tim Tawa P Logan Gilbert P Yusei Kikuchi SS Mauricio Dubon,,,
847,5266526560,dalton36233623,0,51.699997,1B Michael Busch 2B Kody Clemens 3B Connor Norby C Jonah Heim OF Ronald Acuna Jr. OF Tommy Pham OF Carlos Jorge P Taj Bradley P Logan Gilbert SS Mauricio Dubon,,,
848,5266570417,NOCHOP,0,51.65,1B Matt Olson 2B Ozzie Albies 3B Maikel Garcia C Drake Baldwin OF Ronald Acuna Jr. OF Michael Harris II OF Ezequiel Duran P MacKenzie Gore P Daniel Lynch IV SS Bobby Witt Jr.,,,
849,5266347580,steviereno,0,51,1B Matt Olson 2B Ozzie Albies 3B Nolan Arenado C Sean Murphy OF Ronald Acuna Jr. OF Luke Keaschall OF Wyatt Langford P Logan Gilbert P Max Fried SS Ha-Seong Kim,,,
849,5266659858,kcheros,0,51,1B Miguel Vargas 2B Ozzie Albies 3B Josh Jung C Tyler Stephenson OF Ronald Acuna Jr. OF Corbin Carroll OF Bo Davidson P Logan Gilbert P Yusei Kikuchi SS Bobby Witt Jr.,,,
851,5266549861,pepethepatriots,0,50.3,1B Miguel Vargas 2B Ozzie Albies 3B Ezequiel Duran C Gabriel Moreno OF Pete Crow-Armstrong OF Ronald Acuna Jr. OF Seiya Suzuki P Anthony Kay P Brady Basso SS Corey Seager,,,
852,5266639416,WallOfVoodoo,0,49.85,1B Josh Naylor 2B Ozzie Albies 3B Miguel Vargas C Austin Wells OF Seiya Suzuki OF Michael Harris II OF Dustin Harris P Max Fried P Justin Wrobleski SS Colson Montgomery,,,
853,5266489768,sehanshaw,0,49.550003,1B Ty France 2B Jake Cronenworth 3B Joshua Kuroda-Grauer C Will Smith OF Fernando Tatis Jr. OF Ronald Acuna Jr. OF Jackson Merrill P Taj Bradley P Brock Stewart SS Xander Bogaerts,,,
854,5266361174,Lilp7611,0,49.45,1B TJ Rumfield 2B Connor Norby 3B Austin Riley C Elias Diaz OF Jake McCarthy OF Ian Happ OF Wyatt Langford P Max Fried P Shota Imanaga SS Mauricio Dubon,,,
855,5266253241,JJsBack,0,49.3,1B TJ Rumfield 2B Connor Norby 3B Kyle Karros C Hunter Goodman OF Wyatt Langford OF Michael Conforto OF Jordan Lawlar P Logan Gilbert P Anthony Molina SS Geraldo Perdomo,,,
856,5266668781,mrcool2072,0,49,1B Jake Burger 2B Ketel Marte 3B Jake Cronenworth C Drake Baldwin OF Ronald Acuna Jr. OF Michael Harris II OF Jordan Lawlar P Logan Gilbert P Yusei Kikuchi SS Mookie Betts,,,
857,5266267597,theblackhand666,0,48.85,1B Ben Rice 2B Ketel Marte 3B Ryan McMahon C Austin Wells OF Corbin Carroll OF Cody Bellinger OF JJ Bleday P Shota Imanaga P Michael King SS George Lombard Jr.,,,
858,5266649629,Sequestered,0,48.699997,1B Jake Burger 2B Ozzie Albies 3B Austin Riley C Sean Murphy OF Mike Trout OF Ronald Acuna Jr. OF Mauricio Dubon P Taj Bradley P Logan Gilbert SS J.P. Crawford,,,
859,5266595299,World_Domination67,0,48.05,1B Jake Burger 2B Pedro Ramirez 3B Javier Sanoja C Drake Baldwin OF Teoscar Hernandez OF Dominic Canzone OF Wyatt Langford P Logan Gilbert P Shota Imanaga SS Colson Montgomery,,,
860,5266414314,wikingfan,0,47.6,1B Jake Burger 2B Ozzie Albies 3B Josh Jung C Hunter Goodman OF Ronald Acuna Jr. OF Wyatt Langford OF Brandon Nimmo P Taj Bradley P Cristian Javier SS Corey Seager,,,
861,5266473986,kandah,0,47.05,1B TJ Rumfield 2B Connor Norby 3B Kyle Karros C Hunter Goodman OF Jordan Lawlar OF Tommy Pham OF Carlos Jorge P Logan Gilbert P Shota Imanaga SS Cole Carrigg,,,
862,5266308615,Nflvikings1,0,46.9,1B Jake Burger 2B Ozzie Albies 3B Ezequiel Duran C Drake Baldwin OF Pete Crow-Armstrong OF Ronald Acuna Jr. OF Michael Conforto P MacKenzie Gore P Justin Wrobleski SS Corey Seager,,,
863,5266628613,SMITHVICKYSG,0,46.4,1B Yandy Diaz 2B Ozzie Albies 3B Joshua Kuroda-Grauer C Sean Murphy OF Pete Crow-Armstrong OF Wyatt Langford OF Brandon Nimmo P Logan Gilbert P Michael King SS Corey Seager,,,
864,5266651564,PPPPaymeeee,0,46.2,1B Freddie Freeman 2B Jonah Cox 3B Javier Sanoja C Agustin Ramirez OF Fernando Tatis Jr. OF Randy Arozarena OF Ian Happ P Logan Gilbert P Daniel Lynch IV SS Mauricio Dubon,,,
865,5266620184,butero,0,46.05,1B Jake Burger 2B Ozzie Albies 3B Josh Jung C Drake Baldwin OF Ronald Acuna Jr. OF Wyatt Langford OF Tommy Pham P Logan Gilbert P MacKenzie Gore SS Bobby Witt Jr.,,,
865,5266667595,JMS8168,0,46.05,1B Jake Burger 2B Ozzie Albies 3B Josh Jung C Drake Baldwin OF Ronald Acuna Jr. OF Ian Happ OF JJ Bleday P Logan Gilbert P Shota Imanaga SS Corey Seager,,,
867,5266612319,Bjoe1,0,45.45,1B TJ Rumfield 2B Marcus Semien 3B Max Muncy C Carson Kelly OF Ian Happ OF Dominic Canzone OF Wyatt Langford P Max Fried P Shota Imanaga SS Corey Seager,,,
868,5266569489,Sprtsguy,0,45.4,1B Salvador Perez 2B Michael Massey 3B Nick Loftin C Ben Rice OF Corbin Carroll OF Cody Bellinger OF Kyle Isbel P Logan Gilbert P Michael King SS Francisco Lindor,,,
869,5266594163,sirleged7777,0,44.85,1B Ty France 2B Jake Cronenworth 3B Manny Machado C Austin Wells OF Fernando Tatis Jr. OF Jackson Merrill OF Heliot Ramos P Shota Imanaga P Michael King SS George Lombard Jr.,,,
870,5266477432,Ramon2094,0,44.2,1B Jonathan Aranda 2B Jake Cronenworth 3B Max Muncy C Gabriel Moreno OF Teoscar Hernandez OF Tommy Edman OF Josue De Paula P Logan Gilbert P Daniel Lynch IV SS Francisco Lindor,,,
871,5266269284,tangledsnow,0,43.45,1B Matt Olson 2B Ozzie Albies 3B Austin Riley C Sean Murphy OF Ronald Acuna Jr. OF Jackson Merrill OF Spencer Jones P Max Fried P Shota Imanaga SS George Lombard Jr.,,,
872,5266403559,taylr,0,42.05,1B Josh Bell 2B Ozzie Albies 3B Austin Riley C Drake Baldwin OF Ronald Acuna Jr. OF Cody Bellinger OF JJ Bleday P Logan Gilbert P Shota Imanaga SS Christian Koss,,,
873,5266271084,KrazyTF,0,42,1B Sal Stewart 2B Justin Foscue 3B Max Muncy C Tyler Stephenson OF JJ Bleday OF Hector Rodriguez OF Carlos Jorge P Logan Gilbert P Max Fried SS Mookie Betts,,,
874,5266635355,Stephentider,0,41.05,1B Sal Stewart 2B Nico Hoerner 3B Colson Montgomery C Jonah Heim OF Ian Happ OF Heriberto Hernandez OF Michael Conforto P Logan Gilbert P Shota Imanaga SS Corey Seager,,,
875,5266424290,ethpix,0,40.85,1B Ty France 2B Nico Hoerner 3B Jake Cronenworth C Yainer Diaz OF Fernando Tatis Jr. OF Samad Taylor OF Dustin Harris P Shota Imanaga P Michael King SS Dansby Swanson,,,
876,5266382303,gbjb,0,40.05,1B Jake Burger 2B Ozzie Albies 3B Josh Jung C Sean Murphy OF Ronald Acuna Jr. OF Wyatt Langford OF Dustin Harris P Logan Gilbert P Shota Imanaga SS Bobby Witt Jr.,,,
877,5266623319,oldangrygamer,0,40,1B TJ Rumfield 2B Ozzie Albies 3B Connor Norby C Drake Baldwin OF Jake McCarthy OF Cole Carrigg OF Michael Harris II P Logan Gilbert P Yusei Kikuchi SS Christian Koss,,,
878,5266661547,constman20200,0,39.4,1B TJ Rumfield 2B Ozzie Albies 3B Miguel Vargas C Shea Langeliers OF Wyatt Langford OF A.J. Ewing OF Bryce Teodosio P Logan Gilbert P Michael King SS Corey Seager,,,
879,5266666007,Timbo314636,0,39,1B Matt Olson 2B Ozzie Albies 3B Ryan McMahon C Austin Wells OF Ronald Acuna Jr. OF Michael Harris II OF Kyle Isbel P Logan Gilbert P Max Fried SS Bobby Witt Jr.,,,
880,5266661955,rshipe37,0,38,1B Matt Olson 2B Jared Serna 3B Manny Machado C Elias Diaz OF Fernando Tatis Jr. OF Kyle Tucker OF Carson Benge P Logan Gilbert P Yusei Kikuchi SS Corey Seager,,,
881,5266647737,jbace1954,0,37.4,1B Ben Rice 2B Ketel Marte 3B Maikel Garcia C Hunter Goodman OF Teoscar Hernandez OF Kyle Tucker OF Dominic Canzone P Kyle Freeland P Brock Stewart SS Bobby Witt Jr.,,,
882,5266656658,gorillabiscuit,0,37.3,1B TJ Rumfield 2B Ketel Marte 3B Kyle Karros C Hunter Goodman OF Corbin Carroll OF Mickey Moniak OF Tim Tawa P Anthony Kay P Brady Basso SS Cole Carrigg,,,
883,5266543137,BamaJones,0,35.2,1B Ildemaro Vargas 2B Ketel Marte 3B Kyle Karros C Sean Murphy OF Ronald Acuna Jr. OF Corbin Carroll OF Jordan Lawlar P Logan Gilbert P Daniel Lynch IV SS Geraldo Perdomo,,,
884,5266152309,Ibn1031,0,33.85,1B Matt Olson 2B Ozzie Albies 3B Austin Riley C Gabriel Moreno OF Ronald Acuna Jr. OF Spencer Jones OF Jordan Lawlar P Logan Gilbert P Roki Sasaki SS Mauricio Dubon,,,
885,5266288399,kepenekela,0,33.2,1B Matt Olson 2B Ozzie Albies 3B Nolan Arenado C Drake Baldwin OF Jake McCarthy OF Ronald Acuna Jr. OF Jordan Lawlar P Logan Gilbert P Daniel Lynch IV SS Mauricio Dubon,,,
885,5266366153,JaserD,0,33.2,1B Ty France 2B Justin Foscue 3B Nolan Arenado C Gabriel Moreno OF Fernando Tatis Jr. OF Jake McCarthy OF Drew Gilbert P Logan Gilbert P Daniel Lynch IV SS Corey Seager,,,
887,5266628481,Tbonesgolf57,0,31.8,1B Ben Rice 2B Jared Serna 3B Josh Jung C Sean Murphy OF Fernando Tatis Jr. OF Ronald Acuna Jr. OF Mauricio Dubon P Max Fried P Michael King SS George Lombard Jr.,,,
888,5266332042,mlrlfd,0,20.4,1B Ty France 2B Ozzie Albies 3B Ryan McMahon C Drake Baldwin OF Ronald Acuna Jr. OF Jackson Merrill OF Spencer Jones P Logan Gilbert P Michael King SS George Lombard Jr.,,,
889,5266560163,ChiefKingdom1987,0,0,,,,
889,5266569714,Djedi_Mindtrick3k,0,0,,,,
889,5266661948,joeyaker1,0,0,,,,
