Rank,EntryId,EntryName,TimeRemaining,Points,Lineup,,Player,Roster Position,%Drafted,FPTS
1,5286083741,ZMurr72,0,181.5,C Connor McDavid C Pierre-Luc Dubois D Cole Hutson D Connor Murphy G Stuart Skinner UTIL Evan Bouchard W Leon Draisaitl W Beckett Sennecke W Anthony Beauvillier,,Nathan MacKinnon,C,35.35%,1.5
2,5286061184,Pete_Da_Sneak,0,173.7,C Connor McDavid C Pierre-Luc Dubois D Mattias Ekholm D Cole Hutson G Stuart Skinner UTIL Dylan Strome W Leon Draisaitl W Beckett Sennecke W Tom Wilson,,Connor McDavid,C,33.11%,24.3
3,5286241920,jdjay,0,166.9,C Dylan Strome C Pierre-Luc Dubois D Evan Bouchard D Dylan DeMelo G Stuart Skinner UTIL Connor McDavid W Leon Draisaitl W Tom Wilson W Anthony Beauvillier,,Leon Draisaitl,W,27.38%,27.3
4,5285953014,ibeckman,0,161,C Connor McDavid C Pierre-Luc Dubois D Mattias Ekholm D Vincent Desharnais G Stuart Skinner UTIL Evan Bouchard W Leon Draisaitl W Tom Wilson W Isak Rosen,,Logan Thompson,G,23.12%,14.4
4,5286028187,bean74,0,161,C Connor McDavid C Pierre-Luc Dubois D Mattias Ekholm D Vincent Desharnais G Stuart Skinner UTIL Evan Bouchard W Leon Draisaitl W Tom Wilson W Isak Rosen,,Cutter Gauthier,W,22.78%,13.5
6,5285758549,Mackdawg44,0,160.29999,C Ben Kindel C Pierre-Luc Dubois D Mattias Ekholm D Cole Hutson G Stuart Skinner UTIL Connor McDavid W Leon Draisaitl W Vasily Podkolzin W Tom Wilson,,Beckett Sennecke,W,21.32%,30.5
7,5285957402,slickvicst8rbizkits,0,160.1,C Connor McDavid C Dylan Strome D Evan Bouchard D Cole Hutson G Logan Thompson UTIL Pierre-Luc Dubois W Leon Draisaitl W Jaden Schwartz W Anthony Beauvillier,,Pierre-Luc Dubois,C,20.54%,18
8,5286001231,gbjb,0,159.7,C Connor McDavid C Pierre-Luc Dubois D Evan Bouchard D Cole Hutson G Stuart Skinner UTIL Tristan Luneau W Leon Draisaitl W Kasperi Kapanen W Anthony Beauvillier,,Leo Carlsson,C,20.09%,10
8,5286012873,Dogs498,0,159.7,C Connor McDavid C Pierre-Luc Dubois D Evan Bouchard D Cole Hutson G Stuart Skinner UTIL Tristan Luneau W Leon Draisaitl W Kasperi Kapanen W Anthony Beauvillier,,Vasily Podkolzin,W,18.97%,14.3
8,5286181007,silencer17,0,159.7,C Connor McDavid C Pierre-Luc Dubois D Evan Bouchard D Tristan Luneau G Stuart Skinner UTIL Cole Hutson W Leon Draisaitl W Kasperi Kapanen W Anthony Beauvillier,,Martin Necas,W,18.74%,4.5
11,5286194005,Jampser,0,159.5,C Connor McDavid C Pierre-Luc Dubois D Evan Bouchard D Timothy Liljegren G Stuart Skinner UTIL Neal Pionk W Leon Draisaitl W Vasily Podkolzin W Anthony Beauvillier,,Stuart Skinner,G,18.41%,21.4
11,5286096643,bdoyle24,0,159.49998,C Connor McDavid C Vladislav Namestnikov D Evan Bouchard D Dylan Samberg G Stuart Skinner UTIL Leon Draisaitl W Vasily Podkolzin W Kasperi Kapanen W Anthony Beauvillier,,Cole Perfetti,W,17.96%,11.5
13,5285974663,budzie12,0,159,C Connor McDavid C Pierre-Luc Dubois D Cole Hutson D Dylan Samberg G Logan Thompson UTIL Kyle Connor W Vasily Podkolzin W Tom Wilson W Cole Perfetti,,Arturs Silovs,G,17.96%,-2.1
14,5286279132,Spike71,0,158.69998,C Mikael Granlund C Pierre-Luc Dubois D Connor Murphy D Martin Fehervary G Stuart Skinner UTIL Connor McDavid W Leon Draisaitl W Alex Tuch W Tom Wilson,,Artturi Lehkonen,W,17.85%,0
15,5285899161,jasonbhellmann,0,156.8,C Connor McDavid C Pierre-Luc Dubois D Josh Manson D Martin Fehervary G Stuart Skinner UTIL Alex Tuch W Leon Draisaitl W Vasily Podkolzin W Tom Wilson,,MacKenzie Blackwood,G,17.62%,0.7
16,5285753182,mgisigolf72,0,156.5,C Connor McDavid C Adam Lowry D Evan Bouchard D Dylan Samberg G Devon Levi UTIL Brent Burns W Leon Draisaitl W Cole Perfetti W Jaden Schwartz,,Evan Bouchard,D,16.50%,31
17,5286214014,Jfed789,0,156.1,C Connor McDavid C Fedor Svechkov D Evan Bouchard D Timothy Liljegren G Devon Levi UTIL Jaden Schwartz W Leon Draisaitl W Vasily Podkolzin W T.J. Hughes,,Dylan Strome,C,15.94%,6.5
17,5286247221,roosevelt,0,156.09999,C Connor McDavid C Pierre-Luc Dubois D Evan Bouchard D Martin Fehervary G Logan Thompson UTIL Morgan Barron W Alex Tuch W Vasily Podkolzin W Tom Wilson,,Declan Carlile,D,14.81%,6.9
19,5285805801,RafLP,0,156,C Mikael Granlund C Pierre-Luc Dubois D Jackson LaCombe D Martin Fehervary G Stuart Skinner UTIL Leon Draisaitl W Cutter Gauthier W Beckett Sennecke W Tom Wilson,,Ben Kindel,C,13.92%,9.3
20,5286046372,mck1960,0,155.5,C Connor McDavid C Mikael Granlund D Dylan Samberg D Timothy Liljegren G Stuart Skinner UTIL Nick Robertson W Leon Draisaitl W Vasily Podkolzin W Beckett Sennecke,,Mikael Granlund,C,13.80%,9.3
21,5285924104,BigBadBid,0,155.29999,C Connor McDavid C Pierre-Luc Dubois D Cole Hutson D Martin Fehervary G Stuart Skinner UTIL Connor Murphy W Leon Draisaitl W Cutter Gauthier W Beckett Sennecke,,Tom Wilson,W,13.69%,27.1
21,5285935959,bjksooner,0,155.29999,C Connor McDavid C Pierre-Luc Dubois D Cole Hutson D Martin Fehervary G Stuart Skinner UTIL Connor Murphy W Leon Draisaitl W Cutter Gauthier W Beckett Sennecke,,Cole Hutson,D,13.02%,12.1
21,5285956264,dexterboydk1,0,155.29999,C Connor McDavid C Pierre-Luc Dubois D Cole Hutson D Martin Fehervary G Stuart Skinner UTIL Connor Murphy W Leon Draisaitl W Cutter Gauthier W Beckett Sennecke,,Cale Makar,D,12.57%,12.9
21,5286110491,skholbrook77,0,155.29999,C Connor McDavid C Pierre-Luc Dubois D Cole Hutson D Martin Fehervary G Stuart Skinner UTIL Connor Murphy W Leon Draisaitl W Cutter Gauthier W Beckett Sennecke,,Lukas Dostal,G,12.23%,-9.1
21,5286172309,Edgar310,0,155.29999,C Connor McDavid C Pierre-Luc Dubois D Cole Hutson D Martin Fehervary G Stuart Skinner UTIL Connor Murphy W Leon Draisaitl W Cutter Gauthier W Beckett Sennecke,,Nazem Kadri,W,11.78%,7.3
21,5286247236,wesol33,0,155.29999,C Connor McDavid C Pierre-Luc Dubois D Cole Hutson D Martin Fehervary G Stuart Skinner UTIL Connor Murphy W Leon Draisaitl W Cutter Gauthier W Beckett Sennecke,,Anthony Beauvillier,W,11.56%,10
21,5286277216,loigwine,0,155.29999,C Connor McDavid C Pierre-Luc Dubois D Cole Hutson D Martin Fehervary G Stuart Skinner UTIL Connor Murphy W Leon Draisaitl W Cutter Gauthier W Beckett Sennecke,,Jackson LaCombe,D,11.45%,7.6
21,5286295235,callmeDAD,0,155.29999,C Connor McDavid C Pierre-Luc Dubois D Connor Murphy D Martin Fehervary G Stuart Skinner UTIL Cole Hutson W Leon Draisaitl W Cutter Gauthier W Beckett Sennecke,,Jakob Chychrun,D,11.11%,2.8
21,5286323564,Mtins,0,155.29999,C Connor McDavid C Pierre-Luc Dubois D Cole Hutson D Martin Fehervary G Stuart Skinner UTIL Connor Murphy W Leon Draisaitl W Cutter Gauthier W Beckett Sennecke,,Kyle Connor,W,10.77%,23
21,5286325528,draft20001,0,155.29999,C Connor McDavid C Pierre-Luc Dubois D Cole Hutson D Connor Murphy G Stuart Skinner UTIL Martin Fehervary W Leon Draisaitl W Cutter Gauthier W Beckett Sennecke,,Alex Tuch,W,9.65%,23.1
21,5286334525,slimladen,0,155.29999,C Connor McDavid C Pierre-Luc Dubois D Cole Hutson D Martin Fehervary G Stuart Skinner UTIL Connor Murphy W Leon Draisaitl W Cutter Gauthier W Beckett Sennecke,,Connor Murphy,D,9.32%,6.9
32,5285595827,renegadebaumers,0,153.6,C Connor McDavid C Ben Kindel D Evan Bouchard D Trevor van Riemsdyk G Devon Levi UTIL Mikael Granlund W Beckett Sennecke W Cole Perfetti W Kasperi Kapanen,,Alex Ovechkin,W,9.32%,3
33,5285828125,travis945,0,153.2,C Mark Scheifele C Pierre-Luc Dubois D Evan Bouchard D Josh Morrissey G Stuart Skinner UTIL Connor Murphy W Kyle Connor W Tom Wilson W Cole Perfetti,,Tristan Luneau,D,8.98%,0
34,5285919657,jah_586,0,152,C Dylan Strome C Pierre-Luc Dubois D Evan Bouchard D Josh Manson G Devon Levi UTIL Connor McDavid W Leon Draisaitl W Kasperi Kapanen W Anthony Beauvillier,,Neal Pionk,D,8.87%,9.1
35,5286092799,jackball222,0,149.9,C Connor McDavid C Ben Kindel D Evan Bouchard D Connor Murphy G Stuart Skinner UTIL Declan Carlile W Kyle Connor W Cole Perfetti W Kasperi Kapanen,,Martin Fehervary,D,8.42%,1.3
36,5285957397,BrentK1092690,0,149.8,C Connor McDavid C Mikael Granlund D Dylan Samberg D Timothy Liljegren G Stuart Skinner UTIL Pavel Mintyukov W Leon Draisaitl W Vasily Podkolzin W Beckett Sennecke,,Brock Nelson,C,8.42%,2.6
36,5285957667,ufxgatorbox,0,149.8,C Connor McDavid C Mikael Granlund D Dylan Samberg D Timothy Liljegren G Stuart Skinner UTIL Pavel Mintyukov W Leon Draisaitl W Vasily Podkolzin W Beckett Sennecke,,Devon Levi,G,7.86%,19.3
36,5286007139,UWAlums03,0,149.8,C Connor McDavid C Mikael Granlund D Dylan Samberg D Timothy Liljegren G Stuart Skinner UTIL Pavel Mintyukov W Leon Draisaitl W Vasily Podkolzin W Beckett Sennecke,,Kris Letang,D,7.86%,5.8
36,5286011385,JayAguilar23,0,149.8,C Connor McDavid C Mikael Granlund D Dylan Samberg D Timothy Liljegren G Stuart Skinner UTIL Pavel Mintyukov W Leon Draisaitl W Vasily Podkolzin W Beckett Sennecke,,Josh Manson,D,7.86%,0
36,5286024593,johnson0652,0,149.8,C Connor McDavid C Mikael Granlund D Dylan Samberg D Timothy Liljegren G Stuart Skinner UTIL Pavel Mintyukov W Leon Draisaitl W Vasily Podkolzin W Beckett Sennecke,,Sidney Crosby,C,7.52%,3
36,5286030622,brandennowell,0,149.8,C Connor McDavid C Mikael Granlund D Dylan Samberg D Timothy Liljegren G Stuart Skinner UTIL Pavel Mintyukov W Leon Draisaitl W Vasily Podkolzin W Beckett Sennecke,,Devon Toews,D,7.41%,3
36,5286108451,MambaMentality4Life,0,149.8,C Connor McDavid C Mikael Granlund D Dylan Samberg D Timothy Liljegren G Stuart Skinner UTIL Pavel Mintyukov W Leon Draisaitl W Vasily Podkolzin W Beckett Sennecke,,Timothy Liljegren,D,7.18%,4.1
36,5286193994,Regberr,0,149.8,C Connor McDavid C Mikael Granlund D Dylan Samberg D Timothy Liljegren G Stuart Skinner UTIL Pavel Mintyukov W Leon Draisaitl W Vasily Podkolzin W Beckett Sennecke,,Kasperi Kapanen,W,6.73%,15.6
36,5286223964,blackjackandelvis,0,149.8,C Connor McDavid C Mikael Granlund D Dylan Samberg D Timothy Liljegren G Stuart Skinner UTIL Pavel Mintyukov W Leon Draisaitl W Vasily Podkolzin W Beckett Sennecke,,Connor McDavid,UTIL,6.62%,24.3
36,5286239488,scrub69,0,149.8,C Connor McDavid C Mikael Granlund D Dylan Samberg D Timothy Liljegren G Stuart Skinner UTIL Pavel Mintyukov W Leon Draisaitl W Vasily Podkolzin W Beckett Sennecke,,Tommy Novak,C,6.51%,15.6
36,5286265865,gramp334,0,149.8,C Connor McDavid C Mikael Granlund D Dylan Samberg D Timothy Liljegren G Stuart Skinner UTIL Pavel Mintyukov W Leon Draisaitl W Vasily Podkolzin W Beckett Sennecke,,Josh Morrissey,D,6.40%,2.8
36,5286325780,Toppodogg,0,149.8,C Connor McDavid C Mikael Granlund D Dylan Samberg D Timothy Liljegren G Stuart Skinner UTIL Pavel Mintyukov W Leon Draisaitl W Vasily Podkolzin W Beckett Sennecke,,Dylan Samberg,D,6.17%,14.3
36,5286336246,RAJAHDAT420,0,149.8,C Connor McDavid C Mikael Granlund D Dylan Samberg D Timothy Liljegren G Stuart Skinner UTIL Pavel Mintyukov W Leon Draisaitl W Vasily Podkolzin W Beckett Sennecke,,Erik Karlsson,D,5.72%,7.3
36,5286339648,rmknks,0,149.8,C Connor McDavid C Mikael Granlund D Dylan Samberg D Timothy Liljegren G Stuart Skinner UTIL Pavel Mintyukov W Leon Draisaitl W Vasily Podkolzin W Beckett Sennecke,,A.J. Greer,W,5.16%,1.5
36,5286339969,rbassett77,0,149.8,C Connor McDavid C Mikael Granlund D Dylan Samberg D Timothy Liljegren G Stuart Skinner UTIL Pavel Mintyukov W Leon Draisaitl W Vasily Podkolzin W Beckett Sennecke,,Evgeni Malkin,W,5.05%,1.5
51,5286133455,RickBelding,0,149.7,C Connor McDavid C Pierre-Luc Dubois D Evan Bouchard D Cole Hutson G Stuart Skinner UTIL Tristan Luneau W Leon Draisaitl W Kasperi Kapanen W Filip Hallander,,Hendrix Lapierre,W,5.05%,1.5
51,5286231319,brandonbeene12,0,149.7,C Connor McDavid C Pierre-Luc Dubois D Evan Bouchard D Cole Hutson G Stuart Skinner UTIL Tristan Luneau W Leon Draisaitl W Kasperi Kapanen W Filip Hallander,,Egor Chinakhov,W,4.94%,3
53,5285807612,rsulzener,0,148,C Connor McDavid C Pierre-Luc Dubois D Cole Hutson D Ryan Shea G Stuart Skinner UTIL Ryan Poehling W Leon Draisaitl W Cutter Gauthier W Tom Wilson,,Mark Scheifele,C,4.83%,11.5
53,5286055354,laxmike80,0,148,C Mark Scheifele C Pierre-Luc Dubois D Dylan Samberg D Martin Fehervary G Stuart Skinner UTIL Connor McDavid W Leon Draisaitl W Vasily Podkolzin W Kasperi Kapanen,,Parker Kelly,W,4.71%,1.5
55,5286107350,ccrider729,0,147.59999,C Connor McDavid C Pierre-Luc Dubois D Martin Fehervary D Kaedan Korczak G Logan Thompson UTIL Leon Draisaitl W Alex Tuch W Vasily Podkolzin W Ryan Leonard,,Ilya Protas,C,4.49%,1.5
56,5285772819,cflfan,0,147.1,C Mikael Granlund C Pierre-Luc Dubois D Jakob Chychrun D Jackson LaCombe G Logan Thompson UTIL Alex Tuch W Vasily Podkolzin W Beckett Sennecke W Tom Wilson,,T.J. Hughes,W,4.26%,1.5
57,5285960882,williamnick,0,147,C Ben Kindel C Pierre-Luc Dubois D Evan Bouchard D Jakob Chychrun G Stuart Skinner UTIL Kyle Connor W Alex Tuch W Bryan Rust W Ville Koivunen,,Evan Bouchard,UTIL,4.26%,31
57,5285547408,Tobers96,0,146.99998,C Connor McDavid C Mikael Granlund D Tristan Luneau D Cole Hutson G Stuart Skinner UTIL Samuel Girard W Leon Draisaitl W Beckett Sennecke W Kasperi Kapanen,,Boone Jenner,W,4.26%,5.6
59,5285986298,Tbwspartan,0,146.7,C Connor McDavid C Ilya Protas D Evan Bouchard D Declan Carlile G Stuart Skinner UTIL Anthony Beauvillier W Leon Draisaitl W Vasily Podkolzin W Nick Robertson,,Rickard Rakell,W,4.26%,7.1
60,5286305956,DKSox2004,0,146.59999,C Connor McDavid C Dylan Strome D Cole Hutson D Connor Murphy G Stuart Skinner UTIL Evan Bouchard W Leon Draisaitl W Kasperi Kapanen W A.J. Greer,,Ryan Shea,D,4.15%,4.3
61,5285520751,sportsfanatic89,0,146.3,C Dylan Strome C Pierre-Luc Dubois D Connor Murphy D Martin Fehervary G Stuart Skinner UTIL Connor McDavid W Leon Draisaitl W Cutter Gauthier W Tom Wilson,,Ryan Leonard,W,4.04%,11.5
61,5285558430,aylsg,0,146.3,C Dylan Strome C Pierre-Luc Dubois D Connor Murphy D Martin Fehervary G Stuart Skinner UTIL Connor McDavid W Leon Draisaitl W Cutter Gauthier W Tom Wilson,,Cutter Gauthier,UTIL,4.04%,13.5
61,5285686082,briannedanielle,0,146.3,C Dylan Strome C Pierre-Luc Dubois D Connor Murphy D Martin Fehervary G Stuart Skinner UTIL Connor McDavid W Leon Draisaitl W Cutter Gauthier W Tom Wilson,,Leo Carlsson,UTIL,3.70%,10
61,5285702453,nickenyon6,0,146.3,C Dylan Strome C Pierre-Luc Dubois D Connor Murphy D Martin Fehervary G Stuart Skinner UTIL Connor McDavid W Leon Draisaitl W Cutter Gauthier W Tom Wilson,,Mattias Ekholm,D,3.70%,6.5
61,5285805556,blambeth2424,0,146.3,C Dylan Strome C Pierre-Luc Dubois D Connor Murphy D Martin Fehervary G Stuart Skinner UTIL Connor McDavid W Leon Draisaitl W Cutter Gauthier W Tom Wilson,,Jaden Schwartz,W,3.70%,16.5
61,5285893012,whiteduece,0,146.3,C Dylan Strome C Pierre-Luc Dubois D Connor Murphy D Martin Fehervary G Stuart Skinner UTIL Connor McDavid W Leon Draisaitl W Cutter Gauthier W Tom Wilson,,Ben Kindel,UTIL,3.48%,9.3
61,5285999689,FantasyGod101,0,146.3,C Dylan Strome C Pierre-Luc Dubois D Connor Murphy D Martin Fehervary G Stuart Skinner UTIL Connor McDavid W Leon Draisaitl W Cutter Gauthier W Tom Wilson,,Kaedan Korczak,D,3.37%,13.4
61,5286083116,mntwins2010,0,146.3,C Dylan Strome C Pierre-Luc Dubois D Connor Murphy D Martin Fehervary G Stuart Skinner UTIL Connor McDavid W Leon Draisaitl W Cutter Gauthier W Tom Wilson,,Gabriel Landeskog,W,3.14%,5.8
61,5286083488,littlebrassones,0,146.3,C Dylan Strome C Pierre-Luc Dubois D Connor Murphy D Martin Fehervary G Stuart Skinner UTIL Connor McDavid W Leon Draisaitl W Cutter Gauthier W Tom Wilson,,Alex Killorn,W,3.14%,3
61,5286101643,joecarterfan,0,146.3,C Dylan Strome C Pierre-Luc Dubois D Connor Murphy D Martin Fehervary G Stuart Skinner UTIL Connor McDavid W Leon Draisaitl W Cutter Gauthier W Tom Wilson,,Nick Robertson,W,3.03%,10
61,5286329450,wrabl,0,146.3,C Dylan Strome C Pierre-Luc Dubois D Connor Murphy D Martin Fehervary G Stuart Skinner UTIL Connor McDavid W Leon Draisaitl W Cutter Gauthier W Tom Wilson,,Connor Murphy,UTIL,3.03%,6.9
72,5286331939,loafinit,0,146.2,C Connor McDavid C Pierre-Luc Dubois D Evan Bouchard D Cole Hutson G Devon Levi UTIL Connor Murphy W Leon Draisaitl W Nazem Kadri W Filip Hallander,,Vasily Podkolzin,UTIL,2.92%,14.3
73,5285846591,tmaeder10,0,146.09999,C Tommy Novak C Ben Kindel D Evan Bouchard D Neal Pionk G Devon Levi UTIL Leon Draisaitl W Kyle Connor W Cole Perfetti W Nikita Klepov,,Dylan DeMelo,D,2.92%,1.3
74,5285949007,Opfor4481,0,145.9,C Connor McDavid C Pierre-Luc Dubois D Evan Bouchard D Cole Hutson G MacKenzie Blackwood UTIL Declan Carlile W Leon Draisaitl W Kasperi Kapanen W Anthony Beauvillier,,Pavel Mintyukov,D,2.92%,4.3
75,5285836066,SlyHolla,0,145.7,C Connor McDavid C Owen Michaels D Evan Bouchard D Josh Manson G Devon Levi UTIL Pierre-Luc Dubois W Leon Draisaitl W Vasily Podkolzin W Anthony Beauvillier,,Artturi Lehkonen,UTIL,2.81%,0
76,5285817311,mspozto,0,145.4,C Connor McDavid C Pierre-Luc Dubois D Evan Bouchard D Tristan Luneau G Stuart Skinner UTIL Connor Murphy W Leon Draisaitl W Jordan Kyrou W Anthony Beauvillier,,Nicolas Roy,C,2.81%,5.8
77,5285900298,metzykid23,0,144.9,C Connor McDavid C Pierre-Luc Dubois D Evan Bouchard D Noah Warren G Logan Thompson UTIL Owen Michaels W Leon Draisaitl W Vasily Podkolzin W Anthony Beauvillier,,Leon Draisaitl,UTIL,2.81%,27.3
78,5285936723,VegDon,0,144.79999,C Connor McDavid C Mikael Granlund D Tristan Luneau D Cole Hutson G Stuart Skinner UTIL Ryan Shea W Leon Draisaitl W Beckett Sennecke W Kasperi Kapanen,,Cole Perfetti,UTIL,2.69%,11.5
79,5286118807,krupstef,0,144.59999,C Connor McDavid C Pierre-Luc Dubois D Cale Makar D Cole Hutson G Logan Thompson UTIL Nick Robertson W Leon Draisaitl W Kasperi Kapanen W Anthony Beauvillier,,Samuel Girard,D,2.69%,6.5
80,5286113662,acim2887,0,144.2,C Leo Carlsson C Pierre-Luc Dubois D Jackson LaCombe D Josh Manson G Logan Thompson UTIL Tom Wilson W Cutter Gauthier W Alex Tuch W Beckett Sennecke,,Filip Hallander,W,2.58%,0
81,5285854345,CoffeeInBed,0,143.8,C Dylan Strome C Pierre-Luc Dubois D Jakob Chychrun D Timothy Liljegren G Stuart Skinner UTIL Alex Tuch W Leon Draisaitl W Cutter Gauthier W Tom Wilson,,Mikael Granlund,UTIL,2.47%,9.3
82,5285939829,ManceMajors,0,143.2,C Connor McDavid C Dylan Strome D Cole Hutson D Timothy Liljegren G Stuart Skinner UTIL Connor Murphy W Leon Draisaitl W Cutter Gauthier W Tom Wilson,,Dylan Strome,UTIL,2.47%,6.5
83,5285940315,Pavich12,0,142.59999,C Connor McDavid C Ben Kindel D Connor Murphy D Martin Fehervary G Stuart Skinner UTIL Leon Draisaitl W Cutter Gauthier W Tom Wilson W Ryan Leonard,,Beckett Sennecke,UTIL,2.36%,30.5
84,5285807648,lpratts,0,142,C Nathan MacKinnon C Pierre-Luc Dubois D Evan Bouchard D Neal Pionk G Devon Levi UTIL Dylan Samberg W Leon Draisaitl W Cole Perfetti W Anthony Beauvillier,,Sam Malinski,D,2.36%,1.5
84,5285975029,wildbill65,0,142,C Connor McDavid C Pierre-Luc Dubois D Mario Ferraro D Dylan DeMelo G Logan Thompson UTIL Dylan Strome W Leon Draisaitl W Alex Tuch W Tom Wilson,,Ryan Poehling,C,2.36%,0
84,5285977724,logan956,0,142,C Nathan MacKinnon C Pierre-Luc Dubois D Neal Pionk D Dylan Samberg G Devon Levi UTIL Evan Bouchard W Leon Draisaitl W Cole Perfetti W Anthony Beauvillier,,Bryan Rust,W,2.36%,15.6
84,5286046931,Woods24,0,142,C Nathan MacKinnon C Pierre-Luc Dubois D Neal Pionk D Dylan Samberg G Devon Levi UTIL Evan Bouchard W Leon Draisaitl W Cole Perfetti W Anthony Beauvillier,,Pierre-Luc Dubois,UTIL,2.24%,18
84,5286074239,ChazzDaMan2020,0,142,C Nathan MacKinnon C Pierre-Luc Dubois D Neal Pionk D Dylan Samberg G Devon Levi UTIL Evan Bouchard W Leon Draisaitl W Cole Perfetti W Anthony Beauvillier,,Brent Burns,D,2.24%,9.3
84,5286209131,Cashis89,0,142,C Nathan MacKinnon C Pierre-Luc Dubois D Neal Pionk D Dylan Samberg G Devon Levi UTIL Evan Bouchard W Leon Draisaitl W Cole Perfetti W Anthony Beauvillier,,Pavel Mintyukov,UTIL,2.24%,4.3
84,5286223195,bfowler0419,0,142,C Nathan MacKinnon C Pierre-Luc Dubois D Neal Pionk D Dylan Samberg G Devon Levi UTIL Evan Bouchard W Leon Draisaitl W Cole Perfetti W Anthony Beauvillier,,Nikita Klepov,W,2.13%,0
84,5286270849,jacks666,0,142,C Nathan MacKinnon C Pierre-Luc Dubois D Neal Pionk D Dylan Samberg G Devon Levi UTIL Evan Bouchard W Leon Draisaitl W Cole Perfetti W Anthony Beauvillier,,Kyle Connor,UTIL,2.13%,23
84,5286336627,sweeptheleg,0,142,C Nathan MacKinnon C Pierre-Luc Dubois D Neal Pionk D Dylan Samberg G Devon Levi UTIL Evan Bouchard W Leon Draisaitl W Cole Perfetti W Anthony Beauvillier,,Owen Michaels,C,2.02%,1.5
84,5286337164,Handcuff2006,0,142,C Nathan MacKinnon C Pierre-Luc Dubois D Neal Pionk D Dylan Samberg G Devon Levi UTIL Evan Bouchard W Leon Draisaitl W Cole Perfetti W Anthony Beauvillier,,Nazem Kadri,UTIL,2.02%,7.3
84,5286338195,phalluspilsnermaker,0,142,C Nathan MacKinnon C Pierre-Luc Dubois D Neal Pionk D Dylan Samberg G Devon Levi UTIL Evan Bouchard W Leon Draisaitl W Cole Perfetti W Anthony Beauvillier,,Alex Iafallo,W,2.02%,4.3
95,5285724172,terryf20,0,141.9,C Connor McDavid C Pierre-Luc Dubois D Evan Bouchard D Tristan Luneau G Stuart Skinner UTIL Connor Murphy W Leon Draisaitl W Egor Chinakhov W Anthony Beauvillier,,Jordan Kyrou,W,1.91%,6.5
95,5285896349,gaboy1417,0,141.9,C Connor McDavid C Pierre-Luc Dubois D Evan Bouchard D Tristan Luneau G Stuart Skinner UTIL Connor Murphy W Leon Draisaitl W Egor Chinakhov W Anthony Beauvillier,,Ville Koivunen,W,1.91%,2.8
95,5286166852,mattbpoole,0,141.9,C Connor McDavid C Pierre-Luc Dubois D Evan Bouchard D Tristan Luneau G Stuart Skinner UTIL Connor Murphy W Leon Draisaitl W Egor Chinakhov W Anthony Beauvillier,,Tommy Novak,UTIL,1.91%,15.6
98,5286168125,Henry113,0,141.7,C Connor McDavid C Dylan Strome D Evan Bouchard D Jackson LaCombe G Logan Thompson UTIL Pierre-Luc Dubois W Vasily Podkolzin W Kasperi Kapanen W Anthony Beauvillier,,Gabriel Vilardi,W,1.91%,3
99,5286011242,jer4940,0,141.5,C Connor McDavid C Ilya Protas D Jakob Chychrun D Ryan Shea G Logan Thompson UTIL Evan Bouchard W Beckett Sennecke W Tom Wilson W Boone Jenner,,Jake Walman,D,1.80%,8.4
100,5286165038,Timpegoose,0,141.1,C Mikael Granlund C Pierre-Luc Dubois D Cale Makar D Jakob Chychrun G Logan Thompson UTIL Alex Killorn W Alex Tuch W Beckett Sennecke W Tom Wilson,,Nicolas Roy,UTIL,1.80%,5.8
101,5285880096,randomjank,0,141,C Connor McDavid C Ilya Protas D Evan Bouchard D Martin Fehervary G Stuart Skinner UTIL Leon Draisaitl W Vasily Podkolzin W Kasperi Kapanen W Alex Iafallo,,Jackson LaCombe,UTIL,1.68%,7.6
102,5285780190,captainzen,0,140.9,C Connor McDavid C Mikael Granlund D Evan Bouchard D Timothy Liljegren G Logan Thompson UTIL Vasily Podkolzin W Beckett Sennecke W Alex Killorn W Anthony Beauvillier,,Nathan MacKinnon,UTIL,1.68%,1.5
103,5285833806,THAKZZA,0,140.59999,C Connor McDavid C Ilya Protas D Cole Hutson D Connor Murphy G Stuart Skinner UTIL Dylan Strome W Leon Draisaitl W Cutter Gauthier W Tom Wilson,,Mario Ferraro,D,1.68%,0
104,5285993922,aromarks,0,140.5,C Connor McDavid C Pierre-Luc Dubois D Evan Bouchard D Connor Murphy G Logan Thompson UTIL Martin Fehervary W Leon Draisaitl W Nazem Kadri W Anthony Beauvillier,,Adam Lowry,C,1.57%,3
105,5285857379,lsbruehl,0,140.20001,C Connor McDavid C Tommy Novak D Dylan Samberg D Kaedan Korczak G Logan Thompson UTIL Ben Kindel W Leon Draisaitl W Vasily Podkolzin W Nazem Kadri,,Tom Wilson,UTIL,1.57%,27.1
106,5285946128,FarmHallFalls,0,139.9,C Connor McDavid C Pierre-Luc Dubois D Cole Hutson D Martin Fehervary G Stuart Skinner UTIL Evan Bouchard W Leon Draisaitl W Egor Chinakhov W A.J. Greer,,Martin Necas,UTIL,1.57%,4.5
107,5285848344,buckstar,0,139.8,C Connor McDavid C Pierre-Luc Dubois D Evan Bouchard D Noah Warren G Devon Levi UTIL Josh Manson W Leon Draisaitl W Vasily Podkolzin W Parker Kelly,,Egor Chinakhov,UTIL,1.57%,3
108,5285981916,jeffreyride,0,139.7,C Mark Scheifele C Pierre-Luc Dubois D Neal Pionk D Connor Murphy G Logan Thompson UTIL Evan Bouchard W Kyle Connor W Vasily Podkolzin W Cole Perfetti,,Tristan Luneau,UTIL,1.57%,0
109,5285890993,brainwelling,0,139.3,C Connor McDavid C Pierre-Luc Dubois D Evan Bouchard D Tristan Luneau G Stuart Skinner UTIL Ryan Shea W Leon Draisaitl W Egor Chinakhov W Anthony Beauvillier,,Jaden Schwartz,UTIL,1.35%,16.5
110,5286011629,JaysonHill,0,139.09999,C Connor McDavid C Pierre-Luc Dubois D Cole Hutson D Ryan Shea G Logan Thompson UTIL Tristan Luneau W Leon Draisaitl W Alex Tuch W Kasperi Kapanen,,Vincent Desharnais,D,1.35%,2.6
111,5285830029,Minlaian1000,0,138.4,C Dylan Strome C Ilya Protas D Evan Bouchard D Martin Fehervary G Logan Thompson UTIL Connor McDavid W Leon Draisaitl W Kasperi Kapanen W Jaden Schwartz,,Kasperi Kapanen,UTIL,1.23%,15.6
111,5285890178,justutah,0,138.4,C Connor McDavid C Pierre-Luc Dubois D Evan Bouchard D Tristan Luneau G Logan Thompson UTIL Connor Murphy W Leon Draisaitl W Jaden Schwartz W Filip Hallander,,Aliaksei Protas,W,1.23%,1.5
111,5286063978,Riffraff76,0,138.4,C Connor McDavid C Dylan Strome D Evan Bouchard D Kaedan Korczak G Stuart Skinner UTIL Hendrix Lapierre W Leon Draisaitl W Alex Ovechkin W Anthony Beauvillier,,Viggo Bjorck,C,1.23%,1.5
111,5286331697,Rather_Dashing,0,138.4,C Mark Scheifele C Pierre-Luc Dubois D Josh Morrissey D Tristan Luneau G Stuart Skinner UTIL Kyle Connor W Alex Tuch W Tom Wilson W Cole Perfetti,,Ryan Shea,UTIL,1.23%,4.3
115,5286001341,markmajors,0,138.3,C Mark Scheifele C Pierre-Luc Dubois D Josh Morrissey D Declan Carlile G Logan Thompson UTIL Tom Wilson W Kyle Connor W Alex Tuch W Cole Perfetti,,Parker Kelly,UTIL,1.23%,1.5
116,5285820339,garryld1949,0,138.2,C Connor McDavid C Pierre-Luc Dubois D Evan Bouchard D Cole Hutson G Scott Wedgewood UTIL Declan Carlile W Leon Draisaitl W Kasperi Kapanen W Jeff Malott,,Brett Kulak,D,1.12%,9.3
117,5285814884,Gabor_33,0,137.9,C Connor McDavid C Ben Kindel D Cale Makar D Declan Carlile G Stuart Skinner UTIL Kyle Connor W Tom Wilson W Cole Perfetti W Parker Kelly,,A.J. Greer,UTIL,1.12%,1.5
117,5285993032,mrclean913,0,137.9,C Mark Scheifele C Pierre-Luc Dubois D Jackson LaCombe D Pavel Mintyukov G Stuart Skinner UTIL Cutter Gauthier W Kyle Connor W Tom Wilson W Cole Perfetti,,Sidney Crosby,UTIL,1.12%,3
119,5285885058,griffalicious24,0,137.8,C Nathan MacKinnon C Pierre-Luc Dubois D Connor Murphy D Martin Fehervary G Stuart Skinner UTIL Connor McDavid W Leon Draisaitl W Tom Wilson W Anthony Beauvillier,,Hendrix Lapierre,UTIL,1.01%,1.5
119,5286180249,CashLineCriminal,0,137.8,C Nathan MacKinnon C Pierre-Luc Dubois D Connor Murphy D Martin Fehervary G Stuart Skinner UTIL Connor McDavid W Leon Draisaitl W Tom Wilson W Anthony Beauvillier,,Alex Killorn,UTIL,1.01%,3
119,5286234678,tzshannon,0,137.8,C Nathan MacKinnon C Pierre-Luc Dubois D Connor Murphy D Martin Fehervary G Stuart Skinner UTIL Connor McDavid W Leon Draisaitl W Tom Wilson W Anthony Beauvillier,,Declan Carlile,UTIL,1.01%,6.9
119,5286280445,Petethebeach,0,137.8,C Connor McDavid C Dylan Strome D Kris Letang D Josh Manson G Logan Thompson UTIL Evan Bouchard W Alex Tuch W Tom Wilson W Boone Jenner,,Ryan Leonard,UTIL,1.01%,11.5
123,5286106526,eric.morris,0,137.7,C Connor McDavid C Pierre-Luc Dubois D Connor Murphy D Timothy Liljegren G Devon Levi UTIL Cutter Gauthier W Leon Draisaitl W Vasily Podkolzin W Anthony Beauvillier,,Isak Rosen,W,1.01%,2.8
124,5285952612,dallas1fan21,0,137.6,C Connor McDavid C Dylan Strome D Evan Bouchard D Martin Fehervary G Stuart Skinner UTIL Leon Draisaitl W Vasily Podkolzin W Hendrix Lapierre W Anthony Beauvillier,,Boone Jenner,UTIL,1.01%,5.6
125,5286311890,Johnny_Great,0,137.3,C Connor McDavid C Ben Kindel D Evan Bouchard D Timothy Liljegren G Stuart Skinner UTIL Ryan Shea W Leon Draisaitl W Vasily Podkolzin W Alex Formenton,,Trevor van Riemsdyk,D,0.90%,2.8
126,5286317243,Choker12,0,137.09999,C Connor McDavid C Ben Kindel D Evan Bouchard D Samuel Girard G Stuart Skinner UTIL Parker Kelly W Leon Draisaitl W Vasily Podkolzin W Hendrix Lapierre,,Alex Tuch,UTIL,0.90%,23.1
127,5286268833,Prparent,0,136.3,C Connor McDavid C Ilya Protas D Evan Bouchard D Ryan Shea G Arturs Silovs UTIL Alex Killorn W Leon Draisaitl W Beckett Sennecke W Jaden Schwartz,,Anthony Beauvillier,UTIL,0.90%,10
128,5286274647,mjscott8824,0,135.8,C Dylan Strome C Pierre-Luc Dubois D Jakob Chychrun D Mario Ferraro G Logan Thompson UTIL Beckett Sennecke W Kyle Connor W Cutter Gauthier W Tom Wilson,,Brock Nelson,UTIL,0.90%,2.6
129,5286057835,mjellis11,0,135.5,C Connor McDavid C Pierre-Luc Dubois D Connor Murphy D Timothy Liljegren G Stuart Skinner UTIL Leo Carlsson W Leon Draisaitl W Cutter Gauthier W Anthony Beauvillier,,Cale Makar,UTIL,0.90%,12.9
129,5286245129,Marsharks,0,135.5,C Leo Carlsson C Pierre-Luc Dubois D Connor Murphy D Timothy Liljegren G Stuart Skinner UTIL Connor McDavid W Leon Draisaitl W Cutter Gauthier W Anthony Beauvillier,,Morgan Barron,W,0.90%,2.6
131,5285828235,CrypticalDevelopment,0,134.9,C Connor McDavid C Dylan Strome D Evan Bouchard D Neal Pionk G Logan Thompson UTIL Pierre-Luc Dubois W Alex Ovechkin W Tom Wilson W A.J. Greer,,Owen Michaels,UTIL,0.90%,1.5
132,5286227903,Caesar88,0,134.79999,C Connor McDavid C Mikael Granlund D Tristan Luneau D Cole Hutson G Logan Thompson UTIL Connor Murphy W Leon Draisaitl W Beckett Sennecke W Anthony Beauvillier,,Alex Ovechkin,UTIL,0.79%,3
133,5286015560,martini13,0,134.3,C Connor McDavid C Nicolas Roy D Evan Bouchard D Ryan Shea G Stuart Skinner UTIL Mark Scheifele W Kyle Connor W Cole Perfetti W Parker Kelly,,Nick Robertson,UTIL,0.67%,10
134,5286193266,plewis247,0,134,C Connor McDavid C Ilya Protas D Evan Bouchard D Connor Murphy G Logan Thompson UTIL Leon Draisaitl W Vasily Podkolzin W Alex Iafallo W Anthony Beauvillier,,Trent Frederic,W,0.67%,1.3
134,5286209312,jpungjerm,0,134,C Connor McDavid C Ryan Poehling D Cole Hutson D Connor Murphy G Logan Thompson UTIL Evan Bouchard W Leon Draisaitl W A.J. Greer W Jaden Schwartz,,Evgeni Malkin,UTIL,0.67%,1.5
134,5286258483,asmith233,0,134,C Dylan Strome C Pierre-Luc Dubois D Jake Walman D Mattias Ekholm G Logan Thompson UTIL Connor McDavid W Leon Draisaitl W Tom Wilson W T.J. Hughes,,Ryan Poehling,UTIL,0.67%,0
137,5285934323,ajb3247,0,133.5,C Connor McDavid C Pierre-Luc Dubois D Tristan Luneau D Mario Ferraro G Stuart Skinner UTIL Cutter Gauthier W Vasily Podkolzin W Beckett Sennecke W Cole Perfetti,,Martin Fehervary,UTIL,0.67%,1.3
138,5285772391,pickens81,0,133.2,C Dylan Strome C Pierre-Luc Dubois D Evan Bouchard D Dylan Samberg G Logan Thompson UTIL Mark Scheifele W Kyle Connor W Gabriel Vilardi W Cole Perfetti,,Nikita Nesterenko,W,0.67%,1.5
139,5285902602,jasper55,0,133,C Connor McDavid C Pierre-Luc Dubois D Cole Hutson D Connor Murphy G Logan Thompson UTIL Dylan Strome W Leon Draisaitl W Cutter Gauthier W Anthony Beauvillier,,Nikita Klepov,UTIL,0.67%,0
139,5286073461,OnPoint41,0,133,C Connor McDavid C Ilya Protas D Evan Bouchard D Timothy Liljegren G Stuart Skinner UTIL Leon Draisaitl W Vasily Podkolzin W Jordan Kyrou W Morgan Barron,,Justin Sourdif,C,0.56%,1.3
139,5286278847,recelle73,0,133,C Connor McDavid C Pierre-Luc Dubois D Evan Bouchard D Tristan Luneau G Logan Thompson UTIL Nikita Klepov W Leon Draisaitl W T.J. Hughes W Jaden Schwartz,,Fedor Svechkov,C,0.56%,17.8
142,5285872098,Paulo21613,0,132.90001,C Connor McDavid C Pierre-Luc Dubois D Timothy Liljegren D Brett Kulak G Devon Levi UTIL Cutter Gauthier W Leon Draisaitl W Vasily Podkolzin W Isak Rosen,,Alex Formenton,W,0.56%,1.3
143,5286003159,twin257,0,132.7,C Leo Carlsson C Brock Nelson D Evan Bouchard D Declan Carlile G Logan Thompson UTIL Vasily Podkolzin W Beckett Sennecke W Cole Perfetti W Ryan Leonard,,Mark Scheifele,UTIL,0.56%,11.5
144,5285714345,devastato,0,132.5,C Connor McDavid C Adam Lowry D Cole Hutson D Declan Carlile G Devon Levi UTIL Vasily Podkolzin W Kyle Connor W Alex Tuch W Jordan Kyrou,,Clay Stevenson,G,0.56%,0
145,5286025817,CheersToBu,0,132.3,C Connor McDavid C Ilya Protas D Neal Pionk D Dylan Samberg G Logan Thompson UTIL Kasperi Kapanen W Leon Draisaitl W Vasily Podkolzin W Cole Perfetti,,T.J. Hughes,UTIL,0.56%,1.5
146,5285697634,stock2mail,0,132.2,C Connor McDavid C Ilya Protas D Neal Pionk D Timothy Liljegren G Devon Levi UTIL Evan Bouchard W Leon Draisaitl W Vasily Podkolzin W Trent Frederic,,Ilya Protas,UTIL,0.56%,1.5
147,5285969077,KnoxHerrington,0,131.9,C Connor McDavid C Pierre-Luc Dubois D Tristan Luneau D Cole Hutson G Logan Thompson UTIL Leon Draisaitl W Vasily Podkolzin W Cole Perfetti W Anthony Beauvillier,,Noah Warren,D,0.56%,4.1
148,5286312098,tojoas,0,131.4,C Dylan Strome C Pierre-Luc Dubois D Jakob Chychrun D Jackson LaCombe G Stuart Skinner UTIL Cutter Gauthier W Kyle Connor W Tom Wilson W Cole Perfetti,,Cole Hutson,UTIL,0.56%,12.1
149,5285836879,RMF56300,0,131,C Connor McDavid C Adam Lowry D Evan Bouchard D Timothy Liljegren G Logan Thompson UTIL Morgan Barron W Leon Draisaitl W Vasily Podkolzin W Anthony Beauvillier,,Josh Morrissey,UTIL,0.56%,2.8
150,5285777552,tbjones2121,0,130.6,C Dylan Strome C Pierre-Luc Dubois D Jakob Chychrun D Erik Karlsson G Devon Levi UTIL Evan Bouchard W Alex Ovechkin W Tom Wilson W Kasperi Kapanen,,Kris Letang,UTIL,0.56%,5.8
151,5286013013,Nick628,0,130.5,C Connor McDavid C Viggo Bjorck D Evan Bouchard D Neal Pionk G Logan Thompson UTIL Vasily Podkolzin W Tom Wilson W Nazem Kadri W T.J. Hughes,,Gabriel Landeskog,UTIL,0.56%,5.8
152,5285877716,jchab87,0,130.4,C Connor McDavid C Mark Scheifele D Neal Pionk D Timothy Liljegren G Stuart Skinner UTIL Vasily Podkolzin W Leon Draisaitl W Kasperi Kapanen W Isak Rosen,,Travis Mitchell,D,0.45%,3
152,5285881811,titanhawks,0,130.4,C Connor McDavid C Dylan Strome D Evan Bouchard D Tristan Luneau G Stuart Skinner UTIL Ryan Shea W Leon Draisaitl W Kasperi Kapanen W Filip Hallander,,Adam Lowry,UTIL,0.45%,3
152,5286342039,sutogame,0,130.4,C Connor McDavid C Mikael Granlund D Dylan Samberg D Timothy Liljegren G Stuart Skinner UTIL Leo Carlsson W Cutter Gauthier W Beckett Sennecke W Alex Killorn,,Jordan Kyrou,UTIL,0.45%,6.5
155,5286064051,stayeduptolate,0,130.29999,C Connor McDavid C Mikael Granlund D Jackson LaCombe D Pavel Mintyukov G Stuart Skinner UTIL Leon Draisaitl W Beckett Sennecke W Alex Killorn W Morgan Barron,,Jeff Malott,W,0.45%,3
156,5285822969,J-ROCK1013,0,130.2,C Tommy Novak C Ben Kindel D Evan Bouchard D Josh Morrissey G Stuart Skinner UTIL Leo Carlsson W Kyle Connor W Cole Perfetti W Boone Jenner,,Mattias Ekholm,UTIL,0.45%,6.5
157,5286208662,pwsk77,0,130.09999,C Dylan Strome C Pierre-Luc Dubois D Tristan Luneau D Neal Pionk G Stuart Skinner UTIL Connor McDavid W Leon Draisaitl W Cutter Gauthier W Anthony Beauvillier,,Josh Manson,UTIL,0.45%,0
158,5285838635,jokerdpo,0,129.90001,C Mikael Granlund C Pierre-Luc Dubois D Josh Morrissey D Jackson LaCombe G Logan Thompson UTIL Cale Makar W Beckett Sennecke W Tom Wilson W Nazem Kadri,,Vladislav Namestnikov,C,0.45%,1.3
159,5286311910,jeffylube,0,129.7,C Ben Kindel C Pierre-Luc Dubois D Connor Murphy D Martin Fehervary G Stuart Skinner UTIL Nathan MacKinnon W Leon Draisaitl W Cutter Gauthier W Beckett Sennecke,,Ty Emberson,D,0.45%,1.3
160,5285868583,Fuzz988,0,129.4,C Connor McDavid C Vladislav Namestnikov D Ryan Shea D Kaedan Korczak G Arturs Silovs UTIL Evan Bouchard W Leon Draisaitl W Vasily Podkolzin W Kasperi Kapanen,,Samuel Girard,UTIL,0.34%,6.5
160,5286322084,broww111,0,129.4,C Connor McDavid C Tommy Novak D Cole Hutson D Brent Burns G Logan Thompson UTIL Mikael Granlund W Leon Draisaitl W Aliaksei Protas W Kasperi Kapanen,,Morgan Barron,UTIL,0.34%,2.6
162,5285821257,79Cosmo,0,129.09999,C Connor McDavid C Dylan Strome D Evan Bouchard D Timothy Liljegren G Stuart Skinner UTIL Hendrix Lapierre W Leon Draisaitl W Alex Ovechkin W Anthony Beauvillier,,Vladislav Namestnikov,UTIL,0.34%,1.3
163,5285913361,dnash7,0,128.8,C Dylan Strome C Pierre-Luc Dubois D Evan Bouchard D Cale Makar G Stuart Skinner UTIL Parker Kelly W Kyle Connor W Martin Necas W Anthony Beauvillier,,Neal Pionk,UTIL,0.34%,9.1
164,5285821814,Dmerkel1980,0,128.7,C Connor McDavid C Ilya Protas D Evan Bouchard D Devon Toews G Devon Levi UTIL Mattias Ekholm W Leon Draisaitl W Ryan Leonard W Alex Iafallo,,Jakob Chychrun,UTIL,0.34%,2.8
165,5286337581,137666,0,128.6,C Connor McDavid C Nathan MacKinnon D Devon Toews D Pavel Mintyukov G Stuart Skinner UTIL Evan Bouchard W Beckett Sennecke W Anthony Beauvillier W Morgan Barron,,Dylan Samberg,UTIL,0.34%,14.3
166,5285554530,stender39,0,128.3,C Connor McDavid C Ilya Protas D Evan Bouchard D Martin Fehervary G Devon Levi UTIL Kasperi Kapanen W Leon Draisaitl W Jordan Kyrou W Parker Kelly,,Scott Wedgewood,G,0.34%,0
166,5285829375,MadeFromMetal,0,128.3,C Mikael Granlund C Adam Lowry D Neal Pionk D Connor Murphy G Logan Thompson UTIL Beckett Sennecke W Leon Draisaitl W Cutter Gauthier W Vasily Podkolzin,,Ville Koivunen,UTIL,0.34%,2.8
168,5285851389,nrlane24,0,128.09999,C Mikael Granlund C Tommy Novak D Evan Bouchard D Tristan Luneau G Stuart Skinner UTIL Sidney Crosby W Vasily Podkolzin W Beckett Sennecke W Alex Killorn,,Alex Formenton,UTIL,0.34%,1.3
168,5286326136,touchdowntouch,0,128.09999,C Connor McDavid C Ilya Protas D Evan Bouchard D Timothy Liljegren G Logan Thompson UTIL Beckett Sennecke W Vasily Podkolzin W Jordan Kyrou W Aliaksei Protas,,Blake Lizotte,C,0.34%,7.8
170,5285971941,ihateurmomsson,0,127.9,C Mikael Granlund C Ben Kindel D Evan Bouchard D Jackson LaCombe G Logan Thompson UTIL Ryan Leonard W Vasily Podkolzin W Beckett Sennecke W Artturi Lehkonen,,Isaac Howard,W,0.34%,0
171,5285723453,wdm426,0,127.7,C Connor McDavid C Dylan Strome D Mattias Ekholm D Timothy Liljegren G Logan Thompson UTIL Alex Tuch W Leon Draisaitl W Cole Perfetti W Anthony Beauvillier,,Devon Toews,UTIL,0.34%,3
171,5285981672,jbarcomb920,0,127.7,C Ilya Protas C Owen Michaels D Evan Bouchard D Ryan Shea G MacKenzie Blackwood UTIL Connor McDavid W Leon Draisaitl W Tom Wilson W Nick Robertson,,Bryan Rust,UTIL,0.34%,15.6
173,5286113876,fraz27,0,127.6,C Connor McDavid C Mikael Granlund D Evan Bouchard D Tristan Luneau G Stuart Skinner UTIL Ryan Shea W Leon Draisaitl W Anthony Beauvillier W Filip Hallander,,Jake Walman,UTIL,0.22%,8.4
174,5285950497,mikeag1,0,127.40001,C Leo Carlsson C Pierre-Luc Dubois D Jake Walman D Devon Toews G Logan Thompson UTIL Connor McDavid W Beckett Sennecke W Nazem Kadri W Cole Perfetti,,Erik Karlsson,UTIL,0.22%,7.3
174,5286001262,charlesrayallday,0,127.40001,C Nathan MacKinnon C Pierre-Luc Dubois D Dylan Samberg D Martin Fehervary G Stuart Skinner UTIL Connor McDavid W Cutter Gauthier W Alex Tuch W Anthony Beauvillier,,Sam Malinski,UTIL,0.22%,1.5
174,5285998586,draftjoshallen19,0,127.4,C Leo Carlsson C Ryan Poehling D Neal Pionk D Ty Emberson G Stuart Skinner UTIL Cutter Gauthier W Leon Draisaitl W Vasily Podkolzin W Beckett Sennecke,,Mathieu Joseph,W,0.22%,1.3
177,5286285390,RealNeil3,0,127.30001,C Mikael Granlund C Pierre-Luc Dubois D Jakob Chychrun D Jackson LaCombe G Logan Thompson UTIL Nazem Kadri W Alex Tuch W Vasily Podkolzin W Beckett Sennecke,,Nino Niederreiter,W,0.22%,0
178,5286064916,gcarolthomas66,0,126.899994,C Leo Carlsson C Mikael Granlund D Jackson LaCombe D Ryan Shea G MacKenzie Blackwood UTIL Vasily Podkolzin W Alex Tuch W Beckett Sennecke W Tom Wilson,,Fedor Svechkov,UTIL,0.22%,17.8
179,5286295205,bleeski,0,126.700005,C Dylan Strome C Ilya Protas D Jakob Chychrun D Dylan Samberg G Stuart Skinner UTIL Connor McDavid W Leon Draisaitl W Tom Wilson W Aliaksei Protas,,Connor Dewar,W,0.22%,0
180,5286319626,caboguy,0,126.59999,C Connor McDavid C Ben Kindel D Connor Murphy D Samuel Girard G Devon Levi UTIL Mark Scheifele W Leon Draisaitl W Cole Perfetti W Nick Robertson,,Timothy Liljegren,UTIL,0.22%,4.1
181,5286237434,Birdman011,0,126.5,C Brock Nelson C Mikael Granlund D Tristan Luneau D Cole Hutson G Logan Thompson UTIL Kyle Connor W Alex Tuch W Beckett Sennecke W Cole Perfetti,,Alex Iafallo,UTIL,0.22%,4.3
182,5286179059,seminolefs,0,126,C Leo Carlsson C Pierre-Luc Dubois D Jackson LaCombe D Brett Kulak G Logan Thompson UTIL Cutter Gauthier W Alex Tuch W Alex Ovechkin W Tom Wilson,,Gabriel Vilardi,UTIL,0.22%,3
183,5286149256,TinyGiant99,0,125.899994,C Connor McDavid C Ben Kindel D Declan Carlile D Samuel Girard G Devon Levi UTIL Dylan Strome W Leon Draisaitl W Vasily Podkolzin W Cole Perfetti,,Rickard Rakell,UTIL,0.22%,7.1
184,5286134128,gorillabiscuit,0,125.600006,C Connor McDavid C Ilya Protas D Evan Bouchard D Martin Fehervary G Logan Thompson UTIL Anthony Beauvillier W Leon Draisaitl W Vasily Podkolzin W Parker Kelly,,Noah Juulsen,D,0.22%,0
184,5286341768,antlew33,0,125.6,C Connor McDavid C Ilya Protas D Sam Malinski D Cole Hutson G Logan Thompson UTIL Evan Bouchard W Beckett Sennecke W Gabriel Vilardi W Nazem Kadri,,Nino Niederreiter,UTIL,0.11%,0
186,5285926566,xokkeu,0,125.50001,C Connor McDavid C Pierre-Luc Dubois D Kris Letang D Sam Malinski G MacKenzie Blackwood UTIL Beckett Sennecke W Alex Tuch W Vasily Podkolzin W Nazem Kadri,,Brent Burns,UTIL,0.11%,9.3
186,5286296192,wolfer,0,125.50001,C Connor McDavid C Pierre-Luc Dubois D Jakob Chychrun D Connor Murphy G Stuart Skinner UTIL Martin Fehervary W Leon Draisaitl W Cutter Gauthier W Anthony Beauvillier,,Viggo Bjorck,UTIL,0.11%,1.5
188,5286249636,EasyGene2,0,125.3,C Connor McDavid C Leo Carlsson D Connor Murphy D Martin Fehervary G Stuart Skinner UTIL Cole Hutson W Martin Necas W Vasily Podkolzin W Beckett Sennecke,,Sergei Murashov,G,0.11%,0
188,5286320831,BolasViejas,0,125.3,C Brock Nelson C Fedor Svechkov D Evan Bouchard D Jakob Chychrun G Logan Thompson UTIL Jordan Kyrou W Alex Tuch W Artturi Lehkonen W Tom Wilson,,Ryan Nugent-Hopkins,C,0.11%,0
190,5285938778,starsfanjohn09,0,125.200005,C Leo Carlsson C Ben Kindel D Jackson LaCombe D Kris Letang G Stuart Skinner UTIL Beckett Sennecke W Cutter Gauthier W Bryan Rust W Cole Perfetti,,Tyson Hinds,D,0.11%,4.3
191,5286167372,oilers99sk,0,125.1,C Connor McDavid C Vladislav Namestnikov D Evan Bouchard D Declan Carlile G Arturs Silovs UTIL Jaden Schwartz W Leon Draisaitl W Vasily Podkolzin W Boone Jenner,,Colton Dach,UTIL,0.11%,0
192,5285830331,cosmo407,0,124.8,C Nathan MacKinnon C Pierre-Luc Dubois D Jakob Chychrun D Cole Hutson G Logan Thompson UTIL Ryan Leonard W Alex Tuch W Vasily Podkolzin W Tom Wilson,,Frank Vatrano,W,0.11%,0
192,5286188653,Angel3176,0,124.8,C Connor McDavid C Brock Nelson D Kaedan Korczak D Dylan DeMelo G Devon Levi UTIL Gabriel Landeskog W Leon Draisaitl W Vasily Podkolzin W Jaden Schwartz,,Aliaksei Protas,UTIL,0.11%,1.5
192,5286194221,CraigBerger23,0,124.8,C Connor McDavid C Owen Michaels D Neal Pionk D Cole Hutson G Stuart Skinner UTIL Leon Draisaitl W Cutter Gauthier W Vasily Podkolzin W Alex Formenton,,Filip Hallander,UTIL,0.11%,0
195,5285790404,jacoborsak23,0,124.600006,C Tommy Novak C Nicolas Roy D Evan Bouchard D Declan Carlile G Arturs Silovs UTIL Connor McDavid W Leon Draisaitl W Vasily Podkolzin W Parker Kelly,,Tristan Jarry,G,0.11%,0
195,5286117968,Oliveira088,0,124.600006,C Connor McDavid C Nicolas Roy D Evan Bouchard D Declan Carlile G Arturs Silovs UTIL Tommy Novak W Leon Draisaitl W Vasily Podkolzin W Parker Kelly,,Isaac Howard,UTIL,0.11%,0
197,5286244996,Davidstillwell,0,124.200005,C Nathan MacKinnon C Pierre-Luc Dubois D Dylan Samberg D Connor Murphy G Stuart Skinner UTIL Connor McDavid W Cutter Gauthier W Vasily Podkolzin W Anthony Beauvillier,,Brad Lambert,W,0.11%,0
198,5286327812,domodeath1,0,124.100006,C Connor McDavid C Dylan Strome D Declan Carlile D Kaedan Korczak G Logan Thompson UTIL Evan Bouchard W Alex Tuch W Alex Ovechkin W Parker Kelly,,Carter Savoie,W,0.11%,0
198,5285935391,July40521,0,124.1,C Connor McDavid C Dylan Strome D Evan Bouchard D Cole Hutson G Stuart Skinner UTIL Tristan Luneau W Leon Draisaitl W A.J. Greer W Filip Hallander,,Tim Washe,C,0.11%,4.1
198,5286331653,Clearwax710,0,124.1,C Ben Kindel C Nicolas Roy D Evan Bouchard D Cole Hutson G Clay Stevenson UTIL Connor McDavid W Leon Draisaitl W Vasily Podkolzin W Filip Hallander,,,
201,5285821293,WiLDM4Ch1NE,0,124,C Connor McDavid C Viggo Bjorck D Neal Pionk D Cole Hutson G Logan Thompson UTIL Pierre-Luc Dubois W Leon Draisaitl W Vasily Podkolzin W Gabriel Vilardi,,,
201,5286211163,AJMIII,0,124,C Connor McDavid C Pierre-Luc Dubois D Declan Carlile D Josh Manson G Arturs Silovs UTIL Leon Draisaitl W Cutter Gauthier W Beckett Sennecke W Boone Jenner,,,
203,5286235303,sirleged7777,0,123.9,C Ilya Protas C Owen Michaels D Evan Bouchard D Jackson LaCombe G Logan Thompson UTIL Leon Draisaitl W Cutter Gauthier W Kasperi Kapanen W Ryan Leonard,,,
204,5286095897,Waterpig71,0,123.8,C Connor McDavid C Pierre-Luc Dubois D Jakob Chychrun D Josh Manson G Logan Thompson UTIL Ryan Shea W Leon Draisaitl W Tom Wilson W Boone Jenner,,,
205,5285722049,Sprtsguy,0,123.7,C Mark Scheifele C Brock Nelson D Jackson LaCombe D Tristan Luneau G Stuart Skinner UTIL Tommy Novak W Kyle Connor W Beckett Sennecke W Cole Perfetti,,,
206,5286218486,thehoff11,0,123.6,C Leo Carlsson C Pierre-Luc Dubois D Jackson LaCombe D Jake Walman G Logan Thompson UTIL Tom Wilson W Cutter Gauthier W Alex Tuch W A.J. Greer,,,
207,5286026639,nicepicks,0,123.3,C Connor McDavid C Dylan Strome D Pavel Mintyukov D Kaedan Korczak G Logan Thompson UTIL Alex Tuch W Leon Draisaitl W Artturi Lehkonen W Anthony Beauvillier,,,
208,5285743679,thirlbyM14,0,123.200005,C Connor McDavid C Ryan Poehling D Evan Bouchard D Brett Kulak G Logan Thompson UTIL Morgan Barron W Leon Draisaitl W Vasily Podkolzin W Nikita Klepov,,,
209,5286243878,meyers2305,0,123,C Connor McDavid C Mikael Granlund D Jackson LaCombe D Martin Fehervary G Stuart Skinner UTIL Leo Carlsson W Vasily Podkolzin W Beckett Sennecke W Alex Iafallo,,,
210,5285849496,Drewski9090,0,122.9,C Nathan MacKinnon C Pierre-Luc Dubois D Cale Makar D Timothy Liljegren G Stuart Skinner UTIL Alex Formenton W Cutter Gauthier W Alex Tuch W Tom Wilson,,,
211,5285872322,bleedinghanson,0,122.69999,C Connor McDavid C Pierre-Luc Dubois D Evan Bouchard D Samuel Girard G MacKenzie Blackwood UTIL Ben Kindel W Leon Draisaitl W Boone Jenner W Nino Niederreiter,,,
212,5286009868,Steven_1974,0,122.600006,C Mark Scheifele C Ilya Protas D Jackson LaCombe D Pavel Mintyukov G Stuart Skinner UTIL Mikael Granlund W Kyle Connor W Cutter Gauthier W Beckett Sennecke,,,
213,5286258733,tcarv4,0,122.50001,C Connor McDavid C Adam Lowry D Evan Bouchard D Martin Fehervary G Logan Thompson UTIL Leon Draisaitl W Vasily Podkolzin W Alex Iafallo W Morgan Barron,,,
214,5286259716,jepst14,0,121.700005,C Connor McDavid C Mikael Granlund D Declan Carlile D Connor Murphy G Stuart Skinner UTIL Ben Kindel W Leon Draisaitl W Cutter Gauthier W Ville Koivunen,,,
215,5286195279,EmmaNezaj,0,121.200005,C Connor McDavid C Leo Carlsson D Evan Bouchard D Josh Manson G Logan Thompson UTIL Nazem Kadri W Tom Wilson W Boone Jenner W Parker Kelly,,,
215,5285601697,drater4,0,121.2,C Connor McDavid C Justin Sourdif D Evan Bouchard D Cole Hutson G Logan Thompson UTIL Dylan Strome W Vasily Podkolzin W Gabriel Landeskog W Ryan Leonard,,,
217,5286343433,BugJuice90,0,121.100006,C Pierre-Luc Dubois C Ilya Protas D Jakob Chychrun D Ryan Shea G Logan Thompson UTIL Evan Bouchard W Kyle Connor W Alex Tuch W Alex Ovechkin,,,
218,5286150716,therizzo,0,120.9,C Leo Carlsson C Mikael Granlund D Tristan Luneau D Dylan Samberg G Stuart Skinner UTIL Jackson LaCombe W Cutter Gauthier W Vasily Podkolzin W Beckett Sennecke,,,
218,5286333683,SaltuyWalnut,0,120.9,C Leo Carlsson C Tommy Novak D Evan Bouchard D Declan Carlile G Logan Thompson UTIL Pierre-Luc Dubois W Cutter Gauthier W Artturi Lehkonen W Cole Perfetti,,,
220,5286185165,cmaxwe,0,120.700005,C Connor McDavid C Brock Nelson D Cole Hutson D Connor Murphy G Logan Thompson UTIL Neal Pionk W Cutter Gauthier W Beckett Sennecke W Nazem Kadri,,,
221,5286342440,samolson3121,0,120.600006,C Dylan Strome C Tommy Novak D Evan Bouchard D Jakob Chychrun G Stuart Skinner UTIL Egor Chinakhov W Leon Draisaitl W Alex Ovechkin W Anthony Beauvillier,,,
222,5285866286,rharbin27,0,120.100006,C Connor McDavid C Tommy Novak D Evan Bouchard D Declan Carlile G Sergei Murashov UTIL Beckett Sennecke W Alex Ovechkin W Nazem Kadri W A.J. Greer,,,
223,5285908206,lop819,0,120,C Connor McDavid C Dylan Strome D Neal Pionk D Declan Carlile G Stuart Skinner UTIL Vasily Podkolzin W Kyle Connor W Gabriel Vilardi W Cole Perfetti,,,
224,5286195232,Bman0710,0,119.50001,C Connor McDavid C Pierre-Luc Dubois D Dylan Samberg D Connor Murphy G Logan Thompson UTIL Ryan Poehling W Leon Draisaitl W Vasily Podkolzin W Artturi Lehkonen,,,
225,5285902843,Deano4367,0,119.3,C Connor McDavid C Dylan Strome D Jakob Chychrun D Tristan Luneau G Stuart Skinner UTIL Samuel Girard W Leon Draisaitl W Beckett Sennecke W Filip Hallander,,,
226,5285876695,bjnfan,0,119.200005,C Nathan MacKinnon C Pierre-Luc Dubois D Martin Fehervary D Brett Kulak G Logan Thompson UTIL Jackson LaCombe W Cutter Gauthier W Alex Tuch W Beckett Sennecke,,,
227,5285866262,orlo4457,0,119.100006,C Mikael Granlund C Dylan Strome D Cale Makar D Cole Hutson G Logan Thompson UTIL Nazem Kadri W Alex Tuch W Alex Ovechkin W Beckett Sennecke,,,
228,5286003572,slapshotmo,0,119,C Connor McDavid C Leo Carlsson D Connor Murphy D Timothy Liljegren G Stuart Skinner UTIL A.J. Greer W Leon Draisaitl W Cutter Gauthier W Anthony Beauvillier,,,
228,5286076967,JERKER19,0,119,C Connor McDavid C Leo Carlsson D Connor Murphy D Timothy Liljegren G Stuart Skinner UTIL A.J. Greer W Leon Draisaitl W Cutter Gauthier W Anthony Beauvillier,,,
228,5286270148,pigskin23,0,119,C Connor McDavid C Nathan MacKinnon D Jackson LaCombe D Neal Pionk G Stuart Skinner UTIL Dylan Strome W Tom Wilson W Cole Perfetti W Anthony Beauvillier,,,
231,5286294390,jrathbun16,0,118.200005,C Connor McDavid C Leo Carlsson D Neal Pionk D Declan Carlile G Arturs Silovs UTIL Dylan Strome W Kyle Connor W Beckett Sennecke W Nick Robertson,,,
232,5285899860,bookert21,0,118.100006,C Connor McDavid C Dylan Strome D Neal Pionk D Ryan Shea G Devon Levi UTIL Leon Draisaitl W Alex Ovechkin W Vasily Podkolzin W Anthony Beauvillier,,,
232,5285941979,LucaButt,0,118.100006,C Nathan MacKinnon C Pierre-Luc Dubois D Cale Makar D Declan Carlile G Logan Thompson UTIL Connor Murphy W Alex Tuch W Tom Wilson W Nazem Kadri,,,
234,5286274666,jbanksmd,0,118.00001,C Connor McDavid C Leo Carlsson D Pavel Mintyukov D Dylan Samberg G Arturs Silovs UTIL Kasperi Kapanen W Leon Draisaitl W Vasily Podkolzin W Anthony Beauvillier,,,
235,5286109556,kurosner,0,117.899994,C Connor McDavid C Dylan Strome D Neal Pionk D Timothy Liljegren G Devon Levi UTIL Anthony Beauvillier W Leon Draisaitl W Alex Ovechkin W Vasily Podkolzin,,,
236,5285734122,hammer2424,0,117.600006,C Nathan MacKinnon C Pierre-Luc Dubois D Martin Fehervary D Dylan DeMelo G Logan Thompson UTIL Leo Carlsson W Cutter Gauthier W Beckett Sennecke W Tom Wilson,,,
236,5286031587,timothy.beechler,0,117.600006,C Mark Scheifele C Mikael Granlund D Jackson LaCombe D Martin Fehervary G Stuart Skinner UTIL Leo Carlsson W Kyle Connor W Beckett Sennecke W Alex Killorn,,,
238,5285972697,HurricaneAl42,0,116.90001,C Sidney Crosby C Pierre-Luc Dubois D Cale Makar D Jakob Chychrun G Stuart Skinner UTIL Hendrix Lapierre W Rickard Rakell W Alex Tuch W Tom Wilson,,,
239,5285645235,66Pens,0,116.8,C Brock Nelson C Mikael Granlund D Evan Bouchard D Cole Hutson G Logan Thompson UTIL Nick Robertson W Alex Tuch W Vasily Podkolzin W Artturi Lehkonen,,,
240,5286344091,Ragnor,0,116.50001,C Leo Carlsson C Brock Nelson D Dylan Samberg D Trevor van Riemsdyk G Logan Thompson UTIL Beckett Sennecke W Martin Necas W Alex Tuch W Vasily Podkolzin,,,
240,5285978562,csalinaz9,0,116.5,C Connor McDavid C Ben Kindel D Neal Pionk D Pavel Mintyukov G Logan Thompson UTIL Dylan Samberg W Leon Draisaitl W Cutter Gauthier W Nikita Klepov,,,
242,5286194499,Sillyhats,0,115.8,C Ben Kindel C Ryan Poehling D Evan Bouchard D Neal Pionk G Arturs Silovs UTIL Connor McDavid W Leon Draisaitl W Kasperi Kapanen W Trent Frederic,,,
243,5286251171,thegadfather,0,115.5,C Dylan Strome C Pierre-Luc Dubois D Jakob Chychrun D Jackson LaCombe G Logan Thompson UTIL Leo Carlsson W Cutter Gauthier W Tom Wilson W Kasperi Kapanen,,,
244,5286339072,ChrisHowell,0,115.4,C Ben Kindel C Nicolas Roy D Evan Bouchard D Declan Carlile G Logan Thompson UTIL Kyle Connor W Cutter Gauthier W Artturi Lehkonen W Cole Perfetti,,,
245,5285945928,realtoray,0,115.200005,C Leo Carlsson C Ben Kindel D Evan Bouchard D Josh Morrissey G Clay Stevenson UTIL Kris Letang W Vasily Podkolzin W Beckett Sennecke W Cole Perfetti,,,
246,5286038908,TaTa2DayJr,0,115.100006,C Connor McDavid C Dylan Strome D Neal Pionk D Martin Fehervary G Devon Levi UTIL Vasily Podkolzin W Leon Draisaitl W Alex Ovechkin W Anthony Beauvillier,,,
247,5285792789,gcoop20,0,114.100006,C Connor McDavid C Dylan Strome D Dylan Samberg D Josh Manson G Logan Thompson UTIL Anthony Beauvillier W Leon Draisaitl W Alex Ovechkin W Vasily Podkolzin,,,
248,5286010461,KenTasch,0,114,C Connor McDavid C Ben Kindel D Connor Murphy D Josh Manson G Arturs Silovs UTIL Evan Bouchard W Leon Draisaitl W Vasily Podkolzin W Jeff Malott,,,
248,5286070565,deftpunk,0,114,C Mark Scheifele C Pierre-Luc Dubois D Josh Morrissey D Jackson LaCombe G Arturs Silovs UTIL Devon Toews W Kyle Connor W Alex Tuch W Tom Wilson,,,
250,5286324370,bridges31,0,113.9,C Connor McDavid C Pierre-Luc Dubois D Erik Karlsson D Devon Toews G MacKenzie Blackwood UTIL Adam Lowry W Kyle Connor W Alex Tuch W Ryan Leonard,,,
250,5286326536,Jzero12,0,113.9,C Connor McDavid C Brock Nelson D Tristan Luneau D Kris Letang G MacKenzie Blackwood UTIL Tommy Novak W Beckett Sennecke W Tom Wilson W Nazem Kadri,,,
252,5285886698,woody326,0,113.4,C Connor McDavid C Mikael Granlund D Ryan Shea D Martin Fehervary G Logan Thompson UTIL Evan Bouchard W Leon Draisaitl W A.J. Greer W Nikita Klepov,,,
252,5286295201,cookiesox48,0,113.4,C Connor McDavid C Mikael Granlund D Cale Makar D Mattias Ekholm G Logan Thompson UTIL Ilya Protas W Kyle Connor W Ryan Leonard W Anthony Beauvillier,,,
254,5285968624,Freeak,0,113.3,C Mark Scheifele C Ilya Protas D Josh Morrissey D Jackson LaCombe G Stuart Skinner UTIL Cutter Gauthier W Kyle Connor W Beckett Sennecke W Hendrix Lapierre,,,
255,5285919819,Lakesnow13,0,113.100006,C Connor McDavid C Dylan Strome D Mattias Ekholm D Dylan DeMelo G Stuart Skinner UTIL Evgeni Malkin W Leon Draisaitl W Vasily Podkolzin W Anthony Beauvillier,,,
256,5285932120,RoughHaus,0,112.90001,C Connor McDavid C Tommy Novak D Mattias Ekholm D Ty Emberson G Devon Levi UTIL Tom Wilson W Evgeni Malkin W Alex Ovechkin W Vasily Podkolzin,,,
256,5285994808,jwclark311,0,112.90001,C Connor McDavid C Dylan Strome D Jakob Chychrun D Timothy Liljegren G Devon Levi UTIL Vasily Podkolzin W Leon Draisaitl W Alex Iafallo W Anthony Beauvillier,,,
258,5286246927,peky0401,0,112.200005,C Nathan MacKinnon C Pierre-Luc Dubois D Brent Burns D Dylan Samberg G Logan Thompson UTIL Tom Wilson W Martin Necas W Alex Tuch W Artturi Lehkonen,,,
258,5286247122,Casey0504,0,112.2,C Connor McDavid C Dylan Strome D Neal Pionk D Timothy Liljegren G Logan Thompson UTIL Devon Toews W Leon Draisaitl W Cutter Gauthier W Anthony Beauvillier,,,
260,5286300804,tommydoo8,0,112.00001,C Brock Nelson C Ben Kindel D Cale Makar D Jakob Chychrun G Stuart Skinner UTIL Vasily Podkolzin W Alex Tuch W Bryan Rust W Nick Robertson,,,
260,5285951018,massajmike,0,112,C Nathan MacKinnon C Tommy Novak D Jakob Chychrun D Cole Hutson G Logan Thompson UTIL Ben Kindel W Vasily Podkolzin W Beckett Sennecke W Cole Perfetti,,,
260,5286324605,Upuckhead,0,112,C Connor McDavid C Leo Carlsson D Devon Toews D Brent Burns G Arturs Silovs UTIL Brock Nelson W Beckett Sennecke W Tom Wilson W Nazem Kadri,,,
263,5286207271,Steven.light,0,111.899994,C Brock Nelson C Pierre-Luc Dubois D Jakob Chychrun D Jackson LaCombe G MacKenzie Blackwood UTIL Alex Tuch W Cutter Gauthier W Tom Wilson W Jaden Schwartz,,,
263,5286238597,BourbonRat,0,111.899994,C Connor McDavid C Dylan Strome D Evan Bouchard D Mattias Ekholm G MacKenzie Blackwood UTIL Timothy Liljegren W Leon Draisaitl W Hendrix Lapierre W Anthony Beauvillier,,,
265,5286330943,jschenck1,0,111.7,C Connor McDavid C Leo Carlsson D Samuel Girard D Josh Manson G MacKenzie Blackwood UTIL Ben Kindel W Alex Tuch W Beckett Sennecke W Nazem Kadri,,,
266,5286297554,Heiding_Daisies,0,111.5,C Connor McDavid C Nathan MacKinnon D Cole Hutson D Connor Murphy G Stuart Skinner UTIL Dylan Strome W Leon Draisaitl W Nick Robertson W Hendrix Lapierre,,,
267,5285974877,Rebels.1433,0,111.4,C Connor McDavid C Nathan MacKinnon D Cole Hutson D Declan Carlile G Logan Thompson UTIL Boone Jenner W Leon Draisaitl W Jaden Schwartz W Ville Koivunen,,,
268,5285802000,rajonrondough,0,111.200005,C Connor McDavid C Dylan Strome D Martin Fehervary D Timothy Liljegren G Stuart Skinner UTIL Jakob Chychrun W Leon Draisaitl W Cutter Gauthier W Anthony Beauvillier,,,
269,5285771805,lonewirenut,0,111.1,C Nathan MacKinnon C Dylan Strome D Cale Makar D Cole Hutson G Logan Thompson UTIL Pierre-Luc Dubois W Alex Ovechkin W Tom Wilson W Kasperi Kapanen,,,
270,5286100642,seth1374,0,110.9,C Connor McDavid C Dylan Strome D Jakob Chychrun D Josh Manson G Stuart Skinner UTIL Leon Draisaitl W Alex Ovechkin W Kasperi Kapanen W Anthony Beauvillier,,,
270,5286320239,beaukieser919,0,110.9,C Connor McDavid C Adam Lowry D Jackson LaCombe D Mattias Ekholm G Logan Thompson UTIL Egor Chinakhov W Cutter Gauthier W Tom Wilson W Ryan Leonard,,,
270,5285775132,nh70744,0,110.899994,C Sidney Crosby C Mikael Granlund D Tristan Luneau D Devon Toews G MacKenzie Blackwood UTIL Tom Wilson W Leon Draisaitl W Beckett Sennecke W Anthony Beauvillier,,,
273,5286236045,smoothmomentum,0,110.8,C Leo Carlsson C Mikael Granlund D Kris Letang D Neal Pionk G Logan Thompson UTIL Vasily Podkolzin W Cutter Gauthier W Tom Wilson W Nazem Kadri,,,
274,5286277803,judd151,0,110.70001,C Sidney Crosby C Mark Scheifele D Evan Bouchard D Martin Fehervary G Devon Levi UTIL Ryan Shea W Leon Draisaitl W Cole Perfetti W Hendrix Lapierre,,,
274,5286332539,tulo02,0,110.7,C Connor McDavid C Sidney Crosby D Evan Bouchard D Cole Hutson G Devon Levi UTIL Dylan Strome W Alex Ovechkin W Hendrix Lapierre W Anthony Beauvillier,,,
276,5286338508,chocstarfish05,0,110.200005,C Ben Kindel C Pierre-Luc Dubois D Cale Makar D Cole Hutson G Arturs Silovs UTIL Beckett Sennecke W Cutter Gauthier W Martin Necas W Cole Perfetti,,,
277,5286125206,forrestgrey13,0,109.6,C Leo Carlsson C Tommy Novak D Erik Karlsson D Jackson LaCombe G MacKenzie Blackwood UTIL Ben Kindel W Evgeni Malkin W Beckett Sennecke W Tom Wilson,,,
278,5286311016,yemm,0,109.399994,C Connor McDavid C Ben Kindel D Sam Malinski D Neal Pionk G Stuart Skinner UTIL Egor Chinakhov W Leon Draisaitl W Cutter Gauthier W Brad Lambert,,,
279,5285652318,Browner97,0,109.200005,C Pierre-Luc Dubois C Owen Michaels D Cale Makar D Tristan Luneau G Logan Thompson UTIL Vasily Podkolzin W Cutter Gauthier W Alex Tuch W Cole Perfetti,,,
279,5286229791,Ghhg756,0,109.200005,C Connor McDavid C Nathan MacKinnon D Cole Hutson D Josh Manson G Logan Thompson UTIL Pierre-Luc Dubois W Alex Tuch W Vasily Podkolzin W Parker Kelly,,,
281,5286269690,Lewsgiff,0,108.9,C Dylan Strome C Viggo Bjorck D Evan Bouchard D Tristan Luneau G Logan Thompson UTIL Leo Carlsson W Cutter Gauthier W Beckett Sennecke W A.J. Greer,,,
282,5285812765,Mrboozer,0,108.799995,C Connor McDavid C Sidney Crosby D Neal Pionk D Cole Hutson G Arturs Silovs UTIL Jaden Schwartz W Leon Draisaitl W Egor Chinakhov W Kasperi Kapanen,,,
283,5285871898,Itzpcraft,0,108.700005,C Leo Carlsson C Mikael Granlund D Kris Letang D Neal Pionk G Stuart Skinner UTIL Jackson LaCombe W Cutter Gauthier W Evgeni Malkin W Beckett Sennecke,,,
284,5286340211,yeti2218,0,108.600006,C Leo Carlsson C Dylan Strome D Jakob Chychrun D Jake Walman G Lukas Dostal UTIL Mikael Granlund W Alex Tuch W Beckett Sennecke W Tom Wilson,,,
285,5285973588,azerirules,0,108.50001,C Leo Carlsson C Tommy Novak D Jakob Chychrun D Dylan DeMelo G Stuart Skinner UTIL Cole Perfetti W Leon Draisaitl W Bryan Rust W Gabriel Vilardi,,,
286,5286325033,Katie454,0,108.399994,C Ben Kindel C Pierre-Luc Dubois D Evan Bouchard D Jakob Chychrun G MacKenzie Blackwood UTIL Nicolas Roy W Leon Draisaitl W Cutter Gauthier W Carter Savoie,,,
287,5285836885,joe_mac10,0,108.100006,C Connor McDavid C Ilya Protas D Jakob Chychrun D Ryan Shea G MacKenzie Blackwood UTIL Evan Bouchard W Beckett Sennecke W Egor Chinakhov W Nick Robertson,,,
287,5285842385,jpm_joshua2002,0,108.100006,C Connor McDavid C Ilya Protas D Jakob Chychrun D Ryan Shea G MacKenzie Blackwood UTIL Evan Bouchard W Beckett Sennecke W Egor Chinakhov W Nick Robertson,,,
287,5285861470,Dgouldii,0,108.100006,C Connor McDavid C Ilya Protas D Jakob Chychrun D Ryan Shea G MacKenzie Blackwood UTIL Evan Bouchard W Beckett Sennecke W Egor Chinakhov W Nick Robertson,,,
287,5285891575,expostulate,0,108.1,C Leo Carlsson C Pierre-Luc Dubois D Cale Makar D Martin Fehervary G MacKenzie Blackwood UTIL Cutter Gauthier W Alex Tuch W Tom Wilson W A.J. Greer,,,
291,5286278273,Studonk,0,107.50001,C Leo Carlsson C Dylan Strome D Kaedan Korczak D Brett Kulak G Logan Thompson UTIL Nazem Kadri W Leon Draisaitl W Cutter Gauthier W Gabriel Landeskog,,,
292,5286237465,blacklabelkk,0,107.200005,C Leo Carlsson C Ben Kindel D Evan Bouchard D Declan Carlile G Stuart Skinner UTIL Josh Morrissey W Vasily Podkolzin W Artturi Lehkonen W Cole Perfetti,,,
292,5286041914,jordanh415,0,107.2,C Leo Carlsson C Brock Nelson D Jackson LaCombe D Cole Hutson G Logan Thompson UTIL Artturi Lehkonen W Cutter Gauthier W Beckett Sennecke W Jaden Schwartz,,,
294,5286293733,SckmyDitka,0,107,C Connor McDavid C Nathan MacKinnon D Neal Pionk D Declan Carlile G Logan Thompson UTIL Beckett Sennecke W Nazem Kadri W Ryan Leonard W A.J. Greer,,,
295,5286295469,MCStu,0,106.700005,C Nathan MacKinnon C Dylan Strome D Dylan Samberg D Connor Murphy G Logan Thompson UTIL Pierre-Luc Dubois W Cutter Gauthier W Martin Necas W Tom Wilson,,,
295,5286336616,peterjpacheco,0,106.7,C Ben Kindel C Nicolas Roy D Evan Bouchard D Declan Carlile G Logan Thompson UTIL Connor McDavid W Cutter Gauthier W Artturi Lehkonen W Parker Kelly,,,
297,5286311017,JacefamouSS,0,106.3,C Nathan MacKinnon C Mikael Granlund D Pavel Mintyukov D Dylan Samberg G Arturs Silovs UTIL Connor Murphy W Leon Draisaitl W Vasily Podkolzin W Beckett Sennecke,,,
298,5286098457,kipper12,0,106.2,C Connor McDavid C Nathan MacKinnon D Devon Toews D Dylan Samberg G Devon Levi UTIL Mikael Granlund W Cole Perfetti W Jordan Kyrou W Jaden Schwartz,,,
299,5286209933,LinkSinc,0,106.100006,C Mark Scheifele C Pierre-Luc Dubois D Jakob Chychrun D Jake Walman G Stuart Skinner UTIL Dylan Strome W Kyle Connor W Alex Ovechkin W Cole Perfetti,,,
299,5286330277,Sendstar,0,106.100006,C Leo Carlsson C Ben Kindel D Evan Bouchard D Declan Carlile G Logan Thompson UTIL Kyle Connor W Artturi Lehkonen W Cole Perfetti W Filip Hallander,,,
299,5286096608,pelicans777,0,106.1,C Connor McDavid C Mikael Granlund D Devon Toews D Ryan Shea G Logan Thompson UTIL Parker Kelly W Martin Necas W Vasily Podkolzin W Beckett Sennecke,,,
302,5286145260,michaelw,0,105.8,C Brock Nelson C Mikael Granlund D Josh Morrissey D Jackson LaCombe G Logan Thompson UTIL Tom Wilson W Beckett Sennecke W Artturi Lehkonen W Cole Perfetti,,,
302,5286263740,Havok025,0,105.799995,C Connor McDavid C Leo Carlsson D Sam Malinski D Kaedan Korczak G MacKenzie Blackwood UTIL Ryan Leonard W Leon Draisaitl W Kasperi Kapanen W A.J. Greer,,,
302,5286322138,Dfrazier99,0,105.799995,C Connor McDavid C Leo Carlsson D Evan Bouchard D Kaedan Korczak G MacKenzie Blackwood UTIL Nicolas Roy W Cutter Gauthier W Boone Jenner W Parker Kelly,,,
305,5286073506,tiguifever,0,105.600006,C Nathan MacKinnon C Pierre-Luc Dubois D Jakob Chychrun D Ryan Shea G Logan Thompson UTIL Cole Perfetti W Kyle Connor W Tom Wilson W Alex Killorn,,,
306,5286258078,beefmaster75904,0,105.50001,C Connor McDavid C Leo Carlsson D Sam Malinski D Mario Ferraro G Logan Thompson UTIL Martin Fehervary W Cutter Gauthier W Beckett Sennecke W Nick Robertson,,,
306,5286041109,raymundo8545,0,105.5,C Sidney Crosby C Dylan Strome D Mattias Ekholm D Devon Toews G Devon Levi UTIL Connor McDavid W Gabriel Landeskog W Tom Wilson W Nick Robertson,,,
308,5285801001,CheetosAddict,0,105.4,C Nathan MacKinnon C Pierre-Luc Dubois D Martin Fehervary D Timothy Liljegren G Logan Thompson UTIL Martin Necas W Kyle Connor W Tom Wilson W Cole Perfetti,,,
309,5285832781,j-wolf05,0,105.3,C Dylan Strome C Pierre-Luc Dubois D Jakob Chychrun D Jackson LaCombe G Stuart Skinner UTIL Mark Scheifele W Kyle Connor W Alex Ovechkin W Cole Perfetti,,,
310,5285864388,JcClark18,0,105.100006,C Dylan Strome C Pierre-Luc Dubois D Jakob Chychrun D Martin Fehervary G Devon Levi UTIL Connor McDavid W Leon Draisaitl W Alex Ovechkin W Morgan Barron,,,
310,5285907309,rsumrall,0,105.100006,C Nathan MacKinnon C Pierre-Luc Dubois D Erik Karlsson D Devon Toews G Devon Levi UTIL Martin Fehervary W Martin Necas W Alex Tuch W Tom Wilson,,,
312,5286297556,DoddFrank,0,105.00001,C Mikael Granlund C Dylan Strome D Jakob Chychrun D Josh Morrissey G Logan Thompson UTIL Tommy Novak W Alex Tuch W Beckett Sennecke W Artturi Lehkonen,,,
313,5285805059,Orochi,0,104.90001,C Dylan Strome C Ben Kindel D Jakob Chychrun D Declan Carlile G Stuart Skinner UTIL Leo Carlsson W Kyle Connor W Cutter Gauthier W Cole Perfetti,,,
314,5286104254,pbrk11,0,104.8,C Connor McDavid C Owen Michaels D Mario Ferraro D Josh Manson G Logan Thompson UTIL Nikita Klepov W Leon Draisaitl W Kyle Connor W Vasily Podkolzin,,,
315,5286286536,lkols23,0,104.50001,C Leo Carlsson C Pierre-Luc Dubois D Devon Toews D Martin Fehervary G Logan Thompson UTIL Mikael Granlund W Cutter Gauthier W Martin Necas W Beckett Sennecke,,,
316,5286108488,bosox0412,0,104.4,C Ben Kindel C Justin Sourdif D Evan Bouchard D Declan Carlile G Arturs Silovs UTIL Leo Carlsson W Kyle Connor W Cutter Gauthier W Cole Perfetti,,,
316,5286322513,detmer,0,104.4,C Nathan MacKinnon C Pierre-Luc Dubois D Timothy Liljegren D Dylan DeMelo G Logan Thompson UTIL Cutter Gauthier W Leon Draisaitl W Vasily Podkolzin W Anthony Beauvillier,,,
318,5285975749,Rizzo2303,0,104.200005,C Leo Carlsson C Tommy Novak D Josh Morrissey D Devon Toews G Arturs Silovs UTIL Sidney Crosby W Vasily Podkolzin W Beckett Sennecke W Tom Wilson,,,
319,5285868330,milligolf,0,104.100006,C Leo Carlsson C Mikael Granlund D Erik Karlsson D Jackson LaCombe G Arturs Silovs UTIL Beckett Sennecke W Cutter Gauthier W Cole Perfetti W Jaden Schwartz,,,
319,5286315992,BEARSDEN1971,0,104.100006,C Nathan MacKinnon C Sidney Crosby D Josh Morrissey D Erik Karlsson G Stuart Skinner UTIL Pierre-Luc Dubois W Tom Wilson W Cole Perfetti W Ryan Leonard,,,
321,5286131270,Bird2015,0,103.90001,C Leo Carlsson C Dylan Strome D Erik Karlsson D Dylan DeMelo G Lukas Dostal UTIL Connor McDavid W Alex Tuch W Beckett Sennecke W Nick Robertson,,,
321,5286068719,SpeedRacer101,0,103.9,C Connor McDavid C Ryan Poehling D Evan Bouchard D Dylan Samberg G Arturs Silovs UTIL Jackson LaCombe W Leon Draisaitl W Nikita Nesterenko W Nikita Klepov,,,
321,5286327236,AggieHockey,0,103.899994,C Leo Carlsson C Tim Washe D Cale Makar D Neal Pionk G Devon Levi UTIL Evan Bouchard W Martin Necas W Cole Perfetti W T.J. Hughes,,,
324,5286314346,jdmsmooth,0,103.799995,C Nathan MacKinnon C Dylan Strome D Neal Pionk D Connor Murphy G Logan Thompson UTIL Jaden Schwartz W Leon Draisaitl W Vasily Podkolzin W Nazem Kadri,,,
325,5286091133,Bdeezy12986,0,103.600006,C Mark Scheifele C Ilya Protas D Josh Morrissey D Timothy Liljegren G Stuart Skinner UTIL Vasily Podkolzin W Kyle Connor W Cutter Gauthier W Cole Perfetti,,,
326,5285886367,SC33KB,0,103.5,C Mikael Granlund C Ben Kindel D Evan Bouchard D Erik Karlsson G MacKenzie Blackwood UTIL Tom Wilson W Alex Ovechkin W Vasily Podkolzin W A.J. Greer,,,
327,5286008821,managyjr,0,103.3,C Connor McDavid C Pierre-Luc Dubois D Cale Makar D Jakob Chychrun G Logan Thompson UTIL Dylan Strome W Nazem Kadri W Kasperi Kapanen W T.J. Hughes,,,
327,5286227882,SeanyB231,0,103.3,C Leo Carlsson C Mikael Granlund D Jackson LaCombe D Connor Murphy G Lukas Dostal UTIL Cutter Gauthier W Alex Tuch W Beckett Sennecke W Ryan Leonard,,,
327,5286238603,Jasonhenn32,0,103.3,C Brock Nelson C Pierre-Luc Dubois D Cale Makar D Kris Letang G MacKenzie Blackwood UTIL Tom Wilson W Alex Tuch W Gabriel Landeskog W Nazem Kadri,,,
330,5285996594,bposluszny,0,103.200005,C Connor McDavid C Nathan MacKinnon D Evan Bouchard D Declan Carlile G Arturs Silovs UTIL Ben Kindel W Cole Perfetti W Jaden Schwartz W Alex Iafallo,,,
330,5286340681,Gbpacker99,0,103.200005,C Mark Scheifele C Mikael Granlund D Jackson LaCombe D Declan Carlile G Stuart Skinner UTIL Brock Nelson W Cutter Gauthier W Alex Tuch W Nazem Kadri,,,
332,5286082769,LOCNOTM,0,103.100006,C Connor McDavid C Ryan Poehling D Jakob Chychrun D Jackson LaCombe G Stuart Skinner UTIL Cutter Gauthier W Beckett Sennecke W Alex Killorn W Nikita Klepov,,,
333,5285932220,keepermoist,0,103.00001,C Leo Carlsson C Ben Kindel D Josh Morrissey D Neal Pionk G Arturs Silovs UTIL Declan Carlile W Kyle Connor W Cutter Gauthier W Beckett Sennecke,,,
333,5286269154,toneloc160,0,102.99999,C Connor McDavid C Ryan Poehling D Evan Bouchard D Noah Warren G MacKenzie Blackwood UTIL Vladislav Namestnikov W Leon Draisaitl W Vasily Podkolzin W Nikita Klepov,,,
335,5285760922,epot,0,102.8,C Connor McDavid C Nathan MacKinnon D Neal Pionk D Cole Hutson G Logan Thompson UTIL Leo Carlsson W Kasperi Kapanen W Ryan Leonard W Alex Iafallo,,,
336,5286326087,Bulldawg633,0,102.700005,C Connor McDavid C Nathan MacKinnon D Neal Pionk D Dylan Samberg G Logan Thompson UTIL Timothy Liljegren W Cutter Gauthier W Cole Perfetti W Anthony Beauvillier,,,
336,5286224768,royster181,0,102.7,C Connor McDavid C Viggo Bjorck D Evan Bouchard D Cole Hutson G Lukas Dostal UTIL Tommy Novak W Evgeni Malkin W Vasily Podkolzin W Ryan Leonard,,,
338,5285757017,kit_kat92,0,102.600006,C Connor McDavid C Brock Nelson D Kris Letang D Travis Mitchell G Devon Levi UTIL Nazem Kadri W Leon Draisaitl W Alex Ovechkin W Anthony Beauvillier,,,
339,5285796067,AverageTuesday,0,102.5,C Leo Carlsson C Pierre-Luc Dubois D Jackson LaCombe D Devon Toews G Lukas Dostal UTIL Mikael Granlund W Cutter Gauthier W Alex Tuch W Tom Wilson,,,
340,5286206073,Socc66,0,102.4,C Nathan MacKinnon C Pierre-Luc Dubois D Declan Carlile D Connor Murphy G Logan Thompson UTIL Tom Wilson W Martin Necas W Alex Tuch W Artturi Lehkonen,,,
341,5286285201,IvnDrago12,0,102.299995,C Connor McDavid C Pierre-Luc Dubois D Mattias Ekholm D Declan Carlile G MacKenzie Blackwood UTIL Vasily Podkolzin W Evgeni Malkin W Tom Wilson W Egor Chinakhov,,,
342,5286334898,FoolishMortal,0,102.2,C Mikael Granlund C Dylan Strome D Evan Bouchard D Kris Letang G MacKenzie Blackwood UTIL Artturi Lehkonen W Alex Tuch W Vasily Podkolzin W Ryan Leonard,,,
343,5285960128,DMATH,0,102.100006,C Leo Carlsson C Mark Scheifele D Neal Pionk D Pavel Mintyukov G Logan Thompson UTIL Cutter Gauthier W Beckett Sennecke W Nazem Kadri W Aliaksei Protas,,,
344,5285997711,kyle.keefer14,0,101.8,C Leo Carlsson C Pierre-Luc Dubois D Jakob Chychrun D Neal Pionk G Lukas Dostal UTIL Nazem Kadri W Cutter Gauthier W Alex Tuch W Tom Wilson,,,
345,5286116816,jjbrock,0,101.700005,C Connor McDavid C Nathan MacKinnon D Timothy Liljegren D Vincent Desharnais G Stuart Skinner UTIL Martin Fehervary W Kyle Connor W Cutter Gauthier W Anthony Beauvillier,,,
345,5286267838,MarcoRacin,0,101.7,C Ben Kindel C Nicolas Roy D Evan Bouchard D Declan Carlile G MacKenzie Blackwood UTIL Cutter Gauthier W Kyle Connor W Artturi Lehkonen W Cole Perfetti,,,
347,5286053660,mythicalrhymer01,0,101.6,C Dylan Strome C Pierre-Luc Dubois D Jakob Chychrun D Jackson LaCombe G Lukas Dostal UTIL Leo Carlsson W Alex Tuch W Bryan Rust W Tom Wilson,,,
347,5286295744,TuesdaymorningQB234,0,101.6,C Dylan Strome C Tommy Novak D Jackson LaCombe D Neal Pionk G Arturs Silovs UTIL Vasily Podkolzin W Kyle Connor W Martin Necas W Alex Tuch,,,
349,5285947655,mrmochapb,0,101.5,C Ben Kindel C Ryan Poehling D Evan Bouchard D Tristan Luneau G Arturs Silovs UTIL Parker Kelly W Leon Draisaitl W Kyle Connor W Cole Perfetti,,,
350,5285901443,Ctre6,0,101.200005,C Leo Carlsson C Mikael Granlund D Sam Malinski D Cole Hutson G Logan Thompson UTIL Brock Nelson W Cutter Gauthier W Beckett Sennecke W Nazem Kadri,,,
350,5286157459,NotSoLucky14,0,101.200005,C Brock Nelson C Ben Kindel D Cale Makar D Kaedan Korczak G Arturs Silovs UTIL Connor McDavid W Beckett Sennecke W Nazem Kadri W Egor Chinakhov,,,
352,5286219059,jayrwebb,0,101.1,C Connor McDavid C Adam Lowry D Evan Bouchard D Declan Carlile G Clay Stevenson UTIL Evgeni Malkin W Leon Draisaitl W Boone Jenner W Parker Kelly,,,
353,5286254130,amerine19,0,100.9,C Connor McDavid C Nathan MacKinnon D Declan Carlile D Kaedan Korczak G Logan Thompson UTIL Nicolas Roy W Alex Tuch W Artturi Lehkonen W Ryan Leonard,,,
354,5286072203,Bubba2057,0,100.8,C Brock Nelson C Dylan Strome D Mattias Ekholm D Martin Fehervary G Devon Levi UTIL Connor McDavid W Leon Draisaitl W Alex Ovechkin W Anthony Beauvillier,,,
354,5286308567,ReadyToMeal,0,100.8,C Ben Kindel C Viggo Bjorck D Jakob Chychrun D Kris Letang G Stuart Skinner UTIL Connor McDavid W Rickard Rakell W Evgeni Malkin W Tom Wilson,,,
354,5285816446,clancy007k,0,100.799995,C Connor McDavid C Pierre-Luc Dubois D Cole Hutson D Declan Carlile G MacKenzie Blackwood UTIL Nathan MacKinnon W Leon Draisaitl W Anthony Beauvillier W Filip Hallander,,,
357,5286277902,aformb21,0,100.700005,C Nathan MacKinnon C Dylan Strome D Cale Makar D Dylan Samberg G Logan Thompson UTIL Pierre-Luc Dubois W Martin Necas W Tom Wilson W T.J. Hughes,,,
358,5286201371,Fuhkair,0,100.4,C Leo Carlsson C Tommy Novak D Josh Morrissey D Tristan Luneau G Arturs Silovs UTIL Tom Wilson W Cutter Gauthier W Beckett Sennecke W Egor Chinakhov,,,
358,5286283813,CarsonandBDE,0,100.4,C Connor McDavid C Nathan MacKinnon D Evan Bouchard D Dylan DeMelo G Arturs Silovs UTIL Ben Kindel W Kasperi Kapanen W Alex Killorn W Jaden Schwartz,,,
360,5286013948,bobskinaners,0,100.3,C Connor McDavid C Sidney Crosby D Evan Bouchard D Declan Carlile G Arturs Silovs UTIL Tom Wilson W Rickard Rakell W Parker Kelly W Hendrix Lapierre,,,
361,5285920273,Knucklebabies,0,100.1,C Connor McDavid C Tommy Novak D Jake Walman D Samuel Girard G MacKenzie Blackwood UTIL Jackson LaCombe W Rickard Rakell W Vasily Podkolzin W Kasperi Kapanen,,,
362,5285630287,UHHOHH,0,99.99999,C Leo Carlsson C Ben Kindel D Evan Bouchard D Declan Carlile G MacKenzie Blackwood UTIL Vasily Podkolzin W Cutter Gauthier W Cole Perfetti W Ville Koivunen,,,
362,5286296208,bboshea,0,99.99999,C Connor McDavid C Brock Nelson D Evan Bouchard D Cole Hutson G Tristan Jarry UTIL Nazem Kadri W Gabriel Landeskog W Kasperi Kapanen W Trent Frederic,,,
364,5286335152,Chiefracing,0,99.9,C Leo Carlsson C Ben Kindel D Evan Bouchard D Declan Carlile G Arturs Silovs UTIL Nicolas Roy W Kyle Connor W Martin Necas W Cole Perfetti,,,
364,5286203669,kingofviper01,0,99.899994,C Nathan MacKinnon C Pierre-Luc Dubois D Devon Toews D Sam Malinski G MacKenzie Blackwood UTIL Nazem Kadri W Alex Tuch W Vasily Podkolzin W Beckett Sennecke,,,
366,5286089821,tptoya5827,0,99.8,C Nathan MacKinnon C Dylan Strome D Cale Makar D Cole Hutson G Stuart Skinner UTIL Pierre-Luc Dubois W Martin Necas W Nazem Kadri W Kasperi Kapanen,,,
366,5285842413,jonchill,0,99.799995,C Connor McDavid C Pierre-Luc Dubois D Connor Murphy D Vincent Desharnais G Arturs Silovs UTIL Ben Kindel W Leon Draisaitl W Cutter Gauthier W Artturi Lehkonen,,,
366,5285925501,mrnorrad,0,99.799995,C Connor McDavid C Pierre-Luc Dubois D Connor Murphy D Vincent Desharnais G Arturs Silovs UTIL Ben Kindel W Leon Draisaitl W Cutter Gauthier W Artturi Lehkonen,,,
366,5285979883,WizzleDB,0,99.799995,C Connor McDavid C Pierre-Luc Dubois D Connor Murphy D Vincent Desharnais G Arturs Silovs UTIL Ben Kindel W Leon Draisaitl W Cutter Gauthier W Artturi Lehkonen,,,
366,5286200734,dongta,0,99.799995,C Ben Kindel C Pierre-Luc Dubois D Connor Murphy D Vincent Desharnais G Arturs Silovs UTIL Connor McDavid W Leon Draisaitl W Cutter Gauthier W Artturi Lehkonen,,,
366,5286307346,gogators252001,0,99.799995,C Connor McDavid C Pierre-Luc Dubois D Connor Murphy D Vincent Desharnais G Arturs Silovs UTIL Ben Kindel W Leon Draisaitl W Cutter Gauthier W Artturi Lehkonen,,,
366,5286310355,skinpie23,0,99.799995,C Ben Kindel C Pierre-Luc Dubois D Connor Murphy D Vincent Desharnais G Arturs Silovs UTIL Connor McDavid W Leon Draisaitl W Cutter Gauthier W Artturi Lehkonen,,,
373,5286034093,DeusExMachina,0,99.7,C Dylan Strome C Pierre-Luc Dubois D Cale Makar D Jakob Chychrun G Devon Levi UTIL Josh Morrissey W Alex Ovechkin W Tom Wilson W Nazem Kadri,,,
374,5285699705,hightopsfeet,0,99.600006,C Connor McDavid C Owen Michaels D Cale Makar D Tristan Luneau G Devon Levi UTIL Cole Perfetti W Artturi Lehkonen W Tom Wilson W Alex Killorn,,,
374,5285985622,uvajay,0,99.600006,C Dylan Strome C Pierre-Luc Dubois D Jakob Chychrun D Erik Karlsson G Lukas Dostal UTIL Cutter Gauthier W Alex Ovechkin W Beckett Sennecke W Tom Wilson,,,
374,5286239830,PecanSandies83,0,99.600006,C Ben Kindel C Nicolas Roy D Cale Makar D Declan Carlile G Lukas Dostal UTIL Cole Perfetti W Leon Draisaitl W Martin Necas W Beckett Sennecke,,,
377,5285744763,axelfoleybdf,0,99.399994,C Mikael Granlund C Tommy Novak D Kris Letang D Neal Pionk G MacKenzie Blackwood UTIL Connor McDavid W Alex Tuch W Artturi Lehkonen W Cole Perfetti,,,
378,5285902231,Leadpipe,0,99.3,C Leo Carlsson C Blake Lizotte D Kris Letang D Pavel Mintyukov G MacKenzie Blackwood UTIL Cutter Gauthier W Leon Draisaitl W Vasily Podkolzin W Kasperi Kapanen,,,
379,5285770238,zhep03,0,99.200005,C Leo Carlsson C Mark Scheifele D Declan Carlile D Connor Murphy G Logan Thompson UTIL A.J. Greer W Kyle Connor W Cutter Gauthier W Cole Perfetti,,,
379,5286283208,oldangrygamer,0,99.200005,C Leo Carlsson C Dylan Strome D Evan Bouchard D Mattias Ekholm G Stuart Skinner UTIL Ryan Shea W Cutter Gauthier W Alex Ovechkin W Egor Chinakhov,,,
379,5286162637,Sch00ly,0,99.19999,C Connor McDavid C Mikael Granlund D Tristan Luneau D Devon Toews G MacKenzie Blackwood UTIL Parker Kelly W Leon Draisaitl W Beckett Sennecke W Morgan Barron,,,
382,5286251696,mrxkronz,0,99.00001,C Leo Carlsson C Dylan Strome D Jakob Chychrun D Josh Morrissey G Stuart Skinner UTIL Evan Bouchard W Alex Ovechkin W Cole Perfetti W Anthony Beauvillier,,,
383,5286300809,bigslikak1,0,98.600006,C Mark Scheifele C Ben Kindel D Jakob Chychrun D Josh Morrissey G Devon Levi UTIL Bryan Rust W Kyle Connor W Cole Perfetti W Ville Koivunen,,,
383,5285787066,cliffr03690,0,98.6,C Nathan MacKinnon C Ilya Protas D Evan Bouchard D Ryan Shea G MacKenzie Blackwood UTIL Cutter Gauthier W Beckett Sennecke W Nick Robertson W Boone Jenner,,,
385,5286315985,texan86mc,0,98.40001,C Connor McDavid C Leo Carlsson D Josh Morrissey D Mattias Ekholm G Stuart Skinner UTIL Ryan Poehling W Cutter Gauthier W Kasperi Kapanen W Alex Iafallo,,,
385,5286139752,unkydomfreebands,0,98.4,C Leo Carlsson C Dylan Strome D Jackson LaCombe D Devon Toews G Lukas Dostal UTIL Mikael Granlund W Cutter Gauthier W Beckett Sennecke W Tom Wilson,,,
385,5286199877,baaaariggs,0,98.4,C Connor McDavid C Ben Kindel D Tristan Luneau D Declan Carlile G Arturs Silovs UTIL Leon Draisaitl W Vasily Podkolzin W Bryan Rust W Ville Koivunen,,,
388,5286188755,19cmk66,0,98.3,C Ben Kindel C Nicolas Roy D Cale Makar D Josh Morrissey G Logan Thompson UTIL Tommy Novak W Kyle Connor W Martin Necas W Nick Robertson,,,
388,5286335341,coz101,0,98.3,C Leo Carlsson C Ben Kindel D Evan Bouchard D Declan Carlile G Devon Levi UTIL Kris Letang W Martin Necas W Artturi Lehkonen W Cole Perfetti,,,
390,5285765570,mustangs2015,0,98.200005,C Mark Scheifele C Ben Kindel D Josh Morrissey D Erik Karlsson G Stuart Skinner UTIL Jake Walman W Kyle Connor W Gabriel Vilardi W Cole Perfetti,,,
390,5286069277,Ramda_Bamda1,0,98.200005,C Leo Carlsson C Owen Michaels D Declan Carlile D Josh Manson G Logan Thompson UTIL Parker Kelly W Leon Draisaitl W Cutter Gauthier W Alex Tuch,,,
392,5286034655,swiftyjb,0,97.9,C Connor McDavid C Ilya Protas D Evan Bouchard D Trevor van Riemsdyk G MacKenzie Blackwood UTIL Ryan Leonard W Evgeni Malkin W Alex Tuch W Aliaksei Protas,,,
393,5286306431,Nickname44,0,97.700005,C Nathan MacKinnon C Mark Scheifele D Cole Hutson D Brent Burns G Lukas Dostal UTIL Jaden Schwartz W Kyle Connor W Gabriel Landeskog W Tom Wilson,,,
393,5286314776,dougiefreshinthehous,0,97.700005,C Nathan MacKinnon C Dylan Strome D Cale Makar D Samuel Girard G Logan Thompson UTIL Tom Wilson W Vasily Podkolzin W Egor Chinakhov W Ryan Leonard,,,
395,5285731428,tomkriger,0,97.3,C Nathan MacKinnon C Fedor Svechkov D Sam Malinski D Neal Pionk G Arturs Silovs UTIL Beckett Sennecke W Kyle Connor W Martin Necas W Cole Perfetti,,,
396,5286263404,Flanle,0,97.200005,C Connor McDavid C Leo Carlsson D Declan Carlile D Kaedan Korczak G MacKenzie Blackwood UTIL Nathan MacKinnon W Beckett Sennecke W Boone Jenner W Alex Iafallo,,,
396,5285804988,goofybh207,0,97.2,C Connor McDavid C Nathan MacKinnon D Josh Manson D Martin Fehervary G MacKenzie Blackwood UTIL Leon Draisaitl W Kasperi Kapanen W Jaden Schwartz W Anthony Beauvillier,,,
396,5286323279,kpicka,0,97.2,C Nathan MacKinnon C Leo Carlsson D Evan Bouchard D Declan Carlile G Stuart Skinner UTIL Ben Kindel W Artturi Lehkonen W Cole Perfetti W Boone Jenner,,,
399,5286054364,Sherry1527,0,97.100006,C Nathan MacKinnon C Pierre-Luc Dubois D Evan Bouchard D Kris Letang G Logan Thompson UTIL Jakob Chychrun W Cole Perfetti W Jordan Kyrou W Boone Jenner,,,
399,5286030206,DayByDay,0,97.1,C Connor McDavid C Owen Michaels D Evan Bouchard D Mattias Ekholm G Arturs Silovs UTIL Nikita Klepov W Leon Draisaitl W Rickard Rakell W Nikita Nesterenko,,,
401,5286223682,sneakyb,0,96.8,C Dylan Strome C Pierre-Luc Dubois D Cale Makar D Jakob Chychrun G MacKenzie Blackwood UTIL Vasily Podkolzin W Alex Ovechkin W Tom Wilson W Cole Perfetti,,,
402,5286189040,kylerosso12,0,96.7,C Tommy Novak C Ben Kindel D Evan Bouchard D Cale Makar G MacKenzie Blackwood UTIL Bryan Rust W Rickard Rakell W Egor Chinakhov W Hendrix Lapierre,,,
403,5286012332,smiffdub,0,96.3,C Connor McDavid C Nathan MacKinnon D Cole Hutson D Declan Carlile G Stuart Skinner UTIL Leo Carlsson W Bryan Rust W Alex Killorn W Parker Kelly,,,
404,5286285490,Virg44,0,96.200005,C Leo Carlsson C Ben Kindel D Cole Hutson D Declan Carlile G Lukas Dostal UTIL Kyle Connor W Cutter Gauthier W Beckett Sennecke W Artturi Lehkonen,,,
404,5286332569,ChipBlunt,0,96.200005,C Connor McDavid C Dylan Strome D Devon Toews D Cole Hutson G Arturs Silovs UTIL Nathan MacKinnon W Tom Wilson W Nazem Kadri W Jaden Schwartz,,,
404,5286303591,Nuch1176,0,96.2,C Leo Carlsson C Nicolas Roy D Evan Bouchard D Declan Carlile G MacKenzie Blackwood UTIL Cole Perfetti W Kyle Connor W Martin Necas W Ville Koivunen,,,
407,5285911438,Jets9611,0,96.00001,C Leo Carlsson C Mark Scheifele D Brent Burns D Martin Fehervary G Logan Thompson UTIL Cutter Gauthier W Kyle Connor W Cole Perfetti W A.J. Greer,,,
407,5286238387,chemicalsofdemocracy,0,96,C Leo Carlsson C Ben Kindel D Evan Bouchard D Tristan Luneau G Arturs Silovs UTIL Devon Toews W Vasily Podkolzin W Beckett Sennecke W Artturi Lehkonen,,,
409,5286202944,GameOnLetsGo,0,95.9,C Leo Carlsson C Mikael Granlund D Jackson LaCombe D Martin Fehervary G Arturs Silovs UTIL Cutter Gauthier W Vasily Podkolzin W Beckett Sennecke W Cole Perfetti,,,
409,5286295977,cshap327,0,95.9,C Mikael Granlund C Owen Michaels D Evan Bouchard D Erik Karlsson G Arturs Silovs UTIL Leon Draisaitl W Gabriel Vilardi W Egor Chinakhov W Kasperi Kapanen,,,
411,5286272490,TheMysteryMachine,0,95.700005,C Nathan MacKinnon C Leo Carlsson D Jakob Chychrun D Cole Hutson G Logan Thompson UTIL Beckett Sennecke W Nazem Kadri W Ryan Leonard W Boone Jenner,,,
412,5285842799,bmorela3,0,95.5,C Nathan MacKinnon C Fedor Svechkov D Jackson LaCombe D Martin Fehervary G Logan Thompson UTIL Connor McDavid W Artturi Lehkonen W Tom Wilson W T.J. Hughes,,,
412,5286307422,sorman34,0,95.5,C Ben Kindel C Nicolas Roy D Evan Bouchard D Declan Carlile G MacKenzie Blackwood UTIL Nathan MacKinnon W Leon Draisaitl W Cole Perfetti W Parker Kelly,,,
414,5285791305,blitzburgh07,0,95.4,C Leo Carlsson C Ben Kindel D Declan Carlile D Josh Manson G Arturs Silovs UTIL Cutter Gauthier W Leon Draisaitl W Beckett Sennecke W Artturi Lehkonen,,,
415,5285896594,Ramblingamblingman,0,95.2,C Nathan MacKinnon C Mikael Granlund D Declan Carlile D Kaedan Korczak G MacKenzie Blackwood UTIL Parker Kelly W Leon Draisaitl W Alex Tuch W Cole Perfetti,,,
415,5286298143,sdhjsowkalxckjsjjxj,0,95.2,C Dylan Strome C Nicolas Roy D Declan Carlile D Connor Murphy G MacKenzie Blackwood UTIL Martin Necas W Leon Draisaitl W Cutter Gauthier W Alex Tuch,,,
417,5286282816,lurch123,0,95.09999,C Connor McDavid C Nathan MacKinnon D Cole Hutson D Connor Murphy G MacKenzie Blackwood UTIL Vasily Podkolzin W Nazem Kadri W Ryan Leonard W Jaden Schwartz,,,
418,5285901615,DrNickIsIn,0,95.00001,C Mark Scheifele C Pierre-Luc Dubois D Jakob Chychrun D Pavel Mintyukov G Logan Thompson UTIL Dylan Strome W Kyle Connor W Alex Ovechkin W Cole Perfetti,,,
418,5285791459,meitbe2014,0,94.99999,C Mikael Granlund C Ben Kindel D Josh Manson D Kaedan Korczak G MacKenzie Blackwood UTIL Leo Carlsson W Leon Draisaitl W Cutter Gauthier W Cole Perfetti,,,
420,5286041353,csurunnerccr,0,94.899994,C Mark Scheifele C Dylan Strome D Josh Morrissey D Devon Toews G Devon Levi UTIL Dylan Samberg W Kyle Connor W Alex Ovechkin W Cole Perfetti,,,
421,5285853103,matthewwalsh,0,94.8,C Nathan MacKinnon C Leo Carlsson D Tristan Luneau D Timothy Liljegren G Logan Thompson UTIL Pavel Mintyukov W Cutter Gauthier W Beckett Sennecke W Jaden Schwartz,,,
421,5286245695,Koolkeeph1,0,94.8,C Nathan MacKinnon C Dylan Strome D Declan Carlile D Samuel Girard G MacKenzie Blackwood UTIL Jaden Schwartz W Leon Draisaitl W Alex Tuch W Gabriel Landeskog,,,
421,5286232723,BukkakeNinja,0,94.799995,C Connor McDavid C Justin Sourdif D Evan Bouchard D Declan Carlile G MacKenzie Blackwood UTIL Artturi Lehkonen W Cutter Gauthier W Ryan Leonard W Boone Jenner,,,
424,5285772407,Andrewmorin38,0,94.700005,C Connor McDavid C Tommy Novak D Mattias Ekholm D Pavel Mintyukov G Arturs Silovs UTIL A.J. Greer W Leon Draisaitl W Vasily Podkolzin W Egor Chinakhov,,,
424,5286006741,romans69,0,94.7,C Connor McDavid C Leo Carlsson D Tristan Luneau D Declan Carlile G Arturs Silovs UTIL Mikael Granlund W Vasily Podkolzin W Beckett Sennecke W A.J. Greer,,,
426,5285770680,nkd89,0,94.5,C Leo Carlsson C Pierre-Luc Dubois D Josh Morrissey D Jackson LaCombe G Lukas Dostal UTIL A.J. Greer W Cutter Gauthier W Alex Tuch W Tom Wilson,,,
426,5286269522,johnbronco31,0,94.5,C Ben Kindel C Owen Michaels D Kris Letang D Josh Manson G MacKenzie Blackwood UTIL Connor McDavid W Kyle Connor W Vasily Podkolzin W Bryan Rust,,,
426,5286331718,kenny1969w,0,94.5,C Connor McDavid C Brock Nelson D Kris Letang D Samuel Girard G Arturs Silovs UTIL Egor Chinakhov W Leon Draisaitl W Cole Perfetti W Kasperi Kapanen,,,
429,5285638610,andrewran,0,94.00001,C Brock Nelson C Dylan Strome D Erik Karlsson D Jake Walman G Logan Thompson UTIL Leo Carlsson W Vasily Podkolzin W Beckett Sennecke W Artturi Lehkonen,,,
430,5286237394,FoxyGrandpa252,0,93.9,C Sidney Crosby C Ben Kindel D Jakob Chychrun D Erik Karlsson G Stuart Skinner UTIL Pavel Mintyukov W Rickard Rakell W Alex Tuch W Bryan Rust,,,
431,5285988665,aarontheone,0,93.799995,C Sidney Crosby C Tommy Novak D Timothy Liljegren D Brett Kulak G MacKenzie Blackwood UTIL Leo Carlsson W Cutter Gauthier W Rickard Rakell W Beckett Sennecke,,,
432,5285965897,crf_333,0,93.700005,C Dylan Strome C Ben Kindel D Jakob Chychrun D Devon Toews G Logan Thompson UTIL Martin Necas W Alex Tuch W Alex Ovechkin W Tom Wilson,,,
433,5285730647,jrwatrou,0,93.600006,C Nathan MacKinnon C Mikael Granlund D Connor Murphy D Martin Fehervary G Logan Thompson UTIL Connor McDavid W Tom Wilson W Nazem Kadri W A.J. Greer,,,
434,5285868057,CrosseyedandPainless,0,93.5,C Nathan MacKinnon C Pierre-Luc Dubois D Cale Makar D Cole Hutson G MacKenzie Blackwood UTIL Connor Murphy W Vasily Podkolzin W Artturi Lehkonen W Tom Wilson,,,
435,5286324382,beardeddisciple,0,93.4,C Nathan MacKinnon C Leo Carlsson D Jakob Chychrun D Travis Mitchell G Stuart Skinner UTIL Alex Ovechkin W Alex Tuch W Tom Wilson W Nikita Nesterenko,,,
436,5286175826,JB00GlE,0,93.299995,C Nathan MacKinnon C Mikael Granlund D Neal Pionk D Cole Hutson G Logan Thompson UTIL Jackson LaCombe W Martin Necas W Beckett Sennecke W Alex Iafallo,,,
437,5285813229,Shoprat66,0,93.100006,C Mikael Granlund C Pierre-Luc Dubois D Cale Makar D Tristan Luneau G Lukas Dostal UTIL Brock Nelson W Alex Tuch W Beckett Sennecke W Gabriel Landeskog,,,
438,5285908393,aarond23,0,93,C Connor McDavid C Nathan MacKinnon D Evan Bouchard D Connor Murphy G Arturs Silovs UTIL Tommy Novak W Cole Perfetti W T.J. Hughes W Ville Koivunen,,,
439,5286242136,SiegFur_1,0,92.9,C Connor McDavid C Ben Kindel D Jakob Chychrun D Declan Carlile G MacKenzie Blackwood UTIL Nicolas Roy W Leon Draisaitl W Vasily Podkolzin W Parker Kelly,,,
440,5286230960,branncpa,0,92.700005,C Leo Carlsson C Ben Kindel D Kris Letang D Declan Carlile G Logan Thompson UTIL Erik Karlsson W Kyle Connor W Martin Necas W Cole Perfetti,,,
440,5285920205,kingofspark,0,92.7,C Nathan MacKinnon C Pierre-Luc Dubois D Devon Toews D Pavel Mintyukov G Devon Levi UTIL Nazem Kadri W Cutter Gauthier W Vasily Podkolzin W Cole Perfetti,,,
442,5286314589,luckyyou208,0,92.4,C Connor McDavid C Dylan Strome D Jakob Chychrun D Timothy Liljegren G Logan Thompson UTIL Josh Manson W Leon Draisaitl W Alex Ovechkin W Anthony Beauvillier,,,
443,5286257274,cfoss92,0,92.30001,C Brock Nelson C Tommy Novak D Samuel Girard D Brett Kulak G Arturs Silovs UTIL Connor McDavid W Leon Draisaitl W Gabriel Landeskog W Egor Chinakhov,,,
443,5286272007,andrestito,0,92.3,C Nathan MacKinnon C Dylan Strome D Jakob Chychrun D Declan Carlile G Logan Thompson UTIL Cole Perfetti W Vasily Podkolzin W Tom Wilson W Nazem Kadri,,,
443,5286273355,orgnl_kj,0,92.3,C Leo Carlsson C Mikael Granlund D Tristan Luneau D Neal Pionk G Logan Thompson UTIL Parker Kelly W Kyle Connor W Cutter Gauthier W Cole Perfetti,,,
443,5286270448,AntonioMorris,0,92.299995,C Nathan MacKinnon C Dylan Strome D Jackson LaCombe D Timothy Liljegren G Lukas Dostal UTIL Pierre-Luc Dubois W Cutter Gauthier W Alex Tuch W Tom Wilson,,,
447,5286318282,Punzie,0,92.1,C Mikael Granlund C Dylan Strome D Jackson LaCombe D Mattias Ekholm G Logan Thompson UTIL Nathan MacKinnon W Vasily Podkolzin W Beckett Sennecke W T.J. Hughes,,,
448,5286283771,vinceyoungsteakhouse,0,92,C Connor McDavid C Tommy Novak D Devon Toews D Kris Letang G MacKenzie Blackwood UTIL Ilya Protas W Leon Draisaitl W Nazem Kadri W Jordan Kyrou,,,
449,5285676108,SoCalHusker,0,91.9,C Nathan MacKinnon C Fedor Svechkov D Ryan Shea D Travis Mitchell G Arturs Silovs UTIL Connor McDavid W Leon Draisaitl W Vasily Podkolzin W T.J. Hughes,,,
450,5286028651,JaserD,0,91.80001,C Mark Scheifele C Ben Kindel D Cale Makar D Erik Karlsson G Arturs Silovs UTIL Kyle Connor W Bryan Rust W Cole Perfetti W Ville Koivunen,,,
451,5286102626,mciama2000,0,91.6,C Nathan MacKinnon C Pierre-Luc Dubois D Tristan Luneau D Sam Malinski G Logan Thompson UTIL Alex Tuch W Martin Necas W Tom Wilson W T.J. Hughes,,,
452,5286313493,jasselin99,0,91.4,C Nathan MacKinnon C Nicolas Roy D Devon Toews D Declan Carlile G Logan Thompson UTIL Pierre-Luc Dubois W Kyle Connor W Martin Necas W Vasily Podkolzin,,,
453,5286139028,proKristonator,0,91.2,C Dylan Strome C Pierre-Luc Dubois D Jakob Chychrun D Devon Toews G MacKenzie Blackwood UTIL Kasperi Kapanen W Leon Draisaitl W Alex Ovechkin W Vasily Podkolzin,,,
454,5285767218,modece,0,90.9,C Leo Carlsson C Dylan Strome D Jakob Chychrun D Jackson LaCombe G Logan Thompson UTIL Viggo Bjorck W Cutter Gauthier W Alex Tuch W Ryan Leonard,,,
455,5286010194,mbf15,0,90.8,C Mark Scheifele C Dylan Strome D Cole Hutson D Ryan Shea G Logan Thompson UTIL Martin Necas W Kyle Connor W Alex Ovechkin W Cole Perfetti,,,
455,5286304598,newtrockne,0,90.8,C Nathan MacKinnon C Mikael Granlund D Jackson LaCombe D Josh Manson G Lukas Dostal UTIL Cole Perfetti W Kyle Connor W Beckett Sennecke W Jaden Schwartz,,,
457,5285835778,hudsonhacker,0,90.6,C Connor McDavid C Nathan MacKinnon D Neal Pionk D Declan Carlile G MacKenzie Blackwood UTIL Evan Bouchard W Kasperi Kapanen W Parker Kelly W Filip Hallander,,,
457,5286315714,91stammer91,0,90.6,C Connor McDavid C Leo Carlsson D Declan Carlile D Timothy Liljegren G MacKenzie Blackwood UTIL A.J. Greer W Leon Draisaitl W Vasily Podkolzin W Hendrix Lapierre,,,
459,5286312502,boricuamalito,0,90.5,C Nathan MacKinnon C Tommy Novak D Josh Morrissey D Declan Carlile G Logan Thompson UTIL Artturi Lehkonen W Beckett Sennecke W Nazem Kadri W Cole Perfetti,,,
460,5286312233,ChiefGordon,0,90.3,C Connor McDavid C Sidney Crosby D Neal Pionk D Dylan DeMelo G MacKenzie Blackwood UTIL Josh Morrissey W Vasily Podkolzin W Beckett Sennecke W Alex Iafallo,,,
460,5286314861,dmcleaf24,0,90.3,C Nathan MacKinnon C Ben Kindel D Kris Letang D Dylan Samberg G Arturs Silovs UTIL Connor McDavid W Vasily Podkolzin W Nazem Kadri W Kasperi Kapanen,,,
460,5286341956,mlohrenz12,0,90.3,C Nathan MacKinnon C Dylan Strome D Tristan Luneau D Cole Hutson G Arturs Silovs UTIL Kyle Connor W Beckett Sennecke W Nazem Kadri W Cole Perfetti,,,
463,5286211079,seensaw,0,90.200005,C Connor McDavid C Nathan MacKinnon D Josh Morrissey D Kris Letang G Stuart Skinner UTIL Tommy Novak W Nazem Kadri W Cole Perfetti W Filip Hallander,,,
464,5286223636,BlitzKing,0,90.1,C Connor McDavid C Nathan MacKinnon D Samuel Girard D Ryan Shea G Arturs Silovs UTIL Mikael Granlund W Vasily Podkolzin W Beckett Sennecke W T.J. Hughes,,,
464,5286296086,30741boy,0,90.1,C Connor McDavid C Dylan Strome D Connor Murphy D Timothy Liljegren G MacKenzie Blackwood UTIL Adam Lowry W Leon Draisaitl W Alex Ovechkin W Vasily Podkolzin,,,
466,5286319544,RamsRuleRamsRule,0,89.9,C Sidney Crosby C Blake Lizotte D Evan Bouchard D Cale Makar G Arturs Silovs UTIL Leon Draisaitl W Artturi Lehkonen W Anthony Beauvillier W Connor Dewar,,,
466,5285926510,Goatropers,0,89.899994,C Connor McDavid C Mikael Granlund D Neal Pionk D Cole Hutson G Logan Thompson UTIL Jackson LaCombe W Artturi Lehkonen W Gabriel Landeskog W Nazem Kadri,,,
468,5286086278,foutah,0,89.80001,C Sidney Crosby C Tommy Novak D Jakob Chychrun D Kris Letang G Logan Thompson UTIL Jaden Schwartz W Rickard Rakell W Evgeni Malkin W Alex Tuch,,,
468,5285959260,Goatradamus,0,89.8,C Mikael Granlund C Dylan Strome D Jakob Chychrun D Devon Toews G MacKenzie Blackwood UTIL Evan Bouchard W Alex Ovechkin W Beckett Sennecke W Alex Killorn,,,
468,5286006747,Dynistee,0,89.8,C Sidney Crosby C Mark Scheifele D Josh Morrissey D Erik Karlsson G Stuart Skinner UTIL Mikael Granlund W Kyle Connor W Nick Robertson W Hendrix Lapierre,,,
468,5286085342,cyclones82,0,89.8,C Nathan MacKinnon C Tommy Novak D Declan Carlile D Connor Murphy G MacKenzie Blackwood UTIL Ben Kindel W Leon Draisaitl W Vasily Podkolzin W Nazem Kadri,,,
472,5285756070,thebebop,0,89.700005,C Connor McDavid C Nathan MacKinnon D Declan Carlile D Kaedan Korczak G Arturs Silovs UTIL Vladislav Namestnikov W Leon Draisaitl W Vasily Podkolzin W Ville Koivunen,,,
472,5286048244,slophound,0,89.7,C Mark Scheifele C Dylan Strome D Tristan Luneau D Neal Pionk G Arturs Silovs UTIL Kyle Connor W Rickard Rakell W Alex Tuch W Cole Perfetti,,,
472,5286106079,armydave72,0,89.69999,C Connor McDavid C Mikael Granlund D Devon Toews D Cole Hutson G MacKenzie Blackwood UTIL Tristan Luneau W Leon Draisaitl W Egor Chinakhov W Anthony Beauvillier,,,
475,5285950264,statnerds,0,89.600006,C Sidney Crosby C Mark Scheifele D Josh Morrissey D Neal Pionk G Stuart Skinner UTIL Pavel Mintyukov W Kyle Connor W Gabriel Vilardi W Cole Perfetti,,,
476,5285946725,luckie1710,0,89.50001,C Connor McDavid C Nathan MacKinnon D Brent Burns D Martin Fehervary G Logan Thompson UTIL Leon Draisaitl W Boone Jenner W T.J. Hughes W Alex Iafallo,,,
476,5285880670,Dannyboy7932,0,89.5,C Connor McDavid C Brock Nelson D Neal Pionk D Declan Carlile G Arturs Silovs UTIL Connor Murphy W Leon Draisaitl W Martin Necas W Nick Robertson,,,
476,5286336679,Kickman10,0,89.5,C Leo Carlsson C Brock Nelson D Evan Bouchard D Dylan Samberg G MacKenzie Blackwood UTIL Ben Kindel W Martin Necas W Vasily Podkolzin W Isak Rosen,,,
479,5285901432,Jessticular,0,89.40001,C Nathan MacKinnon C Ben Kindel D Connor Murphy D Ryan Shea G Arturs Silovs UTIL Cole Perfetti W Kyle Connor W Martin Necas W Beckett Sennecke,,,
479,5286066552,joeH1950,0,89.4,C Connor McDavid C Dylan Strome D Josh Morrissey D Devon Toews G Arturs Silovs UTIL Kasperi Kapanen W Evgeni Malkin W Beckett Sennecke W Nazem Kadri,,,
481,5286265977,vinkin09,0,89.2,C Connor McDavid C Mikael Granlund D Jackson LaCombe D Brent Burns G MacKenzie Blackwood UTIL Ryan Leonard W Cutter Gauthier W Cole Perfetti W T.J. Hughes,,,
482,5286318598,Jimbobwae42,0,89.00001,C Connor McDavid C Mikael Granlund D Devon Toews D Kris Letang G Arturs Silovs UTIL Jake Walman W Kyle Connor W Vasily Podkolzin W Alex Killorn,,,
482,5286205564,Static-X17X,0,89,C Nathan MacKinnon C Pierre-Luc Dubois D Cale Makar D Cole Hutson G Logan Thompson UTIL Kasperi Kapanen W Martin Necas W Artturi Lehkonen W Anthony Beauvillier,,,
482,5286216947,weasel11,0,89,C Connor McDavid C Nicolas Roy D Kris Letang D Cole Hutson G MacKenzie Blackwood UTIL Vasily Podkolzin W Kyle Connor W Artturi Lehkonen W Egor Chinakhov,,,
482,5286273501,mikesprague,0,89,C Leo Carlsson C Tommy Novak D Tristan Luneau D Declan Carlile G Devon Levi UTIL Brock Nelson W Leon Draisaitl W Artturi Lehkonen W Nazem Kadri,,,
486,5286208380,npt78,0,88.90001,C Nathan MacKinnon C Pierre-Luc Dubois D Erik Karlsson D Neal Pionk G Arturs Silovs UTIL Pavel Mintyukov W Leon Draisaitl W Cutter Gauthier W Anthony Beauvillier,,,
487,5285721348,tolson07,0,88.8,C Mark Scheifele C Mikael Granlund D Tristan Luneau D Cole Hutson G Lukas Dostal UTIL Artturi Lehkonen W Kyle Connor W Beckett Sennecke W Cole Perfetti,,,
488,5285820009,fbmoney1,0,88.700005,C Nathan MacKinnon C Dylan Strome D Kris Letang D Cole Hutson G Logan Thompson UTIL Mikael Granlund W Martin Necas W Alex Tuch W Ryan Leonard,,,
488,5285848235,Dooch,0,88.700005,C Nathan MacKinnon C Mikael Granlund D Jackson LaCombe D Declan Carlile G Logan Thompson UTIL Alex Killorn W Kyle Connor W Cole Perfetti W Ryan Leonard,,,
488,5286048240,imustache,0,88.69999,C Leo Carlsson C Ben Kindel D Evan Bouchard D Timothy Liljegren G MacKenzie Blackwood UTIL Sidney Crosby W Cutter Gauthier W Ryan Leonard W Boone Jenner,,,
491,5286189751,eyeforlight,0,88.3,C Dylan Strome C Owen Michaels D Cale Makar D Martin Fehervary G Logan Thompson UTIL Boone Jenner W Leon Draisaitl W Martin Necas W Vasily Podkolzin,,,
492,5285891089,paintgirl,0,88.200005,C Leo Carlsson C Mikael Granlund D Erik Karlsson D Neal Pionk G Arturs Silovs UTIL Jackson LaCombe W Cutter Gauthier W Beckett Sennecke W Alex Killorn,,,
493,5285860048,garypender94,0,87.700005,C Mikael Granlund C Dylan Strome D Cale Makar D Jakob Chychrun G Lukas Dostal UTIL Cole Hutson W Alex Tuch W Alex Ovechkin W Tom Wilson,,,
494,5286089823,CitadelGrad2012,0,87.5,C Brock Nelson C Dylan Strome D Jakob Chychrun D Jackson LaCombe G Logan Thompson UTIL Cutter Gauthier W Alex Ovechkin W Tom Wilson W Anthony Beauvillier,,,
494,5286177600,nwspring52,0,87.5,C Connor McDavid C Nathan MacKinnon D Sam Malinski D Martin Fehervary G Devon Levi UTIL Pierre-Luc Dubois W Martin Necas W Kasperi Kapanen W T.J. Hughes,,,
494,5286311881,Dampday2432,0,87.5,C Mark Scheifele C Ryan Poehling D Josh Morrissey D Kris Letang G Stuart Skinner UTIL Egor Chinakhov W Kyle Connor W Cutter Gauthier W Jordan Kyrou,,,
497,5285748750,DFresh121,0,87.200005,C Leo Carlsson C Brock Nelson D Josh Morrissey D Josh Manson G Logan Thompson UTIL Kasperi Kapanen W Kyle Connor W Nazem Kadri W Cole Perfetti,,,
497,5286259711,richmondrob7,0,87.200005,C Connor McDavid C Nathan MacKinnon D Evan Bouchard D Dylan DeMelo G Arturs Silovs UTIL Josh Manson W Vasily Podkolzin W Kasperi Kapanen W Trent Frederic,,,
499,5286337003,HughGRexshun,0,87.1,C Sidney Crosby C Tommy Novak D Evan Bouchard D Cole Hutson G Lukas Dostal UTIL Leo Carlsson W Evgeni Malkin W Cole Perfetti W Ryan Leonard,,,
500,5286120341,mattman1669,0,86.8,C Leo Carlsson C Mikael Granlund D Evan Bouchard D Dylan Samberg G Arturs Silovs UTIL Ben Kindel W Cutter Gauthier W Artturi Lehkonen W T.J. Hughes,,,
500,5286267665,nauldyboy,0,86.799995,C Nathan MacKinnon C Pierre-Luc Dubois D Jakob Chychrun D Timothy Liljegren G MacKenzie Blackwood UTIL Mattias Ekholm W Alex Tuch W Alex Ovechkin W Tom Wilson,,,
502,5285849400,buckeyeguru,0,86.700005,C Leo Carlsson C Brock Nelson D Kris Letang D Cole Hutson G Arturs Silovs UTIL Artturi Lehkonen W Cutter Gauthier W Vasily Podkolzin W Beckett Sennecke,,,
502,5286249155,morney87,0,86.7,C Nathan MacKinnon C Ilya Protas D Cale Makar D Cole Hutson G Logan Thompson UTIL Martin Necas W Beckett Sennecke W Jordan Kyrou W Isak Rosen,,,
502,5286337115,syrus8,0,86.7,C Connor McDavid C Mikael Granlund D Tristan Luneau D Devon Toews G MacKenzie Blackwood UTIL Mattias Ekholm W Leon Draisaitl W Kasperi Kapanen W Filip Hallander,,,
505,5286099728,peltifreeze89,0,86.600006,C Tommy Novak C Ben Kindel D Erik Karlsson D Brent Burns G MacKenzie Blackwood UTIL Connor McDavid W Evgeni Malkin W Bryan Rust W Egor Chinakhov,,,
505,5286057799,AgentEmbey,0,86.6,C Nathan MacKinnon C Leo Carlsson D Samuel Girard D Kaedan Korczak G Logan Thompson UTIL Nicolas Roy W Martin Necas W Beckett Sennecke W Artturi Lehkonen,,,
507,5285932125,FantasyCrusader,0,86.5,C Connor McDavid C Ben Kindel D Jackson LaCombe D Kris Letang G Arturs Silovs UTIL Colton Dach W Leon Draisaitl W Vasily Podkolzin W Isaac Howard,,,
508,5286259148,Jasonjet,0,86.4,C Connor McDavid C Nathan MacKinnon D Evan Bouchard D Cale Makar G Arturs Silovs UTIL Nicolas Roy W Parker Kelly W Hendrix Lapierre W Anthony Beauvillier,,,
508,5286307755,cardshow,0,86.4,C Connor McDavid C Nathan MacKinnon D Evan Bouchard D Cale Makar G Arturs Silovs UTIL Nicolas Roy W Parker Kelly W Hendrix Lapierre W Anthony Beauvillier,,,
510,5286344049,arsteer,0,86.1,C Connor McDavid C Ben Kindel D Samuel Girard D Ryan Shea G Arturs Silovs UTIL Ryan Poehling W Leon Draisaitl W Cutter Gauthier W Egor Chinakhov,,,
511,5286320573,kulichsm,0,86.00001,C Connor McDavid C Ben Kindel D Josh Morrissey D Devon Toews G Arturs Silovs UTIL Nazem Kadri W Vasily Podkolzin W Bryan Rust W Cole Perfetti,,,
511,5286339901,Monster2783,0,86,C Nathan MacKinnon C Leo Carlsson D Dylan Samberg D Connor Murphy G MacKenzie Blackwood UTIL Alex Formenton W Cutter Gauthier W Beckett Sennecke W Nazem Kadri,,,
513,5286261669,DtownCrush,0,85.9,C Nathan MacKinnon C Ben Kindel D Declan Carlile D Josh Manson G Logan Thompson UTIL Leon Draisaitl W Cutter Gauthier W Cole Perfetti W Parker Kelly,,,
514,5285750552,bmendy,0,85.8,C Leo Carlsson C Tommy Novak D Josh Morrissey D Josh Manson G Lukas Dostal UTIL Beckett Sennecke W Kyle Connor W Evgeni Malkin W Cole Perfetti,,,
515,5285830258,hardybook,0,85.700005,C Nathan MacKinnon C Mikael Granlund D Neal Pionk D Kaedan Korczak G Logan Thompson UTIL Alex Killorn W Martin Necas W Beckett Sennecke W Artturi Lehkonen,,,
515,5285959600,br11722,0,85.7,C Nathan MacKinnon C Blake Lizotte D Kris Letang D Brent Burns G Devon Levi UTIL Cale Makar W Alex Tuch W Alex Ovechkin W Egor Chinakhov,,,
517,5285858053,mandrzejewski,0,85.6,C Connor McDavid C Nathan MacKinnon D Tristan Luneau D Neal Pionk G Arturs Silovs UTIL Ben Kindel W Beckett Sennecke W Cole Perfetti W T.J. Hughes,,,
518,5286324443,neverknow,0,85.4,C Brock Nelson C Mikael Granlund D Cale Makar D Jackson LaCombe G Arturs Silovs UTIL Cole Perfetti W Beckett Sennecke W Gabriel Landeskog W Nazem Kadri,,,
519,5286266962,Tr0ubl35,0,85.3,C Sidney Crosby C Mark Scheifele D Josh Morrissey D Neal Pionk G Stuart Skinner UTIL Nikita Klepov W Kyle Connor W Gabriel Vilardi W Cole Perfetti,,,
520,5286285569,LSNowak,0,84.9,C Nathan MacKinnon C Tommy Novak D Tristan Luneau D Kris Letang G MacKenzie Blackwood UTIL Evan Bouchard W Nazem Kadri W Cole Perfetti W Ryan Leonard,,,
521,5285848588,muskyjack,0,84.700005,C Leo Carlsson C Dylan Strome D Jakob Chychrun D Josh Manson G Lukas Dostal UTIL Jaden Schwartz W Kyle Connor W Martin Necas W Beckett Sennecke,,,
522,5286337754,brycerucks,0,84.6,C Nathan MacKinnon C Pierre-Luc Dubois D Jackson LaCombe D Timothy Liljegren G Arturs Silovs UTIL Leo Carlsson W Cutter Gauthier W Beckett Sennecke W T.J. Hughes,,,
523,5286251874,FLIPOUTFLYNN,0,84.5,C Nathan MacKinnon C Nicolas Roy D Declan Carlile D Josh Manson G Logan Thompson UTIL Boone Jenner W Leon Draisaitl W Kyle Connor W Artturi Lehkonen,,,
524,5286328619,biglarry10,0,84.2,C Nathan MacKinnon C Nicolas Roy D Mario Ferraro D Kaedan Korczak G Lukas Dostal UTIL Fedor Svechkov W Leon Draisaitl W Kyle Connor W Martin Necas,,,
525,5286115022,renegade,0,84,C Mark Scheifele C Dylan Strome D Jakob Chychrun D Josh Morrissey G Stuart Skinner UTIL Cole Perfetti W Kyle Connor W Alex Ovechkin W Hendrix Lapierre,,,
526,5286185266,azcornholio,0,83.7,C Leo Carlsson C Tommy Novak D Evan Bouchard D Declan Carlile G MacKenzie Blackwood UTIL Egor Chinakhov W Cutter Gauthier W Evgeni Malkin W Parker Kelly,,,
527,5285980731,JRBucks34,0,83.6,C Connor McDavid C Leo Carlsson D Ryan Shea D Timothy Liljegren G Logan Thompson UTIL Artturi Lehkonen W Cutter Gauthier W Cole Perfetti W A.J. Greer,,,
527,5286238061,Nolemmet,0,83.6,C Connor McDavid C Leo Carlsson D Mattias Ekholm D Pavel Mintyukov G MacKenzie Blackwood UTIL Josh Manson W Cutter Gauthier W Vasily Podkolzin W Anthony Beauvillier,,,
529,5285822186,takeitdown2,0,83.5,C Nathan MacKinnon C Brock Nelson D Devon Toews D Neal Pionk G Devon Levi UTIL Sam Malinski W Martin Necas W Beckett Sennecke W Cole Perfetti,,,
530,5286259371,justbringit1,0,83.4,C Nathan MacKinnon C Nicolas Roy D Evan Bouchard D Martin Fehervary G Logan Thompson UTIL Ben Kindel W Martin Necas W Artturi Lehkonen W Kasperi Kapanen,,,
530,5286339753,IDomiNATE22,0,83.399994,C Nathan MacKinnon C Pierre-Luc Dubois D Evan Bouchard D Cole Hutson G MacKenzie Blackwood UTIL Tristan Luneau W Martin Necas W Kasperi Kapanen W Filip Hallander,,,
532,5286338837,XDng89XXXXL,0,83.200005,C Connor McDavid C Tommy Novak D Evan Bouchard D Declan Carlile G Arturs Silovs UTIL Ryan Poehling W Martin Necas W Evgeni Malkin W Hendrix Lapierre,,,
532,5286111385,Dubbzz,0,83.2,C Sidney Crosby C Tommy Novak D Erik Karlsson D Martin Fehervary G Stuart Skinner UTIL Egor Chinakhov W Kyle Connor W Rickard Rakell W Evgeni Malkin,,,
534,5285838541,jrw1424,0,83,C Connor McDavid C Nathan MacKinnon D Josh Morrissey D Cole Hutson G Devon Levi UTIL Nick Robertson W Artturi Lehkonen W Ryan Leonard W Hendrix Lapierre,,,
535,5285840566,igseep,0,82.8,C Connor McDavid C Nathan MacKinnon D Declan Carlile D Kaedan Korczak G Arturs Silovs UTIL Leo Carlsson W Nazem Kadri W Cole Perfetti W Nick Robertson,,,
535,5286320860,bsoleim,0,82.8,C Nathan MacKinnon C Mikael Granlund D Jackson LaCombe D Josh Manson G Arturs Silovs UTIL Kyle Connor W Beckett Sennecke W Cole Perfetti W Parker Kelly,,,
537,5286146970,falstaff64,0,82.700005,C Nathan MacKinnon C Pierre-Luc Dubois D Cale Makar D Dylan Samberg G Logan Thompson UTIL Boone Jenner W Martin Necas W Artturi Lehkonen W Ryan Leonard,,,
537,5286283829,BeckyBoots,0,82.7,C Nathan MacKinnon C Sidney Crosby D Evan Bouchard D Mattias Ekholm G Devon Levi UTIL Ryan Shea W Artturi Lehkonen W Kasperi Kapanen W Hendrix Lapierre,,,
539,5286320985,JHH1166,0,82.4,C Nathan MacKinnon C Leo Carlsson D Cole Hutson D Josh Manson G Lukas Dostal UTIL Tom Wilson W Alex Ovechkin W Beckett Sennecke W Nazem Kadri,,,
540,5285828915,SkyU27,0,82.2,C Brock Nelson C Pierre-Luc Dubois D Jackson LaCombe D Devon Toews G Logan Thompson UTIL Leo Carlsson W Cutter Gauthier W Gabriel Landeskog W Nazem Kadri,,,
541,5286237374,shazam926,0,82.100006,C Nathan MacKinnon C Pierre-Luc Dubois D Devon Toews D Pavel Mintyukov G Logan Thompson UTIL Mikael Granlund W Martin Necas W Artturi Lehkonen W Tom Wilson,,,
541,5285527914,MY5QUEENS,0,82.1,C Connor McDavid C Nathan MacKinnon D Declan Carlile D Dylan DeMelo G Devon Levi UTIL Vasily Podkolzin W Alex Ovechkin W Cole Perfetti W Filip Hallander,,,
541,5286330011,ghendyjr,0,82.1,C Connor McDavid C Viggo Bjorck D Devon Toews D Mario Ferraro G Arturs Silovs UTIL Pierre-Luc Dubois W Leon Draisaitl W Rickard Rakell W Alex Ovechkin,,,
541,5286335120,sgwump,0,82.1,C Nathan MacKinnon C Leo Carlsson D Evan Bouchard D Kris Letang G Arturs Silovs UTIL Ryan Leonard W Nazem Kadri W Cole Perfetti W Boone Jenner,,,
545,5285961115,Wyatt11111111,0,82,C Leo Carlsson C Mikael Granlund D Jackson LaCombe D Cole Hutson G Arturs Silovs UTIL Boone Jenner W Kyle Connor W Cutter Gauthier W Egor Chinakhov,,,
545,5286100997,cpwhopper,0,82,C Nathan MacKinnon C Leo Carlsson D Jake Walman D Mario Ferraro G Logan Thompson UTIL Cutter Gauthier W Tom Wilson W A.J. Greer W Boone Jenner,,,
547,5286169298,proone,0,81.9,C Connor McDavid C Nathan MacKinnon D Neal Pionk D Cole Hutson G Lukas Dostal UTIL Pierre-Luc Dubois W Martin Necas W Ryan Leonard W Nick Robertson,,,
547,5285821303,tndkd,0,81.899994,C Connor McDavid C Sidney Crosby D Devon Toews D Ryan Shea G MacKenzie Blackwood UTIL Mikael Granlund W Leon Draisaitl W Anthony Beauvillier W Filip Hallander,,,
549,5286244941,andrewdahlgren,0,81.8,C Connor McDavid C Leo Carlsson D Declan Carlile D Dylan DeMelo G MacKenzie Blackwood UTIL Ben Kindel W Cutter Gauthier W Vasily Podkolzin W T.J. Hughes,,,
550,5285944055,TigerLoose,0,81.700005,C Leo Carlsson C Brock Nelson D Declan Carlile D Connor Murphy G Arturs Silovs UTIL Leon Draisaitl W Artturi Lehkonen W Gabriel Vilardi W Tom Wilson,,,
551,5285881849,theczar89,0,81.5,C Connor McDavid C Nathan MacKinnon D Kris Letang D Neal Pionk G Logan Thompson UTIL Ben Kindel W Artturi Lehkonen W Kasperi Kapanen W A.J. Greer,,,
551,5286076286,12s1st,0,81.5,C Nathan MacKinnon C Dylan Strome D Cale Makar D Connor Murphy G MacKenzie Blackwood UTIL Kasperi Kapanen W Tom Wilson W Nazem Kadri W Egor Chinakhov,,,
553,5285940643,joey3phones,0,81.40001,C Leo Carlsson C Mikael Granlund D Erik Karlsson D Brett Kulak G Lukas Dostal UTIL Jackson LaCombe W Cutter Gauthier W Beckett Sennecke W Alex Killorn,,,
553,5286058471,budaman3195,0,81.4,C Nathan MacKinnon C Leo Carlsson D Tristan Luneau D Neal Pionk G Logan Thompson UTIL Connor McDavid W Boone Jenner W Jaden Schwartz W Nino Niederreiter,,,
555,5286303584,kennethbrooks1,0,81.299995,C Nathan MacKinnon C Adam Lowry D Josh Morrissey D Devon Toews G Logan Thompson UTIL T.J. Hughes W Evgeni Malkin W Alex Tuch W Beckett Sennecke,,,
556,5286125711,billythekid29,0,81.2,C Connor McDavid C Nathan MacKinnon D Evan Bouchard D Declan Carlile G Arturs Silovs UTIL Ben Kindel W Nazem Kadri W T.J. Hughes W Parker Kelly,,,
557,5286172478,benttu409,0,81.00001,C Leo Carlsson C Ben Kindel D Tristan Luneau D Kris Letang G Lukas Dostal UTIL Kyle Connor W Beckett Sennecke W Artturi Lehkonen W Cole Perfetti,,,
557,5286303708,jtsnow6,0,81,C Connor McDavid C Ilya Protas D Cale Makar D Cole Hutson G Lukas Dostal UTIL Cutter Gauthier W Vasily Podkolzin W Cole Perfetti W Nikita Klepov,,,
559,5286183973,astatboy,0,80.9,C Nathan MacKinnon C Leo Carlsson D Josh Manson D Kaedan Korczak G MacKenzie Blackwood UTIL Dylan Strome W Leon Draisaitl W Cole Perfetti W Nick Robertson,,,
560,5285772165,lmueller78,0,80.8,C Leo Carlsson C Brock Nelson D Jackson LaCombe D Neal Pionk G Lukas Dostal UTIL Ben Kindel W Cutter Gauthier W Beckett Sennecke W Nazem Kadri,,,
561,5285941651,austin60915,0,80.700005,C Leo Carlsson C Dylan Strome D Cale Makar D Jackson LaCombe G Lukas Dostal UTIL Mikael Granlund W Alex Ovechkin W Beckett Sennecke W Anthony Beauvillier,,,
561,5286295617,hillbillykane,0,80.700005,C Nathan MacKinnon C Leo Carlsson D Jackson LaCombe D Tristan Luneau G Lukas Dostal UTIL Nicolas Roy W Beckett Sennecke W Tom Wilson W Nazem Kadri,,,
563,5285873314,partymole,0,80.50001,C Sidney Crosby C Brock Nelson D Kris Letang D Sam Malinski G Lukas Dostal UTIL Evan Bouchard W Alex Ovechkin W Tom Wilson W Kasperi Kapanen,,,
563,5285819220,luka0077,0,80.5,C Nathan MacKinnon C Dylan Strome D Neal Pionk D Dylan Samberg G Logan Thompson UTIL Cale Makar W Martin Necas W Nazem Kadri W Anthony Beauvillier,,,
563,5286328182,rynstien,0,80.5,C Nathan MacKinnon C Ilya Protas D Devon Toews D Pavel Mintyukov G Devon Levi UTIL Cale Makar W Martin Necas W Beckett Sennecke W Alex Killorn,,,
566,5285831105,ashimono,0,80.399994,C Nathan MacKinnon C Owen Michaels D Tristan Luneau D Neal Pionk G MacKenzie Blackwood UTIL Leo Carlsson W Beckett Sennecke W Artturi Lehkonen W Tom Wilson,,,
567,5285794840,SweetLegacy,0,80.20001,C Nathan MacKinnon C Ben Kindel D Josh Morrissey D Kris Letang G Clay Stevenson UTIL Kyle Connor W Beckett Sennecke W Nazem Kadri W Filip Hallander,,,
567,5286007365,mariettajeff,0,80.200005,C Leo Carlsson C Mikael Granlund D Declan Carlile D Samuel Girard G MacKenzie Blackwood UTIL Nathan MacKinnon W Cutter Gauthier W Beckett Sennecke W Trent Frederic,,,
569,5285982682,gretzky99_99,0,80,C Connor McDavid C Nathan MacKinnon D Kris Letang D Vincent Desharnais G Arturs Silovs UTIL Fedor Svechkov W Leon Draisaitl W Artturi Lehkonen W Ville Koivunen,,,
570,5285831112,Hawkswin25,0,79.799995,C Brock Nelson C Mikael Granlund D Erik Karlsson D Jackson LaCombe G MacKenzie Blackwood UTIL Egor Chinakhov W Beckett Sennecke W Nazem Kadri W Cole Perfetti,,,
571,5286237087,tightlies187,0,79.7,C Leo Carlsson C Brock Nelson D Kris Letang D Cole Hutson G MacKenzie Blackwood UTIL Nathan MacKinnon W Beckett Sennecke W Artturi Lehkonen W Jaden Schwartz,,,
572,5285906391,dookdog7070,0,79.600006,C Nathan MacKinnon C Tommy Novak D Dylan Samberg D Declan Carlile G Arturs Silovs UTIL Connor Murphy W Kyle Connor W Cutter Gauthier W Artturi Lehkonen,,,
573,5285843577,canovsp,0,79.4,C Nathan MacKinnon C Ben Kindel D Cale Makar D Jake Walman G Arturs Silovs UTIL Mark Scheifele W Gabriel Landeskog W Kasperi Kapanen W Jaden Schwartz,,,
573,5286302114,psb0122,0,79.4,C Mikael Granlund C Ben Kindel D Evan Bouchard D Kris Letang G Arturs Silovs UTIL Martin Necas W Vasily Podkolzin W Artturi Lehkonen W Nazem Kadri,,,
575,5286332344,joshstcyr91,0,79,C Connor McDavid C Nathan MacKinnon D Cale Makar D Ryan Shea G MacKenzie Blackwood UTIL Owen Michaels W Vasily Podkolzin W Jaden Schwartz W Jeff Malott,,,
576,5285791556,theoldyounging,0,78.9,C Leo Carlsson C Nicolas Roy D Jakob Chychrun D Josh Manson G Logan Thompson UTIL Kasperi Kapanen W Leon Draisaitl W Alex Ovechkin W Artturi Lehkonen,,,
577,5286300817,bjbsnoop,0,78.80001,C Connor McDavid C Tommy Novak D Jakob Chychrun D Josh Morrissey G Lukas Dostal UTIL Alex Formenton W Evgeni Malkin W Alex Tuch W Jaden Schwartz,,,
578,5286284368,black979,0,78.700005,C Nathan MacKinnon C Leo Carlsson D Jackson LaCombe D Declan Carlile G Arturs Silovs UTIL Ben Kindel W Cutter Gauthier W Beckett Sennecke W Parker Kelly,,,
578,5286120280,Timnorwood,0,78.69999,C Connor McDavid C Sidney Crosby D Tristan Luneau D Timothy Liljegren G MacKenzie Blackwood UTIL Mikael Granlund W Leon Draisaitl W Anthony Beauvillier W Filip Hallander,,,
580,5286294385,iBFlexSin,0,78.600006,C Nathan MacKinnon C Ben Kindel D Evan Bouchard D Josh Manson G Lukas Dostal UTIL Kris Letang W Kyle Connor W Bryan Rust W Parker Kelly,,,
581,5286235133,Kingcobra04,0,78.5,C Nathan MacKinnon C Pierre-Luc Dubois D Tristan Luneau D Kaedan Korczak G Lukas Dostal UTIL Artturi Lehkonen W Martin Necas W Alex Tuch W Tom Wilson,,,
582,5285926562,mycuk,0,78.399994,C Nathan MacKinnon C Pierre-Luc Dubois D Mattias Ekholm D Josh Manson G Devon Levi UTIL Kyle Connor W Martin Necas W Artturi Lehkonen W Boone Jenner,,,
583,5286238499,steelerchik,0,78.2,C Connor McDavid C Nicolas Roy D Declan Carlile D Josh Manson G Arturs Silovs UTIL Cole Perfetti W Leon Draisaitl W Martin Necas W Artturi Lehkonen,,,
584,5285818479,thaforgah,0,78,C Nathan MacKinnon C Brock Nelson D Cale Makar D Travis Mitchell G Stuart Skinner UTIL Tommy Novak W Martin Necas W Artturi Lehkonen W Jaden Schwartz,,,
584,5286288314,wanders64,0,77.99999,C Nathan MacKinnon C Ben Kindel D Declan Carlile D Samuel Girard G MacKenzie Blackwood UTIL Tristan Luneau W Leon Draisaitl W Kyle Connor W Ville Koivunen,,,
586,5285988761,jbusch69,0,77.700005,C Nathan MacKinnon C Adam Lowry D Josh Morrissey D Tristan Luneau G Arturs Silovs UTIL Alex Tuch W Leon Draisaitl W Boone Jenner W Jaden Schwartz,,,
586,5286334253,stingrays01,0,77.7,C Leo Carlsson C Brock Nelson D Jakob Chychrun D Josh Manson G Logan Thompson UTIL A.J. Greer W Cutter Gauthier W Gabriel Landeskog W Tom Wilson,,,
586,5286336556,BaWalter,0,77.7,C Sidney Crosby C Pierre-Luc Dubois D Kris Letang D Pavel Mintyukov G Devon Levi UTIL Jakob Chychrun W Kyle Connor W Evgeni Malkin W Artturi Lehkonen,,,
589,5285837564,underdogz2K15,0,77.600006,C Leo Carlsson C Dylan Strome D Jakob Chychrun D Devon Toews G Arturs Silovs UTIL Cole Perfetti W Martin Necas W Vasily Podkolzin W Tom Wilson,,,
589,5286296386,fantasygolfguru,0,77.600006,C Leo Carlsson C Brock Nelson D Tristan Luneau D Kris Letang G Arturs Silovs UTIL Vasily Podkolzin W Cutter Gauthier W Beckett Sennecke W Egor Chinakhov,,,
589,5285538584,mikebkmm5,0,77.6,C Leo Carlsson C Dylan Strome D Devon Toews D Kris Letang G MacKenzie Blackwood UTIL Jackson LaCombe W Cutter Gauthier W Beckett Sennecke W Artturi Lehkonen,,,
592,5285930145,maestrobobcobb,0,77.5,C Brock Nelson C Ben Kindel D Josh Morrissey D Samuel Girard G Logan Thompson UTIL Martin Necas W Alex Tuch W Vasily Podkolzin W Artturi Lehkonen,,,
593,5285929073,URWHOUR,0,77.4,C Connor McDavid C Brock Nelson D Jakob Chychrun D Connor Murphy G Logan Thompson UTIL Owen Michaels W Cutter Gauthier W Gabriel Landeskog W Boone Jenner,,,
593,5286342408,chuds128,0,77.4,C Nathan MacKinnon C Leo Carlsson D Declan Carlile D Josh Manson G Logan Thompson UTIL Brock Nelson W Beckett Sennecke W Artturi Lehkonen W Cole Perfetti,,,
593,5286237952,DaBanker,0,77.399994,C Nathan MacKinnon C Mikael Granlund D Cale Makar D Pavel Mintyukov G Logan Thompson UTIL Owen Michaels W Beckett Sennecke W Artturi Lehkonen W Alex Killorn,,,
596,5285837528,Sabres2532,0,77.299995,C Nathan MacKinnon C Adam Lowry D Cale Makar D Ryan Shea G Devon Levi UTIL Leo Carlsson W Cutter Gauthier W Ryan Leonard W Mathieu Joseph,,,
597,5285786654,erik.haymon,0,77.100006,C Leo Carlsson C Mikael Granlund D Jackson LaCombe D Brent Burns G Lukas Dostal UTIL Alex Killorn W Cutter Gauthier W Alex Ovechkin W Beckett Sennecke,,,
597,5285894578,Emanuel28,0,77.100006,C Mikael Granlund C Ilya Protas D Erik Karlsson D Jackson LaCombe G Lukas Dostal UTIL Leo Carlsson W Cutter Gauthier W Beckett Sennecke W Jordan Kyrou,,,
599,5285969794,luclavoie4,0,76.9,C Nathan MacKinnon C Sidney Crosby D Cole Hutson D Declan Carlile G Logan Thompson UTIL Parker Kelly W Kyle Connor W Martin Necas W Anthony Beauvillier,,,
599,5286312571,DeMarcoble1,0,76.899994,C Nathan MacKinnon C Nicolas Roy D Kaedan Korczak D Dylan DeMelo G Logan Thompson UTIL Evgeni Malkin W Kyle Connor W Martin Necas W Cole Perfetti,,,
601,5286181593,tjjensen,0,76.799995,C Connor McDavid C Nathan MacKinnon D Declan Carlile D Josh Manson G MacKenzie Blackwood UTIL Tristan Luneau W Beckett Sennecke W Nazem Kadri W Boone Jenner,,,
602,5286210728,rjmazeika,0,76.200005,C Tommy Novak C Ben Kindel D Evan Bouchard D Kaedan Korczak G Arturs Silovs UTIL Nathan MacKinnon W Martin Necas W Evgeni Malkin W Hendrix Lapierre,,,
602,5285979331,wallyswahoos,0,76.2,C Brock Nelson C Dylan Strome D Mattias Ekholm D Kris Letang G Devon Levi UTIL Evan Bouchard W Evgeni Malkin W Alex Ovechkin W Artturi Lehkonen,,,
602,5286150572,Bioptiic,0,76.2,C Nathan MacKinnon C Leo Carlsson D Evan Bouchard D Erik Karlsson G MacKenzie Blackwood UTIL Tommy Novak W A.J. Greer W Boone Jenner W Jeff Malott,,,
605,5286002199,ncstatered21,0,76.100006,C Mark Scheifele C Mikael Granlund D Jackson LaCombe D Martin Fehervary G Lukas Dostal UTIL Leo Carlsson W Cutter Gauthier W Beckett Sennecke W A.J. Greer,,,
606,5286240009,124hoffman,0,76,C Connor McDavid C Nathan MacKinnon D Cale Makar D Dylan DeMelo G Arturs Silovs UTIL Evan Bouchard W Hendrix Lapierre W Isak Rosen W Ville Koivunen,,,
606,5286297803,mikekile,0,76,C Connor McDavid C Mark Scheifele D Jakob Chychrun D Josh Manson G Stuart Skinner UTIL Hendrix Lapierre W Alex Ovechkin W Artturi Lehkonen W Cole Perfetti,,,
608,5285722054,cakkeeee,0,75.9,C Mikael Granlund C Ben Kindel D Josh Morrissey D Kris Letang G MacKenzie Blackwood UTIL Evgeni Malkin W Martin Necas W Beckett Sennecke W Cole Perfetti,,,
608,5285981436,rumrunner72,0,75.9,C Nathan MacKinnon C Mark Scheifele D Neal Pionk D Connor Murphy G Logan Thompson UTIL Jaden Schwartz W Martin Necas W Artturi Lehkonen W Cole Perfetti,,,
608,5286050606,BRAD323,0,75.9,C Nathan MacKinnon C Pierre-Luc Dubois D Cale Makar D Cole Hutson G Logan Thompson UTIL Connor Murphy W Martin Necas W Artturi Lehkonen W Boone Jenner,,,
611,5286265733,scavengers2000,0,75.8,C Sidney Crosby C Leo Carlsson D Mario Ferraro D Declan Carlile G Arturs Silovs UTIL Kyle Connor W Evgeni Malkin W Beckett Sennecke W Egor Chinakhov,,,
611,5286157283,skunkel133,0,75.799995,C Connor McDavid C Brock Nelson D Tristan Luneau D Samuel Girard G MacKenzie Blackwood UTIL Boone Jenner W Leon Draisaitl W Nazem Kadri W A.J. Greer,,,
613,5286117978,SpoWeezy,0,75.49999,C Connor McDavid C Dylan Strome D Sam Malinski D Cole Hutson G MacKenzie Blackwood UTIL Nazem Kadri W Alex Ovechkin W Vasily Podkolzin W Gabriel Landeskog,,,
614,5286297758,killafrog,0,75.4,C Leo Carlsson C Tommy Novak D Jakob Chychrun D Jackson LaCombe G Lukas Dostal UTIL Parker Kelly W Cutter Gauthier W Beckett Sennecke W Egor Chinakhov,,,
614,5285749033,thegambler84,0,75.399994,C Connor McDavid C Nathan MacKinnon D Jakob Chychrun D Sam Malinski G Logan Thompson UTIL Jaden Schwartz W Nazem Kadri W Boone Jenner W T.J. Hughes,,,
616,5286325534,kfahey42,0,75.299995,C Nathan MacKinnon C Leo Carlsson D Jakob Chychrun D Kris Letang G MacKenzie Blackwood UTIL Declan Carlile W Beckett Sennecke W Cole Perfetti W Boone Jenner,,,
617,5286203683,Jplmr,0,75.1,C Sidney Crosby C Mikael Granlund D Josh Morrissey D Josh Manson G Arturs Silovs UTIL Kyle Connor W Rickard Rakell W Beckett Sennecke W Hendrix Lapierre,,,
618,5286207250,Shredville,0,75,C Leo Carlsson C Adam Lowry D Cale Makar D Cole Hutson G Logan Thompson UTIL Jackson LaCombe W Cutter Gauthier W Artturi Lehkonen W A.J. Greer,,,
618,5286342483,BlueBuck79,0,75,C Leo Carlsson C Dylan Strome D Mattias Ekholm D Devon Toews G Logan Thompson UTIL Artturi Lehkonen W Martin Necas W Alex Ovechkin W Tom Wilson,,,
620,5285776032,kepenekela,0,74.9,C Leo Carlsson C Tommy Novak D Cale Makar D Jackson LaCombe G Lukas Dostal UTIL Kasperi Kapanen W Cutter Gauthier W Nazem Kadri W A.J. Greer,,,
621,5285949227,stiggy24,0,74.7,C Connor McDavid C Nathan MacKinnon D Evan Bouchard D Cale Makar G Arturs Silovs UTIL Vladislav Namestnikov W Parker Kelly W Hendrix Lapierre W Ville Koivunen,,,
622,5285931255,mrohrbach73,0,74.50001,C Brock Nelson C Mikael Granlund D Jackson LaCombe D Trevor van Riemsdyk G Lukas Dostal UTIL Leo Carlsson W Cutter Gauthier W Beckett Sennecke W Nazem Kadri,,,
623,5286320113,TLandry14,0,74.4,C Leo Carlsson C Brock Nelson D Erik Karlsson D Jackson LaCombe G Lukas Dostal UTIL Gabriel Landeskog W Alex Tuch W Cole Perfetti W Kasperi Kapanen,,,
624,5286228243,FootballRoyal88,0,74.3,C Nathan MacKinnon C Ben Kindel D Josh Morrissey D Timothy Liljegren G Arturs Silovs UTIL Connor McDavid W Nazem Kadri W Kasperi Kapanen W Ryan Leonard,,,
625,5285856833,aquafinatim,0,74.100006,C Mikael Granlund C Dylan Strome D Jackson LaCombe D Trevor van Riemsdyk G Lukas Dostal UTIL Leo Carlsson W Cutter Gauthier W Alex Ovechkin W Beckett Sennecke,,,
625,5285877748,Hockeybob8,0,74.1,C Nathan MacKinnon C Ryan Nugent-Hopkins D Kris Letang D Cole Hutson G Logan Thompson UTIL Pierre-Luc Dubois W Cutter Gauthier W Gabriel Landeskog W Gabriel Vilardi,,,
627,5285956195,Carriecat,0,74,C Nathan MacKinnon C Adam Lowry D Declan Carlile D Ryan Shea G Devon Levi UTIL Cole Perfetti W Kyle Connor W Martin Necas W Artturi Lehkonen,,,
628,5285821275,Birdsack,0,73.899994,C Leo Carlsson C Ben Kindel D Jackson LaCombe D Kris Letang G Logan Thompson UTIL T.J. Hughes W Cutter Gauthier W Martin Necas W Nazem Kadri,,,
628,5286328229,Tiguy3321,0,73.899994,C Connor McDavid C Nathan MacKinnon D Brent Burns D Connor Murphy G MacKenzie Blackwood UTIL Declan Carlile W Vasily Podkolzin W Artturi Lehkonen W Nick Robertson,,,
630,5285887793,medazzaland00,0,73.8,C Nathan MacKinnon C Leo Carlsson D Josh Morrissey D Cole Hutson G Stuart Skinner UTIL Egor Chinakhov W Evgeni Malkin W Cole Perfetti W Nick Robertson,,,
631,5286271268,thechef,0,73.7,C Sidney Crosby C Leo Carlsson D Cale Makar D Jackson LaCombe G Lukas Dostal UTIL Beckett Sennecke W Cole Perfetti W Alex Killorn W Alex Iafallo,,,
632,5286186204,robwest26,0,73.3,C Nathan MacKinnon C Ben Kindel D Cale Makar D Declan Carlile G Arturs Silovs UTIL Vasily Podkolzin W Beckett Sennecke W Artturi Lehkonen W Isaac Howard,,,
633,5286036362,Fatlenny,0,73.2,C Nathan MacKinnon C Ilya Protas D Declan Carlile D Josh Manson G MacKenzie Blackwood UTIL Jaden Schwartz W Leon Draisaitl W Martin Necas W Vasily Podkolzin,,,
633,5286271536,Mirth,0,73.2,C Leo Carlsson C Mikael Granlund D Jackson LaCombe D Martin Fehervary G Lukas Dostal UTIL Alex Killorn W Cutter Gauthier W Rickard Rakell W Beckett Sennecke,,,
633,5286291447,waiverwirewizards,0,73.2,C Leo Carlsson C Mikael Granlund D Jackson LaCombe D Martin Fehervary G Lukas Dostal UTIL Alex Killorn W Cutter Gauthier W Rickard Rakell W Beckett Sennecke,,,
636,5286319351,JDamien2442,0,73,C Leo Carlsson C Brock Nelson D Evan Bouchard D Declan Carlile G Arturs Silovs UTIL Nicolas Roy W Martin Necas W Vasily Podkolzin W Artturi Lehkonen,,,
637,5285830151,bcarney710,0,72.8,C Leo Carlsson C Ben Kindel D Declan Carlile D Josh Manson G Devon Levi UTIL Nathan MacKinnon W Vasily Podkolzin W Artturi Lehkonen W Cole Perfetti,,,
638,5286252628,patsellar,0,72.700005,C Leo Carlsson C Nicolas Roy D Neal Pionk D Declan Carlile G Logan Thompson UTIL Nathan MacKinnon W Cutter Gauthier W Artturi Lehkonen W Cole Perfetti,,,
638,5285944758,NHLPRO,0,72.7,C Connor McDavid C Nathan MacKinnon D Cale Makar D Samuel Girard G MacKenzie Blackwood UTIL Nazem Kadri W T.J. Hughes W Jaden Schwartz W Parker Kelly,,,
638,5286239566,AtlienJDC,0,72.7,C Nathan MacKinnon C Ben Kindel D Erik Karlsson D Jackson LaCombe G MacKenzie Blackwood UTIL Alex Iafallo W Beckett Sennecke W Artturi Lehkonen W Cole Perfetti,,,
638,5286274782,coreypetalik,0,72.7,C Nathan MacKinnon C Dylan Strome D Cale Makar D Ryan Shea G Logan Thompson UTIL Alex Iafallo W Alex Ovechkin W Vasily Podkolzin W Cole Perfetti,,,
642,5285821999,j11five,0,72.600006,C Nathan MacKinnon C Pierre-Luc Dubois D Devon Toews D Kaedan Korczak G Devon Levi UTIL Brock Nelson W Martin Necas W Alex Ovechkin W Nazem Kadri,,,
642,5285973759,AgentChadAKSARBEN,0,72.6,C Brock Nelson C Mikael Granlund D Cale Makar D Samuel Girard G Arturs Silovs UTIL Tommy Novak W Cutter Gauthier W Vasily Podkolzin W Artturi Lehkonen,,,
644,5286315453,Betcat69,0,72.4,C Nathan MacKinnon C Dylan Strome D Declan Carlile D Josh Manson G Logan Thompson UTIL Leon Draisaitl W Vasily Podkolzin W Artturi Lehkonen W A.J. Greer,,,
644,5286195233,nationraide925,0,72.399994,C Nathan MacKinnon C Sidney Crosby D Kris Letang D Samuel Girard G MacKenzie Blackwood UTIL Nazem Kadri W Bryan Rust W Beckett Sennecke W A.J. Greer,,,
646,5286234764,twigger2,0,72.200005,C Nathan MacKinnon C Ben Kindel D Cale Makar D Dylan DeMelo G Arturs Silovs UTIL Vasily Podkolzin W Beckett Sennecke W Gabriel Vilardi W Aliaksei Protas,,,
646,5286249037,Traveshamockery,0,72.2,C Brock Nelson C Dylan Strome D Cale Makar D Jakob Chychrun G Logan Thompson UTIL Pierre-Luc Dubois W Cutter Gauthier W Evgeni Malkin W Nikita Klepov,,,
648,5286190875,Nutznorm,0,71.8,C Leo Carlsson C Brock Nelson D Cale Makar D Declan Carlile G Logan Thompson UTIL Artturi Lehkonen W Cutter Gauthier W Cole Perfetti W Filip Hallander,,,
649,5286230166,ZombieAut0pilot,0,71.700005,C Nathan MacKinnon C Ben Kindel D Declan Carlile D Josh Manson G Arturs Silovs UTIL Nicolas Roy W Leon Draisaitl W Kyle Connor W Artturi Lehkonen,,,
649,5285868053,LTskelter,0,71.7,C Leo Carlsson C Mikael Granlund D Jackson LaCombe D Martin Fehervary G Lukas Dostal UTIL Beckett Sennecke W Cutter Gauthier W Rickard Rakell W A.J. Greer,,,
649,5286328129,fantasyjunkies101,0,71.7,C Connor McDavid C Nathan MacKinnon D Devon Toews D Ryan Shea G MacKenzie Blackwood UTIL Dylan Strome W Vasily Podkolzin W Kasperi Kapanen W T.J. Hughes,,,
652,5285821291,Monica601,0,71.5,C Nathan MacKinnon C Brock Nelson D Kris Letang D Cole Hutson G Stuart Skinner UTIL Ben Kindel W Martin Necas W Vasily Podkolzin W Artturi Lehkonen,,,
653,5286343785,bhottle2,0,71.4,C Sidney Crosby C Dylan Strome D Cale Makar D Mattias Ekholm G Arturs Silovs UTIL Connor McDavid W Nazem Kadri W Egor Chinakhov W Anthony Beauvillier,,,
653,5285841579,1nonlyDXP,0,71.399994,C Leo Carlsson C Nicolas Roy D Cale Makar D Brent Burns G Logan Thompson UTIL Artturi Lehkonen W Martin Necas W Gabriel Vilardi W Cole Perfetti,,,
655,5285841494,JLR1985,0,71.3,C Mikael Granlund C Dylan Strome D Jackson LaCombe D Josh Manson G Lukas Dostal UTIL Leo Carlsson W Cutter Gauthier W Alex Ovechkin W Beckett Sennecke,,,
655,5286256672,Dethstar1972,0,71.3,C Nathan MacKinnon C Ben Kindel D Evan Bouchard D Sam Malinski G Arturs Silovs UTIL Josh Morrissey W Vasily Podkolzin W Cole Perfetti W Hendrix Lapierre,,,
655,5286259736,stag12,0,71.3,C Nathan MacKinnon C Dylan Strome D Tristan Luneau D Josh Manson G Logan Thompson UTIL Cole Perfetti W Alex Tuch W Vasily Podkolzin W Artturi Lehkonen,,,
658,5285897065,Sisco510,0,71.2,C Connor McDavid C Sidney Crosby D Cole Hutson D Ryan Shea G MacKenzie Blackwood UTIL Dylan Strome W Martin Necas W Vasily Podkolzin W Hendrix Lapierre,,,
659,5286263588,fchonor,0,71.100006,C Nathan MacKinnon C Mark Scheifele D Neal Pionk D Brent Burns G Arturs Silovs UTIL Cole Perfetti W Martin Necas W Vasily Podkolzin W Ryan Leonard,,,
659,5286321397,Enunez116,0,71.09999,C Leo Carlsson C Ben Kindel D Cale Makar D Kaedan Korczak G MacKenzie Blackwood UTIL Kris Letang W Martin Necas W Alex Ovechkin W Cole Perfetti,,,
661,5286331318,clarkc20,0,71,C Brock Nelson C Ryan Poehling D Jakob Chychrun D Josh Morrissey G MacKenzie Blackwood UTIL Tommy Novak W Martin Necas W Beckett Sennecke W Cole Perfetti,,,
662,5286340711,TommyGavin911,0,70.7,C Nathan MacKinnon C Pierre-Luc Dubois D Erik Karlsson D Devon Toews G MacKenzie Blackwood UTIL Artturi Lehkonen W Gabriel Landeskog W Tom Wilson W Nazem Kadri,,,
663,5286332468,IAMFARKD,0,70.4,C Leo Carlsson C Nicolas Roy D Josh Morrissey D Josh Manson G MacKenzie Blackwood UTIL Ben Kindel W Kyle Connor W Martin Necas W Vasily Podkolzin,,,
664,5286338505,nanzilotti,0,70.3,C Leo Carlsson C Ben Kindel D Cole Hutson D Declan Carlile G Lukas Dostal UTIL Cutter Gauthier W Martin Necas W Alex Tuch W Artturi Lehkonen,,,
665,5286287333,dannymelvin16,0,70.200005,C Connor McDavid C Mikael Granlund D Kris Letang D Sam Malinski G Arturs Silovs UTIL Jackson LaCombe W Cutter Gauthier W Nazem Kadri W Alex Killorn,,,
665,5286342880,jahaylj28,0,70.200005,C Leo Carlsson C Ben Kindel D Declan Carlile D Josh Manson G Arturs Silovs UTIL Martin Necas W Leon Draisaitl W Vasily Podkolzin W Artturi Lehkonen,,,
665,5286097975,Jmc115,0,70.2,C Sidney Crosby C Brock Nelson D Jackson LaCombe D Jake Walman G Arturs Silovs UTIL Gabriel Landeskog W Rickard Rakell W Beckett Sennecke W Nazem Kadri,,,
668,5285981973,BfloBill,0,70.1,C Nathan MacKinnon C Leo Carlsson D Jackson LaCombe D Josh Manson G Lukas Dostal UTIL Pierre-Luc Dubois W Cutter Gauthier W Tom Wilson W A.J. Greer,,,
669,5286295717,mvotruba,0,70.00001,C Nathan MacKinnon C Ben Kindel D Dylan DeMelo D Trevor van Riemsdyk G Arturs Silovs UTIL Bryan Rust W Leon Draisaitl W Vasily Podkolzin W Artturi Lehkonen,,,
670,5286065680,GMan2456,0,69.899994,C Nathan MacKinnon C Ben Kindel D Brent Burns D Kaedan Korczak G MacKenzie Blackwood UTIL Declan Carlile W Leon Draisaitl W Evgeni Malkin W Artturi Lehkonen,,,
671,5286142864,BigBry69420,0,69.8,C Mark Scheifele C Brock Nelson D Jake Walman D Kris Letang G Arturs Silovs UTIL Cutter Gauthier W Alex Ovechkin W Artturi Lehkonen W Tom Wilson,,,
671,5286338753,Lmbuotte,0,69.799995,C Nathan MacKinnon C Mark Scheifele D Cole Hutson D Brent Burns G Logan Thompson UTIL Dylan Strome W Alex Ovechkin W Artturi Lehkonen W Cole Perfetti,,,
673,5286202843,dogfarmo,0,69.600006,C Sidney Crosby C Leo Carlsson D Josh Morrissey D Erik Karlsson G Arturs Silovs UTIL Mikael Granlund W Beckett Sennecke W Nazem Kadri W A.J. Greer,,,
674,5286326035,deuce6078,0,69.5,C Nathan MacKinnon C Mikael Granlund D Kaedan Korczak D Noah Juulsen G MacKenzie Blackwood UTIL Cale Makar W Rickard Rakell W Alex Tuch W T.J. Hughes,,,
674,5286332551,psymonator,0,69.49999,C Leo Carlsson C Dylan Strome D Erik Karlsson D Declan Carlile G MacKenzie Blackwood UTIL Nicolas Roy W Cutter Gauthier W Martin Necas W Vasily Podkolzin,,,
676,5285905527,respo22,0,69.2,C Nathan MacKinnon C Sidney Crosby D Connor Murphy D Ryan Shea G Devon Levi UTIL Connor McDavid W Alex Ovechkin W Boone Jenner W Mathieu Joseph,,,
677,5285840001,auglianom,0,69,C Nathan MacKinnon C Viggo Bjorck D Cale Makar D Connor Murphy G Logan Thompson UTIL Ilya Protas W Kyle Connor W Martin Necas W Isak Rosen,,,
677,5285902926,ivymoose,0,69,C Sidney Crosby C Ben Kindel D Erik Karlsson D Pavel Mintyukov G Arturs Silovs UTIL Connor McDavid W Rickard Rakell W Vasily Podkolzin W Hendrix Lapierre,,,
677,5286315475,elistump26,0,69,C Leo Carlsson C Tommy Novak D Cale Makar D Brent Burns G Lukas Dostal UTIL Nazem Kadri W Cutter Gauthier W Gabriel Vilardi W Jordan Kyrou,,,
680,5286313643,egoaltered,0,68.8,C Nathan MacKinnon C Ben Kindel D Kris Letang D Declan Carlile G Arturs Silovs UTIL Nicolas Roy W Leon Draisaitl W Vasily Podkolzin W Artturi Lehkonen,,,
680,5286324191,Hadjiranger,0,68.8,C Leo Carlsson C Ben Kindel D Cole Hutson D Mario Ferraro G Arturs Silovs UTIL Nathan MacKinnon W Martin Necas W Beckett Sennecke W Egor Chinakhov,,,
680,5286331788,rbrady78,0,68.8,C Nathan MacKinnon C Tommy Novak D Neal Pionk D Connor Murphy G Arturs Silovs UTIL Egor Chinakhov W Kyle Connor W Martin Necas W Nazem Kadri,,,
680,5286003990,4prongdigger,0,68.799995,C Connor McDavid C Nathan MacKinnon D Mario Ferraro D Josh Manson G Logan Thompson UTIL Mikael Granlund W Cutter Gauthier W Alex Iafallo W Nikita Nesterenko,,,
684,5285998660,caseyhill1,0,68.7,C Nathan MacKinnon C Ben Kindel D Cale Makar D Erik Karlsson G Logan Thompson UTIL Owen Michaels W Nazem Kadri W Cole Perfetti W Egor Chinakhov,,,
685,5286064607,hcnpower,0,68.4,C Nathan MacKinnon C Pierre-Luc Dubois D Cale Makar D Mario Ferraro G Logan Thompson UTIL Ryan Leonard W Martin Necas W Artturi Lehkonen W Boone Jenner,,,
685,5286148233,ben447,0,68.4,C Sidney Crosby C Mikael Granlund D Cale Makar D Pavel Mintyukov G Lukas Dostal UTIL Beckett Sennecke W Alex Ovechkin W Cole Perfetti W Alex Killorn,,,
685,5286203725,zacsmith1,0,68.399994,C Sidney Crosby C Mark Scheifele D Josh Morrissey D Devon Toews G MacKenzie Blackwood UTIL Nick Robertson W Alex Ovechkin W Tom Wilson W Nazem Kadri,,,
688,5286315334,justplayinj,0,68.200005,C Nathan MacKinnon C Tommy Novak D Evan Bouchard D Declan Carlile G Arturs Silovs UTIL Ben Kindel W Martin Necas W Artturi Lehkonen W A.J. Greer,,,
689,5286265062,TwoHearted,0,68.00001,C Sidney Crosby C Ben Kindel D Jakob Chychrun D Erik Karlsson G Lukas Dostal UTIL Tommy Novak W Rickard Rakell W Beckett Sennecke W Aliaksei Protas,,,
689,5286321887,George.C23,0,68,C Leo Carlsson C Ben Kindel D Jakob Chychrun D Tristan Luneau G Clay Stevenson UTIL Declan Carlile W Kyle Connor W Martin Necas W Cole Perfetti,,,
691,5285847649,DVaut1,0,67.9,C Nathan MacKinnon C Pierre-Luc Dubois D Cale Makar D Declan Carlile G Lukas Dostal UTIL Ville Koivunen W Martin Necas W Alex Tuch W Nazem Kadri,,,
691,5286299363,manthan2123,0,67.9,C Connor McDavid C Nathan MacKinnon D Declan Carlile D Ryan Shea G Logan Thompson UTIL Parker Kelly W Cutter Gauthier W Artturi Lehkonen W Hendrix Lapierre,,,
691,5286318826,Ryan2984,0,67.9,C Nathan MacKinnon C Ben Kindel D Cale Makar D Kris Letang G Lukas Dostal UTIL Connor Murphy W Martin Necas W Beckett Sennecke W Boone Jenner,,,
694,5285995037,colbyhornet,0,67.5,C Nathan MacKinnon C Mikael Granlund D Jackson LaCombe D Pavel Mintyukov G Lukas Dostal UTIL Beckett Sennecke W Cutter Gauthier W Nazem Kadri W Morgan Barron,,,
694,5286053830,Bsaun32,0,67.5,C Nathan MacKinnon C Ben Kindel D Kris Letang D Trevor van Riemsdyk G Arturs Silovs UTIL Connor McDavid W Bryan Rust W Nazem Kadri W Egor Chinakhov,,,
696,5285898126,snowdev30,0,67.399994,C Leo Carlsson C Mikael Granlund D Devon Toews D Cole Hutson G Lukas Dostal UTIL Josh Morrissey W Cutter Gauthier W Vasily Podkolzin W Cole Perfetti,,,
697,5285854917,xxSPURS21xx,0,67.100006,C Sidney Crosby C Mark Scheifele D Erik Karlsson D Pavel Mintyukov G Arturs Silovs UTIL Cole Perfetti W Kyle Connor W Rickard Rakell W Hendrix Lapierre,,,
697,5286156885,EvilMeanies,0,67.100006,C Nathan MacKinnon C Pierre-Luc Dubois D Cale Makar D Kris Letang G Lukas Dostal UTIL Cole Perfetti W Cutter Gauthier W Alex Killorn W Nick Robertson,,,
697,5286258027,A.Burgos930,0,67.100006,C Sidney Crosby C Mark Scheifele D Erik Karlsson D Pavel Mintyukov G Arturs Silovs UTIL Cole Perfetti W Kyle Connor W Rickard Rakell W Hendrix Lapierre,,,
700,5286107928,charles52,0,67,C Dylan Strome C Viggo Bjorck D Evan Bouchard D Tristan Luneau G MacKenzie Blackwood UTIL Connor McDavid W Artturi Lehkonen W Egor Chinakhov W Isaac Howard,,,
701,5286317796,killerratdawgs,0,66.700005,C Nathan MacKinnon C Dylan Strome D Devon Toews D Connor Murphy G Logan Thompson UTIL Kasperi Kapanen W Martin Necas W Vasily Podkolzin W Artturi Lehkonen,,,
701,5285980221,Ish99,0,66.7,C Connor McDavid C Brock Nelson D Mattias Ekholm D Devon Toews G MacKenzie Blackwood UTIL Dylan Strome W Vasily Podkolzin W Gabriel Landeskog W Egor Chinakhov,,,
703,5285805712,raiderras,0,66.5,C Nathan MacKinnon C Tommy Novak D Declan Carlile D Josh Manson G MacKenzie Blackwood UTIL Egor Chinakhov W Leon Draisaitl W Artturi Lehkonen W Cole Perfetti,,,
703,5285897919,jables11b,0,66.5,C Connor McDavid C Nathan MacKinnon D Tristan Luneau D Connor Murphy G Arturs Silovs UTIL Ryan Shea W Leon Draisaitl W Alex Killorn W Trent Frederic,,,
705,5286321978,dhman82,0,66.299995,C Nathan MacKinnon C Ben Kindel D Cale Makar D Cole Hutson G MacKenzie Blackwood UTIL Nazem Kadri W Martin Necas W T.J. Hughes W Jaden Schwartz,,,
706,5286285279,xXxPLOSIVE,0,65.8,C Nathan MacKinnon C Tommy Novak D Neal Pionk D Connor Murphy G Arturs Silovs UTIL Tristan Luneau W Kyle Connor W Martin Necas W Nazem Kadri,,,
707,5285975574,jimcon2,0,65.7,C Leo Carlsson C Brock Nelson D Kris Letang D Josh Manson G MacKenzie Blackwood UTIL Vasily Podkolzin W Cutter Gauthier W Nazem Kadri W Cole Perfetti,,,
708,5286157500,TheJokesOnU,0,65.5,C Nathan MacKinnon C Nicolas Roy D Evan Bouchard D Josh Manson G MacKenzie Blackwood UTIL Cole Perfetti W Cutter Gauthier W Artturi Lehkonen W Parker Kelly,,,
709,5286218755,arve,0,64.9,C Nathan MacKinnon C Brock Nelson D Josh Morrissey D Tristan Luneau G Logan Thompson UTIL Owen Michaels W Cutter Gauthier W Tom Wilson W Hendrix Lapierre,,,
709,5286055740,Packersstillsuck123,0,64.899994,C Brock Nelson C Tommy Novak D Jakob Chychrun D Sam Malinski G MacKenzie Blackwood UTIL Boone Jenner W Leon Draisaitl W Evgeni Malkin W Nazem Kadri,,,
711,5286047785,andymilligan3,0,64.6,C Nathan MacKinnon C Ilya Protas D Connor Murphy D Martin Fehervary G Logan Thompson UTIL Artturi Lehkonen W Kyle Connor W Martin Necas W Cole Perfetti,,,
712,5286208320,regan3,0,64.5,C Nathan MacKinnon C Ben Kindel D Declan Carlile D Ryan Shea G MacKenzie Blackwood UTIL Connor McDavid W Martin Necas W Ryan Leonard W Parker Kelly,,,
712,5286326204,Cole3pt,0,64.5,C Leo Carlsson C Dylan Strome D Jakob Chychrun D Josh Morrissey G Logan Thompson UTIL Cutter Gauthier W Alex Ovechkin W A.J. Greer W Anthony Beauvillier,,,
714,5286232495,riffraff19,0,64.399994,C Nathan MacKinnon C Pierre-Luc Dubois D Devon Toews D Cole Hutson G MacKenzie Blackwood UTIL A.J. Greer W Martin Necas W Alex Tuch W Artturi Lehkonen,,,
715,5286321690,Erich00,0,64.200005,C Tommy Novak C Ben Kindel D Erik Karlsson D Cole Hutson G Lukas Dostal UTIL Martin Necas W Kyle Connor W Evgeni Malkin W Artturi Lehkonen,,,
716,5285751568,tt1127,0,64.1,C Nathan MacKinnon C Leo Carlsson D Brett Kulak D Trevor van Riemsdyk G MacKenzie Blackwood UTIL Samuel Girard W Leon Draisaitl W Martin Necas W Parker Kelly,,,
717,5285790276,Assy_Mcgee,0,63.899998,C Sidney Crosby C Mikael Granlund D Josh Morrissey D Erik Karlsson G MacKenzie Blackwood UTIL Ryan Poehling W Beckett Sennecke W Gabriel Vilardi W Nazem Kadri,,,
718,5285814849,jessman420,0,63.699997,C Brock Nelson C Ryan Poehling D Tristan Luneau D Sam Malinski G MacKenzie Blackwood UTIL Connor McDavid W Leon Draisaitl W Nazem Kadri W Nikita Klepov,,,
718,5286055011,jgunn26,0,63.699997,C Nathan MacKinnon C Ben Kindel D Kris Letang D Declan Carlile G Arturs Silovs UTIL Nicolas Roy W Kyle Connor W Cutter Gauthier W Artturi Lehkonen,,,
720,5285908106,strausberg,0,63.600006,C Brock Nelson C Dylan Strome D Jakob Chychrun D Jackson LaCombe G Lukas Dostal UTIL Artturi Lehkonen W Alex Tuch W Alex Ovechkin W Tom Wilson,,,
720,5286043428,Sanford71,0,63.6,C Nathan MacKinnon C Leo Carlsson D Jakob Chychrun D Declan Carlile G Logan Thompson UTIL Owen Michaels W Cutter Gauthier W Cole Perfetti W Parker Kelly,,,
722,5286195450,habcommander,0,63.300003,C Nathan MacKinnon C Ilya Protas D Connor Murphy D Josh Manson G Logan Thompson UTIL Artturi Lehkonen W Kyle Connor W Martin Necas W Cole Perfetti,,,
723,5286330090,bobho10,0,63.1,C Sidney Crosby C Ben Kindel D Josh Morrissey D Tristan Luneau G MacKenzie Blackwood UTIL Alex Ovechkin W Alex Tuch W Bryan Rust W Boone Jenner,,,
724,5286334261,Sinsidia,0,63.000004,C Nathan MacKinnon C Ben Kindel D Cole Hutson D Declan Carlile G MacKenzie Blackwood UTIL Cutter Gauthier W Martin Necas W Egor Chinakhov W Ryan Leonard,,,
724,5285875323,Roach713,0,63,C Leo Carlsson C Tommy Novak D Cale Makar D Dylan DeMelo G Arturs Silovs UTIL Cutter Gauthier W Evgeni Malkin W Nazem Kadri W Egor Chinakhov,,,
724,5286066996,dhmo831,0,63,C Nathan MacKinnon C Pierre-Luc Dubois D Jakob Chychrun D Declan Carlile G MacKenzie Blackwood UTIL Leo Carlsson W Vasily Podkolzin W Nazem Kadri W A.J. Greer,,,
724,5286237768,RorDawg711,0,63,C Connor McDavid C Nathan MacKinnon D Neal Pionk D Connor Murphy G Arturs Silovs UTIL Aliaksei Protas W Martin Necas W Nazem Kadri W Anthony Beauvillier,,,
728,5286323886,jeremyc76,0,62.6,C Nathan MacKinnon C Dylan Strome D Connor Murphy D Josh Manson G Logan Thompson UTIL Alex Ovechkin W Martin Necas W Vasily Podkolzin W Cole Perfetti,,,
729,5285945666,BongMasta420,0,62.200005,C Nathan MacKinnon C Ben Kindel D Cale Makar D Erik Karlsson G Arturs Silovs UTIL Tristan Luneau W Beckett Sennecke W Artturi Lehkonen W Ville Koivunen,,,
730,5286137421,ryanland,0,61.8,C Nathan MacKinnon C Brock Nelson D Cale Makar D Devon Toews G Devon Levi UTIL Mattias Ekholm W Gabriel Vilardi W Cole Perfetti W T.J. Hughes,,,
730,5285822167,The_Undertaker,0,61.799995,C Connor McDavid C Nathan MacKinnon D Jakob Chychrun D Josh Manson G Logan Thompson UTIL Nicolas Roy W Artturi Lehkonen W Cole Perfetti W Parker Kelly,,,
732,5286306263,Frisbie90,0,61.5,C Sidney Crosby C Mikael Granlund D Jakob Chychrun D Jackson LaCombe G Lukas Dostal UTIL Cale Makar W Beckett Sennecke W Alex Killorn W Hendrix Lapierre,,,
733,5285957005,flanny0210,0,61.2,C Nathan MacKinnon C Owen Michaels D Jackson LaCombe D Cole Hutson G MacKenzie Blackwood UTIL Ilya Protas W Martin Necas W Beckett Sennecke W Alex Formenton,,,
734,5285601592,SliceB,0,60.9,C Connor McDavid C Nathan MacKinnon D Declan Carlile D Josh Manson G MacKenzie Blackwood UTIL Cole Perfetti W Martin Necas W Nick Robertson W Parker Kelly,,,
734,5286154566,kucas0918,0,60.9,C Nathan MacKinnon C Tommy Novak D Erik Karlsson D Connor Murphy G Devon Levi UTIL Gabriel Landeskog W Evgeni Malkin W Artturi Lehkonen W Egor Chinakhov,,,
734,5286251702,kls148,0,60.899998,C Nathan MacKinnon C Justin Sourdif D Jackson LaCombe D Martin Fehervary G MacKenzie Blackwood UTIL Nikita Klepov W Cutter Gauthier W Martin Necas W Beckett Sennecke,,,
737,5286293531,teddyruxpin6969,0,60.8,C Mikael Granlund C Ryan Poehling D Mattias Ekholm D Neal Pionk G MacKenzie Blackwood UTIL Cale Makar W Cutter Gauthier W Evgeni Malkin W Nazem Kadri,,,
738,5286212496,jasonc75,0,60.5,C Sidney Crosby C Ben Kindel D Kris Letang D Declan Carlile G Lukas Dostal UTIL Tommy Novak W Kyle Connor W Martin Necas W Evgeni Malkin,,,
739,5286100135,Vikingmick68,0,60.399998,C Connor McDavid C Nathan MacKinnon D Kris Letang D Brent Burns G Arturs Silovs UTIL Artturi Lehkonen W Gabriel Landeskog W Cole Perfetti W Alex Iafallo,,,
740,5286314101,Wagsmop,0,60.2,C Sidney Crosby C Leo Carlsson D Jake Walman D Kris Letang G Arturs Silovs UTIL Ryan Leonard W Cutter Gauthier W Rickard Rakell W Egor Chinakhov,,,
741,5285880731,parkrangerjay,0,60.099995,C Leo Carlsson C Brock Nelson D Jackson LaCombe D Josh Manson G Scott Wedgewood UTIL Connor McDavid W Artturi Lehkonen W Nick Robertson W Boone Jenner,,,
742,5286336558,ahc72,0,59.700005,C Sidney Crosby C Mikael Granlund D Mattias Ekholm D Devon Toews G Arturs Silovs UTIL Alex Ovechkin W Rickard Rakell W Vasily Podkolzin W Bryan Rust,,,
743,5285805248,xerxes1981,0,59.300003,C Leo Carlsson C Tommy Novak D Declan Carlile D Kaedan Korczak G Lukas Dostal UTIL Alex Ovechkin W Cutter Gauthier W Martin Necas W Evgeni Malkin,,,
743,5286263469,arnoldgo,0,59.300003,C Nathan MacKinnon C Leo Carlsson D Declan Carlile D Josh Manson G Logan Thompson UTIL Artturi Lehkonen W Cutter Gauthier W Cole Perfetti W Parker Kelly,,,
743,5285960765,Finland50,0,59.3,C Connor McDavid C Nathan MacKinnon D Kris Letang D Declan Carlile G MacKenzie Blackwood UTIL Sidney Crosby W Nick Robertson W A.J. Greer W Boone Jenner,,,
743,5286319279,ElDanno,0,59.299995,C Nathan MacKinnon C Owen Michaels D Cale Makar D Ryan Shea G MacKenzie Blackwood UTIL Ben Kindel W Cutter Gauthier W Vasily Podkolzin W Alex Formenton,,,
747,5286301778,KickAz94,0,59.199997,C Connor McDavid C Sidney Crosby D Kris Letang D Brent Burns G Arturs Silovs UTIL A.J. Greer W Rickard Rakell W Alex Ovechkin W Nazem Kadri,,,
748,5286266961,Kvegas3645,0,59,C Connor McDavid C Nathan MacKinnon D Samuel Girard D Josh Manson G Arturs Silovs UTIL Alex Killorn W Vasily Podkolzin W Artturi Lehkonen W Cole Perfetti,,,
748,5285683243,Nautiguy,0,58.999996,C Nathan MacKinnon C Owen Michaels D Cale Makar D Mattias Ekholm G Devon Levi UTIL Nick Robertson W Martin Necas W Evgeni Malkin W Alex Formenton,,,
750,5285819579,Otay2917,0,58.600002,C Nathan MacKinnon C Ben Kindel D Cale Makar D Declan Carlile G MacKenzie Blackwood UTIL Cole Perfetti W Vasily Podkolzin W Artturi Lehkonen W Parker Kelly,,,
751,5286307819,scouter9,0,58.200005,C Sidney Crosby C Dylan Strome D Cale Makar D Mattias Ekholm G Arturs Silovs UTIL Isaac Howard W Evgeni Malkin W Vasily Podkolzin W Bryan Rust,,,
752,5286180509,letsgocubs3493,0,57.800003,C Mark Scheifele C Ben Kindel D Josh Morrissey D Erik Karlsson G Lukas Dostal UTIL T.J. Hughes W Kyle Connor W Artturi Lehkonen W Cole Perfetti,,,
753,5286220526,sunsemparchi,0,57.5,C Leo Carlsson C Brock Nelson D Jackson LaCombe D Sam Malinski G Arturs Silovs UTIL Tommy Novak W Cutter Gauthier W Evgeni Malkin W Nazem Kadri,,,
754,5286106057,SidElGuapo,0,57.4,C Connor McDavid C Nathan MacKinnon D Kris Letang D Declan Carlile G Logan Thompson UTIL Evgeni Malkin W Artturi Lehkonen W Parker Kelly W Hendrix Lapierre,,,
755,5286167785,Mtrainor6,0,56.8,C Nathan MacKinnon C Leo Carlsson D Cole Hutson D Declan Carlile G MacKenzie Blackwood UTIL Ben Kindel W Cutter Gauthier W Artturi Lehkonen W Ville Koivunen,,,
756,5286201717,Manchester5,0,56.699997,C Brock Nelson C Dylan Strome D Jakob Chychrun D Josh Morrissey G Logan Thompson UTIL Sam Malinski W Alex Tuch W Alex Ovechkin W Artturi Lehkonen,,,
757,5286001126,wazzu24,0,56.6,C Nathan MacKinnon C Sidney Crosby D Timothy Liljegren D Ty Emberson G Devon Levi UTIL Vasily Podkolzin W Martin Necas W Rickard Rakell W Hendrix Lapierre,,,
757,5286295940,colorado_colin,0,56.6,C Nathan MacKinnon C Mikael Granlund D Jackson LaCombe D Samuel Girard G Lukas Dostal UTIL Nicolas Roy W Martin Necas W Beckett Sennecke W Artturi Lehkonen,,,
759,5286273904,jfrey80,0,56.5,C Nathan MacKinnon C Brock Nelson D Cale Makar D Timothy Liljegren G Logan Thompson UTIL Filip Hallander W Martin Necas W Artturi Lehkonen W Jaden Schwartz,,,
760,5285883763,las0pa1972,0,56.4,C Nathan MacKinnon C Mikael Granlund D Sam Malinski D Neal Pionk G Lukas Dostal UTIL Jackson LaCombe W Martin Necas W Beckett Sennecke W T.J. Hughes,,,
760,5286193556,richgee21,0,56.399998,C Leo Carlsson C Tommy Novak D Jackson LaCombe D Devon Toews G MacKenzie Blackwood UTIL Cutter Gauthier W Evgeni Malkin W Egor Chinakhov W A.J. Greer,,,
762,5286330828,lutzy8314,0,56.300003,C Connor McDavid C Nathan MacKinnon D Declan Carlile D Dylan DeMelo G Arturs Silovs UTIL Sidney Crosby W Bryan Rust W Alex Iafallo W Hendrix Lapierre,,,
763,5285782428,07km,0,56.1,C Nathan MacKinnon C Ben Kindel D Cale Makar D Josh Manson G MacKenzie Blackwood UTIL Erik Karlsson W Rickard Rakell W Nazem Kadri W Anthony Beauvillier,,,
764,5286152031,roesnems,0,55.800003,C Nathan MacKinnon C Tommy Novak D Devon Toews D Declan Carlile G MacKenzie Blackwood UTIL Ben Kindel W Martin Necas W Vasily Podkolzin W Artturi Lehkonen,,,
764,5285851519,bootiesboys1,0,55.8,C Nathan MacKinnon C Owen Michaels D Evan Bouchard D Josh Morrissey G Scott Wedgewood UTIL Hendrix Lapierre W Martin Necas W Cole Perfetti W Parker Kelly,,,
766,5286074776,Bengals_1999,0,55.7,C Nathan MacKinnon C Owen Michaels D Cale Makar D Declan Carlile G Devon Levi UTIL Jackson LaCombe W Martin Necas W Artturi Lehkonen W Hendrix Lapierre,,,
767,5286043252,Zooloo,0,54.700005,C Leo Carlsson C Mikael Granlund D Devon Toews D Declan Carlile G Lukas Dostal UTIL Artturi Lehkonen W Martin Necas W Alex Ovechkin W Tom Wilson,,,
768,5285984477,KelvinDubs,0,54.499996,C Sidney Crosby C Ben Kindel D Erik Karlsson D Jackson LaCombe G Arturs Silovs UTIL Cutter Gauthier W Rickard Rakell W Nazem Kadri W Hendrix Lapierre,,,
769,5285629245,Schoey17,0,54.299995,C Nathan MacKinnon C Mikael Granlund D Jackson LaCombe D Josh Manson G Lukas Dostal UTIL Beckett Sennecke W Martin Necas W Artturi Lehkonen W Anthony Beauvillier,,,
770,5285947581,Sacriste07,0,54.200005,C Leo Carlsson C Ben Kindel D Cole Hutson D Declan Carlile G Arturs Silovs UTIL Nathan MacKinnon W Cutter Gauthier W Artturi Lehkonen W Egor Chinakhov,,,
771,5286032836,ChicagoCavalier,0,53.800003,C Sidney Crosby C Tommy Novak D Erik Karlsson D Josh Manson G MacKenzie Blackwood UTIL Artturi Lehkonen W Martin Necas W Rickard Rakell W Kasperi Kapanen,,,
771,5286245302,AConway04,0,53.800003,C Nathan MacKinnon C Mikael Granlund D Tristan Luneau D Cole Hutson G Lukas Dostal UTIL Dylan Strome W Alex Ovechkin W Beckett Sennecke W Artturi Lehkonen,,,
771,5286326412,koalabrr,0,53.800003,C Nathan MacKinnon C Ben Kindel D Cale Makar D Declan Carlile G Logan Thompson UTIL Ville Koivunen W Martin Necas W Artturi Lehkonen W A.J. Greer,,,
774,5286247219,zippy1241,0,53.5,C Nathan MacKinnon C Brock Nelson D Cale Makar D Ryan Shea G MacKenzie Blackwood UTIL Declan Carlile W Gabriel Landeskog W Nazem Kadri W Cole Perfetti,,,
775,5285859382,RYANEOZ,0,53.399994,C Nathan MacKinnon C Brock Nelson D Mario Ferraro D Dylan DeMelo G Lukas Dostal UTIL Beckett Sennecke W Cutter Gauthier W Gabriel Landeskog W Nazem Kadri,,,
776,5286044318,NEFan61,0,53.299995,C Leo Carlsson C Ilya Protas D Erik Karlsson D Devon Toews G Lukas Dostal UTIL Sidney Crosby W Rickard Rakell W Beckett Sennecke W Artturi Lehkonen,,,
776,5286314564,Thatjoewillieluck,0,53.299995,C Nathan MacKinnon C Ben Kindel D Jackson LaCombe D Devon Toews G Logan Thompson UTIL Cole Perfetti W Martin Necas W Artturi Lehkonen W Hendrix Lapierre,,,
778,5285614200,carrma34,0,53.199997,C Leo Carlsson C Ben Kindel D Kris Letang D Declan Carlile G Lukas Dostal UTIL Nathan MacKinnon W Martin Necas W Vasily Podkolzin W Nick Robertson,,,
779,5286300819,stiles_12,0,53.1,C Sidney Crosby C Leo Carlsson D Jackson LaCombe D Devon Toews G Lukas Dostal UTIL Rickard Rakell W Cutter Gauthier W T.J. Hughes W Jaden Schwartz,,,
780,5285957023,KingWavy8,0,52.9,C Nathan MacKinnon C Leo Carlsson D Cale Makar D Dylan DeMelo G MacKenzie Blackwood UTIL T.J. Hughes W Cutter Gauthier W A.J. Greer W Anthony Beauvillier,,,
780,5286263506,soboczech,0,52.9,C Nathan MacKinnon C Leo Carlsson D Connor Murphy D Josh Manson G Lukas Dostal UTIL Boone Jenner W Kyle Connor W Cutter Gauthier W A.J. Greer,,,
782,5285816389,Jfuller121380,0,52.8,C Nathan MacKinnon C Sidney Crosby D Kris Letang D Josh Manson G Arturs Silovs UTIL Mikael Granlund W Martin Necas W Vasily Podkolzin W Jaden Schwartz,,,
783,5285857386,gooey911,0,52.699997,C Nathan MacKinnon C Pierre-Luc Dubois D Jakob Chychrun D Tristan Luneau G Logan Thompson UTIL Cole Perfetti W Alex Ovechkin W Artturi Lehkonen W A.J. Greer,,,
784,5285911377,Browns2233,0,52.6,C Sidney Crosby C Ben Kindel D Erik Karlsson D Devon Toews G Arturs Silovs UTIL Leo Carlsson W Cutter Gauthier W Rickard Rakell W Hendrix Lapierre,,,
785,5286186111,bstewart006,0,52.5,C Nathan MacKinnon C Adam Lowry D Cale Makar D Neal Pionk G Arturs Silovs UTIL Cole Hutson W Martin Necas W Artturi Lehkonen W Cole Perfetti,,,
786,5286311215,outlaw0519,0,52.1,C Leo Carlsson C Ben Kindel D Jackson LaCombe D Josh Manson G Arturs Silovs UTIL Mikael Granlund W Cutter Gauthier W Evgeni Malkin W Egor Chinakhov,,,
787,5285754371,Crad87,0,52,C Nathan MacKinnon C Pierre-Luc Dubois D Jakob Chychrun D Tristan Luneau G Lukas Dostal UTIL Leo Carlsson W Gabriel Landeskog W Cole Perfetti W Ryan Leonard,,,
788,5286046174,DelDuoNCJP,0,51.9,C Connor McDavid C Nathan MacKinnon D Devon Toews D Cole Hutson G Lukas Dostal UTIL Artturi Lehkonen W Vasily Podkolzin W T.J. Hughes W Alex Iafallo,,,
788,5285999974,soonerdallas,0,51.899994,C Nathan MacKinnon C Mikael Granlund D Jackson LaCombe D Josh Manson G Lukas Dostal UTIL Leo Carlsson W Cutter Gauthier W Jaden Schwartz W Morgan Barron,,,
790,5285696200,Tnob,0,51.5,C Sidney Crosby C Dylan Strome D Erik Karlsson D Samuel Girard G MacKenzie Blackwood UTIL Nino Niederreiter W Kyle Connor W Evgeni Malkin W Alex Ovechkin,,,
791,5286276632,broth_7,0,51.300003,C Nathan MacKinnon C Dylan Strome D Jake Walman D Devon Toews G Logan Thompson UTIL Anthony Beauvillier W Martin Necas W Alex Ovechkin W Artturi Lehkonen,,,
791,5285787788,Onslaught77,0,51.3,C Sidney Crosby C Tommy Novak D Cale Makar D Erik Karlsson G Arturs Silovs UTIL Adam Lowry W Rickard Rakell W Evgeni Malkin W Egor Chinakhov,,,
791,5285825791,kage12,0,51.3,C Nathan MacKinnon C Dylan Strome D Tristan Luneau D Mattias Ekholm G Devon Levi UTIL Artturi Lehkonen W Martin Necas W Alex Ovechkin W Anthony Beauvillier,,,
794,5285787277,jayho480,0,51.000004,C Nathan MacKinnon C Ilya Protas D Cale Makar D Connor Murphy G MacKenzie Blackwood UTIL Jaden Schwartz W Martin Necas W Artturi Lehkonen W Jordan Kyrou,,,
795,5285787099,freakazoid0,0,50.699997,C Nathan MacKinnon C Brock Nelson D Tristan Luneau D Pavel Mintyukov G Lukas Dostal UTIL Neal Pionk W Martin Necas W Beckett Sennecke W Nazem Kadri,,,
795,5285980824,EazyE84x,0,50.699997,C Leo Carlsson C Brock Nelson D Jackson LaCombe D Sam Malinski G Lukas Dostal UTIL Cutter Gauthier W Gabriel Landeskog W Nazem Kadri W Cole Perfetti,,,
797,5285800347,Mnasby12,0,50.5,C Brock Nelson C Ben Kindel D Jackson LaCombe D Kris Letang G Arturs Silovs UTIL Mikael Granlund W Cutter Gauthier W Martin Necas W Artturi Lehkonen,,,
797,5285810555,LSUTom123,0,50.5,C Nathan MacKinnon C Ben Kindel D Declan Carlile D Connor Murphy G Lukas Dostal UTIL Leo Carlsson W Cutter Gauthier W Artturi Lehkonen W Cole Perfetti,,,
797,5286248063,pitdog333,0,50.5,C Sidney Crosby C Mikael Granlund D Tristan Luneau D Kris Letang G Lukas Dostal UTIL Beckett Sennecke W Martin Necas W Artturi Lehkonen W Jordan Kyrou,,,
800,5286297575,taekwontron,0,49.9,C Nathan MacKinnon C Dylan Strome D Cale Makar D Martin Fehervary G Logan Thompson UTIL Ryan Shea W Martin Necas W Alex Ovechkin W T.J. Hughes,,,
801,5286319095,jasonex003,0,49.800003,C Nathan MacKinnon C Ben Kindel D Jackson LaCombe D Declan Carlile G Arturs Silovs UTIL Dylan Strome W Martin Necas W Bryan Rust W Artturi Lehkonen,,,
802,5285698250,cfhoops,0,49.7,C Nathan MacKinnon C Dylan Strome D Cale Makar D Cole Hutson G MacKenzie Blackwood UTIL Hendrix Lapierre W Martin Necas W Artturi Lehkonen W Anthony Beauvillier,,,
803,5286230926,eric221974,0,49.600006,C Nathan MacKinnon C Tommy Novak D Cale Makar D Declan Carlile G Arturs Silovs UTIL Adam Lowry W Martin Necas W Artturi Lehkonen W Nazem Kadri,,,
803,5286312081,JSB31,0,49.6,C Nathan MacKinnon C Mikael Granlund D Devon Toews D Declan Carlile G Lukas Dostal UTIL Beckett Sennecke W Martin Necas W Artturi Lehkonen W Alex Killorn,,,
805,5285728143,keavster,0,49.5,C Sidney Crosby C Mikael Granlund D Jackson LaCombe D Declan Carlile G Arturs Silovs UTIL Cole Perfetti W Martin Necas W Evgeni Malkin W Nazem Kadri,,,
805,5286208254,ethpix,0,49.5,C Leo Carlsson C Nicolas Roy D Josh Morrissey D Josh Manson G Logan Thompson UTIL Nathan MacKinnon W Cutter Gauthier W Artturi Lehkonen W Parker Kelly,,,
807,5286340549,dos-perros,0,49.399994,C Nathan MacKinnon C Dylan Strome D Vincent Desharnais D Noah Warren G Lukas Dostal UTIL Ville Koivunen W Kyle Connor W Cutter Gauthier W Martin Necas,,,
808,5286328338,dodgerplayer89,0,49.299995,C Brock Nelson C Dylan Strome D Jakob Chychrun D Jackson LaCombe G Lukas Dostal UTIL Nazem Kadri W Martin Necas W Artturi Lehkonen W Tom Wilson,,,
809,5286125986,bucsnpucks9,0,49.2,C Sidney Crosby C Dylan Strome D Jakob Chychrun D Josh Manson G MacKenzie Blackwood UTIL Hendrix Lapierre W Martin Necas W Rickard Rakell W Alex Tuch,,,
810,5286097917,pocketchange504,0,48.699997,C Nathan MacKinnon C Dylan Strome D Devon Toews D Kris Letang G Logan Thompson UTIL Anthony Beauvillier W Martin Necas W Alex Ovechkin W Artturi Lehkonen,,,
811,5285857595,lklk88088,0,48.299995,C Brock Nelson C Mikael Granlund D Jackson LaCombe D Martin Fehervary G Lukas Dostal UTIL Leo Carlsson W Cutter Gauthier W Gabriel Landeskog W Nazem Kadri,,,
812,5286295207,BamaJones,0,47.899994,C Leo Carlsson C Mikael Granlund D Erik Karlsson D Martin Fehervary G Lukas Dostal UTIL Jackson LaCombe W Cutter Gauthier W Jordan Kyrou W A.J. Greer,,,
813,5286315292,rhem007,0,47.600002,C Nathan MacKinnon C Ben Kindel D Declan Carlile D Josh Manson G Arturs Silovs UTIL Sidney Crosby W Kyle Connor W Martin Necas W Parker Kelly,,,
814,5286337531,lenn221,0,47.5,C Sidney Crosby C Ilya Protas D Cale Makar D Josh Morrissey G MacKenzie Blackwood UTIL Ryan Leonard W Rickard Rakell W Jordan Kyrou W Aliaksei Protas,,,
815,5285734688,tylertaylor29,0,47.1,C Nathan MacKinnon C Mikael Granlund D Jackson LaCombe D Martin Fehervary G Lukas Dostal UTIL Hendrix Lapierre W Martin Necas W Beckett Sennecke W Artturi Lehkonen,,,
816,5286201835,bigtrucker55,0,47.000004,C Nathan MacKinnon C Brock Nelson D Tristan Luneau D Cole Hutson G MacKenzie Blackwood UTIL Artturi Lehkonen W Alex Ovechkin W Cole Perfetti W Kasperi Kapanen,,,
817,5286156317,tasteitsucka,0,46.9,C Nathan MacKinnon C Tommy Novak D Cale Makar D Devon Toews G Arturs Silovs UTIL Anthony Beauvillier W Martin Necas W Artturi Lehkonen W Hendrix Lapierre,,,
818,5285944673,dankretnuh,0,46.800003,C Nathan MacKinnon C Ben Kindel D Cale Makar D Samuel Girard G Lukas Dostal UTIL Tommy Novak W Martin Necas W Artturi Lehkonen W Boone Jenner,,,
819,5286117965,ldmoney,0,46.6,C Leo Carlsson C Ben Kindel D Tristan Luneau D Declan Carlile G Lukas Dostal UTIL Martin Necas W Cutter Gauthier W Artturi Lehkonen W Cole Perfetti,,,
820,5285841744,Futterstuff,0,46.2,C Sidney Crosby C Leo Carlsson D Neal Pionk D Declan Carlile G MacKenzie Blackwood UTIL Evgeni Malkin W Cutter Gauthier W Artturi Lehkonen W Hendrix Lapierre,,,
821,5285856358,Doublution,0,45.7,C Sidney Crosby C Leo Carlsson D Tristan Luneau D Jake Walman G MacKenzie Blackwood UTIL Cutter Gauthier W Rickard Rakell W A.J. Greer W Hendrix Lapierre,,,
821,5286324550,EvSandel,0,45.699997,C Sidney Crosby C Leo Carlsson D Jakob Chychrun D Jake Walman G Arturs Silovs UTIL Hendrix Lapierre W Cutter Gauthier W Rickard Rakell W T.J. Hughes,,,
823,5285851149,cantafford,0,45.6,C Nathan MacKinnon C Leo Carlsson D Cole Hutson D Brent Burns G MacKenzie Blackwood UTIL Alex Killorn W Martin Necas W Egor Chinakhov W Aliaksei Protas,,,
823,5285872145,ZQ1989,0,45.6,C Nathan MacKinnon C Ben Kindel D Erik Karlsson D Pavel Mintyukov G Arturs Silovs UTIL Cutter Gauthier W Martin Necas W Nazem Kadri W Nikita Klepov,,,
825,5285905749,dext56ses,0,45.3,C Sidney Crosby C Mikael Granlund D Kris Letang D Mario Ferraro G Arturs Silovs UTIL Vasily Podkolzin W Cutter Gauthier W Evgeni Malkin W Artturi Lehkonen,,,
826,5285882188,colaterss,0,44.9,C Leo Carlsson C Brock Nelson D Jackson LaCombe D Sam Malinski G Arturs Silovs UTIL Sidney Crosby W Cutter Gauthier W Nazem Kadri W A.J. Greer,,,
826,5286295461,steven313,0,44.9,C Nathan MacKinnon C Leo Carlsson D Kris Letang D Cole Hutson G Lukas Dostal UTIL Gabriel Vilardi W Martin Necas W Cole Perfetti W Boone Jenner,,,
828,5286057278,clockworkted,0,44.4,C Nathan MacKinnon C Leo Carlsson D Declan Carlile D Josh Manson G Lukas Dostal UTIL Cutter Gauthier W Martin Necas W Ryan Leonard W Boone Jenner,,,
829,5286317277,Durxxx,0,44.3,C Nathan MacKinnon C Mikael Granlund D Devon Toews D Brent Burns G MacKenzie Blackwood UTIL Dylan Strome W Martin Necas W Gabriel Vilardi W Jordan Kyrou,,,
830,5286343405,XAKAX,0,44.2,C Nathan MacKinnon C Ben Kindel D Cale Makar D Mattias Ekholm G MacKenzie Blackwood UTIL Martin Necas W Nazem Kadri W T.J. Hughes W Filip Hallander,,,
831,5286290226,Bigzyw,0,43.600002,C Nathan MacKinnon C Ryan Poehling D Cale Makar D Tristan Luneau G MacKenzie Blackwood UTIL Brock Nelson W Nazem Kadri W Kasperi Kapanen W Alex Killorn,,,
832,5286317560,WileyElk,0,43.3,C Nathan MacKinnon C Brock Nelson D Evan Bouchard D Josh Manson G Arturs Silovs UTIL Kris Letang W Martin Necas W Artturi Lehkonen W Filip Hallander,,,
833,5286185953,PensDangleSniper94,0,43.199997,C Nathan MacKinnon C Ryan Poehling D Cale Makar D Jake Walman G Logan Thompson UTIL Nikita Klepov W Martin Necas W Artturi Lehkonen W Nikita Nesterenko,,,
834,5286029337,wallshark,0,42.899998,C Nathan MacKinnon C Dylan Strome D Cale Makar D Kris Letang G Arturs Silovs UTIL Jordan Kyrou W Martin Necas W Nazem Kadri W Frank Vatrano,,,
835,5285960786,zona1011,0,41.9,C Nathan MacKinnon C Pierre-Luc Dubois D Cale Makar D Ryan Shea G MacKenzie Blackwood UTIL Tristan Luneau W Martin Necas W Artturi Lehkonen W Filip Hallander,,,
836,5286042093,just_quit_or_suffer,0,41.799995,C Leo Carlsson C Tommy Novak D Jakob Chychrun D Devon Toews G Lukas Dostal UTIL Egor Chinakhov W Cutter Gauthier W Evgeni Malkin W A.J. Greer,,,
837,5286155412,jaehachang,0,41.699997,C Nathan MacKinnon C Dylan Strome D Cale Makar D Dylan DeMelo G MacKenzie Blackwood UTIL Gabriel Landeskog W Alex Ovechkin W Artturi Lehkonen W Anthony Beauvillier,,,
838,5286105336,DomingoSalvajeS,0,41.4,C Nathan MacKinnon C Ben Kindel D Erik Karlsson D Neal Pionk G Arturs Silovs UTIL Sidney Crosby W Martin Necas W Nazem Kadri W Hendrix Lapierre,,,
839,5286332287,danlovesthecubs,0,39.899998,C Nathan MacKinnon C Brock Nelson D Kaedan Korczak D Timothy Liljegren G MacKenzie Blackwood UTIL Nazem Kadri W Martin Necas W Artturi Lehkonen W Gabriel Landeskog,,,
840,5286026618,JudgeGrimm,0,39.699997,C Nathan MacKinnon C Leo Carlsson D Cale Makar D Dylan DeMelo G Lukas Dostal UTIL Tommy Novak W Martin Necas W A.J. Greer W Parker Kelly,,,
841,5286118858,Diablo13blanco,0,39.5,C Nathan MacKinnon C Leo Carlsson D Neal Pionk D Mario Ferraro G Arturs Silovs UTIL Cutter Gauthier W Martin Necas W A.J. Greer W T.J. Hughes,,,
842,5285813774,SRR1974,0,39.4,C Nathan MacKinnon C Leo Carlsson D Connor Murphy D Dylan DeMelo G Lukas Dostal UTIL Ben Kindel W Cutter Gauthier W Martin Necas W A.J. Greer,,,
842,5285999694,limpriddles13,0,39.4,C Nathan MacKinnon C Tommy Novak D Jackson LaCombe D Devon Toews G Arturs Silovs UTIL Mikael Granlund W Evgeni Malkin W Artturi Lehkonen W Egor Chinakhov,,,
844,5285835772,az350z,0,39.299995,C Nathan MacKinnon C Leo Carlsson D Jackson LaCombe D Martin Fehervary G Lukas Dostal UTIL Cutter Gauthier W Alex Ovechkin W A.J. Greer W Anthony Beauvillier,,,
845,5286013403,statistical_genius,0,39.1,C Nathan MacKinnon C Dylan Strome D Jakob Chychrun D Dylan DeMelo G Lukas Dostal UTIL T.J. Hughes W Martin Necas W Alex Ovechkin W Tom Wilson,,,
846,5286222027,BurntReynolds,0,38.9,C Nathan MacKinnon C Ben Kindel D Tristan Luneau D Declan Carlile G Lukas Dostal UTIL Kyle Connor W Martin Necas W Artturi Lehkonen W Ville Koivunen,,,
847,5286238021,mcstuffins,0,38.4,C Nathan MacKinnon C Brock Nelson D Cale Makar D Brett Kulak G MacKenzie Blackwood UTIL Connor Murphy W Martin Necas W Artturi Lehkonen W Connor Dewar,,,
848,5285975066,Elwaysarmy,0,37.8,C Nathan MacKinnon C Justin Sourdif D Jakob Chychrun D Erik Karlsson G MacKenzie Blackwood UTIL Boone Jenner W Rickard Rakell W Evgeni Malkin W Nick Robertson,,,
849,5286160000,CMallock,0,37.2,C Nathan MacKinnon C Ryan Poehling D Erik Karlsson D Tristan Luneau G Arturs Silovs UTIL Kyle Connor W Martin Necas W Alex Killorn W Nikita Klepov,,,
850,5286204250,1220rihanna,0,37.100002,C Nathan MacKinnon C Leo Carlsson D Connor Murphy D Ty Emberson G Arturs Silovs UTIL Owen Michaels W Cutter Gauthier W Martin Necas W Artturi Lehkonen,,,
851,5286294559,Mason7488,0,36.4,C Nathan MacKinnon C Dylan Strome D Jakob Chychrun D Kris Letang G Lukas Dostal UTIL Nazem Kadri W Martin Necas W Bryan Rust W Hendrix Lapierre,,,
852,5286326067,Richg141,0,36.3,C Nathan MacKinnon C Dylan Strome D Mattias Ekholm D Cole Hutson G MacKenzie Blackwood UTIL Sidney Crosby W Evgeni Malkin W Alex Ovechkin W Hendrix Lapierre,,,
852,5285789491,Swidb,0,36.299995,C Nathan MacKinnon C Ilya Protas D Jakob Chychrun D Tristan Luneau G Lukas Dostal UTIL Jordan Kyrou W Martin Necas W Tom Wilson W Aliaksei Protas,,,
854,5286190138,XXX69,0,35.3,C Nathan MacKinnon C Ilya Protas D Jakob Chychrun D Timothy Liljegren G MacKenzie Blackwood UTIL Cale Makar W Martin Necas W Nazem Kadri W Nikita Klepov,,,
855,5286255135,thunder47,0,35,C Nathan MacKinnon C Vladislav Namestnikov D Cale Makar D Jackson LaCombe G MacKenzie Blackwood UTIL Dylan Strome W Alex Ovechkin W Artturi Lehkonen W Hendrix Lapierre,,,
856,5286320999,chelseafinest,0,34.200005,C Leo Carlsson C Brock Nelson D Declan Carlile D Josh Manson G Lukas Dostal UTIL Martin Necas W Cutter Gauthier W Artturi Lehkonen W Gabriel Landeskog,,,
856,5285919117,steve3258,0,34.2,C Nathan MacKinnon C Sidney Crosby D Cale Makar D Erik Karlsson G Arturs Silovs UTIL Ilya Protas W Rickard Rakell W T.J. Hughes W Hendrix Lapierre,,,
856,5286335032,markt35,0,34.2,C Nathan MacKinnon C Ryan Poehling D Tristan Luneau D Devon Toews G Arturs Silovs UTIL Connor McDavid W Martin Necas W Alex Killorn W Nikita Klepov,,,
856,5286277024,Purplereign70,0,34.199997,C Dylan Strome C Ryan Poehling D Jakob Chychrun D Tristan Luneau G Logan Thompson UTIL Artturi Lehkonen W Martin Necas W Alex Ovechkin W Alex Killorn,,,
860,5286193502,Kashaka,0,34.1,C Nathan MacKinnon C Viggo Bjorck D Josh Morrissey D Tristan Luneau G MacKenzie Blackwood UTIL Pavel Mintyukov W Martin Necas W Nazem Kadri W Cole Perfetti,,,
860,5286315717,benhundley,0,34.1,C Nathan MacKinnon C Leo Carlsson D Jackson LaCombe D Neal Pionk G Lukas Dostal UTIL Artturi Lehkonen W Cutter Gauthier W T.J. Hughes W Nikita Klepov,,,
862,5286206324,Hag51,0,33,C Nathan MacKinnon C Sidney Crosby D Declan Carlile D Timothy Liljegren G Arturs Silovs UTIL Ben Kindel W Martin Necas W Artturi Lehkonen W Gabriel Landeskog,,,
863,5285850476,PresidentLeach,0,31.599997,C Nathan MacKinnon C Viggo Bjorck D Cale Makar D Devon Toews G Lukas Dostal UTIL Artturi Lehkonen W Martin Necas W Nazem Kadri W Anthony Beauvillier,,,
864,5286318787,happytown79,0,31.300001,C Dylan Strome C Ryan Poehling D Cale Makar D Tristan Luneau G Lukas Dostal UTIL Alex Ovechkin W Cutter Gauthier W Martin Necas W Nikita Klepov,,,
865,5286188026,Smartybu,0,30.300001,C Nathan MacKinnon C Dylan Strome D Cale Makar D Jakob Chychrun G Lukas Dostal UTIL Connor Murphy W Artturi Lehkonen W Nazem Kadri W T.J. Hughes,,,
866,5286327629,LesterNygaard,0,29.200003,C Nathan MacKinnon C Viggo Bjorck D Cale Makar D Cole Hutson G Lukas Dostal UTIL Gabriel Vilardi W Martin Necas W Artturi Lehkonen W Isak Rosen,,,
867,5285800968,icemike23,0,28.699995,C Nathan MacKinnon C Adam Lowry D Cale Makar D Timothy Liljegren G Lukas Dostal UTIL Alex Ovechkin W Martin Necas W Nazem Kadri W T.J. Hughes,,,
868,5286219652,BenByers,0,28.1,C Nathan MacKinnon C Tommy Novak D Tristan Luneau D Timothy Liljegren G Arturs Silovs UTIL Egor Chinakhov W Martin Necas W Evgeni Malkin W Artturi Lehkonen,,,
869,5286276034,filmcritic,0,26.3,C Nathan MacKinnon C Mikael Granlund D Tristan Luneau D Kris Letang G MacKenzie Blackwood UTIL A.J. Greer W Martin Necas W Artturi Lehkonen W Alex Killorn,,,
870,5285982570,LouisLipps,0,25.6,C Nathan MacKinnon C Ryan Poehling D Cale Makar D Pavel Mintyukov G Lukas Dostal UTIL Martin Necas W Artturi Lehkonen W Cole Perfetti W Nikita Klepov,,,
871,5286314420,KennyPowers34,0,24.199999,C Nathan MacKinnon C Ryan Poehling D Jakob Chychrun D Tristan Luneau G Lukas Dostal UTIL Martin Necas W Kyle Connor W Nikita Nesterenko W Nikita Klepov,,,
872,5286236773,shamdiggitydingdong,0,23.900002,C Nathan MacKinnon C Ryan Poehling D Cale Makar D Ryan Shea G MacKenzie Blackwood UTIL Tristan Luneau W Martin Necas W Artturi Lehkonen W Nikita Klepov,,,
873,5285915023,Finest28,0,23.499998,C Nathan MacKinnon C Dylan Strome D Jakob Chychrun D Tyson Hinds G Lukas Dostal UTIL Anthony Beauvillier W Martin Necas W Alex Ovechkin W Artturi Lehkonen,,,
874,5286311843,USMBrad14,0,22.8,C Nathan MacKinnon C Sidney Crosby D Erik Karlsson D Noah Warren G Arturs Silovs UTIL Egor Chinakhov W Martin Necas W Artturi Lehkonen W Parker Kelly,,,
875,5286300732,Dion29,0,20.900002,C Nathan MacKinnon C Sidney Crosby D Noah Juulsen D Vincent Desharnais G MacKenzie Blackwood UTIL Rickard Rakell W Martin Necas W Artturi Lehkonen W Hendrix Lapierre,,,
876,5285822013,mdp128,0,20.599998,C Nathan MacKinnon C Ilya Protas D Cale Makar D Dylan DeMelo G Lukas Dostal UTIL Jordan Kyrou W Martin Necas W Artturi Lehkonen W Aliaksei Protas,,,
877,5285612310,misnomer,0,0,,,,
877,5285781780,jknobody,0,0,,,,
877,5285817857,Rooch,0,0,,,,
877,5285964703,capitanfuton,0,0,,,,
877,5286002783,briangile,0,0,,,,
877,5286068784,Rc3584,0,0,,,,
877,5286109579,Batmanuel75,0,0,,,,
877,5286139001,JoeCool20-16,0,0,,,,
877,5286157710,jbhguru77,0,0,,,,
877,5286170588,dealin21,0,0,,,,
877,5286173161,micahw4,0,0,,,,
877,5286229560,Qwst4Exclnce,0,0,,,,
877,5286274096,goolie1228,0,0,,,,
877,5286295696,LoganGrewe50,0,0,,,,
877,5286320047,bigbetchet,0,0,,,,
