Rank,EntryId,EntryName,TimeRemaining,Points,Lineup,,Player,Roster Position,%Drafted,FPTS
1,5279095176,jimlexxx,0,263.34,FLEX Duce Robinson QB Austin Simmons RB Jamal Roberts RB Aiden Flora S-FLEX Ashton Daniels WR Jeremiah Smith WR Donovan Olugbode WR Micahi Danzy,,Aiden Flora,RB,40.12%,52.12
2,5279528147,MrDeezie,0,258.22,FLEX Anthony Evans III QB Colton Joseph RB Jamal Roberts RB Aiden Flora S-FLEX Austin Simmons WR Cayden Lee WR Tyrell Henry WR Jacob Harris,,Ousmane Kromah,RB,38.10%,11.3
3,5279284849,81DAMOCLES81,0,255.28,FLEX Jeremiah Smith QB Ashton Daniels RB Aiden Flora RB Ousmane Kromah S-FLEX LaNorris Sellers WR Cayden Lee WR Patrick Overmyer WR Rico Scott,,Duce Robinson,WR,27.67%,3.8
4,5279095554,jimmyq24,0,253.23999,FLEX Anthony Evans III QB Kamario Taylor RB Jamal Roberts RB Aiden Flora S-FLEX JJ Buchanan WR Jordan Faison WR Junior Sherrill WR Jordan Shipp,,Cayden Lee,WR,27.33%,24
5,5279286466,gmoney_69,0,253.08,FLEX Matt Fuller QB LaNorris Sellers RB DeSean Bishop RB Aiden Flora S-FLEX Ashton Daniels WR Anthony Evans III WR Omari Hayes WR Duce Robinson,,Kamario Taylor,QB,27.08%,16.72
6,5278479515,DeeMac74,0,252.85999,FLEX Cayden Lee QB Kamario Taylor RB Jamal Roberts RB Aiden Flora S-FLEX Ashton Daniels WR Anthony Evans III WR Tony Diaz WR Duce Robinson,,Anthony Evans III,WR,23.04%,43.6
7,5278370914,mld2010,0,252.44,FLEX Jeremiah Smith QB Colton Joseph RB Jamal Roberts RB Aiden Flora S-FLEX Ashton Daniels WR Tyrell Henry WR Duce Robinson WR Eugene Hilton Jr.,,Matt Fuller,RB,21.87%,11.5
8,5277107489,csurunnerccr,0,251.09999,FLEX Micahi Danzy QB CJ Carr RB Jamal Roberts RB Aiden Flora S-FLEX Kamario Taylor WR Anthony Evans III WR Jordan Faison WR Jaden Greathouse,,Patrick Overmyer,WR,21.19%,12.6
8,5279433289,YABOYLUX,0,251.09999,FLEX DeSean Bishop QB Byrum Brown RB Jamal Roberts RB Aiden Flora S-FLEX Ashton Daniels WR Keshaun Singleton WR Duce Robinson WR Micahi Danzy,,JJ Buchanan,WR,18.50%,9
10,5278966815,Hobo4Ever,0,248.37999,FLEX Tony Diaz QB Ashton Daniels RB Aiden Flora RB Ousmane Kromah S-FLEX LaNorris Sellers WR Jeremiah Smith WR Jordan Faison WR Duce Robinson,,Jadan Baugh,RB,18.33%,6
11,5279346441,Hobertz,0,246.94002,FLEX Duce Robinson QB Ashton Daniels RB Aiden Flora RB Ousmane Kromah S-FLEX Kenny Darby WR Jeremiah Smith WR Anthony Evans III WR JJ Buchanan,,Rico Flores Jr.,WR,16.57%,2.3
12,5279391331,Squeeba,0,242.52,FLEX Aiden Flora QB Keelon Russell RB Jamal Roberts RB Ousmane Kromah S-FLEX Colton Joseph WR Cayden Lee WR Willie Rodriguez WR Rico Scott,,Tyrell Henry,WR,14.13%,5.4
13,5276989859,tlynch0,0,242.02002,FLEX Kenny Darby QB Kamario Taylor RB Aiden Flora RB Darrion Dupree S-FLEX Kenny Minchey WR Jeremiah Smith WR Anthony Evans III WR Rico Scott,,Jeremiah Smith,WR,13.46%,46.6
14,5278760034,lagardeg,0,240.66,FLEX Cayden Lee QB Kamario Taylor RB Aiden Flora RB Ousmane Kromah S-FLEX Ashton Daniels WR Anthony Evans III WR Jordan Faison WR Duce Robinson,,Keelon Russell,QB,13.20%,31
15,5279089181,wildryan-2002,0,240.45999,FLEX Matt Fuller QB Kamario Taylor RB Jamal Roberts RB Aiden Flora S-FLEX Ashton Daniels WR Anthony Evans III WR Duce Robinson WR Micahi Danzy,,Kamario Taylor,S-FLEX,11.27%,16.72
16,5279460173,Arthok7,0,239.7,FLEX Micahi Danzy QB Michael Hawkins Jr. RB DeSean Bishop RB John Hebert S-FLEX Ashton Daniels WR Jeremiah Smith WR Jordan Faison WR Koby Young,,Sanfrisco Magee,WR,10.77%,7.1
17,5278516035,broncos114,0,238.81998,FLEX Darius Taylor QB Ashton Daniels RB Jamal Roberts RB Aneyas Williams S-FLEX Daune Morris WR Anthony Evans III WR Jordan Faison WR Junior Sherrill,,Austin Simmons,S-FLEX,9.84%,26.7
18,5279327243,Weskat,0,238.06,FLEX Duce Robinson QB Kamario Taylor RB Jamal Roberts RB Aiden Flora S-FLEX Ashton Daniels WR Anthony Evans III WR Amare Thomas WR Patrick Overmyer,,Michael Hawkins Jr.,QB,9.67%,45.98
19,5279133932,pearale,0,237.61998,FLEX Jayvan Boggs QB Michael Hawkins Jr. RB Matt Fuller RB Aiden Flora S-FLEX Ashton Daniels WR Anthony Evans III WR DJ Epps WR Tyrell Henry,,LaNorris Sellers,S-FLEX,9.50%,33.74
20,5278950247,toofat2419,0,237.37999,FLEX Aiden Flora QB Kenny Minchey RB Cam Cook RB Matt Fuller S-FLEX Michael Hawkins Jr. WR DJ Epps WR Kenny Darby WR Nic Anderson,,Ashton Daniels,S-FLEX,9.25%,52.92
21,5275410859,bruc0074,0,237.08,FLEX Patrick Overmyer QB LaNorris Sellers RB Aiden Flora RB Ousmane Kromah S-FLEX Ashton Daniels WR Jeremiah Smith WR Cayden Lee WR Duce Robinson,,Jamal Roberts,RB,9.25%,48
21,5276674235,slimgaede,0,237.08,FLEX Duce Robinson QB Ashton Daniels RB Aiden Flora RB Ousmane Kromah S-FLEX LaNorris Sellers WR Jeremiah Smith WR Cayden Lee WR Patrick Overmyer,,Donovan Olugbode,WR,9.00%,21.4
21,5278398026,SoulChild,0,237.08,FLEX Cayden Lee QB Ashton Daniels RB Aiden Flora RB Ousmane Kromah S-FLEX LaNorris Sellers WR Jeremiah Smith WR Patrick Overmyer WR Duce Robinson,,Duce Robinson,FLEX,7.65%,3.8
21,5278533029,nickenyon6,0,237.08,FLEX Duce Robinson QB Ashton Daniels RB Aiden Flora RB Ousmane Kromah S-FLEX LaNorris Sellers WR Jeremiah Smith WR Cayden Lee WR Patrick Overmyer,,Darrion Dupree,RB,7.40%,7.3
21,5278588444,tarhokie3,0,237.08,FLEX Duce Robinson QB Ashton Daniels RB Aiden Flora RB Ousmane Kromah S-FLEX LaNorris Sellers WR Jeremiah Smith WR Cayden Lee WR Patrick Overmyer,,Keelon Russell,S-FLEX,7.40%,31
21,5279005339,jcrewguy,0,237.08,FLEX Duce Robinson QB Ashton Daniels RB Aiden Flora RB Ousmane Kromah S-FLEX LaNorris Sellers WR Jeremiah Smith WR Cayden Lee WR Patrick Overmyer,,Amare Thomas,WR,7.32%,8.3
21,5279148108,D_Ussery13,0,237.08,FLEX Duce Robinson QB Ashton Daniels RB Aiden Flora RB Ousmane Kromah S-FLEX LaNorris Sellers WR Jeremiah Smith WR Cayden Lee WR Patrick Overmyer,,Ashton Daniels,QB,7.23%,52.92
21,5279224321,joecarterfan,0,237.08,FLEX Duce Robinson QB Ashton Daniels RB Aiden Flora RB Ousmane Kromah S-FLEX LaNorris Sellers WR Jeremiah Smith WR Cayden Lee WR Patrick Overmyer,,Ryan Coleman-Williams,WR,7.15%,13.3
29,5279066234,Minlaian1000,0,236.88002,FLEX Ousmane Kromah QB Kamario Taylor RB Jamal Roberts RB Aiden Flora S-FLEX LaNorris Sellers WR Anthony Evans III WR Kenny Darby WR Duce Robinson,,Austin Simmons,QB,6.98%,26.7
29,5279444183,bgeezas400,0,236.88002,FLEX Ousmane Kromah QB Kamario Taylor RB Jamal Roberts RB Aiden Flora S-FLEX LaNorris Sellers WR Anthony Evans III WR Kenny Darby WR Duce Robinson,,Kenny Darby,WR,6.90%,27.6
29,5279148501,gwalkerw7,0,236.87999,FLEX Duce Robinson QB Ashton Daniels RB Aiden Flora RB Ousmane Kromah S-FLEX LaNorris Sellers WR Jeremiah Smith WR Cayden Lee WR Omari Hayes,,Cam Cook,RB,6.81%,31.7
32,5278321264,SoCalHusker,0,235.74,FLEX Darrion Dupree QB Michael Hawkins Jr. RB Aiden Flora RB Ousmane Kromah S-FLEX LaNorris Sellers WR Anthony Evans III WR Cayden Lee WR Mazeo Bennett Jr.,,CJ Baxter,RB,6.73%,15.8
33,5279256551,mustangs2015,0,234.86002,FLEX DeSean Bishop QB Kamario Taylor RB Jekail Middlebrook RB Aiden Flora S-FLEX Ashton Daniels WR Anthony Evans III WR Duce Robinson WR Micahi Danzy,,Talyn Taylor,WR,6.56%,3.7
34,5278936741,ffchachi,0,233.09999,FLEX Anthony Evans III QB Ashton Daniels RB Matt Fuller RB Aiden Flora S-FLEX Conner Weigman WR Cayden Lee WR Patrick Overmyer WR Duce Robinson,,Beau Pribula,S-FLEX,6.22%,4.52
35,5279063787,FarmHallFalls,0,232.90001,FLEX Anthony Evans III QB Austin Simmons RB Jamal Roberts RB Quintrevion Wisner S-FLEX Jeremiah Smith WR Cayden Lee WR Kenny Darby WR Duce Robinson,,Ousmane Kromah,FLEX,5.89%,11.3
36,5279362426,AntonioMorris,0,232.44,FLEX DeSean Bishop QB Ashton Daniels RB Aiden Flora RB Ousmane Kromah S-FLEX Jekail Middlebrook WR Jeremiah Smith WR Duce Robinson WR Micahi Danzy,,Conner Weigman,QB,5.38%,32.56
37,5279333054,Mthomas7575,0,230.37999,FLEX Anthony Evans III QB Ashton Daniels RB Chauncey Bowens RB Aiden Flora S-FLEX LaNorris Sellers WR Donovan Olugbode WR JJ Buchanan WR Talyn Taylor,,Omari Hayes,WR,5.30%,12.4
38,5276479391,zacamu,0,230.04,FLEX Duce Robinson QB Ashton Daniels RB Aiden Flora RB Ousmane Kromah S-FLEX Austin Simmons WR Jeremiah Smith WR Cayden Lee WR Patrick Overmyer,,Beau Pribula,QB,5.30%,4.52
39,5279414091,L_Faction,0,227.70001,FLEX Darrion Dupree QB Michael Hawkins Jr. RB Aiden Flora RB Ousmane Kromah S-FLEX Colton Joseph WR Anthony Evans III WR JJ Buchanan WR Jacob Harris,,Colton Joseph,S-FLEX,5.30%,40.9
40,5279267798,whitehood4469,0,226.42,FLEX Ousmane Kromah QB Keelon Russell RB Jamal Roberts RB Aiden Flora S-FLEX Patrick Overmyer WR Anthony Evans III WR Cayden Lee WR Duce Robinson,,Fluff Bothwell,RB,5.30%,0.1
41,5279307532,Daily_Big_Kahuna,0,226.16,FLEX DeSean Bishop QB Kamario Taylor RB Aiden Flora RB Ousmane Kromah S-FLEX Ashton Daniels WR Anthony Evans III WR Jayvan Boggs WR Duce Robinson,,Duke Clark,RB,5.13%,3.8
42,5275431468,kepenekela,0,226.12,FLEX Donovan Olugbode QB Colton Joseph RB DeSean Bishop RB Aiden Flora S-FLEX Austin Simmons WR Cayden Lee WR Tyrell Henry WR Patrick Overmyer,,Cayden Lee,FLEX,5.13%,24
43,5278904581,Inferno307,0,225.63998,FLEX Mike Matthews QB Ashton Daniels RB Chauncey Bowens RB Aiden Flora S-FLEX Austin Simmons WR Anthony Evans III WR Cayden Lee WR Jayvan Boggs,,Colton Joseph,QB,5.05%,40.9
44,5278995461,mikeag1,0,225.5,FLEX Talyn Taylor QB Austin Simmons RB Jamal Roberts RB Aiden Flora S-FLEX Hank Brown WR Ryan Coleman-Williams WR Anthony Evans III WR Jordan Faison,,Lotzeir Brooks,WR,4.88%,13.6
45,5279403803,cmack063,0,225.2,FLEX DeSean Bishop QB Conner Weigman RB Aiden Flora RB Ousmane Kromah S-FLEX Ashton Daniels WR Amare Thomas WR Patrick Overmyer WR Omari Hayes,,Matt Fuller,FLEX,4.88%,11.5
46,5279241385,thugologist,0,224.46,FLEX Tony Diaz QB Keelon Russell RB Jamal Roberts RB Aiden Flora S-FLEX LaNorris Sellers WR Ryan Coleman-Williams WR Patrick Overmyer WR Rico Scott,,Rico Scott,WR,4.79%,22
47,5279404066,boydj037,0,224.23999,FLEX Cayden Lee QB Kamario Taylor RB Matt Fuller RB Aiden Flora S-FLEX Austin Simmons WR Anthony Evans III WR Kenny Darby WR Rico Scott,,DeSean Bishop,RB,4.63%,43
48,5279412254,coacht528,0,224.18001,FLEX Kenny Darby QB Michael Hawkins Jr. RB Jamal Roberts RB Ousmane Kromah S-FLEX Junior Sherrill WR Jeremiah Smith WR Tyrell Henry WR Patrick Overmyer,,Michael Hawkins Jr.,S-FLEX,4.46%,45.98
49,5277225024,OzoneDave,0,223.54,FLEX Talyn Taylor QB Austin Simmons RB Matt Fuller RB Aiden Flora S-FLEX Ashton Daniels WR Anthony Evans III WR Cayden Lee WR JJ Buchanan,,Patrick Overmyer,FLEX,4.21%,12.6
50,5279489586,stuart0827,0,221.84001,FLEX Duce Robinson QB Kenny Minchey RB Aiden Flora RB Ousmane Kromah S-FLEX LaNorris Sellers WR Jeremiah Smith WR Anthony Evans III WR Nyck Harbor,,Bryce Underwood,QB,4.21%,4.04
51,5279019281,YouMadBro38,0,221.32,FLEX CJ Baxter QB Byrum Brown RB Jamal Roberts RB Aiden Flora S-FLEX LaNorris Sellers WR Keshaun Singleton WR Kenny Darby WR Nyck Harbor,,Chauncey Bowens,RB,4.12%,13.9
52,5278771028,Andramidus_theGreat,0,221.22,FLEX Anthony Evans III QB Ashton Daniels RB Matt Fuller RB Aiden Flora S-FLEX Michael Hawkins Jr. WR JJ Buchanan WR Rico Flores Jr. WR Duce Robinson,,Conner Weigman,S-FLEX,4.04%,32.56
53,5278784612,graphictag,0,221.06001,FLEX Nyck Harbor QB Ashton Daniels RB Jamal Roberts RB Matt Fuller S-FLEX LaNorris Sellers WR Anthony Evans III WR Cayden Lee WR Jayvan Boggs,,Andrew Marsh,WR,3.87%,4.9
54,5279396508,dwright4407,0,221.04002,FLEX Rico Scott QB Kamario Taylor RB Aiden Flora RB Ousmane Kromah S-FLEX Colton Joseph WR Jeremiah Smith WR Kenny Darby WR Duce Robinson,,Jeremiah Smith,FLEX,3.70%,46.6
55,5279333354,whiteduece,0,220.74,FLEX Ousmane Kromah QB Ashton Daniels RB Fluff Bothwell RB Aiden Flora S-FLEX Jeremiah Smith WR Cayden Lee WR Tony Diaz WR Rico Scott,,LaNorris Sellers,QB,3.70%,33.74
56,5278220181,SLBMLightshow,0,220.09999,FLEX Donovan Olugbode QB Michael Hawkins Jr. RB Chauncey Bowens RB Aiden Flora S-FLEX Austin Simmons WR Cayden Lee WR DJ Epps WR Patrick Overmyer,,Aneyas Williams,RB,3.70%,7.8
57,5279086002,canyoureid,0,219.80002,FLEX Patrick Overmyer QB Conner Weigman RB Chauncey Bowens RB Aiden Flora S-FLEX Ashton Daniels WR Anthony Evans III WR Amare Thomas WR Duce Robinson,,Junior Sherrill,WR,3.53%,26.7
58,5279099932,Dr_Two_Inch,0,218.64,FLEX Ousmane Kromah QB Keelon Russell RB Matt Fuller RB Aiden Flora S-FLEX Ashton Daniels WR Anthony Evans III WR Omari Hayes WR Duce Robinson,,Willie Rodriguez,WR,3.45%,13.2
59,5279225836,Bigb16,0,218.38002,FLEX CJ Baxter QB Kamario Taylor RB Jamal Roberts RB Aiden Flora S-FLEX LaNorris Sellers WR Anthony Evans III WR Nyck Harbor WR Duce Robinson,,Tony Diaz,WR,3.36%,11.7
60,5279548704,mrog_bobbyjohnson,0,218.1,FLEX Jamal Roberts QB Conner Weigman RB Aneyas Williams RB Aiden Flora S-FLEX Ashton Daniels WR Amare Thomas WR Patrick Overmyer WR Duce Robinson,,Kenny Darby,FLEX,3.28%,27.6
61,5278765051,LDog7474,0,217.93999,FLEX Duce Robinson QB Colton Joseph RB Aiden Flora RB Ousmane Kromah S-FLEX Ashton Daniels WR Jeremiah Smith WR Andrew Marsh WR Tyrell Henry,,CJ Baxter,FLEX,3.03%,15.8
62,5279491538,rivimike,0,217.74,FLEX Anthony Evans III QB Ashton Daniels RB Jamal Roberts RB Aneyas Williams S-FLEX Kamario Taylor WR Cayden Lee WR Jordan Shipp WR Duce Robinson,,Nolan James Jr.,RB,3.03%,14.1
63,5279320850,jleemont07,0,217.44,FLEX Duce Robinson QB Austin Simmons RB Cam Cook RB Aiden Flora S-FLEX Ashton Daniels WR Lotzeir Brooks WR Cayden Lee WR Patrick Overmyer,,Javon Tracy,WR,3.03%,4.9
63,5279380787,bck4gators,0,217.44,FLEX Duce Robinson QB Austin Simmons RB Cam Cook RB Aiden Flora S-FLEX Ashton Daniels WR Lotzeir Brooks WR Cayden Lee WR Patrick Overmyer,,Nyck Harbor,WR,2.94%,4.6
65,5278815029,jpm_joshua2002,0,217.28001,FLEX Jamal Roberts QB Kamario Taylor RB Aiden Flora RB Ousmane Kromah S-FLEX LaNorris Sellers WR Cayden Lee WR Kenny Darby WR Duce Robinson,,Kenny Minchey,S-FLEX,2.94%,26.08
65,5279548723,joe_mac10,0,217.28001,FLEX Jamal Roberts QB Kamario Taylor RB Aiden Flora RB Ousmane Kromah S-FLEX LaNorris Sellers WR Cayden Lee WR Kenny Darby WR Duce Robinson,,Rico Flores Jr.,FLEX,2.86%,2.3
65,5278834080,Czervik67,0,217.27998,FLEX Ousmane Kromah QB Jaylen Raynor RB Jamal Roberts RB Aiden Flora S-FLEX Keelon Russell WR Anthony Evans III WR Omari Hayes WR Duce Robinson,,Kameron Courtney,WR,2.78%,0
68,5279300129,bookert21,0,217.16,FLEX Ousmane Kromah QB Keelon Russell RB Jamal Roberts RB Aiden Flora S-FLEX LaNorris Sellers WR Cayden Lee WR Duce Robinson WR Willie Rodriguez,,Micahi Danzy,WR,2.78%,11.8
68,5279504593,Booshea,0,217.16,FLEX Ousmane Kromah QB LaNorris Sellers RB Jamal Roberts RB Aiden Flora S-FLEX Keelon Russell WR Cayden Lee WR Duce Robinson WR Willie Rodriguez,,Noah Jennings,WR,2.78%,17.2
68,5279520405,hosswsox,0,217.16,FLEX Ousmane Kromah QB LaNorris Sellers RB Jamal Roberts RB Aiden Flora S-FLEX Keelon Russell WR Cayden Lee WR Duce Robinson WR Willie Rodriguez,,Tony Diaz,FLEX,2.69%,11.7
68,5279542011,attackcat,0,217.16,FLEX Ousmane Kromah QB LaNorris Sellers RB Jamal Roberts RB Aiden Flora S-FLEX Keelon Russell WR Cayden Lee WR Duce Robinson WR Willie Rodriguez,,Donovan Olugbode,FLEX,2.61%,21.4
68,5279553107,heisenbergthegreat,0,217.16,FLEX Ousmane Kromah QB LaNorris Sellers RB Jamal Roberts RB Aiden Flora S-FLEX Keelon Russell WR Cayden Lee WR Duce Robinson WR Willie Rodriguez,,Jordan Faison,WR,2.61%,36.2
73,5279100483,bfowler0419,0,216.66,FLEX Jeremiah Smith QB Kamario Taylor RB Aiden Flora RB Ousmane Kromah S-FLEX Ashton Daniels WR Donovan Olugbode WR Duce Robinson WR Micahi Danzy,,JJ Buchanan,FLEX,2.52%,9
73,5279192452,mck1960,0,216.66,FLEX Jeremiah Smith QB Kamario Taylor RB Aiden Flora RB Ousmane Kromah S-FLEX Ashton Daniels WR Donovan Olugbode WR Duce Robinson WR Micahi Danzy,,Willie Rodriguez,FLEX,2.52%,13.2
73,5279209010,timrowland09,0,216.66,FLEX Jeremiah Smith QB Kamario Taylor RB Aiden Flora RB Ousmane Kromah S-FLEX Ashton Daniels WR Donovan Olugbode WR Duce Robinson WR Micahi Danzy,,DJ Epps,WR,2.52%,23.4
73,5279408909,jdub.14,0,216.66,FLEX Jeremiah Smith QB Kamario Taylor RB Aiden Flora RB Ousmane Kromah S-FLEX Ashton Daniels WR Donovan Olugbode WR Duce Robinson WR Micahi Danzy,,Gunner Stockton,QB,2.44%,26
73,5279432122,gatorrick81220,0,216.66,FLEX Jeremiah Smith QB Kamario Taylor RB Aiden Flora RB Ousmane Kromah S-FLEX Ashton Daniels WR Donovan Olugbode WR Duce Robinson WR Micahi Danzy,,Tyrell Henry,FLEX,2.27%,5.4
73,5279552383,logan956,0,216.66,FLEX Jeremiah Smith QB Kamario Taylor RB Aiden Flora RB Ousmane Kromah S-FLEX Ashton Daniels WR Donovan Olugbode WR Duce Robinson WR Micahi Danzy,,Micah Gilbert,WR,2.19%,6.4
79,5278981560,kcaugh37,0,216.35999,FLEX Duce Robinson QB Kamario Taylor RB Matt Fuller RB Aiden Flora S-FLEX Ashton Daniels WR Anthony Evans III WR Cayden Lee WR Tony Diaz,,Jaylen Raynor,QB,2.19%,15.06
80,5278426726,WhittBreaker,0,216.15999,FLEX Patrick Overmyer QB Ashton Daniels RB Matt Fuller RB Aiden Flora S-FLEX Kamario Taylor WR Anthony Evans III WR Cayden Lee WR Jayvan Boggs,,Marquis Johnson,WR,2.19%,4.2
81,5279253848,gav3427,0,215.94,FLEX Cayden Lee QB Michael Hawkins Jr. RB DeSean Bishop RB Aiden Flora S-FLEX LaNorris Sellers WR Sanfrisco Magee WR Tyrell Henry WR Nyck Harbor,,Braylon Staley,WR,2.19%,3.8
82,5276689378,kldawg72179,0,215.7,FLEX Mike Matthews QB Conner Weigman RB DeSean Bishop RB Aiden Flora S-FLEX Ashton Daniels WR JJ Buchanan WR Patrick Overmyer WR Duce Robinson,,Bryce Underwood,S-FLEX,2.19%,4.04
83,5275826235,rwdw0822,0,214.9,FLEX Rico Scott QB Kamario Taylor RB Aiden Flora RB Ousmane Kromah S-FLEX Conner Weigman WR Anthony Evans III WR Cayden Lee WR Patrick Overmyer,,Aiden Flora,FLEX,2.10%,52.12
84,5279032563,hart03,0,214.84,FLEX Nic Anderson QB Kamario Taylor RB Aiden Flora RB Ousmane Kromah S-FLEX Austin Simmons WR Anthony Evans III WR Cayden Lee WR Donovan Olugbode,,Dallas Wilson,WR,2.10%,16.6
85,5279411274,bigdog002,0,214.55998,FLEX Jeremiah Smith QB Michael Hawkins Jr. RB Aiden Flora RB Darrion Dupree S-FLEX Jaylen Raynor WR DJ Epps WR Tony Diaz WR Omari Hayes,,Anthony Evans III,FLEX,2.02%,43.6
86,5278266896,andy751,0,214.35999,FLEX Anthony Evans III QB Michael Hawkins Jr. RB Jamal Roberts RB Ousmane Kromah S-FLEX Kenny Minchey WR Donovan Olugbode WR Tyrell Henry WR Patrick Overmyer,,Nyck Harbor,FLEX,1.85%,4.6
87,5278655383,smflynndmd,0,214.20001,FLEX Rico Flores Jr. QB Ashton Daniels RB Aiden Flora RB Ousmane Kromah S-FLEX Conner Weigman WR Jeremiah Smith WR Patrick Overmyer WR Duce Robinson,,Faizon Brandon,S-FLEX,1.85%,-1.9
88,5279235097,HakeemTheDream,0,213.95999,FLEX Jamal Roberts QB Bryce Underwood RB Aiden Flora RB Ousmane Kromah S-FLEX Colton Joseph WR Jordan Faison WR JJ Buchanan WR Omari Hayes,,Eric Singleton Jr.,WR,1.85%,1.2
89,5279026248,RAGHEADREMOVR,0,213.88002,FLEX Ousmane Kromah QB Kamario Taylor RB Jamal Roberts RB Aiden Flora S-FLEX LaNorris Sellers WR Anthony Evans III WR Nyck Harbor WR Duce Robinson,,Jordan Shipp,WR,1.77%,20.9
90,5276107237,tybadger,0,213.46,FLEX Cayden Lee QB Kamario Taylor RB Aiden Flora RB Ousmane Kromah S-FLEX Ashton Daniels WR Anthony Evans III WR JJ Buchanan WR Duce Robinson,,Talyn Taylor,FLEX,1.77%,3.7
91,5274997230,Weezy052518,0,213.23999,FLEX CJ Baxter QB Austin Simmons RB Aiden Flora RB Ousmane Kromah S-FLEX Ashton Daniels WR Cayden Lee WR Donovan Olugbode WR JJ Buchanan,,Mike Matthews,WR,1.77%,9.7
92,5279123787,ginab09,0,212.95999,FLEX Jelani Thurman QB Ashton Daniels RB Jadan Baugh RB Aiden Flora S-FLEX Keyone Jenkins WR Jeremiah Smith WR Duce Robinson WR Waden Charles,,Byrum Brown,S-FLEX,1.68%,27.06
93,5278855342,skeetsmcgee,0,212.54,FLEX Patrick Overmyer QB Ashton Daniels RB Matt Fuller RB Aiden Flora S-FLEX JJ Buchanan WR Jeremiah Smith WR Cayden Lee WR Duce Robinson,,Jacob Harris,WR,1.68%,17.5
94,5279277735,asilletta13,0,212.5,FLEX Jelani Thurman QB Austin Simmons RB Aiden Flora RB Ousmane Kromah S-FLEX Michael Hawkins Jr. WR Cayden Lee WR Donovan Olugbode WR JJ Buchanan,,Daniel Hill,RB,1.60%,1.2
95,5278967690,jonchill,0,212.23999,FLEX CJ Baxter QB Kamario Taylor RB Aiden Flora RB Ousmane Kromah S-FLEX Austin Simmons WR Anthony Evans III WR Cayden Lee WR Rico Scott,,Zion Ragins,WR,1.51%,8.1
95,5278994710,TheTank10,0,212.23999,FLEX CJ Baxter QB Kamario Taylor RB Aiden Flora RB Ousmane Kromah S-FLEX Austin Simmons WR Anthony Evans III WR Cayden Lee WR Rico Scott,,Daune Morris,RB,1.51%,2.2
97,5276005977,Patrick_Star,0,211.98001,FLEX Duce Robinson QB Bryce Underwood RB Aiden Flora RB Ousmane Kromah S-FLEX Ashton Daniels WR Jeremiah Smith WR Cayden Lee WR Noah Jennings,,Sanfrisco Magee,FLEX,1.43%,7.1
97,5279442174,TriniTrill,0,211.98001,FLEX Duce Robinson QB Bryce Underwood RB Aiden Flora RB Ousmane Kromah S-FLEX Ashton Daniels WR Jeremiah Smith WR Cayden Lee WR Noah Jennings,,EJ Crowell,RB,1.43%,4.9
99,5279093456,dtw27,0,211.68001,FLEX Willie Rodriguez QB Jaylen Raynor RB Cam Cook RB Aiden Flora S-FLEX Keelon Russell WR Anthony Evans III WR Patrick Overmyer WR Omari Hayes,,Kenny Minchey,QB,1.43%,26.08
100,5279183364,nickrambo,0,211.6,FLEX Dominic Overby QB Michael Hawkins Jr. RB Jamal Roberts RB Ousmane Kromah S-FLEX Kamario Taylor WR Anthony Evans III WR DJ Epps WR Patrick Overmyer,,Amare Thomas,FLEX,1.43%,8.3
101,5279420395,Believers56,0,211.55998,FLEX Vince Benetti QB Julian Sayin RB Cam Cook RB Aiden Flora S-FLEX Michael Hawkins Jr. WR DJ Epps WR Tony Diaz WR Dominic Overby,,Junior Sherrill,FLEX,1.43%,26.7
102,5279049015,hamhock41,0,211.44002,FLEX Kenny Darby QB Kamario Taylor RB Aiden Flora RB Ousmane Kromah S-FLEX Colton Joseph WR Jeremiah Smith WR Omari Hayes WR Duce Robinson,,Ryan Coleman-Williams,FLEX,1.43%,13.3
103,5278869782,cherokeekat,0,210.54,FLEX Kaleb Edwards QB Kamario Taylor RB Matt Fuller RB Aiden Flora S-FLEX Colton Joseph WR Anthony Evans III WR Cayden Lee WR Jacob Harris,,Micahi Danzy,FLEX,1.43%,11.8
104,5278384090,ElSlappo,0,210.06001,FLEX Rico Scott QB Michael Hawkins Jr. RB DeSean Bishop RB Aiden Flora S-FLEX Conner Weigman WR Amare Thomas WR Rico Flores Jr. WR Duce Robinson,,Koby Young,WR,1.35%,3.2
105,5278735802,bigabruns,0,209.98,FLEX Kenny Darby QB Bryce Underwood RB Chauncey Bowens RB Aiden Flora S-FLEX Ashton Daniels WR Jeremiah Smith WR JJ Buchanan WR Duce Robinson,,Jaziun Patterson,RB,1.35%,6.2
106,5279388666,Bsaun32,0,209.95999,FLEX Nyck Harbor QB Kamario Taylor RB Jamal Roberts RB Chauncey Bowens S-FLEX LaNorris Sellers WR Anthony Evans III WR Jordan Faison WR Willie Rodriguez,,Duke Watson,RB,1.35%,5.9
107,5279092944,wildsch75,0,208.98,FLEX Anthony Evans III QB Keelon Russell RB Chauncey Bowens RB Aiden Flora S-FLEX Conner Weigman WR Eric Singleton Jr. WR Patrick Overmyer WR Rico Scott,,Chris Brooks Jr.,WR,1.35%,2
108,5279288855,TJZwarych,0,208.93999,FLEX Duce Robinson QB Austin Simmons RB Jadan Baugh RB Aiden Flora S-FLEX Ashton Daniels WR Cayden Lee WR Donovan Olugbode WR Rico Scott,,Kamari Moulton,RB,1.35%,2.7
109,5275597859,leea04,0,208.82,FLEX Jeremiah Smith QB Austin Simmons RB Ousmane Kromah RB Darrion Dupree S-FLEX Ashton Daniels WR Cayden Lee WR Jordan Faison WR Duce Robinson,,Dwight Phillips Jr.,RB,1.35%,21.2
110,5279550078,conradA,0,208.68,FLEX Kenny Darby QB Austin Simmons RB DeSean Bishop RB Ousmane Kromah S-FLEX Kenny Minchey WR Anthony Evans III WR Donovan Olugbode WR JJ Buchanan,,Jeremiah Smith,S-FLEX,1.26%,46.6
111,5278687921,kmdilsaver,0,208.45999,FLEX Willie Rodriguez QB Beau Pribula RB Aiden Flora RB Ousmane Kromah S-FLEX Ashton Daniels WR Jeremiah Smith WR Cayden Lee WR Duce Robinson,,Jadan Baugh,FLEX,1.26%,6
112,5279447717,kjlecomte,0,208.40001,FLEX Aiden Flora QB Michael Hawkins Jr. RB Ousmane Kromah RB Darrion Dupree S-FLEX Cam Cook WR Anthony Evans III WR Patrick Overmyer WR Duce Robinson,,Darrion Dupree,FLEX,1.26%,7.3
113,5279391472,csalinaz9,0,208.26001,FLEX Ousmane Kromah QB Keelon Russell RB Matt Fuller RB Aiden Flora S-FLEX LaNorris Sellers WR Anthony Evans III WR Willie Rodriguez WR Micahi Danzy,,Makhi Hughes,RB,1.26%,6.6
114,5279106985,Pziggy8,0,208.04,FLEX Rico Flores Jr. QB Kamario Taylor RB Aiden Flora RB Dwight Phillips Jr. S-FLEX Austin Simmons WR Anthony Evans III WR Cayden Lee WR Donovan Olugbode,,Benjamin Hall,RB,1.26%,3.6
115,5279546629,Donny521Mac,0,208,FLEX Marquis Johnson QB Conner Weigman RB DeSean Bishop RB Aiden Flora S-FLEX Kamario Taylor WR Anthony Evans III WR Patrick Overmyer WR Koby Young,,Jaylen Raynor,S-FLEX,1.18%,15.06
116,5279085571,EvoJoe2324,0,207.88,FLEX Tony Diaz QB Michael Hawkins Jr. RB Cam Cook RB Jamal Roberts S-FLEX Colton Joseph WR Tyrell Henry WR Patrick Overmyer WR Malachi Coleman,,Fluff Bothwell,FLEX,1.18%,0.1
117,5278431366,canovsp,0,207.69998,FLEX Aiden Flora QB Austin Simmons RB DeSean Bishop RB Daniel Hill S-FLEX Kenny Minchey WR Cayden Lee WR Donovan Olugbode WR Willie Rodriguez,,DeSean Bishop,FLEX,1.18%,43
118,5279155418,timothyandstacy,0,207.12,FLEX Nyck Harbor QB Julian Sayin RB Aiden Flora RB Ousmane Kromah S-FLEX LaNorris Sellers WR Jeremiah Smith WR Mazeo Bennett Jr. WR Willie Rodriguez,,Faizon Brandon,QB,1.18%,-1.9
119,5279052513,easton136,0,206.95999,FLEX Cayden Lee QB Kamario Taylor RB Matt Fuller RB Aiden Flora S-FLEX Ashton Daniels WR Anthony Evans III WR Rico Flores Jr. WR Duce Robinson,,Aaron Philo,S-FLEX,1.18%,12.18
120,5279429719,WaitTilNextYear,0,206.88,FLEX Ousmane Kromah QB Kamario Taylor RB Jamal Roberts RB Aiden Flora S-FLEX LaNorris Sellers WR Cayden Lee WR Noah Jennings WR Duce Robinson,,Jayvan Boggs,WR,1.18%,2.7
121,5275075074,cowboys3322,0,206.86,FLEX Jeremiah Smith QB Gunner Stockton RB Aiden Flora RB Ousmane Kromah S-FLEX LaNorris Sellers WR Jordan Shipp WR Omari Hayes WR Duce Robinson,,Aaron Philo,QB,1.09%,12.18
121,5278797136,timmort2,0,206.86,FLEX Jeremiah Smith QB Gunner Stockton RB Aiden Flora RB Ousmane Kromah S-FLEX LaNorris Sellers WR Jordan Shipp WR Omari Hayes WR Duce Robinson,,Jelani Thurman,WR,1.09%,22
121,5279162131,Mikeypo2017,0,206.86,FLEX Jeremiah Smith QB Gunner Stockton RB Aiden Flora RB Ousmane Kromah S-FLEX LaNorris Sellers WR Jordan Shipp WR Omari Hayes WR Duce Robinson,,Eric Singleton Jr.,FLEX,1.09%,1.2
121,5279246474,og_trenesito,0,206.86,FLEX Jeremiah Smith QB Gunner Stockton RB Aiden Flora RB Ousmane Kromah S-FLEX LaNorris Sellers WR Jordan Shipp WR Omari Hayes WR Duce Robinson,,Julian Sayin,QB,1.09%,27.86
121,5279321018,zingzang,0,206.86,FLEX Jeremiah Smith QB Gunner Stockton RB Aiden Flora RB Ousmane Kromah S-FLEX LaNorris Sellers WR Jordan Shipp WR Omari Hayes WR Duce Robinson,,Javon Tracy,FLEX,1.09%,4.9
121,5279329848,rodlars633,0,206.86,FLEX Jeremiah Smith QB Gunner Stockton RB Aiden Flora RB Ousmane Kromah S-FLEX LaNorris Sellers WR Jordan Shipp WR Omari Hayes WR Duce Robinson,,Eugene Hilton Jr.,WR,1.01%,2.7
121,5279443166,sbris10,0,206.86,FLEX Jeremiah Smith QB Gunner Stockton RB Aiden Flora RB Ousmane Kromah S-FLEX LaNorris Sellers WR Jordan Shipp WR Omari Hayes WR Duce Robinson,,Xavier Brown,RB,1.01%,1.9
121,5279526187,wes031,0,206.86,FLEX Jeremiah Smith QB Gunner Stockton RB Aiden Flora RB Ousmane Kromah S-FLEX LaNorris Sellers WR Jordan Shipp WR Omari Hayes WR Duce Robinson,,Sedrick Alexander,RB,1.01%,9.5
129,5278793023,jebb66,0,206.4,FLEX Jacob Harris QB Keelon Russell RB Matt Fuller RB Aiden Flora S-FLEX Michael Hawkins Jr. WR Cayden Lee WR Rico Flores Jr. WR Jelani Thurman,,Dominic Overby,WR,1.01%,10
130,5279183536,MiHiClub,0,206.04,FLEX Kenny Darby QB Kamario Taylor RB Matt Fuller RB Aiden Flora S-FLEX Austin Simmons WR Anthony Evans III WR Cayden Lee WR Duce Robinson,,Keshaun Singleton,WR,1.01%,12.4
131,5279185934,fchonor,0,205.92001,FLEX Nyck Harbor QB Conner Weigman RB Aiden Flora RB Ousmane Kromah S-FLEX LaNorris Sellers WR Jeremiah Smith WR Patrick Overmyer WR Omari Hayes,,Chas Nimrod,WR,0.93%,6.3
131,5279269876,envymygrind,0,205.92001,FLEX Amare Thomas QB LaNorris Sellers RB Jamal Roberts RB Ousmane Kromah S-FLEX Michael Hawkins Jr. WR Cayden Lee WR Patrick Overmyer WR Rico Scott,,Duke Clark,FLEX,0.93%,3.8
133,5279275383,Frank_TM26,0,205.85999,FLEX Duce Robinson QB Kamario Taylor RB Matt Fuller RB Aiden Flora S-FLEX Ashton Daniels WR Anthony Evans III WR Cayden Lee WR Eric Singleton Jr.,,Braeden Jackson,RB,0.93%,8.4
134,5279098916,brew9509,0,205.84003,FLEX Patrick Overmyer QB Colton Joseph RB Aiden Flora RB Ousmane Kromah S-FLEX Kamario Taylor WR Anthony Evans III WR Cayden Lee WR Nyck Harbor,,Thomas Blackshear,WR,0.93%,6.3
135,5275925015,FSUTitleist,0,205.54001,FLEX Matt Fuller QB Colton Joseph RB Aiden Flora RB Ousmane Kromah S-FLEX Ashton Daniels WR Cayden Lee WR JJ Buchanan WR Duce Robinson,,Cayden Lee,S-FLEX,0.84%,24
136,5279280333,sickwidit284,0,205.42,FLEX Kenny Darby QB Kamario Taylor RB Matt Fuller RB Aiden Flora S-FLEX Kenny Minchey WR Anthony Evans III WR Cayden Lee WR Duce Robinson,,Kaleb Edwards,WR,0.84%,4.2
137,5279436816,jeffs4162,0,205.26001,FLEX Anthony Evans III QB Ashton Daniels RB Jadan Baugh RB Jamal Roberts S-FLEX LaNorris Sellers WR Noah Jennings WR Duce Robinson WR Stephon Johnson,,Duce Robinson,S-FLEX,0.84%,3.8
138,5278832192,Waterpig71,0,205.16,FLEX Ousmane Kromah QB Ashton Daniels RB Matt Fuller RB Aiden Flora S-FLEX Kamario Taylor WR Anthony Evans III WR Duce Robinson WR Willie Rodriguez,,Braylon Staley,FLEX,0.84%,3.8
139,5279229528,gadomski23,0,205.14,FLEX Tyrell Henry QB Ashton Daniels RB Aiden Flora RB Ousmane Kromah S-FLEX Duce Robinson WR Jeremiah Smith WR Cayden Lee WR JJ Buchanan,,Mazeo Bennett Jr.,WR,0.84%,17.7
140,5279345539,dalter123,0,204.67998,FLEX Duce Robinson QB Kamario Taylor RB Jamal Roberts RB Aiden Flora S-FLEX Bryce Underwood WR Anthony Evans III WR Cayden Lee WR Omari Hayes,,Waden Charles,WR,0.84%,10.8
141,5279264238,Pjg1979,0,204.56,FLEX Duce Robinson QB LaNorris Sellers RB Aiden Flora RB Ousmane Kromah S-FLEX CJ Baxter WR Jeremiah Smith WR Cayden Lee WR Noah Jennings,,Byrum Brown,QB,0.84%,27.06
142,5277263669,freedom2dfs,0,204.54,FLEX Willie Rodriguez QB Kamario Taylor RB Aiden Flora RB Ousmane Kromah S-FLEX Keelon Russell WR Anthony Evans III WR JJ Buchanan WR Kenny Darby,,Bo Jackson,RB,0.84%,7
142,5279470229,bavmarine,0,204.54,FLEX Kenny Darby QB Keelon Russell RB Aiden Flora RB Ousmane Kromah S-FLEX Kamario Taylor WR Anthony Evans III WR JJ Buchanan WR Willie Rodriguez,,CJ Carr,QB,0.76%,32.86
144,5279478298,mjv2009,0,204.44,FLEX Mazeo Bennett Jr. QB Kamario Taylor RB CJ Baxter RB Darrion Dupree S-FLEX Ashton Daniels WR Jeremiah Smith WR Anthony Evans III WR Duce Robinson,,Chauncey Bowens,FLEX,0.76%,13.9
145,5278498013,AmazingBlue2,0,203.73999,FLEX Willie Rodriguez QB Kamario Taylor RB Aiden Flora RB Ousmane Kromah S-FLEX Keelon Russell WR Anthony Evans III WR Cayden Lee WR Micahi Danzy,,Zion Ragins,FLEX,0.76%,8.1
146,5275315344,Sjcollins724,0,203.56001,FLEX Matt Fuller QB Kamario Taylor RB Aiden Flora RB CJ Baxter S-FLEX Ashton Daniels WR Anthony Evans III WR Sanfrisco Magee WR Duce Robinson,,Mike Matthews,FLEX,0.76%,9.7
147,5279474626,xxSPURS21xx,0,203.16,FLEX Nyck Harbor QB Ashton Daniels RB DeSean Bishop RB CJ Baxter S-FLEX LaNorris Sellers WR Jeremiah Smith WR Jayvan Boggs WR Duce Robinson,,Da'Shawn Martin,WR,0.76%,13.5
148,5279560711,kipper12,0,202.94002,FLEX Jeremiah Smith QB Kamario Taylor RB Aiden Flora RB Ousmane Kromah S-FLEX Colton Joseph WR Tyrell Henry WR Duce Robinson WR Josh Derry,,Julian Sayin,S-FLEX,0.76%,27.86
149,5279064846,jekuga,0,202.21999,FLEX Donovan Olugbode QB Ashton Daniels RB Aneyas Williams RB Aiden Flora S-FLEX Aaron Philo WR Anthony Evans III WR JJ Buchanan WR Koby Young,,Jadan Baugh,S-FLEX,0.67%,6
150,5279131821,comets1234,0,202.2,FLEX Anthony Evans III QB Colton Joseph RB Jamal Roberts RB Ousmane Kromah S-FLEX Austin Simmons WR Cayden Lee WR Tyrell Henry WR Rico Flores Jr.,,Rico Flores Jr.,S-FLEX,0.67%,2.3
151,5279490391,scholta,0,201.93999,FLEX Kenny Darby QB Kamario Taylor RB Matt Fuller RB Aiden Flora S-FLEX Austin Simmons WR Anthony Evans III WR Donovan Olugbode WR Rico Flores Jr.,,Andrew Marsh,FLEX,0.67%,4.9
152,5278947217,natekane82,0,201.9,FLEX Amare Thomas QB Ashton Daniels RB Aiden Flora RB CJ Baxter S-FLEX Conner Weigman WR Micah Gilbert WR Junior Sherrill WR Sanfrisco Magee,,Rico Scott,FLEX,0.67%,22
153,5278942570,TCU_alum,0,201.63998,FLEX Jelani Thurman QB Kamario Taylor RB Jamal Roberts RB Matt Fuller S-FLEX Ashton Daniels WR Anthony Evans III WR Andrew Marsh WR Chris Brooks Jr.,,Jekail Middlebrook,RB,0.67%,10.9
154,5279396970,marino82867,0,201.42,FLEX Talyn Taylor QB Colton Joseph RB Aiden Flora RB Darrion Dupree S-FLEX Cayden Lee WR Jeremiah Smith WR Donovan Olugbode WR Tyrell Henry,,Cam Cook,FLEX,0.67%,31.7
155,5279532426,JettDFS,0,201.34,FLEX Lotzeir Brooks QB Ashton Daniels RB Matt Fuller RB Aiden Flora S-FLEX Keelon Russell WR Cayden Lee WR Omari Hayes WR Duce Robinson,,Bailey Stockton,WR,0.67%,4.5
156,5279152854,owllover77,0,201.28,FLEX Willie Rodriguez QB Kenny Minchey RB Jamal Roberts RB Ousmane Kromah S-FLEX Cayden Lee WR Jeremiah Smith WR Junior Sherrill WR Tyrell Henry,,CJ Carr,S-FLEX,0.67%,32.86
157,5278778491,JaylenRose,0,201.22,FLEX Darrion Dupree QB Kamario Taylor RB Aiden Flora RB CJ Baxter S-FLEX Michael Hawkins Jr. WR Anthony Evans III WR Sanfrisco Magee WR Patrick Overmyer,,Craig Dandridge,FLEX,0.67%,1.6
158,5276628379,kloosman,0,201.15999,FLEX Donovan Olugbode QB Bryce Underwood RB DeSean Bishop RB Aiden Flora S-FLEX Austin Simmons WR Cayden Lee WR JJ Buchanan WR Jordan Shipp,,Re'Shaun Sanford II,RB,0.67%,11.2
159,5276511603,tzshannon,0,200.96,FLEX Duce Robinson QB Kamario Taylor RB Aiden Flora RB Ousmane Kromah S-FLEX Ashton Daniels WR Jeremiah Smith WR Andrew Marsh WR Patrick Overmyer,,J.J. Hill,RB,0.67%,0.6
159,5276559846,griffalicious24,0,200.96,FLEX Duce Robinson QB Kamario Taylor RB Aiden Flora RB Ousmane Kromah S-FLEX Ashton Daniels WR Jeremiah Smith WR Andrew Marsh WR Patrick Overmyer,,Darius Taylor,RB,0.59%,21.4
159,5276612044,CashLineCriminal,0,200.96,FLEX Duce Robinson QB Kamario Taylor RB Aiden Flora RB Ousmane Kromah S-FLEX Ashton Daniels WR Jeremiah Smith WR Andrew Marsh WR Patrick Overmyer,,Malachi Coleman,WR,0.59%,11.6
162,5279418108,declercq12,0,200.84,FLEX Junior Sherrill QB Austin Simmons RB Aiden Flora RB Ousmane Kromah S-FLEX Kamario Taylor WR Anthony Evans III WR Donovan Olugbode WR Rico Flores Jr.,,Lotzeir Brooks,FLEX,0.59%,13.6
163,5278687514,Beezy269,0,200.44002,FLEX Thomas Blackshear QB Keelon Russell RB Aiden Flora RB Ousmane Kromah S-FLEX Kamario Taylor WR Ryan Coleman-Williams WR Anthony Evans III WR Josh Derry,,Waden Charles,FLEX,0.59%,10.8
164,5279109271,ajyarborough97,0,200.38002,FLEX Matt Fuller QB Kamario Taylor RB Aiden Flora RB Ousmane Kromah S-FLEX LaNorris Sellers WR Anthony Evans III WR Kenny Darby WR Duce Robinson,,Matt Fuller,S-FLEX,0.59%,11.5
165,5279434329,vgal1233,0,200.13998,FLEX Willie Rodriguez QB Ashton Daniels RB Jadan Baugh RB Aiden Flora S-FLEX Austin Simmons WR Cayden Lee WR Donovan Olugbode WR Duce Robinson,,Thomas Blackshear,FLEX,0.59%,6.3
166,5277915265,breesyfosheezy,0,200.04,FLEX Kaleb Edwards QB Austin Simmons RB Aiden Flora RB Ousmane Kromah S-FLEX Kamario Taylor WR Anthony Evans III WR Cayden Lee WR Donovan Olugbode,,Jamal Roberts,FLEX,0.59%,48
166,5278822935,Trashcona,0,200.04,FLEX Donovan Olugbode QB Kamario Taylor RB Aiden Flora RB Ousmane Kromah S-FLEX Austin Simmons WR Anthony Evans III WR Cayden Lee WR Kaleb Edwards,,Aneyas Williams,FLEX,0.59%,7.8
168,5275602976,plewis247,0,199.48001,FLEX Cayden Lee QB Kamario Taylor RB Aiden Flora RB Ousmane Kromah S-FLEX LaNorris Sellers WR Anthony Evans III WR Tyrell Henry WR Patrick Overmyer,,Craig Dandridge,WR,0.50%,1.6
168,5279501444,baseballers317,0,199.48001,FLEX Anthony Evans III QB LaNorris Sellers RB Cam Cook RB Aiden Flora S-FLEX Kamario Taylor WR Nyck Harbor WR Duce Robinson WR Willie Rodriguez,,Shaun Terry II,WR,0.50%,0
170,5279013667,Sammy.Boy,0,199.46,FLEX Ousmane Kromah QB Keelon Russell RB Aiden Flora RB Darrion Dupree S-FLEX LaNorris Sellers WR Cayden Lee WR Jordan Faison WR Duce Robinson,,Quintrevion Wisner,RB,0.50%,12.6
171,5279466078,neitz10,0,199.38,FLEX Tyrell Henry QB Conner Weigman RB Aiden Flora RB Ousmane Kromah S-FLEX Colton Joseph WR Amare Thomas WR Jordan Faison WR Patrick Overmyer,,TJ Thomas,RB,0.50%,9
172,5278542936,jet4wvu,0,199.22,FLEX CJ Baxter QB Michael Hawkins Jr. RB Jamal Roberts RB Aiden Flora S-FLEX Beau Pribula WR Junior Sherrill WR Rico Flores Jr. WR Duce Robinson,,Ousmane Kromah,S-FLEX,0.50%,11.3
173,5279052520,Banzai76,0,199.13998,FLEX Noah Jennings QB Kamario Taylor RB Matt Fuller RB Aiden Flora S-FLEX Colton Joseph WR Anthony Evans III WR Tyrell Henry WR Tony Diaz,,Trent Walker,WR,0.50%,7.1
174,5276937692,coastrider,0,199.04,FLEX Donovan Olugbode QB Keelon Russell RB Matt Fuller RB Aiden Flora S-FLEX Ashton Daniels WR Cayden Lee WR Rico Flores Jr. WR Duce Robinson,,Bailey Stockton,FLEX,0.50%,4.5
175,5279478638,edantoft,0,198.86,FLEX Ousmane Kromah QB Jaylen Raynor RB Cam Cook RB Aiden Flora S-FLEX Michael Hawkins Jr. WR Cayden Lee WR Omari Hayes WR Thomas Blackshear,,Savion Hiter,RB,0.50%,0.9
176,5279350647,YegoBlitz,0,198.81999,FLEX DeSean Bishop QB Keelon Russell RB Aiden Flora RB Darrion Dupree S-FLEX Austin Simmons WR Cayden Lee WR Rico Flores Jr. WR Omari Hayes,,Jelani Thurman,FLEX,0.50%,22
177,5276225381,mattbpoole,0,198.78,FLEX Jeremiah Smith QB Michael Hawkins Jr. RB Jamal Roberts RB Ousmane Kromah S-FLEX Tony Diaz WR Tyrell Henry WR Noah Jennings WR Patrick Overmyer,,Jalen Smith,WR,0.50%,0
177,5278982890,cvillered,0,198.78,FLEX Jeremiah Smith QB Michael Hawkins Jr. RB Jamal Roberts RB Ousmane Kromah S-FLEX Tony Diaz WR Tyrell Henry WR Noah Jennings WR Patrick Overmyer,,Duke Watson,FLEX,0.42%,5.9
177,5279548956,Lawboy15,0,198.78,FLEX Jeremiah Smith QB Michael Hawkins Jr. RB Jamal Roberts RB Ousmane Kromah S-FLEX Noah Jennings WR Tyrell Henry WR Tony Diaz WR Patrick Overmyer,,Donovan Olugbode,S-FLEX,0.42%,21.4
180,5279529971,joey3phones,0,198.73999,FLEX Cayden Lee QB Ashton Daniels RB Jadan Baugh RB Aiden Flora S-FLEX Austin Simmons WR Donovan Olugbode WR Duce Robinson WR Micahi Danzy,,Javon Tracy,S-FLEX,0.42%,4.9
181,5275539037,cthuggin0788,0,198.54,FLEX Fluff Bothwell QB Gunner Stockton RB Cam Cook RB Aiden Flora S-FLEX Ashton Daniels WR Andrew Marsh WR Micahi Danzy WR Nic Anderson,,Xay Davis,RB,0.42%,1
182,5279511677,BHAM2020,0,198.34,FLEX Patrick Overmyer QB Kamario Taylor RB Aiden Flora RB Ousmane Kromah S-FLEX Keelon Russell WR Anthony Evans III WR JJ Buchanan WR Rico Scott,,Jacob Harris,FLEX,0.42%,17.5
183,5275544724,renegadebaumers,0,198.24,FLEX Chris Brooks Jr. QB Beau Pribula RB DeSean Bishop RB Aiden Flora S-FLEX Austin Simmons WR Anthony Evans III WR Cayden Lee WR Rico Flores Jr.,,Marquis Johnson,FLEX,0.42%,4.2
184,5278976729,mello610,0,198.18001,FLEX CJ Baxter QB Conner Weigman RB Aiden Flora RB Ousmane Kromah S-FLEX Keelon Russell WR Cayden Lee WR Kenny Darby WR Duce Robinson,,Henry Boyer,FLEX,0.42%,7.6
185,5279010086,Pirks98,0,197.86002,FLEX Patrick Overmyer QB Keelon Russell RB Aiden Flora RB Ousmane Kromah S-FLEX LaNorris Sellers WR Anthony Evans III WR Mike Matthews WR Duce Robinson,,Junior Sherrill,S-FLEX,0.42%,26.7
186,5279511301,Fe3t27,0,197.7,FLEX Tyrell Henry QB Michael Hawkins Jr. RB Aiden Flora RB Ousmane Kromah S-FLEX Donovan Olugbode WR Jeremiah Smith WR Rico Flores Jr. WR Patrick Overmyer,,Sacovie White-Helton,WR,0.42%,0
187,5279237010,RTL701,0,197.36,FLEX Matt Fuller QB Kamario Taylor RB Aiden Flora RB Ousmane Kromah S-FLEX Ashton Daniels WR Anthony Evans III WR Tyrell Henry WR Duce Robinson,,Micah Gilbert,S-FLEX,0.42%,6.4
188,5279054446,KINSEYGR,0,197.14,FLEX Micahi Danzy QB Faizon Brandon RB Aneyas Williams RB Aiden Flora S-FLEX Ashton Daniels WR Jeremiah Smith WR Cayden Lee WR Duce Robinson,,Anthony Evans III,S-FLEX,0.42%,43.6
189,5279133336,amwise8,0,196.74002,FLEX Cayden Lee QB Kamario Taylor RB Chauncey Bowens RB Aiden Flora S-FLEX Austin Simmons WR Anthony Evans III WR Sanfrisco Magee WR Patrick Overmyer,,Josh Derry,WR,0.42%,26.1
189,5279274587,Tubesteakbuffet,0,196.74,FLEX CJ Baxter QB Keelon Russell RB Aiden Flora RB Ousmane Kromah S-FLEX Kamario Taylor WR Anthony Evans III WR Jelani Thurman WR Kaleb Edwards,,Hank Brown,S-FLEX,0.42%,1.88
191,5278844636,Raider319,0,196.62001,FLEX Matt Fuller QB Keelon Russell RB Aiden Flora RB Ousmane Kromah S-FLEX Colton Joseph WR Cayden Lee WR Duce Robinson WR Rico Scott,,Jaziun Patterson,FLEX,0.42%,6.2
192,5279472017,luckie1710,0,196.54,FLEX Cayden Lee QB Kamario Taylor RB Aiden Flora RB Ousmane Kromah S-FLEX Austin Simmons WR Anthony Evans III WR Andrew Marsh WR Noah Jennings,,JJ Buchanan,S-FLEX,0.42%,9
193,5278972018,mgo14,0,196.52,FLEX Ousmane Kromah QB Kamario Taylor RB Matt Fuller RB Aiden Flora S-FLEX Michael Hawkins Jr. WR Junior Sherrill WR Kenny Darby WR Nyck Harbor,,Patrick Overmyer,S-FLEX,0.42%,12.6
194,5279129469,spencerblanchfield12,0,196.44002,FLEX Duce Robinson QB Kamario Taylor RB Aiden Flora RB Ousmane Kromah S-FLEX Colton Joseph WR Jeremiah Smith WR Patrick Overmyer WR Omari Hayes,,Lawson Luckie,WR,0.42%,5.3
194,5279483575,jbflip,0,196.44002,FLEX Duce Robinson QB Kamario Taylor RB Aiden Flora RB Ousmane Kromah S-FLEX Colton Joseph WR Jeremiah Smith WR Patrick Overmyer WR Omari Hayes,,Noah Rogers,WR,0.42%,3.9
194,5279510591,King_Fig,0,196.44002,FLEX Duce Robinson QB Kamario Taylor RB Aiden Flora RB Ousmane Kromah S-FLEX Colton Joseph WR Jeremiah Smith WR Patrick Overmyer WR Omari Hayes,,Duke Clark,S-FLEX,0.42%,3.8
197,5278746276,gdubdk,0,196.4,FLEX Duce Robinson QB Michael Hawkins Jr. RB Matt Fuller RB Ousmane Kromah S-FLEX Ashton Daniels WR Jeremiah Smith WR Rico Flores Jr. WR Rico Scott,,Noah Jennings,FLEX,0.34%,17.2
198,5279070528,dudju,0,196.34001,FLEX CJ Baxter QB Kamario Taylor RB Aiden Flora RB Ousmane Kromah S-FLEX Keelon Russell WR Anthony Evans III WR Duce Robinson WR Rico Scott,,CJ Baxter,S-FLEX,0.34%,15.8
198,5279507383,jusnit,0,196.34001,FLEX Aiden Flora QB Kamario Taylor RB CJ Baxter RB Ousmane Kromah S-FLEX Keelon Russell WR Anthony Evans III WR Duce Robinson WR Rico Scott,,Kameron Courtney,FLEX,0.34%,0
200,5279470675,doggdizzer,0,196.02002,FLEX Ousmane Kromah QB Austin Simmons RB Matt Fuller RB Aiden Flora S-FLEX Colton Joseph WR Ryan Coleman-Williams WR Patrick Overmyer WR Kenny Darby,,Daune Morris,FLEX,0.34%,2.2
201,5279472817,Darkhorse911,0,195.93999,FLEX Donovan Olugbode QB Keelon Russell RB Aiden Flora RB EJ Crowell S-FLEX Kamario Taylor WR Anthony Evans III WR Marquis Johnson WR Rico Scott,,Jeremiah Cobb,RB,0.34%,5.1
202,5279157544,ttappbeats,0,195.92,FLEX Tyrell Henry QB Keelon Russell RB DeSean Bishop RB Aiden Flora S-FLEX Rodney Bullard Jr. WR Ryan Coleman-Williams WR Jordan Faison WR Patrick Overmyer,,Cam Cook,S-FLEX,0.34%,31.7
203,5278215966,spellcalvin95,0,195.87999,FLEX Tony Diaz QB Michael Hawkins Jr. RB Jamal Roberts RB Ousmane Kromah S-FLEX Blaze Berlowitz WR Jeremiah Smith WR Tyrell Henry WR Patrick Overmyer,,Hank Brown,QB,0.34%,1.88
203,5279472428,skholbrook77,0,195.87999,FLEX Tony Diaz QB Michael Hawkins Jr. RB Jamal Roberts RB Ousmane Kromah S-FLEX Blaze Berlowitz WR Jeremiah Smith WR Tyrell Henry WR Patrick Overmyer,,DJ Epps,S-FLEX,0.34%,23.4
205,5279486694,lixitandstixit,0,195.68001,FLEX Tony Diaz QB Michael Hawkins Jr. RB Jamal Roberts RB Ousmane Kromah S-FLEX Willie Rodriguez WR Jeremiah Smith WR Chas Nimrod WR Patrick Overmyer,,Luke Harpring,WR,0.34%,6.3
206,5279398414,lklk88088,0,195.62001,FLEX Kenny Darby QB Gunner Stockton RB Cam Cook RB Aiden Flora S-FLEX Austin Simmons WR Cayden Lee WR Talyn Taylor WR Duce Robinson,,Kaleb Edwards,FLEX,0.34%,4.2
207,5279144439,dgolds1,0,195.44,FLEX Patrick Overmyer QB Keelon Russell RB Aiden Flora RB Duke Clark S-FLEX Kamario Taylor WR Anthony Evans III WR Lotzeir Brooks WR Rico Scott,,Blaze Berlowitz,S-FLEX,0.34%,14.3
208,5278793897,rpoplin2000,0,195.42001,FLEX Dallas Wilson QB Kamario Taylor RB Fluff Bothwell RB Aiden Flora S-FLEX Kenny Minchey WR Anthony Evans III WR Patrick Overmyer WR Kenny Darby,,Devin McCuin,WR,0.34%,18
209,5279546564,michaelshodson,0,195.40002,FLEX Nyck Harbor QB Conner Weigman RB Jamal Roberts RB Ousmane Kromah S-FLEX LaNorris Sellers WR Anthony Evans III WR JJ Buchanan WR Patrick Overmyer,,Kamari Moulton,FLEX,0.34%,2.7
210,5278414996,soonerbernie2002,0,195.24,FLEX Donovan Olugbode QB Kamario Taylor RB Aiden Flora RB Ousmane Kromah S-FLEX Colton Joseph WR Anthony Evans III WR Tyrell Henry WR Duce Robinson,,Sedrick Alexander,FLEX,0.34%,9.5
211,5279543450,B1gSweets,0,195.16,FLEX CJ Baxter QB Michael Hawkins Jr. RB Aiden Flora RB Ousmane Kromah S-FLEX Byrum Brown WR Chas Nimrod WR DJ Epps WR Willie Rodriguez,,Sanfrisco Magee,S-FLEX,0.34%,7.1
212,5279092941,mfoleyy2,0,195.14,FLEX Kenny Darby QB Kamario Taylor RB Aiden Flora RB Ousmane Kromah S-FLEX Keelon Russell WR Anthony Evans III WR JJ Buchanan WR Duce Robinson,,Henry Boyer,WR,0.34%,7.6
212,5279178249,JERKER19,0,195.14,FLEX Kenny Darby QB Keelon Russell RB Aiden Flora RB Ousmane Kromah S-FLEX Kamario Taylor WR Anthony Evans III WR JJ Buchanan WR Duce Robinson,,DJ Vonnahme,WR,0.34%,12.4
214,5278319285,macjohnny83,0,195.12001,FLEX Duce Robinson QB Kamario Taylor RB Aiden Flora RB Ousmane Kromah S-FLEX Michael Hawkins Jr. WR Anthony Evans III WR JJ Buchanan WR Patrick Overmyer,,TJ Thomas,FLEX,0.34%,9
214,5278994642,schamspe,0,195.12001,FLEX Braylon Staley QB Kenny Minchey RB DeSean Bishop RB Aiden Flora S-FLEX Beau Pribula WR Dallas Wilson WR Donovan Olugbode WR Kenny Darby,,Dallas Wilson,FLEX,0.34%,16.6
216,5278857578,Jordo300,0,194.84,FLEX Nyck Harbor QB Colton Joseph RB Jamal Roberts RB Matt Fuller S-FLEX LaNorris Sellers WR Cayden Lee WR Junior Sherrill WR Tyrell Henry,,John Hebert,RB,0.34%,0
216,5279291251,devobrain,0,194.84,FLEX Kenny Darby QB Kamario Taylor RB Aiden Flora RB Ousmane Kromah S-FLEX Keelon Russell WR Anthony Evans III WR Sanfrisco Magee WR Tyrell Henry,,Gunner Stockton,S-FLEX,0.34%,26
218,5279139174,jameywoods,0,194.82,FLEX Duce Robinson QB Austin Simmons RB Aiden Flora RB Ousmane Kromah S-FLEX Keelon Russell WR Anthony Evans III WR Cayden Lee WR Rico Flores Jr.,,Jared Curtis,S-FLEX,0.34%,0
219,5279225202,statistical_genius,0,194.55998,FLEX Javon Tracy QB Kamario Taylor RB Matt Fuller RB Aiden Flora S-FLEX Ashton Daniels WR Anthony Evans III WR JJ Buchanan WR Duce Robinson,,Xavier Williams,RB,0.34%,0
220,5279217182,MattSchenfeld,0,194.28,FLEX Jeremiah Smith QB Colton Joseph RB Matt Fuller RB Aiden Flora S-FLEX Jaylen Raynor WR Tony Diaz WR Patrick Overmyer WR Duce Robinson,,Keyone Jenkins,S-FLEX,0.34%,18.72
221,5279386420,JudgeDogg,0,194.12,FLEX Anthony Evans III QB Michael Hawkins Jr. RB Matt Fuller RB EJ Crowell S-FLEX LaNorris Sellers WR JJ Buchanan WR DJ Epps WR Rico Scott,,Jason Patterson,RB,0.34%,2.9
222,5278184441,cak2112,0,193.94,FLEX Jadan Baugh QB Ashton Daniels RB Aiden Flora RB CJ Baxter S-FLEX Austin Simmons WR Cayden Lee WR Patrick Overmyer WR Duce Robinson,,Trae'shawn Brown,RB,0.34%,21.8
223,5279423429,bamerson32,0,193.64001,FLEX Patrick Overmyer QB Michael Hawkins Jr. RB Aiden Flora RB Duke Clark S-FLEX LaNorris Sellers WR Ryan Coleman-Williams WR Cayden Lee WR Zion Ragins,,Nic Anderson,WR,0.25%,19
224,5279528072,KenTasch,0,193.5,FLEX Micahi Danzy QB Kamario Taylor RB Aiden Flora RB CJ Baxter S-FLEX Conner Weigman WR Anthony Evans III WR Amare Thomas WR Patrick Overmyer,,Chris Brooks Jr.,FLEX,0.25%,2
225,5279414876,es18car,0,193.34,FLEX Willie Rodriguez QB Keelon Russell RB Aiden Flora RB Ousmane Kromah S-FLEX Kamario Taylor WR Anthony Evans III WR Lotzeir Brooks WR Micahi Danzy,,Dominic Overby,FLEX,0.25%,10
226,5279454040,joewiz711,0,193.26001,FLEX DeSean Bishop QB Michael Hawkins Jr. RB Matt Fuller RB Ousmane Kromah S-FLEX Kenny Minchey WR Cayden Lee WR Kenny Darby WR Duce Robinson,,Chas Nimrod,FLEX,0.25%,6.3
227,5278467626,brich1,0,193.16,FLEX Ousmane Kromah QB Colton Joseph RB Fluff Bothwell RB Aiden Flora S-FLEX LaNorris Sellers WR Cayden Lee WR JJ Buchanan WR Rico Scott,,Josh Derry,FLEX,0.25%,26.1
227,5278996541,Oxyfide,0,193.16,FLEX Ousmane Kromah QB Colton Joseph RB Fluff Bothwell RB Aiden Flora S-FLEX LaNorris Sellers WR Cayden Lee WR JJ Buchanan WR Rico Scott,,Kameron Courtney,S-FLEX,0.25%,0
227,5279359877,kochy11,0,193.16,FLEX Ousmane Kromah QB Colton Joseph RB Fluff Bothwell RB Aiden Flora S-FLEX LaNorris Sellers WR Cayden Lee WR JJ Buchanan WR Rico Scott,,Tony Diaz,S-FLEX,0.25%,11.7
227,5279478936,robbyb73,0,193.16,FLEX Ousmane Kromah QB Colton Joseph RB Fluff Bothwell RB Aiden Flora S-FLEX LaNorris Sellers WR Cayden Lee WR JJ Buchanan WR Rico Scott,,Kedrick Triplett,WR,0.25%,0
231,5278875408,younggodaka,0,193.08002,FLEX CJ Baxter QB Conner Weigman RB Aiden Flora RB Ousmane Kromah S-FLEX Colton Joseph WR Cayden Lee WR Patrick Overmyer WR Duce Robinson,,Jayden Savoury,WR,0.25%,6.6
232,5279471957,blahze,0,193.01997,FLEX Duke Watson QB Ashton Daniels RB Aiden Flora RB CJ Baxter S-FLEX Michael Hawkins Jr. WR JJ Buchanan WR Micah Gilbert WR Javon Tracy,,Mike Matthews,S-FLEX,0.25%,9.7
233,5279402426,sugewhite41,0,192.90001,FLEX Ousmane Kromah QB Austin Simmons RB Matt Fuller RB Aiden Flora S-FLEX Kenny Minchey WR Lotzeir Brooks WR Cayden Lee WR Kenny Darby,,Fluff Bothwell,S-FLEX,0.25%,0.1
234,5276804121,mackcaddy1222,0,192.58,FLEX Amare Thomas QB Conner Weigman RB Ousmane Kromah RB Darrion Dupree S-FLEX Ashton Daniels WR Anthony Evans III WR Cayden Lee WR Patrick Overmyer,,Braylon Staley,S-FLEX,0.25%,3.8
235,5279427584,johnwickwithastick,0,192.5,FLEX Darrion Dupree QB Michael Hawkins Jr. RB Matt Fuller RB Aiden Flora S-FLEX Colton Joseph WR JJ Buchanan WR DJ Epps WR Rico Flores Jr.,,Darius Taylor,FLEX,0.25%,21.4
236,5279298578,Scorsese44,0,192.44002,FLEX CJ Baxter QB Kamario Taylor RB Matt Fuller RB Aiden Flora S-FLEX Colton Joseph WR Cayden Lee WR Kenny Darby WR Duce Robinson,,Aneyas Williams,S-FLEX,0.25%,7.8
236,5279005334,BeerBat,0,192.44,FLEX Patrick Overmyer QB Kamario Taylor RB Aiden Flora RB Ousmane Kromah S-FLEX Austin Simmons WR Anthony Evans III WR Cayden Lee WR Tyrell Henry,,Nate Roberts,FLEX,0.25%,1.9
238,5278965301,rt1835reid,0,191.76,FLEX Keshaun Singleton QB Michael Hawkins Jr. RB Cam Cook RB Aiden Flora S-FLEX Byrum Brown WR Omari Hayes WR Duce Robinson WR Thomas Blackshear,,Braeden Jackson,FLEX,0.25%,8.4
239,5279550696,BChap71,0,191.49998,FLEX CJ Baxter QB Jaylen Raynor RB Jadan Baugh RB Aiden Flora S-FLEX Ashton Daniels WR Cayden Lee WR Omari Hayes WR Willie Rodriguez,,Ja'Kobi Jackson,RB,0.25%,13.2
240,5279115966,sportsfan882,0,191.20001,FLEX CJ Baxter QB Jaylen Raynor RB Cam Cook RB Ousmane Kromah S-FLEX LaNorris Sellers WR Anthony Evans III WR Omari Hayes WR Kenny Darby,,Xavier Brown,FLEX,0.25%,1.9
241,5276111426,jeter101,0,191.18002,FLEX DeSean Bishop QB Aaron Philo RB Aiden Flora RB Ousmane Kromah S-FLEX Kenny Minchey WR Dallas Wilson WR Rico Flores Jr. WR Kenny Darby,,Talyn Taylor,S-FLEX,0.25%,3.7
242,5279441483,derektreybig,0,191.14001,FLEX Ousmane Kromah QB Kamario Taylor RB Aiden Flora RB Darrion Dupree S-FLEX Keelon Russell WR Anthony Evans III WR Sanfrisco Magee WR Rico Scott,,DJ Vonnahme,FLEX,0.25%,12.4
242,5279382061,tyreich,0,191.14,FLEX Matt Fuller QB Keelon Russell RB Aiden Flora RB Ousmane Kromah S-FLEX Ashton Daniels WR Donovan Olugbode WR Sanfrisco Magee WR Duce Robinson,,Duke Watson,S-FLEX,0.25%,5.9
244,5279474237,ghuru,0,190.59999,FLEX Javon Tracy QB Michael Hawkins Jr. RB CJ Baxter RB Ousmane Kromah S-FLEX Ashton Daniels WR Cayden Lee WR JJ Buchanan WR Junior Sherrill,,Demon June,RB,0.25%,3.5
245,5279438214,wiltodd,0,190.48001,FLEX Shaun Terry II QB Kamario Taylor RB Aiden Flora RB Ousmane Kromah S-FLEX LaNorris Sellers WR Anthony Evans III WR Cayden Lee WR JJ Buchanan,,Darrion Dupree,S-FLEX,0.25%,7.3
246,5279484168,neterka,0,190.18002,FLEX Jeremiah Smith QB Colton Joseph RB CJ Baxter RB Ousmane Kromah S-FLEX Michael Hawkins Jr. WR Tyrell Henry WR Patrick Overmyer WR Malachi Coleman,,Re'Shaun Sanford II,FLEX,0.25%,11.2
246,5279524551,Robinson_acr,0,190.18001,FLEX Anthony Evans III QB Kamario Taylor RB Aiden Flora RB Ousmane Kromah S-FLEX LaNorris Sellers WR Cayden Lee WR Andrew Marsh WR Duce Robinson,,Omari Hayes,FLEX,0.25%,12.4
248,5279321594,lyhanson,0,189.88,FLEX Cayden Lee QB Conner Weigman RB Aiden Flora RB Ousmane Kromah S-FLEX Tyrell Henry WR Anthony Evans III WR Amare Thomas WR Patrick Overmyer,,Drake Lindsey,QB,0.17%,7.54
249,5276186662,blitzburgh07,0,189.84,FLEX Matt Fuller QB Colton Joseph RB Ousmane Kromah RB Darrion Dupree S-FLEX LaNorris Sellers WR Anthony Evans III WR Cayden Lee WR Jacob Harris,,Micah Gilbert,FLEX,0.17%,6.4
250,5278948113,nut1754,0,189.76001,FLEX Kenny Darby QB Colton Joseph RB Matt Fuller RB Ousmane Kromah S-FLEX Byrum Brown WR Anthony Evans III WR Cayden Lee WR Duce Robinson,,Omar Mabson II,RB,0.17%,8.9
251,5278774900,andrewran,0,189.62,FLEX Ousmane Kromah QB LaNorris Sellers RB Darius Taylor RB CJ Baxter S-FLEX Michael Hawkins Jr. WR Anthony Evans III WR Tyrell Henry WR DJ Vonnahme,,Hunter Barnes,RB,0.17%,0
252,5279249138,KC_EMAW007,0,189.54,FLEX Anthony Evans III QB Kamario Taylor RB Aiden Flora RB Ousmane Kromah S-FLEX Keelon Russell WR JJ Buchanan WR Duce Robinson WR Rico Scott,,DJ Epps,FLEX,0.17%,23.4
253,5279206444,hvychevy12,0,189.38,FLEX Donovan Olugbode QB Kamario Taylor RB Matt Fuller RB Aiden Flora S-FLEX LaNorris Sellers WR Cayden Lee WR Rico Flores Jr. WR Kenny Darby,,Mazeo Bennett Jr.,FLEX,0.17%,17.7
254,5275710633,tjrams123,0,189.23999,FLEX DJ Epps QB Kamario Taylor RB Aiden Flora RB Ousmane Kromah S-FLEX CJ Baxter WR Anthony Evans III WR Donovan Olugbode WR Javon Tracy,,DeSean Bishop,S-FLEX,0.17%,43
255,5279314173,TeddyBearTerri,0,189.21999,FLEX Tyrell Henry QB Austin Simmons RB Daniel Hill RB Aiden Flora S-FLEX Donovan Olugbode WR Jeremiah Smith WR Cayden Lee WR Micahi Danzy,,Kenny Darby,S-FLEX,0.17%,27.6
256,5279202816,kcrooks6,0,189,FLEX Micahi Danzy QB Conner Weigman RB Aiden Flora RB Ousmane Kromah S-FLEX Kamario Taylor WR Anthony Evans III WR Amare Thomas WR Patrick Overmyer,,Tristen Brown,WR,0.17%,2.7
256,5279330892,Keroppi613,0,189,FLEX Jamal Roberts QB Gunner Stockton RB DeSean Bishop RB Ousmane Kromah S-FLEX Austin Simmons WR Cayden Lee WR Talyn Taylor WR Thomas Blackshear,,Nitro Tuggle,FLEX,0.17%,0
258,5279145685,justutah,0,188.23999,FLEX DJ Vonnahme QB Bryce Underwood RB Jamal Roberts RB Fluff Bothwell S-FLEX Jeremiah Smith WR Anthony Evans III WR Patrick Overmyer WR Jordan Shipp,,Makhi Hughes,FLEX,0.17%,6.6
259,5279121025,mirwin3000,0,188.14,FLEX Rico Scott QB Keelon Russell RB Aiden Flora RB EJ Crowell S-FLEX Kamario Taylor WR Anthony Evans III WR Lotzeir Brooks WR Marquis Johnson,,Jaden Greathouse,WR,0.17%,9.8
259,5279318879,greenbay7450,0,188.14,FLEX Duce Robinson QB Austin Simmons RB Jamal Roberts RB Ousmane Kromah S-FLEX LaNorris Sellers WR Jeremiah Smith WR Tyrell Henry WR Patrick Overmyer,,DJ Vonnahme,S-FLEX,0.17%,12.4
259,5279451463,cunnigen,0,188.14,FLEX Matt Fuller QB Ashton Daniels RB Aiden Flora RB Duke Clark S-FLEX Austin Simmons WR Ryan Coleman-Williams WR Cayden Lee WR Duce Robinson,,Micahi Danzy,S-FLEX,0.17%,11.8
262,5279518855,gordonjonathan1,0,188.12001,FLEX Aiden Flora QB Austin Simmons RB Matt Fuller RB Ousmane Kromah S-FLEX Colton Joseph WR Cayden Lee WR JJ Buchanan WR Patrick Overmyer,,Brett Norfleet,FLEX,0.17%,2.1
263,5279080841,getusum29,0,188.06001,FLEX Ousmane Kromah QB Kamario Taylor RB Jamal Roberts RB Aiden Flora S-FLEX Beau Pribula WR Cayden Lee WR Kenny Darby WR Duce Robinson,,Nolan James Jr.,FLEX,0.17%,14.1
263,5279549747,NCProWrstlngFN,0,188.06001,FLEX Ousmane Kromah QB Kamario Taylor RB Jamal Roberts RB Aiden Flora S-FLEX Beau Pribula WR Cayden Lee WR Kenny Darby WR Duce Robinson,,Chrishon McCray,WR,0.17%,4.9
265,5278212096,MelonFarmer,0,187.94,FLEX Duce Robinson QB Keelon Russell RB Aiden Flora RB Ousmane Kromah S-FLEX Kamario Taylor WR Cayden Lee WR Donovan Olugbode WR Kenny Darby,,Nic Anderson,FLEX,0.17%,19
266,5278718531,30741boy,0,187.82,FLEX Matt Fuller QB Keelon Russell RB Aiden Flora RB Ousmane Kromah S-FLEX Colton Joseph WR Cayden Lee WR Duce Robinson WR Willie Rodriguez,,Jordan Shipp,FLEX,0.17%,20.9
267,5279534164,JSB31,0,187.76001,FLEX Da'Shawn Martin QB Kamario Taylor RB Aiden Flora RB Ousmane Kromah S-FLEX Beau Pribula WR Anthony Evans III WR Cayden Lee WR Rico Scott,,Daune Morris,S-FLEX,0.17%,2.2
268,5276279057,erog30,0,187.7,FLEX Kenny Darby QB Kenny Minchey RB Jadan Baugh RB Aiden Flora S-FLEX Austin Simmons WR Cayden Lee WR Donovan Olugbode WR Duce Robinson,,Ryan Coleman-Williams,S-FLEX,0.17%,13.3
269,5279336540,Ladyvet26,0,187.49998,FLEX Bailey Stockton QB Kamario Taylor RB Aiden Flora RB CJ Baxter S-FLEX Byrum Brown WR Anthony Evans III WR Cayden Lee WR Talyn Taylor,,Jelani Thurman,S-FLEX,0.17%,22
270,5278319151,kodyherzog,0,187.46,FLEX Micahi Danzy QB Bryce Underwood RB Jamal Roberts RB Ousmane Kromah S-FLEX Ashton Daniels WR Jeremiah Smith WR JJ Buchanan WR Duce Robinson,,Marvis Parrish,RB,0.17%,5.1
271,5279351370,lilwatters12,0,187.36002,FLEX Re'Shaun Sanford II QB Austin Simmons RB Darius Taylor RB Aiden Flora S-FLEX LaNorris Sellers WR Lotzeir Brooks WR Cayden Lee WR Nyck Harbor,,Zane Smith,RB,0.17%,0
272,5275433989,jik18,0,187.24,FLEX Cayden Lee QB Kamario Taylor RB Aiden Flora RB Ousmane Kromah S-FLEX Austin Simmons WR Anthony Evans III WR JJ Buchanan WR Duce Robinson,,Brandon Inniss,WR,0.17%,3.4
272,5279413986,rdixon13,0,187.24,FLEX Thomas Blackshear QB Kamario Taylor RB Aiden Flora RB Ousmane Kromah S-FLEX Keelon Russell WR Anthony Evans III WR Lotzeir Brooks WR Patrick Overmyer,,Waden Charles,S-FLEX,0.17%,10.8
274,5279017146,gbjb,0,187.08,FLEX Jeremiah Smith QB Michael Hawkins Jr. RB Jamal Roberts RB Ousmane Kromah S-FLEX Jared Curtis WR Tyrell Henry WR Noah Jennings WR Patrick Overmyer,,Willie Rodriguez,S-FLEX,0.17%,13.2
275,5279413946,weasel11,0,186.93999,FLEX Kenny Darby QB Colton Joseph RB Matt Fuller RB Sedrick Alexander S-FLEX LaNorris Sellers WR Jeremiah Smith WR Tyrell Henry WR Tony Diaz,,Chris Henry Jr.,WR,0.17%,0
276,5279533427,jeff21011,0,186.8,FLEX Thomas Blackshear QB Colton Joseph RB Jamal Roberts RB Ousmane Kromah S-FLEX Keelon Russell WR Lotzeir Brooks WR Cayden Lee WR Tony Diaz,,Jacob Harris,S-FLEX,0.17%,17.5
277,5279253362,sigmalevar,0,186.73999,FLEX Duce Robinson QB Kamario Taylor RB Aiden Flora RB Ousmane Kromah S-FLEX Keelon Russell WR Anthony Evans III WR Cayden Lee WR Kaleb Edwards,,Da'Shawn Martin,FLEX,0.17%,13.5
278,5279430349,NinerNation011,0,186.68001,FLEX Anthony Evans III QB Michael Hawkins Jr. RB Jadan Baugh RB Aneyas Williams S-FLEX Waden Charles WR Cayden Lee WR Jordan Shipp WR Kenny Darby,,Xay Davis,FLEX,0.17%,1
279,5279272227,richgee21,0,186.58002,FLEX Kenny Darby QB Conner Weigman RB Matt Fuller RB Aiden Flora S-FLEX Austin Simmons WR Amare Thomas WR Cayden Lee WR Duce Robinson,,Jayvan Boggs,FLEX,0.17%,2.7
280,5279274159,jer4940,0,186.54,FLEX Willie Rodriguez QB Kamario Taylor RB Aiden Flora RB Ousmane Kromah S-FLEX Keelon Russell WR Jeremiah Smith WR Duce Robinson WR Micahi Danzy,,Jekail Middlebrook,FLEX,0.17%,10.9
281,5279378097,presa9216,0,186.52,FLEX Cayden Lee QB Colton Joseph RB Jadan Baugh RB Aiden Flora S-FLEX Austin Simmons WR Tyrell Henry WR Kenny Darby WR Duce Robinson,,Kamari Moulton,S-FLEX,0.17%,2.7
282,5279078998,stefon88,0,186.4,FLEX Willie Rodriguez QB Keelon Russell RB Aiden Flora RB Ousmane Kromah S-FLEX Michael Hawkins Jr. WR Ryan Coleman-Williams WR Noah Jennings WR Rico Flores Jr.,,Devin McCuin,FLEX,0.17%,18
283,5277915318,baseballr077,0,186.27998,FLEX Tony Diaz QB Michael Hawkins Jr. RB Jamal Roberts RB Ousmane Kromah S-FLEX DJ Vonnahme WR Jeremiah Smith WR Andrew Marsh WR Tyrell Henry,,Malachi Coleman,FLEX,0.17%,11.6
284,5278359737,mfm1995,0,185.74,FLEX DeSean Bishop QB Kamario Taylor RB Aiden Flora RB Ousmane Kromah S-FLEX Austin Simmons WR Cayden Lee WR Zion Ragins WR Duce Robinson,,Zion Ragins,S-FLEX,0.17%,8.1
285,5279470959,Salemme99,0,185.64,FLEX Henry Boyer QB Kamario Taylor RB Matt Fuller RB Aiden Flora S-FLEX Anthony Evans III WR Jeremiah Smith WR Talyn Taylor WR Duce Robinson,,Taevion Swint,RB,0.17%,2.5
286,5278688752,Dendogg86,0,185.54001,FLEX Willie Rodriguez QB Keelon Russell RB Aiden Flora RB Duke Clark S-FLEX Kamario Taylor WR Ryan Coleman-Williams WR Anthony Evans III WR Micahi Danzy,,Tyrell Henry,S-FLEX,0.17%,5.4
286,5279070703,1jpower,0,185.54,FLEX Duce Robinson QB Kamario Taylor RB Aiden Flora RB Ousmane Kromah S-FLEX JJ Buchanan WR Jeremiah Smith WR Cayden Lee WR Rico Scott,,Marshall Pritchett,WR,0.17%,7.4
288,5278503553,OGTeddybongwater,0,185.38,FLEX Tony Diaz QB Michael Hawkins Jr. RB Jamal Roberts RB Ousmane Kromah S-FLEX Braylon Staley WR Jeremiah Smith WR Tyrell Henry WR Patrick Overmyer,,Ja'Kobi Jackson,FLEX,0.17%,13.2
288,5278706731,remoteking11,0,185.38,FLEX Tony Diaz QB Michael Hawkins Jr. RB Jamal Roberts RB Ousmane Kromah S-FLEX Braylon Staley WR Jeremiah Smith WR Tyrell Henry WR Patrick Overmyer,,Eric Singleton Jr.,S-FLEX,0.17%,1.2
290,5276887953,BrettFortner,0,185.3,FLEX Tyrell Henry QB Kamario Taylor RB DeSean Bishop RB Chauncey Bowens S-FLEX Kenny Minchey WR Anthony Evans III WR JJ Buchanan WR Kenny Darby,,Jayden Savoury,FLEX,0.17%,6.6
290,5279453909,kozy6813,0,185.3,FLEX Kenny Darby QB Ashton Daniels RB Matt Fuller RB Aneyas Williams S-FLEX Kenny Minchey WR Jeremiah Smith WR JJ Buchanan WR Duce Robinson,,Aiden Flora,S-FLEX,0.17%,52.12
292,5279162552,DaBearsMack,0,184.86,FLEX Junior Sherrill QB Michael Hawkins Jr. RB Aiden Flora RB Ousmane Kromah S-FLEX Conner Weigman WR JJ Buchanan WR Javon Tracy WR Rico Flores Jr.,,Dante Dowdell,RB,0.17%,0
293,5278501707,funkking1,0,184.81999,FLEX Jordan Shipp QB CJ Carr RB Jamal Roberts RB Aneyas Williams S-FLEX Jaylen Raynor WR Cayden Lee WR Jordan Faison WR Sacovie White-Helton,,Jayvontay Conner,WR,0.17%,0
294,5275660183,SpewyMcNutbag,0,184.62001,FLEX Josh Derry QB Kamario Taylor RB Jamal Roberts RB Fluff Bothwell S-FLEX Colton Joseph WR Anthony Evans III WR Tyrell Henry WR Duce Robinson,,Keyone Jenkins,QB,0.17%,18.72
295,5278580536,CAKSEER,0,184.52,FLEX Henry Boyer QB Keelon Russell RB Aiden Flora RB Braeden Jackson S-FLEX Austin Simmons WR Ryan Coleman-Williams WR Cayden Lee WR Donovan Olugbode,,Reece Vander Zee,FLEX,0.17%,7.5
296,5279255944,PopFlyBoy,0,184.44002,FLEX Aiden Flora QB Keelon Russell RB DeSean Bishop RB Ousmane Kromah S-FLEX Beau Pribula WR Rico Flores Jr. WR Patrick Overmyer WR Kenny Darby,,Dwight Phillips Jr.,S-FLEX,0.17%,21.2
297,5279549157,forty919,0,184.13998,FLEX Rico Flores Jr. QB Keelon Russell RB Aiden Flora RB Ousmane Kromah S-FLEX Kamario Taylor WR Anthony Evans III WR DJ Epps WR Talyn Taylor,,Daniel Hill,S-FLEX,0.08%,1.2
298,5279191091,ATLShark,0,184.06,FLEX Duce Robinson QB Bryce Underwood RB DeSean Bishop RB Aiden Flora S-FLEX Austin Simmons WR Cayden Lee WR Donovan Olugbode WR JJ Buchanan,,Sacovie White-Helton,S-FLEX,0.08%,0
299,5279481214,kushep,0,184.02,FLEX Aiden Flora QB Michael Hawkins Jr. RB Matt Fuller RB Darrion Dupree S-FLEX Kamario Taylor WR Anthony Evans III WR Rico Flores Jr. WR Bailey Stockton,,Eugene Hilton Jr.,FLEX,0.08%,2.7
300,5279515761,makeitrainonem,0,183.76003,FLEX Kenny Darby QB Ashton Daniels RB Jadan Baugh RB Matt Fuller S-FLEX LaNorris Sellers WR Anthony Evans III WR Nyck Harbor WR Duce Robinson,,Quintrevion Wisner,FLEX,0.08%,12.6
301,5279452179,terryf20,0,183.68001,FLEX Tony Diaz QB Michael Hawkins Jr. RB Jamal Roberts RB Ousmane Kromah S-FLEX Brett Norfleet WR Jeremiah Smith WR Tyrell Henry WR Patrick Overmyer,,Addison Ostrenga,S-FLEX,0.08%,0
302,5278220016,gatorhater24,0,183.66002,FLEX Ousmane Kromah QB Keelon Russell RB Fluff Bothwell RB Aiden Flora S-FLEX LaNorris Sellers WR Cayden Lee WR Kenny Darby WR Duce Robinson,,Brock Boyd,WR,0.08%,0
302,5278229790,Jfed789,0,183.66,FLEX Nyck Harbor QB Michael Hawkins Jr. RB Aiden Flora RB Ousmane Kromah S-FLEX Conner Weigman WR Amare Thomas WR DJ Epps WR Tyrell Henry,,Amir Jackson,WR,0.08%,2.6
304,5279388603,gorillabiscuit,0,183.52,FLEX Jeremiah Smith QB Kenny Minchey RB Jadan Baugh RB Ousmane Kromah S-FLEX LaNorris Sellers WR Kenny Darby WR Willie Rodriguez WR Nic Anderson,,Radarious Jackson,WR,0.08%,1.2
305,5279531656,Buckeye-Ninja,0,183.5,FLEX Thomas Blackshear QB Kamario Taylor RB Aiden Flora RB Ousmane Kromah S-FLEX Conner Weigman WR Anthony Evans III WR Amare Thomas WR Patrick Overmyer,,Jordan Marshall,FLEX,0.08%,11
306,5279157121,bighelmetfrankgore,0,183.36,FLEX CJ Baxter QB Jaylen Raynor RB Cam Cook RB Aiden Flora S-FLEX Michael Hawkins Jr. WR Andrew Marsh WR Nyck Harbor WR Willie Rodriguez,,Blaze Berlowitz,QB,0.08%,14.3
307,5279039204,JDamien2442,0,183.32,FLEX Sanfrisco Magee QB Keelon Russell RB Matt Fuller RB Aiden Flora S-FLEX Rico Flores Jr. WR Anthony Evans III WR JJ Buchanan WR Junior Sherrill,,Cody Jackson,WR,0.08%,31
308,5278997385,kbadamsjr,0,183.28001,FLEX Aiden Flora QB Jaylen Raynor RB Jadan Baugh RB Matt Fuller S-FLEX Colton Joseph WR Patrick Overmyer WR Kenny Darby WR Jacob Harris,,Parker Puckett,QB,0.08%,1.04
309,5279024954,DJBLASTERSPAPI,0,183.13998,FLEX Tony Diaz QB Kamario Taylor RB Matt Fuller RB Aiden Flora S-FLEX Colton Joseph WR Anthony Evans III WR Tyrell Henry WR Eric Singleton Jr.,,Rodney Bullard Jr.,WR,0.08%,2.3
310,5279339049,meodette,0,183.04001,FLEX Ousmane Kromah QB Kamario Taylor RB Jekail Middlebrook RB Aiden Flora S-FLEX Keelon Russell WR Anthony Evans III WR Willie Rodriguez WR Kaleb Edwards,,Jacquon Gibson,FLEX,0.08%,2.4
311,5279399322,cowboys767,0,182.98,FLEX Jeremiah Smith QB Conner Weigman RB Aiden Flora RB Ousmane Kromah S-FLEX Tony Diaz WR Amare Thomas WR Noah Jennings WR Koby Young,,Jabree Coleman,RB,0.08%,7.6
312,5279450830,jjellonek77,0,182.91998,FLEX Ousmane Kromah QB Kamario Taylor RB Aiden Flora RB Kamari Moulton S-FLEX Michael Hawkins Jr. WR Junior Sherrill WR Tyrell Henry WR Jelani Thurman,,Kyle Parker,FLEX,0.08%,0
313,5278900880,PatrickDiMaggio,0,182.78,FLEX Rico Scott QB Kamario Taylor RB Aiden Flora RB Ousmane Kromah S-FLEX Bryce Underwood WR Anthony Evans III WR Cayden Lee WR JJ Buchanan,,Jordan Faison,S-FLEX,0.08%,36.2
314,5279232635,ImaDonk11,0,182.56,FLEX Matt Fuller QB Kamario Taylor RB Jadan Baugh RB Aiden Flora S-FLEX Ashton Daniels WR Duce Robinson WR Jacob Harris WR Rico Scott,,Sam West,WR,0.08%,1.8
315,5278605203,bluefalcon67114,0,182.48,FLEX Patrick Overmyer QB Michael Hawkins Jr. RB Jamal Roberts RB Matt Fuller S-FLEX Colton Joseph WR Micah Gilbert WR Tyrell Henry WR Tony Diaz,,Jamal Polite Jr.,S-FLEX,0.08%,3.2
316,5279116080,metroc710,0,182.36,FLEX Ousmane Kromah QB Jaylen Raynor RB Cam Cook RB Aiden Flora S-FLEX Michael Hawkins Jr. WR Braylon Staley WR Omari Hayes WR Dominic Overby,,Prince Strachan,WR,0.08%,7.1
317,5275451833,Schoey17,0,182.12001,FLEX Nyck Harbor QB Conner Weigman RB Matt Fuller RB Aiden Flora S-FLEX LaNorris Sellers WR Amare Thomas WR Junior Sherrill WR Patrick Overmyer,,John Hebert,FLEX,0.08%,0
318,5279473478,jmanlitty,0,182.06003,FLEX Lotzeir Brooks QB Kamario Taylor RB Aiden Flora RB Ousmane Kromah S-FLEX Beau Pribula WR Anthony Evans III WR Patrick Overmyer WR Kenny Darby,,Ja'Kayden Ferguson,FLEX,0.08%,1.9
319,5279278354,bill17jackson,0,181.99998,FLEX Dallas Wilson QB Austin Simmons RB Aiden Flora RB Ousmane Kromah S-FLEX Aaron Philo WR Cayden Lee WR Donovan Olugbode WR Mazeo Bennett Jr.,,Josh Ford,WR,0.08%,0
320,5279475507,dtwlions,0,181.78001,FLEX Ousmane Kromah QB Kamario Taylor RB Jamal Roberts RB Aiden Flora S-FLEX LaNorris Sellers WR JJ Buchanan WR Sanfrisco Magee WR Duce Robinson,,Brock Coffman,FLEX,0.08%,0
321,5279536398,Boneheads68,0,181.58,FLEX Tony Diaz QB Michael Hawkins Jr. RB Jamal Roberts RB Ousmane Kromah S-FLEX Jared Curtis WR Jeremiah Smith WR Tyrell Henry WR Patrick Overmyer,,Jeremiah Koger,FLEX,0.08%,1.5
322,5279229474,King_Cole22,0,181.50002,FLEX Rico Flores Jr. QB Kamario Taylor RB Ousmane Kromah RB Darrion Dupree S-FLEX Kenny Minchey WR Jeremiah Smith WR Anthony Evans III WR Kenny Darby,,Legend Bey,FLEX,0.08%,0
323,5277441497,sportspalace,0,181.46,FLEX Aiden Flora QB Ashton Daniels RB Cam Cook RB Chauncey Bowens S-FLEX Kamario Taylor WR Sanfrisco Magee WR Koby Young WR Duce Robinson,,Willem Thurber,FLEX,0.08%,0
324,5279143429,BiigMoneyTK,0,181.37999,FLEX Cayden Lee QB Austin Simmons RB Cam Cook RB Matt Fuller S-FLEX Kenny Minchey WR Donovan Olugbode WR Omari Hayes WR Kenny Darby,,Amari Thomas,RB,0.08%,1.5
325,5276842843,stimm1967,0,181.04001,FLEX Anthony Evans III QB Kamario Taylor RB Aiden Flora RB Jaziun Patterson S-FLEX Colton Joseph WR JJ Buchanan WR Sanfrisco Magee WR Tyrell Henry,,Jason Patterson,FLEX,0.08%,2.9
325,5279422239,erik.haymon,0,181.04,FLEX Nyck Harbor QB Kamario Taylor RB TJ Thomas RB EJ Crowell S-FLEX Ashton Daniels WR Jeremiah Smith WR Anthony Evans III WR Jayvan Boggs,,Keshaun Singleton,FLEX,0.08%,12.4
327,5279187054,moldova,0,181.00002,FLEX Patrick Overmyer QB Michael Hawkins Jr. RB Matt Fuller RB Ousmane Kromah S-FLEX Kamario Taylor WR Anthony Evans III WR Tony Diaz WR Kenny Darby,,Andrew Marsh,S-FLEX,0.08%,4.9
328,5276659765,LeanWeen,0,180.9,FLEX Duce Robinson QB Kamario Taylor RB Aiden Flora RB Ousmane Kromah S-FLEX Byrum Brown WR Anthony Evans III WR Cayden Lee WR Rico Flores Jr.,,Isaiah Augustave,RB,0.08%,0.7
329,5279504277,My_sons,0,180.88,FLEX Cayden Lee QB Conner Weigman RB Matt Fuller RB Aiden Flora S-FLEX Austin Simmons WR JJ Buchanan WR Patrick Overmyer WR Omari Hayes,,Da'Shawn Martin,S-FLEX,0.08%,13.5
330,5279313672,WarLeagle,0,180.84,FLEX Cayden Lee QB Kamario Taylor RB Aiden Flora RB Darrion Dupree S-FLEX Keelon Russell WR Anthony Evans III WR Rico Flores Jr. WR Duce Robinson,,Mason Humphrey,FLEX,0.08%,0
331,5279185193,PluckB07,0,180.78001,FLEX Devin McCuin QB Austin Simmons RB Aiden Flora RB Ousmane Kromah S-FLEX Conner Weigman WR Cayden Lee WR JJ Buchanan WR Sanfrisco Magee,,Lotzeir Brooks,S-FLEX,0.08%,13.6
332,5275017536,paintgirl,0,180.74,FLEX Duce Robinson QB Kamario Taylor RB Aiden Flora RB Darrion Dupree S-FLEX Keelon Russell WR Anthony Evans III WR Lotzeir Brooks WR Patrick Overmyer,,Billy Edwards Jr.,QB,0.08%,19.62
332,5278970398,robster1903,0,180.74,FLEX Patrick Overmyer QB Kamario Taylor RB Aiden Flora RB Kamari Moulton S-FLEX Austin Simmons WR Anthony Evans III WR Cayden Lee WR Rico Flores Jr.,,Jovantae Barnes,S-FLEX,0.08%,2.8
332,5279427387,juantomay,0,180.73999,FLEX Eric Singleton Jr. QB Austin Simmons RB Jamal Roberts RB Aiden Flora S-FLEX Kamario Taylor WR Cayden Lee WR Javon Tracy WR Sanfrisco Magee,,Nate Roberts,WR,0.08%,1.9
335,5279357176,bori68,0,180.7,FLEX Cayden Lee QB Michael Hawkins Jr. RB Ousmane Kromah RB Duke Watson S-FLEX Ashton Daniels WR JJ Buchanan WR Junior Sherrill WR Javon Tracy,,Demon June,FLEX,0.08%,3.5
336,5278003302,mmaffia5,0,180.62,FLEX Tyrell Henry QB Colton Joseph RB CJ Baxter RB Jaziun Patterson S-FLEX Ashton Daniels WR Jeremiah Smith WR JJ Buchanan WR Duce Robinson,,EJ Crowell,FLEX,0.08%,4.9
337,5276838176,stock2mail,0,180.54,FLEX Duce Robinson QB Keelon Russell RB Aiden Flora RB Darrion Dupree S-FLEX Kamario Taylor WR Anthony Evans III WR Lotzeir Brooks WR Omari Hayes,,Mikkel Skinner,WR,0.08%,0
338,5279466371,banks2123,0,180.38,FLEX Ousmane Kromah QB Jaylen Raynor RB Aiden Flora RB Darrion Dupree S-FLEX Keelon Russell WR Jeremiah Smith WR Duce Robinson WR Willie Rodriguez,,Jalen Smith,S-FLEX,0.08%,0
339,5279107546,RR7373,0,179.6,FLEX Aiden Flora QB Michael Hawkins Jr. RB Cam Cook RB Ousmane Kromah S-FLEX Rico Flores Jr. WR JJ Buchanan WR DJ Epps WR Duce Robinson,,Preston Hatfield,RB,0.08%,0
340,5279405425,aquafinatim,0,179.54001,FLEX Duce Robinson QB Kamario Taylor RB DeSean Bishop RB Aneyas Williams S-FLEX Ashton Daniels WR Anthony Evans III WR JJ Buchanan WR Jayvan Boggs,,Amare Thomas,S-FLEX,0.08%,8.3
341,5278686853,dswartout,0,179.50002,FLEX Rico Flores Jr. QB Kenny Minchey RB Aiden Flora RB Ousmane Kromah S-FLEX Ryan Coleman-Williams WR Jeremiah Smith WR Cayden Lee WR Duce Robinson,,Jonathan Bibbs,WR,0.08%,3.1
342,5278915344,j11five,0,179.48001,FLEX Kenny Darby QB Keelon Russell RB Jamal Roberts RB Ousmane Kromah S-FLEX Kenny Minchey WR Ryan Coleman-Williams WR JJ Buchanan WR Willie Rodriguez,,Rico Scott,S-FLEX,0.08%,22
343,5278742181,dmbrown81,0,179.42,FLEX Duce Robinson QB Austin Simmons RB Jadan Baugh RB Jamal Roberts S-FLEX Ashton Daniels WR Cayden Lee WR Tyrell Henry WR Patrick Overmyer,,Lawson Luckie,S-FLEX,0.08%,5.3
344,5276764511,cujo_61pez,0,179.35999,FLEX Cam Cook QB Jaylen Raynor RB Daniel Hill RB Aiden Flora S-FLEX Kenny Minchey WR Omari Hayes WR Kenny Darby WR Willie Rodriguez,,DeShawn Spencer,WR,0.08%,0
345,5278954282,Boxerdad,0,179.18,FLEX DJ Vonnahme QB Michael Hawkins Jr. RB Cam Cook RB Ousmane Kromah S-FLEX Willie Rodriguez WR Jeremiah Smith WR Tyrell Henry WR Patrick Overmyer,,Donovan Murph,WR,0.08%,1.8
346,5278246010,dabears08,0,179.15999,FLEX Willie Rodriguez QB Michael Hawkins Jr. RB Matt Fuller RB Darrion Dupree S-FLEX Kenny Minchey WR Jeremiah Smith WR Cayden Lee WR Bailey Stockton,,Benjamin Hall,FLEX,0.08%,3.6
347,5276000749,djmalps01,0,179.04,FLEX Darrion Dupree QB Austin Simmons RB DeSean Bishop RB Matt Fuller S-FLEX LaNorris Sellers WR Anthony Evans III WR JJ Buchanan WR Kaleb Edwards,,Kaleb Edwards,S-FLEX,0.08%,4.2
347,5278372272,Swanny0615,0,179.04,FLEX Brett Norfleet QB Austin Simmons RB Matt Fuller RB Aiden Flora S-FLEX Kamario Taylor WR Anthony Evans III WR Cayden Lee WR Rico Flores Jr.,,Nathan McNeil,RB,0.08%,0
349,5279313823,Paulo21613,0,178.98,FLEX Willie Rodriguez QB Ashton Daniels RB Matt Fuller RB Ousmane Kromah S-FLEX Julian Sayin WR Jeremiah Smith WR Duce Robinson WR Micahi Danzy,,J.J. Hill,FLEX,0.08%,0.6
349,5279340416,datyoungreezy,0,178.98,FLEX Ousmane Kromah QB Colton Joseph RB Fluff Bothwell RB Aiden Flora S-FLEX Byrum Brown WR Cayden Lee WR JJ Buchanan WR TJ Abrams,,Jeremiah Cobb,S-FLEX,0.08%,5.1
349,5279354540,GameOnLetsGo,0,178.98,FLEX Willie Rodriguez QB Julian Sayin RB Matt Fuller RB Ousmane Kromah S-FLEX Ashton Daniels WR Jeremiah Smith WR Duce Robinson WR Micahi Danzy,,Kevin Riley,RB,0.08%,1.7
352,5279370013,ryno5000,0,178.84001,FLEX Ousmane Kromah QB Kamario Taylor RB Aiden Flora RB Dwight Phillips Jr. S-FLEX Faizon Brandon WR Anthony Evans III WR Mike Matthews WR Josh Derry,,Noah Vaughn,RB,0.08%,0.6
353,5279362141,Johnny_Great,0,178.44,FLEX Duce Robinson QB Kamario Taylor RB Aiden Flora RB Ousmane Kromah S-FLEX Keelon Russell WR Anthony Evans III WR Lotzeir Brooks WR Thomas Blackshear,,TJ Abrams,FLEX,0.08%,14.5
354,5279324694,mondi76,0,178.23999,FLEX Marquis Johnson QB Keelon Russell RB Aiden Flora RB Ousmane Kromah S-FLEX Kamario Taylor WR Cayden Lee WR Donovan Olugbode WR Jacob Harris,,Jalen Hoffman,WR,0.08%,0
355,5278975167,jklodawizard,0,178.12,FLEX Cayden Lee QB LaNorris Sellers RB DeSean Bishop RB Bo Jackson S-FLEX Michael Hawkins Jr. WR Tony Diaz WR Jayvan Boggs WR Dominic Overby,,Hogan Hansen,FLEX,0.08%,5.2
356,5279525895,WaveyJones18,0,178.08,FLEX Matt Fuller QB Austin Simmons RB Aiden Flora RB CJ Baxter S-FLEX Conner Weigman WR Donovan Olugbode WR Tyrell Henry WR Patrick Overmyer,,Devin McCuin,S-FLEX,0.08%,18
357,5279092501,allidoiswin09,0,178.04,FLEX EJ Crowell QB Kamario Taylor RB Jamal Roberts RB Aiden Flora S-FLEX Keelon Russell WR JJ Buchanan WR Talyn Taylor WR Patrick Overmyer,,Maurice Brown II,FLEX,0.08%,7.3
358,5277125553,thegoose555,0,177.94,FLEX Cayden Lee QB Kamario Taylor RB Aiden Flora RB Ousmane Kromah S-FLEX Austin Simmons WR Anthony Evans III WR Eric Singleton Jr. WR Rico Flores Jr.,,Miles O'Neill,S-FLEX,0.08%,0
359,5279199788,rjeestep,0,177.73999,FLEX Jadan Baugh QB Ashton Daniels RB Aiden Flora RB Darrion Dupree S-FLEX Austin Simmons WR Cayden Lee WR Andrew Marsh WR Duce Robinson,,Caleb Francois,RB,0.08%,0
360,5278828694,arabia613,0,177.68,FLEX Tony Diaz QB Michael Hawkins Jr. RB Jamal Roberts RB Ousmane Kromah S-FLEX Duce Robinson WR Jeremiah Smith WR Andrew Marsh WR Tyrell Henry,,Ja'Kobi Jackson,S-FLEX,0.08%,13.2
360,5279503269,TeStoSteRonE,0,177.68,FLEX Tony Diaz QB Michael Hawkins Jr. RB Jamal Roberts RB Ousmane Kromah S-FLEX Duce Robinson WR Jeremiah Smith WR Andrew Marsh WR Tyrell Henry,,Jekail Middlebrook,S-FLEX,0.08%,10.9
362,5279354630,jcald86,0,177.6,FLEX Cayden Lee QB Hank Brown RB Cam Cook RB Re'Shaun Sanford II S-FLEX Kamario Taylor WR Anthony Evans III WR Jordan Shipp WR Kenny Darby,,Ty'Lyric Coleman,FLEX,0.08%,0
363,5279037873,H87D,0,177.56,FLEX Javon Tracy QB Michael Hawkins Jr. RB Aiden Flora RB Benjamin Hall S-FLEX Byrum Brown WR Keshaun Singleton WR DJ Epps WR Zion Ragins,,DJ Black,S-FLEX,0.08%,15.6
364,5278405880,meyers2305,0,177.54001,FLEX Nic Anderson QB Byrum Brown RB Matt Fuller RB Darrion Dupree S-FLEX Kenny Minchey WR Jeremiah Smith WR Keshaun Singleton WR Kenny Darby,,Braeden Jackson,S-FLEX,0.08%,8.4
365,5277843629,bmorela3,0,177.46,FLEX Duce Robinson QB Kamario Taylor RB Matt Fuller RB Aiden Flora S-FLEX Ashton Daniels WR Amare Thomas WR Cayden Lee WR Zion Ragins,,Trech Kekahuna,WR,0.08%,0
366,5276034817,Cbryer23,0,177.36,FLEX Tony Diaz QB Keelon Russell RB Jamal Roberts RB Darrion Dupree S-FLEX Conner Weigman WR Ryan Coleman-Williams WR Patrick Overmyer WR Jordan Shipp,,Micah Jones,WR,0.08%,0
367,5278580531,milligolf,0,177.2,FLEX Nitro Tuggle QB Kamario Taylor RB Aiden Flora RB Ousmane Kromah S-FLEX Conner Weigman WR Anthony Evans III WR Amare Thomas WR Patrick Overmyer,,Vince Benetti,FLEX,0.08%,8.8
368,5278498667,HurricaneAl42,0,177.12,FLEX Kenny Darby QB Kenny Minchey RB Jadan Baugh RB Aiden Flora S-FLEX Kamario Taylor WR Anthony Evans III WR Eric Singleton Jr. WR Duce Robinson,,Jaden Bray,FLEX,0.08%,4.4
369,5278936158,jeffreyride,0,176.95999,FLEX Darrion Dupree QB Colton Joseph RB DeSean Bishop RB Jamal Roberts S-FLEX Byrum Brown WR Braylon Staley WR Tyrell Henry WR Jeremiah Koger,,Reece Vander Zee,WR,0.08%,7.5
370,5279239193,fulltyme20,0,176.92001,FLEX Josh Derry QB Kamario Taylor RB Ousmane Kromah RB Darrion Dupree S-FLEX Keelon Russell WR Ryan Coleman-Williams WR Anthony Evans III WR Kenny Darby,,Stephon Johnson,WR,0.08%,0
371,5279417142,defsoad,0,176.81999,FLEX Cayden Lee QB Kamario Taylor RB CJ Baxter RB Ousmane Kromah S-FLEX Keelon Russell WR Anthony Evans III WR Omari Hayes WR Rico Scott,,Shaun Terry II,FLEX,0.08%,0
372,5279425708,Psychotikk,0,176.77998,FLEX Jaden Bray QB Keelon Russell RB Ousmane Kromah RB Dwight Phillips Jr. S-FLEX Michael Hawkins Jr. WR Jeremiah Smith WR Talyn Taylor WR Patrick Overmyer,,Jamal Roberts,S-FLEX,0.08%,48
373,5278988755,CDTerrors,0,176.74,FLEX DeSean Bishop QB Austin Simmons RB Matt Fuller RB Aiden Flora S-FLEX Beau Pribula WR JJ Buchanan WR Rico Flores Jr. WR Kenny Darby,,Bailey Stockton,S-FLEX,0.08%,4.5
374,5279388788,mattf19,0,176.70001,FLEX Aiden Flora QB Keelon Russell RB Matt Fuller RB Ousmane Kromah S-FLEX Kenny Minchey WR Ryan Coleman-Williams WR Kenny Darby WR Duce Robinson,,Brett Norfleet,S-FLEX,0.08%,2.1
375,5279229009,BattleReg,0,176.58,FLEX Duce Robinson QB Kamario Taylor RB Aiden Flora RB CJ Baxter S-FLEX LaNorris Sellers WR Cayden Lee WR Donovan Olugbode WR JJ Buchanan,,Quayd Hendryx,WR,0.08%,0
376,5279075914,weinreich77,0,176.48001,FLEX Ousmane Kromah QB Kamario Taylor RB Matt Fuller RB Aiden Flora S-FLEX LaNorris Sellers WR Anthony Evans III WR Talyn Taylor WR Duce Robinson,,Chris Brooks Jr.,S-FLEX,0.08%,2
376,5275641873,PCFixer123,0,176.47998,FLEX Jeremiah Smith QB Jaylen Raynor RB Cam Cook RB Ousmane Kromah S-FLEX Ashton Daniels WR Omari Hayes WR Duce Robinson WR Eugene Hilton Jr.,,Darius Taylor,S-FLEX,0.08%,21.4
378,5278957006,Hag51,0,176.44002,FLEX Duce Robinson QB Ashton Daniels RB Duke Clark RB Xavier Brown S-FLEX Kamario Taylor WR Jeremiah Smith WR Anthony Evans III WR Sanfrisco Magee,,Evan Pryor,FLEX,0.08%,3.3
378,5279208328,brychad91,0,176.43999,FLEX Talyn Taylor QB Keelon Russell RB Aiden Flora RB Ousmane Kromah S-FLEX Kamario Taylor WR Anthony Evans III WR Tyrell Henry WR Patrick Overmyer,,Cooper Flanagan,WR,0.08%,1.4
380,5279311995,az350z,0,176.42,FLEX Cayden Lee QB Austin Simmons RB DeSean Bishop RB Fluff Bothwell S-FLEX Ashton Daniels WR Ryan Coleman-Williams WR Patrick Overmyer WR Duce Robinson,,Brady Hunt,FLEX,0.08%,3.4
381,5275848037,Squirmy70,0,176.14,FLEX Mazeo Bennett Jr. QB LaNorris Sellers RB Jamal Roberts RB Nolan James Jr. S-FLEX Keelon Russell WR Lotzeir Brooks WR Tyrell Henry WR Patrick Overmyer,,Alessio Milivojevic,QB,0.08%,4.82
382,5279128092,rsumrall,0,175.98001,FLEX Matt Fuller QB Colton Joseph RB Jadan Baugh RB Jamal Roberts S-FLEX Kenny Minchey WR Kenny Darby WR Eugene Hilton Jr. WR Willie Rodriguez,,Derek Meadows,WR,0.08%,0
383,5275802315,gottagitone,0,175.84001,FLEX Duce Robinson QB Ashton Daniels RB Chauncey Bowens RB Darrion Dupree S-FLEX Kamario Taylor WR Anthony Evans III WR Lotzeir Brooks WR Cayden Lee,,Dakota Twitty,WR,0.08%,0
384,5275767250,gymdoortee,0,175.81998,FLEX Jeremiah Smith QB Kamario Taylor RB Darrion Dupree RB Sedrick Alexander S-FLEX Austin Simmons WR Donovan Olugbode WR Junior Sherrill WR Jordan Shipp,,Keisean Henderson,S-FLEX,0.08%,0
385,5278783224,SJU22TC,0,175.78,FLEX Patrick Overmyer QB Michael Hawkins Jr. RB TJ Thomas RB Benjamin Hall S-FLEX Colton Joseph WR Jeremiah Smith WR Tyrell Henry WR Tony Diaz,,Landen Chambers,RB,0.08%,0.9
386,5278487332,baldwinrye,0,175.46002,FLEX CJ Baxter QB Keelon Russell RB Aiden Flora RB Darrion Dupree S-FLEX Bryce Underwood WR Anthony Evans III WR JJ Buchanan WR Patrick Overmyer,,Jaylen McGill,RB,0.08%,1.5
387,5279468830,twiceblessed,0,175.42,FLEX JJ Buchanan QB LaNorris Sellers RB Matt Fuller RB Chauncey Bowens S-FLEX Michael Hawkins Jr. WR Anthony Evans III WR Jalen Smith WR Mazeo Bennett Jr.,,Lukas Ungar,FLEX,0.08%,0
388,5279208924,OnPoint41,0,175.4,FLEX Cayden Lee QB Colton Joseph RB DeSean Bishop RB Ousmane Kromah S-FLEX Austin Simmons WR Donovan Olugbode WR Tyrell Henry WR Eugene Hilton Jr.,,Jaziun Patterson,S-FLEX,0.08%,6.2
389,5279520863,dbullsfan,0,175.37999,FLEX Cayden Lee QB Jaylen Raynor RB Aiden Flora RB Ousmane Kromah S-FLEX Jeremiah Smith WR JJ Buchanan WR Andrew Marsh WR Omari Hayes,,Marvis Parrish,FLEX,0.08%,5.1
390,5279371724,RyderCup616,0,175.34,FLEX Ty'Lyric Coleman QB Kamario Taylor RB Aiden Flora RB Re'Shaun Sanford II S-FLEX Keelon Russell WR Ryan Coleman-Williams WR Anthony Evans III WR Marshall Pritchett,,Makhilyn Young,RB,0.08%,4.8
391,5279319790,zacsmith1,0,175.26,FLEX Aneyas Williams QB LaNorris Sellers RB Aiden Flora RB Ousmane Kromah S-FLEX Jeremiah Smith WR JJ Buchanan WR Rico Flores Jr. WR Omari Hayes,,Henry Boyer,S-FLEX,0.08%,7.6
392,5277235201,PBowie70,0,175.1,FLEX Sanfrisco Magee QB Jaylen Raynor RB Matt Fuller RB Aiden Flora S-FLEX Kamario Taylor WR Anthony Evans III WR Junior Sherrill WR Rico Flores Jr.,,Noah Jennings,S-FLEX,0.08%,17.2
393,5279167917,jacoborsak23,0,175.08,FLEX Amare Thomas QB Conner Weigman RB Matt Fuller RB Aiden Flora S-FLEX Colton Joseph WR Tyrell Henry WR Tony Diaz WR Patrick Overmyer,,Naeshaun Montgomery,FLEX,0.08%,3.6
393,5279262451,DrizzyBars,0,175.08,FLEX Tyrell Henry QB Colton Joseph RB Cam Cook RB Ousmane Kromah S-FLEX Michael Hawkins Jr. WR DJ Epps WR Patrick Overmyer WR Duce Robinson,,AK Dear,RB,0.08%,0.5
395,5279110862,kgdbets,0,175,FLEX Sanfrisco Magee QB Michael Hawkins Jr. RB Matt Fuller RB Xavier Williams S-FLEX Ashton Daniels WR Anthony Evans III WR JJ Buchanan WR Javon Tracy,,Kaiden Prothro,FLEX,0.08%,0
396,5278709055,jenniemichell1225,0,174.95999,FLEX Matt Fuller QB Austin Simmons RB Aiden Flora RB Savion Hiter S-FLEX LaNorris Sellers WR Cayden Lee WR Donovan Olugbode WR Nyck Harbor,,Dwight Phillips Jr.,FLEX,0.08%,21.2
397,5277977394,jeff2380,0,174.81999,FLEX Aiden Flora QB Keelon Russell RB CJ Baxter RB Ousmane Kromah S-FLEX Javon Tracy WR Cayden Lee WR JJ Buchanan WR Junior Sherrill,,,
398,5279512226,llbuckingham,0,174.8,FLEX Junior Sherrill QB Michael Hawkins Jr. RB Matt Fuller RB Ousmane Kromah S-FLEX Ashton Daniels WR Lotzeir Brooks WR JJ Buchanan WR Duce Robinson,,,
399,5278858124,Aza-meeda,0,174.78001,FLEX Patrick Overmyer QB Colton Joseph RB Jamal Roberts RB Ousmane Kromah S-FLEX Michael Hawkins Jr. WR Amare Thomas WR Tyrell Henry WR Rico Flores Jr.,,,
399,5279277090,PickledBalls,0,174.78001,FLEX Patrick Overmyer QB Colton Joseph RB Jamal Roberts RB Ousmane Kromah S-FLEX Michael Hawkins Jr. WR Amare Thomas WR Tyrell Henry WR Rico Flores Jr.,,,
401,5279364558,butero,0,174.72,FLEX Jayden Savoury QB Kamario Taylor RB Cam Cook RB Jamal Roberts S-FLEX Prince Strachan WR Jeremiah Smith WR Tyrell Henry WR Patrick Overmyer,,,
401,5279474026,jhorrall777,0,174.72,FLEX Jeremiah Cobb QB Bryce Underwood RB Aneyas Williams RB Aiden Flora S-FLEX CJ Carr WR Jordan Faison WR JJ Buchanan WR Kenny Darby,,,
403,5279277832,Bdeezy12986,0,174.59999,FLEX Tyrell Henry QB Keelon Russell RB Jamal Roberts RB CJ Baxter S-FLEX Colton Joseph WR Ryan Coleman-Williams WR Jacob Harris WR Eugene Hilton Jr.,,,
404,5279145869,garrethermes12,0,174.52,FLEX JJ Buchanan QB Ashton Daniels RB Cam Cook RB Matt Fuller S-FLEX Keelon Russell WR Patrick Overmyer WR Duce Robinson WR Rico Scott,,,
405,5279546080,llllllllllllllllIll,0,174.26,FLEX Donovan Olugbode QB Kamario Taylor RB Matt Fuller RB Aiden Flora S-FLEX Beau Pribula WR Anthony Evans III WR Patrick Overmyer WR Micahi Danzy,,,
406,5279389081,deaththreat1983,0,174.18,FLEX Micahi Danzy QB Michael Hawkins Jr. RB Cam Cook RB Sedrick Alexander S-FLEX Blaze Berlowitz WR Anthony Evans III WR Amare Thomas WR JJ Buchanan,,,
407,5279352112,dylantumlin22,0,174.16002,FLEX Nyck Harbor QB Keelon Russell RB Aiden Flora RB Ousmane Kromah S-FLEX LaNorris Sellers WR Lotzeir Brooks WR Cayden Lee WR Duce Robinson,,,
408,5278539309,junkyardbyrd,0,174.12001,FLEX Junior Sherrill QB LaNorris Sellers RB Jadan Baugh RB Cam Cook S-FLEX Kenny Minchey WR Kenny Darby WR Nyck Harbor WR Mazeo Bennett Jr.,,,
409,5279278208,Brew3877,0,173.98001,FLEX Ryan Coleman-Williams QB Austin Simmons RB Matt Fuller RB Duke Clark S-FLEX Kenny Minchey WR Anthony Evans III WR Donovan Olugbode WR Kenny Darby,,,
410,5279348290,joehalac,0,173.96,FLEX Ousmane Kromah QB Austin Simmons RB Fluff Bothwell RB Aiden Flora S-FLEX LaNorris Sellers WR Cayden Lee WR Donovan Olugbode WR Nyck Harbor,,,
411,5279112482,jrjk88,0,173.88,FLEX Sedrick Alexander QB Kamario Taylor RB Jamal Roberts RB Duke Clark S-FLEX Conner Weigman WR Anthony Evans III WR Sanfrisco Magee WR Patrick Overmyer,,,
412,5278998765,ringo321,0,173.84,FLEX DJ Epps QB LaNorris Sellers RB CJ Baxter RB Ousmane Kromah S-FLEX Micah Gilbert WR Jeremiah Smith WR Cayden Lee WR Patrick Overmyer,,,
413,5279088109,Deezuhl,0,173.72,FLEX Donovan Olugbode QB Ashton Daniels RB Jadan Baugh RB Ousmane Kromah S-FLEX Austin Simmons WR Cayden Lee WR Kenny Darby WR Duce Robinson,,,
414,5279437380,cw333,0,173.57999,FLEX Braeden Jackson QB Michael Hawkins Jr. RB Cam Cook RB DeSean Bishop S-FLEX Eric Singleton Jr. WR Micah Gilbert WR DJ Epps WR Da'Shawn Martin,,,
415,5279085432,Timmac1234567,0,173.54001,FLEX Ousmane Kromah QB Beau Pribula RB Aiden Flora RB Duke Clark S-FLEX Jeremiah Smith WR Jordan Faison WR JJ Buchanan WR Dominic Overby,,,
416,5279072404,timtimtim0130,0,173.5,FLEX Jeremiah Smith QB Keelon Russell RB Duke Clark RB Darrion Dupree S-FLEX Cayden Lee WR Anthony Evans III WR Patrick Overmyer WR Nyck Harbor,,,
417,5279307390,xXxPLOSIVE,0,173.44002,FLEX Duce Robinson QB Keelon Russell RB Jamal Roberts RB Ousmane Kromah S-FLEX LaNorris Sellers WR Cayden Lee WR JJ Buchanan WR Patrick Overmyer,,,
418,5277526292,okiecowpoke,0,173.16,FLEX CJ Baxter QB Kamario Taylor RB Aiden Flora RB Quintrevion Wisner S-FLEX Beau Pribula WR Anthony Evans III WR Cayden Lee WR Duce Robinson,,,
419,5278497300,Zigdawg,0,173,FLEX Jeremiah Smith QB Bryce Underwood RB Aiden Flora RB Ousmane Kromah S-FLEX LaNorris Sellers WR JJ Buchanan WR Omari Hayes WR Duce Robinson,,,
420,5276531081,joelle,0,172.94002,FLEX Matt Fuller QB Kamario Taylor RB Aiden Flora RB Ousmane Kromah S-FLEX Colton Joseph WR Cayden Lee WR Patrick Overmyer WR Duce Robinson,,,
420,5279549722,Kurtjoneswvkurtjone,0,172.94002,FLEX Matt Fuller QB Kamario Taylor RB Aiden Flora RB Ousmane Kromah S-FLEX Colton Joseph WR Cayden Lee WR Patrick Overmyer WR Duce Robinson,,,
420,5279063990,RonRon81,0,172.93999,FLEX JJ Buchanan QB Keelon Russell RB Aiden Flora RB Duke Watson S-FLEX Ashton Daniels WR Ryan Coleman-Williams WR Javon Tracy WR Duce Robinson,,,
423,5279143091,JoeB2nd,0,172.78,FLEX Duce Robinson QB Kamario Taylor RB Matt Fuller RB Aiden Flora S-FLEX LaNorris Sellers WR Anthony Evans III WR JJ Buchanan WR Rico Flores Jr.,,,
423,5279306114,JPME,0,172.78,FLEX Cayden Lee QB Conner Weigman RB Aiden Flora RB Ousmane Kromah S-FLEX Austin Simmons WR Amare Thomas WR Tyrell Henry WR Omari Hayes,,,
425,5278954526,Tolo666,0,172.72,FLEX Rico Flores Jr. QB Michael Hawkins Jr. RB Aiden Flora RB Kamari Moulton S-FLEX Kamario Taylor WR Lotzeir Brooks WR Junior Sherrill WR Patrick Overmyer,,,
426,5279044653,bryanbigbets,0,172.58,FLEX Matt Fuller QB Conner Weigman RB Aiden Flora RB Ousmane Kromah S-FLEX Colton Joseph WR Amare Thomas WR Eugene Hilton Jr. WR Willie Rodriguez,,,
427,5279020961,jogabo3,0,172.36002,FLEX Nyck Harbor QB Kamario Taylor RB Jamal Roberts RB CJ Baxter S-FLEX LaNorris Sellers WR Anthony Evans III WR Amare Thomas WR Craig Dandridge,,,
428,5279067502,marine8121,0,172.18001,FLEX JJ Buchanan QB Colton Joseph RB Aiden Flora RB Ousmane Kromah S-FLEX Conner Weigman WR Amare Thomas WR Tyrell Henry WR Patrick Overmyer,,,
429,5276358874,pj6913,0,172.12,FLEX Tyrell Henry QB Kamario Taylor RB Matt Fuller RB Aiden Flora S-FLEX Michael Hawkins Jr. WR Cayden Lee WR Patrick Overmyer WR Duce Robinson,,,
429,5278807099,79Cosmo,0,172.12,FLEX Tyrell Henry QB Kamario Taylor RB Matt Fuller RB Aiden Flora S-FLEX Michael Hawkins Jr. WR Cayden Lee WR Patrick Overmyer WR Duce Robinson,,,
429,5279072069,Judge71,0,172.12,FLEX Tyrell Henry QB Kamario Taylor RB Matt Fuller RB Aiden Flora S-FLEX Michael Hawkins Jr. WR Cayden Lee WR Patrick Overmyer WR Duce Robinson,,,
429,5279137469,brodybjellos,0,172.12,FLEX Tyrell Henry QB Kamario Taylor RB Matt Fuller RB Aiden Flora S-FLEX Michael Hawkins Jr. WR Cayden Lee WR Patrick Overmyer WR Duce Robinson,,,
429,5279470252,Hollabackk,0,172.12,FLEX Tyrell Henry QB Kamario Taylor RB Matt Fuller RB Aiden Flora S-FLEX Michael Hawkins Jr. WR Cayden Lee WR Patrick Overmyer WR Duce Robinson,,,
434,5279157792,hollywoodhussey,0,172.04,FLEX Andrew Marsh QB Kamario Taylor RB Aiden Flora RB Ousmane Kromah S-FLEX Jeremiah Smith WR Cayden Lee WR Patrick Overmyer WR Duce Robinson,,,
435,5276082682,nuthouse312,0,172.02,FLEX CJ Baxter QB Michael Hawkins Jr. RB Aiden Flora RB Ousmane Kromah S-FLEX Kamario Taylor WR Cayden Lee WR Rico Flores Jr. WR Duce Robinson,,,
435,5279445425,Frrststhl,0,172.02,FLEX Micahi Danzy QB Colton Joseph RB Jadan Baugh RB Darrion Dupree S-FLEX Ashton Daniels WR Jeremiah Smith WR Duce Robinson WR Eugene Hilton Jr.,,,
437,5279376467,deez516,0,171.99998,FLEX Aiden Flora QB Byrum Brown RB Jadan Baugh RB Ousmane Kromah S-FLEX Ashton Daniels WR Tyrell Henry WR Noah Jennings WR Jalen Smith,,,
438,5278979280,terpterman,0,171.88,FLEX Kenny Darby QB Jaylen Raynor RB Jadan Baugh RB Darrion Dupree S-FLEX Ashton Daniels WR Jeremiah Smith WR Patrick Overmyer WR Duce Robinson,,,
439,5278981484,Dubbzz,0,171.86002,FLEX Duce Robinson QB Conner Weigman RB Jamal Roberts RB Ousmane Kromah S-FLEX Austin Simmons WR Amare Thomas WR Cayden Lee WR Noah Jennings,,,
440,5279321190,pelicans777,0,171.74002,FLEX Ryan Coleman-Williams QB Kamario Taylor RB Aiden Flora RB Ousmane Kromah S-FLEX Keelon Russell WR Sanfrisco Magee WR Patrick Overmyer WR Kenny Darby,,,
441,5279558802,Gatorken66,0,171.72,FLEX Jeremiah Smith QB Kamario Taylor RB Matt Fuller RB Aiden Flora S-FLEX Kenny Minchey WR Rico Flores Jr. WR Patrick Overmyer WR Duce Robinson,,,
442,5278822482,jpligon75,0,171.04,FLEX Brock Coffman QB Keelon Russell RB Aiden Flora RB Ousmane Kromah S-FLEX Kamario Taylor WR Anthony Evans III WR Lotzeir Brooks WR Eugene Hilton Jr.,,,
443,5276399152,charlesrayallday,0,170.94,FLEX Fluff Bothwell QB Colton Joseph RB Aiden Flora RB Ousmane Kromah S-FLEX Kamario Taylor WR Cayden Lee WR Duce Robinson WR Rico Scott,,,
444,5278499725,briannedanielle,0,170.92,FLEX Aiden Flora QB Colton Joseph RB Matt Fuller RB Ousmane Kromah S-FLEX Fluff Bothwell WR Cayden Lee WR JJ Buchanan WR Rico Scott,,,
444,5279064851,bigstick8412,0,170.92,FLEX Ousmane Kromah QB Colton Joseph RB Fluff Bothwell RB Aiden Flora S-FLEX Matt Fuller WR Cayden Lee WR JJ Buchanan WR Rico Scott,,,
444,5279336721,JohnDent,0,170.92,FLEX Dallas Wilson QB Austin Simmons RB Aiden Flora RB Ousmane Kromah S-FLEX Keelon Russell WR Cayden Lee WR Tyrell Henry WR Duce Robinson,,,
447,5279180132,JaserD,0,170.86002,FLEX Cayden Lee QB Conner Weigman RB DeSean Bishop RB Ousmane Kromah S-FLEX Austin Simmons WR Amare Thomas WR Patrick Overmyer WR Omari Hayes,,,
448,5278742688,JohnnyDrama34,0,170.74,FLEX Darrion Dupree QB Austin Simmons RB Matt Fuller RB Aiden Flora S-FLEX Kamario Taylor WR Anthony Evans III WR JJ Buchanan WR Duce Robinson,,,
449,5279306946,rustykuntz,0,170.72,FLEX Thomas Blackshear QB Keelon Russell RB Jamal Roberts RB Darrion Dupree S-FLEX Kamario Taylor WR Anthony Evans III WR Lotzeir Brooks WR Kaleb Edwards,,,
449,5278278647,softball101,0,170.71999,FLEX Junior Sherrill QB Ashton Daniels RB Nolan James Jr. RB Daniel Hill S-FLEX Jeremiah Smith WR Javon Tracy WR Sanfrisco Magee WR Noah Jennings,,,
451,5279430642,keithbone,0,170.44,FLEX Duce Robinson QB Kamario Taylor RB Nolan James Jr. RB Aiden Flora S-FLEX Keelon Russell WR Jordan Faison WR JJ Buchanan WR Reece Vander Zee,,,
451,5277092052,HeeHawTime,0,170.43999,FLEX Donovan Olugbode QB Austin Simmons RB Matt Fuller RB Aiden Flora S-FLEX Kamario Taylor WR Cayden Lee WR Tyrell Henry WR Patrick Overmyer,,,
453,5279184836,Spoldog13,0,170.34,FLEX CJ Baxter QB Kamario Taylor RB Aiden Flora RB Ousmane Kromah S-FLEX Austin Simmons WR Cayden Lee WR Donovan Olugbode WR Rico Flores Jr.,,,
454,5279519421,tpyo,0,170.32,FLEX Ousmane Kromah QB Colton Joseph RB Jadan Baugh RB Jamal Roberts S-FLEX Ashton Daniels WR Tyrell Henry WR Duce Robinson WR Chris Brooks Jr.,,,
455,5279186242,aklease,0,170.28001,FLEX Malachi Coleman QB Keelon Russell RB Aneyas Williams RB Aiden Flora S-FLEX Conner Weigman WR Lotzeir Brooks WR JJ Buchanan WR Patrick Overmyer,,,
456,5278593818,DSBG,0,170.23999,FLEX Andrew Marsh QB Keelon Russell RB Aiden Flora RB CJ Baxter S-FLEX Kamario Taylor WR Anthony Evans III WR Rico Flores Jr. WR Duce Robinson,,,
457,5279078337,cseigler,0,169.94,FLEX JJ Buchanan QB Kamario Taylor RB Aneyas Williams RB Ousmane Kromah S-FLEX Ashton Daniels WR Anthony Evans III WR Cayden Lee WR Nyck Harbor,,,
458,5279284044,Bag00l,0,169.84001,FLEX JJ Buchanan QB Kamario Taylor RB Matt Fuller RB Darrion Dupree S-FLEX Ashton Daniels WR Jeremiah Smith WR Duce Robinson WR Rico Scott,,,
459,5279380730,buckstar,0,169.82,FLEX Kenny Darby QB Ashton Daniels RB Jadan Baugh RB Ousmane Kromah S-FLEX JJ Buchanan WR Jeremiah Smith WR Patrick Overmyer WR Duce Robinson,,,
460,5279512781,beachsidebob,0,169.54,FLEX JJ Buchanan QB Kamario Taylor RB Aiden Flora RB Ousmane Kromah S-FLEX Dwight Phillips Jr. WR Ryan Coleman-Williams WR Anthony Evans III WR Rico Flores Jr.,,,
461,5279438180,Huskers61,0,169.46002,FLEX Aiden Flora QB Keelon Russell RB Aneyas Williams RB Ousmane Kromah S-FLEX LaNorris Sellers WR Ryan Coleman-Williams WR Nyck Harbor WR DJ Black,,,
462,5279498309,bassmastadee,0,169.08,FLEX Lawson Luckie QB Austin Simmons RB Jadan Baugh RB Matt Fuller S-FLEX Michael Hawkins Jr. WR Cayden Lee WR Kenny Darby WR Rico Scott,,,
463,5275417140,Sheltonjl17,0,169,FLEX Fluff Bothwell QB Austin Simmons RB Jamal Roberts RB Ousmane Kromah S-FLEX Colton Joseph WR Cayden Lee WR Tyrell Henry WR Patrick Overmyer,,,
464,5278699875,bridigidigi,0,168.8,FLEX Jamal Roberts QB Bryce Underwood RB Fluff Bothwell RB Aiden Flora S-FLEX LaNorris Sellers WR JJ Buchanan WR Noah Jennings WR Nyck Harbor,,,
465,5278561083,grandslamkings,0,168.78,FLEX Tyrell Henry QB Michael Hawkins Jr. RB Cam Cook RB Aneyas Williams S-FLEX Anthony Evans III WR DJ Epps WR Sanfrisco Magee WR Duce Robinson,,,
466,5279139809,ceichten5,0,168.56001,FLEX Jeremiah Smith QB Kamario Taylor RB Aiden Flora RB Ousmane Kromah S-FLEX Beau Pribula WR Patrick Overmyer WR Jordan Shipp WR Duce Robinson,,,
467,5279236624,Rosalinda97,0,168.43999,FLEX Amare Thomas QB Ashton Daniels RB Matt Fuller RB Aiden Flora S-FLEX Aneyas Williams WR Donovan Olugbode WR JJ Buchanan WR Tyrell Henry,,,
468,5279458933,ReDrUm1hunnid,0,168.38,FLEX Josh Derry QB Michael Hawkins Jr. RB Matt Fuller RB Fluff Bothwell S-FLEX Austin Simmons WR Cayden Lee WR Donovan Olugbode WR Patrick Overmyer,,,
469,5279431272,colbyhornet,0,168.12,FLEX Patrick Overmyer QB Conner Weigman RB Matt Fuller RB Aiden Flora S-FLEX LaNorris Sellers WR Amare Thomas WR Andrew Marsh WR Omari Hayes,,,
470,5279127159,takenoprisonersak,0,167.94,FLEX Duce Robinson QB Kamario Taylor RB Aiden Flora RB Ousmane Kromah S-FLEX Keelon Russell WR Anthony Evans III WR Sanfrisco Magee WR Rico Flores Jr.,,,
470,5279305843,SmokinJoe42069,0,167.94,FLEX Amare Thomas QB Michael Hawkins Jr. RB Jamal Roberts RB Ousmane Kromah S-FLEX Conner Weigman WR Tyrell Henry WR Patrick Overmyer WR Duce Robinson,,,
472,5275591255,Mattchoo13,0,167.74,FLEX Chas Nimrod QB LaNorris Sellers RB Matt Fuller RB Ousmane Kromah S-FLEX Austin Simmons WR Anthony Evans III WR Donovan Olugbode WR Willie Rodriguez,,,
473,5278804655,KDRspud,0,167.64,FLEX Nyck Harbor QB Keelon Russell RB Aiden Flora RB Daune Morris S-FLEX Kamario Taylor WR Anthony Evans III WR Lotzeir Brooks WR Duce Robinson,,,
474,5279470952,gigoloJoe,0,167.56001,FLEX Matt Fuller QB Jaylen Raynor RB Aiden Flora RB Ousmane Kromah S-FLEX Michael Hawkins Jr. WR Cayden Lee WR Braylon Staley WR Duce Robinson,,,
475,5275112831,FletcherMcTaggart,0,167.31999,FLEX JJ Buchanan QB Ashton Daniels RB CJ Baxter RB Ousmane Kromah S-FLEX Donovan Olugbode WR Jeremiah Smith WR Andrew Marsh WR Tyrell Henry,,,
476,5276767823,jakirb,0,167.2,FLEX Duce Robinson QB Jaylen Raynor RB Jadan Baugh RB Aiden Flora S-FLEX Kamario Taylor WR Anthony Evans III WR Omari Hayes WR Jacob Harris,,,
477,5279112856,aylsg,0,167.14,FLEX Matt Fuller QB Ashton Daniels RB Darrion Dupree RB Dwight Phillips Jr. S-FLEX Kamario Taylor WR Jeremiah Smith WR Sanfrisco Magee WR Duce Robinson,,,
478,5279322858,Dricou,0,166.90002,FLEX CJ Baxter QB Conner Weigman RB Jamal Roberts RB Ousmane Kromah S-FLEX LaNorris Sellers WR Amare Thomas WR Patrick Overmyer WR Nyck Harbor,,,
479,5279385925,basaunders1,0,166.81999,FLEX Duke Clark QB LaNorris Sellers RB Matt Fuller RB Aiden Flora S-FLEX Conner Weigman WR Cayden Lee WR Tyrell Henry WR Talyn Taylor,,,
480,5275418209,Adam1917,0,166.30002,FLEX Duke Clark QB Kenny Minchey RB Jadan Baugh RB CJ Baxter S-FLEX Ashton Daniels WR Anthony Evans III WR Chas Nimrod WR Micahi Danzy,,,
481,5279112186,NikeGriffin32,0,166.23999,FLEX Lotzeir Brooks QB Kamario Taylor RB Aiden Flora RB Daune Morris S-FLEX Keelon Russell WR Anthony Evans III WR Koby Young WR Duce Robinson,,,
481,5279392296,ec2262,0,166.23999,FLEX Eric Singleton Jr. QB Ashton Daniels RB Cam Cook RB Darrion Dupree S-FLEX Kamario Taylor WR Anthony Evans III WR JJ Buchanan WR Duce Robinson,,,
483,5278688533,donj9903,0,166.14001,FLEX Patrick Overmyer QB Keelon Russell RB Aiden Flora RB Ousmane Kromah S-FLEX Kamario Taylor WR Ryan Coleman-Williams WR Sanfrisco Magee WR Rico Scott,,,
484,5275519033,s1t5oker,0,166.08,FLEX Donovan Olugbode QB CJ Carr RB Matt Fuller RB Aiden Flora S-FLEX Daniel Hill WR Jordan Faison WR Sanfrisco Magee WR Talyn Taylor,,,
485,5278985407,diegoseis,0,166.03998,FLEX Nate Roberts QB Keelon Russell RB Aiden Flora RB Demon June S-FLEX Kamario Taylor WR Ryan Coleman-Williams WR Anthony Evans III WR Noah Rogers,,,
486,5279550155,coupfourremf,0,165.98,FLEX Patrick Overmyer QB Michael Hawkins Jr. RB Cam Cook RB Ousmane Kromah S-FLEX Colton Joseph WR Andrew Marsh WR Tyrell Henry WR Willie Rodriguez,,,
487,5279109009,Pilgrims,0,165.93999,FLEX Anthony Evans III QB LaNorris Sellers RB Matt Fuller RB Benjamin Hall S-FLEX Colton Joseph WR Cayden Lee WR Javon Tracy WR Talyn Taylor,,,
487,5279217358,jjnads2000,0,165.93999,FLEX Thomas Blackshear QB Kamario Taylor RB Jadan Baugh RB Aiden Flora S-FLEX Ousmane Kromah WR Anthony Evans III WR JJ Buchanan WR Jordan Shipp,,,
489,5279496502,CrazyLegs_23,0,165.84001,FLEX Aneyas Williams QB LaNorris Sellers RB CJ Baxter RB Ousmane Kromah S-FLEX Colton Joseph WR Anthony Evans III WR JJ Buchanan WR Talyn Taylor,,,
490,5276141282,JRBucks34,0,165.73999,FLEX Willie Rodriguez QB Keelon Russell RB Aiden Flora RB Ousmane Kromah S-FLEX Kamario Taylor WR Lotzeir Brooks WR Cayden Lee WR Duce Robinson,,,
490,5279158807,MambaMentality4Life,0,165.73999,FLEX Willie Rodriguez QB Keelon Russell RB Aiden Flora RB Ousmane Kromah S-FLEX Kamario Taylor WR Lotzeir Brooks WR Cayden Lee WR Duce Robinson,,,
490,5279372635,Bullet2110,0,165.73999,FLEX Willie Rodriguez QB Keelon Russell RB Aiden Flora RB Ousmane Kromah S-FLEX Kamario Taylor WR Lotzeir Brooks WR Cayden Lee WR Duce Robinson,,,
490,5279515372,JayAguilar23,0,165.73999,FLEX Willie Rodriguez QB Keelon Russell RB Aiden Flora RB Ousmane Kromah S-FLEX Kamario Taylor WR Lotzeir Brooks WR Cayden Lee WR Duce Robinson,,,
490,5279549457,nwspring52,0,165.73999,FLEX Willie Rodriguez QB Keelon Russell RB Aiden Flora RB Ousmane Kromah S-FLEX Kamario Taylor WR Lotzeir Brooks WR Cayden Lee WR Duce Robinson,,,
495,5278956317,jtown2319,0,165.71999,FLEX Anthony Evans III QB Kamario Taylor RB CJ Baxter RB Dwight Phillips Jr. S-FLEX Austin Simmons WR Dallas Wilson WR Donovan Olugbode WR Talyn Taylor,,,
496,5276076347,Rjhill34,0,165.68001,FLEX Rico Flores Jr. QB Conner Weigman RB Matt Fuller RB Aiden Flora S-FLEX Colton Joseph WR Amare Thomas WR Tyrell Henry WR Patrick Overmyer,,,
496,5278876218,mrrutexas,0,165.68001,FLEX Craig Dandridge QB Kamario Taylor RB DeSean Bishop RB Darrion Dupree S-FLEX Conner Weigman WR Anthony Evans III WR Amare Thomas WR Patrick Overmyer,,,
498,5278498356,cuttycut25,0,165.66,FLEX Cayden Lee QB Ashton Daniels RB Jadan Baugh RB CJ Baxter S-FLEX LaNorris Sellers WR Junior Sherrill WR Jayvan Boggs WR Duce Robinson,,,
499,5279072275,bharriscohen,0,165.56,FLEX Jamal Roberts QB Ashton Daniels RB Kamari Moulton RB CJ Baxter S-FLEX LaNorris Sellers WR Mike Matthews WR Kameron Courtney WR Jayvan Boggs,,,
500,5279071386,JMoneyMakerJones,0,165.54,FLEX Donovan Olugbode QB Austin Simmons RB Matt Fuller RB CJ Baxter S-FLEX LaNorris Sellers WR Anthony Evans III WR JJ Buchanan WR Duce Robinson,,,
501,5279217667,therealist23,0,165.48,FLEX Junior Sherrill QB Conner Weigman RB Aiden Flora RB Ousmane Kromah S-FLEX Jeremiah Cobb WR Amare Thomas WR Cayden Lee WR Tyrell Henry,,,
502,5279009938,captain69,0,165.13998,FLEX Matt Fuller QB Beau Pribula RB Aiden Flora RB Dwight Phillips Jr. S-FLEX Austin Simmons WR Cayden Lee WR Donovan Olugbode WR Talyn Taylor,,,
503,5278903569,Viking9Q,0,165.02,FLEX Duce Robinson QB Michael Hawkins Jr. RB CJ Baxter RB Ousmane Kromah S-FLEX LaNorris Sellers WR Cayden Lee WR Donovan Olugbode WR JJ Buchanan,,,
504,5274959915,JayTheFootballNerd,0,164.93999,FLEX Donovan Olugbode QB Kamario Taylor RB Aiden Flora RB Ousmane Kromah S-FLEX Austin Simmons WR Cayden Lee WR JJ Buchanan WR Talyn Taylor,,,
505,5278353675,crasm1,0,164.87999,FLEX Rico Flores Jr. QB Gunner Stockton RB Aiden Flora RB Duke Clark S-FLEX Byrum Brown WR Anthony Evans III WR Chas Nimrod WR Talyn Taylor,,,
506,5279086834,eire73,0,164.84001,FLEX Cam Cook QB LaNorris Sellers RB Jamal Roberts RB Fluff Bothwell S-FLEX Duke Watson WR Tyrell Henry WR Omari Hayes WR Kenny Darby,,,
507,5279140505,bwnoles,0,164.76,FLEX Jekail Middlebrook QB Jaylen Raynor RB DeSean Bishop RB Ousmane Kromah S-FLEX Austin Simmons WR Cayden Lee WR Donovan Olugbode WR Omari Hayes,,,
508,5275758440,aarbear4life,0,164.54,FLEX Lotzeir Brooks QB Austin Simmons RB Aiden Flora RB Jaziun Patterson S-FLEX Kamario Taylor WR Cayden Lee WR Donovan Olugbode WR Duce Robinson,,,
509,5279233573,nickat916,0,164.48,FLEX Tony Diaz QB Michael Hawkins Jr. RB Cam Cook RB Ousmane Kromah S-FLEX Colton Joseph WR Javon Tracy WR Tyrell Henry WR Patrick Overmyer,,,
510,5279484606,5Dolans2020,0,164.38,FLEX Sanfrisco Magee QB Michael Hawkins Jr. RB DeSean Bishop RB Matt Fuller S-FLEX Austin Simmons WR Cayden Lee WR Rico Flores Jr. WR Duce Robinson,,,
511,5279411885,titanhawks,0,164.27998,FLEX DJ Vonnahme QB Michael Hawkins Jr. RB Cam Cook RB Ousmane Kromah S-FLEX Colton Joseph WR Andrew Marsh WR Tyrell Henry WR Tony Diaz,,,
511,5279465355,AverillsAvengers,0,164.27998,FLEX Kamari Moulton QB Ashton Daniels RB Nolan James Jr. RB Aiden Flora S-FLEX Bryce Underwood WR Cayden Lee WR JJ Buchanan WR Tyrell Henry,,,
513,5279047132,chimpancoon,0,164.18001,FLEX Duke Watson QB Jaylen Raynor RB Matt Fuller RB CJ Baxter S-FLEX Ashton Daniels WR Jeremiah Smith WR Patrick Overmyer WR Duce Robinson,,,
514,5279116353,Vargas2015,0,163.99998,FLEX CJ Baxter QB Kamario Taylor RB Matt Fuller RB Aiden Flora S-FLEX Jaylen Raynor WR Anthony Evans III WR Tyrell Henry WR Duce Robinson,,,
515,5278692671,papa-sports-39,0,163.81999,FLEX Donovan Olugbode QB Austin Simmons RB Aiden Flora RB Sedrick Alexander S-FLEX Aneyas Williams WR Ryan Coleman-Williams WR Cayden Lee WR JJ Buchanan,,,
516,5279432915,Sofisa1314,0,163.72,FLEX Willie Rodriguez QB Gunner Stockton RB Aiden Flora RB Ousmane Kromah S-FLEX Faizon Brandon WR Jeremiah Smith WR Patrick Overmyer WR Duce Robinson,,,
517,5276788954,bnic04,0,163.62001,FLEX Patrick Overmyer QB LaNorris Sellers RB Matt Fuller RB Aiden Flora S-FLEX Conner Weigman WR Amare Thomas WR JJ Buchanan WR Duce Robinson,,,
518,5276187365,chuckface8,0,163.54,FLEX Matt Fuller QB Kamario Taylor RB Aiden Flora RB Darrion Dupree S-FLEX Austin Simmons WR Cayden Lee WR Donovan Olugbode WR Duce Robinson,,,
519,5279357778,jmulhausen22,0,163.26001,FLEX Zion Ragins QB Michael Hawkins Jr. RB DeSean Bishop RB Matt Fuller S-FLEX Kenny Minchey WR Amare Thomas WR Sanfrisco Magee WR Willie Rodriguez,,,
520,5279062259,jpgoalieman14,0,163.04002,FLEX CJ Baxter QB Kamario Taylor RB Ousmane Kromah RB Darrion Dupree S-FLEX Ashton Daniels WR Anthony Evans III WR Amare Thomas WR Sanfrisco Magee,,,
521,5279313836,jabawookie,0,162.84,FLEX Jacob Harris QB Beau Pribula RB Cam Cook RB Aiden Flora S-FLEX Duke Clark WR Dallas Wilson WR Cayden Lee WR Patrick Overmyer,,,
522,5278525539,Emac,0,162.76001,FLEX Nyck Harbor QB Kamario Taylor RB DeSean Bishop RB Fluff Bothwell S-FLEX LaNorris Sellers WR Anthony Evans III WR Noah Jennings WR Duce Robinson,,,
523,5279003014,bjnfan,0,162.62,FLEX Matt Fuller QB Gunner Stockton RB Jamal Roberts RB Duke Watson S-FLEX Ashton Daniels WR Amare Thomas WR Talyn Taylor WR Thomas Blackshear,,,
524,5279178987,OntheRun,0,162.58002,FLEX Amare Thomas QB Kamario Taylor RB Aiden Flora RB Ousmane Kromah S-FLEX LaNorris Sellers WR Cayden Lee WR Patrick Overmyer WR Duce Robinson,,,
525,5279437426,Mutchbiz,0,162.2,FLEX Donovan Olugbode QB Austin Simmons RB Ousmane Kromah RB Duke Clark S-FLEX CJ Baxter WR Jeremiah Smith WR Cayden Lee WR Patrick Overmyer,,,
526,5279075308,steviereno,0,162.09999,FLEX Donovan Olugbode QB Austin Simmons RB Darius Taylor RB Ousmane Kromah S-FLEX Anthony Evans III WR Amare Thomas WR Cayden Lee WR Tyrell Henry,,,
527,5279484891,mpritchard1,0,161.8,FLEX Kenny Darby QB Ashton Daniels RB Jadan Baugh RB Ousmane Kromah S-FLEX Hank Brown WR Jeremiah Smith WR Tony Diaz WR Duce Robinson,,,
528,5279341109,sbaer1983,0,161.63998,FLEX Mike Matthews QB Colton Joseph RB Jamal Roberts RB Duke Watson S-FLEX LaNorris Sellers WR Chas Nimrod WR Tyrell Henry WR Tony Diaz,,,
529,5279184031,smcc716,0,161.54001,FLEX Ousmane Kromah QB Kamario Taylor RB Fluff Bothwell RB Aiden Flora S-FLEX Colton Joseph WR Cayden Lee WR Patrick Overmyer WR Duce Robinson,,,
530,5278381829,bigdrinkman,0,161.52,FLEX Junior Sherrill QB Conner Weigman RB Jadan Baugh RB CJ Baxter S-FLEX Byrum Brown WR Patrick Overmyer WR Kenny Darby WR Willie Rodriguez,,,
531,5279128470,jb34lax,0,161.28,FLEX Patrick Overmyer QB Conner Weigman RB Jadan Baugh RB Aiden Flora S-FLEX Talyn Taylor WR Amare Thomas WR Cayden Lee WR Rico Scott,,,
532,5279428695,sstockfo11,0,160.96,FLEX Cayden Lee QB Conner Weigman RB Matt Fuller RB Ousmane Kromah S-FLEX Austin Simmons WR Donovan Olugbode WR Patrick Overmyer WR Jordan Shipp,,,
533,5279542404,chadjonesb,0,160.94002,FLEX Kenny Darby QB Conner Weigman RB Jadan Baugh RB CJ Baxter S-FLEX Michael Hawkins Jr. WR Noah Jennings WR Patrick Overmyer WR Koby Young,,,
534,5279318566,SBUBONNIES,0,160.72,FLEX Cayden Lee QB Austin Simmons RB Jadan Baugh RB Nolan James Jr. S-FLEX Ashton Daniels WR Donovan Olugbode WR Duce Robinson WR Micahi Danzy,,,
535,5278942700,SiegFur_1,0,160.62,FLEX Matt Fuller QB Ashton Daniels RB Ousmane Kromah RB Duke Clark S-FLEX Austin Simmons WR Cayden Lee WR Donovan Olugbode WR JJ Buchanan,,,
536,5279309837,csbandy,0,160.42,FLEX JJ Buchanan QB Keelon Russell RB Matt Fuller RB Aiden Flora S-FLEX Austin Simmons WR Cayden Lee WR Rico Flores Jr. WR Duce Robinson,,,
537,5276399344,KoopK23,0,160.37999,FLEX Talyn Taylor QB Bryce Underwood RB Aiden Flora RB Ousmane Kromah S-FLEX Kamario Taylor WR Anthony Evans III WR Cayden Lee WR Andrew Marsh,,,
538,5279513476,BearDown1985,0,160.22,FLEX Matt Fuller QB Ashton Daniels RB Cam Cook RB Darrion Dupree S-FLEX Austin Simmons WR Cayden Lee WR Rico Flores Jr. WR Duce Robinson,,,
539,5279188650,joechimo,0,160.18001,FLEX Anthony Evans III QB Conner Weigman RB Makhi Hughes RB Aneyas Williams S-FLEX Ashton Daniels WR Amare Thomas WR Nyck Harbor WR Duce Robinson,,,
540,5279327793,KIRKMILLER01,0,160.1,FLEX Ousmane Kromah QB Colton Joseph RB Cam Cook RB Jamal Roberts S-FLEX Micah Gilbert WR Braylon Staley WR Tyrell Henry WR Patrick Overmyer,,,
541,5279400119,ginswins1128,0,159.7,FLEX Micahi Danzy QB Beau Pribula RB Matt Fuller RB Aiden Flora S-FLEX Conner Weigman WR Amare Thomas WR Donovan Olugbode WR Jacob Harris,,,
542,5279210678,Raiderfanatic2195,0,159.22,FLEX Duce Robinson QB Keelon Russell RB Jaziun Patterson RB Daune Morris S-FLEX Ashton Daniels WR Ryan Coleman-Williams WR Lotzeir Brooks WR Jordan Faison,,,
543,5278326794,yougotcropdusted,0,159.1,FLEX Kenny Darby QB Keelon Russell RB Matt Fuller RB Ousmane Kromah S-FLEX Colton Joseph WR Cayden Lee WR JJ Buchanan WR Duce Robinson,,,
544,5279559091,hbuhler,0,159.06001,FLEX Tony Diaz QB Ashton Daniels RB Jekail Middlebrook RB Ousmane Kromah S-FLEX Bryce Underwood WR Jeremiah Smith WR JJ Buchanan WR Patrick Overmyer,,,
544,5279487486,notlaw33,0,159.06,FLEX Chauncey Bowens QB Michael Hawkins Jr. RB Makhi Hughes RB Aiden Flora S-FLEX Conner Weigman WR Sacovie White-Helton WR Talyn Taylor WR Marquis Johnson,,,
546,5278260711,munz2245,0,158.98001,FLEX JJ Buchanan QB Michael Hawkins Jr. RB Matt Fuller RB Ousmane Kromah S-FLEX Colton Joseph WR Cayden Lee WR Talyn Taylor WR Patrick Overmyer,,,
547,5279060197,TheASSMAN1,0,158.95999,FLEX Cam Cook QB Bryce Underwood RB Aiden Flora RB Ousmane Kromah S-FLEX Colton Joseph WR JJ Buchanan WR Tyrell Henry WR Bailey Stockton,,,
548,5275630093,metzykid23,0,158.84,FLEX Ousmane Kromah QB Kamario Taylor RB Aiden Flora RB Darrion Dupree S-FLEX Austin Simmons WR Lotzeir Brooks WR Cayden Lee WR Sanfrisco Magee,,,
549,5279146447,jclee134,0,158.74,FLEX CJ Baxter QB Kamario Taylor RB Aiden Flora RB Ousmane Kromah S-FLEX Austin Simmons WR Amare Thomas WR Cayden Lee WR Duce Robinson,,,
550,5278804741,lfoster4,0,158.5,FLEX Kenny Darby QB Kamario Taylor RB Fluff Bothwell RB CJ Baxter S-FLEX Michael Hawkins Jr. WR Anthony Evans III WR Javon Tracy WR Duce Robinson,,,
551,5276044071,Sharkbite8,0,158.43999,FLEX Cayden Lee QB LaNorris Sellers RB Chauncey Bowens RB Ousmane Kromah S-FLEX Duce Robinson WR Jeremiah Smith WR Donovan Olugbode WR Talyn Taylor,,,
552,5278267468,wjh1540,0,158.36,FLEX Anthony Evans III QB Byrum Brown RB Chauncey Bowens RB Benjamin Hall S-FLEX Junior Sherrill WR Keshaun Singleton WR Cayden Lee WR Sanfrisco Magee,,,
553,5279015797,ZMurr72,0,158.26001,FLEX Talyn Taylor QB Beau Pribula RB Aiden Flora RB Ousmane Kromah S-FLEX Kamario Taylor WR Anthony Evans III WR Cayden Lee WR Rico Flores Jr.,,,
553,5279326528,CB420,0,158.26,FLEX Tony Diaz QB Beau Pribula RB Matt Fuller RB Aiden Flora S-FLEX Keyone Jenkins WR Jeremiah Smith WR Rico Flores Jr. WR Waden Charles,,,
555,5275446999,dmf224s,0,158.12,FLEX Cayden Lee QB Austin Simmons RB Ousmane Kromah RB Darrion Dupree S-FLEX Kamario Taylor WR Anthony Evans III WR Donovan Olugbode WR Sanfrisco Magee,,,
556,5278946901,dpinzon13,0,157.81999,FLEX Braylon Staley QB Austin Simmons RB Aiden Flora RB Re'Shaun Sanford II S-FLEX Keelon Russell WR Cayden Lee WR JJ Buchanan WR Kameron Courtney,,,
557,5279018109,des7169,0,157.44,FLEX Sanfrisco Magee QB Kamario Taylor RB Matt Fuller RB Aiden Flora S-FLEX Lotzeir Brooks WR Anthony Evans III WR JJ Buchanan WR Duce Robinson,,,
558,5278628278,c_losonic22,0,157.31999,FLEX JJ Buchanan QB Kamario Taylor RB Matt Fuller RB Duke Clark S-FLEX Austin Simmons WR Anthony Evans III WR Cayden Lee WR Rico Scott,,,
559,5279409148,mbunner23,0,157.04001,FLEX CJ Baxter QB Keelon Russell RB Aiden Flora RB Ousmane Kromah S-FLEX Kamario Taylor WR Cayden Lee WR Rico Flores Jr. WR Duce Robinson,,,
559,5279370252,shabbah,0,157.04,FLEX CJ Baxter QB Beau Pribula RB Cam Cook RB Jamal Roberts S-FLEX Aiden Flora WR Javon Tracy WR Kameron Courtney WR Shaun Terry II,,,
561,5279304814,Smackdog,0,157.02,FLEX Junior Sherrill QB Colton Joseph RB Cam Cook RB Ousmane Kromah S-FLEX Kamario Taylor WR Tyrell Henry WR Tony Diaz WR Patrick Overmyer,,,
562,5278581247,SoonersUnite,0,156.92,FLEX Ousmane Kromah QB Faizon Brandon RB DeSean Bishop RB Aiden Flora S-FLEX Colton Joseph WR Braylon Staley WR Tyrell Henry WR Rico Flores Jr.,,,
562,5279255706,lstoves07,0,156.92,FLEX DeSean Bishop QB Drake Lindsey RB Jeremiah Cobb RB Ousmane Kromah S-FLEX Kenny Minchey WR Mike Matthews WR Jordan Faison WR Devin McCuin,,,
564,5276468244,k_hintz,0,156.82,FLEX Zion Ragins QB Austin Simmons RB DeSean Bishop RB Duke Watson S-FLEX Beau Pribula WR Jeremiah Smith WR Jelani Thurman WR Brock Boyd,,,
565,5279135848,cdodson50,0,156.64,FLEX Matt Fuller QB Keelon Russell RB Aiden Flora RB Ousmane Kromah S-FLEX Kamario Taylor WR Donovan Olugbode WR Patrick Overmyer WR Mikkel Skinner,,,
566,5279553559,peter2018,0,156.45999,FLEX Reece Vander Zee QB Kamario Taylor RB Xavier Brown RB Legend Bey S-FLEX LaNorris Sellers WR Jeremiah Smith WR Anthony Evans III WR Micah Gilbert,,,
567,5279151323,RickRude69,0,156.40001,FLEX Rico Flores Jr. QB Michael Hawkins Jr. RB Aiden Flora RB Duke Clark S-FLEX Faizon Brandon WR Jeremiah Smith WR Talyn Taylor WR Duce Robinson,,,
568,5279360263,sirspur23,0,156.38002,FLEX Patrick Overmyer QB LaNorris Sellers RB Aiden Flora RB CJ Baxter S-FLEX Kamario Taylor WR Ryan Coleman-Williams WR Amare Thomas WR Duce Robinson,,,
568,5279471090,jonytiler,0,156.37999,FLEX Ousmane Kromah QB Bryce Underwood RB Aneyas Williams RB Aiden Flora S-FLEX Kamario Taylor WR Anthony Evans III WR JJ Buchanan WR Micahi Danzy,,,
570,5279553356,managyjr,0,156.36002,FLEX Aneyas Williams QB Ashton Daniels RB Jadan Baugh RB Ousmane Kromah S-FLEX LaNorris Sellers WR Jordan Faison WR Nyck Harbor WR Duce Robinson,,,
571,5279376954,lishad919,0,156.32,FLEX Micahi Danzy QB Ashton Daniels RB Cam Cook RB Dante Dowdell S-FLEX Keelon Russell WR Ryan Coleman-Williams WR Lotzeir Brooks WR Chris Brooks Jr.,,,
572,5278452380,WillS23,0,156.26001,FLEX Matt Fuller QB Beau Pribula RB Aiden Flora RB CJ Baxter S-FLEX Ashton Daniels WR Ryan Coleman-Williams WR Rico Flores Jr. WR Duce Robinson,,,
573,5279416454,chuck214,0,156.16002,FLEX Amare Thomas QB Keelon Russell RB Aiden Flora RB Ousmane Kromah S-FLEX LaNorris Sellers WR Lotzeir Brooks WR Rico Flores Jr. WR Duce Robinson,,,
573,5279073121,joeystorey813,0,156.15999,FLEX Willie Rodriguez QB Colton Joseph RB DeSean Bishop RB Matt Fuller S-FLEX Byrum Brown WR Keshaun Singleton WR Tyrell Henry WR Eugene Hilton Jr.,,,
575,5279171222,YeahThemCowboys,0,156.12,FLEX Matt Fuller QB Ashton Daniels RB CJ Baxter RB Duke Watson S-FLEX Austin Simmons WR Dallas Wilson WR Cayden Lee WR Jayvan Boggs,,,
576,5278344806,modece,0,156.06,FLEX Kenny Darby QB Kamario Taylor RB Matt Fuller RB Aiden Flora S-FLEX Beau Pribula WR Anthony Evans III WR Kameron Courtney WR Sacovie White-Helton,,,
577,5279475351,DillonJosephsen,0,155.76,FLEX Duce Robinson QB Bryce Underwood RB Aiden Flora RB Ousmane Kromah S-FLEX Jeremiah Smith WR Cayden Lee WR JJ Buchanan WR Andrew Marsh,,,
578,5279156331,Deano4367,0,155.62,FLEX Zion Ragins QB Kamario Taylor RB Ousmane Kromah RB Duke Clark S-FLEX Austin Simmons WR Anthony Evans III WR Cayden Lee WR Donovan Olugbode,,,
579,5279501971,luckyman4812,0,155.59999,FLEX Jadan Baugh QB Jaylen Raynor RB Aiden Flora RB Ousmane Kromah S-FLEX Ashton Daniels WR JJ Buchanan WR Tyrell Henry WR Duce Robinson,,,
580,5278977156,Uaintredi,0,155.52,FLEX Matt Fuller QB LaNorris Sellers RB Jadan Baugh RB DeSean Bishop S-FLEX Kenny Minchey WR Rico Flores Jr. WR Kenny Darby WR Lawson Luckie,,,
581,5279205367,Steven_1974,0,155.42,FLEX Cayden Lee QB Austin Simmons RB Jadan Baugh RB CJ Baxter S-FLEX Ashton Daniels WR JJ Buchanan WR Noah Jennings WR Duce Robinson,,,
582,5279295797,cdhernandez07,0,155.38,FLEX Willie Rodriguez QB Keelon Russell RB Matt Fuller RB Ousmane Kromah S-FLEX Kenny Minchey WR Ryan Coleman-Williams WR Donovan Olugbode WR Kenny Darby,,,
583,5279343984,Geauxgonzo,0,155.34,FLEX Matt Fuller QB Keelon Russell RB Aiden Flora RB Ousmane Kromah S-FLEX Kamario Taylor WR Tony Diaz WR Noah Jennings WR Duce Robinson,,,
584,5279482221,Scr0ll0,0,155.32,FLEX Reece Vander Zee QB Ashton Daniels RB Jadan Baugh RB Kamari Moulton S-FLEX Micahi Danzy WR Jeremiah Smith WR Cayden Lee WR Duce Robinson,,,
585,5279364596,Noles8814,0,155.2,FLEX Andrew Marsh QB Kamario Taylor RB Ousmane Kromah RB EJ Crowell S-FLEX Michael Hawkins Jr. WR Anthony Evans III WR Cayden Lee WR Duce Robinson,,,
586,5279177723,daivondeans,0,155.14,FLEX Jeremiah Smith QB Gunner Stockton RB Jaziun Patterson RB Daune Morris S-FLEX LaNorris Sellers WR Cayden Lee WR Nyck Harbor WR Micahi Danzy,,,
587,5279366410,TAS6811,0,155,FLEX Micahi Danzy QB Michael Hawkins Jr. RB Jadan Baugh RB Sedrick Alexander S-FLEX Kamario Taylor WR Anthony Evans III WR Talyn Taylor WR Mazeo Bennett Jr.,,,
587,5279526400,sae262201,0,155,FLEX Duce Robinson QB Kamario Taylor RB Ousmane Kromah RB J.J. Hill S-FLEX Michael Hawkins Jr. WR Anthony Evans III WR Cayden Lee WR JJ Buchanan,,,
589,5279359054,Milo_frontel,0,154.92001,FLEX Nyck Harbor QB Keelon Russell RB Jadan Baugh RB Aneyas Williams S-FLEX Ashton Daniels WR Jordan Faison WR Patrick Overmyer WR Duce Robinson,,,
590,5276218110,Grandy111,0,154.88,FLEX Quintrevion Wisner QB Conner Weigman RB Jekail Middlebrook RB Ousmane Kromah S-FLEX Kamario Taylor WR Anthony Evans III WR DJ Epps WR Duce Robinson,,,
591,5279543002,Ddeane17,0,154.76001,FLEX CJ Baxter QB Kamario Taylor RB Cam Cook RB Aiden Flora S-FLEX Beau Pribula WR Patrick Overmyer WR Duce Robinson WR Jacob Harris,,,
592,5279390145,Whodi361,0,154.74,FLEX Rico Flores Jr. QB Ashton Daniels RB Fluff Bothwell RB Ousmane Kromah S-FLEX Kamario Taylor WR Anthony Evans III WR Cayden Lee WR Duce Robinson,,,
593,5279447159,Husker-J,0,154.44,FLEX Jeremiah Smith QB Byrum Brown RB Jekail Middlebrook RB Marvis Parrish S-FLEX Michael Hawkins Jr. WR Patrick Overmyer WR Duce Robinson WR Jacquon Gibson,,,
594,5275698122,pvonka35,0,154.41998,FLEX Talyn Taylor QB LaNorris Sellers RB Matt Fuller RB Aiden Flora S-FLEX Conner Weigman WR JJ Buchanan WR Micah Gilbert WR Tyrell Henry,,,
595,5279365163,bbalticsquids,0,154.40001,FLEX Patrick Overmyer QB Kamario Taylor RB Aiden Flora RB Ousmane Kromah S-FLEX Byrum Brown WR Amare Thomas WR Cayden Lee WR Rico Flores Jr.,,,
595,5279339888,SirSpur78,0,154.4,FLEX JJ Buchanan QB Michael Hawkins Jr. RB Ousmane Kromah RB Duke Clark S-FLEX Kamario Taylor WR Anthony Evans III WR Cayden Lee WR Kedrick Triplett,,,
597,5279559621,FJobrien7,0,154.34,FLEX Dwight Phillips Jr. QB Beau Pribula RB Jadan Baugh RB Aiden Flora S-FLEX Austin Simmons WR Cayden Lee WR Rico Flores Jr. WR Jacob Harris,,,
598,5279483275,Luckydogz13,0,153.87999,FLEX Cayden Lee QB Michael Hawkins Jr. RB DeSean Bishop RB Daniel Hill S-FLEX Darrion Dupree WR JJ Buchanan WR DJ Epps WR Kameron Courtney,,,
599,5279352465,blackk82,0,153.78,FLEX Braylon Staley QB Conner Weigman RB Duke Clark RB Dwight Phillips Jr. S-FLEX Kamario Taylor WR Jeremiah Smith WR Trent Walker WR Jelani Thurman,,,
600,5278552926,cheezdawg,0,153.6,FLEX Jadan Baugh QB Gunner Stockton RB Chauncey Bowens RB Aiden Flora S-FLEX Kenny Minchey WR Talyn Taylor WR Patrick Overmyer WR Willie Rodriguez,,,
601,5279535843,jordanh415,0,153.42,FLEX Cayden Lee QB Colton Joseph RB Jadan Baugh RB Aneyas Williams S-FLEX Ashton Daniels WR Tyrell Henry WR Patrick Overmyer WR Duce Robinson,,,
602,5278522484,jmehta17,0,153.24,FLEX Matt Fuller QB Kamario Taylor RB Aiden Flora RB Ousmane Kromah S-FLEX Austin Simmons WR Cayden Lee WR Sanfrisco Magee WR Duce Robinson,,,
603,5278698886,Plug3154,0,153.20001,FLEX Cayden Lee QB Kamario Taylor RB Matt Fuller RB Nolan James Jr. S-FLEX Kenny Minchey WR Anthony Evans III WR Patrick Overmyer WR Nyck Harbor,,,
604,5278599631,Cubbiesftw23,0,152.94,FLEX Eric Singleton Jr. QB Keelon Russell RB Matt Fuller RB Aiden Flora S-FLEX Kamario Taylor WR Cayden Lee WR Patrick Overmyer WR Duce Robinson,,,
604,5279012609,cglenn91,0,152.94,FLEX Eric Singleton Jr. QB Kamario Taylor RB Matt Fuller RB Aiden Flora S-FLEX Keelon Russell WR Cayden Lee WR Patrick Overmyer WR Duce Robinson,,,
604,5279213048,Aj_cray,0,152.94,FLEX Eric Singleton Jr. QB Kamario Taylor RB Matt Fuller RB Aiden Flora S-FLEX Keelon Russell WR Cayden Lee WR Patrick Overmyer WR Duce Robinson,,,
607,5279456519,WMUFantasyStud2019,0,152.92001,FLEX CJ Baxter QB Ashton Daniels RB Jadan Baugh RB Ousmane Kromah S-FLEX Matt Fuller WR Cayden Lee WR Kenny Darby WR Duce Robinson,,,
608,5278846263,Tarheels3,0,152.79999,FLEX Willie Rodriguez QB Kamario Taylor RB Matt Fuller RB Ousmane Kromah S-FLEX Kenny Minchey WR Anthony Evans III WR Donovan Olugbode WR JJ Buchanan,,,
609,5279116184,bluewombat16,0,152.76001,FLEX Matt Fuller QB LaNorris Sellers RB Fluff Bothwell RB Ousmane Kromah S-FLEX Ashton Daniels WR Ryan Coleman-Williams WR Rico Flores Jr. WR Kenny Darby,,,
610,5279428616,wvucutter,0,152.72,FLEX Matt Fuller QB Kamario Taylor RB Jamal Roberts RB Ousmane Kromah S-FLEX Keelon Russell WR Noah Jennings WR Duce Robinson WR Willie Rodriguez,,,
611,5279534687,eness79,0,152.64,FLEX Kameron Courtney QB Kamario Taylor RB Matt Fuller RB Aiden Flora S-FLEX Ousmane Kromah WR Anthony Evans III WR Lotzeir Brooks WR Duce Robinson,,,
612,5278440247,tdezzy,0,152.6,FLEX Tony Diaz QB Michael Hawkins Jr. RB Cam Cook RB Ousmane Kromah S-FLEX Kamario Taylor WR Tyrell Henry WR Noah Jennings WR Patrick Overmyer,,,
612,5278624439,kcchiefsfan73,0,152.6,FLEX Cayden Lee QB Gunner Stockton RB Fluff Bothwell RB CJ Baxter S-FLEX Austin Simmons WR Anthony Evans III WR Patrick Overmyer WR Duce Robinson,,,
614,5279145270,oaktownchamps,0,152.54002,FLEX Darrion Dupree QB Kamario Taylor RB Aiden Flora RB Ousmane Kromah S-FLEX Colton Joseph WR Ryan Coleman-Williams WR Sanfrisco Magee WR Duce Robinson,,,
615,5277620828,YellowFly,0,152.52,FLEX Rico Scott QB Keelon Russell RB Ousmane Kromah RB Duke Clark S-FLEX Kamario Taylor WR Ryan Coleman-Williams WR Anthony Evans III WR Waden Charles,,,
616,5278689001,Mlstephenson88,0,152.48001,FLEX Micahi Danzy QB Keelon Russell RB Jadan Baugh RB CJ Baxter S-FLEX Kenny Minchey WR Ryan Coleman-Williams WR Jordan Shipp WR Kenny Darby,,,
617,5278299506,matthewwalsh,0,152.36,FLEX Willie Rodriguez QB Bryce Underwood RB Matt Fuller RB Ousmane Kromah S-FLEX Ashton Daniels WR Jeremiah Smith WR JJ Buchanan WR Duce Robinson,,,
618,5278988870,r_howell21,0,152.28001,FLEX Chas Nimrod QB Michael Hawkins Jr. RB Matt Fuller RB Darrion Dupree S-FLEX Austin Simmons WR Cayden Lee WR DJ Epps WR Sanfrisco Magee,,,
619,5278956762,Davidd0726,0,152.20001,FLEX Cayden Lee QB Conner Weigman RB Aiden Flora RB CJ Baxter S-FLEX Beau Pribula WR Amare Thomas WR Rico Flores Jr. WR Patrick Overmyer,,,
620,5279168096,Cvick20,0,151.86002,FLEX Jeremiah Smith QB Kamario Taylor RB Aiden Flora RB Ousmane Kromah S-FLEX Beau Pribula WR Marquis Johnson WR Patrick Overmyer WR Duce Robinson,,,
621,5276062476,mcclellan,0,151.74002,FLEX Ousmane Kromah QB Kamario Taylor RB Aiden Flora RB Darrion Dupree S-FLEX Keelon Russell WR Lotzeir Brooks WR Sanfrisco Magee WR Patrick Overmyer,,,
622,5278975348,jmostpa,0,151.61998,FLEX Ousmane Kromah QB Keelon Russell RB Aiden Flora RB Re'Shaun Sanford II S-FLEX Austin Simmons WR JJ Buchanan WR Andrew Marsh WR Tyrell Henry,,,
623,5279472185,ACVarley,0,151.57999,FLEX Aiden Flora QB Conner Weigman RB TJ Thomas RB Trae'shawn Brown S-FLEX Jadan Baugh WR DJ Vonnahme WR Jalen Smith WR Mazeo Bennett Jr.,,,
624,5279517571,CZillman,0,151.34,FLEX Aiden Flora QB Ashton Daniels RB Jadan Baugh RB Chauncey Bowens S-FLEX Javon Tracy WR JJ Buchanan WR Sanfrisco Magee WR Tyrell Henry,,,
625,5279539940,Money-Maker-Mooney,0,151.27998,FLEX Ousmane Kromah QB Michael Hawkins Jr. RB DeSean Bishop RB Daniel Hill S-FLEX Micah Gilbert WR Jordan Faison WR Javon Tracy WR Rico Flores Jr.,,,
626,5279180977,sasmallen,0,151.24,FLEX Fluff Bothwell QB Colton Joseph RB Aiden Flora RB Ousmane Kromah S-FLEX Kamario Taylor WR Cayden Lee WR Rico Flores Jr. WR Duce Robinson,,,
627,5279244680,brownbsr,0,150.92,FLEX Ousmane Kromah QB Colton Joseph RB Fluff Bothwell RB Aiden Flora S-FLEX Matt Fuller WR Cayden Lee WR JJ Buchanan WR Chris Brooks Jr.,,,
628,5276077872,NicNPatsFan,0,150.90001,FLEX Tyrell Henry QB Kamario Taylor RB Matt Fuller RB Ousmane Kromah S-FLEX Michael Hawkins Jr. WR Anthony Evans III WR Patrick Overmyer WR Duce Robinson,,,
629,5277293713,Playonplayah,0,150.78001,FLEX Ousmane Kromah QB Kamario Taylor RB Aiden Flora RB CJ Baxter S-FLEX LaNorris Sellers WR Amare Thomas WR JJ Buchanan WR Duce Robinson,,,
629,5279036777,DONSbaseball,0,150.78,FLEX Cayden Lee QB Michael Hawkins Jr. RB Omar Mabson II RB Xavier Brown S-FLEX Keelon Russell WR Ryan Coleman-Williams WR DJ Epps WR Rico Flores Jr.,,,
631,5278918186,carlbailey,0,150.74,FLEX Cam Cook QB Ashton Daniels RB DeSean Bishop RB Ousmane Kromah S-FLEX Beau Pribula WR Eric Singleton Jr. WR Rico Flores Jr. WR Duce Robinson,,,
632,5279074710,gators83,0,150.66,FLEX Willie Rodriguez QB LaNorris Sellers RB Matt Fuller RB CJ Baxter S-FLEX Kamario Taylor WR Anthony Evans III WR JJ Buchanan WR Sanfrisco Magee,,,
633,5278430479,Goatropers,0,150.54001,FLEX Tony Diaz QB Kamario Taylor RB DeSean Bishop RB Ousmane Kromah S-FLEX Beau Pribula WR Anthony Evans III WR Sanfrisco Magee WR Patrick Overmyer,,,
634,5279211393,motherfish,0,150.5,FLEX Fluff Bothwell QB Michael Hawkins Jr. RB Matt Fuller RB Duke Clark S-FLEX Ashton Daniels WR JJ Buchanan WR DJ Epps WR Duce Robinson,,,
635,5278542715,JB00GlE,0,150.44,FLEX Duce Robinson QB Kamario Taylor RB Matt Fuller RB Aiden Flora S-FLEX Rico Flores Jr. WR Ryan Coleman-Williams WR Anthony Evans III WR Sanfrisco Magee,,,
636,5277259403,Merlin81,0,150.34,FLEX Amare Thomas QB Kamario Taylor RB Matt Fuller RB Aiden Flora S-FLEX Austin Simmons WR Junior Sherrill WR Sanfrisco Magee WR Eric Singleton Jr.,,,
637,5279388630,1tafranks,0,150.32,FLEX JJ Buchanan QB Austin Simmons RB Chauncey Bowens RB Duke Clark S-FLEX Kamario Taylor WR Anthony Evans III WR Cayden Lee WR Patrick Overmyer,,,
638,5279163956,telles3,0,150.3,FLEX Junior Sherrill QB Keelon Russell RB Aneyas Williams RB Duke Watson S-FLEX Cayden Lee WR Anthony Evans III WR JJ Buchanan WR Rico Flores Jr.,,,
639,5278646315,viperkd23,0,150.22,FLEX Talyn Taylor QB Kamario Taylor RB Cam Cook RB Nolan James Jr. S-FLEX Anthony Evans III WR Cayden Lee WR Patrick Overmyer WR Duce Robinson,,,
640,5279374110,FlowARC,0,150.1,FLEX JJ Buchanan QB Keelon Russell RB Jekail Middlebrook RB Ousmane Kromah S-FLEX Anthony Evans III WR Amare Thomas WR DJ Epps WR Patrick Overmyer,,,
641,5279078016,BigBrixey,0,150.08,FLEX Duce Robinson QB Conner Weigman RB Cam Cook RB Duke Watson S-FLEX Ashton Daniels WR Amare Thomas WR Rico Flores Jr. WR Patrick Overmyer,,,
642,5279397939,thetoombstone,0,149.92001,FLEX Eric Singleton Jr. QB Kamario Taylor RB Matt Fuller RB Ousmane Kromah S-FLEX Keelon Russell WR Anthony Evans III WR Jelani Thurman WR Patrick Overmyer,,,
643,5278924793,ParkerSoSerious,0,149.86,FLEX Duce Robinson QB Bryce Underwood RB Jadan Baugh RB Aiden Flora S-FLEX Austin Simmons WR Cayden Lee WR Donovan Olugbode WR Micahi Danzy,,,
644,5279078958,swarrsd,0,149.7,FLEX Fluff Bothwell QB Kamario Taylor RB Ousmane Kromah RB Jaziun Patterson S-FLEX Michael Hawkins Jr. WR Anthony Evans III WR Duce Robinson WR Rico Scott,,,
645,5279074349,cecilspringer,0,149.54,FLEX Chauncey Bowens QB Beau Pribula RB Aiden Flora RB Kamari Moulton S-FLEX Micah Gilbert WR Anthony Evans III WR Cayden Lee WR Rico Flores Jr.,,,
646,5279539527,TheMightyE,0,149.43999,FLEX CJ Baxter QB Kamario Taylor RB Matt Fuller RB Aiden Flora S-FLEX Cam Cook WR Tyrell Henry WR Duce Robinson WR DJ Vonnahme,,,
647,5279168198,randomjank,0,149.42001,FLEX Duce Robinson QB Kamario Taylor RB Jadan Baugh RB Jamal Roberts S-FLEX Austin Simmons WR Cayden Lee WR Patrick Overmyer WR Malachi Coleman,,,
648,5276668862,capt_buzzkill,0,149.4,FLEX Matt Fuller QB Conner Weigman RB Aiden Flora RB Ousmane Kromah S-FLEX Kamario Taylor WR JJ Buchanan WR Omari Hayes WR Duce Robinson,,,
649,5278472570,EmpireofL,0,149.36,FLEX Cayden Lee QB Bryce Underwood RB Aiden Flora RB Duke Clark S-FLEX Austin Simmons WR Amare Thomas WR Donovan Olugbode WR JJ Buchanan,,,
650,5276964354,TheHyperCritic,0,149.16,FLEX Duce Robinson QB Hank Brown RB Daniel Hill RB Ousmane Kromah S-FLEX Michael Hawkins Jr. WR Jeremiah Smith WR Junior Sherrill WR Tony Diaz,,,
651,5278376871,bboshea,0,149.02,FLEX Rico Scott QB Kamario Taylor RB Ousmane Kromah RB Darrion Dupree S-FLEX Keelon Russell WR Ryan Coleman-Williams WR Anthony Evans III WR Duce Robinson,,,
652,5278990449,bytordws,0,148.86,FLEX Micahi Danzy QB Conner Weigman RB Jadan Baugh RB Braeden Jackson S-FLEX Jacob Harris WR Jeremiah Smith WR Cayden Lee WR Chris Brooks Jr.,,,
653,5279499988,bulldog8136,0,148.84,FLEX Eric Singleton Jr. QB Kamario Taylor RB Aiden Flora RB Ousmane Kromah S-FLEX Keelon Russell WR Cayden Lee WR Sanfrisco Magee WR Tyrell Henry,,,
654,5278681784,MartyG1948,0,148.78001,FLEX Noah Jennings QB Michael Hawkins Jr. RB Jadan Baugh RB Ousmane Kromah S-FLEX Rico Flores Jr. WR Jeremiah Smith WR Henry Boyer WR Micahi Danzy,,,
655,5276034266,Babysnatcha,0,148.64001,FLEX JJ Buchanan QB Ashton Daniels RB Jamal Roberts RB Matt Fuller S-FLEX Beau Pribula WR Dallas Wilson WR Rico Flores Jr. WR Duce Robinson,,,
656,5279199542,meitbe2014,0,148.58,FLEX Kenny Darby QB Keelon Russell RB Fluff Bothwell RB Dwight Phillips Jr. S-FLEX Michael Hawkins Jr. WR Ryan Coleman-Williams WR Trent Walker WR Rico Flores Jr.,,,
657,5279453323,Satch65,0,148.54001,FLEX Willie Rodriguez QB Kamario Taylor RB Aiden Flora RB Ousmane Kromah S-FLEX Faizon Brandon WR Anthony Evans III WR Mike Matthews WR Braylon Staley,,,
658,5279014941,mschle,0,148.52,FLEX Tyrell Henry QB Keelon Russell RB Jadan Baugh RB Aiden Flora S-FLEX Matt Fuller WR Rico Flores Jr. WR Patrick Overmyer WR Kenny Darby,,,
658,5279162937,ipt007,0,148.52,FLEX Ousmane Kromah QB Kamario Taylor RB Darrion Dupree RB Dwight Phillips Jr. S-FLEX Keelon Russell WR Anthony Evans III WR Lotzeir Brooks WR Duce Robinson,,,
660,5279464084,NaderHader,0,148.34,FLEX Duce Robinson QB Kamario Taylor RB Jadan Baugh RB Matt Fuller S-FLEX Ashton Daniels WR Anthony Evans III WR Chris Brooks Jr. WR Micahi Danzy,,,
661,5279389078,taycarter,0,148.16,FLEX Ryan Coleman-Williams QB Keelon Russell RB Aiden Flora RB Dwight Phillips Jr. S-FLEX Bryce Underwood WR JJ Buchanan WR Andrew Marsh WR Patrick Overmyer,,,
662,5279204995,josephel,0,148.12,FLEX Nate Roberts QB Kamario Taylor RB CJ Baxter RB Duke Clark S-FLEX Keelon Russell WR Ryan Coleman-Williams WR Anthony Evans III WR Rico Scott,,,
663,5275456382,bunny2016,0,148.04001,FLEX Noah Jennings QB LaNorris Sellers RB Jadan Baugh RB CJ Baxter S-FLEX Jeremiah Smith WR Tyrell Henry WR Tony Diaz WR Malachi Coleman,,,
664,5277249576,thutja,0,148.01999,FLEX CJ Baxter QB Kamario Taylor RB Ousmane Kromah RB Darrion Dupree S-FLEX DeSean Bishop WR Anthony Evans III WR Javon Tracy WR Tyrell Henry,,,
665,5279352309,paigem21,0,147.95999,FLEX Patrick Overmyer QB Kamario Taylor RB Cam Cook RB Aiden Flora S-FLEX Beau Pribula WR JJ Buchanan WR Duce Robinson WR Jacob Harris,,,
666,5275909259,john_jack,0,147.94002,FLEX Duce Robinson QB Kamario Taylor RB Aiden Flora RB Ousmane Kromah S-FLEX Keelon Russell WR Ryan Coleman-Williams WR Sanfrisco Magee WR Patrick Overmyer,,,
667,5278959261,Antrome,0,147.7,FLEX Jason Patterson QB Austin Simmons RB Duke Clark RB John Hebert S-FLEX Colton Joseph WR Jeremiah Smith WR Donovan Olugbode WR Tyrell Henry,,,
668,5278965493,makeitrain33,0,147.48001,FLEX Rico Flores Jr. QB Michael Hawkins Jr. RB Jadan Baugh RB Xay Davis S-FLEX Patrick Overmyer WR Jeremiah Smith WR Tyrell Henry WR Kenny Darby,,,
669,5279280607,JQuailman,0,147.24,FLEX Braylon Staley QB Kamario Taylor RB Aiden Flora RB Ousmane Kromah S-FLEX Faizon Brandon WR Anthony Evans III WR JJ Buchanan WR Patrick Overmyer,,,
670,5277431623,greenstephen3,0,147.14001,FLEX Ryan Coleman-Williams QB Austin Simmons RB CJ Baxter RB Duke Clark S-FLEX LaNorris Sellers WR Donovan Olugbode WR JJ Buchanan WR DJ Epps,,,
671,5276812468,brodd4,0,146.98,FLEX Darrion Dupree QB Conner Weigman RB Matt Fuller RB Aiden Flora S-FLEX Keelon Russell WR Micah Gilbert WR Rico Flores Jr. WR Duce Robinson,,,
672,5279446918,BarnettBaller04,0,146.94,FLEX Craig Dandridge QB Keyone Jenkins RB Jadan Baugh RB Aiden Flora S-FLEX Keelon Russell WR Cayden Lee WR JJ Buchanan WR Bailey Stockton,,,
673,5279005612,foofighters1977,0,146.76001,FLEX Jadan Baugh QB Keelon Russell RB Aiden Flora RB Ousmane Kromah S-FLEX LaNorris Sellers WR Nyck Harbor WR Duce Robinson WR Kaleb Edwards,,,
674,5275662512,LucaButt,0,146.72,FLEX Kenny Darby QB Kamario Taylor RB Matt Fuller RB Hunter Barnes S-FLEX Keelon Russell WR Anthony Evans III WR Lotzeir Brooks WR Eugene Hilton Jr.,,,
675,5276146592,hello35,0,146.54001,FLEX Kameron Courtney QB Kamario Taylor RB DeSean Bishop RB Ousmane Kromah S-FLEX Beau Pribula WR Anthony Evans III WR Tyrell Henry WR Rico Scott,,,
676,5279359385,Cpappa27,0,146.46,FLEX Patrick Overmyer QB Keelon Russell RB Trae'shawn Brown RB EJ Crowell S-FLEX Conner Weigman WR Ryan Coleman-Williams WR Amare Thomas WR Rico Scott,,,
677,5279203909,kylejay07,0,146.44,FLEX Rico Flores Jr. QB Kamario Taylor RB Ousmane Kromah RB Duke Clark S-FLEX Ashton Daniels WR Jeremiah Smith WR JJ Buchanan WR Duce Robinson,,,
678,5275585610,oddmanout7,0,146.40001,FLEX Dominic Overby QB Michael Hawkins Jr. RB Ousmane Kromah RB EJ Crowell S-FLEX Kamario Taylor WR Jeremiah Smith WR Sanfrisco Magee WR Duce Robinson,,,
679,5279048581,methington23,0,146.12,FLEX Amare Thomas QB LaNorris Sellers RB Aiden Flora RB Kamari Moulton S-FLEX Conner Weigman WR JJ Buchanan WR Tyrell Henry WR Rico Flores Jr.,,,
680,5279557662,jdmehrkens,0,146.08,FLEX Waden Charles QB Aaron Philo RB Re'Shaun Sanford II RB Trae'shawn Brown S-FLEX Fluff Bothwell WR Jeremiah Smith WR Donovan Olugbode WR Jelani Thurman,,,
681,5276743837,mjfawcett83,0,145.86,FLEX Eric Singleton Jr. QB Michael Hawkins Jr. RB Cam Cook RB CJ Baxter S-FLEX Aaron Philo WR Cayden Lee WR Omari Hayes WR Amir Jackson,,,
682,5279322489,slpanthers24,0,145.72,FLEX Aiden Flora QB Keelon Russell RB Chauncey Bowens RB Darrion Dupree S-FLEX Donovan Olugbode WR Lotzeir Brooks WR Micah Gilbert WR Kameron Courtney,,,
683,5276429302,CFinch,0,145.58,FLEX Rico Flores Jr. QB Jaylen Raynor RB Aiden Flora RB Darrion Dupree S-FLEX Jadan Baugh WR Jeremiah Smith WR Omari Hayes WR Duce Robinson,,,
684,5279266348,corn12365,0,145.56,FLEX Tony Diaz QB Keelon Russell RB Matt Fuller RB Ousmane Kromah S-FLEX Conner Weigman WR Amare Thomas WR Noah Jennings WR Rico Scott,,,
685,5279431820,tampayardie,0,145.5,FLEX Donovan Olugbode QB Michael Hawkins Jr. RB Ousmane Kromah RB Sedrick Alexander S-FLEX Kamario Taylor WR JJ Buchanan WR Junior Sherrill WR Javon Tracy,,,
686,5279368212,armydave72,0,145.48001,FLEX Tyrell Henry QB Keelon Russell RB Cam Cook RB Ousmane Kromah S-FLEX Michael Hawkins Jr. WR Talyn Taylor WR Patrick Overmyer WR Duce Robinson,,,
687,5279092741,michael.g.christe,0,145.46,FLEX Aiden Flora QB Bryce Underwood RB DeSean Bishop RB Duke Clark S-FLEX Gunner Stockton WR JJ Buchanan WR Braylon Staley WR Talyn Taylor,,,
688,5276040513,Frunk_as_Duck,0,145.42,FLEX Zion Ragins QB Kamario Taylor RB Aiden Flora RB Duke Watson S-FLEX Michael Hawkins Jr. WR Amare Thomas WR Sanfrisco Magee WR Eric Singleton Jr.,,,
689,5275987464,mgoblue123,0,145.3,FLEX Matt Fuller QB Michael Hawkins Jr. RB Jamal Roberts RB Ousmane Kromah S-FLEX Kamario Taylor WR Micah Gilbert WR Duce Robinson WR Craig Dandridge,,,
690,5276078007,Fatjack7,0,145.24,FLEX Ryan Coleman-Williams QB Ashton Daniels RB Jamal Roberts RB Fluff Bothwell S-FLEX Kamario Taylor WR Zion Ragins WR Rico Flores Jr. WR Duce Robinson,,,
691,5279217727,redbrick22,0,145.12001,FLEX Matt Fuller QB Austin Simmons RB Ousmane Kromah RB Dwight Phillips Jr. S-FLEX Beau Pribula WR Anthony Evans III WR Cayden Lee WR Rico Flores Jr.,,,
691,5279525733,connorshiro64,0,145.12,FLEX Anthony Evans III QB Kamario Taylor RB Matt Fuller RB Ousmane Kromah S-FLEX Cayden Lee WR JJ Buchanan WR Junior Sherrill WR Rico Flores Jr.,,,
693,5279328795,rramsey23,0,145.1,FLEX JJ Buchanan QB Keelon Russell RB Jadan Baugh RB Aiden Flora S-FLEX Kenny Minchey WR Sanfrisco Magee WR Duce Robinson WR Dominic Overby,,,
693,5279507019,JayMan8955,0,145.1,FLEX Willie Rodriguez QB Austin Simmons RB Jadan Baugh RB Ousmane Kromah S-FLEX Keelon Russell WR Donovan Olugbode WR Da'Shawn Martin WR Rico Scott,,,
695,5279551954,imtdy35,0,145.02,FLEX Jeremiah Smith QB Kamario Taylor RB Ousmane Kromah RB Braeden Jackson S-FLEX Cayden Lee WR JJ Buchanan WR Junior Sherrill WR Rico Flores Jr.,,,
696,5279165075,ChazzDaMan2020,0,144.95999,FLEX Darrion Dupree QB Kenny Minchey RB Cam Cook RB Matt Fuller S-FLEX Michael Hawkins Jr. WR Braylon Staley WR Tyrell Henry WR Willie Rodriguez,,,
697,5279120980,twinsfan5,0,144.92,FLEX Talyn Taylor QB Kamario Taylor RB Darrion Dupree RB Dwight Phillips Jr. S-FLEX Keelon Russell WR Ryan Coleman-Williams WR Anthony Evans III WR Zion Ragins,,,
698,5279535600,carlsone,0,144.8,FLEX Ousmane Kromah QB LaNorris Sellers RB Jamal Roberts RB Duke Watson S-FLEX Conner Weigman WR Amare Thomas WR Eric Singleton Jr. WR Duce Robinson,,,
699,5274964958,ufxgatorbox,0,144.64001,FLEX Duke Watson QB Ashton Daniels RB Cam Cook RB Darrion Dupree S-FLEX Kamario Taylor WR Cayden Lee WR Rico Flores Jr. WR Duce Robinson,,,
699,5279212542,Jonny3stix,0,144.64001,FLEX Tony Diaz QB Beau Pribula RB Matt Fuller RB Ousmane Kromah S-FLEX Ashton Daniels WR Jeremiah Smith WR Rico Flores Jr. WR Duce Robinson,,,
701,5279046006,Swerv504,0,144.24,FLEX CJ Baxter QB Kamario Taylor RB Aiden Flora RB Darrion Dupree S-FLEX Keelon Russell WR Ryan Coleman-Williams WR Marquis Johnson WR Duce Robinson,,,
701,5279375867,glloyd95,0,144.23999,FLEX Aiden Flora QB Kamario Taylor RB Cam Cook RB Matt Fuller S-FLEX Ousmane Kromah WR Tyrell Henry WR Rico Flores Jr. WR Willie Rodriguez,,,
703,5276221633,JTFarley,0,144.22,FLEX Duce Robinson QB Keelon Russell RB DeSean Bishop RB Darrion Dupree S-FLEX Kamario Taylor WR Ryan Coleman-Williams WR Sanfrisco Magee WR Rico Scott,,,
703,5279277152,wbergland,0,144.22,FLEX Duce Robinson QB Keelon Russell RB DeSean Bishop RB Darrion Dupree S-FLEX Kamario Taylor WR Ryan Coleman-Williams WR Sanfrisco Magee WR Rico Scott,,,
705,5279424843,stayeduptolate,0,143.92,FLEX Cayden Lee QB Kamario Taylor RB Fluff Bothwell RB Aneyas Williams S-FLEX Austin Simmons WR Anthony Evans III WR Patrick Overmyer WR Omari Hayes,,,
706,5279487821,aceirishman,0,143.90001,FLEX Ryan Coleman-Williams QB Keelon Russell RB DeSean Bishop RB Ousmane Kromah S-FLEX Austin Simmons WR Rico Flores Jr. WR Talyn Taylor WR Patrick Overmyer,,,
707,5278858459,darockfather,0,143.8,FLEX Patrick Overmyer QB Keelon Russell RB DeSean Bishop RB EJ Crowell S-FLEX Austin Simmons WR Lotzeir Brooks WR Mike Matthews WR Rico Flores Jr.,,,
708,5279286962,brockmj211,0,143.72002,FLEX Duce Robinson QB Bryce Underwood RB Aiden Flora RB Ousmane Kromah S-FLEX Byrum Brown WR Keshaun Singleton WR Cayden Lee WR JJ Buchanan,,,
709,5278839202,SkyU27,0,143.66,FLEX Jeremiah Koger QB Beau Pribula RB Aiden Flora RB Ousmane Kromah S-FLEX Kamario Taylor WR Anthony Evans III WR JJ Buchanan WR Javon Tracy,,,
710,5278674521,timothymanning82,0,143.62001,FLEX Willie Rodriguez QB Beau Pribula RB Cam Cook RB Chauncey Bowens S-FLEX Colton Joseph WR Donovan Olugbode WR Tyrell Henry WR Patrick Overmyer,,,
711,5279222796,tbjones2121,0,143.56001,FLEX Thomas Blackshear QB Keelon Russell RB DeSean Bishop RB Ousmane Kromah S-FLEX Jaylen Raynor WR Ryan Coleman-Williams WR Lotzeir Brooks WR Dominic Overby,,,
712,5275649649,motorcity2mo,0,143.43999,FLEX Aiden Flora QB Kamario Taylor RB Matt Fuller RB Duke Watson S-FLEX Austin Simmons WR Donovan Olugbode WR Andrew Marsh WR Marquis Johnson,,,
713,5279550492,jsink2992,0,143.42,FLEX Cayden Lee QB Austin Simmons RB Matt Fuller RB Fluff Bothwell S-FLEX Ashton Daniels WR Ryan Coleman-Williams WR Rico Flores Jr. WR Patrick Overmyer,,,
714,5278690803,porschedrivergt,0,143.36,FLEX Bailey Stockton QB Conner Weigman RB Jadan Baugh RB Cam Cook S-FLEX Austin Simmons WR Patrick Overmyer WR Koby Young WR Josh Derry,,,
715,5278374472,lewisdix,0,143.3,FLEX Noah Jennings QB Keelon Russell RB Cam Cook RB Ousmane Kromah S-FLEX Junior Sherrill WR Amare Thomas WR Tyrell Henry WR Tony Diaz,,,
716,5279496103,rb53288,0,143.22,FLEX Matt Fuller QB Austin Simmons RB Jadan Baugh RB Ousmane Kromah S-FLEX Ashton Daniels WR JJ Buchanan WR Duce Robinson WR Rico Scott,,,
717,5279499821,mhayden317,0,143.18002,FLEX Duce Robinson QB Colton Joseph RB Jadan Baugh RB Ousmane Kromah S-FLEX Michael Hawkins Jr. WR Tyrell Henry WR Noah Jennings WR Patrick Overmyer,,,
718,5275632115,dmoorehead79,0,143.12001,FLEX Jadan Baugh QB Keelon Russell RB Aiden Flora RB Ousmane Kromah S-FLEX Cayden Lee WR Rico Flores Jr. WR Patrick Overmyer WR Duce Robinson,,,
719,5278603569,scroggs811,0,143.02,FLEX Matt Fuller QB Kamario Taylor RB Ousmane Kromah RB Duke Clark S-FLEX Austin Simmons WR Cayden Lee WR Donovan Olugbode WR Kenny Darby,,,
720,5279319400,KV916,0,142.94,FLEX Matt Fuller QB Kenny Minchey RB Makhi Hughes RB Benjamin Hall S-FLEX Conner Weigman WR Amare Thomas WR Junior Sherrill WR Kenny Darby,,,
721,5279388748,ineedadolla,0,142.92,FLEX Makhi Hughes QB Ashton Daniels RB Nolan James Jr. RB Chauncey Bowens S-FLEX Duke Clark WR Jordan Faison WR JJ Buchanan WR Micah Gilbert,,,
722,5279432779,Dr_Henry_Pride,0,142.86,FLEX Omari Hayes QB Keelon Russell RB Aiden Flora RB CJ Baxter S-FLEX Bryce Underwood WR Lotzeir Brooks WR JJ Buchanan WR Andrew Marsh,,,
723,5278245845,kelly11607,0,142.84,FLEX Matt Fuller QB Michael Hawkins Jr. RB Bo Jackson RB CJ Baxter S-FLEX Jaylen Raynor WR DJ Epps WR Tony Diaz WR Omari Hayes,,,
724,5278700353,sehanshaw,0,142.74,FLEX Nate Roberts QB Kenny Minchey RB Matt Fuller RB Aneyas Williams S-FLEX Conner Weigman WR Jeremiah Smith WR Talyn Taylor WR Patrick Overmyer,,,
724,5279185387,firefighterdusty,0,142.73999,FLEX JJ Buchanan QB Austin Simmons RB Aiden Flora RB Kamari Moulton S-FLEX Beau Pribula WR Cayden Lee WR Donovan Olugbode WR Rico Flores Jr.,,,
726,5279357173,brockwbb,0,142.72,FLEX TJ Thomas QB Bryce Underwood RB Aiden Flora RB Jason Patterson S-FLEX Conner Weigman WR JJ Buchanan WR Micah Gilbert WR Junior Sherrill,,,
727,5279150447,Zeek2420,0,142.52,FLEX Junior Sherrill QB Keelon Russell RB Duke Clark RB Preston Hatfield S-FLEX Kamario Taylor WR Anthony Evans III WR Lotzeir Brooks WR Sanfrisco Magee,,,
728,5279285881,hornsup,0,142.3,FLEX Micahi Danzy QB Aaron Philo RB Matt Fuller RB Aiden Flora S-FLEX Faizon Brandon WR Dallas Wilson WR Jordan Faison WR Braylon Staley,,,
729,5278950550,jean_bordeaux,0,142.22,FLEX JJ Buchanan QB Kamario Taylor RB Ousmane Kromah RB Duke Clark S-FLEX Austin Simmons WR Anthony Evans III WR Cayden Lee WR Sanfrisco Magee,,,
729,5279087647,BlaBla,0,142.22,FLEX Javon Tracy QB Keelon Russell RB Matt Fuller RB Ousmane Kromah S-FLEX Kamario Taylor WR Anthony Evans III WR Omari Hayes WR Waden Charles,,,
731,5275612098,broth131,0,142.20001,FLEX Matt Fuller QB Colton Joseph RB CJ Baxter RB Ousmane Kromah S-FLEX Austin Simmons WR Cayden Lee WR Andrew Marsh WR Sanfrisco Magee,,,
731,5279202855,Hpd273,0,142.2,FLEX Cayden Lee QB Keelon Russell RB Aiden Flora RB Xavier Williams S-FLEX Aaron Philo WR Lotzeir Brooks WR Zion Ragins WR Eric Singleton Jr.,,,
733,5279098054,deckdaddy,0,142.16,FLEX Javon Tracy QB LaNorris Sellers RB CJ Baxter RB Ousmane Kromah S-FLEX Kamario Taylor WR Cayden Lee WR JJ Buchanan WR Junior Sherrill,,,
733,5279161575,bdoss1982,0,142.16,FLEX Bailey Stockton QB Conner Weigman RB Nolan James Jr. RB TJ Thomas S-FLEX Cayden Lee WR Jeremiah Smith WR Amare Thomas WR Jonathan Bibbs,,,
735,5279476993,Gabe3524,0,142.06001,FLEX Henry Boyer QB Conner Weigman RB Jadan Baugh RB Cam Cook S-FLEX Colton Joseph WR Tony Diaz WR Jayvontay Conner WR Malachi Coleman,,,
736,5278219690,murthy89,0,141.98001,FLEX Braylon Staley QB Byrum Brown RB Aneyas Williams RB Aiden Flora S-FLEX Faizon Brandon WR Keshaun Singleton WR Mike Matthews WR Cody Jackson,,,
737,5279560245,houstonreese,0,141.96002,FLEX Donovan Olugbode QB Conner Weigman RB Cam Cook RB Darrion Dupree S-FLEX Austin Simmons WR Amare Thomas WR Koby Young WR Waden Charles,,,
737,5279481594,thejulionation,0,141.96,FLEX Patrick Overmyer QB Keelon Russell RB Fluff Bothwell RB Aiden Flora S-FLEX Bryce Underwood WR Donovan Olugbode WR JJ Buchanan WR Tony Diaz,,,
739,5279180367,rosshix2,0,141.92001,FLEX Sanfrisco Magee QB Kamario Taylor RB Jamal Roberts RB Ousmane Kromah S-FLEX Keelon Russell WR Cayden Lee WR Braylon Staley WR DeShawn Spencer,,,
740,5278796076,jmjones69,0,141.64,FLEX Jaziun Patterson QB Kamario Taylor RB Aiden Flora RB EJ Crowell S-FLEX Keelon Russell WR Lotzeir Brooks WR Sanfrisco Magee WR Dominic Overby,,,
741,5279495703,R0xie12345,0,141.48,FLEX Sanfrisco Magee QB Michael Hawkins Jr. RB Ousmane Kromah RB J.J. Hill S-FLEX Keisean Henderson WR Jeremiah Smith WR Rico Flores Jr. WR Kenny Darby,,,
742,5279449396,ppass,0,141.46,FLEX Mike Matthews QB Conner Weigman RB Bo Jackson RB Ousmane Kromah S-FLEX Bailey Stockton WR Jeremiah Smith WR Noah Jennings WR Patrick Overmyer,,,
743,5279519106,Marbrand,0,141.32,FLEX Braylon Staley QB Austin Simmons RB Jadan Baugh RB Matt Fuller S-FLEX Ashton Daniels WR Cayden Lee WR Patrick Overmyer WR Duce Robinson,,,
744,5279350824,casino3521981,0,141.28001,FLEX Amare Thomas QB Michael Hawkins Jr. RB Aneyas Williams RB Ousmane Kromah S-FLEX Colton Joseph WR JJ Buchanan WR Tyrell Henry WR Patrick Overmyer,,,
745,5279218811,All_Day_LJ,0,141.14001,FLEX Craig Dandridge QB Michael Hawkins Jr. RB Jadan Baugh RB Cam Cook S-FLEX Conner Weigman WR Duce Robinson WR Willie Rodriguez WR Thomas Blackshear,,,
746,5275114778,blakeb221,0,141.08,FLEX Micah Gilbert QB Drake Lindsey RB Darius Taylor RB Ousmane Kromah S-FLEX LaNorris Sellers WR Ryan Coleman-Williams WR Anthony Evans III WR Duce Robinson,,,
746,5279371593,stiles_12,0,141.08,FLEX DeSean Bishop QB Kamario Taylor RB Matt Fuller RB Ousmane Kromah S-FLEX Conner Weigman WR Sanfrisco Magee WR Patrick Overmyer WR Thomas Blackshear,,,
748,5279417601,RPowell1103,0,141.04001,FLEX Waden Charles QB Aaron Philo RB Jadan Baugh RB DeSean Bishop S-FLEX CJ Carr WR Jordan Faison WR Trech Kekahuna WR Micah Jones,,,
749,5279397640,KOVO88,0,141.00002,FLEX Ousmane Kromah QB Conner Weigman RB Fluff Bothwell RB Aiden Flora S-FLEX Beau Pribula WR Cayden Lee WR Patrick Overmyer WR Duce Robinson,,,
750,5279522753,DBrownFF88,0,140.84,FLEX Eric Singleton Jr. QB Kamario Taylor RB Jadan Baugh RB Aiden Flora S-FLEX Austin Simmons WR Cayden Lee WR Rico Flores Jr. WR Micahi Danzy,,,
751,5278389098,gnutz11,0,140.56,FLEX Kyle Parker QB Colton Joseph RB Darrion Dupree RB Jabree Coleman S-FLEX Julian Sayin WR Jeremiah Smith WR Tyrell Henry WR Chrishon McCray,,,
752,5279377950,triguy85,0,140.48001,FLEX Junior Sherrill QB Michael Hawkins Jr. RB Cam Cook RB Jaziun Patterson S-FLEX Duce Robinson WR JJ Buchanan WR Tyrell Henry WR Tony Diaz,,,
753,5278646825,maccat33,0,140.44,FLEX Zion Ragins QB Kamario Taylor RB Aiden Flora RB Ousmane Kromah S-FLEX Keelon Russell WR Ryan Coleman-Williams WR Talyn Taylor WR Marquis Johnson,,,
754,5279524386,soulfly1,0,140.42001,FLEX Ryan Coleman-Williams QB Keelon Russell RB Jamal Roberts RB Braeden Jackson S-FLEX Kamario Taylor WR Zion Ragins WR Rico Flores Jr. WR Patrick Overmyer,,,
755,5279547398,BuckyNation34,0,140.34001,FLEX CJ Baxter QB Kamario Taylor RB Matt Fuller RB Aiden Flora S-FLEX Keelon Russell WR Sanfrisco Magee WR Rico Flores Jr. WR Duce Robinson,,,
756,5279252769,Primer55,0,140.18001,FLEX Patrick Overmyer QB Kamario Taylor RB Cam Cook RB Ousmane Kromah S-FLEX Jaylen Raynor WR Anthony Evans III WR Tyrell Henry WR Duce Robinson,,,
757,5276787750,Dveres95,0,140.02,FLEX Ryan Coleman-Williams QB Kamario Taylor RB Ousmane Kromah RB Darrion Dupree S-FLEX Keelon Russell WR Anthony Evans III WR Patrick Overmyer WR Kaleb Edwards,,,
757,5279324708,StayWiggins,0,140.02,FLEX Donovan Olugbode QB Kamario Taylor RB Matt Fuller RB Darrion Dupree S-FLEX Austin Simmons WR Anthony Evans III WR JJ Buchanan WR Duce Robinson,,,
759,5279254728,piejah,0,139.88,FLEX Duce Robinson QB Bryce Underwood RB Matt Fuller RB Ousmane Kromah S-FLEX LaNorris Sellers WR Jeremiah Smith WR Tony Diaz WR Noah Jennings,,,
760,5279498497,Robster01,0,139.86,FLEX Duce Robinson QB Colton Joseph RB Landen Chambers RB J.J. Hill S-FLEX Byrum Brown WR Jeremiah Smith WR Amare Thomas WR Tony Diaz,,,
761,5279443079,jlilley04,0,139.64,FLEX Mike Matthews QB Beau Pribula RB Chauncey Bowens RB Aiden Flora S-FLEX Austin Simmons WR Donovan Olugbode WR JJ Buchanan WR Rico Flores Jr.,,,
762,5279018706,jeffylube,0,139.60002,FLEX Nyck Harbor QB Conner Weigman RB Jadan Baugh RB Darrion Dupree S-FLEX LaNorris Sellers WR Cayden Lee WR Kenny Darby WR Duce Robinson,,,
763,5279382048,cbailey1125,0,139.52,FLEX Micahi Danzy QB Keelon Russell RB Fluff Bothwell RB Xay Davis S-FLEX Kamario Taylor WR Ryan Coleman-Williams WR Anthony Evans III WR Rico Scott,,,
764,5276427728,priceisrice69,0,139.28001,FLEX Junior Sherrill QB Michael Hawkins Jr. RB Nolan James Jr. RB Chauncey Bowens S-FLEX Addison Ostrenga WR Amare Thomas WR Cayden Lee WR Chas Nimrod,,,
765,5279104560,Lefty1122,0,139.26,FLEX Jeremiah Smith QB Conner Weigman RB Aneyas Williams RB Ousmane Kromah S-FLEX Duce Robinson WR Amare Thomas WR Tony Diaz WR Noah Jennings,,,
765,5278911735,zakerpacker,0,139.25998,FLEX Xavier Brown QB Colton Joseph RB Ja'Kobi Jackson RB Zane Smith S-FLEX Julian Sayin WR Jeremiah Smith WR Tyrell Henry WR Brandon Inniss,,,
767,5279327498,daBOOSH,0,139.24,FLEX Maurice Brown II QB Michael Hawkins Jr. RB Nolan James Jr. RB CJ Baxter S-FLEX CJ Carr WR Mike Matthews WR Micah Gilbert WR Sanfrisco Magee,,,
768,5279404855,Eugene88,0,139.22,FLEX Patrick Overmyer QB Keelon Russell RB Jamal Roberts RB Ousmane Kromah S-FLEX Kamario Taylor WR Lotzeir Brooks WR Rico Flores Jr. WR Talyn Taylor,,,
769,5279321858,dadsonit,0,138.98,FLEX Kenny Darby QB Michael Hawkins Jr. RB Jadan Baugh RB Matt Fuller S-FLEX Sanfrisco Magee WR Cayden Lee WR Marquis Johnson WR Patrick Overmyer,,,
770,5279247379,bigserg75,0,138.92,FLEX Tony Diaz QB Austin Simmons RB Jadan Baugh RB Matt Fuller S-FLEX Ashton Daniels WR Cayden Lee WR Rico Flores Jr. WR Duce Robinson,,,
771,5278762168,brianLiza,0,138.73999,FLEX Javon Tracy QB Julian Sayin RB Benjamin Hall RB Duke Clark S-FLEX Hank Brown WR Jeremiah Smith WR Junior Sherrill WR DJ Epps,,,
772,5279530761,Tobiczyk5,0,138.66002,FLEX Patrick Overmyer QB Julian Sayin RB Darrion Dupree RB EJ Crowell S-FLEX Keelon Russell WR Jeremiah Smith WR Nyck Harbor WR Duce Robinson,,,
773,5279523878,Munkracing,0,138.44,FLEX Sedrick Alexander QB Michael Hawkins Jr. RB Cam Cook RB Duke Clark S-FLEX CJ Carr WR Sanfrisco Magee WR Talyn Taylor WR Duce Robinson,,,
774,5279002135,Brian_msbc,0,138.42,FLEX Patrick Overmyer QB Keelon Russell RB Ousmane Kromah RB Darrion Dupree S-FLEX Kamario Taylor WR Anthony Evans III WR Lotzeir Brooks WR Rico Flores Jr.,,,
775,5274936924,Lcat1,0,138.38,FLEX Patrick Overmyer QB Kamario Taylor RB Chauncey Bowens RB CJ Baxter S-FLEX Jaylen Raynor WR Anthony Evans III WR Lotzeir Brooks WR Sanfrisco Magee,,,
776,5278550118,bigboirob,0,138.36,FLEX Jadan Baugh QB Beau Pribula RB Aiden Flora RB Ousmane Kromah S-FLEX Ashton Daniels WR Tyrell Henry WR Rico Flores Jr. WR Duce Robinson,,,
776,5279513743,briangile,0,138.36,FLEX Darrion Dupree QB Gunner Stockton RB DeSean Bishop RB Aneyas Williams S-FLEX Conner Weigman WR Tyrell Henry WR Talyn Taylor WR Patrick Overmyer,,,
778,5279134760,tripod07,0,138.31999,FLEX Javon Tracy QB Keelon Russell RB Duke Clark RB Sedrick Alexander S-FLEX Kamario Taylor WR Jeremiah Smith WR Jelani Thurman WR Duce Robinson,,,
779,5279543766,Rustycle,0,138.3,FLEX Darius Taylor QB CJ Carr RB Nolan James Jr. RB Demon June S-FLEX Bryce Underwood WR Jordan Faison WR JJ Buchanan WR Noah Jennings,,,
780,5279540186,Raiders2264,0,138.26,FLEX Ousmane Kromah QB Byrum Brown RB Chauncey Bowens RB Savion Hiter S-FLEX Duke Clark WR Jeremiah Smith WR Sanfrisco Magee WR Kenny Darby,,,
781,5279328567,Soonerman2121,0,138.24,FLEX Aiden Flora QB Beau Pribula RB Jamal Roberts RB Aneyas Williams S-FLEX Mike Matthews WR JJ Buchanan WR Sanfrisco Magee WR Kameron Courtney,,,
782,5276072559,yohnbean14,0,137.81999,FLEX Tyrell Henry QB Kamario Taylor RB Duke Clark RB EJ Crowell S-FLEX DeSean Bishop WR Ryan Coleman-Williams WR Anthony Evans III WR Sanfrisco Magee,,,
783,5279422333,beefreef,0,137.76,FLEX Patrick Overmyer QB CJ Carr RB Jadan Baugh RB Ousmane Kromah S-FLEX Austin Simmons WR Jordan Faison WR Rico Flores Jr. WR Jaden Greathouse,,,
784,5278875089,sconyers09,0,137.32,FLEX Duce Robinson QB Kamario Taylor RB Matt Fuller RB Ousmane Kromah S-FLEX Austin Simmons WR Anthony Evans III WR Donovan Olugbode WR Rico Flores Jr.,,,
785,5279059087,TrojanMom85,0,137.22,FLEX Cayden Lee QB Kamario Taylor RB Jamal Roberts RB Fluff Bothwell S-FLEX Donovan Olugbode WR JJ Buchanan WR Tyrell Henry WR Patrick Overmyer,,,
786,5279375070,Redsoxal,0,137.14,FLEX Tony Diaz QB Michael Hawkins Jr. RB Jadan Baugh RB Ousmane Kromah S-FLEX Conner Weigman WR Tyrell Henry WR Patrick Overmyer WR Malachi Coleman,,,
787,5279196552,mrlogicaltx,0,137.08,FLEX Tyrell Henry QB Michael Hawkins Jr. RB Matt Fuller RB Nolan James Jr. S-FLEX Austin Simmons WR Cayden Lee WR Sanfrisco Magee WR Rico Flores Jr.,,,
788,5278316057,citrussoccerboy,0,137.02,FLEX Duce Robinson QB Keelon Russell RB Ousmane Kromah RB Darrion Dupree S-FLEX Kamario Taylor WR Ryan Coleman-Williams WR Anthony Evans III WR Dominic Overby,,,
788,5279246113,hcnpower,0,137.02,FLEX Donovan Olugbode QB Kamario Taylor RB Ousmane Kromah RB Kevin Riley S-FLEX Austin Simmons WR Ryan Coleman-Williams WR Anthony Evans III WR Rico Flores Jr.,,,
790,5279410052,Stafford13,0,136.9,FLEX Sanfrisco Magee QB Keelon Russell RB Jadan Baugh RB Darrion Dupree S-FLEX DJ Black WR Anthony Evans III WR Cayden Lee WR Rico Flores Jr.,,,
791,5278938674,bkwhit15,0,136.62,FLEX Talyn Taylor QB Kamario Taylor RB Ousmane Kromah RB Dwight Phillips Jr. S-FLEX Keelon Russell WR Jeremiah Smith WR Rico Flores Jr. WR Duce Robinson,,,
791,5279519894,KINGWOOD,0,136.62,FLEX TJ Thomas QB Ashton Daniels RB Jadan Baugh RB CJ Baxter S-FLEX Duke Clark WR Cayden Lee WR Donovan Olugbode WR Talyn Taylor,,,
793,5278495407,vellaragu,0,136.58,FLEX Sedrick Alexander QB Beau Pribula RB Matt Fuller RB Aiden Flora S-FLEX Bryce Underwood WR Anthony Evans III WR JJ Buchanan WR Rico Flores Jr.,,,
794,5279483659,dts127,0,136.51999,FLEX Eric Singleton Jr. QB Keelon Russell RB Duke Clark RB EJ Crowell S-FLEX Kamario Taylor WR Ryan Coleman-Williams WR Anthony Evans III WR Rico Scott,,,
795,5275580555,bailey2290,0,136.48001,FLEX Amare Thomas QB Michael Hawkins Jr. RB Cam Cook RB Jaziun Patterson S-FLEX Rico Flores Jr. WR Cayden Lee WR Tyrell Henry WR Patrick Overmyer,,,
795,5278359102,killedtherabbit,0,136.48,FLEX Kenny Darby QB Jaylen Raynor RB Jadan Baugh RB Ousmane Kromah S-FLEX Kamario Taylor WR Anthony Evans III WR Omari Hayes WR Duce Robinson,,,
797,5279012027,Tully936,0,136.46,FLEX Tony Diaz QB Michael Hawkins Jr. RB Jadan Baugh RB Jamal Roberts S-FLEX Hank Brown WR Andrew Marsh WR Tyrell Henry WR Patrick Overmyer,,,
797,5279370787,pat_the_hat2,0,136.46,FLEX Jeremiah Smith QB Keelon Russell RB Ousmane Kromah RB Darrion Dupree S-FLEX Jaylen Raynor WR JJ Buchanan WR Omari Hayes WR Duce Robinson,,,
799,5279127374,slophound,0,136.44,FLEX Matt Fuller QB Austin Simmons RB Chauncey Bowens RB Aiden Flora S-FLEX Beau Pribula WR Cayden Lee WR Kameron Courtney WR Talyn Taylor,,,
800,5279208363,okechukwua94,0,136.38,FLEX Omari Hayes QB Michael Hawkins Jr. RB Cam Cook RB Darius Taylor S-FLEX Braylon Staley WR Amare Thomas WR JJ Buchanan WR Duce Robinson,,,
801,5278736616,Beer302020,0,136.04001,FLEX Duce Robinson QB Keelon Russell RB Matt Fuller RB Aiden Flora S-FLEX Beau Pribula WR Ryan Coleman-Williams WR Rico Flores Jr. WR Jacob Harris,,,
802,5279358814,McDookatron,0,135.64001,FLEX Kenny Darby QB Austin Simmons RB Jadan Baugh RB Matt Fuller S-FLEX LaNorris Sellers WR Cayden Lee WR Rico Flores Jr. WR Duce Robinson,,,
803,5279375574,bmoser9,0,135.52,FLEX Eric Singleton Jr. QB Aaron Philo RB Aiden Flora RB Ousmane Kromah S-FLEX Beau Pribula WR Anthony Evans III WR Amare Thomas WR Rico Flores Jr.,,,
804,5279259365,mikemcd810,0,135.38,FLEX Jordan Shipp QB Byrum Brown RB Aiden Flora RB Ousmane Kromah S-FLEX Faizon Brandon WR Keshaun Singleton WR Mike Matthews WR Braylon Staley,,,
805,5279075382,cheryl21,0,135.32,FLEX Jelani Thurman QB Beau Pribula RB Cam Cook RB Matt Fuller S-FLEX Austin Simmons WR Cayden Lee WR Rico Flores Jr. WR Patrick Overmyer,,,
805,5279515074,ShellBelle10,0,135.32,FLEX Anthony Evans III QB Beau Pribula RB Matt Fuller RB CJ Baxter S-FLEX Colton Joseph WR JJ Buchanan WR Tyrell Henry WR Nyck Harbor,,,
807,5278370211,Tigers13,0,135.3,FLEX Jacquon Gibson QB Kamario Taylor RB Aneyas Williams RB Aiden Flora S-FLEX Conner Weigman WR Ryan Coleman-Williams WR Zion Ragins WR Rodney Bullard Jr.,,,
808,5279388913,lsbruehl,0,135.12,FLEX Rico Flores Jr. QB Keelon Russell RB Fluff Bothwell RB Ousmane Kromah S-FLEX Kamario Taylor WR Anthony Evans III WR Zion Ragins WR Rico Scott,,,
809,5277599858,bowens1984,0,135.1,FLEX Cayden Lee QB Kamario Taylor RB DeSean Bishop RB Ousmane Kromah S-FLEX Aaron Philo WR JJ Buchanan WR Eric Singleton Jr. WR Mazeo Bennett Jr.,,,
810,5275486562,mocoextrabases,0,135.00002,FLEX Matt Fuller QB Kenny Minchey RB Cam Cook RB Darrion Dupree S-FLEX Beau Pribula WR Cayden Lee WR Rico Flores Jr. WR Kenny Darby,,,
811,5279127919,CDA80,0,134.94,FLEX Cayden Lee QB Austin Simmons RB Matt Fuller RB Aiden Flora S-FLEX Beau Pribula WR JJ Buchanan WR Sanfrisco Magee WR Kameron Courtney,,,
812,5279060986,bdcook2,0,134.74,FLEX Rico Flores Jr. QB Ashton Daniels RB Matt Fuller RB Aneyas Williams S-FLEX Beau Pribula WR Anthony Evans III WR Amare Thomas WR Duce Robinson,,,
813,5279301133,mgisigolf72,0,134.66,FLEX Waden Charles QB Conner Weigman RB Jadan Baugh RB Chauncey Bowens S-FLEX DJ Epps WR Ryan Coleman-Williams WR Trent Walker WR Kenny Darby,,,
814,5279438085,Smitty15,0,134.64,FLEX Ousmane Kromah QB Kamario Taylor RB Fluff Bothwell RB Aiden Flora S-FLEX Keelon Russell WR Sanfrisco Magee WR Talyn Taylor WR Patrick Overmyer,,,
815,5275424926,georgejester,0,134.12001,FLEX Amare Thomas QB Ashton Daniels RB Ousmane Kromah RB Duke Clark S-FLEX Jadan Baugh WR Donovan Olugbode WR Junior Sherrill WR Talyn Taylor,,,
816,5279394695,marcw,0,134.06001,FLEX Patrick Overmyer QB Keelon Russell RB Aiden Flora RB EJ Crowell S-FLEX Bryce Underwood WR Ryan Coleman-Williams WR JJ Buchanan WR Sanfrisco Magee,,,
817,5279366900,AstroPepper,0,134.02,FLEX Jayden Savoury QB Kamario Taylor RB Ousmane Kromah RB Darrion Dupree S-FLEX Keelon Russell WR Ryan Coleman-Williams WR Anthony Evans III WR Marquis Johnson,,,
818,5279012785,SuperSqueak,0,133.8,FLEX Ousmane Kromah QB Bryce Underwood RB Matt Fuller RB Aiden Flora S-FLEX LaNorris Sellers WR Amare Thomas WR JJ Buchanan WR Duce Robinson,,,
819,5279548253,Chuckbang,0,133.66,FLEX Matt Fuller QB Kamario Taylor RB Aiden Flora RB Darrion Dupree S-FLEX Beau Pribula WR Cayden Lee WR Javon Tracy WR Patrick Overmyer,,,
820,5279493244,soonerdallas,0,133.62,FLEX Duce Robinson QB Keelon Russell RB Jadan Baugh RB Chauncey Bowens S-FLEX Ashton Daniels WR Lotzeir Brooks WR Omari Hayes WR Derek Meadows,,,
821,5279376381,TimPolish23,0,133.51999,FLEX Chris Brooks Jr. QB Ashton Daniels RB Jadan Baugh RB Ousmane Kromah S-FLEX Jeremiah Smith WR JJ Buchanan WR Rico Flores Jr. WR Brandon Inniss,,,
822,5278711931,Batman985,0,132.92,FLEX CJ Baxter QB Keelon Russell RB Ousmane Kromah RB Benjamin Hall S-FLEX Kamario Taylor WR Anthony Evans III WR Sanfrisco Magee WR Duce Robinson,,,
823,5279514910,Harry12,0,132.74,FLEX Jeremiah Smith QB LaNorris Sellers RB Aneyas Williams RB Darrion Dupree S-FLEX Jadan Baugh WR Talyn Taylor WR Kenny Darby WR Shaun Terry II,,,
824,5275653383,jay279,0,132.5,FLEX Patrick Overmyer QB Colton Joseph RB Ousmane Kromah RB Duke Watson S-FLEX Faizon Brandon WR Jeremiah Smith WR Tyrell Henry WR Tony Diaz,,,
825,5279529933,hammer9291,0,132.45999,FLEX Marvis Parrish QB CJ Carr RB Chauncey Bowens RB Aneyas Williams S-FLEX Jaziun Patterson WR Cayden Lee WR Jordan Faison WR Micah Gilbert,,,
826,5278845172,tlredman,0,132.12,FLEX Micahi Danzy QB Keelon Russell RB Ousmane Kromah RB Duke Clark S-FLEX Kamario Taylor WR Jeremiah Smith WR Sanfrisco Magee WR Duce Robinson,,,
827,5278234124,bones87,0,131.84001,FLEX Ousmane Kromah QB Faizon Brandon RB Aiden Flora RB Darrion Dupree S-FLEX Kamario Taylor WR Mike Matthews WR Cayden Lee WR Patrick Overmyer,,,
828,5278583445,BucsTheSystem,0,131.8,FLEX Kenny Darby QB Michael Hawkins Jr. RB Jadan Baugh RB Matt Fuller S-FLEX Kamario Taylor WR Duce Robinson WR Jacob Harris WR Eugene Hilton Jr.,,,
829,5279194635,rb146886,0,131.7,FLEX Cam Cook QB Keelon Russell RB Jadan Baugh RB DeSean Bishop S-FLEX Kaleb Edwards WR Marquis Johnson WR Lawson Luckie WR Luke Harpring,,,
830,5279508063,sammyyykay,0,131.58,FLEX Ja'Kobi Jackson QB Michael Hawkins Jr. RB Matt Fuller RB Ousmane Kromah S-FLEX Keelon Russell WR Rico Flores Jr. WR Talyn Taylor WR Patrick Overmyer,,,
831,5278746998,J-ROCK1013,0,131.54001,FLEX Sanfrisco Magee QB Kamario Taylor RB Matt Fuller RB Fluff Bothwell S-FLEX Ashton Daniels WR Ryan Coleman-Williams WR Rico Flores Jr. WR Kenny Darby,,,
831,5279115416,BOOEYSHAKA,0,131.54,FLEX Talyn Taylor QB Kamario Taylor RB Jadan Baugh RB Aiden Flora S-FLEX Jared Curtis WR Anthony Evans III WR Sanfrisco Magee WR Rico Flores Jr.,,,
833,5279144109,Boogerfacejones,0,131.52,FLEX Duce Robinson QB Keelon Russell RB Cam Cook RB Ousmane Kromah S-FLEX Kamario Taylor WR Zion Ragins WR Tony Diaz WR Noah Jennings,,,
833,5279445583,ecglover8,0,131.52,FLEX Nolan James Jr. QB Kamario Taylor RB Chauncey Bowens RB Kamari Moulton S-FLEX Jamal Roberts WR Junior Sherrill WR Sanfrisco Magee WR Rico Flores Jr.,,,
835,5279043557,Mastodonian,0,131.45999,FLEX Willie Rodriguez QB Conner Weigman RB Matt Fuller RB Daniel Hill S-FLEX Austin Simmons WR Mike Matthews WR Cayden Lee WR Patrick Overmyer,,,
836,5275872566,stlnd,0,131.42,FLEX Jeremiah Smith QB Ashton Daniels RB Jadan Baugh RB Ousmane Kromah S-FLEX Kameron Courtney WR Sanfrisco Magee WR Talyn Taylor WR Duce Robinson,,,
837,5279156851,jsizzels,0,131.3,FLEX Patrick Overmyer QB Beau Pribula RB Matt Fuller RB Chauncey Bowens S-FLEX Michael Hawkins Jr. WR Cayden Lee WR Sanfrisco Magee WR Tony Diaz,,,
838,5275770601,mreynoldsMLB,0,131.26001,FLEX Andrew Marsh QB LaNorris Sellers RB Jamal Roberts RB Matt Fuller S-FLEX Beau Pribula WR Cayden Lee WR Kameron Courtney WR Nyck Harbor,,,
839,5279542525,jfive757,0,131.2,FLEX Patrick Overmyer QB Kamario Taylor RB Matt Fuller RB Ousmane Kromah S-FLEX Michael Hawkins Jr. WR Cayden Lee WR Tyrell Henry WR Talyn Taylor,,,
840,5279422324,BoomerTesch,0,131.16,FLEX Chauncey Bowens QB CJ Carr RB Cam Cook RB J.J. Hill S-FLEX Gunner Stockton WR Da'Shawn Martin WR Patrick Overmyer WR Jalen Smith,,,
841,5279355791,Patsqueen_5,0,131.12001,FLEX Rico Flores Jr. QB Conner Weigman RB Fluff Bothwell RB CJ Baxter S-FLEX CJ Carr WR Amare Thomas WR Noah Jennings WR Jelani Thurman,,,
842,5278725311,biglas,0,131.08,FLEX Rico Flores Jr. QB Michael Hawkins Jr. RB Jadan Baugh RB Daune Morris S-FLEX Colton Joseph WR JJ Buchanan WR Jayvan Boggs WR Jelani Thurman,,,
843,5279385588,atfrost,0,131.06001,FLEX Aiden Flora QB Kamario Taylor RB Matt Fuller RB Darrion Dupree S-FLEX Beau Pribula WR Donovan Olugbode WR Andrew Marsh WR Patrick Overmyer,,,
844,5279086965,kabell,0,131,FLEX Nyck Harbor QB Austin Simmons RB Matt Fuller RB Darrion Dupree S-FLEX Keelon Russell WR Ryan Coleman-Williams WR Cayden Lee WR Patrick Overmyer,,,
845,5279393195,kidneyman13,0,130.98,FLEX Duce Robinson QB Kamario Taylor RB Matt Fuller RB Xavier Brown S-FLEX Conner Weigman WR Anthony Evans III WR Amare Thomas WR Patrick Overmyer,,,
846,5279131472,rbassett77,0,130.92,FLEX Talyn Taylor QB Kenny Minchey RB Jadan Baugh RB Matt Fuller S-FLEX Drake Lindsey WR Anthony Evans III WR Javon Tracy WR Kenny Darby,,,
847,5277243416,Bmy50,0,130.86,FLEX Ousmane Kromah QB LaNorris Sellers RB Aneyas Williams RB Benjamin Hall S-FLEX Beau Pribula WR Anthony Evans III WR Cayden Lee WR Rico Flores Jr.,,,
848,5278909989,kt6775,0,130.82,FLEX Willem Thurber QB Conner Weigman RB Braeden Jackson RB Hunter Barnes S-FLEX Julian Sayin WR Jeremiah Smith WR Amare Thomas WR Trent Walker,,,
849,5278871482,Terry301,0,130.72,FLEX Nyck Harbor QB Kamario Taylor RB Matt Fuller RB Jaziun Patterson S-FLEX Austin Simmons WR Anthony Evans III WR Donovan Olugbode WR Kameron Courtney,,,
850,5279210249,CP4545,0,130.68,FLEX Duce Robinson QB Conner Weigman RB Ousmane Kromah RB Nathan McNeil S-FLEX Kamario Taylor WR Jeremiah Smith WR Trent Walker WR Patrick Overmyer,,,
851,5275686895,CBlaylock23,0,130.22002,FLEX Chauncey Bowens QB LaNorris Sellers RB Ousmane Kromah RB Duke Clark S-FLEX Michael Hawkins Jr. WR Amare Thomas WR JJ Buchanan WR Marquis Johnson,,,
852,5279537965,gatorguy231,0,130.14,FLEX Matt Fuller QB Kamario Taylor RB Aiden Flora RB Ousmane Kromah S-FLEX Faizon Brandon WR Cayden Lee WR Patrick Overmyer WR Duce Robinson,,,
853,5278710927,Drewha12,0,130.08,FLEX Duce Robinson QB Michael Hawkins Jr. RB Jadan Baugh RB Ousmane Kromah S-FLEX Austin Simmons WR Donovan Olugbode WR Rico Flores Jr. WR Patrick Overmyer,,,
854,5279438931,give_me_money1,0,130.04,FLEX Re'Shaun Sanford II QB Gunner Stockton RB Aneyas Williams RB Aiden Flora S-FLEX Kamario Taylor WR Sanfrisco Magee WR Tyrell Henry WR Talyn Taylor,,,
855,5276973731,tylertaylor29,0,130,FLEX Patrick Overmyer QB Blaze Berlowitz RB Jadan Baugh RB Matt Fuller S-FLEX Austin Simmons WR Cayden Lee WR Donovan Olugbode WR Da'Shawn Martin,,,
856,5279115089,rdvlshp09,0,129.8,FLEX Tony Diaz QB Colton Joseph RB Jadan Baugh RB Ousmane Kromah S-FLEX Austin Simmons WR Cayden Lee WR Tyrell Henry WR Duce Robinson,,,
857,5278926218,Goat1Caddy,0,129.7,FLEX Sanfrisco Magee QB Austin Simmons RB Jadan Baugh RB Darrion Dupree S-FLEX Waden Charles WR Jeremiah Smith WR Donovan Olugbode WR Duce Robinson,,,
858,5279388372,sappercats,0,129.66,FLEX Talyn Taylor QB Keelon Russell RB Aiden Flora RB Ousmane Kromah S-FLEX Bryce Underwood WR Lotzeir Brooks WR JJ Buchanan WR Andrew Marsh,,,
859,5278316775,FrankVuocolo,0,129.62,FLEX Duce Robinson QB Keelon Russell RB Ousmane Kromah RB Darrion Dupree S-FLEX Kamario Taylor WR Anthony Evans III WR Lotzeir Brooks WR Rico Flores Jr.,,,
859,5279376066,amerine19,0,129.62,FLEX Waden Charles QB Kamario Taylor RB Matt Fuller RB Ousmane Kromah S-FLEX Austin Simmons WR Jeremiah Smith WR Rico Flores Jr. WR Talyn Taylor,,,
861,5279467553,iFearTheeLord,0,129.26,FLEX Jeremiah Smith QB Gunner Stockton RB Sedrick Alexander RB Xay Davis S-FLEX Conner Weigman WR Amare Thomas WR Talyn Taylor WR Craig Dandridge,,,
862,5279211946,wrestlerama,0,129.2,FLEX J.J. Hill QB Kamario Taylor RB Fluff Bothwell RB Ousmane Kromah S-FLEX Michael Hawkins Jr. WR Anthony Evans III WR Sanfrisco Magee WR Duce Robinson,,,
863,5279532237,superunknowx,0,128.98,FLEX Willie Rodriguez QB Hank Brown RB Jadan Baugh RB Cam Cook S-FLEX Jeremiah Smith WR Tyrell Henry WR Patrick Overmyer WR Malachi Coleman,,,
864,5279483075,Yossarian230,0,128.6,FLEX Duce Robinson QB Colton Joseph RB Jadan Baugh RB Ousmane Kromah S-FLEX Chris Brooks Jr. WR Jeremiah Smith WR Tyrell Henry WR Patrick Overmyer,,,
865,5279315431,nineguys,0,128.5,FLEX Cam Cook QB Beau Pribula RB Matt Fuller RB Dwight Phillips Jr. S-FLEX Michael Hawkins Jr. WR Rico Flores Jr. WR Talyn Taylor WR Henry Boyer,,,
866,5279342650,goolie1228,0,128.36002,FLEX Chauncey Bowens QB Michael Hawkins Jr. RB CJ Baxter RB Sedrick Alexander S-FLEX Hank Brown WR Amare Thomas WR Cayden Lee WR JJ Buchanan,,,
867,5278259892,igseep,0,128.32,FLEX Tyrell Henry QB Kamario Taylor RB Jadan Baugh RB Matt Fuller S-FLEX Kameron Courtney WR Anthony Evans III WR Kenny Darby WR Jacob Harris,,,
868,5279535244,Damncontractor,0,128.22,FLEX Duce Robinson QB Kamario Taylor RB Ousmane Kromah RB Makhilyn Young S-FLEX Keelon Russell WR Ryan Coleman-Williams WR Anthony Evans III WR Talyn Taylor,,,
869,5275717787,sixers1212,0,127.95999,FLEX Ousmane Kromah QB Kamario Taylor RB Fluff Bothwell RB Darrion Dupree S-FLEX LaNorris Sellers WR Anthony Evans III WR Sanfrisco Magee WR Zion Ragins,,,
870,5278757911,wildcatfan9698,0,127.6,FLEX Ryan Coleman-Williams QB Keelon Russell RB CJ Baxter RB Ousmane Kromah S-FLEX Sanfrisco Magee WR Cayden Lee WR Donovan Olugbode WR Talyn Taylor,,,
871,5277902400,marks2650,0,127.520004,FLEX Chris Brooks Jr. QB Kamario Taylor RB Jaziun Patterson RB Duke Clark S-FLEX Colton Joseph WR Jeremiah Smith WR JJ Buchanan WR Rico Flores Jr.,,,
872,5279488214,Fishead67,0,127.46001,FLEX JJ Buchanan QB Bryce Underwood RB Matt Fuller RB Aiden Flora S-FLEX Keelon Russell WR Ryan Coleman-Williams WR Duce Robinson WR Tristen Brown,,,
873,5279456317,ablake1,0,127.30001,FLEX Ousmane Kromah QB Conner Weigman RB Nolan James Jr. RB CJ Baxter S-FLEX LaNorris Sellers WR JJ Buchanan WR Micah Gilbert WR Jaden Bray,,,
874,5278334094,jonnynewmz,0,127.22,FLEX Kenny Darby QB Kamario Taylor RB Jadan Baugh RB Ousmane Kromah S-FLEX Austin Simmons WR Cayden Lee WR Rico Flores Jr. WR Patrick Overmyer,,,
875,5279282870,Finest28,0,127.2,FLEX Rico Flores Jr. QB Keelon Russell RB Jadan Baugh RB J.J. Hill S-FLEX Patrick Overmyer WR Anthony Evans III WR Cayden Lee WR Sanfrisco Magee,,,
875,5279493105,RickyBrett,0,127.2,FLEX Rico Flores Jr. QB Michael Hawkins Jr. RB Matt Fuller RB Ousmane Kromah S-FLEX Kamario Taylor WR JJ Buchanan WR Junior Sherrill WR Talyn Taylor,,,
877,5279520279,Mrthensel,0,127.14,FLEX JJ Buchanan QB Beau Pribula RB Jadan Baugh RB Aiden Flora S-FLEX DJ Epps WR Junior Sherrill WR Kameron Courtney WR Tyrell Henry,,,
878,5278757272,scottybean27,0,127.12,FLEX Duce Robinson QB Kamario Taylor RB Matt Fuller RB CJ Baxter S-FLEX Keelon Russell WR Lotzeir Brooks WR Sanfrisco Magee WR Kenny Darby,,,
879,5278433821,420gamblingexpert69,0,126.93999,FLEX Duke Clark QB Bryce Underwood RB Aneyas Williams RB CJ Baxter S-FLEX Jordan Faison WR Jeremiah Smith WR JJ Buchanan WR Talyn Taylor,,,
880,5278340642,goofybh207,0,126.840004,FLEX Nyck Harbor QB Faizon Brandon RB Matt Fuller RB Ousmane Kromah S-FLEX LaNorris Sellers WR Jeremiah Smith WR Noah Jennings WR Duce Robinson,,,
881,5279475356,ericvv1,0,126.82,FLEX Talyn Taylor QB Keelon Russell RB Fluff Bothwell RB Quintrevion Wisner S-FLEX Keyone Jenkins WR Ryan Coleman-Williams WR Anthony Evans III WR Braylon Staley,,,
882,5278999162,derfhill,0,126.619995,FLEX Jacob Harris QB Conner Weigman RB Matt Fuller RB Re'Shaun Sanford II S-FLEX CJ Carr WR JJ Buchanan WR Javon Tracy WR Sanfrisco Magee,,,
883,5278904468,Majik1016,0,126.54,FLEX Fluff Bothwell QB Kenny Minchey RB Matt Fuller RB CJ Baxter S-FLEX Conner Weigman WR Amare Thomas WR Kenny Darby WR Nyck Harbor,,,
883,5279387301,TunaGuy,0,126.54,FLEX Javon Tracy QB Michael Hawkins Jr. RB Jadan Baugh RB Duke Clark S-FLEX CJ Carr WR Tyrell Henry WR Kenny Darby WR Jalen Smith,,,
885,5279384250,njplaymaker,0,126.5,FLEX Donovan Olugbode QB Jaylen Raynor RB Jadan Baugh RB Re'Shaun Sanford II S-FLEX LaNorris Sellers WR JJ Buchanan WR Omari Hayes WR Mazeo Bennett Jr.,,,
886,5279342785,dougster1960,0,126.48,FLEX Braeden Jackson QB Gunner Stockton RB Chauncey Bowens RB Aneyas Williams S-FLEX Kenny Minchey WR Dallas Wilson WR Cayden Lee WR Talyn Taylor,,,
887,5278751733,anthb21,0,126.26001,FLEX Matt Fuller QB Kamario Taylor RB Aiden Flora RB Ousmane Kromah S-FLEX Beau Pribula WR Cayden Lee WR Rico Flores Jr. WR Duce Robinson,,,
888,5278290839,dcmosher,0,126.14001,FLEX Kamari Moulton QB Beau Pribula RB DeSean Bishop RB Matt Fuller S-FLEX Ashton Daniels WR Braylon Staley WR Tyrell Henry WR Rico Flores Jr.,,,
889,5279183259,hw49erd,0,126.04,FLEX Jekail Middlebrook QB Gunner Stockton RB Chauncey Bowens RB Dwight Phillips Jr. S-FLEX LaNorris Sellers WR Dallas Wilson WR Kameron Courtney WR Talyn Taylor,,,
889,5279517589,Sighkoh,0,126.04,FLEX Kaleb Edwards QB Kamario Taylor RB Jadan Baugh RB Ousmane Kromah S-FLEX Ashton Daniels WR Cayden Lee WR Sanfrisco Magee WR Duce Robinson,,,
891,5279197219,whitey1010,0,125.9,FLEX Ousmane Kromah QB Austin Simmons RB Jadan Baugh RB CJ Baxter S-FLEX Zion Ragins WR Cayden Lee WR Donovan Olugbode WR Patrick Overmyer,,,
892,5279331570,psb0122,0,125.840004,FLEX Ousmane Kromah QB Beau Pribula RB Aiden Flora RB CJ Baxter S-FLEX Kamari Moulton WR Cayden Lee WR JJ Buchanan WR Micah Gilbert,,,
893,5279420879,nolymia,0,125.520004,FLEX Duke Clark QB Kamario Taylor RB Aiden Flora RB Ousmane Kromah S-FLEX Aaron Philo WR Dallas Wilson WR JJ Buchanan WR Duce Robinson,,,
893,5278468437,schalutz,0,125.52,FLEX Donovan Olugbode QB Kamario Taylor RB Matt Fuller RB Chauncey Bowens S-FLEX Austin Simmons WR Cayden Lee WR Sanfrisco Magee WR Kaleb Edwards,,,
895,5279545995,Bolt801,0,125.38,FLEX Jelani Thurman QB Aaron Philo RB Jadan Baugh RB Ousmane Kromah S-FLEX Henry Boyer WR Jeremiah Smith WR Sanfrisco Magee WR Patrick Overmyer,,,
896,5279491980,tplmiz23,0,125.16,FLEX Cayden Lee QB Jaylen Raynor RB Jadan Baugh RB CJ Baxter S-FLEX Austin Simmons WR Donovan Olugbode WR Omari Hayes WR Duce Robinson,,,
897,5276932416,stoneygee3,0,125.1,FLEX Jordan Marshall QB Keelon Russell RB Jaziun Patterson RB Benjamin Hall S-FLEX Cam Cook WR Junior Sherrill WR Rico Flores Jr. WR Patrick Overmyer,,,
898,5279482682,MarkC18,0,125.02,FLEX Bailey Stockton QB Kamario Taylor RB Jadan Baugh RB Dante Dowdell S-FLEX Talyn Taylor WR Jeremiah Smith WR Anthony Evans III WR Noah Rogers,,,
899,5275836110,nattydawgs1229,0,124.99999,FLEX Sanfrisco Magee QB Austin Simmons RB Jadan Baugh RB Chauncey Bowens S-FLEX Sacovie White-Helton WR Anthony Evans III WR Cayden Lee WR Talyn Taylor,,,
900,5279503910,amdavis1981,0,124.860016,FLEX Patrick Overmyer QB Conner Weigman RB Matt Fuller RB Ousmane Kromah S-FLEX Colton Joseph WR Amare Thomas WR Tyrell Henry WR Rico Flores Jr.,,,
901,5279202021,nhudson35,0,124.74,FLEX Marquis Johnson QB LaNorris Sellers RB Jadan Baugh RB Matt Fuller S-FLEX Austin Simmons WR Donovan Olugbode WR Talyn Taylor WR Jacob Harris,,,
902,5279043824,tkanne24,0,124.66,FLEX Craig Dandridge QB Julian Sayin RB Fluff Bothwell RB Duke Clark S-FLEX Keelon Russell WR Jeremiah Smith WR Nate Roberts WR Micahi Danzy,,,
903,5279477914,davidarussellii,0,124.62001,FLEX Braylon Staley QB Bryce Underwood RB Aiden Flora RB Ousmane Kromah S-FLEX Byrum Brown WR Keshaun Singleton WR JJ Buchanan WR Andrew Marsh,,,
904,5279062834,joeydel,0,124.48,FLEX Javon Tracy QB Michael Hawkins Jr. RB Matt Fuller RB Fluff Bothwell S-FLEX Cayden Lee WR JJ Buchanan WR Junior Sherrill WR Rico Flores Jr.,,,
905,5278100051,icemike23,0,124.14001,FLEX CJ Baxter QB Ashton Daniels RB Jadan Baugh RB Darrion Dupree S-FLEX Kamario Taylor WR JJ Buchanan WR Patrick Overmyer WR Duce Robinson,,,
906,5279415000,ToddFred50,0,124.079994,FLEX Willie Rodriguez QB Kamario Taylor RB Jadan Baugh RB Daune Morris S-FLEX Conner Weigman WR Anthony Evans III WR Koby Young WR Jayden Savoury,,,
907,5276875079,JBTribeTime,0,123.880005,FLEX Makhi Hughes QB LaNorris Sellers RB Aiden Flora RB Darrion Dupree S-FLEX Beau Pribula WR Amare Thomas WR JJ Buchanan WR Rico Flores Jr.,,,
908,5279243325,Chunkyblue,0,123.84,FLEX Aneyas Williams QB Kamario Taylor RB Matt Fuller RB Demon June S-FLEX Keyone Jenkins WR Dallas Wilson WR Donovan Olugbode WR Kenny Darby,,,
909,5279160673,salvador_ledezma,0,123.70001,FLEX Matt Fuller QB Colton Joseph RB Fluff Bothwell RB Ousmane Kromah S-FLEX Austin Simmons WR Cayden Lee WR Tyrell Henry WR Duce Robinson,,,
910,5276574007,wmax,0,123.62001,FLEX Duce Robinson QB Keelon Russell RB Chauncey Bowens RB CJ Baxter S-FLEX Kamario Taylor WR Ryan Coleman-Williams WR Sanfrisco Magee WR Rico Scott,,,
910,5275466227,Ryanphoward,0,123.62,FLEX Rico Flores Jr. QB Kamario Taylor RB Ousmane Kromah RB Duke Clark S-FLEX Keelon Russell WR Ryan Coleman-Williams WR Anthony Evans III WR Craig Dandridge,,,
912,5279022168,criggs,0,123.32,FLEX Nyck Harbor QB Kamario Taylor RB Matt Fuller RB Ousmane Kromah S-FLEX Austin Simmons WR Cayden Lee WR Donovan Olugbode WR Sanfrisco Magee,,,
913,5279184087,monsterwhitey,0,123.22,FLEX Omari Hayes QB Kamario Taylor RB Jadan Baugh RB Nolan James Jr. S-FLEX DJ Vonnahme WR Jeremiah Smith WR Willie Rodriguez WR Donovan Murph,,,
914,5279343041,winxs39,0,123.020004,FLEX Daune Morris QB Kamario Taylor RB Jadan Baugh RB Xavier Brown S-FLEX Colton Joseph WR Anthony Evans III WR Tyrell Henry WR Luke Harpring,,,
915,5278670445,mkvail8121010,0,122.86,FLEX Rico Flores Jr. QB Beau Pribula RB Matt Fuller RB Aiden Flora S-FLEX Kamario Taylor WR JJ Buchanan WR Junior Sherrill WR Kameron Courtney,,,
916,5279123582,C-Rob5,0,122.840004,FLEX JJ Buchanan QB Ashton Daniels RB Cam Cook RB Matt Fuller S-FLEX Beau Pribula WR Sanfrisco Magee WR Rico Flores Jr. WR Duce Robinson,,,
917,5279272108,Eppdog67,0,122.6,FLEX Donovan Olugbode QB Colton Joseph RB Fluff Bothwell RB Ousmane Kromah S-FLEX Aneyas Williams WR Cayden Lee WR JJ Buchanan WR Zion Ragins,,,
918,5279422851,ptingen1977,0,122.32,FLEX Sanfrisco Magee QB Keelon Russell RB Jadan Baugh RB Ousmane Kromah S-FLEX Kamario Taylor WR Patrick Overmyer WR Kenny Darby WR Dominic Overby,,,
919,5279295697,Falsey54,0,121.94,FLEX Darrion Dupree QB Kamario Taylor RB Jadan Baugh RB Aiden Flora S-FLEX Javon Tracy WR Cayden Lee WR Sanfrisco Magee WR Duce Robinson,,,
920,5278961241,cmartyrun,0,121.76,FLEX Cayden Lee QB Kamario Taylor RB Jamal Roberts RB Ousmane Kromah S-FLEX Bryce Underwood WR JJ Buchanan WR Andrew Marsh WR Duce Robinson,,,
921,5276916299,Hootfish,0,121.40001,FLEX Jadan Baugh QB Bryce Underwood RB Aiden Flora RB Darrion Dupree S-FLEX LaNorris Sellers WR JJ Buchanan WR Tyrell Henry WR Duce Robinson,,,
922,5278417219,buck1097,0,121.380005,FLEX Jadan Baugh QB Bryce Underwood RB Aiden Flora RB Ousmane Kromah S-FLEX Kamario Taylor WR Tyrell Henry WR Duce Robinson WR Rico Scott,,,
923,5278817616,cheesegiez,0,121.36001,FLEX Donovan Olugbode QB Kamario Taylor RB Matt Fuller RB Aiden Flora S-FLEX Beau Pribula WR JJ Buchanan WR Rico Flores Jr. WR Duce Robinson,,,
924,5279379678,ZIBANENASTY93,0,121.2,FLEX Junior Sherrill QB Colton Joseph RB Fluff Bothwell RB Aneyas Williams S-FLEX Keelon Russell WR JJ Buchanan WR Talyn Taylor WR Chris Brooks Jr.,,,
925,5279077374,BeachNut2892,0,121.020004,FLEX Ousmane Kromah QB Michael Hawkins Jr. RB CJ Baxter RB Duke Clark S-FLEX Bryce Underwood WR Cayden Lee WR JJ Buchanan WR Sanfrisco Magee,,,
926,5279312101,tjpope34,0,120.92,FLEX DeSean Bishop QB Beau Pribula RB Jaziun Patterson RB Quintrevion Wisner S-FLEX Colton Joseph WR Amare Thomas WR Kameron Courtney WR Tyrell Henry,,,
927,5276898928,coorslight37,0,120.69999,FLEX Matt Fuller QB Gunner Stockton RB Chauncey Bowens RB Daune Morris S-FLEX Jeremiah Smith WR Talyn Taylor WR Marquis Johnson WR Patrick Overmyer,,,
928,5278806865,capitanfuton,0,120.420006,FLEX Ja'Kayden Ferguson QB Ashton Daniels RB Jadan Baugh RB Matt Fuller S-FLEX Keelon Russell WR Ryan Coleman-Williams WR Duce Robinson WR Josh Ford,,,
928,5279178626,sman62,0,120.42,FLEX Cayden Lee QB Kamario Taylor RB Matt Fuller RB Braeden Jackson S-FLEX Kamari Moulton WR Donovan Olugbode WR JJ Buchanan WR Junior Sherrill,,,
930,5278961805,crand003,0,120.36,FLEX Ousmane Kromah QB Kamario Taylor RB Nolan James Jr. RB Aiden Flora S-FLEX Beau Pribula WR JJ Buchanan WR Kameron Courtney WR Patrick Overmyer,,,
931,5275955118,Albqhokie,0,119.920006,FLEX DeSean Bishop QB Austin Simmons RB Matt Fuller RB Ousmane Kromah S-FLEX Beau Pribula WR Andrew Marsh WR Tyrell Henry WR Patrick Overmyer,,,
931,5278599324,playinwiththebigdawg,0,119.92,FLEX John Hebert QB Kamario Taylor RB Matt Fuller RB Nolan James Jr. S-FLEX Junior Sherrill WR Jeremiah Smith WR Rico Flores Jr. WR Chris Brooks Jr.,,,
931,5278771084,aswaim3,0,119.92,FLEX Matt Fuller QB Kamario Taylor RB Jamal Roberts RB Ousmane Kromah S-FLEX Faizon Brandon WR Tyrell Henry WR Tony Diaz WR Noah Jennings,,,
934,5276359170,brygil,0,119.68,FLEX Nyck Harbor QB Keelon Russell RB Jadan Baugh RB EJ Crowell S-FLEX Kenny Minchey WR Anthony Evans III WR Eric Singleton Jr. WR Rico Flores Jr.,,,
935,5279439986,Bellyball422,0,119.64001,FLEX Jaziun Patterson QB Faizon Brandon RB Ousmane Kromah RB Darrion Dupree S-FLEX LaNorris Sellers WR Jeremiah Smith WR Braylon Staley WR Patrick Overmyer,,,
936,5279047744,The_Pugfather22,0,119.560005,FLEX Rico Flores Jr. QB Colton Joseph RB Cam Cook RB Matt Fuller S-FLEX Jaylen Raynor WR JJ Buchanan WR Tyrell Henry WR Talyn Taylor,,,
937,5278593895,Cates2019,0,119.4,FLEX Cayden Lee QB Austin Simmons RB Cam Cook RB Matt Fuller S-FLEX Javon Tracy WR Micah Gilbert WR Sanfrisco Magee WR Trent Walker,,,
937,5279457882,Joelmeister,0,119.4,FLEX Tyrell Henry QB Colton Joseph RB Kamari Moulton RB Duke Clark S-FLEX Jadan Baugh WR Cayden Lee WR JJ Buchanan WR Kenny Darby,,,
939,5279456480,rigbak,0,119.340004,FLEX Donovan Olugbode QB Keelon Russell RB Ousmane Kromah RB Darrion Dupree S-FLEX Bryce Underwood WR Ryan Coleman-Williams WR JJ Buchanan WR Rico Scott,,,
939,5276764049,drunkmoney,0,119.34,FLEX Nitro Tuggle QB LaNorris Sellers RB Jadan Baugh RB Jeremiah Cobb S-FLEX Austin Simmons WR Jeremiah Smith WR Radarious Jackson WR Shaun Terry II,,,
941,5276123195,Popcat_Wareagle,0,119.32001,FLEX Tyrell Henry QB Austin Simmons RB Matt Fuller RB Ousmane Kromah S-FLEX Kamario Taylor WR Cayden Lee WR Donovan Olugbode WR Rico Flores Jr.,,,
942,5279473075,AllisonZizz,0,119.299995,FLEX Talyn Taylor QB Keelon Russell RB Matt Fuller RB Chauncey Bowens S-FLEX Sanfrisco Magee WR Jeremiah Smith WR Rico Flores Jr. WR Koby Young,,,
943,5279257603,swaggybees,0,119.04,FLEX Cayden Lee QB Austin Simmons RB Jadan Baugh RB CJ Baxter S-FLEX Bryce Underwood WR JJ Buchanan WR Patrick Overmyer WR Jordan Shipp,,,
944,5279424011,mattie1212,0,118.90001,FLEX Xavier Brown QB Colton Joseph RB Jadan Baugh RB Cam Cook S-FLEX Jelani Thurman WR Micah Gilbert WR Tyrell Henry WR Nyck Harbor,,,
945,5278988448,tarheelstate,0,118.759995,FLEX Matt Fuller QB LaNorris Sellers RB Kamari Moulton RB Benjamin Hall S-FLEX Kamario Taylor WR Anthony Evans III WR Rico Flores Jr. WR Nyck Harbor,,,
946,5276949938,GPDowd,0,118.72,FLEX Amare Thomas QB Ashton Daniels RB Matt Fuller RB Chauncey Bowens S-FLEX Mike Matthews WR Ryan Coleman-Williams WR Tyrell Henry WR Talyn Taylor,,,
947,5279145697,BFerr54,0,118.700005,FLEX Kenny Darby QB Kamario Taylor RB Jadan Baugh RB Darrion Dupree S-FLEX Michael Hawkins Jr. WR JJ Buchanan WR Rico Flores Jr. WR Duce Robinson,,,
948,5279551638,Cool2ude,0,118.619995,FLEX Kaiden Prothro QB Keyone Jenkins RB Jadan Baugh RB AK Dear S-FLEX Dwight Phillips Jr. WR Jeremiah Smith WR Dallas Wilson WR JJ Buchanan,,,
949,5278572978,Buckshot_McEerskins,0,118.59999,FLEX Zion Ragins QB Michael Hawkins Jr. RB Cam Cook RB Nolan James Jr. S-FLEX Beau Pribula WR Sanfrisco Magee WR Kameron Courtney WR Prince Strachan,,,
950,5279132760,Phil8650,0,118.36,FLEX Anthony Evans III QB Kamario Taylor RB Matt Fuller RB Duke Clark S-FLEX Bryce Underwood WR Junior Sherrill WR Javon Tracy WR Sanfrisco Magee,,,
951,5279504021,addiecar,0,118.32,FLEX Cayden Lee QB Ashton Daniels RB Jadan Baugh RB Chauncey Bowens S-FLEX JJ Buchanan WR Sanfrisco Magee WR Kameron Courtney WR Tyrell Henry,,,
952,5279188292,hustlenflow2,0,118.06,FLEX Benjamin Hall QB Conner Weigman RB Makhi Hughes RB TJ Thomas S-FLEX Duke Watson WR Mike Matthews WR Cayden Lee WR Junior Sherrill,,,
953,5279037022,TheAceHole,0,118.020004,FLEX Ryan Coleman-Williams QB Billy Edwards Jr. RB Matt Fuller RB Benjamin Hall S-FLEX Keelon Russell WR Lotzeir Brooks WR DJ Epps WR Chris Brooks Jr.,,,
954,5279394513,cbarr83,0,117.76001,FLEX Jeremiah Smith QB Julian Sayin RB Savion Hiter RB Duke Clark S-FLEX DJ Epps WR Andrew Marsh WR Javon Tracy WR Tyrell Henry,,,
955,5275414728,LASGolf1985,0,117.62002,FLEX Duke Clark QB Kamario Taylor RB Aneyas Williams RB Darrion Dupree S-FLEX Colton Joseph WR Ryan Coleman-Williams WR Cayden Lee WR Duce Robinson,,,
956,5279388574,timothyhower,0,117.579994,FLEX Chas Nimrod QB Beau Pribula RB Nolan James Jr. RB Ousmane Kromah S-FLEX Conner Weigman WR Jordan Faison WR Kameron Courtney WR Patrick Overmyer,,,
957,5278944827,sab389,0,117.5,FLEX Rico Flores Jr. QB Michael Hawkins Jr. RB Cam Cook RB Ousmane Kromah S-FLEX Beau Pribula WR Tyrell Henry WR Talyn Taylor WR Patrick Overmyer,,,
958,5279501694,laroche17,0,117.32,FLEX Andrew Marsh QB Keelon Russell RB Daune Morris RB John Hebert S-FLEX Kamario Taylor WR Jeremiah Smith WR Tony Diaz WR Marquis Johnson,,,
959,5278374748,two15,0,117.3,FLEX Chauncey Bowens QB Keelon Russell RB Matt Fuller RB Daune Morris S-FLEX Ousmane Kromah WR Cayden Lee WR DJ Epps WR Kameron Courtney,,,
960,5279531575,bimmaknees757,0,116.92,FLEX Kamari Moulton QB Beau Pribula RB Matt Fuller RB Aiden Flora S-FLEX Kenny Minchey WR Mike Matthews WR Javon Tracy WR Tyrell Henry,,,
961,5276885540,puppiesncheetos,0,116.88,FLEX Rico Flores Jr. QB Michael Hawkins Jr. RB Kamari Moulton RB Benjamin Hall S-FLEX Keelon Russell WR Ryan Coleman-Williams WR Tyrell Henry WR Patrick Overmyer,,,
962,5278742452,Law_Dogs,0,116.78001,FLEX Sanfrisco Magee QB Byrum Brown RB Jadan Baugh RB Ousmane Kromah S-FLEX Ashton Daniels WR Chas Nimrod WR Rico Flores Jr. WR Duce Robinson,,,
963,5278437866,martywe247,0,116.62,FLEX Cayden Lee QB Colton Joseph RB Nolan James Jr. RB Makhi Hughes S-FLEX Beau Pribula WR JJ Buchanan WR Kameron Courtney WR Jacob Harris,,,
964,5279387478,jlp4765,0,116.44,FLEX Tyrell Henry QB Kamario Taylor RB Matt Fuller RB Braeden Jackson S-FLEX Beau Pribula WR Anthony Evans III WR Cayden Lee WR Rico Flores Jr.,,,
965,5276802917,Sanford71,0,116.259995,FLEX Kenny Darby QB Bryce Underwood RB Matt Fuller RB Duke Clark S-FLEX Kamario Taylor WR Jeremiah Smith WR Rico Flores Jr. WR Talyn Taylor,,,
966,5278988949,ChiefGordon,0,116.119995,FLEX Patrick Overmyer QB Kamario Taylor RB Jadan Baugh RB Matt Fuller S-FLEX Kameron Courtney WR Anthony Evans III WR Talyn Taylor WR Jelani Thurman,,,
967,5278376030,rjjaxn,0,116.04001,FLEX Nolan James Jr. QB Keelon Russell RB Matt Fuller RB Duke Watson S-FLEX LaNorris Sellers WR Javon Tracy WR Rico Flores Jr. WR Patrick Overmyer,,,
968,5275862626,RammerJamma,0,115.880005,FLEX Patrick Overmyer QB Kamario Taylor RB Matt Fuller RB Ousmane Kromah S-FLEX Conner Weigman WR Cayden Lee WR Andrew Marsh WR Rico Flores Jr.,,,
969,5278865639,rocky23,0,115.659996,FLEX Junior Sherrill QB Bryce Underwood RB Marvis Parrish RB Quintrevion Wisner S-FLEX Beau Pribula WR Jeremiah Smith WR JJ Buchanan WR Sanfrisco Magee,,,
970,5275157522,mikebkmm5,0,115.479996,FLEX Ousmane Kromah QB Kamario Taylor RB EJ Crowell RB Omar Mabson II S-FLEX Byrum Brown WR Lotzeir Brooks WR Chas Nimrod WR Junior Sherrill,,,
971,5279525491,Sisco510,0,115.38,FLEX Rico Flores Jr. QB Michael Hawkins Jr. RB Fluff Bothwell RB Ousmane Kromah S-FLEX Jared Curtis WR Jeremiah Smith WR Tyrell Henry WR Talyn Taylor,,,
972,5279088948,DP_32,0,115.36,FLEX Re'Shaun Sanford II QB Bryce Underwood RB Jadan Baugh RB CJ Baxter S-FLEX Ashton Daniels WR JJ Buchanan WR Patrick Overmyer WR Duce Robinson,,,
973,5279161245,mt949,0,115.32001,FLEX Duce Robinson QB Keelon Russell RB Fluff Bothwell RB Jason Patterson S-FLEX Ashton Daniels WR Ryan Coleman-Williams WR JJ Buchanan WR Rico Flores Jr.,,,
974,5279481672,FutbolFeller,0,115.100006,FLEX Dominic Overby QB Keelon Russell RB Jadan Baugh RB Ousmane Kromah S-FLEX Austin Simmons WR Cayden Lee WR Rico Flores Jr. WR Duce Robinson,,,
975,5279426524,DatBoyShotz,0,115.060005,FLEX Duce Robinson QB Beau Pribula RB Matt Fuller RB Makhi Hughes S-FLEX LaNorris Sellers WR Anthony Evans III WR JJ Buchanan WR Rico Flores Jr.,,,
976,5278998298,packncheese1,0,114.82,FLEX Mason Humphrey QB CJ Carr RB Jadan Baugh RB Chauncey Bowens S-FLEX Conner Weigman WR Dallas Wilson WR Henry Boyer WR Lawson Luckie,,,
977,5277257104,bcwinter,0,114.72,FLEX Micahi Danzy QB Austin Simmons RB Jadan Baugh RB Xay Davis S-FLEX Kamario Taylor WR Cayden Lee WR Donovan Olugbode WR Sanfrisco Magee,,,
978,5279517829,hix54,0,114.48,FLEX JJ Buchanan QB Beau Pribula RB Jadan Baugh RB CJ Baxter S-FLEX Byrum Brown WR Jelani Thurman WR Patrick Overmyer WR Jacob Harris,,,
979,5278514949,ostrander1,0,114.24,FLEX Matt Fuller QB Bryce Underwood RB Cam Cook RB Chauncey Bowens S-FLEX Colton Joseph WR JJ Buchanan WR Shaun Terry II WR Jamal Polite Jr.,,,
980,5278916807,gates_252,0,114.119995,FLEX Kenny Darby QB Beau Pribula RB Jadan Baugh RB Amari Thomas S-FLEX Rico Flores Jr. WR Jeremiah Smith WR Donovan Olugbode WR Marquis Johnson,,,
981,5279547404,Lizzie_K,0,114.08001,FLEX CJ Baxter QB Kenny Minchey RB Jadan Baugh RB Matt Fuller S-FLEX Colton Joseph WR Tyrell Henry WR Nyck Harbor WR Duce Robinson,,,
982,5278124515,theneum1,0,113.96,FLEX Donovan Olugbode QB Kamario Taylor RB Darius Taylor RB TJ Thomas S-FLEX Drake Lindsey WR Cayden Lee WR JJ Buchanan WR Javon Tracy,,,
983,5279254323,statman_68,0,113.92,FLEX Patrick Overmyer QB Keelon Russell RB Cam Cook RB Matt Fuller S-FLEX Kamario Taylor WR Rico Flores Jr. WR Marquis Johnson WR Noah Rogers,,,
984,5279031510,rg75,0,113.82001,FLEX Ousmane Kromah QB Ashton Daniels RB Jadan Baugh RB Matt Fuller S-FLEX Duke Clark WR Donovan Olugbode WR Javon Tracy WR Chris Brooks Jr.,,,
985,5278277101,Jojobooboo,0,113.21999,FLEX Donovan Olugbode QB Kamario Taylor RB Jadan Baugh RB Ousmane Kromah S-FLEX Austin Simmons WR Eric Singleton Jr. WR Rico Flores Jr. WR Kenny Darby,,,
986,5278462026,malwa77,0,112.920006,FLEX Waden Charles QB Keelon Russell RB Cam Cook RB Darrion Dupree S-FLEX Kamario Taylor WR Lotzeir Brooks WR Kameron Courtney WR Sam West,,,
986,5279076255,boys4,0,112.91999,FLEX Marquis Johnson QB Keelon Russell RB Cam Cook RB J.J. Hill S-FLEX Kamario Taylor WR JJ Buchanan WR Sanfrisco Magee WR Patrick Overmyer,,,
988,5278556409,KNovA11,0,112.62,FLEX Ousmane Kromah QB Beau Pribula RB Makhi Hughes RB CJ Baxter S-FLEX Austin Simmons WR Cayden Lee WR Donovan Olugbode WR Rico Flores Jr.,,,
989,5279456688,1965icecreamguy,0,112.44,FLEX Kenny Darby QB Bryce Underwood RB Jadan Baugh RB Ousmane Kromah S-FLEX Austin Simmons WR Cayden Lee WR JJ Buchanan WR Duce Robinson,,,
990,5278840272,boiler0915,0,112.28001,FLEX Matt Fuller QB Beau Pribula RB DeSean Bishop RB Ousmane Kromah S-FLEX Byrum Brown WR Kameron Courtney WR Rico Flores Jr. WR Patrick Overmyer,,,
991,5279288760,gyrogerg15,0,112.26001,FLEX Duke Watson QB Beau Pribula RB Cam Cook RB Ousmane Kromah S-FLEX LaNorris Sellers WR Sanfrisco Magee WR Tyrell Henry WR Patrick Overmyer,,,
992,5279487549,Scoobz83,0,112.119995,FLEX Talyn Taylor QB Keelon Russell RB Jadan Baugh RB Ousmane Kromah S-FLEX Kamario Taylor WR Noah Jennings WR Marquis Johnson WR Rico Scott,,,
993,5279282592,andrewp332,0,112.06001,FLEX Duce Robinson QB Conner Weigman RB Jadan Baugh RB Taevion Swint S-FLEX Colton Joseph WR Amare Thomas WR Tyrell Henry WR Patrick Overmyer,,,
994,5278858653,beefmaster75904,0,112.00001,FLEX Cam Cook QB Beau Pribula RB Matt Fuller RB Darrion Dupree S-FLEX Kenny Minchey WR Cayden Lee WR Rico Flores Jr. WR Nyck Harbor,,,
995,5279505412,Katers2293,0,111.76,FLEX Lotzeir Brooks QB Beau Pribula RB Matt Fuller RB Aiden Flora S-FLEX Kamario Taylor WR JJ Buchanan WR Rico Flores Jr. WR Chris Brooks Jr.,,,
996,5279235419,potter7616,0,111.54001,FLEX Darrion Dupree QB LaNorris Sellers RB Jadan Baugh RB Matt Fuller S-FLEX Keelon Russell WR Sacovie White-Helton WR Rico Scott WR Shaun Terry II,,,
997,5279051566,rbellar,0,111.52,FLEX Kaleb Edwards QB Kamario Taylor RB Cam Cook RB Xavier Brown S-FLEX Keelon Russell WR Ryan Coleman-Williams WR Jayvan Boggs WR Dominic Overby,,,
998,5279436507,Hollywood5975,0,111.36,FLEX Rico Flores Jr. QB Julian Sayin RB Jadan Baugh RB Xavier Brown S-FLEX Junior Sherrill WR Jeremiah Smith WR Addison Ostrenga WR Jayvontay Conner,,,
999,5278989215,rlreyes921,0,111.3,FLEX Javon Tracy QB Austin Simmons RB Matt Fuller RB CJ Baxter S-FLEX Faizon Brandon WR Amare Thomas WR Cayden Lee WR Jelani Thurman,,,
1000,5278956032,kingbif,0,111.28001,FLEX Xavier Brown QB Michael Hawkins Jr. RB Nolan James Jr. RB Duke Watson S-FLEX Jadan Baugh WR DJ Epps WR Tony Diaz WR Rico Flores Jr.,,,
1001,5279431600,LDRiderJP,0,111.12,FLEX Patrick Overmyer QB Keelon Russell RB CJ Baxter RB Darrion Dupree S-FLEX Beau Pribula WR Lotzeir Brooks WR Cayden Lee WR Rico Flores Jr.,,,
1002,5279351827,hardybook,0,111.06,FLEX Waden Charles QB Kamario Taylor RB Matt Fuller RB Ousmane Kromah S-FLEX Bryce Underwood WR Jeremiah Smith WR Zion Ragins WR Chris Brooks Jr.,,,
1003,5278872027,AliBomaye77,0,110.96001,FLEX Legend Bey QB Julian Sayin RB Jadan Baugh RB Dwight Phillips Jr. S-FLEX Duce Robinson WR Jeremiah Smith WR Rico Flores Jr. WR Koby Young,,,
1004,5278617674,MileHighMadman,0,110.82,FLEX Darius Taylor QB Beau Pribula RB DeSean Bishop RB Nolan James Jr. S-FLEX Faizon Brandon WR Tyrell Henry WR Tony Diaz WR Patrick Overmyer,,,
1005,5276748305,shiposki75,0,110.80001,FLEX Braylon Staley QB Faizon Brandon RB CJ Baxter RB Ousmane Kromah S-FLEX Austin Simmons WR Mike Matthews WR Cayden Lee WR Donovan Olugbode,,,
1006,5278798048,flop23,0,110.520004,FLEX Ryan Coleman-Williams QB Kamario Taylor RB Kamari Moulton RB Savion Hiter S-FLEX Jelani Thurman WR Mike Matthews WR Jordan Faison WR JJ Buchanan,,,
1007,5279139281,keifer72,0,110.32001,FLEX Rico Flores Jr. QB Kamario Taylor RB Matt Fuller RB Ousmane Kromah S-FLEX Jalen Smith WR Dallas Wilson WR Anthony Evans III WR Amare Thomas,,,
1008,5278852663,BigazBill,0,110.18,FLEX Duke Clark QB Keelon Russell RB Daune Morris RB Braeden Jackson S-FLEX Aaron Philo WR Jeremiah Smith WR Rico Flores Jr. WR Talyn Taylor,,,
1009,5278533227,zacksmith1977,0,110.020004,FLEX Junior Sherrill QB Beau Pribula RB Matt Fuller RB Duke Clark S-FLEX Austin Simmons WR Cayden Lee WR JJ Buchanan WR Braylon Staley,,,
1010,5279003679,daredevil1969,0,109.94,FLEX Da'Shawn Martin QB Austin Simmons RB Matt Fuller RB Nolan James Jr. S-FLEX Bryce Underwood WR Cayden Lee WR JJ Buchanan WR Sanfrisco Magee,,,
1011,5279294585,vonta88,0,109.64,FLEX Ryan Coleman-Williams QB Bryce Underwood RB Matt Fuller RB Xavier Brown S-FLEX Rico Flores Jr. WR Anthony Evans III WR Cayden Lee WR JJ Buchanan,,,
1012,5279401756,effjee14,0,109.56,FLEX JJ Buchanan QB Bryce Underwood RB Jadan Baugh RB Ousmane Kromah S-FLEX Aiden Flora WR Devin McCuin WR Andrew Marsh WR Marquis Johnson,,,
1013,5279262320,SpeedRacer101,0,109.46,FLEX Mike Matthews QB Bryce Underwood RB Aiden Flora RB Ousmane Kromah S-FLEX Faizon Brandon WR Donovan Olugbode WR JJ Buchanan WR Braylon Staley,,,
1014,5278678521,FlameThrower4,0,109.259995,FLEX Patrick Overmyer QB Faizon Brandon RB Duke Clark RB Sedrick Alexander S-FLEX Julian Sayin WR Jeremiah Smith WR Sanfrisco Magee WR Talyn Taylor,,,
1015,5277285334,Rhodesmagoats,0,109.159996,FLEX Donovan Olugbode QB Beau Pribula RB Jadan Baugh RB Ousmane Kromah S-FLEX LaNorris Sellers WR Kameron Courtney WR Kenny Darby WR Nyck Harbor,,,
1016,5279046485,KenkDallyd,0,108.799995,FLEX Tony Diaz QB Keelon Russell RB Cam Cook RB Matt Fuller S-FLEX Darrion Dupree WR JJ Buchanan WR Tyrell Henry WR Eric Singleton Jr.,,,
1017,5279360311,JRVegad,0,108.659996,FLEX JJ Buchanan QB Julian Sayin RB Nolan James Jr. RB Duke Clark S-FLEX Isaiah Augustave WR Jeremiah Smith WR Tyrell Henry WR Eric Singleton Jr.,,,
1018,5278987878,RuthlessVillain,0,108.44001,FLEX Jadan Baugh QB Beau Pribula RB Nolan James Jr. RB Ousmane Kromah S-FLEX Ashton Daniels WR Da'Shawn Martin WR Rico Flores Jr. WR Duce Robinson,,,
1019,5279449112,TimmyG706,0,108.08,FLEX JJ Buchanan QB Michael Hawkins Jr. RB Jadan Baugh RB Re'Shaun Sanford II S-FLEX CJ Baxter WR Braylon Staley WR Talyn Taylor WR Patrick Overmyer,,,
1020,5279047186,timbo67,0,107.86001,FLEX Demon June QB Conner Weigman RB Matt Fuller RB Nolan James Jr. S-FLEX Ousmane Kromah WR Cayden Lee WR Braylon Staley WR Sanfrisco Magee,,,
1021,5279484625,carrington4275,0,107.76001,FLEX Evan Pryor QB CJ Carr RB Bo Jackson RB Quintrevion Wisner S-FLEX Darius Taylor WR Ryan Coleman-Williams WR Keshaun Singleton WR Chrishon McCray,,,
1022,5276264251,clonchkn,0,107.72,FLEX Daune Morris QB Kamario Taylor RB Jadan Baugh RB Matt Fuller S-FLEX Kenny Darby WR Cayden Lee WR Sanfrisco Magee WR Patrick Overmyer,,,
1023,5279184896,the4amigos,0,107.62,FLEX Ryan Coleman-Williams QB Keelon Russell RB Fluff Bothwell RB Sedrick Alexander S-FLEX Kamario Taylor WR Sanfrisco Magee WR Rico Flores Jr. WR Kenny Darby,,,
1024,5279534092,jeffreyyeager,0,107.600006,FLEX Micah Gilbert QB Keelon Russell RB Matt Fuller RB Duke Clark S-FLEX Austin Simmons WR Ryan Coleman-Williams WR Rico Flores Jr. WR Patrick Overmyer,,,
1025,5279453587,BlitzDemons,0,107.56,FLEX Jadan Baugh QB Julian Sayin RB CJ Baxter RB Ousmane Kromah S-FLEX Jeremiah Smith WR Kedrick Triplett WR Quayd Hendryx WR Ty'Lyric Coleman,,,
1026,5279546440,dominologist,0,107.54001,FLEX Duce Robinson QB Bryce Underwood RB Jadan Baugh RB Ousmane Kromah S-FLEX Colton Joseph WR JJ Buchanan WR Andrew Marsh WR Kenny Darby,,,
1027,5276129200,Djuano2015,0,107.34,FLEX Marquis Johnson QB Kamario Taylor RB Jamal Roberts RB Ousmane Kromah S-FLEX Beau Pribula WR Ryan Coleman-Williams WR Zion Ragins WR Eric Singleton Jr.,,,
1028,5279047459,tsoms26,0,106.72,FLEX Rico Flores Jr. QB Keelon Russell RB CJ Baxter RB Ousmane Kromah S-FLEX Kamario Taylor WR Ryan Coleman-Williams WR Talyn Taylor WR Patrick Overmyer,,,
1029,5275851190,Swidb,0,106.700005,FLEX Eugene Hilton Jr. QB Keelon Russell RB Fluff Bothwell RB Ousmane Kromah S-FLEX Colton Joseph WR Ryan Coleman-Williams WR Tyrell Henry WR Chris Brooks Jr.,,,
1030,5279385920,Shane-o-Mac7,0,106.66,FLEX Patrick Overmyer QB Colton Joseph RB Jadan Baugh RB Daune Morris S-FLEX Conner Weigman WR Micah Gilbert WR Rico Flores Jr. WR Talyn Taylor,,,
1031,5279300648,a_drain11,0,106.5,FLEX Cayden Lee QB Gunner Stockton RB Jadan Baugh RB Daniel Hill S-FLEX Austin Simmons WR Talyn Taylor WR Patrick Overmyer WR Thomas Blackshear,,,
1032,5279412293,73pd2x,0,106.40001,FLEX Donovan Olugbode QB Faizon Brandon RB Jadan Baugh RB Ousmane Kromah S-FLEX Austin Simmons WR Cayden Lee WR Patrick Overmyer WR Thomas Blackshear,,,
1033,5279525473,Sadseed123,0,106.32,FLEX Lotzeir Brooks QB Colton Joseph RB Nolan James Jr. RB Makhi Hughes S-FLEX Kamario Taylor WR Micah Gilbert WR Marquis Johnson WR Duce Robinson,,,
1033,5279414211,Healsworth82,0,106.31999,FLEX Tony Diaz QB Kamario Taylor RB Jadan Baugh RB Duke Clark S-FLEX Braeden Jackson WR Anthony Evans III WR JJ Buchanan WR Sanfrisco Magee,,,
1035,5279390539,AngryIrish79,0,106.259995,FLEX Javon Tracy QB Kamario Taylor RB Matt Fuller RB Ousmane Kromah S-FLEX Bryce Underwood WR Cayden Lee WR Junior Sherrill WR Sanfrisco Magee,,,
1036,5279487441,J.S.87,0,106.08,FLEX Brady Hunt QB Beau Pribula RB Jadan Baugh RB Darrion Dupree S-FLEX Jaylen Raynor WR Jeremiah Smith WR Omari Hayes WR Waden Charles,,,
1037,5279290514,GEOTIS,0,106.060005,FLEX Jovantae Barnes QB Julian Sayin RB Fluff Bothwell RB Daniel Hill S-FLEX Devin McCuin WR Cayden Lee WR Junior Sherrill WR Tyrell Henry,,,
1038,5279111569,RENAN13,0,105.82,FLEX JJ Buchanan QB Bryce Underwood RB Matt Fuller RB Chauncey Bowens S-FLEX Michael Hawkins Jr. WR Andrew Marsh WR Patrick Overmyer WR Noah Rogers,,,
1039,5278954746,DooganMasters,0,105.56,FLEX Andrew Marsh QB Faizon Brandon RB Bo Jackson RB Darius Taylor S-FLEX Julian Sayin WR Devin McCuin WR Junior Sherrill WR Craig Dandridge,,,
1040,5278328774,bacon15,0,105.48,FLEX Ryan Coleman-Williams QB Kamario Taylor RB Daniel Hill RB Jaziun Patterson S-FLEX CJ Carr WR JJ Buchanan WR Marquis Johnson WR Rico Scott,,,
1041,5279298824,Gino2213,0,105.41999,FLEX CJ Baxter QB Kamario Taylor RB Fluff Bothwell RB Ousmane Kromah S-FLEX Austin Simmons WR Cayden Lee WR Sanfrisco Magee WR Talyn Taylor,,,
1042,5278487714,davcomp999,0,105.16,FLEX Cayden Lee QB Conner Weigman RB Jadan Baugh RB Ousmane Kromah S-FLEX Jamal Polite Jr. WR Amare Thomas WR JJ Buchanan WR Waden Charles,,,
1042,5276888737,jwillers,0,105.159996,FLEX Sanfrisco Magee QB Conner Weigman RB Jadan Baugh RB Benjamin Hall S-FLEX Keelon Russell WR Rico Flores Jr. WR Patrick Overmyer WR Dominic Overby,,,
1044,5279378444,beardown553,0,105.04001,FLEX Jalen Smith QB Ashton Daniels RB Jadan Baugh RB Matt Fuller S-FLEX Beau Pribula WR Cayden Lee WR Rico Flores Jr. WR Duce Robinson,,,
1045,5279422663,dnr95,0,104.98,FLEX Tony Diaz QB Colton Joseph RB Jadan Baugh RB Ousmane Kromah S-FLEX Aaron Philo WR Javon Tracy WR Tyrell Henry WR Patrick Overmyer,,,
1046,5279019994,tbert204,0,104.94001,FLEX Matt Fuller QB Ashton Daniels RB Jadan Baugh RB Ousmane Kromah S-FLEX Beau Pribula WR Rico Flores Jr. WR Patrick Overmyer WR Duce Robinson,,,
1047,5278976428,cleetus17,0,104.880005,FLEX Chauncey Bowens QB Jaylen Raynor RB Fluff Bothwell RB Aiden Flora S-FLEX Faizon Brandon WR Ryan Coleman-Williams WR Rico Flores Jr. WR Dominic Overby,,,
1048,5278651796,acsmith,0,104.8,FLEX Rico Flores Jr. QB Kamario Taylor RB Jadan Baugh RB Ousmane Kromah S-FLEX Michael Hawkins Jr. WR Tyrell Henry WR Patrick Overmyer WR Bailey Stockton,,,
1049,5279215709,Phins3O5,0,104.740005,FLEX Cayden Lee QB LaNorris Sellers RB Matt Fuller RB Ousmane Kromah S-FLEX Faizon Brandon WR Mike Matthews WR Braylon Staley WR Patrick Overmyer,,,
1050,5278955102,homeyc99,0,104.32001,FLEX Fluff Bothwell QB Kamario Taylor RB Matt Fuller RB Ousmane Kromah S-FLEX Keelon Russell WR Rico Flores Jr. WR Kenny Darby WR Duce Robinson,,,
1050,5279284254,tapolonio,0,104.32,FLEX Sam West QB Kamario Taylor RB Jadan Baugh RB Noah Vaughn S-FLEX Austin Simmons WR Cayden Lee WR Donovan Olugbode WR Sanfrisco Magee,,,
1052,5278947799,mroark12,0,104.22,FLEX Kameron Courtney QB Keelon Russell RB Jadan Baugh RB Daune Morris S-FLEX Kamario Taylor WR Zion Ragins WR Patrick Overmyer WR Kenny Darby,,,
1053,5279169427,ajmack01,0,104.08001,FLEX Sedrick Alexander QB Michael Hawkins Jr. RB Matt Fuller RB Fluff Bothwell S-FLEX Jacob Harris WR Amare Thomas WR Chas Nimrod WR Javon Tracy,,,
1054,5279315376,Catfish_hunter,0,103.82,FLEX Malachi Coleman QB Kamario Taylor RB Jadan Baugh RB Xavier Williams S-FLEX Patrick Overmyer WR Jeremiah Smith WR Javon Tracy WR Tyrell Henry,,,
1055,5279053490,enuffsaid33,0,103.78,FLEX Tyrell Henry QB Keelon Russell RB Matt Fuller RB Fluff Bothwell S-FLEX Michael Hawkins Jr. WR Rico Flores Jr. WR Talyn Taylor WR Duce Robinson,,,
1056,5275953373,flek56,0,103.62,FLEX Jacob Harris QB Kamario Taylor RB Jadan Baugh RB Xay Davis S-FLEX Colton Joseph WR JJ Buchanan WR Sanfrisco Magee WR Tyrell Henry,,,
1056,5279225154,peky0401,0,103.62,FLEX Duce Robinson QB Keelon Russell RB Aneyas Williams RB Ousmane Kromah S-FLEX Kamario Taylor WR Ryan Coleman-Williams WR Sanfrisco Magee WR Patrick Overmyer,,,
1058,5279119869,TerryTank,0,103.32,FLEX Jabree Coleman QB Beau Pribula RB Nolan James Jr. RB Chauncey Bowens S-FLEX Cam Cook WR DJ Epps WR Kameron Courtney WR Zion Ragins,,,
1059,5277148602,100rings,0,103.02,FLEX Fluff Bothwell QB Keelon Russell RB Nolan James Jr. RB Aneyas Williams S-FLEX Kamario Taylor WR Sanfrisco Magee WR Rico Scott WR Kaleb Edwards,,,
1060,5278926754,MacHighlander89,0,102.740005,FLEX Rico Flores Jr. QB Kamario Taylor RB Matt Fuller RB Ousmane Kromah S-FLEX Beau Pribula WR Anthony Evans III WR JJ Buchanan WR Duce Robinson,,,
1061,5279268377,jsamtoy,0,101.96,FLEX Fluff Bothwell QB Gunner Stockton RB Matt Fuller RB Makhi Hughes S-FLEX Jaylen Raynor WR Cayden Lee WR Omari Hayes WR Thomas Blackshear,,,
1062,5279529521,thequeen87,0,101.92,FLEX Lukas Ungar QB Kamario Taylor RB Jadan Baugh RB Jaylen McGill S-FLEX Mike Matthews WR Jeremiah Smith WR Noah Jennings WR Marquis Johnson,,,
1063,5279559516,freead23,0,101.84,FLEX Zion Ragins QB Kamario Taylor RB Chauncey Bowens RB Aneyas Williams S-FLEX Beau Pribula WR Anthony Evans III WR Andrew Marsh WR Rico Flores Jr.,,,
1064,5279259175,joegustafson330,0,101.82,FLEX Jacob Harris QB Ashton Daniels RB Jadan Baugh RB Matt Fuller S-FLEX Faizon Brandon WR Mike Matthews WR Rico Flores Jr. WR Duce Robinson,,,
1065,5279495298,Palz2876,0,101.66,FLEX Jadan Baugh QB Beau Pribula RB Aiden Flora RB CJ Baxter S-FLEX Kamario Taylor WR Jayvan Boggs WR Duce Robinson WR Dakota Twitty,,,
1066,5276449903,NedRise,0,101.520004,FLEX Andrew Marsh QB Beau Pribula RB Matt Fuller RB Jaziun Patterson S-FLEX Austin Simmons WR Cayden Lee WR Donovan Olugbode WR Rico Flores Jr.,,,
1067,5279348303,hannasch90,0,101.48001,FLEX Devin McCuin QB Beau Pribula RB Cam Cook RB Savion Hiter S-FLEX Julian Sayin WR Rico Flores Jr. WR Omari Hayes WR Duce Robinson,,,
1068,5279159463,asquillace,0,101.42,FLEX Mike Matthews QB Kamario Taylor RB Matt Fuller RB Chauncey Bowens S-FLEX Amare Thomas WR Cayden Lee WR Da'Shawn Martin WR Duce Robinson,,,
1069,5279388595,mgionest,0,101.119995,FLEX Patrick Overmyer QB Keelon Russell RB Jadan Baugh RB Ousmane Kromah S-FLEX Kamario Taylor WR Sanfrisco Magee WR Koby Young WR Willie Rodriguez,,,
1070,5278983937,HUNTERZW,0,101.00001,FLEX Dallas Wilson QB Keelon Russell RB Bo Jackson RB Ousmane Kromah S-FLEX Gunner Stockton WR Sacovie White-Helton WR Duce Robinson WR Lawson Luckie,,,
1070,5278930924,LUMBERJAX,0,100.99999,FLEX Matt Fuller QB Austin Simmons RB Fluff Bothwell RB Chauncey Bowens S-FLEX Talyn Taylor WR Dallas Wilson WR Donovan Olugbode WR Sanfrisco Magee,,,
1072,5279484617,kalpeace,0,100.920006,FLEX Duke Clark QB Beau Pribula RB Cam Cook RB Ousmane Kromah S-FLEX Keelon Russell WR Rico Flores Jr. WR Talyn Taylor WR Patrick Overmyer,,,
1073,5278540482,bricker54,0,100.700005,FLEX JJ Buchanan QB Austin Simmons RB Jadan Baugh RB EJ Crowell S-FLEX Micah Gilbert WR Cayden Lee WR Donovan Olugbode WR Rico Flores Jr.,,,
1074,5279163382,kj10029,0,100.64,FLEX Eric Singleton Jr. QB Bryce Underwood RB Jadan Baugh RB Sedrick Alexander S-FLEX Rico Scott WR Jeremiah Smith WR JJ Buchanan WR Rico Flores Jr.,,,
1075,5279259548,ecbryant,0,100.5,FLEX Rico Flores Jr. QB Kamario Taylor RB Jadan Baugh RB Duke Clark S-FLEX Michael Hawkins Jr. WR Sanfrisco Magee WR Tyrell Henry WR Willie Rodriguez,,,
1076,5278636838,cw1tt,0,100.36001,FLEX Cayden Lee QB Jaylen Raynor RB Jadan Baugh RB Jaziun Patterson S-FLEX Matt Fuller WR Donovan Olugbode WR Omari Hayes WR Duce Robinson,,,
1077,5279489962,Jleeaustin,0,100.159996,FLEX Craig Dandridge QB Kamario Taylor RB Matt Fuller RB Braeden Jackson S-FLEX Bryce Underwood WR Jeremiah Smith WR JJ Buchanan WR Rico Flores Jr.,,,
1078,5278439031,Baller3311,0,100.1,FLEX Chauncey Bowens QB Austin Simmons RB Jadan Baugh RB Ousmane Kromah S-FLEX Duce Robinson WR Cayden Lee WR JJ Buchanan WR Tyrell Henry,,,
1079,5279427400,FantasySavant,0,99.920006,FLEX Xay Davis QB Kamario Taylor RB Jadan Baugh RB Aiden Flora S-FLEX Aaron Philo WR Tyrell Henry WR Rico Flores Jr. WR Marquis Johnson,,,
1080,5279538815,breakfastnokc,0,99.50001,FLEX Duke Clark QB Austin Simmons RB Jadan Baugh RB Matt Fuller S-FLEX Duce Robinson WR Cayden Lee WR Donovan Olugbode WR Rico Flores Jr.,,,
1081,5278600980,dmcleaf24,0,99.22,FLEX Cayden Lee QB Kamario Taylor RB Nolan James Jr. RB Daune Morris S-FLEX Sanfrisco Magee WR Amare Thomas WR Donovan Olugbode WR Tyrell Henry,,,
1081,5279548943,danesc56,0,99.22,FLEX Talyn Taylor QB Keelon Russell RB Chauncey Bowens RB Duke Clark S-FLEX Beau Pribula WR Ryan Coleman-Williams WR Junior Sherrill WR Rico Flores Jr.,,,
1083,5279557041,Joe2083,0,99.2,FLEX Brett Norfleet QB Gunner Stockton RB Jadan Baugh RB Zane Smith S-FLEX Daune Morris WR Jeremiah Smith WR Talyn Taylor WR Patrick Overmyer,,,
1084,5278946282,ntmellie,0,99.12001,FLEX Javon Tracy QB Colton Joseph RB Matt Fuller RB Aneyas Williams S-FLEX Beau Pribula WR Ryan Coleman-Williams WR Tyrell Henry WR Waden Charles,,,
1085,5279530895,bayboychiefs,0,99.1,FLEX Cayden Lee QB Faizon Brandon RB Fluff Bothwell RB Ousmane Kromah S-FLEX Duce Robinson WR Jeremiah Smith WR Lotzeir Brooks WR Craig Dandridge,,,
1086,5279343939,mrbburban,0,98.86,FLEX Ja'Kobi Jackson QB Julian Sayin RB Bo Jackson RB Caleb Francois S-FLEX Miles O'Neill WR Jeremiah Smith WR Marquis Johnson WR Chris Henry Jr.,,,
1087,5275481175,JB9888,0,98.46,FLEX JJ Buchanan QB Kamario Taylor RB Matt Fuller RB Nolan James Jr. S-FLEX LaNorris Sellers WR Micah Gilbert WR Koby Young WR Duce Robinson,,,
1088,5279407186,DWatts33,0,98.06,FLEX Sanfrisco Magee QB Kamario Taylor RB Matt Fuller RB Duke Clark S-FLEX Bryce Underwood WR Anthony Evans III WR JJ Buchanan WR Rico Flores Jr.,,,
1089,5279155878,dparrishsc,0,97.92,FLEX Bailey Stockton QB Kamario Taylor RB Jadan Baugh RB Fluff Bothwell S-FLEX Colton Joseph WR Tyrell Henry WR Tony Diaz WR Patrick Overmyer,,,
1090,5279335768,chipcosby,0,97.52,FLEX Henry Boyer QB Kamario Taylor RB Jadan Baugh RB Darrion Dupree S-FLEX Austin Simmons WR Donovan Olugbode WR Micah Gilbert WR Tyrell Henry,,,
1091,5279191398,daniel3320,0,97.020004,FLEX Mike Matthews QB Austin Simmons RB Ja'Kobi Jackson RB Ousmane Kromah S-FLEX Beau Pribula WR Donovan Olugbode WR Micah Gilbert WR Braylon Staley,,,
1092,5279257308,Bonkerbaine,0,96.66,FLEX Jaziun Patterson QB LaNorris Sellers RB Bo Jackson RB Ousmane Kromah S-FLEX Kamario Taylor WR Ryan Coleman-Williams WR Nyck Harbor WR Duce Robinson,,,
1093,5279528068,sadcar,0,96.579994,FLEX Duce Robinson QB Austin Simmons RB Jadan Baugh RB Chauncey Bowens S-FLEX Aaron Philo WR Dallas Wilson WR Marquis Johnson WR Willie Rodriguez,,,
1094,5278824399,DHunterK,0,96.5,FLEX Ousmane Kromah QB Austin Simmons RB Jadan Baugh RB Matt Fuller S-FLEX Rico Flores Jr. WR Junior Sherrill WR Javon Tracy WR Sanfrisco Magee,,,
1095,5279338606,charmcityballa,0,96.32,FLEX Ryan Coleman-Williams QB Beau Pribula RB Matt Fuller RB Ousmane Kromah S-FLEX Austin Simmons WR Cayden Lee WR Eric Singleton Jr. WR Duce Robinson,,,
1096,5279309106,sarasoxs,0,96.21999,FLEX Fluff Bothwell QB Kamario Taylor RB Matt Fuller RB Trae'shawn Brown S-FLEX Keelon Russell WR Sanfrisco Magee WR Marquis Johnson WR Duce Robinson,,,
1097,5279463614,joker2391,0,96,FLEX Duke Clark QB Gunner Stockton RB Daniel Hill RB Ja'Kobi Jackson S-FLEX Cayden Lee WR Mike Matthews WR Micah Gilbert WR Tony Diaz,,,
1098,5279148204,alexrsf,0,95.86,FLEX Matt Fuller QB Bryce Underwood RB Aiden Flora RB Ousmane Kromah S-FLEX Faizon Brandon WR JJ Buchanan WR Andrew Marsh WR Javon Tracy,,,
1099,5279038700,JSL23,0,95.76,FLEX Cayden Lee QB Bryce Underwood RB Jadan Baugh RB Fluff Bothwell S-FLEX Ashton Daniels WR Andrew Marsh WR Duce Robinson WR Jalen Smith,,,
1100,5279155940,bulldogbilly,0,95.72,FLEX Jaziun Patterson QB Beau Pribula RB Jadan Baugh RB Ousmane Kromah S-FLEX Austin Simmons WR Cayden Lee WR Duce Robinson WR Willie Rodriguez,,,
1101,5279312003,gkthomps,0,95.50001,FLEX Rico Flores Jr. QB Aaron Philo RB Cam Cook RB CJ Baxter S-FLEX Beau Pribula WR Cayden Lee WR Eric Singleton Jr. WR Duce Robinson,,,
1101,5279476313,joelorr,0,95.5,FLEX Duke Watson QB Keelon Russell RB Jadan Baugh RB Matt Fuller S-FLEX Zion Ragins WR JJ Buchanan WR Willie Rodriguez WR Waden Charles,,,
1103,5279476505,gsmit807,0,95.42001,FLEX Aneyas Williams QB Kamario Taylor RB Jadan Baugh RB DeSean Bishop S-FLEX Ousmane Kromah WR Rico Flores Jr. WR Duce Robinson WR Bailey Stockton,,,
1104,5279534662,hilljorgensen,0,95.38,FLEX Patrick Overmyer QB Conner Weigman RB Nolan James Jr. RB Kamari Moulton S-FLEX Beau Pribula WR Amare Thomas WR Sanfrisco Magee WR Da'Shawn Martin,,,
1105,5279446255,mcnazty88,0,95.03999,FLEX Patrick Overmyer QB Kamario Taylor RB Jadan Baugh RB Taevion Swint S-FLEX Beau Pribula WR Anthony Evans III WR Sanfrisco Magee WR Chris Brooks Jr.,,,
1106,5278971115,Leroy7997,0,94.80001,FLEX Aneyas Williams QB Austin Simmons RB Jadan Baugh RB Isaiah Augustave S-FLEX Duke Watson WR Cayden Lee WR Donovan Olugbode WR Rico Flores Jr.,,,
1107,5279416714,tim341,0,94.78001,FLEX Kameron Courtney QB Aaron Philo RB DeSean Bishop RB Aneyas Williams S-FLEX Jordan Marshall WR JJ Buchanan WR Micah Gilbert WR Tyrell Henry,,,
1108,5279357473,frankstr1970,0,94.700005,FLEX Junior Sherrill QB Keelon Russell RB Jadan Baugh RB Ousmane Kromah S-FLEX Tyrell Henry WR Javon Tracy WR Sanfrisco Magee WR Rico Flores Jr.,,,
1109,5278961518,mscroggs300,0,94.520004,FLEX Jadan Baugh QB Austin Simmons RB Ousmane Kromah RB Darrion Dupree S-FLEX Beau Pribula WR Cayden Lee WR Rico Flores Jr. WR Omari Hayes,,,
1110,5279485273,JohnTex7,0,94.48,FLEX Craig Dandridge QB Aaron Philo RB Jadan Baugh RB Xavier Brown S-FLEX Gunner Stockton WR Cayden Lee WR Donovan Olugbode WR Cooper Flanagan,,,
1111,5277206278,ng1441,0,93.94,FLEX Daune Morris QB Bryce Underwood RB Matt Fuller RB Nolan James Jr. S-FLEX DJ Epps WR Amare Thomas WR Donovan Olugbode WR JJ Buchanan,,,
1112,5279064121,Tate10dt,0,93.740005,FLEX Duce Robinson QB Ashton Daniels RB Jadan Baugh RB Matt Fuller S-FLEX Beau Pribula WR JJ Buchanan WR Rico Flores Jr. WR Talyn Taylor,,,
1113,5279115674,Okefenokepie,0,93.66,FLEX Xay Davis QB Gunner Stockton RB Bo Jackson RB Matt Fuller S-FLEX Conner Weigman WR Amare Thomas WR Chris Brooks Jr. WR Lawson Luckie,,,
1114,5279318018,Goodfriday,0,93.380005,FLEX Amare Thomas QB Kamario Taylor RB Aneyas Williams RB J.J. Hill S-FLEX Julian Sayin WR Micah Gilbert WR DJ Epps WR Rico Flores Jr.,,,
1115,5279394584,sted,0,92.899994,FLEX Ryan Coleman-Williams QB Faizon Brandon RB Jamal Roberts RB Fluff Bothwell S-FLEX Patrick Overmyer WR Amare Thomas WR Sanfrisco Magee WR Tyrell Henry,,,
1116,5278886056,renerson,0,92.759995,FLEX Talyn Taylor QB Kamario Taylor RB Jadan Baugh RB Duke Clark S-FLEX Bryce Underwood WR Anthony Evans III WR Rico Flores Jr. WR Patrick Overmyer,,,
1117,5279278172,deznutz58,0,92.64,FLEX Bailey Stockton QB Austin Simmons RB Jadan Baugh RB Ousmane Kromah S-FLEX Bryce Underwood WR Cayden Lee WR JJ Buchanan WR Sanfrisco Magee,,,
1118,5279490036,wassito,0,92.399994,FLEX Jordan Faison QB Alessio Milivojevic RB Jadan Baugh RB Jason Patterson S-FLEX Aaron Philo WR Dallas Wilson WR Sanfrisco Magee WR Jayden Savoury,,,
1119,5278661257,redsoxnick5,0,92.380005,FLEX Nyck Harbor QB Bryce Underwood RB Jadan Baugh RB Ousmane Kromah S-FLEX LaNorris Sellers WR Cayden Lee WR Andrew Marsh WR Duce Robinson,,,
1120,5279375677,bieberhole-69,0,92.06001,FLEX Amare Thomas QB Beau Pribula RB Matt Fuller RB Ousmane Kromah S-FLEX LaNorris Sellers WR Dallas Wilson WR Rico Flores Jr. WR Duce Robinson,,,
1121,5278904644,lurch123,0,91.8,FLEX Rico Flores Jr. QB Michael Hawkins Jr. RB Jadan Baugh RB Ousmane Kromah S-FLEX Beau Pribula WR Tyrell Henry WR Talyn Taylor WR Patrick Overmyer,,,
1122,5279400049,brad8069,0,91.68,FLEX Craig Dandridge QB Conner Weigman RB Cam Cook RB Daniel Hill S-FLEX Beau Pribula WR Amare Thomas WR Kameron Courtney WR Micahi Danzy,,,
1123,5278222349,NDSox12,0,91.4,FLEX Talyn Taylor QB Michael Hawkins Jr. RB Jadan Baugh RB Darrion Dupree S-FLEX Beau Pribula WR JJ Buchanan WR Rico Flores Jr. WR Patrick Overmyer,,,
1124,5279227211,Hunchdrunk,0,91.38001,FLEX Duke Clark QB Conner Weigman RB Matt Fuller RB CJ Baxter S-FLEX Beau Pribula WR Amare Thomas WR Rico Flores Jr. WR Patrick Overmyer,,,
1125,5277227869,Dashowzen1,0,90.94,FLEX Waden Charles QB Kamario Taylor RB Jadan Baugh RB Duke Clark S-FLEX Beau Pribula WR Anthony Evans III WR Rico Flores Jr. WR Koby Young,,,
1126,5279550714,texas10504,0,90.81999,FLEX Naeshaun Montgomery QB Kamario Taylor RB Jadan Baugh RB Duke Clark S-FLEX Jacquon Gibson WR Jeremiah Smith WR JJ Buchanan WR Eugene Hilton Jr.,,,
1127,5279285403,Punzie,0,90.52,FLEX TJ Abrams QB Kamario Taylor RB Jadan Baugh RB Matt Fuller S-FLEX Keelon Russell WR Sanfrisco Magee WR Talyn Taylor WR Shaun Terry II,,,
1128,5279007633,rfd641,0,90.50001,FLEX Cam Cook QB Aaron Philo RB Matt Fuller RB Ousmane Kromah S-FLEX Beau Pribula WR Rico Flores Jr. WR Duce Robinson WR Willie Rodriguez,,,
1129,5279493291,kuntrykool48,0,90.28,FLEX Jayvan Boggs QB Kamario Taylor RB Jadan Baugh RB Ousmane Kromah S-FLEX Julian Sayin WR Marquis Johnson WR Duce Robinson WR Mazeo Bennett Jr.,,,
1130,5276831506,TXbRAD6,0,89.64,FLEX CJ Baxter QB Keelon Russell RB Jadan Baugh RB Ousmane Kromah S-FLEX Bryce Underwood WR Rico Flores Jr. WR Patrick Overmyer WR Jayden Savoury,,,
1131,5279510276,Ghostmagic,0,89.6,FLEX Jelani Thurman QB Aaron Philo RB Jadan Baugh RB Daune Morris S-FLEX Beau Pribula WR Dallas Wilson WR Kameron Courtney WR Josh Derry,,,
1132,5275924246,dcaples75,0,89.42,FLEX Matt Fuller QB Kamario Taylor RB CJ Baxter RB Daune Morris S-FLEX Jadan Baugh WR Sanfrisco Magee WR Patrick Overmyer WR Jacob Harris,,,
1133,5279543253,P-Rat,0,89.32001,FLEX Braylon Staley QB Keelon Russell RB Matt Fuller RB Darrion Dupree S-FLEX Beau Pribula WR Cayden Lee WR Andrew Marsh WR Rico Flores Jr.,,,
1134,5278988519,codfisher,0,89.18,FLEX JJ Buchanan QB Bryce Underwood RB Jadan Baugh RB Ousmane Kromah S-FLEX LaNorris Sellers WR Sanfrisco Magee WR Tyrell Henry WR Patrick Overmyer,,,
1135,5279097916,Blflmhog,0,89.02,FLEX Rico Flores Jr. QB Kamario Taylor RB Jadan Baugh RB J.J. Hill S-FLEX Jeremiah Smith WR Eric Singleton Jr. WR Omari Hayes WR Koby Young,,,
1136,5278219550,Butcherboy33,0,88.74,FLEX Jeremiah Smith QB Bryce Underwood RB Chauncey Bowens RB Braeden Jackson S-FLEX Faizon Brandon WR JJ Buchanan WR Andrew Marsh WR Duce Robinson,,,
1137,5276528709,Tmack100,0,88.44,FLEX Aiden Flora QB Faizon Brandon RB Makhi Hughes RB Ousmane Kromah S-FLEX Beau Pribula WR Mike Matthews WR Braylon Staley WR Rico Flores Jr.,,,
1138,5278930610,oneeyedjacks,0,88.32001,FLEX Matt Fuller QB Keelon Russell RB Ousmane Kromah RB Darrion Dupree S-FLEX Beau Pribula WR Dallas Wilson WR Rico Flores Jr. WR Duce Robinson,,,
1139,5279346966,chatwilliams77,0,87.78001,FLEX Javon Tracy QB Michael Hawkins Jr. RB Jadan Baugh RB Jason Patterson S-FLEX Ja'Kobi Jackson WR Sanfrisco Magee WR Tyrell Henry WR Rico Flores Jr.,,,
1140,5279404871,Hollyweed,0,87.420006,FLEX Ryan Coleman-Williams QB Kamario Taylor RB Daniel Hill RB Darrion Dupree S-FLEX Keelon Russell WR Sanfrisco Magee WR Kameron Courtney WR Waden Charles,,,
1141,5279327237,Wilson80,0,87.22,FLEX Craig Dandridge QB Kamario Taylor RB Jadan Baugh RB Duke Clark S-FLEX Keelon Russell WR Lotzeir Brooks WR Sanfrisco Magee WR Marshall Pritchett,,,
1142,5278783767,chadrider99,0,87.12,FLEX Chauncey Bowens QB Beau Pribula RB Matt Fuller RB Aneyas Williams S-FLEX Faizon Brandon WR Donovan Olugbode WR Rico Flores Jr. WR Kenny Darby,,,
1143,5279484468,bmosley21,0,86.72,FLEX Aneyas Williams QB Keelon Russell RB Makhi Hughes RB Daniel Hill S-FLEX Kamario Taylor WR Sanfrisco Magee WR Omari Hayes WR Noah Rogers,,,
1144,5279509389,mwtiger,0,86.68,FLEX Fluff Bothwell QB Kamario Taylor RB Matt Fuller RB Xavier Brown S-FLEX Conner Weigman WR JJ Buchanan WR Rico Flores Jr. WR Patrick Overmyer,,,
1145,5279290282,Assy_Mcgee,0,85.96,FLEX Hogan Hansen QB Conner Weigman RB Jadan Baugh RB Fluff Bothwell S-FLEX Austin Simmons WR Ryan Coleman-Williams WR Brett Norfleet WR Jalen Hoffman,,,
1146,5279103774,Shinville,0,85.119995,FLEX Sanfrisco Magee QB Aaron Philo RB Jadan Baugh RB Duke Clark S-FLEX LaNorris Sellers WR Dallas Wilson WR Eric Singleton Jr. WR Bailey Stockton,,,
1147,5279149982,Ramsey4513,0,84.920006,FLEX Lotzeir Brooks QB Faizon Brandon RB Ousmane Kromah RB Duke Watson S-FLEX Kamario Taylor WR Cayden Lee WR JJ Buchanan WR Luke Harpring,,,
1148,5279271536,Kashmoney624,0,84.9,FLEX Rico Scott QB Kamario Taylor RB Daniel Hill RB Duke Clark S-FLEX Aaron Philo WR Ryan Coleman-Williams WR Lotzeir Brooks WR Brett Norfleet,,,
1149,5278271509,txtoat01,0,84.840004,FLEX Matt Fuller QB Parker Puckett RB Nolan James Jr. RB Jeremiah Cobb S-FLEX Micahi Danzy WR Lotzeir Brooks WR Mike Matthews WR Devin McCuin,,,
1150,5278987813,Dogpoundbad,0,84.82001,FLEX Duce Robinson QB Keelon Russell RB Jadan Baugh RB Darrion Dupree S-FLEX Beau Pribula WR Ryan Coleman-Williams WR Patrick Overmyer WR Thomas Blackshear,,,
1151,5276651832,Rwfsports,0,84.24,FLEX Henry Boyer QB Aaron Philo RB Jadan Baugh RB Makhi Hughes S-FLEX Conner Weigman WR Dallas Wilson WR Kedrick Triplett WR Tristen Brown,,,
1152,5279180980,Flawlessjoc,0,83.98001,FLEX Duce Robinson QB Beau Pribula RB Matt Fuller RB Makhi Hughes S-FLEX Byrum Brown WR Keshaun Singleton WR Chas Nimrod WR Micahi Danzy,,,
1153,5279121490,Ssmfresh,0,83.060005,FLEX Andrew Marsh QB Bryce Underwood RB Jadan Baugh RB Fluff Bothwell S-FLEX Ashton Daniels WR JJ Buchanan WR Rico Flores Jr. WR Duce Robinson,,,
1154,5279152669,RMSCPA,0,83,FLEX Duke Clark QB Keelon Russell RB Jadan Baugh RB Xavier Brown S-FLEX Darrion Dupree WR Ryan Coleman-Williams WR Sanfrisco Magee WR Patrick Overmyer,,,
1155,5279335029,LionelHutz,0,82.71999,FLEX Eric Singleton Jr. QB Keelon Russell RB Fluff Bothwell RB EJ Crowell S-FLEX Kamario Taylor WR Lotzeir Brooks WR Sanfrisco Magee WR Zion Ragins,,,
1156,5278871031,kris_karlie,0,81.58001,FLEX Darrion Dupree QB Beau Pribula RB Matt Fuller RB Ousmane Kromah S-FLEX Conner Weigman WR Amare Thomas WR Rico Flores Jr. WR Duce Robinson,,,
1157,5279350087,YourHighness517,0,81.380005,FLEX Daune Morris QB Michael Hawkins Jr. RB Jadan Baugh RB Jordan Marshall S-FLEX Preston Hatfield WR JJ Buchanan WR Javon Tracy WR Rico Flores Jr.,,,
1158,5278984753,dorksquad,0,80.22,FLEX Tony Diaz QB Beau Pribula RB Jadan Baugh RB Matt Fuller S-FLEX Da'Shawn Martin WR Cayden Lee WR JJ Buchanan WR Chris Henry Jr.,,,
1159,5279168036,pigeondude,0,80.020004,FLEX Zion Ragins QB Kamario Taylor RB Nolan James Jr. RB Daniel Hill S-FLEX Lawson Luckie WR Dallas Wilson WR Amare Thomas WR Mike Matthews,,,
1160,5279415821,pjtymiss,0,79.32,FLEX Jadan Baugh QB Beau Pribula RB Matt Fuller RB Ousmane Kromah S-FLEX Austin Simmons WR Rico Flores Jr. WR Duce Robinson WR Willie Rodriguez,,,
1161,5279518790,Huskerfootball15,0,78.939995,FLEX Mike Matthews QB Kamario Taylor RB Jaziun Patterson RB Benjamin Hall S-FLEX Beau Pribula WR Dallas Wilson WR JJ Buchanan WR Patrick Overmyer,,,
1162,5279323013,nbodnar,0,77.54,FLEX Tony Diaz QB Keelon Russell RB Jadan Baugh RB Xavier Williams S-FLEX Bryce Underwood WR JJ Buchanan WR Da'Shawn Martin WR Rico Flores Jr.,,,
1163,5279441201,Josh2255,0,76.62,FLEX Cayden Lee QB Kamario Taylor RB Ousmane Kromah RB Duke Clark S-FLEX Jadan Baugh WR Sanfrisco Magee WR Tyrell Henry WR Rico Flores Jr.,,,
1164,5278900789,BenByers,0,72.520004,FLEX Braylon Staley QB Kamario Taylor RB Matt Fuller RB Ousmane Kromah S-FLEX Faizon Brandon WR Lotzeir Brooks WR Andrew Marsh WR Patrick Overmyer,,,
1165,5278779193,stewstew111,0,72.46,FLEX TJ Thomas QB Hank Brown RB Jadan Baugh RB Kamari Moulton S-FLEX Aaron Philo WR Dallas Wilson WR Tony Diaz WR DJ Vonnahme,,,
1166,5277432335,jimcon2,0,71.840004,FLEX Darrion Dupree QB LaNorris Sellers RB Jadan Baugh RB Matt Fuller S-FLEX Fluff Bothwell WR Sanfrisco Magee WR Rico Flores Jr. WR Duce Robinson,,,
1167,5279042728,skydaddy,0,71.32,FLEX Tyrell Henry QB Beau Pribula RB Jadan Baugh RB John Hebert S-FLEX Jovantae Barnes WR Jeremiah Smith WR Rico Flores Jr. WR Talyn Taylor,,,
1168,5275678465,Godfather73,0,70.380005,FLEX Junior Sherrill QB Beau Pribula RB Jadan Baugh RB Xavier Brown S-FLEX Jaylen Raynor WR JJ Buchanan WR Javon Tracy WR Rico Flores Jr.,,,
1169,5279439520,ADG0423,0,70.32,FLEX Talyn Taylor QB Beau Pribula RB Jadan Baugh RB Daune Morris S-FLEX Keelon Russell WR Sanfrisco Magee WR Da'Shawn Martin WR Rico Flores Jr.,,,
1170,5279037764,J-3Boys,0,69.3,FLEX Kamari Moulton QB Keelon Russell RB Jadan Baugh RB Braeden Jackson S-FLEX Matt Fuller WR Tyrell Henry WR Rico Flores Jr. WR Chris Brooks Jr.,,,
1171,5279390147,cking29,0,68.32,FLEX Tony Diaz QB Kamario Taylor RB Jadan Baugh RB Kamari Moulton S-FLEX Blaze Berlowitz WR Amare Thomas WR Javon Tracy WR Talyn Taylor,,,
1172,5279001671,nikboy2121,0,67.82,FLEX Jaziun Patterson QB Beau Pribula RB Makhi Hughes RB Aneyas Williams S-FLEX Ryan Coleman-Williams WR Cayden Lee WR Kameron Courtney WR Tyrell Henry,,,
1173,5279370963,aceywasey,0,66.68,FLEX TJ Thomas QB Beau Pribula RB Jekail Middlebrook RB Jeremiah Cobb S-FLEX Byrum Brown WR Chas Nimrod WR Braylon Staley WR Kameron Courtney,,,
1174,5279525680,Dooch,0,65.6,FLEX Patrick Overmyer QB Faizon Brandon RB Jadan Baugh RB Daune Morris S-FLEX Keelon Russell WR Javon Tracy WR Sanfrisco Magee WR Talyn Taylor,,,
1175,5275803412,mrclean261,0,63.54,FLEX Talyn Taylor QB Bryce Underwood RB Jadan Baugh RB Cam Cook S-FLEX Javon Tracy WR Braylon Staley WR Sanfrisco Magee WR Rico Flores Jr.,,,
1176,5279546694,PackSpartan4,0,62.22,FLEX Jadan Baugh QB Gunner Stockton RB Nolan James Jr. RB Daune Morris S-FLEX Alessio Milivojevic WR Kameron Courtney WR Tyrell Henry WR Talyn Taylor,,,
1177,5278969251,djkempker100,0,62.02,FLEX JJ Buchanan QB Kamario Taylor RB Bo Jackson RB Duke Watson S-FLEX Andrew Marsh WR Amare Thomas WR Micah Gilbert WR Braylon Staley,,,
1178,5279351360,denplo1,0,60.42,FLEX Ousmane Kromah QB Kamario Taylor RB Jadan Baugh RB Fluff Bothwell S-FLEX Eric Singleton Jr. WR Sanfrisco Magee WR Tyrell Henry WR Patrick Overmyer,,,
1179,5279081635,DraftBass,0,59.799995,FLEX Amare Thomas QB Kenny Minchey RB Jadan Baugh RB Daniel Hill S-FLEX Beau Pribula WR Braylon Staley WR Rico Flores Jr. WR Henry Boyer,,,
1180,5275133926,SliceB,0,59.08,FLEX Sanfrisco Magee QB Beau Pribula RB Jadan Baugh RB Matt Fuller S-FLEX Jaylen Raynor WR Kameron Courtney WR Rico Flores Jr. WR Patrick Overmyer,,,
1181,5279293799,World_Domination67,0,57.120003,FLEX Zion Ragins QB Beau Pribula RB Fluff Bothwell RB Makhi Hughes S-FLEX Matt Fuller WR Donovan Olugbode WR Andrew Marsh WR Kameron Courtney,,,
1182,5278876054,keavster,0,54.94,FLEX Braeden Jackson QB Kamario Taylor RB Jadan Baugh RB Benjamin Hall S-FLEX Beau Pribula WR Javon Tracy WR Sanfrisco Magee WR Talyn Taylor,,,
1183,5277634234,goaliman12,0,52.66,FLEX Fluff Bothwell QB Jaylen Raynor RB Jadan Baugh RB Jekail Middlebrook S-FLEX Faizon Brandon WR Braylon Staley WR Omari Hayes WR Luke Harpring,,,
1184,5279478661,Dennyban,0,51.76,FLEX Fluff Bothwell QB Bryce Underwood RB Daniel Hill RB Ousmane Kromah S-FLEX Kamario Taylor WR JJ Buchanan WR Sanfrisco Magee WR Rico Flores Jr.,,,
1184,5279333308,rlbender,0,51.759995,FLEX Jonathan Bibbs QB Bryce Underwood RB Jadan Baugh RB Savion Hiter S-FLEX Kamario Taylor WR JJ Buchanan WR Andrew Marsh WR Sanfrisco Magee,,,
1186,5277278605,Tbrett54,0,49.940002,FLEX Patrick Overmyer QB Kamario Taylor RB Jadan Baugh RB Fluff Bothwell S-FLEX Beau Pribula WR Eric Singleton Jr. WR Marquis Johnson WR Nyck Harbor,,,
1187,5279546902,tcsanfranfan,0,49.720005,FLEX Tyrell Henry QB Bryce Underwood RB Jadan Baugh RB Matt Fuller S-FLEX Aaron Philo WR Andrew Marsh WR Eric Singleton Jr. WR Bailey Stockton,,,
1188,5276372749,cain5150,0,0,,,,
1188,5279444166,jwsa0214,0,0,,,,
