Rank,EntryId,EntryName,TimeRemaining,Points,Lineup,,Player,Roster Position,%Drafted,FPTS
1,5277170353,kozy6813,0,200.5,C Connor McDavid C Noah Ostlund D Evan Bouchard D Mattias Samuelsson G Igor Shesterkin UTIL Leon Draisaitl W Vasily Podkolzin W Jack Quinn W Liam Ohgren,,Connor McDavid,C,32.44%,40.6
2,5277407168,xDMRx23,0,200.20001,C Connor McDavid C Leon Draisaitl D Owen Power D Mattias Samuelsson G Joey Daccord UTIL Vasily Podkolzin W Dylan Guenther W Jack Quinn W Kasperi Kapanen,,Vasily Podkolzin,W,26.37%,19.5
3,5277246546,Stooopsy,0,197.3,C Connor McDavid C Leon Draisaitl D Darnell Nurse D Owen Power G Joey Daccord UTIL Matty Beniers W Jared McCann W Vasily Podkolzin W Kaapo Kakko,,Leon Draisaitl,C,21.55%,35.5
4,5277958720,joeydan016,0,195.2,C Connor McDavid C Leon Draisaitl D Evan Bouchard D Owen Power G Igor Shesterkin UTIL Vasily Podkolzin W Kaapo Kakko W Ryan McLeod W Konsta Helenius,,Mattias Samuelsson,D,20.09%,10
5,5277208363,UltimateWin4,0,195,C Connor McDavid C Leon Draisaitl D Evan Bouchard D Owen Power G Joey Daccord UTIL Mattias Samuelsson W Vasily Podkolzin W Kasperi Kapanen W Shane Wright,,Evan Bouchard,D,18.18%,27.5
6,5277723242,peky0401,0,193.29999,C Connor McDavid C Leon Draisaitl D Victor Hedman D Erik Gudbranson G Igor Shesterkin UTIL Adam Fantilli W Matthew Knies W Vasily Podkolzin W Kent Johnson,,Clayton Keller,W,17.28%,17.3
7,5277080693,az350z,0,192.1,C Leon Draisaitl C Matty Beniers D Jacob Trouba D Mattias Samuelsson G Joey Daccord UTIL Connor McDavid W Jared McCann W Vasily Podkolzin W Kaapo Kakko,,Nick Schmaltz,C,16.05%,11.5
7,5277390855,mrclean913,0,192.1,C Leon Draisaitl C Matty Beniers D Jacob Trouba D Mattias Samuelsson G Joey Daccord UTIL Connor McDavid W Jared McCann W Vasily Podkolzin W Kaapo Kakko,,Mikhail Sergachev,D,14.59%,12.1
9,5277074771,yiketty_yack,0,192,C Connor McDavid C Leon Draisaitl D Mikhail Sergachev D Luca Cagnoni G Joey Daccord UTIL Vasily Podkolzin W Clayton Keller W Alex Formenton W Michael Carcone,,Macklin Celebrini,C,13.92%,34.8
10,5277105563,tndkd,0,191.5,C Connor McDavid C Leon Draisaitl D Mattias Samuelsson D Jamie Oleksiak G Karel Vejmelka UTIL Vasily Podkolzin W Kirill Kaprizov W Kasperi Kapanen W Michael Carcone,,Dylan Guenther,W,13.24%,27.5
11,5277753748,Ranger175C1,0,190.6,C Connor McDavid C Leon Draisaitl D Quinn Hughes D Zeev Buium G Joseph Woll UTIL Marco Rossi W Matthew Knies W Max Shabanov W Bobby Brink,,Ukko-Pekka Luukkonen,G,12.57%,-5.6
12,5276844763,briannedanielle,0,189.20001,C Connor McDavid C Leon Draisaitl D Owen Power D Mattias Samuelsson G Joey Daccord UTIL Simon Nemec W Dylan Guenther W Vasily Podkolzin W Jack Quinn,,Matt Coronato,W,12.46%,1.5
12,5276902866,rajonrondough,0,189.20001,C Connor McDavid C Leon Draisaitl D Owen Power D Mattias Samuelsson G Joey Daccord UTIL Simon Nemec W Dylan Guenther W Vasily Podkolzin W Jack Quinn,,Joey Daccord,G,11.90%,24.3
12,5277564130,sportsfanatic89,0,189.20001,C Connor McDavid C Leon Draisaitl D Owen Power D Mattias Samuelsson G Joey Daccord UTIL Simon Nemec W Dylan Guenther W Vasily Podkolzin W Jack Quinn,,Logan Cooley,C,11.56%,6.3
15,5277397837,jfrey80,0,188.5,C Connor McDavid C Leon Draisaitl D Evan Bouchard D Ryan Shea G Joey Daccord UTIL Mattias Samuelsson W Vasily Podkolzin W Kasperi Kapanen W Linus Karlsson,,Kirill Kaprizov,W,11.00%,13
16,5276963783,dtapper29,0,188.40001,C Leon Draisaitl C Matty Beniers D Seth Jones D Tom Willander G Joey Daccord UTIL Connor McDavid W Jared McCann W Vasily Podkolzin W Kaapo Kakko,,Jesper Wallstedt,G,10.44%,15.8
17,5277056006,jasper55,0,188,C Connor McDavid C Leon Draisaitl D Evan Bouchard D Mattias Samuelsson G Joey Daccord UTIL Kaapo Kakko W Vasily Podkolzin W Linus Karlsson W Konsta Helenius,,Joel Eriksson Ek,C,10.10%,4.5
18,5277949313,jewel1010,0,187.3,C Connor McDavid C Leon Draisaitl D Simon Nemec D Mattias Samuelsson G Joey Daccord UTIL Vasily Podkolzin W Clayton Keller W Jack Quinn W Kasperi Kapanen,,Rasmus Dahlin,D,9.88%,6
19,5276917690,JRBucks34,0,183.7,C Connor McDavid C Marco Rossi D Evan Bouchard D Jacob Trouba G Karel Vejmelka UTIL Mason Marchment W Matthew Knies W Zach Benson W Kent Johnson,,Joseph Woll,G,9.76%,23.2
20,5276891775,Mirth,0,182.70001,C Leon Draisaitl C Matty Beniers D Mattias Ekholm D Jamie Oleksiak G Yaroslav Askarov UTIL Connor McDavid W Jared McCann W Vasily Podkolzin W Kaapo Kakko,,Quinn Hughes,D,9.76%,15.5
21,5277851562,tschmidt31,0,182.50002,C Leon Draisaitl C Noah Ostlund D Evan Bouchard D Elias-Nils Pettersson G Igor Shesterkin UTIL Connor McDavid W Blake Coleman W Jack Quinn W Zach Benson,,Matvei Gridin,W,9.09%,0
21,5276988528,james_thiel,0,182.5,C Leon Draisaitl C Ryan Strome D Evan Bouchard D Bowen Byram G Igor Shesterkin UTIL Connor McDavid W Vasily Podkolzin W Yegor Sharangovich W Connor Zary,,Dustin Wolf,G,9.09%,-2.8
23,5277207660,stuffnthangs,0,182.2,C Connor McDavid C Leon Draisaitl D Quinn Hughes D Mattias Samuelsson G Joey Daccord UTIL Noah Ostlund W Vasily Podkolzin W Jack Quinn W Zach Benson,,Jack Quinn,W,8.87%,14.5
24,5276961464,anteyup,0,181.4,C Connor McDavid C Leon Draisaitl D Evan Bouchard D Brenden Dillon G Joseph Woll UTIL Michael Carcone W Vasily Podkolzin W Isaac Howard W Zach Benson,,Jack Hughes,C,8.75%,19
24,5277894737,d1na,0,181.4,C Leon Draisaitl C Josh Norris D Mikhail Sergachev D Luca Cagnoni G Joseph Woll UTIL Connor McDavid W Vasily Podkolzin W Josh Doan W Kasperi Kapanen,,Karel Vejmelka,G,8.19%,20.5
24,5277954983,koalabrr,0,181.4,C Macklin Celebrini C Logan Cooley D Mikhail Sergachev D Luca Cagnoni G Karel Vejmelka UTIL Sean Couturier W Dylan Guenther W Will Smith W Anders Lee,,Zach Werenski,D,7.74%,15.8
27,5277565681,jabell10,0,181.2,C Connor McDavid C Leon Draisaitl D Victor Hedman D Ryan McDonagh G Joey Daccord UTIL Evan Bouchard W Vasily Podkolzin W Kasperi Kapanen W Jiri Kulich,,Matt Boldy,W,7.52%,10.5
28,5277332067,TinyGiant99,0,180.5,C Connor McDavid C Leon Draisaitl D Evan Bouchard D Victor Hedman G Joey Daccord UTIL Konsta Helenius W Vasily Podkolzin W Drew O'Connor W Liam Ohgren,,Zach Benson,W,7.07%,7.8
29,5277916016,asmith233,0,180.40001,C Connor McDavid C Leon Draisaitl D Evan Bouchard D Mattias Samuelsson G Joey Daccord UTIL Owen Power W Vasily Podkolzin W Kent Johnson W Connor Zary,,Tage Thompson,C,6.85%,6
30,5277410999,symmetry629,0,179.29999,C Connor McDavid C Leon Draisaitl D Evan Bouchard D Luca Cagnoni G Karel Vejmelka UTIL Colton Dach W Vasily Podkolzin W Max Shabanov W Jonathan Lekkerimaki,,Max Shabanov,W,6.73%,0
31,5277701445,Timmac1234567,0,178.7,C Connor McDavid C Leon Draisaitl D Owen Power D Mattias Samuelsson G Joey Daccord UTIL Zach Werenski W Vasily Podkolzin W Kent Johnson W Michael Carcone,,Connor McDavid,UTIL,6.62%,40.6
32,5277009880,Wayne_Betzky,0,177.40001,C Connor McDavid C Leon Draisaitl D Evan Bouchard D Michael Kesselring G Karel Vejmelka UTIL Paul Cotter W Vasily Podkolzin W Mason Marchment W Cole Smith,,Josh Doan,W,6.51%,4.5
33,5277047874,tklut,0,176.90001,C Connor McDavid C Leon Draisaitl D Evan Bouchard D Mattias Samuelsson G Joseph Woll UTIL Konsta Helenius W Vasily Podkolzin W Zach Benson W Drew O'Connor,,Morgan Frost,C,6.40%,3
34,5277724404,Musky4213,0,176.80002,C Macklin Celebrini C Nick Schmaltz D Ryan McDonagh D Andrew Peeke G Igor Shesterkin UTIL Clayton Keller W Dylan Guenther W Will Smith W Mason Marchment,,Darnell Nurse,D,6.40%,9.5
35,5277398976,FantasyGod101,0,175.6,C Connor McDavid C Leon Draisaitl D Evan Bouchard D Mikhail Sergachev G Igor Shesterkin UTIL Colton Dach W Kent Johnson W Kasperi Kapanen W Max Jones,,Seth Jones,D,6.40%,4.3
36,5277054670,CFinch,0,175.50002,C Connor McDavid C Leon Draisaitl D Luca Cagnoni D Charle-Edouard D'Astous G Jesper Wallstedt UTIL Evan Bouchard W Vasily Podkolzin W Zach Benson W Nick Lardis,,Kent Johnson,W,6.40%,6.5
37,5277187385,wazzu24,0,175.40001,C Macklin Celebrini C Chandler Stephenson D Rasmus Dahlin D Adam Larsson G Joseph Woll UTIL Vince Dunn W Will Smith W Jared McCann W Jordan Eberle,,Blake Coleman,W,6.29%,12.8
38,5277030770,whiteduece,0,175.1,C Connor McDavid C Leon Draisaitl D Connor Murphy D Mattias Samuelsson G Joseph Woll UTIL Vasily Podkolzin W Kirill Kaprizov W Jack Quinn W Yegor Sharangovich,,Igor Shesterkin,G,6.17%,29.3
39,5277790465,bigballa3232,0,174.90001,C Connor McDavid C Leon Draisaitl D Evan Bouchard D Mattias Samuelsson G Joseph Woll UTIL Ryan Strome W Vasily Podkolzin W Matt Coronato W Alex Formenton,,Owen Power,D,6.06%,10
40,5276914824,SinCounty,0,174.79999,C Macklin Celebrini C Danila Yurov D Evan Bouchard D Luca Cagnoni G Karel Vejmelka UTIL Luke Evangelista W Clayton Keller W Matthew Knies W Ivar Stenberg,,Luke Hughes,D,6.06%,19
41,5277292690,Armyman13,0,174,C Connor McDavid C Leon Draisaitl D Evan Bouchard D Mattias Samuelsson G Joey Daccord UTIL Max Jones W Vasily Podkolzin W Alexis Lafreniere W Mathieu Joseph,,Vincent Trocheck,W,5.61%,7.8
41,5277525115,ibeckman,0,174,C Connor McDavid C Leon Draisaitl D Evan Bouchard D Mattias Samuelsson G Joey Daccord UTIL Max Jones W Vasily Podkolzin W Alexis Lafreniere W Mathieu Joseph,,Mason Marchment,W,5.61%,14.5
41,5277824316,pandahead,0,174,C Connor McDavid C Nico Hischier D Evan Bouchard D Luke Hughes G Igor Shesterkin UTIL Paul Cotter W Luke Evangelista W Vasily Podkolzin W Lawson Crouse,,Matthew Knies,W,5.50%,31
41,5277937201,kls148,0,174,C Connor McDavid C Leon Draisaitl D Evan Bouchard D Zach Whitecloud G Igor Shesterkin UTIL Noah Laba W Vasily Podkolzin W Isaac Howard W Will Cuylle,,Andrei Vasilevskiy,G,5.50%,0
45,5277873170,gorillabiscuit,0,173.8,C Connor McDavid C Leon Draisaitl D Evan Bouchard D Mattias Samuelsson G Joseph Woll UTIL Noah Ostlund W Vasily Podkolzin W Matt Coronato W Jiri Kulich,,Zayne Parekh,D,5.39%,2.8
46,5277244641,jchab87,0,173.70001,C Connor McDavid C Leon Draisaitl D Vince Dunn D Charle-Edouard D'Astous G Juuse Saros UTIL Michael Kesselring W Jared McCann W Vasily Podkolzin W Jordan Eberle,,Jesper Bratt,W,5.39%,17
47,5276974897,MambaMentality4Life,0,173.59999,C Connor McDavid C Leon Draisaitl D Evan Bouchard D Owen Power G Joseph Woll UTIL Denton Mateychuk W Jack Quinn W Zach Benson W Kent Johnson,,Patrick Kane,W,5.16%,1.3
47,5277216155,Odius,0,173.59999,C Connor McDavid C Leon Draisaitl D Evan Bouchard D Owen Power G Joseph Woll UTIL Denton Mateychuk W Jack Quinn W Zach Benson W Kent Johnson,,Steven Stamkos,W,5.05%,6.5
47,5277245113,scrub69,0,173.59999,C Connor McDavid C Leon Draisaitl D Evan Bouchard D Owen Power G Joseph Woll UTIL Denton Mateychuk W Jack Quinn W Zach Benson W Kent Johnson,,Will Smith,W,5.05%,31.5
47,5277264934,UWAlums03,0,173.59999,C Connor McDavid C Leon Draisaitl D Evan Bouchard D Owen Power G Joseph Woll UTIL Denton Mateychuk W Jack Quinn W Zach Benson W Kent Johnson,,Anthony Mantha,W,4.94%,1.5
47,5277819184,blacklabelkk,0,173.59999,C Connor McDavid C Leon Draisaitl D Evan Bouchard D Owen Power G Joseph Woll UTIL Denton Mateychuk W Jack Quinn W Zach Benson W Kent Johnson,,Brady Tkachuk,W,4.94%,7.3
47,5277915270,jjnads2000,0,173.59999,C Connor McDavid C Leon Draisaitl D Evan Bouchard D Owen Power G Joseph Woll UTIL Denton Mateychuk W Jack Quinn W Zach Benson W Kent Johnson,,Nico Hischier,C,4.83%,4.3
53,5277480330,davidarussellii,0,173.40001,C Connor McDavid C Leon Draisaitl D Evan Bouchard D Charle-Edouard D'Astous G Joseph Woll UTIL Ryan Shea W Vasily Podkolzin W Mason Marchment W Max Shabanov,,Jet Greaves,G,4.83%,11.6
54,5276888413,brycerucks,0,173.1,C Leon Draisaitl C Danila Yurov D Zayne Parekh D Luca Cagnoni G Jesper Wallstedt UTIL Connor McDavid W Dylan Guenther W Vasily Podkolzin W Max Shabanov,,Luca Cagnoni,D,4.83%,24.9
54,5277421049,Craft_Beer_Baller,0,173.1,C Logan Cooley C Charlie Coyle D Darnell Nurse D Adam Larsson G Joey Daccord UTIL Macklin Celebrini W Dylan Guenther W Will Smith W Anders Lee,,Vasily Podkolzin,UTIL,4.71%,19.5
56,5277173316,SonicTILT,0,172.59999,C Connor McDavid C Leon Draisaitl D Luca Cagnoni D Zeev Buium G Arvid Soderblom UTIL Macklin Celebrini W Vasily Podkolzin W Zach Benson W Jonathan Lekkerimaki,,Jake Allen,G,4.71%,15.1
57,5277264556,wallyswahoos,0,172,C Leon Draisaitl C Elias Pettersson D Luke Hughes D Mattias Ekholm G Karel Vejmelka UTIL Denton Mateychuk W Jesper Bratt W Brock Boeser W Matthew Knies,,Danila Yurov,C,4.60%,6.5
58,5277153672,jah_586,0,171.9,C Connor McDavid C Leon Draisaitl D Evan Bouchard D Mattias Samuelsson G Arvid Soderblom UTIL Vasily Podkolzin W Jordan Eberle W Kaapo Kakko W Ryan Winterton,,Aleksander Barkov,C,4.49%,2.8
59,5277831287,gustavo0413,0,171.80002,C Macklin Celebrini C Nick Schmaltz D Yan Kuznetsov D Andrew Peeke G Joey Daccord UTIL Will Smith W Dylan Guenther W Clayton Keller W Mason Marchment,,Juuse Saros,G,4.38%,8.4
59,5277976615,micheletmatt,0,171.8,C Leon Draisaitl C Adam Fantilli D Michael Kesselring D Charle-Edouard D'Astous G Karel Vejmelka UTIL Connor McDavid W Matthew Knies W Vasily Podkolzin W Kent Johnson,,Denton Mateychuk,D,4.15%,8
61,5277852811,djdog09,0,171.10002,C Macklin Celebrini C Marco Rossi D Mikhail Sergachev D Ryan Ufko G Joey Daccord UTIL Alexander Kerfoot W Clayton Keller W Will Smith W Mason Marchment,,Yaroslav Askarov,G,4.15%,11.6
62,5277083289,xokkeu,0,171,C Connor McDavid C Leon Draisaitl D Vince Dunn D Vladislav Gavrikov G Igor Shesterkin UTIL Josh Norris W Vasily Podkolzin W Anthony Mantha W Oliver Bjorkstrand,,Luke Evangelista,W,4.15%,12.3
63,5277247104,foutah,0,170.9,C Connor McDavid C Leon Draisaitl D Evan Bouchard D Braden Schneider G Igor Shesterkin UTIL Cody Glass W Clayton Keller W Drew O'Connor W Liam Ohgren,,Victor Hedman,D,4.15%,11.2
64,5277368153,joeflanagan9,0,170.8,C Macklin Celebrini C Jack Hughes D Luca Cagnoni D Ryan Shea G Igor Shesterkin UTIL Jesper Bratt W Will Smith W Anthony Mantha W Igor Chernyshov,,Alex Formenton,W,4.15%,1.3
64,5277804834,SiegFur_1,0,170.8,C Connor McDavid C Leon Draisaitl D Evan Bouchard D Mattias Samuelsson G Joey Daccord UTIL Cam York W Vasily Podkolzin W Ryan McLeod W Peyton Krebs,,Nikita Kucherov,W,4.04%,11.3
66,5277948826,JORDAN224,0,170.7,C Macklin Celebrini C Nick Schmaltz D Sean Durzi D Rasmus Ristolainen G Igor Shesterkin UTIL Vincent Trocheck W Clayton Keller W Will Smith W Mason Marchment,,Anders Lee,W,4.04%,15.8
67,5276961212,Assy_Mcgee,0,170.4,C Macklin Celebrini C Nick Schmaltz D Mikhail Sergachev D Luke Hughes G Jet Greaves UTIL Luca Cagnoni W Will Smith W Jesper Bratt W Bobby Brink,,Matthew Tkachuk,W,3.82%,12.8
68,5277703898,clags22,0,170.1,C Macklin Celebrini C Matty Beniers D Quinn Hughes D Jacob Trouba G Yaroslav Askarov UTIL Mason Marchment W Will Smith W Jared McCann W Kaapo Kakko,,Zeev Buium,D,3.82%,5.8
69,5277816058,Maverick8207,0,170,C Connor McDavid C Leon Draisaitl D Jamie Drysdale D Denton Mateychuk G Karel Vejmelka UTIL Trevor Zegras W Matthew Knies W Blake Coleman W Zach Benson,,Valeri Nichushkin,W,3.70%,5
69,5277956374,playerpropsavant,0,170,C Connor McDavid C Nick Schmaltz D Mikhail Sergachev D Filip Hronek G Joey Daccord UTIL Denton Mateychuk W Clayton Keller W Vasily Podkolzin W Kasperi Kapanen,,Brandon Hagel,W,3.70%,4.5
71,5277261517,jholland1981,0,169.90001,C Leon Draisaitl C Chandler Stephenson D Darnell Nurse D Mattias Samuelsson G Joey Daccord UTIL Connor McDavid W Bobby McMann W Vasily Podkolzin W Jordan Eberle,,Leon Draisaitl,UTIL,3.70%,35.5
72,5277821442,ufxgatorbox,0,169.7,C Connor McDavid C Leon Draisaitl D Evan Bouchard D Owen Power G Joseph Woll UTIL Louis Crevier W Jack Quinn W Zach Benson W Kent Johnson,,Kasperi Kapanen,W,3.70%,18.3
73,5276993963,wrestlerama,0,169.50002,C Jack Hughes C Marco Rossi D Vince Dunn D Jonas Siegenthaler G Jake Allen UTIL Nick Schmaltz W Jesper Bratt W Brock Boeser W Matthew Knies,,Adam Fantilli,C,3.70%,12.8
74,5277023243,acim2887,0,169.2,C Connor McDavid C Barrett Hayton D Evan Bouchard D Denton Mateychuk G Joey Daccord UTIL Leon Draisaitl W Vasily Podkolzin W Lawson Crouse W Jack McBain,,Sam Reinhart,W,3.48%,4.3
75,5277243517,luckie1710,0,169,C Leon Draisaitl C Mikael Backlund D Evan Bouchard D Mattias Samuelsson G Juuse Saros UTIL Connor McDavid W Jordan Eberle W Jack Quinn W Michael Carcone,,Roman Kantserov,C,3.37%,0
76,5277952448,Cocopuff001,0,168.8,C Connor McDavid C Danila Yurov D Evan Bouchard D Brett Pesce G Joseph Woll UTIL Leon Draisaitl W Vasily Podkolzin W Isaac Howard W Connor Zary,,Jacob Trouba,D,3.25%,4.3
77,5277449477,DaBanker,0,168.4,C Connor McDavid C Macklin Celebrini D Luca Cagnoni D Connor Murphy G Dustin Wolf UTIL Logan Cooley W Will Smith W Vasily Podkolzin W Alex Formenton,,Filip Hronek,D,3.25%,18.4
78,5277498219,WestinW12,0,168.2,C Connor McDavid C Leon Draisaitl D Simon Nemec D Owen Power G Jesper Wallstedt UTIL Mattias Samuelsson W Kirill Kaprizov W Vasily Podkolzin W Michael Carcone,,Carter Verhaeghe,W,3.25%,0
79,5277420679,curtman59,0,167.9,C Connor McDavid C Elias Pettersson D Evan Bouchard D Mattias Samuelsson G Joseph Woll UTIL Gustav Forsling W Sam Reinhart W Vasily Podkolzin W Kasperi Kapanen,,Simon Nemec,D,3.14%,7.3
79,5277718543,whoisjohngalt420,0,167.9,C Connor McDavid C Leon Draisaitl D Victor Hedman D Charle-Edouard D'Astous G Joseph Woll UTIL Evan Bouchard W Vasily Podkolzin W Kent Johnson W Alex Formenton,,Ilya Mikheyev,W,3.14%,6.3
81,5277620108,jasonc75,0,167.7,C Connor McDavid C Leon Draisaitl D Evan Bouchard D Mattias Ekholm G Joseph Woll UTIL Radko Gudas W Vasily Podkolzin W Yegor Sharangovich W Connor Zary,,Ryan O'Reilly,C,3.03%,6
82,5277701926,AntonioMorris,0,166.60002,C Connor McDavid C Leon Draisaitl D Alex Vlasic D Charle-Edouard D'Astous G Joey Daccord UTIL Igor Chernyshov W Jared McCann W Vasily Podkolzin W Jordan Eberle,,Joel Farabee,W,2.92%,4.1
83,5277117023,btbpitt71,0,166.49998,C Connor McDavid C Leon Draisaitl D Evan Bouchard D Luca Cagnoni G Ukko-Pekka Luukkonen UTIL Kaapo Kakko W Vasily Podkolzin W Collin Graf W Jonathan Lekkerimaki,,Sam Bennett,C,2.92%,6.5
84,5277014685,ZombieAut0pilot,0,164.9,C Connor McDavid C Noah Ostlund D Evan Bouchard D Luke Schenn G Spencer Knight UTIL Leon Draisaitl W Vasily Podkolzin W Jack Quinn W Zach Benson,,Connor Murphy,D,2.92%,12.3
85,5276933085,mustangs2015,0,164.7,C Connor McDavid C Leon Draisaitl D Gustav Forsling D Erik Cernak G Joey Daccord UTIL Evan Bouchard W Vasily Podkolzin W Jack Quinn W Alex Formenton,,Jake DeBrusk,W,2.81%,6
86,5277810091,charlesrayallday,0,164.5,C Connor McDavid C Leon Draisaitl D Owen Power D Mattias Samuelsson G Joey Daccord UTIL Simon Nemec W Clayton Keller W Vasily Podkolzin W Matvei Gridin,,Clayton Keller,UTIL,2.81%,17.3
87,5277473153,Onslaught77,0,164.00002,C Macklin Celebrini C Adam Fantilli D Quinn Hughes D Zeev Buium G Jet Greaves UTIL Kent Johnson W Will Smith W Matthew Knies W Mason Marchment,,Pavel Dorofeyev,W,2.69%,24
88,5277229275,Batmanuel75,0,163.90001,C Anton Frondell C Elias Pettersson D Darnell Nurse D Travis Sanheim G Yaroslav Askarov UTIL Macklin Celebrini W Brady Tkachuk W Matthew Knies W Mason Marchment,,Jake Guentzel,W,2.69%,6
88,5277848011,j.keech26,0,163.90001,C Jack Hughes C Michael Misa D Seth Jones D Luca Cagnoni G Igor Shesterkin UTIL Connor McDavid W Dylan Guenther W Luke Evangelista W Ivar Stenberg,,Gustav Forsling,D,2.69%,0
90,5277036831,patkingpin,0,163.40001,C Connor McDavid C Leon Draisaitl D Evan Bouchard D Simon Nemec G Igor Shesterkin UTIL Kaapo Kakko W Matt Coronato W Joel Farabee W Alex Formenton,,Alexander Wennberg,C,2.69%,5.8
91,5277492920,micahmbg,0,163.3,C Jack Hughes C Joel Eriksson Ek D Quinn Hughes D Luca Cagnoni G Igor Shesterkin UTIL Marco Rossi W Matt Boldy W Vasily Podkolzin W Liam Ohgren,,Aaron Ekblad,D,2.69%,5
92,5277771338,Schneefhead,0,162.9,C Connor McDavid C Logan Cooley D Luke Hughes D Zeev Buium G Dustin Wolf UTIL Will Smith W Jesper Bratt W Matthew Knies W Mason Marchment,,Adam Larsson,D,2.69%,4.1
93,5277901217,42Ballerz,0,162.30002,C Macklin Celebrini C Marco Rossi D Rasmus Dahlin D Zeev Buium G Jake Allen UTIL Clayton Keller W Will Smith W Mason Marchment W Ilya Mikheyev,,Trevor Zegras,C,2.69%,1.5
93,5277094005,Itzpcraft,0,162.3,C Connor McDavid C Chandler Stephenson D Evan Bouchard D Luca Cagnoni G Joey Daccord UTIL Mattias Ekholm W Bobby McMann W Vasily Podkolzin W Isaac Howard,,Jared McCann,W,2.58%,24
93,5277920280,mbhocky11,0,162.3,C Connor McDavid C Noah Cates D Travis Sanheim D Olli Maatta G Joey Daccord UTIL Macklin Celebrini W Kirill Kaprizov W Blake Coleman W Collin Graf,,Brayden Point,C,2.58%,7.8
93,5277781237,bersty16,0,162.29999,C Connor McDavid C Noah Ostlund D Evan Bouchard D Travis Sanheim G Ukko-Pekka Luukkonen UTIL Leon Draisaitl W Zach Benson W Arseny Gritsyuk W Konsta Helenius,,Anton Frondell,C,2.58%,5.8
97,5277183290,AdamfromChi,0,161.90001,C Leon Draisaitl C Noah Cates D Evan Bouchard D Ryan Shea G Joseph Woll UTIL Connor McDavid W Vasily Podkolzin W Matvei Gridin W Alex Formenton,,Timo Meier,W,2.58%,6
98,5277580429,FantasyGod94,0,161.6,C Macklin Celebrini C Joel Eriksson Ek D Rasmus Dahlin D Vince Dunn G Joseph Woll UTIL Jack Quinn W Jake DeBrusk W Matthew Knies W Anders Lee,,Bowen Byram,D,2.58%,1.3
99,5277067870,nickenyon6,0,161.50002,C Connor McDavid C Leon Draisaitl D Owen Power D Mattias Samuelsson G Joey Daccord UTIL Simon Nemec W Kirill Kaprizov W Vasily Podkolzin W Alex Formenton,,Josh Norris,C,2.58%,2.8
99,5277790854,blambeth2424,0,161.50002,C Connor McDavid C Leon Draisaitl D Simon Nemec D Owen Power G Joey Daccord UTIL Mattias Samuelsson W Kirill Kaprizov W Vasily Podkolzin W Alex Formenton,,Noah Ostlund,C,2.47%,14.5
99,5277820702,happytown79,0,161.5,C Adam Fantilli C Elias Pettersson D Zach Werenski D Zeev Buium G Joey Daccord UTIL Macklin Celebrini W Jake DeBrusk W Matthew Knies W Jonathan Lekkerimaki,,Drew O'Connor,W,2.47%,1.3
102,5277778768,Dzigginator,0,161.3,C Macklin Celebrini C Charlie Coyle D Zach Werenski D Darnell Nurse G Jet Greaves UTIL Will Smith W Matthew Knies W Kent Johnson W Alex Formenton,,Elias Pettersson,C,2.36%,24.5
102,5277900400,UFCMatt,0,161.29999,C Connor McDavid C Macklin Celebrini D Rasmus Ristolainen D Ryan Shea G Joseph Woll UTIL Michael Misa W Porter Martone W Owen Tippett W Vasily Podkolzin,,Matty Beniers,C,2.36%,17.6
104,5277374708,Roach713,0,161.20001,C Macklin Celebrini C Nick Schmaltz D Bowen Byram D Luca Cagnoni G Igor Shesterkin UTIL Vincent Trocheck W Clayton Keller W Will Smith W Igor Chernyshov,,Mattias Ekholm,D,2.36%,0
105,5277770403,roosevelt,0,160.7,C Connor McDavid C Leon Draisaitl D Owen Power D Mattias Samuelsson G Joey Daccord UTIL Kirill Kaprizov W Vasily Podkolzin W Kent Johnson W Alex Formenton,,Kevin Lankinen,G,2.36%,-18.9
106,5277725762,IvnDrago12,0,160.6,C Connor McDavid C Evan Rodrigues D Luke Hughes D Adam Larsson G Jake Allen UTIL Leon Draisaitl W Jared McCann W Dawson Mercer W Kaapo Kakko,,Alexis Lafreniere,W,2.36%,4.5
107,5277777637,auglianom,0,160.30002,C Joel Eriksson Ek C Noah Ostlund D Evan Bouchard D Owen Power G Jake Allen UTIL Connor McDavid W Vasily Podkolzin W Blake Coleman W Anders Lee,,Dougie Hamilton,D,2.36%,21.8
108,5277912743,JJ2379,0,160,C Macklin Celebrini C Nick Schmaltz D Luke Hughes D Owen Power G Jake Allen UTIL Clayton Keller W Will Smith W Mason Marchment W Ilya Mikheyev,,Brock Boeser,W,2.24%,16.5
109,5277700008,just_quit_or_suffer,0,159.70001,C Macklin Celebrini C Michael McCarron D Zach Werenski D Evan Bouchard G Yaroslav Askarov UTIL Will Smith W Mason Marchment W Marcus Foligno W Nick Foligno,,Jonas Brodin,D,2.24%,10.8
109,5276896324,JERKER19,0,159.7,C Connor McDavid C Danila Yurov D Simon Nemec D Denton Mateychuk G Igor Shesterkin UTIL Leon Draisaitl W Kirill Kaprizov W Vasily Podkolzin W Max Shabanov,,Travis Sanheim,D,2.13%,24.9
109,5277166723,paintgirl,0,159.7,C Connor McDavid C Noah Ostlund D Evan Bouchard D Charle-Edouard D'Astous G Arvid Soderblom UTIL Leon Draisaitl W Vasily Podkolzin W Jack Quinn W Zach Benson,,Brett Pesce,D,2.13%,0
109,5277213226,dallas1fan21,0,159.7,C Connor McDavid C Leon Draisaitl D Rasmus Dahlin D J.J. Moser G Joseph Woll UTIL Mattias Samuelsson W Vasily Podkolzin W Jack Quinn W Zach Benson,,Igor Chernyshov,W,2.13%,2.8
113,5277591621,RoobK19,0,159.30002,C Leon Draisaitl C Nick Schmaltz D Evan Bouchard D Adam Larsson G Joey Daccord UTIL Alex Formenton W Clayton Keller W Vasily Podkolzin W Kasperi Kapanen,,John Carlson,D,2.13%,8.6
113,5277434034,RafLP,0,159.3,C Leon Draisaitl C Morgan Frost D Filip Hronek D Jamie Oleksiak G Joseph Woll UTIL Connor McDavid W Vasily Podkolzin W Matt Coronato W Matvei Gridin,,Anton Lundell,C,2.13%,9.5
115,5277731041,golfer13cc,0,159.2,C Connor McDavid C Logan Cooley D Evan Bouchard D Luke Hughes G Karel Vejmelka UTIL Jonathan Lekkerimaki W Vasily Podkolzin W Blake Coleman W Kent Johnson,,Macklin Celebrini,UTIL,2.13%,34.8
116,5277333589,brownbsr,0,159,C Connor McDavid C Elias Pettersson D Evan Bouchard D Dougie Hamilton G Jesper Wallstedt UTIL Yegor Sharangovich W Vasily Podkolzin W Matt Coronato W Alex Formenton,,Charle-Edouard D'Astous,D,2.13%,2.6
117,5277385248,lkols23,0,158.7,C Connor McDavid C Leon Draisaitl D Seth Jones D Simon Nemec G Karel Vejmelka UTIL Vasily Podkolzin W Brock Boeser W Jack Quinn W Gage Goncalves,,Brady Tkachuk,UTIL,2.02%,7.3
118,5277851120,kush69,0,158.3,C Connor McDavid C Tage Thompson D Evan Bouchard D Mattias Samuelsson G Igor Shesterkin UTIL Charle-Edouard D'Astous W Vasily Podkolzin W Josh Doan W Kasperi Kapanen,,Ivar Stenberg,W,2.02%,0
119,5277776323,msunken,0,158.00002,C Jack Hughes C Danila Yurov D Connor Murphy D Mattias Samuelsson G Joey Daccord UTIL Connor McDavid W Kirill Kaprizov W Vasily Podkolzin W Blake Coleman,,Jonathan Lekkerimaki,W,2.02%,6.5
119,5277861587,mss1019,0,158.00002,C Connor McDavid C Leon Draisaitl D MacKenzie Weegar D Mattias Samuelsson G Igor Shesterkin UTIL Joel Eriksson Ek W Isaac Howard W Blake Coleman W Konsta Helenius,,Nick Schmaltz,UTIL,2.02%,11.5
119,5277908339,miguelon11,0,158,C Macklin Celebrini C Nick Schmaltz D Mikhail Sergachev D Aaron Ekblad G Joey Daccord UTIL Chandler Stephenson W Clayton Keller W Will Smith W Gabe Perreault,,Kaapo Kakko,W,2.02%,16.3
122,5277795538,hardybook,0,157.6,C Connor McDavid C Leon Draisaitl D Jacob Trouba D Jonas Brodin G Igor Shesterkin UTIL Sean Monahan W Vasily Podkolzin W Valeri Nichushkin W Conor Garland,,Adam Fox,D,1.91%,10
123,5276963129,macbethh,0,157.5,C Connor McDavid C Danila Yurov D Evan Bouchard D Zayne Parekh G Jesper Wallstedt UTIL Leon Draisaitl W Anders Lee W Kent Johnson W Jonathan Lekkerimaki,,Vince Dunn,D,1.91%,25.8
124,5277724758,nwspring52,0,157.1,C Connor McDavid C Nick Schmaltz D Evan Bouchard D Luke Hughes G Yaroslav Askarov UTIL Vincent Trocheck W Vasily Podkolzin W Kasperi Kapanen W Alex Formenton,,Sean Monahan,C,1.80%,11.3
125,5277014828,timmort2,0,156.8,C Connor McDavid C Joel Eriksson Ek D Denton Mateychuk D Luca Cagnoni G Jesper Wallstedt UTIL Leon Draisaitl W Vasily Podkolzin W Matt Coronato W Kent Johnson,,Dylan Guenther,UTIL,1.80%,27.5
125,5277215937,grama14,0,156.8,C Connor McDavid C Joel Eriksson Ek D Denton Mateychuk D Luca Cagnoni G Jesper Wallstedt UTIL Leon Draisaitl W Vasily Podkolzin W Matt Coronato W Kent Johnson,,Anthony Cirelli,C,1.80%,7.1
125,5277436249,Bunch91,0,156.8,C Connor McDavid C Joel Eriksson Ek D Denton Mateychuk D Luca Cagnoni G Jesper Wallstedt UTIL Leon Draisaitl W Vasily Podkolzin W Matt Coronato W Kent Johnson,,Lawson Crouse,W,1.80%,6.5
125,5277817485,BucksnBeers,0,156.8,C Connor McDavid C Joel Eriksson Ek D Denton Mateychuk D Luca Cagnoni G Jesper Wallstedt UTIL Leon Draisaitl W Vasily Podkolzin W Matt Coronato W Kent Johnson,,Chandler Stephenson,C,1.80%,11.5
125,5277837817,tcordw1,0,156.8,C Connor McDavid C Joel Eriksson Ek D Denton Mateychuk D Luca Cagnoni G Jesper Wallstedt UTIL Leon Draisaitl W Vasily Podkolzin W Matt Coronato W Kent Johnson,,Marco Rossi,C,1.80%,31
125,5277876727,sbris10,0,156.8,C Connor McDavid C Joel Eriksson Ek D Denton Mateychuk D Luca Cagnoni G Jesper Wallstedt UTIL Leon Draisaitl W Vasily Podkolzin W Matt Coronato W Kent Johnson,,Jordan Eberle,W,1.80%,14.5
125,5277927694,jaysu5,0,156.8,C Connor McDavid C Joel Eriksson Ek D Denton Mateychuk D Luca Cagnoni G Jesper Wallstedt UTIL Leon Draisaitl W Vasily Podkolzin W Matt Coronato W Kent Johnson,,Michael Misa,C,1.80%,6
132,5277159625,respo22,0,156.3,C Leon Draisaitl C Noah Laba D Evan Bouchard D Braden Schneider G Devon Levi UTIL Connor McDavid W Vasily Podkolzin W Kasperi Kapanen W Ryan Winterton,,Jiri Kulich,W,1.80%,1.5
133,5277674061,ak907hockey,0,156.1,C Macklin Celebrini C Logan Cooley D Darnell Nurse D Mattias Samuelsson G Karel Vejmelka UTIL Trevor Zegras W Dylan Guenther W Will Smith W Mason Marchment,,Ryan Hartman,C,1.80%,0
134,5277678055,dheck500,0,155.90001,C Connor McDavid C Danila Yurov D Evan Bouchard D Mattias Samuelsson G Joey Daccord UTIL Vasily Podkolzin W Kirill Kaprizov W Jack Quinn W Max Shabanov,,Konsta Helenius,W,1.80%,11.5
134,5277939065,Tiguy3321,0,155.90001,C Connor McDavid C Macklin Celebrini D Jacob Trouba D Nolan Allan G Andrei Vasilevskiy UTIL Christian Dvorak W Will Smith W Vasily Podkolzin W Kasperi Kapanen,,Owen Tippett,W,1.68%,4.3
136,5277896012,Caesar88,0,155.20001,C Connor McDavid C Leon Draisaitl D Evan Bouchard D Jamie Oleksiak G Yaroslav Askarov UTIL Kasperi Kapanen W Matvei Gridin W Igor Chernyshov W Drew O'Connor,,Joel Eriksson Ek,UTIL,1.68%,4.5
137,5277956057,drunkPanzer,0,155.1,C Connor McDavid C Jack Hughes D Denton Mateychuk D Luca Cagnoni G Jake Allen UTIL Sam Bennett W Matthew Knies W Ivar Stenberg W Gabe Perreault,,Matt Coronato,UTIL,1.68%,1.5
138,5277717978,Mrboozer,0,154.90001,C Connor McDavid C Leon Draisaitl D Cam York D Owen Power G Joey Daccord UTIL Clayton Keller W Anthony Mantha W Blake Coleman W Dawson Mercer,,Vincent Trocheck,UTIL,1.68%,7.8
138,5277915766,DeafAaron,0,154.90001,C Connor McDavid C Jack Hughes D Owen Power D Connor Murphy G Joey Daccord UTIL Mikhail Sergachev W Dylan Guenther W Zach Benson W Alex Formenton,,Michael Kesselring,UTIL,1.68%,2.8
140,5277868492,BamaJones,0,154.7,C Joel Eriksson Ek C Matty Beniers D Quinn Hughes D Jacob Trouba G Joseph Woll UTIL Macklin Celebrini W Jared McCann W Mason Marchment W Kaapo Kakko,,Michael Kesselring,D,1.57%,2.8
141,5277911221,cpuguy1,0,154.50002,C Leon Draisaitl C Macklin Celebrini D Darnell Nurse D Zeev Buium G Jake Allen UTIL Mason Marchment W Will Smith W Matt Coronato W Ilya Mikheyev,,Ryan Ufko,D,1.57%,2.8
142,5277816546,jtreichert22,0,154.3,C Connor McDavid C Leon Draisaitl D Mattias Ekholm D Jonas Brodin G Karel Vejmelka UTIL Jack Drury W Vincent Trocheck W Vasily Podkolzin W Kasperi Kapanen,,Tyler Toffoli,W,1.57%,1.5
143,5277685196,Johnny_Great,0,153.70001,C Connor McDavid C Leon Draisaitl D Owen Power D Mattias Samuelsson G Jesper Wallstedt UTIL Kevin Bahl W Kirill Kaprizov W Vasily Podkolzin W Yegor Sharangovich,,Matthew Tkachuk,UTIL,1.57%,12.8
143,5277962583,automahn,0,153.7,C Connor McDavid C Leon Draisaitl D Mattias Samuelsson D Elias-Nils Pettersson G Joseph Woll UTIL Matthew Tkachuk W Clayton Keller W Blake Coleman W Jiri Kulich,,Michael Carcone,W,1.57%,16.5
145,5277832477,plewis247,0,153.6,C Connor McDavid C Joel Eriksson Ek D Jared Spurgeon D Mattias Samuelsson G Jesper Wallstedt UTIL Evan Bouchard W Vasily Podkolzin W Isaac Howard W Blake Coleman,,Isaac Howard,W,1.57%,9.5
146,5276853741,samirnj,0,153.3,C Connor McDavid C Leon Draisaitl D Mattias Samuelsson D Michael Kesselring G Yaroslav Askarov UTIL Vasily Podkolzin W Clayton Keller W Matt Coronato W Jack Quinn,,Logan Cooley,UTIL,1.57%,6.3
147,5277246916,dimmerso79,0,153.2,C Connor McDavid C Leon Draisaitl D Rasmus Dahlin D Mattias Samuelsson G Joey Daccord UTIL Vasily Podkolzin W Matt Coronato W Jack Quinn W Alex Formenton,,Jake Walman,D,1.57%,2.8
148,5276855751,cpolleys,0,153.10002,C Connor McDavid C Leon Draisaitl D Denton Mateychuk D Olli Maatta G Yaroslav Askarov UTIL Dylan Guenther W Josh Doan W Blake Coleman W Ilya Mikheyev,,J.T. Miller,C,1.46%,4.1
148,5276995580,Goatropers,0,153.09999,C Connor McDavid C Leon Draisaitl D Evan Bouchard D Connor Murphy G Juuse Saros UTIL Max Sasson W Vasily Podkolzin W Lawson Crouse W Linus Karlsson,,Evan Bouchard,UTIL,1.46%,27.5
150,5277613831,freebie1836,0,152.9,C Matthew Wood C Sean Monahan D Roman Josi D Luke Hughes G Igor Shesterkin UTIL Jesper Bratt W Will Smith W Pavel Dorofeyev W Steven Stamkos,,Jamie Drysdale,D,1.35%,12.3
151,5277281679,lowellsp,0,152.8,C Connor McDavid C Logan Cooley D Evan Bouchard D Zayne Parekh G Igor Shesterkin UTIL Matt Coronato W Vasily Podkolzin W Isaac Howard W Anders Lee,,Spencer Knight,G,1.35%,0
151,5277421559,KnoxHerrington,0,152.8,C Connor McDavid C Nick Schmaltz D Quinn Hughes D Mattias Samuelsson G Joey Daccord UTIL Mikhail Sergachev W Vincent Trocheck W Vasily Podkolzin W Konsta Helenius,,Porter Martone,W,1.35%,1.5
153,5277899101,shazam926,0,152.70001,C Connor McDavid C Danila Yurov D Evan Bouchard D John Marino G Jake Allen UTIL Leon Draisaitl W Vasily Podkolzin W Max Shabanov W Connor Zary,,Filip Forsberg,W,1.35%,8
153,5277010984,icemike23,0,152.7,C Connor McDavid C Noah Ostlund D Evan Bouchard D Wyatt Kaiser G Dustin Wolf UTIL Leon Draisaitl W Vasily Podkolzin W Isaac Howard W Samuel Honzek,,Mikael Backlund,C,1.35%,1.5
153,5277113942,Bsaun32,0,152.7,C Leon Draisaitl C Morgan Frost D Filip Hronek D Nick Seeler G Joseph Woll UTIL Connor McDavid W Vasily Podkolzin W Matt Coronato W Matvei Gridin,,Jared Spurgeon,D,1.35%,13.4
156,5276892496,andrewran,0,152.59999,C J.T. Miller C Marco Rossi D Mikhail Sergachev D Vince Dunn G Karel Vejmelka UTIL Nico Hischier W Owen Tippett W Matthew Knies W Vasily Podkolzin,,Akira Schmid,G,1.35%,7.6
157,5277743085,Bottomfeeder91,0,152.5,C Nick Schmaltz C Noah Ostlund D Quinn Hughes D Mattias Samuelsson G Jesper Wallstedt UTIL Connor McDavid W Clayton Keller W Vasily Podkolzin W Zach Benson,,MacKenzie Weegar,D,1.35%,4.3
158,5277809582,FootballRoyal88,0,152.3,C Nick Schmaltz C Chandler Stephenson D Quinn Hughes D Owen Power G Joseph Woll UTIL Clayton Keller W Kirill Kaprizov W Dylan Guenther W Eetu Luostarinen,,Devon Levi,G,1.35%,-8
159,5277613862,johnbronco31,0,151.8,C Macklin Celebrini C Nick Schmaltz D Jacob Trouba D Sean Durzi G Igor Shesterkin UTIL Dylan Guenther W Vincent Trocheck W Vasily Podkolzin W Mason Marchment,,Anton Lundell,UTIL,1.35%,9.5
160,5276975706,Ericmiller85,0,151.5,C Macklin Celebrini C Anton Lundell D Adam Fox D Travis Sanheim G Karel Vejmelka UTIL Logan Cooley W Porter Martone W Matthew Knies W Mathieu Olivier,,Alex Formenton,UTIL,1.35%,1.3
161,5277084011,mattcasada,0,151.3,C Connor McDavid C Logan Cooley D Luke Hughes D Zayne Parekh G Karel Vejmelka UTIL Luke Evangelista W Dylan Guenther W Jack Quinn W Zach Benson,,Brandon Montour,D,1.23%,8.6
162,5277577079,strausberg,0,151.2,C Nick Schmaltz C Logan Cooley D Mikhail Sergachev D Jared Spurgeon G Joey Daccord UTIL Matthew Knies W Dylan Guenther W Clayton Keller W Vincent Trocheck,,Bobby McMann,W,1.23%,4.5
162,5276943051,pickens81,0,151.19998,C Leon Draisaitl C Michael Misa D Evan Bouchard D Luca Cagnoni G Ukko-Pekka Luukkonen UTIL Connor McDavid W Vasily Podkolzin W Igor Chernyshov W Conor Geekie,,Matthew Wood,C,1.23%,1.3
164,5277799949,hbarfield4117,0,150.8,C Nick Schmaltz C Anton Lundell D Mikhail Sergachev D Dougie Hamilton G Karel Vejmelka UTIL Eetu Luostarinen W Dylan Guenther W Clayton Keller W Vincent Trocheck,,Kirill Kaprizov,UTIL,1.23%,13
165,5277753049,Scrooge1515,0,150.1,C Leon Draisaitl C Macklin Celebrini D Connor Murphy D Mattias Samuelsson G Joseph Woll UTIL Will Smith W Carter Verhaeghe W Matt Coronato W Collin Graf,,Roman Josi,D,1.12%,13
166,5277767706,NCProWrstlngFN,0,150,C Nick Schmaltz C Joel Eriksson Ek D Mattias Samuelsson D Charle-Edouard D'Astous G Joseph Woll UTIL Connor McDavid W Dylan Guenther W Clayton Keller W Blake Coleman,,Zach Whitecloud,D,1.12%,1.3
166,5277929236,zekester,0,150,C Leon Draisaitl C Nick Schmaltz D Evan Bouchard D Denton Mateychuk G Juuse Saros UTIL Noah Ostlund W Clayton Keller W Vasily Podkolzin W Zach Benson,,Bobby Brink,W,1.12%,8
168,5277824059,ghostgardener,0,149.7,C Macklin Celebrini C Alexander Wennberg D Quinn Hughes D Jacob Trouba G Joey Daccord UTIL Joel Eriksson Ek W Will Smith W Mason Marchment W Jack Quinn,,Tyson Foerster,W,1.12%,4.3
169,5277393412,jeffylube,0,149.59999,C Leon Draisaitl C Elias Pettersson D Simon Nemec D Connor Murphy G Juuse Saros UTIL Connor McDavid W Vasily Podkolzin W Matt Coronato W Matvei Gridin,,Connor Zary,W,1.12%,6.5
170,5277907316,loigwine,0,149.3,C Connor McDavid C Leon Draisaitl D Mattias Samuelsson D Zach Whitecloud G Jake Allen UTIL Luca Cagnoni W Matthew Tkachuk W Carter Verhaeghe W Liam Ohgren,,Mattias Samuelsson,UTIL,1.12%,10
171,5276934227,flanny0210,0,149.1,C Marco Rossi C Noah Ostlund D Quinn Hughes D Mikhail Sergachev G Karel Vejmelka UTIL Nick Schmaltz W Kirill Kaprizov W Brock Boeser W Jack Quinn,,Kiefer Sherwood,W,1.12%,1.5
172,5277858142,anbob,0,149,C Connor McDavid C Jack Hughes D Seth Jones D Mattias Samuelsson G Joey Daccord UTIL Vasily Podkolzin W Luke Evangelista W Josh Doan W Jack Quinn,,Travis Konecny,W,1.12%,9.1
173,5277943679,ccubs16,0,148.9,C Connor McDavid C Jack Hughes D Victor Hedman D Mattias Samuelsson G Joey Daccord UTIL Michael Carcone W Kirill Kaprizov W Matt Coronato W Blake Coleman,,Ryan Shea,D,1.12%,10
174,5277019878,J-ROCK1013,0,148.30002,C Leon Draisaitl C Paul Cotter D Zach Werenski D Adam Larsson G Jesper Wallstedt UTIL Macklin Celebrini W Vasily Podkolzin W Lawson Crouse W Drew O'Connor,,Luke Evangelista,UTIL,1.01%,12.3
175,5277724943,jeffseff,0,148.2,C Connor McDavid C Logan Cooley D Connor Murphy D Mattias Samuelsson G Joseph Woll UTIL Josh Doan W Sam Reinhart W Dylan Guenther W Vasily Podkolzin,,Elias-Nils Pettersson,D,1.01%,0
176,5277016884,4prongdigger,0,147.9,C Leon Draisaitl C Noah Ostlund D Rasmus Dahlin D Darnell Nurse G Spencer Knight UTIL Connor McDavid W Vasily Podkolzin W Jack Quinn W Zach Benson,,Jamie Oleksiak,D,1.01%,17.6
176,5277451926,SpoWeezy,0,147.9,C Macklin Celebrini C Nick Schmaltz D Mikhail Sergachev D Mattias Samuelsson G Juuse Saros UTIL Zach Benson W Clayton Keller W Will Smith W Jack Quinn,,Mika Zibanejad,C,1.01%,24.9
178,5277055655,zhep03,0,147.79999,C Connor McDavid C Nick Schmaltz D Denton Mateychuk D Mattias Samuelsson G Juuse Saros UTIL Leon Draisaitl W Vincent Trocheck W Vasily Podkolzin W Kent Johnson,,Jack Hughes,UTIL,1.01%,19
178,5277611608,joehalac,0,147.79999,C Connor McDavid C Leon Draisaitl D Owen Power D Mattias Samuelsson G Ukko-Pekka Luukkonen UTIL Vasily Podkolzin W Kirill Kaprizov W Kasperi Kapanen W Yegor Sharangovich,,Matvei Michkov,W,1.01%,4.1
180,5277008666,SkyU27,0,147.7,C Connor McDavid C Leon Draisaitl D Rasmus Dahlin D Ian Cole G Joey Daccord UTIL Berkly Catton W Vasily Podkolzin W Josh Doan W Jack Quinn,,Sam Bennett,UTIL,1.01%,6.5
181,5277005429,lpratts,0,147.6,C Connor McDavid C Leon Draisaitl D Evan Bouchard D Michael Kesselring G Joseph Woll UTIL Mattias Samuelsson W Matt Coronato W Matvei Gridin W Kent Johnson,,Denton Mateychuk,UTIL,1.01%,8
181,5277178649,Woods24,0,147.6,C Connor McDavid C Leon Draisaitl D Evan Bouchard D Mattias Samuelsson G Joseph Woll UTIL Michael Kesselring W Matt Coronato W Matvei Gridin W Kent Johnson,,Yegor Sharangovich,W,1.01%,6.5
181,5277242174,Toppodogg,0,147.6,C Connor McDavid C Leon Draisaitl D Evan Bouchard D Mattias Samuelsson G Joseph Woll UTIL Michael Kesselring W Matt Coronato W Matvei Gridin W Kent Johnson,,Jesper Bratt,UTIL,1.01%,17
181,5277261943,Cashis89,0,147.6,C Connor McDavid C Leon Draisaitl D Evan Bouchard D Mattias Samuelsson G Joseph Woll UTIL Michael Kesselring W Matt Coronato W Matvei Gridin W Kent Johnson,,Arvid Soderblom,G,1.01%,-2.8
181,5277281403,ChazzDaMan2020,0,147.6,C Connor McDavid C Leon Draisaitl D Evan Bouchard D Mattias Samuelsson G Joseph Woll UTIL Michael Kesselring W Matt Coronato W Matvei Gridin W Kent Johnson,,Charlie Coyle,C,1.01%,19.3
181,5277448882,logan956,0,147.6,C Connor McDavid C Leon Draisaitl D Evan Bouchard D Mattias Samuelsson G Joseph Woll UTIL Michael Kesselring W Matt Coronato W Matvei Gridin W Kent Johnson,,Colton Dach,C,1.01%,4.3
181,5277752556,sweeptheleg,0,147.6,C Connor McDavid C Leon Draisaitl D Evan Bouchard D Mattias Samuelsson G Joseph Woll UTIL Michael Kesselring W Matt Coronato W Matvei Gridin W Kent Johnson,,Cam York,D,1.01%,8.4
181,5277809385,jacks666,0,147.6,C Connor McDavid C Leon Draisaitl D Evan Bouchard D Mattias Samuelsson G Joseph Woll UTIL Michael Kesselring W Matt Coronato W Matvei Gridin W Kent Johnson,,Liam Ohgren,W,1.01%,9.1
181,5277906096,hizzy4shizzy,0,147.6,C Connor McDavid C Leon Draisaitl D Evan Bouchard D Mattias Samuelsson G Joseph Woll UTIL Michael Kesselring W Matt Coronato W Matvei Gridin W Kent Johnson,,Will Smith,UTIL,1.01%,31.5
181,5277962642,williemo12,0,147.6,C Connor McDavid C Leon Draisaitl D Evan Bouchard D Mattias Samuelsson G Joseph Woll UTIL Michael Kesselring W Matt Coronato W Matvei Gridin W Kent Johnson,,Louis Crevier,D,0.90%,4.1
181,5277969003,RAJAHDAT420,0,147.6,C Connor McDavid C Leon Draisaitl D Evan Bouchard D Mattias Samuelsson G Joseph Woll UTIL Michael Kesselring W Matt Coronato W Matvei Gridin W Kent Johnson,,Conor Garland,W,0.90%,1.3
192,5277091058,metroc710,0,147.5,C Macklin Celebrini C Adam Fantilli D Zach Werenski D Luca Cagnoni G Kevin Lankinen UTIL Liam Ohgren W Will Smith W Matthew Knies W Kent Johnson,,Simon Nemec,UTIL,0.90%,7.3
192,5277914807,Rooch,0,147.5,C Leon Draisaitl C Jack Hughes D Jake Walman D Travis Sanheim G Karel Vejmelka UTIL Luke Evangelista W Matthew Knies W Anthony Mantha W Amadeus Lombardi,,Olli Maatta,D,0.90%,6.3
194,5277318416,black979,0,147.40001,C Nick Schmaltz C Joel Eriksson Ek D Evan Bouchard D Connor Murphy G Igor Shesterkin UTIL Paul Cotter W Matt Boldy W Clayton Keller W Vasily Podkolzin,,Josh Norris,UTIL,0.90%,2.8
195,5277125315,metzykid23,0,147.3,C Leon Draisaitl C Anton Frondell D Evan Bouchard D Rasmus Dahlin G Joseph Woll UTIL Mattias Samuelsson W Vasily Podkolzin W Matt Coronato W Kasperi Kapanen,,Noah Cates,C,0.90%,4.3
196,5277857190,Carolinareaper007,0,146.7,C Connor McDavid C Joel Eriksson Ek D Quinn Hughes D Mattias Samuelsson G Joey Daccord UTIL Evan Bouchard W Blake Coleman W Max Shabanov W Konsta Helenius,,Matt Boldy,UTIL,0.90%,10.5
197,5277313529,NEFan61,0,146.6,C Macklin Celebrini C Logan Cooley D Evan Bouchard D Luke Hughes G Yaroslav Askarov UTIL Luca Cagnoni W Steven Stamkos W Anthony Mantha W Jack Quinn,,Brayden Point,UTIL,0.90%,7.8
198,5277122202,cartman6523,0,146.3,C Leon Draisaitl C Sam Bennett D Evan Bouchard D Tom Willander G Joseph Woll UTIL Anton Lundell W Carter Verhaeghe W Vasily Podkolzin W Kasperi Kapanen,,Max Shabanov,UTIL,0.90%,0
198,5277248622,mck1960,0,146.3,C Connor McDavid C Leon Draisaitl D Evan Bouchard D Mattias Samuelsson G Joseph Woll UTIL Marcus Foligno W Matt Coronato W Matvei Gridin W Kent Johnson,,Mikhail Sergachev,UTIL,0.90%,12.1
200,5277184274,aarond23,0,145.90001,C Connor McDavid C Macklin Celebrini D Mattias Samuelsson D Zeev Buium G Jake Allen UTIL Matt Coronato W Clayton Keller W Mason Marchment W Ilya Mikheyev,,Zach Benson,UTIL,0.90%,7.8
201,5277636797,muckhocksauce,0,145.8,C Charlie Coyle C Noah Ostlund D Zach Werenski D Mattias Samuelsson G Karel Vejmelka UTIL Connor McDavid W Sam Reinhart W Zach Benson W Cole Sillinger,,Mathieu Olivier,W,0.90%,13
202,5277370040,NickC114,0,145.7,C Connor McDavid C Leon Draisaitl D Quinn Hughes D Luke Hughes G Dustin Wolf UTIL Linus Karlsson W Vasily Podkolzin W Liam Ohgren W Jonathan Lekkerimaki,,J.J. Moser,D,0.90%,2.6
203,5277346364,cbjFlo,0,145.6,C Macklin Celebrini C Adam Fantilli D Zach Werenski D Brandon Montour G Jet Greaves UTIL Dmitri Voronkov W Matthew Knies W Mathieu Olivier W Cole Sillinger,,Jonathan Lekkerimaki,UTIL,0.90%,6.5
203,5277637173,tomlinmustgo,0,145.6,C Connor McDavid C Alexander Wennberg D Mikhail Sergachev D Mattias Samuelsson G Joseph Woll UTIL Zach Werenski W Clayton Keller W Vasily Podkolzin W Alex Formenton,,Collin Graf,W,0.90%,1.3
205,5277905102,Timnorwood,0,145.5,C Connor McDavid C Anton Lundell D Zach Werenski D Mattias Samuelsson G Joey Daccord UTIL Evan Bouchard W Valeri Nichushkin W Konsta Helenius W Drew O'Connor,,Sean Durzi,D,0.79%,2.6
206,5277571043,RBritten1,0,145.3,C Connor McDavid C Alexander Wennberg D Evan Bouchard D Gustav Forsling G Jesper Wallstedt UTIL Aaron Ekblad W Matthew Tkachuk W Vasily Podkolzin W Kasperi Kapanen,,Anders Lee,UTIL,0.79%,15.8
207,5277964163,sdhjsowkalxckjsjjxj,0,144.5,C Adam Fantilli C Charlie Coyle D Zach Werenski D Denton Mateychuk G Andrei Vasilevskiy UTIL Macklin Celebrini W Matthew Knies W Kent Johnson W Kaapo Kakko,,Anthony Mantha,UTIL,0.79%,1.5
208,5277072986,pipes3131,0,144.40001,C Connor McDavid C Alexander Wennberg D Zach Werenski D Mattias Samuelsson G Joey Daccord UTIL Blake Coleman W Clayton Keller W Patrick Kane W Michael Carcone,,Sam Reinhart,UTIL,0.79%,4.3
209,5276876551,Browner97,0,144.1,C Adam Fantilli C Danila Yurov D Evan Bouchard D Quinn Hughes G Karel Vejmelka UTIL Vincent Trocheck W Dylan Guenther W Vasily Podkolzin W Jonathan Lekkerimaki,,Mason Marchment,UTIL,0.79%,14.5
209,5277185422,jasonbhellmann,0,144.1,C Connor McDavid C Leon Draisaitl D Rasmus Dahlin D Wyatt Kaiser G Spencer Knight UTIL Zach Benson W Luke Evangelista W Vasily Podkolzin W Kasperi Kapanen,,Dawson Mercer,W,0.79%,4.5
211,5277927819,bgrossy,0,143.90001,C Connor McDavid C Macklin Celebrini D Darnell Nurse D Zeev Buium G Jake Allen UTIL Max Shabanov W Clayton Keller W Mason Marchment W Ilya Mikheyev,,Kasperi Kapanen,UTIL,0.79%,18.3
211,5277230945,Byronn5,0,143.9,C Connor McDavid C Leon Draisaitl D Alex Vlasic D Mattias Samuelsson G Arvid Soderblom UTIL Evan Bouchard W Vasily Podkolzin W Isaac Howard W Alex Formenton,,Valeri Nichushkin,UTIL,0.79%,5
211,5277689019,Buckeye-Ninja,0,143.9,C Connor McDavid C Leon Draisaitl D Denton Mateychuk D Ryan Shea G Dustin Wolf UTIL Evan Bouchard W Vasily Podkolzin W Joel Farabee W Jiri Kulich,,Ryan Hartman,UTIL,0.79%,0
214,5276835545,UHHOHH,0,143.7,C Joel Eriksson Ek C Matty Beniers D Evan Bouchard D Quinn Hughes G Jesper Wallstedt UTIL Lawson Crouse W Jared McCann W Vasily Podkolzin W Blake Coleman,,Adam Fantilli,UTIL,0.79%,12.8
215,5277719585,azerirules,0,143.4,C Macklin Celebrini C Matty Beniers D Sean Durzi D Dmitry Orlov G Yaroslav Askarov UTIL Dylan Guenther W Clayton Keller W Travis Konecny W Mason Marchment,,Michael Misa,UTIL,0.79%,6
216,5277002207,Shacko,0,143.30002,C Connor McDavid C Leon Draisaitl D J.J. Moser D Olli Maatta G Dustin Wolf UTIL Josh Norris W Vincent Trocheck W Matthew Knies W Vasily Podkolzin,,Trevor Zegras,UTIL,0.79%,1.5
217,5277363413,ldmoney,0,142.79999,C Macklin Celebrini C Logan Cooley D Mikhail Sergachev D Darnell Nurse G Karel Vejmelka UTIL Nick Schmaltz W Travis Konecny W Matthew Knies W Bobby Brink,,Oliver Bjorkstrand,W,0.67%,6.5
218,5277812546,LSNowak,0,142.70001,C Leon Draisaitl C Trevor Zegras D Darnell Nurse D Travis Sanheim G Karel Vejmelka UTIL Evan Bouchard W Jake DeBrusk W Matt Coronato W Anders Lee,,Yan Kuznetsov,D,0.67%,2.8
218,5277159649,bjksooner,0,142.7,C Connor McDavid C Alexander Wennberg D Evan Bouchard D Rasmus Dahlin G Joseph Woll UTIL Alex Formenton W Clayton Keller W Vasily Podkolzin W Jiri Kulich,,Jonathan Marchessault,W,0.67%,0
220,5277059391,tcarv4,0,142.5,C Adam Fantilli C Logan Cooley D Zach Werenski D Filip Hronek G Juuse Saros UTIL Anders Lee W Dylan Guenther W Matthew Knies W Kent Johnson,,Josh Doan,UTIL,0.67%,4.5
221,5277236978,stiggy24,0,142.4,C Connor McDavid C Leon Draisaitl D Evan Bouchard D Cam York G Ukko-Pekka Luukkonen UTIL Ryan McLeod W Vasily Podkolzin W Konsta Helenius W Peyton Krebs,,Danila Yurov,UTIL,0.67%,6.5
222,5277316626,tristanbyrd,0,142.3,C Adam Fantilli C J.T. Miller D Mikhail Sergachev D Bowen Byram G Joseph Woll UTIL Logan Cooley W Dylan Guenther W Pavel Dorofeyev W Matthew Knies,,Tom Willander,D,0.67%,6.3
223,5277349796,dusty-96,0,141.5,C Macklin Celebrini C Marco Rossi D Quinn Hughes D Zeev Buium G Jesper Wallstedt UTIL Brock Boeser W Kirill Kaprizov W Max Shabanov W Liam Ohgren,,Eetu Luostarinen,W,0.67%,22.8
224,5277565666,Michaeldegg69,0,141.4,C Macklin Celebrini C Alexander Wennberg D Rasmus Dahlin D Vince Dunn G Joseph Woll UTIL Igor Chernyshov W Jared McCann W Bobby McMann W Jordan Eberle,,Linus Karlsson,W,0.67%,2.8
225,5277659261,dana522,0,141.20001,C Macklin Celebrini C Nick Schmaltz D Mikhail Sergachev D Denton Mateychuk G Karel Vejmelka UTIL Anton Lundell W Dylan Guenther W Anders Lee W Kiefer Sherwood,,Andrew Peeke,D,0.67%,7.6
225,5277952150,jmart80,0,141.2,C Macklin Celebrini C Nico Hischier D Mikhail Sergachev D Zeev Buium G Jake Allen UTIL Clayton Keller W Matthew Knies W Mason Marchment W Ilya Mikheyev,,Matthew Knies,UTIL,0.67%,31
227,5277093558,66Pens,0,141,C Connor McDavid C Logan Cooley D Owen Power D Ryan Shea G Devon Levi UTIL Matthew Knies W Dylan Guenther W Clayton Keller W Ilya Mikheyev,,Noah Ostlund,UTIL,0.67%,14.5
227,5277924677,Matt1134,0,141,C Connor McDavid C Noah Ostlund D Rasmus Dahlin D Charle-Edouard D'Astous G Andrei Vasilevskiy UTIL Leon Draisaitl W Vasily Podkolzin W Jack Quinn W Zach Benson,,Lawson Crouse,UTIL,0.56%,6.5
229,5276959215,JSB31,0,140.5,C Connor McDavid C Danila Yurov D Simon Nemec D Owen Power G Jesper Wallstedt UTIL Vasily Podkolzin W Nikita Kucherov W Kirill Kaprizov W Michael Carcone,,Nico Hischier,UTIL,0.56%,4.3
230,5277908302,Oliveira088,0,140.29999,C Connor McDavid C Leon Draisaitl D Evan Bouchard D Zeev Buium G Juuse Saros UTIL Frank Nazar W Vasily Podkolzin W Ryan Donato W Oliver Moore,,Rasmus Dahlin,UTIL,0.56%,6
231,5277090871,steelerspens09,0,140.2,C Leon Draisaitl C Macklin Celebrini D Rasmus Ristolainen D Owen Power G Ukko-Pekka Luukkonen UTIL Zach Benson W Jake Guentzel W Jordan Eberle W Anders Lee,,Dmitry Orlov,D,0.56%,8.4
231,5277499768,JcClark18,0,140.2,C Leon Draisaitl C Mikael Backlund D Evan Bouchard D Mattias Samuelsson G Arvid Soderblom UTIL Connor McDavid W Vasily Podkolzin W Joel Farabee W Samuel Honzek,,Aleksander Barkov,UTIL,0.56%,2.8
233,5277764706,sasmallen,0,140.1,C Leon Draisaitl C Morgan Frost D Darnell Nurse D Mattias Samuelsson G Karel Vejmelka UTIL Connor McDavid W Vasily Podkolzin W Matt Coronato W Max Shabanov,,Connor Murphy,UTIL,0.56%,12.3
233,5277462718,tootie81,0,140.09999,C Connor McDavid C Ryan Hartman D Quinn Hughes D Jonas Brodin G Juuse Saros UTIL Marco Rossi W Steven Stamkos W Blake Coleman W Jack Quinn,,Blake Coleman,UTIL,0.56%,12.8
235,5277910452,lynchmob1414,0,139.8,C Leon Draisaitl C Tage Thompson D Jake Walman D Dmitry Orlov G Igor Shesterkin UTIL Marco Rossi W Vasily Podkolzin W Josh Doan W Igor Chernyshov,,Conor Garland,UTIL,0.56%,1.3
236,5277920000,DailyWombat,0,139.7,C Connor McDavid C Noah Ostlund D Connor Murphy D John Marino G Andrei Vasilevskiy UTIL Leon Draisaitl W Kirill Kaprizov W Jack Quinn W Zach Benson,,Paul Cotter,C,0.56%,15
237,5277555776,nlang003,0,139.59999,C Macklin Celebrini C Logan Cooley D Mattias Samuelsson D Charle-Edouard D'Astous G Jake Allen UTIL Nick Schmaltz W Dylan Guenther W Clayton Keller W Jordan Eberle,,Christian Dvorak,C,0.56%,4.1
238,5277513584,ldmariodl28,0,139.5,C Macklin Celebrini C Logan Cooley D Mikhail Sergachev D Mattias Samuelsson G Karel Vejmelka UTIL Anton Lundell W Dylan Guenther W Clayton Keller W Jiri Kulich,,Rasmus Ristolainen,D,0.56%,21.4
239,5277950426,gretzky99_99,0,139.3,C Leon Draisaitl C Danila Yurov D Filip Hronek D Seth Jones G Igor Shesterkin UTIL Matthew Tkachuk W Kirill Kaprizov W Vasily Podkolzin W Max Shabanov,,Jamie Oleksiak,UTIL,0.56%,17.6
240,5276976494,buzzwerf,0,139.2,C Mika Zibanejad C J.T. Miller D Adam Fox D Jared Spurgeon G Igor Shesterkin UTIL Jack Hughes W Pavel Dorofeyev W Alexis Lafreniere W Gabe Perreault,,Tage Thompson,UTIL,0.56%,6
241,5277720144,goldendomer79,0,139.1,C Leon Draisaitl C Macklin Celebrini D Luke Hughes D Jamie Drysdale G Dustin Wolf UTIL Anton Lundell W Vincent Trocheck W Brock Boeser W Yegor Sharangovich,,Alex Vlasic,D,0.56%,2.8
242,5277165144,Ctracefan,0,139,C Leon Draisaitl C Morgan Frost D Evan Bouchard D Zayne Parekh G Ukko-Pekka Luukkonen UTIL Michael Carcone W Dylan Guenther W Luke Evangelista W Vasily Podkolzin,,Will Cuylle,W,0.56%,4.5
243,5277023460,bposluszny,0,138.90001,C Leon Draisaitl C Macklin Celebrini D Dougie Hamilton D Mattias Samuelsson G Dustin Wolf UTIL Jack Hughes W Zach Benson W Konsta Helenius W Nick Lardis,,Ryan McDonagh,D,0.56%,2.8
243,5277241220,bengreen2,0,138.90001,C Tage Thompson C Nick Schmaltz D Zeev Buium D Yan Kuznetsov G Karel Vejmelka UTIL Macklin Celebrini W Will Smith W Vasily Podkolzin W Jonathan Lekkerimaki,,Kent Johnson,UTIL,0.56%,6.5
245,5277768992,noahopz,0,138.8,C Macklin Celebrini C Danila Yurov D Quinn Hughes D Luca Cagnoni G Karel Vejmelka UTIL Logan Cooley W Kirill Kaprizov W Mason Marchment W Igor Chernyshov,,Tyler Bertuzzi,W,0.56%,3
246,5277762777,btterman,0,138.7,C Connor McDavid C Joel Eriksson Ek D Evan Bouchard D Jake Walman G Joey Daccord UTIL Nick Schmaltz W Vasily Podkolzin W Jonathan Lekkerimaki W Marcus Foligno,,Patrick Kane,UTIL,0.56%,1.3
247,5277439206,steven313,0,138.3,C Macklin Celebrini C Alexander Wennberg D Quinn Hughes D Luca Cagnoni G Joseph Woll UTIL Brayden Point W Matt Boldy W Anders Lee W Max Shabanov,,Zach Werenski,UTIL,0.56%,15.8
248,5277546021,budzie12,0,138.20001,C Macklin Celebrini C Nico Hischier D Luca Cagnoni D Zeev Buium G Yaroslav Askarov UTIL Kirill Kaprizov W Will Smith W Luke Evangelista W Max Shabanov,,Marco Rossi,UTIL,0.56%,31
248,5277846825,DRYBOX,0,138.20001,C Jack Hughes C Anton Lundell D Luke Hughes D Seth Jones G Igor Shesterkin UTIL Zach Werenski W Jesper Bratt W Anthony Mantha W Eetu Luostarinen,,Jack Quinn,UTIL,0.45%,14.5
250,5277663265,chrisapriltravis,0,138,C Connor McDavid C Josh Norris D Evan Bouchard D Gustav Forsling G Karel Vejmelka UTIL Nick Schmaltz W Clayton Keller W Kaapo Kakko W Max Jones,,Timo Meier,UTIL,0.45%,6
251,5277095220,ajb3247,0,137.40001,C Connor McDavid C Macklin Celebrini D Zeev Buium D Zach Whitecloud G Jesper Wallstedt UTIL Vasily Podkolzin W Matt Boldy W Zach Benson W Alex Formenton,,Matvei Gridin,UTIL,0.45%,0
251,5277080969,lsbruehl,0,137.4,C Elias Pettersson C Colton Dach D Zach Werenski D Evan Bouchard G Dustin Wolf UTIL Adam Fantilli W Jake DeBrusk W Matthew Knies W Kasperi Kapanen,,Luca Cagnoni,UTIL,0.45%,24.9
253,5277893669,TheMaz22,0,137.2,C Connor McDavid C Danila Yurov D Quinn Hughes D Luke Hughes G Jesper Wallstedt UTIL Jack Hughes W Vasily Podkolzin W Ivar Stenberg W Nick Lardis,,Gabe Perreault,W,0.45%,10
254,5276835249,KETTLEHEADS,0,137.1,C Connor McDavid C Sean Monahan D Darnell Nurse D Zayne Parekh G Yaroslav Askarov UTIL Leon Draisaitl W Vasily Podkolzin W Valeri Nichushkin W Conor Garland,,Evan Rodrigues,C,0.45%,1.5
254,5277907962,MrVodka,0,137.1,C Macklin Celebrini C Alexander Wennberg D Rasmus Dahlin D Zeev Buium G Jake Allen UTIL Clayton Keller W Will Smith W Mason Marchment W Ilya Mikheyev,,Colton Dach,UTIL,0.45%,4.3
254,5277115762,JaserD,0,137.09999,C Leon Draisaitl C Chandler Stephenson D Jacob Trouba D Connor Murphy G Ukko-Pekka Luukkonen UTIL Connor McDavid W Bobby McMann W Vasily Podkolzin W Jordan Eberle,,Jake Guentzel,UTIL,0.45%,6
257,5277219850,georgejester,0,137,C Nick Schmaltz C Ryan O'Reilly D Mikhail Sergachev D Adam Larsson G Karel Vejmelka UTIL Clayton Keller W Dylan Guenther W Will Smith W Connor Zary,,Ian Cole,D,0.45%,1.3
258,5277073301,SlyHolla,0,136.9,C Connor McDavid C Leon Draisaitl D Evan Bouchard D Niko Mikkola G Devon Levi UTIL Michael Misa W Vasily Podkolzin W Ilya Mikheyev W Jonathan Lekkerimaki,,Quinn Hughes,UTIL,0.45%,15.5
259,5277545079,Fuhkair,0,136.8,C Leon Draisaitl C Michael Misa D Evan Bouchard D Zeev Buium G Dustin Wolf UTIL Adam Fantilli W Matthew Knies W Vasily Podkolzin W Anthony Mantha,,Barrett Hayton,C,0.45%,7.3
259,5277028406,KingWavy8,0,136.79999,C Adam Fantilli C Logan Cooley D Mikhail Sergachev D Owen Power G Igor Shesterkin UTIL Jesper Bratt W Dylan Guenther W Clayton Keller W Josh Doan,,Nick Lardis,W,0.45%,1.3
261,5276869140,tolson07,0,136.5,C J.T. Miller C Logan Cooley D Roman Josi D Adam Fox G Igor Shesterkin UTIL Anders Lee W Dylan Guenther W Pavel Dorofeyev W Oliver Bjorkstrand,,Filip Forsberg,UTIL,0.45%,8
261,5277313673,Illegaltouching1,0,136.5,C Elias Pettersson C Matthew Wood D Roman Josi D Filip Hronek G Igor Shesterkin UTIL Vasily Podkolzin W Filip Forsberg W Brock Boeser W Jake DeBrusk,,Kaapo Kakko,UTIL,0.45%,16.3
263,5277815784,MuchAdo,0,136,C Connor McDavid C Joel Eriksson Ek D Denton Mateychuk D Louis Crevier G Jesper Wallstedt UTIL Leon Draisaitl W Vasily Podkolzin W Matt Coronato W Kent Johnson,,Alexander Wennberg,UTIL,0.45%,5.8
264,5277173455,HurricaneAl42,0,135.8,C Macklin Celebrini C Nick Schmaltz D Mikhail Sergachev D Luca Cagnoni G Jet Greaves UTIL Conor Garland W Clayton Keller W Vincent Trocheck W Mason Marchment,,Vladislav Gavrikov,D,0.45%,9.5
265,5276953091,jer4940,0,135.7,C Connor McDavid C Nick Schmaltz D Evan Bouchard D Elias-Nils Pettersson G Joseph Woll UTIL Matthew Tkachuk W Clayton Keller W Alex Formenton W Jiri Kulich,,Dmitri Voronkov,UTIL,0.45%,5
266,5277411198,rnrppr1997,0,135.6,C Macklin Celebrini C Tage Thompson D Rasmus Dahlin D Luca Cagnoni G Joey Daccord UTIL Isaac Howard W Vasily Podkolzin W Igor Chernyshov W Zach Benson,,Kailer Yamamoto,W,0.45%,0
267,5277237410,jackball222,0,135.5,C Nick Schmaltz C Danila Yurov D Filip Hronek D Seth Jones G Karel Vejmelka UTIL Elias Pettersson W Kirill Kaprizov W Clayton Keller W Vasily Podkolzin,,Morgan Frost,UTIL,0.45%,3
268,5277331054,cyclones82,0,135.4,C Connor McDavid C Nick Schmaltz D Evan Bouchard D Connor Murphy G Dustin Wolf UTIL Niko Mikkola W Clayton Keller W Vasily Podkolzin W Lawson Crouse,,Ryan O'Reilly,UTIL,0.45%,6
268,5277767878,thehoff11,0,135.4,C Joel Eriksson Ek C Matty Beniers D Quinn Hughes D Filip Hronek G Jesper Wallstedt UTIL Jared McCann W Matt Boldy W Blake Coleman W Kaapo Kakko,,Anton Frondell,UTIL,0.45%,5.8
268,5277934974,Nolemmet,0,135.4,C Connor McDavid C Leon Draisaitl D Evan Bouchard D Owen Power G Devon Levi UTIL Noah Cates W Mathieu Olivier W Dawson Mercer W Bobby Brink,,Peyton Krebs,W,0.45%,0
271,5277912391,LMS77,0,135.3,C Macklin Celebrini C Alexander Wennberg D Evan Bouchard D Mattias Samuelsson G Jesper Wallstedt UTIL Travis Sanheim W Matt Boldy W Kiefer Sherwood W Will Cuylle,,Joel Farabee,UTIL,0.45%,4.1
272,5277050996,dext56ses,0,135.2,C Macklin Celebrini C Aleksander Barkov D Adam Larsson D Rasmus Ristolainen G Karel Vejmelka UTIL Elias Pettersson W Travis Konecny W Brock Boeser W Tyler Toffoli,,Matty Beniers,UTIL,0.45%,17.6
273,5276954724,tbjones2121,0,135.09999,C Nick Schmaltz C Logan Cooley D Brandon Montour D Denton Mateychuk G Joey Daccord UTIL Mikhail Sergachev W Dylan Guenther W Clayton Keller W Vasily Podkolzin,,Marcus Foligno,W,0.45%,1.5
274,5277823197,zach2834,0,134.9,C Nick Schmaltz C Christian Dvorak D Mikhail Sergachev D Jacob Trouba G Yaroslav Askarov UTIL Will Smith W Dylan Guenther W Matthew Tkachuk W Vasily Podkolzin,,Gabe Perreault,UTIL,0.34%,10
275,5277018259,tonyt91,0,134.6,C Mika Zibanejad C Nick Schmaltz D Luke Hughes D Jonas Brodin G Jake Allen UTIL Joel Eriksson Ek W Jesper Bratt W Jared McCann W Vincent Trocheck,,Aaron Ekblad,UTIL,0.34%,5
275,5277822332,SckmyDitka,0,134.59999,C Connor McDavid C Roman Kantserov D Travis Sanheim D Mattias Samuelsson G Ukko-Pekka Luukkonen UTIL Macklin Celebrini W Vincent Trocheck W Anders Lee W Ilya Mikheyev,,Gustav Forsling,UTIL,0.34%,0
277,5276876564,mspozto,0,134.5,C Connor McDavid C Alexander Wennberg D Zach Werenski D Mattias Samuelsson G Joseph Woll UTIL Rasmus Dahlin W Clayton Keller W Jack Quinn W Alex Formenton,,Michael Carcone,UTIL,0.34%,16.5
277,5277733720,MooseHead24,0,134.49998,C Connor McDavid C Leon Draisaitl D Vince Dunn D Dmitry Orlov G Ukko-Pekka Luukkonen UTIL Michael Misa W Vasily Podkolzin W Tyler Toffoli W Igor Chernyshov,,Nick Seeler,D,0.34%,11
279,5277211273,AJSuperman,0,134.4,C Connor McDavid C Logan Cooley D Zach Werenski D Brett Pesce G Joseph Woll UTIL Kent Johnson W Brock Boeser W Jake DeBrusk W Vasily Podkolzin,,Max Jones,W,0.34%,1.5
280,5277590759,jwclark311,0,134.3,C Nick Schmaltz C Noah Ostlund D Seth Jones D Brett Pesce G Joey Daccord UTIL Connor McDavid W Brady Tkachuk W Clayton Keller W Jack Quinn,,Max Sasson,UTIL,0.34%,0
281,5277640109,xXxPLOSIVE,0,134.2,C Connor McDavid C Leon Draisaitl D Simon Nemec D Mattias Samuelsson G Dustin Wolf UTIL Connor Murphy W Matt Boldy W Vasily Podkolzin W Alex Formenton,,Paul Cotter,UTIL,0.34%,15
282,5277193014,Maki671,0,134.1,C Nick Schmaltz C Chandler Stephenson D Mikhail Sergachev D Vince Dunn G Yaroslav Askarov UTIL Macklin Celebrini W Bobby McMann W Vincent Trocheck W Mason Marchment,,Wyatt Kaiser,D,0.34%,4.1
282,5277211739,rjmazeika,0,134.1,C Connor McDavid C Danila Yurov D Evan Bouchard D Charle-Edouard D'Astous G Jet Greaves UTIL Vasily Podkolzin W Kirill Kaprizov W Blake Coleman W Max Shabanov,,Yegor Sharangovich,UTIL,0.34%,6.5
284,5276923999,CrypticalDevelopment,0,134,C Connor McDavid C Leon Draisaitl D Owen Power D Zach Whitecloud G Akira Schmid UTIL Danila Yurov W Kirill Kaprizov W Vasily Podkolzin W Max Shabanov,,Jared McCann,UTIL,0.34%,24
285,5277587213,ccrider729,0,133.90001,C Jack Hughes C Nick Schmaltz D Jamie Drysdale D Mattias Samuelsson G Jesper Wallstedt UTIL Luke Hughes W Dylan Guenther W Clayton Keller W Anthony Mantha,,Brady Skjei,D,0.34%,1.3
286,5277017544,MadeFromMetal,0,133.8,C Mika Zibanejad C Joel Eriksson Ek D Jonas Brodin D Victor Hedman G Jake Allen UTIL Sam Bennett W Clayton Keller W Pavel Dorofeyev W Vasily Podkolzin,,Elias Pettersson,UTIL,0.34%,24.5
286,5277057637,nrlane24,0,133.8,C Logan Cooley C Michael Misa D Quinn Hughes D Olli Maatta G Jesper Wallstedt UTIL Connor McDavid W Dylan Guenther W Anders Lee W Ivar Stenberg,,Chandler Stephenson,UTIL,0.34%,11.5
286,5277462569,bjnfan,0,133.8,C Connor McDavid C Chandler Stephenson D Evan Bouchard D Rasmus Dahlin G Juuse Saros UTIL Vasily Podkolzin W Josh Doan W Jack Quinn W Alex Formenton,,Nikita Kucherov,UTIL,0.34%,11.3
289,5277411938,Richie_Sour,0,133.7,C Leon Draisaitl C Logan Cooley D Quinn Hughes D Owen Power G Karel Vejmelka UTIL Danila Yurov W Sam Reinhart W Matthew Knies W Matvei Michkov,,Jake DeBrusk,UTIL,0.34%,6
290,5277443875,Birdsack,0,133.59999,C Jack Hughes C Colton Dach D Mikhail Sergachev D Luke Hughes G Jake Allen UTIL Nick Schmaltz W Clayton Keller W Jesper Bratt W Kasperi Kapanen,,Ryan McLeod,W,0.34%,5
291,5277593342,RMF56300,0,133.5,C Leon Draisaitl C Jack Hughes D Evan Bouchard D Victor Hedman G Dustin Wolf UTIL Noah Ostlund W Jack Quinn W Zach Benson W Ilya Mikheyev,,Mattias Ekholm,UTIL,0.34%,0
291,5277736211,wesol33,0,133.5,C Connor McDavid C Noah Cates D Zach Werenski D Mikhail Sergachev G Joey Daccord UTIL Alex Formenton W Clayton Keller W Patrick Kane W Michael Carcone,,Braden Schneider,D,0.34%,5.8
293,5277070826,mtshapanka,0,133.3,C Logan Cooley C Anton Lundell D Mikhail Sergachev D Seth Jones G Ukko-Pekka Luukkonen UTIL Connor McDavid W Dylan Guenther W Anders Lee W Eetu Luostarinen,,John Marino,D,0.34%,1.5
293,5277138538,jay279,0,133.3,C Macklin Celebrini C Alexander Wennberg D Evan Bouchard D Darnell Nurse G Yaroslav Askarov UTIL Rasmus Dahlin W Vasily Podkolzin W Mason Marchment W Matvei Michkov,,Ivar Stenberg,UTIL,0.34%,0
295,5277472513,jrc2021,0,133.20001,C Jack Hughes C Nick Schmaltz D Mikhail Sergachev D Luca Cagnoni G Jet Greaves UTIL Kasperi Kapanen W Clayton Keller W Jesper Bratt W Anthony Mantha,,Charlie Coyle,UTIL,0.34%,19.3
295,5277575263,MCStu,0,133.2,C Connor McDavid C Leon Draisaitl D Simon Nemec D Mattias Samuelsson G Jesper Wallstedt UTIL Morgan Frost W Vasily Podkolzin W Matt Coronato W Matvei Gridin,,Jack Drury,C,0.34%,1.3
297,5277273666,jean_bordeaux,0,133.09999,C Leon Draisaitl C Joel Eriksson Ek D Evan Bouchard D Olli Maatta G Ukko-Pekka Luukkonen UTIL Freddy Gaudreau W Kirill Kaprizov W Vasily Podkolzin W Kasperi Kapanen,,Noah Cates,UTIL,0.34%,4.3
298,5277863712,dudley954,0,132.9,C Connor McDavid C Leon Draisaitl D Seth Jones D Mattias Samuelsson G Ukko-Pekka Luukkonen UTIL Logan Cooley W Vasily Podkolzin W Jack Quinn W Zach Benson,,Ryan Donato,W,0.34%,0
299,5276963119,wdm426,0,132.8,C Macklin Celebrini C Nick Schmaltz D Mikhail Sergachev D Seth Jones G Karel Vejmelka UTIL Jonas Brodin W Vincent Trocheck W Brock Boeser W Mason Marchment,,Carter Verhaeghe,UTIL,0.34%,0
300,5277836642,amber1313,0,132.5,C Connor McDavid C Roman Kantserov D Adam Larsson D Mattias Samuelsson G Joey Daccord UTIL Leon Draisaitl W Steven Stamkos W Ivar Stenberg W Konsta Helenius,,Frank Nazar,UTIL,0.34%,0
300,5277881448,bigfoot2000,0,132.5,C Connor McDavid C Macklin Celebrini D Zayne Parekh D Zeev Buium G Jesper Wallstedt UTIL Matvei Michkov W Kirill Kaprizov W Kent Johnson W Liam Ohgren,,Oliver Moore,W,0.34%,3
302,5277155549,757teaggs,0,132.3,C Connor McDavid C Leon Draisaitl D Mattias Ekholm D Simon Nemec G Jet Greaves UTIL Matvei Gridin W Vasily Podkolzin W Matt Coronato W Kaapo Kakko,,Cole Sillinger,W,0.34%,13
302,5276999011,greenbay7450,0,132.29999,C Connor McDavid C Roman Kantserov D Evan Bouchard D Jamie Oleksiak G Joey Daccord UTIL Anton Lundell W Steven Stamkos W Valeri Nichushkin W Drew O'Connor,,Brock Boeser,UTIL,0.34%,16.5
302,5277930809,goolie1228,0,132.29999,C Connor McDavid C Roman Kantserov D Evan Bouchard D Jamie Oleksiak G Joey Daccord UTIL Anton Lundell W Steven Stamkos W Valeri Nichushkin W Drew O'Connor,,Igor Chernyshov,UTIL,0.34%,2.8
305,5276911675,epot,0,132.1,C Macklin Celebrini C Logan Cooley D Mikhail Sergachev D Luke Hughes G Karel Vejmelka UTIL Anthony Mantha W Dylan Guenther W Joel Farabee W Ilya Mikheyev,,Sean Couturier,UTIL,0.34%,8
306,5277434562,bmeintz,0,132,C Connor McDavid C Nick Schmaltz D Seth Jones D Andrew Peeke G Dustin Wolf UTIL Vasily Podkolzin W Dylan Guenther W Clayton Keller W Connor Zary,,Erik Gudbranson,D,0.34%,6.9
307,5277860583,thegoose555,0,131.7,C Jack Hughes C Nick Schmaltz D Mikhail Sergachev D Luke Hughes G Igor Shesterkin UTIL Kent Johnson W Clayton Keller W Jesper Bratt W Max Shabanov,,Arseny Gritsyuk,W,0.34%,5.6
308,5277091937,rehillj,0,131.6,C Connor McDavid C Joel Eriksson Ek D Zach Werenski D Mattias Samuelsson G Joey Daccord UTIL Alex Formenton W Clayton Keller W Patrick Kane W Michael Carcone,,Anthony Cirelli,UTIL,0.34%,7.1
308,5277440768,skholbrook77,0,131.6,C Connor McDavid C Joel Eriksson Ek D Zach Werenski D Mattias Samuelsson G Joey Daccord UTIL Alex Formenton W Clayton Keller W Patrick Kane W Michael Carcone,,Brandon Hagel,UTIL,0.34%,4.5
308,5277625629,heyopico2,0,131.6,C Connor McDavid C Joel Eriksson Ek D Zach Werenski D Mattias Samuelsson G Joey Daccord UTIL Alex Formenton W Clayton Keller W Patrick Kane W Michael Carcone,,Roman Josi,UTIL,0.22%,13
308,5277634886,Fishermanfuzz,0,131.6,C Connor McDavid C Joel Eriksson Ek D Zach Werenski D Mattias Samuelsson G Joey Daccord UTIL Alex Formenton W Clayton Keller W Patrick Kane W Michael Carcone,,Seth Jones,UTIL,0.22%,4.3
308,5277796682,Quontina,0,131.6,C Connor McDavid C Joel Eriksson Ek D Zach Werenski D Mattias Samuelsson G Joey Daccord UTIL Alex Formenton W Clayton Keller W Patrick Kane W Michael Carcone,,John Carlson,UTIL,0.22%,8.6
308,5277904079,cellos213,0,131.6,C Connor McDavid C Joel Eriksson Ek D Zach Werenski D Mattias Samuelsson G Joey Daccord UTIL Alex Formenton W Clayton Keller W Patrick Kane W Michael Carcone,,Dawson Mercer,UTIL,0.22%,4.5
314,5277786133,Foudaddy,0,131.3,C Macklin Celebrini C Alexander Wennberg D Mattias Samuelsson D Jake Middleton G Joey Daccord UTIL Brayden Point W Nikita Kucherov W Will Smith W Igor Chernyshov,,Stefan Noesen,UTIL,0.22%,0
315,5277833936,teddyruxpin6969,0,130.90001,C Connor McDavid C Alexander Wennberg D Zach Werenski D Mattias Samuelsson G Joey Daccord UTIL Jack Quinn W Clayton Keller W Patrick Kane W Alex Formenton,,Artyom Levshunov,D,0.22%,1.5
316,5277577552,fraz27,0,130.7,C Connor McDavid C Elias Pettersson D Seth Jones D Aaron Ekblad G Juuse Saros UTIL Matty Beniers W Kirill Kaprizov W Tyler Toffoli W Anders Lee,,Conor Geekie,W,0.22%,0
316,5277858942,RazzlesDazzles,0,130.7,C Connor McDavid C Danila Yurov D Quinn Hughes D Mattias Samuelsson G Joey Daccord UTIL Vasily Podkolzin W Kirill Kaprizov W Carter Verhaeghe W Alex Formenton,,Jonas Brodin,UTIL,0.22%,10.8
318,5276966838,heybert711,0,130.6,C Logan Cooley C Chandler Stephenson D Zach Werenski D Elias-Nils Pettersson G Joseph Woll UTIL Leon Draisaitl W Clayton Keller W Vasily Podkolzin W Matt Coronato,,Ryan Strome,UTIL,0.22%,15.8
318,5277574060,tripmmm41290,0,130.6,C Adam Fantilli C Danila Yurov D Zach Werenski D Zeev Buium G Jet Greaves UTIL Macklin Celebrini W Dylan Guenther W Anders Lee W Max Shabanov,,Pavel Dorofeyev,UTIL,0.22%,24
318,5277714508,Hilvon,0,130.59999,C Connor McDavid C Roman Kantserov D Evan Bouchard D Mattias Samuelsson G Joey Daccord UTIL Jamie Oleksiak W Sam Reinhart W Valeri Nichushkin W Drew O'Connor,,Jonas Siegenthaler,D,0.22%,2.6
321,5277034818,jonchill,0,130.5,C Connor McDavid C Joel Eriksson Ek D Evan Bouchard D Mattias Samuelsson G Ukko-Pekka Luukkonen UTIL Jonathan Lekkerimaki W Dylan Guenther W Vasily Podkolzin W Max Shabanov,,Samuel Honzek,W,0.22%,4.3
321,5277077803,WizzleDB,0,130.5,C Connor McDavid C Joel Eriksson Ek D Evan Bouchard D Mattias Samuelsson G Ukko-Pekka Luukkonen UTIL Jonathan Lekkerimaki W Dylan Guenther W Vasily Podkolzin W Max Shabanov,,Brad Marchand,W,0.22%,0
321,5277118315,dongta,0,130.5,C Connor McDavid C Joel Eriksson Ek D Evan Bouchard D Mattias Samuelsson G Ukko-Pekka Luukkonen UTIL Jonathan Lekkerimaki W Dylan Guenther W Vasily Podkolzin W Max Shabanov,,Elias-Nils Pettersson,UTIL,0.22%,0
321,5277658201,mrnorrad,0,130.5,C Connor McDavid C Joel Eriksson Ek D Evan Bouchard D Mattias Samuelsson G Ukko-Pekka Luukkonen UTIL Jonathan Lekkerimaki W Dylan Guenther W Vasily Podkolzin W Max Shabanov,,Jack McBain,W,0.22%,0
321,5277804520,skinpie23,0,130.5,C Connor McDavid C Joel Eriksson Ek D Evan Bouchard D Mattias Samuelsson G Ukko-Pekka Luukkonen UTIL Jonathan Lekkerimaki W Dylan Guenther W Vasily Podkolzin W Max Shabanov,,Ryan McLeod,UTIL,0.22%,5
326,5277034946,jokerdpo,0,130.4,C Macklin Celebrini C Adam Fantilli D Zach Werenski D Zayne Parekh G Dustin Wolf UTIL Luca Cagnoni W Will Smith W Joel Farabee W Kent Johnson,,Konsta Helenius,UTIL,0.22%,11.5
326,5277897876,Prparent,0,130.4,C Nick Schmaltz C Joel Eriksson Ek D Mikhail Sergachev D Charle-Edouard D'Astous G Jesper Wallstedt UTIL Connor McDavid W Clayton Keller W Vasily Podkolzin W Jonathan Lekkerimaki,,Marcus Pettersson,D,0.22%,11
328,5277396994,prickleypete44,0,130.3,C Connor McDavid C Chandler Stephenson D Zach Werenski D Rasmus Dahlin G Joey Daccord UTIL Mattias Samuelsson W Patrick Kane W Vasily Podkolzin W Alex Formenton,,Isaac Howard,UTIL,0.22%,9.5
328,5277424033,Cobrafangs,0,130.3,C Macklin Celebrini C Michael Misa D Darnell Nurse D Jared Spurgeon G Jesper Wallstedt UTIL Dylan Guenther W Matt Boldy W Blake Coleman W Ivar Stenberg,,Niko Mikkola,D,0.22%,3
328,5277344707,DMATH,0,130.29999,C Tage Thompson C Adam Fantilli D J.J. Moser D Zeev Buium G Karel Vejmelka UTIL Connor McDavid W Matthew Knies W Josh Doan W Lawson Crouse,,Tristan Jarry,G,0.22%,0
328,5277865710,padrino1921,0,130.29999,C Connor McDavid C Ryan O'Reilly D Victor Hedman D Louis Crevier G Joey Daccord UTIL Vincent Trocheck W Brandon Hagel W Luke Evangelista W Vasily Podkolzin,,Ryan Winterton,W,0.22%,10.8
332,5277504376,smokinokland,0,130.2,C Tage Thompson C Josh Norris D Zach Werenski D Mattias Samuelsson G Joey Daccord UTIL Marco Rossi W Clayton Keller W Brock Boeser W Kent Johnson,,Darnell Nurse,UTIL,0.22%,9.5
333,5277039069,aylsg,0,130.1,C Connor McDavid C Leon Draisaitl D Mattias Samuelsson D Michael Kesselring G Jet Greaves UTIL John Carlson W Vasily Podkolzin W Matt Coronato W Matvei Gridin,,Ryan Ufko,UTIL,0.22%,2.8
334,5277074209,mycuk,0,130,C Macklin Celebrini C Charlie Coyle D Zach Werenski D Gustav Forsling G Karel Vejmelka UTIL Anthony Mantha W Vasily Podkolzin W Mason Marchment W Joel Farabee,,Mavrik Bourque,UTIL,0.22%,6
335,5276940398,milkman815,0,129.8,C Macklin Celebrini C Logan Cooley D Jonas Brodin D Simon Nemec G Jesper Wallstedt UTIL Evan Bouchard W Vincent Trocheck W Vasily Podkolzin W Ivar Stenberg,,Alex Bump,W,0.22%,0
336,5277762649,NYGpete,0,129.7,C Mika Zibanejad C J.T. Miller D Adam Fox D Mikhail Sergachev G Igor Shesterkin UTIL Jake Walman W Jared McCann W Brock Boeser W Jake DeBrusk,,Travis Sanheim,UTIL,0.22%,24.9
337,5277883255,Mg482,0,129.40001,C Macklin Celebrini C Nico Hischier D Luke Hughes D Zeev Buium G Yaroslav Askarov UTIL Zach Werenski W Luke Evangelista W Vasily Podkolzin W Ilya Mikheyev,,Max Sasson,C,0.22%,0
338,5276950556,kepenekela,0,129.3,C Connor McDavid C Nick Schmaltz D Mikhail Sergachev D Owen Power G Dustin Wolf UTIL Kasperi Kapanen W Clayton Keller W Vincent Trocheck W Jack Quinn,,Victor Hedman,UTIL,0.22%,11.2
339,5277269187,jtsteam2012,0,129.09999,C Connor McDavid C Roman Kantserov D Evan Bouchard D Mattias Samuelsson G Joey Daccord UTIL Jamie Oleksiak W Steven Stamkos W Patrick Kane W Drew O'Connor,,Brandon Montour,UTIL,0.22%,8.6
340,5277053401,starsfanjohn09,0,128.8,C Nico Hischier C Nick Schmaltz D Mikhail Sergachev D Aaron Ekblad G Igor Shesterkin UTIL Isaac Howard W Dylan Guenther W Clayton Keller W Luke Evangelista,,Mathieu Joseph,W,0.22%,10.6
341,5276895168,aarontheone,0,128.70001,C Nico Hischier C Mika Zibanejad D Filip Hronek D Michael Kesselring G Karel Vejmelka UTIL Luke Evangelista W Jesper Bratt W Pavel Dorofeyev W Alexis Lafreniere,,Max Jones,UTIL,0.22%,1.5
342,5277164554,gtoungett,0,128.50002,C Macklin Celebrini C Nick Schmaltz D Quinn Hughes D Jacob Trouba G Jake Allen UTIL Brady Skjei W Jesper Bratt W Mason Marchment W Jack Quinn,,Ryan Shea,UTIL,0.22%,10
342,5277114775,jcac6575,0,128.5,C Leon Draisaitl C Morgan Frost D Darnell Nurse D Simon Nemec G Yaroslav Askarov UTIL Connor McDavid W Vasily Podkolzin W Matt Coronato W Matvei Gridin,,Jake Middleton,D,0.22%,3
344,5276988495,stlouiscowboy,0,128.3,C Nick Schmaltz C Ryan O'Reilly D Mikhail Sergachev D Dougie Hamilton G Jake Allen UTIL Logan Cooley W Jesper Bratt W Pavel Dorofeyev W Mason Marchment,,Matvei Michkov,UTIL,0.22%,4.1
344,5277203345,cdenny99,0,128.3,C Connor McDavid C Leon Draisaitl D Bowen Byram D Mattias Samuelsson G Jesper Wallstedt UTIL Joel Farabee W Vasily Podkolzin W Matt Coronato W Matvei Gridin,,Sean Couturier,C,0.22%,8
346,5277930803,HensPop,0,128.2,C Macklin Celebrini C Anton Frondell D Rasmus Dahlin D Jonas Brodin G Jesper Wallstedt UTIL Vasily Podkolzin W Dylan Guenther W Alex Bump W Bobby Brink,,Linus Karlsson,UTIL,0.22%,2.8
347,5277921464,kdog314,0,128,C Nick Schmaltz C Chandler Stephenson D Mikhail Sergachev D Sean Durzi G Jesper Wallstedt UTIL Kirill Kaprizov W Dylan Guenther W Vasily Podkolzin W Jordan Eberle,,Dan Vladar,G,0.22%,0
348,5277004364,deathmetalbob,0,127.899994,C Nick Schmaltz C Logan Cooley D Mikhail Sergachev D Mattias Samuelsson G Dustin Wolf UTIL Mason Marchment W Dylan Guenther W Clayton Keller W Will Smith,,Nils Hoglander,UTIL,0.22%,0
349,5277205558,DomingoSalvajeS,0,127.80001,C Connor McDavid C Leon Draisaitl D Rasmus Dahlin D Mattias Samuelsson G Ukko-Pekka Luukkonen UTIL Michael Kesselring W Vasily Podkolzin W Josh Doan W Jack Quinn,,Cam York,UTIL,0.22%,8.4
350,5277562380,Jeff2426,0,127.6,C Leon Draisaitl C Noah Ostlund D Quinn Hughes D Bowen Byram G Ukko-Pekka Luukkonen UTIL Connor McDavid W Brock Boeser W Zach Benson W Jiri Kulich,,Yakov Trenin,W,0.22%,0
351,5277149101,rsumrall,0,127.3,C Mika Zibanejad C J.T. Miller D Adam Fox D Seth Jones G Joseph Woll UTIL Matthew Tkachuk W Pavel Dorofeyev W Vasily Podkolzin W Alexis Lafreniere,,Zeev Buium,UTIL,0.22%,5.8
352,5277469090,EmmaNezaj,0,127.2,C Macklin Celebrini C Brayden Point D Luke Hughes D Simon Nemec G Dustin Wolf UTIL Matthew Knies W Matthew Tkachuk W Owen Tippett W Mathieu Olivier,,Owen Power,UTIL,0.22%,10
353,5277665842,bdadian,0,127.100006,C Tage Thompson C Elias Pettersson D Rasmus Dahlin D Zeev Buium G Joseph Woll UTIL Macklin Celebrini W Josh Doan W Jack Quinn W Zach Benson,,Nate Schmidt,D,0.22%,5
353,5277735751,QBKillaz,0,127.1,C Connor McDavid C Mikael Backlund D Evan Bouchard D Mattias Samuelsson G Karel Vejmelka UTIL Mattias Ekholm W Clayton Keller W Arseny Gritsyuk W Joel Farabee,,Jake Walman,UTIL,0.22%,2.8
355,5277223163,sirleged7777,0,127,C Nick Schmaltz C Colton Dach D Evan Bouchard D Mikhail Sergachev G Joey Daccord UTIL Elias-Nils Pettersson W Matt Boldy W Clayton Keller W Vasily Podkolzin,,Jack Drury,UTIL,0.22%,1.3
355,5277722215,Zverneris7,0,127,C Logan Cooley C Noah Ostlund D Quinn Hughes D Charle-Edouard D'Astous G Igor Shesterkin UTIL Matt Boldy W Kirill Kaprizov W Dylan Guenther W Zach Benson,,J.T. Miller,UTIL,0.22%,4.1
357,5276839211,BJSka,0,126.90001,C Leon Draisaitl C Danila Yurov D Jacob Trouba D Darnell Nurse G Jesper Wallstedt UTIL Vasily Podkolzin W Kirill Kaprizov W Brandon Hagel W Kasperi Kapanen,,Nick Lardis,UTIL,0.11%,1.3
358,5277899992,pjbastura,0,126.8,C Adam Fantilli C Logan Cooley D Mikhail Sergachev D Mattias Samuelsson G Karel Vejmelka UTIL Brady Tkachuk W Dylan Guenther W Jordan Eberle W Anders Lee,,Michael McCarron,UTIL,0.11%,11
358,5277960555,tojoas,0,126.799995,C Jack Hughes C Adam Fantilli D Mikhail Sergachev D Brett Pesce G Jet Greaves UTIL Logan Cooley W Dylan Guenther W Matthew Knies W Kent Johnson,,Erik Cernak,D,0.11%,1.5
360,5277158725,FantasyCrusader,0,126.70001,C Leon Draisaitl C Joel Eriksson Ek D Connor Murphy D Mattias Samuelsson G Jesper Wallstedt UTIL Anton Frondell W Matt Boldy W Vasily Podkolzin W Blake Coleman,,Radko Gudas,D,0.11%,8.4
361,5277065082,Sisco510,0,126.600006,C Connor McDavid C Anton Frondell D Bowen Byram D Ryan Ufko G Joey Daccord UTIL Ryan Hartman W Patrick Kane W Matthew Knies W Vasily Podkolzin,,Brenden Dillon,D,0.11%,1.3
362,5277517972,BourbonRat,0,126.5,C Connor McDavid C Leon Draisaitl D Quinn Hughes D Mattias Ekholm G Akira Schmid UTIL Danila Yurov W Vasily Podkolzin W Max Shabanov W Nick Lardis,,Ryan Strome,C,0.11%,15.8
362,5277613918,Casey0504,0,126.5,C Connor McDavid C Morgan Frost D Evan Bouchard D Adam Larsson G Jesper Wallstedt UTIL Vasily Podkolzin W Matt Coronato W Matvei Gridin W Jack Quinn,,Evan Rodrigues,UTIL,0.11%,1.5
364,5277516583,howehattrick,0,126.09999,C Connor McDavid C Leon Draisaitl D Denton Mateychuk D Zeev Buium G Dustin Wolf UTIL Danila Yurov W Kirill Kaprizov W Vasily Podkolzin W Max Shabanov,,Eeli Tolvanen,W,0.11%,11.3
365,5277167193,Jets9611,0,126.00001,C Macklin Celebrini C Joel Eriksson Ek D Zayne Parekh D Sam Rinzel G Yaroslav Askarov UTIL Matt Boldy W Will Smith W Blake Coleman W Mason Marchment,,Berkly Catton,UTIL,0.11%,1.5
365,5277386990,PenizMartinez,0,126.00001,C Leon Draisaitl C Jack Hughes D Dougie Hamilton D Elias-Nils Pettersson G Yaroslav Askarov UTIL Clayton Keller W Steven Stamkos W Blake Coleman W Jiri Kulich,,Cole Smith,W,0.11%,1.5
365,5277673194,deajr0605,0,126.00001,C Leon Draisaitl C Jack Hughes D Dougie Hamilton D Elias-Nils Pettersson G Yaroslav Askarov UTIL Clayton Keller W Steven Stamkos W Blake Coleman W Jiri Kulich,,Calvin Pickard,G,0.11%,0
368,5277050778,Dooch,0,125.6,C Connor McDavid C Adam Fantilli D Darnell Nurse D Travis Sanheim G Andrei Vasilevskiy UTIL Ryan Hartman W Jake DeBrusk W Luke Evangelista W Vasily Podkolzin,,Luke Schenn,D,0.11%,5
369,5277155466,brich1,0,125.50001,C Leon Draisaitl C Macklin Celebrini D Cam York D Owen Power G Ukko-Pekka Luukkonen UTIL Clayton Keller W Owen Tippett W Vasily Podkolzin W Alex Formenton,,J.J. Moser,UTIL,0.11%,2.6
369,5276819225,mikebkmm5,0,125.5,C Nick Schmaltz C Elias Pettersson D Sean Durzi D Travis Sanheim G Karel Vejmelka UTIL Roman Josi W Jake Guentzel W Brock Boeser W Jake DeBrusk,,Connor Zary,UTIL,0.11%,6.5
371,5276880048,redmond237,0,124.99999,C Macklin Celebrini C Anton Frondell D Denton Mateychuk D Owen Power G Jet Greaves UTIL Clayton Keller W Porter Martone W Matthew Knies W Valeri Nichushkin,,Jordan Eberle,UTIL,0.11%,14.5
372,5277201945,marrbuddy,0,124.9,C Anthony Cirelli C Max Sasson D Vince Dunn D Seth Jones G Jake Allen UTIL Charlie Coyle W Brandon Hagel W Clayton Keller W Will Smith,,Olli Maatta,UTIL,0.11%,6.3
373,5277921511,dodoboy18,0,124.600006,C Macklin Celebrini C Joel Eriksson Ek D Mikhail Sergachev D Jonas Brodin G Igor Shesterkin UTIL Max Shabanov W Clayton Keller W Carter Verhaeghe W Anders Lee,,Liam Ohgren,UTIL,0.11%,9.1
373,5277339223,BrentK1092690,0,124.6,C Macklin Celebrini C Anton Frondell D Luke Hughes D Zeev Buium G Jake Allen UTIL Clayton Keller W Jake Guentzel W Mason Marchment W Ilya Mikheyev,,Kiefer Sherwood,UTIL,0.11%,1.5
375,5276929824,justbringit1,0,124.5,C Macklin Celebrini C Tage Thompson D Luca Cagnoni D Zeev Buium G Dustin Wolf UTIL Josh Doan W Clayton Keller W Vasily Podkolzin W Mason Marchment,,Alexis Lafreniere,UTIL,0.11%,4.5
376,5277214923,red5standingby,0,124.4,C Nick Schmaltz C Josh Norris D Quinn Hughes D Luke Hughes G Karel Vejmelka UTIL Conor Garland W Clayton Keller W Jesper Bratt W Vasily Podkolzin,,Shane Wright,UTIL,0.11%,9.3
377,5277135177,jbusch69,0,124.3,C Leon Draisaitl C Alexander Wennberg D Luke Hughes D Zayne Parekh G Igor Shesterkin UTIL Brady Tkachuk W Clayton Keller W Alexis Lafreniere W Igor Chernyshov,,Noah Laba,C,0.11%,6.3
377,5277432050,T_Dautrich,0,124.3,C Aleksander Barkov C Adam Fantilli D Quinn Hughes D Mikhail Sergachev G Karel Vejmelka UTIL Zeev Buium W Clayton Keller W Matthew Knies W Kent Johnson,,Dmitri Simashev,D,0.11%,8
377,5276866616,sebpouliot,0,124.299995,C Leon Draisaitl C Brayden Point D Evan Bouchard D Ryan Ufko G Ukko-Pekka Luukkonen UTIL Gabe Perreault W Luke Evangelista W Vasily Podkolzin W Mason Marchment,,Brady Skjei,UTIL,0.11%,1.3
380,5277141158,mjv2009,0,124.2,C Adam Fantilli C Nick Schmaltz D Zach Werenski D Aaron Ekblad G Igor Shesterkin UTIL Clayton Keller W Matthew Knies W Matt Coronato W Matvei Gridin,,Sam Rinzel,D,0.11%,3
381,5276891761,SC33KB,0,124.100006,C Nick Schmaltz C Chandler Stephenson D Evan Bouchard D Vince Dunn G Jesper Wallstedt UTIL Josh Doan W Kirill Kaprizov W Mason Marchment W Max Shabanov,,Will Cuylle,UTIL,0.11%,4.5
381,5277836338,eldave1975,0,124.100006,C Elias Pettersson C Michael Misa D Mikhail Sergachev D Simon Nemec G Andrei Vasilevskiy UTIL Connor McDavid W Nikita Kucherov W Anders Lee W Jonathan Lekkerimaki,,Vince Dunn,UTIL,0.11%,25.8
383,5276925703,Anthony3251,0,124.00001,C Connor McDavid C Macklin Celebrini D Bowen Byram D Jamie Drysdale G Jesper Wallstedt UTIL Brayden Point W Igor Chernyshov W Joel Farabee W Dawson Mercer,,Kailer Yamamoto,UTIL,0.11%,0
384,5277050804,joe_mac10,0,123.9,C Jack Hughes C Nick Schmaltz D Mattias Samuelsson D Marcus Pettersson G Yaroslav Askarov UTIL Leon Draisaitl W Clayton Keller W Steven Stamkos W Jiri Kulich,,Teuvo Teravainen,UTIL,0.11%,1.5
384,5277747708,towles1,0,123.9,C Connor McDavid C Anton Frondell D Mikhail Sergachev D Mattias Samuelsson G Jesper Wallstedt UTIL Joel Eriksson Ek W Blake Coleman W Jack Quinn W Zach Benson,,Stefan Noesen,W,0.11%,0
386,5277968605,wolfer,0,123.700005,C Connor McDavid C Leon Draisaitl D Simon Nemec D Connor Murphy G Ukko-Pekka Luukkonen UTIL Blake Coleman W Kirill Kaprizov W Yegor Sharangovich W Alex Formenton,,Cody Glass,UTIL,0.11%,4.5
387,5277157177,RYANEOZ,0,123.600006,C Tage Thompson C Josh Norris D Simon Nemec D Gustav Forsling G Karel Vejmelka UTIL Connor McDavid W Clayton Keller W Blake Coleman W Kaapo Kakko,,Marcus Foligno,UTIL,0.11%,1.5
388,5277292153,bigecg26,0,123.40001,C Leon Draisaitl C Nick Schmaltz D Mikhail Sergachev D Zayne Parekh G Joseph Woll UTIL Vasily Podkolzin W Clayton Keller W Matt Coronato W Matvei Gridin,,Owen Michaels,C,0.11%,10
388,5277092465,Banzai76,0,123.399994,C Nick Schmaltz C Logan Cooley D Quinn Hughes D Charle-Edouard D'Astous G Joseph Woll UTIL Jonathan Lekkerimaki W Kirill Kaprizov W Dylan Guenther W Clayton Keller,,Roman Kantserov,UTIL,0.11%,0
390,5277966619,champs21,0,123.30001,C Leon Draisaitl C Michael Misa D Jared Spurgeon D Cale Fleury G Karel Vejmelka UTIL Macklin Celebrini W Sam Reinhart W Alexis Lafreniere W Tyson Foerster,,Freddy Gaudreau,UTIL,0.11%,14.1
390,5277551478,expostulate,0,123.299995,C Nick Schmaltz C Logan Cooley D Mikhail Sergachev D Victor Hedman G Jake Allen UTIL Dylan Guenther W Clayton Keller W Vincent Trocheck W Jack Quinn,,Zayne Parekh,UTIL,0.11%,2.8
392,5277240513,1nonlyDXP,0,123.000015,C Leon Draisaitl C Jack Drury D Dougie Hamilton D Gustav Forsling G Jesper Wallstedt UTIL Macklin Celebrini W Jake Guentzel W Vincent Trocheck W Stefan Noesen,,Viking Gustafsson Nyberg,D,0.11%,0
393,5277895020,scoobydaniels,0,122.8,C Macklin Celebrini C Morgan Frost D Zayne Parekh D Zach Whitecloud G Igor Shesterkin UTIL Matthew Tkachuk W Brady Tkachuk W Will Smith W Matvei Gridin,,Gage Goncalves,W,0.11%,0
394,5276816181,flyeagles40,0,122.600006,C Connor McDavid C Morgan Frost D Evan Bouchard D Rasmus Dahlin G Joseph Woll UTIL Nick Lardis W Vasily Podkolzin W Matt Coronato W Matvei Gridin,,Bobby McMann,UTIL,0.11%,4.5
395,5277571564,Pojo5,0,122.50001,C Macklin Celebrini C Michael Misa D Evan Bouchard D Seth Jones G Jesper Wallstedt UTIL Simon Nemec W Brady Tkachuk W Vasily Podkolzin W Max Shabanov,,Tyson Foerster,UTIL,0.11%,4.3
395,5277122094,snowpen66,0,122.5,C Macklin Celebrini C Danila Yurov D Quinn Hughes D Luca Cagnoni G Dustin Wolf UTIL Blake Coleman W Nikita Kucherov W Vasily Podkolzin W Ivar Stenberg,,Ilya Mikheyev,UTIL,0.11%,6.3
395,5277186968,jd_johnston11,0,122.5,C Nick Schmaltz C Danila Yurov D Mikhail Sergachev D Luke Hughes G Jet Greaves UTIL Clayton Keller W Kirill Kaprizov W Will Smith W Max Shabanov,,Luke Hughes,UTIL,0.11%,19
395,5277254283,Orochi,0,122.5,C Connor McDavid C Adam Fantilli D Zach Werenski D Mattias Samuelsson G Jesper Wallstedt UTIL Kent Johnson W Vasily Podkolzin W Matt Coronato W Max Shabanov,,Kevin Bahl,UTIL,0.11%,2.8
395,5277268584,BigBadBid,0,122.5,C Connor McDavid C Joel Eriksson Ek D Evan Bouchard D Rasmus Dahlin G Jesper Wallstedt UTIL Alexander Wennberg W Vasily Podkolzin W Alex Formenton W Jiri Kulich,,Nick Foligno,W,0.11%,11.5
395,5277883843,gopats2015,0,122.5,C Marco Rossi C Anton Lundell D Evan Bouchard D Gustav Forsling G Dustin Wolf UTIL Nick Schmaltz W Matthew Tkachuk W Will Smith W Matt Coronato,,Ben Meyers,W,0.11%,0
401,5277543183,Leadpipe,0,122.09999,C Leon Draisaitl C Aleksander Barkov D Owen Power D Niko Mikkola G Joseph Woll UTIL Pavel Dorofeyev W Sam Reinhart W Matthew Tkachuk W Yegor Sharangovich,,Nils Hoglander,W,0.11%,0
402,5277329986,tigolebitties91,0,122,C Logan Cooley C Josh Norris D Evan Bouchard D Rasmus Dahlin G Karel Vejmelka UTIL Joel Farabee W Dylan Guenther W Vasily Podkolzin W Zach Benson,,Jiri Kulich,UTIL,0.11%,1.5
403,5277523677,mknob87,0,121.9,C Connor McDavid C Morgan Frost D Evan Bouchard D Zayne Parekh G Karel Vejmelka UTIL Vasily Podkolzin W Matt Coronato W Matvei Gridin W Kent Johnson,,Sean Monahan,UTIL,0.11%,11.3
403,5277314157,austin60915,0,121.899994,C Connor McDavid C Leon Draisaitl D Zach Werenski D Jake Middleton G Arvid Soderblom UTIL Ryan Shea W Matt Coronato W Matvei Gridin W Kasperi Kapanen,,Eetu Luostarinen,UTIL,0.11%,22.8
403,5277365312,ptitebedaine,0,121.899994,C Nico Hischier C Sean Couturier D Brandon Montour D Victor Hedman G Ukko-Pekka Luukkonen UTIL Connor McDavid W Dylan Guenther W Vasily Podkolzin W Zach Benson,,Steven Stamkos,UTIL,0.11%,6.5
406,5277437448,Booshea,0,121.7,C Connor McDavid C Leon Draisaitl D Adam Larsson D Brett Pesce G Juuse Saros UTIL Mikhail Sergachev W Vasily Podkolzin W Matt Coronato W Matvei Gridin,,Louis Crevier,UTIL,0.11%,4.1
407,5277091413,Dmerkel1980,0,121.600006,C Connor McDavid C Leon Draisaitl D Evan Bouchard D Mattias Samuelsson G Devon Levi UTIL Dmitri Voronkov W Josh Doan W Connor Zary W Kailer Yamamoto,,Charle-Edouard D'Astous,UTIL,0.11%,2.6
408,5277245467,Sporin,0,121.40001,C Jack Hughes C Nick Schmaltz D Jonas Brodin D Luca Cagnoni G Jet Greaves UTIL Anthony Mantha W Clayton Keller W Jesper Bratt W Vincent Trocheck,,Philipp Grubauer,G,0.11%,0
409,5276986986,Plumbster27,0,121.2,C Logan Cooley C Morgan Frost D Mikhail Sergachev D Zayne Parekh G Yaroslav Askarov UTIL Connor McDavid W Dylan Guenther W Matt Coronato W Anders Lee,,Alexander Kerfoot,UTIL,0.11%,2.8
409,5277049607,ethpix,0,121.2,C Macklin Celebrini C Aleksander Barkov D Rasmus Dahlin D Mattias Samuelsson G Igor Shesterkin UTIL Anton Lundell W Matthew Tkachuk W Jack Quinn W Kiefer Sherwood,,Porter Martone,UTIL,0.11%,1.5
411,5277928064,Jessiski32,0,120.90001,C Mika Zibanejad C Anthony Cirelli D Travis Sanheim D Gustav Forsling G Joseph Woll UTIL Sam Reinhart W Brandon Hagel W Dylan Guenther W Alexis Lafreniere,,Owen Tippett,UTIL,0.11%,4.3
412,5277118326,BRAD323,0,120.7,C Connor McDavid C Anton Lundell D Zach Werenski D Darnell Nurse G Dustin Wolf UTIL Josh Norris W Matthew Knies W Blake Coleman W Kiefer Sherwood,,Ross Colton,UTIL,0.11%,3
413,5277616789,johnnyquest,0,120.6,C Macklin Celebrini C Colton Dach D Evan Bouchard D Denton Mateychuk G Juuse Saros UTIL Anders Lee W Filip Forsberg W Brady Tkachuk W Jonathan Lekkerimaki,,Amadeus Lombardi,W,0.11%,0
413,5277960364,Ltownsurfkings,0,120.6,C Nick Schmaltz C Logan Cooley D Mikhail Sergachev D Filip Hronek G Karel Vejmelka UTIL Mavrik Bourque W Dylan Guenther W Timo Meier W Luke Evangelista,,Christian Dvorak,UTIL,0.11%,4.1
415,5277211263,coreypetalik,0,120.50001,C Leon Draisaitl C Ryan Hartman D Tom Willander D Jonas Siegenthaler G Jesper Wallstedt UTIL Josh Norris W Jake Guentzel W Dylan Guenther W Jared McCann,,Nolan Allan,D,0.11%,2.8
415,5277113917,krisnegus,0,120.5,C Logan Cooley C Sean Monahan D Zach Werenski D Mikhail Sergachev G Juuse Saros UTIL Simon Nemec W Dylan Guenther W Clayton Keller W Mason Marchment,,Bobby Brink,UTIL,0.11%,8
415,5277900816,anthony6100,0,120.5,C Jack Hughes C Nick Schmaltz D Mikhail Sergachev D Mattias Samuelsson G Igor Shesterkin UTIL Josh Norris W Clayton Keller W Jesper Bratt W Anthony Mantha,,Jordan Greenway,UTIL,0.11%,4.1
418,5277220642,kyle.keefer14,0,120.3,C Elias Pettersson C Logan Cooley D Jonas Brodin D Adam Larsson G Yaroslav Askarov UTIL Timo Meier W Kirill Kaprizov W Dylan Guenther W Brock Boeser,,Ryan Greene,UTIL,0.11%,1.3
418,5277386936,andymilligan3,0,120.3,C Nick Schmaltz C Michael Misa D Mikhail Sergachev D Jake Walman G Jesper Wallstedt UTIL Clayton Keller W Dylan Guenther W Vincent Trocheck W Vasily Podkolzin,,Cale Fleury,D,0.11%,0
420,5277828454,beefmaster75904,0,120.200005,C Connor McDavid C Leon Draisaitl D Evan Bouchard D Zach Whitecloud G Dustin Wolf UTIL Zeev Buium W Anthony Mantha W Will Cuylle W Ilya Mikheyev,,,
421,5277852357,Bazoinkles,0,120.100006,C Nick Schmaltz C Mavrik Bourque D Zach Werenski D Mikhail Sergachev G Jesper Wallstedt UTIL Mattias Samuelsson W Dylan Guenther W Clayton Keller W Joel Farabee,,,
422,5277093501,sitkow,0,119.9,C Macklin Celebrini C Jack Hughes D Filip Hronek D Victor Hedman G Dustin Wolf UTIL Kiefer Sherwood W Will Smith W Conor Garland W Ryan McLeod,,,
423,5277311740,scoats85,0,119.700005,C Nico Hischier C Noah Ostlund D Zach Werenski D Luke Hughes G Karel Vejmelka UTIL Zach Benson W Timo Meier W Luke Evangelista W Vasily Podkolzin,,,
424,5277275447,azcornholio,0,119.600006,C Macklin Celebrini C Barrett Hayton D MacKenzie Weegar D Jamie Drysdale G Karel Vejmelka UTIL Anders Lee W Brandon Hagel W Clayton Keller W Igor Chernyshov,,,
424,5277544756,draft20001,0,119.600006,C Jack Hughes C Sean Monahan D Mikhail Sergachev D Darnell Nurse G Joseph Woll UTIL Trevor Zegras W Matt Boldy W Matthew Knies W Anthony Mantha,,,
426,5277548178,mciama2000,0,119.5,C Joel Eriksson Ek C Logan Cooley D Mikhail Sergachev D Simon Nemec G Joey Daccord UTIL Elias Pettersson W Kirill Kaprizov W Dylan Guenther W Max Shabanov,,,
426,5277827526,dashjdk,0,119.5,C Logan Cooley C Danila Yurov D Mikhail Sergachev D Luca Cagnoni G Ukko-Pekka Luukkonen UTIL Macklin Celebrini W Kirill Kaprizov W Dylan Guenther W Max Shabanov,,,
428,5277883979,pkondrak,0,119.40001,C Macklin Celebrini C Morgan Frost D Quinn Hughes D Zayne Parekh G Jesper Wallstedt UTIL Will Smith W Matt Coronato W Matvei Gridin W Mason Marchment,,,
428,5277101870,orlo4457,0,119.4,C Connor McDavid C Danila Yurov D Jake Walman D Jared Spurgeon G Jesper Wallstedt UTIL Brayden Point W Kirill Kaprizov W Vasily Podkolzin W Max Shabanov,,,
428,5277583585,MarcoRacin,0,119.399994,C Logan Cooley C Anton Lundell D Darnell Nurse D Mattias Samuelsson G Karel Vejmelka UTIL Rasmus Dahlin W Dylan Guenther W Matthew Tkachuk W Clayton Keller,,,
428,5277897358,wanders64,0,119.399994,C Max Sasson C Paul Cotter D Evan Bouchard D Roman Josi G Joey Daccord UTIL Tage Thompson W Matthew Tkachuk W Vasily Podkolzin W Drew O'Connor,,,
432,5277383327,Bray0926,0,119.3,C Leon Draisaitl C Mikael Backlund D Roman Josi D Darnell Nurse G Dan Vladar UTIL Anton Lundell W Will Smith W Owen Tippett W Mason Marchment,,,
433,5277913000,berok666,0,119.2,C Connor McDavid C Leon Draisaitl D Gustav Forsling D J.J. Moser G Ukko-Pekka Luukkonen UTIL Josh Norris W Clayton Keller W Vasily Podkolzin W Lawson Crouse,,,
434,5277534520,bigpoppabear00,0,119.100006,C Sam Bennett C Nick Schmaltz D Quinn Hughes D Connor Murphy G Jesper Wallstedt UTIL Sean Couturier W Porter Martone W Pavel Dorofeyev W Jared McCann,,,
434,5276936122,Thelovebug97,0,119.09999,C Connor McDavid C Roman Kantserov D Evan Bouchard D Jamie Oleksiak G Joey Daccord UTIL Gustav Forsling W Steven Stamkos W Patrick Kane W Drew O'Connor,,,
436,5277126106,BillsFan4LifeBaby,0,119.00001,C Macklin Celebrini C Noah Ostlund D Evan Bouchard D Mattias Samuelsson G Ukko-Pekka Luukkonen UTIL Trevor Zegras W Brandon Hagel W Jared McCann W Zach Benson,,,
436,5277401880,louba5,0,119.00001,C Macklin Celebrini C Jack Hughes D Luke Hughes D Luca Cagnoni G Ukko-Pekka Luukkonen UTIL Tyson Foerster W Jesper Bratt W Anthony Mantha W Matvei Michkov,,,
438,5277872430,cincinati12,0,118.8,C Elias Pettersson C Trevor Zegras D Quinn Hughes D Victor Hedman G Joseph Woll UTIL Owen Tippett W Kirill Kaprizov W Travis Konecny W Brock Boeser,,,
438,5277253916,joegilbs,0,118.799995,C Nick Schmaltz C Sean Monahan D Zach Werenski D Mikhail Sergachev G Karel Vejmelka UTIL Luke Evangelista W Dylan Guenther W Conor Garland W Oliver Bjorkstrand,,,
440,5277224030,defsoad,0,118.700005,C Leon Draisaitl C Morgan Frost D Zayne Parekh D Mattias Samuelsson G Jesper Wallstedt UTIL Connor McDavid W Matt Coronato W Matvei Gridin W Isaac Howard,,,
441,5277784200,Bigzyw,0,118.600006,C Nico Hischier C Joel Eriksson Ek D Evan Bouchard D Luke Hughes G Joey Daccord UTIL Danila Yurov W Kirill Kaprizov W Vasily Podkolzin W Max Shabanov,,,
442,5277200889,stayeduptolate,0,118.5,C Leon Draisaitl C Morgan Frost D Filip Hronek D Ryan McDonagh G Arvid Soderblom UTIL Connor McDavid W Vasily Podkolzin W Matt Coronato W Matvei Gridin,,,
443,5277208796,Riffraff76,0,118.4,C Connor McDavid C Jack Hughes D Jake Walman D Owen Power G Ukko-Pekka Luukkonen UTIL Luke Evangelista W Vasily Podkolzin W Anthony Mantha W Kasperi Kapanen,,,
444,5276953041,Drewski9090,0,118.3,C Connor McDavid C Joel Eriksson Ek D Simon Nemec D Owen Power G Jet Greaves UTIL Blake Coleman W Matt Boldy W Vasily Podkolzin W Matt Coronato,,,
445,5277426082,jimcon2,0,118.200005,C Leon Draisaitl C Frank Nazar D Mikhail Sergachev D Bowen Byram G Karel Vejmelka UTIL Matt Boldy W Vasily Podkolzin W Anders Lee W Oliver Moore,,,
445,5277581249,IPA75,0,118.2,C Macklin Celebrini C Ryan O'Reilly D Darnell Nurse D Victor Hedman G Joey Daccord UTIL Joel Eriksson Ek W Clayton Keller W Travis Konecny W Anthony Mantha,,,
447,5277784427,Slylock01,0,118.100006,C Connor McDavid C Noah Cates D Zach Werenski D Mattias Samuelsson G Joseph Woll UTIL Matt Coronato W Clayton Keller W Patrick Kane W Joel Farabee,,,
447,5277847951,brodie55,0,118.100006,C Connor McDavid C Noah Cates D Zach Werenski D Mattias Samuelsson G Joseph Woll UTIL Matt Coronato W Clayton Keller W Patrick Kane W Joel Farabee,,,
449,5277639870,mskellett,0,118,C Macklin Celebrini C Aleksander Barkov D Seth Jones D Luca Cagnoni G Ukko-Pekka Luukkonen UTIL Will Smith W Sam Reinhart W Mason Marchment W Jonathan Lekkerimaki,,,
450,5276973685,Nautiguy,0,117.7,C Connor McDavid C Anton Lundell D Evan Bouchard D Gustav Forsling G Devon Levi UTIL Jonas Brodin W Kirill Kaprizov W Eetu Luostarinen W Max Jones,,,
450,5277512809,smoothmomentum,0,117.7,C Connor McDavid C Danila Yurov D Darnell Nurse D Jonas Brodin G Joey Daccord UTIL Kent Johnson W Matt Boldy W Brandon Hagel W Josh Doan,,,
452,5277927114,NBLEW,0,117.40001,C Macklin Celebrini C Sam Bennett D Zach Werenski D Zeev Buium G Jake Allen UTIL Clayton Keller W Mason Marchment W Ilya Mikheyev W Alex Formenton,,,
452,5277499209,Dogs498,0,117.399994,C Connor McDavid C Roman Kantserov D Zach Werenski D Mattias Samuelsson G Joey Daccord UTIL Jamie Oleksiak W Steven Stamkos W Patrick Kane W Drew O'Connor,,,
452,5277627351,SadatGnosis,0,117.399994,C Macklin Celebrini C Anton Lundell D Darnell Nurse D Mattias Samuelsson G Devon Levi UTIL Connor McDavid W Valeri Nichushkin W Jordan Eberle W Kiefer Sherwood,,,
452,5277901559,moshern,0,117.399994,C Connor McDavid C Roman Kantserov D Zach Werenski D Mattias Samuelsson G Joey Daccord UTIL Jamie Oleksiak W Steven Stamkos W Patrick Kane W Drew O'Connor,,,
456,5277767024,Hal160,0,117.3,C Nick Schmaltz C Sean Couturier D Mikhail Sergachev D Mattias Samuelsson G Jesper Wallstedt UTIL Brady Tkachuk W Dylan Guenther W Clayton Keller W Vincent Trocheck,,,
457,5277102748,briangile,0,117.1,C Nick Schmaltz C Charlie Coyle D Mikhail Sergachev D Luke Hughes G Jet Greaves UTIL Anthony Mantha W Clayton Keller W Jesper Bratt W Vincent Trocheck,,,
458,5277211365,AgentChadAKSARBEN,0,117.00001,C Sam Bennett C Nick Schmaltz D Dougie Hamilton D Cam York G Karel Vejmelka UTIL Jesper Bratt W Brady Tkachuk W Vasily Podkolzin W Josh Doan,,,
458,5277788087,Krills,0,117,C Leon Draisaitl C Nick Schmaltz D Quinn Hughes D Cam York G Dustin Wolf UTIL Danila Yurov W Brady Tkachuk W Matthew Knies W Joel Farabee,,,
460,5277930927,TheTxAuthority,0,116.9,C Macklin Celebrini C Aleksander Barkov D Luke Hughes D Zeev Buium G Jake Allen UTIL Patrick Kane W Clayton Keller W Mason Marchment W Ilya Mikheyev,,,
461,5277496753,garryld1949,0,116.8,C Connor McDavid C Alexander Wennberg D Zach Werenski D Mattias Samuelsson G Joseph Woll UTIL Matt Coronato W Clayton Keller W Patrick Kane W Alex Formenton,,,
461,5277523356,Marsharks,0,116.8,C Leon Draisaitl C Danila Yurov D Simon Nemec D Brett Pesce G Ukko-Pekka Luukkonen UTIL Connor McDavid W Kirill Kaprizov W Vasily Podkolzin W Max Shabanov,,,
461,5277814635,W3Th3B3st,0,116.799995,C Connor McDavid C Nick Schmaltz D Mikhail Sergachev D Jake Walman G Andrei Vasilevskiy UTIL Vasily Podkolzin W Clayton Keller W Yegor Sharangovich W Connor Zary,,,
461,5277937088,dsckelly,0,116.799995,C Connor McDavid C Leon Draisaitl D Darnell Nurse D Mattias Samuelsson G Dustin Wolf UTIL Morgan Frost W Vasily Podkolzin W Matt Coronato W Matvei Gridin,,,
465,5277929439,therizzo,0,116.700005,C Connor McDavid C Leon Draisaitl D Seth Jones D Zayne Parekh G Juuse Saros UTIL Vasily Podkolzin W Matt Coronato W Matvei Gridin W Joel Farabee,,,
466,5277074748,LOCNOTM,0,116.5,C Adam Fantilli C Sean Monahan D Zach Werenski D Darnell Nurse G Jet Greaves UTIL Kirill Kaprizov W Matthew Knies W Valeri Nichushkin W Kent Johnson,,,
467,5277119420,sdfish,0,116.100006,C Jack Hughes C Joel Eriksson Ek D Mikhail Sergachev D Dougie Hamilton G Jesper Wallstedt UTIL Logan Cooley W Dylan Guenther W Zach Benson W Alex Formenton,,,
467,5277399476,bstewart006,0,116.100006,C Joel Eriksson Ek C Logan Cooley D Evan Bouchard D Quinn Hughes G Igor Shesterkin UTIL Niko Mikkola W Matt Boldy W Vasily Podkolzin W Max Shabanov,,,
469,5277358288,Elwaysarmy,0,116.00001,C Aleksander Barkov C Matty Beniers D Vince Dunn D Darnell Nurse G Juuse Saros UTIL Brady Tkachuk W Sam Reinhart W Jared McCann W Kaapo Kakko,,,
469,5277107834,titanhawks,0,116,C Connor McDavid C Roman Kantserov D Evan Bouchard D Mattias Samuelsson G Joey Daccord UTIL Anton Lundell W Patrick Kane W Anthony Mantha W Drew O'Connor,,,
469,5277903337,bonds25mvp,0,116,C Connor McDavid C Roman Kantserov D Evan Bouchard D Mattias Samuelsson G Joey Daccord UTIL Anton Lundell W Patrick Kane W Anthony Mantha W Drew O'Connor,,,
472,5277852810,mhamm84380,0,115.799995,C Connor McDavid C Barrett Hayton D Adam Larsson D Mattias Samuelsson G Philipp Grubauer UTIL Jack Quinn W Matt Boldy W Kirill Kaprizov W Anders Lee,,,
473,5277073784,mdp128,0,115.70001,C Jack Hughes C Nick Schmaltz D Darnell Nurse D Ryan Ufko G Igor Shesterkin UTIL Vincent Trocheck W Clayton Keller W Jesper Bratt W Anthony Mantha,,,
474,5277195375,C64SUTH,0,115.600006,C Leon Draisaitl C Aleksander Barkov D Seth Jones D Mattias Samuelsson G Joey Daccord UTIL Connor Murphy W Brady Tkachuk W Matthew Tkachuk W Ilya Mikheyev,,,
474,5277288099,pelicans777,0,115.600006,C Leon Draisaitl C Ryan Hartman D Connor Murphy D Olli Maatta G Dustin Wolf UTIL Mason Marchment W Kirill Kaprizov W Clayton Keller W Vasily Podkolzin,,,
476,5277193774,spabhook,0,115.5,C Connor McDavid C Noah Cates D Zach Werenski D Mattias Samuelsson G Dustin Wolf UTIL Travis Sanheim W Clayton Keller W Patrick Kane W Joel Farabee,,,
476,5277794505,lichter17,0,115.5,C Adam Fantilli C Colton Dach D Zach Werenski D Quinn Hughes G Spencer Knight UTIL Kasperi Kapanen W Nikita Kucherov W Matthew Knies W Kent Johnson,,,
478,5277355046,kucas0918,0,115.299995,C Connor McDavid C Nico Hischier D Luke Hughes D Louis Crevier G Spencer Knight UTIL Timo Meier W Luke Evangelista W Vasily Podkolzin W Isaac Howard,,,
479,5277871559,GMEN1986,0,115.100006,C Mika Zibanejad C Brayden Point D Rasmus Dahlin D Adam Fox G Igor Shesterkin UTIL J.T. Miller W Pavel Dorofeyev W Alexis Lafreniere W Will Cuylle,,,
479,5277126811,clockworkted,0,115.1,C Joel Eriksson Ek C Noah Ostlund D Quinn Hughes D Ryan Shea G Dustin Wolf UTIL Connor McDavid W Matt Boldy W Jack Quinn W Zach Benson,,,
479,5276997155,thegambler84,0,115.09999,C Connor McDavid C Nick Schmaltz D Mikhail Sergachev D Mattias Samuelsson G Akira Schmid UTIL Clayton Keller W Matt Coronato W Matvei Gridin W Jack Quinn,,,
482,5277651502,TBirdSCIL,0,115,C Connor McDavid C Jack Hughes D Luke Hughes D Mattias Samuelsson G Ukko-Pekka Luukkonen UTIL Vasily Podkolzin W Anthony Mantha W Matt Coronato W Isaac Howard,,,
483,5277144518,EjD1991,0,114.9,C Logan Cooley C Morgan Frost D Mikhail Sergachev D Connor Murphy G Dustin Wolf UTIL Leon Draisaitl W Dylan Guenther W Vasily Podkolzin W Matt Coronato,,,
484,5276816379,tomkriger,0,114.700005,C J.T. Miller C Logan Cooley D Rasmus Dahlin D Adam Fox G Jesper Wallstedt UTIL Dylan Guenther W Pavel Dorofeyev W Jack Quinn W Oliver Bjorkstrand,,,
485,5276832383,stock2mail,0,114.6,C Connor McDavid C Morgan Frost D Simon Nemec D Mattias Samuelsson G Dustin Wolf UTIL Leon Draisaitl W Vasily Podkolzin W Matt Coronato W Matvei Gridin,,,
486,5277260102,aquafinatim,0,114.5,C Leon Draisaitl C Morgan Frost D Mattias Ekholm D Ryan McDonagh G Yaroslav Askarov UTIL Connor McDavid W Vasily Podkolzin W Matt Coronato W Matvei Gridin,,,
486,5277734775,kingofviper01,0,114.5,C Nick Schmaltz C Danila Yurov D Mikhail Sergachev D Vince Dunn G Karel Vejmelka UTIL Vincent Trocheck W Kirill Kaprizov W Clayton Keller W Max Shabanov,,,
488,5277400225,E-Steelers,0,114.299995,C Nick Schmaltz C Danila Yurov D Mikhail Sergachev D Vince Dunn G Jet Greaves UTIL Logan Cooley W Kirill Kaprizov W Dylan Guenther W Max Shabanov,,,
489,5277040065,WiLDM4Ch1NE,0,114.100006,C Adam Fantilli C Elias Pettersson D Zach Werenski D Filip Hronek G Andrei Vasilevskiy UTIL Matt Coronato W Jake DeBrusk W Matthew Knies W Joel Farabee,,,
489,5277243392,Ramda_Bamda1,0,114.100006,C Marco Rossi C Chandler Stephenson D Rasmus Dahlin D Mattias Samuelsson G Andrei Vasilevskiy UTIL Vasily Podkolzin W Brady Tkachuk W Dylan Guenther W Patrick Kane,,,
489,5277959000,SyrBuc,0,114.09999,C Marco Rossi C Christian Dvorak D Evan Bouchard D John Carlson G Jet Greaves UTIL Ryan Greene W Brandon Hagel W Jake Guentzel W Vasily Podkolzin,,,
492,5277430859,PBowie70,0,113.700005,C Macklin Celebrini C Ryan Hartman D Luke Hughes D Seth Jones G Jet Greaves UTIL Jack Hughes W Jesper Bratt W Bobby Brink W Yakov Trenin,,,
493,5277815609,axeman216,0,113.3,C Aleksander Barkov C Charlie Coyle D Filip Hronek D Darnell Nurse G Igor Shesterkin UTIL Steven Stamkos W Jake Guentzel W Jesper Bratt W Josh Doan,,,
494,5277957077,phoodstamp,0,113.00001,C Connor McDavid C Nick Schmaltz D Zayne Parekh D Aaron Ekblad G Jesper Wallstedt UTIL Kirill Kaprizov W Vincent Trocheck W Gabe Perreault W Kent Johnson,,,
494,5277166697,ginswins1128,0,113,C Nick Schmaltz C Noah Ostlund D Evan Bouchard D Mikhail Sergachev G Andrei Vasilevskiy UTIL Vincent Trocheck W Clayton Keller W Jack Quinn W Zach Benson,,,
494,5277902586,LARamsfan45,0,113,C Tage Thompson C Marco Rossi D Evan Bouchard D Rasmus Dahlin G Ukko-Pekka Luukkonen UTIL Noah Ostlund W Kirill Kaprizov W Konsta Helenius W Liam Ohgren,,,
497,5277422177,Money-Maker-Mooney,0,112.9,C Aleksander Barkov C Nico Hischier D Filip Hronek D Travis Sanheim G Karel Vejmelka UTIL Chandler Stephenson W Dylan Guenther W Porter Martone W Kiefer Sherwood,,,
498,5277760260,nanzilotti,0,112.8,C Anton Frondell C Logan Cooley D Darnell Nurse D Jonas Brodin G Joseph Woll UTIL Connor McDavid W Timo Meier W Travis Konecny W Tyler Toffoli,,,
498,5277017471,nathanb977,0,112.799995,C Nick Schmaltz C Joel Eriksson Ek D Quinn Hughes D Mikhail Sergachev G Yaroslav Askarov UTIL Elias-Nils Pettersson W Dylan Guenther W Clayton Keller W Blake Coleman,,,
500,5277948503,jangalang21,0,112.6,C Tage Thompson C Josh Norris D Luca Cagnoni D Mattias Samuelsson G Kevin Lankinen UTIL Macklin Celebrini W Will Smith W Jesper Bratt W Josh Doan,,,
501,5277911999,justplayinj,0,112.5,C Macklin Celebrini C Joel Eriksson Ek D Owen Power D Zeev Buium G Jake Allen UTIL Max Shabanov W Matt Boldy W Clayton Keller W Mason Marchment,,,
502,5277788318,bobloblaw7648,0,112.2,C Jack Hughes C Morgan Frost D Mikhail Sergachev D Zayne Parekh G Igor Shesterkin UTIL Dylan Guenther W Jesper Bratt W Matt Coronato W Matvei Gridin,,,
503,5277420981,jgunn26,0,112.100006,C Jack Hughes C Trevor Zegras D Brandon Montour D Zayne Parekh G Jesper Wallstedt UTIL Cam York W Dylan Guenther W Pavel Dorofeyev W Josh Doan,,,
504,5277754947,ricsbills14,0,112,C Connor McDavid C Macklin Celebrini D Rasmus Dahlin D Bowen Byram G Ukko-Pekka Luukkonen UTIL Gabe Perreault W Jack Quinn W Joel Farabee W Ilya Mikheyev,,,
505,5277263715,dcw331,0,111.899994,C Connor McDavid C Nick Schmaltz D Rasmus Dahlin D Simon Nemec G Ukko-Pekka Luukkonen UTIL Victor Hedman W Clayton Keller W Vasily Podkolzin W Joel Farabee,,,
506,5277123006,canovsp,0,111.600006,C Jack Hughes C Colton Dach D Filip Hronek D Jonas Brodin G Joey Daccord UTIL Tage Thompson W Timo Meier W Carter Verhaeghe W Eetu Luostarinen,,,
507,5277857761,fcf5,0,111.5,C Connor McDavid C Nick Schmaltz D Darnell Nurse D Adam Larsson G Joseph Woll UTIL Joel Eriksson Ek W Owen Tippett W Vincent Trocheck W Jake DeBrusk,,,
508,5277644603,BigA524,0,111.40001,C Jack Hughes C Colton Dach D Quinn Hughes D Ryan Ufko G Dustin Wolf UTIL Luke Evangelista W Dylan Guenther W Jesper Bratt W Anders Lee,,,
508,5276910247,wutangjake,0,111.4,C Nick Schmaltz C Logan Cooley D Mikhail Sergachev D Mattias Samuelsson G Juuse Saros UTIL Timo Meier W Dylan Guenther W Clayton Keller W Luke Evangelista,,,
510,5277865594,omegaxman,0,110.90001,C Connor McDavid C Sam Bennett D Connor Murphy D Michael Kesselring G Joey Daccord UTIL Colton Dach W Brady Tkachuk W Matthew Tkachuk W Carter Verhaeghe,,,
510,5277442277,cdhernandez07,0,110.9,C Connor McDavid C Adam Fantilli D Ryan Shea D Michael Kesselring G Jet Greaves UTIL Aleksander Barkov W Sam Reinhart W Vasily Podkolzin W Kent Johnson,,,
512,5277231722,tosaer,0,110.700005,C Leon Draisaitl C Aleksander Barkov D Zayne Parekh D Gustav Forsling G Karel Vejmelka UTIL Vasily Podkolzin W Brady Tkachuk W Jack Quinn W Zach Benson,,,
512,5277320679,nicepicks,0,110.700005,C Connor McDavid C Nick Schmaltz D Nick Seeler D Zach Whitecloud G Devon Levi UTIL Leon Draisaitl W Vincent Trocheck W Alexis Lafreniere W Lawson Crouse,,,
514,5276976075,Dricou,0,110.59999,C Joel Eriksson Ek C Alexander Wennberg D Quinn Hughes D Luca Cagnoni G Igor Shesterkin UTIL Seth Jones W Matt Boldy W Kirill Kaprizov W Igor Chernyshov,,,
515,5276855631,Hope1913,0,110.5,C Nick Schmaltz C Anton Frondell D Brandon Montour D Mikhail Sergachev G Jesper Wallstedt UTIL John Carlson W Owen Tippett W Matthew Knies W Blake Coleman,,,
515,5277452905,joyboy98,0,110.5,C Logan Cooley C Danila Yurov D Quinn Hughes D Mikhail Sergachev G Jake Allen UTIL Kirill Kaprizov W Dylan Guenther W Jack Quinn W Max Shabanov,,,
517,5277467436,Davidstillwell,0,110.2,C Joel Eriksson Ek C Logan Cooley D Mattias Samuelsson D Ian Cole G Joey Daccord UTIL Kirill Kaprizov W Matt Boldy W Dylan Guenther W Blake Coleman,,,
518,5277485451,Fatlenny,0,110.100006,C Macklin Celebrini C Morgan Frost D Seth Jones D Luca Cagnoni G Andrei Vasilevskiy UTIL Igor Chernyshov W Brady Tkachuk W Will Smith W Matt Coronato,,,
518,5277180483,mgisigolf72,0,110.1,C Connor McDavid C Anton Frondell D Evan Bouchard D Darnell Nurse G Jake Allen UTIL Conor Garland W Alexis Lafreniere W Will Cuylle W Collin Graf,,,
520,5277916550,TwoHearted,0,109.99999,C Jack Hughes C Nico Hischier D Dougie Hamilton D Luke Hughes G Jake Allen UTIL Gustav Forsling W Jesper Bratt W Luke Evangelista W Matt Coronato,,,
521,5277630378,aromarks,0,109.7,C Joel Eriksson Ek C Matty Beniers D Quinn Hughes D Mattias Samuelsson G Jesper Wallstedt UTIL Owen Power W Matt Boldy W Kirill Kaprizov W Blake Coleman,,,
522,5277885631,jhp254,0,109.5,C Macklin Celebrini C J.T. Miller D Rasmus Dahlin D Adam Fox G Igor Shesterkin UTIL Logan Cooley W Alexis Lafreniere W Jack Quinn W Ivar Stenberg,,,
523,5277024065,TringoGrande,0,109.399994,C Nico Hischier C Logan Cooley D Mikhail Sergachev D Owen Power G Jake Allen UTIL Anders Lee W Dylan Guenther W Timo Meier W Luke Evangelista,,,
523,5277492963,Army8084,0,109.399994,C Jack Hughes C Adam Fantilli D Dougie Hamilton D Victor Hedman G Jake Allen UTIL Max Sasson W Jesper Bratt W Steven Stamkos W Jake DeBrusk,,,
525,5277322759,WaitTilNextYear,0,109.3,C Nick Schmaltz C Logan Cooley D Seth Jones D Mattias Samuelsson G Juuse Saros UTIL Vasily Podkolzin W Brandon Hagel W Dylan Guenther W Clayton Keller,,,
525,5277911739,Drill34,0,109.299995,C Connor McDavid C Jack Hughes D Luke Hughes D Denton Mateychuk G Dustin Wolf UTIL Josh Doan W Vasily Podkolzin W Anthony Mantha W Max Shabanov,,,
527,5277466302,dahawks02,0,109.100006,C Tage Thompson C Elias Pettersson D Quinn Hughes D Rasmus Dahlin G Joseph Woll UTIL Simon Nemec W Brock Boeser W Jake DeBrusk W Joel Farabee,,,
528,5277934488,silo,0,109,C Connor McDavid C J.T. Miller D Jared Spurgeon D Erik Gudbranson G Jet Greaves UTIL Nico Hischier W Brady Tkachuk W Vincent Trocheck W Cole Sillinger,,,
529,5277151298,bookert21,0,108.799995,C Jack Hughes C Nico Hischier D Luke Hughes D J.J. Moser G Jake Allen UTIL Vasily Podkolzin W Jesper Bratt W Luke Evangelista W Matvei Gridin,,,
530,5276849842,Tiger9637,0,108.7,C Brayden Point C Logan Cooley D Mattias Ekholm D Darnell Nurse G Karel Vejmelka UTIL Nico Hischier W Matthew Tkachuk W Brock Boeser W Matthew Knies,,,
530,5276901850,lmueller78,0,108.7,C Tage Thompson C Logan Cooley D Denton Mateychuk D Mattias Samuelsson G Yaroslav Askarov UTIL Jack Hughes W Dylan Guenther W Josh Doan W Anders Lee,,,
532,5277397130,eire73,0,108.3,C Jack Hughes C Nick Schmaltz D Filip Hronek D Gustav Forsling G Jake Allen UTIL Logan Cooley W Jesper Bratt W Vasily Podkolzin W Anthony Mantha,,,
533,5277966647,takkel,0,108.200005,C Joel Eriksson Ek C Marco Rossi D Filip Hronek D Mattias Samuelsson G Andrei Vasilevskiy UTIL Brock Boeser W Matt Boldy W Brandon Hagel W Blake Coleman,,,
534,5277159672,alexvansoelen,0,108.1,C Leon Draisaitl C Morgan Frost D Zayne Parekh D Denton Mateychuk G Dustin Wolf UTIL Connor McDavid W Vasily Podkolzin W Matt Coronato W Matvei Gridin,,,
534,5277937173,meodette,0,108.1,C Connor McDavid C Morgan Frost D Zayne Parekh D Denton Mateychuk G Dustin Wolf UTIL Leon Draisaitl W Vasily Podkolzin W Matt Coronato W Matvei Gridin,,,
536,5277832495,txblkman,0,108,C Connor McDavid C Nick Schmaltz D Bowen Byram D Aaron Ekblad G Andrei Vasilevskiy UTIL Logan Cooley W Clayton Keller W Vasily Podkolzin W Lawson Crouse,,,
537,5277763707,Jmc115,0,107.90001,C Leon Draisaitl C Jack Hughes D Dougie Hamilton D Seth Jones G Dustin Wolf UTIL Sean Couturier W Vincent Trocheck W Matt Coronato W Blake Coleman,,,
537,5277797765,twigger2,0,107.899994,C Macklin Celebrini C Anton Lundell D Darnell Nurse D Owen Power G Andrei Vasilevskiy UTIL Brady Tkachuk W Patrick Kane W Matthew Knies W Josh Doan,,,
537,5277957703,TZoneEp57,0,107.899994,C Jack Hughes C Trevor Zegras D MacKenzie Weegar D Rasmus Ristolainen G Igor Shesterkin UTIL Zach Benson W Matt Boldy W Patrick Kane W Blake Coleman,,,
540,5277130247,the__moose,0,107.700005,C Macklin Celebrini C Elias Pettersson D Jake Walman D Brett Pesce G Jake Allen UTIL Joel Eriksson Ek W Jesper Bratt W Josh Doan W Alexis Lafreniere,,,
540,5277961228,BugJuice90,0,107.7,C Jack Hughes C Nick Schmaltz D Evan Bouchard D Elias-Nils Pettersson G Yaroslav Askarov UTIL Clayton Keller W Steven Stamkos W Blake Coleman W Jiri Kulich,,,
542,5277245194,LVMaverick,0,107.500015,C Leon Draisaitl C Macklin Celebrini D Seth Jones D Jacob Trouba G Tristan Jarry UTIL Noah Cates W Jake Guentzel W Kasperi Kapanen W Ryan Donato,,,
542,5277147079,Dumpsterfire24,0,107.5,C Barrett Hayton C Danila Yurov D Zach Werenski D Mattias Samuelsson G Jesper Wallstedt UTIL Clayton Keller W Kirill Kaprizov W Brady Tkachuk W Jack Quinn,,,
544,5277003217,modece,0,107.20001,C Macklin Celebrini C Joel Eriksson Ek D Jacob Trouba D Jonas Brodin G Andrei Vasilevskiy UTIL Denton Mateychuk W Matt Boldy W Will Smith W Linus Karlsson,,,
544,5277069357,jrancor22,0,107.200005,C Connor McDavid C Leon Draisaitl D Jacob Trouba D Simon Nemec G Ukko-Pekka Luukkonen UTIL Vasily Podkolzin W Matt Coronato W Matvei Gridin W Joel Farabee,,,
546,5277345322,rrg725,0,106.8,C Charlie Coyle C Jack Drury D Quinn Hughes D Seth Jones G Joey Daccord UTIL Jack Hughes W Brady Tkachuk W Matthew Tkachuk W Oliver Moore,,,
547,5277302748,SPDrrs,0,106.700005,C Leon Draisaitl C Trevor Zegras D Mattias Ekholm D Zayne Parekh G Jesper Wallstedt UTIL Adam Fantilli W Clayton Keller W Vasily Podkolzin W Kiefer Sherwood,,,
547,5277600258,hcnpower,0,106.700005,C Macklin Celebrini C Tage Thompson D Darnell Nurse D Mattias Samuelsson G Ukko-Pekka Luukkonen UTIL Will Smith W Josh Doan W Matt Coronato W Mason Marchment,,,
549,5277356983,LTskelter,0,106.6,C Connor McDavid C Morgan Frost D Simon Nemec D Owen Power G Dustin Wolf UTIL Evan Bouchard W Vasily Podkolzin W Matt Coronato W Matvei Gridin,,,
549,5277889242,gradyad,0,106.6,C Nick Schmaltz C Logan Cooley D Mikhail Sergachev D MacKenzie Weegar G Yaroslav Askarov UTIL Mason Marchment W Dylan Guenther W Clayton Keller W Matt Coronato,,,
551,5277334114,PensDangleSniper94,0,106.40001,C Logan Cooley C Anthony Cirelli D Mikhail Sergachev D Michael Kesselring G Joey Daccord UTIL Jake Guentzel W Brandon Hagel W Dylan Guenther W Anders Lee,,,
552,5277126070,lufthansaheist,0,106.299995,C Jack Hughes C Nick Schmaltz D Mikhail Sergachev D Luke Hughes G Jet Greaves UTIL Jonathan Lekkerimaki W Clayton Keller W Vincent Trocheck W Anthony Mantha,,,
553,5277752772,massajmike,0,106.200005,C Macklin Celebrini C Jack Hughes D Vladislav Gavrikov D Denton Mateychuk G Jet Greaves UTIL Ryan Hartman W Jesper Bratt W Valeri Nichushkin W Collin Graf,,,
553,5276904314,Howardthedog,0,106.2,C Nico Hischier C Mikael Backlund D Filip Hronek D Luke Hughes G Spencer Knight UTIL Connor McDavid W Timo Meier W Luke Evangelista W Joel Farabee,,,
553,5277342215,07km,0,106.2,C Nick Schmaltz C Morgan Frost D Mikhail Sergachev D Zayne Parekh G Joseph Woll UTIL Macklin Celebrini W Clayton Keller W Matt Coronato W Matvei Gridin,,,
556,5277015218,takeitdown2,0,106,C Connor McDavid C Roman Kantserov D Ryan Ufko D Artyom Levshunov G Joey Daccord UTIL Jared McCann W Steven Stamkos W Patrick Kane W Valeri Nichushkin,,,
557,5277726056,nos325,0,105.9,C Connor McDavid C Nico Hischier D Aaron Ekblad D Kevin Bahl G Akira Schmid UTIL Vincent Trocheck W Timo Meier W Luke Evangelista W Vasily Podkolzin,,,
558,5276813304,joemac63z,0,105.8,C Nico Hischier C Nick Schmaltz D Owen Power D Mattias Samuelsson G Juuse Saros UTIL Luke Evangelista W Brandon Hagel W Dylan Guenther W Clayton Keller,,,
558,5277587430,Mackdawg44,0,105.799995,C Brayden Point C Danila Yurov D Quinn Hughes D Luca Cagnoni G Karel Vejmelka UTIL Max Shabanov W Nikita Kucherov W Kirill Kaprizov W Ilya Mikheyev,,,
560,5276989812,SkatTrak,0,105.7,C Nick Schmaltz C Joel Eriksson Ek D Mikhail Sergachev D Darnell Nurse G Karel Vejmelka UTIL Pavel Dorofeyev W Steven Stamkos W Owen Tippett W Blake Coleman,,,
561,5277901926,IconoclasticDraft,0,105.6,C Ryan O'Reilly C Morgan Frost D Evan Bouchard D Luke Hughes G Jake Allen UTIL Jared McCann W Steven Stamkos W Alexis Lafreniere W Matvei Gridin,,,
562,5277795111,poudy,0,105.2,C Macklin Celebrini C Aleksander Barkov D Travis Sanheim D Victor Hedman G Dustin Wolf UTIL Ivar Stenberg W Will Smith W Patrick Kane W Anthony Mantha,,,
563,5277845109,bloylo,0,105.00001,C Connor McDavid C Ryan O'Reilly D Bowen Byram D Travis Sanheim G Ukko-Pekka Luukkonen UTIL Lawson Crouse W Pavel Dorofeyev W Tyler Bertuzzi W Owen Tippett,,,
564,5276965306,jayho480,0,104.600006,C Jack Hughes C Nick Schmaltz D Mattias Samuelsson D Brett Pesce G Karel Vejmelka UTIL Vincent Trocheck W Clayton Keller W Jesper Bratt W Anthony Mantha,,,
564,5277088604,Satch65,0,104.6,C Leon Draisaitl C Morgan Frost D Simon Nemec D Gustav Forsling G Dustin Wolf UTIL Connor McDavid W Vasily Podkolzin W Matt Coronato W Matvei Gridin,,,
566,5276873480,keavster,0,104.50001,C Jack Hughes C Nick Schmaltz D Evan Bouchard D Jonas Brodin G Juuse Saros UTIL Joel Eriksson Ek W Brock Boeser W Ivar Stenberg W Ilya Mikheyev,,,
566,5277397927,cheryl21,0,104.5,C Ryan O'Reilly C Alexander Wennberg D Mikhail Sergachev D Adam Larsson G Karel Vejmelka UTIL Bobby McMann W Dylan Guenther W Carter Verhaeghe W Pavel Dorofeyev,,,
568,5277909149,tylertocci,0,104.3,C Connor McDavid C Roman Kantserov D Seth Jones D Mattias Samuelsson G Joey Daccord UTIL Luke Evangelista W Steven Stamkos W Patrick Kane W Valeri Nichushkin,,,
569,5276878180,jknobody,0,104,C Connor McDavid C Anton Frondell D Evan Bouchard D Seth Jones G Spencer Knight UTIL Aaron Ekblad W Carter Verhaeghe W Vasily Podkolzin W Alex Formenton,,,
569,5277124625,csalinaz9,0,104,C Connor McDavid C Colton Dach D Mattias Samuelsson D Brett Pesce G Joseph Woll UTIL Rasmus Dahlin W Nikita Kucherov W Brady Tkachuk W Alex Formenton,,,
571,5277023823,ironmelon,0,103.7,C Roman Kantserov C Anton Frondell D Darnell Nurse D Victor Hedman G Jesper Wallstedt UTIL Connor McDavid W Patrick Kane W Valeri Nichushkin W Jordan Eberle,,,
571,5277208714,lop819,0,103.7,C Sam Bennett C Nick Schmaltz D Evan Bouchard D Aaron Ekblad G Jet Greaves UTIL Teuvo Teravainen W Clayton Keller W Carter Verhaeghe W Eetu Luostarinen,,,
571,5277853984,Dynistee,0,103.7,C Brayden Point C Trevor Zegras D John Carlson D Jamie Drysdale G Joseph Woll UTIL Matthew Knies W Nikita Kucherov W Porter Martone W Kent Johnson,,,
574,5277087194,Rjhill34,0,103.49999,C Nico Hischier C Nick Schmaltz D Mikhail Sergachev D Connor Murphy G Dustin Wolf UTIL Vasily Podkolzin W Clayton Keller W Jesper Bratt W Luke Evangelista,,,
575,5277542373,BenByers,0,103.399994,C Nick Schmaltz C Danila Yurov D Quinn Hughes D Brandon Montour G Joseph Woll UTIL Max Shabanov W Kirill Kaprizov W Clayton Keller W Vincent Trocheck,,,
576,5277371824,wearend,0,103.2,C Jack Hughes C Danila Yurov D Quinn Hughes D Mattias Samuelsson G Dustin Wolf UTIL Dylan Guenther W Kirill Kaprizov W Jack Quinn W Max Shabanov,,,
577,5277402808,TeamNinjaBoot,0,102.9,C Elias Pettersson C Trevor Zegras D Filip Hronek D Jamie Drysdale G Andrei Vasilevskiy UTIL Connor McDavid W Porter Martone W Matvei Michkov W Ivar Stenberg,,,
577,5277504244,Rambo62,0,102.9,C Jack Hughes C Morgan Frost D Mattias Ekholm D Luca Cagnoni G Ukko-Pekka Luukkonen UTIL Connor McDavid W Vasily Podkolzin W Matt Coronato W Matvei Gridin,,,
577,5277251171,berzaj23,0,102.899994,C Connor McDavid C Mikael Backlund D Evan Bouchard D Mattias Samuelsson G Spencer Knight UTIL Brady Tkachuk W Matt Coronato W Matvei Gridin W Jack Quinn,,,
580,5277567529,Tbwspartan,0,102.700005,C Connor McDavid C Morgan Frost D Evan Bouchard D Zayne Parekh G Andrei Vasilevskiy UTIL Vasily Podkolzin W Matt Coronato W Matvei Gridin W Zach Benson,,,
581,5277127800,terryf20,0,102.5,C Connor McDavid C Roman Kantserov D Victor Hedman D Michael Kesselring G Joey Daccord UTIL Sam Reinhart W Steven Stamkos W Patrick Kane W Konsta Helenius,,,
582,5277614358,Lazzaria,0,102.2,C Macklin Celebrini C Anton Frondell D Evan Bouchard D Jared Spurgeon G Juuse Saros UTIL Trevor Zegras W Vincent Trocheck W Matt Coronato W Kiefer Sherwood,,,
583,5277179655,kage12,0,102.09999,C Sam Bennett C Nick Schmaltz D Seth Jones D Jamie Oleksiak G Joey Daccord UTIL Matthew Tkachuk W Clayton Keller W Carter Verhaeghe W Vincent Trocheck,,,
584,5277045542,eagles995720,0,102,C Connor McDavid C Michael Misa D Evan Bouchard D Zeev Buium G Dustin Wolf UTIL Kirill Kaprizov W Anthony Mantha W Matvei Michkov W Ilya Mikheyev,,,
585,5277766145,jasonex003,0,101.799995,C Brayden Point C Logan Cooley D Mikhail Sergachev D Victor Hedman G Ukko-Pekka Luukkonen UTIL Jesper Bratt W Dylan Guenther W Pavel Dorofeyev W Anthony Mantha,,,
585,5277802130,lopette69,0,101.799995,C Macklin Celebrini C Tage Thompson D Victor Hedman D Gustav Forsling G Ukko-Pekka Luukkonen UTIL Noah Cates W Dylan Guenther W Clayton Keller W Ilya Mikheyev,,,
587,5277091040,statnerds,0,101.5,C Jack Hughes C Nico Hischier D Rasmus Dahlin D Adam Larsson G Joey Daccord UTIL Jesper Bratt W Josh Doan W Jack Quinn W Zach Benson,,,
588,5277113952,Bsfan888,0,101.4,C Logan Cooley C Josh Norris D Filip Hronek D Seth Jones G Jesper Wallstedt UTIL Tage Thompson W Dylan Guenther W Josh Doan W Anders Lee,,,
589,5277778636,RocklinThunder,0,101.200005,C Marco Rossi C Alexander Wennberg D Quinn Hughes D Rasmus Dahlin G Ukko-Pekka Luukkonen UTIL Brock Boeser W Filip Forsberg W Vasily Podkolzin W Josh Doan,,,
590,5277910711,GoBears3132,0,101.09999,C Connor McDavid C Roman Kantserov D Zach Werenski D Mattias Samuelsson G Joey Daccord UTIL Ryan Ufko W Patrick Kane W Valeri Nichushkin W Drew O'Connor,,,
591,5277163819,mattbpoole,0,101,C Connor McDavid C Roman Kantserov D Zach Werenski D Cam York G Joey Daccord UTIL Ryan Ufko W Patrick Kane W Valeri Nichushkin W Linus Karlsson,,,
592,5277046842,JLR1985,0,100.899994,C Leon Draisaitl C Morgan Frost D Mattias Ekholm D Mattias Samuelsson G Devon Levi UTIL Connor McDavid W Matt Coronato W Matvei Gridin W Kasperi Kapanen,,,
592,5277813360,Jimbobwae42,0,100.899994,C Jack Hughes C Nick Schmaltz D Mikhail Sergachev D Luke Hughes G Dustin Wolf UTIL Darnell Nurse W Jesper Bratt W Vincent Trocheck W Zach Benson,,,
594,5277007180,Mtrainor6,0,100.600006,C Joel Eriksson Ek C Paul Cotter D Evan Bouchard D Jonas Brodin G Andrei Vasilevskiy UTIL Jake Guentzel W Brandon Hagel W Vasily Podkolzin W Blake Coleman,,,
595,5276971920,15Kokanee,0,100.5,C Aleksander Barkov C Ryan Hartman D Filip Hronek D Victor Hedman G Ukko-Pekka Luukkonen UTIL Connor McDavid W Luke Evangelista W Vasily Podkolzin W Conor Garland,,,
596,5277436011,JoeCool20-16,0,100.4,C Nick Schmaltz C Sean Monahan D Rasmus Dahlin D Mikhail Sergachev G Juuse Saros UTIL Conor Garland W Dylan Guenther W Clayton Keller W Valeri Nichushkin,,,
597,5277907112,dauis,0,100.3,C Connor McDavid C Leon Draisaitl D Rasmus Dahlin D Brett Pesce G Ukko-Pekka Luukkonen UTIL Michael Kesselring W Vasily Podkolzin W Matt Coronato W Matvei Gridin,,,
597,5277977625,Bulldawg633,0,100.3,C Connor McDavid C Leon Draisaitl D Rasmus Dahlin D Brett Pesce G Ukko-Pekka Luukkonen UTIL Michael Kesselring W Vasily Podkolzin W Matt Coronato W Matvei Gridin,,,
599,5277452066,Swidb,0,100.100006,C Leon Draisaitl C Morgan Frost D Zayne Parekh D Alex Vlasic G Ukko-Pekka Luukkonen UTIL Connor McDavid W Vasily Podkolzin W Matt Coronato W Matvei Gridin,,,
599,5276849808,ben447,0,100.1,C Connor McDavid C Morgan Frost D Zayne Parekh D Elias-Nils Pettersson G Dustin Wolf UTIL Leon Draisaitl W Vasily Podkolzin W Matt Coronato W Matvei Gridin,,,
599,5277054521,jusplay25,0,100.1,C Connor McDavid C Morgan Frost D Zayne Parekh D Gustav Forsling G Dustin Wolf UTIL Leon Draisaitl W Vasily Podkolzin W Matt Coronato W Matvei Gridin,,,
602,5277845891,Jasonhenn32,0,100.00001,C Connor McDavid C Joel Eriksson Ek D Zayne Parekh D Ryan Shea G Jesper Wallstedt UTIL Morgan Frost W Matt Boldy W Matvei Gridin W Blake Coleman,,,
602,5277367150,andrewdahlgren,0,100,C Logan Cooley C Danila Yurov D Evan Bouchard D Quinn Hughes G Dustin Wolf UTIL Dylan Guenther W Kirill Kaprizov W Max Shabanov W Jonathan Lekkerimaki,,,
604,5277744690,mimi1127,0,99.90001,C Connor McDavid C Michael Misa D Bowen Byram D Zayne Parekh G Andrei Vasilevskiy UTIL Matty Beniers W Nikita Kucherov W Josh Doan W Anders Lee,,,
605,5277818763,bellyuppicks,0,99.8,C Jack Hughes C Joel Eriksson Ek D Luke Hughes D Seth Jones G Karel Vejmelka UTIL Nick Schmaltz W Jonathan Marchessault W Mason Marchment W Lawson Crouse,,,
605,5277864223,patbin34,0,99.8,C Connor McDavid C Frank Nazar D Quinn Hughes D Bowen Byram G Spencer Knight UTIL Gabe Perreault W Matthew Tkachuk W Patrick Kane W Kasperi Kapanen,,,
607,5277243582,xxSPURS21xx,0,99.5,C Jack Hughes C Morgan Frost D Evan Bouchard D Luke Hughes G Juuse Saros UTIL Joel Farabee W Jesper Bratt W Matt Coronato W Matvei Gridin,,,
607,5277345796,Traveshamockery,0,99.5,C Logan Cooley C Trevor Zegras D Evan Bouchard D Jacob Trouba G Joseph Woll UTIL Jake DeBrusk W Clayton Keller W Owen Tippett W Travis Konecny,,,
609,5277096347,PunaRay,0,99.3,C Joel Eriksson Ek C Ryan Hartman D Mikhail Sergachev D Connor Murphy G Jesper Wallstedt UTIL Kasperi Kapanen W Matt Boldy W Kirill Kaprizov W Blake Coleman,,,
609,5277110260,justutah,0,99.3,C Connor McDavid C Roman Kantserov D Ryan Ufko D Mattias Samuelsson G Joey Daccord UTIL Ryan O'Reilly W Kirill Kaprizov W Patrick Kane W Drew O'Connor,,,
609,5277338670,DariaG,0,99.3,C Macklin Celebrini C Trevor Zegras D Travis Sanheim D Aaron Ekblad G Andrei Vasilevskiy UTIL Anton Frondell W Kirill Kaprizov W Blake Coleman W Kiefer Sherwood,,,
612,5277718171,DGreen,0,99.00001,C Macklin Celebrini C Tage Thompson D Rasmus Dahlin D Darnell Nurse G Ukko-Pekka Luukkonen UTIL Connor Murphy W Will Smith W Josh Doan W Ben Meyers,,,
613,5277758193,hazydavy,0,98.9,C Tage Thompson C Chandler Stephenson D Rasmus Dahlin D Mattias Samuelsson G Ukko-Pekka Luukkonen UTIL Kirill Kaprizov W Jared McCann W Vasily Podkolzin W Jack Quinn,,,
614,5277795781,mikeysikfuk1,0,98.8,C Aleksander Barkov C Nick Schmaltz D Dougie Hamilton D Seth Jones G Andrei Vasilevskiy UTIL Mikhail Sergachev W Clayton Keller W Vasily Podkolzin W Isaac Howard,,,
615,5277104975,bilallen,0,98.7,C Nico Hischier C Logan Cooley D Mikhail Sergachev D Zayne Parekh G Jet Greaves UTIL Anders Lee W Dylan Guenther W Timo Meier W Luke Evangelista,,,
616,5277429365,Snuffysnuff,0,98.49999,C Connor McDavid C J.T. Miller D Dougie Hamilton D Jacob Trouba G Jet Greaves UTIL Matt Coronato W Timo Meier W Alexis Lafreniere W Matvei Michkov,,,
617,5277700477,HockeyCardsPlus,0,98.4,C Jack Hughes C Nick Schmaltz D Luke Hughes D Brett Pesce G Kevin Lankinen UTIL Michael Misa W Dylan Guenther W Clayton Keller W Jesper Bratt,,,
618,5277929091,ReadyToMeal,0,98.30001,C Adam Fantilli C Christian Dvorak D Zach Werenski D Jamie Drysdale G Andrei Vasilevskiy UTIL Valeri Nichushkin W Kirill Kaprizov W Matthew Knies W Tyson Foerster,,,
619,5276823139,Dfrazier99,0,98.100006,C Jack Hughes C Joel Eriksson Ek D Quinn Hughes D Yan Kuznetsov G Karel Vejmelka UTIL Michael McCarron W Matt Boldy W Anthony Mantha W Blake Coleman,,,
620,5277936683,hoopghetto,0,97.99999,C Jack Hughes C Sean Monahan D Rasmus Dahlin D Dougie Hamilton G Jake Allen UTIL Jesper Bratt W Valeri Nichushkin W Anthony Mantha W Conor Garland,,,
621,5277056972,bluebld93,0,97.799995,C Sam Bennett C Nick Schmaltz D Mikhail Sergachev D Mattias Ekholm G Jet Greaves UTIL Chandler Stephenson W Matthew Tkachuk W Clayton Keller W Mason Marchment,,,
622,5277074297,jeffreyride,0,97.6,C Jack Hughes C Ryan O'Reilly D Louis Crevier D Zach Whitecloud G Yaroslav Askarov UTIL Evan Bouchard W Clayton Keller W Steven Stamkos W Tyson Foerster,,,
622,5277106072,dnash7,0,97.6,C Logan Cooley C Danila Yurov D Evan Bouchard D Luke Hughes G Devon Levi UTIL Alexis Lafreniere W Kirill Kaprizov W Dylan Guenther W Alex Formenton,,,
624,5277956468,BlitzBurgher412,0,97.50001,C Nick Schmaltz C Evan Rodrigues D Brady Skjei D Marcus Pettersson G Jesper Wallstedt UTIL Connor McDavid W Nikita Kucherov W Jonathan Marchessault W Dawson Mercer,,,
624,5277172149,milligolf,0,97.5,C Jack Hughes C Nico Hischier D Luke Hughes D Brett Pesce G Akira Schmid UTIL Connor Murphy W Jake Guentzel W Jesper Bratt W Luke Evangelista,,,
626,5277289189,OGTeddybongwater,0,97.3,C Connor McDavid C Roman Kantserov D Ryan Ufko D Connor Murphy G Joey Daccord UTIL Joel Eriksson Ek W Steven Stamkos W Patrick Kane W Valeri Nichushkin,,,
627,5277733073,bgibz,0,97.1,C Leon Draisaitl C Morgan Frost D Mikhail Sergachev D Owen Power G Dustin Wolf UTIL Matt Boldy W Vasily Podkolzin W Matt Coronato W Zach Benson,,,
627,5277954548,Vikingmick68,0,97.09999,C Jack Hughes C Aleksander Barkov D Adam Fox D Mikhail Sergachev G Jet Greaves UTIL Jordan Greenway W Matthew Knies W Valeri Nichushkin W Anthony Mantha,,,
629,5277268013,AverillsAvengers,0,97,C Macklin Celebrini C Tage Thompson D Rasmus Dahlin D Cam York G Joseph Woll UTIL Roman Kantserov W Mason Marchment W Igor Chernyshov W Collin Graf,,,
629,5277791458,bcrenslow,0,97,C Adam Fantilli C Trevor Zegras D Quinn Hughes D Owen Power G Joseph Woll UTIL Michael Misa W Matt Boldy W Kirill Kaprizov W Alexis Lafreniere,,,
629,5277921887,filmcritic,0,97,C Nick Schmaltz C Anthony Cirelli D Connor Murphy D Mattias Samuelsson G Karel Vejmelka UTIL Brandon Hagel W Jake Guentzel W Clayton Keller W Vincent Trocheck,,,
632,5277899806,338bigdog,0,96.8,C Tage Thompson C Logan Cooley D Dougie Hamilton D Yan Kuznetsov G Jesper Wallstedt UTIL Jack Hughes W Bobby McMann W Blake Coleman W Zach Benson,,,
632,5277881368,pipolechap,0,96.799995,C Jack Hughes C Nico Hischier D Mikhail Sergachev D Mattias Samuelsson G Dustin Wolf UTIL Connor McDavid W Luke Evangelista W Drew O'Connor W Jack McBain,,,
634,5277120296,Shredville,0,96.40001,C Joel Eriksson Ek C Morgan Frost D Quinn Hughes D Zayne Parekh G Igor Shesterkin UTIL Kaapo Kakko W Matt Boldy W Kirill Kaprizov W Matt Coronato,,,
634,5277755605,johnsmiz,0,96.40001,C Tage Thompson C Matty Beniers D Zach Werenski D Mattias Ekholm G Ukko-Pekka Luukkonen UTIL Charlie Coyle W Matthew Knies W Josh Doan W Zach Benson,,,
634,5276990762,goofybh207,0,96.4,C Connor McDavid C Anton Lundell D Darnell Nurse D Mattias Samuelsson G Ukko-Pekka Luukkonen UTIL Matthew Tkachuk W Brady Tkachuk W Josh Doan W Zach Benson,,,
637,5276808649,cxt7,0,96.299995,C Nick Schmaltz C Sean Monahan D Mikhail Sergachev D Denton Mateychuk G Karel Vejmelka UTIL Brady Tkachuk W Matthew Tkachuk W Vincent Trocheck W Valeri Nichushkin,,,
638,5276942040,captainzen,0,96.2,C Tage Thompson C Nick Schmaltz D Rasmus Dahlin D Jared Spurgeon G Joseph Woll UTIL Matt Coronato W Clayton Keller W Josh Doan W Blake Coleman,,,
638,5277063050,tommienation1,0,96.2,C Nick Schmaltz C Logan Cooley D Rasmus Dahlin D Mikhail Sergachev G Juuse Saros UTIL Alexander Wennberg W Dylan Guenther W Clayton Keller W Collin Graf,,,
640,5276930565,blitzburgh07,0,96.100006,C Macklin Celebrini C Nick Schmaltz D Darnell Nurse D Gustav Forsling G Dustin Wolf UTIL Matthew Tkachuk W Dylan Guenther W Igor Chernyshov W Ivar Stenberg,,,
640,5277745508,Mazeblue30,0,96.1,C Tage Thompson C Alexander Wennberg D Mikhail Sergachev D Sean Durzi G Karel Vejmelka UTIL Anthony Cirelli W Will Smith W Jake DeBrusk W Josh Doan,,,
642,5277163854,Laylakuf,0,96,C Brayden Point C Matthew Wood D Dmitri Simashev D Andrew Peeke G Joseph Woll UTIL Nick Schmaltz W Nikita Kucherov W Filip Forsberg W Clayton Keller,,,
643,5277044820,colbyhornet,0,95.90001,C Aleksander Barkov C Matty Beniers D Jake Walman D Aaron Ekblad G Jesper Wallstedt UTIL Sam Reinhart W Brady Tkachuk W Jared McCann W Kaapo Kakko,,,
644,5277781478,Bluesandman,0,95.7,C Logan Cooley C Trevor Zegras D Bowen Byram D Simon Nemec G Joseph Woll UTIL Nikita Kucherov W Dylan Guenther W Porter Martone W Anders Lee,,,
645,5277720958,termoney2232,0,95.600006,C Logan Cooley C Danila Yurov D Quinn Hughes D Mattias Samuelsson G Jesper Wallstedt UTIL Nick Schmaltz W Matt Boldy W Kirill Kaprizov W Lawson Crouse,,,
645,5276998006,Shoprat66,0,95.6,C Nico Hischier C Sean Monahan D Zach Werenski D Quinn Hughes G Jake Allen UTIL Colton Dach W Timo Meier W Valeri Nichushkin W Kasperi Kapanen,,,
645,5277949037,bleeski,0,95.6,C Macklin Celebrini C Mikael Backlund D Evan Bouchard D Victor Hedman G Yaroslav Askarov UTIL Ivar Stenberg W Tyler Bertuzzi W Jake DeBrusk W Matvei Gridin,,,
648,5277100110,Hockeybob8,0,95.5,C Jack Hughes C Nick Schmaltz D Brandon Montour D Luke Hughes G Jake Allen UTIL Dmitri Voronkov W Bobby McMann W Vincent Trocheck W Valeri Nichushkin,,,
648,5277267884,MoneyMatt14,0,95.5,C Jack Hughes C Nico Hischier D Adam Larsson D Ryan Ufko G Karel Vejmelka UTIL Brayden Point W Bobby McMann W Matthew Knies W Anthony Mantha,,,
650,5277108257,seminolefs,0,95.4,C Adam Fantilli C Ryan O'Reilly D Roman Josi D Brett Pesce G Jet Greaves UTIL Filip Forsberg W Steven Stamkos W Matthew Knies W Kent Johnson,,,
651,5277059790,gbjb,0,95.200005,C Roman Kantserov C Joel Eriksson Ek D Evan Bouchard D Quinn Hughes G Jesper Wallstedt UTIL Jamie Oleksiak W Kirill Kaprizov W Max Shabanov W Drew O'Connor,,,
652,5277256330,Stanver,0,95.100006,C Nico Hischier C Nick Schmaltz D Mikhail Sergachev D Tom Willander G Joey Daccord UTIL Matt Boldy W Vincent Trocheck W Jake DeBrusk W Luke Evangelista,,,
652,5277485814,Astros7,0,95.1,C Nick Schmaltz C Trevor Zegras D Owen Power D Dmitry Orlov G Jake Allen UTIL Brady Tkachuk W Clayton Keller W Carter Verhaeghe W Pavel Dorofeyev,,,
654,5277043629,Futterstuff,0,94.90001,C Leon Draisaitl C Jack Hughes D Aaron Ekblad D Brady Skjei G Andrei Vasilevskiy UTIL Vincent Trocheck W Jesper Bratt W Igor Chernyshov W Lawson Crouse,,,
655,5277927127,AIballer,0,94.8,C Nick Schmaltz C Danila Yurov D Mikhail Sergachev D Connor Murphy G Jet Greaves UTIL Clayton Keller W Matt Boldy W Kirill Kaprizov W Max Shabanov,,,
655,5277656900,Diablo13blanco,0,94.799995,C Tage Thompson C Josh Norris D Luke Hughes D Gustav Forsling G Dustin Wolf UTIL Logan Cooley W Dylan Guenther W Will Smith W Josh Doan,,,
657,5277742688,dulcmang,0,94.5,C Tage Thompson C Mika Zibanejad D Rasmus Dahlin D Adam Fox G Igor Shesterkin UTIL Josh Norris W Josh Doan W Alexis Lafreniere W Kent Johnson,,,
658,5277099468,jrevelle3,0,94.200005,C Joel Eriksson Ek C Matty Beniers D Quinn Hughes D Michael Kesselring G Jesper Wallstedt UTIL Mason Marchment W Matt Boldy W Kirill Kaprizov W Max Shabanov,,,
659,5277194060,Rcher,0,94.1,C Connor McDavid C Tage Thompson D Evan Bouchard D Owen Power G Ukko-Pekka Luukkonen UTIL Kailer Yamamoto W Vincent Trocheck W Zach Benson W Peyton Krebs,,,
660,5277253432,Lakesnow13,0,94.00001,C Jack Hughes C Ryan O'Reilly D Dougie Hamilton D Seth Jones G Juuse Saros UTIL Anton Lundell W Jesper Bratt W Steven Stamkos W Anthony Mantha,,,
661,5277769981,AJMIII,0,93.799995,C Tage Thompson C Sean Monahan D Zach Werenski D Rasmus Dahlin G Yaroslav Askarov UTIL Vasily Podkolzin W Conor Garland W Jack Quinn W Zach Benson,,,
662,5277579184,thegadfather,0,93.299995,C Joel Eriksson Ek C Ryan O'Reilly D Evan Bouchard D Mattias Samuelsson G Dustin Wolf UTIL Kasperi Kapanen W Matt Boldy W Steven Stamkos W Blake Coleman,,,
663,5277411119,zacsmith1,0,93.2,C Anton Lundell C Alexander Wennberg D Quinn Hughes D Mikhail Sergachev G Jet Greaves UTIL Ilya Mikheyev W Nikita Kucherov W Jesper Bratt W Matvei Michkov,,,
664,5277914869,nmeyer1983,0,93.100006,C Logan Cooley C Anthony Cirelli D Seth Jones D Mattias Samuelsson G Jet Greaves UTIL Jake Guentzel W Brandon Hagel W Dylan Guenther W Anders Lee,,,
664,5277877561,jrbergot,0,93.1,C Macklin Celebrini C Anthony Cirelli D Zeev Buium D Jamie Oleksiak G Spencer Knight UTIL Joel Eriksson Ek W Jake Guentzel W Matthew Tkachuk W Bobby McMann,,,
666,5277772775,mrblazeone314,0,93,C Jack Hughes C Sam Bennett D Luke Hughes D Mattias Samuelsson G Ukko-Pekka Luukkonen UTIL Matthew Tkachuk W Jesper Bratt W Anthony Mantha W Blake Coleman,,,
667,5277333330,tzak48,0,92.5,C Roman Kantserov C Ryan O'Reilly D Ryan Ufko D Vladislav Gavrikov G Joey Daccord UTIL Connor McDavid W Steven Stamkos W Patrick Kane W Anthony Mantha,,,
668,5277105564,Daily_Big_Kahuna,0,92.4,C Nick Schmaltz C Logan Cooley D Rasmus Dahlin D Mikhail Sergachev G Ukko-Pekka Luukkonen UTIL Michael Kesselring W Dylan Guenther W Clayton Keller W Jack Quinn,,,
669,5277763491,jbhguru77,0,92.3,C Macklin Celebrini C Nick Schmaltz D MacKenzie Weegar D Darnell Nurse G Juuse Saros UTIL Carter Verhaeghe W Vincent Trocheck W Tyler Toffoli W Mason Marchment,,,
670,5277840121,4TnA,0,92.200005,C Macklin Celebrini C Evan Rodrigues D Rasmus Dahlin D Olli Maatta G Andrei Vasilevskiy UTIL Mikhail Sergachev W Matt Boldy W Mason Marchment W Lawson Crouse,,,
671,5277939689,feltt89,0,91.799995,C Connor McDavid C Tage Thompson D Rasmus Dahlin D Mattias Samuelsson G Ukko-Pekka Luukkonen UTIL Quinn Hughes W Zach Benson W Konsta Helenius W Peyton Krebs,,,
672,5277021821,SlimCliffy,0,91.6,C Nico Hischier C Mikael Backlund D Mikhail Sergachev D Jacob Trouba G Yaroslav Askarov UTIL Nick Schmaltz W Dylan Guenther W Clayton Keller W Matt Coronato,,,
673,5277264541,reichj29,0,91.49999,C Macklin Celebrini C Morgan Frost D Quinn Hughes D Denton Mateychuk G Yaroslav Askarov UTIL Joel Farabee W Kirill Kaprizov W Matt Coronato W Matvei Gridin,,,
674,5277168750,Ish99,0,91.299995,C Connor McDavid C Nick Schmaltz D Aaron Ekblad D John Marino G Akira Schmid UTIL Sam Bennett W Clayton Keller W Carter Verhaeghe W Alex Formenton,,,
675,5277173094,DarthPasta,0,91.2,C Connor McDavid C Morgan Frost D Mikhail Sergachev D Zayne Parekh G Ukko-Pekka Luukkonen UTIL Vasily Podkolzin W Clayton Keller W Matt Coronato W Matvei Gridin,,,
676,5277689202,stinga7003,0,91.100006,C Nick Schmaltz C Ryan O'Reilly D Seth Jones D Charle-Edouard D'Astous G Ukko-Pekka Luukkonen UTIL Filip Forsberg W Dylan Guenther W Clayton Keller W Vasily Podkolzin,,,
676,5277955622,SaSean,0,91.1,C Nick Schmaltz C Logan Cooley D John Carlson D Adam Larsson G Ukko-Pekka Luukkonen UTIL Brandon Montour W Dylan Guenther W Clayton Keller W Blake Coleman,,,
678,5277624554,BuffaloBills1984,0,90.3,C Adam Fantilli C Noah Ostlund D Evan Bouchard D Zayne Parekh G Juuse Saros UTIL Matt Coronato W Matt Boldy W Brandon Hagel W Zach Benson,,,
678,5277834082,DeMarcoble1,0,90.299995,C Connor McDavid C Jack Drury D MacKenzie Weegar D Darnell Nurse G Jet Greaves UTIL Dawson Mercer W Matt Boldy W Steven Stamkos W Anthony Mantha,,,
678,5277955656,drhu356,0,90.299995,C Nico Hischier C Logan Cooley D Mikhail Sergachev D Luke Hughes G Dustin Wolf UTIL Anthony Cirelli W Dylan Guenther W Luke Evangelista W Josh Doan,,,
681,5277415952,JacefamouSS,0,90.2,C Nick Schmaltz C Chandler Stephenson D Zach Werenski D Mikhail Sergachev G Jet Greaves UTIL Alex Formenton W Clayton Keller W Patrick Kane W Vincent Trocheck,,,
682,5277875117,moramich,0,90.00001,C Leon Draisaitl C Joel Eriksson Ek D Mattias Samuelsson D Ian Cole G Ukko-Pekka Luukkonen UTIL Alex Formenton W Matt Boldy W Kirill Kaprizov W Vasily Podkolzin,,,
683,5276998577,matthewwalsh,0,89.6,C Nick Schmaltz C Logan Cooley D Rasmus Dahlin D Mikhail Sergachev G Ukko-Pekka Luukkonen UTIL Dylan Guenther W Clayton Keller W Jack Quinn W Max Shabanov,,,
684,5277036700,JDamien2442,0,89.5,C Jack Hughes C Alexander Wennberg D Mikhail Sergachev D Adam Larsson G Ukko-Pekka Luukkonen UTIL Adam Fantilli W Jake Guentzel W Vasily Podkolzin W Anders Lee,,,
685,5277142890,TheKidNess,0,89.3,C J.T. Miller C Logan Cooley D John Carlson D Filip Hronek G Jake Allen UTIL Anthony Mantha W Timo Meier W Jesper Bratt W Luke Evangelista,,,
686,5277065893,smithbrandon7,0,89.2,C Connor McDavid C Morgan Frost D Rasmus Dahlin D Zach Whitecloud G Arvid Soderblom UTIL Leon Draisaitl W Matt Coronato W Matvei Gridin W Joel Farabee,,,
687,5277535579,nstone1617,0,89,C Nick Schmaltz C Logan Cooley D Rasmus Dahlin D Luke Hughes G Dustin Wolf UTIL Vasily Podkolzin W Kirill Kaprizov W Brock Boeser W Max Shabanov,,,
688,5277604993,Lpin16,0,88.8,C Anton Frondell C Anton Lundell D Evan Bouchard D Jacob Trouba G Ukko-Pekka Luukkonen UTIL Clayton Keller W Pavel Dorofeyev W Josh Doan W Anthony Mantha,,,
689,5277007898,THAKZZA,0,88.7,C Macklin Celebrini C Christian Dvorak D Zach Werenski D Victor Hedman G Dustin Wolf UTIL Evan Rodrigues W Nikita Kucherov W Eeli Tolvanen W Jiri Kulich,,,
690,5277629953,seth1374,0,88.5,C Nick Schmaltz C Joel Eriksson Ek D Rasmus Dahlin D Wyatt Kaiser G Joey Daccord UTIL Clayton Keller W Kirill Kaprizov W Vincent Trocheck W Max Shabanov,,,
691,5277889212,Sprtsguy,0,88.1,C Tage Thompson C Logan Cooley D Zach Werenski D Mattias Samuelsson G Karel Vejmelka UTIL Anthony Cirelli W Luke Evangelista W Alexis Lafreniere W Arseny Gritsyuk,,,
692,5277062913,Pneumann10,0,88.00001,C Brayden Point C Logan Cooley D John Carlson D Owen Power G Ukko-Pekka Luukkonen UTIL Nikita Kucherov W Dylan Guenther W Anders Lee W Ilya Mikheyev,,,
692,5277822207,bubbs11,0,88,C Macklin Celebrini C Trevor Zegras D Zach Werenski D Zayne Parekh G Joseph Woll UTIL Frank Nazar W Porter Martone W Tyson Foerster W Matvei Michkov,,,
692,5277879585,slophound,0,88,C Nico Hischier C Ryan O'Reilly D Darnell Nurse D Victor Hedman G Ukko-Pekka Luukkonen UTIL Clayton Keller W Will Smith W Timo Meier W Vincent Trocheck,,,
692,5277945651,zMcBeast,0,88,C Nico Hischier C Danila Yurov D Quinn Hughes D Mikhail Sergachev G Jesper Wallstedt UTIL Matthew Tkachuk W Kirill Kaprizov W Max Shabanov W Bobby Brink,,,
696,5277382818,MCarp2211,0,87.8,C Nico Hischier C Ryan Hartman D Quinn Hughes D Braden Schneider G Dustin Wolf UTIL Jesper Bratt W Dylan Guenther W Jake DeBrusk W Mason Marchment,,,
697,5276959918,nh70744,0,87.700005,C Nico Hischier C Marco Rossi D Mikhail Sergachev D Ryan Ufko G Dustin Wolf UTIL Dylan Guenther W Steven Stamkos W Patrick Kane W Valeri Nichushkin,,,
697,5277931461,dmartino515,0,87.7,C Tage Thompson C Josh Norris D Luke Hughes D Zeev Buium G Igor Shesterkin UTIL Brady Tkachuk W Kirill Kaprizov W Josh Doan W Max Shabanov,,,
699,5277725435,tjjensen,0,87.49999,C Matty Beniers C Frank Nazar D Victor Hedman D Owen Power G Ukko-Pekka Luukkonen UTIL Sam Bennett W Kirill Kaprizov W Brady Tkachuk W Dylan Guenther,,,
700,5277696351,dwallner,0,87.200005,C Anton Frondell C Logan Cooley D Quinn Hughes D Zayne Parekh G Jesper Wallstedt UTIL Michael Misa W Matt Boldy W Kirill Kaprizov W Konsta Helenius,,,
701,5277170347,Gillos007,0,87.1,C Connor McDavid C Aleksander Barkov D Mattias Ekholm D Aaron Ekblad G Ukko-Pekka Luukkonen UTIL Mavrik Bourque W Sam Reinhart W Vasily Podkolzin W Mason Marchment,,,
702,5277154134,DeusExMachina,0,87,C Tage Thompson C Joel Eriksson Ek D Rasmus Dahlin D Mattias Samuelsson G Joseph Woll UTIL Darnell Nurse W Matt Boldy W Josh Doan W Blake Coleman,,,
703,5277885445,mrtrav,0,86.899994,C Anthony Cirelli C Danila Yurov D Quinn Hughes D Mattias Samuelsson G Joey Daccord UTIL Tage Thompson W Kirill Kaprizov W Brandon Hagel W Kailer Yamamoto,,,
704,5277666339,cchaplin1013,0,86.700005,C Brayden Point C Logan Cooley D John Carlson D Mattias Samuelsson G Ukko-Pekka Luukkonen UTIL Dylan Guenther W Nikita Kucherov W Jack Quinn W Ilya Mikheyev,,,
705,5277377493,streetceli88,0,86.6,C Sam Bennett C Logan Cooley D Seth Jones D Jared Spurgeon G Jesper Wallstedt UTIL Max Shabanov W Dylan Guenther W Matthew Tkachuk W Carter Verhaeghe,,,
706,5277540013,cde201,0,86.4,C Nick Schmaltz C Logan Cooley D Mikhail Sergachev D Bowen Byram G Jet Greaves UTIL Vincent Trocheck W Clayton Keller W Jesper Bratt W Anthony Mantha,,,
707,5277882930,tonis7481,0,86.30001,C Ryan O'Reilly C Trevor Zegras D MacKenzie Weegar D Dougie Hamilton G Ukko-Pekka Luukkonen UTIL Brandon Hagel W Jesper Bratt W Pavel Dorofeyev W Blake Coleman,,,
707,5277712371,jayrwebb,0,86.299995,C Adam Fantilli C Matty Beniers D Mikhail Sergachev D Seth Jones G Dustin Wolf UTIL Brady Tkachuk W Pavel Dorofeyev W Jake DeBrusk W Valeri Nichushkin,,,
709,5277876993,qwells,0,86.200005,C Sam Bennett C Logan Cooley D Brandon Montour D Darnell Nurse G Juuse Saros UTIL Vincent Trocheck W Brady Tkachuk W Clayton Keller W Jack Quinn,,,
710,5277937847,PhillyForce,0,86.100006,C Aleksander Barkov C Trevor Zegras D Rasmus Dahlin D Travis Sanheim G Joseph Woll UTIL Matthew Tkachuk W Porter Martone W Travis Konecny W Tyson Foerster,,,
710,5277048716,DVaut1,0,86.1,C Adam Fantilli C Morgan Frost D Zach Werenski D Quinn Hughes G Andrei Vasilevskiy UTIL Matthew Knies W Matt Coronato W Matvei Gridin W Kent Johnson,,,
710,5277765913,dhman82,0,86.1,C Nick Schmaltz C Logan Cooley D Mikhail Sergachev D Seth Jones G Joseph Woll UTIL Aleksander Barkov W Brady Tkachuk W Clayton Keller W Alex Formenton,,,
710,5277922333,tlherman,0,86.1,C Sam Bennett C Anton Frondell D Connor Murphy D Mattias Samuelsson G Joseph Woll UTIL Valeri Nichushkin W Nikita Kucherov W Matt Boldy W Tyler Toffoli,,,
714,5276961395,shane711561,0,85.80001,C Macklin Celebrini C Ryan Hartman D MacKenzie Weegar D Aaron Ekblad G Ukko-Pekka Luukkonen UTIL Jack Hughes W Pavel Dorofeyev W Tyson Foerster W Conor Geekie,,,
715,5277364715,baaaariggs,0,85.4,C Logan Cooley C Anthony Cirelli D Filip Hronek D Charle-Edouard D'Astous G Dustin Wolf UTIL Dylan Guenther W Brandon Hagel W Jake Guentzel W Anders Lee,,,
716,5277798086,peteskeets,0,85.200005,C Leon Draisaitl C Danila Yurov D Adam Fox D Ian Cole G Yaroslav Askarov UTIL Patrick Kane W Kirill Kaprizov W Timo Meier W Max Shabanov,,,
717,5277916711,nuffnutz,0,85.100006,C Ryan Hartman C Mavrik Bourque D Dougie Hamilton D Adam Larsson G Ukko-Pekka Luukkonen UTIL Zach Benson W Matt Boldy W Kirill Kaprizov W Dylan Guenther,,,
718,5277719715,stingrays315,0,85,C Ryan O'Reilly C Logan Cooley D Victor Hedman D Owen Power G Andrei Vasilevskiy UTIL Lawson Crouse W Kirill Kaprizov W Brandon Hagel W Dylan Guenther,,,
719,5277102552,URWHOUR,0,84.9,C Aleksander Barkov C Sean Monahan D John Carlson D Vladislav Gavrikov G Jet Greaves UTIL Quinn Hughes W Matthew Tkachuk W Vincent Trocheck W Valeri Nichushkin,,,
719,5277120844,mrdonahue,0,84.899994,C Macklin Celebrini C Mikael Backlund D Rasmus Dahlin D Aaron Ekblad G Dustin Wolf UTIL Adam Fantilli W Nikita Kucherov W Kaapo Kakko W Kailer Yamamoto,,,
721,5276904022,Cfw828,0,84.6,C Brayden Point C Noah Cates D Luca Cagnoni D Zeev Buium G Jet Greaves UTIL Matt Boldy W Nikita Kucherov W Sam Reinhart W Matvei Michkov,,,
722,5276868850,vetplays11,0,84.5,C Aleksander Barkov C Nick Schmaltz D Jamie Drysdale D Gustav Forsling G Jesper Wallstedt UTIL Jack Quinn W Matt Boldy W Kirill Kaprizov W Joel Farabee,,,
722,5277408227,ShineCrazyDiamond,0,84.5,C Connor McDavid C Morgan Frost D Zach Werenski D Zayne Parekh G Dustin Wolf UTIL Mattias Ekholm W Vasily Podkolzin W Anthony Mantha W Joel Farabee,,,
724,5277764779,letspartee,0,84,C Joel Eriksson Ek C Ryan Hartman D Darnell Nurse D Victor Hedman G Jesper Wallstedt UTIL Valeri Nichushkin W Matt Boldy W Kirill Kaprizov W Jack Quinn,,,
725,5277140398,JohnsMainEvent,0,83.899994,C Tage Thompson C Morgan Frost D Zach Werenski D Rasmus Dahlin G Igor Shesterkin UTIL Matvei Gridin W Matt Coronato W Jack Quinn W Zach Benson,,,
726,5277168336,bloodindawater,0,83.700005,C Macklin Celebrini C Brayden Point D Jake Walman D Michael Kesselring G Ukko-Pekka Luukkonen UTIL Trevor Zegras W Clayton Keller W Steven Stamkos W Anders Lee,,,
726,5277816417,PBreland42,0,83.7,C Connor McDavid C Roman Kantserov D Travis Sanheim D Adam Larsson G Devon Levi UTIL Alexander Wennberg W Matt Boldy W Tyson Foerster W Kiefer Sherwood,,,
728,5277026090,rbassett77,0,83.600006,C Macklin Celebrini C Joel Eriksson Ek D Darnell Nurse D Olli Maatta G Dustin Wolf UTIL Ryan McLeod W Matt Boldy W Kirill Kaprizov W Linus Karlsson,,,
729,5277537175,ZQ1989,0,83.4,C Joel Eriksson Ek C Sean Monahan D Quinn Hughes D Brett Pesce G Jesper Wallstedt UTIL Kirill Kaprizov W Matt Boldy W Blake Coleman W Max Shabanov,,,
730,5277912485,ewons497,0,83.1,C Jack Hughes C Logan Cooley D Luke Hughes D Jacob Trouba G Jet Greaves UTIL Patrick Kane W Clayton Keller W Anthony Mantha W Igor Chernyshov,,,
731,5277055760,mikeo3,0,83,C Ryan O'Reilly C Anton Lundell D Adam Fox D Mikhail Sergachev G Ukko-Pekka Luukkonen UTIL Jordan Eberle W Timo Meier W Pavel Dorofeyev W Steven Stamkos,,,
732,5277217323,deftpunk,0,82.9,C Macklin Celebrini C Roman Kantserov D Ryan Ufko D Mattias Samuelsson G Andrei Vasilevskiy UTIL Dylan Guenther W Patrick Kane W Valeri Nichushkin W Tyler Toffoli,,,
733,5277739937,robwest26,0,82.799995,C Macklin Celebrini C Trevor Zegras D Jonas Brodin D Victor Hedman G Andrei Vasilevskiy UTIL Jesper Bratt W Brandon Hagel W Tyler Toffoli W Matt Coronato,,,
734,5277875345,Angel3176,0,82.700005,C Joel Eriksson Ek C Anton Lundell D John Carlson D Mattias Samuelsson G Jesper Wallstedt UTIL Sam Bennett W Matt Boldy W Josh Doan W Blake Coleman,,,
735,5277807494,Hodges47,0,82.4,C Macklin Celebrini C Matty Beniers D Rasmus Dahlin D Denton Mateychuk G Ukko-Pekka Luukkonen UTIL Joel Eriksson Ek W Sam Reinhart W Valeri Nichushkin W Zach Benson,,,
736,5277784423,cmh502,0,82.2,C Jack Hughes C Paul Cotter D Quinn Hughes D Louis Crevier G Andrei Vasilevskiy UTIL Nico Hischier W Nikita Kucherov W Mathieu Olivier W Kailer Yamamoto,,,
737,5277778959,renegadebaumers,0,82,C Trevor Zegras C Matty Beniers D Jamie Drysdale D Gustav Forsling G Joseph Woll UTIL Nikita Kucherov W Matt Boldy W Patrick Kane W Owen Tippett,,,
738,5277831886,bosox0412,0,81.9,C Logan Cooley C Noah Cates D John Carlson D Cam York G Dustin Wolf UTIL Matthew Knies W Nikita Kucherov W Matt Boldy W Tyson Foerster,,,
739,5277125612,mgovin2468,0,81.7,C Nico Hischier C Morgan Frost D Jacob Trouba D Victor Hedman G Jake Allen UTIL Macklin Celebrini W Timo Meier W Tyler Toffoli W Matt Coronato,,,
740,5277186811,Tobers96,0,81.3,C Nick Schmaltz C Joel Eriksson Ek D Quinn Hughes D Rasmus Dahlin G Jesper Wallstedt UTIL Will Cuylle W Matt Boldy W Mathieu Olivier W Alex Bump,,,
741,5277041894,gooey911,0,81.200005,C Tage Thompson C Mikael Backlund D Rasmus Dahlin D Yan Kuznetsov G Jesper Wallstedt UTIL Connor Zary W Kirill Kaprizov W Clayton Keller W Luke Evangelista,,,
742,5277017416,Paulo21613,0,81.100006,C Joel Eriksson Ek C Trevor Zegras D Jamie Drysdale D Denton Mateychuk G Jesper Wallstedt UTIL Quinn Hughes W Matt Boldy W Kirill Kaprizov W Max Shabanov,,,
742,5277200752,Pacinger35,0,81.100006,C Connor McDavid C Josh Norris D MacKenzie Weegar D Louis Crevier G Ukko-Pekka Luukkonen UTIL Noah Ostlund W Nikita Kucherov W Patrick Kane W Zach Benson,,,
742,5277106563,PresidentLeach,0,81.1,C Nick Schmaltz C Logan Cooley D Mikhail Sergachev D Connor Murphy G Kevin Lankinen UTIL Dylan Guenther W Kirill Kaprizov W Clayton Keller W Max Shabanov,,,
745,5277697975,devastato,0,81,C Sam Bennett C Michael Misa D John Carlson D J.J. Moser G Joseph Woll UTIL Kasperi Kapanen W Nikita Kucherov W Brandon Hagel W Carter Verhaeghe,,,
746,5277412938,dave412,0,80.7,C Nick Schmaltz C Morgan Frost D Evan Bouchard D Mikhail Sergachev G Andrei Vasilevskiy UTIL Zach Benson W Clayton Keller W Matt Coronato W Matvei Gridin,,,
747,5277908898,Froggy2073,0,80.600006,C Tage Thompson C Michael Misa D Rasmus Dahlin D Filip Hronek G Ukko-Pekka Luukkonen UTIL Nick Schmaltz W Steven Stamkos W Luke Evangelista W Vasily Podkolzin,,,
748,5277026679,Hawkswin25,0,80.2,C Macklin Celebrini C Anton Frondell D Jake Walman D Bowen Byram G Dustin Wolf UTIL Valeri Nichushkin W Vincent Trocheck W Jake DeBrusk W Vasily Podkolzin,,,
749,5277010237,travis945,0,80.1,C Nick Schmaltz C Morgan Frost D Evan Bouchard D Mikhail Sergachev G Ukko-Pekka Luukkonen UTIL Blake Coleman W Clayton Keller W Matt Coronato W Matvei Gridin,,,
749,5277300991,blongnecker,0,80.1,C Nick Schmaltz C Ryan Hartman D Rasmus Dahlin D Mikhail Sergachev G Jet Greaves UTIL Anton Frondell W Clayton Keller W Vincent Trocheck W Bobby Brink,,,
751,5276914323,TheKflan,0,79.9,C Jack Hughes C Joel Eriksson Ek D Luke Hughes D Jared Spurgeon G Dustin Wolf UTIL Sam Bennett W Timo Meier W Anthony Mantha W Blake Coleman,,,
752,5277187733,Sacriste07,0,79.6,C Nick Schmaltz C Elias Pettersson D Rasmus Dahlin D Mikhail Sergachev G Ukko-Pekka Luukkonen UTIL Ivar Stenberg W Clayton Keller W Vincent Trocheck W Jake DeBrusk,,,
753,5277265353,rob1679,0,79.5,C Sam Bennett C Logan Cooley D Mikhail Sergachev D Zach Whitecloud G Dustin Wolf UTIL Carter Verhaeghe W Dylan Guenther W Matthew Tkachuk W Anders Lee,,,
754,5277299394,GameOnLetsGo,0,79.4,C Joel Eriksson Ek C Morgan Frost D Quinn Hughes D Vince Dunn G Jesper Wallstedt UTIL Zayne Parekh W Matt Boldy W Matt Coronato W Matvei Gridin,,,
754,5277943909,whatwyatt,0,79.399994,C Joel Eriksson Ek C Matthew Wood D Zach Werenski D Mattias Samuelsson G Joey Daccord UTIL Nils Hoglander W Matt Boldy W Kirill Kaprizov W Max Shabanov,,,
756,5276979203,Tnob,0,79.1,C Brayden Point C Evan Rodrigues D Luke Hughes D Victor Hedman G Andrei Vasilevskiy UTIL Ryan Strome W Nikita Kucherov W Jake Guentzel W Steven Stamkos,,,
756,5277868624,Sabres2532,0,79.1,C Tage Thompson C J.T. Miller D Rasmus Dahlin D Jacob Trouba G Yaroslav Askarov UTIL Jack Drury W Brady Tkachuk W Jared McCann W Jack Quinn,,,
758,5277919674,jm212734,0,78.9,C Morgan Frost C Danila Yurov D Zach Werenski D Evan Bouchard G Yaroslav Askarov UTIL Max Shabanov W Kirill Kaprizov W Matt Coronato W Matvei Gridin,,,
759,5277853070,Squeeba,0,78.8,C Nick Schmaltz C Chandler Stephenson D Seth Jones D Darnell Nurse G Dustin Wolf UTIL Brayden Point W Kirill Kaprizov W Brandon Hagel W Vasily Podkolzin,,,
759,5277948950,jcarey7,0,78.8,C Macklin Celebrini C Trevor Zegras D Brandon Montour D Dougie Hamilton G Andrei Vasilevskiy UTIL Logan Cooley W Patrick Kane W Jonathan Marchessault W Dawson Mercer,,,
761,5277027396,Bigb16,0,78.700005,C Ryan O'Reilly C Matthew Wood D Evan Bouchard D Roman Josi G Juuse Saros UTIL Filip Forsberg W Steven Stamkos W Kent Johnson W Jiri Kulich,,,
762,5277602674,partymole,0,78.5,C Joel Eriksson Ek C Elias Pettersson D Filip Hronek D Bowen Byram G Andrei Vasilevskiy UTIL Quinn Hughes W Steven Stamkos W Vincent Trocheck W Brad Marchand,,,
762,5277831324,jjbbliss,0,78.5,C Nick Schmaltz C Morgan Frost D Rasmus Dahlin D Mikhail Sergachev G Akira Schmid UTIL Vasily Podkolzin W Clayton Keller W Matt Coronato W Matvei Gridin,,,
764,5277708640,Beer302020,0,78.1,C Tage Thompson C Ryan Hartman D Quinn Hughes D Rasmus Dahlin G Jesper Wallstedt UTIL Jake Walman W Isaac Howard W Jack Quinn W Bobby Brink,,,
765,5277929390,PeteStainer,0,77.9,C Nick Schmaltz C Ryan Hartman D Quinn Hughes D Seth Jones G Jesper Wallstedt UTIL Sam Bennett W Steven Stamkos W Valeri Nichushkin W Blake Coleman,,,
765,5276962707,raiderras,0,77.899994,C Logan Cooley C Anton Lundell D Roman Josi D Denton Mateychuk G Andrei Vasilevskiy UTIL Zach Benson W Kirill Kaprizov W Brandon Hagel W Anders Lee,,,
767,5277344029,FloopyGoober,0,77.5,C Tage Thompson C Logan Cooley D Jonas Brodin D Aaron Ekblad G Jesper Wallstedt UTIL Alexander Wennberg W Matt Boldy W Clayton Keller W Ivar Stenberg,,,
768,5277192170,shamdiggitydingdong,0,77.399994,C Nick Schmaltz C Logan Cooley D Mikhail Sergachev D Denton Mateychuk G Dustin Wolf UTIL Tage Thompson W Clayton Keller W Josh Doan W Jack Quinn,,,
769,5277099347,b_blissful17,0,77.299995,C Roman Kantserov C Ryan O'Reilly D Victor Hedman D Ryan Ufko G Ukko-Pekka Luukkonen UTIL Connor McDavid W Steven Stamkos W Patrick Kane W Jordan Eberle,,,
770,5277379489,Booboo11580,0,77.2,C Connor McDavid C Roman Kantserov D Mattias Ekholm D Viking Gustafsson Nyberg G Jesper Wallstedt UTIL Kirill Kaprizov W Patrick Kane W Valeri Nichushkin W Marcus Foligno,,,
771,5277911374,CarsonandBDE,0,76.9,C Logan Cooley C Christian Dvorak D Mikhail Sergachev D Aaron Ekblad G Andrei Vasilevskiy UTIL Carter Verhaeghe W Dylan Guenther W Matthew Tkachuk W Travis Konecny,,,
772,5277803104,faces1,0,76.700005,C Nick Schmaltz C Marco Rossi D Rasmus Dahlin D Bowen Byram G Ukko-Pekka Luukkonen UTIL Timo Meier W Matt Boldy W Anthony Mantha W Jack Quinn,,,
773,5277202518,Packerkid17,0,76.3,C Sam Bennett C Nick Schmaltz D Seth Jones D Mattias Samuelsson G Ukko-Pekka Luukkonen UTIL Vasily Podkolzin W Matthew Tkachuk W Clayton Keller W Carter Verhaeghe,,,
774,5277174480,josephmolski,0,76.1,C Nick Schmaltz C Trevor Zegras D Dougie Hamilton D Zayne Parekh G Dustin Wolf UTIL Filip Forsberg W Jake Guentzel W Vincent Trocheck W Vasily Podkolzin,,,
774,5277702663,dburawski,0,76.1,C Nick Schmaltz C Matthew Wood D Zach Werenski D Jacob Trouba G Jet Greaves UTIL Valeri Nichushkin W Clayton Keller W Vincent Trocheck W Matt Coronato,,,
776,5276889218,PK28LAKingsFan,0,76,C Sam Bennett C Ryan O'Reilly D Zach Werenski D Dmitry Orlov G Karel Vejmelka UTIL Josh Norris W Filip Forsberg W Tyler Toffoli W Lawson Crouse,,,
777,5277215761,soccr4lyfe,0,75.9,C Logan Cooley C Josh Norris D Rasmus Dahlin D Mattias Samuelsson G Ukko-Pekka Luukkonen UTIL Brady Tkachuk W Dylan Guenther W Clayton Keller W Tyson Foerster,,,
778,5277610653,Ship1992,0,75.799995,C Roman Kantserov C Anton Frondell D MacKenzie Weegar D Jacob Trouba G Jesper Wallstedt UTIL Patrick Kane W Will Smith W Carter Verhaeghe W Blake Coleman,,,
779,5277033843,mythicalrhymer01,0,75.5,C Aleksander Barkov C Logan Cooley D Darnell Nurse D Andrew Peeke G Ukko-Pekka Luukkonen UTIL Sam Reinhart W Brady Tkachuk W Dylan Guenther W Anders Lee,,,
780,5277806780,Ddeane17,0,75.299995,C Nick Schmaltz C Anthony Cirelli D Sean Durzi D Charle-Edouard D'Astous G Jet Greaves UTIL Mikhail Sergachev W Brandon Hagel W Jake Guentzel W Clayton Keller,,,
780,5277882241,Willyk272,0,75.299995,C Joel Eriksson Ek C Charlie Coyle D Zach Werenski D Quinn Hughes G Kevin Lankinen UTIL Linus Karlsson W Matt Boldy W Blake Coleman W Mathieu Olivier,,,
782,5277871875,Superior6062,0,75.200005,C Tage Thompson C Marco Rossi D Erik Gudbranson D Tom Willander G Dustin Wolf UTIL Rasmus Dahlin W Nikita Kucherov W Jake DeBrusk W Josh Doan,,,
783,5276901462,GMan2456,0,74.9,C Sam Bennett C Joel Eriksson Ek D Brandon Montour D Aaron Ekblad G Jesper Wallstedt UTIL Stefan Noesen W Matt Boldy W Carter Verhaeghe W Jared McCann,,,
783,5277414672,EvilMeanies,0,74.899994,C Sam Bennett C Trevor Zegras D Quinn Hughes D MacKenzie Weegar G Igor Shesterkin UTIL Josh Doan W Brady Tkachuk W Tyler Toffoli W Alexis Lafreniere,,,
785,5277927017,druff000,0,74.100006,C Nico Hischier C Brayden Point D Mikhail Sergachev D Victor Hedman G Jake Allen UTIL Stefan Noesen W Nikita Kucherov W Timo Meier W Ilya Mikheyev,,,
786,5277462184,mrbig91,0,73.6,C Nick Schmaltz C Anton Frondell D Seth Jones D Darnell Nurse G Andrei Vasilevskiy UTIL Ryan O'Reilly W Timo Meier W Pavel Dorofeyev W Steven Stamkos,,,
787,5277054523,mlief,0,73.4,C Joel Eriksson Ek C Logan Cooley D Quinn Hughes D Michael Kesselring G Jesper Wallstedt UTIL Aaron Ekblad W Matt Boldy W Kirill Kaprizov W Max Shabanov,,,
788,5277012537,Jfuller121380,0,73.2,C Jack Hughes C Tage Thompson D Victor Hedman D Gustav Forsling G Calvin Pickard UTIL Yegor Sharangovich W Jake Guentzel W Vasily Podkolzin W Valeri Nichushkin,,,
789,5277775283,masterkev17,0,73.1,C Connor McDavid C Logan Cooley D Rasmus Dahlin D Zayne Parekh G Ukko-Pekka Luukkonen UTIL Victor Hedman W Brady Tkachuk W Josh Doan W Max Shabanov,,,
790,5277265027,SpewyMcNutbag,0,72.1,C Jack Hughes C Owen Michaels D Seth Jones D Gustav Forsling G Juuse Saros UTIL Anthony Mantha W Brady Tkachuk W Sam Reinhart W Clayton Keller,,,
791,5277030093,NikeGriffin32,0,71.9,C Nick Schmaltz C Morgan Frost D Rasmus Dahlin D Mikhail Sergachev G Karel Vejmelka UTIL Ryan Hartman W Clayton Keller W Matt Coronato W Matvei Gridin,,,
792,5277877726,drherms,0,71.8,C Nick Schmaltz C Morgan Frost D Mikhail Sergachev D Seth Jones G Yaroslav Askarov UTIL Matt Boldy W Clayton Keller W Matt Coronato W Matvei Gridin,,,
792,5277763976,regan3,0,71.799995,C Logan Cooley C Michael Misa D Evan Bouchard D Mattias Samuelsson G Ukko-Pekka Luukkonen UTIL Matt Boldy W Nikita Kucherov W Collin Graf W Dawson Mercer,,,
794,5277065063,shiposki75,0,71.5,C Joel Eriksson Ek C Logan Cooley D Quinn Hughes D Brett Pesce G Kevin Lankinen UTIL Olli Maatta W Kirill Kaprizov W Dylan Guenther W Clayton Keller,,,
794,5277462803,Doublution,0,71.5,C Tage Thompson C Josh Norris D Jacob Trouba D Jonas Brodin G Karel Vejmelka UTIL Nico Hischier W Timo Meier W Luke Evangelista W Josh Doan,,,
796,5277754084,managyjr,0,71.3,C Joel Eriksson Ek C Logan Cooley D Mikhail Sergachev D Seth Jones G Jake Allen UTIL Jake Guentzel W Jesper Bratt W Josh Doan W Matt Coronato,,,
797,5277123100,Jansensucks,0,70.4,C Connor McDavid C Tage Thompson D Jake Walman D Alex Vlasic G Tristan Jarry UTIL Vincent Trocheck W Conor Garland W Zach Benson W Alex Formenton,,,
798,5277849408,keystone15,0,70.200005,C Brayden Point C Anthony Cirelli D Victor Hedman D Simon Nemec G Andrei Vasilevskiy UTIL Valeri Nichushkin W Nikita Kucherov W Jake Guentzel W Mason Marchment,,,
799,5276874681,Robertde123,0,70.1,C Brayden Point C Anthony Cirelli D Filip Hronek D Victor Hedman G Andrei Vasilevskiy UTIL Vincent Trocheck W Nikita Kucherov W Jonathan Marchessault W Oliver Bjorkstrand,,,
800,5277964108,BolasViejas,0,70,C Sam Bennett C Paul Cotter D Quinn Hughes D John Carlson G Ukko-Pekka Luukkonen UTIL Max Sasson W Brandon Hagel W Jake Guentzel W Vasily Podkolzin,,,
801,5277794318,declanf0702,0,69.8,C Jack Hughes C Matthew Wood D Rasmus Dahlin D Brandon Montour G Juuse Saros UTIL Jiri Kulich W Filip Forsberg W Jesper Bratt W Nils Hoglander,,,
802,5277296784,Zookeeperkills,0,69.700005,C Josh Norris C Noah Ostlund D Vince Dunn D Aaron Ekblad G Ukko-Pekka Luukkonen UTIL Aleksander Barkov W Brady Tkachuk W Sam Reinhart W Matthew Tkachuk,,,
803,5277815036,dale51092,0,69.5,C Tage Thompson C Adam Fantilli D Quinn Hughes D Denton Mateychuk G Ukko-Pekka Luukkonen UTIL Ryan O'Reilly W Brady Tkachuk W Mathieu Olivier W Oliver Bjorkstrand,,,
804,5277695803,dennisgolovaty,0,69.299995,C Tage Thompson C Josh Norris D Zach Werenski D Rasmus Dahlin G Juuse Saros UTIL Charlie Coyle W Josh Doan W Ivar Stenberg W Lawson Crouse,,,
805,5276937019,pepsiluver13,0,69.100006,C Brayden Point C Anthony Cirelli D John Carlson D Yan Kuznetsov G Karel Vejmelka UTIL Matvei Gridin W Nikita Kucherov W Brandon Hagel W Jonathan Lekkerimaki,,,
806,5276999144,Jesticles,0,68.799995,C Joel Eriksson Ek C Mikael Backlund D Quinn Hughes D J.J. Moser G Jesper Wallstedt UTIL Conor Garland W Matt Boldy W Kirill Kaprizov W Joel Farabee,,,
807,5277376321,bghowes,0,68.4,C Tage Thompson C Aleksander Barkov D Travis Sanheim D Owen Power G Ukko-Pekka Luukkonen UTIL Nick Schmaltz W Steven Stamkos W Vincent Trocheck W Josh Doan,,,
807,5277791728,nostairway71,0,68.4,C Aleksander Barkov C Logan Cooley D Seth Jones D Ryan Shea G Ukko-Pekka Luukkonen UTIL Brady Tkachuk W Sam Reinhart W Dylan Guenther W Konsta Helenius,,,
809,5276879263,cantafford,0,67.899994,C Joel Eriksson Ek C J.T. Miller D Adam Fox D Mikhail Sergachev G Dustin Wolf UTIL Nick Schmaltz W Pavel Dorofeyev W Josh Doan W Matvei Gridin,,,
810,5277878348,Luke162,0,67.6,C Tage Thompson C Michael Misa D Rasmus Dahlin D Zeev Buium G Ukko-Pekka Luukkonen UTIL Connor McDavid W Josh Doan W Tyler Toffoli W Igor Chernyshov,,,
811,5277521362,markmajors,0,66.7,C Nick Schmaltz C Logan Cooley D Mikhail Sergachev D Mattias Ekholm G Devon Levi UTIL Ryan Hartman W Dylan Guenther W Clayton Keller W Yakov Trenin,,,
812,5277891542,Farcry12078,0,66.399994,C Tage Thompson C Nick Schmaltz D Rasmus Dahlin D Mikhail Sergachev G Dustin Wolf UTIL Ross Colton W Vincent Trocheck W Josh Doan W Kasperi Kapanen,,,
813,5277270828,Zooloo,0,66.2,C Nico Hischier C Anton Frondell D Victor Hedman D Ryan Ufko G Juuse Saros UTIL Brady Tkachuk W Matthew Tkachuk W Patrick Kane W Luke Evangelista,,,
813,5277428977,michaelv302,0,66.2,C Sam Bennett C Logan Cooley D Adam Fox D Denton Mateychuk G Jet Greaves UTIL Adam Fantilli W Timo Meier W Carter Verhaeghe W Valeri Nichushkin,,,
815,5277126872,JNorth1989,0,66,C Nico Hischier C Logan Cooley D Adam Larsson D Mattias Samuelsson G Ukko-Pekka Luukkonen UTIL Aleksander Barkov W Sam Reinhart W Dylan Guenther W Luke Evangelista,,,
816,5277139702,jsanders41,0,65.3,C Tage Thompson C Logan Cooley D Rasmus Dahlin D Michael Kesselring G Ukko-Pekka Luukkonen UTIL Shane Wright W Kirill Kaprizov W Dylan Guenther W Max Shabanov,,,
817,5277807261,TrappistMonk,0,64.9,C Logan Cooley C Anthony Cirelli D John Carlson D Denton Mateychuk G Kevin Lankinen UTIL Anders Lee W Brandon Hagel W Jake Guentzel W Dylan Guenther,,,
818,5277058450,freakazoid0,0,64.8,C Jack Hughes C Roman Kantserov D Connor Murphy D Mattias Samuelsson G Andrei Vasilevskiy UTIL Ryan Hartman W Matt Boldy W Steven Stamkos W Lawson Crouse,,,
818,5277791517,Jet22bob,0,64.799995,C Jack Hughes C Aleksander Barkov D Zach Werenski D Charle-Edouard D'Astous G Akira Schmid UTIL Lawson Crouse W Josh Doan W Anthony Mantha W Alexis Lafreniere,,,
820,5276873752,ivymoose,0,64.4,C Jack Hughes C Morgan Frost D Quinn Hughes D Vince Dunn G Kevin Lankinen UTIL Matt Coronato W Jesper Bratt W Anthony Mantha W Matvei Gridin,,,
821,5277923880,mortimersneed,0,64.1,C Nico Hischier C Logan Cooley D Nate Schmidt D Andrew Peeke G Kevin Lankinen UTIL Jack Hughes W Matt Boldy W Dylan Guenther W Igor Chernyshov,,,
822,5276946032,nkd89,0,63.999996,C Aleksander Barkov C Danila Yurov D Seth Jones D Mattias Samuelsson G Jesper Wallstedt UTIL Max Shabanov W Kirill Kaprizov W Brady Tkachuk W Sam Reinhart,,,
823,5277752273,wildsch75,0,63.700005,C Logan Cooley C Anthony Cirelli D John Carlson D Aaron Ekblad G Ukko-Pekka Luukkonen UTIL Vasily Podkolzin W Brandon Hagel W Jake Guentzel W Luke Evangelista,,,
824,5277273080,Goatradamus,0,63.5,C Anton Frondell C Danila Yurov D Quinn Hughes D Filip Hronek G Andrei Vasilevskiy UTIL Patrick Kane W Kirill Kaprizov W Tyler Bertuzzi W Max Shabanov,,,
825,5277540816,sweetdaddy69,0,63.400005,C Connor McDavid C Ryan O'Reilly D Mattias Ekholm D Bowen Byram G Dustin Wolf UTIL Joel Eriksson Ek W Steven Stamkos W Jake DeBrusk W Drew O'Connor,,,
826,5277930812,biggbrd27,0,63.299995,C Tage Thompson C Josh Norris D Darnell Nurse D Mattias Samuelsson G Ukko-Pekka Luukkonen UTIL Nick Schmaltz W Brady Tkachuk W Clayton Keller W Josh Doan,,,
827,5277917537,Willharps12,0,63.1,C Macklin Celebrini C Ryan Hartman D Seth Jones D Jamie Drysdale G Ukko-Pekka Luukkonen UTIL Joel Eriksson Ek W Matthew Tkachuk W Carter Verhaeghe W Max Shabanov,,,
828,5277311192,Dubbzz,0,63,C Tage Thompson C Morgan Frost D Zach Werenski D Rasmus Dahlin G Juuse Saros UTIL Matt Coronato W Matvei Gridin W Jack Quinn W Zach Benson,,,
829,5276939389,mrxkronz,0,62.8,C Aleksander Barkov C Morgan Frost D Evan Bouchard D Radko Gudas G Dustin Wolf UTIL Connor Murphy W Brady Tkachuk W Sam Reinhart W Matvei Gridin,,,
829,5277957055,Bloude,0,62.8,C Jack Hughes C Sean Monahan D Quinn Hughes D Mattias Ekholm G Dustin Wolf UTIL Brayden Point W Matt Boldy W Ryan Donato W Marcus Foligno,,,
831,5277244839,jreyelts20,0,62.5,C Jack Hughes C Nico Hischier D Seth Jones D Darnell Nurse G Juuse Saros UTIL Matt Coronato W Steven Stamkos W Bobby McMann W Josh Doan,,,
832,5277196158,Lsugeek,0,61.899998,C Brayden Point C Ryan O'Reilly D Mattias Samuelsson D Charle-Edouard D'Astous G Akira Schmid UTIL Dmitri Voronkov W Nikita Kucherov W Brady Tkachuk W Sam Reinhart,,,
833,5277941912,Alexwin12,0,61.4,C Tage Thompson C Aleksander Barkov D Jacob Trouba D Simon Nemec G Ukko-Pekka Luukkonen UTIL Anton Frondell W Pavel Dorofeyev W Luke Evangelista W Josh Doan,,,
834,5277392924,pobuddy,0,61.2,C Nico Hischier C Roman Kantserov D Evan Bouchard D Mikhail Sergachev G Dustin Wolf UTIL Anton Lundell W Owen Tippett W Valeri Nichushkin W Drew O'Connor,,,
835,5276968096,Andrewmorin38,0,60.6,C Sam Bennett C Sean Monahan D Seth Jones D Jared Spurgeon G Andrei Vasilevskiy UTIL Valeri Nichushkin W Brady Tkachuk W Matthew Tkachuk W Carter Verhaeghe,,,
836,5277569522,clary24,0,60.4,C Logan Cooley C Anthony Cirelli D Mikhail Sergachev D Brett Pesce G Kevin Lankinen UTIL Dylan Guenther W Brandon Hagel W Jake Guentzel W Anders Lee,,,
836,5276922147,csurunnerccr,0,60.399998,C Morgan Frost C Matty Beniers D Aaron Ekblad D Brett Pesce G Akira Schmid UTIL Aleksander Barkov W Brady Tkachuk W Sam Reinhart W Matthew Tkachuk,,,
838,5277495832,Bubba2057,0,60.1,C Aleksander Barkov C Colton Dach D Rasmus Dahlin D Seth Jones G Spencer Knight UTIL Matthew Tkachuk W Brady Tkachuk W Sam Reinhart W Kasperi Kapanen,,,
839,5277586242,vanbroekjam3s,0,60,C Nick Schmaltz C Morgan Frost D Rasmus Dahlin D Mikhail Sergachev G Kevin Lankinen UTIL Clayton Keller W Dylan Guenther W Matt Coronato W Matvei Gridin,,,
840,5277329402,bryangeorge,0,59.799995,C Ryan O'Reilly C Matthew Wood D Roman Josi D Zayne Parekh G Juuse Saros UTIL Brady Tkachuk W Filip Forsberg W Steven Stamkos W Connor Zary,,,
841,5277943302,eagles1980,0,59.5,C Sam Bennett C Joel Eriksson Ek D Rasmus Dahlin D Adam Fox G Dan Vladar UTIL Matty Beniers W Porter Martone W Travis Konecny W Tyson Foerster,,,
842,5277264809,Blaker283,0,59,C Ryan O'Reilly C Matthew Wood D Roman Josi D Zayne Parekh G Juuse Saros UTIL Nick Schmaltz W Filip Forsberg W Steven Stamkos W Matt Coronato,,,
842,5277383324,Blackglobe,0,58.999996,C Jack Hughes C Brayden Point D Bowen Byram D Zayne Parekh G Andrei Vasilevskiy UTIL Zach Werenski W Josh Doan W Zach Benson W Ivar Stenberg,,,
844,5277887132,rynstien,0,58.699997,C Nico Hischier C Sam Bennett D Jacob Trouba D Aaron Ekblad G Jesper Wallstedt UTIL Joel Eriksson Ek W Timo Meier W Carter Verhaeghe W Luke Evangelista,,,
845,5277731135,Jayhawk.T,0,58.6,C Macklin Celebrini C Trevor Zegras D Gustav Forsling D J.J. Moser G Ukko-Pekka Luukkonen UTIL Ryan O'Reilly W Nikita Kucherov W Carter Verhaeghe W Bobby Brink,,,
846,5277915637,tuvilof,0,58.5,C Anton Lundell C Alexander Wennberg D John Carlson D Cam York G Ukko-Pekka Luukkonen UTIL Mattias Samuelsson W Nikita Kucherov W Brandon Hagel W Jake Guentzel,,,
847,5277015328,Sanford71,0,58.399998,C Brayden Point C Trevor Zegras D Rasmus Dahlin D Travis Sanheim G Dustin Wolf UTIL Lawson Crouse W Kirill Kaprizov W Porter Martone W Brad Marchand,,,
848,5277847021,dookdog7070,0,57.3,C Tage Thompson C Joel Eriksson Ek D Adam Fox D Bowen Byram G Ukko-Pekka Luukkonen UTIL J.T. Miller W Brock Boeser W Jake DeBrusk W Jack Quinn,,,
849,5276890799,cosmo407,0,57.1,C Brayden Point C Nick Schmaltz D Seth Jones D Victor Hedman G Andrei Vasilevskiy UTIL Dawson Mercer W Nikita Kucherov W Steven Stamkos W Jonathan Marchessault,,,
850,5277333704,Timpegoose,0,56.4,C Tage Thompson C Josh Norris D Mikhail Sergachev D Gustav Forsling G Ukko-Pekka Luukkonen UTIL Nick Schmaltz W Clayton Keller W Vincent Trocheck W Josh Doan,,,
851,5277910338,jenniemichell1225,0,55.699997,C Aleksander Barkov C Elias Pettersson D Jake Walman D Jacob Trouba G Dustin Wolf UTIL Sam Reinhart W Brady Tkachuk W Jake DeBrusk W Jonathan Lekkerimaki,,,
852,5277024204,JudgeDogg,0,55.2,C Brayden Point C Logan Cooley D Victor Hedman D Owen Power G Andrei Vasilevskiy UTIL J.J. Moser W Nikita Kucherov W Brandon Hagel W Anthony Mantha,,,
853,5276981624,AverageTuesday,0,55,C Jack Hughes C Josh Norris D Rasmus Dahlin D John Carlson G Kevin Lankinen UTIL Anthony Mantha W Jesper Bratt W Josh Doan W Jack Quinn,,,
853,5277879159,fssusino,0,55,C Aleksander Barkov C Nico Hischier D Quinn Hughes D Mattias Ekholm G Ukko-Pekka Luukkonen UTIL Yegor Sharangovich W Carter Verhaeghe W Jesper Bratt W Jack Quinn,,,
855,5277125562,Terry301,0,54.1,C Ryan O'Reilly C Mikael Backlund D Adam Fox D Mattias Samuelsson G Spencer Knight UTIL Sam Bennett W Brady Tkachuk W Matthew Tkachuk W Carter Verhaeghe,,,
856,5277316729,gijoe1866,0,53.7,C Joel Eriksson Ek C Alexander Wennberg D Jonas Brodin D Zeev Buium G Dustin Wolf UTIL Brayden Point W Nikita Kucherov W Matt Boldy W Ivar Stenberg,,,
857,5277272379,phalluspilsnermaker,0,53.5,C Aleksander Barkov C Matty Beniers D Mattias Samuelsson D Brett Pesce G Ukko-Pekka Luukkonen UTIL Brandon Montour W Brady Tkachuk W Matthew Tkachuk W Matvei Gridin,,,
858,5277310673,SGM50,0,52.9,C Tage Thompson C Ryan Hartman D Darnell Nurse D Aaron Ekblad G Andrei Vasilevskiy UTIL Mikhail Sergachev W Matthew Tkachuk W Jake DeBrusk W Tyler Toffoli,,,
859,5276907529,Maxdeath,0,52.699997,C Sam Bennett C Joel Eriksson Ek D Louis Crevier D Artyom Levshunov G Andrei Vasilevskiy UTIL Matthew Tkachuk W Matt Boldy W Carter Verhaeghe W Blake Coleman,,,
860,5277838919,arve,0,52.399998,C Roman Kantserov C Joel Eriksson Ek D Darnell Nurse D Zayne Parekh G Jesper Wallstedt UTIL Jake DeBrusk W Filip Forsberg W Sam Reinhart W Anthony Mantha,,,
861,5277661115,mcstuffins,0,52.3,C Aleksander Barkov C Sam Bennett D Seth Jones D Nate Schmidt G Akira Schmid UTIL Michael Misa W Brady Tkachuk W Matthew Tkachuk W Carter Verhaeghe,,,
862,5277860312,Hag51,0,52,C Brayden Point C Trevor Zegras D Mattias Ekholm D Travis Sanheim G Ukko-Pekka Luukkonen UTIL Porter Martone W Nikita Kucherov W Owen Tippett W Ilya Mikheyev,,,
863,5276962974,rhough14,0,51.7,C Tage Thompson C Josh Norris D Quinn Hughes D Nick Seeler G Ukko-Pekka Luukkonen UTIL Joel Eriksson Ek W Kirill Kaprizov W Josh Doan W Max Shabanov,,,
864,5277083471,renegade,0,51.2,C Tage Thompson C Josh Norris D Rasmus Dahlin D Mattias Samuelsson G Ukko-Pekka Luukkonen UTIL Vasily Podkolzin W Filip Forsberg W Jonathan Marchessault W Josh Doan,,,
865,5276828891,Tpick1964,0,50,C Aleksander Barkov C Ryan O'Reilly D Gustav Forsling D Louis Crevier G Juuse Saros UTIL Seth Jones W Brady Tkachuk W Sam Reinhart W Matthew Tkachuk,,,
865,5277361798,charles52,0,49.999996,C Tage Thompson C Sean Monahan D Adam Larsson D Brady Skjei G Ukko-Pekka Luukkonen UTIL Matvei Michkov W Brady Tkachuk W Brandon Hagel W Jesper Bratt,,,
867,5277366131,SpeedRacer101,0,49.5,C Morgan Frost C Michael Misa D Quinn Hughes D Zayne Parekh G Dustin Wolf UTIL Matvei Gridin W Matt Boldy W Kirill Kaprizov W Matt Coronato,,,
868,5277019183,bcarney710,0,47.9,C Joel Eriksson Ek C Matty Beniers D Seth Jones D Darnell Nurse G Ukko-Pekka Luukkonen UTIL Brady Tkachuk W Timo Meier W Carter Verhaeghe W Owen Tippett,,,
869,5277861605,mjb1979,0,47.499996,C Aleksander Barkov C Joel Eriksson Ek D Adam Larsson D Mattias Samuelsson G Dustin Wolf UTIL Alex Formenton W Matt Boldy W Sam Reinhart W Matthew Tkachuk,,,
870,5277951058,bsabresnutt,0,46.600002,C Tage Thompson C Nico Hischier D Rasmus Dahlin D MacKenzie Weegar G Ukko-Pekka Luukkonen UTIL Bobby Brink W Sam Reinhart W Zach Benson W Konsta Helenius,,,
871,5277887292,tg1907,0,45.499996,C Sam Bennett C Joel Eriksson Ek D Mikhail Sergachev D Seth Jones G Andrei Vasilevskiy UTIL Brandon Hagel W Owen Tippett W Tyler Toffoli W Zach Benson,,,
872,5277084499,henry296,0,43.6,C Tage Thompson C Josh Norris D Rasmus Dahlin D Filip Hronek G Kevin Lankinen UTIL Jake DeBrusk W Clayton Keller W Josh Doan W Matt Coronato,,,
873,5277411121,jettyray,0,43.5,C Anthony Cirelli C Matthew Wood D John Carlson D Denton Mateychuk G Andrei Vasilevskiy UTIL Nils Hoglander W Filip Forsberg W Brandon Hagel W Jake Guentzel,,,
874,5277110057,Jojobooboo,0,42.199997,C Jack Hughes C Matthew Wood D Zach Werenski D Rasmus Dahlin G Kevin Lankinen UTIL Morgan Frost W Matt Coronato W Matvei Gridin W Jack Quinn,,,
875,5277779095,jimdhm1,0,41.6,C Tage Thompson C Anton Lundell D John Carlson D Mattias Ekholm G Ukko-Pekka Luukkonen UTIL Trevor Zegras W Sam Reinhart W Alexis Lafreniere W Blake Coleman,,,
876,5277881100,barrys.team2015,0,41.399998,C Tage Thompson C Ryan Hartman D Jake Walman D Seth Jones G Andrei Vasilevskiy UTIL Josh Doan W Timo Meier W Valeri Nichushkin W Blake Coleman,,,
877,5276911926,Mikekataja,0,39.4,C Aleksander Barkov C Alexander Wennberg D Rasmus Dahlin D Seth Jones G Ukko-Pekka Luukkonen UTIL Sam Reinhart W Brady Tkachuk W Jack Quinn W Ivar Stenberg,,,
878,5277937845,sportsfan14,0,36.9,C Aleksander Barkov C Adam Fantilli D Seth Jones D Aaron Ekblad G Kevin Lankinen UTIL Brady Tkachuk W Sam Reinhart W Matthew Tkachuk W Jonathan Lekkerimaki,,,
879,5277310317,OnPoint41,0,36.4,C Nico Hischier C Ryan O'Reilly D Rasmus Dahlin D Mattias Samuelsson G Kevin Lankinen UTIL Roman Josi W Filip Forsberg W Steven Stamkos W Jiri Kulich,,,
880,5276920523,Schoey17,0,36.1,C Aleksander Barkov C Chandler Stephenson D Rasmus Dahlin D Adam Larsson G Kevin Lankinen UTIL Sam Reinhart W Brady Tkachuk W Bobby McMann W Jordan Eberle,,,
881,5277951709,ljaws59,0,35.5,C Tage Thompson C Josh Norris D Rasmus Dahlin D Darnell Nurse G Ukko-Pekka Luukkonen UTIL Ryan Hartman W Brandon Hagel W Josh Doan W Zach Benson,,,
882,5277152317,geoffm33,0,35.4,C Joel Eriksson Ek C Morgan Frost D Quinn Hughes D Tom Willander G Kevin Lankinen UTIL Matt Coronato W Matt Boldy W Kirill Kaprizov W Matvei Gridin,,,
883,5277658342,MJDLC,0,33.4,C Aleksander Barkov C Adam Fantilli D Darnell Nurse D Ryan McDonagh G Kevin Lankinen UTIL Matthew Tkachuk W Brady Tkachuk W Sam Reinhart W Max Shabanov,,,
884,5277873282,amoore7925,0,32.6,C Nico Hischier C Anton Frondell D Bowen Byram D Alex Vlasic G Akira Schmid UTIL Sam Bennett W Carter Verhaeghe W Tyler Bertuzzi W Patrick Kane,,,
885,5277282299,CheetosAddict,0,31.599998,C Roman Kantserov C Anton Frondell D Bowen Byram D Mattias Samuelsson G Arvid Soderblom UTIL Frank Nazar W Kirill Kaprizov W Tyler Bertuzzi W Patrick Kane,,,
886,5277156374,draftjoshallen19,0,31.500002,C Tage Thompson C Josh Norris D John Carlson D Zayne Parekh G Ukko-Pekka Luukkonen UTIL Matt Coronato W Nikita Kucherov W Matvei Gridin W Joel Farabee,,,
887,5277226578,Steven_1974,0,29.1,C Joel Eriksson Ek C Morgan Frost D Quinn Hughes D Elias-Nils Pettersson G Kevin Lankinen UTIL Matt Coronato W Matt Boldy W Kirill Kaprizov W Matvei Gridin,,,
888,5277122527,BakedKarma,0,28.6,C Aleksander Barkov C Morgan Frost D Vince Dunn D Zayne Parekh G Kevin Lankinen UTIL Brady Tkachuk W Sam Reinhart W Matt Coronato W Matvei Gridin,,,
889,5277955618,Rhombus87,0,26.2,C Aleksander Barkov C Morgan Frost D Rasmus Dahlin D Zayne Parekh G Ukko-Pekka Luukkonen UTIL Brady Tkachuk W Sam Reinhart W Matt Coronato W Joel Farabee,,,
890,5277110844,cliffr03690,0,0,,,,
890,5277135280,koldkardiac,0,0,,,,
