Rank,EntryId,EntryName,TimeRemaining,Points,Lineup,,Player,Roster Position,%Drafted,FPTS
1,5258443515,Byronn5,0,141.5,1B Munetaka Murakami 2B Jose Altuve 3B Isaac Paredes C Yainer Diaz OF Yordan Alvarez OF Mike Trout OF Tommy Pham P Walbert Urena P Aaron Nola SS Jeremy Pena,,Taj Bradley,P,55.89%,24.15
2,5259128284,Benski9,0,138.8,1B Spencer Torkelson 2B Jose Altuve 3B Isaac Paredes C Carter Jensen OF Yordan Alvarez OF Daulton Varsho OF LaMonte Wade Jr. P Taj Bradley P Sonny Gray SS Trevor Story,,Sonny Gray,P,42.65%,16.65
3,5259146604,wayne.roy,0,135.45,1B Munetaka Murakami 2B Jose Altuve 3B Isaac Paredes C Moises Ballesteros OF Yordan Alvarez OF Kyle Schwarber OF Daulton Varsho P Aaron Nola P Erick Fedde SS Jeremy Pena,,Yordan Alvarez,OF,40.07%,17
4,5258742690,swaggybees,0,132.5,1B Spencer Torkelson 2B Gleyber Torres 3B Isaac Paredes C Yainer Diaz OF Yordan Alvarez OF Max Clark OF Daulton Varsho P Taj Bradley P Walbert Urena SS Jeremy Pena,,Carter Jensen,C,29.85%,12
4,5259109307,FlyEagles865,0,132.5,1B Willson Contreras 2B Chase Meidroth 3B Josh Jung C Yainer Diaz OF Yordan Alvarez OF Daulton Varsho OF Emmanuel Rodriguez P Taj Bradley P Walbert Urena SS Jeremy Pena,,Nolan McLean,P,27.27%,15.5
6,5258787123,Hoopster85,0,132.4,1B Willson Contreras 2B Luis Arraez 3B Kevin McGonigle C Carter Jensen OF Yordan Alvarez OF Carson Benge OF Daulton Varsho P Walbert Urena P Framber Valdez SS Trevor Story,,Riley Greene,OF,26.82%,3
7,5258158227,893737,0,132.3,1B Willson Contreras 2B Michael Massey 3B Kevin McGonigle C Yainer Diaz OF Yordan Alvarez OF Daulton Varsho OF Taylor Trammell P Taj Bradley P Aaron Nola SS Jeremy Pena,,Isaac Paredes,3B,25.70%,5
8,5258722554,Paulo21613,0,131.85,1B Munetaka Murakami 2B Chase Meidroth 3B Miguel Vargas C Danny Jansen OF Yordan Alvarez OF Randal Grichuk OF Tommy Pham P Nolan McLean P Walbert Urena SS Trevor Story,,Willson Contreras,1B,25.25%,5
9,5258455293,houstonjr76,0,130.5,1B Spencer Torkelson 2B Michael Massey 3B Kevin McGonigle C Carter Jensen OF Yordan Alvarez OF Max Clark OF John Rave P Walbert Urena P Aaron Nola SS Jeremy Pena,,Framber Valdez,P,24.80%,17.05
9,5259016354,kjlecomte,0,130.5,1B Kyle Schwarber 2B Luis Arraez 3B Bryson Stott C Yainer Diaz OF Yordan Alvarez OF Daulton Varsho OF LaMonte Wade Jr. P Taj Bradley P Walbert Urena SS Trea Turner,,Juan Soto,OF,24.69%,4
11,5258633919,Davidstillwell,0,129.5,1B Salvador Perez 2B Jose Altuve 3B Isaac Paredes C Carter Jensen OF Yordan Alvarez OF Daulton Varsho OF Jahmai Jones P Taj Bradley P Walbert Urena SS Jeremy Pena,,Yainer Diaz,C,22.11%,3
12,5257996620,flatliners2134,0,129.2,1B Willson Contreras 2B Jose Altuve 3B Isaac Paredes C Carter Jensen OF Yordan Alvarez OF John Rave OF Taylor Trammell P Taj Bradley P Framber Valdez SS Jeremy Pena,,Walbert Urena,P,22.00%,31.35
13,5258191713,egale007,0,128.2,1B LaMonte Wade Jr. 2B Jose Altuve 3B Kevin McGonigle C Dillon Dingler OF Yordan Alvarez OF Max Clark OF Cam Smith P Taj Bradley P Framber Valdez SS Jeremy Pena,,Chase Meidroth,2B,21.21%,5
14,5258840560,jordanh415,0,126,1B LaMonte Wade Jr. 2B Brett Baty 3B Isaac Paredes C Yainer Diaz OF Juan Soto OF Yordan Alvarez OF Max Clark P Sonny Gray P Walbert Urena SS Jeremy Pena,,Francisco Lindor,SS,18.97%,2
15,5259020227,plamanrm434,0,125.5,1B Willson Contreras 2B Chase Meidroth 3B Isaac Paredes C Yainer Diaz OF Yordan Alvarez OF Daulton Varsho OF Jahmai Jones P Taj Bradley P Walbert Urena SS Jeremy Pena,,Jeremy Pena,SS,18.86%,19
16,5258921484,thefamousfs,0,125,1B Spencer Torkelson 2B Gleyber Torres 3B Kevin McGonigle C Garrett Stubbs OF Yordan Alvarez OF Max Clark OF Daulton Varsho P Sonny Gray P Walbert Urena SS Jeremy Pena,,Max Clark,OF,17.62%,7
16,5259128017,dbass10,0,125,1B Munetaka Murakami 2B Brett Baty 3B Isaac Paredes C Francisco Alvarez OF Juan Soto OF Yordan Alvarez OF Emmanuel Rodriguez P Sonny Gray P Walbert Urena SS Trevor Story,,Aaron Nola,P,17.06%,24.15
18,5259054220,be2eazy,0,124.5,1B Spencer Torkelson 2B Luis Arraez 3B Isaac Paredes C Yainer Diaz OF Yordan Alvarez OF Kyle Schwarber OF Daulton Varsho P Walbert Urena P Aaron Nola SS Jeremy Pena,,Spencer Torkelson,1B,16.95%,5
19,5259120708,137666,0,123.8,1B Josh Bell 2B Kody Clemens 3B Brooks Lee C Adley Rutschman OF Yordan Alvarez OF Walker Jenkins OF Emmanuel Rodriguez P Taj Bradley P Sonny Gray SS Jeremy Pena,,Jahmai Jones,OF,16.50%,2
20,5258704452,Hambone1927,0,123.2,1B Willson Contreras 2B Jose Altuve 3B Kevin McGonigle C Adley Rutschman OF Yordan Alvarez OF Wilyer Abreu OF Daulton Varsho P Aaron Nola P Framber Valdez SS Trevor Story,,Michael Massey,2B,15.60%,0
21,5258943688,lazyplayr,0,122.8,1B LaMonte Wade Jr. 2B Gleyber Torres 3B Kevin McGonigle C Carter Jensen OF Jac Caglianone OF Daulton Varsho OF Taylor Trammell P Sonny Gray P Aaron Nola SS Bobby Witt Jr.,,Adley Rutschman,C,15.38%,5
22,5258318131,blozano9,0,122.5,1B Willson Contreras 2B Chase Meidroth 3B Kevin McGonigle C Yainer Diaz OF Yordan Alvarez OF Riley Greene OF Justin Crawford P Walbert Urena P Aaron Nola SS Trevor Story,,Bobby Witt Jr.,SS,15.26%,2
22,5258542461,BigPod,0,122.5,1B Willson Contreras 2B Jose Altuve 3B Isaac Paredes C Francisco Alvarez OF Yordan Alvarez OF Daulton Varsho OF Jahmai Jones P Taj Bradley P Walbert Urena SS Jeremy Pena,,Tommy Pham,OF,15.26%,2
24,5259113575,gregthegifted,0,122.45,1B Brett Baty 2B Jose Altuve 3B Isaac Paredes C Adley Rutschman OF Yordan Alvarez OF Bryce Harper OF Daulton Varsho P Taj Bradley P Erick Fedde SS Jeremy Pena,,Trevor Story,SS,14.81%,21
25,5259162543,MOTIVE81,0,121.3,1B Munetaka Murakami 2B Chase Meidroth 3B Miguel Vargas C Yainer Diaz OF Luke Keaschall OF Randal Grichuk OF Brenton Doyle P Taj Bradley P Aaron Nola SS Jeremy Pena,,Kevin McGonigle,3B,14.81%,8
26,5259041152,Awilson88,0,121,1B Willson Contreras 2B Nick Sogard 3B Oswald Peraza C Yainer Diaz OF Yordan Alvarez OF Daulton Varsho OF Cam Smith P Sonny Gray P Walbert Urena SS Jeremy Pena,,Jared Young,1B,14.14%,0
27,5258173865,sm2147a,0,120.8,1B Salvador Perez 2B Michael Massey 3B Maikel Garcia C Carter Jensen OF Yordan Alvarez OF Daulton Varsho OF Taylor Trammell P Taj Bradley P Sonny Gray SS Jeremy Pena,,Luke Keaschall,OF,13.92%,3
27,5258724245,DCB1,0,120.8,1B Munetaka Murakami 2B Jose Altuve 3B Josh Jung C Dillon Dingler OF Juan Soto OF Brandon Marsh OF Jahmai Jones P Sonny Gray P Aaron Nola SS Jeremy Pena,,Kody Clemens,2B,13.47%,5
29,5258603947,Howardthedog,0,119.7,1B Spencer Torkelson 2B Gleyber Torres 3B Kevin McGonigle C Dillon Dingler OF Yordan Alvarez OF Cam Smith OF Taylor Trammell P Sonny Gray P Framber Valdez SS Jeremy Pena,,Dillon Dingler,C,12.57%,5
30,5258185629,kcflopshot,0,119.5,1B Willson Contreras 2B Brett Baty 3B Bo Bichette C Adley Rutschman OF Yordan Alvarez OF Wilyer Abreu OF Jahmai Jones P Taj Bradley P Walbert Urena SS Trevor Story,,Jose Altuve,2B,12.57%,5
31,5258564708,Schilly23,0,119.3,1B Spencer Torkelson 2B Kody Clemens 3B Isaac Paredes C Yainer Diaz OF Yordan Alvarez OF Luke Keaschall OF Daulton Varsho P Taj Bradley P Aaron Nola SS Jeremy Pena,,Caleb Durbin,3B,12.35%,2
32,5259021100,KizrBr,0,118.8,1B Royce Lewis 2B Kody Clemens 3B Brooks Lee C Yainer Diaz OF Yordan Alvarez OF Walker Jenkins OF Emmanuel Rodriguez P Taj Bradley P Sonny Gray SS Jeremy Pena,,Emmanuel Rodriguez,OF,12.23%,0
33,5259058979,shmeyler,0,118.3,1B Alec Bohm 2B Jose Altuve 3B Isaac Paredes C Yainer Diaz OF Yordan Alvarez OF Kyle Schwarber OF Daulton Varsho P Taj Bradley P Aaron Nola SS Trevor Story,,Carson Benge,OF,11.78%,3
34,5258627099,jc000000,0,118.1,1B Willson Contreras 2B Jose Altuve 3B Isaac Paredes C Adley Rutschman OF Yordan Alvarez OF Riley Greene OF Taylor Trammell P Taj Bradley P Ethan Pecko SS Jeremy Pena,,Luis Arraez,2B,11.67%,4
35,5259148665,Scorpo1,0,117.8,1B LaMonte Wade Jr. 2B Jose Altuve 3B Isaac Paredes C Yainer Diaz OF Yordan Alvarez OF Roman Anthony OF Carson Benge P Taj Bradley P Sonny Gray SS Trevor Story,,A.J. Ewing,OF,11.56%,0
35,5259185385,lumppology,0,117.8,1B Josh Bell 2B Chase Meidroth 3B Isaac Paredes C Carter Jensen OF Yordan Alvarez OF Daulton Varsho OF Tommy Pham P Taj Bradley P Sonny Gray SS Jeremy Pena,,Randal Grichuk,OF,11.56%,4
37,5258423852,txraynard,0,117.3,1B Kyle Schwarber 2B Gleyber Torres 3B Isaac Paredes C Yainer Diaz OF Yordan Alvarez OF Daulton Varsho OF Tommy Pham P Taj Bradley P Aaron Nola SS Jeremy Pena,,Daulton Varsho,OF,11.56%,14
38,5258203739,lsbruehl,0,117,1B Spencer Torkelson 2B Gleyber Torres 3B Kevin McGonigle C Dillon Dingler OF Riley Greene OF Wade Meckler OF Josh Lowe P Sonny Gray P Walbert Urena SS Trevor Story,,Miguel Vargas,3B,10.10%,2
39,5258801806,markmajors,0,116.8,1B Alec Bohm 2B Jose Altuve 3B Miguel Vargas C Carter Jensen OF Yordan Alvarez OF Daulton Varsho OF Tommy Pham P Taj Bradley P Sonny Gray SS Trevor Story,,Gleyber Torres,2B,9.54%,7
39,5259075264,beatzndastreets,0,116.8,1B Munetaka Murakami 2B Chase Meidroth 3B Isaac Paredes C Carter Jensen OF Luke Keaschall OF Randal Grichuk OF Tommy Pham P Taj Bradley P Sonny Gray SS Jeremy Pena,,Jac Caglianone,OF,9.54%,2
41,5258903382,pat_the_hat2,0,116.45,1B Munetaka Murakami 2B Chase Meidroth 3B Miguel Vargas C Jake Rogers OF Yordan Alvarez OF Mike Trout OF Brenton Doyle P Aaron Nola P Erick Fedde SS Zach Neto,,Kyle Schwarber,1B,9.09%,2
42,5258726659,cliffr03690,0,116.15,1B Munetaka Murakami 2B Gleyber Torres 3B Isaac Paredes C Yainer Diaz OF Yordan Alvarez OF Cam Smith OF Javier Baez P Sonny Gray P Nolan McLean SS Jeremy Pena,,Kyle Schwarber,OF,8.98%,2
43,5258604444,tedredbear,0,115.8,1B Munetaka Murakami 2B Jose Altuve 3B Miguel Vargas C Adley Rutschman OF Kyle Schwarber OF John Rave OF Cam Smith P Sonny Gray P Aaron Nola SS Trevor Story,,Brooks Lee,3B,8.98%,10
44,5259146667,ThaDongslayer,0,115.5,1B Willson Contreras 2B Jose Altuve 3B Isaac Paredes C Yainer Diaz OF Yordan Alvarez OF Randal Grichuk OF Tommy Pham P Taj Bradley P Walbert Urena SS Jeremy Pena,,Josh Bell,1B,8.53%,3
45,5258176390,rbassett77,0,115.2,1B Kyle Schwarber 2B Kody Clemens 3B Brooks Lee C Carter Jensen OF Yordan Alvarez OF Max Clark OF Emmanuel Rodriguez P Taj Bradley P Framber Valdez SS Trevor Story,,Bryce Harper,OF,7.97%,13
46,5257844542,Moss_Boss.1,0,115.1,1B Alec Bohm 2B Luis Arraez 3B Bryson Stott C Carter Jensen OF Yordan Alvarez OF Kyle Schwarber OF Wilyer Abreu P Aaron Nola P Ethan Pecko SS Jeremy Pena,,Bo Bichette,3B,7.41%,3
47,5258597558,Este989,0,115,1B Kyle Schwarber 2B Chase Meidroth 3B Isaac Paredes C Yainer Diaz OF Yordan Alvarez OF Daulton Varsho OF Tommy Pham P Sonny Gray P Walbert Urena SS Jeremy Pena,,Maikel Garcia,3B,6.85%,0
47,5259129108,jeffleuchi,0,115,1B Munetaka Murakami 2B Chase Meidroth 3B Maikel Garcia C Adley Rutschman OF Roman Anthony OF Carson Benge OF Luke Keaschall P Sonny Gray P Walbert Urena SS Trevor Story,,Corey Seager,SS,6.62%,3
49,5258315271,ajb3247,0,114.8,1B Salvador Perez 2B Michael Massey 3B Isaac Paredes C Carter Jensen OF Yordan Alvarez OF Max Clark OF Daulton Varsho P Taj Bradley P Sonny Gray SS Jeremy Pena,,Zach Neto,SS,6.62%,4
49,5259137506,jeter101,0,114.8,1B Kyle Schwarber 2B Nicky Lopez 3B Kevin McGonigle C Carter Jensen OF Bryce Harper OF Daulton Varsho OF Jahmai Jones P Taj Bradley P Sonny Gray SS Trevor Story,,Roman Anthony,OF,6.29%,4
51,5259078572,Johncade1313,0,114.7,1B Willson Contreras 2B Luis Arraez 3B Bryson Stott C Adley Rutschman OF Yordan Alvarez OF Riley Greene OF Taylor Trammell P Sonny Gray P Framber Valdez SS Jeremy Pena,,Salvador Perez,1B,6.06%,0
52,5259045895,BigFish2,0,114.65,1B Munetaka Murakami 2B Chase Meidroth 3B Isaac Paredes C Yainer Diaz OF Juan Soto OF Randal Grichuk OF Max Clark P Taj Bradley P Nolan McLean SS Trevor Story,,Wilyer Abreu,OF,5.95%,7
53,5258893148,MattMars,0,114.5,1B Willson Contreras 2B Michael Massey 3B Caleb Durbin C Adley Rutschman OF Yordan Alvarez OF Jac Caglianone OF John Rave P Taj Bradley P Walbert Urena SS Trevor Story,,Nick Sogard,2B,5.95%,0
53,5259141975,emachine23,0,114.5,1B Willson Contreras 2B Javier Baez 3B Isaac Paredes C Adley Rutschman OF Juan Soto OF Yordan Alvarez OF Tommy Pham P Taj Bradley P Walbert Urena SS Trevor Story,,Trea Turner,SS,5.84%,6
55,5259156505,legendsofLambeau,0,114.399994,1B Spencer Torkelson 2B Jose Altuve 3B Isaac Paredes C Dillon Dingler OF Yordan Alvarez OF Carson Benge OF Max Clark P Walbert Urena P Framber Valdez SS Jeremy Pena,,Kevin McGonigle,SS,5.84%,8
56,5258942871,john_20007,0,114.2,1B Spencer Torkelson 2B Gleyber Torres 3B Isaac Paredes C Yainer Diaz OF Yordan Alvarez OF Riley Greene OF Daulton Varsho P Taj Bradley P Framber Valdez SS Jeremy Pena,,John Rave,OF,5.61%,7
57,5258065776,the4amigos,0,114.1,1B Spencer Torkelson 2B Chase Meidroth 3B Kevin McGonigle C Carter Jensen OF Yordan Alvarez OF Kyle Schwarber OF Riley Greene P Aaron Nola P Ethan Pecko SS Trevor Story,,Alec Bohm,1B,5.39%,3
58,5258179325,iluverica,0,113.8,1B LaMonte Wade Jr. 2B Jose Altuve 3B Isaac Paredes C Dillon Dingler OF Yordan Alvarez OF Riley Greene OF Zach McKinstry P Sonny Gray P Aaron Nola SS Jeremy Pena,,Francisco Alvarez,C,5.39%,0
58,5258490843,tpyo,0,113.8,1B LaMonte Wade Jr. 2B Kody Clemens 3B Isaac Paredes C Yainer Diaz OF Juan Soto OF A.J. Ewing OF Taylor Trammell P Taj Bradley P Sonny Gray SS Jeremy Pena,,Bryson Stott,3B,5.27%,10
58,5258720047,davidarussellii,0,113.8,1B Josh Bell 2B Kody Clemens 3B Brooks Lee C Victor Caratini OF Yordan Alvarez OF Daulton Varsho OF Emmanuel Rodriguez P Taj Bradley P Sonny Gray SS Jeremy Pena,,Mike Trout,OF,5.16%,9
61,5258317245,mjv2009,0,113.3,1B Willson Contreras 2B Jose Altuve 3B Isaac Paredes C Yainer Diaz OF Yordan Alvarez OF Wilyer Abreu OF Jahmai Jones P Taj Bradley P Aaron Nola SS Trevor Story,,Moises Ballesteros,C,4.71%,7
62,5257995198,blitzburgh07,0,113.2,1B Willson Contreras 2B Kody Clemens 3B Caleb Durbin C Carter Jensen OF Yordan Alvarez OF Riley Greene OF Max Clark P Taj Bradley P Framber Valdez SS Trevor Story,,Brett Baty,2B,4.49%,4
63,5259140136,mnskenandore,0,113,1B Munetaka Murakami 2B Gleyber Torres 3B Kevin McGonigle C Adley Rutschman OF Yordan Alvarez OF Mike Trout OF Luke Keaschall P Ethan Pecko P Framber Valdez SS Zach Neto,,Wyatt Langford,OF,4.38%,6
64,5258309954,Toppodogg,0,112.8,1B Willson Contreras 2B Gleyber Torres 3B Isaac Paredes C Yainer Diaz OF Yordan Alvarez OF Daulton Varsho OF Tommy Pham P Taj Bradley P Sonny Gray SS Jeremy Pena,,Munetaka Murakami,1B,3.70%,26
64,5258599800,jacks666,0,112.8,1B Willson Contreras 2B Gleyber Torres 3B Isaac Paredes C Yainer Diaz OF Yordan Alvarez OF Daulton Varsho OF Tommy Pham P Taj Bradley P Sonny Gray SS Jeremy Pena,,Brandon Nimmo,OF,3.37%,0
64,5258712095,Woods24,0,112.8,1B Willson Contreras 2B Gleyber Torres 3B Isaac Paredes C Yainer Diaz OF Yordan Alvarez OF Daulton Varsho OF Tommy Pham P Taj Bradley P Sonny Gray SS Jeremy Pena,,Javier Baez,2B,3.37%,0
64,5258775604,soonerbernie2002,0,112.8,1B Willson Contreras 2B Jose Altuve 3B Isaac Paredes C Yainer Diaz OF Yordan Alvarez OF Daulton Varsho OF Jahmai Jones P Taj Bradley P Sonny Gray SS Trevor Story,,Erick Fedde,P,3.37%,16.3
64,5259177063,Handcuff2006,0,112.8,1B Willson Contreras 2B Gleyber Torres 3B Isaac Paredes C Yainer Diaz OF Yordan Alvarez OF Daulton Varsho OF Tommy Pham P Taj Bradley P Sonny Gray SS Jeremy Pena,,Josh Jung,3B,3.25%,14
64,5259177079,hungun23,0,112.8,1B Willson Contreras 2B Gleyber Torres 3B Isaac Paredes C Yainer Diaz OF Yordan Alvarez OF Daulton Varsho OF Tommy Pham P Taj Bradley P Sonny Gray SS Jeremy Pena,,Jake Rogers,C,3.25%,2
70,5258974907,caglejer,0,112.5,1B Spencer Torkelson 2B Michael Massey 3B Kevin McGonigle C Yainer Diaz OF Yordan Alvarez OF Riley Greene OF Daulton Varsho P Taj Bradley P Walbert Urena SS Ben Ross,,Jarren Duran,OF,2.81%,0
71,5258785650,texasfrog90,0,112.399994,1B Alec Bohm 2B Jose Altuve 3B Isaac Paredes C Dillon Dingler OF Yordan Alvarez OF Riley Greene OF Max Clark P Walbert Urena P Framber Valdez SS Jeremy Pena,,Ezequiel Duran,3B,2.81%,0
71,5258967824,Wahoodude01,0,112.399994,1B Salvador Perez 2B Nick Sogard 3B Maikel Garcia C Carter Jensen OF Yordan Alvarez OF Jac Caglianone OF Daulton Varsho P Walbert Urena P Framber Valdez SS Jeremy Pena,,John Peck,SS,2.81%,3
73,5258146153,kepenekela,0,112.3,1B Spencer Torkelson 2B Gleyber Torres 3B Isaac Paredes C Dillon Dingler OF Yordan Alvarez OF Riley Greene OF Daulton Varsho P Walbert Urena P Ethan Pecko SS Kevin McGonigle,,Seth Lugo,P,2.81%,7.85
74,5259133138,CodyWebben,0,112,1B Willson Contreras 2B Michael Massey 3B Caleb Durbin C Carter Jensen OF Yordan Alvarez OF Riley Greene OF Randal Grichuk P Sonny Gray P Walbert Urena SS Trevor Story,,Ezequiel Duran,OF,2.69%,0
74,5259161316,chupachabra,0,112,1B Munetaka Murakami 2B Javier Baez 3B Isaac Paredes C Moises Ballesteros OF Bryce Harper OF Mike Trout OF Tommy Pham P Sonny Gray P Walbert Urena SS Bobby Witt Jr.,,Ethan Pecko,P,2.58%,16.95
76,5259055349,MAA11,0,111.8,1B Willson Contreras 2B Luis Arraez 3B Isaac Paredes C Adley Rutschman OF Yordan Alvarez OF Max Clark OF John Rave P Taj Bradley P Sonny Gray SS Trevor Story,,Jake Burger,1B,2.47%,4
76,5259159497,pigskin23,0,111.8,1B Josh Bell 2B Kody Clemens 3B Brooks Lee C Carter Jensen OF Yordan Alvarez OF Luke Keaschall OF Emmanuel Rodriguez P Taj Bradley P Sonny Gray SS Trevor Story,,Garrett Stubbs,C,2.47%,0
76,5259168197,RAJAHDAT420,0,111.8,1B Josh Bell 2B Kody Clemens 3B Brooks Lee C Carter Jensen OF Yordan Alvarez OF Luke Keaschall OF Emmanuel Rodriguez P Taj Bradley P Sonny Gray SS Trevor Story,,Wade Meckler,OF,2.47%,10
79,5258376818,SpeedRacer101,0,111.65,1B Royce Lewis 2B Brett Baty 3B Isaac Paredes C Yainer Diaz OF Yordan Alvarez OF Wyatt Langford OF Taylor Trammell P Taj Bradley P Nolan McLean SS Jeremy Pena,,Victor Caratini,C,2.47%,5
80,5259037370,Primetime2194,0,111.1,1B Willson Contreras 2B Michael Massey 3B Caleb Durbin C Carter Jensen OF Yordan Alvarez OF Kyle Schwarber OF Bryce Harper P Aaron Nola P Ethan Pecko SS Jeremy Pena,,Zach McKinstry,OF,2.47%,0
81,5258406147,Codymuck,0,111,1B Willson Contreras 2B Michael Massey 3B Isaac Paredes C Adley Rutschman OF Yordan Alvarez OF Riley Greene OF Max Clark P Sonny Gray P Walbert Urena SS Trevor Story,,Brandon Marsh,OF,2.47%,5
81,5258754918,GameOnLetsGo,0,111,1B Willson Contreras 2B Nick Sogard 3B Caleb Durbin C Moises Ballesteros OF Yordan Alvarez OF Mike Trout OF Jose Siri P Sonny Gray P Walbert Urena SS Trevor Story,,Cam Smith,OF,2.36%,7
81,5259035836,apayne331,0,111,1B Willson Contreras 2B Jose Altuve 3B Isaac Paredes C Yainer Diaz OF Yordan Alvarez OF Max Clark OF Jahmai Jones P Sonny Gray P Walbert Urena SS Jeremy Pena,,Maikel Garcia,SS,2.13%,0
84,5258910591,chuckface8,0,110.85,1B Moises Ballesteros 2B Jose Altuve 3B Isaac Paredes C Yainer Diaz OF Yordan Alvarez OF Mike Trout OF Daulton Varsho P Nolan McLean P Walbert Urena SS Zach Neto,,Brenton Doyle,OF,1.91%,11
85,5258764284,naapstermaan,0,110.8,1B Spencer Torkelson 2B Michael Massey 3B Isaac Paredes C Yainer Diaz OF Yordan Alvarez OF Max Clark OF Daulton Varsho P Taj Bradley P Sonny Gray SS Jeremy Pena,,Josh Lowe,OF,1.80%,10
85,5258817197,hbcards,0,110.8,1B Willson Contreras 2B Chase Meidroth 3B Isaac Paredes C Yainer Diaz OF Yordan Alvarez OF Daulton Varsho OF Tommy Pham P Taj Bradley P Sonny Gray SS Jeremy Pena,,Taylor Trammell,OF,1.80%,18
85,5258824051,omes16,0,110.8,1B Willson Contreras 2B Gleyber Torres 3B Isaac Paredes C Yainer Diaz OF Yordan Alvarez OF Jarren Duran OF Daulton Varsho P Sonny Gray P Aaron Nola SS Jeremy Pena,,Justin Crawford,OF,1.80%,5
88,5258482854,PenizMartinez,0,110.7,1B Willson Contreras 2B Jose Altuve 3B Isaac Paredes C Dillon Dingler OF Yordan Alvarez OF Max Clark OF Daulton Varsho P Sonny Gray P Framber Valdez SS Jeremy Pena,,Denzer Guzman,3B,1.68%,5
88,5259187220,klorjuste,0,110.7,1B Willson Contreras 2B Jose Altuve 3B Isaac Paredes C Dillon Dingler OF Yordan Alvarez OF Max Clark OF Daulton Varsho P Sonny Gray P Framber Valdez SS Jeremy Pena,,LaMonte Wade Jr.,1B,1.68%,19
90,5259032239,MoTown28,0,110.5,1B Spencer Torkelson 2B Michael Massey 3B Caleb Durbin C Adley Rutschman OF Yordan Alvarez OF A.J. Ewing OF Max Clark P Taj Bradley P Walbert Urena SS Jeremy Pena,,Nick Sogard,1B,1.46%,0
90,5259183927,skimmer930,0,110.5,1B Spencer Torkelson 2B Chase Meidroth 3B Caleb Durbin C Yainer Diaz OF Yordan Alvarez OF A.J. Ewing OF Randal Grichuk P Taj Bradley P Walbert Urena SS Jeremy Pena,,Moises Ballesteros,1B,1.46%,7
92,5258830123,8589,0,110.399994,1B Spencer Torkelson 2B Michael Massey 3B Kevin McGonigle C Yainer Diaz OF Yordan Alvarez OF Riley Greene OF Max Clark P Walbert Urena P Framber Valdez SS Jeremy Pena,,Royce Lewis,1B,1.46%,0
93,5258206482,Mr.TD_AllDay,0,110,1B Willson Contreras 2B Jose Altuve 3B Kevin McGonigle C Yainer Diaz OF Yordan Alvarez OF Daulton Varsho OF Cam Smith P Sonny Gray P Walbert Urena SS John Peck,,Danny Jansen,C,1.35%,8
94,5258576915,Belgar16,0,109.5,1B Jake Burger 2B Gleyber Torres 3B Josh Jung C Dillon Dingler OF Riley Greene OF Wyatt Langford OF Max Clark P Walbert Urena P Aaron Nola SS Kevin McGonigle,,Isaac Collins,OF,1.35%,0
95,5258718405,MartyG1948,0,109.3,1B Spencer Torkelson 2B Luis Arraez 3B Josh Jung C Carter Jensen OF Bryce Harper OF Carson Benge OF Max Clark P Taj Bradley P Aaron Nola SS Corey Seager,,Walker Jenkins,OF,1.12%,24
95,5258849119,Boneyball1018,0,109.3,1B Alec Bohm 2B Michael Massey 3B Bryson Stott C Yainer Diaz OF Yordan Alvarez OF Kyle Schwarber OF John Rave P Taj Bradley P Aaron Nola SS Jeremy Pena,,Javier Baez,OF,1.12%,0
97,5259168118,dgdean1,0,109.2,1B Josh Bell 2B Kody Clemens 3B Brooks Lee C Victor Caratini OF Yordan Alvarez OF Wyatt Langford OF Luke Keaschall P Taj Bradley P Framber Valdez SS Jeremy Pena,,Brett Baty,1B,1.01%,4
98,5258832159,Drae_Wood,0,109.15,1B Munetaka Murakami 2B Chase Meidroth 3B Miguel Vargas C Carter Jensen OF A.J. Ewing OF Randal Grichuk OF Max Clark P Sonny Gray P Nolan McLean SS Trevor Story,,Ben Ross,SS,1.01%,7
99,5259131172,Powell80,0,109,1B Spencer Torkelson 2B Chase Meidroth 3B Kevin McGonigle C Yainer Diaz OF Riley Greene OF Max Clark OF Brenton Doyle P Sonny Gray P Walbert Urena SS Jeremy Pena,,Nicky Lopez,2B,0.90%,2
100,5258156207,MusicPoisoning,0,108.8,1B Munetaka Murakami 2B Chase Meidroth 3B Miguel Vargas C Adley Rutschman OF Yordan Alvarez OF Randal Grichuk OF Tommy Pham P Taj Bradley P Sonny Gray SS Ben Ross,,Luisangel Acuna,SS,0.79%,0
101,5258840114,JohnTex7,0,108.65,1B Spencer Torkelson 2B Kody Clemens 3B Caleb Durbin C Dillon Dingler OF Yordan Alvarez OF Daulton Varsho OF Jahmai Jones P Taj Bradley P Nolan McLean SS Jeremy Pena,,Braden Montgomery,OF,0.67%,0
102,5258311083,SkyU27,0,108.399994,1B Willson Contreras 2B Luis Arraez 3B Caleb Durbin C Adley Rutschman OF Yordan Alvarez OF Kyle Schwarber OF Roman Anthony P Walbert Urena P Framber Valdez SS Trevor Story,,Jose Siri,OF,0.67%,2
103,5258159042,Satch65,0,108.3,1B Kyle Schwarber 2B Chase Meidroth 3B Isaac Paredes C Yainer Diaz OF Yordan Alvarez OF Cam Smith OF Tommy Pham P Taj Bradley P Aaron Nola SS Jeremy Pena,,Oswald Peraza,2B,0.67%,8
103,5258309145,jrow01,0,108.3,1B Salvador Perez 2B Michael Massey 3B Isaac Paredes C Yainer Diaz OF Yordan Alvarez OF Jac Caglianone OF Daulton Varsho P Taj Bradley P Aaron Nola SS Jeremy Pena,,Tyler Alexander,P,0.56%,1.65
103,5258477192,Swidb,0,108.3,1B Josh Bell 2B Kody Clemens 3B Brooks Lee C Yainer Diaz OF Yordan Alvarez OF Luke Keaschall OF Emmanuel Rodriguez P Taj Bradley P Aaron Nola SS Jeremy Pena,,Victor Caratini,1B,0.56%,5
103,5258610457,teslablue,0,108.3,1B Josh Bell 2B Jose Altuve 3B Brooks Lee C Yainer Diaz OF Yordan Alvarez OF Riley Greene OF Emmanuel Rodriguez P Taj Bradley P Aaron Nola SS Jeremy Pena,,Cody Bradford,P,0.45%,13.35
103,5258969239,Koolkeeph1,0,108.3,1B Kyle Schwarber 2B Kody Clemens 3B Caleb Durbin C Adley Rutschman OF Yordan Alvarez OF Carson Benge OF Brandon Marsh P Taj Bradley P Aaron Nola SS Trevor Story,,Evan Carter,OF,0.34%,2
108,5258336104,rrob1122,0,108.2,1B Willson Contreras 2B Michael Massey 3B Isaac Paredes C Carter Jensen OF Yordan Alvarez OF Jac Caglianone OF Max Clark P Aaron Nola P Framber Valdez SS Jeremy Pena,,Miguel Ullola,P,0.34%,-2.3
109,5259077593,edallen71,0,108.15,1B LaMonte Wade Jr. 2B Jose Altuve 3B Isaac Paredes C Adley Rutschman OF Yordan Alvarez OF Roman Anthony OF Jahmai Jones P Sonny Gray P Nolan McLean SS Jeremy Pena,,Hao-Yu Lee,2B,0.34%,0
110,5258885379,aformb21,0,108,1B Jared Young 2B Jose Altuve 3B Isaac Paredes C Yainer Diaz OF Bryce Harper OF Daulton Varsho OF Taylor Trammell P Sonny Gray P Walbert Urena SS Bobby Witt Jr.,,Kyle Isbel,OF,0.34%,0
111,5258170553,frisbeediver,0,107.8,1B Willson Contreras 2B Jose Altuve 3B Caleb Durbin C Yainer Diaz OF Yordan Alvarez OF Daulton Varsho OF Jahmai Jones P Taj Bradley P Sonny Gray SS Jeremy Pena,,Oswald Peraza,3B,0.34%,8
112,5259151535,Jeremy2023,0,107.7,1B Spencer Torkelson 2B Chase Meidroth 3B Denzer Guzman C Moises Ballesteros OF Yordan Alvarez OF Bryce Harper OF Luke Keaschall P Sonny Gray P Framber Valdez SS Jeremy Pena,,Colt Keith,1B,0.22%,2
113,5258334294,Kangostar,0,107.5,1B Willson Contreras 2B Gleyber Torres 3B Isaac Paredes C Adley Rutschman OF Juan Soto OF Riley Greene OF Tommy Pham P Taj Bradley P Walbert Urena SS Trevor Story,,Nick Morabito,OF,0.22%,3
113,5258703920,MostFortunate,0,107.5,1B Kyle Schwarber 2B Luis Arraez 3B Bryson Stott C Garrett Stubbs OF Bryce Harper OF Mike Trout OF Wade Meckler P Walbert Urena P Aaron Nola SS Zach Neto,,Hao-Yu Lee,3B,0.22%,0
113,5258807558,REINY66,0,107.5,1B Munetaka Murakami 2B Jose Altuve 3B Bo Bichette C Yainer Diaz OF Roman Anthony OF Brandon Nimmo OF Brandon Marsh P Taj Bradley P Walbert Urena SS Trea Turner,,Mickey Gasper,1B,0.22%,0
113,5259086411,Cole3pt,0,107.5,1B Jared Young 2B Jose Altuve 3B Bo Bichette C Yainer Diaz OF Yordan Alvarez OF Carson Benge OF A.J. Ewing P Taj Bradley P Walbert Urena SS Trevor Story,,LaMonte Wade Jr.,OF,0.22%,19
113,5259105142,luvthemredbirds,0,107.5,1B Willson Contreras 2B Jose Altuve 3B Isaac Paredes C Adley Rutschman OF Wilyer Abreu OF Roman Anthony OF Zach McKinstry P Taj Bradley P Walbert Urena SS Trevor Story,,Vinnie Pasquantino,1B,0.11%,0
113,5259122995,The_Boss_Sasha_Banks,0,107.5,1B Munetaka Murakami 2B Javier Baez 3B Ezequiel Duran C Francisco Alvarez OF Jac Caglianone OF Riley Greene OF Tommy Pham P Taj Bradley P Walbert Urena SS Jeremy Pena,,Alan Roden,OF,0.11%,0
119,5259151313,chrimphis,0,107.3,1B Spencer Torkelson 2B Chase Meidroth 3B Kevin McGonigle C Carter Jensen OF Kyle Schwarber OF Roman Anthony OF Tommy Pham P Taj Bradley P Aaron Nola SS Trevor Story,,Isiah Kiner-Falefa,SS,0.11%,2
120,5258227459,jokerdpo,0,107.2,1B Willson Contreras 2B Jose Altuve 3B Kevin McGonigle C Yainer Diaz OF Yordan Alvarez OF Cam Smith OF Jahmai Jones P Taj Bradley P Framber Valdez SS Jeremy Pena,,Kyle Teel,C,0.11%,0
120,5258284220,BOOKMAHON,0,107.2,1B Willson Contreras 2B Nick Sogard 3B Caleb Durbin C Carter Jensen OF Yordan Alvarez OF Jac Caglianone OF John Rave P Taj Bradley P Framber Valdez SS Trevor Story,,Vaughn Grissom,3B,0.11%,0
120,5259050814,RelentlessD85,0,107.2,1B Jake Burger 2B Kody Clemens 3B Josh Jung C Yainer Diaz OF Yordan Alvarez OF Wyatt Langford OF Daulton Varsho P Taj Bradley P Framber Valdez SS Corey Seager,,Tristan Gray,SS,0.11%,0
123,5259138832,dic0626,0,106.95,1B Kyle Schwarber 2B Gleyber Torres 3B Brooks Lee C Yainer Diaz OF Juan Soto OF Bryce Harper OF Daulton Varsho P Sonny Gray P Erick Fedde SS Trevor Story,,Andrew Benintendi,OF,0.11%,0
124,5258052064,pickens81,0,106.85,1B Salvador Perez 2B Jose Altuve 3B Isaac Paredes C Yainer Diaz OF Juan Soto OF Daulton Varsho OF Josh Lowe P Nolan McLean P Walbert Urena SS Jeremy Pena,,Christian Cairo,SS,0.11%,0
125,5258734730,bhess777,0,106.8,1B Kyle Schwarber 2B Jose Altuve 3B Isaac Paredes C Yainer Diaz OF Yordan Alvarez OF Brandon Marsh OF Josh Lowe P Sonny Gray P Aaron Nola SS Jeremy Pena,,Christian Walker,1B,0.11%,0
126,5258565279,Quiet2torm,0,106.5,1B Willson Contreras 2B Chase Meidroth 3B Miguel Vargas C Yainer Diaz OF Roman Anthony OF Randal Grichuk OF Max Clark P Taj Bradley P Walbert Urena SS Trevor Story,,Eduardo Valencia,C,0.11%,0
126,5259136703,sixxpack,0,106.5,1B Willson Contreras 2B Jose Altuve 3B Isaac Paredes C Yainer Diaz OF Wilyer Abreu OF Riley Greene OF Jahmai Jones P Taj Bradley P Walbert Urena SS Trevor Story,,Tyler Heineman,C,0.11%,0
128,5258361395,meatbox36,0,106.1,1B Willson Contreras 2B Jose Altuve 3B Isaac Paredes C Adley Rutschman OF Yordan Alvarez OF Wilyer Abreu OF Jahmai Jones P Taj Bradley P Ethan Pecko SS Jeremy Pena,,,
129,5259068201,AmAcorX,0,106,1B Munetaka Murakami 2B Jose Altuve 3B Miguel Vargas C Yainer Diaz OF Randal Grichuk OF Daulton Varsho OF Tommy Pham P Sonny Gray P Walbert Urena SS Bobby Witt Jr.,,,
130,5258137236,mvp1987,0,105.85,1B Spencer Torkelson 2B Michael Massey 3B Isaac Paredes C Yainer Diaz OF Yordan Alvarez OF Riley Greene OF Max Clark P Nolan McLean P Walbert Urena SS Jeremy Pena,,,
131,5259045099,wigglye,0,105.8,1B Kyle Schwarber 2B Gleyber Torres 3B Isaac Paredes C Yainer Diaz OF Yordan Alvarez OF Luke Keaschall OF Max Clark P Sonny Gray P Aaron Nola SS Trevor Story,,,
132,5259041741,AuburnFanMB,0,105.5,1B Willson Contreras 2B Chase Meidroth 3B Isaac Paredes C Carter Jensen OF Yordan Alvarez OF Randal Grichuk OF Tommy Pham P Taj Bradley P Walbert Urena SS Maikel Garcia,,,
133,5258315098,paintgirl,0,105.399994,1B Kyle Schwarber 2B Oswald Peraza 3B Denzer Guzman C Moises Ballesteros OF Yordan Alvarez OF Mike Trout OF Justin Crawford P Walbert Urena P Framber Valdez SS Zach Neto,,,
134,5258061766,awen419,0,105.3,1B Salvador Perez 2B Michael Massey 3B Isaac Paredes C Carter Jensen OF Yordan Alvarez OF John Rave OF Daulton Varsho P Taj Bradley P Aaron Nola SS Bobby Witt Jr.,,,
134,5258190447,aquafinatim,0,105.3,1B Kyle Schwarber 2B Kody Clemens 3B Brooks Lee C Victor Caratini OF Bryce Harper OF Luke Keaschall OF Emmanuel Rodriguez P Taj Bradley P Aaron Nola SS Jeremy Pena,,,
134,5259176824,shamarnbny,0,105.3,1B Royce Lewis 2B Luis Arraez 3B Bryson Stott C Victor Caratini OF Yordan Alvarez OF Kyle Schwarber OF Javier Baez P Taj Bradley P Aaron Nola SS Jeremy Pena,,,
137,5258743221,dongta,0,105.2,1B Spencer Torkelson 2B Michael Massey 3B Isaac Paredes C Carter Jensen OF Juan Soto OF Yordan Alvarez OF Tommy Pham P Taj Bradley P Framber Valdez SS Jeremy Pena,,,
137,5259144740,albie4,0,105.2,1B Moises Ballesteros 2B Chase Meidroth 3B Kevin McGonigle C Carter Jensen OF Riley Greene OF Luke Keaschall OF Max Clark P Taj Bradley P Framber Valdez SS Jeremy Pena,,,
139,5258273802,Terry301,0,104.85,1B Munetaka Murakami 2B Nick Sogard 3B Miguel Vargas C Moises Ballesteros OF Mike Trout OF Braden Montgomery OF Josh Lowe P Nolan McLean P Walbert Urena SS Zach Neto,,,
140,5258106262,T_Sall321,0,104.65,1B Jared Young 2B Gleyber Torres 3B Isaac Paredes C Adley Rutschman OF Yordan Alvarez OF Riley Greene OF Max Clark P Taj Bradley P Nolan McLean SS Trevor Story,,,
140,5259147645,Hondo,0,104.65,1B Munetaka Murakami 2B Chase Meidroth 3B Isaac Paredes C Yainer Diaz OF Kyle Schwarber OF Luke Keaschall OF Emmanuel Rodriguez P Taj Bradley P Nolan McLean SS Trevor Story,,,
140,5259167353,gorillabiscuit,0,104.65,1B Alec Bohm 2B Luis Arraez 3B Bryson Stott C Carter Jensen OF Jac Caglianone OF Bryce Harper OF John Rave P Walbert Urena P Erick Fedde SS Trea Turner,,,
143,5258808412,mollyballs,0,104.55,1B LaMonte Wade Jr. 2B Jose Altuve 3B Isaac Paredes C Francisco Alvarez OF Juan Soto OF Yordan Alvarez OF Carson Benge P Nolan McLean P Framber Valdez SS Jeremy Pena,,,
144,5258299288,CDA80,0,104.5,1B Nick Sogard 2B Luis Arraez 3B Josh Jung C Yainer Diaz OF Yordan Alvarez OF Riley Greene OF A.J. Ewing P Walbert Urena P Aaron Nola SS Kevin McGonigle,,,
144,5258645828,c_losonic22,0,104.5,1B Willson Contreras 2B Michael Massey 3B Caleb Durbin C Carter Jensen OF Juan Soto OF John Rave OF Kyle Isbel P Taj Bradley P Walbert Urena SS Jeremy Pena,,,
146,5258515125,asb822,0,104.1,1B Kyle Schwarber 2B Jose Altuve 3B Isaac Paredes C Jake Rogers OF Yordan Alvarez OF Brenton Doyle OF Tommy Pham P Taj Bradley P Ethan Pecko SS Jeremy Pena,,,
146,5258840237,Merlotbroham,0,104.1,1B Willson Contreras 2B Chase Meidroth 3B Isaac Paredes C Yainer Diaz OF Yordan Alvarez OF Jac Caglianone OF Max Clark P Taj Bradley P Ethan Pecko SS Jeremy Pena,,,
148,5259111341,ghosey,0,104,1B Willson Contreras 2B Nicky Lopez 3B Isaac Paredes C Yainer Diaz OF Yordan Alvarez OF Riley Greene OF Tommy Pham P Sonny Gray P Walbert Urena SS Jeremy Pena,,,
149,5259007058,thegambler84,0,103.8,1B Munetaka Murakami 2B Chase Meidroth 3B Miguel Vargas C Moises Ballesteros OF Mike Trout OF Randal Grichuk OF Tommy Pham P Sonny Gray P Aaron Nola SS Kevin McGonigle,,,
149,5259122760,tonyfla,0,103.8,1B Willson Contreras 2B Chase Meidroth 3B Bryson Stott C Carter Jensen OF Carson Benge OF Luke Keaschall OF Randal Grichuk P Taj Bradley P Sonny Gray SS Trevor Story,,,
151,5258133291,winningfaith,0,103.5,1B Salvador Perez 2B Luis Arraez 3B Brooks Lee C Danny Jansen OF Mike Trout OF Carson Benge OF Wade Meckler P Taj Bradley P Walbert Urena SS Zach Neto,,,
151,5258634148,peltifreeze89,0,103.5,1B Kyle Schwarber 2B Chase Meidroth 3B Denzer Guzman C Moises Ballesteros OF Bryce Harper OF Wade Meckler OF Jose Siri P Walbert Urena P Aaron Nola SS Zach Neto,,,
151,5259123846,Rolly,0,103.5,1B Jake Burger 2B Luis Arraez 3B Josh Jung C Dillon Dingler OF Riley Greene OF Wade Meckler OF Randal Grichuk P Taj Bradley P Walbert Urena SS Zach Neto,,,
154,5258939177,WHITGAR,0,103.3,1B Kyle Schwarber 2B Luis Arraez 3B Isaac Paredes C Yainer Diaz OF Yordan Alvarez OF Justin Crawford OF Emmanuel Rodriguez P Taj Bradley P Aaron Nola SS Jeremy Pena,,,
154,5259055852,flschreib,0,103.3,1B Kyle Schwarber 2B Luis Arraez 3B Bryson Stott C Garrett Stubbs OF Jac Caglianone OF Bryce Harper OF Carson Benge P Taj Bradley P Aaron Nola SS Trevor Story,,,
154,5259116861,abefroman29,0,103.3,1B Willson Contreras 2B Nicky Lopez 3B Isaac Paredes C Victor Caratini OF Juan Soto OF Yordan Alvarez OF Daulton Varsho P Taj Bradley P Aaron Nola SS Corey Seager,,,
157,5258174002,outlawpete5,0,103.2,1B Alec Bohm 2B Michael Massey 3B Bryson Stott C Carter Jensen OF Juan Soto OF Yordan Alvarez OF Daulton Varsho P Taj Bradley P Framber Valdez SS Francisco Lindor,,,
157,5258217583,iceit519,0,103.2,1B Alec Bohm 2B Michael Massey 3B Bryson Stott C Carter Jensen OF Juan Soto OF Yordan Alvarez OF Daulton Varsho P Taj Bradley P Framber Valdez SS Francisco Lindor,,,
157,5258663874,HulkJuice209,0,103.2,1B Alec Bohm 2B Michael Massey 3B Bryson Stott C Carter Jensen OF Juan Soto OF Yordan Alvarez OF Daulton Varsho P Taj Bradley P Framber Valdez SS Francisco Lindor,,,
157,5258711345,UCLAAV8R,0,103.2,1B Spencer Torkelson 2B Luis Arraez 3B Caleb Durbin C Carter Jensen OF Yordan Alvarez OF Luke Keaschall OF A.J. Ewing P Taj Bradley P Framber Valdez SS Jeremy Pena,,,
157,5259013567,kevinlxd88,0,103.2,1B Alec Bohm 2B Michael Massey 3B Bryson Stott C Carter Jensen OF Juan Soto OF Yordan Alvarez OF Daulton Varsho P Taj Bradley P Framber Valdez SS Francisco Lindor,,,
157,5259156991,ppppzl,0,103.2,1B Salvador Perez 2B Michael Massey 3B Isaac Paredes C Carter Jensen OF Yordan Alvarez OF Jac Caglianone OF Cam Smith P Taj Bradley P Framber Valdez SS Jeremy Pena,,,
157,5259160951,mergedmerged,0,103.2,1B Alec Bohm 2B Michael Massey 3B Bryson Stott C Carter Jensen OF Juan Soto OF Yordan Alvarez OF Daulton Varsho P Taj Bradley P Framber Valdez SS Francisco Lindor,,,
164,5258713817,ktmstars,0,103,1B Christian Walker 2B Isiah Kiner-Falefa 3B Isaac Paredes C Adley Rutschman OF Yordan Alvarez OF Wilyer Abreu OF Isaac Collins P Sonny Gray P Walbert Urena SS Jeremy Pena,,,
164,5259184748,MnvKCfan02,0,103,1B Spencer Torkelson 2B Gleyber Torres 3B Miguel Vargas C Carter Jensen OF Jac Caglianone OF Randal Grichuk OF Jahmai Jones P Sonny Gray P Walbert Urena SS Trevor Story,,,
166,5258163086,Sanford71,0,102.85,1B Spencer Torkelson 2B Chase Meidroth 3B Caleb Durbin C Adley Rutschman OF Yordan Alvarez OF Carson Benge OF A.J. Ewing P Nolan McLean P Walbert Urena SS Jeremy Pena,,,
167,5259088988,troubledsoe,0,102.8,1B Jake Burger 2B Kody Clemens 3B Josh Jung C Dillon Dingler OF Roman Anthony OF Wyatt Langford OF Carson Benge P Sonny Gray P Aaron Nola SS Trevor Story,,,
167,5259125850,Vris,0,102.8,1B Munetaka Murakami 2B Chase Meidroth 3B Miguel Vargas C Jake Rogers OF Mike Trout OF Randal Grichuk OF Josh Lowe P Sonny Gray P Aaron Nola SS Zach Neto,,,
169,5258733735,Besoyan77,0,102.65,1B Willson Contreras 2B Nick Sogard 3B Caleb Durbin C Carter Jensen OF Yordan Alvarez OF Riley Greene OF Luke Keaschall P Nolan McLean P Aaron Nola SS Trevor Story,,,
170,5259130877,J.Peluso,0,102.5,1B Alec Bohm 2B Michael Massey 3B Bryson Stott C Carter Jensen OF Kyle Schwarber OF Bryce Harper OF Justin Crawford P Walbert Urena P Aaron Nola SS Bobby Witt Jr.,,,
170,5259169086,gatorboy1970,0,102.5,1B Spencer Torkelson 2B Michael Massey 3B Caleb Durbin C Carter Jensen OF Yordan Alvarez OF John Rave OF Jahmai Jones P Taj Bradley P Walbert Urena SS Bobby Witt Jr.,,,
172,5259030824,markries,0,102.3,1B Willson Contreras 2B Chase Meidroth 3B Isaac Paredes C Carter Jensen OF Yordan Alvarez OF Max Clark OF Emmanuel Rodriguez P Taj Bradley P Aaron Nola SS Corey Seager,,,
172,5259035657,semmler72,0,102.3,1B Kyle Schwarber 2B Chase Meidroth 3B Bryson Stott C Jake Rogers OF Yordan Alvarez OF Bryce Harper OF Tommy Pham P Taj Bradley P Aaron Nola SS Corey Seager,,,
172,5259115519,Shamil09,0,102.3,1B Willson Contreras 2B Nick Sogard 3B Caleb Durbin C Yainer Diaz OF Yordan Alvarez OF Kyle Schwarber OF Randal Grichuk P Taj Bradley P Aaron Nola SS Trevor Story,,,
175,5258084824,vstar1300,0,102.2,1B Willson Contreras 2B Kody Clemens 3B Kevin McGonigle C Adley Rutschman OF Wilyer Abreu OF Riley Greene OF Max Clark P Aaron Nola P Framber Valdez SS Trevor Story,,,
175,5258174798,PantherJedi48,0,102.2,1B Spencer Torkelson 2B Gleyber Torres 3B Kevin McGonigle C Carter Jensen OF Riley Greene OF Cam Smith OF Zach McKinstry P Taj Bradley P Framber Valdez SS Jeremy Pena,,,
175,5258354942,HamBone1977,0,102.2,1B Kyle Schwarber 2B Luis Arraez 3B Bryson Stott C Yainer Diaz OF Yordan Alvarez OF Riley Greene OF Daulton Varsho P Aaron Nola P Framber Valdez SS Kevin McGonigle,,,
175,5259030066,ksmith8800,0,102.2,1B Spencer Torkelson 2B Kody Clemens 3B Maikel Garcia C Dillon Dingler OF Yordan Alvarez OF Riley Greene OF Max Clark P Aaron Nola P Framber Valdez SS Jeremy Pena,,,
179,5258049661,skreiztin,0,102.1,1B Willson Contreras 2B Jose Altuve 3B Isaac Paredes C Yainer Diaz OF Yordan Alvarez OF Riley Greene OF Randal Grichuk P Taj Bradley P Ethan Pecko SS Jeremy Pena,,,
180,5258947975,JayKooks,0,102,1B Willson Contreras 2B Javier Baez 3B Caleb Durbin C Jake Rogers OF Juan Soto OF Yordan Alvarez OF Riley Greene P Sonny Gray P Walbert Urena SS Trevor Story,,,
181,5258222060,aurum48,0,101.85,1B Salvador Perez 2B Jose Altuve 3B Isaac Paredes C Yainer Diaz OF Yordan Alvarez OF John Rave OF Daulton Varsho P Nolan McLean P Walbert Urena SS Zach Neto,,,
181,5259061270,TwoHearted,0,101.85,1B Jake Burger 2B Oswald Peraza 3B Isaac Paredes C Danny Jansen OF Yordan Alvarez OF Mike Trout OF Brandon Nimmo P Nolan McLean P Walbert Urena SS Zach Neto,,,
181,5259158379,Socialmoses,0,101.85,1B Nick Sogard 2B Chase Meidroth 3B Denzer Guzman C Carter Jensen OF Bryce Harper OF Wyatt Langford OF Wade Meckler P Nolan McLean P Walbert Urena SS Zach Neto,,,
184,5258799448,timelydew,0,101.8,1B Spencer Torkelson 2B Chase Meidroth 3B Isaac Paredes C Yainer Diaz OF Yordan Alvarez OF Max Clark OF Emmanuel Rodriguez P Taj Bradley P Sonny Gray SS Jeremy Pena,,,
184,5259123819,therizzo,0,101.8,1B Kyle Schwarber 2B Kody Clemens 3B Brooks Lee C Francisco Alvarez OF Bryce Harper OF Walker Jenkins OF Emmanuel Rodriguez P Taj Bradley P Sonny Gray SS Ben Ross,,,
186,5258495293,Epatrick10172020,0,101.65,1B LaMonte Wade Jr. 2B Chase Meidroth 3B Miguel Vargas C Victor Caratini OF Yordan Alvarez OF Randal Grichuk OF Tommy Pham P Taj Bradley P Nolan McLean SS Kevin McGonigle,,,
186,5258767032,Aoteoroa,0,101.65,1B Willson Contreras 2B Gleyber Torres 3B Caleb Durbin C Yainer Diaz OF Yordan Alvarez OF Wilyer Abreu OF Jahmai Jones P Nolan McLean P Aaron Nola SS Jeremy Pena,,,
188,5258214217,pig2mugee,0,101.5,1B Alec Bohm 2B Luis Arraez 3B Isaac Paredes C Yainer Diaz OF Yordan Alvarez OF Riley Greene OF Brandon Marsh P Taj Bradley P Walbert Urena SS Trea Turner,,,
189,5258954155,vavo27,0,101.3,1B Willson Contreras 2B Brett Baty 3B Miguel Vargas C Francisco Alvarez OF Juan Soto OF Yordan Alvarez OF Jahmai Jones P Walbert Urena P Ethan Pecko SS Jeremy Pena,,,
190,5258896628,coastrat69,0,101.2,1B Spencer Torkelson 2B Javier Baez 3B Brooks Lee C Yainer Diaz OF Yordan Alvarez OF Riley Greene OF Luke Keaschall P Taj Bradley P Framber Valdez SS Jeremy Pena,,,
190,5259086915,skbymthd,0,101.2,1B Willson Contreras 2B Kody Clemens 3B Kevin McGonigle C Carter Jensen OF Riley Greene OF Roman Anthony OF Jahmai Jones P Taj Bradley P Framber Valdez SS Trevor Story,,,
192,5259160727,geb789,0,101.15,1B Munetaka Murakami 2B Michael Massey 3B Miguel Vargas C Moises Ballesteros OF Yordan Alvarez OF Wyatt Langford OF A.J. Ewing P Erick Fedde P Seth Lugo SS Jeremy Pena,,,
193,5258768640,Astros7,0,101,1B Josh Bell 2B Luis Arraez 3B Bryson Stott C Adley Rutschman OF Yordan Alvarez OF Kyle Schwarber OF Mike Trout P Aaron Nola P Seth Lugo SS Jeremy Pena,,,
194,5258356135,masonplays2014,0,100.85,1B Spencer Torkelson 2B Oswald Peraza 3B Kevin McGonigle C Moises Ballesteros OF Mike Trout OF Riley Greene OF Josh Lowe P Nolan McLean P Walbert Urena SS Zach Neto,,,
195,5258190040,lpratts,0,100.8,1B Willson Contreras 2B Kody Clemens 3B Isaac Paredes C Adley Rutschman OF Yordan Alvarez OF Jahmai Jones OF Tommy Pham P Taj Bradley P Sonny Gray SS Jeremy Pena,,,
195,5258347823,JBTribeTime,0,100.8,1B Spencer Torkelson 2B Michael Massey 3B Miguel Vargas C Adley Rutschman OF Yordan Alvarez OF Riley Greene OF Max Clark P Sonny Gray P Aaron Nola SS Trevor Story,,,
195,5258371967,BadMOFO55,0,100.8,1B Spencer Torkelson 2B Kody Clemens 3B Kevin McGonigle C Carter Jensen OF Riley Greene OF Randal Grichuk OF Tommy Pham P Taj Bradley P Sonny Gray SS Trevor Story,,,
198,5258621223,michaelshodson,0,100.7,1B Salvador Perez 2B Jose Altuve 3B Kevin McGonigle C Yainer Diaz OF Yordan Alvarez OF Daulton Varsho OF Taylor Trammell P Sonny Gray P Framber Valdez SS Bobby Witt Jr.,,,
199,5259167697,papabearjay,0,100.5,1B Willson Contreras 2B Chase Meidroth 3B Isaac Paredes C Yainer Diaz OF Yordan Alvarez OF Max Clark OF Emmanuel Rodriguez P Taj Bradley P Walbert Urena SS Corey Seager,,,
200,5258250725,carrma34,0,100.3,1B Willson Contreras 2B Nick Sogard 3B Caleb Durbin C Carter Jensen OF Riley Greene OF Randal Grichuk OF John Rave P Taj Bradley P Aaron Nola SS Jeremy Pena,,,
200,5258430014,gredow1979,0,100.3,1B Josh Bell 2B Javier Baez 3B Brooks Lee C Garrett Stubbs OF Yordan Alvarez OF Bryce Harper OF Riley Greene P Taj Bradley P Aaron Nola SS Trea Turner,,,
202,5258529177,ed8802,0,100.2,1B Salvador Perez 2B Michael Massey 3B Bryson Stott C Carter Jensen OF Juan Soto OF Yordan Alvarez OF Daulton Varsho P Taj Bradley P Framber Valdez SS Francisco Lindor,,,
202,5258876994,fritzruby1,0,100.2,1B Kyle Schwarber 2B Michael Massey 3B Bryson Stott C Carter Jensen OF Yordan Alvarez OF Daulton Varsho OF Jahmai Jones P Taj Bradley P Framber Valdez SS Bobby Witt Jr.,,,
202,5258962864,Dmerkel1980,0,100.2,1B Spencer Torkelson 2B Kody Clemens 3B Kevin McGonigle C Carter Jensen OF Riley Greene OF Max Clark OF Emmanuel Rodriguez P Taj Bradley P Framber Valdez SS Jeremy Pena,,,
202,5259164441,mtallman13,0,100.2,1B Kyle Schwarber 2B Gleyber Torres 3B Isaac Paredes C Garrett Stubbs OF Yordan Alvarez OF Bryce Harper OF Mike Trout P Aaron Nola P Framber Valdez SS Trea Turner,,,
206,5258368314,Itzpcraft,0,99.85,1B Jared Young 2B Jose Altuve 3B Isaac Paredes C Yainer Diaz OF Juan Soto OF Daulton Varsho OF Taylor Trammell P Nolan McLean P Walbert Urena SS Zach Neto,,,
207,5258773025,4prongdigger,0,99.8,1B Spencer Torkelson 2B Gleyber Torres 3B Isaac Paredes C Yainer Diaz OF Yordan Alvarez OF Riley Greene OF Zach McKinstry P Sonny Gray P Aaron Nola SS Jeremy Pena,,,
207,5258979354,Jimbobwae42,0,99.8,1B Spencer Torkelson 2B Chase Meidroth 3B Isaac Paredes C Yainer Diaz OF Yordan Alvarez OF Luke Keaschall OF Tommy Pham P Taj Bradley P Sonny Gray SS Jeremy Pena,,,
209,5258587131,Hallbsure37,0,99.65,1B Willson Contreras 2B Michael Massey 3B Kevin McGonigle C Carter Jensen OF Carson Benge OF Randal Grichuk OF Max Clark P Taj Bradley P Nolan McLean SS Trevor Story,,,
210,5258419878,chateaubowbow,0,99.5,1B Jared Young 2B Michael Massey 3B Kevin McGonigle C Danny Jansen OF Kyle Schwarber OF A.J. Ewing OF Max Clark P Taj Bradley P Walbert Urena SS Jeremy Pena,,,
210,5258874322,klb510,0,99.5,1B Willson Contreras 2B Kody Clemens 3B Josh Jung C Adley Rutschman OF Wilyer Abreu OF Luke Keaschall OF Jahmai Jones P Taj Bradley P Walbert Urena SS John Peck,,,
212,5258837731,TheRealKentDoss,0,99.2,1B Kyle Schwarber 2B Kody Clemens 3B Isaac Paredes C Yainer Diaz OF Yordan Alvarez OF Max Clark OF Emmanuel Rodriguez P Taj Bradley P Framber Valdez SS Jeremy Pena,,,
213,5258824364,tbark13,0,99,1B Josh Bell 2B Kody Clemens 3B Miguel Vargas C Carter Jensen OF Yordan Alvarez OF A.J. Ewing OF Max Clark P Taj Bradley P Seth Lugo SS Trevor Story,,,
213,5259123916,joshbrown1987,0,99,1B Kyle Schwarber 2B Jose Altuve 3B Bo Bichette C Dillon Dingler OF Yordan Alvarez OF Jarren Duran OF Daulton Varsho P Ethan Pecko P Framber Valdez SS Jeremy Pena,,,
215,5258640551,Sol04,0,98.85,1B Munetaka Murakami 2B Chase Meidroth 3B Miguel Vargas C Moises Ballesteros OF Mike Trout OF Riley Greene OF Braden Montgomery P Nolan McLean P Walbert Urena SS Luisangel Acuna,,,
216,5258228066,MKies816,0,98.8,1B Spencer Torkelson 2B Chase Meidroth 3B Brooks Lee C Yainer Diaz OF Yordan Alvarez OF Luke Keaschall OF Max Clark P Sonny Gray P Aaron Nola SS Kevin McGonigle,,,
216,5258433900,TinyGiant99,0,98.8,1B Willson Contreras 2B Jose Altuve 3B Isaac Paredes C Yainer Diaz OF Yordan Alvarez OF Jahmai Jones OF Tommy Pham P Taj Bradley P Sonny Gray SS Jeremy Pena,,,
216,5258482863,SierraMisk,0,98.8,1B Willson Contreras 2B Gleyber Torres 3B Kevin McGonigle C Adley Rutschman OF Riley Greene OF Max Clark OF Jahmai Jones P Taj Bradley P Sonny Gray SS Trevor Story,,,
216,5258631233,nikojoscelyn1,0,98.8,1B Kyle Schwarber 2B Luis Arraez 3B Bryson Stott C Adley Rutschman OF Bryce Harper OF Riley Greene OF Jarren Duran P Sonny Gray P Aaron Nola SS Trevor Story,,,
216,5258683945,4courtney4,0,98.8,1B Josh Bell 2B Jose Altuve 3B Isaac Paredes C Yainer Diaz OF Yordan Alvarez OF Randal Grichuk OF Tommy Pham P Taj Bradley P Sonny Gray SS Jeremy Pena,,,
216,5258770045,Yappin01,0,98.8,1B Willson Contreras 2B Jose Altuve 3B Isaac Paredes C Yainer Diaz OF Yordan Alvarez OF Jahmai Jones OF Tommy Pham P Taj Bradley P Sonny Gray SS Jeremy Pena,,,
216,5259029886,cujo_61pez,0,98.8,1B Willson Contreras 2B Chase Meidroth 3B Miguel Vargas C Jake Rogers OF Yordan Alvarez OF Randal Grichuk OF Tommy Pham P Taj Bradley P Sonny Gray SS Trevor Story,,,
216,5259057491,bobloblaw7648,0,98.8,1B Willson Contreras 2B Jose Altuve 3B Isaac Paredes C Yainer Diaz OF Yordan Alvarez OF Jahmai Jones OF Tommy Pham P Taj Bradley P Sonny Gray SS Jeremy Pena,,,
216,5259152255,ststeven420,0,98.8,1B Josh Bell 2B Luis Arraez 3B Isaac Paredes C Adley Rutschman OF Yordan Alvarez OF Randal Grichuk OF Daulton Varsho P Taj Bradley P Sonny Gray SS Trea Turner,,,
216,5259168793,kicksgame,0,98.8,1B Alec Bohm 2B Nick Sogard 3B Josh Jung C Carter Jensen OF Kyle Schwarber OF Wilyer Abreu OF Daulton Varsho P Sonny Gray P Aaron Nola SS Trea Turner,,,
226,5258723126,Birdzofprey15,0,98.65,1B Willson Contreras 2B Brett Baty 3B Kevin McGonigle C Adley Rutschman OF Wilyer Abreu OF Max Clark OF Jahmai Jones P Taj Bradley P Nolan McLean SS Trevor Story,,,
227,5259071642,jdaugherty,0,98.3,1B Spencer Torkelson 2B Gleyber Torres 3B Kevin McGonigle C Carter Jensen OF Riley Greene OF Randal Grichuk OF Brenton Doyle P Taj Bradley P Aaron Nola SS Maikel Garcia,,,
227,5259141936,jaascott26,0,98.3,1B Spencer Torkelson 2B Gleyber Torres 3B Josh Jung C Dillon Dingler OF Riley Greene OF Wyatt Langford OF Max Clark P Taj Bradley P Aaron Nola SS Corey Seager,,,
229,5258008718,THAKZZA,0,98.2,1B Kyle Schwarber 2B Brett Baty 3B Miguel Vargas C Yainer Diaz OF Bryce Harper OF Luke Keaschall OF Walker Jenkins P Taj Bradley P Framber Valdez SS Trea Turner,,,
229,5258180737,mwr2001,0,98.2,1B Kyle Schwarber 2B Gleyber Torres 3B Bryson Stott C Yainer Diaz OF Yordan Alvarez OF Daulton Varsho OF Jahmai Jones P Taj Bradley P Framber Valdez SS Bobby Witt Jr.,,,
229,5259146898,tblades,0,98.2,1B Spencer Torkelson 2B Luis Arraez 3B Kevin McGonigle C Carter Jensen OF Kyle Schwarber OF Bryce Harper OF Max Clark P Aaron Nola P Framber Valdez SS Trea Turner,,,
232,5258810086,janpierolopez,0,98,1B Munetaka Murakami 2B Michael Massey 3B Miguel Vargas C Carter Jensen OF Jac Caglianone OF Luke Keaschall OF A.J. Ewing P Taj Bradley P Seth Lugo SS Trevor Story,,,
232,5258811698,IBGOOD,0,98,1B Spencer Torkelson 2B Chase Meidroth 3B Isaac Paredes C Adley Rutschman OF Yordan Alvarez OF Carson Benge OF Tommy Pham P Sonny Gray P Walbert Urena SS Kevin McGonigle,,,
232,5259080642,justin.howard222,0,98,1B Alec Bohm 2B Chase Meidroth 3B Caleb Durbin C Yainer Diaz OF Juan Soto OF Mike Trout OF Riley Greene P Sonny Gray P Walbert Urena SS Trevor Story,,,
235,5259186308,RYANEOZ,0,97.85,1B Spencer Torkelson 2B Chase Meidroth 3B Kevin McGonigle C Dillon Dingler OF Riley Greene OF Randal Grichuk OF Tommy Pham P Nolan McLean P Walbert Urena SS Jeremy Pena,,,
236,5258135779,timmort2,0,97.8,1B Jared Young 2B Jose Altuve 3B Isaac Paredes C Carter Jensen OF Yordan Alvarez OF Daulton Varsho OF Jahmai Jones P Taj Bradley P Sonny Gray SS Francisco Lindor,,,
236,5258169010,joe_mac10,0,97.8,1B Salvador Perez 2B Chase Meidroth 3B Isaac Paredes C Yainer Diaz OF Juan Soto OF Max Clark OF Daulton Varsho P Taj Bradley P Sonny Gray SS Jeremy Pena,,,
236,5258206293,jpm_joshua2002,0,97.8,1B Salvador Perez 2B Chase Meidroth 3B Isaac Paredes C Yainer Diaz OF Juan Soto OF Max Clark OF Daulton Varsho P Taj Bradley P Sonny Gray SS Jeremy Pena,,,
236,5258304713,allyoucanbe,0,97.8,1B Jared Young 2B Jose Altuve 3B Isaac Paredes C Carter Jensen OF Yordan Alvarez OF Daulton Varsho OF Jahmai Jones P Taj Bradley P Sonny Gray SS Francisco Lindor,,,
236,5258354895,moosh20,0,97.8,1B Jared Young 2B Jose Altuve 3B Isaac Paredes C Carter Jensen OF Yordan Alvarez OF Daulton Varsho OF Jahmai Jones P Taj Bradley P Sonny Gray SS Francisco Lindor,,,
236,5258366746,tkanne24,0,97.8,1B Josh Bell 2B Chase Meidroth 3B Miguel Vargas C Yainer Diaz OF Yordan Alvarez OF Randal Grichuk OF Jahmai Jones P Taj Bradley P Sonny Gray SS Trevor Story,,,
236,5258467164,ericmint,0,97.8,1B Jared Young 2B Jose Altuve 3B Isaac Paredes C Carter Jensen OF Yordan Alvarez OF Daulton Varsho OF Jahmai Jones P Taj Bradley P Sonny Gray SS Francisco Lindor,,,
236,5258954158,Mikeypo2017,0,97.8,1B Jared Young 2B Jose Altuve 3B Isaac Paredes C Carter Jensen OF Yordan Alvarez OF Daulton Varsho OF Jahmai Jones P Taj Bradley P Sonny Gray SS Francisco Lindor,,,
236,5259059986,zingzang,0,97.8,1B Jared Young 2B Jose Altuve 3B Isaac Paredes C Carter Jensen OF Yordan Alvarez OF Daulton Varsho OF Jahmai Jones P Taj Bradley P Sonny Gray SS Francisco Lindor,,,
236,5259108498,hickokcpa,0,97.8,1B Willson Contreras 2B Brett Baty 3B Caleb Durbin C Carter Jensen OF Juan Soto OF John Rave OF Jahmai Jones P Taj Bradley P Sonny Gray SS Trevor Story,,,
236,5259137166,Phill585,0,97.8,1B Kyle Schwarber 2B Luis Arraez 3B Denzer Guzman C Moises Ballesteros OF Bryce Harper OF Wade Meckler OF Josh Lowe P Taj Bradley P Sonny Gray SS Trea Turner,,,
236,5259139068,kelevramojo,0,97.8,1B Jared Young 2B Jose Altuve 3B Isaac Paredes C Carter Jensen OF Yordan Alvarez OF Daulton Varsho OF Jahmai Jones P Taj Bradley P Sonny Gray SS Francisco Lindor,,,
248,5258169225,meodette,0,97.7,1B Moises Ballesteros 2B Jose Altuve 3B Isaac Paredes C Yainer Diaz OF Yordan Alvarez OF Mike Trout OF Daulton Varsho P Sonny Gray P Framber Valdez SS Zach Neto,,,
248,5258638612,BayMan3205,0,97.7,1B Spencer Torkelson 2B Gleyber Torres 3B Isaac Paredes C Adley Rutschman OF Juan Soto OF Yordan Alvarez OF Jahmai Jones P Sonny Gray P Framber Valdez SS Jeremy Pena,,,
250,5258983225,peningtoma11,0,97.65,1B Salvador Perez 2B Chase Meidroth 3B Caleb Durbin C Adley Rutschman OF Yordan Alvarez OF Carson Benge OF Cam Smith P Taj Bradley P Nolan McLean SS Jeremy Pena,,,
251,5257911627,Schoey17,0,97.5,1B Salvador Perez 2B Michael Massey 3B Maikel Garcia C Yainer Diaz OF Yordan Alvarez OF Bryce Harper OF John Rave P Walbert Urena P Aaron Nola SS Bobby Witt Jr.,,,
251,5258461983,austin60915,0,97.5,1B Spencer Torkelson 2B Chase Meidroth 3B Miguel Vargas C Dillon Dingler OF Randal Grichuk OF Brenton Doyle OF Tommy Pham P Taj Bradley P Walbert Urena SS Kevin McGonigle,,,
251,5258910836,boogie389,0,97.5,1B Kyle Schwarber 2B Chase Meidroth 3B Josh Jung C Garrett Stubbs OF Bryce Harper OF A.J. Ewing OF Justin Crawford P Taj Bradley P Walbert Urena SS Corey Seager,,,
251,5259084500,geoffm33,0,97.5,1B Spencer Torkelson 2B Chase Meidroth 3B Miguel Vargas C Dillon Dingler OF Randal Grichuk OF Brenton Doyle OF Tommy Pham P Taj Bradley P Walbert Urena SS Kevin McGonigle,,,
255,5259101911,mchlpaone,0,97.3,1B Salvador Perez 2B Michael Massey 3B Isaac Paredes C Yainer Diaz OF Yordan Alvarez OF Roman Anthony OF Taylor Trammell P Taj Bradley P Aaron Nola SS Bobby Witt Jr.,,,
255,5259174369,Nrmprorok,0,97.3,1B Spencer Torkelson 2B Luis Arraez 3B Kevin McGonigle C Carter Jensen OF Jac Caglianone OF Max Clark OF Justin Crawford P Taj Bradley P Aaron Nola SS Trea Turner,,,
257,5258653448,tylertaylor29,0,97.2,1B Willson Contreras 2B Jose Altuve 3B Isaac Paredes C Adley Rutschman OF Yordan Alvarez OF Jarren Duran OF Emmanuel Rodriguez P Taj Bradley P Framber Valdez SS Jeremy Pena,,,
257,5259176186,YaSureIsMe,0,97.2,1B Willson Contreras 2B Kody Clemens 3B Brooks Lee C Carter Jensen OF Jac Caglianone OF Luke Keaschall OF Emmanuel Rodriguez P Taj Bradley P Framber Valdez SS Jeremy Pena,,,
259,5258712058,Shazzam47,0,97.15,1B Munetaka Murakami 2B Chase Meidroth 3B Miguel Vargas C Moises Ballesteros OF Mike Trout OF Josh Lowe OF Tommy Pham P Sonny Gray P Nolan McLean SS Zach Neto,,,
259,5258754038,joey3phones,0,97.15,1B Josh Bell 2B Kody Clemens 3B Brooks Lee C Moises Ballesteros OF Mike Trout OF Luke Keaschall OF Walker Jenkins P Sonny Gray P Nolan McLean SS Zach Neto,,,
261,5259167898,mstorm7,0,97.1,1B Jake Burger 2B Luis Arraez 3B Josh Jung C Dillon Dingler OF Juan Soto OF Yordan Alvarez OF Kyle Schwarber P Aaron Nola P Ethan Pecko SS Trea Turner,,,
262,5259143990,Moosebastian,0,97,1B Kyle Schwarber 2B Kody Clemens 3B Ezequiel Duran C Carter Jensen OF Randal Grichuk OF Max Clark OF Emmanuel Rodriguez P Sonny Gray P Walbert Urena SS Jeremy Pena,,,
263,5258223602,kloosman,0,96.85,1B Jake Burger 2B Nicky Lopez 3B Miguel Vargas C Danny Jansen OF Mike Trout OF Wyatt Langford OF Brandon Nimmo P Nolan McLean P Walbert Urena SS Jeremy Pena,,,
264,5258849666,kgaah01,0,96.8,1B Munetaka Murakami 2B Javier Baez 3B Isaac Paredes C Dillon Dingler OF Riley Greene OF Max Clark OF Tommy Pham P Taj Bradley P Sonny Gray SS Kevin McGonigle,,,
264,5259091412,pistolpetej09,0,96.8,1B Salvador Perez 2B Luis Arraez 3B Brooks Lee C Adley Rutschman OF Yordan Alvarez OF A.J. Ewing OF Daulton Varsho P Taj Bradley P Sonny Gray SS Trea Turner,,,
266,5258110885,modece,0,96.7,1B Willson Contreras 2B Jose Altuve 3B Isaac Paredes C Adley Rutschman OF Yordan Alvarez OF Jarren Duran OF Cam Smith P Sonny Gray P Framber Valdez SS Jeremy Pena,,,
267,5258218114,jayrwebb,0,96.65,1B Spencer Torkelson 2B Chase Meidroth 3B Isaac Paredes C Carter Jensen OF Juan Soto OF Riley Greene OF Tommy Pham P Taj Bradley P Nolan McLean SS Trevor Story,,,
267,5258312029,jah_586,0,96.65,1B Royce Lewis 2B Kody Clemens 3B Ezequiel Duran C Victor Caratini OF Yordan Alvarez OF Luke Keaschall OF Walker Jenkins P Taj Bradley P Nolan McLean SS Corey Seager,,,
267,5258570447,Bears214,0,96.65,1B LaMonte Wade Jr. 2B Brett Baty 3B Isaac Paredes C Yainer Diaz OF Yordan Alvarez OF A.J. Ewing OF Cam Smith P Taj Bradley P Nolan McLean SS Bobby Witt Jr.,,,
267,5259148561,BlueDevilsFan41,0,96.65,1B Willson Contreras 2B Jose Altuve 3B Isaac Paredes C Yainer Diaz OF Juan Soto OF Daulton Varsho OF Tommy Pham P Taj Bradley P Nolan McLean SS Jeremy Pena,,,
271,5258175256,lpryan,0,96.5,1B Spencer Torkelson 2B Kody Clemens 3B Ezequiel Duran C Moises Ballesteros OF Yordan Alvarez OF Riley Greene OF A.J. Ewing P Walbert Urena P Aaron Nola SS Zach Neto,,,
271,5258278568,whitey1010,0,96.5,1B Willson Contreras 2B Brett Baty 3B Isaac Paredes C Yainer Diaz OF Mike Trout OF Carson Benge OF Wade Meckler P Taj Bradley P Walbert Urena SS Francisco Lindor,,,
271,5258491105,Rexella,0,96.5,1B Jake Burger 2B Chase Meidroth 3B Josh Jung C Carter Jensen OF Riley Greene OF Ezequiel Duran OF Brandon Nimmo P Taj Bradley P Walbert Urena SS Corey Seager,,,
271,5258984589,kfahey42,0,96.5,1B Spencer Torkelson 2B Luis Arraez 3B Caleb Durbin C Carter Jensen OF Bryce Harper OF Riley Greene OF Emmanuel Rodriguez P Walbert Urena P Aaron Nola SS Bobby Witt Jr.,,,
271,5259016691,mikebkmm5,0,96.5,1B Willson Contreras 2B Chase Meidroth 3B Ezequiel Duran C Yainer Diaz OF Riley Greene OF Roman Anthony OF Tommy Pham P Taj Bradley P Walbert Urena SS Jeremy Pena,,,
276,5258260174,chelterbrand,0,96.3,1B Josh Bell 2B Luis Arraez 3B Maikel Garcia C Carter Jensen OF Riley Greene OF Luke Keaschall OF Randal Grichuk P Taj Bradley P Aaron Nola SS Jeremy Pena,,,
276,5259143448,Ryanmauthe1,0,96.3,1B Nick Sogard 2B Gleyber Torres 3B Kevin McGonigle C Dillon Dingler OF Riley Greene OF Roman Anthony OF Zach McKinstry P Taj Bradley P Aaron Nola SS Trevor Story,,,
278,5258740356,stevoj,0,96.2,1B Spencer Torkelson 2B Chase Meidroth 3B Isaac Paredes C Dillon Dingler OF Yordan Alvarez OF Riley Greene OF Max Clark P Aaron Nola P Framber Valdez SS Kevin McGonigle,,,
278,5258772619,sh-13,0,96.2,1B Willson Contreras 2B Gleyber Torres 3B Kevin McGonigle C Dillon Dingler OF Riley Greene OF Roman Anthony OF Jahmai Jones P Taj Bradley P Framber Valdez SS Trevor Story,,,
280,5259115480,tybubs24,0,96,1B Kyle Schwarber 2B Javier Baez 3B Isaac Paredes C Moises Ballesteros OF Juan Soto OF Yordan Alvarez OF Josh Lowe P Sonny Gray P Walbert Urena SS John Peck,,,
280,5259145673,BigD0814,0,96,1B Kyle Schwarber 2B Michael Massey 3B Maikel Garcia C Moises Ballesteros OF Juan Soto OF Yordan Alvarez OF Bryce Harper P Aaron Nola P Seth Lugo SS Trevor Story,,,
282,5258789801,WizzleDB,0,95.8,1B Willson Contreras 2B Luis Arraez 3B Kevin McGonigle C Yainer Diaz OF Randal Grichuk OF Max Clark OF Justin Crawford P Taj Bradley P Sonny Gray SS Jeremy Pena,,,
282,5259177237,taildawg78,0,95.8,1B Willson Contreras 2B Kody Clemens 3B Caleb Durbin C Carter Jensen OF Luke Keaschall OF A.J. Ewing OF Max Clark P Taj Bradley P Sonny Gray SS Trevor Story,,,
284,5258508775,bucsnpucks9,0,95.7,1B Salvador Perez 2B Luis Arraez 3B Brooks Lee C Dillon Dingler OF Yordan Alvarez OF Jac Caglianone OF Riley Greene P Sonny Gray P Framber Valdez SS Trevor Story,,,
285,5259068202,TeamUGA_29,0,95.65,1B Royce Lewis 2B Kody Clemens 3B Brooks Lee C Victor Caratini OF Yordan Alvarez OF Luke Keaschall OF Daulton Varsho P Taj Bradley P Nolan McLean SS Francisco Lindor,,,
285,5259125894,dpcollects,0,95.65,1B Jared Young 2B Chase Meidroth 3B Isaac Paredes C Adley Rutschman OF Yordan Alvarez OF Riley Greene OF Tommy Pham P Taj Bradley P Nolan McLean SS Jeremy Pena,,,
287,5258664517,Dynistee,0,95.5,1B Kyle Schwarber 2B Hao-Yu Lee 3B Caleb Durbin C Adley Rutschman OF Yordan Alvarez OF Riley Greene OF Brandon Marsh P Walbert Urena P Aaron Nola SS Trea Turner,,,
288,5258923259,kevinu182,0,95.399994,1B Kyle Schwarber 2B Luis Arraez 3B Bryson Stott C Moises Ballesteros OF Juan Soto OF Bryce Harper OF Brandon Marsh P Walbert Urena P Framber Valdez SS Francisco Lindor,,,
289,5258186723,Johnnyw21,0,95.2,1B Jared Young 2B Michael Massey 3B Isaac Paredes C Carter Jensen OF Juan Soto OF Yordan Alvarez OF Daulton Varsho P Taj Bradley P Framber Valdez SS Francisco Lindor,,,
289,5258758798,Mrboozer,0,95.2,1B Josh Bell 2B Luis Arraez 3B Kevin McGonigle C Yainer Diaz OF Yordan Alvarez OF Carson Benge OF Daulton Varsho P Taj Bradley P Framber Valdez SS Francisco Lindor,,,
291,5258951848,BostonRob25,0,95,1B Spencer Torkelson 2B Luis Arraez 3B Isaac Paredes C Jake Rogers OF Yordan Alvarez OF Riley Greene OF Max Clark P Sonny Gray P Walbert Urena SS Zach Neto,,,
292,5258175573,cowboys228808,0,94.8,1B Willson Contreras 2B Gleyber Torres 3B Caleb Durbin C Adley Rutschman OF Riley Greene OF Roman Anthony OF Max Clark P Taj Bradley P Sonny Gray SS Trevor Story,,,
292,5258202067,cdub21,0,94.8,1B Spencer Torkelson 2B Chase Meidroth 3B Kevin McGonigle C Yainer Diaz OF Riley Greene OF Randal Grichuk OF Max Clark P Sonny Gray P Aaron Nola SS Jeremy Pena,,,
292,5258800912,brianrien430,0,94.8,1B Brett Baty 2B Jose Altuve 3B Isaac Paredes C Adley Rutschman OF Yordan Alvarez OF Daulton Varsho OF Jahmai Jones P Taj Bradley P Sonny Gray SS Bobby Witt Jr.,,,
292,5258841399,Krakow84,0,94.8,1B Willson Contreras 2B Nick Sogard 3B Caleb Durbin C Adley Rutschman OF Yordan Alvarez OF Jac Caglianone OF Tommy Pham P Taj Bradley P Sonny Gray SS Trevor Story,,,
292,5258853460,bignasty03,0,94.8,1B Kyle Schwarber 2B Chase Meidroth 3B Caleb Durbin C Adley Rutschman OF Bryce Harper OF Roman Anthony OF Jahmai Jones P Taj Bradley P Sonny Gray SS Trevor Story,,,
292,5258978121,vinny1979,0,94.8,1B Royce Lewis 2B Jose Altuve 3B Isaac Paredes C Yainer Diaz OF Yordan Alvarez OF Luke Keaschall OF Tommy Pham P Taj Bradley P Sonny Gray SS Jeremy Pena,,,
292,5259022505,Discostupendously,0,94.8,1B Willson Contreras 2B Gleyber Torres 3B Caleb Durbin C Dillon Dingler OF Wilyer Abreu OF Roman Anthony OF Luke Keaschall P Sonny Gray P Aaron Nola SS Trevor Story,,,
299,5258005874,PhDegen,0,94.65,1B Josh Bell 2B Chase Meidroth 3B Brooks Lee C Carter Jensen OF Yordan Alvarez OF Randal Grichuk OF Jahmai Jones P Taj Bradley P Nolan McLean SS Francisco Lindor,,,
299,5258728605,Maidenkill,0,94.65,1B Spencer Torkelson 2B Michael Massey 3B Josh Jung C Adley Rutschman OF Juan Soto OF Carson Benge OF Luke Keaschall P Taj Bradley P Nolan McLean SS Trevor Story,,,
299,5259018929,BIGKDUNN,0,94.65,1B Jared Young 2B Luis Arraez 3B Bryson Stott C Carter Jensen OF Yordan Alvarez OF Kyle Schwarber OF Randal Grichuk P Nolan McLean P Aaron Nola SS Trea Turner,,,
299,5259172759,RyBro24,0,94.65,1B Josh Bell 2B Chase Meidroth 3B Brooks Lee C Carter Jensen OF Yordan Alvarez OF Randal Grichuk OF Jahmai Jones P Taj Bradley P Nolan McLean SS Francisco Lindor,,,
303,5258177196,bluefalcon67114,0,94.5,1B Jared Young 2B Michael Massey 3B Kevin McGonigle C Adley Rutschman OF Jac Caglianone OF Riley Greene OF A.J. Ewing P Taj Bradley P Walbert Urena SS Trevor Story,,,
304,5258685489,DFSqueenie,0,94.15,1B Willson Contreras 2B Michael Massey 3B Caleb Durbin C Carter Jensen OF Yordan Alvarez OF Max Clark OF Emmanuel Rodriguez P Sonny Gray P Nolan McLean SS Jeremy Pena,,,
304,5258775534,wanders64,0,94.15,1B Moises Ballesteros 2B Chase Meidroth 3B Miguel Vargas C Adley Rutschman OF Yordan Alvarez OF Riley Greene OF Jahmai Jones P Sonny Gray P Nolan McLean SS Trevor Story,,,
306,5258489309,TrojanMom85,0,94.1,1B Spencer Torkelson 2B Chase Meidroth 3B Miguel Vargas C Carter Jensen OF Riley Greene OF A.J. Ewing OF Max Clark P Taj Bradley P Ethan Pecko SS Jeremy Pena,,,
307,5258697479,Hockeybob8,0,94,1B Spencer Torkelson 2B Jose Altuve 3B Isaac Paredes C Carter Jensen OF Wyatt Langford OF Carson Benge OF Wade Meckler P Sonny Gray P Walbert Urena SS Maikel Garcia,,,
308,5259045785,jvh2122,0,93.85,1B Munetaka Murakami 2B Nicky Lopez 3B Bo Bichette C Moises Ballesteros OF Juan Soto OF Carson Benge OF A.J. Ewing P Nolan McLean P Walbert Urena SS Francisco Lindor,,,
309,5258185923,KrazyTF,0,93.8,1B Willson Contreras 2B Kody Clemens 3B Brooks Lee C Adley Rutschman OF Roman Anthony OF Luke Keaschall OF Jarren Duran P Sonny Gray P Aaron Nola SS Trevor Story,,,
309,5258275357,bookert21,0,93.8,1B Kyle Schwarber 2B Luis Arraez 3B Isaac Paredes C Yainer Diaz OF Yordan Alvarez OF Daulton Varsho OF Tommy Pham P Taj Bradley P Sonny Gray SS Trea Turner,,,
309,5258622105,mattped23,0,93.8,1B Willson Contreras 2B Michael Massey 3B Maikel Garcia C Yainer Diaz OF Yordan Alvarez OF John Rave OF Jahmai Jones P Taj Bradley P Sonny Gray SS Jeremy Pena,,,
309,5258973193,pelicans777,0,93.8,1B Willson Contreras 2B Jose Altuve 3B Isaac Paredes C Yainer Diaz OF Wilyer Abreu OF A.J. Ewing OF Max Clark P Taj Bradley P Sonny Gray SS Trevor Story,,,
309,5259123157,mrxkronz,0,93.8,1B Josh Bell 2B Chase Meidroth 3B Miguel Vargas C Yainer Diaz OF Yordan Alvarez OF Jahmai Jones OF Tommy Pham P Taj Bradley P Sonny Gray SS Jeremy Pena,,,
309,5259137116,regan3,0,93.8,1B Willson Contreras 2B Nick Sogard 3B Caleb Durbin C Carter Jensen OF Riley Greene OF Carson Benge OF Max Clark P Taj Bradley P Sonny Gray SS Trevor Story,,,
315,5259164793,bill3521,0,93.7,1B Spencer Torkelson 2B Michael Massey 3B Kevin McGonigle C Yainer Diaz OF Yordan Alvarez OF Riley Greene OF Carson Benge P Sonny Gray P Framber Valdez SS Trevor Story,,,
316,5259136932,EvenSteven75,0,93.65,1B Jared Young 2B Jose Altuve 3B Isaac Paredes C Jake Rogers OF Juan Soto OF Yordan Alvarez OF Tommy Pham P Taj Bradley P Nolan McLean SS Jeremy Pena,,,
317,5258754804,souge369,0,93.55,1B Kyle Schwarber 2B Nick Sogard 3B Brooks Lee C Victor Caratini OF Juan Soto OF Bryce Harper OF Wyatt Langford P Nolan McLean P Framber Valdez SS Trevor Story,,,
317,5259045524,angryoldman56,0,93.55,1B Brett Baty 2B Chase Meidroth 3B Brooks Lee C Carter Jensen OF Juan Soto OF Yordan Alvarez OF Max Clark P Nolan McLean P Framber Valdez SS Francisco Lindor,,,
319,5258310650,Tamptrio12,0,93.5,1B Spencer Torkelson 2B Jose Altuve 3B Caleb Durbin C Carter Jensen OF Riley Greene OF A.J. Ewing OF Max Clark P Taj Bradley P Walbert Urena SS Zach Neto,,,
319,5258397667,juliom328,0,93.5,1B Jared Young 2B Michael Massey 3B Bo Bichette C Carter Jensen OF Juan Soto OF Carson Benge OF Daulton Varsho P Taj Bradley P Walbert Urena SS Francisco Lindor,,,
319,5258762797,Moeg196,0,93.5,1B Alec Bohm 2B Chase Meidroth 3B Miguel Vargas C Jake Rogers OF Riley Greene OF Jarren Duran OF Randal Grichuk P Taj Bradley P Walbert Urena SS Jeremy Pena,,,
322,5258275562,canovsp,0,93.3,1B Spencer Torkelson 2B Chase Meidroth 3B Miguel Vargas C Dillon Dingler OF Riley Greene OF Randal Grichuk OF Tommy Pham P Taj Bradley P Aaron Nola SS Jeremy Pena,,,
322,5258624943,JudgeGrimm,0,93.3,1B Kyle Schwarber 2B Kody Clemens 3B Isaac Paredes C Yainer Diaz OF Yordan Alvarez OF Bryce Harper OF Emmanuel Rodriguez P Taj Bradley P Aaron Nola SS Tristan Gray,,,
322,5258785746,stiggy24,0,93.3,1B Kyle Schwarber 2B Luis Arraez 3B Brooks Lee C Garrett Stubbs OF Bryce Harper OF Luke Keaschall OF Brandon Marsh P Taj Bradley P Aaron Nola SS Kevin McGonigle,,,
325,5257997538,bluester111,0,93.2,1B Jared Young 2B Chase Meidroth 3B Bryson Stott C Carter Jensen OF Juan Soto OF Yordan Alvarez OF Jahmai Jones P Taj Bradley P Framber Valdez SS Francisco Lindor,,,
325,5258833707,humboldtjeff,0,93.2,1B Jake Burger 2B Luis Arraez 3B Isaac Paredes C Carter Jensen OF Yordan Alvarez OF Riley Greene OF Randal Grichuk P Taj Bradley P Framber Valdez SS Corey Seager,,,
325,5259123867,Spenjiy,0,93.2,1B Moises Ballesteros 2B Luis Arraez 3B Brooks Lee C Adley Rutschman OF Juan Soto OF Yordan Alvarez OF Carson Benge P Aaron Nola P Framber Valdez SS Bobby Witt Jr.,,,
328,5258265732,Sernatime,0,93.15,1B Moises Ballesteros 2B Brett Baty 3B Denzer Guzman C Francisco Alvarez OF Juan Soto OF Yordan Alvarez OF Riley Greene P Sonny Gray P Nolan McLean SS Trevor Story,,,
328,5259162474,kingofthahill1976,0,93.15,1B Moises Ballesteros 2B Brett Baty 3B Denzer Guzman C Francisco Alvarez OF Juan Soto OF Yordan Alvarez OF Riley Greene P Sonny Gray P Nolan McLean SS Trevor Story,,,
330,5258455995,csurunnerccr,0,93,1B Spencer Torkelson 2B Oswald Peraza 3B Kevin McGonigle C Dillon Dingler OF Riley Greene OF Jose Siri OF Josh Lowe P Sonny Gray P Walbert Urena SS Zach Neto,,,
331,5258700073,Jiwyman1,0,92.85,1B Jared Young 2B Chase Meidroth 3B Isaac Paredes C Carter Jensen OF Yordan Alvarez OF Riley Greene OF Jahmai Jones P Nolan McLean P Walbert Urena SS Francisco Lindor,,,
331,5259130810,DeMarcoble1,0,92.85,1B Jared Young 2B Luis Arraez 3B Kevin McGonigle C Adley Rutschman OF Yordan Alvarez OF Jose Siri OF Max Clark P Nolan McLean P Walbert Urena SS Corey Seager,,,
333,5258152093,dparrishsc,0,92.8,1B Alec Bohm 2B Jose Altuve 3B Isaac Paredes C Yainer Diaz OF Yordan Alvarez OF A.J. Ewing OF Emmanuel Rodriguez P Taj Bradley P Sonny Gray SS Jeremy Pena,,,
333,5258236467,Tbwspartan,0,92.8,1B Royce Lewis 2B Kody Clemens 3B Caleb Durbin C Adley Rutschman OF Yordan Alvarez OF Jarren Duran OF Jahmai Jones P Taj Bradley P Sonny Gray SS Trevor Story,,,
333,5258853121,gazmon,0,92.8,1B Willson Contreras 2B Javier Baez 3B Bryson Stott C Adley Rutschman OF Wilyer Abreu OF Roman Anthony OF A.J. Ewing P Taj Bradley P Sonny Gray SS Trevor Story,,,
333,5258967981,jrfromdena,0,92.8,1B Willson Contreras 2B Michael Massey 3B Bryson Stott C Yainer Diaz OF Juan Soto OF Randal Grichuk OF John Rave P Sonny Gray P Aaron Nola SS Jeremy Pena,,,
333,5259021410,slingshot_88,0,92.8,1B Jared Young 2B Michael Massey 3B Isaac Paredes C Carter Jensen OF Juan Soto OF Riley Greene OF John Rave P Taj Bradley P Sonny Gray SS Trevor Story,,,
333,5259131494,Hildreth74,0,92.8,1B Josh Bell 2B Chase Meidroth 3B Bryson Stott C Moises Ballesteros OF Bryce Harper OF Mike Trout OF Jahmai Jones P Taj Bradley P Sonny Gray SS Corey Seager,,,
333,5259139719,swright71,0,92.8,1B Kyle Schwarber 2B Michael Massey 3B Caleb Durbin C Yainer Diaz OF Yordan Alvarez OF A.J. Ewing OF Max Clark P Taj Bradley P Sonny Gray SS Trevor Story,,,
333,5259187194,Traveshamockery,0,92.8,1B Royce Lewis 2B Kody Clemens 3B Caleb Durbin C Adley Rutschman OF Yordan Alvarez OF Jarren Duran OF Jahmai Jones P Taj Bradley P Sonny Gray SS Trevor Story,,,
341,5258254455,maestrobobcobb,0,92.7,1B Willson Contreras 2B Brett Baty 3B Caleb Durbin C Yainer Diaz OF Juan Soto OF Yordan Alvarez OF Riley Greene P Sonny Gray P Framber Valdez SS Trevor Story,,,
342,5258170230,Dethstar1972,0,92.65,1B Willson Contreras 2B Chase Meidroth 3B Kevin McGonigle C Moises Ballesteros OF Wilyer Abreu OF A.J. Ewing OF Tommy Pham P Nolan McLean P Aaron Nola SS Jeremy Pena,,,
343,5258162239,sehanshaw,0,92.5,1B Jake Burger 2B Chase Meidroth 3B Miguel Vargas C Carter Jensen OF A.J. Ewing OF Randal Grichuk OF Max Clark P Taj Bradley P Walbert Urena SS Corey Seager,,,
343,5258691078,docsavage22,0,92.5,1B Josh Bell 2B Javier Baez 3B Isaac Paredes C Yainer Diaz OF Yordan Alvarez OF Jac Caglianone OF John Rave P Taj Bradley P Walbert Urena SS Maikel Garcia,,,
345,5258535414,mattj93,0,92.2,1B Willson Contreras 2B Luis Arraez 3B Bryson Stott C Adley Rutschman OF Kyle Schwarber OF Bryce Harper OF Wade Meckler P Walbert Urena P Seth Lugo SS Zach Neto,,,
345,5258543270,downhomedogg,0,92.2,1B Spencer Torkelson 2B Gleyber Torres 3B Kevin McGonigle C Victor Caratini OF Riley Greene OF John Rave OF Daulton Varsho P Taj Bradley P Framber Valdez SS Bobby Witt Jr.,,,
345,5258697387,Goatradamus,0,92.2,1B Josh Bell 2B Kody Clemens 3B Brooks Lee C Carter Jensen OF Jac Caglianone OF Bryce Harper OF Riley Greene P Aaron Nola P Framber Valdez SS Corey Seager,,,
345,5259158341,elipin,0,92.2,1B Willson Contreras 2B Jose Altuve 3B Kevin McGonigle C Yainer Diaz OF Riley Greene OF Roman Anthony OF Jahmai Jones P Taj Bradley P Framber Valdez SS Trevor Story,,,
349,5258925304,MillCityKid978,0,92.15,1B Alec Bohm 2B Kody Clemens 3B Caleb Durbin C Yainer Diaz OF Yordan Alvarez OF Kyle Schwarber OF Max Clark P Sonny Gray P Nolan McLean SS Trevor Story,,,
350,5259147937,iBFlexSin,0,92,1B Willson Contreras 2B Kody Clemens 3B Denzer Guzman C Carter Jensen OF Riley Greene OF Wade Meckler OF Emmanuel Rodriguez P Sonny Gray P Walbert Urena SS Zach Neto,,,
351,5259146543,bposluszny,0,91.85,1B Spencer Torkelson 2B Nick Sogard 3B Ezequiel Duran C Carter Jensen OF Juan Soto OF Carson Benge OF Jahmai Jones P Nolan McLean P Walbert Urena SS Jeremy Pena,,,
352,5258485686,PghSteele23,0,91.8,1B Josh Bell 2B Jose Altuve 3B Bo Bichette C Yainer Diaz OF Bryce Harper OF Carson Benge OF Jarren Duran P Taj Bradley P Sonny Gray SS Trevor Story,,,
352,5259101268,dverstovsek,0,91.8,1B Royce Lewis 2B Kody Clemens 3B Brooks Lee C Victor Caratini OF Yordan Alvarez OF Luke Keaschall OF Brandon Marsh P Taj Bradley P Sonny Gray SS Trea Turner,,,
352,5259138137,draysr1,0,91.8,1B Josh Bell 2B Luis Arraez 3B Bo Bichette C Moises Ballesteros OF Mike Trout OF Roman Anthony OF Ezequiel Duran P Taj Bradley P Sonny Gray SS Trevor Story,,,
352,5259178034,theczar89,0,91.8,1B Kyle Schwarber 2B Nick Sogard 3B Isaac Paredes C Adley Rutschman OF Bryce Harper OF Wyatt Langford OF Daulton Varsho P Sonny Gray P Aaron Nola SS Trea Turner,,,
356,5258654901,CrucialConflict74,0,91.65,1B Willson Contreras 2B Kody Clemens 3B Miguel Vargas C Carter Jensen OF A.J. Ewing OF John Rave OF Isaac Collins P Taj Bradley P Nolan McLean SS Trevor Story,,,
356,5258856914,Tarheels3,0,91.65,1B Spencer Torkelson 2B Gleyber Torres 3B Isaac Paredes C Yainer Diaz OF Riley Greene OF Max Clark OF Daulton Varsho P Taj Bradley P Nolan McLean SS Kevin McGonigle,,,
358,5258360959,zona1011,0,91.5,1B Willson Contreras 2B Jose Altuve 3B Isaac Paredes C Adley Rutschman OF Wilyer Abreu OF Roman Anthony OF Jahmai Jones P Taj Bradley P Walbert Urena SS John Peck,,,
359,5259120660,makaylan,0,91.399994,1B Josh Bell 2B Gleyber Torres 3B Bo Bichette C Adley Rutschman OF Wilyer Abreu OF Bryce Harper OF Carson Benge P Walbert Urena P Framber Valdez SS Francisco Lindor,,,
359,5259132518,CroatianSensation,0,91.399994,1B Nick Sogard 2B Gleyber Torres 3B Bo Bichette C Dillon Dingler OF Yordan Alvarez OF Riley Greene OF Javier Baez P Walbert Urena P Framber Valdez SS Kevin McGonigle,,,
361,5259041051,Fuhkair,0,91.2,1B Spencer Torkelson 2B Michael Massey 3B Isaac Paredes C Dillon Dingler OF Yordan Alvarez OF Carson Benge OF John Rave P Taj Bradley P Framber Valdez SS Kevin McGonigle,,,
361,5259125951,ABourgeois75,0,91.2,1B Spencer Torkelson 2B Kody Clemens 3B Kevin McGonigle C Dillon Dingler OF Riley Greene OF Justin Crawford OF Emmanuel Rodriguez P Taj Bradley P Framber Valdez SS Jeremy Pena,,,
363,5258390270,Tmart2170,0,91.15,1B Jared Young 2B Chase Meidroth 3B Isaac Paredes C Francisco Alvarez OF Juan Soto OF Yordan Alvarez OF Max Clark P Sonny Gray P Nolan McLean SS Trevor Story,,,
363,5258823917,Tbonesgolf57,0,91.15,1B Willson Contreras 2B Brett Baty 3B Isaac Paredes C Garrett Stubbs OF Juan Soto OF Yordan Alvarez OF Carson Benge P Sonny Gray P Nolan McLean SS Trevor Story,,,
365,5258491987,PokerChump,0,90.85,1B Jared Young 2B Chase Meidroth 3B Denzer Guzman C Moises Ballesteros OF Juan Soto OF Mike Trout OF Wade Meckler P Nolan McLean P Walbert Urena SS Zach Neto,,,
365,5259126720,celeryhater,0,90.85,1B Willson Contreras 2B Nick Sogard 3B Isaac Paredes C Carter Jensen OF A.J. Ewing OF Max Clark OF John Rave P Nolan McLean P Walbert Urena SS Kevin McGonigle,,,
365,5259137105,Jaegotdat,0,90.85,1B Spencer Torkelson 2B Chase Meidroth 3B Maikel Garcia C Moises Ballesteros OF Juan Soto OF A.J. Ewing OF Randal Grichuk P Nolan McLean P Walbert Urena SS Jeremy Pena,,,
368,5257967954,jmh9987,0,90.8,1B Willson Contreras 2B Jose Altuve 3B Caleb Durbin C Dillon Dingler OF Yordan Alvarez OF Luke Keaschall OF Wade Meckler P Sonny Gray P Aaron Nola SS John Peck,,,
368,5258187915,berwynbuck,0,90.8,1B Willson Contreras 2B Chase Meidroth 3B Isaac Paredes C Carter Jensen OF Yordan Alvarez OF Jahmai Jones OF Tommy Pham P Taj Bradley P Sonny Gray SS Francisco Lindor,,,
368,5258462511,mgo14,0,90.8,1B LaMonte Wade Jr. 2B Brett Baty 3B Miguel Vargas C Garrett Stubbs OF Juan Soto OF Yordan Alvarez OF Tommy Pham P Taj Bradley P Sonny Gray SS Francisco Lindor,,,
368,5258835404,Hilvon,0,90.8,1B Jared Young 2B Jose Altuve 3B Isaac Paredes C Yainer Diaz OF Yordan Alvarez OF Randal Grichuk OF Daulton Varsho P Taj Bradley P Sonny Gray SS Francisco Lindor,,,
368,5258888972,tjtjtj101,0,90.8,1B Willson Contreras 2B Michael Massey 3B Caleb Durbin C Adley Rutschman OF Wilyer Abreu OF Riley Greene OF Max Clark P Taj Bradley P Sonny Gray SS Trevor Story,,,
368,5258944315,scn462,0,90.8,1B Alec Bohm 2B Gleyber Torres 3B Kevin McGonigle C Dillon Dingler OF Yordan Alvarez OF Riley Greene OF Max Clark P Sonny Gray P Aaron Nola SS Luisangel Acuna,,,
368,5259017235,Marsharks,0,90.8,1B Jared Young 2B Chase Meidroth 3B Isaac Paredes C Yainer Diaz OF Yordan Alvarez OF Randal Grichuk OF Daulton Varsho P Taj Bradley P Sonny Gray SS Francisco Lindor,,,
368,5259020889,mrnorrad,0,90.8,1B Willson Contreras 2B Chase Meidroth 3B Isaac Paredes C Carter Jensen OF Yordan Alvarez OF Jahmai Jones OF Tommy Pham P Taj Bradley P Sonny Gray SS Francisco Lindor,,,
368,5259050439,massdestruct1,0,90.8,1B Kyle Schwarber 2B Michael Massey 3B Isaac Paredes C Yainer Diaz OF Yordan Alvarez OF Daulton Varsho OF Cam Smith P Sonny Gray P Aaron Nola SS Bobby Witt Jr.,,,
368,5259100913,johnbrock636,0,90.8,1B Jared Young 2B Michael Massey 3B Isaac Paredes C Dillon Dingler OF Yordan Alvarez OF Max Clark OF Daulton Varsho P Taj Bradley P Sonny Gray SS Francisco Lindor,,,
368,5259154615,edd1272,0,90.8,1B Spencer Torkelson 2B Michael Massey 3B Caleb Durbin C Yainer Diaz OF Yordan Alvarez OF Kyle Schwarber OF A.J. Ewing P Taj Bradley P Sonny Gray SS Trevor Story,,,
379,5258268530,yawkeyway8,0,90.65,1B Willson Contreras 2B Chase Meidroth 3B Isaac Paredes C Adley Rutschman OF Riley Greene OF Luke Keaschall OF Randal Grichuk P Taj Bradley P Nolan McLean SS Trevor Story,,,
379,5258719108,Javon213,0,90.65,1B Salvador Perez 2B Jose Altuve 3B Isaac Paredes C Francisco Alvarez OF Yordan Alvarez OF Luke Keaschall OF Jahmai Jones P Taj Bradley P Nolan McLean SS Jeremy Pena,,,
379,5259126903,cyclones82,0,90.65,1B Willson Contreras 2B Chase Meidroth 3B Isaac Paredes C Dillon Dingler OF Juan Soto OF Randal Grichuk OF Jahmai Jones P Taj Bradley P Nolan McLean SS Trevor Story,,,
382,5258647245,markandrewbray,0,90.5,1B Spencer Torkelson 2B Chase Meidroth 3B Maikel Garcia C Carter Jensen OF Kyle Schwarber OF Max Clark OF Tommy Pham P Taj Bradley P Walbert Urena SS Francisco Lindor,,,
382,5258914422,Q33Q,0,90.5,1B Kyle Schwarber 2B Luis Arraez 3B Caleb Durbin C Yainer Diaz OF Bryce Harper OF A.J. Ewing OF Brandon Marsh P Taj Bradley P Walbert Urena SS Trea Turner,,,
382,5259151354,Apson86,0,90.5,1B Salvador Perez 2B Chase Meidroth 3B Maikel Garcia C Yainer Diaz OF Riley Greene OF Randal Grichuk OF Taylor Trammell P Taj Bradley P Walbert Urena SS Bobby Witt Jr.,,,
382,5259158962,Sockeyesalmon,0,90.5,1B Jake Burger 2B Gleyber Torres 3B Kevin McGonigle C Victor Caratini OF Kyle Schwarber OF Wyatt Langford OF Ezequiel Duran P Walbert Urena P Aaron Nola SS Corey Seager,,,
386,5258864624,Lilp7611,0,90.45,1B Willson Contreras 2B Brett Baty 3B Bo Bichette C Yainer Diaz OF Juan Soto OF Yordan Alvarez OF Carson Benge P Nolan McLean P Ethan Pecko SS Jeremy Pena,,,
387,5258686060,Dan2791,0,90.399994,1B Willson Contreras 2B Michael Massey 3B Isaac Paredes C Dillon Dingler OF Mike Trout OF Riley Greene OF Max Clark P Walbert Urena P Framber Valdez SS Kevin McGonigle,,,
388,5258573494,smithbrandon7,0,90.3,1B Josh Bell 2B Kody Clemens 3B Brooks Lee C Carter Jensen OF Luke Keaschall OF John Rave OF Emmanuel Rodriguez P Taj Bradley P Aaron Nola SS Bobby Witt Jr.,,,
388,5258970021,ItzFatalBruh89,0,90.3,1B Alec Bohm 2B Chase Meidroth 3B Josh Jung C Carter Jensen OF Wyatt Langford OF Ezequiel Duran OF Brandon Nimmo P Taj Bradley P Aaron Nola SS Bobby Witt Jr.,,,
388,5259030222,inita41,0,90.3,1B Kyle Schwarber 2B Luis Arraez 3B Josh Jung C Garrett Stubbs OF Bryce Harper OF Riley Greene OF Ezequiel Duran P Taj Bradley P Aaron Nola SS Trea Turner,,,
388,5259142236,Mirth,0,90.3,1B Spencer Torkelson 2B Michael Massey 3B Brooks Lee C Carter Jensen OF Jac Caglianone OF Randal Grichuk OF John Rave P Taj Bradley P Aaron Nola SS Bobby Witt Jr.,,,
392,5257994862,TheRealPeterman,0,90.2,1B Spencer Torkelson 2B Jose Altuve 3B Kevin McGonigle C Dillon Dingler OF Juan Soto OF Bryce Harper OF Jahmai Jones P Taj Bradley P Framber Valdez SS Ben Ross,,,
392,5258116895,NextSignal,0,90.2,1B Willson Contreras 2B Nick Sogard 3B Caleb Durbin C Francisco Alvarez OF Juan Soto OF Yordan Alvarez OF Jahmai Jones P Taj Bradley P Framber Valdez SS Jeremy Pena,,,
392,5259170504,RasEmeru,0,90.2,1B LaMonte Wade Jr. 2B Gleyber Torres 3B Denzer Guzman C Adley Rutschman OF Juan Soto OF Kyle Schwarber OF Wilyer Abreu P Walbert Urena P Seth Lugo SS Francisco Lindor,,,
395,5258478732,anteyup,0,90.15,1B Jared Young 2B Jose Altuve 3B Isaac Paredes C Yainer Diaz OF Yordan Alvarez OF Wilyer Abreu OF A.J. Ewing P Sonny Gray P Nolan McLean SS Trevor Story,,,
395,5258504673,kg0506,0,90.15,1B Moises Ballesteros 2B Chase Meidroth 3B Kevin McGonigle C Francisco Alvarez OF Yordan Alvarez OF A.J. Ewing OF Jahmai Jones P Sonny Gray P Nolan McLean SS Jeremy Pena,,,
397,5258250099,stumpfest,0,90,1B Alec Bohm 2B Chase Meidroth 3B Kevin McGonigle C Carter Jensen OF Riley Greene OF Max Clark OF Emmanuel Rodriguez P Sonny Gray P Walbert Urena SS Zach Neto,,,
397,5258382914,rikyrotten,0,90,1B Moises Ballesteros 2B Nick Sogard 3B Miguel Vargas C Francisco Alvarez OF Juan Soto OF Roman Anthony OF Randal Grichuk P Sonny Gray P Walbert Urena SS Trevor Story,,,
399,5258270951,cwiert17,0,89.8,1B Willson Contreras 2B Chase Meidroth 3B Miguel Vargas C Adley Rutschman OF A.J. Ewing OF Randal Grichuk OF Max Clark P Taj Bradley P Sonny Gray SS Trevor Story,,,
399,5258425861,berzaj23,0,89.8,1B Josh Bell 2B Kody Clemens 3B Brooks Lee C Carter Jensen OF Luke Keaschall OF Daulton Varsho OF Emmanuel Rodriguez P Taj Bradley P Sonny Gray SS Bobby Witt Jr.,,,
399,5258555613,Coxy1664,0,89.8,1B Josh Bell 2B Luis Arraez 3B Kevin McGonigle C Adley Rutschman OF Juan Soto OF Randal Grichuk OF Alan Roden P Taj Bradley P Sonny Gray SS Trevor Story,,,
399,5259115507,KINGOFNY21,0,89.8,1B Willson Contreras 2B Michael Massey 3B Kevin McGonigle C Dillon Dingler OF Riley Greene OF Max Clark OF Zach McKinstry P Taj Bradley P Sonny Gray SS Trevor Story,,,
403,5259112821,BaWalter,0,89.7,1B Munetaka Murakami 2B Javier Baez 3B Bo Bichette C Garrett Stubbs OF Yordan Alvarez OF Kyle Schwarber OF A.J. Ewing P Sonny Gray P Framber Valdez SS Kevin McGonigle,,,
404,5257879674,af6retired,0,89.65,1B Willson Contreras 2B Nick Sogard 3B Ezequiel Duran C Adley Rutschman OF Yordan Alvarez OF Jarren Duran OF Evan Carter P Taj Bradley P Nolan McLean SS Trevor Story,,,
404,5258589003,Dennyban,0,89.65,1B Willson Contreras 2B Luis Arraez 3B Ezequiel Duran C Garrett Stubbs OF Yordan Alvarez OF Riley Greene OF A.J. Ewing P Taj Bradley P Nolan McLean SS Trevor Story,,,
406,5259075775,BrocNessMonster,0,89.55,1B LaMonte Wade Jr. 2B Michael Massey 3B Caleb Durbin C Carter Jensen OF Yordan Alvarez OF Jac Caglianone OF Carson Benge P Nolan McLean P Framber Valdez SS Bobby Witt Jr.,,,
407,5258317505,okiedokie81,0,89.45,1B Kyle Schwarber 2B Chase Meidroth 3B Josh Jung C Yainer Diaz OF Jac Caglianone OF A.J. Ewing OF Randal Grichuk P Taj Bradley P Erick Fedde SS Jeremy Pena,,,
407,5258414725,Falconetti,0,89.45,1B Alec Bohm 2B Chase Meidroth 3B Miguel Vargas C Francisco Alvarez OF Yordan Alvarez OF Riley Greene OF Emmanuel Rodriguez P Aaron Nola P Erick Fedde SS Jeremy Pena,,,
409,5258990610,Packersstillsuck123,0,89.399994,1B Spencer Torkelson 2B Nick Sogard 3B Caleb Durbin C Carter Jensen OF Yordan Alvarez OF Carson Benge OF A.J. Ewing P Walbert Urena P Framber Valdez SS Bobby Witt Jr.,,,
410,5258128647,DirtWolves,0,89.3,1B Josh Bell 2B Luis Arraez 3B Kevin McGonigle C Carter Jensen OF Riley Greene OF Randal Grichuk OF Max Clark P Taj Bradley P Aaron Nola SS Maikel Garcia,,,
410,5258315762,deathmetalbob,0,89.3,1B Josh Bell 2B Kody Clemens 3B Brooks Lee C Carter Jensen OF Kyle Schwarber OF Luke Keaschall OF Emmanuel Rodriguez P Taj Bradley P Aaron Nola SS Trea Turner,,,
412,5259178003,Barbarian,0,89.15,1B Willson Contreras 2B Nick Sogard 3B Isaac Paredes C Adley Rutschman OF Yordan Alvarez OF Jac Caglianone OF Jahmai Jones P Sonny Gray P Nolan McLean SS Trevor Story,,,
413,5258233671,plewis247,0,89,1B Spencer Torkelson 2B Javier Baez 3B Isaac Paredes C Yainer Diaz OF Yordan Alvarez OF Riley Greene OF Zach McKinstry P Sonny Gray P Walbert Urena SS Kevin McGonigle,,,
413,5258362204,OJS52MLB,0,89,1B Willson Contreras 2B Luis Arraez 3B Josh Jung C Moises Ballesteros OF Yordan Alvarez OF Wyatt Langford OF Brandon Nimmo P Taj Bradley P Seth Lugo SS Zach Neto,,,
413,5259164614,XYZee03,0,89,1B Josh Bell 2B Gleyber Torres 3B Kevin McGonigle C Dillon Dingler OF Luke Keaschall OF Walker Jenkins OF Emmanuel Rodriguez P Taj Bradley P Seth Lugo SS Ben Ross,,,
416,5258108536,JERKER19,0,88.8,1B Willson Contreras 2B Michael Massey 3B Isaac Paredes C Carter Jensen OF Yordan Alvarez OF John Rave OF Jahmai Jones P Taj Bradley P Sonny Gray SS Maikel Garcia,,,
416,5258391343,AverageTuesday,0,88.8,1B Willson Contreras 2B Chase Meidroth 3B Miguel Vargas C Jake Rogers OF Wilyer Abreu OF Randal Grichuk OF Tommy Pham P Taj Bradley P Sonny Gray SS Trevor Story,,,
416,5258589327,davidmn,0,88.8,1B Willson Contreras 2B Chase Meidroth 3B Brooks Lee C Dillon Dingler OF Bryce Harper OF A.J. Ewing OF Max Clark P Sonny Gray P Aaron Nola SS Corey Seager,,,
416,5258703069,Antd82,0,88.8,1B Salvador Perez 2B Luis Arraez 3B Caleb Durbin C Dillon Dingler OF Juan Soto OF Mike Trout OF Riley Greene P Sonny Gray P Aaron Nola SS Trevor Story,,,
416,5259163244,afest11,0,88.8,1B Willson Contreras 2B Nick Sogard 3B Bryson Stott C Dillon Dingler OF Bryce Harper OF Roman Anthony OF Brandon Marsh P Sonny Gray P Aaron Nola SS Trea Turner,,,
416,5259174126,sellputs,0,88.8,1B Jared Young 2B Chase Meidroth 3B Kevin McGonigle C Carter Jensen OF Yordan Alvarez OF Jahmai Jones OF Tommy Pham P Taj Bradley P Sonny Gray SS Francisco Lindor,,,
422,5257709728,hondo777,0,88.65,1B Jake Burger 2B Kody Clemens 3B Josh Jung C Garrett Stubbs OF Yordan Alvarez OF Wyatt Langford OF Brandon Nimmo P Taj Bradley P Nolan McLean SS Corey Seager,,,
422,5258873708,joehalac,0,88.65,1B Willson Contreras 2B Nicky Lopez 3B Josh Jung C Danny Jansen OF Yordan Alvarez OF Jarren Duran OF Brandon Nimmo P Taj Bradley P Nolan McLean SS Corey Seager,,,
422,5259133814,cfritz08,0,88.65,1B Salvador Perez 2B Gleyber Torres 3B Brooks Lee C Yainer Diaz OF Yordan Alvarez OF Jac Caglianone OF Max Clark P Taj Bradley P Nolan McLean SS John Peck,,,
425,5258054857,LOCNOTM,0,88.55,1B Salvador Perez 2B Michael Massey 3B Isaac Paredes C Carter Jensen OF Yordan Alvarez OF Jac Caglianone OF Taylor Trammell P Nolan McLean P Framber Valdez SS Bobby Witt Jr.,,,
425,5259012996,JFK424,0,88.55,1B Jared Young 2B Kody Clemens 3B Brooks Lee C Carter Jensen OF Yordan Alvarez OF Mike Trout OF Luke Keaschall P Nolan McLean P Framber Valdez SS Maikel Garcia,,,
427,5258885393,dennisgolovaty,0,88.5,1B Kyle Schwarber 2B Gleyber Torres 3B Ezequiel Duran C Dillon Dingler OF Riley Greene OF Wyatt Langford OF Max Clark P Walbert Urena P Aaron Nola SS John Peck,,,
427,5258896002,robstar975,0,88.5,1B Jared Young 2B Chase Meidroth 3B Kevin McGonigle C Carter Jensen OF A.J. Ewing OF Randal Grichuk OF Jahmai Jones P Taj Bradley P Walbert Urena SS Bobby Witt Jr.,,,
427,5258927114,LesterNygaard,0,88.5,1B Jared Young 2B Michael Massey 3B Bryson Stott C Carter Jensen OF Jac Caglianone OF A.J. Ewing OF Max Clark P Taj Bradley P Walbert Urena SS Bobby Witt Jr.,,,
427,5258970059,louka001,0,88.5,1B Moises Ballesteros 2B Chase Meidroth 3B Miguel Vargas C Carter Jensen OF Riley Greene OF Randal Grichuk OF Emmanuel Rodriguez P Taj Bradley P Walbert Urena SS Maikel Garcia,,,
427,5259055362,eblase,0,88.5,1B Willson Contreras 2B Nick Sogard 3B Kevin McGonigle C Dillon Dingler OF Riley Greene OF Max Clark OF Jahmai Jones P Taj Bradley P Walbert Urena SS John Peck,,,
427,5259169451,dingodan39,0,88.5,1B Jake Burger 2B Luis Arraez 3B Isaac Paredes C Carter Jensen OF Kyle Schwarber OF A.J. Ewing OF Jahmai Jones P Taj Bradley P Walbert Urena SS Zach Neto,,,
427,5259174371,jonjonlegend,0,88.5,1B Salvador Perez 2B Chase Meidroth 3B Maikel Garcia C Carter Jensen OF Ezequiel Duran OF Max Clark OF John Rave P Taj Bradley P Walbert Urena SS Bobby Witt Jr.,,,
434,5259113743,AprilTraynham,0,88.3,1B Alec Bohm 2B Luis Arraez 3B Caleb Durbin C Moises Ballesteros OF Yordan Alvarez OF Luke Keaschall OF A.J. Ewing P Taj Bradley P Aaron Nola SS Zach Neto,,,
435,5257946431,nickenyon6,0,88.2,1B Jared Young 2B Gleyber Torres 3B Bo Bichette C Carter Jensen OF Juan Soto OF Yordan Alvarez OF Tommy Pham P Taj Bradley P Framber Valdez SS Francisco Lindor,,,
435,5258259161,jonchill,0,88.2,1B Spencer Torkelson 2B Michael Massey 3B Isaac Paredes C Carter Jensen OF Juan Soto OF Yordan Alvarez OF Jahmai Jones P Taj Bradley P Framber Valdez SS Francisco Lindor,,,
435,5258377842,bdmar03,0,88.2,1B Josh Bell 2B Kody Clemens 3B Brooks Lee C Victor Caratini OF Kyle Schwarber OF Bryce Harper OF Luke Keaschall P Taj Bradley P Framber Valdez SS Trea Turner,,,
435,5258609926,bellsofwar3,0,88.2,1B Josh Bell 2B Kody Clemens 3B Brooks Lee C Danny Jansen OF Jac Caglianone OF Bryce Harper OF Luke Keaschall P Taj Bradley P Framber Valdez SS Corey Seager,,,
435,5258971226,skinpie23,0,88.2,1B Spencer Torkelson 2B Michael Massey 3B Isaac Paredes C Carter Jensen OF Juan Soto OF Yordan Alvarez OF Jahmai Jones P Taj Bradley P Framber Valdez SS Francisco Lindor,,,
435,5259115847,larkordic,0,88.2,1B Alec Bohm 2B Nick Sogard 3B Caleb Durbin C Yainer Diaz OF Yordan Alvarez OF Bryce Harper OF Riley Greene P Taj Bradley P Framber Valdez SS Trea Turner,,,
441,5258969399,Choker12,0,88.15,1B LaMonte Wade Jr. 2B Michael Massey 3B Caleb Durbin C Carter Jensen OF Yordan Alvarez OF Jac Caglianone OF Tommy Pham P Sonny Gray P Nolan McLean SS Bobby Witt Jr.,,,
441,5259011184,Patrick_Irish,0,88.15,1B Willson Contreras 2B Chase Meidroth 3B Isaac Paredes C Francisco Alvarez OF Yordan Alvarez OF Riley Greene OF Emmanuel Rodriguez P Sonny Gray P Nolan McLean SS Trevor Story,,,
443,5258312668,mrbig91,0,87.85,1B Josh Bell 2B Gleyber Torres 3B Isaac Paredes C Adley Rutschman OF Bryce Harper OF Wyatt Langford OF A.J. Ewing P Nolan McLean P Walbert Urena SS Francisco Lindor,,,
444,5258363256,SoxPopuli,0,87.8,1B Willson Contreras 2B Kody Clemens 3B Caleb Durbin C Adley Rutschman OF Roman Anthony OF A.J. Ewing OF Walker Jenkins P Taj Bradley P Sonny Gray SS Francisco Lindor,,,
444,5258649991,Kelpius,0,87.8,1B Jared Young 2B Chase Meidroth 3B Kevin McGonigle C Moises Ballesteros OF Riley Greene OF Carson Benge OF A.J. Ewing P Taj Bradley P Sonny Gray SS Trevor Story,,,
444,5258758459,PatrickDiMaggio,0,87.8,1B Willson Contreras 2B Luis Arraez 3B Bo Bichette C Carter Jensen OF Yordan Alvarez OF Jahmai Jones OF Tommy Pham P Taj Bradley P Sonny Gray SS Francisco Lindor,,,
444,5258971427,jenniemichell1225,0,87.8,1B Willson Contreras 2B Chase Meidroth 3B Miguel Vargas C Adley Rutschman OF Riley Greene OF Randal Grichuk OF Tommy Pham P Taj Bradley P Sonny Gray SS Trevor Story,,,
448,5257956888,oceanrac,0,87.7,1B Spencer Torkelson 2B Luis Arraez 3B Isaac Paredes C Moises Ballesteros OF Yordan Alvarez OF Max Clark OF Cam Smith P Sonny Gray P Framber Valdez SS Bobby Witt Jr.,,,
448,5258701391,renegade,0,87.7,1B Josh Bell 2B Kody Clemens 3B Brooks Lee C Victor Caratini OF Yordan Alvarez OF Mike Trout OF Luke Keaschall P Sonny Gray P Framber Valdez SS Francisco Lindor,,,
450,5258229790,shempdevil,0,87.65,1B Willson Contreras 2B Chase Meidroth 3B Isaac Paredes C Francisco Alvarez OF Wilyer Abreu OF Riley Greene OF Jahmai Jones P Taj Bradley P Nolan McLean SS Trevor Story,,,
450,5258802182,aylsg,0,87.65,1B Willson Contreras 2B Chase Meidroth 3B Bo Bichette C Carter Jensen OF Yordan Alvarez OF Jahmai Jones OF Tommy Pham P Taj Bradley P Nolan McLean SS Francisco Lindor,,,
450,5259013927,GlassJoe1108,0,87.65,1B Salvador Perez 2B Jose Altuve 3B Isaac Paredes C Carter Jensen OF Bryce Harper OF Carson Benge OF Brandon Nimmo P Walbert Urena P Erick Fedde SS Bobby Witt Jr.,,,
453,5258081122,srgttsb,0,87.55,1B Willson Contreras 2B Nick Sogard 3B Caleb Durbin C Adley Rutschman OF Yordan Alvarez OF Jac Caglianone OF Riley Greene P Nolan McLean P Framber Valdez SS Trevor Story,,,
454,5258758272,C.Smith24,0,87.5,1B Nick Sogard 2B Brett Baty 3B Caleb Durbin C Yainer Diaz OF Juan Soto OF Yordan Alvarez OF Isaac Collins P Taj Bradley P Walbert Urena SS Francisco Lindor,,,
454,5259065897,FunkyKong,0,87.5,1B Jake Burger 2B Luis Arraez 3B Ezequiel Duran C Carter Jensen OF Wyatt Langford OF Luke Keaschall OF Brandon Nimmo P Taj Bradley P Walbert Urena SS Corey Seager,,,
454,5259112725,dhw900,0,87.5,1B Willson Contreras 2B Michael Massey 3B Caleb Durbin C Carter Jensen OF Jac Caglianone OF John Rave OF Jahmai Jones P Taj Bradley P Walbert Urena SS Bobby Witt Jr.,,,
457,5258443973,Shields2323,0,87.45,1B Spencer Torkelson 2B Jose Altuve 3B Bo Bichette C Dillon Dingler OF Mike Trout OF Riley Greene OF Wyatt Langford P Nolan McLean P Ethan Pecko SS Jeremy Pena,,,
457,5259146866,tonzoo,0,87.45,1B Willson Contreras 2B Brett Baty 3B Miguel Vargas C Yainer Diaz OF Roman Anthony OF Carson Benge OF Max Clark P Taj Bradley P Erick Fedde SS Jeremy Pena,,,
459,5259177669,kkbailey,0,87.15,1B Alec Bohm 2B Jose Altuve 3B Bryson Stott C Adley Rutschman OF Juan Soto OF Roman Anthony OF Luke Keaschall P Sonny Gray P Nolan McLean SS Trevor Story,,,
460,5259091788,Rong86,0,87,1B Willson Contreras 2B Chase Meidroth 3B Miguel Vargas C Carter Jensen OF Riley Greene OF Luke Keaschall OF Randal Grichuk P Taj Bradley P Seth Lugo SS Trevor Story,,,
461,5257903282,Ship1992,0,86.85,1B Willson Contreras 2B Gleyber Torres 3B Kevin McGonigle C Adley Rutschman OF A.J. Ewing OF Randal Grichuk OF Max Clark P Nolan McLean P Walbert Urena SS Zach Neto,,,
461,5258113911,LolaMae01,0,86.85,1B Willson Contreras 2B Chase Meidroth 3B Isaac Paredes C Yainer Diaz OF Riley Greene OF Randal Grichuk OF Max Clark P Nolan McLean P Walbert Urena SS Kevin McGonigle,,,
461,5258155179,samsli,0,86.85,1B Jared Young 2B Chase Meidroth 3B Miguel Vargas C Jake Rogers OF Juan Soto OF Yordan Alvarez OF Wade Meckler P Nolan McLean P Walbert Urena SS Luisangel Acuna,,,
461,5258943381,cagea65,0,86.85,1B Jared Young 2B Michael Massey 3B Josh Jung C Carter Jensen OF Juan Soto OF Wyatt Langford OF Brandon Nimmo P Nolan McLean P Walbert Urena SS Zach Neto,,,
465,5258470966,BarrysBums,0,86.8,1B Royce Lewis 2B Kody Clemens 3B Caleb Durbin C Moises Ballesteros OF Yordan Alvarez OF Kyle Schwarber OF Daulton Varsho P Nolan McLean P Erick Fedde SS Kevin McGonigle,,,
465,5258768386,curleeshu,0,86.8,1B Willson Contreras 2B Nicky Lopez 3B Miguel Vargas C Carter Jensen OF Carson Benge OF Daulton Varsho OF Justin Crawford P Taj Bradley P Sonny Gray SS Corey Seager,,,
465,5259123510,Thomas_N,0,86.8,1B Josh Bell 2B Luis Arraez 3B Isaac Paredes C Adley Rutschman OF Yordan Alvarez OF Riley Greene OF Max Clark P Sonny Gray P Aaron Nola SS Francisco Lindor,,,
465,5259146390,hightopsfeet,0,86.8,1B Alec Bohm 2B Luis Arraez 3B Ezequiel Duran C Tyler Heineman OF Yordan Alvarez OF Jac Caglianone OF Daulton Varsho P Taj Bradley P Sonny Gray SS Trea Turner,,,
469,5258124304,bmo115,0,86.7,1B Kyle Schwarber 2B Luis Arraez 3B Bryson Stott C Francisco Alvarez OF Juan Soto OF Bryce Harper OF Brandon Marsh P Walbert Urena P Cody Bradford SS Zach Neto,,,
469,5259017566,OhBHaive,0,86.7,1B Willson Contreras 2B Jose Altuve 3B Caleb Durbin C Carter Jensen OF Juan Soto OF Roman Anthony OF Jahmai Jones P Sonny Gray P Framber Valdez SS Jeremy Pena,,,
471,5258286391,MileHighMadman,0,86.65,1B Salvador Perez 2B Jose Altuve 3B Isaac Paredes C Carter Jensen OF Jac Caglianone OF Daulton Varsho OF Cam Smith P Nolan McLean P Aaron Nola SS Bobby Witt Jr.,,,
471,5259154031,InflamedColon,0,86.65,1B Willson Contreras 2B Nick Sogard 3B Isaac Paredes C Victor Caratini OF Riley Greene OF Luke Keaschall OF Cam Smith P Taj Bradley P Nolan McLean SS Jeremy Pena,,,
473,5259141947,jayburke28,0,86.3,1B Willson Contreras 2B Chase Meidroth 3B Miguel Vargas C Yainer Diaz OF Kyle Schwarber OF Emmanuel Rodriguez OF Tommy Pham P Taj Bradley P Aaron Nola SS Jeremy Pena,,,
474,5258011059,briannedanielle,0,86.2,1B Jared Young 2B Chase Meidroth 3B Bo Bichette C Carter Jensen OF Juan Soto OF Yordan Alvarez OF Tommy Pham P Taj Bradley P Framber Valdez SS Francisco Lindor,,,
474,5258215852,jusplay25,0,86.2,1B Kyle Schwarber 2B Luis Arraez 3B Bryson Stott C Francisco Alvarez OF Bryce Harper OF Mike Trout OF Brandon Marsh P Walbert Urena P Seth Lugo SS Zach Neto,,,
474,5258413122,HurricaneAl42,0,86.2,1B Salvador Perez 2B Gleyber Torres 3B Kevin McGonigle C Dillon Dingler OF Yordan Alvarez OF Riley Greene OF Jahmai Jones P Taj Bradley P Framber Valdez SS John Peck,,,
474,5258785160,memphisbilly,0,86.2,1B Alec Bohm 2B Jose Altuve 3B Isaac Paredes C Yainer Diaz OF Yordan Alvarez OF Kyle Schwarber OF Randal Grichuk P Taj Bradley P Framber Valdez SS Trea Turner,,,
474,5258946098,xXxPLOSIVE,0,86.2,1B Jared Young 2B Chase Meidroth 3B Bo Bichette C Carter Jensen OF Juan Soto OF Yordan Alvarez OF Tommy Pham P Taj Bradley P Framber Valdez SS Francisco Lindor,,,
474,5259099304,edtwandmac,0,86.2,1B Jared Young 2B Michael Massey 3B Isaac Paredes C Carter Jensen OF Yordan Alvarez OF Jac Caglianone OF Max Clark P Taj Bradley P Framber Valdez SS Francisco Lindor,,,
480,5259148507,EmeraldReign,0,86.15,1B Munetaka Murakami 2B Kody Clemens 3B Miguel Vargas C Carter Jensen OF Randal Grichuk OF Emmanuel Rodriguez OF Jahmai Jones P Sonny Gray P Nolan McLean SS Corey Seager,,,
481,5258772301,HardRocks,0,86,1B Willson Contreras 2B Luis Arraez 3B Caleb Durbin C Eduardo Valencia OF Yordan Alvarez OF Kyle Schwarber OF Riley Greene P Ethan Pecko P Framber Valdez SS Jeremy Pena,,,
482,5258889026,mcstuffins,0,85.899994,1B Nick Sogard 2B Jose Altuve 3B Brooks Lee C Carter Jensen OF Yordan Alvarez OF Jac Caglianone OF Bryce Harper P Seth Lugo P Framber Valdez SS Francisco Lindor,,,
483,5257929098,SliceB,0,85.8,1B Alec Bohm 2B Kody Clemens 3B Miguel Vargas C Yainer Diaz OF Juan Soto OF John Rave OF Emmanuel Rodriguez P Taj Bradley P Sonny Gray SS Trevor Story,,,
483,5258171320,kipwinger,0,85.8,1B Josh Bell 2B Chase Meidroth 3B Maikel Garcia C Adley Rutschman OF Bryce Harper OF Riley Greene OF Wade Meckler P Sonny Gray P Aaron Nola SS Trea Turner,,,
483,5258403744,henry296,0,85.8,1B Willson Contreras 2B Chase Meidroth 3B Bo Bichette C Adley Rutschman OF Juan Soto OF Jarren Duran OF Jahmai Jones P Taj Bradley P Sonny Gray SS Trevor Story,,,
483,5259007912,zwack222,0,85.8,1B Salvador Perez 2B Chase Meidroth 3B Isaac Paredes C Carter Jensen OF Yordan Alvarez OF Jahmai Jones OF Tommy Pham P Taj Bradley P Sonny Gray SS Bobby Witt Jr.,,,
483,5259112366,KenyanDrake,0,85.8,1B Kyle Schwarber 2B Jose Altuve 3B Isaac Paredes C Garrett Stubbs OF Yordan Alvarez OF Brandon Marsh OF Justin Crawford P Taj Bradley P Sonny Gray SS Trea Turner,,,
483,5259122128,mocoextrabases,0,85.8,1B Willson Contreras 2B Michael Massey 3B Caleb Durbin C Adley Rutschman OF Jac Caglianone OF Riley Greene OF Max Clark P Taj Bradley P Sonny Gray SS Trevor Story,,,
483,5259129449,Farrell0023,0,85.8,1B Victor Caratini 2B Michael Massey 3B Maikel Garcia C Carter Jensen OF Jac Caglianone OF Walker Jenkins OF Emmanuel Rodriguez P Taj Bradley P Sonny Gray SS Bobby Witt Jr.,,,
490,5258374982,thegadfather,0,85.7,1B Colt Keith 2B Jose Altuve 3B Kevin McGonigle C Dillon Dingler OF Riley Greene OF Luke Keaschall OF Max Clark P Sonny Gray P Framber Valdez SS Jeremy Pena,,,
491,5258254693,bell267ben,0,85.65,1B Munetaka Murakami 2B Chase Meidroth 3B Miguel Vargas C Jake Rogers OF Wyatt Langford OF Ezequiel Duran OF Tommy Pham P Taj Bradley P Nolan McLean SS Corey Seager,,,
491,5258831519,Cobra777666777,0,85.65,1B Willson Contreras 2B Chase Meidroth 3B Caleb Durbin C Adley Rutschman OF Riley Greene OF Max Clark OF Emmanuel Rodriguez P Taj Bradley P Nolan McLean SS Jeremy Pena,,,
491,5258945110,Trckrdd,0,85.65,1B Willson Contreras 2B Gleyber Torres 3B Kevin McGonigle C Jake Rogers OF Yordan Alvarez OF Riley Greene OF Tommy Pham P Nolan McLean P Aaron Nola SS Francisco Lindor,,,
494,5258970782,Hannah1999,0,85.55,1B Willson Contreras 2B Javier Baez 3B Bo Bichette C Francisco Alvarez OF Juan Soto OF Yordan Alvarez OF Riley Greene P Nolan McLean P Framber Valdez SS Trevor Story,,,
495,5258289124,rsumrall,0,85.5,1B Kyle Schwarber 2B Chase Meidroth 3B Bo Bichette C Garrett Stubbs OF Juan Soto OF Brandon Marsh OF Justin Crawford P Taj Bradley P Walbert Urena SS Trea Turner,,,
495,5258781002,meyers2305,0,85.5,1B Willson Contreras 2B Luis Arraez 3B Caleb Durbin C Adley Rutschman OF Kyle Schwarber OF Roman Anthony OF Jahmai Jones P Walbert Urena P Aaron Nola SS Trea Turner,,,
497,5258108576,Assy_Mcgee,0,85.2,1B Spencer Torkelson 2B Jose Altuve 3B Bo Bichette C Dillon Dingler OF Juan Soto OF Yordan Alvarez OF Jahmai Jones P Taj Bradley P Framber Valdez SS John Peck,,,
497,5259127647,defsoad,0,85.2,1B Salvador Perez 2B Michael Massey 3B Bryson Stott C Carter Jensen OF Kyle Schwarber OF Bryce Harper OF Justin Crawford P Taj Bradley P Framber Valdez SS Bobby Witt Jr.,,,
497,5259146260,robert309,0,85.2,1B Josh Bell 2B Jose Altuve 3B Maikel Garcia C Dillon Dingler OF Yordan Alvarez OF Riley Greene OF Max Clark P Aaron Nola P Framber Valdez SS Zach Neto,,,
497,5259176966,mwillauer14,0,85.2,1B Victor Caratini 2B Gleyber Torres 3B Ezequiel Duran C Moises Ballesteros OF Yordan Alvarez OF Kyle Schwarber OF Randal Grichuk P Aaron Nola P Framber Valdez SS Bobby Witt Jr.,,,
501,5259149488,teddyruxpin6969,0,85.15,1B Moises Ballesteros 2B Chase Meidroth 3B Isaac Paredes C Carter Jensen OF Juan Soto OF Yordan Alvarez OF Mike Trout P Erick Fedde P Seth Lugo SS Francisco Lindor,,,
502,5258612202,Sabali00,0,84.85,1B Jared Young 2B Chase Meidroth 3B Caleb Durbin C Francisco Alvarez OF Juan Soto OF Yordan Alvarez OF Randal Grichuk P Nolan McLean P Walbert Urena SS Trea Turner,,,
503,5257967387,hasco,0,84.8,1B Kyle Schwarber 2B Michael Massey 3B Miguel Vargas C Adley Rutschman OF Jarren Duran OF Max Clark OF John Rave P Taj Bradley P Sonny Gray SS Trevor Story,,,
503,5258889224,Ebiere,0,84.8,1B Willson Contreras 2B Chase Meidroth 3B Miguel Vargas C Dillon Dingler OF Jac Caglianone OF Jahmai Jones OF Tommy Pham P Taj Bradley P Sonny Gray SS Trevor Story,,,
505,5257952302,Albqhokie,0,84.7,1B Willson Contreras 2B Gleyber Torres 3B Kevin McGonigle C Carter Jensen OF Wade Meckler OF Max Clark OF Emmanuel Rodriguez P Sonny Gray P Framber Valdez SS Bobby Witt Jr.,,,
506,5257818265,Gergi0618,0,84.55,1B Brett Baty 2B Luis Arraez 3B Isaac Paredes C Carter Jensen OF Juan Soto OF Yordan Alvarez OF Randal Grichuk P Nolan McLean P Framber Valdez SS Francisco Lindor,,,
507,5258007442,shaunb24,0,84.5,1B Willson Contreras 2B Nick Sogard 3B Caleb Durbin C Danny Jansen OF Roman Anthony OF Wyatt Langford OF Ezequiel Duran P Taj Bradley P Walbert Urena SS Zach Neto,,,
508,5258454969,MrRobinson214,0,84.399994,1B Kyle Schwarber 2B Kody Clemens 3B Isaac Paredes C Carter Jensen OF Riley Greene OF A.J. Ewing OF Max Clark P Walbert Urena P Framber Valdez SS Francisco Lindor,,,
509,5257954036,matthewwalsh,0,84.2,1B Alec Bohm 2B Luis Arraez 3B Bryson Stott C Francisco Alvarez OF Juan Soto OF Bryce Harper OF Carson Benge P Taj Bradley P Framber Valdez SS Trea Turner,,,
509,5257987970,justbringit1,0,84.2,1B Spencer Torkelson 2B Jose Altuve 3B Isaac Paredes C Dillon Dingler OF Yordan Alvarez OF Riley Greene OF A.J. Ewing P Taj Bradley P Framber Valdez SS John Peck,,,
509,5258371717,charlesrayallday,0,84.2,1B Spencer Torkelson 2B Michael Massey 3B Bryson Stott C Dillon Dingler OF Juan Soto OF Yordan Alvarez OF Zach McKinstry P Taj Bradley P Framber Valdez SS Francisco Lindor,,,
509,5259133602,cyyungkev,0,84.2,1B Spencer Torkelson 2B Javier Baez 3B Kevin McGonigle C Dillon Dingler OF Yordan Alvarez OF Riley Greene OF Tommy Pham P Taj Bradley P Framber Valdez SS Corey Seager,,,
513,5259111088,mportigue,0,84.15,1B Willson Contreras 2B Nick Sogard 3B Kevin McGonigle C Adley Rutschman OF Juan Soto OF Max Clark OF Jahmai Jones P Sonny Gray P Nolan McLean SS Trevor Story,,,
514,5259134555,Jackiethepig515,0,84,1B Willson Contreras 2B Kody Clemens 3B Oswald Peraza C Dillon Dingler OF Wyatt Langford OF Luke Keaschall OF Emmanuel Rodriguez P Sonny Gray P Walbert Urena SS Zach Neto,,,
514,5259157713,birdsboys3,0,84,1B Alec Bohm 2B Gleyber Torres 3B Bryson Stott C Yainer Diaz OF Juan Soto OF Carson Benge OF Jarren Duran P Sonny Gray P Walbert Urena SS Trea Turner,,,
516,5258689881,apollard5,0,83.899994,1B Kyle Schwarber 2B Jose Altuve 3B Isaac Paredes C Carter Jensen OF Wilyer Abreu OF Mike Trout OF Andrew Benintendi P Seth Lugo P Framber Valdez SS Jeremy Pena,,,
517,5258112543,foutah,0,83.8,1B Salvador Perez 2B Kody Clemens 3B Maikel Garcia C Dillon Dingler OF Max Clark OF Walker Jenkins OF Zach McKinstry P Taj Bradley P Sonny Gray SS Bobby Witt Jr.,,,
517,5258606024,Bgoebert,0,83.8,1B Jared Young 2B Jose Altuve 3B Isaac Paredes C Carter Jensen OF Yordan Alvarez OF Zach McKinstry OF Tommy Pham P Taj Bradley P Sonny Gray SS Bobby Witt Jr.,,,
519,5257959068,Emac,0,83.65,1B Josh Bell 2B Kody Clemens 3B Brooks Lee C Yainer Diaz OF Yordan Alvarez OF Luke Keaschall OF Emmanuel Rodriguez P Taj Bradley P Nolan McLean SS Corey Seager,,,
519,5258016036,mlaw1992,0,83.65,1B Willson Contreras 2B Jose Altuve 3B Denzer Guzman C Yainer Diaz OF Jac Caglianone OF Luke Keaschall OF Tommy Pham P Taj Bradley P Nolan McLean SS Jeremy Pena,,,
519,5258291065,mspozto,0,83.65,1B Willson Contreras 2B Michael Massey 3B Isaac Paredes C Carter Jensen OF Juan Soto OF Daulton Varsho OF Jahmai Jones P Taj Bradley P Nolan McLean SS Francisco Lindor,,,
519,5258627657,epot,0,83.65,1B Jared Young 2B Michael Massey 3B Isaac Paredes C Jake Rogers OF Juan Soto OF Yordan Alvarez OF Daulton Varsho P Taj Bradley P Nolan McLean SS Francisco Lindor,,,
523,5258732461,charris3435,0,83.55,1B Josh Bell 2B Kody Clemens 3B Brooks Lee C Moises Ballesteros OF Mike Trout OF Luke Keaschall OF Wade Meckler P Nolan McLean P Framber Valdez SS Zach Neto,,,
524,5258766533,makk518,0,83.399994,1B Jared Young 2B Chase Meidroth 3B Caleb Durbin C Carter Jensen OF Juan Soto OF Riley Greene OF Max Clark P Walbert Urena P Framber Valdez SS Bobby Witt Jr.,,,
525,5258095601,tbjones2121,0,83.3,1B Kyle Schwarber 2B Chase Meidroth 3B Miguel Vargas C Garrett Stubbs OF Bryce Harper OF Justin Crawford OF Tommy Pham P Taj Bradley P Aaron Nola SS Trea Turner,,,
525,5259136431,olson1,0,83.3,1B Alec Bohm 2B Gleyber Torres 3B Brooks Lee C Adley Rutschman OF Kyle Schwarber OF Wyatt Langford OF Ezequiel Duran P Taj Bradley P Aaron Nola SS Francisco Lindor,,,
527,5258290895,butchismyhomie,0,83.2,1B Spencer Torkelson 2B Michael Massey 3B Kevin McGonigle C Adley Rutschman OF Yordan Alvarez OF Riley Greene OF Jahmai Jones P Taj Bradley P Framber Valdez SS Francisco Lindor,,,
527,5258315794,Sporin,0,83.2,1B Spencer Torkelson 2B Michael Massey 3B Caleb Durbin C Carter Jensen OF Yordan Alvarez OF Jac Caglianone OF Jahmai Jones P Taj Bradley P Framber Valdez SS Bobby Witt Jr.,,,
529,5258061056,tolson07,0,83,1B Jared Young 2B Gleyber Torres 3B Caleb Durbin C Dillon Dingler OF Riley Greene OF Carson Benge OF Max Clark P Sonny Gray P Walbert Urena SS Kevin McGonigle,,,
529,5258594713,chiefjeff27,0,83,1B Willson Contreras 2B Michael Massey 3B Oswald Peraza C Carter Jensen OF Yordan Alvarez OF John Rave OF Isaac Collins P Taj Bradley P Seth Lugo SS Bobby Witt Jr.,,,
529,5258927977,dlpwaldo,0,83,1B Brett Baty 2B Chase Meidroth 3B Miguel Vargas C Carter Jensen OF Juan Soto OF Randal Grichuk OF Tommy Pham P Sonny Gray P Walbert Urena SS Francisco Lindor,,,
529,5259150693,dad32797,0,83,1B Willson Contreras 2B Nick Sogard 3B Kevin McGonigle C Victor Caratini OF Mike Trout OF Riley Greene OF Evan Carter P Sonny Gray P Walbert Urena SS John Peck,,,
533,5258616939,kknitter,0,82.95,1B Willson Contreras 2B Chase Meidroth 3B Brooks Lee C Yainer Diaz OF Kyle Schwarber OF Wade Meckler OF John Rave P Sonny Gray P Erick Fedde SS Kevin McGonigle,,,
534,5258172485,Hammer74,0,82.85,1B Willson Contreras 2B Jose Altuve 3B Isaac Paredes C Yainer Diaz OF Yordan Alvarez OF Roman Anthony OF Daulton Varsho P Taj Bradley P Miguel Ullola SS Kevin McGonigle,,,
535,5258213912,az350z,0,82.8,1B Josh Bell 2B Kody Clemens 3B Brooks Lee C Jake Rogers OF Yordan Alvarez OF Luke Keaschall OF Emmanuel Rodriguez P Taj Bradley P Sonny Gray SS Francisco Lindor,,,
535,5259137465,mikepats,0,82.8,1B Alec Bohm 2B Nick Sogard 3B Bryson Stott C Adley Rutschman OF Juan Soto OF Bryce Harper OF Max Clark P Taj Bradley P Sonny Gray SS Luisangel Acuna,,,
537,5258101733,Ibn1031,0,82.7,1B Josh Bell 2B Michael Massey 3B Brooks Lee C Carter Jensen OF Jac Caglianone OF Bryce Harper OF John Rave P Sonny Gray P Framber Valdez SS Bobby Witt Jr.,,,
537,5259024874,keniff,0,82.7,1B Spencer Torkelson 2B Kody Clemens 3B Isaac Paredes C Yainer Diaz OF Kyle Schwarber OF Riley Greene OF Max Clark P Sonny Gray P Framber Valdez SS Jeremy Pena,,,
539,5258008780,ajmack01,0,82.65,1B Spencer Torkelson 2B Kody Clemens 3B Isaac Paredes C Carter Jensen OF Carson Benge OF Brandon Nimmo OF Max Clark P Taj Bradley P Nolan McLean SS Trea Turner,,,
539,5258704873,dealin21,0,82.65,1B Willson Contreras 2B Chase Meidroth 3B Caleb Durbin C Adley Rutschman OF Carson Benge OF A.J. Ewing OF Randal Grichuk P Taj Bradley P Nolan McLean SS Jeremy Pena,,,
539,5258780723,ggone400,0,82.65,1B Willson Contreras 2B Kody Clemens 3B Miguel Vargas C Carter Jensen OF Kyle Schwarber OF Randal Grichuk OF Tommy Pham P Walbert Urena P Erick Fedde SS Corey Seager,,,
539,5258969654,BleedORANGE,0,82.65,1B Willson Contreras 2B Chase Meidroth 3B Miguel Vargas C Dillon Dingler OF Luke Keaschall OF A.J. Ewing OF Tommy Pham P Taj Bradley P Nolan McLean SS Trevor Story,,,
539,5259125034,various10,0,82.65,1B Moises Ballesteros 2B Jose Altuve 3B Isaac Paredes C Garrett Stubbs OF Yordan Alvarez OF Jac Caglianone OF Riley Greene P Nolan McLean P Aaron Nola SS Zach Neto,,,
544,5259185562,FROSTEDNUTZ,0,82.45,1B Jake Burger 2B Luis Arraez 3B Ezequiel Duran C Danny Jansen OF Juan Soto OF Yordan Alvarez OF Riley Greene P Aaron Nola P Erick Fedde SS Francisco Lindor,,,
545,5259123423,louiswat,0,82.350006,1B Jake Burger 2B Nick Sogard 3B Josh Jung C Adley Rutschman OF Juan Soto OF Yordan Alvarez OF Carson Benge P Erick Fedde P Framber Valdez SS Bobby Witt Jr.,,,
546,5258695724,The_Chupa,0,82.3,1B Kyle Schwarber 2B Luis Arraez 3B Caleb Durbin C Carter Jensen OF Carson Benge OF Luke Keaschall OF Randal Grichuk P Taj Bradley P Aaron Nola SS Zach Neto,,,
546,5259159975,Skeeter95,0,82.3,1B Kyle Schwarber 2B Luis Arraez 3B Isaac Paredes C Yainer Diaz OF Yordan Alvarez OF Brandon Nimmo OF Emmanuel Rodriguez P Taj Bradley P Aaron Nola SS Corey Seager,,,
548,5258164042,mgisigolf72,0,82.2,1B Josh Bell 2B Kody Clemens 3B Bryson Stott C Carter Jensen OF Riley Greene OF Wyatt Langford OF Emmanuel Rodriguez P Taj Bradley P Framber Valdez SS Bobby Witt Jr.,,,
549,5258832782,colonelforbin22,0,82.15,1B Mickey Gasper 2B Chase Meidroth 3B Miguel Vargas C Yainer Diaz OF Juan Soto OF Randal Grichuk OF Brenton Doyle P Sonny Gray P Nolan McLean SS Trevor Story,,,
550,5258663232,BigLu322,0,82.1,1B Spencer Torkelson 2B Jose Altuve 3B Ezequiel Duran C Dillon Dingler OF Jac Caglianone OF Bryce Harper OF Luke Keaschall P Aaron Nola P Ethan Pecko SS Kevin McGonigle,,,
551,5259136102,dadsonit,0,81.85,1B Jared Young 2B Chase Meidroth 3B Kevin McGonigle C Dillon Dingler OF Riley Greene OF Randal Grichuk OF Max Clark P Nolan McLean P Walbert Urena SS Corey Seager,,,
552,5258453680,cheezdawg,0,81.8,1B Spencer Torkelson 2B Chase Meidroth 3B Denzer Guzman C Yainer Diaz OF Bryce Harper OF A.J. Ewing OF Max Clark P Taj Bradley P Sonny Gray SS Corey Seager,,,
552,5258656806,Joe_fish,0,81.8,1B Josh Bell 2B Kody Clemens 3B Brooks Lee C Dillon Dingler OF Luke Keaschall OF Max Clark OF Emmanuel Rodriguez P Taj Bradley P Sonny Gray SS Kevin McGonigle,,,
552,5259043071,JaserD,0,81.8,1B Spencer Torkelson 2B Luis Arraez 3B Kevin McGonigle C Francisco Alvarez OF Riley Greene OF A.J. Ewing OF Tommy Pham P Taj Bradley P Sonny Gray SS Jeremy Pena,,,
552,5259063454,laxmike80,0,81.8,1B Willson Contreras 2B Nick Sogard 3B Miguel Vargas C Adley Rutschman OF Juan Soto OF Jahmai Jones OF Tommy Pham P Taj Bradley P Sonny Gray SS Trevor Story,,,
552,5259167297,rustynailz,0,81.8,1B Jake Burger 2B Chase Meidroth 3B Josh Jung C Jake Rogers OF Juan Soto OF Kyle Schwarber OF Luke Keaschall P Taj Bradley P Sonny Gray SS Ben Ross,,,
552,5259185183,egar15,0,81.8,1B Spencer Torkelson 2B Brett Baty 3B Brooks Lee C Carter Jensen OF Juan Soto OF A.J. Ewing OF Jahmai Jones P Taj Bradley P Sonny Gray SS Zach Neto,,,
552,5259186045,porgies,0,81.8,1B Spencer Torkelson 2B Oswald Peraza 3B Bo Bichette C Adley Rutschman OF Wilyer Abreu OF Bryce Harper OF Mike Trout P Nolan McLean P Erick Fedde SS Maikel Garcia,,,
559,5258903733,bman0406,0,81.7,1B Spencer Torkelson 2B Javier Baez 3B Kevin McGonigle C Garrett Stubbs OF Wilyer Abreu OF Riley Greene OF Roman Anthony P Sonny Gray P Framber Valdez SS Trevor Story,,,
560,5258419526,williemac56ace,0,81.65,1B Spencer Torkelson 2B Brett Baty 3B Brooks Lee C Dillon Dingler OF Luke Keaschall OF Max Clark OF Emmanuel Rodriguez P Taj Bradley P Nolan McLean SS Kevin McGonigle,,,
560,5258521600,Stackhouse5310,0,81.65,1B Willson Contreras 2B Chase Meidroth 3B Bo Bichette C Adley Rutschman OF Riley Greene OF A.J. Ewing OF Tommy Pham P Taj Bradley P Nolan McLean SS Jeremy Pena,,,
560,5258576843,tigolebitties91,0,81.65,1B Willson Contreras 2B Michael Massey 3B Isaac Paredes C Yainer Diaz OF Riley Greene OF Luke Keaschall OF Randal Grichuk P Taj Bradley P Nolan McLean SS Jeremy Pena,,,
560,5259173253,Johnny_Great,0,81.65,1B Jared Young 2B Michael Massey 3B Bo Bichette C Carter Jensen OF Juan Soto OF Carson Benge OF Taylor Trammell P Taj Bradley P Nolan McLean SS Francisco Lindor,,,
564,5259118326,kallyman,0,81.6,1B Victor Caratini 2B Michael Massey 3B Caleb Durbin C Yainer Diaz OF Juan Soto OF Kyle Schwarber OF Bryce Harper P Sonny Gray P Ethan Pecko SS Jeremy Pena,,,
565,5257922793,terryf20,0,81.55,1B Jared Young 2B Luis Arraez 3B Josh Jung C Carter Jensen OF Juan Soto OF Wyatt Langford OF Max Clark P Nolan McLean P Framber Valdez SS Bobby Witt Jr.,,,
566,5259150661,coacher33,0,81.45,1B Jake Burger 2B Kody Clemens 3B Josh Jung C Dillon Dingler OF Kyle Schwarber OF Wyatt Langford OF Evan Carter P Taj Bradley P Erick Fedde SS Corey Seager,,,
567,5258112638,smokindavis,0,81.2,1B Willson Contreras 2B Kody Clemens 3B Brooks Lee C Adley Rutschman OF Wilyer Abreu OF Roman Anthony OF Jahmai Jones P Taj Bradley P Framber Valdez SS Francisco Lindor,,,
567,5259110367,mtwurth,0,81.2,1B Josh Bell 2B Michael Massey 3B Kevin McGonigle C Dillon Dingler OF Juan Soto OF Luke Keaschall OF Brenton Doyle P Taj Bradley P Framber Valdez SS Trea Turner,,,
567,5259149637,rh1580,0,81.2,1B Salvador Perez 2B Michael Massey 3B Bo Bichette C Carter Jensen OF Juan Soto OF Yordan Alvarez OF Jahmai Jones P Taj Bradley P Framber Valdez SS Francisco Lindor,,,
570,5259147257,rls021,0,81.15,1B Jared Young 2B Chase Meidroth 3B Miguel Vargas C Francisco Alvarez OF Yordan Alvarez OF Randal Grichuk OF Tommy Pham P Sonny Gray P Nolan McLean SS Jeremy Pena,,,
571,5258704213,Timstsfan,0,81,1B Willson Contreras 2B Oswald Peraza 3B Caleb Durbin C Adley Rutschman OF Kyle Schwarber OF Wilyer Abreu OF Roman Anthony P Sonny Gray P Walbert Urena SS Christian Cairo,,,
571,5258790293,smittay,0,81,1B Jared Young 2B Brett Baty 3B Isaac Paredes C Yainer Diaz OF Juan Soto OF Yordan Alvarez OF A.J. Ewing P Sonny Gray P Walbert Urena SS Maikel Garcia,,,
571,5259127590,Cquick80,0,81,1B Willson Contreras 2B Luis Arraez 3B Isaac Paredes C Yainer Diaz OF Juan Soto OF Wilyer Abreu OF Jahmai Jones P Sonny Gray P Walbert Urena SS John Peck,,,
574,5258060815,rajonrondough,0,80.8,1B Kyle Schwarber 2B Gleyber Torres 3B Isaac Paredes C Yainer Diaz OF Yordan Alvarez OF Jahmai Jones OF Tommy Pham P Taj Bradley P Sonny Gray SS Francisco Lindor,,,
574,5258139104,ariric864,0,80.8,1B Jared Young 2B Chase Meidroth 3B Isaac Paredes C Carter Jensen OF Riley Greene OF Max Clark OF Emmanuel Rodriguez P Taj Bradley P Sonny Gray SS Kevin McGonigle,,,
574,5258277777,jmack161,0,80.8,1B Alec Bohm 2B Chase Meidroth 3B Miguel Vargas C Yainer Diaz OF Yordan Alvarez OF Riley Greene OF Javier Baez P Taj Bradley P Sonny Gray SS Ben Ross,,,
574,5258501337,peky0401,0,80.8,1B Willson Contreras 2B Chase Meidroth 3B Miguel Vargas C Yainer Diaz OF Randal Grichuk OF Brenton Doyle OF Tommy Pham P Taj Bradley P Sonny Gray SS Kevin McGonigle,,,
574,5258573711,FurrShizzle,0,80.8,1B Kyle Schwarber 2B Gleyber Torres 3B Isaac Paredes C Yainer Diaz OF Yordan Alvarez OF Jahmai Jones OF Tommy Pham P Taj Bradley P Sonny Gray SS Francisco Lindor,,,
574,5258751373,Booshea,0,80.8,1B Kyle Schwarber 2B Gleyber Torres 3B Isaac Paredes C Yainer Diaz OF Yordan Alvarez OF Jahmai Jones OF Tommy Pham P Taj Bradley P Sonny Gray SS Francisco Lindor,,,
574,5258995685,XXX69,0,80.8,1B Kyle Schwarber 2B Gleyber Torres 3B Isaac Paredes C Yainer Diaz OF Yordan Alvarez OF Jahmai Jones OF Tommy Pham P Taj Bradley P Sonny Gray SS Francisco Lindor,,,
574,5259083800,pitdog1980,0,80.8,1B Willson Contreras 2B Kody Clemens 3B Miguel Vargas C Adley Rutschman OF Brenton Doyle OF Jahmai Jones OF Tommy Pham P Taj Bradley P Sonny Gray SS Kevin McGonigle,,,
574,5259155747,Bulldawg633,0,80.8,1B Kyle Schwarber 2B Gleyber Torres 3B Isaac Paredes C Yainer Diaz OF Yordan Alvarez OF Jahmai Jones OF Tommy Pham P Taj Bradley P Sonny Gray SS Francisco Lindor,,,
583,5258693871,waynewhite,0,80.7,1B Willson Contreras 2B Kody Clemens 3B Kevin McGonigle C Adley Rutschman OF Wade Meckler OF Max Clark OF Brandon Marsh P Sonny Gray P Framber Valdez SS Bobby Witt Jr.,,,
584,5258933982,tical1994,0,80.65,1B Salvador Perez 2B Michael Massey 3B Josh Jung C Carter Jensen OF Jac Caglianone OF Randal Grichuk OF Cam Smith P Taj Bradley P Nolan McLean SS Bobby Witt Jr.,,,
584,5259129403,raiderz18,0,80.65,1B Jake Burger 2B Michael Massey 3B Caleb Durbin C Carter Jensen OF Juan Soto OF Yordan Alvarez OF Tommy Pham P Taj Bradley P Nolan McLean SS Maikel Garcia,,,
584,5259132186,P-Rat,0,80.65,1B Willson Contreras 2B Michael Massey 3B Kevin McGonigle C Carter Jensen OF Jac Caglianone OF Max Clark OF Emmanuel Rodriguez P Taj Bradley P Nolan McLean SS Ben Ross,,,
587,5258070995,mathyewjoeza,0,80.55,1B LaMonte Wade Jr. 2B Gleyber Torres 3B Kevin McGonigle C Dillon Dingler OF Juan Soto OF Riley Greene OF Zach McKinstry P Nolan McLean P Framber Valdez SS Francisco Lindor,,,
588,5258173099,erdmannb,0,80.5,1B Willson Contreras 2B Nick Sogard 3B Caleb Durbin C Adley Rutschman OF Riley Greene OF Carson Benge OF John Rave P Taj Bradley P Walbert Urena SS Maikel Garcia,,,
589,5258559551,gooey911,0,80.45,1B Willson Contreras 2B Kody Clemens 3B Miguel Vargas C Carter Jensen OF Luke Keaschall OF Randal Grichuk OF John Rave P Aaron Nola P Erick Fedde SS Bobby Witt Jr.,,,
590,5258265324,postalwolf,0,80.399994,1B Kyle Schwarber 2B Jose Altuve 3B Isaac Paredes C Carter Jensen OF Roman Anthony OF Ezequiel Duran OF Jahmai Jones P Walbert Urena P Framber Valdez SS Bobby Witt Jr.,,,
590,5258789415,Fishnaked,0,80.399994,1B Willson Contreras 2B Nick Sogard 3B Maikel Garcia C Adley Rutschman OF Wilyer Abreu OF Wyatt Langford OF Cam Smith P Walbert Urena P Framber Valdez SS Bobby Witt Jr.,,,
592,5257927617,Maxdeath,0,80.2,1B Spencer Torkelson 2B Luis Arraez 3B Kevin McGonigle C Adley Rutschman OF Juan Soto OF Riley Greene OF Max Clark P Taj Bradley P Framber Valdez SS John Peck,,,
592,5257985581,tomkriger,0,80.2,1B Willson Contreras 2B Gleyber Torres 3B Caleb Durbin C Adley Rutschman OF Wilyer Abreu OF Riley Greene OF Jahmai Jones P Taj Bradley P Framber Valdez SS Kevin McGonigle,,,
592,5258095234,sasmallen,0,80.2,1B Kyle Schwarber 2B Michael Massey 3B Bryson Stott C Yainer Diaz OF Yordan Alvarez OF Riley Greene OF Jahmai Jones P Taj Bradley P Framber Valdez SS Francisco Lindor,,,
592,5258773790,kwwagner1142,0,80.2,1B Willson Contreras 2B Gleyber Torres 3B Caleb Durbin C Adley Rutschman OF Wilyer Abreu OF Riley Greene OF Jahmai Jones P Taj Bradley P Framber Valdez SS Kevin McGonigle,,,
592,5259115939,qbyrd21,0,80.2,1B Willson Contreras 2B Kody Clemens 3B Caleb Durbin C Yainer Diaz OF Yordan Alvarez OF Riley Greene OF Jahmai Jones P Taj Bradley P Framber Valdez SS Francisco Lindor,,,
592,5259134313,Oligny,0,80.2,1B Spencer Torkelson 2B Kody Clemens 3B Bryson Stott C Adley Rutschman OF Juan Soto OF Jac Caglianone OF Brandon Nimmo P Aaron Nola P Framber Valdez SS Kevin McGonigle,,,
598,5258619455,s9439,0,80,1B Kyle Schwarber 2B Nick Sogard 3B Caleb Durbin C Adley Rutschman OF Mike Trout OF Carson Benge OF Brandon Marsh P Sonny Gray P Walbert Urena SS Trea Turner,,,
598,5259137692,Lofton7,0,80,1B Brett Baty 2B Javier Baez 3B Miguel Vargas C Jake Rogers OF Juan Soto OF Yordan Alvarez OF Riley Greene P Sonny Gray P Walbert Urena SS Luisangel Acuna,,,
600,5258344715,Laserflush75,0,79.85,1B Jared Young 2B Chase Meidroth 3B Bo Bichette C Francisco Alvarez OF Juan Soto OF Yordan Alvarez OF Tommy Pham P Nolan McLean P Walbert Urena SS Francisco Lindor,,,
600,5259155080,jakethesnake83,0,79.85,1B Willson Contreras 2B Chase Meidroth 3B Isaac Paredes C Yainer Diaz OF Wilyer Abreu OF Randal Grichuk OF Jahmai Jones P Nolan McLean P Walbert Urena SS Bobby Witt Jr.,,,
602,5258141420,JSB31,0,79.8,1B Colt Keith 2B Chase Meidroth 3B Caleb Durbin C Carter Jensen OF Riley Greene OF Max Clark OF Isaac Collins P Taj Bradley P Sonny Gray SS Kevin McGonigle,,,
602,5258181412,BigWilburStyle,0,79.8,1B Salvador Perez 2B Michael Massey 3B Bo Bichette C Carter Jensen OF Yordan Alvarez OF Carson Benge OF Jahmai Jones P Taj Bradley P Sonny Gray SS Francisco Lindor,,,
602,5258483040,slophound,0,79.8,1B Vinnie Pasquantino 2B Chase Meidroth 3B Isaac Paredes C Yainer Diaz OF Riley Greene OF Ezequiel Duran OF Randal Grichuk P Taj Bradley P Sonny Gray SS Jeremy Pena,,,
602,5258617928,pandaBEAR83,0,79.8,1B Alec Bohm 2B Luis Arraez 3B Bryson Stott C Yainer Diaz OF Kyle Schwarber OF Randal Grichuk OF Brandon Marsh P Taj Bradley P Sonny Gray SS Kevin McGonigle,,,
602,5259144412,javasink,0,79.8,1B Willson Contreras 2B Luis Arraez 3B Isaac Paredes C Jake Rogers OF Bryce Harper OF Riley Greene OF Luke Keaschall P Sonny Gray P Aaron Nola SS Zach Neto,,,
602,5259169164,birdsvikes,0,79.8,1B Jake Burger 2B Michael Massey 3B Brooks Lee C Carter Jensen OF Roman Anthony OF Wyatt Langford OF Ezequiel Duran P Taj Bradley P Sonny Gray SS Corey Seager,,,
608,5259005104,shyjay31,0,79.7,1B Salvador Perez 2B Michael Massey 3B Miguel Vargas C Carter Jensen OF Bryce Harper OF Ezequiel Duran OF Brandon Nimmo P Sonny Gray P Framber Valdez SS Jeremy Pena,,,
609,5259157663,mistafletch40,0,79.65,1B Spencer Torkelson 2B Chase Meidroth 3B Isaac Paredes C Yainer Diaz OF Yordan Alvarez OF Riley Greene OF A.J. Ewing P Nolan McLean P Aaron Nola SS Francisco Lindor,,,
610,5259081558,jstampsone,0,79.2,1B Willson Contreras 2B Luis Arraez 3B Brooks Lee C Garrett Stubbs OF Juan Soto OF Jac Caglianone OF Justin Crawford P Taj Bradley P Framber Valdez SS Kevin McGonigle,,,
611,5259130241,zigzagman115,0,79.15,1B Jared Young 2B Jose Altuve 3B Bo Bichette C Yainer Diaz OF Yordan Alvarez OF Carson Benge OF Daulton Varsho P Sonny Gray P Nolan McLean SS Francisco Lindor,,,
612,5258231912,lop819,0,79,1B Salvador Perez 2B Chase Meidroth 3B Kevin McGonigle C Dillon Dingler OF Juan Soto OF Brandon Nimmo OF Randal Grichuk P Taj Bradley P Seth Lugo SS Trevor Story,,,
612,5258411943,StangStro,0,79,1B Willson Contreras 2B Jose Altuve 3B Isaac Paredes C Yainer Diaz OF Juan Soto OF Yordan Alvarez OF Riley Greene P Ethan Pecko P Framber Valdez SS Corey Seager,,,
612,5258660411,papa-sports-39,0,79,1B Kyle Schwarber 2B Michael Massey 3B Miguel Vargas C Dillon Dingler OF Yordan Alvarez OF Braden Montgomery OF Tommy Pham P Sonny Gray P Walbert Urena SS John Peck,,,
615,5258476490,Dubbzz,0,78.8,1B Josh Bell 2B Kody Clemens 3B Miguel Vargas C Victor Caratini OF Mike Trout OF Josh Lowe OF Emmanuel Rodriguez P Sonny Gray P Aaron Nola SS Zach Neto,,,
615,5258870152,Casey0504,0,78.8,1B Kyle Schwarber 2B Chase Meidroth 3B Isaac Paredes C Yainer Diaz OF Yordan Alvarez OF Jahmai Jones OF Tommy Pham P Taj Bradley P Sonny Gray SS Francisco Lindor,,,
615,5258906309,cellos213,0,78.8,1B Jared Young 2B Brett Baty 3B Isaac Paredes C Yainer Diaz OF Juan Soto OF Carson Benge OF A.J. Ewing P Taj Bradley P Sonny Gray SS Jeremy Pena,,,
615,5258998118,tvielkin,0,78.8,1B Kyle Schwarber 2B Chase Meidroth 3B Isaac Paredes C Yainer Diaz OF Yordan Alvarez OF Jahmai Jones OF Tommy Pham P Taj Bradley P Sonny Gray SS Francisco Lindor,,,
615,5259024686,Pjg1979,0,78.8,1B Kyle Schwarber 2B Chase Meidroth 3B Isaac Paredes C Yainer Diaz OF Yordan Alvarez OF Jahmai Jones OF Tommy Pham P Taj Bradley P Sonny Gray SS Francisco Lindor,,,
615,5259093555,sirdodger,0,78.8,1B Spencer Torkelson 2B Michael Massey 3B Maikel Garcia C Carter Jensen OF Yordan Alvarez OF Kyle Isbel OF Tommy Pham P Taj Bradley P Sonny Gray SS Bobby Witt Jr.,,,
615,5259120881,omegaxman,0,78.8,1B Kyle Schwarber 2B Chase Meidroth 3B Isaac Paredes C Yainer Diaz OF Yordan Alvarez OF Jahmai Jones OF Tommy Pham P Taj Bradley P Sonny Gray SS Francisco Lindor,,,
622,5258021513,PurpleReign1313,0,78.7,1B Willson Contreras 2B Michael Massey 3B Kevin McGonigle C Adley Rutschman OF Juan Soto OF Kyle Schwarber OF Emmanuel Rodriguez P Sonny Gray P Framber Valdez SS Trevor Story,,,
623,5258578071,Chunkyblue,0,78.65,1B Josh Bell 2B Brett Baty 3B Kevin McGonigle C Carter Jensen OF Riley Greene OF Max Clark OF Emmanuel Rodriguez P Taj Bradley P Nolan McLean SS Francisco Lindor,,,
623,5258742010,OnPoint41,0,78.65,1B Josh Bell 2B Kody Clemens 3B Brooks Lee C Carter Jensen OF Wyatt Langford OF Luke Keaschall OF Emmanuel Rodriguez P Taj Bradley P Nolan McLean SS Maikel Garcia,,,
623,5259002941,Willyo111,0,78.65,1B Willson Contreras 2B Gleyber Torres 3B Isaac Paredes C Carter Jensen OF Juan Soto OF Jahmai Jones OF Tommy Pham P Taj Bradley P Nolan McLean SS Francisco Lindor,,,
626,5258469344,professorpete888,0,78.55,1B Willson Contreras 2B Kody Clemens 3B Bo Bichette C Carter Jensen OF Luke Keaschall OF Wade Meckler OF A.J. Ewing P Nolan McLean P Framber Valdez SS Kevin McGonigle,,,
627,5258801868,shagdog,0,78.399994,1B Josh Bell 2B Luis Arraez 3B Kevin McGonigle C Dillon Dingler OF Riley Greene OF Carson Benge OF Ezequiel Duran P Walbert Urena P Framber Valdez SS Zach Neto,,,
628,5258199022,steviereno,0,78.2,1B Jared Young 2B Kody Clemens 3B Kevin McGonigle C Carter Jensen OF Luke Keaschall OF Max Clark OF Emmanuel Rodriguez P Taj Bradley P Framber Valdez SS Bobby Witt Jr.,,,
628,5258208011,harshykiss23,0,78.2,1B Kyle Schwarber 2B Luis Arraez 3B Brooks Lee C Carter Jensen OF Jac Caglianone OF Riley Greene OF A.J. Ewing P Aaron Nola P Framber Valdez SS Zach Neto,,,
628,5258387276,Zschossow22,0,78.2,1B Spencer Torkelson 2B Michael Massey 3B Kevin McGonigle C Carter Jensen OF Riley Greene OF Max Clark OF Isaac Collins P Taj Bradley P Framber Valdez SS Bobby Witt Jr.,,,
628,5258395098,jasnoper,0,78.2,1B Willson Contreras 2B Chase Meidroth 3B Kevin McGonigle C Adley Rutschman OF Wilyer Abreu OF Riley Greene OF Jahmai Jones P Aaron Nola P Framber Valdez SS Francisco Lindor,,,
628,5258490082,Zooloo,0,78.2,1B Willson Contreras 2B Javier Baez 3B Caleb Durbin C Dillon Dingler OF Yordan Alvarez OF Kyle Schwarber OF Riley Greene P Aaron Nola P Framber Valdez SS John Peck,,,
628,5259126300,Mymoney3,0,78.2,1B Spencer Torkelson 2B Brett Baty 3B Kevin McGonigle C Dillon Dingler OF Riley Greene OF Carson Benge OF Max Clark P Taj Bradley P Framber Valdez SS Francisco Lindor,,,
634,5258118235,wdm426,0,78,1B Nick Sogard 2B Chase Meidroth 3B Isaac Paredes C Adley Rutschman OF Riley Greene OF Roman Anthony OF Randal Grichuk P Sonny Gray P Walbert Urena SS Zach Neto,,,
634,5258578400,lornaz,0,78,1B Jared Young 2B Kody Clemens 3B Kevin McGonigle C Adley Rutschman OF Juan Soto OF Yordan Alvarez OF Riley Greene P Ethan Pecko P Framber Valdez SS Francisco Lindor,,,
634,5258949431,Ima619er,0,78,1B Alec Bohm 2B Luis Arraez 3B Bo Bichette C Carter Jensen OF Riley Greene OF Carson Benge OF A.J. Ewing P Sonny Gray P Walbert Urena SS Francisco Lindor,,,
634,5258962985,djdog09,0,78,1B Spencer Torkelson 2B Brett Baty 3B Caleb Durbin C Dillon Dingler OF Juan Soto OF Riley Greene OF Max Clark P Sonny Gray P Walbert Urena SS Maikel Garcia,,,
638,5258298819,daisquifh,0,77.85,1B Josh Bell 2B Chase Meidroth 3B Bo Bichette C Adley Rutschman OF Riley Greene OF Wyatt Langford OF Carson Benge P Nolan McLean P Walbert Urena SS Corey Seager,,,
639,5258375192,npt78,0,77.8,1B Jared Young 2B Kody Clemens 3B Brooks Lee C Victor Caratini OF Juan Soto OF Carson Benge OF Luke Keaschall P Taj Bradley P Sonny Gray SS Ben Ross,,,
639,5258889216,BillyCorp69,0,77.8,1B Willson Contreras 2B Michael Massey 3B Caleb Durbin C Dillon Dingler OF Yordan Alvarez OF Riley Greene OF Jahmai Jones P Taj Bradley P Sonny Gray SS John Peck,,,
641,5258729540,Erich00,0,77.7,1B Spencer Torkelson 2B Luis Arraez 3B Caleb Durbin C Adley Rutschman OF Yordan Alvarez OF Kyle Schwarber OF Luke Keaschall P Sonny Gray P Framber Valdez SS Trea Turner,,,
641,5258820153,alienhood,0,77.7,1B Alec Bohm 2B Luis Arraez 3B Bo Bichette C Dillon Dingler OF Yordan Alvarez OF Riley Greene OF Luke Keaschall P Sonny Gray P Framber Valdez SS Trea Turner,,,
643,5258765428,salvatoregolino,0,77.65,1B Willson Contreras 2B Nick Sogard 3B Caleb Durbin C Adley Rutschman OF Yordan Alvarez OF Max Clark OF Emmanuel Rodriguez P Taj Bradley P Nolan McLean SS Francisco Lindor,,,
643,5259041159,ptingen1977,0,77.65,1B Spencer Torkelson 2B Nick Sogard 3B Kevin McGonigle C Carter Jensen OF Riley Greene OF Brandon Nimmo OF Max Clark P Nolan McLean P Aaron Nola SS Corey Seager,,,
643,5259113107,Bsmooth715,0,77.65,1B Josh Bell 2B Kody Clemens 3B Brooks Lee C Danny Jansen OF Wyatt Langford OF Luke Keaschall OF Ezequiel Duran P Taj Bradley P Nolan McLean SS Corey Seager,,,
646,5258523920,ediddy1979,0,77.55,1B Willson Contreras 2B Kody Clemens 3B Caleb Durbin C Yainer Diaz OF Bryce Harper OF Wyatt Langford OF Max Clark P Nolan McLean P Framber Valdez SS Zach Neto,,,
647,5258879526,marino82867,0,77.45,1B Willson Contreras 2B Chase Meidroth 3B Bryson Stott C Yainer Diaz OF Riley Greene OF Wyatt Langford OF Carson Benge P Taj Bradley P Erick Fedde SS Francisco Lindor,,,
648,5258630222,psull56,0,77.3,1B Kyle Schwarber 2B Luis Arraez 3B Miguel Vargas C Adley Rutschman OF Roman Anthony OF Randal Grichuk OF Tommy Pham P Taj Bradley P Aaron Nola SS Trea Turner,,,
648,5259184026,shelbycd,0,77.3,1B Willson Contreras 2B Javier Baez 3B Caleb Durbin C Carter Jensen OF Jac Caglianone OF Roman Anthony OF Jahmai Jones P Taj Bradley P Aaron Nola SS Bobby Witt Jr.,,,
650,5258287814,Voidgg,0,77.2,1B Spencer Torkelson 2B Michael Massey 3B Kevin McGonigle C Carter Jensen OF Jac Caglianone OF Max Clark OF Zach McKinstry P Taj Bradley P Framber Valdez SS Bobby Witt Jr.,,,
650,5258984364,samirnj,0,77.2,1B Kyle Schwarber 2B Jose Altuve 3B Isaac Paredes C Yainer Diaz OF Yordan Alvarez OF Zach McKinstry OF Jahmai Jones P Taj Bradley P Framber Valdez SS Bobby Witt Jr.,,,
652,5258767277,wwaazz,0,77.15,1B Jared Young 2B Kody Clemens 3B Brooks Lee C Carter Jensen OF Mike Trout OF Max Clark OF Emmanuel Rodriguez P Sonny Gray P Nolan McLean SS Bobby Witt Jr.,,,
652,5258861672,MarcoRacin,0,77.15,1B Spencer Torkelson 2B Nick Sogard 3B Josh Jung C Carter Jensen OF Riley Greene OF Luke Keaschall OF Randal Grichuk P Sonny Gray P Nolan McLean SS Zach Neto,,,
652,5259162890,dougiefreshie,0,77.15,1B Victor Caratini 2B Jose Altuve 3B Brooks Lee C Dillon Dingler OF Juan Soto OF Jose Siri OF Josh Lowe P Sonny Gray P Nolan McLean SS Zach Neto,,,
655,5258136175,travis945,0,76.8,1B Josh Bell 2B Michael Massey 3B Brooks Lee C Carter Jensen OF Jac Caglianone OF John Rave OF Emmanuel Rodriguez P Sonny Gray P Aaron Nola SS Bobby Witt Jr.,,,
655,5258171463,theblackhand666,0,76.8,1B Kyle Schwarber 2B Luis Arraez 3B Bryson Stott C Yainer Diaz OF Juan Soto OF Brandon Marsh OF Tommy Pham P Taj Bradley P Sonny Gray SS Trea Turner,,,
655,5258467655,Moneyball2715,0,76.8,1B Alec Bohm 2B Chase Meidroth 3B Maikel Garcia C Carter Jensen OF Riley Greene OF A.J. Ewing OF Max Clark P Taj Bradley P Sonny Gray SS Trea Turner,,,
655,5258680664,mattyn773,0,76.8,1B Jared Young 2B Gleyber Torres 3B Kevin McGonigle C Dillon Dingler OF Juan Soto OF Max Clark OF Tommy Pham P Taj Bradley P Sonny Gray SS John Peck,,,
655,5258852787,Franatic,0,76.8,1B Jared Young 2B Michael Massey 3B Isaac Paredes C Carter Jensen OF Jac Caglianone OF Bryce Harper OF Jahmai Jones P Taj Bradley P Sonny Gray SS Francisco Lindor,,,
660,5258342262,danlovesthecubs,0,76.7,1B Willson Contreras 2B Kody Clemens 3B Brooks Lee C Adley Rutschman OF Wilyer Abreu OF Luke Keaschall OF Emmanuel Rodriguez P Sonny Gray P Framber Valdez SS Kevin McGonigle,,,
661,5258150156,rsulzener,0,76.65,1B Willson Contreras 2B Chase Meidroth 3B Isaac Paredes C Carter Jensen OF Juan Soto OF Jahmai Jones OF Tommy Pham P Taj Bradley P Nolan McLean SS Francisco Lindor,,,
661,5258990674,wesol33,0,76.65,1B Willson Contreras 2B Chase Meidroth 3B Isaac Paredes C Carter Jensen OF Juan Soto OF Jahmai Jones OF Tommy Pham P Taj Bradley P Nolan McLean SS Francisco Lindor,,,
661,5259098007,pipes3131,0,76.65,1B Jared Young 2B Gleyber Torres 3B Kevin McGonigle C Carter Jensen OF Juan Soto OF Jahmai Jones OF Tommy Pham P Taj Bradley P Nolan McLean SS Francisco Lindor,,,
661,5259186269,BuddyPriester,0,76.65,1B Willson Contreras 2B Chase Meidroth 3B Isaac Paredes C Carter Jensen OF Juan Soto OF Jahmai Jones OF Tommy Pham P Taj Bradley P Nolan McLean SS Francisco Lindor,,,
665,5258534964,neech74,0,76.5,1B Jared Young 2B Jose Altuve 3B Isaac Paredes C Jake Rogers OF Juan Soto OF Carson Benge OF A.J. Ewing P Taj Bradley P Walbert Urena SS Francisco Lindor,,,
666,5258144669,zacsmith1,0,76.45,1B Munetaka Murakami 2B Jose Altuve 3B Maikel Garcia C Francisco Alvarez OF Jac Caglianone OF Mike Trout OF Braden Montgomery P Nolan McLean P Ethan Pecko SS Bobby Witt Jr.,,,
667,5258771964,brianLiza,0,76.399994,1B Nick Sogard 2B Luis Arraez 3B Maikel Garcia C Carter Jensen OF Wilyer Abreu OF Carson Benge OF Brandon Nimmo P Walbert Urena P Framber Valdez SS Bobby Witt Jr.,,,
668,5259115346,loban1310,0,76.2,1B Alec Bohm 2B Michael Massey 3B Kevin McGonigle C Victor Caratini OF Kyle Schwarber OF Bryce Harper OF Tommy Pham P Taj Bradley P Framber Valdez SS Bobby Witt Jr.,,,
668,5259150963,Rutle555,0,76.2,1B Spencer Torkelson 2B Jose Altuve 3B Ezequiel Duran C Yainer Diaz OF Kyle Schwarber OF Bryce Harper OF Roman Anthony P Aaron Nola P Framber Valdez SS Corey Seager,,,
670,5258296807,ironmelon,0,76.15,1B Jared Young 2B Hao-Yu Lee 3B Kevin McGonigle C Carter Jensen OF Wade Meckler OF Jose Siri OF Josh Lowe P Sonny Gray P Nolan McLean SS Bobby Witt Jr.,,,
671,5258457814,ligerbomb,0,76,1B Alec Bohm 2B Michael Massey 3B Isaac Paredes C Adley Rutschman OF Juan Soto OF Riley Greene OF Randal Grichuk P Sonny Gray P Walbert Urena SS Zach Neto,,,
671,5259080085,UndisputablE,0,76,1B Salvador Perez 2B Chase Meidroth 3B Miguel Vargas C Dillon Dingler OF Jac Caglianone OF Randal Grichuk OF Max Clark P Sonny Gray P Walbert Urena SS John Peck,,,
673,5257748863,andrewran,0,75.85,1B Josh Bell 2B Luis Arraez 3B Isaac Paredes C Carter Jensen OF Kyle Schwarber OF Brandon Nimmo OF A.J. Ewing P Nolan McLean P Walbert Urena SS Corey Seager,,,
673,5259157397,zdesola,0,75.85,1B Willson Contreras 2B Chase Meidroth 3B Bo Bichette C Moises Ballesteros OF Jac Caglianone OF Carson Benge OF Tommy Pham P Nolan McLean P Walbert Urena SS Bobby Witt Jr.,,,
675,5259152306,neterka,0,75.8,1B Jared Young 2B Chase Meidroth 3B Bo Bichette C Carter Jensen OF Juan Soto OF John Rave OF Jahmai Jones P Taj Bradley P Sonny Gray SS Francisco Lindor,,,
676,5258302118,nh70744,0,75.7,1B Spencer Torkelson 2B Brett Baty 3B Kevin McGonigle C Carter Jensen OF Riley Greene OF Carson Benge OF Luke Keaschall P Sonny Gray P Framber Valdez SS Zach Neto,,,
676,5258788910,PensDangleSniper94,0,75.7,1B Moises Ballesteros 2B Javier Baez 3B Maikel Garcia C Carter Jensen OF Jac Caglianone OF Mike Trout OF Wade Meckler P Sonny Gray P Framber Valdez SS Bobby Witt Jr.,,,
676,5258926841,Bella_2015,0,75.7,1B Spencer Torkelson 2B Luis Arraez 3B Kevin McGonigle C Adley Rutschman OF Wilyer Abreu OF Riley Greene OF Max Clark P Sonny Gray P Framber Valdez SS John Peck,,,
679,5258151156,MadeFromMetal,0,75.65,1B Brett Baty 2B Chase Meidroth 3B Caleb Durbin C Carter Jensen OF Juan Soto OF A.J. Ewing OF John Rave P Taj Bradley P Nolan McLean SS Francisco Lindor,,,
679,5258389047,spellcalvin95,0,75.65,1B Spencer Torkelson 2B Chase Meidroth 3B Kevin McGonigle C Jake Rogers OF Riley Greene OF Brandon Nimmo OF Max Clark P Taj Bradley P Nolan McLean SS Trea Turner,,,
681,5258983805,Zokjock,0,74.85,1B Jared Young 2B Gleyber Torres 3B Kevin McGonigle C Dillon Dingler OF Juan Soto OF Javier Baez OF Tommy Pham P Nolan McLean P Walbert Urena SS Francisco Lindor,,,
681,5258995955,mitchellmorse30,0,74.85,1B Salvador Perez 2B Michael Massey 3B Bo Bichette C Carter Jensen OF Juan Soto OF John Rave OF Isaac Collins P Nolan McLean P Walbert Urena SS Francisco Lindor,,,
683,5257995740,Double_L,0,74.8,1B Spencer Torkelson 2B Gleyber Torres 3B Kevin McGonigle C Dillon Dingler OF Riley Greene OF Jahmai Jones OF Tommy Pham P Taj Bradley P Sonny Gray SS Francisco Lindor,,,
683,5258191759,nrlane24,0,74.8,1B Alec Bohm 2B Michael Massey 3B Bryson Stott C Adley Rutschman OF Wilyer Abreu OF Roman Anthony OF Luke Keaschall P Sonny Gray P Aaron Nola SS Bobby Witt Jr.,,,
683,5258340312,JRBucks34,0,74.8,1B Spencer Torkelson 2B Gleyber Torres 3B Kevin McGonigle C Dillon Dingler OF Riley Greene OF Jahmai Jones OF Tommy Pham P Taj Bradley P Sonny Gray SS Francisco Lindor,,,
683,5258346521,baw32,0,74.8,1B Spencer Torkelson 2B Gleyber Torres 3B Kevin McGonigle C Dillon Dingler OF Riley Greene OF Jahmai Jones OF Tommy Pham P Taj Bradley P Sonny Gray SS Francisco Lindor,,,
683,5258449451,micahw4,0,74.8,1B Spencer Torkelson 2B Chase Meidroth 3B Kevin McGonigle C Dillon Dingler OF Riley Greene OF Jahmai Jones OF Tommy Pham P Taj Bradley P Sonny Gray SS Zach Neto,,,
683,5258513940,ChazzDaMan2020,0,74.8,1B Spencer Torkelson 2B Gleyber Torres 3B Kevin McGonigle C Dillon Dingler OF Riley Greene OF Jahmai Jones OF Tommy Pham P Taj Bradley P Sonny Gray SS Francisco Lindor,,,
683,5258782626,Cocstrong,0,74.8,1B Spencer Torkelson 2B Chase Meidroth 3B Miguel Vargas C Dillon Dingler OF Max Clark OF Zach McKinstry OF Tommy Pham P Taj Bradley P Sonny Gray SS Kevin McGonigle,,,
683,5258854369,ehaugen,0,74.8,1B Nick Sogard 2B Chase Meidroth 3B Caleb Durbin C Adley Rutschman OF Wilyer Abreu OF Roman Anthony OF Brenton Doyle P Taj Bradley P Sonny Gray SS Luisangel Acuna,,,
683,5258866209,ethpix,0,74.8,1B Spencer Torkelson 2B Gleyber Torres 3B Hao-Yu Lee C Carter Jensen OF Riley Greene OF A.J. Ewing OF Max Clark P Taj Bradley P Sonny Gray SS Maikel Garcia,,,
683,5258885426,nwspring52,0,74.8,1B Spencer Torkelson 2B Gleyber Torres 3B Kevin McGonigle C Dillon Dingler OF Riley Greene OF Jahmai Jones OF Tommy Pham P Taj Bradley P Sonny Gray SS Francisco Lindor,,,
683,5258953454,UWAlums03,0,74.8,1B Spencer Torkelson 2B Gleyber Torres 3B Kevin McGonigle C Dillon Dingler OF Riley Greene OF Jahmai Jones OF Tommy Pham P Taj Bradley P Sonny Gray SS Francisco Lindor,,,
683,5259132211,bfill1010,0,74.8,1B Jared Young 2B Chase Meidroth 3B Miguel Vargas C Carter Jensen OF Randal Grichuk OF Max Clark OF Tommy Pham P Taj Bradley P Sonny Gray SS Bobby Witt Jr.,,,
683,5259163547,cnickersonjr,0,74.8,1B Spencer Torkelson 2B Gleyber Torres 3B Kevin McGonigle C Dillon Dingler OF Riley Greene OF Jahmai Jones OF Tommy Pham P Taj Bradley P Sonny Gray SS Francisco Lindor,,,
683,5259175831,ATLShark,0,74.8,1B Spencer Torkelson 2B Gleyber Torres 3B Kevin McGonigle C Dillon Dingler OF Riley Greene OF Jahmai Jones OF Tommy Pham P Taj Bradley P Sonny Gray SS Francisco Lindor,,,
697,5258130393,maccat33,0,74.65,1B Salvador Perez 2B Gleyber Torres 3B Kevin McGonigle C Dillon Dingler OF Jac Caglianone OF Riley Greene OF John Rave P Nolan McLean P Aaron Nola SS John Peck,,,
698,5259148348,davis4200,0,74.55,1B Willson Contreras 2B Javier Baez 3B Denzer Guzman C Adley Rutschman OF Juan Soto OF Yordan Alvarez OF Tommy Pham P Nolan McLean P Framber Valdez SS Zach Neto,,,
699,5258842470,canucme100,0,74.45,1B Josh Bell 2B Chase Meidroth 3B Miguel Vargas C Carter Jensen OF Roman Anthony OF Randal Grichuk OF Tommy Pham P Taj Bradley P Erick Fedde SS Bobby Witt Jr.,,,
699,5259153471,jfclark24,0,74.45,1B Josh Bell 2B Chase Meidroth 3B Miguel Vargas C Yainer Diaz OF Juan Soto OF Randal Grichuk OF Brenton Doyle P Taj Bradley P Erick Fedde SS Francisco Lindor,,,
701,5258154731,icemike23,0,74.2,1B Jared Young 2B Chase Meidroth 3B Kevin McGonigle C Carter Jensen OF Juan Soto OF Emmanuel Rodriguez OF Jahmai Jones P Taj Bradley P Framber Valdez SS Bobby Witt Jr.,,,
702,5258686792,CaptainSkyhawk,0,74.15,1B Salvador Perez 2B Jose Altuve 3B Isaac Paredes C Dillon Dingler OF Juan Soto OF Daulton Varsho OF Cam Smith P Sonny Gray P Nolan McLean SS Francisco Lindor,,,
702,5259176823,JetsMania12,0,74.15,1B Spencer Torkelson 2B Luis Arraez 3B Isaac Paredes C Francisco Alvarez OF Juan Soto OF Riley Greene OF A.J. Ewing P Sonny Gray P Nolan McLean SS Trevor Story,,,
704,5258242521,dogyballs,0,73.85,1B Salvador Perez 2B Brett Baty 3B Maikel Garcia C Carter Jensen OF Wyatt Langford OF Carson Benge OF A.J. Ewing P Nolan McLean P Walbert Urena SS Bobby Witt Jr.,,,
705,5258408393,dfwinscom,0,73.8,1B Jared Young 2B Michael Massey 3B Isaac Paredes C Yainer Diaz OF Juan Soto OF Yordan Alvarez OF Tommy Pham P Taj Bradley P Sonny Gray SS Francisco Lindor,,,
705,5258877815,DariaG,0,73.8,1B Nick Sogard 2B Chase Meidroth 3B Caleb Durbin C Carter Jensen OF Riley Greene OF A.J. Ewing OF Max Clark P Taj Bradley P Sonny Gray SS Zach Neto,,,
705,5259170346,ttillie,0,73.8,1B Willson Contreras 2B Chase Meidroth 3B Bo Bichette C Carter Jensen OF Yordan Alvarez OF Kyle Schwarber OF Jahmai Jones P Taj Bradley P Tyler Alexander SS Francisco Lindor,,,
708,5258783355,devastato,0,73.65,1B Josh Bell 2B Kody Clemens 3B Brooks Lee C Yainer Diaz OF Riley Greene OF Luke Keaschall OF Randal Grichuk P Taj Bradley P Nolan McLean SS Corey Seager,,,
708,5258930190,Clippy,0,73.65,1B Willson Contreras 2B Michael Massey 3B Isaac Paredes C Yainer Diaz OF Juan Soto OF Max Clark OF John Rave P Taj Bradley P Nolan McLean SS Corey Seager,,,
710,5258170463,RMF56300,0,73.5,1B Spencer Torkelson 2B Chase Meidroth 3B Caleb Durbin C Francisco Alvarez OF Juan Soto OF Ezequiel Duran OF A.J. Ewing P Taj Bradley P Walbert Urena SS Francisco Lindor,,,
710,5259144537,bakeage,0,73.5,1B Salvador Perez 2B Michael Massey 3B Kevin McGonigle C Yainer Diaz OF Jac Caglianone OF Riley Greene OF Zach McKinstry P Walbert Urena P Aaron Nola SS Bobby Witt Jr.,,,
712,5259118279,SeanyB231,0,73.3,1B Josh Bell 2B Kody Clemens 3B Brooks Lee C Garrett Stubbs OF Kyle Schwarber OF Luke Keaschall OF Emmanuel Rodriguez P Taj Bradley P Aaron Nola SS Bobby Witt Jr.,,,
713,5258192350,lacavirma,0,73.2,1B Jared Young 2B Brett Baty 3B Caleb Durbin C Francisco Alvarez OF Juan Soto OF Yordan Alvarez OF Riley Greene P Taj Bradley P Framber Valdez SS Francisco Lindor,,,
713,5258202770,JSANE,0,73.2,1B Josh Bell 2B Kody Clemens 3B Bo Bichette C Carter Jensen OF Jac Caglianone OF Luke Keaschall OF Jahmai Jones P Taj Bradley P Framber Valdez SS Bobby Witt Jr.,,,
715,5258900257,JimmyZim620,0,73.15,1B Jared Young 2B Kody Clemens 3B Brooks Lee C Carter Jensen OF Mike Trout OF Luke Keaschall OF Emmanuel Rodriguez P Sonny Gray P Nolan McLean SS Francisco Lindor,,,
716,5258128678,SoCalHusker,0,72.8,1B Spencer Torkelson 2B Michael Massey 3B Caleb Durbin C Carter Jensen OF Jac Caglianone OF Max Clark OF Jahmai Jones P Taj Bradley P Sonny Gray SS Bobby Witt Jr.,,,
716,5258138556,kbeezy559,0,72.8,1B Spencer Torkelson 2B Chase Meidroth 3B Miguel Vargas C Yainer Diaz OF Juan Soto OF Brenton Doyle OF Tommy Pham P Taj Bradley P Sonny Gray SS Luisangel Acuna,,,
716,5258245873,FreeSosa2,0,72.8,1B Josh Bell 2B Kody Clemens 3B Brooks Lee C Adley Rutschman OF Luke Keaschall OF Jarren Duran OF Emmanuel Rodriguez P Taj Bradley P Sonny Gray SS Trea Turner,,,
716,5258254320,edward21025,0,72.8,1B Spencer Torkelson 2B Kody Clemens 3B Brooks Lee C Yainer Diaz OF Yordan Alvarez OF Kyle Schwarber OF Riley Greene P Aaron Nola P Tyler Alexander SS Bobby Witt Jr.,,,
716,5258927793,UrbaneArcher107,0,72.8,1B Willson Contreras 2B Kody Clemens 3B Brooks Lee C Adley Rutschman OF Luke Keaschall OF Emmanuel Rodriguez OF Jahmai Jones P Taj Bradley P Sonny Gray SS Bobby Witt Jr.,,,
716,5259109576,rac613,0,72.8,1B Willson Contreras 2B Chase Meidroth 3B Ezequiel Duran C Carter Jensen OF Kyle Schwarber OF A.J. Ewing OF Brandon Marsh P Sonny Gray P Aaron Nola SS Corey Seager,,,
716,5259123097,vicxy10,0,72.8,1B Josh Bell 2B Javier Baez 3B Brooks Lee C Dillon Dingler OF Riley Greene OF Luke Keaschall OF Emmanuel Rodriguez P Taj Bradley P Sonny Gray SS Kevin McGonigle,,,
716,5259185928,Papabest,0,72.8,1B Willson Contreras 2B Kody Clemens 3B Caleb Durbin C Adley Rutschman OF Wilyer Abreu OF Roman Anthony OF Emmanuel Rodriguez P Sonny Gray P Aaron Nola SS Zach Neto,,,
724,5258509673,MasterLaster,0,72.65,1B Salvador Perez 2B Nick Sogard 3B Maikel Garcia C Carter Jensen OF Wilyer Abreu OF Jac Caglianone OF Jahmai Jones P Walbert Urena P Erick Fedde SS Bobby Witt Jr.,,,
724,5258767163,shabazz42,0,72.65,1B Willson Contreras 2B Michael Massey 3B Caleb Durbin C Carter Jensen OF Riley Greene OF John Rave OF Jahmai Jones P Taj Bradley P Nolan McLean SS Bobby Witt Jr.,,,
724,5259067298,flanders21,0,72.65,1B Spencer Torkelson 2B Chase Meidroth 3B Bo Bichette C Adley Rutschman OF Jarren Duran OF Ezequiel Duran OF Max Clark P Taj Bradley P Nolan McLean SS Kevin McGonigle,,,
724,5259164039,Flatire,0,72.65,1B Jake Burger 2B Kody Clemens 3B Bo Bichette C Adley Rutschman OF Mike Trout OF Ezequiel Duran OF Randal Grichuk P Taj Bradley P Nolan McLean SS Corey Seager,,,
728,5258246994,stayeduptolate,0,72.3,1B Salvador Perez 2B Michael Massey 3B Miguel Vargas C Carter Jensen OF Jac Caglianone OF Randal Grichuk OF Tommy Pham P Taj Bradley P Aaron Nola SS Bobby Witt Jr.,,,
728,5258947740,dabears08,0,72.3,1B Victor Caratini 2B Michael Massey 3B Maikel Garcia C Carter Jensen OF Jac Caglianone OF Riley Greene OF Zach McKinstry P Taj Bradley P Aaron Nola SS Bobby Witt Jr.,,,
730,5257966483,stock2mail,0,72.2,1B Kyle Schwarber 2B Kody Clemens 3B Brooks Lee C Victor Caratini OF Juan Soto OF Luke Keaschall OF Emmanuel Rodriguez P Taj Bradley P Framber Valdez SS Francisco Lindor,,,
730,5259094472,racerjay,0,72.2,1B Kyle Schwarber 2B Luis Arraez 3B Caleb Durbin C Carter Jensen OF Riley Greene OF Carson Benge OF Luke Keaschall P Aaron Nola P Framber Valdez SS Bobby Witt Jr.,,,
732,5258581500,halfknee,0,71.85,1B Jared Young 2B Michael Massey 3B Miguel Vargas C Dillon Dingler OF Riley Greene OF Max Clark OF Javier Baez P Nolan McLean P Walbert Urena SS Kevin McGonigle,,,
732,5258647968,Cantgetright510,0,71.85,1B Willson Contreras 2B Brett Baty 3B Caleb Durbin C Adley Rutschman OF Juan Soto OF Carson Benge OF Jarren Duran P Nolan McLean P Walbert Urena SS Francisco Lindor,,,
734,5258527240,Oljeff,0,71.8,1B Josh Bell 2B Kody Clemens 3B Brooks Lee C Dillon Dingler OF Carson Benge OF Luke Keaschall OF Emmanuel Rodriguez P Taj Bradley P Sonny Gray SS Francisco Lindor,,,
735,5258110943,wh0red0zer9,0,71.65,1B Jared Young 2B Brett Baty 3B Caleb Durbin C Francisco Alvarez OF Yordan Alvarez OF Wilyer Abreu OF A.J. Ewing P Taj Bradley P Nolan McLean SS Francisco Lindor,,,
735,5258233898,briangile,0,71.65,1B Willson Contreras 2B Michael Massey 3B Caleb Durbin C Carter Jensen OF Roman Anthony OF John Rave OF Isaac Collins P Taj Bradley P Nolan McLean SS Bobby Witt Jr.,,,
735,5258677062,lilmaryy,0,71.65,1B Spencer Torkelson 2B Gleyber Torres 3B Kevin McGonigle C Yainer Diaz OF Riley Greene OF Jahmai Jones OF Tommy Pham P Taj Bradley P Nolan McLean SS Bobby Witt Jr.,,,
735,5258968266,DraftKingsEAD,0,71.65,1B Spencer Torkelson 2B Chase Meidroth 3B Miguel Vargas C Dillon Dingler OF Riley Greene OF Max Clark OF Tommy Pham P Taj Bradley P Nolan McLean SS John Peck,,,
739,5259002331,1yooper1,0,71.5,1B Jared Young 2B Michael Massey 3B Caleb Durbin C Dillon Dingler OF Juan Soto OF Carson Benge OF Ezequiel Duran P Taj Bradley P Walbert Urena SS Francisco Lindor,,,
740,5258073051,captainzen,0,71.2,1B Spencer Torkelson 2B Javier Baez 3B Kevin McGonigle C Francisco Alvarez OF Juan Soto OF Riley Greene OF Max Clark P Taj Bradley P Framber Valdez SS Corey Seager,,,
740,5258316945,brontoball,0,71.2,1B Spencer Torkelson 2B Chase Meidroth 3B Bo Bichette C Dillon Dingler OF Kyle Schwarber OF Riley Greene OF Roman Anthony P Aaron Nola P Framber Valdez SS Corey Seager,,,
740,5258354952,Buckeye-Ninja,0,71.2,1B Willson Contreras 2B Kody Clemens 3B Caleb Durbin C Adley Rutschman OF Wilyer Abreu OF Luke Keaschall OF Jarren Duran P Taj Bradley P Framber Valdez SS Corey Seager,,,
740,5258365461,jrevelle3,0,71.2,1B Willson Contreras 2B Nick Sogard 3B Caleb Durbin C Danny Jansen OF Juan Soto OF Wilyer Abreu OF Jahmai Jones P Taj Bradley P Framber Valdez SS Francisco Lindor,,,
740,5259114240,ufxgatorbox,0,71.2,1B Willson Contreras 2B Nick Sogard 3B Bo Bichette C Moises Ballesteros OF Juan Soto OF Wilyer Abreu OF Tommy Pham P Taj Bradley P Framber Valdez SS Francisco Lindor,,,
745,5258067169,kmartyn426,0,71.15,1B Salvador Perez 2B Luis Arraez 3B Isaac Paredes C Adley Rutschman OF Yordan Alvarez OF Roman Anthony OF Emmanuel Rodriguez P Sonny Gray P Nolan McLean SS Zach Neto,,,
745,5259073823,Unc4life73,0,71.15,1B Kyle Schwarber 2B Luis Arraez 3B Isaac Paredes C Jake Rogers OF Bryce Harper OF Brandon Nimmo OF Brenton Doyle P Sonny Gray P Nolan McLean SS Francisco Lindor,,,
747,5259122895,boys4,0,71,1B Kyle Schwarber 2B Luis Arraez 3B Maikel Garcia C Carter Jensen OF Jac Caglianone OF Bryce Harper OF A.J. Ewing P Aaron Nola P Seth Lugo SS Trea Turner,,,
747,5259150084,gcarolthomas66,0,71,1B Willson Contreras 2B Jose Altuve 3B Maikel Garcia C Yainer Diaz OF Riley Greene OF Carson Benge OF Tommy Pham P Sonny Gray P Walbert Urena SS Francisco Lindor,,,
749,5258934099,Mackdawg44,0,70.8,1B Willson Contreras 2B Nick Sogard 3B Caleb Durbin C Adley Rutschman OF Riley Greene OF Max Clark OF Javier Baez P Taj Bradley P Sonny Gray SS Kevin McGonigle,,,
750,5258499876,FantasyCrusader,0,70.7,1B Spencer Torkelson 2B Javier Baez 3B Maikel Garcia C Carter Jensen OF Jac Caglianone OF Riley Greene OF Max Clark P Sonny Gray P Framber Valdez SS Kevin McGonigle,,,
750,5259129633,crander04,0,70.7,1B Willson Contreras 2B Nick Sogard 3B Ezequiel Duran C Danny Jansen OF Kyle Schwarber OF Carson Benge OF Brandon Nimmo P Sonny Gray P Framber Valdez SS Jeremy Pena,,,
752,5259118271,karleigh20,0,70.65,1B Willson Contreras 2B Chase Meidroth 3B Caleb Durbin C Moises Ballesteros OF Kyle Schwarber OF A.J. Ewing OF Max Clark P Taj Bradley P Nolan McLean SS Corey Seager,,,
753,5258110937,capitanfuton,0,70.399994,1B Jared Young 2B Michael Massey 3B Kevin McGonigle C Dillon Dingler OF Juan Soto OF Carson Benge OF A.J. Ewing P Walbert Urena P Framber Valdez SS Francisco Lindor,,,
753,5258625461,Jamey.mcginnis,0,70.399994,1B Josh Bell 2B Nick Sogard 3B Ezequiel Duran C Adley Rutschman OF Juan Soto OF Riley Greene OF Roman Anthony P Walbert Urena P Framber Valdez SS Corey Seager,,,
755,5258160249,Bwilli1497,0,70.3,1B Alec Bohm 2B Gleyber Torres 3B Bo Bichette C Adley Rutschman OF Kyle Schwarber OF Jarren Duran OF Javier Baez P Taj Bradley P Aaron Nola SS Bobby Witt Jr.,,,
756,5259062686,AKJeff,0,70.2,1B Spencer Torkelson 2B Gleyber Torres 3B Bo Bichette C Dillon Dingler OF Juan Soto OF Carson Benge OF Emmanuel Rodriguez P Taj Bradley P Framber Valdez SS Francisco Lindor,,,
757,5258332606,Drewski9090,0,69.8,1B Alec Bohm 2B Michael Massey 3B Bo Bichette C Carter Jensen OF Juan Soto OF Carson Benge OF Jahmai Jones P Taj Bradley P Sonny Gray SS Francisco Lindor,,,
757,5258568646,jnwallen,0,69.8,1B Spencer Torkelson 2B Javier Baez 3B Maikel Garcia C Carter Jensen OF Riley Greene OF John Rave OF Zach McKinstry P Taj Bradley P Sonny Gray SS Bobby Witt Jr.,,,
757,5259168519,jasonhb27,0,69.8,1B Salvador Perez 2B Jose Altuve 3B Maikel Garcia C Yainer Diaz OF Yordan Alvarez OF Zach McKinstry OF Jahmai Jones P Taj Bradley P Sonny Gray SS Bobby Witt Jr.,,,
760,5258033525,villageid,0,69.65,1B Jared Young 2B Jose Altuve 3B Isaac Paredes C Francisco Alvarez OF Yordan Alvarez OF Carson Benge OF A.J. Ewing P Taj Bradley P Nolan McLean SS Maikel Garcia,,,
760,5258224277,JJsBack,0,69.65,1B Josh Bell 2B Kody Clemens 3B Brooks Lee C Jake Rogers OF Juan Soto OF Carson Benge OF A.J. Ewing P Taj Bradley P Nolan McLean SS Corey Seager,,,
760,5258911600,ericksona5,0,69.65,1B Spencer Torkelson 2B Brett Baty 3B Kevin McGonigle C Jake Rogers OF Jac Caglianone OF Carson Benge OF Randal Grichuk P Taj Bradley P Nolan McLean SS Francisco Lindor,,,
760,5259110996,FoxyGrandpa252,0,69.65,1B Jared Young 2B Chase Meidroth 3B Miguel Vargas C Jake Rogers OF Juan Soto OF Randal Grichuk OF Brenton Doyle P Taj Bradley P Nolan McLean SS Francisco Lindor,,,
764,5258313467,bucklosers,0,69.5,1B Josh Bell 2B Javier Baez 3B Miguel Vargas C Dillon Dingler OF Juan Soto OF Riley Greene OF Max Clark P Sonny Gray P Seth Lugo SS Trevor Story,,,
765,5258540727,kornbills,0,69.45,1B Josh Bell 2B Kody Clemens 3B Bo Bichette C Adley Rutschman OF Yordan Alvarez OF Kyle Schwarber OF Emmanuel Rodriguez P Nolan McLean P Ethan Pecko SS Bobby Witt Jr.,,,
766,5258599286,ZQ1989,0,69.399994,1B Alec Bohm 2B Luis Arraez 3B Bo Bichette C Francisco Alvarez OF Juan Soto OF Kyle Schwarber OF Carson Benge P Walbert Urena P Framber Valdez SS Francisco Lindor,,,
767,5258326137,PCFixer123,0,69.2,1B Spencer Torkelson 2B Michael Massey 3B Bo Bichette C Dillon Dingler OF Riley Greene OF Carson Benge OF Max Clark P Taj Bradley P Framber Valdez SS Bobby Witt Jr.,,,
767,5258457838,wallyswahoos,0,69.2,1B Josh Bell 2B Jose Altuve 3B Maikel Garcia C Adley Rutschman OF Wilyer Abreu OF Jac Caglianone OF Riley Greene P Aaron Nola P Framber Valdez SS Corey Seager,,,
769,5258346967,mefahrer,0,69.15,1B Jared Young 2B Chase Meidroth 3B Brooks Lee C Moises Ballesteros OF Juan Soto OF Luke Keaschall OF Isaac Collins P Sonny Gray P Nolan McLean SS Kevin McGonigle,,,
769,5258399649,bunit1388,0,69.15,1B Alec Bohm 2B Luis Arraez 3B Bo Bichette C Francisco Alvarez OF Juan Soto OF A.J. Ewing OF Randal Grichuk P Sonny Gray P Nolan McLean SS Jeremy Pena,,,
769,5259165882,MedicRiga,0,69.15,1B Willson Contreras 2B Chase Meidroth 3B Caleb Durbin C Yainer Diaz OF Yordan Alvarez OF Kyle Schwarber OF Isaac Collins P Sonny Gray P Nolan McLean SS John Peck,,,
772,5257932165,realtoray,0,69,1B Jared Young 2B Nick Sogard 3B Miguel Vargas C Yainer Diaz OF Juan Soto OF A.J. Ewing OF Josh Lowe P Sonny Gray P Walbert Urena SS Francisco Lindor,,,
773,5257972819,ivymoose,0,68.8,1B Jared Young 2B Kody Clemens 3B Brooks Lee C Victor Caratini OF Carson Benge OF Luke Keaschall OF Emmanuel Rodriguez P Taj Bradley P Sonny Gray SS Francisco Lindor,,,
773,5258625208,loigwine,0,68.8,1B Jared Young 2B Javier Baez 3B Bo Bichette C Francisco Alvarez OF Juan Soto OF Yordan Alvarez OF Tommy Pham P Taj Bradley P Sonny Gray SS Francisco Lindor,,,
773,5259005917,budzie12,0,68.8,1B Jared Young 2B Chase Meidroth 3B Miguel Vargas C Carter Jensen OF Carson Benge OF Jahmai Jones OF Tommy Pham P Taj Bradley P Sonny Gray SS Bobby Witt Jr.,,,
773,5259063724,Haviball,0,68.8,1B Nick Sogard 2B Chase Meidroth 3B Bo Bichette C Yainer Diaz OF Riley Greene OF Luke Keaschall OF Justin Crawford P Taj Bradley P Sonny Gray SS Trea Turner,,,
773,5259143895,chukk,0,68.8,1B Willson Contreras 2B Luis Arraez 3B Ezequiel Duran C Carter Jensen OF Jarren Duran OF A.J. Ewing OF Max Clark P Taj Bradley P Sonny Gray SS Maikel Garcia,,,
778,5258382584,RedWolf5115,0,68.65,1B Spencer Torkelson 2B Kody Clemens 3B Brooks Lee C Dillon Dingler OF Jac Caglianone OF Emmanuel Rodriguez OF Kyle Isbel P Taj Bradley P Nolan McLean SS Francisco Lindor,,,
778,5259160545,rdskin21,0,68.65,1B Alec Bohm 2B Chase Meidroth 3B Caleb Durbin C Carter Jensen OF Riley Greene OF A.J. Ewing OF Emmanuel Rodriguez P Taj Bradley P Nolan McLean SS Zach Neto,,,
780,5259169835,markc1607,0,68.55,1B Spencer Torkelson 2B Gleyber Torres 3B Bo Bichette C Carter Jensen OF Roman Anthony OF Luke Keaschall OF Brandon Nimmo P Nolan McLean P Framber Valdez SS Bobby Witt Jr.,,,
781,5258811535,liquidsmoke,0,68.2,1B Willson Contreras 2B Luis Arraez 3B Ezequiel Duran C Yainer Diaz OF Juan Soto OF Jac Caglianone OF Cam Smith P Aaron Nola P Framber Valdez SS Bobby Witt Jr.,,,
781,5258958097,kananton,0,68.2,1B Salvador Perez 2B Michael Massey 3B Kevin McGonigle C Carter Jensen OF Kyle Schwarber OF Jac Caglianone OF Ezequiel Duran P Aaron Nola P Framber Valdez SS Corey Seager,,,
781,5259025342,Grandhope,0,68.2,1B Josh Bell 2B Nick Sogard 3B Ezequiel Duran C Dillon Dingler OF Juan Soto OF Kyle Schwarber OF Brandon Marsh P Aaron Nola P Framber Valdez SS Kevin McGonigle,,,
781,5259186066,luka0077,0,68.2,1B Spencer Torkelson 2B Javier Baez 3B Kevin McGonigle C Dillon Dingler OF Juan Soto OF Luke Keaschall OF Zach McKinstry P Taj Bradley P Framber Valdez SS Francisco Lindor,,,
785,5258025426,justutah,0,68.15,1B Spencer Torkelson 2B Kody Clemens 3B Kevin McGonigle C Dillon Dingler OF Luke Keaschall OF Max Clark OF Emmanuel Rodriguez P Sonny Gray P Nolan McLean SS John Peck,,,
786,5258937714,smoothmomentum,0,68,1B Willson Contreras 2B Nick Sogard 3B Miguel Vargas C Yainer Diaz OF Jarren Duran OF A.J. Ewing OF John Rave P Sonny Gray P Walbert Urena SS Corey Seager,,,
787,5258066881,smw3184,0,67.8,1B Kyle Schwarber 2B Brett Baty 3B Isaac Paredes C Yainer Diaz OF Riley Greene OF Max Clark OF Emmanuel Rodriguez P Taj Bradley P Sonny Gray SS Corey Seager,,,
788,5258496832,deaththreat1983,0,67.65,1B Spencer Torkelson 2B Luis Arraez 3B Caleb Durbin C Moises Ballesteros OF Riley Greene OF Carson Benge OF Brandon Nimmo P Taj Bradley P Nolan McLean SS Zach Neto,,,
788,5258932619,EL2Drac,0,67.65,1B Nick Sogard 2B Chase Meidroth 3B Kevin McGonigle C Yainer Diaz OF Carson Benge OF A.J. Ewing OF Max Clark P Taj Bradley P Nolan McLean SS Francisco Lindor,,,
790,5259122700,Malaukar13,0,67.55,1B Spencer Torkelson 2B Luis Arraez 3B Bo Bichette C Dillon Dingler OF Juan Soto OF Riley Greene OF Nick Morabito P Nolan McLean P Framber Valdez SS Kevin McGonigle,,,
791,5258804558,impeccablycomingup,0,67.45,1B Jared Young 2B Michael Massey 3B Maikel Garcia C Carter Jensen OF Juan Soto OF Jac Caglianone OF John Rave P Taj Bradley P Erick Fedde SS Francisco Lindor,,,
792,5258188314,sarasoxs,0,67.15,1B Jared Young 2B Brett Baty 3B Brooks Lee C Carter Jensen OF Juan Soto OF Luke Keaschall OF Emmanuel Rodriguez P Sonny Gray P Nolan McLean SS Bobby Witt Jr.,,,
792,5258290311,Timnorwood,0,67.15,1B Jared Young 2B Chase Meidroth 3B Brooks Lee C Carter Jensen OF Riley Greene OF Luke Keaschall OF Emmanuel Rodriguez P Sonny Gray P Nolan McLean SS Bobby Witt Jr.,,,
792,5258863039,JRaab,0,67.15,1B Jared Young 2B Brett Baty 3B Brooks Lee C Carter Jensen OF Juan Soto OF Luke Keaschall OF Emmanuel Rodriguez P Sonny Gray P Nolan McLean SS Bobby Witt Jr.,,,
795,5258949320,doubleday123,0,67,1B Salvador Perez 2B Michael Massey 3B Kevin McGonigle C Carter Jensen OF Jac Caglianone OF Riley Greene OF Max Clark P Taj Bradley P Seth Lugo SS Corey Seager,,,
796,5259067984,tinman1967,0,66.8,1B Alec Bohm 2B Kody Clemens 3B Isaac Paredes C Yainer Diaz OF Roman Anthony OF Carson Benge OF Luke Keaschall P Taj Bradley P Sonny Gray SS Maikel Garcia,,,
796,5259164704,ollie65,0,66.8,1B Jared Young 2B Nick Sogard 3B Caleb Durbin C Adley Rutschman OF Roman Anthony OF Wyatt Langford OF John Rave P Taj Bradley P Sonny Gray SS Bobby Witt Jr.,,,
798,5258376260,spabhook,0,66.7,1B Willson Contreras 2B Nick Sogard 3B Isaac Paredes C Carter Jensen OF Juan Soto OF Riley Greene OF Jahmai Jones P Sonny Gray P Framber Valdez SS Francisco Lindor,,,
799,5257982174,austinj411,0,66.55,1B Spencer Torkelson 2B Luis Arraez 3B Miguel Vargas C Adley Rutschman OF Mike Trout OF Carson Benge OF Luke Keaschall P Nolan McLean P Framber Valdez SS Corey Seager,,,
799,5258089150,Mr.Jay17,0,66.55,1B Jared Young 2B Kody Clemens 3B Kevin McGonigle C Carter Jensen OF Juan Soto OF Luke Keaschall OF Emmanuel Rodriguez P Nolan McLean P Framber Valdez SS Francisco Lindor,,,
799,5258421959,michaelblaschko,0,66.55,1B Jared Young 2B Kody Clemens 3B Caleb Durbin C Carter Jensen OF Juan Soto OF Mike Trout OF Emmanuel Rodriguez P Nolan McLean P Framber Valdez SS Bobby Witt Jr.,,,
802,5258653843,OzzyB11,0,66.2,1B Jared Young 2B Jose Altuve 3B Isaac Paredes C Yainer Diaz OF Juan Soto OF Carson Benge OF Luke Keaschall P Taj Bradley P Framber Valdez SS Francisco Lindor,,,
803,5258172939,garryld1949,0,66.15,1B Jared Young 2B Kody Clemens 3B Kevin McGonigle C Carter Jensen OF Max Clark OF Braden Montgomery OF Emmanuel Rodriguez P Sonny Gray P Nolan McLean SS Bobby Witt Jr.,,,
803,5258214134,oldzcool,0,66.15,1B Willson Contreras 2B Javier Baez 3B Kevin McGonigle C Dillon Dingler OF Riley Greene OF Josh Lowe OF Zach McKinstry P Sonny Gray P Nolan McLean SS Corey Seager,,,
805,5258060248,mustangs2015,0,65.8,1B Josh Bell 2B Kody Clemens 3B Brooks Lee C Garrett Stubbs OF Kyle Schwarber OF Luke Keaschall OF Emmanuel Rodriguez P Taj Bradley P Sonny Gray SS Francisco Lindor,,,
806,5259155973,yaymacc,0,65.7,1B Salvador Perez 2B Luis Arraez 3B Caleb Durbin C Dillon Dingler OF Yordan Alvarez OF Jac Caglianone OF Jarren Duran P Sonny Gray P Framber Valdez SS Francisco Lindor,,,
807,5258165666,hitmen20002002,0,65.65,1B Jared Young 2B Michael Massey 3B Bo Bichette C Carter Jensen OF Juan Soto OF Carson Benge OF Jahmai Jones P Taj Bradley P Nolan McLean SS Francisco Lindor,,,
808,5259154597,jbhguru77,0,65.55,1B Jared Young 2B Brett Baty 3B Kevin McGonigle C Dillon Dingler OF Juan Soto OF Riley Greene OF Max Clark P Nolan McLean P Framber Valdez SS Francisco Lindor,,,
809,5258360762,Sisco510,0,65.15,1B Jared Young 2B Kody Clemens 3B Maikel Garcia C Carter Jensen OF Wilyer Abreu OF Luke Keaschall OF Emmanuel Rodriguez P Sonny Gray P Nolan McLean SS Trea Turner,,,
809,5258805682,slicksid27,0,65.15,1B Spencer Torkelson 2B Gleyber Torres 3B Bo Bichette C Adley Rutschman OF Roman Anthony OF Carson Benge OF Jarren Duran P Sonny Gray P Nolan McLean SS Trea Turner,,,
811,5259124845,Riffraff76,0,65,1B Jared Young 2B Michael Massey 3B Brooks Lee C Carter Jensen OF Juan Soto OF Jac Caglianone OF Carson Benge P Taj Bradley P Seth Lugo SS Francisco Lindor,,,
812,5258603307,Keebs40,0,64.8,1B Josh Bell 2B Gleyber Torres 3B Ezequiel Duran C Kyle Teel OF Kyle Schwarber OF Wyatt Langford OF Carson Benge P Sonny Gray P Aaron Nola SS Corey Seager,,,
812,5258706167,valintino85,0,64.8,1B Jared Young 2B Michael Massey 3B Maikel Garcia C Carter Jensen OF Carson Benge OF A.J. Ewing OF John Rave P Taj Bradley P Sonny Gray SS Bobby Witt Jr.,,,
814,5259129948,Sulla1,0,64.7,1B Josh Bell 2B Nick Sogard 3B Kevin McGonigle C Dillon Dingler OF Riley Greene OF Carson Benge OF Max Clark P Sonny Gray P Framber Valdez SS Francisco Lindor,,,
815,5259143291,TrappistMonk,0,64.65,1B Willson Contreras 2B Michael Massey 3B Maikel Garcia C Carter Jensen OF Juan Soto OF Isaac Collins OF Jahmai Jones P Taj Bradley P Nolan McLean SS Francisco Lindor,,,
816,5258380794,richmondrob7,0,64.15,1B Jared Young 2B Chase Meidroth 3B Miguel Vargas C Francisco Alvarez OF Juan Soto OF A.J. Ewing OF Tommy Pham P Sonny Gray P Nolan McLean SS Jeremy Pena,,,
816,5258850767,soxf4n,0,64.15,1B Josh Bell 2B Michael Massey 3B Isaac Paredes C Carter Jensen OF Juan Soto OF Randal Grichuk OF Tommy Pham P Sonny Gray P Nolan McLean SS Bobby Witt Jr.,,,
818,5258750863,dana522,0,63.65,1B Mickey Gasper 2B Hao-Yu Lee 3B Caleb Durbin C Carter Jensen OF Riley Greene OF A.J. Ewing OF Randal Grichuk P Taj Bradley P Nolan McLean SS Corey Seager,,,
818,5259174615,Warr1013,0,63.65,1B Jared Young 2B Chase Meidroth 3B Isaac Paredes C Jake Rogers OF Juan Soto OF Carson Benge OF Luke Keaschall P Taj Bradley P Nolan McLean SS Francisco Lindor,,,
818,5259176671,JRBDAWGS,0,63.65,1B Jared Young 2B Michael Massey 3B Miguel Vargas C Carter Jensen OF Riley Greene OF John Rave OF Emmanuel Rodriguez P Taj Bradley P Nolan McLean SS Maikel Garcia,,,
821,5259126694,MYSTERIO10,0,63.55,1B Spencer Torkelson 2B Brett Baty 3B Kevin McGonigle C Dillon Dingler OF Juan Soto OF Riley Greene OF Zach McKinstry P Nolan McLean P Framber Valdez SS Francisco Lindor,,,
822,5259170628,madgreek12,0,62.949997,1B Spencer Torkelson 2B Chase Meidroth 3B Ezequiel Duran C Yainer Diaz OF Kyle Schwarber OF Riley Greene OF Josh Lowe P Sonny Gray P Erick Fedde SS Bobby Witt Jr.,,,
823,5258102074,unkydomfreebands,0,62.8,1B Salvador Perez 2B Michael Massey 3B Maikel Garcia C Carter Jensen OF Riley Greene OF Luke Keaschall OF Tommy Pham P Taj Bradley P Sonny Gray SS Bobby Witt Jr.,,,
823,5259153634,Golfito2020,0,62.8,1B Salvador Perez 2B Michael Massey 3B Maikel Garcia C Yainer Diaz OF Jac Caglianone OF Randal Grichuk OF Brenton Doyle P Taj Bradley P Sonny Gray SS Bobby Witt Jr.,,,
825,5259085500,philjay82,0,62.55,1B Josh Bell 2B Brett Baty 3B Maikel Garcia C Francisco Alvarez OF Juan Soto OF Yordan Alvarez OF Emmanuel Rodriguez P Nolan McLean P Framber Valdez SS Bobby Witt Jr.,,,
826,5258509614,kinglucci23,0,62.5,1B Spencer Torkelson 2B Chase Meidroth 3B Kevin McGonigle C Dillon Dingler OF Riley Greene OF Carson Benge OF Max Clark P Sonny Gray P Seth Lugo SS Francisco Lindor,,,
827,5259018521,rsanetra7,0,62.449997,1B Salvador Perez 2B Michael Massey 3B Miguel Vargas C Yainer Diaz OF Juan Soto OF Wyatt Langford OF Randal Grichuk P Taj Bradley P Erick Fedde SS Corey Seager,,,
828,5259159988,taylorboy1,0,61.85,1B Spencer Torkelson 2B Nick Sogard 3B Maikel Garcia C Carter Jensen OF Juan Soto OF Carson Benge OF Max Clark P Nolan McLean P Cody Bradford SS Bobby Witt Jr.,,,
829,5258909278,phalluspilsnermaker,0,61.8,1B Jared Young 2B Michael Massey 3B Maikel Garcia C Carter Jensen OF Jac Caglianone OF Luke Keaschall OF Tommy Pham P Taj Bradley P Sonny Gray SS Bobby Witt Jr.,,,
830,5258529830,FarmHallFalls,0,61.65,1B Jared Young 2B Chase Meidroth 3B Bo Bichette C Adley Rutschman OF Juan Soto OF Carson Benge OF Emmanuel Rodriguez P Taj Bradley P Nolan McLean SS Francisco Lindor,,,
830,5258939188,INTULLYGENT,0,61.65,1B Jared Young 2B Chase Meidroth 3B Bo Bichette C Yainer Diaz OF Juan Soto OF Carson Benge OF Jahmai Jones P Taj Bradley P Nolan McLean SS Francisco Lindor,,,
832,5258262178,titanhawks,0,61.55,1B Jared Young 2B Kody Clemens 3B Kevin McGonigle C Moises Ballesteros OF Juan Soto OF Luke Keaschall OF Emmanuel Rodriguez P Nolan McLean P Framber Valdez SS Bobby Witt Jr.,,,
832,5258431773,ChrisMystery,0,61.55,1B Jared Young 2B Kody Clemens 3B Kevin McGonigle C Moises Ballesteros OF Juan Soto OF Luke Keaschall OF Emmanuel Rodriguez P Nolan McLean P Framber Valdez SS Bobby Witt Jr.,,,
834,5258803685,rajuncajun73,0,61.15,1B Alec Bohm 2B Luis Arraez 3B Isaac Paredes C Francisco Alvarez OF Juan Soto OF Riley Greene OF Randal Grichuk P Sonny Gray P Nolan McLean SS Trea Turner,,,
835,5259141641,ngates,0,60.949997,1B Willson Contreras 2B Luis Arraez 3B Denzer Guzman C Moises Ballesteros OF Kyle Schwarber OF Carson Benge OF Brandon Nimmo P Sonny Gray P Erick Fedde SS Bobby Witt Jr.,,,
836,5258165776,Cfw828,0,60.85,1B Jared Young 2B Chase Meidroth 3B Josh Jung C Jake Rogers OF Juan Soto OF Jac Caglianone OF Riley Greene P Nolan McLean P Cody Bradford SS Bobby Witt Jr.,,,
837,5258446542,sboynton10,0,60.7,1B Willson Contreras 2B Michael Massey 3B Maikel Garcia C Carter Jensen OF Jac Caglianone OF Roman Anthony OF Jahmai Jones P Sonny Gray P Framber Valdez SS Bobby Witt Jr.,,,
837,5258484428,preeves4,0,60.7,1B Salvador Perez 2B Michael Massey 3B Maikel Garcia C Carter Jensen OF Juan Soto OF Kyle Schwarber OF John Rave P Sonny Gray P Framber Valdez SS Francisco Lindor,,,
837,5258743241,mattf19,0,60.7,1B Willson Contreras 2B Michael Massey 3B Maikel Garcia C Carter Jensen OF Jac Caglianone OF Roman Anthony OF Jahmai Jones P Sonny Gray P Framber Valdez SS Bobby Witt Jr.,,,
840,5258663062,tommydoo8,0,60.65,1B Josh Bell 2B Luis Arraez 3B Bo Bichette C Yainer Diaz OF Kyle Schwarber OF Ezequiel Duran OF A.J. Ewing P Taj Bradley P Nolan McLean SS Trea Turner,,,
841,5259115229,tgusta82,0,60.15,1B Jared Young 2B Chase Meidroth 3B Kevin McGonigle C Moises Ballesteros OF Carson Benge OF Luke Keaschall OF Emmanuel Rodriguez P Sonny Gray P Nolan McLean SS Bobby Witt Jr.,,,
841,5259148279,ryanstitan,0,60.15,1B Jared Young 2B Chase Meidroth 3B Maikel Garcia C Carter Jensen OF Riley Greene OF A.J. Ewing OF Isaac Collins P Sonny Gray P Nolan McLean SS Kevin McGonigle,,,
843,5259113592,soccerfoot,0,59.800003,1B Willson Contreras 2B Jose Altuve 3B Miguel Vargas C Carter Jensen OF Kyle Schwarber OF Ezequiel Duran OF Brandon Nimmo P Aaron Nola P Tyler Alexander SS Kevin McGonigle,,,
843,5258164473,skwwillers,0,59.8,1B Jared Young 2B Javier Baez 3B Kevin McGonigle C Jake Rogers OF Juan Soto OF Carson Benge OF A.J. Ewing P Taj Bradley P Sonny Gray SS Francisco Lindor,,,
843,5258331808,AverillsAvengers,0,59.8,1B Royce Lewis 2B Jose Altuve 3B Maikel Garcia C Dillon Dingler OF Jac Caglianone OF Justin Crawford OF Emmanuel Rodriguez P Taj Bradley P Sonny Gray SS Francisco Lindor,,,
846,5258744822,Hornsup73,0,59.7,1B Jared Young 2B Kody Clemens 3B Maikel Garcia C Carter Jensen OF Juan Soto OF Luke Keaschall OF Emmanuel Rodriguez P Sonny Gray P Framber Valdez SS Bobby Witt Jr.,,,
847,5258967073,Dricou,0,59.65,1B Jared Young 2B Chase Meidroth 3B Isaac Paredes C Adley Rutschman OF Carson Benge OF Ezequiel Duran OF Brandon Nimmo P Taj Bradley P Nolan McLean SS Bobby Witt Jr.,,,
848,5258127371,goofybh207,0,59.5,1B Spencer Torkelson 2B Kody Clemens 3B Bo Bichette C Francisco Alvarez OF Jac Caglianone OF Bryce Harper OF Carson Benge P Sonny Gray P Seth Lugo SS Zach Neto,,,
849,5258376521,mrclean913,0,59.2,1B Willson Contreras 2B Javier Baez 3B Ezequiel Duran C Francisco Alvarez OF Kyle Schwarber OF Luke Keaschall OF Emmanuel Rodriguez P Taj Bradley P Framber Valdez SS Kevin McGonigle,,,
850,5259095333,Riccajb9,0,59.15,1B Willson Contreras 2B Michael Massey 3B Bo Bichette C Adley Rutschman OF Wilyer Abreu OF Roman Anthony OF A.J. Ewing P Sonny Gray P Nolan McLean SS John Peck,,,
850,5259144858,kingstonxxx,0,59.15,1B Kyle Schwarber 2B Michael Massey 3B Kevin McGonigle C Adley Rutschman OF Riley Greene OF Randal Grichuk OF Tommy Pham P Sonny Gray P Nolan McLean SS Corey Seager,,,
852,5258288482,19murphy82,0,59,1B Jared Young 2B Michael Massey 3B Kevin McGonigle C Carter Jensen OF Juan Soto OF Luke Keaschall OF Emmanuel Rodriguez P Sonny Gray P Cody Bradford SS Bobby Witt Jr.,,,
853,5259038253,handsumbno,0,58.800003,1B Spencer Torkelson 2B Nicky Lopez 3B Kevin McGonigle C Victor Caratini OF Juan Soto OF Wilyer Abreu OF Brandon Nimmo P Taj Bradley P Tyler Alexander SS Bobby Witt Jr.,,,
853,5258188671,colbyhornet,0,58.8,1B Jared Young 2B Brett Baty 3B Miguel Vargas C Jake Rogers OF Juan Soto OF A.J. Ewing OF Randal Grichuk P Taj Bradley P Sonny Gray SS Francisco Lindor,,,
855,5258308613,dcprior2000,0,58.7,1B Jared Young 2B Luis Arraez 3B Bo Bichette C Moises Ballesteros OF Juan Soto OF Kyle Schwarber OF Carson Benge P Sonny Gray P Framber Valdez SS Francisco Lindor,,,
856,5258251786,Dogs498,0,58.55,1B Jared Young 2B Kody Clemens 3B Maikel Garcia C Carter Jensen OF Juan Soto OF Luke Keaschall OF Emmanuel Rodriguez P Nolan McLean P Framber Valdez SS Bobby Witt Jr.,,,
856,5258521823,gaboy1417,0,58.55,1B Jared Young 2B Kody Clemens 3B Maikel Garcia C Carter Jensen OF Juan Soto OF Luke Keaschall OF Emmanuel Rodriguez P Nolan McLean P Framber Valdez SS Bobby Witt Jr.,,,
856,5258855032,dukester1970,0,58.55,1B Jared Young 2B Kody Clemens 3B Maikel Garcia C Carter Jensen OF Juan Soto OF Luke Keaschall OF Emmanuel Rodriguez P Nolan McLean P Framber Valdez SS Bobby Witt Jr.,,,
856,5259065665,Ericclarke17,0,58.55,1B Jared Young 2B Kody Clemens 3B Maikel Garcia C Carter Jensen OF Juan Soto OF Luke Keaschall OF Emmanuel Rodriguez P Nolan McLean P Framber Valdez SS Bobby Witt Jr.,,,
856,5259125808,WiLDM4Ch1NE,0,58.55,1B Jared Young 2B Kody Clemens 3B Maikel Garcia C Carter Jensen OF Juan Soto OF Carson Benge OF Emmanuel Rodriguez P Nolan McLean P Framber Valdez SS Bobby Witt Jr.,,,
856,5259143505,g_money09,0,58.55,1B Jared Young 2B Kody Clemens 3B Maikel Garcia C Carter Jensen OF Juan Soto OF Luke Keaschall OF Emmanuel Rodriguez P Nolan McLean P Framber Valdez SS Bobby Witt Jr.,,,
856,5259149589,goofymurphy,0,58.55,1B Jared Young 2B Kody Clemens 3B Maikel Garcia C Carter Jensen OF Juan Soto OF Luke Keaschall OF Emmanuel Rodriguez P Nolan McLean P Framber Valdez SS Bobby Witt Jr.,,,
856,5259152298,peterjpacheco,0,58.55,1B Jared Young 2B Kody Clemens 3B Maikel Garcia C Carter Jensen OF Juan Soto OF Luke Keaschall OF Emmanuel Rodriguez P Nolan McLean P Framber Valdez SS Bobby Witt Jr.,,,
864,5259152168,skool43,0,58,1B Salvador Perez 2B Gleyber Torres 3B Maikel Garcia C Carter Jensen OF Jac Caglianone OF Luke Keaschall OF Emmanuel Rodriguez P Taj Bradley P Seth Lugo SS Bobby Witt Jr.,,,
865,5258941037,Duck2239,0,57.949997,1B Nick Sogard 2B Luis Arraez 3B Caleb Durbin C Carter Jensen OF Kyle Schwarber OF Riley Greene OF A.J. Ewing P Sonny Gray P Erick Fedde SS Francisco Lindor,,,
866,5258281007,Grandpakids,0,57.8,1B Jared Young 2B Kody Clemens 3B Maikel Garcia C Yainer Diaz OF Juan Soto OF Emmanuel Rodriguez OF Nick Morabito P Taj Bradley P Sonny Gray SS Bobby Witt Jr.,,,
867,5259133868,jboehm,0,57.55,1B Jared Young 2B Michael Massey 3B Denzer Guzman C Carter Jensen OF Juan Soto OF Kyle Schwarber OF A.J. Ewing P Nolan McLean P Framber Valdez SS Bobby Witt Jr.,,,
867,5259150480,bostonpoker,0,57.55,1B Brett Baty 2B Luis Arraez 3B Maikel Garcia C Adley Rutschman OF Wilyer Abreu OF Carson Benge OF A.J. Ewing P Nolan McLean P Framber Valdez SS Bobby Witt Jr.,,,
869,5259186576,djslinky950,0,57.35,1B Josh Bell 2B Nick Sogard 3B Brooks Lee C Adley Rutschman OF Kyle Schwarber OF Wilyer Abreu OF Brandon Marsh P Nolan McLean P Seth Lugo SS Bobby Witt Jr.,,,
870,5258123324,Luiyopr,0,57.15,1B Willson Contreras 2B Brett Baty 3B Bo Bichette C Francisco Alvarez OF Juan Soto OF Brandon Nimmo OF Max Clark P Sonny Gray P Nolan McLean SS Francisco Lindor,,,
870,5259177979,MarshettaCole,0,57.15,1B Spencer Torkelson 2B Luis Arraez 3B Bo Bichette C Adley Rutschman OF Juan Soto OF Brandon Nimmo OF Javier Baez P Sonny Gray P Nolan McLean SS Zach Neto,,,
872,5258579876,Schweettaay,0,56.8,1B Willson Contreras 2B Luis Arraez 3B Ezequiel Duran C Francisco Alvarez OF Kyle Schwarber OF Luke Keaschall OF A.J. Ewing P Taj Bradley P Sonny Gray SS Isiah Kiner-Falefa,,,
873,5258461936,jcesar79,0,56.15,1B Spencer Torkelson 2B Michael Massey 3B Bo Bichette C Francisco Alvarez OF Juan Soto OF Carson Benge OF Max Clark P Sonny Gray P Nolan McLean SS Francisco Lindor,,,
873,5258769812,renegadebaumers,0,56.15,1B Josh Bell 2B Chase Meidroth 3B Caleb Durbin C Adley Rutschman OF Juan Soto OF Riley Greene OF Javier Baez P Sonny Gray P Nolan McLean SS Francisco Lindor,,,
875,5259117745,jsjs8,0,55.55,1B Brett Baty 2B Jose Altuve 3B Maikel Garcia C Dillon Dingler OF Juan Soto OF Carson Benge OF A.J. Ewing P Nolan McLean P Framber Valdez SS Francisco Lindor,,,
876,5259013295,JadedinMaine,0,54.8,1B Royce Lewis 2B Chase Meidroth 3B Bo Bichette C Francisco Alvarez OF Juan Soto OF A.J. Ewing OF Emmanuel Rodriguez P Taj Bradley P Sonny Gray SS Francisco Lindor,,,
877,5259158779,mbosse1970,0,54.35,1B Kyle Schwarber 2B Nick Sogard 3B Miguel Vargas C Carter Jensen OF Riley Greene OF A.J. Ewing OF Zach McKinstry P Erick Fedde P Framber Valdez SS Bobby Witt Jr.,,,
878,5258482135,chemicalsofdemocracy,0,54.15,1B Jared Young 2B Chase Meidroth 3B Isaac Paredes C Yainer Diaz OF Juan Soto OF Riley Greene OF Emmanuel Rodriguez P Sonny Gray P Nolan McLean SS Francisco Lindor,,,
878,5259108291,mfinlayson21,0,54.15,1B Jake Burger 2B Chase Meidroth 3B Isaac Paredes C Garrett Stubbs OF Juan Soto OF Jac Caglianone OF Braden Montgomery P Sonny Gray P Nolan McLean SS Francisco Lindor,,,
880,5258904944,Ang1212,0,53.55,1B Spencer Torkelson 2B Michael Massey 3B Miguel Vargas C Adley Rutschman OF Juan Soto OF Carson Benge OF A.J. Ewing P Nolan McLean P Framber Valdez SS Francisco Lindor,,,
881,5258831214,jwalkin13,0,53.350002,1B Willson Contreras 2B Gleyber Torres 3B Isaac Paredes C Carter Jensen OF Juan Soto OF Yordan Alvarez OF Kyle Schwarber P Miguel Ullola P Tyler Alexander SS Francisco Lindor,,,
882,5258655234,coreyt1822,0,53.15,1B Jared Young 2B Kody Clemens 3B Hao-Yu Lee C Moises Ballesteros OF Juan Soto OF Luke Keaschall OF Emmanuel Rodriguez P Sonny Gray P Nolan McLean SS Bobby Witt Jr.,,,
883,5259000550,Whoson1st66,0,52.55,1B Spencer Torkelson 2B Michael Massey 3B Maikel Garcia C Francisco Alvarez OF Juan Soto OF Riley Greene OF A.J. Ewing P Nolan McLean P Framber Valdez SS Kevin McGonigle,,,
884,5258310720,acsmith,0,52.15,1B Jared Young 2B Michael Massey 3B Maikel Garcia C Carter Jensen OF Riley Greene OF Luke Keaschall OF Emmanuel Rodriguez P Sonny Gray P Nolan McLean SS Bobby Witt Jr.,,,
885,5258042493,Rc3584,0,51.15,1B Jared Young 2B Brett Baty 3B Caleb Durbin C Francisco Alvarez OF Juan Soto OF Wilyer Abreu OF Ezequiel Duran P Sonny Gray P Nolan McLean SS Francisco Lindor,,,
886,5258620589,qazws0,0,50.35,1B Royce Lewis 2B Jose Altuve 3B Vaughn Grissom C Francisco Alvarez OF Juan Soto OF Kyle Schwarber OF Jarren Duran P Erick Fedde P Framber Valdez SS Trea Turner,,,
887,5259024744,davidgrussin,0,49.350002,1B Kyle Schwarber 2B Luis Arraez 3B Bryson Stott C Francisco Alvarez OF Juan Soto OF Bryce Harper OF A.J. Ewing P Sonny Gray P Miguel Ullola SS Francisco Lindor,,,
887,5258315364,Calmax,0,49.35,1B Jared Young 2B Nick Sogard 3B Bo Bichette C Carter Jensen OF Juan Soto OF Jac Caglianone OF Carson Benge P Nolan McLean P Seth Lugo SS Francisco Lindor,,,
889,5258952692,jimmypoot,0,49.15,1B Willson Contreras 2B Michael Massey 3B Maikel Garcia C Jake Rogers OF Jac Caglianone OF Roman Anthony OF Jahmai Jones P Sonny Gray P Nolan McLean SS Bobby Witt Jr.,,,
890,5258876410,buckeyebammer,0,46.55,1B Alec Bohm 2B Michael Massey 3B Miguel Vargas C Francisco Alvarez OF Juan Soto OF Riley Greene OF A.J. Ewing P Nolan McLean P Framber Valdez SS Francisco Lindor,,,
891,5259160334,GiantDiIdo696,0,0,,,,
