Rank,EntryId,EntryName,TimeRemaining,Points,Lineup,,Player,Roster Position,%Drafted,FPTS
1,5276511159,RoobK19,0,167.09999,C Nathan MacKinnon C Brock Nelson D Cale Makar D Jamie Drysdale G Anthony Stolarz UTIL Devon Toews W Gabriel Landeskog W Artturi Lehkonen W Nicholas Robertson,,Nathan MacKinnon,C,54.66%,32
2,5276218498,66Pens,0,154.4,C Brock Nelson C Trevor Zegras D Cale Makar D Brett Kulak G Arturs Silovs UTIL Nathan MacKinnon W Kirill Marchenko W Artturi Lehkonen W Nicholas Robertson,,Martin Necas,W,32.66%,11
3,5276209012,rjmazeika,0,150.8,C Nathan MacKinnon C Sidney Crosby D Cale Makar D Declan Carlile G Arturs Silovs UTIL Quinton Byfield W Evgeni Malkin W Egor Chinakhov W Filip Hallander,,Cale Makar,D,30.98%,18.4
4,5276217247,deadlift808,0,150.1,C Bo Horvat C Tommy Novak D Cale Makar D Matthew Schaefer G Arturs Silovs UTIL Nathan MacKinnon W Egor Chinakhov W Nicholas Robertson W Emil Heineman,,Trevor Zegras,C,25.81%,1.5
5,5276633510,howehattrick,0,147.90001,C Nathan MacKinnon C Tommy Novak D Cale Makar D Morgan Rielly G Arturs Silovs UTIL Jaden Schwartz W Evgeni Malkin W Artturi Lehkonen W Egor Chinakhov,,Matthew Schaefer,D,21.66%,5.8
6,5276673799,martini13,0,147.6,C Nathan MacKinnon C Hendrix Lapierre D Cale Makar D Erik Karlsson G Arturs Silovs UTIL Auston Matthews W Alex Laferriere W T.J. Hughes W Filip Hallander,,Auston Matthews,C,21.55%,2.8
7,5276592612,snugglepus,0,145.8,C Nathan MacKinnon C Brock Nelson D Morgan Rielly D Brent Burns G Arturs Silovs UTIL Kris Letang W Martin Necas W Kyle Palmieri W Artturi Lehkonen,,Ilya Sorokin,G,21.10%,9.8
8,5276699083,OnPoint41,0,145.5,C Nathan MacKinnon C Sidney Crosby D Erik Karlsson D Devon Toews G Arturs Silovs UTIL Joel Edmundson W Rickard Rakell W Artturi Lehkonen W Nicholas Robertson,,Porter Martone,W,21.10%,0
9,5276694183,Dfry,0,144.90001,C Nathan MacKinnon C Trevor Zegras D Cale Makar D Oliver Ekman-Larsson G Anthony Stolarz UTIL Trevor Moore W William Nylander W Artturi Lehkonen W Nicholas Robertson,,MacKenzie Blackwood,G,19.75%,10.9
10,5276694581,coreypetalik,0,144.3,C Nathan MacKinnon C Sidney Crosby D Cale Makar D Oliver Ekman-Larsson G Arturs Silovs UTIL Easton Cowan W Martin Necas W Brayden Schenn W Nicholas Robertson,,Darren Raddysh,D,18.74%,7.3
11,5276344012,jasonbhellmann,0,144.20001,C Nathan MacKinnon C Brock Nelson D Brandt Clarke D Cam York G Anthony Stolarz UTIL Nicholas Robertson W Martin Necas W Gabriel Landeskog W Nazem Kadri,,Anthony Stolarz,G,18.18%,20.7
12,5276365062,AdamfromChi,0,144,C Nathan MacKinnon C Quinton Byfield D Cale Makar D Sam Malinski G Anthony Stolarz UTIL Brian Dumoulin W Martin Necas W Adrian Kempe W Nicholas Robertson,,Egor Chinakhov,W,18.07%,13
13,5276505733,ethpix,0,143.6,C Nathan MacKinnon C Brock Nelson D Cale Makar D Brett Kulak G Arturs Silovs UTIL Rickard Rakell W Gabriel Landeskog W Alex Laferriere W Emil Heineman,,Quinton Byfield,C,15.82%,7.1
14,5276570877,Glenleablues,0,143,C Nathan MacKinnon C Quinton Byfield D Cale Makar D Jamie Drysdale G Arturs Silovs UTIL Nicolas Roy W Martin Necas W Nazem Kadri W Artturi Lehkonen,,Dan Vladar,G,15.49%,-2.8
15,5276627180,buckstar,0,142.6,C Nathan MacKinnon C Tommy Novak D Cale Makar D Erik Karlsson G Arturs Silovs UTIL Brayden Schenn W Martin Necas W Egor Chinakhov W Nicholas Robertson,,Bo Horvat,C,14.48%,13
16,5276462700,DomingoSalvajeS,0,142.40001,C Nathan MacKinnon C Tommy Novak D Erik Karlsson D Tony DeAngelo G Arturs Silovs UTIL Cale Makar W Martin Necas W Egor Chinakhov W Nicholas Robertson,,William Nylander,W,14.37%,2.8
17,5276712584,dplspfe,0,142.3,C Nathan MacKinnon C Auston Matthews D Devon Toews D Declan Carlile G Arturs Silovs UTIL Gabriel Landeskog W Kirill Marchenko W Artturi Lehkonen W Nicholas Robertson,,Arturs Silovs,G,14.14%,23.3
18,5276220539,goofybh207,0,142.20001,C Bo Horvat C Tommy Novak D Darren Raddysh D Devon Toews G Arturs Silovs UTIL Nathan MacKinnon W Martin Necas W Egor Chinakhov W Nicholas Robertson,,Sidney Crosby,C,14.03%,9.5
19,5276198945,HMSKicks,0,141.9,C Nathan MacKinnon C Quinton Byfield D Cale Makar D Erik Karlsson G Anthony Stolarz UTIL Brian Dumoulin W Martin Necas W Tyson Foerster W Nicholas Robertson,,Gabriel Landeskog,W,13.24%,11.3
19,5276227539,bookert21,0,141.9,C Nathan MacKinnon C Quinton Byfield D Cale Makar D Erik Karlsson G Anthony Stolarz UTIL Brian Dumoulin W Martin Necas W Tyson Foerster W Nicholas Robertson,,Nicholas Robertson,W,13.02%,26.3
21,5276359335,zhep03,0,141.2,C Nathan MacKinnon C Brock Nelson D Cale Makar D Chris Tanev G Ilya Sorokin UTIL Artturi Lehkonen W Martin Necas W Egor Chinakhov W T.J. Hughes,,Artturi Lehkonen,W,13.02%,24.1
22,5276564013,mariobr1709,0,139.79999,C Nathan MacKinnon C Calum Ritchie D Cale Makar D Brett Kulak G MacKenzie Blackwood UTIL Martin Necas W Evgeni Malkin W Artturi Lehkonen W Nicholas Robertson,,Kirill Marchenko,W,12.91%,4.5
23,5276221442,jayho480,0,139.59999,C Nathan MacKinnon C Sidney Crosby D Cam York D Ryan Pulock G Arturs Silovs UTIL Nicholas Robertson W Martin Necas W Rickard Rakell W Artturi Lehkonen,,Jamie Drysdale,D,12.46%,1.3
24,5276501869,jfrey80,0,138.9,C Nathan MacKinnon C Nick Paul D Cale Makar D Devon Toews G MacKenzie Blackwood UTIL Samuel Girard W Martin Necas W Nazem Kadri W Artturi Lehkonen,,Owen Tippett,W,12.35%,6
25,5276111618,hizzy4shizzy,0,138.4,C Nathan MacKinnon C Quinton Byfield D Cale Makar D Darren Raddysh G Anthony Stolarz UTIL Brian Dumoulin W Martin Necas W Tyson Foerster W Nicholas Robertson,,Tommy Novak,C,12.12%,6.3
25,5276508910,Woods24,0,138.4,C Nathan MacKinnon C Quinton Byfield D Cale Makar D Darren Raddysh G Anthony Stolarz UTIL Brian Dumoulin W Martin Necas W Tyson Foerster W Nicholas Robertson,,Brock Nelson,C,11.90%,23
25,5276601290,ChazzDaMan2020,0,138.4,C Nathan MacKinnon C Quinton Byfield D Cale Makar D Darren Raddysh G Anthony Stolarz UTIL Brian Dumoulin W Martin Necas W Tyson Foerster W Nicholas Robertson,,Tyson Foerster,W,10.89%,1.5
25,5276671418,jacks666,0,138.4,C Nathan MacKinnon C Quinton Byfield D Cale Makar D Darren Raddysh G Anthony Stolarz UTIL Brian Dumoulin W Martin Necas W Tyson Foerster W Nicholas Robertson,,Erik Karlsson,D,10.33%,10.8
29,5276232182,patkingpin,0,136.6,C Nathan MacKinnon C Brock Nelson D Cale Makar D Troy Stecher G MacKenzie Blackwood UTIL Martin Necas W Gabriel Landeskog W Easton Cowan W Emil Heineman,,Ryan Pulock,D,9.76%,2.6
30,5276544424,TheDeece,0,136.09999,C Nathan MacKinnon C Sidney Crosby D Erik Karlsson D Mikey Anderson G Ilya Sorokin UTIL Simon Holmstrom W Martin Necas W Artturi Lehkonen W Nicholas Robertson,,T.J. Hughes,W,9.76%,3
31,5276477109,jtreichert22,0,135.6,C Nathan MacKinnon C Calum Ritchie D Cale Makar D Adam Pelech G MacKenzie Blackwood UTIL Nicholas Robertson W Martin Necas W Kyle Palmieri W Artturi Lehkonen,,Matvei Michkov,W,9.76%,1.5
32,5276328690,milligolf,0,134.4,C Nathan MacKinnon C Christian Dvorak D Morgan Rielly D Rasmus Ristolainen G Anthony Stolarz UTIL Cale Makar W Martin Necas W Gabriel Landeskog W Nicholas Robertson,,Brandt Clarke,D,9.54%,4.1
33,5276541299,BUFFALOWARPIGS,0,134.1,C Sidney Crosby C Brock Nelson D Cale Makar D Jamie Drysdale G Arturs Silovs UTIL Nazem Kadri W Rickard Rakell W Gabriel Landeskog W Nicholas Robertson,,Rickard Rakell,W,9.43%,8
34,5276551574,dennisgolovaty,0,134,C Nathan MacKinnon C Parker Kelly D Cale Makar D Brent Burns G Anthony Stolarz UTIL Alex Turcotte W Martin Necas W Porter Martone W Artturi Lehkonen,,Travis Konecny,W,9.20%,3
35,5276686230,fswizzu,0,133.8,C Nathan MacKinnon C Jean-Gabriel Pageau D Cale Makar D Matthew Schaefer G Anthony Stolarz UTIL Joel Armia W Porter Martone W Alex Laferriere W Nicholas Robertson,,Kyle Palmieri,W,9.09%,7.3
36,5276227218,JaserD,0,132,C Nathan MacKinnon C Tommy Novak D Erik Karlsson D Rasmus Ristolainen G Anthony Stolarz UTIL Artturi Lehkonen W Martin Necas W Evgeni Malkin W Egor Chinakhov,,Darcy Kuemper,G,8.98%,-13.3
37,5276254848,domre,0,131.59999,C Nathan MacKinnon C Auston Matthews D Darren Raddysh D Alexander Romanov G Arturs Silovs UTIL Nicholas Robertson W Martin Necas W Gabriel Landeskog W Emil Heineman,,Cam York,D,8.98%,2.8
37,5276355123,mattman1669,0,131.59999,C Nathan MacKinnon C Auston Matthews D Darren Raddysh D Alexander Romanov G Arturs Silovs UTIL Emil Heineman W Martin Necas W Gabriel Landeskog W Nicholas Robertson,,Adrian Kempe,W,8.31%,4.5
37,5276551754,garryld1949,0,131.59999,C Nathan MacKinnon C Auston Matthews D Darren Raddysh D Alexander Romanov G Arturs Silovs UTIL Nicholas Robertson W Martin Necas W Gabriel Landeskog W Emil Heineman,,Nazem Kadri,W,8.31%,13
37,5276657515,jleemont07,0,131.59999,C Nathan MacKinnon C Auston Matthews D Darren Raddysh D Alexander Romanov G Arturs Silovs UTIL Nicholas Robertson W Martin Necas W Gabriel Landeskog W Emil Heineman,,Evgeni Malkin,W,8.19%,11.5
41,5276578670,nscoyner,0,131.5,C Nathan MacKinnon C Quinton Byfield D Cale Makar D Adam Pelech G Arturs Silovs UTIL T.J. Hughes W Martin Necas W Gabriel Landeskog W Artturi Lehkonen,,Adam Pelech,D,7.97%,1.3
42,5276266716,smithbrandon7,0,131.3,C Nathan MacKinnon C Calum Ritchie D Brandt Clarke D Jamie Drysdale G Ilya Sorokin UTIL Cale Makar W Martin Necas W Artturi Lehkonen W Nicholas Robertson,,Devon Toews,D,7.63%,10
42,5276684314,ak907hockey,0,131.29999,C Nathan MacKinnon C Sidney Crosby D Jake McCabe D Ryan Pulock G Arturs Silovs UTIL Kyle Palmieri W Rickard Rakell W Gabriel Landeskog W Nicholas Robertson,,Martin Necas,UTIL,6.73%,11
44,5276674057,massiveK21,0,131.2,C Nathan MacKinnon C Trevor Zegras D Brandt Clarke D Devon Toews G Arturs Silovs UTIL Brock Nelson W Gabriel Landeskog W Nazem Kadri W Egor Chinakhov,,John Tavares,C,6.73%,2.8
45,5276688069,sopolis,0,131,C Nathan MacKinnon C Brock Nelson D Cale Makar D Sam Malinski G Ilya Sorokin UTIL Brian Dumoulin W Martin Necas W Gabriel Landeskog W Matias Maccelli,,Emil Heineman,W,6.51%,12
46,5276124083,charlesrayallday,0,130.4,C Auston Matthews C Tommy Novak D Cale Makar D Alexander Romanov G Anthony Stolarz UTIL Nathan MacKinnon W Martin Necas W Nicholas Robertson W Anthony Duclair,,Calum Ritchie,C,6.17%,4.3
47,5276402200,RAJAHDAT420,0,130.2,C Nathan MacKinnon C Quinton Byfield D Cale Makar D Drew Doughty G Anthony Stolarz UTIL Brandt Clarke W Martin Necas W Matvei Michkov W Nicholas Robertson,,Brayden Schenn,W,6.17%,1.5
47,5276649553,sneakyb,0,130.2,C Nathan MacKinnon C Quinton Byfield D Cale Makar D Brandt Clarke G Anthony Stolarz UTIL Drew Doughty W Martin Necas W Matvei Michkov W Nicholas Robertson,,Cale Makar,UTIL,5.95%,18.4
49,5276336784,Plumbster27,0,130,C Nathan MacKinnon C Trevor Zegras D Cale Makar D Jamie Drysdale G Anthony Stolarz UTIL Easton Cowan W Martin Necas W Artturi Lehkonen W T.J. Hughes,,Victor Eklund,W,5.84%,3
50,5276104049,orlo4457,0,129.3,C Sidney Crosby C Brock Nelson D Erik Karlsson D Brandt Clarke G Arturs Silovs UTIL Gabriel Landeskog W Rickard Rakell W Nazem Kadri W Nicholas Robertson,,Brent Burns,D,5.72%,6.3
50,5276662453,scavengers2000,0,129.3,C Nathan MacKinnon C Sidney Crosby D Jake McCabe D Trevor van Riemsdyk G Arturs Silovs UTIL Porter Martone W Owen Tippett W Egor Chinakhov W Nicholas Robertson,,Jack Roslovic,W,5.61%,9.3
52,5276389619,jean_bordeaux,0,129.1,C Nathan MacKinnon C Bo Horvat D Cale Makar D Ryan Pulock G Ilya Sorokin UTIL Nicholas Robertson W Martin Necas W Nazem Kadri W Ondrej Palat,,Artemi Panarin,W,5.50%,11.5
53,5276426968,DtownCrush,0,128.8,C Nathan MacKinnon C Parker Kelly D Cale Makar D Sam Malinski G Arturs Silovs UTIL Darren Raddysh W William Nylander W Kyle Palmieri W Nicolas Roy,,Matias Maccelli,W,5.39%,1.5
54,5276140755,Maki671,0,128.7,C Tommy Novak C Calum Ritchie D Cale Makar D Matthew Schaefer G Arturs Silovs UTIL Nathan MacKinnon W Artturi Lehkonen W Egor Chinakhov W Brayden Schenn,,Nathan MacKinnon,UTIL,5.05%,32
55,5276628166,dmartino515,0,128.6,C Nathan MacKinnon C Bo Horvat D Drew Doughty D Samuel Girard G Ilya Sorokin UTIL Jack Roslovic W Martin Necas W Kyle Palmieri W Artturi Lehkonen,,Morgan Rielly,D,4.60%,7.8
56,5276664458,markmajors,0,128.5,C Nathan MacKinnon C Erik Haula D Darren Raddysh D Drew Doughty G Anthony Stolarz UTIL Sidney Crosby W Gabriel Landeskog W Artturi Lehkonen W T.J. Hughes,,Rasmus Ristolainen,D,4.49%,2.6
57,5276244541,CoffeeInBed,0,128.3,C Nathan MacKinnon C Christian Dvorak D Cale Makar D Cam York G Anthony Stolarz UTIL Nicholas Robertson W Martin Necas W Gabriel Landeskog W Tyson Foerster,,Sam Malinski,D,4.49%,9.9
57,5276445214,eaglesnation83,0,128.3,C Nathan MacKinnon C Christian Dvorak D Cale Makar D Cam York G Anthony Stolarz UTIL Nicholas Robertson W Martin Necas W Gabriel Landeskog W Tyson Foerster,,Christian Dvorak,C,4.49%,4.3
59,5276708482,sirleged7777,0,127.80001,C Nathan MacKinnon C Bo Horvat D Cale Makar D Matthew Schaefer G Ilya Sorokin UTIL Alex Turcotte W Gabriel Landeskog W Victor Eklund W Filip Hallander,,Alexander Romanov,D,4.49%,5.6
60,5276658986,lewzerr1,0,127.7,C Nathan MacKinnon C Auston Matthews D Darren Raddysh D Joel Edmundson G Arturs Silovs UTIL Martin Necas W Evgeni Malkin W Nicholas Robertson W Emil Heineman,,Simon Holmstrom,W,4.38%,0
61,5276081761,briannedanielle,0,127.3,C Nathan MacKinnon C Auston Matthews D Cam York D Adam Pelech G Anthony Stolarz UTIL Cale Makar W Martin Necas W Nicholas Robertson W Emil Heineman,,Travis Sanheim,D,4.38%,4.5
61,5276094774,nickenyon6,0,127.3,C Nathan MacKinnon C Auston Matthews D Cam York D Adam Pelech G Anthony Stolarz UTIL Cale Makar W Martin Necas W Nicholas Robertson W Emil Heineman,,Alex Laferriere,W,4.15%,14.3
61,5276160244,sportsfanatic89,0,127.3,C Nathan MacKinnon C Auston Matthews D Cam York D Adam Pelech G Anthony Stolarz UTIL Cale Makar W Martin Necas W Nicholas Robertson W Emil Heineman,,Tony DeAngelo,D,3.93%,1.3
61,5276175545,rajonrondough,0,127.3,C Nathan MacKinnon C Auston Matthews D Cam York D Adam Pelech G Anthony Stolarz UTIL Cale Makar W Martin Necas W Nicholas Robertson W Emil Heineman,,Brett Kulak,D,3.82%,1.3
61,5276230580,aylsg,0,127.3,C Nathan MacKinnon C Auston Matthews D Cam York D Adam Pelech G Anthony Stolarz UTIL Cale Makar W Martin Necas W Nicholas Robertson W Emil Heineman,,Drew Doughty,D,3.37%,9.1
61,5276466216,joecarterfan,0,127.3,C Nathan MacKinnon C Auston Matthews D Cam York D Adam Pelech G Anthony Stolarz UTIL Cale Makar W Martin Necas W Nicholas Robertson W Emil Heineman,,Gavin McKenna,W,3.25%,1.5
67,5276605172,Twiztidmailman,0,126.50001,C Nathan MacKinnon C Tommy Novak D Erik Karlsson D Chris Tanev G MacKenzie Blackwood UTIL Artturi Lehkonen W Martin Necas W Evgeni Malkin W Egor Chinakhov,,Mats Zuccarello,W,3.03%,0
68,5276567970,J-ROCK1013,0,126.399994,C Nathan MacKinnon C Quinton Byfield D Cale Makar D Ryan Pulock G Anthony Stolarz UTIL Rickard Rakell W Gabriel Landeskog W Alex Laferriere W Emil Heineman,,Noah Cates,C,3.03%,1.5
69,5276331130,Mikekataja,0,126.100006,C Nathan MacKinnon C Tommy Novak D Cale Makar D Devon Toews G Ilya Sorokin UTIL Martin Necas W Artturi Lehkonen W Egor Chinakhov W Matias Maccelli,,Quinton Byfield,UTIL,2.92%,7.1
69,5276454301,xXxPLOSIVE,0,126.100006,C Nathan MacKinnon C Auston Matthews D Cale Makar D Cam York G Anthony Stolarz UTIL Alexander Romanov W Martin Necas W Nicholas Robertson W Alex Turcotte,,Kris Letang,D,2.81%,11
71,5276165881,epot,0,125.90001,C Nathan MacKinnon C Sidney Crosby D Cale Makar D Morgan Rielly G MacKenzie Blackwood UTIL Alex Bump W Matvei Michkov W Easton Cowan W Nicholas Robertson,,Gabriel Landeskog,UTIL,2.81%,11.3
72,5276342032,mck1960,0,125.600006,C Nathan MacKinnon C Quinton Byfield D Cale Makar D Darren Raddysh G Anthony Stolarz UTIL Adam Pelech W Martin Necas W Tyson Foerster W Nicholas Robertson,,Adrian Kempe,UTIL,2.81%,4.5
72,5276354914,bboshea,0,125.600006,C Brock Nelson C Erik Haula D Cale Makar D Erik Karlsson G Arturs Silovs UTIL Alex Laferriere W Gabriel Landeskog W Nazem Kadri W Mats Zuccarello,,T.J. Hughes,UTIL,2.81%,3
74,5276225581,mattbpoole,0,125.50001,C Bo Horvat C Tommy Novak D Cale Makar D Ryan Pulock G MacKenzie Blackwood UTIL Nathan MacKinnon W Travis Konecny W Egor Chinakhov W Nicholas Robertson,,Artemi Panarin,UTIL,2.47%,11.5
74,5276664841,TheJokesOnU,0,125.5,C Nathan MacKinnon C Quinton Byfield D Cale Makar D Chris Tanev G Anthony Stolarz UTIL Emil Heineman W William Nylander W Gabriel Landeskog W Alex Laferriere,,Tyson Foerster,UTIL,2.47%,1.5
76,5276355846,therizzo,0,124.80001,C Nathan MacKinnon C Bo Horvat D Matthew Schaefer D Brian Dumoulin G Ilya Sorokin UTIL Martin Necas W Gabriel Landeskog W Matias Maccelli W Nicholas Robertson,,Nicholas Robertson,UTIL,2.47%,26.3
77,5276518637,MBMuskrats,0,124.70001,C Sidney Crosby C Brock Nelson D Cale Makar D Oliver Ekman-Larsson G MacKenzie Blackwood UTIL Nazem Kadri W Rickard Rakell W Gabriel Landeskog W Nicholas Robertson,,Trevor Zegras,UTIL,2.36%,1.5
78,5276224658,Carriecat,0,124.6,C Nathan MacKinnon C Sidney Crosby D Ryan Pulock D Adam Pelech G Ilya Sorokin UTIL Martin Necas W Rickard Rakell W Artturi Lehkonen W Nicholas Robertson,,Alex Bump,W,2.24%,1.5
79,5276268602,mjikard,0,124.4,C Nathan MacKinnon C Trevor Zegras D Cale Makar D Jamie Drysdale G Ilya Sorokin UTIL Simon Holmstrom W Martin Necas W Artturi Lehkonen W Nicholas Robertson,,Joel Edmundson,D,2.24%,1.5
79,5276427021,kipper12,0,124.399994,C Nathan MacKinnon C Auston Matthews D Alexander Romanov D Ryan Pulock G Anthony Stolarz UTIL Cale Makar W Travis Konecny W Egor Chinakhov W Nicholas Robertson,,Nazem Kadri,UTIL,2.24%,13
79,5276433718,ibeckman,0,124.399994,C Nathan MacKinnon C Auston Matthews D Alexander Romanov D Ryan Pulock G Anthony Stolarz UTIL Cale Makar W Travis Konecny W Egor Chinakhov W Nicholas Robertson,,Kirill Marchenko,UTIL,2.13%,4.5
82,5276288914,ConnorT,0,123.799995,C Nathan MacKinnon C Brock Nelson D Drew Doughty D Brian Dumoulin G Dan Vladar UTIL Owen Tippett W Martin Necas W Kyle Palmieri W Artturi Lehkonen,,Matvei Michkov,UTIL,2.02%,1.5
83,5276372432,bobDaddy,0,123.700005,C Nathan MacKinnon C Parker Kelly D Cale Makar D Matthew Schaefer G Ilya Sorokin UTIL Brandt Clarke W Artturi Lehkonen W Egor Chinakhov W Matias Maccelli,,William Nylander,UTIL,2.02%,2.8
83,5276619596,erin3272002,0,123.7,C Nathan MacKinnon C Quinton Byfield D Cale Makar D Rasmus Ristolainen G Anthony Stolarz UTIL Brandt Clarke W Martin Necas W Tyson Foerster W Nicholas Robertson,,Porter Martone,UTIL,1.91%,0
85,5276511416,luckie1710,0,123.600006,C Sidney Crosby C Tommy Novak D Cale Makar D Darren Raddysh G Arturs Silovs UTIL Nicholas Robertson W Rickard Rakell W Evgeni Malkin W Egor Chinakhov,,Chris Tanev,D,1.91%,6.9
86,5276388669,brownbsr,0,123.100006,C Nathan MacKinnon C Tommy Novak D Cale Makar D Nick Seeler G Anthony Stolarz UTIL Alex Turcotte W William Nylander W Martin Necas W Artturi Lehkonen,,Oliver Ekman-Larsson,D,1.91%,4.3
87,5276712575,benkendrick,0,122.899994,C Sidney Crosby C Quinton Byfield D Darren Raddysh D Brandt Clarke G Arturs Silovs UTIL Brock Nelson W Evgeni Malkin W Nazem Kadri W Artturi Lehkonen,,Ville Koivunen,W,1.91%,11.5
88,5276570441,PepperdineWaves,0,122.600006,C Nathan MacKinnon C Nick Paul D Cale Makar D Chris Tanev G MacKenzie Blackwood UTIL Matvei Michkov W Martin Necas W Gabriel Landeskog W Artturi Lehkonen,,Brandt Clarke,UTIL,1.91%,4.1
88,5276650245,jjbbliss,0,122.600006,C Trevor Zegras C Quinton Byfield D Cale Makar D Jamie Drysdale G Anthony Stolarz UTIL Nathan MacKinnon W Martin Necas W Artturi Lehkonen W Alex Turcotte,,Jake McCabe,D,1.80%,11
90,5276666786,ochauno,0,122.2,C Nathan MacKinnon C Quinton Byfield D Cale Makar D Brandt Clarke G Ilya Sorokin UTIL Nicholas Robertson W Martin Necas W Tyson Foerster W Emil Heineman,,Jean-Gabriel Pageau,C,1.80%,1.5
91,5276698512,Weezesworld,0,122.00001,C Bo Horvat C Brock Nelson D Matthew Schaefer D Sam Malinski G Ilya Sorokin UTIL William Nylander W Kyle Palmieri W Artturi Lehkonen W Nicholas Robertson,,Artturi Lehkonen,UTIL,1.80%,24.1
92,5276121473,JRBucks34,0,121.7,C Nathan MacKinnon C Quinton Byfield D Jake McCabe D Jamie Drysdale G Anthony Stolarz UTIL Artturi Lehkonen W Artemi Panarin W Martin Necas W T.J. Hughes,,Declan Carlile,D,1.80%,8
93,5276358557,jackball222,0,121.600006,C Brock Nelson C Parker Kelly D Cale Makar D Matthew Schaefer G Arturs Silovs UTIL Kirill Marchenko W Kyle Palmieri W Gabriel Landeskog W Nazem Kadri,,Alex Turcotte,UTIL,1.80%,6.5
94,5276692002,JSB31,0,121.5,C Nathan MacKinnon C Tommy Novak D Cale Makar D Alexander Romanov G Anthony Stolarz UTIL Martin Necas W Evgeni Malkin W Egor Chinakhov W T.J. Hughes,,Alex Laferriere,UTIL,1.68%,14.3
95,5276708784,nos325,0,121.3,C Nathan MacKinnon C Auston Matthews D Brian Dumoulin D Declan Carlile G Arturs Silovs UTIL Brayden Schenn W Martin Necas W Kirill Marchenko W Artturi Lehkonen,,Brayden Schenn,UTIL,1.68%,1.5
96,5276180345,mythicalrhymer01,0,121.20001,C Bo Horvat C Tommy Novak D Erik Karlsson D Darren Raddysh G Arturs Silovs UTIL Brock Nelson W Evgeni Malkin W Nazem Kadri W Egor Chinakhov,,Owen Tippett,UTIL,1.57%,6
96,5276448489,15Kokanee,0,121.20001,C Nathan MacKinnon C Quinton Byfield D Sam Malinski D Brent Burns G Arturs Silovs UTIL Rickard Rakell W Martin Necas W Alex Laferriere W Jack Roslovic,,Victor Eklund,UTIL,1.46%,3
96,5276546557,canovsp,0,121.2,C Nathan MacKinnon C Sidney Crosby D Jake McCabe D Drew Doughty G Arturs Silovs UTIL Cale Makar W Kyle Palmieri W Jack Roslovic W Connor Dewar,,Egor Chinakhov,UTIL,1.46%,13
99,5276641987,AgentChadAKSARBEN,0,121.100006,C Nathan MacKinnon C Trevor Zegras D Brandt Clarke D Devon Toews G Ilya Sorokin UTIL Cale Makar W Owen Tippett W Egor Chinakhov W Nicholas Robertson,,Evgeni Malkin,UTIL,1.46%,11.5
100,5276384519,TakeoverTarget,0,120.7,C Nathan MacKinnon C Auston Matthews D Cale Makar D Joel Edmundson G Anthony Stolarz UTIL Martin Necas W Tyson Foerster W Nicholas Robertson W Alex Turcotte,,Adam Pelech,UTIL,1.46%,1.3
100,5276641788,yiketty_yack,0,120.7,C Nathan MacKinnon C Auston Matthews D Cale Makar D Joel Edmundson G Anthony Stolarz UTIL Alex Turcotte W Martin Necas W Tyson Foerster W Nicholas Robertson,,Travis Konecny,UTIL,1.35%,3
102,5276635105,smittyderek,0,120.5,C Nathan MacKinnon C John Tavares D Brent Burns D Ryan Pulock G MacKenzie Blackwood UTIL Kirill Marchenko W Martin Necas W Artturi Lehkonen W Nicholas Robertson,,Sidney Crosby,UTIL,1.35%,9.5
103,5276694211,brandonc021,0,120.20001,C Nathan MacKinnon C Tommy Novak D Cale Makar D Morgan Rielly G Anthony Stolarz UTIL Easton Cowan W Rickard Rakell W Owen Tippett W T.J. Hughes,,Jack Roslovic,UTIL,1.35%,9.3
103,5276353580,Goatradamus,0,120.200005,C Nathan MacKinnon C Jean-Gabriel Pageau D Cale Makar D Darren Raddysh G MacKenzie Blackwood UTIL Artturi Lehkonen W Martin Necas W Victor Eklund W Emil Heineman,,Samuel Girard,D,1.35%,13
103,5276719269,Bigzyw,0,120.200005,C Nathan MacKinnon C Jean-Gabriel Pageau D Cale Makar D Darren Raddysh G MacKenzie Blackwood UTIL Martin Necas W Artturi Lehkonen W Victor Eklund W Emil Heineman,,Tommy Novak,UTIL,1.23%,6.3
103,5276403465,dtwlions,0,120.2,C Nathan MacKinnon C John Tavares D Cale Makar D Kaedan Korczak G Arturs Silovs UTIL Adam Pelech W William Nylander W Martin Necas W Ville Koivunen,,Alex Turcotte,W,1.23%,6.5
107,5276660791,Daddygotmilk,0,120,C Nathan MacKinnon C Auston Matthews D Jake McCabe D Cam York G Anthony Stolarz UTIL Quinton Byfield W Rickard Rakell W Jack Roslovic W Nicholas Robertson,,Rickard Rakell,UTIL,1.23%,8
108,5276676162,8589,0,119.90001,C Bo Horvat C Brock Nelson D Cale Makar D Tony DeAngelo G Arturs Silovs UTIL Jack Roslovic W Kyle Palmieri W Gabriel Landeskog W Nazem Kadri,,Auston Matthews,UTIL,1.23%,2.8
108,5276702504,Toeknee21,0,119.899994,C Nathan MacKinnon C John Tavares D Travis Sanheim D Ryan Pulock G Arturs Silovs UTIL Gavin McKenna W William Nylander W Artturi Lehkonen W Nicholas Robertson,,Simon Holmstrom,UTIL,1.23%,0
110,5276234247,mknob87,0,119.8,C Nathan MacKinnon C Trevor Zegras D Cale Makar D Jamie Drysdale G Anthony Stolarz UTIL Quinton Byfield W Martin Necas W Tyson Foerster W Nicholas Robertson,,Kyle Palmieri,UTIL,1.23%,7.3
110,5276238549,jasper55,0,119.8,C Nathan MacKinnon C Trevor Zegras D Cale Makar D Adam Pelech G Arturs Silovs UTIL Adrian Kempe W Martin Necas W Matvei Michkov W Nicholas Robertson,,Brent Burns,UTIL,1.23%,6.3
112,5276691893,micanians2002,0,119.50001,C Nathan MacKinnon C Bo Horvat D Cale Makar D Samuel Girard G Ilya Sorokin UTIL Tommy Novak W Martin Necas W Egor Chinakhov W Victor Eklund,,Jaden Schwartz,W,1.12%,11.5
113,5276350696,lop819,0,119.40001,C Nathan MacKinnon C Auston Matthews D Cam York D Ryan Pulock G Arturs Silovs UTIL Alex Laferriere W Kirill Marchenko W Artturi Lehkonen W Egor Chinakhov,,Darren Raddysh,UTIL,1.12%,7.3
114,5276618766,wildsch75,0,119.3,C Nathan MacKinnon C Tommy Novak D Cale Makar D Erik Karlsson G Arturs Silovs UTIL Matias Maccelli W Martin Necas W Egor Chinakhov W T.J. Hughes,,Logan Stanley,D,1.12%,1.3
114,5276706403,kcjonah,0,119.3,C Nathan MacKinnon C Bo Horvat D Devon Toews D Brent Burns G Anthony Stolarz UTIL Sidney Crosby W Mats Zuccarello W Matias Maccelli W Nicholas Robertson,,Easton Cowan,W,1.12%,18
116,5276479273,gramp334,0,119.20001,C Auston Matthews C Tommy Novak D Darren Raddysh D Brent Burns G Anthony Stolarz UTIL Nathan MacKinnon W Martin Necas W Easton Cowan W Joel Armia,,Brock Nelson,UTIL,1.12%,23
117,5276648533,Boozard,0,118.899994,C Nathan MacKinnon C Quinton Byfield D Devon Toews D Cam York G Anthony Stolarz UTIL Kirill Marchenko W Martin Necas W Adrian Kempe W Nicholas Robertson,,Matias Maccelli,UTIL,1.12%,1.5
118,5276319296,Drewski9090,0,118.5,C Nathan MacKinnon C Tommy Novak D Cale Makar D Cam York G Anthony Stolarz UTIL T.J. Hughes W Martin Necas W Gabriel Landeskog W Egor Chinakhov,,Brian Dumoulin,D,1.01%,14.1
118,5276501439,Timnorwood,0,118.5,C Nathan MacKinnon C Auston Matthews D Matthew Schaefer D Adam Pelech G Arturs Silovs UTIL Martin Necas W Egor Chinakhov W Victor Eklund W Nicholas Robertson,,Noel Acciari,W,1.01%,2.8
118,5276578784,LesterNygaard,0,118.5,C Nathan MacKinnon C Auston Matthews D Cam York D Drew Doughty G Arturs Silovs UTIL Quinton Byfield W Travis Konecny W Artturi Lehkonen W Alex Laferriere,,Josh Manson,D,1.01%,7.8
121,5276369830,BigBadBid,0,118.3,C Nathan MacKinnon C Bo Horvat D Darren Raddysh D Adam Pelech G Arturs Silovs UTIL Quinton Byfield W Martin Necas W Gabriel Landeskog W Emil Heineman,,Mats Zuccarello,UTIL,0.90%,0
122,5276088535,Nautiguy,0,118.200005,C Nathan MacKinnon C Nick Paul D Cale Makar D Jake McCabe G MacKenzie Blackwood UTIL Tommy Novak W Martin Necas W Rickard Rakell W Colton Sissons,,Nick Paul,C,0.90%,6.5
123,5276127297,tndkd,0,118.100006,C Auston Matthews C Nick Paul D Cale Makar D Alexander Romanov G Anthony Stolarz UTIL Nathan MacKinnon W Porter Martone W Easton Cowan W Colton Sissons,,Brett Kulak,UTIL,0.90%,1.3
123,5276364900,swilt77,0,118.09999,C Nathan MacKinnon C Auston Matthews D Alexander Romanov D Adam Pelech G Arturs Silovs UTIL Martin Necas W William Nylander W Egor Chinakhov W Nicholas Robertson,,Ryan Pulock,UTIL,0.90%,2.6
125,5276217630,jessman420,0,118.00001,C Nathan MacKinnon C Sidney Crosby D Cale Makar D Declan Carlile G Ilya Sorokin UTIL Martin Necas W Matvei Michkov W Alex Bump W Nicholas Robertson,,Nick Seeler,D,0.90%,1.3
126,5276695137,Felix1822,0,117.70001,C Nathan MacKinnon C Jean-Gabriel Pageau D Erik Karlsson D Kris Letang G Arturs Silovs UTIL Matthew Schaefer W Kyle Palmieri W Nazem Kadri W Egor Chinakhov,,Jaden Schwartz,UTIL,0.79%,11.5
127,5276236310,ZombieAut0pilot,0,117.600006,C Nathan MacKinnon C Sidney Crosby D Cale Makar D Adam Pelech G Ilya Sorokin UTIL Gabriel Landeskog W Owen Tippett W T.J. Hughes W Nicholas Robertson,,Bo Horvat,UTIL,0.79%,13
127,5276444661,12mgoblue28,0,117.600006,C Nathan MacKinnon C Scott Laughton D Cale Makar D Cam York G Dan Vladar UTIL Erik Haula W Martin Necas W Artturi Lehkonen W Trevor Moore,,Calum Ritchie,UTIL,0.79%,4.3
129,5276703766,The_Alchemyst,0,117.5,C Bo Horvat C Tommy Novak D Erik Karlsson D Darren Raddysh G Arturs Silovs UTIL Sidney Crosby W Rickard Rakell W Egor Chinakhov W Nicholas Robertson,,Anthony Duclair,W,0.79%,7.3
130,5276262607,the__moose,0,117.3,C Nathan MacKinnon C John Tavares D Kris Letang D Travis Sanheim G Ilya Sorokin UTIL Jaden Schwartz W Kyle Palmieri W Artturi Lehkonen W Alex Laferriere,,Emil Heineman,UTIL,0.79%,12
131,5276240119,gbjb,0,117.200005,C Nathan MacKinnon C Tommy Novak D Cale Makar D Darren Raddysh G MacKenzie Blackwood UTIL Nicholas Robertson W Porter Martone W Egor Chinakhov W Victor Eklund,,Trevor van Riemsdyk,D,0.79%,8.2
132,5276439959,roosevelt,0,117.100006,C Nathan MacKinnon C Tommy Novak D Cale Makar D Trevor van Riemsdyk G Anthony Stolarz UTIL Egor Chinakhov W Martin Necas W Owen Tippett W Tyson Foerster,,Cam York,UTIL,0.67%,2.8
133,5276649152,JJ2379,0,117.00001,C Nathan MacKinnon C Brock Nelson D Matthew Schaefer D Declan Carlile G MacKenzie Blackwood UTIL Simon Holmstrom W Gabriel Landeskog W Nazem Kadri W Egor Chinakhov,,Trevor Moore,W,0.67%,14.8
134,5276720261,bauertl,0,116.8,C Nathan MacKinnon C Quinton Byfield D Darren Raddysh D Jamie Drysdale G Anthony Stolarz UTIL Artturi Lehkonen W Gabriel Landeskog W Nazem Kadri W Mats Zuccarello,,Sean Couturier,C,0.67%,0
135,5276240252,dedeso1,0,116.600006,C Sidney Crosby C Quinton Byfield D Erik Karlsson D Darren Raddysh G Arturs Silovs UTIL Nazem Kadri W Rickard Rakell W Gabriel Landeskog W Nicholas Robertson,,Erik Haula,C,0.67%,11.5
136,5276290078,Dannyboy7932,0,116.5,C Nathan MacKinnon C Brock Nelson D Sam Malinski D Tony DeAngelo G Arturs Silovs UTIL Nazem Kadri W Martin Necas W Porter Martone W Victor Eklund,,Parker Kelly,C,0.67%,15
137,5276362978,dallas1fan21,0,116.3,C Nathan MacKinnon C Jean-Gabriel Pageau D Cale Makar D Devon Toews G Arturs Silovs UTIL Joel Edmundson W Martin Necas W Kyle Palmieri W Gabriel Landeskog,,Drew Doughty,UTIL,0.56%,9.1
138,5276478695,RamsRuleRamsRule,0,116,C Sidney Crosby C Brock Nelson D Erik Karlsson D Brent Burns G Arturs Silovs UTIL Evgeni Malkin W Kyle Palmieri W Gabriel Landeskog W Nazem Kadri,,Joel Edmundson,UTIL,0.56%,1.5
139,5276696303,JustJames23,0,115.90001,C Nathan MacKinnon C Tommy Novak D Erik Karlsson D Adam Pelech G Ilya Sorokin UTIL Cale Makar W Gabriel Landeskog W Nazem Kadri W Egor Chinakhov,,Colton Sissons,W,0.56%,14.1
140,5276707505,kayonas23,0,115.8,C Nathan MacKinnon C Tommy Novak D Cale Makar D Darren Raddysh G Arturs Silovs UTIL Martin Necas W Egor Chinakhov W Brayden Schenn W T.J. Hughes,,John Tavares,UTIL,0.56%,2.8
140,5276636775,atomhawk,0,115.799995,C Nathan MacKinnon C Quinton Byfield D Cale Makar D Jake McCabe G Dan Vladar UTIL Devon Toews W Kirill Marchenko W Jack Roslovic W Nicholas Robertson,,Alex Bump,UTIL,0.56%,1.5
142,5276592341,Schusyy,0,115.600006,C Sidney Crosby C Calum Ritchie D Cale Makar D Erik Karlsson G Ilya Sorokin UTIL Nathan MacKinnon W Matias Maccelli W T.J. Hughes W Nicholas Robertson,,Scott Wedgewood,G,0.56%,0
143,5276251559,LOCNOTM,0,115.5,C Nathan MacKinnon C Auston Matthews D Drew Doughty D Joel Edmundson G Anthony Stolarz UTIL Brian Dumoulin W Martin Necas W Gabriel Landeskog W Nazem Kadri,,Sam Malinski,UTIL,0.56%,9.9
143,5276503676,nmeyer1983,0,115.5,C Nathan MacKinnon C Tommy Novak D Brandt Clarke D Rasmus Ristolainen G MacKenzie Blackwood UTIL Evgeni Malkin W Martin Necas W Artturi Lehkonen W Egor Chinakhov,,Easton Cowan,UTIL,0.56%,18
145,5276652887,Dethstar1972,0,114.899994,C Bo Horvat C Tommy Novak D Cale Makar D Matthew Schaefer G Arturs Silovs UTIL Alex Laferriere W Evgeni Malkin W Jack Roslovic W Egor Chinakhov,,Christian Dvorak,UTIL,0.45%,4.3
146,5276226192,gmosk,0,114.8,C Nathan MacKinnon C Tommy Novak D Cale Makar D Brent Burns G Arturs Silovs UTIL Travis Konecny W Martin Necas W Egor Chinakhov W Brayden Schenn,,Devon Toews,UTIL,0.45%,10
147,5276656991,Votts,0,114.700005,C Brock Nelson C Tommy Novak D Cale Makar D Darren Raddysh G MacKenzie Blackwood UTIL Nazem Kadri W Evgeni Malkin W Gabriel Landeskog W Egor Chinakhov,,Filip Hallander,W,0.45%,28
148,5276476433,bluebld93,0,114.600006,C Nathan MacKinnon C Sidney Crosby D Brent Burns D Alexander Romanov G MacKenzie Blackwood UTIL Evgeni Malkin W Martin Necas W Matvei Michkov W Nicholas Robertson,,Nicolas Roy,W,0.45%,12.8
149,5276711370,gorillabiscuit,0,114.5,C Nathan MacKinnon C Quinton Byfield D Cale Makar D Matthew Schaefer G Ilya Sorokin UTIL Ryan Pulock W Martin Necas W Matias Maccelli W Nicholas Robertson,,Gavin McKenna,UTIL,0.45%,1.5
150,5276291478,Tully936,0,114.200005,C Bo Horvat C Tommy Novak D Cale Makar D Alexander Romanov G MacKenzie Blackwood UTIL Nathan MacKinnon W Travis Konecny W Egor Chinakhov W Emil Heineman,,Teddy Blueger,UTIL,0.34%,1.3
150,5276669207,clou0012,0,114.2,C Sidney Crosby C Quinton Byfield D Cale Makar D Matthew Schaefer G Arturs Silovs UTIL Alex Laferriere W Rickard Rakell W Brayden Schenn W Nicholas Robertson,,Connor Dewar,W,0.34%,1.3
152,5276520234,TheCompletePackage,0,114.00001,C Nathan MacKinnon C Trevor Zegras D Cale Makar D Jamie Drysdale G MacKenzie Blackwood UTIL Matias Maccelli W Gabriel Landeskog W Artturi Lehkonen W Egor Chinakhov,,Casey Cizikas,C,0.34%,0
153,5276467385,renegadebaumers,0,113.90001,C Brock Nelson C Nick Paul D Darren Raddysh D Ryan Pulock G Anthony Stolarz UTIL Nathan MacKinnon W William Nylander W Owen Tippett W Nazem Kadri,,Hendrix Lapierre,C,0.34%,15
154,5276656421,BenByers,0,113.600006,C Nathan MacKinnon C Calum Ritchie D Cale Makar D Kris Letang G Ilya Sorokin UTIL Matias Maccelli W Martin Necas W Artturi Lehkonen W Brayden Schenn,,Jamie Drysdale,UTIL,0.34%,1.3
154,5276685130,kingofviper01,0,113.600006,C Nathan MacKinnon C Calum Ritchie D Cale Makar D Kris Letang G Ilya Sorokin UTIL Matias Maccelli W Martin Necas W Artturi Lehkonen W Brayden Schenn,,Erik Karlsson,UTIL,0.34%,10.8
156,5276355426,ccox20,0,113.5,C Nathan MacKinnon C John Tavares D Cale Makar D Adam Pelech G Anthony Stolarz UTIL Brayden Schenn W Martin Necas W Alex Laferriere W Ville Koivunen,,Jean-Gabriel Pageau,UTIL,0.34%,1.5
157,5276060216,mikeag1,0,113.40001,C Nathan MacKinnon C Quinton Byfield D Kris Letang D Tony DeAngelo G Anthony Stolarz UTIL Jaden Schwartz W Martin Necas W Kirill Marchenko W Alex Laferriere,,Mikey Anderson,D,0.34%,12.6
158,5276229570,lpratts,0,113.200005,C Nathan MacKinnon C Quinton Byfield D Cale Makar D Matthew Schaefer G Ilya Sorokin UTIL Adam Pelech W Martin Necas W Matias Maccelli W Nicholas Robertson,,Scott Laughton,C,0.34%,5.8
159,5276496106,Gillos007,0,112.8,C Nathan MacKinnon C Trevor Zegras D Sam Malinski D Alexander Romanov G Anthony Stolarz UTIL Sidney Crosby W Rickard Rakell W Artturi Lehkonen W Brayden Schenn,,Trevor Moore,UTIL,0.34%,14.8
160,5276567232,dannyv2019,0,112.70001,C Nathan MacKinnon C Bo Horvat D Cale Makar D Brent Burns G Anthony Stolarz UTIL Cam York W Adrian Kempe W Victor Eklund W Emil Heineman,,Sergei Bobrovsky,G,0.22%,0
161,5276235790,WizzleDB,0,112.600006,C Nathan MacKinnon C Auston Matthews D Cale Makar D Cam York G Ilya Sorokin UTIL Alex Turcotte W Martin Necas W T.J. Hughes W Nicholas Robertson,,Cody Ceci,D,0.22%,9.8
161,5276247431,jonchill,0,112.600006,C Nathan MacKinnon C Auston Matthews D Cale Makar D Cam York G Ilya Sorokin UTIL Alex Turcotte W Martin Necas W T.J. Hughes W Nicholas Robertson,,Noah Cates,UTIL,0.22%,1.5
161,5276276035,Tbwspartan,0,112.600006,C Nathan MacKinnon C Auston Matthews D Cale Makar D Cam York G Ilya Sorokin UTIL Alex Turcotte W Martin Necas W T.J. Hughes W Nicholas Robertson,,Erik Gustafsson,D,0.22%,0
161,5276353554,respo22,0,112.600006,C Nathan MacKinnon C Auston Matthews D Cale Makar D Cam York G Ilya Sorokin UTIL Alex Turcotte W Martin Necas W T.J. Hughes W Nicholas Robertson,,Fedor Svechkov,C,0.22%,1.3
161,5276517771,koalabrr,0,112.600006,C Nathan MacKinnon C Sidney Crosby D Cale Makar D Ryan Pulock G Ilya Sorokin UTIL Victor Eklund W Martin Necas W Simon Holmstrom W Nicholas Robertson,,Noel Acciari,UTIL,0.22%,2.8
161,5276620596,gogators252001,0,112.600006,C Nathan MacKinnon C Auston Matthews D Cale Makar D Cam York G Ilya Sorokin UTIL Alex Turcotte W Martin Necas W T.J. Hughes W Nicholas Robertson,,Anton Forsberg,G,0.22%,0
161,5276677874,skinpie23,0,112.600006,C Nathan MacKinnon C Auston Matthews D Cale Makar D Cam York G Ilya Sorokin UTIL Alex Turcotte W Martin Necas W T.J. Hughes W Nicholas Robertson,,Morgan Rielly,UTIL,0.22%,7.8
161,5276712746,Casey0504,0,112.6,C Nathan MacKinnon C Quinton Byfield D Cale Makar D Adam Pelech G MacKenzie Blackwood UTIL Brandt Clarke W Martin Necas W Tyson Foerster W Nicholas Robertson,,Joel Armia,UTIL,0.22%,14.8
169,5276657087,AntonioMorris,0,112.399994,C Nathan MacKinnon C Auston Matthews D Brian Dumoulin D Samuel Girard G Anthony Stolarz UTIL Martin Necas W Kirill Marchenko W Gabriel Landeskog W T.J. Hughes,,Connor Dewar,UTIL,0.22%,1.3
170,5276602701,j2cain,0,112.3,C Nathan MacKinnon C Noah Cates D Cale Makar D Kris Letang G Ilya Sorokin UTIL Alex Bump W Martin Necas W Artturi Lehkonen W T.J. Hughes,,Erik Haula,UTIL,0.22%,11.5
171,5276232721,WestinW12,0,112.200005,C Nathan MacKinnon C Auston Matthews D Cale Makar D Cam York G MacKenzie Blackwood UTIL Joel Edmundson W Martin Necas W Nicholas Robertson W Alex Turcotte,,Matthew Schaefer,UTIL,0.22%,5.8
171,5276263580,fantasyjunkies101,0,112.2,C Nathan MacKinnon C Sidney Crosby D Ryan Pulock D Adam Pelech G Anthony Stolarz UTIL Artturi Lehkonen W Martin Necas W Rickard Rakell W T.J. Hughes,,Bo Groulx,C,0.22%,1.5
173,5276303516,FantasyCrusader,0,112.100006,C Sidney Crosby C Brock Nelson D Erik Karlsson D Cam York G Anthony Stolarz UTIL Nazem Kadri W Rickard Rakell W Gabriel Landeskog W Egor Chinakhov,,Sean Couturier,UTIL,0.22%,0
174,5276708216,Noely67,0,111.9,C Nathan MacKinnon C Trevor Zegras D Cale Makar D Rasmus Ristolainen G Ilya Sorokin UTIL Jake McCabe W Martin Necas W Artturi Lehkonen W Brayden Schenn,,Oliver Ekman-Larsson,UTIL,0.22%,4.3
175,5276304035,georgejester,0,111.5,C Nathan MacKinnon C Quinton Byfield D Cale Makar D Cam York G Arturs Silovs UTIL Ryan Pulock W Martin Necas W Mats Zuccarello W Alex Laferriere,,Nick Paul,UTIL,0.22%,6.5
176,5276061534,tomkriger,0,111.3,C Nathan MacKinnon C Auston Matthews D Adam Pelech D Brian Dumoulin G Arturs Silovs UTIL Martin Necas W Kirill Marchenko W Jack Roslovic W Egor Chinakhov,,Anthony Duclair,UTIL,0.11%,7.3
176,5276572021,SliceB,0,111.3,C Nathan MacKinnon C Parker Kelly D Cale Makar D Ryan Pulock G Ilya Sorokin UTIL Bo Horvat W Adrian Kempe W Nazem Kadri W Victor Eklund,,Travis Sanheim,UTIL,0.11%,4.5
178,5276710064,VernO1961,0,111.2,C Nathan MacKinnon C John Tavares D Devon Toews D Brent Burns G Arturs Silovs UTIL Tommy Novak W Evgeni Malkin W Owen Tippett W Nazem Kadri,,Filip Hallander,UTIL,0.11%,28
179,5276591527,kucas0918,0,111.100006,C Nathan MacKinnon C Tommy Novak D Erik Karlsson D Cam York G Anthony Stolarz UTIL T.J. Hughes W Martin Necas W Evgeni Malkin W Egor Chinakhov,,Andre Lee,W,0.11%,1.5
180,5276578720,tpyo,0,110.7,C Nathan MacKinnon C Quinton Byfield D Devon Toews D Adam Pelech G Anthony Stolarz UTIL Martin Necas W Adrian Kempe W Mats Zuccarello W Artturi Lehkonen,,Parker Kelly,UTIL,0.11%,15
181,5276447905,Byronn5,0,110.600006,C Nathan MacKinnon C Calum Ritchie D Cale Makar D Matthew Schaefer G Ilya Sorokin UTIL Martin Necas W Brayden Schenn W Matias Maccelli W Nicholas Robertson,,Troy Stecher,D,0.11%,0
181,5276622597,hardybook,0,110.600006,C Nathan MacKinnon C Christian Dvorak D Cale Makar D Declan Carlile G Ilya Sorokin UTIL Trevor Zegras W Martin Necas W Artturi Lehkonen W Tyson Foerster,,Rasmus Ristolainen,UTIL,0.11%,2.6
183,5276409844,meitbe2014,0,110.5,C Nathan MacKinnon C Bo Horvat D Cale Makar D Ryan Pulock G Anthony Stolarz UTIL Alex Turcotte W Owen Tippett W Gabriel Landeskog W Simon Holmstrom,,Chris Tanev,UTIL,0.11%,6.9
184,5276670806,ElDanno,0,110.299995,C Nathan MacKinnon C Quinton Byfield D Cale Makar D Rasmus Ristolainen G MacKenzie Blackwood UTIL Bo Horvat W Gabriel Landeskog W Victor Eklund W Emil Heineman,,Ondrej Palat,W,0.11%,3
185,5276651357,SkinsNCanes,0,110.200005,C Nathan MacKinnon C Quinton Byfield D Jamie Drysdale D Drew Doughty G Ilya Sorokin UTIL Adrian Kempe W Martin Necas W Gabriel Landeskog W Artturi Lehkonen,,Kaedan Korczak,D,0.11%,17.1
186,5276613942,chrisapriltravis,0,110.00001,C Nathan MacKinnon C Trevor Zegras D Erik Karlsson D Ryan Pulock G MacKenzie Blackwood UTIL Cale Makar W Kirill Marchenko W T.J. Hughes W Nicholas Robertson,,Logan Stanley,UTIL,0.11%,1.3
186,5276373004,pepsiluver13,0,110,C Nathan MacKinnon C Auston Matthews D Chris Tanev D Samuel Girard G Anthony Stolarz UTIL Easton Cowan W William Nylander W Kirill Marchenko W Jack Roslovic,,Scott Laughton,UTIL,0.11%,5.8
186,5276499725,jeffylube,0,110,C Auston Matthews C Quinton Byfield D Cam York D Adam Pelech G Anthony Stolarz UTIL Nathan MacKinnon W Martin Necas W Owen Tippett W Nicholas Robertson,,Alexander Romanov,UTIL,0.11%,5.6
189,5276343095,maestrobobcobb,0,109.8,C Nathan MacKinnon C Trevor Zegras D Morgan Rielly D Devon Toews G MacKenzie Blackwood UTIL Jack Roslovic W Martin Necas W Alex Laferriere W Egor Chinakhov,,Samuel Girard,UTIL,0.11%,13
189,5276475247,Fishermanfuzz,0,109.8,C Nathan MacKinnon C Auston Matthews D Darren Raddysh D Ryan Pulock G Ilya Sorokin UTIL Bo Horvat W Egor Chinakhov W Victor Eklund W Nicholas Robertson,,Elmer Soderblom,W,0.11%,0
191,5276113669,jrsmoke420,0,109.700005,C Nathan MacKinnon C Brock Nelson D Cale Makar D Kris Letang G Dan Vladar UTIL Teddy Blueger W Martin Necas W Nazem Kadri W Noel Acciari,,Noah Juulsen,D,0.11%,1.3
192,5276269877,Itzpcraft,0,109.59999,C Nathan MacKinnon C Quinton Byfield D Brandt Clarke D Drew Doughty G Arturs Silovs UTIL Adrian Kempe W Artemi Panarin W Evgeni Malkin W Alex Turcotte,,Nicolas Roy,UTIL,0.11%,12.8
193,5276685740,JLO_PAL,0,109.40001,C Nathan MacKinnon C Trevor Zegras D Cale Makar D Chris Tanev G Anthony Stolarz UTIL Christian Dvorak W Porter Martone W Artturi Lehkonen W Matvei Michkov,,Kris Letang,UTIL,0.11%,11
194,5276686947,Law_Dogs,0,109.30001,C Nathan MacKinnon C Sean Couturier D Cale Makar D Cam York G MacKenzie Blackwood UTIL Kyle Palmieri W Martin Necas W Artturi Lehkonen W Noel Acciari,,Tony DeAngelo,UTIL,0.11%,1.3
195,5276712320,JudgeDogg,0,109.2,C Nathan MacKinnon C Auston Matthews D Nick Seeler D Trevor van Riemsdyk G Arturs Silovs UTIL Trevor Zegras W William Nylander W Martin Necas W Nicholas Robertson,,Cody Ceci,UTIL,0.11%,9.8
196,5276290235,Hockeybob8,0,109.100006,C Nathan MacKinnon C Auston Matthews D Travis Sanheim D Alexander Romanov G Anthony Stolarz UTIL Jaden Schwartz W Owen Tippett W Nazem Kadri W Egor Chinakhov,,Casey Cizikas,UTIL,0.11%,0
196,5276646356,richieb24,0,109.100006,C Nathan MacKinnon C Trevor Zegras D Darren Raddysh D Kris Letang G Arturs Silovs UTIL T.J. Hughes W Martin Necas W Rickard Rakell W Emil Heineman,,Colton Sissons,UTIL,0.11%,14.1
198,5276210370,lkols23,0,109,C Noah Cates C Tommy Novak D Cale Makar D Brandt Clarke G Anthony Stolarz UTIL Nathan MacKinnon W Evgeni Malkin W Egor Chinakhov W Matvei Michkov,,Simon Benoit,D,0.11%,0
199,5276241167,micahmbg,0,108.9,C Nathan MacKinnon C Trevor Zegras D Cale Makar D Drew Doughty G Ilya Sorokin UTIL Martin Necas W Artturi Lehkonen W Brayden Schenn W Matias Maccelli,,Nick Blankenburg,D,0.11%,0
200,5276500518,MissingManning,0,108.70001,C Nathan MacKinnon C Tommy Novak D Cale Makar D Matthew Schaefer G MacKenzie Blackwood UTIL Brent Burns W Nazem Kadri W Egor Chinakhov W Victor Eklund,,Jake McCabe,UTIL,0.11%,11
201,5276692334,stinner35,0,108.600006,C Sidney Crosby C John Tavares D Tony DeAngelo D Cam York G MacKenzie Blackwood UTIL Nathan MacKinnon W Martin Necas W Nicholas Robertson W Emil Heineman,,,
202,5276617972,AJMIII,0,108.30001,C Nathan MacKinnon C Trevor Zegras D Matthew Schaefer D Darren Raddysh G MacKenzie Blackwood UTIL Martin Necas W Tyson Foerster W Nicholas Robertson W Emil Heineman,,,
202,5276693478,LSNowak,0,108.3,C Nathan MacKinnon C Calum Ritchie D Devon Toews D Sam Malinski G MacKenzie Blackwood UTIL Auston Matthews W Alex Laferriere W Trevor Moore W Jack Roslovic,,,
204,5276601602,btterman,0,108.200005,C Nathan MacKinnon C Jean-Gabriel Pageau D Cale Makar D Rasmus Ristolainen G Ilya Sorokin UTIL Brayden Schenn W Martin Necas W Kyle Palmieri W Artturi Lehkonen,,,
204,5276672973,IvnDrago12,0,108.2,C Sidney Crosby C Brock Nelson D Drew Doughty D Declan Carlile G Arturs Silovs UTIL Gabriel Landeskog W Artemi Panarin W Rickard Rakell W Adrian Kempe,,,
206,5276235266,CroatianSensation,0,108.00001,C Nathan MacKinnon C Bo Horvat D Matthew Schaefer D Declan Carlile G MacKenzie Blackwood UTIL Simon Holmstrom W Kyle Palmieri W Egor Chinakhov W Easton Cowan,,,
207,5276154924,mustangs2015,0,107.899994,C Nathan MacKinnon C Auston Matthews D Rasmus Ristolainen D Chris Tanev G Anthony Stolarz UTIL Kirill Marchenko W William Nylander W Jack Roslovic W Nicholas Robertson,,,
208,5276238782,tcarv4,0,107.80001,C Nathan MacKinnon C Tommy Novak D Cale Makar D Cam York G Ilya Sorokin UTIL Martin Necas W Evgeni Malkin W Egor Chinakhov W T.J. Hughes,,,
209,5276106806,jrevelle3,0,107.70001,C Sidney Crosby C Tommy Novak D Matthew Schaefer D Erik Karlsson G Anthony Stolarz UTIL Darren Raddysh W Rickard Rakell W Egor Chinakhov W Nicholas Robertson,,,
210,5276225210,raiderras,0,107.600006,C Nathan MacKinnon C Trevor Zegras D Travis Sanheim D Oliver Ekman-Larsson G MacKenzie Blackwood UTIL Alex Laferriere W Kirill Marchenko W Evgeni Malkin W Artturi Lehkonen,,,
210,5276613846,arve,0,107.600006,C Nathan MacKinnon C Sidney Crosby D Matthew Schaefer D Sam Malinski G Ilya Sorokin UTIL Alex Laferriere W Mats Zuccarello W Simon Holmstrom W Nicholas Robertson,,,
212,5276370789,tzak48,0,107.100006,C Bo Horvat C Tommy Novak D Cale Makar D Ryan Pulock G Ilya Sorokin UTIL Nathan MacKinnon W Porter Martone W Egor Chinakhov W Emil Heineman,,,
212,5276543269,bstewart006,0,107.100006,C Nathan MacKinnon C Bo Horvat D Jamie Drysdale D Alexander Romanov G Ilya Sorokin UTIL T.J. Hughes W Martin Necas W Kyle Palmieri W Artturi Lehkonen,,,
214,5276517779,flipflop8048,0,107.00001,C Nathan MacKinnon C Auston Matthews D Sam Malinski D Tony DeAngelo G MacKenzie Blackwood UTIL Martin Necas W Artturi Lehkonen W Victor Eklund W Emil Heineman,,,
215,5276597710,eamuscatuli15,0,106.90001,C Nathan MacKinnon C Calum Ritchie D Cale Makar D Adam Pelech G Ilya Sorokin UTIL Kirill Marchenko W Martin Necas W Artturi Lehkonen W Matias Maccelli,,,
215,5276596796,thabease,0,106.899994,C Nathan MacKinnon C Bo Horvat D Kris Letang D Drew Doughty G Arturs Silovs UTIL Martin Necas W Kirill Marchenko W Brayden Schenn W Matias Maccelli,,,
217,5276247334,BugJuice90,0,106.80001,C Nathan MacKinnon C Calum Ritchie D Cale Makar D Brent Burns G Ilya Sorokin UTIL Martin Necas W Porter Martone W Egor Chinakhov W Emil Heineman,,,
217,5276226686,Rooch,0,106.8,C Nathan MacKinnon C Brock Nelson D Matthew Schaefer D Brent Burns G Anthony Stolarz UTIL Victor Eklund W Gavin McKenna W Travis Konecny W Jaden Schwartz,,,
217,5276666237,jabell10,0,106.8,C Nathan MacKinnon C Auston Matthews D Alexander Romanov D Ryan Pulock G Anthony Stolarz UTIL Tony DeAngelo W William Nylander W Martin Necas W Filip Hallander,,,
220,5276339735,terryf20,0,106.600006,C Bo Horvat C Tommy Novak D Matthew Schaefer D Ryan Pulock G MacKenzie Blackwood UTIL Nathan MacKinnon W Martin Necas W Egor Chinakhov W Emil Heineman,,,
220,5276451562,sharpy78,0,106.600006,C Nathan MacKinnon C Bo Horvat D Tony DeAngelo D Cam York G Arturs Silovs UTIL Calum Ritchie W William Nylander W Travis Konecny W Artturi Lehkonen,,,
222,5276493391,xxSPURS21xx,0,106.5,C Sidney Crosby C Brock Nelson D Devon Toews D Travis Sanheim G MacKenzie Blackwood UTIL Jaden Schwartz W Porter Martone W Nazem Kadri W Artturi Lehkonen,,,
223,5276212559,Goatropers,0,106.3,C Bo Horvat C Tommy Novak D Cale Makar D Matthew Schaefer G Arturs Silovs UTIL Nathan MacKinnon W Matias Maccelli W T.J. Hughes W Victor Eklund,,,
223,5276699416,acim2887,0,106.3,C Nathan MacKinnon C Noah Cates D Cale Makar D Trevor van Riemsdyk G Anthony Stolarz UTIL Evgeni Malkin W Martin Necas W Matvei Michkov W Alex Bump,,,
225,5276700315,FloopyGoober,0,106.100006,C Nathan MacKinnon C Trevor Zegras D Cale Makar D Cam York G Ilya Sorokin UTIL Egor Chinakhov W Travis Konecny W Artturi Lehkonen W Matvei Michkov,,,
226,5276703044,bernard14,0,105.90001,C Nathan MacKinnon C Brock Nelson D Cale Makar D Oliver Ekman-Larsson G MacKenzie Blackwood UTIL Jamie Drysdale W Gavin McKenna W Egor Chinakhov W Brayden Schenn,,,
226,5276189047,QBKillaz,0,105.9,C Nathan MacKinnon C Fedor Svechkov D Matthew Schaefer D Cam York G MacKenzie Blackwood UTIL Filip Hallander W William Nylander W Martin Necas W Gabriel Landeskog,,,
226,5276692085,jasonex003,0,105.899994,C Nathan MacKinnon C Sidney Crosby D Travis Sanheim D Drew Doughty G Arturs Silovs UTIL Matvei Michkov W Porter Martone W Nazem Kadri W Egor Chinakhov,,,
229,5276228609,tklut,0,105.40001,C Nathan MacKinnon C Christian Dvorak D Cale Makar D Jamie Drysdale G Ilya Sorokin UTIL Victor Eklund W Martin Necas W Artturi Lehkonen W Tyson Foerster,,,
229,5276364154,Zooloo,0,105.399994,C Auston Matthews C Tommy Novak D Cale Makar D Ryan Pulock G Arturs Silovs UTIL Brock Nelson W Kirill Marchenko W Evgeni Malkin W Egor Chinakhov,,,
231,5276285017,Riffraff76,0,105.30001,C Nathan MacKinnon C Bo Horvat D Devon Toews D Tony DeAngelo G Ilya Sorokin UTIL Morgan Rielly W Kyle Palmieri W Artturi Lehkonen W Simon Holmstrom,,,
232,5276690705,joewiz711,0,105.200005,C Nathan MacKinnon C Brock Nelson D Matthew Schaefer D Declan Carlile G MacKenzie Blackwood UTIL Trevor Zegras W Martin Necas W Egor Chinakhov W Simon Holmstrom,,,
232,5276236525,Jordo300,0,105.2,C Nathan MacKinnon C Quinton Byfield D Erik Karlsson D Joel Edmundson G Anthony Stolarz UTIL Tommy Novak W William Nylander W Martin Necas W Egor Chinakhov,,,
234,5276661359,Buddha87,0,105,C Nathan MacKinnon C Trevor Zegras D Cale Makar D Drew Doughty G Anthony Stolarz UTIL Jack Roslovic W Martin Necas W Matvei Michkov W Alex Bump,,,
235,5276442104,BourbonRat,0,104.80001,C Nathan MacKinnon C Christian Dvorak D Cale Makar D Jamie Drysdale G MacKenzie Blackwood UTIL Adam Pelech W Martin Necas W Artturi Lehkonen W Tyson Foerster,,,
235,5276506793,Wyatt11111111,0,104.8,C Nathan MacKinnon C Trevor Zegras D Matthew Schaefer D Devon Toews G Ilya Sorokin UTIL Cale Makar W Alex Laferriere W Egor Chinakhov W Elmer Soderblom,,,
235,5276652299,juicy-jay22,0,104.8,C Nathan MacKinnon C Quinton Byfield D Devon Toews D Ryan Pulock G Anthony Stolarz UTIL Cale Makar W Martin Necas W Mats Zuccarello W T.J. Hughes,,,
238,5276599876,tattoodscott,0,104.700005,C Nathan MacKinnon C Trevor Zegras D Cale Makar D Rasmus Ristolainen G Ilya Sorokin UTIL Kyle Palmieri W Owen Tippett W Artturi Lehkonen W T.J. Hughes,,,
239,5276233273,csalinaz9,0,104.600006,C Nathan MacKinnon C John Tavares D Cale Makar D Joel Edmundson G Arturs Silovs UTIL Adam Pelech W William Nylander W Martin Necas W Ville Koivunen,,,
239,5276258244,plewis247,0,104.600006,C Nathan MacKinnon C Trevor Zegras D Jamie Drysdale D Chris Tanev G Anthony Stolarz UTIL Cale Makar W Martin Necas W Gabriel Landeskog W Matvei Michkov,,,
241,5276676164,baahstonbotfly,0,104.5,C Nathan MacKinnon C Auston Matthews D Sam Malinski D Josh Manson G Anthony Stolarz UTIL Matvei Michkov W Martin Necas W Owen Tippett W Nicolas Roy,,,
242,5276371679,Toppodogg,0,104.40001,C Nathan MacKinnon C John Tavares D Cale Makar D Adam Pelech G Arturs Silovs UTIL Brett Kulak W William Nylander W Martin Necas W Ville Koivunen,,,
242,5276410157,jtsteam2012,0,104.40001,C Nathan MacKinnon C John Tavares D Cale Makar D Brett Kulak G Arturs Silovs UTIL Adam Pelech W William Nylander W Martin Necas W Ville Koivunen,,,
242,5276411505,ACon21,0,104.40001,C Nathan MacKinnon C John Tavares D Cale Makar D Brett Kulak G Arturs Silovs UTIL Adam Pelech W William Nylander W Martin Necas W Ville Koivunen,,,
242,5276457837,Double_L,0,104.40001,C Nathan MacKinnon C John Tavares D Cale Makar D Adam Pelech G Arturs Silovs UTIL Brett Kulak W William Nylander W Martin Necas W Ville Koivunen,,,
242,5276480716,LoganGrewe50,0,104.40001,C Nathan MacKinnon C John Tavares D Cale Makar D Brett Kulak G Arturs Silovs UTIL Adam Pelech W William Nylander W Martin Necas W Ville Koivunen,,,
242,5276493028,MambaMentality4Life,0,104.40001,C Nathan MacKinnon C John Tavares D Cale Makar D Brett Kulak G Arturs Silovs UTIL Adam Pelech W William Nylander W Martin Necas W Ville Koivunen,,,
242,5276511744,BrentK1092690,0,104.40001,C Nathan MacKinnon C John Tavares D Cale Makar D Brett Kulak G Arturs Silovs UTIL Adam Pelech W William Nylander W Martin Necas W Ville Koivunen,,,
242,5276559863,brandennowell,0,104.40001,C Nathan MacKinnon C John Tavares D Cale Makar D Brett Kulak G Arturs Silovs UTIL Adam Pelech W William Nylander W Martin Necas W Ville Koivunen,,,
242,5276583588,ufxgatorbox,0,104.40001,C Nathan MacKinnon C John Tavares D Cale Makar D Brett Kulak G Arturs Silovs UTIL Adam Pelech W William Nylander W Martin Necas W Ville Koivunen,,,
242,5276623286,UWAlums03,0,104.40001,C Nathan MacKinnon C John Tavares D Cale Makar D Brett Kulak G Arturs Silovs UTIL Adam Pelech W William Nylander W Martin Necas W Ville Koivunen,,,
252,5276190238,jpm_joshua2002,0,103.80001,C Nathan MacKinnon C Calum Ritchie D Cale Makar D Brent Burns G Ilya Sorokin UTIL Rickard Rakell W Porter Martone W Egor Chinakhov W Emil Heineman,,,
252,5276227921,joe_mac10,0,103.80001,C Nathan MacKinnon C Calum Ritchie D Cale Makar D Brent Burns G Ilya Sorokin UTIL Rickard Rakell W Porter Martone W Egor Chinakhov W Emil Heineman,,,
254,5276360722,Townconn,0,103.7,C Nathan MacKinnon C Trevor Zegras D Cale Makar D Oliver Ekman-Larsson G Anthony Stolarz UTIL Gabriel Landeskog W Martin Necas W Tyson Foerster W T.J. Hughes,,,
254,5276629919,robwest26,0,103.7,C Nathan MacKinnon C Trevor Zegras D Cale Makar D Oliver Ekman-Larsson G Anthony Stolarz UTIL Alex Laferriere W Martin Necas W Matvei Michkov W Simon Holmstrom,,,
256,5276295179,austin60915,0,103.600006,C Bo Horvat C Tommy Novak D Cale Makar D Erik Karlsson G Arturs Silovs UTIL Simon Holmstrom W Evgeni Malkin W Kyle Palmieri W Egor Chinakhov,,,
257,5276653437,Johnny_Great,0,103.5,C Nathan MacKinnon C Auston Matthews D Matthew Schaefer D Adam Pelech G Arturs Silovs UTIL Martin Necas W Egor Chinakhov W Brayden Schenn W Nicolas Roy,,,
257,5276705323,icemike23,0,103.5,C Nathan MacKinnon C Trevor Zegras D Cam York D Brian Dumoulin G Anthony Stolarz UTIL Cale Makar W Martin Necas W Porter Martone W T.J. Hughes,,,
259,5276570453,jepst14,0,103.399994,C Nathan MacKinnon C Sidney Crosby D Kris Letang D Alexander Romanov G Arturs Silovs UTIL Simon Holmstrom W Martin Necas W Rickard Rakell W T.J. Hughes,,,
260,5276226482,pipes3131,0,103.3,C Nathan MacKinnon C Bo Horvat D Darren Raddysh D Ryan Pulock G MacKenzie Blackwood UTIL Tyson Foerster W Martin Necas W Egor Chinakhov W Emil Heineman,,,
260,5276719029,LilLeoGiesige,0,103.3,C Nathan MacKinnon C Bo Horvat D Darren Raddysh D Ryan Pulock G MacKenzie Blackwood UTIL Tyson Foerster W Martin Necas W Egor Chinakhov W Emil Heineman,,,
262,5276084137,cvillered,0,103.20001,C Nathan MacKinnon C Tommy Novak D Darren Raddysh D Sam Malinski G Anthony Stolarz UTIL Porter Martone W Martin Necas W Egor Chinakhov W T.J. Hughes,,,
263,5276238126,salamander91,0,103,C Nathan MacKinnon C Nick Paul D Cale Makar D Rasmus Ristolainen G MacKenzie Blackwood UTIL Trevor Zegras W Martin Necas W Owen Tippett W Colton Sissons,,,
264,5276071583,bmendy,0,102.600006,C Nathan MacKinnon C Bo Horvat D Cam York D Rasmus Ristolainen G Ilya Sorokin UTIL Martin Necas W Kyle Palmieri W Artturi Lehkonen W Simon Holmstrom,,,
265,5276325367,jah_586,0,102.5,C Nathan MacKinnon C Christian Dvorak D Darren Raddysh D Chris Tanev G Dan Vladar UTIL Cale Makar W Martin Necas W Gabriel Landeskog W Colton Sissons,,,
265,5276690253,Jmc115,0,102.5,C Nathan MacKinnon C Sidney Crosby D Morgan Rielly D Brent Burns G Arturs Silovs UTIL Tommy Novak W William Nylander W Nazem Kadri W Brayden Schenn,,,
265,5276640642,bdoyle24,0,102.49999,C Nathan MacKinnon C Sidney Crosby D Erik Karlsson D Drew Doughty G Darcy Kuemper UTIL Quinton Byfield W Rickard Rakell W Egor Chinakhov W Nicholas Robertson,,,
268,5276282150,titanhawks,0,102.4,C Nathan MacKinnon C Auston Matthews D Matthew Schaefer D Alexander Romanov G MacKenzie Blackwood UTIL Nicholas Robertson W Travis Konecny W Egor Chinakhov W Victor Eklund,,,
269,5276307502,mlief,0,102.30001,C Nathan MacKinnon C Hendrix Lapierre D Matthew Schaefer D Adam Pelech G Ilya Sorokin UTIL Cale Makar W Martin Necas W Owen Tippett W T.J. Hughes,,,
269,5276702078,Gr8Hipcheck,0,102.3,C Bo Horvat C Trevor Zegras D Cale Makar D Ryan Pulock G MacKenzie Blackwood UTIL Brock Nelson W Kyle Palmieri W Gabriel Landeskog W Alex Laferriere,,,
269,5276236296,lsbruehl,0,102.299995,C Nathan MacKinnon C Quinton Byfield D Josh Manson D Brian Dumoulin G Dan Vladar UTIL Kirill Marchenko W Martin Necas W Adrian Kempe W Artturi Lehkonen,,,
272,5276633139,gaboy1417,0,102.200005,C Bo Horvat C Tommy Novak D Cale Makar D Ryan Pulock G MacKenzie Blackwood UTIL Nathan MacKinnon W Travis Konecny W Egor Chinakhov W Victor Eklund,,,
273,5276135667,Schoey17,0,102.100006,C Sidney Crosby C Brock Nelson D Erik Karlsson D Ryan Pulock G MacKenzie Blackwood UTIL Gabriel Landeskog W Rickard Rakell W Nazem Kadri W Egor Chinakhov,,,
273,5276388723,Sisco510,0,102.100006,C Nathan MacKinnon C Calum Ritchie D Morgan Rielly D Devon Toews G MacKenzie Blackwood UTIL Evgeni Malkin W Porter Martone W Artturi Lehkonen W Brayden Schenn,,,
275,5276217665,nkd89,0,102,C Nathan MacKinnon C Christian Dvorak D Brandt Clarke D Jamie Drysdale G Anthony Stolarz UTIL Tyson Foerster W Martin Necas W Travis Konecny W Artturi Lehkonen,,,
276,5276601137,twigger2,0,101.90001,C Brock Nelson C Nick Paul D Erik Karlsson D Morgan Rielly G MacKenzie Blackwood UTIL Auston Matthews W Martin Necas W Alex Laferriere W Trevor Moore,,,
276,5276579648,kevinwilliams,0,101.899994,C Nathan MacKinnon C Quinton Byfield D Cale Makar D Adam Pelech G Arturs Silovs UTIL Kyle Palmieri W Martin Necas W Brayden Schenn W Simon Holmstrom,,,
276,5276693795,TJZwarych,0,101.899994,C Nathan MacKinnon C Quinton Byfield D Cale Makar D Brandt Clarke G Arturs Silovs UTIL T.J. Hughes W Martin Necas W Brayden Schenn W Matias Maccelli,,,
279,5276213785,gooey911,0,101.8,C Nathan MacKinnon C Auston Matthews D Jake McCabe D Brent Burns G MacKenzie Blackwood UTIL Sidney Crosby W Tyson Foerster W Matias Maccelli W Nicholas Robertson,,,
280,5276647974,Kingcobra04,0,101.600006,C Nathan MacKinnon C Quinton Byfield D Darren Raddysh D Kris Letang G Anthony Stolarz UTIL T.J. Hughes W Kirill Marchenko W Travis Konecny W Egor Chinakhov,,,
281,5276478637,Roach713,0,101.5,C Nathan MacKinnon C Sidney Crosby D Cale Makar D Adam Pelech G Arturs Silovs UTIL Matias Maccelli W Martin Necas W Brayden Schenn W T.J. Hughes,,,
282,5276267727,briangile,0,101.40001,C Sidney Crosby C Brock Nelson D Erik Karlsson D Brent Burns G MacKenzie Blackwood UTIL Kyle Palmieri W Rickard Rakell W Artturi Lehkonen W Brayden Schenn,,,
283,5276515295,sportsfan14,0,101.20001,C Nathan MacKinnon C Noah Cates D Morgan Rielly D Jamie Drysdale G Anthony Stolarz UTIL Darren Raddysh W William Nylander W Gavin McKenna W Nicholas Robertson,,,
283,5276187265,7sevenout7,0,101.200005,C Nathan MacKinnon C Calum Ritchie D Matthew Schaefer D Declan Carlile G MacKenzie Blackwood UTIL Cale Makar W Kyle Palmieri W Egor Chinakhov W Brayden Schenn,,,
285,5276366267,e80evil,0,101.100006,C Brock Nelson C Trevor Zegras D Cale Makar D Travis Sanheim G Ilya Sorokin UTIL Quinton Byfield W Martin Necas W Evgeni Malkin W Alex Laferriere,,,
285,5276665369,shazam926,0,101.100006,C Nathan MacKinnon C Trevor Zegras D Cale Makar D Jamie Drysdale G MacKenzie Blackwood UTIL Nick Paul W Martin Necas W Tyson Foerster W Easton Cowan,,,
285,5276355241,mgisigolf72,0,101.09999,C Sidney Crosby C Erik Haula D Cale Makar D Ryan Pulock G Arturs Silovs UTIL Alex Laferriere W Martin Necas W Kirill Marchenko W Owen Tippett,,,
288,5276589044,haikio,0,101.00001,C Nathan MacKinnon C Quinton Byfield D Sam Malinski D Oliver Ekman-Larsson G MacKenzie Blackwood UTIL T.J. Hughes W Artemi Panarin W Martin Necas W Gabriel Landeskog,,,
289,5276449019,SlyHolla,0,100.700005,C Nathan MacKinnon C Trevor Zegras D Cale Makar D Brett Kulak G MacKenzie Blackwood UTIL T.J. Hughes W William Nylander W Kirill Marchenko W Nicholas Robertson,,,
289,5276288210,Jchyk12,0,100.7,C Nathan MacKinnon C Jean-Gabriel Pageau D Matthew Schaefer D Erik Karlsson G Arturs Silovs UTIL Tyson Foerster W Martin Necas W Trevor Moore W Simon Holmstrom,,,
291,5276466045,TheMaz22,0,100.600006,C Nathan MacKinnon C Casey Cizikas D Cale Makar D Kris Letang G MacKenzie Blackwood UTIL Matthew Schaefer W Travis Konecny W Matvei Michkov W Easton Cowan,,,
291,5276237630,Dooch,0,100.59999,C Nathan MacKinnon C Quinton Byfield D Darren Raddysh D Kris Letang G Arturs Silovs UTIL Brandt Clarke W Kirill Marchenko W Gabriel Landeskog W Simon Holmstrom,,,
293,5276330589,draftjoshallen19,0,100.50001,C Sidney Crosby C Tommy Novak D Matthew Schaefer D Erik Karlsson G Ilya Sorokin UTIL Martin Necas W Rickard Rakell W Egor Chinakhov W Nicholas Robertson,,,
293,5276326883,Dricou,0,100.5,C Nathan MacKinnon C Trevor Zegras D Jamie Drysdale D Cam York G Anthony Stolarz UTIL Quinton Byfield W Martin Necas W Porter Martone W Artturi Lehkonen,,,
295,5276543041,SpewyMcNutbag,0,100.40001,C Nathan MacKinnon C Bo Groulx D Darren Raddysh D Rasmus Ristolainen G Anthony Stolarz UTIL Easton Cowan W William Nylander W Martin Necas W Kirill Marchenko,,,
296,5276693231,masterkev17,0,100.200005,C Nathan MacKinnon C Sidney Crosby D Cale Makar D Kris Letang G Ilya Sorokin UTIL Victor Eklund W Travis Konecny W Matvei Michkov W Emil Heineman,,,
296,5276514930,proKristonator,0,100.2,C Nathan MacKinnon C Bo Horvat D Matthew Schaefer D Drew Doughty G Arturs Silovs UTIL T.J. Hughes W Martin Necas W Brayden Schenn W Matias Maccelli,,,
298,5276516487,armydave72,0,100,C Auston Matthews C Tommy Novak D Darren Raddysh D Adam Pelech G Arturs Silovs UTIL Nathan MacKinnon W Martin Necas W Egor Chinakhov W Victor Eklund,,,
298,5276694167,ddevries30,0,100,C Auston Matthews C Brock Nelson D Brent Burns D Adam Pelech G Anthony Stolarz UTIL Cale Makar W Evgeni Malkin W Travis Konecny W Nazem Kadri,,,
300,5276480201,drhu356,0,99.899994,C Auston Matthews C Sidney Crosby D Erik Karlsson D Darren Raddysh G Arturs Silovs UTIL Ryan Pulock W Rickard Rakell W Jack Roslovic W Nicholas Robertson,,,
301,5276332130,rehillj,0,99.80001,C Nathan MacKinnon C Tommy Novak D Matthew Schaefer D Darren Raddysh G MacKenzie Blackwood UTIL Tyson Foerster W Martin Necas W Egor Chinakhov W Emil Heineman,,,
301,5276433020,skholbrook77,0,99.80001,C Nathan MacKinnon C Tommy Novak D Matthew Schaefer D Darren Raddysh G MacKenzie Blackwood UTIL Tyson Foerster W Martin Necas W Egor Chinakhov W Emil Heineman,,,
301,5276644261,yobow,0,99.80001,C Nathan MacKinnon C Tommy Novak D Matthew Schaefer D Darren Raddysh G MacKenzie Blackwood UTIL Tyson Foerster W Martin Necas W Egor Chinakhov W Emil Heineman,,,
301,5276656509,heyopico2,0,99.80001,C Nathan MacKinnon C Tommy Novak D Matthew Schaefer D Darren Raddysh G MacKenzie Blackwood UTIL Tyson Foerster W Martin Necas W Egor Chinakhov W Emil Heineman,,,
301,5276657427,wesol33,0,99.80001,C Nathan MacKinnon C Tommy Novak D Matthew Schaefer D Darren Raddysh G MacKenzie Blackwood UTIL Martin Necas W Egor Chinakhov W Tyson Foerster W Emil Heineman,,,
301,5276701113,hbuhler,0,99.80001,C Nathan MacKinnon C Tommy Novak D Matthew Schaefer D Darren Raddysh G MacKenzie Blackwood UTIL Tyson Foerster W Martin Necas W Egor Chinakhov W Emil Heineman,,,
307,5276217735,stiggy24,0,99.50001,C Sidney Crosby C Brock Nelson D Erik Karlsson D Devon Toews G MacKenzie Blackwood UTIL Victor Eklund W Rickard Rakell W Gabriel Landeskog W Nazem Kadri,,,
307,5276703086,leopard1,0,99.5,C Bo Horvat C Brock Nelson D Cale Makar D Rasmus Ristolainen G MacKenzie Blackwood UTIL Simon Holmstrom W Kyle Palmieri W Gabriel Landeskog W Nazem Kadri,,,
309,5276642371,geeder777,0,99.40001,C Bo Horvat C Trevor Zegras D Cale Makar D Nick Seeler G Ilya Sorokin UTIL Alex Laferriere W Martin Necas W Owen Tippett W Artturi Lehkonen,,,
309,5276660260,CFennell,0,99.4,C Nathan MacKinnon C Auston Matthews D Matthew Schaefer D Ryan Pulock G MacKenzie Blackwood UTIL Nicholas Robertson W Travis Konecny W Egor Chinakhov W Victor Eklund,,,
311,5276666772,stender39,0,99.20001,C Nathan MacKinnon C Trevor Zegras D Cale Makar D Jamie Drysdale G Anthony Stolarz UTIL Cody Ceci W Martin Necas W Travis Konecny W Tyson Foerster,,,
312,5276645816,CrosseyedandPainless,0,99.100006,C Nathan MacKinnon C Noah Cates D Cale Makar D Matthew Schaefer G Dan Vladar UTIL Gabriel Landeskog W Artturi Lehkonen W Alex Bump W Anthony Duclair,,,
312,5276664984,KINGOFNY21,0,99.100006,C Nathan MacKinnon C Tommy Novak D Cale Makar D Alexander Romanov G Ilya Sorokin UTIL T.J. Hughes W Martin Necas W Porter Martone W Egor Chinakhov,,,
314,5276700328,oxecuter,0,99,C Nathan MacKinnon C Auston Matthews D Travis Sanheim D Brent Burns G Anthony Stolarz UTIL Drew Doughty W Travis Konecny W Gabriel Landeskog W Jack Roslovic,,,
315,5276256203,Jiwyman1,0,98.8,C Nathan MacKinnon C John Tavares D Cale Makar D Oliver Ekman-Larsson G Anton Forsberg UTIL Jack Roslovic W Martin Necas W Easton Cowan W Victor Eklund,,,
316,5276622386,mciama2000,0,98.70001,C Nathan MacKinnon C Trevor Zegras D Darren Raddysh D Jamie Drysdale G Ilya Sorokin UTIL Nicholas Robertson W Martin Necas W Rickard Rakell W Matvei Michkov,,,
316,5276716323,Idolson85,0,98.700005,C Nathan MacKinnon C Sidney Crosby D Matthew Schaefer D Samuel Girard G MacKenzie Blackwood UTIL Simon Holmstrom W Evgeni Malkin W Egor Chinakhov W T.J. Hughes,,,
318,5276482668,757teaggs,0,98.600006,C Brock Nelson C Quinton Byfield D Cale Makar D Morgan Rielly G Anthony Stolarz UTIL William Nylander W Kirill Marchenko W Gabriel Landeskog W T.J. Hughes,,,
319,5276698901,BlitzBurgher412,0,98.5,C Auston Matthews C Sidney Crosby D Erik Karlsson D Joel Edmundson G Anthony Stolarz UTIL William Nylander W Trevor Moore W Jack Roslovic W Nicholas Robertson,,,
319,5276702514,loigwine,0,98.5,C Nathan MacKinnon C Quinton Byfield D Devon Toews D Jamie Drysdale G Anthony Stolarz UTIL Cale Makar W Owen Tippett W Tyson Foerster W Matvei Michkov,,,
321,5276293947,BRAD323,0,98.200005,C Nathan MacKinnon C Brock Nelson D Cale Makar D Oliver Ekman-Larsson G Dan Vladar UTIL Morgan Rielly W Martin Necas W Tyson Foerster W Victor Eklund,,,
321,5276336512,JERKER19,0,98.200005,C Nathan MacKinnon C Quinton Byfield D Matthew Schaefer D Adam Pelech G Ilya Sorokin UTIL Rasmus Ristolainen W Martin Necas W Adrian Kempe W Artturi Lehkonen,,,
323,5276712533,PluckB07,0,98.100006,C Nathan MacKinnon C Auston Matthews D Matthew Schaefer D Declan Carlile G MacKenzie Blackwood UTIL Simon Holmstrom W Artturi Lehkonen W Egor Chinakhov W Alex Bump,,,
324,5276690187,LMS77,0,97.9,C Bo Horvat C Trevor Zegras D Cale Makar D Sam Malinski G MacKenzie Blackwood UTIL Artturi Lehkonen W William Nylander W Alex Laferriere W Victor Eklund,,,
325,5276371898,wolfdawg25,0,97.799995,C Auston Matthews C Quinton Byfield D Cale Makar D Joel Edmundson G Darcy Kuemper UTIL Nathan MacKinnon W Martin Necas W Nicholas Robertson W Emil Heineman,,,
326,5276400964,ldmoney,0,97.600006,C Nathan MacKinnon C Jean-Gabriel Pageau D Matthew Schaefer D Erik Karlsson G Ilya Sorokin UTIL Cale Makar W Kirill Marchenko W Emil Heineman W Noel Acciari,,,
327,5276479916,KingWavy8,0,97.40001,C Nathan MacKinnon C Trevor Zegras D Cale Makar D Jamie Drysdale G MacKenzie Blackwood UTIL Tommy Novak W Martin Necas W Egor Chinakhov W T.J. Hughes,,,
327,5276635582,derek.acorn,0,97.40001,C Nathan MacKinnon C Bo Horvat D Jamie Drysdale D Brent Burns G Ilya Sorokin UTIL Owen Tippett W Adrian Kempe W Egor Chinakhov W Jaden Schwartz,,,
329,5276605786,Peanutbuttershelf,0,97.3,C Nathan MacKinnon C Auston Matthews D Darren Raddysh D Ryan Pulock G Arturs Silovs UTIL Jean-Gabriel Pageau W William Nylander W Nazem Kadri W Emil Heineman,,,
329,5276610504,dext56ses,0,97.3,C Sidney Crosby C Bo Horvat D Drew Doughty D Rasmus Ristolainen G Arturs Silovs UTIL Darren Raddysh W Rickard Rakell W Evgeni Malkin W Nazem Kadri,,,
331,5276365080,Nick628,0,97.200005,C Nathan MacKinnon C Bo Horvat D Jamie Drysdale D Joel Edmundson G Ilya Sorokin UTIL Martin Necas W Travis Konecny W Artturi Lehkonen W Tyson Foerster,,,
331,5276363333,KomodoDragonz,0,97.2,C Nathan MacKinnon C Tommy Novak D Erik Karlsson D Jamie Drysdale G Anthony Stolarz UTIL Quinton Byfield W Artemi Panarin W Adrian Kempe W T.J. Hughes,,,
333,5276544583,GMan2456,0,97.100006,C Nathan MacKinnon C Sidney Crosby D Brent Burns D Rasmus Ristolainen G MacKenzie Blackwood UTIL Sean Couturier W Evgeni Malkin W Gabriel Landeskog W Nazem Kadri,,,
333,5276686534,mesheehan,0,97.100006,C Brock Nelson C Casey Cizikas D Matthew Schaefer D Devon Toews G Arturs Silovs UTIL Adrian Kempe W Martin Necas W Rickard Rakell W Evgeni Malkin,,,
335,5276204008,Jfuller121380,0,97,C Nathan MacKinnon C Sidney Crosby D Travis Sanheim D Jamie Drysdale G Anthony Stolarz UTIL Trevor Zegras W Travis Konecny W Nazem Kadri W Jaden Schwartz,,,
335,5276719666,TBLightning,0,97,C Sidney Crosby C Nick Paul D Darren Raddysh D Kris Letang G Anthony Stolarz UTIL Artemi Panarin W Rickard Rakell W Adrian Kempe W Easton Cowan,,,
337,5276226391,Minlaian1000,0,96.90001,C Nathan MacKinnon C Tommy Novak D Cale Makar D Brett Kulak G Ilya Sorokin UTIL Trevor Zegras W Martin Necas W Kyle Palmieri W Jack Roslovic,,,
338,5276211750,CheersToBu,0,96.8,C Nathan MacKinnon C Trevor Zegras D Devon Toews D Adam Pelech G Ilya Sorokin UTIL Cale Makar W Martin Necas W Gabriel Landeskog W Matias Maccelli,,,
339,5276517864,BongMasta420,0,96.600006,C Trevor Zegras C Christian Dvorak D Cale Makar D Matthew Schaefer G Ilya Sorokin UTIL Nathan MacKinnon W Gabriel Landeskog W Alex Bump W Emil Heineman,,,
339,5276705016,bballdev31,0,96.600006,C Nathan MacKinnon C Christian Dvorak D Devon Toews D Jamie Drysdale G Anthony Stolarz UTIL Kirill Marchenko W Martin Necas W Gabriel Landeskog W Tyson Foerster,,,
341,5276706744,pbro1983,0,96.50001,C Nathan MacKinnon C Sidney Crosby D Matthew Schaefer D Declan Carlile G MacKenzie Blackwood UTIL Gavin McKenna W Jack Roslovic W Egor Chinakhov W Alex Turcotte,,,
342,5276703903,lutzy8314,0,96.4,C Nathan MacKinnon C Sidney Crosby D Adam Pelech D Brian Dumoulin G MacKenzie Blackwood UTIL Evgeni Malkin W William Nylander W Gabriel Landeskog W Victor Eklund,,,
343,5276282442,Dogs498,0,96.30001,C Nathan MacKinnon C Tommy Novak D Matthew Schaefer D Darren Raddysh G MacKenzie Blackwood UTIL Emil Heineman W Owen Tippett W Travis Konecny W Egor Chinakhov,,,
343,5276248757,ginswins1128,0,96.3,C Brock Nelson C Trevor Zegras D Erik Karlsson D Devon Toews G Anthony Stolarz UTIL Nazem Kadri W Porter Martone W Owen Tippett W Gabriel Landeskog,,,
343,5276693321,Cory_Hawkins92,0,96.3,C Nathan MacKinnon C Trevor Zegras D Cale Makar D Samuel Girard G MacKenzie Blackwood UTIL Nick Paul W Martin Necas W Porter Martone W T.J. Hughes,,,
346,5276686817,Tr0ubl35,0,96.2,C John Tavares C Brock Nelson D Darren Raddysh D Alexander Romanov G Anthony Stolarz UTIL Nazem Kadri W William Nylander W Rickard Rakell W Egor Chinakhov,,,
347,5276309752,metzykid23,0,96.100006,C Nathan MacKinnon C Tommy Novak D Matthew Schaefer D Declan Carlile G MacKenzie Blackwood UTIL Brent Burns W William Nylander W Martin Necas W Egor Chinakhov,,,
347,5276627326,lornaz,0,96.100006,C Nathan MacKinnon C Brock Nelson D Darren Raddysh D Adam Pelech G MacKenzie Blackwood UTIL Teddy Blueger W William Nylander W Kirill Marchenko W Egor Chinakhov,,,
347,5276652405,JayMan8955,0,96.100006,C Sidney Crosby C Trevor Zegras D Rasmus Ristolainen D Brett Kulak G Ilya Sorokin UTIL Nathan MacKinnon W Rickard Rakell W Kyle Palmieri W Artturi Lehkonen,,,
347,5276718133,Weskat,0,96.100006,C Nathan MacKinnon C Quinton Byfield D Cam York D Rasmus Ristolainen G Anthony Stolarz UTIL Brandt Clarke W Martin Necas W Adrian Kempe W Gabriel Landeskog,,,
351,5276290729,JcClark18,0,96,C Sidney Crosby C Tommy Novak D Erik Karlsson D Rasmus Ristolainen G MacKenzie Blackwood UTIL Cale Makar W Evgeni Malkin W Nazem Kadri W Egor Chinakhov,,,
351,5276445067,SoyLeyenda,0,96,C Sidney Crosby C Brock Nelson D Cale Makar D Ryan Pulock G Anthony Stolarz UTIL Jack Roslovic W Rickard Rakell W Travis Konecny W Tyson Foerster,,,
353,5276457257,LVMaverick,0,95.9,C Nathan MacKinnon C Calum Ritchie D Cale Makar D Brent Burns G MacKenzie Blackwood UTIL Trevor Zegras W Rickard Rakell W Egor Chinakhov W Brayden Schenn,,,
354,5276681727,mrohrbach73,0,95.8,C Sidney Crosby C Tommy Novak D Erik Karlsson D Brandt Clarke G Arturs Silovs UTIL Jack Roslovic W Rickard Rakell W Evgeni Malkin W Egor Chinakhov,,,
355,5276640760,CCnDEW,0,95.7,C Nathan MacKinnon C Brock Nelson D Matthew Schaefer D Oliver Ekman-Larsson G Arturs Silovs UTIL Jean-Gabriel Pageau W William Nylander W Gavin McKenna W Brayden Schenn,,,
356,5276224903,Jzero12,0,95.00001,C Bo Horvat C Brock Nelson D Kris Letang D Jamie Drysdale G MacKenzie Blackwood UTIL Gabriel Landeskog W Porter Martone W Evgeni Malkin W Nazem Kadri,,,
356,5276684442,pcurrenti,0,95.00001,C Nathan MacKinnon C Bo Horvat D Jamie Drysdale D Ryan Pulock G Ilya Sorokin UTIL Alex Laferriere W Adrian Kempe W Owen Tippett W Jaden Schwartz,,,
356,5276286756,mrnorrad,0,95,C Nathan MacKinnon C Trevor Zegras D Cale Makar D Adam Pelech G Anthony Stolarz UTIL Quinton Byfield W Martin Necas W Tyson Foerster W Matvei Michkov,,,
356,5276634531,omes16,0,95,C Nathan MacKinnon C Bo Horvat D Drew Doughty D Adam Pelech G Dan Vladar UTIL Kyle Palmieri W Martin Necas W Artturi Lehkonen W Simon Holmstrom,,,
360,5276524854,cubbie57,0,94.9,C Nathan MacKinnon C Auston Matthews D Darren Raddysh D Brandt Clarke G Ilya Sorokin UTIL Kirill Marchenko W Egor Chinakhov W Anthony Duclair W Colton Sissons,,,
361,5276263647,peky0401,0,94.8,C Auston Matthews C Brock Nelson D Darren Raddysh D Devon Toews G MacKenzie Blackwood UTIL Emil Heineman W Kirill Marchenko W Gabriel Landeskog W Nazem Kadri,,,
362,5276328752,btbpitt71,0,94.700005,C Nathan MacKinnon C Trevor Zegras D Ryan Pulock D Adam Pelech G MacKenzie Blackwood UTIL Gabriel Landeskog W Martin Necas W Porter Martone W Artturi Lehkonen,,,
362,5276522864,deuce6078,0,94.700005,C Bo Horvat C Brock Nelson D Brent Burns D Josh Manson G MacKenzie Blackwood UTIL Cale Makar W Porter Martone W Owen Tippett W Jack Roslovic,,,
364,5276439974,DMATH,0,94.50001,C Auston Matthews C Sean Couturier D Matthew Schaefer D Brent Burns G Dan Vladar UTIL Nathan MacKinnon W Artturi Lehkonen W Alex Laferriere W Emil Heineman,,,
364,5276268037,bilallen,0,94.5,C Nathan MacKinnon C Calum Ritchie D Cale Makar D Travis Sanheim G Dan Vladar UTIL Brayden Schenn W Martin Necas W Artturi Lehkonen W Matias Maccelli,,,
366,5276717567,tuvilof,0,94.29999,C Sidney Crosby C Quinton Byfield D Brandt Clarke D Ryan Pulock G Anthony Stolarz UTIL Adrian Kempe W Artemi Panarin W Rickard Rakell W Nicholas Robertson,,,
367,5276424779,jgunn26,0,93.9,C Nathan MacKinnon C Quinton Byfield D Matthew Schaefer D Brandt Clarke G Ilya Sorokin UTIL Joel Armia W Owen Tippett W Mats Zuccarello W Alex Laferriere,,,
367,5276343599,mvotruba,0,93.899994,C Nathan MacKinnon C Sidney Crosby D Travis Sanheim D Ryan Pulock G Arturs Silovs UTIL Brayden Schenn W Martin Necas W Rickard Rakell W Matias Maccelli,,,
369,5276705108,psymonator,0,93.8,C Sidney Crosby C Calum Ritchie D Cale Makar D Matthew Schaefer G Arturs Silovs UTIL Rickard Rakell W Martin Necas W Matias Maccelli W Emil Heineman,,,
370,5276515135,ben447,0,93.600006,C Nathan MacKinnon C Quinton Byfield D Cale Makar D Matthew Schaefer G Ilya Sorokin UTIL Adrian Kempe W Matvei Michkov W T.J. Hughes W Ville Koivunen,,,
370,5276377083,mjellis11,0,93.6,C Nathan MacKinnon C Auston Matthews D Cale Makar D Alexander Romanov G MacKenzie Blackwood UTIL Quinton Byfield W Travis Konecny W Anthony Duclair W Alex Turcotte,,,
372,5276692843,bunit1388,0,93.40001,C Nathan MacKinnon C Parker Kelly D Darren Raddysh D Kris Letang G Ilya Sorokin UTIL Casey Cizikas W William Nylander W Martin Necas W Adrian Kempe,,,
372,5276573127,AtlienJDC,0,93.4,C Bo Horvat C Brock Nelson D Morgan Rielly D Devon Toews G MacKenzie Blackwood UTIL Brandt Clarke W Kyle Palmieri W Owen Tippett W Gabriel Landeskog,,,
374,5276410096,Doublution,0,93.3,C Sidney Crosby C Bo Horvat D Darren Raddysh D Jake McCabe G MacKenzie Blackwood UTIL Nicholas Robertson W Rickard Rakell W Kyle Palmieri W Simon Holmstrom,,,
374,5276607872,sh-13,0,93.29999,C Nathan MacKinnon C Auston Matthews D Travis Sanheim D Rasmus Ristolainen G Arturs Silovs UTIL Jack Roslovic W Kirill Marchenko W Gabriel Landeskog W T.J. Hughes,,,
376,5276702432,samsonite136,0,93.200005,C Trevor Zegras C Tommy Novak D Cale Makar D Erik Karlsson G MacKenzie Blackwood UTIL Egor Chinakhov W Porter Martone W Owen Tippett W Nicholas Robertson,,,
376,5276695060,Ddeane17,0,93.2,C Nathan MacKinnon C Calum Ritchie D Cale Makar D Brandt Clarke G Ilya Sorokin UTIL Teddy Blueger W Artemi Panarin W Adrian Kempe W Anthony Duclair,,,
378,5276240107,DeusExMachina,0,93.100006,C Nathan MacKinnon C Bo Horvat D Sam Malinski D Brett Kulak G Ilya Sorokin UTIL Brandt Clarke W Martin Necas W Porter Martone W Emil Heineman,,,
378,5276301146,EazyE84x,0,93.09999,C Auston Matthews C Brock Nelson D Darren Raddysh D Sam Malinski G Arturs Silovs UTIL Mats Zuccarello W Kirill Marchenko W Nazem Kadri W Jack Roslovic,,,
380,5276582998,johnnysmallz,0,92.9,C Nathan MacKinnon C Sidney Crosby D Tony DeAngelo D Brent Burns G Dan Vladar UTIL Martin Necas W Artturi Lehkonen W Jaden Schwartz W Simon Holmstrom,,,
381,5276436129,KristianFTM,0,92.80001,C Nathan MacKinnon C Christian Dvorak D Matthew Schaefer D Nick Seeler G Ilya Sorokin UTIL Artturi Lehkonen W Martin Necas W Travis Konecny W Tyson Foerster,,,
381,5276605651,DaBanker,0,92.80001,C Nathan MacKinnon C Trevor Zegras D Matthew Schaefer D Tony DeAngelo G Ilya Sorokin UTIL Fedor Svechkov W Martin Necas W Owen Tippett W Artturi Lehkonen,,,
381,5276291144,NaderHader,0,92.8,C Trevor Zegras C Calum Ritchie D Cale Makar D Jamie Drysdale G Dan Vladar UTIL Nathan MacKinnon W Martin Necas W Artturi Lehkonen W T.J. Hughes,,,
381,5276410695,kage12,0,92.8,C Nathan MacKinnon C Trevor Zegras D Cam York D Alexander Romanov G Ilya Sorokin UTIL Artturi Lehkonen W Martin Necas W Porter Martone W Owen Tippett,,,
381,5276703993,SurlySue,0,92.799995,C Nathan MacKinnon C Noah Cates D Cale Makar D Alexander Romanov G Dan Vladar UTIL Matvei Michkov W Martin Necas W Artturi Lehkonen W Alex Bump,,,
386,5276126761,marko4444,0,92.600006,C Nathan MacKinnon C Quinton Byfield D Darren Raddysh D Adam Pelech G Arturs Silovs UTIL Kirill Marchenko W William Nylander W Gabriel Landeskog W Victor Eklund,,,
387,5276629332,aumni,0,92.4,C Nathan MacKinnon C Trevor Zegras D Cale Makar D Rasmus Ristolainen G MacKenzie Blackwood UTIL Martin Necas W Egor Chinakhov W Brayden Schenn W Matias Maccelli,,,
388,5276689368,curtman59,0,92.3,C Nathan MacKinnon C Trevor Zegras D Cale Makar D Alexander Romanov G Ilya Sorokin UTIL Nazem Kadri W Owen Tippett W Travis Konecny W Victor Eklund,,,
389,5276094606,wdm426,0,92.200005,C Bo Horvat C Brock Nelson D Matthew Schaefer D Devon Toews G Ilya Sorokin UTIL Christian Dvorak W Kyle Palmieri W Owen Tippett W Nazem Kadri,,,
389,5276301057,URWHOUR,0,92.2,C Nathan MacKinnon C Sidney Crosby D Chris Tanev D Brett Kulak G Anthony Stolarz UTIL Auston Matthews W Kirill Marchenko W Egor Chinakhov W Alex Bump,,,
391,5276316657,jay279,0,92.100006,C Auston Matthews C Brock Nelson D Cale Makar D Oliver Ekman-Larsson G Anthony Stolarz UTIL Christian Dvorak W William Nylander W Alex Laferriere W Matvei Michkov,,,
391,5276360453,KnoxHerrington,0,92.100006,C Tommy Novak C Calum Ritchie D Cale Makar D Matthew Schaefer G Ilya Sorokin UTIL Nathan MacKinnon W Martin Necas W Brayden Schenn W T.J. Hughes,,,
391,5276652837,jklodawizard,0,92.100006,C Nathan MacKinnon C Trevor Zegras D Cale Makar D Nick Seeler G Darcy Kuemper UTIL Jack Roslovic W Adrian Kempe W Artturi Lehkonen W Alex Laferriere,,,
394,5276272045,RMF56300,0,91.8,C Sidney Crosby C John Tavares D Darren Raddysh D Travis Sanheim G Anthony Stolarz UTIL Sam Malinski W Rickard Rakell W Alex Laferriere W Trevor Moore,,,
394,5276719161,Ryan2984,0,91.8,C Nathan MacKinnon C Quinton Byfield D Darren Raddysh D Brent Burns G Arturs Silovs UTIL Travis Konecny W Porter Martone W Gabriel Landeskog W Brayden Schenn,,,
396,5276437916,mlazarski,0,91.700005,C Nathan MacKinnon C Tommy Novak D Cale Makar D Oliver Ekman-Larsson G MacKenzie Blackwood UTIL Martin Necas W William Nylander W T.J. Hughes W Victor Eklund,,,
396,5276228614,jusplay25,0,91.7,C Sidney Crosby C Tommy Novak D Erik Karlsson D Drew Doughty G Anthony Stolarz UTIL Egor Chinakhov W William Nylander W Rickard Rakell W Evgeni Malkin,,,
398,5276481795,Pbrain,0,91.600006,C Bo Horvat C Brock Nelson D Ryan Pulock D Brett Kulak G MacKenzie Blackwood UTIL Nathan MacKinnon W Porter Martone W Kyle Palmieri W Matvei Michkov,,,
398,5276648478,rbassett77,0,91.600006,C Nathan MacKinnon C John Tavares D Cale Makar D Adam Pelech G Dan Vladar UTIL Erik Haula W Gavin McKenna W Artturi Lehkonen W Noel Acciari,,,
400,5276171710,JBKnox,0,91.50001,C Nathan MacKinnon C Trevor Zegras D Cale Makar D Jamie Drysdale G Ilya Sorokin UTIL Tyson Foerster W Martin Necas W Egor Chinakhov W T.J. Hughes,,,
400,5276266197,streetceli88,0,91.50001,C Nathan MacKinnon C Trevor Zegras D Cale Makar D Jamie Drysdale G Ilya Sorokin UTIL T.J. Hughes W Martin Necas W Egor Chinakhov W Matvei Michkov,,,
400,5276563295,Hawkhill,0,91.50001,C Nathan MacKinnon C Bo Groulx D Matthew Schaefer D Noah Juulsen G Ilya Sorokin UTIL Martin Necas W Porter Martone W Owen Tippett W Artturi Lehkonen,,,
400,5276455566,thegoodtk,0,91.5,C Bo Horvat C Calum Ritchie D Cale Makar D Sam Malinski G Ilya Sorokin UTIL Adrian Kempe W Rickard Rakell W Alex Laferriere W Jack Roslovic,,,
404,5276168471,justutah,0,91.4,C Bo Horvat C Tommy Novak D Cale Makar D Adam Pelech G MacKenzie Blackwood UTIL Egor Chinakhov W Martin Necas W Evgeni Malkin W Owen Tippett,,,
404,5276369488,b_blissful17,0,91.4,C Nathan MacKinnon C Auston Matthews D Matthew Schaefer D Alexander Romanov G MacKenzie Blackwood UTIL Tommy Novak W Travis Konecny W Egor Chinakhov W Emil Heineman,,,
404,5276648170,Upuckhead,0,91.399994,C John Tavares C Sean Couturier D Matthew Schaefer D Samuel Girard G Arturs Silovs UTIL Nathan MacKinnon W Porter Martone W Nazem Kadri W Matvei Michkov,,,
407,5276210281,m_dan12,0,91.3,C Nathan MacKinnon C Calum Ritchie D Cale Makar D Jamie Drysdale G Dan Vladar UTIL Martin Necas W Artturi Lehkonen W Brayden Schenn W Matias Maccelli,,,
407,5276286057,Smartybu,0,91.3,C Bo Horvat C Quinton Byfield D Matthew Schaefer D Samuel Girard G Ilya Sorokin UTIL Travis Konecny W Martin Necas W Adrian Kempe W Artturi Lehkonen,,,
409,5276254759,UHHOHH,0,91.200005,C Brock Nelson C Christian Dvorak D Cale Makar D Matthew Schaefer G MacKenzie Blackwood UTIL Matias Maccelli W Travis Konecny W Gabriel Landeskog W Nazem Kadri,,,
409,5276665651,budaman3195,0,91.2,C Nathan MacKinnon C Auston Matthews D Brandt Clarke D Brent Burns G Anthony Stolarz UTIL Sidney Crosby W Matvei Michkov W Alex Bump W Nicolas Roy,,,
409,5276700338,UFCMatt,0,91.2,C Nathan MacKinnon C Bo Horvat D Josh Manson D Rasmus Ristolainen G Dan Vladar UTIL Jaden Schwartz W Porter Martone W Travis Konecny W Artturi Lehkonen,,,
412,5276327786,justbringit1,0,91.100006,C Nathan MacKinnon C Trevor Zegras D Matthew Schaefer D Declan Carlile G MacKenzie Blackwood UTIL Cale Makar W Egor Chinakhov W Tyson Foerster W Simon Holmstrom,,,
412,5276415254,JFK424,0,91.100006,C Nathan MacKinnon C Tommy Novak D Darren Raddysh D Brandt Clarke G MacKenzie Blackwood UTIL Travis Konecny W Nazem Kadri W Egor Chinakhov W Tyson Foerster,,,
414,5276687967,OnWi883,0,90.700005,C Brock Nelson C Trevor Zegras D Cale Makar D Tony DeAngelo G MacKenzie Blackwood UTIL Auston Matthews W Evgeni Malkin W Jack Roslovic W Emil Heineman,,,
415,5276695003,Craft_Beer_Baller,0,90.6,C Bo Horvat C Christian Dvorak D Cale Makar D Alexander Romanov G Ilya Sorokin UTIL Nathan MacKinnon W Travis Konecny W Tyson Foerster W T.J. Hughes,,,
416,5276689878,CEmber77,0,90.40001,C Nathan MacKinnon C Trevor Zegras D Erik Karlsson D Darren Raddysh G Ilya Sorokin UTIL Emil Heineman W Martin Necas W Travis Konecny W T.J. Hughes,,,
416,5276423007,just_quit_or_suffer,0,90.4,C Sidney Crosby C Brock Nelson D Matthew Schaefer D Ryan Pulock G MacKenzie Blackwood UTIL Tommy Novak W Rickard Rakell W Gabriel Landeskog W Nazem Kadri,,,
418,5276708997,10Mets,0,90.2,C Brock Nelson C Calum Ritchie D Cale Makar D Devon Toews G Dan Vladar UTIL Nazem Kadri W Artemi Panarin W Gabriel Landeskog W Brayden Schenn,,,
419,5276265854,Bsfan888,0,90.100006,C Nathan MacKinnon C Quinton Byfield D Sam Malinski D Adam Pelech G Ilya Sorokin UTIL T.J. Hughes W Artemi Panarin W Martin Necas W Adrian Kempe,,,
419,5276352303,mss1019,0,90.1,C Sidney Crosby C Quinton Byfield D Erik Karlsson D Ryan Pulock G Ilya Sorokin UTIL Adrian Kempe W Artemi Panarin W Rickard Rakell W Nicholas Robertson,,,
419,5276224417,tking77,0,90.09999,C Auston Matthews C Sidney Crosby D Darren Raddysh D Ryan Pulock G Arturs Silovs UTIL Adrian Kempe W Kirill Marchenko W Jack Roslovic W Nicholas Robertson,,,
422,5276553564,tonyt91,0,90.00001,C Nathan MacKinnon C Christian Dvorak D Matthew Schaefer D Adam Pelech G Ilya Sorokin UTIL Erik Karlsson W Evgeni Malkin W Travis Konecny W Jaden Schwartz,,,
423,5276570411,black979,0,89.799995,C Nathan MacKinnon C Noah Cates D Cale Makar D Ryan Pulock G Dan Vladar UTIL Martin Necas W Artturi Lehkonen W Matvei Michkov W Alex Bump,,,
423,5276620769,regan3,0,89.799995,C Nathan MacKinnon C Quinton Byfield D Cale Makar D Darren Raddysh G Dan Vladar UTIL Matvei Michkov W Gabriel Landeskog W T.J. Hughes W Emil Heineman,,,
425,5276703999,bryangeorge,0,89.700005,C Sidney Crosby C Bo Horvat D Matthew Schaefer D Erik Karlsson G Ilya Sorokin UTIL Matvei Michkov W Evgeni Malkin W Brayden Schenn W Nicholas Robertson,,,
425,5276672027,Yetti517,0,89.7,C Sidney Crosby C Tommy Novak D Matthew Schaefer D Erik Karlsson G Arturs Silovs UTIL Alex Bump W Rickard Rakell W Evgeni Malkin W Egor Chinakhov,,,
427,5276336606,mjv2009,0,89.59999,C Auston Matthews C Noah Cates D Rasmus Ristolainen D Samuel Girard G Anthony Stolarz UTIL Nathan MacKinnon W Martin Necas W Kirill Marchenko W Matvei Michkov,,,
428,5276695130,dakribe,0,89.50001,C Nathan MacKinnon C Trevor Zegras D Darren Raddysh D Sam Malinski G MacKenzie Blackwood UTIL Colton Sissons W Porter Martone W Kirill Marchenko W Jack Roslovic,,,
429,5276216596,mspozto,0,89.4,C Auston Matthews C Tommy Novak D Matthew Schaefer D Ryan Pulock G MacKenzie Blackwood UTIL Nathan MacKinnon W Nazem Kadri W Egor Chinakhov W Victor Eklund,,,
429,5276577076,fraz27,0,89.4,C Auston Matthews C Tommy Novak D Darren Raddysh D Ryan Pulock G MacKenzie Blackwood UTIL Nathan MacKinnon W Evgeni Malkin W Egor Chinakhov W Victor Eklund,,,
429,5276652548,vladybro,0,89.4,C Auston Matthews C Tommy Novak D Matthew Schaefer D Ryan Pulock G MacKenzie Blackwood UTIL Nathan MacKinnon W Nazem Kadri W Egor Chinakhov W Victor Eklund,,,
429,5276702895,atguzm,0,89.4,C Auston Matthews C Tommy Novak D Matthew Schaefer D Ryan Pulock G MacKenzie Blackwood UTIL Nathan MacKinnon W Nazem Kadri W Egor Chinakhov W Victor Eklund,,,
433,5276690665,rooskie09,0,89.3,C Nathan MacKinnon C Christian Dvorak D Cale Makar D Darren Raddysh G Dan Vladar UTIL Brayden Schenn W Artturi Lehkonen W Tyson Foerster W T.J. Hughes,,,
434,5276197256,darwinhobb,0,89.2,C Sidney Crosby C Quinton Byfield D Brandt Clarke D Travis Sanheim G Anthony Stolarz UTIL Artemi Panarin W Adrian Kempe W Alex Laferriere W Egor Chinakhov,,,
435,5276654280,wrabl,0,89.100006,C Nathan MacKinnon C Auston Matthews D Cam York D Joel Edmundson G Darcy Kuemper UTIL Bo Horvat W Martin Necas W Egor Chinakhov W Nicholas Robertson,,,
436,5276635183,superunknowx,0,89.00001,C Nathan MacKinnon C Auston Matthews D Cale Makar D Adam Pelech G MacKenzie Blackwood UTIL Darren Raddysh W Tyson Foerster W Emil Heineman W Noel Acciari,,,
437,5276701335,wanders64,0,88.9,C Nathan MacKinnon C Calum Ritchie D Devon Toews D Tony DeAngelo G Ilya Sorokin UTIL Cale Makar W William Nylander W Kyle Palmieri W Victor Eklund,,,
438,5276517453,slashmatic,0,88.80001,C Nathan MacKinnon C Calum Ritchie D Matthew Schaefer D Darren Raddysh G MacKenzie Blackwood UTIL Martin Necas W Egor Chinakhov W Brayden Schenn W Victor Eklund,,,
439,5276628307,beefmaster75904,0,88.7,C Nathan MacKinnon C Calum Ritchie D Devon Toews D Jamie Drysdale G Dan Vladar UTIL Trevor Zegras W Martin Necas W Kyle Palmieri W Artturi Lehkonen,,,
440,5276454662,Jesticles,0,88.600006,C Bo Horvat C Brock Nelson D Matthew Schaefer D Brett Kulak G MacKenzie Blackwood UTIL Travis Konecny W Kyle Palmieri W Gabriel Landeskog W Nazem Kadri,,,
440,5276629547,automahn,0,88.600006,C Nathan MacKinnon C Calum Ritchie D Cale Makar D Brent Burns G Ilya Sorokin UTIL Victor Eklund W William Nylander W Porter Martone W Emil Heineman,,,
442,5276541275,zacsmith1,0,88.50001,C Nathan MacKinnon C Sidney Crosby D Cale Makar D Jamie Drysdale G Ilya Sorokin UTIL Simon Holmstrom W Egor Chinakhov W Matvei Michkov W T.J. Hughes,,,
442,5276691429,tonyfeels420,0,88.50001,C Nathan MacKinnon C Trevor Zegras D Erik Karlsson D Jamie Drysdale G Ilya Sorokin UTIL Porter Martone W Owen Tippett W Artturi Lehkonen W T.J. Hughes,,,
444,5276615563,statistical_genius,0,88.40001,C Nathan MacKinnon C Trevor Zegras D Matthew Schaefer D Declan Carlile G Ilya Sorokin UTIL Martin Necas W Kyle Palmieri W Egor Chinakhov W Simon Holmstrom,,,
445,5276634657,silencer17,0,88.30001,C Nathan MacKinnon C Trevor Zegras D Cale Makar D Adam Pelech G Ilya Sorokin UTIL Brett Kulak W Martin Necas W Porter Martone W Egor Chinakhov,,,
446,5276681355,shanndigg,0,88.20001,C Brock Nelson C Trevor Zegras D Matthew Schaefer D Brett Kulak G Ilya Sorokin UTIL Artemi Panarin W Martin Necas W Gabriel Landeskog W Nazem Kadri,,,
446,5276235716,jjlopez1984,0,88.200005,C Auston Matthews C Tommy Novak D Darren Raddysh D Morgan Rielly G MacKenzie Blackwood UTIL Artturi Lehkonen W Kirill Marchenko W Evgeni Malkin W Egor Chinakhov,,,
446,5276216408,Shacko,0,88.2,C Nathan MacKinnon C Trevor Zegras D Erik Karlsson D Ryan Pulock G Dan Vladar UTIL Owen Tippett W Martin Necas W Artturi Lehkonen W T.J. Hughes,,,
449,5276099360,Ish99,0,88.1,C Nathan MacKinnon C Christian Dvorak D Devon Toews D Travis Sanheim G Dan Vladar UTIL Bo Horvat W Travis Konecny W Artturi Lehkonen W Simon Holmstrom,,,
450,5276591880,Tdog1511,0,88,C Auston Matthews C Quinton Byfield D Devon Toews D Cam York G Anthony Stolarz UTIL Nicholas Robertson W William Nylander W Martin Necas W Kirill Marchenko,,,
451,5276097387,tigolebitties91,0,87.8,C Nathan MacKinnon C Bo Horvat D Cale Makar D Cam York G Ilya Sorokin UTIL Noah Cates W Kyle Palmieri W Simon Holmstrom W T.J. Hughes,,,
451,5276118601,foutah,0,87.8,C Nathan MacKinnon C Christian Dvorak D Cale Makar D Travis Sanheim G Ilya Sorokin UTIL Calum Ritchie W Artemi Panarin W Tyson Foerster W Matvei Michkov,,,
451,5276325737,FoxyGrandpa252,0,87.8,C Sidney Crosby C Tommy Novak D Erik Karlsson D Ryan Pulock G Arturs Silovs UTIL William Nylander W Rickard Rakell W Evgeni Malkin W Egor Chinakhov,,,
451,5276497746,slophound,0,87.8,C Sidney Crosby C Quinton Byfield D Devon Toews D Drew Doughty G Anthony Stolarz UTIL John Tavares W Porter Martone W Kirill Marchenko W Artturi Lehkonen,,,
455,5276477788,cwolverine2,0,87.7,C Sidney Crosby C Jean-Gabriel Pageau D Darren Raddysh D Brent Burns G Arturs Silovs UTIL Artemi Panarin W Rickard Rakell W Kyle Palmieri W Nazem Kadri,,,
456,5276089809,josephmolski,0,87.600006,C Quinton Byfield C Jean-Gabriel Pageau D Cale Makar D Matthew Schaefer G Ilya Sorokin UTIL Sidney Crosby W Martin Necas W Egor Chinakhov W Jaden Schwartz,,,
456,5276168112,cosmo407,0,87.600006,C Nathan MacKinnon C Trevor Zegras D Cale Makar D Darren Raddysh G Ilya Sorokin UTIL Ryan Pulock W Nazem Kadri W Mats Zuccarello W Victor Eklund,,,
456,5276661150,lyonsic90,0,87.600006,C Nathan MacKinnon C Noah Cates D Cale Makar D Morgan Rielly G MacKenzie Blackwood UTIL T.J. Hughes W Martin Necas W Matvei Michkov W Alex Bump,,,
459,5276540344,relevanthought,0,87.4,C Nathan MacKinnon C Brock Nelson D Cale Makar D Adam Pelech G Dan Vladar UTIL Martin Necas W Tyson Foerster W Brayden Schenn W Matias Maccelli,,,
460,5276282548,NoKlueOne,0,87.3,C Auston Matthews C Trevor Zegras D Darren Raddysh D Devon Toews G Anthony Stolarz UTIL Quinton Byfield W Kirill Marchenko W Artturi Lehkonen W Jack Roslovic,,,
460,5276325297,nrlane24,0,87.3,C Bo Horvat C Brock Nelson D Matthew Schaefer D Brandt Clarke G Ilya Sorokin UTIL Nazem Kadri W Kyle Palmieri W Gabriel Landeskog W Simon Holmstrom,,,
460,5276673462,MattySB4,0,87.3,C Bo Horvat C Brock Nelson D Matthew Schaefer D Brandt Clarke G Ilya Sorokin UTIL Gabriel Landeskog W Kyle Palmieri W Nazem Kadri W Simon Holmstrom,,,
463,5276301633,timadigan,0,87.100006,C Nathan MacKinnon C Christian Dvorak D Cale Makar D Cam York G Ilya Sorokin UTIL Calum Ritchie W Martin Necas W Travis Konecny W Tyson Foerster,,,
464,5276355661,Timpegoose,0,87.00001,C Nathan MacKinnon C Trevor Zegras D Jamie Drysdale D Adam Pelech G Ilya Sorokin UTIL Porter Martone W Martin Necas W Owen Tippett W Artturi Lehkonen,,,
464,5276630612,jpete16,0,87.00001,C Nathan MacKinnon C Trevor Zegras D Jamie Drysdale D Adam Pelech G Ilya Sorokin UTIL Martin Necas W Porter Martone W Owen Tippett W Artturi Lehkonen,,,
464,5276096943,scoobydaniels,0,87,C Nathan MacKinnon C Christian Dvorak D Cale Makar D Cody Ceci G Dan Vladar UTIL Matvei Michkov W Martin Necas W Gabriel Landeskog W Tyson Foerster,,,
467,5276403676,whoisjohngalt420,0,86.9,C Nathan MacKinnon C Calum Ritchie D Matthew Schaefer D Rasmus Ristolainen G Ilya Sorokin UTIL Cale Makar W Martin Necas W Brayden Schenn W Matias Maccelli,,,
468,5276134211,wflcannon,0,86.8,C Nathan MacKinnon C Noah Cates D Darren Raddysh D Josh Manson G MacKenzie Blackwood UTIL Nazem Kadri W Travis Konecny W Gabriel Landeskog W Mats Zuccarello,,,
469,5276232876,RYANEOZ,0,86.7,C Brock Nelson C Trevor Zegras D Cale Makar D Ryan Pulock G MacKenzie Blackwood UTIL Nazem Kadri W Porter Martone W Owen Tippett W Gabriel Landeskog,,,
470,5276085604,aarontheone,0,86.600006,C Nathan MacKinnon C Trevor Zegras D Matthew Schaefer D Adam Pelech G Anthony Stolarz UTIL Gabriel Landeskog W Martin Necas W Tyson Foerster W Matvei Michkov,,,
470,5276689052,terrance79,0,86.600006,C Nathan MacKinnon C Trevor Zegras D Rasmus Ristolainen D Joel Edmundson G Anthony Stolarz UTIL Owen Tippett W Martin Necas W Porter Martone W Gabriel Landeskog,,,
472,5276202387,eldave1975,0,86.50001,C Nathan MacKinnon C Noah Cates D Cale Makar D Brett Kulak G Ilya Sorokin UTIL Sidney Crosby W Martin Necas W Matvei Michkov W Andre Lee,,,
472,5276222960,ZeekyDK3013,0,86.5,C Sidney Crosby C Tommy Novak D Erik Karlsson D Logan Stanley G Arturs Silovs UTIL Auston Matthews W Rickard Rakell W Evgeni Malkin W Egor Chinakhov,,,
474,5276328908,jables11b,0,86.30001,C Nathan MacKinnon C Bo Horvat D Matthew Schaefer D Adam Pelech G Ilya Sorokin UTIL Cale Makar W Matvei Michkov W Alex Bump W Victor Eklund,,,
474,5276698825,tonyhurd23,0,86.3,C Nathan MacKinnon C Tommy Novak D Cale Makar D Matthew Schaefer G Ilya Sorokin UTIL T.J. Hughes W Rickard Rakell W Brayden Schenn W Matias Maccelli,,,
474,5276179484,pwsk77,0,86.299995,C Nathan MacKinnon C Auston Matthews D Brandt Clarke D Adam Pelech G Arturs Silovs UTIL Cam York W Martin Necas W Owen Tippett W Victor Eklund,,,
477,5276378015,SpeedRacer101,0,86.200005,C Nathan MacKinnon C Bo Horvat D Devon Toews D Tony DeAngelo G Ilya Sorokin UTIL Trevor Zegras W Kyle Palmieri W Gabriel Landeskog W Simon Holmstrom,,,
477,5276480735,dionressler,0,86.2,C Nathan MacKinnon C Auston Matthews D Tony DeAngelo D Jamie Drysdale G Anthony Stolarz UTIL Drew Doughty W Kirill Marchenko W Evgeni Malkin W T.J. Hughes,,,
479,5276632644,deajr0605,0,86.100006,C Nathan MacKinnon C Calum Ritchie D Darren Raddysh D Tony DeAngelo G MacKenzie Blackwood UTIL Brent Burns W Martin Necas W Porter Martone W Egor Chinakhov,,,
480,5276691450,Farcry12078,0,86.00001,C Bo Horvat C Trevor Zegras D Matthew Schaefer D Jamie Drysdale G MacKenzie Blackwood UTIL Cale Makar W Kyle Palmieri W Tyson Foerster W Nicholas Robertson,,,
481,5276579357,SEB44,0,85.90001,C Nathan MacKinnon C Sean Couturier D Kris Letang D Brent Burns G Ilya Sorokin UTIL Evgeni Malkin W William Nylander W Martin Necas W Brayden Schenn,,,
482,5276634856,nagelnaomi,0,85.8,C Nathan MacKinnon C Trevor Zegras D Cale Makar D Ryan Pulock G Ilya Sorokin UTIL Victor Eklund W Martin Necas W Owen Tippett W Matvei Michkov,,,
483,5276264703,partymole,0,85.700005,C John Tavares C Brock Nelson D Devon Toews D Ryan Pulock G Ilya Sorokin UTIL Bo Horvat W Porter Martone W Evgeni Malkin W Nazem Kadri,,,
484,5276589945,j.keech26,0,85.600006,C Trevor Zegras C Quinton Byfield D Cale Makar D Jamie Drysdale G Ilya Sorokin UTIL Nathan MacKinnon W Martin Necas W Matvei Michkov W T.J. Hughes,,,
485,5276403890,wallyswahoos,0,85.40001,C John Tavares C Trevor Zegras D Erik Karlsson D Morgan Rielly G MacKenzie Blackwood UTIL Artturi Lehkonen W Evgeni Malkin W Travis Konecny W Nazem Kadri,,,
485,5276234058,Futterstuff,0,85.4,C Brock Nelson C Trevor Zegras D Cale Makar D Adam Pelech G MacKenzie Blackwood UTIL Owen Tippett W Porter Martone W Gabriel Landeskog W Nazem Kadri,,,
485,5276658846,nwspring52,0,85.399994,C Nathan MacKinnon C Trevor Zegras D Darren Raddysh D Brandt Clarke G Anthony Stolarz UTIL Connor Dewar W Martin Necas W Kirill Marchenko W T.J. Hughes,,,
488,5276406865,Rambo62,0,85.200005,C Nathan MacKinnon C Quinton Byfield D Brandt Clarke D Adam Pelech G Ilya Sorokin UTIL Cale Makar W Martin Necas W Matvei Michkov W Simon Holmstrom,,,
488,5276703190,Angel3176,0,85.2,C Nathan MacKinnon C Trevor Zegras D Oliver Ekman-Larsson D Trevor van Riemsdyk G MacKenzie Blackwood UTIL Owen Tippett W Martin Necas W Porter Martone W Gabriel Landeskog,,,
490,5276094581,Banzai76,0,85.100006,C Nathan MacKinnon C Trevor Zegras D Cale Makar D Sam Malinski G Ilya Sorokin UTIL Victor Eklund W Owen Tippett W Travis Konecny W Tyson Foerster,,,
490,5276678059,tsquared8,0,85.100006,C Nathan MacKinnon C Bo Horvat D Ryan Pulock D Brett Kulak G MacKenzie Blackwood UTIL Martin Necas W Porter Martone W Gabriel Landeskog W Victor Eklund,,,
490,5276493033,pitdog333,0,85.1,C Auston Matthews C Scott Laughton D Matthew Schaefer D Darren Raddysh G Arturs Silovs UTIL Martin Necas W William Nylander W Simon Holmstrom W Nicholas Robertson,,,
490,5276506225,1nonlyDXP,0,85.1,C Sidney Crosby C Christian Dvorak D Cale Makar D Alexander Romanov G Ilya Sorokin UTIL Egor Chinakhov W Artemi Panarin W Evgeni Malkin W Matvei Michkov,,,
494,5276689233,birdsvikes,0,85.00001,C Sidney Crosby C Quinton Byfield D Jake McCabe D Brent Burns G MacKenzie Blackwood UTIL Cale Makar W Adrian Kempe W Travis Konecny W Alex Laferriere,,,
494,5276649241,561Heat,0,85,C Bo Horvat C Brock Nelson D Darren Raddysh D Brandt Clarke G Ilya Sorokin UTIL Kyle Palmieri W Evgeni Malkin W Owen Tippett W Victor Eklund,,,
496,5276178459,unlv2014,0,84.9,C Brock Nelson C Trevor Zegras D Cale Makar D Morgan Rielly G MacKenzie Blackwood UTIL Travis Sanheim W Gavin McKenna W Owen Tippett W Gabriel Landeskog,,,
496,5276720057,tasteitsucka,0,84.9,C Nathan MacKinnon C Trevor Zegras D Jamie Drysdale D Ryan Pulock G MacKenzie Blackwood UTIL Porter Martone W Martin Necas W Artturi Lehkonen W Matvei Michkov,,,
498,5276620421,Stugene69,0,84.700005,C Nathan MacKinnon C Sidney Crosby D Matthew Schaefer D Joel Edmundson G Ilya Sorokin UTIL Oliver Ekman-Larsson W Martin Necas W Rickard Rakell W Noel Acciari,,,
498,5276372668,PensDangleSniper94,0,84.7,C Auston Matthews C Brock Nelson D Darren Raddysh D Ryan Pulock G MacKenzie Blackwood UTIL Gabriel Landeskog W Kirill Marchenko W Nazem Kadri W Jack Roslovic,,,
500,5276443529,Hawkswin25,0,84.600006,C Nathan MacKinnon C Bo Horvat D Sam Malinski D Tony DeAngelo G Ilya Sorokin UTIL Connor Dewar W Porter Martone W Travis Konecny W Alex Laferriere,,,
500,5276330345,FlowARC,0,84.6,C Nathan MacKinnon C Quinton Byfield D Josh Manson D Joel Edmundson G Anthony Stolarz UTIL Mats Zuccarello W Martin Necas W Porter Martone W Adrian Kempe,,,
502,5276179627,animatorboy,0,84.50001,C Trevor Zegras C Quinton Byfield D Cale Makar D Jamie Drysdale G Ilya Sorokin UTIL Porter Martone W Martin Necas W Gabriel Landeskog W Artturi Lehkonen,,,
502,5276314231,iamawful,0,84.5,C Bo Horvat C Brock Nelson D Matthew Schaefer D Jamie Drysdale G Dan Vladar UTIL Gabriel Landeskog W Kyle Palmieri W Artturi Lehkonen W Matias Maccelli,,,
504,5276330872,lethuima,0,84.399994,C Quinton Byfield C Tommy Novak D Matthew Schaefer D Erik Karlsson G Arturs Silovs UTIL Darren Raddysh W William Nylander W Rickard Rakell W Egor Chinakhov,,,
504,5276596069,Marsharks,0,84.399994,C John Tavares C Teddy Blueger D Darren Raddysh D Samuel Girard G Anthony Stolarz UTIL Nathan MacKinnon W William Nylander W Gavin McKenna W T.J. Hughes,,,
506,5276703326,nathan_vanthof,0,83.8,C Brock Nelson C Trevor Zegras D Darren Raddysh D Cam York G Anthony Stolarz UTIL Sidney Crosby W Porter Martone W Owen Tippett W Nazem Kadri,,,
507,5276681031,kevinu182,0,83.700005,C Nathan MacKinnon C Bo Horvat D Matthew Schaefer D Cam York G Ilya Sorokin UTIL Devon Toews W Kyle Palmieri W Brayden Schenn W Matias Maccelli,,,
508,5276475407,jer4940,0,83.50001,C Nathan MacKinnon C Calum Ritchie D Matthew Schaefer D Tony DeAngelo G Ilya Sorokin UTIL Brent Burns W Martin Necas W Porter Martone W Egor Chinakhov,,,
509,5276618347,pkondrak,0,83.4,C Auston Matthews C Brock Nelson D Darren Raddysh D Adam Pelech G MacKenzie Blackwood UTIL Nazem Kadri W Kirill Marchenko W Gabriel Landeskog W Jack Roslovic,,,
509,5276671384,barrys.team2015,0,83.4,C Bo Horvat C Brock Nelson D Brandt Clarke D Devon Toews G Ilya Sorokin UTIL Nazem Kadri W Adrian Kempe W Owen Tippett W Mats Zuccarello,,,
509,5276717743,Rolly,0,83.399994,C Brock Nelson C Trevor Zegras D Cale Makar D Travis Sanheim G Dan Vladar UTIL John Tavares W Evgeni Malkin W Nazem Kadri W Jaden Schwartz,,,
512,5276691280,tommyboy2279,0,83.30001,C Nathan MacKinnon C Calum Ritchie D Tony DeAngelo D Brent Burns G MacKenzie Blackwood UTIL Sidney Crosby W Evgeni Malkin W Owen Tippett W Matvei Michkov,,,
513,5276441057,steelerspens09,0,83.200005,C Sidney Crosby C Trevor Zegras D Brandt Clarke D Tony DeAngelo G Ilya Sorokin UTIL Cale Makar W Gavin McKenna W Artturi Lehkonen W Egor Chinakhov,,,
514,5276113854,hopper1369,0,83.100006,C Nathan MacKinnon C Trevor Zegras D Tony DeAngelo D Erik Gustafsson G Ilya Sorokin UTIL Travis Konecny W Martin Necas W Evgeni Malkin W Nazem Kadri,,,
515,5276705010,jemi0811,0,82.899994,C Brock Nelson C Quinton Byfield D Erik Karlsson D Darren Raddysh G Anthony Stolarz UTIL Trevor Zegras W Martin Necas W Porter Martone W Matvei Michkov,,,
516,5276616672,atfrost,0,82.8,C Nathan MacKinnon C Trevor Zegras D Darren Raddysh D Jamie Drysdale G Anthony Stolarz UTIL T.J. Hughes W Martin Necas W Kirill Marchenko W Tyson Foerster,,,
516,5276362429,creel.patrick,0,82.799995,C Auston Matthews C Tommy Novak D Erik Karlsson D Ryan Pulock G Arturs Silovs UTIL Kirill Marchenko W Rickard Rakell W Evgeni Malkin W Egor Chinakhov,,,
516,5276413723,jusnit,0,82.799995,C Nathan MacKinnon C Quinton Byfield D Cale Makar D Matthew Schaefer G Dan Vladar UTIL Alex Turcotte W Gabriel Landeskog W Matvei Michkov W T.J. Hughes,,,
519,5276434578,Sprtsguy,0,82.6,C Auston Matthews C Tommy Novak D Alexander Romanov D Ryan Pulock G MacKenzie Blackwood UTIL Cale Makar W Artemi Panarin W Evgeni Malkin W Egor Chinakhov,,,
520,5276314910,egrieman,0,82.4,C Nathan MacKinnon C Trevor Zegras D Matthew Schaefer D Devon Toews G Ilya Sorokin UTIL Tommy Novak W Martin Necas W Travis Konecny W T.J. Hughes,,,
520,5276287983,nstokes13,0,82.399994,C Nathan MacKinnon C Calum Ritchie D Cale Makar D Devon Toews G Dan Vladar UTIL Alex Turcotte W Martin Necas W Porter Martone W T.J. Hughes,,,
522,5276122784,ivymoose,0,82.3,C Sidney Crosby C Tommy Novak D Erik Karlsson D Logan Stanley G Arturs Silovs UTIL Quinton Byfield W Artemi Panarin W Rickard Rakell W Adrian Kempe,,,
522,5276709248,rwandner,0,82.299995,C Nathan MacKinnon C Tommy Novak D Morgan Rielly D Devon Toews G MacKenzie Blackwood UTIL Brayden Schenn W William Nylander W Martin Necas W Simon Holmstrom,,,
524,5276687911,Sickboi818,0,82.1,C Auston Matthews C Quinton Byfield D Travis Sanheim D Chris Tanev G Dan Vladar UTIL Nathan MacKinnon W Owen Tippett W Artturi Lehkonen W Tyson Foerster,,,
525,5276701007,TrappistMonk,0,81.9,C Brock Nelson C Trevor Zegras D Cale Makar D Morgan Rielly G MacKenzie Blackwood UTIL Gabriel Landeskog W Porter Martone W Owen Tippett W T.J. Hughes,,,
526,5276620580,steven313,0,81.799995,C Auston Matthews C Brock Nelson D Brandt Clarke D Travis Sanheim G Arturs Silovs UTIL Quinton Byfield W Martin Necas W Kirill Marchenko W Brayden Schenn,,,
527,5276317251,CheetosAddict,0,81.7,C Nathan MacKinnon C Quinton Byfield D Matthew Schaefer D Joel Edmundson G Dan Vladar UTIL Cam York W Martin Necas W Gabriel Landeskog W Nazem Kadri,,,
528,5276501957,tjflannery1,0,81.600006,C Nathan MacKinnon C Bo Horvat D Matthew Schaefer D Brett Kulak G Dan Vladar UTIL Kirill Marchenko W Alex Laferriere W Tyson Foerster W Emil Heineman,,,
529,5276405005,LDRiderJP,0,81.5,C Nathan MacKinnon C Trevor Zegras D Cam York D Chris Tanev G Dan Vladar UTIL Owen Tippett W Martin Necas W Porter Martone W Artturi Lehkonen,,,
529,5276677078,riffraff19,0,81.5,C Auston Matthews C John Tavares D Darren Raddysh D Nick Seeler G Anthony Stolarz UTIL Egor Chinakhov W William Nylander W Kirill Marchenko W Nicholas Robertson,,,
531,5276381676,bigecg26,0,81.3,C Nathan MacKinnon C Trevor Zegras D Jamie Drysdale D Cam York G Anthony Stolarz UTIL Martin Necas W Adrian Kempe W Owen Tippett W Tyson Foerster,,,
531,5276545715,AJSuperman,0,81.3,C Nathan MacKinnon C Auston Matthews D Chris Tanev D Brett Kulak G Dan Vladar UTIL Matias Maccelli W Martin Necas W Kirill Marchenko W Artturi Lehkonen,,,
531,5276681027,cheryl21,0,81.3,C John Tavares C Brock Nelson D Devon Toews D Travis Sanheim G Anthony Stolarz UTIL Mats Zuccarello W William Nylander W Kirill Marchenko W Nazem Kadri,,,
534,5276223129,SC33KB,0,81.200005,C Brock Nelson C Trevor Zegras D Matthew Schaefer D Darren Raddysh G MacKenzie Blackwood UTIL Jamie Drysdale W Porter Martone W Kyle Palmieri W Artturi Lehkonen,,,
534,5276338715,nicepicks,0,81.2,C Auston Matthews C Sidney Crosby D Darren Raddysh D Alexander Romanov G Anthony Stolarz UTIL Trevor Zegras W Kirill Marchenko W Travis Konecny W Nicholas Robertson,,,
536,5276642816,STYX1210,0,81.100006,C Auston Matthews C Tommy Novak D Darren Raddysh D Cam York G MacKenzie Blackwood UTIL Nathan MacKinnon W Travis Konecny W Egor Chinakhov W Victor Eklund,,,
536,5276192740,GlizzyGripper,0,81.09999,C Auston Matthews C Sidney Crosby D Matthew Schaefer D Brandt Clarke G Arturs Silovs UTIL Brett Kulak W Rickard Rakell W Mats Zuccarello W Nicholas Robertson,,,
538,5276482514,Dhawkins270,0,80.9,C Nathan MacKinnon C Noah Cates D Cale Makar D Ryan Pulock G MacKenzie Blackwood UTIL Trevor Zegras W Martin Necas W Tyson Foerster W Matvei Michkov,,,
538,5276643851,ZQ1989,0,80.9,C Bo Horvat C Tommy Novak D Erik Karlsson D Darren Raddysh G Darcy Kuemper UTIL Sidney Crosby W Rickard Rakell W Egor Chinakhov W Nicholas Robertson,,,
538,5276704080,wearend,0,80.9,C Nathan MacKinnon C Trevor Zegras D Matthew Schaefer D Brandt Clarke G Dan Vladar UTIL Martin Necas W Matvei Michkov W Brayden Schenn W Nicholas Robertson,,,
541,5276261979,LTskelter,0,80.799995,C Sidney Crosby C Tommy Novak D Darren Raddysh D Logan Stanley G Arturs Silovs UTIL Erik Karlsson W William Nylander W Rickard Rakell W Evgeni Malkin,,,
541,5276574472,Hal160,0,80.799995,C Nathan MacKinnon C Quinton Byfield D Cale Makar D Devon Toews G Dan Vladar UTIL Ryan Pulock W Kirill Marchenko W Owen Tippett W T.J. Hughes,,,
543,5276717872,ChrisHowell,0,80.5,C Nathan MacKinnon C Auston Matthews D Darren Raddysh D Ryan Pulock G Ilya Sorokin UTIL Mats Zuccarello W Martin Necas W Victor Eklund W Emil Heineman,,,
544,5276162735,Browner97,0,80.2,C Nathan MacKinnon C Calum Ritchie D Cale Makar D Matthew Schaefer G Dan Vladar UTIL T.J. Hughes W Porter Martone W Egor Chinakhov W Alex Turcotte,,,
544,5276708786,tvassas,0,80.2,C Nathan MacKinnon C Trevor Zegras D Darren Raddysh D Alexander Romanov G Anthony Stolarz UTIL Brandt Clarke W Porter Martone W Owen Tippett W T.J. Hughes,,,
546,5276666073,Lilbillion,0,79.8,C Trevor Zegras C Noah Cates D Matthew Schaefer D Brent Burns G Anthony Stolarz UTIL Cale Makar W Porter Martone W Gabriel Landeskog W Alex Laferriere,,,
547,5276441570,pelicans777,0,79.6,C Nathan MacKinnon C Calum Ritchie D Brett Kulak D Logan Stanley G Dan Vladar UTIL Cale Makar W William Nylander W Martin Necas W Gabriel Landeskog,,,
548,5276088581,shock12368,0,79.49999,C Bo Horvat C Brock Nelson D Devon Toews D Sam Malinski G Dan Vladar UTIL Alex Laferriere W William Nylander W Porter Martone W Jack Roslovic,,,
548,5276368802,HurricaneAl42,0,79.49999,C Brock Nelson C Quinton Byfield D Brandt Clarke D Morgan Rielly G Dan Vladar UTIL Artemi Panarin W Adrian Kempe W Gabriel Landeskog W Nazem Kadri,,,
548,5276413340,tdm85,0,79.49999,C Brock Nelson C Trevor Zegras D Cale Makar D Drew Doughty G Dan Vladar UTIL Nazem Kadri W Porter Martone W Owen Tippett W Gabriel Landeskog,,,
551,5276259971,Satch65,0,79.40001,C Nathan MacKinnon C Trevor Zegras D Jamie Drysdale D Adam Pelech G MacKenzie Blackwood UTIL Cale Makar W Martin Necas W Tyson Foerster W Matvei Michkov,,,
552,5276157564,jknobody,0,79.3,C Auston Matthews C Noah Cates D Cale Makar D Morgan Rielly G Anthony Stolarz UTIL Gabriel Landeskog W Kirill Marchenko W Jack Roslovic W T.J. Hughes,,,
553,5276693024,badlee,0,79.1,C John Tavares C Brock Nelson D Jake McCabe D Cam York G MacKenzie Blackwood UTIL Gavin McKenna W William Nylander W Gabriel Landeskog W Nazem Kadri,,,
554,5276456852,mrbig91,0,79,C Bo Horvat C Brock Nelson D Brandt Clarke D Morgan Rielly G Ilya Sorokin UTIL Porter Martone W Martin Necas W Kyle Palmieri W Victor Eklund,,,
555,5276547331,letspartee,0,78.9,C Nathan MacKinnon C Bo Horvat D Sam Malinski D Tony DeAngelo G MacKenzie Blackwood UTIL Travis Konecny W Kyle Palmieri W Matvei Michkov W Simon Holmstrom,,,
556,5276616621,voxpopuli,0,78.8,C Sidney Crosby C Quinton Byfield D Matthew Schaefer D Erik Karlsson G Ilya Sorokin UTIL Matias Maccelli W Rickard Rakell W Porter Martone W Nicholas Robertson,,,
557,5276341587,gwarren2733,0,78.700005,C Nathan MacKinnon C Sean Couturier D Erik Karlsson D Darren Raddysh G Anton Forsberg UTIL Auston Matthews W Martin Necas W Emil Heineman W Noel Acciari,,,
557,5276333912,WinnJetsWinn,0,78.7,C Auston Matthews C Bo Horvat D Logan Stanley D Cody Ceci G Arturs Silovs UTIL Tyson Foerster W Artemi Panarin W Martin Necas W Adrian Kempe,,,
557,5276607829,jayrwebb,0,78.7,C Nathan MacKinnon C Quinton Byfield D Darren Raddysh D Travis Sanheim G Dan Vladar UTIL Trevor Moore W Porter Martone W Alex Laferriere W Alex Bump,,,
557,5276677128,deathmetalbob,0,78.7,C Nathan MacKinnon C Christian Dvorak D Cale Makar D Joel Edmundson G Dan Vladar UTIL Martin Necas W Gabriel Landeskog W Tyson Foerster W Matvei Michkov,,,
561,5276188699,TheKflan,0,78.600006,C Bo Horvat C Brock Nelson D Matthew Schaefer D Cam York G MacKenzie Blackwood UTIL Gabriel Landeskog W Kyle Palmieri W Travis Konecny W Tyson Foerster,,,
561,5276264334,cpolleys,0,78.6,C Auston Matthews C Quinton Byfield D Cale Makar D Jamie Drysdale G Anthony Stolarz UTIL Trevor Zegras W Adrian Kempe W Jack Roslovic W Egor Chinakhov,,,
561,5276351974,BadMOFO55,0,78.6,C Auston Matthews C Quinton Byfield D Darren Raddysh D Brandt Clarke G Anthony Stolarz UTIL Alex Laferriere W Artemi Panarin W Jack Roslovic W Alex Bump,,,
564,5276540361,richwetherell,0,78.5,C Nathan MacKinnon C Trevor Zegras D Ryan Pulock D Adam Pelech G Dan Vladar UTIL William Nylander W Martin Necas W Owen Tippett W Artturi Lehkonen,,,
565,5276459880,pjg196604,0,78.3,C Trevor Zegras C Quinton Byfield D Josh Manson D Ryan Pulock G Ilya Sorokin UTIL Nathan MacKinnon W Artemi Panarin W Porter Martone W Owen Tippett,,,
566,5276705376,BigA524,0,78.2,C Auston Matthews C Tommy Novak D Darren Raddysh D Jamie Drysdale G Anthony Stolarz UTIL Gabriel Landeskog W Martin Necas W Kirill Marchenko W Egor Chinakhov,,,
567,5276535276,Skadoosh,0,77.9,C Auston Matthews C Sidney Crosby D Erik Karlsson D Darren Raddysh G MacKenzie Blackwood UTIL Calum Ritchie W Kirill Marchenko W Matias Maccelli W Nicholas Robertson,,,
568,5276174782,knastys22,0,77.8,C Auston Matthews C Tommy Novak D Darren Raddysh D Brent Burns G Arturs Silovs UTIL Evgeni Malkin W William Nylander W Kirill Marchenko W Egor Chinakhov,,,
569,5276650726,SpoWeezy,0,77.50001,C Nathan MacKinnon C Trevor Zegras D Matthew Schaefer D Jamie Drysdale G Ilya Sorokin UTIL Tyson Foerster W Porter Martone W Artturi Lehkonen W Brayden Schenn,,,
570,5276193293,kevinobie,0,77.4,C Sidney Crosby C John Tavares D Kris Letang D Brent Burns G Anthony Stolarz UTIL Brayden Schenn W William Nylander W Evgeni Malkin W Gabriel Landeskog,,,
570,5276418238,NEFan61,0,77.4,C Nathan MacKinnon C Trevor Zegras D Matthew Schaefer D Devon Toews G Ilya Sorokin UTIL Tommy Novak W Adrian Kempe W Kirill Marchenko W T.J. Hughes,,,
572,5276222731,SiegFur_1,0,77.3,C Nathan MacKinnon C Trevor Zegras D Morgan Rielly D Jamie Drysdale G Anthony Stolarz UTIL Martin Necas W Porter Martone W Tyson Foerster W Matvei Michkov,,,
572,5276368560,skid68,0,77.3,C Nathan MacKinnon C Auston Matthews D Cale Makar D Adam Pelech G Darcy Kuemper UTIL Martin Necas W Gabriel Landeskog W Anthony Duclair W Alex Turcotte,,,
572,5276676918,JetsMania12,0,77.3,C Auston Matthews C Sidney Crosby D Devon Toews D Kris Letang G Anthony Stolarz UTIL Jack Roslovic W Martin Necas W Tyson Foerster W Matvei Michkov,,,
575,5276217668,sarasoxs,0,77.2,C Nathan MacKinnon C Auston Matthews D Darren Raddysh D Alexander Romanov G MacKenzie Blackwood UTIL Ryan Pulock W Porter Martone W Egor Chinakhov W Victor Eklund,,,
575,5276617104,Vinman32187,0,77.2,C Bo Horvat C Trevor Zegras D Matthew Schaefer D Devon Toews G Ilya Sorokin UTIL Alex Bump W Porter Martone W Evgeni Malkin W Artturi Lehkonen,,,
577,5276259634,Taylormade2003,0,77.100006,C Nathan MacKinnon C Trevor Zegras D Darren Raddysh D Jamie Drysdale G MacKenzie Blackwood UTIL Kyle Palmieri W Kirill Marchenko W Jack Roslovic W T.J. Hughes,,,
578,5276701785,shawnstewart00,0,77,C Bo Horvat C Brock Nelson D Brent Burns D Cam York G Dan Vladar UTIL Cale Makar W Kyle Palmieri W Owen Tippett W Travis Konecny,,,
578,5276705116,lurch123,0,77,C Nathan MacKinnon C Auston Matthews D Jamie Drysdale D Cam York G Dan Vladar UTIL Cale Makar W Tyson Foerster W Easton Cowan W T.J. Hughes,,,
580,5276410702,cartman6523,0,76.9,C Nathan MacKinnon C Trevor Zegras D Sam Malinski D Rasmus Ristolainen G MacKenzie Blackwood UTIL Martin Necas W Porter Martone W Owen Tippett W Victor Eklund,,,
580,5276343462,Terry301,0,76.899994,C John Tavares C Erik Haula D Darren Raddysh D Sam Malinski G Arturs Silovs UTIL Brent Burns W Artemi Panarin W William Nylander W Gavin McKenna,,,
582,5276537421,HiFi105,0,76.8,C Nathan MacKinnon C Trevor Zegras D Matthew Schaefer D Brett Kulak G MacKenzie Blackwood UTIL Matvei Michkov W Martin Necas W Gabriel Landeskog W Tyson Foerster,,,
583,5276567891,AllisonZizz,0,76.7,C Brock Nelson C Trevor Zegras D Brandt Clarke D Devon Toews G MacKenzie Blackwood UTIL Cale Makar W Porter Martone W Kyle Palmieri W Matvei Michkov,,,
583,5276628258,radzynfessenden,0,76.7,C Brock Nelson C Trevor Zegras D Matthew Schaefer D Cam York G MacKenzie Blackwood UTIL Cale Makar W Gavin McKenna W Gabriel Landeskog W Matvei Michkov,,,
585,5276405494,Fuhkair,0,76.5,C Nathan MacKinnon C Calum Ritchie D Matthew Schaefer D Jamie Drysdale G Dan Vladar UTIL Trevor Zegras W Kyle Palmieri W Travis Konecny W Artturi Lehkonen,,,
586,5276201550,Ship1992,0,76.299995,C Brock Nelson C Trevor Zegras D Matthew Schaefer D Devon Toews G MacKenzie Blackwood UTIL Gabriel Landeskog W Porter Martone W Kirill Marchenko W Jack Roslovic,,,
586,5276543427,bdoz1993,0,76.299995,C Auston Matthews C John Tavares D Darren Raddysh D Morgan Rielly G Anthony Stolarz UTIL Brett Kulak W William Nylander W Kirill Marchenko W Nicholas Robertson,,,
588,5276430953,richgee21,0,76.19999,C Brock Nelson C Quinton Byfield D Brandt Clarke D Travis Sanheim G Dan Vladar UTIL Artemi Panarin W Adrian Kempe W Gabriel Landeskog W Nazem Kadri,,,
589,5276197973,Orochi,0,76.100006,C Nathan MacKinnon C Trevor Zegras D Cale Makar D Matthew Schaefer G MacKenzie Blackwood UTIL T.J. Hughes W Tyson Foerster W Matvei Michkov W Matias Maccelli,,,
590,5276218155,freakazoid0,0,76,C Nathan MacKinnon C Auston Matthews D Darren Raddysh D Chris Tanev G Dan Vladar UTIL Noel Acciari W Martin Necas W Nazem Kadri W T.J. Hughes,,,
590,5276231577,WiLDM4Ch1NE,0,76,C Sidney Crosby C Fedor Svechkov D Erik Karlsson D Brandt Clarke G Arturs Silovs UTIL Victor Eklund W Artemi Panarin W Rickard Rakell W Adrian Kempe,,,
592,5276183492,BigRobnAZ,0,75.9,C Nathan MacKinnon C Sidney Crosby D Tony DeAngelo D Jamie Drysdale G Dan Vladar UTIL Trevor Zegras W Kyle Palmieri W Alex Laferriere W Jaden Schwartz,,,
592,5276612672,SoCalHusker,0,75.9,C Nathan MacKinnon C Trevor Zegras D Cam York D Logan Stanley G Dan Vladar UTIL Artturi Lehkonen W Martin Necas W Porter Martone W Owen Tippett,,,
594,5276402211,JB00GlE,0,75.8,C Nathan MacKinnon C Christian Dvorak D Matthew Schaefer D Cam York G Ilya Sorokin UTIL Brandt Clarke W Martin Necas W Travis Konecny W T.J. Hughes,,,
595,5276443938,AllBenNoJerrys,0,75.6,C Nathan MacKinnon C Quinton Byfield D Matthew Schaefer D Cam York G Ilya Sorokin UTIL Brandt Clarke W Martin Necas W Matvei Michkov W Brayden Schenn,,,
596,5276258580,royster181,0,75.5,C Sidney Crosby C Quinton Byfield D Matthew Schaefer D Devon Toews G Ilya Sorokin UTIL Gabriel Landeskog W Kirill Marchenko W Owen Tippett W Jaden Schwartz,,,
596,5276500814,joeyjoeyb,0,75.5,C Nathan MacKinnon C Noah Cates D Devon Toews D Adam Pelech G MacKenzie Blackwood UTIL Martin Necas W Porter Martone W Kyle Palmieri W Tyson Foerster,,,
598,5276307592,jreyelts20,0,75.4,C Brock Nelson C Trevor Zegras D Cale Makar D Matthew Schaefer G MacKenzie Blackwood UTIL Jamie Drysdale W Porter Martone W Nazem Kadri W Matias Maccelli,,,
598,5276450026,Hammerballs,0,75.4,C Auston Matthews C Sidney Crosby D Travis Sanheim D Trevor van Riemsdyk G Arturs Silovs UTIL Artturi Lehkonen W Porter Martone W Gavin McKenna W Tyson Foerster,,,
600,5276700566,PocketsSloppy,0,75.3,C Auston Matthews C Bo Horvat D Brandt Clarke D Sam Malinski G MacKenzie Blackwood UTIL Egor Chinakhov W Kyle Palmieri W Gabriel Landeskog W T.J. Hughes,,,
601,5276706557,morney87,0,75.200005,C Nathan MacKinnon C Bo Horvat D Matthew Schaefer D Jamie Drysdale G Ilya Sorokin UTIL Tyson Foerster W Kyle Palmieri W Matvei Michkov W T.J. Hughes,,,
602,5276307497,dfieguth,0,75,C Nathan MacKinnon C Trevor Zegras D Erik Karlsson D Rasmus Ristolainen G Ilya Sorokin UTIL Brett Kulak W Martin Necas W Porter Martone W Owen Tippett,,,
603,5276230570,matthewwalsh,0,74.899994,C Nathan MacKinnon C Trevor Zegras D Brandt Clarke D Rasmus Ristolainen G Anthony Stolarz UTIL Martin Necas W Porter Martone W Tyson Foerster W Matvei Michkov,,,
603,5276694528,Froggy2073,0,74.899994,C Sidney Crosby C Erik Haula D Cale Makar D Devon Toews G Dan Vladar UTIL Owen Tippett W Porter Martone W Jack Roslovic W Egor Chinakhov,,,
605,5276092963,hammer2424,0,74.6,C Auston Matthews C Noah Cates D Darren Raddysh D Cam York G Anthony Stolarz UTIL Nathan MacKinnon W Kirill Marchenko W Alex Bump W Matias Maccelli,,,
605,5276284833,Leadpipe,0,74.6,C Nathan MacKinnon C Auston Matthews D Cale Makar D Oliver Ekman-Larsson G Scott Wedgewood UTIL Fedor Svechkov W William Nylander W Brayden Schenn W Ville Koivunen,,,
607,5276204699,Ramda_Bamda1,0,74.5,C Trevor Zegras C Calum Ritchie D Cale Makar D Erik Karlsson G MacKenzie Blackwood UTIL Auston Matthews W Gabriel Landeskog W Egor Chinakhov W Brayden Schenn,,,
607,5276478429,floydian80,0,74.5,C Sidney Crosby C Quinton Byfield D Brandt Clarke D Cam York G Anthony Stolarz UTIL Adrian Kempe W Artemi Panarin W Mats Zuccarello W Alex Laferriere,,,
609,5276359838,Tobers96,0,74.3,C Trevor Zegras C Calum Ritchie D Cale Makar D Matthew Schaefer G Ilya Sorokin UTIL Evgeni Malkin W Martin Necas W Porter Martone W Emil Heineman,,,
609,5276197430,habcommander,0,74.299995,C Nathan MacKinnon C Sidney Crosby D Matthew Schaefer D Alexander Romanov G MacKenzie Blackwood UTIL Kirill Marchenko W Matvei Michkov W Matias Maccelli W T.J. Hughes,,,
611,5276622274,Mazeblue30,0,74.2,C Bo Horvat C Trevor Zegras D Darren Raddysh D Sam Malinski G MacKenzie Blackwood UTIL Porter Martone W Kyle Palmieri W Gabriel Landeskog W Egor Chinakhov,,,
612,5276480657,jefftman,0,74,C Auston Matthews C Noah Cates D Jamie Drysdale D Drew Doughty G Dan Vladar UTIL Nathan MacKinnon W Kirill Marchenko W Artturi Lehkonen W Matvei Michkov,,,
613,5276131341,mlaw1992,0,73.8,C Trevor Zegras C Quinton Byfield D Cale Makar D Kris Letang G Anthony Stolarz UTIL William Nylander W Martin Necas W Porter Martone W Connor Dewar,,,
613,5276626047,tekakarewes4,0,73.8,C Brock Nelson C Trevor Zegras D Matthew Schaefer D Jamie Drysdale G Ilya Sorokin UTIL Cale Makar W Martin Necas W Porter Martone W Victor Eklund,,,
615,5276710167,bibz2,0,73.7,C Nathan MacKinnon C Noah Cates D Cale Makar D Cam York G Dan Vladar UTIL Alex Turcotte W William Nylander W Martin Necas W Alex Bump,,,
616,5276586560,Zoltan007,0,73.6,C Nathan MacKinnon C Quinton Byfield D Matthew Schaefer D Joel Edmundson G Ilya Sorokin UTIL Darren Raddysh W William Nylander W Kirill Marchenko W Noel Acciari,,,
617,5276213046,eagles995720,0,73.5,C Nathan MacKinnon C Calum Ritchie D Matthew Schaefer D Nick Seeler G Dan Vladar UTIL Porter Martone W Kyle Palmieri W Artturi Lehkonen W Matvei Michkov,,,
618,5276591758,noberg,0,73.4,C Bo Horvat C Trevor Zegras D Matthew Schaefer D Jamie Drysdale G Dan Vladar UTIL Brock Nelson W Kyle Palmieri W Gabriel Landeskog W Nazem Kadri,,,
618,5276719715,Koolkeeph1,0,73.4,C Nathan MacKinnon C Trevor Zegras D Erik Karlsson D Tony DeAngelo G Dan Vladar UTIL Brent Burns W Porter Martone W Gabriel Landeskog W Egor Chinakhov,,,
620,5276251332,tommienation1,0,73.3,C Quinton Byfield C Calum Ritchie D Matthew Schaefer D Darren Raddysh G Arturs Silovs UTIL Rickard Rakell W Artemi Panarin W Adrian Kempe W Brayden Schenn,,,
621,5276161319,mikebkmm5,0,73,C Brock Nelson C Quinton Byfield D Sam Malinski D Jake McCabe G Sergei Bobrovsky UTIL Kirill Marchenko W Artemi Panarin W Gavin McKenna W Adrian Kempe,,,
621,5276519658,clockworkted,0,73,C Nathan MacKinnon C Christian Dvorak D Matthew Schaefer D Jamie Drysdale G Ilya Sorokin UTIL Martin Necas W Kyle Palmieri W Tyson Foerster W Simon Holmstrom,,,
621,5276707460,Rebels.1433,0,73,C Nathan MacKinnon C Quinton Byfield D Darren Raddysh D Brent Burns G Dan Vladar UTIL Oliver Ekman-Larsson W Porter Martone W Adrian Kempe W Alex Laferriere,,,
624,5276507672,goolie1228,0,72.899994,C Nathan MacKinnon C Auston Matthews D Alexander Romanov D Ryan Pulock G MacKenzie Blackwood UTIL Victor Eklund W Porter Martone W Travis Konecny W Egor Chinakhov,,,
625,5276113049,kepenekela,0,72.799995,C Nathan MacKinnon C Calum Ritchie D Cale Makar D Ryan Pulock G Dan Vladar UTIL Martin Necas W William Nylander W Matias Maccelli W T.J. Hughes,,,
626,5276544161,deftpunk,0,72.299995,C Bo Horvat C Tommy Novak D Cale Makar D Matthew Schaefer G Ilya Sorokin UTIL Victor Eklund W Porter Martone W Travis Konecny W Egor Chinakhov,,,
627,5276347305,Jemaneye,0,72.2,C Nathan MacKinnon C Trevor Zegras D Erik Karlsson D Ryan Pulock G Ilya Sorokin UTIL Martin Necas W Porter Martone W Matvei Michkov W T.J. Hughes,,,
628,5276608824,Matt1134,0,72.1,C Nathan MacKinnon C Trevor Zegras D Jamie Drysdale D Ryan Pulock G MacKenzie Blackwood UTIL Gabriel Landeskog W Martin Necas W Porter Martone W Tyson Foerster,,,
628,5276655675,ArchimedesWhitfield,0,72.1,C Auston Matthews C Tommy Novak D Darren Raddysh D Devon Toews G MacKenzie Blackwood UTIL Egor Chinakhov W Rickard Rakell W Kirill Marchenko W Jack Roslovic,,,
630,5276692527,kls148,0,72,C Nathan MacKinnon C Bo Horvat D Matthew Schaefer D Ryan Pulock G Ilya Sorokin UTIL Mats Zuccarello W Kyle Palmieri W Simon Holmstrom W Matias Maccelli,,,
630,5276651365,Monster2783,0,71.99999,C Nathan MacKinnon C Trevor Zegras D Cale Makar D Ryan Pulock G Dan Vladar UTIL T.J. Hughes W Kirill Marchenko W Gabriel Landeskog W Tyson Foerster,,,
632,5276426452,DancingBeerGut,0,71.8,C Auston Matthews C Tommy Novak D Matthew Schaefer D Darren Raddysh G Arturs Silovs UTIL Brayden Schenn W Kirill Marchenko W Kyle Palmieri W Egor Chinakhov,,,
632,5276473670,Bonfire_Villa8,0,71.799995,C Trevor Zegras C Calum Ritchie D Matthew Schaefer D Cam York G MacKenzie Blackwood UTIL Nathan MacKinnon W Porter Martone W Evgeni Malkin W Victor Eklund,,,
634,5276216324,tmaeder10,0,71.6,C Auston Matthews C Tommy Novak D Cale Makar D Matthew Schaefer G Ilya Sorokin UTIL Martin Necas W Egor Chinakhov W Brayden Schenn W T.J. Hughes,,,
635,5276234170,Bigb16,0,71.5,C Nathan MacKinnon C Christian Dvorak D Cam York D Adam Pelech G Dan Vladar UTIL Cale Makar W Martin Necas W Travis Konecny W Tyson Foerster,,,
635,5276576816,PXHall,0,71.5,C Nathan MacKinnon C Trevor Zegras D Matthew Schaefer D Brent Burns G MacKenzie Blackwood UTIL Matvei Michkov W Kirill Marchenko W Owen Tippett W T.J. Hughes,,,
637,5276719812,mjschwammy,0,71.299995,C Nathan MacKinnon C Calum Ritchie D Sam Malinski D Ryan Pulock G MacKenzie Blackwood UTIL Trevor Zegras W William Nylander W Porter Martone W Kyle Palmieri,,,
638,5276242562,JNorth1989,0,71,C Bo Horvat C Trevor Zegras D Matthew Schaefer D Drew Doughty G Ilya Sorokin UTIL Evgeni Malkin W Porter Martone W Kyle Palmieri W Egor Chinakhov,,,
639,5276182680,SkatTrak,0,70.9,C Brock Nelson C Quinton Byfield D Brandt Clarke D Morgan Rielly G Dan Vladar UTIL Cale Makar W Kyle Palmieri W Owen Tippett W Mats Zuccarello,,,
639,5276687936,burkie94,0,70.899994,C Nathan MacKinnon C Tommy Novak D Ryan Pulock D Samuel Girard G Dan Vladar UTIL Owen Tippett W William Nylander W Martin Necas W Porter Martone,,,
641,5276624449,FakeNickG,0,70.8,C John Tavares C Tommy Novak D Erik Karlsson D Josh Manson G Anthony Stolarz UTIL Quinton Byfield W William Nylander W Rickard Rakell W Kirill Marchenko,,,
642,5276310321,PresidentLeach,0,70.7,C Nathan MacKinnon C Trevor Zegras D Jake McCabe D Jamie Drysdale G MacKenzie Blackwood UTIL Martin Necas W Porter Martone W Tyson Foerster W Matvei Michkov,,,
643,5276180322,dentiddo,0,70.6,C Sidney Crosby C Tommy Novak D Erik Karlsson D Jamie Drysdale G MacKenzie Blackwood UTIL Martin Necas W Rickard Rakell W Gabriel Landeskog W Matvei Michkov,,,
644,5276706808,OptimusSim,0,70.399994,C Nathan MacKinnon C Auston Matthews D Matthew Schaefer D Mikey Anderson G Dan Vladar UTIL Trevor Zegras W Porter Martone W Emil Heineman W Alex Turcotte,,,
645,5276191785,modece,0,70.3,C Nathan MacKinnon C Trevor Zegras D Devon Toews D Travis Sanheim G Ilya Sorokin UTIL Tyson Foerster W Martin Necas W Porter Martone W Simon Holmstrom,,,
645,5276594899,Sporin,0,70.3,C Bo Horvat C Trevor Zegras D Darren Raddysh D Tony DeAngelo G Ilya Sorokin UTIL Artturi Lehkonen W Porter Martone W Kyle Palmieri W Owen Tippett,,,
645,5276462309,killerratdawgs,0,70.299995,C Nathan MacKinnon C Quinton Byfield D Brandt Clarke D Sam Malinski G Dan Vladar UTIL Martin Necas W Kirill Marchenko W Tyson Foerster W T.J. Hughes,,,
648,5276212661,Mrboozer,0,70.200005,C Nathan MacKinnon C Sidney Crosby D Cale Makar D Cam York G Scott Wedgewood UTIL Trevor Zegras W Matvei Michkov W Matias Maccelli W Victor Eklund,,,
648,5276563190,red5standingby,0,70.2,C Nathan MacKinnon C Trevor Zegras D Brandt Clarke D Oliver Ekman-Larsson G Ilya Sorokin UTIL Travis Konecny W Martin Necas W Adrian Kempe W Simon Holmstrom,,,
650,5276235848,cantafford,0,70.1,C Auston Matthews C Trevor Zegras D Cale Makar D Travis Sanheim G Dan Vladar UTIL Calum Ritchie W Owen Tippett W Gabriel Landeskog W Artturi Lehkonen,,,
650,5276247700,bmeintz,0,70.1,C Nathan MacKinnon C Trevor Zegras D Cale Makar D Jamie Drysdale G MacKenzie Blackwood UTIL T.J. Hughes W Porter Martone W Matvei Michkov W Matias Maccelli,,,
650,5276326916,jbusch69,0,70.1,C Bo Horvat C Quinton Byfield D Matthew Schaefer D Rasmus Ristolainen G Ilya Sorokin UTIL Evgeni Malkin W Porter Martone W Owen Tippett W Alex Laferriere,,,
650,5276659777,champceb,0,70.1,C Nathan MacKinnon C Trevor Zegras D Cale Makar D Jamie Drysdale G MacKenzie Blackwood UTIL Brayden Schenn W Porter Martone W Matvei Michkov W T.J. Hughes,,,
654,5276381440,sradss1,0,70,C Nathan MacKinnon C Trevor Zegras D Cam York D Ryan Pulock G Dan Vladar UTIL Chris Tanev W Artemi Panarin W Martin Necas W Adrian Kempe,,,
654,5276704698,tojoas,0,70,C Nathan MacKinnon C Noah Cates D Cale Makar D Cam York G Dan Vladar UTIL Brandt Clarke W Martin Necas W Matvei Michkov W Alex Bump,,,
656,5276329161,tjjensen,0,69.799995,C Nathan MacKinnon C Calum Ritchie D Darren Raddysh D Sam Malinski G Scott Wedgewood UTIL Alex Bump W Adrian Kempe W Kyle Palmieri W Travis Konecny,,,
656,5276703096,timothy.beechler,0,69.799995,C Sidney Crosby C Tommy Novak D Erik Karlsson D Jake McCabe G Darcy Kuemper UTIL Bo Horvat W Rickard Rakell W Evgeni Malkin W Egor Chinakhov,,,
658,5276317340,danblack67,0,69.5,C Sidney Crosby C Sean Couturier D Jamie Drysdale D Mikey Anderson G Ilya Sorokin UTIL Nathan MacKinnon W William Nylander W Porter Martone W Matvei Michkov,,,
658,5276478001,Bobman007,0,69.5,C Bo Horvat C Trevor Zegras D Devon Toews D Sam Malinski G Ilya Sorokin UTIL Gabriel Landeskog W Martin Necas W Porter Martone W Travis Konecny,,,
660,5276614868,1983n1986,0,69.399994,C Auston Matthews C Sidney Crosby D Morgan Rielly D Cam York G Anthony Stolarz UTIL Emil Heineman W William Nylander W Rickard Rakell W Victor Eklund,,,
661,5276507900,keavster,0,69.1,C Brock Nelson C Quinton Byfield D Matthew Schaefer D Sam Malinski G Ilya Sorokin UTIL Travis Konecny W Porter Martone W Kirill Marchenko W Owen Tippett,,,
662,5276316880,Shredville,0,69,C Auston Matthews C Quinton Byfield D Matthew Schaefer D Jake McCabe G Arturs Silovs UTIL Artemi Panarin W Kirill Marchenko W Brayden Schenn W Matias Maccelli,,,
662,5276710805,MAA11,0,69,C Nathan MacKinnon C Teddy Blueger D Matthew Schaefer D Brent Burns G Dan Vladar UTIL Brandt Clarke W Porter Martone W Nazem Kadri W Jack Roslovic,,,
664,5276219245,NoAngleJustDangle23,0,68.899994,C Nathan MacKinnon C Trevor Zegras D Brandt Clarke D Brian Dumoulin G Dan Vladar UTIL T.J. Hughes W Martin Necas W Porter Martone W Owen Tippett,,,
664,5276680953,torionthegreat,0,68.899994,C Bo Horvat C Brock Nelson D Matthew Schaefer D Ryan Pulock G Dan Vladar UTIL Brent Burns W Rickard Rakell W Porter Martone W Nazem Kadri,,,
664,5276695172,stinax732,0,68.899994,C Nathan MacKinnon C Trevor Zegras D Cale Makar D Simon Benoit G Dan Vladar UTIL Martin Necas W Porter Martone W Matvei Michkov W Anthony Duclair,,,
667,5276444161,AptypA,0,68.8,C Auston Matthews C Sidney Crosby D Sam Malinski D Oliver Ekman-Larsson G Anthony Stolarz UTIL Noel Acciari W William Nylander W Kirill Marchenko W Evgeni Malkin,,,
668,5276632399,Hornet7,0,68.7,C Nathan MacKinnon C Trevor Zegras D Cale Makar D Jamie Drysdale G Dan Vladar UTIL Matvei Michkov W Kirill Marchenko W Jack Roslovic W T.J. Hughes,,,
669,5276375181,thegambler84,0,68.5,C Nathan MacKinnon C Trevor Zegras D Darren Raddysh D Joel Edmundson G Dan Vladar UTIL Emil Heineman W Martin Necas W Porter Martone W Owen Tippett,,,
669,5276612983,mwillauer14,0,68.5,C Bo Horvat C Brock Nelson D Sam Malinski D Tony DeAngelo G Darcy Kuemper UTIL William Nylander W Evgeni Malkin W Owen Tippett W Alex Laferriere,,,
669,5276710625,stiles_12,0,68.5,C Nathan MacKinnon C Trevor Zegras D Matthew Schaefer D Rasmus Ristolainen G Ilya Sorokin UTIL Calum Ritchie W Martin Necas W Porter Martone W Brayden Schenn,,,
672,5276442470,Bubba2057,0,68.4,C Bo Horvat C Christian Dvorak D Cale Makar D Devon Toews G MacKenzie Blackwood UTIL Travis Konecny W Kyle Palmieri W Tyson Foerster W Simon Holmstrom,,,
672,5276706817,nyrfan4life6811,0,68.4,C Sidney Crosby C Trevor Zegras D Matthew Schaefer D Brent Burns G MacKenzie Blackwood UTIL Matias Maccelli W William Nylander W Owen Tippett W Artturi Lehkonen,,,
674,5276407290,shamdiggitydingdong,0,68.299995,C Nathan MacKinnon C Calum Ritchie D Cale Makar D Rasmus Ristolainen G Dan Vladar UTIL Logan Stanley W Martin Necas W Porter Martone W Matvei Michkov,,,
675,5276674456,moosepad,0,68.2,C Bo Horvat C Jean-Gabriel Pageau D Cale Makar D Ryan Pulock G MacKenzie Blackwood UTIL Brent Burns W Martin Necas W Porter Martone W Kirill Marchenko,,,
676,5276502435,juiceman1984,0,67.799995,C Brock Nelson C Trevor Zegras D Matthew Schaefer D Devon Toews G Dan Vladar UTIL Nazem Kadri W Porter Martone W Owen Tippett W Gabriel Landeskog,,,
677,5276563761,Kronzilla,0,67.7,C Brock Nelson C Quinton Byfield D Matthew Schaefer D Travis Sanheim G Ilya Sorokin UTIL Porter Martone W Evgeni Malkin W Owen Tippett W Mats Zuccarello,,,
678,5276263626,CFinch,0,67.5,C Nathan MacKinnon C Calum Ritchie D Cale Makar D Jamie Drysdale G Dan Vladar UTIL Gabriel Landeskog W Porter Martone W Matvei Michkov W Matias Maccelli,,,
678,5276381061,AverillsAvengers,0,67.49999,C Nathan MacKinnon C Noah Cates D Brent Burns D Ryan Pulock G MacKenzie Blackwood UTIL Sam Malinski W William Nylander W Porter Martone W Gavin McKenna,,,
680,5276661018,nyisles2779,0,67.1,C Sidney Crosby C Calum Ritchie D Cale Makar D Matthew Schaefer G Ilya Sorokin UTIL Brent Burns W Porter Martone W Evgeni Malkin W Matias Maccelli,,,
681,5276671483,nauldyboy,0,67,C Nathan MacKinnon C Trevor Zegras D Matthew Schaefer D Jamie Drysdale G Ilya Sorokin UTIL Drew Doughty W Porter Martone W Owen Tippett W Tyson Foerster,,,
681,5276167455,Birdsack,0,66.99999,C Nathan MacKinnon C Trevor Zegras D Brandt Clarke D Jamie Drysdale G Dan Vladar UTIL Quinton Byfield W Martin Necas W Gabriel Landeskog W Matvei Michkov,,,
683,5276332473,whiteduece,0,66.8,C Nathan MacKinnon C Trevor Zegras D Matthew Schaefer D Cam York G Dan Vladar UTIL Brock Nelson W Porter Martone W Tyson Foerster W T.J. Hughes,,,
684,5276239105,Finest28,0,66.7,C Nathan MacKinnon C Trevor Zegras D Cam York D Ryan Pulock G Darcy Kuemper UTIL Artturi Lehkonen W Martin Necas W Porter Martone W Owen Tippett,,,
684,5276588195,Hag51,0,66.7,C Auston Matthews C Bo Horvat D Travis Sanheim D Brent Burns G Anthony Stolarz UTIL Kyle Palmieri W William Nylander W Jack Roslovic W Simon Holmstrom,,,
686,5276219407,bcarney710,0,66.6,C Brock Nelson C Trevor Zegras D Morgan Rielly D Sam Malinski G MacKenzie Blackwood UTIL Travis Konecny W Porter Martone W Adrian Kempe W Owen Tippett,,,
687,5276422151,berzaj23,0,66.4,C Sidney Crosby C Tommy Novak D Erik Karlsson D Darren Raddysh G Darcy Kuemper UTIL Nicholas Robertson W Rickard Rakell W Porter Martone W Evgeni Malkin,,,
687,5276698106,termoney2232,0,66.4,C Sidney Crosby C Trevor Zegras D Matthew Schaefer D Devon Toews G Ilya Sorokin UTIL Alex Laferriere W Martin Necas W Travis Konecny W Matvei Michkov,,,
689,5276206094,travis945,0,66.299995,C Nathan MacKinnon C Trevor Zegras D Travis Sanheim D Alexander Romanov G MacKenzie Blackwood UTIL Owen Tippett W William Nylander W Porter Martone W Victor Eklund,,,
690,5276567291,blitzburgh07,0,66.1,C Nathan MacKinnon C Trevor Zegras D Matthew Schaefer D Brett Kulak G Dan Vladar UTIL Martin Necas W Travis Konecny W Gabriel Landeskog W Victor Eklund,,,
691,5276539008,JHart64,0,66,C Auston Matthews C Quinton Byfield D Darren Raddysh D Morgan Rielly G Anthony Stolarz UTIL William Nylander W Travis Konecny W Egor Chinakhov W Matvei Michkov,,,
692,5276309164,Ctre6,0,65.9,C Nathan MacKinnon C Trevor Zegras D Tony DeAngelo D Jamie Drysdale G Ilya Sorokin UTIL T.J. Hughes W Martin Necas W Porter Martone W Owen Tippett,,,
693,5276398492,alexvansoelen,0,65.700005,C Nathan MacKinnon C Trevor Zegras D Jamie Drysdale D Adam Pelech G Dan Vladar UTIL Cale Makar W Martin Necas W Tyson Foerster W Matvei Michkov,,,
694,5276596097,ShineCrazyDiamond,0,65.600006,C Auston Matthews C John Tavares D Darren Raddysh D Sam Malinski G Anthony Stolarz UTIL Sean Couturier W William Nylander W Kirill Marchenko W Joel Armia,,,
695,5276443692,ajb3247,0,65.4,C Nathan MacKinnon C Bo Horvat D Matthew Schaefer D Jamie Drysdale G Dan Vladar UTIL Scott Laughton W Kyle Palmieri W Matvei Michkov W Brayden Schenn,,,
695,5276601990,whiskygolf,0,65.4,C John Tavares C Trevor Zegras D Devon Toews D Cam York G Anthony Stolarz UTIL Kirill Marchenko W William Nylander W Martin Necas W Jack Roslovic,,,
697,5276304045,jmsISGRIT,0,64.99999,C Sidney Crosby C Quinton Byfield D Darren Raddysh D Brandt Clarke G Darcy Kuemper UTIL Adrian Kempe W Rickard Rakell W Evgeni Malkin W Nicholas Robertson,,,
698,5276275436,RBritten1,0,64.799995,C Nathan MacKinnon C Trevor Zegras D Darren Raddysh D Adam Pelech G MacKenzie Blackwood UTIL Tyson Foerster W William Nylander W Owen Tippett W Matvei Michkov,,,
699,5276227954,DVaut1,0,64.4,C Nathan MacKinnon C Auston Matthews D Darren Raddysh D Adam Pelech G Darcy Kuemper UTIL Parker Kelly W William Nylander W Kirill Marchenko W Emil Heineman,,,
699,5276587804,pbrk11,0,64.4,C Nathan MacKinnon C Trevor Zegras D Matthew Schaefer D Brent Burns G Ilya Sorokin UTIL Matvei Michkov W Porter Martone W Owen Tippett W Matias Maccelli,,,
701,5276399775,FlyinHawkZ,0,64.2,C Nathan MacKinnon C Trevor Zegras D Matthew Schaefer D Jamie Drysdale G Ilya Sorokin UTIL Brett Kulak W Martin Necas W Porter Martone W Tyson Foerster,,,
702,5276541298,budzie12,0,64,C Nathan MacKinnon C Trevor Zegras D Jamie Drysdale D Brett Kulak G MacKenzie Blackwood UTIL Brayden Schenn W Martin Necas W Porter Martone W Kirill Marchenko,,,
703,5276200912,Shoprat66,0,63.899998,C John Tavares C Christian Dvorak D Morgan Rielly D Devon Toews G Dan Vladar UTIL Brock Nelson W William Nylander W Travis Konecny W Nazem Kadri,,,
704,5276085444,Hgberg,0,63.399998,C Sidney Crosby C Christian Dvorak D Darren Raddysh D Tony DeAngelo G Anthony Stolarz UTIL Jaden Schwartz W William Nylander W Porter Martone W Owen Tippett,,,
705,5276362061,JDamien2442,0,63.199997,C Brock Nelson C Jean-Gabriel Pageau D Matthew Schaefer D Darren Raddysh G Ilya Sorokin UTIL Porter Martone W William Nylander W Evgeni Malkin W Matvei Michkov,,,
706,5276077035,Tnob,0,62.899998,C Sidney Crosby C Bo Horvat D Darren Raddysh D Brent Burns G Sergei Bobrovsky UTIL Anthony Duclair W Rickard Rakell W Evgeni Malkin W Mats Zuccarello,,,
707,5276574408,Mtrainor6,0,62.799995,C Auston Matthews C Trevor Zegras D Devon Toews D Cam York G MacKenzie Blackwood UTIL Nazem Kadri W Kirill Marchenko W Owen Tippett W Gabriel Landeskog,,,
708,5276159271,apforadori,0,62.499996,C Nathan MacKinnon C Auston Matthews D Darren Raddysh D Alexander Romanov G Darcy Kuemper UTIL Ryan Pulock W Martin Necas W Egor Chinakhov W Tyson Foerster,,,
708,5276615055,Scooter1992,0,62.499996,C Auston Matthews C Brock Nelson D Darren Raddysh D Jamie Drysdale G Dan Vladar UTIL Cale Makar W Adrian Kempe W Tyson Foerster W Alex Turcotte,,,
710,5276695769,NappyDays4,0,62.199997,C Auston Matthews C Quinton Byfield D Matthew Schaefer D Travis Sanheim G Ilya Sorokin UTIL Cale Makar W Martin Necas W Alex Bump W Connor Dewar,,,
711,5276123583,danlovesthecubs,0,61.9,C Auston Matthews C Sidney Crosby D Chris Tanev D Brett Kulak G Arturs Silovs UTIL William Nylander W Gavin McKenna W Kirill Marchenko W Jack Roslovic,,,
711,5276231051,jokerdpo,0,61.899998,C Bo Horvat C Trevor Zegras D Matthew Schaefer D Devon Toews G Ilya Sorokin UTIL Nazem Kadri W Porter Martone W Kyle Palmieri W Matvei Michkov,,,
711,5276476793,luckymeyer69,0,61.899994,C Sidney Crosby C Trevor Zegras D Cam York D Ryan Pulock G Ilya Sorokin UTIL Cale Makar W William Nylander W Evgeni Malkin W Travis Konecny,,,
714,5276335266,Assy_Mcgee,0,61.6,C Sidney Crosby C Christian Dvorak D Matthew Schaefer D Darren Raddysh G MacKenzie Blackwood UTIL Matvei Michkov W Porter Martone W Jack Roslovic W Egor Chinakhov,,,
715,5276111702,Jets9611,0,61.399998,C Trevor Zegras C Quinton Byfield D Devon Toews D Kris Letang G Ilya Sorokin UTIL Artemi Panarin W Porter Martone W Adrian Kempe W Owen Tippett,,,
715,5276660877,Kodi1769,0,61.399998,C Nathan MacKinnon C Trevor Zegras D Darren Raddysh D Rasmus Ristolainen G Dan Vladar UTIL Brent Burns W Porter Martone W Gavin McKenna W Egor Chinakhov,,,
717,5276214886,bigballa3232,0,60.5,C Auston Matthews C John Tavares D Brett Kulak D Joel Edmundson G Anthony Stolarz UTIL Porter Martone W William Nylander W Kirill Marchenko W Artturi Lehkonen,,,
718,5276610560,joncohen,0,60.399998,C Brock Nelson C Noah Cates D Cale Makar D Devon Toews G Dan Vladar UTIL William Nylander W Porter Martone W Owen Tippett W Alex Bump,,,
719,5276581772,1220rihanna,0,60.3,C Trevor Zegras C Quinton Byfield D Devon Toews D Sam Malinski G Ilya Sorokin UTIL Porter Martone W Artemi Panarin W Adrian Kempe W Owen Tippett,,,
719,5276287558,strausberg,0,60.299995,C Bo Horvat C Trevor Zegras D Matthew Schaefer D Brandt Clarke G Ilya Sorokin UTIL Alex Laferriere W Adrian Kempe W Kyle Palmieri W Simon Holmstrom,,,
719,5276562854,massajmike,0,60.299995,C Sidney Crosby C Trevor Zegras D Matthew Schaefer D Morgan Rielly G MacKenzie Blackwood UTIL T.J. Hughes W Kirill Marchenko W Owen Tippett W Gabriel Landeskog,,,
722,5276130056,Jfed789,0,59.999996,C Nathan MacKinnon C John Tavares D Darren Raddysh D Cam York G Dan Vladar UTIL Brett Kulak W William Nylander W Martin Necas W Noel Acciari,,,
723,5276311055,TrueNorth79,0,59.899998,C Trevor Zegras C Jean-Gabriel Pageau D Cale Makar D Brandt Clarke G Ilya Sorokin UTIL Quinton Byfield W Artemi Panarin W Porter Martone W Owen Tippett,,,
723,5276579796,mcstuffins,0,59.899994,C Bo Horvat C Jean-Gabriel Pageau D Cale Makar D Matthew Schaefer G MacKenzie Blackwood UTIL Kyle Palmieri W Porter Martone W Simon Holmstrom W Victor Eklund,,,
725,5276085916,omghedidnot,0,59.5,C John Tavares C Quinton Byfield D Brandt Clarke D Travis Sanheim G Anthony Stolarz UTIL Joel Edmundson W Artemi Panarin W William Nylander W Adrian Kempe,,,
726,5276535636,stingrays315,0,59.399998,C Nathan MacKinnon C Quinton Byfield D Jamie Drysdale D Brent Burns G Dan Vladar UTIL Trevor Zegras W Martin Necas W Travis Konecny W Mats Zuccarello,,,
727,5276519464,cbj25,0,59.2,C Auston Matthews C Quinton Byfield D Jamie Drysdale D Cam York G Anthony Stolarz UTIL Martin Necas W Kirill Marchenko W Owen Tippett W Travis Konecny,,,
727,5276719236,Krista1122,0,59.2,C Sidney Crosby C Tommy Novak D Kris Letang D Trevor van Riemsdyk G Dan Vladar UTIL Adrian Kempe W Rickard Rakell W Evgeni Malkin W Travis Konecny,,,
729,5276227846,shawnsullivanjr13,0,59.000004,C Auston Matthews C Bo Horvat D Darren Raddysh D Brandt Clarke G Darcy Kuemper UTIL Nicholas Robertson W William Nylander W Kirill Marchenko W Ville Koivunen,,,
729,5276509396,Daily_Big_Kahuna,0,59.000004,C Auston Matthews C Tommy Novak D Matthew Schaefer D Erik Karlsson G Darcy Kuemper UTIL Nicholas Robertson W William Nylander W Kirill Marchenko W Egor Chinakhov,,,
731,5276403088,jcac6575,0,58.70001,C Quinton Byfield C Tommy Novak D Erik Karlsson D Darren Raddysh G Darcy Kuemper UTIL Adrian Kempe W Artemi Panarin W Evgeni Malkin W Egor Chinakhov,,,
731,5276643977,sir19tom,0,58.70001,C Quinton Byfield C Tommy Novak D Erik Karlsson D Darren Raddysh G Darcy Kuemper UTIL Artemi Panarin W Adrian Kempe W Evgeni Malkin W Egor Chinakhov,,,
731,5276676132,slyguy717,0,58.7,C Auston Matthews C John Tavares D Adam Pelech D Samuel Girard G Anthony Stolarz UTIL William Nylander W Gavin McKenna W Kirill Marchenko W Jack Roslovic,,,
734,5276222835,rnrppr1997,0,58.6,C Nathan MacKinnon C Trevor Zegras D Morgan Rielly D Jamie Drysdale G Dan Vladar UTIL Kirill Marchenko W Porter Martone W Gabriel Landeskog W T.J. Hughes,,,
734,5276625788,pigskin23,0,58.6,C Nathan MacKinnon C Trevor Zegras D Morgan Rielly D Jamie Drysdale G Dan Vladar UTIL Kirill Marchenko W Porter Martone W Gabriel Landeskog W T.J. Hughes,,,
736,5276211439,lmueller78,0,57.899998,C Nathan MacKinnon C Trevor Zegras D Matthew Schaefer D Brett Kulak G Dan Vladar UTIL Cam York W Porter Martone W Owen Tippett W Gabriel Landeskog,,,
737,5276479295,gibbs9,0,57.8,C Auston Matthews C John Tavares D Darren Raddysh D Adam Pelech G Anthony Stolarz UTIL Brandt Clarke W William Nylander W Kirill Marchenko W Ville Koivunen,,,
737,5276636942,pandahead,0,57.8,C Nathan MacKinnon C Trevor Zegras D Darren Raddysh D Brett Kulak G Dan Vladar UTIL Ondrej Palat W Martin Necas W Porter Martone W Kirill Marchenko,,,
739,5276701655,kirks91,0,57.6,C Trevor Zegras C Quinton Byfield D Brandt Clarke D Jamie Drysdale G Anthony Stolarz UTIL Cale Makar W Porter Martone W Adrian Kempe W Mats Zuccarello,,,
740,5276456533,BobbyDigi,0,57.499996,C Bo Horvat C Quinton Byfield D Matthew Schaefer D Adam Pelech G Ilya Sorokin UTIL Artemi Panarin W Adrian Kempe W Travis Konecny W Tyson Foerster,,,
740,5276700008,gijoe1866,0,57.499996,C Auston Matthews C Tommy Novak D Matthew Schaefer D Brandt Clarke G Darcy Kuemper UTIL Brock Nelson W Kirill Marchenko W Gabriel Landeskog W Egor Chinakhov,,,
742,5276059621,paintgirl,0,57.399998,C Sidney Crosby C Bo Horvat D Matthew Schaefer D Erik Karlsson G Darcy Kuemper UTIL Drew Doughty W Rickard Rakell W Egor Chinakhov W Matias Maccelli,,,
743,5276582094,CPVicious,0,57.3,C Auston Matthews C Quinton Byfield D Darren Raddysh D Jamie Drysdale G Anthony Stolarz UTIL Matvei Michkov W William Nylander W Kirill Marchenko W Jack Roslovic,,,
744,5276426392,waiverwirewizards,0,57.2,C Quinton Byfield C Tommy Novak D Matthew Schaefer D Erik Karlsson G Darcy Kuemper UTIL Artemi Panarin W Adrian Kempe W Evgeni Malkin W Egor Chinakhov,,,
744,5276467433,RedWolf5115,0,57.2,C Quinton Byfield C Tommy Novak D Matthew Schaefer D Erik Karlsson G Darcy Kuemper UTIL Artemi Panarin W Adrian Kempe W Evgeni Malkin W Egor Chinakhov,,,
746,5276067770,SkyU27,0,56.999996,C Sidney Crosby C Quinton Byfield D Darren Raddysh D Brandt Clarke G Darcy Kuemper UTIL Mats Zuccarello W Artemi Panarin W Adrian Kempe W Nicholas Robertson,,,
747,5276461791,4prongdigger,0,56.699997,C John Tavares C Brock Nelson D Darren Raddysh D Brent Burns G Dan Vladar UTIL Cam York W William Nylander W Gavin McKenna W Nazem Kadri,,,
748,5276244253,starsfanjohn09,0,56.399998,C Bo Horvat C Trevor Zegras D Matthew Schaefer D Devon Toews G Ilya Sorokin UTIL T.J. Hughes W Porter Martone W Kyle Palmieri W Owen Tippett,,,
749,5276242356,GameOnLetsGo,0,55.899998,C Sidney Crosby C Tommy Novak D Erik Karlsson D Brandt Clarke G Darcy Kuemper UTIL Egor Chinakhov W Rickard Rakell W Evgeni Malkin W Owen Tippett,,,
749,5276698184,woppen1,0,55.899998,C Auston Matthews C Bo Horvat D Rasmus Ristolainen D Nick Blankenburg G Anthony Stolarz UTIL Rickard Rakell W William Nylander W Owen Tippett W Simon Holmstrom,,,
751,5276676099,Cybore,0,55.7,C Nathan MacKinnon C Noah Cates D Brent Burns D Ryan Pulock G Darcy Kuemper UTIL Brandt Clarke W Artemi Panarin W Rickard Rakell W Travis Konecny,,,
752,5276710785,ballzy99,0,55.400005,C Nathan MacKinnon C Trevor Zegras D Cale Makar D Logan Stanley G Darcy Kuemper UTIL Tyson Foerster W Martin Necas W Porter Martone W T.J. Hughes,,,
752,5276603620,Sanford71,0,55.399998,C Bo Horvat C Noah Cates D Matthew Schaefer D Travis Sanheim G Ilya Sorokin UTIL Tyson Foerster W Rickard Rakell W Porter Martone W Gabriel Landeskog,,,
754,5276289456,henry296,0,55.299995,C Trevor Zegras C Christian Dvorak D Cale Makar D Erik Karlsson G Ilya Sorokin UTIL Tyson Foerster W Porter Martone W Owen Tippett W Travis Konecny,,,
755,5276483587,km2939,0,54.9,C Nathan MacKinnon C Trevor Zegras D Cale Makar D Tony DeAngelo G Dan Vladar UTIL Mats Zuccarello W Porter Martone W Matias Maccelli W T.J. Hughes,,,
756,5276180297,mrxkronz,0,54.699997,C Bo Horvat C Trevor Zegras D Matthew Schaefer D Tony DeAngelo G Ilya Sorokin UTIL Devon Toews W Porter Martone W Kyle Palmieri W Owen Tippett,,,
757,5276569631,mtshapanka,0,54.499996,C Auston Matthews C Trevor Zegras D Darren Raddysh D Rasmus Ristolainen G Ilya Sorokin UTIL Evgeni Malkin W Porter Martone W Owen Tippett W Egor Chinakhov,,,
758,5276692417,Batmanuel75,0,54.4,C John Tavares C Erik Haula D Brandt Clarke D Morgan Rielly G Anthony Stolarz UTIL Trevor Zegras W Porter Martone W Gavin McKenna W Kirill Marchenko,,,
759,5276590989,randomjank,0,54,C Auston Matthews C Bo Horvat D Darren Raddysh D Sam Malinski G MacKenzie Blackwood UTIL Quinton Byfield W Mats Zuccarello W Tyson Foerster W Brayden Schenn,,,
760,5276336638,MCStu,0,53.7,C Nathan MacKinnon C Auston Matthews D Brandt Clarke D Cam York G Darcy Kuemper UTIL Alex Turcotte W Kirill Marchenko W Mats Zuccarello W Alex Laferriere,,,
761,5276532807,Millsy67,0,53.600002,C Trevor Zegras C Quinton Byfield D Cale Makar D Brandt Clarke G Dan Vladar UTIL Gabriel Landeskog W Martin Necas W Porter Martone W T.J. Hughes,,,
762,5276457808,Dubbzz,0,53.3,C Sidney Crosby C Tommy Novak D Darren Raddysh D Kris Letang G Darcy Kuemper UTIL Egor Chinakhov W Rickard Rakell W Porter Martone W Evgeni Malkin,,,
763,5276391834,OZRAMS,0,53.2,C Auston Matthews C Bo Horvat D Devon Toews D Drew Doughty G Dan Vladar UTIL Jack Roslovic W Kirill Marchenko W Kyle Palmieri W Simon Holmstrom,,,
763,5276668948,randerson32,0,53.2,C Auston Matthews C Scott Laughton D Matthew Schaefer D Darren Raddysh G Dan Vladar UTIL Kyle Palmieri W Martin Necas W Egor Chinakhov W Victor Eklund,,,
763,5276629469,jordanh415,0,53.199997,C Auston Matthews C Brock Nelson D Darren Raddysh D Brent Burns G Dan Vladar UTIL Noah Cates W William Nylander W Travis Konecny W Jack Roslovic,,,
766,5276661104,drstevebrule5,0,53.100002,C Sidney Crosby C Bo Horvat D Devon Toews D Sam Malinski G Darcy Kuemper UTIL Rickard Rakell W Evgeni Malkin W Travis Konecny W Brayden Schenn,,,
767,5276579406,HeywoodJablowme2,0,52.799995,C Sidney Crosby C John Tavares D Matthew Schaefer D Ryan Pulock G Ilya Sorokin UTIL Matias Maccelli W Artemi Panarin W Mats Zuccarello W Jack Roslovic,,,
768,5276594148,mammola,0,52.699997,C Nathan MacKinnon C Auston Matthews D Jamie Drysdale D Rasmus Ristolainen G Dan Vladar UTIL Kirill Marchenko W Jack Roslovic W Tyson Foerster W Matvei Michkov,,,
769,5276251404,tplmiz23,0,52.400005,C Sidney Crosby C Quinton Byfield D Erik Karlsson D Logan Stanley G Darcy Kuemper UTIL Artemi Panarin W Rickard Rakell W Adrian Kempe W Egor Chinakhov,,,
770,5276274100,cdub21,0,52.1,C Bo Horvat C Teddy Blueger D Darren Raddysh D Adam Pelech G MacKenzie Blackwood UTIL Auston Matthews W Martin Necas W Travis Konecny W Tyson Foerster,,,
770,5276620063,jsjs8,0,52.1,C Brock Nelson C Trevor Zegras D Brandt Clarke D Travis Sanheim G Dan Vladar UTIL William Nylander W Porter Martone W Owen Tippett W Nazem Kadri,,,
772,5276128946,andrewran,0,51.8,C Quinton Byfield C Christian Dvorak D Matthew Schaefer D Darren Raddysh G Dan Vladar UTIL John Tavares W Travis Konecny W Gabriel Landeskog W Nazem Kadri,,,
773,5276619598,TringoGrande,0,51.500004,C Trevor Zegras C Quinton Byfield D Cale Makar D Travis Sanheim G Dan Vladar UTIL Simon Holmstrom W Martin Necas W Adrian Kempe W Kyle Palmieri,,,
774,5276139147,woffordt123,0,51.299995,C Auston Matthews C Brock Nelson D Darren Raddysh D Jamie Drysdale G Ilya Sorokin UTIL Cam York W William Nylander W Porter Martone W Tyson Foerster,,,
775,5276340516,rsumrall,0,51.199997,C Auston Matthews C Bo Horvat D Matthew Schaefer D Tony DeAngelo G MacKenzie Blackwood UTIL Sam Malinski W Kirill Marchenko W Brayden Schenn W Matias Maccelli,,,
776,5276512867,Duitez76,0,51,C Auston Matthews C Noah Cates D Darren Raddysh D Alexander Romanov G Anthony Stolarz UTIL John Tavares W William Nylander W Kirill Marchenko W Victor Eklund,,,
777,5276689017,gadomski23,0,50.899998,C Nathan MacKinnon C Trevor Zegras D Darren Raddysh D Ryan Pulock G Dan Vladar UTIL Christian Dvorak W Porter Martone W Kirill Marchenko W Tyson Foerster,,,
778,5276309386,pegulavill,0,50.799995,C Bo Horvat C Trevor Zegras D Matthew Schaefer D Brent Burns G MacKenzie Blackwood UTIL Owen Tippett W Porter Martone W Kyle Palmieri W Simon Holmstrom,,,
779,5276392320,Strike00,0,50.6,C Bo Horvat C Trevor Zegras D Matthew Schaefer D Cam York G Dan Vladar UTIL Brock Nelson W Porter Martone W Kyle Palmieri W Simon Holmstrom,,,
780,5276578788,Jerrywoudstra,0,50.499996,C Nathan MacKinnon C Quinton Byfield D Brandt Clarke D Brett Kulak G Dan Vladar UTIL Adrian Kempe W William Nylander W Mats Zuccarello W Brayden Schenn,,,
781,5276073215,jedimoose28,0,50.399998,C Auston Matthews C Brock Nelson D Darren Raddysh D Ryan Pulock G Dan Vladar UTIL Travis Konecny W Porter Martone W Nazem Kadri W Tyson Foerster,,,
781,5276263650,joehalac,0,50.399998,C Auston Matthews C Tommy Novak D Jamie Drysdale D Cam York G Darcy Kuemper UTIL Nathan MacKinnon W Martin Necas W Owen Tippett W Tyson Foerster,,,
783,5276238569,expostulate,0,50.199997,C Bo Horvat C Trevor Zegras D Matthew Schaefer D Jamie Drysdale G Ilya Sorokin UTIL Gabriel Landeskog W Porter Martone W Owen Tippett W Tyson Foerster,,,
784,5276228784,az350z,0,49.899998,C Bo Horvat C Christian Dvorak D Erik Karlsson D Ryan Pulock G Darcy Kuemper UTIL Artemi Panarin W Rickard Rakell W Porter Martone W Egor Chinakhov,,,
784,5276505420,mjscott8824,0,49.899998,C Auston Matthews C Sidney Crosby D Erik Karlsson D Jamie Drysdale G Darcy Kuemper UTIL Nicholas Robertson W Rickard Rakell W Travis Konecny W Brayden Schenn,,,
786,5276698868,thesanchize69,0,49.5,C Auston Matthews C Quinton Byfield D Darren Raddysh D Jamie Drysdale G Anthony Stolarz UTIL Matvei Michkov W William Nylander W Kirill Marchenko W Tyson Foerster,,,
787,5276130802,csurunnerccr,0,49.399998,C Auston Matthews C Christian Dvorak D Cam York D Brett Kulak G Dan Vladar UTIL Nathan MacKinnon W Kirill Marchenko W Travis Konecny W Tyson Foerster,,,
788,5276372550,sebpouliot,0,48.7,C Auston Matthews C Trevor Zegras D Matthew Schaefer D Jamie Drysdale G Dan Vladar UTIL Nicholas Robertson W Porter Martone W Kirill Marchenko W Jack Roslovic,,,
788,5276668980,ynot4greg21,0,48.699997,C Trevor Zegras C Calum Ritchie D Erik Karlsson D Rasmus Ristolainen G MacKenzie Blackwood UTIL Auston Matthews W William Nylander W Porter Martone W Egor Chinakhov,,,
790,5276546533,Hodges47,0,48.399998,C Auston Matthews C Trevor Zegras D Kris Letang D Tony DeAngelo G Ilya Sorokin UTIL Adrian Kempe W Gavin McKenna W Travis Konecny W Nazem Kadri,,,
791,5276635586,Gashouse3501,0,48.3,C Bo Horvat C Trevor Zegras D Jake McCabe D Jamie Drysdale G Dan Vladar UTIL Martin Necas W Porter Martone W Kyle Palmieri W Owen Tippett,,,
792,5276379359,MarcoRacin,0,48.1,C Bo Horvat C Trevor Zegras D Darren Raddysh D Morgan Rielly G Scott Wedgewood UTIL Kirill Marchenko W Martin Necas W Mats Zuccarello W Victor Eklund,,,
793,5276432154,jwclark311,0,47.499996,C Bo Horvat C Trevor Zegras D Matthew Schaefer D Adam Pelech G Dan Vladar UTIL Cale Makar W Kyle Palmieri W Tyson Foerster W Matvei Michkov,,,
794,5276618287,thegadfather,0,47.299995,C Bo Horvat C Trevor Zegras D Matthew Schaefer D Jamie Drysdale G Dan Vladar UTIL Sam Malinski W Porter Martone W Kyle Palmieri W Gabriel Landeskog,,,
795,5276230998,JLR1985,0,47,C Sidney Crosby C Tommy Novak D Erik Karlsson D Rasmus Ristolainen G Darcy Kuemper UTIL Quinton Byfield W Artemi Panarin W Rickard Rakell W Adrian Kempe,,,
795,5276234435,grantgoupil,0,47,C Sidney Crosby C Tommy Novak D Erik Karlsson D Ryan Pulock G Darcy Kuemper UTIL Quinton Byfield W Artemi Panarin W Rickard Rakell W Adrian Kempe,,,
795,5276301484,geoffm33,0,47,C Sidney Crosby C Tommy Novak D Erik Karlsson D Ryan Pulock G Darcy Kuemper UTIL Quinton Byfield W Artemi Panarin W Rickard Rakell W Adrian Kempe,,,
795,5276698813,kushep,0,47,C Quinton Byfield C Calum Ritchie D Matthew Schaefer D Brandt Clarke G Dan Vladar UTIL Martin Necas W Artemi Panarin W Adrian Kempe W Matias Maccelli,,,
799,5276691255,jayarmyjj76,0,46.899998,C Brock Nelson C Trevor Zegras D Cam York D Ryan Pulock G Dan Vladar UTIL Auston Matthews W Martin Necas W Porter Martone W Owen Tippett,,,
800,5276385705,tender37,0,46.699997,C Trevor Zegras C Quinton Byfield D Cale Makar D Brandt Clarke G Ilya Sorokin UTIL Tyson Foerster W William Nylander W Porter Martone W Matvei Michkov,,,
801,5276719257,T_Dautrich,0,46.5,C John Tavares C Trevor Zegras D Cale Makar D Jamie Drysdale G MacKenzie Blackwood UTIL Quinton Byfield W Porter Martone W Gavin McKenna W T.J. Hughes,,,
802,5276135163,Dfrazier99,0,46.199997,C Auston Matthews C Tommy Novak D Morgan Rielly D Rasmus Ristolainen G MacKenzie Blackwood UTIL Trevor Zegras W William Nylander W Porter Martone W Evgeni Malkin,,,
803,5276196208,Logans102217,0,45.500004,C Auston Matthews C Bo Horvat D Morgan Rielly D Drew Doughty G Darcy Kuemper UTIL Quinton Byfield W Artemi Panarin W Adrian Kempe W Victor Eklund,,,
803,5276423410,TheMightyE,0,45.5,C John Tavares C Quinton Byfield D Darren Raddysh D Ryan Pulock G MacKenzie Blackwood UTIL William Nylander W Adrian Kempe W Kirill Marchenko W T.J. Hughes,,,
805,5276643964,happytown79,0,45.4,C Auston Matthews C Trevor Zegras D Darren Raddysh D Brandt Clarke G Anthony Stolarz UTIL Matvei Michkov W Porter Martone W Kirill Marchenko W T.J. Hughes,,,
806,5276567200,Bengals_1999,0,45.3,C Bo Horvat C Quinton Byfield D Brandt Clarke D Adam Pelech G Darcy Kuemper UTIL Alex Laferriere W Artemi Panarin W William Nylander W Adrian Kempe,,,
807,5276088055,stock2mail,0,45.2,C Auston Matthews C John Tavares D Darren Raddysh D Jamie Drysdale G Anthony Stolarz UTIL Joel Edmundson W William Nylander W Kirill Marchenko W Tyson Foerster,,,
808,5276186170,dtapper29,0,44.899998,C Auston Matthews C Tommy Novak D Erik Karlsson D Tony DeAngelo G Darcy Kuemper UTIL Evgeni Malkin W Rickard Rakell W Kirill Marchenko W Egor Chinakhov,,,
809,5276420900,TireWoods,0,44.4,C Auston Matthews C Trevor Zegras D Darren Raddysh D Jamie Drysdale G Anthony Stolarz UTIL Tommy Novak W Porter Martone W Kirill Marchenko W Mats Zuccarello,,,
810,5276258270,aquafinatim,0,43.699997,C Bo Horvat C Quinton Byfield D Erik Karlsson D Cam York G Darcy Kuemper UTIL Artemi Panarin W Adrian Kempe W Kyle Palmieri W Simon Holmstrom,,,
811,5276108906,SinCounty,0,43.3,C Trevor Zegras C Quinton Byfield D Matthew Schaefer D Brandt Clarke G Ilya Sorokin UTIL Owen Tippett W Adrian Kempe W Kirill Marchenko W Mats Zuccarello,,,
812,5276258695,sharksfansd,0,42.999996,C Noah Cates C Calum Ritchie D Cale Makar D Brandt Clarke G Dan Vladar UTIL Porter Martone W Artemi Panarin W Adrian Kempe W Brayden Schenn,,,
813,5276513119,pete0six,0,41.999996,C Bo Horvat C Quinton Byfield D Brandt Clarke D Morgan Rielly G Darcy Kuemper UTIL Adrian Kempe W Artemi Panarin W Kyle Palmieri W Simon Holmstrom,,,
814,5276671386,eire73,0,40.699997,C Auston Matthews C Trevor Zegras D Josh Manson D Alexander Romanov G Dan Vladar UTIL Artemi Panarin W Porter Martone W Travis Konecny W Gabriel Landeskog,,,
815,5276482477,Tpick1964,0,40.6,C Bo Horvat C Trevor Zegras D Matthew Schaefer D Jamie Drysdale G Dan Vladar UTIL Nazem Kadri W Porter Martone W Kyle Palmieri W Matvei Michkov,,,
816,5276569842,Trashcona,0,40.199997,C Bo Horvat C Quinton Byfield D Brandt Clarke D Travis Sanheim G Darcy Kuemper UTIL Artemi Panarin W Adrian Kempe W Kyle Palmieri W Brayden Schenn,,,
817,5276716637,91GROUNDPOUNDER91,0,39.6,C Trevor Zegras C Calum Ritchie D Matthew Schaefer D Nick Seeler G MacKenzie Blackwood UTIL Porter Martone W Kirill Marchenko W Gabriel Landeskog W Mats Zuccarello,,,
818,5276227045,MadeFromMetal,0,39.199997,C Auston Matthews C Jean-Gabriel Pageau D Matthew Schaefer D Brandt Clarke G Dan Vladar UTIL Gabriel Landeskog W Porter Martone W Kirill Marchenko W Emil Heineman,,,
818,5276310219,Onslaught77,0,39.199997,C Trevor Zegras C Christian Dvorak D Cale Makar D Darren Raddysh G Dan Vladar UTIL Tyson Foerster W Porter Martone W Owen Tippett W Travis Konecny,,,
820,5276456581,baaaariggs,0,39,C Quinton Byfield C Christian Dvorak D Matthew Schaefer D Brandt Clarke G Dan Vladar UTIL Artemi Panarin W Adrian Kempe W Travis Konecny W Tyson Foerster,,,
821,5276460150,colaterss,0,38.4,C Trevor Zegras C Quinton Byfield D Darren Raddysh D Morgan Rielly G Dan Vladar UTIL Adrian Kempe W Artemi Panarin W Porter Martone W Matvei Michkov,,,
822,5276582791,Oliveira088,0,38.2,C Trevor Zegras C Quinton Byfield D Travis Sanheim D Drew Doughty G Dan Vladar UTIL Porter Martone W Artemi Panarin W William Nylander W Adrian Kempe,,,
823,5276377770,Rjhill34,0,37.3,C John Tavares C Trevor Zegras D Cale Makar D Alexander Romanov G Dan Vladar UTIL William Nylander W Owen Tippett W Tyson Foerster W Matvei Michkov,,,
824,5276334238,scoats85,0,37.100002,C John Tavares C Tommy Novak D Cale Makar D Brandt Clarke G Darcy Kuemper UTIL Tyson Foerster W William Nylander W Gavin McKenna W Egor Chinakhov,,,
825,5276144028,lilmink,0,36.9,C Jean-Gabriel Pageau C Hendrix Lapierre D Adam Pelech D Chris Tanev G Darcy Kuemper UTIL Sidney Crosby W Egor Chinakhov W Matvei Michkov W Matias Maccelli,,,
825,5276178690,LSUTom123,0,36.9,C Auston Matthews C John Tavares D Cale Makar D Brett Kulak G Dan Vladar UTIL Quinton Byfield W William Nylander W Matvei Michkov W T.J. Hughes,,,
827,5276617011,bgibz,0,36.399998,C Bo Horvat C Trevor Zegras D Matthew Schaefer D Jamie Drysdale G Dan Vladar UTIL Darren Raddysh W Porter Martone W Kyle Palmieri W T.J. Hughes,,,
828,5276218588,Paulo21613,0,36.2,C Auston Matthews C Trevor Zegras D Brandt Clarke D Jamie Drysdale G Anthony Stolarz UTIL Matvei Michkov W William Nylander W Porter Martone W Tyson Foerster,,,
829,5276666781,LucaButt,0,35.8,C Trevor Zegras C Calum Ritchie D Cale Makar D Brandt Clarke G Dan Vladar UTIL William Nylander W Porter Martone W Owen Tippett W Brayden Schenn,,,
830,5276614721,stupacjmu,0,35.699997,C Bo Horvat C Quinton Byfield D Matthew Schaefer D Brandt Clarke G Darcy Kuemper UTIL Adrian Kempe W Artemi Panarin W Tyson Foerster W Matias Maccelli,,,
831,5276354037,nathanb977,0,35.2,C Auston Matthews C Trevor Zegras D Rasmus Ristolainen D Adam Pelech G MacKenzie Blackwood UTIL Darren Raddysh W William Nylander W Porter Martone W Owen Tippett,,,
832,5276630136,KINSEYGR,0,35.1,C Auston Matthews C Trevor Zegras D Erik Karlsson D Cam York G Darcy Kuemper UTIL Egor Chinakhov W Porter Martone W Evgeni Malkin W Owen Tippett,,,
833,5276457844,metroc710,0,34.8,C Auston Matthews C Christian Dvorak D Matthew Schaefer D Darren Raddysh G Dan Vladar UTIL Sam Malinski W Kirill Marchenko W Tyson Foerster W Matvei Michkov,,,
834,5276147876,tolson07,0,34.2,C Auston Matthews C Calum Ritchie D Matthew Schaefer D Morgan Rielly G Darcy Kuemper UTIL Brayden Schenn W Artemi Panarin W Kirill Marchenko W Jack Roslovic,,,
835,5276524579,bleeski,0,34,C Sidney Crosby C Tommy Novak D Erik Karlsson D Brandt Clarke G Darcy Kuemper UTIL Brent Burns W William Nylander W Gavin McKenna W Owen Tippett,,,
835,5276603755,a_zone,0,34,C Auston Matthews C Tommy Novak D Darren Raddysh D Ryan Pulock G Darcy Kuemper UTIL Egor Chinakhov W William Nylander W Rickard Rakell W Kirill Marchenko,,,
837,5276702450,dlpwaldo,0,33.8,C Bo Horvat C Trevor Zegras D Matthew Schaefer D Darren Raddysh G Dan Vladar UTIL Brayden Schenn W Porter Martone W Owen Tippett W Matias Maccelli,,,
838,5276353741,lklk88088,0,33.500004,C Quinton Byfield C Christian Dvorak D Matthew Schaefer D Drew Doughty G Darcy Kuemper UTIL Artemi Panarin W Adrian Kempe W Travis Konecny W Tyson Foerster,,,
839,5276628737,WhitakerIII,0,32.7,C Auston Matthews C Trevor Zegras D Darren Raddysh D Drew Doughty G Darcy Kuemper UTIL Trevor Moore W Porter Martone W Kirill Marchenko W Owen Tippett,,,
840,5276303525,bjnfan,0,32.6,C Bo Horvat C Calum Ritchie D Matthew Schaefer D Erik Karlsson G Darcy Kuemper UTIL Adrian Kempe W Porter Martone W Owen Tippett W Matias Maccelli,,,
841,5276400869,redstiv72,0,31.899998,C Bo Horvat C Trevor Zegras D Brandt Clarke D Ryan Pulock G Dan Vladar UTIL Adrian Kempe W Porter Martone W Owen Tippett W Travis Konecny,,,
842,5276214178,mdp128,0,31.8,C Auston Matthews C Quinton Byfield D Brandt Clarke D Adam Pelech G Darcy Kuemper UTIL Jack Roslovic W Artemi Panarin W Adrian Kempe W Kirill Marchenko,,,
843,5276718625,boosch,0,31.7,C John Tavares C Noah Cates D Darren Raddysh D Tony DeAngelo G Dan Vladar UTIL William Nylander W Kirill Marchenko W Travis Konecny W Gabriel Landeskog,,,
844,5276137466,dpepperfield,0,31.5,C John Tavares C Casey Cizikas D Cale Makar D Matthew Schaefer G Dan Vladar UTIL Victor Eklund W William Nylander W Porter Martone W Matvei Michkov,,,
844,5276692613,kylemtz,0,31.5,C Auston Matthews C Noah Cates D Brandt Clarke D Morgan Rielly G Scott Wedgewood UTIL Tyson Foerster W Porter Martone W Kirill Marchenko W Jack Roslovic,,,
846,5276348615,Steven_1974,0,31.399998,C Trevor Zegras C Quinton Byfield D Erik Karlsson D Logan Stanley G Darcy Kuemper UTIL Artemi Panarin W Rickard Rakell W Porter Martone W Adrian Kempe,,,
847,5276688160,Mirth,0,31.199997,C Bo Horvat C Quinton Byfield D Brandt Clarke D Jamie Drysdale G Darcy Kuemper UTIL Mats Zuccarello W Artemi Panarin W Adrian Kempe W Travis Konecny,,,
848,5276303821,anbob,0,30.5,C Auston Matthews C Quinton Byfield D Alexander Romanov D Chris Tanev G Darcy Kuemper UTIL Ryan Pulock W Artemi Panarin W William Nylander W Adrian Kempe,,,
849,5276333345,dlbell5848,0,29.8,C Auston Matthews C Quinton Byfield D Darren Raddysh D Morgan Rielly G Darcy Kuemper UTIL Kirill Marchenko W William Nylander W Jack Roslovic W Matvei Michkov,,,
850,5276378252,DJsPath23,0,29.400002,C Trevor Zegras C Quinton Byfield D Erik Karlsson D Jamie Drysdale G Darcy Kuemper UTIL Adrian Kempe W Artemi Panarin W Porter Martone W Owen Tippett,,,
850,5276423064,Bsaun32,0,29.400002,C Trevor Zegras C Quinton Byfield D Erik Karlsson D Jamie Drysdale G Darcy Kuemper UTIL Artemi Panarin W Porter Martone W Adrian Kempe W Owen Tippett,,,
852,5276407242,THAKZZA,0,28.899998,C Sidney Crosby C Trevor Zegras D Darren Raddysh D Brandt Clarke G Darcy Kuemper UTIL Owen Tippett W Gavin McKenna W Travis Konecny W Jack Roslovic,,,
853,5276359666,akknowledge,0,28.8,C Auston Matthews C Quinton Byfield D Jamie Drysdale D Declan Carlile G Darcy Kuemper UTIL Brandt Clarke W Artemi Panarin W William Nylander W Adrian Kempe,,,
854,5276706116,clary24,0,28.100002,C Sidney Crosby C Trevor Zegras D Erik Karlsson D Erik Gustafsson G Darcy Kuemper UTIL Quinton Byfield W Rickard Rakell W Porter Martone W Adrian Kempe,,,
855,5276329916,BakedKarma,0,27,C Auston Matthews C Bo Horvat D Matthew Schaefer D Adam Pelech G Darcy Kuemper UTIL Brandt Clarke W Kyle Palmieri W Owen Tippett W Simon Holmstrom,,,
856,5276391365,Pcors,0,26.900002,C John Tavares C Trevor Zegras D Matthew Schaefer D Darren Raddysh G Dan Vladar UTIL Alex Turcotte W William Nylander W Gavin McKenna W Matvei Michkov,,,
856,5276434778,Dmerkel1980,0,26.899998,C Sidney Crosby C Trevor Zegras D Drew Doughty D Rasmus Ristolainen G Darcy Kuemper UTIL Gavin McKenna W Artemi Panarin W Porter Martone W Adrian Kempe,,,
858,5276617696,djsage,0,26.399998,C Auston Matthews C Trevor Zegras D Darren Raddysh D Tony DeAngelo G Darcy Kuemper UTIL Erik Karlsson W Porter Martone W Travis Konecny W Egor Chinakhov,,,
859,5276680669,hannasch90,0,26.3,C Auston Matthews C Quinton Byfield D Darren Raddysh D Rasmus Ristolainen G Darcy Kuemper UTIL Porter Martone W Kirill Marchenko W Owen Tippett W Jack Roslovic,,,
860,5276374765,mrclean913,0,26.000002,C Auston Matthews C Christian Dvorak D Darren Raddysh D Ryan Pulock G Dan Vladar UTIL William Nylander W Kirill Marchenko W Travis Konecny W Tyson Foerster,,,
861,5276684901,bhess777,0,24.7,C Auston Matthews C Christian Dvorak D Darren Raddysh D Logan Stanley G Dan Vladar UTIL William Nylander W Kirill Marchenko W Travis Konecny W Tyson Foerster,,,
862,5276257414,love245555,0,24,C Trevor Zegras C Quinton Byfield D Darren Raddysh D Ryan Pulock G Darcy Kuemper UTIL Artemi Panarin W William Nylander W Porter Martone W Adrian Kempe,,,
862,5276656292,renegade,0,23.999996,C Auston Matthews C Quinton Byfield D Ryan Pulock D Joel Edmundson G Darcy Kuemper UTIL Adrian Kempe W Artemi Panarin W William Nylander W Kirill Marchenko,,,
864,5276705291,Zverneris7,0,23.900002,C Auston Matthews C Trevor Zegras D Travis Sanheim D Brent Burns G Dan Vladar UTIL Calum Ritchie W William Nylander W Porter Martone W Kirill Marchenko,,,
865,5276432551,dankretnuh,0,23.8,C Auston Matthews C John Tavares D Brandt Clarke D Cam York G Darcy Kuemper UTIL Victor Eklund W William Nylander W Kirill Marchenko W Alex Laferriere,,,
866,5276458020,JRoberts2,0,21.900002,C John Tavares C Trevor Zegras D Matthew Schaefer D Jamie Drysdale G Dan Vladar UTIL T.J. Hughes W William Nylander W Gavin McKenna W Owen Tippett,,,
867,5276162429,tbjones2121,0,21.399998,C Auston Matthews C Trevor Zegras D Morgan Rielly D Drew Doughty G Darcy Kuemper UTIL Adrian Kempe W Porter Martone W Owen Tippett W Travis Konecny,,,
868,5276553207,bosox0412,0,21.1,C Auston Matthews C Christian Dvorak D Brandt Clarke D Jamie Drysdale G Dan Vladar UTIL Quinton Byfield W William Nylander W Porter Martone W Tyson Foerster,,,
869,5276133090,Elwaysarmy,0,20.900002,C Auston Matthews C Trevor Zegras D Darren Raddysh D Joel Edmundson G Darcy Kuemper UTIL Adrian Kempe W William Nylander W Kirill Marchenko W Jack Roslovic,,,
870,5276324752,ajlehman10,0,19.2,C Auston Matthews C Trevor Zegras D Darren Raddysh D Brandt Clarke G Darcy Kuemper UTIL Brayden Schenn W Gavin McKenna W Kirill Marchenko W Jack Roslovic,,,
871,5276266080,krisnegus,0,18.3,C John Tavares C Quinton Byfield D Darren Raddysh D Brandt Clarke G Darcy Kuemper UTIL Jean-Gabriel Pageau W William Nylander W Gavin McKenna W Adrian Kempe,,,
872,5276701302,MikeyPants,0,17.099998,C Auston Matthews C Trevor Zegras D Matthew Schaefer D Jamie Drysdale G Darcy Kuemper UTIL Matvei Michkov W Porter Martone W Kirill Marchenko W Egor Chinakhov,,,
873,5276367975,colbyhornet,0,16.8,C Auston Matthews C Christian Dvorak D Darren Raddysh D Alexander Romanov G Darcy Kuemper UTIL John Tavares W William Nylander W Travis Konecny W Tyson Foerster,,,
874,5276218017,kyle.keefer14,0,15.099999,C John Tavares C Trevor Zegras D Travis Sanheim D Tony DeAngelo G Darcy Kuemper UTIL Owen Tippett W William Nylander W Rickard Rakell W Gavin McKenna,,,
875,5276686614,GordonFreeman1115,0,13.999999,C Auston Matthews C Calum Ritchie D Matthew Schaefer D Jamie Drysdale G Darcy Kuemper UTIL Darren Raddysh W William Nylander W Gavin McKenna W Alex Bump,,,
876,5276181705,AverageTuesday,0,13.8,C John Tavares C Quinton Byfield D Brandt Clarke D Jamie Drysdale G Darcy Kuemper UTIL Adrian Kempe W William Nylander W Kirill Marchenko W Mats Zuccarello,,,
877,5276306005,stayeduptolate,0,13.599999,C John Tavares C Trevor Zegras D Travis Sanheim D Jamie Drysdale G Darcy Kuemper UTIL Rickard Rakell W William Nylander W Porter Martone W Owen Tippett,,,
878,5276269012,Chadg20,0,10.599999,C John Tavares C Trevor Zegras D Travis Sanheim D Jamie Drysdale G Darcy Kuemper UTIL Rickard Rakell W William Nylander W Porter Martone W Travis Konecny,,,
879,5276469318,ewingoakley,0,8.900001,C Auston Matthews C Trevor Zegras D Erik Karlsson D Jamie Drysdale G Darcy Kuemper UTIL Matvei Michkov W William Nylander W Porter Martone W Tyson Foerster,,,
880,5276188769,Cfw828,0,0,,,,
880,5276208821,cliffr03690,0,0,,,,
880,5276310168,Basil316,0,0,,,,
880,5276426830,micahw4,0,0,,,,
880,5276467213,capitanfuton,0,0,,,,
880,5276470335,coaler24,0,0,,,,
880,5276507308,charles52,0,0,,,,
880,5276532707,tcordw1,0,0,,,,
880,5276606955,dealin21,0,0,,,,
880,5276645594,sweeptheleg,0,0,,,,
880,5276675325,beaukieser919,0,0,,,,
880,5276691448,rcounts21,0,0,,,,
