Rank,EntryId,EntryName,TimeRemaining,Points,Lineup,,Player,Roster Position,%Drafted,FPTS
1,5257808053,JadedinMaine (10/17),0,181.55,1B Willson Contreras 2B Justin Foscue 3B Alex Bregman C Elias Diaz OF Pete Crow-Armstrong OF Wyatt Langford OF Ezequiel Duran P Shota Imanaga P Daniel Lynch IV SS Corey Seager,,Shota Imanaga,P,40.85%,29.1
2,5257820550,kornbills,0,178.5,1B Josh Naylor 2B Ketel Marte 3B Josh Jung C Gabriel Moreno OF Pete Crow-Armstrong OF Wyatt Langford OF Lars Nootbaar P Shota Imanaga P Chris Bassitt SS Bobby Witt Jr.,,George Kirby,P,31.54%,9.75
3,5257819762,ggone400,0,174.5,1B Michael Busch 2B Pedro Ramirez 3B Alex Bregman C Moises Ballesteros OF Pete Crow-Armstrong OF Randy Arozarena OF Julio Rodriguez P Shota Imanaga P Chris Bassitt SS Isiah Kiner-Falefa,,Dustin Harris,OF,30.19%,17
4,5257808506,Jbruv2Lit (1/2),0,169.15,1B Pete Alonso 2B Xavier Edwards 3B Christian Encarnacion-Strand C Samuel Basallo OF Pete Crow-Armstrong OF Seiya Suzuki OF Ian Happ P Yusei Kikuchi P Chris Bassitt SS Zach Neto,,Jackson Merrill,OF,29.07%,11
5,5257798224,awen419 (16/20),0,168.5,1B Vinnie Pasquantino 2B Michael Massey 3B Vaughn Grissom C Carter Jensen OF Pete Crow-Armstrong OF Mike Trout OF John Rave P Shota Imanaga P Chris Bassitt SS Zach Neto,,Yusei Kikuchi,P,27.38%,3.75
6,5257814233,JadedinMaine (17/17),0,163.55,1B Josh Naylor 2B Cole Young 3B Kyle Karros C Cal Raleigh OF Pete Crow-Armstrong OF Randy Arozarena OF Taylor Ward P Shota Imanaga P Daniel Lynch IV SS Cole Carrigg,,Cristian Javier,P,24.47%,7.2
7,5257813942,tpyo (6/20),0,161.3,1B Michael Busch 2B Adam Frazier 3B Alex Bregman C Carson Kelly OF Pete Crow-Armstrong OF Randy Arozarena OF Seiya Suzuki P Robbie Ray P Chris Bassitt SS J.P. Crawford,,Gabriel Moreno,C,21.10%,22
8,5257817828,dgkb (3/20),0,159.5,1B Ty France 2B Fernando Tatis Jr. 3B Christian Encarnacion-Strand C Moises Ballesteros OF Jackson Merrill OF Samad Taylor OF Dustin Harris P Merrill Kelly P Chris Bassitt SS Zach Neto,,Lars Nootbaar,OF,20.20%,2
9,5257818015,Chunkyblue,0,157.85,1B Ty France 2B Michael Massey 3B Caleb Durbin C Sean Murphy OF Pete Crow-Armstrong OF Ian Happ OF Dustin Harris P George Kirby P Shota Imanaga SS Jeremy Pena,,Manny Machado,3B,20.09%,5
10,5257817829,dgkb (4/20),0,157.5,1B Kyle Stowers 2B Xavier Edwards 3B Javier Sanoja C Cal Raleigh OF Pete Crow-Armstrong OF Julio Rodriguez OF Heriberto Hernandez P Jake Bennett P Chris Bassitt SS Otto Lopez,,Jake Bennett,P,19.42%,13.1
11,5257804950,Mouse4,0,157.2,1B Pete Alonso 2B Connor Norby 3B Caleb Durbin C Ethan Salas OF Pete Crow-Armstrong OF Wyatt Langford OF Dylan Beavers P Shota Imanaga P Jake Bennett SS Ha-Seong Kim,,Fernando Tatis Jr.,2B,19.19%,4
12,5257808084,JadedinMaine (12/17),0,156.55,1B Willson Contreras 2B Jake Cronenworth 3B Manny Machado C Gabriel Moreno OF Jackson Merrill OF Samad Taylor OF Dustin Harris P Shota Imanaga P Daniel Lynch IV SS Trevor Story,,Pete Alonso,1B,18.18%,14
13,5257788908,peterjpacheco (1/6),0,156.2,1B Josh Naylor 2B Adael Amador 3B Isaac Paredes C Gabriel Moreno OF Pete Crow-Armstrong OF A.J. Ewing OF Lars Nootbaar P Shota Imanaga P Jake Bennett SS Otto Lopez,,Juan Soto,OF,17.17%,0
14,5257813125,yellow47,0,155.85,1B Pete Alonso 2B Ozzie Albies 3B Christian Encarnacion-Strand C Gabriel Moreno OF Carson Benge OF A.J. Ewing OF Jeremiah Jackson P George Kirby P Shota Imanaga SS Mauricio Dubon,,Ketel Marte,2B,16.84%,3
15,5257813939,tpyo (3/20),0,155.5,1B Michael Busch 2B Isiah Kiner-Falefa 3B Alex Bregman C Carson Kelly OF Pete Crow-Armstrong OF Ronald Acuna Jr. OF Seiya Suzuki P Shota Imanaga P Chris Bassitt SS Ha-Seong Kim,,Isaac Paredes,3B,16.72%,2
16,5257818668,SeanyB231 (18/19),0,154.15,1B Pete Alonso 2B Jeremiah Jackson 3B Christian Encarnacion-Strand C Samuel Basallo OF Wilyer Abreu OF Samad Taylor OF Colton Cowser P George Kirby P Chris Bassitt SS Bobby Witt Jr.,,Corbin Carroll,OF,16.72%,0
17,5257789459,jp198721,0,153.5,1B Michael Busch 2B Nick Loftin 3B Alex Bregman C Gabriel Moreno OF Fernando Tatis Jr. OF Wyatt Langford OF Ian Happ P Shota Imanaga P Chris Bassitt SS Mauricio Dubon,,Ty France,1B,16.16%,9
18,5257790612,FoxyGrandpa252 (11/20),0,148.85,1B Jake Burger 2B Justin Foscue 3B Josh Jung C Yainer Diaz OF Pete Crow-Armstrong OF Yordan Alvarez OF Cam Smith P Shota Imanaga P Yusei Kikuchi SS Jeremy Pena,,MacKenzie Gore,P,16.16%,0
18,5257812681,jpeters6 (12/20),0,148.85,1B Ty France 2B Jeremiah Jackson 3B Kyle Karros C Ethan Salas OF Jackson Merrill OF Jake McCarthy OF Dustin Harris P Shota Imanaga P Yusei Kikuchi SS Xander Bogaerts,,Francisco Lindor,SS,14.81%,3
20,5257790603,FoxyGrandpa252 (2/20),0,147.85,1B Pete Alonso 2B Michael Massey 3B Christian Encarnacion-Strand C Samuel Basallo OF Yordan Alvarez OF Dylan Beavers OF Jeremiah Jackson P Shota Imanaga P Yusei Kikuchi SS Bobby Witt Jr.,,Pete Crow-Armstrong,OF,13.58%,42
21,5257813949,tpyo (13/20),0,147.5,1B Michael Busch 2B Adael Amador 3B Alex Bregman C Carson Kelly OF Pete Crow-Armstrong OF Seiya Suzuki OF Troy Johnston P Shota Imanaga P Chris Bassitt SS Ha-Seong Kim,,Fernando Tatis Jr.,OF,12.46%,4
22,5257820545,bigkt007,0,144.95,1B Jared Young 2B Jose Altuve 3B Alex Bregman C Gabriel Moreno OF Pete Crow-Armstrong OF Yordan Alvarez OF A.J. Ewing P Yusei Kikuchi P Cristian Javier SS Jeremy Pena,,Jeremy Pena,SS,12.35%,11
23,5257804199,rills (19/20),0,144.85,1B Kyle Stowers 2B Xavier Edwards 3B Kyle Karros C Cal Raleigh OF Julio Rodriguez OF Griffin Conine OF Jakob Marsee P George Kirby P Shota Imanaga SS Otto Lopez,,Yainer Diaz,C,11.67%,17
24,5257815699,JohnAnthony305,0,144.3,1B Pete Alonso 2B Brett Baty 3B Christian Encarnacion-Strand C Samuel Basallo OF Pete Crow-Armstrong OF Carson Benge OF Dylan Beavers P Shota Imanaga P Cristian Javier SS Gunnar Henderson,,Dylan Beavers,OF,11.22%,0
25,5257803267,ZVIYI,0,144.2,1B Josh Naylor 2B Xavier Edwards 3B Josh Jung C Adley Rutschman OF Pete Crow-Armstrong OF Wyatt Langford OF Cam Smith P Shota Imanaga P Jake Bennett SS Geraldo Perdomo,,Robbie Ray,P,11.00%,19.9
26,5257793179,Elwaysarmy (10/20),0,143.95,1B Jake Burger 2B Ketel Marte 3B Alex Bregman C Yainer Diaz OF Pete Crow-Armstrong OF Julio Rodriguez OF Jahmai Jones P George Kirby P Cristian Javier SS Francisco Lindor,,Yordan Alvarez,OF,10.66%,5
27,5257808717,jhendricks75,0,143.5,1B Willson Contreras 2B Ozzie Albies 3B Kyle Karros C Cal Raleigh OF Randy Arozarena OF Mike Trout OF Taylor Ward P Shota Imanaga P Chris Bassitt SS Otto Lopez,,Randy Arozarena,OF,10.44%,13
28,5257805103,kwidow13 (2/2),0,142.9,1B Kyle Stowers 2B Adam Frazier 3B Christian Encarnacion-Strand C Adley Rutschman OF Pete Crow-Armstrong OF Samad Taylor OF A.J. Ewing P Robbie Ray P MacKenzie Gore SS Jeremy Pena,,Carson Benge,OF,10.44%,0
29,5257808312,mdscott27 (17/20),0,142.85,1B Pete Alonso 2B Jeremiah Jackson 3B Christian Encarnacion-Strand C Cal Raleigh OF Randy Arozarena OF Julio Rodriguez OF Rece Hinds P George Kirby P Merrill Kelly SS J.P. Crawford,,Chris Bassitt,P,10.44%,25.4
30,5257798212,awen419 (4/20),0,142.2,1B Vinnie Pasquantino 2B Michael Massey 3B Nick Loftin C Cal Raleigh OF Randy Arozarena OF Julio Rodriguez OF John Rave P Shota Imanaga P Jake Bennett SS Bobby Witt Jr.,,Cal Raleigh,C,9.76%,18
30,5257813952,tpyo (16/20),0,142.2,1B Michael Busch 2B Isiah Kiner-Falefa 3B Alex Bregman C Luis Torrens OF Pete Crow-Armstrong OF Seiya Suzuki OF Ian Happ P Shota Imanaga P Merrill Kelly SS Trevor Story,,Kyle Karros,3B,9.76%,18
32,5257817844,dgkb (19/20),0,141.85,1B Jake Burger 2B Ketel Marte 3B Nolan Arenado C Gabriel Moreno OF Pete Crow-Armstrong OF Seiya Suzuki OF Lars Nootbaar P Shota Imanaga P Yusei Kikuchi SS Geraldo Perdomo,,Coby Mayo,3B,9.20%,4
33,5257797545,Threewishes4me,0,141.65001,1B Pete Alonso 2B Pedro Ramirez 3B Alex Bregman C Carson Kelly OF Pete Crow-Armstrong OF A.J. Ewing OF Lars Nootbaar P Shota Imanaga P Xzavion Curry SS Francisco Lindor,,Jose Altuve,2B,8.98%,3
34,5257814249,sprtwlf (5/8),0,141.6,1B Moises Ballesteros 2B Fernando Tatis Jr. 3B Kyle Karros C Gabriel Moreno OF Pete Crow-Armstrong OF Jackson Merrill OF Wade Meckler P Cristian Javier P Chris Bassitt SS Cole Carrigg,,Geraldo Perdomo,SS,8.98%,5
35,5257819316,winttinndiddit,0,141.2,1B Kyle Stowers 2B Justin Foscue 3B Alex Bregman C Samuel Basallo OF Jackson Merrill OF Jordan Beck OF Josh Lowe P Shota Imanaga P Jake Bennett SS Jeremy Pena,,Carter Jensen,C,8.75%,9
36,5257812263,Moss_Boss.1 (1/3),0,140.5,1B Michael Busch 2B Jeremiah Jackson 3B Coby Mayo C Carson Kelly OF Pete Crow-Armstrong OF Ronald Acuna Jr. OF Wade Meckler P Shota Imanaga P Chris Bassitt SS Gunnar Henderson,,Connor Norby,2B,8.75%,9
37,5257790615,FoxyGrandpa252 (14/20),0,140.15,1B Pete Alonso 2B Fernando Tatis Jr. 3B Christian Encarnacion-Strand C Samuel Basallo OF Samad Taylor OF Rece Hinds OF Colton Cowser P George Kirby P Chris Bassitt SS Xander Bogaerts,,Gunnar Henderson,SS,8.53%,0
38,5257797692,Trebliw,0,139.85,1B Jared Young 2B Justin Foscue 3B Caleb Durbin C Gabriel Moreno OF Jake McCarthy OF Heriberto Hernandez OF Dustin Harris P George Kirby P Shota Imanaga SS Bobby Witt Jr.,,Julio Rodriguez,OF,8.53%,15
39,5257806624,Frehr,0,138.85,1B Pete Alonso 2B Adael Amador 3B Caleb Durbin C Gabriel Moreno OF Pete Crow-Armstrong OF Michael Harris II OF Brandon Nimmo P Jake Bennett P Yusei Kikuchi SS Mauricio Dubon,,Merrill Kelly,P,8.42%,17.1
40,5257793175,Elwaysarmy (6/20),0,137.85,1B Pete Alonso 2B Ketel Marte 3B Christian Encarnacion-Strand C Carter Jensen OF Pete Crow-Armstrong OF Dylan Beavers OF Colton Cowser P Merrill Kelly P Yusei Kikuchi SS Bobby Witt Jr.,,Bobby Witt Jr.,SS,8.42%,9
40,5257811204,GunRanger (4/8),0,137.85,1B Jake Cronenworth 2B Isiah Kiner-Falefa 3B Kyle Karros C Ethan Salas OF Fernando Tatis Jr. OF Jackson Merrill OF Dustin Harris P Shota Imanaga P Yusei Kikuchi SS Zach Neto,,Kyle Stowers,1B,8.31%,5
42,5257817834,dgkb (9/20),0,137.3,1B Ty France 2B Jose Altuve 3B Manny Machado C Yainer Diaz OF Jackson Merrill OF Samad Taylor OF Dustin Harris P Robbie Ray P Chris Bassitt SS Jeremy Pena,,Samuel Basallo,C,7.97%,19
43,5257808104,Choker12 (4/5),0,137,1B Michael Busch 2B Pedro Ramirez 3B Christian Encarnacion-Strand C Gabriel Moreno OF Julio Rodriguez OF Carson Benge OF Dominic Canzone P Shota Imanaga P Robbie Ray SS Francisco Lindor,,Cole Carrigg,SS,7.41%,0
44,5257819452,Jeter2333 (15/16),0,135.85,1B Ty France 2B Cole Young 3B Kyle Karros C Gabriel Moreno OF Randy Arozarena OF Julio Rodriguez OF Dominic Canzone P George Kirby P Shota Imanaga SS J.P. Crawford,,A.J. Ewing,OF,6.96%,11
45,5257813945,tpyo (9/20),0,135.2,1B Pete Alonso 2B Cole Young 3B Weston Wilson C Ethan Salas OF Fernando Tatis Jr. OF Randy Arozarena OF Dustin Harris P Shota Imanaga P Merrill Kelly SS J.P. Crawford,,Jahmai Jones,OF,6.73%,0
46,5257815387,jc000000,0,134.5,1B Christian Walker 2B Fernando Tatis Jr. 3B Kyle Karros C Yainer Diaz OF Yordan Alvarez OF Jackson Merrill OF Dustin Harris P Shota Imanaga P Chris Bassitt SS Trevor Story,,Vinnie Pasquantino,1B,6.62%,2
47,5257813950,tpyo (14/20),0,134.1,1B Jared Young 2B Marcus Semien 3B Weston Wilson C Cal Raleigh OF Pete Crow-Armstrong OF Randy Arozarena OF Dominic Canzone P Shota Imanaga P MacKenzie Gore SS J.P. Crawford,,Michael Busch,1B,6.51%,4
48,5257804198,rills (18/20),0,133.85,1B Josh Naylor 2B Connor Norby 3B Kyle Karros C Cal Raleigh OF Jake McCarthy OF Randy Arozarena OF Dominic Canzone P George Kirby P Merrill Kelly SS J.P. Crawford,,Connor Norby,3B,6.51%,9
49,5257798225,awen419 (17/20),0,133.6,1B Pete Alonso 2B Fernando Tatis Jr. 3B Christian Encarnacion-Strand C Cal Raleigh OF Randy Arozarena OF Julio Rodriguez OF Dylan Beavers P Cristian Javier P Chris Bassitt SS J.P. Crawford,,Ethan Salas,C,6.40%,30
50,5257811150,Gone_Gold (1/3),0,133.5,1B Ty France 2B Fernando Tatis Jr. 3B Nolan Arenado C Gabriel Moreno OF Jackson Merrill OF Samad Taylor OF Josh Lowe P Merrill Kelly P Chris Bassitt SS Xander Bogaerts,,Braxton Fulford,C,6.40%,2
51,5257808095,JunniaSr (2/2),0,133.3,1B Pete Alonso 2B Pedro Ramirez 3B Isaac Paredes C Carson Kelly OF Pete Crow-Armstrong OF Dominic Canzone OF Taylor Ward P Shota Imanaga P Cristian Javier SS Zach Neto,,Adael Amador,2B,6.29%,2
52,5257817842,dgkb (17/20),0,133.15,1B Pete Alonso 2B Javier Sanoja 3B Coby Mayo C Samuel Basallo OF Pete Crow-Armstrong OF Heriberto Hernandez OF Dylan Beavers P George Kirby P Chris Bassitt SS Gunnar Henderson,,Jared Young,1B,6.29%,7
53,5257812136,skinznfinz86,0,131.5,1B Kyle Stowers 2B Connor Norby 3B Coby Mayo C Gabriel Moreno OF Pete Crow-Armstrong OF Corbin Carroll OF Griffin Conine P Jake Bennett P Chris Bassitt SS Jeremy Pena,,J.P. Crawford,SS,6.29%,7
53,5257818592,SeanyB231 (16/19),0,131.5,1B Matt Olson 2B Ozzie Albies 3B Christian Encarnacion-Strand C Samuel Basallo OF Ronald Acuna Jr. OF Corbin Carroll OF Michael Harris II P Jake Bennett P Chris Bassitt SS Mauricio Dubon,,Ozzie Albies,2B,6.06%,7
55,5257812674,jpeters6 (5/20),0,131.3,1B Griffin Conine 2B Fernando Tatis Jr. 3B Manny Machado C Ethan Salas OF Heriberto Hernandez OF Dustin Harris OF Jakob Marsee P Jake Bennett P Cristian Javier SS Otto Lopez,,Justin Foscue,2B,5.95%,12
56,5257790534,newjammy (11/20),0,131.1,1B Ty France 2B Justin Foscue 3B Kyle Karros C Braxton Fulford OF Pete Crow-Armstrong OF Jackson Merrill OF Jordan Beck P Shota Imanaga P MacKenzie Gore SS Ezequiel Tovar,,Christian Walker,1B,5.84%,0
57,5257811064,Mr.Jay17,0,130.95,1B Michael Busch 2B Connor Norby 3B Kyle Karros C Gabriel Moreno OF Pete Crow-Armstrong OF Jackson Merrill OF Jake McCarthy P Yusei Kikuchi P Cristian Javier SS Geraldo Perdomo,,Willson Contreras,1B,5.84%,18
58,5257812265,Moss_Boss.1 (3/3),0,130.65,1B Ty France 2B Jake Cronenworth 3B Kyle Karros C Cal Raleigh OF Randy Arozarena OF A.J. Ewing OF Mauricio Dubon P George Kirby P Robbie Ray SS J.P. Crawford,,Xander Bogaerts,SS,5.84%,6
58,5257817802,dgkb (1/20),0,130.65,1B Kyle Stowers 2B Xavier Edwards 3B Javier Sanoja C Cal Raleigh OF Randy Arozarena OF Heriberto Hernandez OF Jakob Marsee P George Kirby P Robbie Ray SS J.P. Crawford,,Ezequiel Tovar,SS,5.72%,3
60,5257801967,Link2121,0,130.6,1B Pete Alonso 2B Adam Frazier 3B Vaughn Grissom C Moises Ballesteros OF Fernando Tatis Jr. OF Pete Crow-Armstrong OF Mike Trout P Cristian Javier P Chris Bassitt SS Zach Neto,,Dominic Canzone,OF,5.72%,11
61,5257814673,Shamil09,0,130.3,1B Pete Alonso 2B Javier Sanoja 3B Josh Rojas C Luis Torrens OF Pete Crow-Armstrong OF Yordan Alvarez OF Randy Arozarena P Shota Imanaga P Cristian Javier SS Trevor Story,,Jake Cronenworth,1B,5.61%,8
62,5257811505,Moneybag4330,0,130.2,1B Pete Alonso 2B Jeremiah Jackson 3B Ezequiel Duran C Cal Raleigh OF Randy Arozarena OF Tim Tawa OF Josh Lowe P Shota Imanaga P Jake Bennett SS Zach Neto,,Jake McCarthy,OF,5.50%,9
63,5257793173,Elwaysarmy (4/20),0,129.85,1B Vinnie Pasquantino 2B Jose Altuve 3B Connor Norby C Gabriel Moreno OF Yordan Alvarez OF Dustin Harris OF Jakob Marsee P Shota Imanaga P Yusei Kikuchi SS Bobby Witt Jr.,,Cole Carrigg,OF,5.50%,0
63,5257798210,awen419 (2/20),0,129.85,1B Salvador Perez 2B Connor Norby 3B Kyle Karros C Cal Raleigh OF Randy Arozarena OF Julio Rodriguez OF Dominic Canzone P George Kirby P Shota Imanaga SS J.P. Crawford,,Jordan Beck,OF,5.39%,5
65,5257813647,elipin (2/2),0,129.2,1B Moises Ballesteros 2B Michael Massey 3B Kyle Karros C Yainer Diaz OF Yordan Alvarez OF Mike Trout OF Wade Meckler P Shota Imanaga P Jake Bennett SS Bobby Witt Jr.,,Zach Neto,SS,5.05%,17
66,5257811597,Tmoney1975,0,129.1,1B Pete Alonso 2B Adael Amador 3B Nolan Arenado C Carson Kelly OF Pete Crow-Armstrong OF Michael Harris II OF A.J. Ewing P Robbie Ray P Cristian Javier SS Francisco Lindor,,Jake Cronenworth,2B,4.83%,8
67,5257819446,Jeter2333 (9/16),0,128.5,1B Ty France 2B Fernando Tatis Jr. 3B Connor Norby C Braxton Fulford OF Jackson Merrill OF Samad Taylor OF Dustin Harris P Shota Imanaga P Chris Bassitt SS Ezequiel Tovar,,Adley Rutschman,C,4.83%,0
68,5257790127,farris5214 (1/2),0,128.35,1B Ty France 2B Ketel Marte 3B Christian Encarnacion-Strand C Carter Jensen OF Wyatt Langford OF Julio Rodriguez OF Michael Harris II P Robbie Ray P Daniel Lynch IV SS Bobby Witt Jr.,,Ronald Acuna Jr.,OF,4.83%,10
69,5257806153,Allshooters,0,128.2,1B Vinnie Pasquantino 2B Ketel Marte 3B Connor Norby C Gabriel Moreno OF Pete Crow-Armstrong OF Josh Lowe OF Lars Nootbaar P Shota Imanaga P Jake Bennett SS Francisco Lindor,,Drake Baldwin,C,4.71%,0
70,5257797638,Droogy,0,127.85,1B Vinnie Pasquantino 2B Fernando Tatis Jr. 3B Vaughn Grissom C Cal Raleigh OF Pete Crow-Armstrong OF Ronald Acuna Jr. OF Ian Happ P Chris Bassitt P Daniel Lynch IV SS Nico Hoerner,,Christian Encarnacion-Strand,3B,4.49%,30
70,5257812282,midtownboozer,0,127.85,1B Vinnie Pasquantino 2B Xavier Edwards 3B Nolan Arenado C Gabriel Moreno OF Pete Crow-Armstrong OF Dylan Beavers OF Jesus Sanchez P George Kirby P Merrill Kelly SS Bobby Witt Jr.,,Cam Smith,OF,4.38%,0
72,5257819171,Burzerkers1 (3/3),0,127.65,1B Pavin Smith 2B Ketel Marte 3B Josh Jung C Samuel Basallo OF Jackson Merrill OF Corbin Carroll OF Jakob Marsee P George Kirby P Robbie Ray SS Francisco Lindor,,Joe Mack,C,4.15%,0
73,5257797253,Chynasexy87,0,127.3,1B Pete Alonso 2B Fernando Tatis Jr. 3B Coby Mayo C Samuel Basallo OF Ezequiel Duran OF A.J. Ewing OF Dustin Harris P Robbie Ray P Chris Bassitt SS Xander Bogaerts,,Taylor Ward,OF,4.15%,0
73,5257798226,awen419 (18/20),0,127.3,1B Michael Busch 2B Connor Norby 3B Kyle Karros C Braxton Fulford OF Pete Crow-Armstrong OF Jake McCarthy OF Seiya Suzuki P Shota Imanaga P Cristian Javier SS Ezequiel Tovar,,Heriberto Hernandez,OF,4.04%,14
73,5257802343,Choker12 (3/5),0,127.3,1B Michael Busch 2B Pedro Ramirez 3B Isaac Paredes C Yainer Diaz OF Pete Crow-Armstrong OF Yordan Alvarez OF Michael Conforto P Shota Imanaga P Cristian Javier SS Jeremy Pena,,Bo Bichette,3B,4.04%,3
76,5257808380,RavensLazer,0,126.6,1B Pete Alonso 2B Ketel Marte 3B Coby Mayo C Moises Ballesteros OF Pete Crow-Armstrong OF Ronald Acuna Jr. OF Corbin Carroll P Cristian Javier P Chris Bassitt SS Jeremy Pena,,Griffin Conine,OF,3.93%,0
77,5257785343,coastrat69,0,126.3,1B Michael Busch 2B Jose Altuve 3B Isaac Paredes C Yainer Diaz OF Pete Crow-Armstrong OF Yordan Alvarez OF Brandon Nimmo P Shota Imanaga P Cristian Javier SS Trevor Story,,Nolan Arenado,3B,3.93%,17
78,5257800040,traderchris20 (1/2),0,126.15,1B Pete Alonso 2B Adael Amador 3B Christian Encarnacion-Strand C Cal Raleigh OF Jake McCarthy OF Corbin Carroll OF Ezequiel Duran P Yusei Kikuchi P Chris Bassitt SS Zach Neto,,Josh Jung,3B,3.82%,15
79,5257804284,texasfrog90 (2/2),0,125.95,1B Michael Busch 2B Ketel Marte 3B Alex Bregman C Gabriel Moreno OF Pete Crow-Armstrong OF Seiya Suzuki OF Lars Nootbaar P Yusei Kikuchi P Cristian Javier SS Geraldo Perdomo,,Otto Lopez,SS,3.82%,11
79,5257811205,GunRanger (5/8),0,125.95,1B Ty France 2B Connor Norby 3B Kyle Karros C Ethan Salas OF Fernando Tatis Jr. OF Jackson Merrill OF Dustin Harris P Yusei Kikuchi P Cristian Javier SS Zach Neto,,Seiya Suzuki,OF,3.82%,4
81,5257800263,Johnny_Great (2/20),0,125.85,1B Pete Alonso 2B Jeremiah Jackson 3B Christian Encarnacion-Strand C Samuel Basallo OF Juan Soto OF A.J. Ewing OF Dylan Beavers P Shota Imanaga P Yusei Kikuchi SS Francisco Lindor,,Jake Burger,1B,3.70%,14
81,5257804187,rills (7/20),0,125.85,1B Kyle Stowers 2B Xavier Edwards 3B Javier Sanoja C Cal Raleigh OF Randy Arozarena OF Griffin Conine OF Jakob Marsee P George Kirby P Shota Imanaga SS J.P. Crawford,,Mason Adams,P,3.59%,-7.45
81,5257811093,southtexaspanic,0,125.85,1B Jake Burger 2B Jose Altuve 3B Ezequiel Duran C Joe Mack OF Pete Crow-Armstrong OF Wyatt Langford OF Julio Rodriguez P George Kirby P Merrill Kelly SS Corey Seager,,Josh Naylor,1B,3.48%,22
84,5257808965,otepencelik (10/15),0,125.75,1B Jake Burger 2B Justin Foscue 3B Josh Jung C Joe Mack OF Pete Crow-Armstrong OF Wyatt Langford OF Julio Rodriguez P George Kirby P MacKenzie Gore SS Corey Seager,,Trevor Story,SS,3.37%,8
85,5257804829,boys4 (1/3),0,125.5,1B Pete Alonso 2B Marcus Semien 3B Christian Encarnacion-Strand C Samuel Basallo OF Juan Soto OF Carson Benge OF Dylan Beavers P Shota Imanaga P Chris Bassitt SS Francisco Lindor,,Jeremiah Jackson,2B,3.37%,16
85,5257805202,boys4 (2/3),0,125.5,1B Pete Alonso 2B Marcus Semien 3B Christian Encarnacion-Strand C Samuel Basallo OF Juan Soto OF Carson Benge OF Dylan Beavers P Shota Imanaga P Chris Bassitt SS Francisco Lindor,,Michael Harris II,OF,3.37%,5
85,5257818651,SeanyB231 (17/19),0,125.5,1B Moises Ballesteros 2B Christian Moore 3B Denzer Guzman C Carter Jensen OF Fernando Tatis Jr. OF Randy Arozarena OF Mike Trout P Shota Imanaga P Chris Bassitt SS Zach Neto,,Mike Trout,OF,3.25%,4
88,5257801069,Emac (18/20),0,125.3,1B Josh Naylor 2B Fernando Tatis Jr. 3B Isaac Paredes C Cal Raleigh OF Julio Rodriguez OF Dustin Harris OF Taylor Ward P Shota Imanaga P Cristian Javier SS Jeremy Pena,,Luis Torrens,C,3.14%,0
89,5257819449,Jeter2333 (12/16),0,124.85,1B Ty France 2B Cole Young 3B Kyle Karros C Gabriel Moreno OF Randy Arozarena OF Julio Rodriguez OF Taylor Ward P George Kirby P Shota Imanaga SS J.P. Crawford,,Corey Seager,SS,3.03%,9
90,5257819761,superunknowx (2/2),0,124.5,1B Pavin Smith 2B Fernando Tatis Jr. 3B Nick Loftin C Gabriel Moreno OF Jackson Merrill OF Corbin Carroll OF Lars Nootbaar P Shota Imanaga P Chris Bassitt SS Bobby Witt Jr.,,Michael Massey,2B,2.92%,22
91,5257797458,von99,0,124.3,1B Jake Burger 2B Fernando Tatis Jr. 3B Manny Machado C Gabriel Moreno OF Ronald Acuna Jr. OF Dominic Canzone OF Dustin Harris P Merrill Kelly P Cristian Javier SS Mauricio Dubon,,Samad Taylor,OF,2.92%,19
91,5257801061,Emac (10/20),0,124.3,1B Josh Naylor 2B Fernando Tatis Jr. 3B Josh Jung C Cal Raleigh OF Julio Rodriguez OF Dominic Canzone OF Taylor Ward P Shota Imanaga P Cristian Javier SS Francisco Lindor,,Isiah Kiner-Falefa,2B,2.92%,0
91,5257816989,JohnnyMets17,0,124.3,1B Pete Alonso 2B Ozzie Albies 3B Manny Machado C Carter Jensen OF Pete Crow-Armstrong OF Lars Nootbaar OF Jahmai Jones P Robbie Ray P Chris Bassitt SS Gunnar Henderson,,Colton Cowser,OF,2.81%,10
94,5257790542,newjammy (19/20),0,124.2,1B Ty France 2B Justin Foscue 3B Manny Machado C Ethan Salas OF Pete Crow-Armstrong OF Jackson Merrill OF Jordan Beck P Cristian Javier P MacKenzie Gore SS Ezequiel Tovar,,Elias Diaz,C,2.81%,3
95,5257808960,otepencelik (5/15),0,124,1B Ty France 2B Jake Cronenworth 3B Christian Encarnacion-Strand C Joe Mack OF Jackson Merrill OF Dustin Harris OF Dylan Beavers P Shota Imanaga P Robbie Ray SS Gunnar Henderson,,Wade Meckler,OF,2.81%,2
95,5257816036,otepencelik (12/15),0,124,1B Ty France 2B Jake Cronenworth 3B Christian Encarnacion-Strand C Joe Mack OF Jackson Merrill OF Dustin Harris OF Dylan Beavers P Shota Imanaga P Robbie Ray SS Gunnar Henderson,,Wilyer Abreu,OF,2.81%,2
95,5257818580,SeanyB231 (15/19),0,124,1B Willson Contreras 2B Jose Altuve 3B Vaughn Grissom C Cal Raleigh OF Randy Arozarena OF Julio Rodriguez OF Dominic Canzone P Robbie Ray P Merrill Kelly SS J.P. Crawford,,Matt Olson,1B,2.81%,5
98,5257786870,dverstovsek (1/3),0,123.85,1B Ty France 2B Jeremiah Jackson 3B Manny Machado C Ethan Salas OF Jackson Merrill OF Dustin Harris OF Rece Hinds P Shota Imanaga P Yusei Kikuchi SS Gunnar Henderson,,Carson Kelly,C,2.69%,8
98,5257798916,FantasyCrusader (5/9),0,123.85,1B Pete Alonso 2B Jeremiah Jackson 3B Weston Wilson C Cal Raleigh OF Randy Arozarena OF Julio Rodriguez OF Dylan Beavers P George Kirby P Shota Imanaga SS J.P. Crawford,,Jakob Marsee,OF,2.69%,30
98,5257814172,JadedinMaine (15/17),0,123.85,1B Christian Walker 2B Michael Massey 3B Isaac Paredes C Carter Jensen OF Pete Crow-Armstrong OF Yordan Alvarez OF Cam Smith P Shota Imanaga P Yusei Kikuchi SS Jeremy Pena,,Salvador Perez,1B,2.69%,0
98,5257814378,bjpintar (2/2),0,123.85,1B Ty France 2B Jose Altuve 3B Nick Loftin C Ethan Salas OF Yordan Alvarez OF Jackson Merrill OF Dustin Harris P Shota Imanaga P Yusei Kikuchi SS Jeremy Pena,,Javier Sanoja,3B,2.58%,5
98,5257818038,d9144 (7/12),0,123.85,1B Ty France 2B Jake Cronenworth 3B Manny Machado C Joe Mack OF Jackson Merrill OF Dustin Harris OF Jakob Marsee P Shota Imanaga P Yusei Kikuchi SS Otto Lopez,,Wyatt Langford,OF,2.58%,9
103,5257804745,adambomb49ers,0,123.75,1B Jake Burger 2B Ketel Marte 3B Bo Bichette C Ethan Salas OF Pete Crow-Armstrong OF Griffin Conine OF Dustin Harris P George Kirby P MacKenzie Gore SS Geraldo Perdomo,,Pedro Ramirez,2B,2.58%,3
103,5257818573,SeanyB231 (14/19),0,123.75,1B Vinnie Pasquantino 2B Michael Massey 3B Nick Loftin C Samuel Basallo OF Pete Crow-Armstrong OF Yordan Alvarez OF John Rave P Yusei Kikuchi P MacKenzie Gore SS Bobby Witt Jr.,,Vaughn Grissom,3B,2.47%,2
105,5257790832,awen419 (1/20),0,123.6,1B Matt Olson 2B Ozzie Albies 3B Austin Riley C Drake Baldwin OF Pete Crow-Armstrong OF Ronald Acuna Jr. OF Ian Happ P Cristian Javier P Chris Bassitt SS Zach Neto,,Roman Anthony,OF,2.47%,2
106,5257790074,mcooper2300 (1/3),0,123.45,1B Christian Walker 2B Fernando Tatis Jr. 3B Isaac Paredes C Yainer Diaz OF Yordan Alvarez OF Dustin Harris OF Jakob Marsee P Shota Imanaga P Ryan Gusto SS Jeremy Pena,,Weston Wilson,3B,2.47%,2
107,5257801099,JERKER19,0,123.3,1B Ty France 2B Fernando Tatis Jr. 3B Nolan Arenado C Gabriel Moreno OF Jackson Merrill OF Dustin Harris OF Lars Nootbaar P Shota Imanaga P Cristian Javier SS Geraldo Perdomo,,Alex Bregman,3B,2.36%,33
108,5257818702,mwear,0,123.2,1B Christian Walker 2B Jose Altuve 3B Isaac Paredes C Yainer Diaz OF Pete Crow-Armstrong OF Juan Soto OF Lars Nootbaar P Shota Imanaga P Merrill Kelly SS Jeremy Pena,,Ian Happ,OF,2.36%,5
109,5257790535,newjammy (12/20),0,123.1,1B Kyle Stowers 2B Justin Foscue 3B Isaac Paredes C Ethan Salas OF Pete Crow-Armstrong OF Corbin Carroll OF Griffin Conine P Shota Imanaga P MacKenzie Gore SS Ezequiel Tovar,,Caleb Durbin,3B,2.36%,11
110,5257794807,klb510,0,122.5,1B Christian Walker 2B Fernando Tatis Jr. 3B Manny Machado C Yainer Diaz OF Samad Taylor OF Dustin Harris OF Daulton Varsho P Shota Imanaga P Chris Bassitt SS Ezequiel Tovar,,Sean Murphy,C,2.24%,2
111,5257813937,tpyo (1/20),0,122.2,1B Brett Baty 2B Pedro Ramirez 3B Connor Norby C Carson Kelly OF Pete Crow-Armstrong OF Seiya Suzuki OF Michael Conforto P Shota Imanaga P Merrill Kelly SS Cole Carrigg,,John Rave,OF,2.24%,16
111,5257813946,tpyo (10/20),0,122.2,1B Tim Tawa 2B Ketel Marte 3B Weston Wilson C Gabriel Moreno OF Pete Crow-Armstrong OF Seiya Suzuki OF Lars Nootbaar P Shota Imanaga P Jake Bennett SS Geraldo Perdomo,,Austin Riley,3B,2.24%,5
113,5257795707,Needabump,0,122,1B Willson Contreras 2B Ozzie Albies 3B Nolan Arenado C Gabriel Moreno OF Jackson Merrill OF Wyatt Langford OF Lars Nootbaar P Jake Bennett P Robbie Ray SS Francisco Lindor,,Moises Ballesteros,C,2.13%,10
114,5257788612,pjbastura,0,121.85,1B Pete Alonso 2B Javier Sanoja 3B Kyle Karros C Joe Mack OF Corbin Carroll OF Ian Happ OF Jakob Marsee P George Kirby P Shota Imanaga SS Otto Lopez,,JR Ritchie,P,2.13%,2.5
114,5257801052,Emac (1/20),0,121.85,1B Salvador Perez 2B Michael Massey 3B Manny Machado C Carter Jensen OF Jackson Merrill OF Dustin Harris OF John Rave P Shota Imanaga P Yusei Kikuchi SS Bobby Witt Jr.,,Xavier Edwards,2B,2.13%,9
114,5257812670,jpeters6 (1/20),0,121.85,1B Willson Contreras 2B Isiah Kiner-Falefa 3B Caleb Durbin C Cal Raleigh OF Roman Anthony OF Julio Rodriguez OF Dominic Canzone P George Kirby P Shota Imanaga SS Trevor Story,,Marcus Semien,2B,2.02%,5
117,5257812714,Tf1960,0,121.3,1B Christian Walker 2B Justin Foscue 3B Alex Bregman C Yainer Diaz OF Yordan Alvarez OF Roman Anthony OF Michael Harris II P Shota Imanaga P Cristian Javier SS Jeremy Pena,,Pavin Smith,1B,2.02%,17
118,5257818420,trevorjkeeb,0,120.950005,1B Michael Busch 2B Ozzie Albies 3B Connor Norby C Drake Baldwin OF Pete Crow-Armstrong OF Randy Arozarena OF Julio Rodriguez P Chris Bassitt P Xzavion Curry SS Bobby Witt Jr.,,Nick Loftin,3B,2.02%,5
119,5257801055,Emac (4/20),0,120.85,1B Josh Naylor 2B Ketel Marte 3B Nolan Arenado C Cal Raleigh OF Corbin Carroll OF Julio Rodriguez OF Lars Nootbaar P George Kirby P Shota Imanaga SS Geraldo Perdomo,,Josh Rojas,3B,2.02%,7
120,5257808307,mdscott27 (12/20),0,120.65,1B Pete Alonso 2B Michael Massey 3B Christian Encarnacion-Strand C Samuel Basallo OF Juan Soto OF Dylan Beavers OF Rece Hinds P George Kirby P Robbie Ray SS Francisco Lindor,,Javier Sanoja,2B,1.91%,5
120,5257817497,odessasdaddy,0,120.65,1B Jake Burger 2B Jose Altuve 3B Josh Jung C Carson Kelly OF Pete Crow-Armstrong OF Ronald Acuna Jr. OF Jake McCarthy P Merrill Kelly P Xzavion Curry SS Xander Bogaerts,,Daniel Lynch IV,P,1.91%,19.45
122,5257819612,Tommy80757 (1/2),0,120.5,1B Willson Contreras 2B Fernando Tatis Jr. 3B Bo Bichette C Gabriel Moreno OF Juan Soto OF Jakob Marsee OF Cam Smith P Jake Bennett P Chris Bassitt SS Geraldo Perdomo,,Mauricio Dubon,SS,1.91%,17
123,5257786872,dverstovsek (3/3),0,120.3,1B Pete Alonso 2B Xavier Edwards 3B Javier Sanoja C Cal Raleigh OF Randy Arozarena OF Heriberto Hernandez OF Griffin Conine P Shota Imanaga P Cristian Javier SS Otto Lopez,,Griffin Conine,1B,1.91%,0
123,5257788166,jarbush,0,120.3,1B Michael Busch 2B Fernando Tatis Jr. 3B Kyle Karros C Cal Raleigh OF Pete Crow-Armstrong OF Cam Smith OF Colton Cowser P Merrill Kelly P Cristian Javier SS Cole Carrigg,,Isaac Collins,OF,1.91%,7
123,5257791267,iAmHeisenburg,0,120.3,1B Jake Cronenworth 2B Isiah Kiner-Falefa 3B Nolan Arenado C Adley Rutschman OF Pete Crow-Armstrong OF Yordan Alvarez OF Jackson Merrill P Jake Bennett P Cristian Javier SS Mauricio Dubon,,Brett Baty,2B,1.91%,3
123,5257801415,edtwandmac,0,120.3,1B Ty France 2B Jake Cronenworth 3B Nolan Arenado C Gabriel Moreno OF Jackson Merrill OF Randy Arozarena OF Julio Rodriguez P Jake Bennett P Cristian Javier SS Geraldo Perdomo,,Brandon Nimmo,OF,1.68%,9
127,5257800158,Handcuff2006 (1/6),0,119.85,1B Jared Young 2B Jake Cronenworth 3B Isaac Paredes C Cal Raleigh OF Randy Arozarena OF Julio Rodriguez OF Dominic Canzone P George Kirby P Shota Imanaga SS J.P. Crawford,,Nico Hoerner,SS,1.68%,0
127,5257810323,mnordy03 (1/4),0,119.85,1B Jared Young 2B Jake Cronenworth 3B Isaac Paredes C Cal Raleigh OF Randy Arozarena OF Julio Rodriguez OF Dominic Canzone P George Kirby P Shota Imanaga SS J.P. Crawford,,Ezequiel Duran,OF,1.68%,7
127,5257811165,ramrodrocks (7/8),0,119.85,1B Jared Young 2B Jake Cronenworth 3B Isaac Paredes C Cal Raleigh OF Randy Arozarena OF Julio Rodriguez OF Dominic Canzone P George Kirby P Shota Imanaga SS J.P. Crawford,,Rece Hinds,OF,1.57%,3
127,5257822966,DeadPresidents (4/4),0,119.85,1B Jared Young 2B Jake Cronenworth 3B Isaac Paredes C Cal Raleigh OF Randy Arozarena OF Julio Rodriguez OF Dominic Canzone P George Kirby P Shota Imanaga SS J.P. Crawford,,Jorge Barrosa,OF,1.57%,6
131,5257798223,awen419 (15/20),0,119.3,1B Jake Burger 2B Jeremiah Jackson 3B Christian Encarnacion-Strand C Samuel Basallo OF Juan Soto OF Mike Trout OF Dylan Beavers P Shota Imanaga P Cristian Javier SS Gunnar Henderson,,Jeremiah Jackson,OF,1.57%,16
132,5257807857,JadedinMaine (3/17),0,119.2,1B Pete Alonso 2B Jeremiah Jackson 3B Christian Encarnacion-Strand C Samuel Basallo OF Juan Soto OF Cole Carrigg OF A.J. Ewing P George Kirby P Daniel Lynch IV SS Gunnar Henderson,,Ezequiel Duran,3B,1.57%,7
133,5257810217,raysanman,0,119.15,1B Pete Alonso 2B Javier Sanoja 3B Alex Bregman C Elias Diaz OF Fernando Tatis Jr. OF Yordan Alvarez OF Dustin Harris P Yusei Kikuchi P Chris Bassitt SS Corey Seager,,Isiah Kiner-Falefa,SS,1.46%,0
134,5257817680,CyberIron,0,118.85,1B Salvador Perez 2B Connor Norby 3B Kyle Karros C Moises Ballesteros OF Jackson Merrill OF Julio Rodriguez OF Dustin Harris P George Kirby P Shota Imanaga SS Cole Carrigg,,Xzavion Curry,P,1.46%,-3.45
135,5257817570,kimberlylair (1/3),0,118.65,1B Michael Busch 2B Justin Foscue 3B Josh Jung C Samuel Basallo OF Jackson Merrill OF Dustin Harris OF Lars Nootbaar P George Kirby P Robbie Ray SS Bobby Witt Jr.,,Troy Johnston,OF,1.46%,0
136,5257813944,tpyo (8/20),0,118.5,1B Michael Busch 2B Pedro Ramirez 3B Bo Bichette C Carson Kelly OF Pete Crow-Armstrong OF Juan Soto OF Seiya Suzuki P Shota Imanaga P Chris Bassitt SS Ha-Seong Kim,,Ha-Seong Kim,SS,1.35%,0
137,5257810324,ryan058,0,118.3,1B Willson Contreras 2B Fernando Tatis Jr. 3B Kyle Karros C Adley Rutschman OF Pete Crow-Armstrong OF Lars Nootbaar OF Rece Hinds P Jake Bennett P Cristian Javier SS Jeremy Pena,,Moises Ballesteros,1B,1.35%,10
138,5257817026,Rong86 (2/2),0,118.2,1B Kyle Stowers 2B Jose Altuve 3B Javier Sanoja C Yainer Diaz OF Yordan Alvarez OF Griffin Conine OF Jakob Marsee P Shota Imanaga P Jake Bennett SS Jeremy Pena,,Ryan Gusto,P,1.23%,8.35
139,5257808669,mrfreid,0,118.15,1B Ty France 2B Connor Norby 3B Kyle Karros C Ethan Salas OF Jackson Merrill OF Cole Carrigg OF Troy Johnston P George Kirby P Chris Bassitt SS Xander Bogaerts,,Jesus Sanchez,OF,1.23%,0
140,5257815531,gorillabiscuit,0,117.75,1B Ty France 2B Pedro Ramirez 3B Manny Machado C Carson Kelly OF Pete Crow-Armstrong OF Seiya Suzuki OF Michael Conforto P Ryan Gusto P Chris Bassitt SS Xander Bogaerts,,Mauricio Dubon,OF,1.23%,17
141,5257816816,tjproct22,0,117.65,1B Pete Alonso 2B Adael Amador 3B Christian Encarnacion-Strand C Carter Jensen OF Ronald Acuna Jr. OF Julio Rodriguez OF Dominic Canzone P Mason Adams P Merrill Kelly SS Mauricio Dubon,,Tim Tawa,1B,1.23%,0
142,5257798537,gradin69,0,117.3,1B Willson Contreras 2B Ozzie Albies 3B Vaughn Grissom C Yainer Diaz OF Yordan Alvarez OF Wyatt Langford OF Michael Harris II P Robbie Ray P Chris Bassitt SS Bobby Witt Jr.,,Cole Young,2B,1.23%,2
143,5257811208,GetDisWork,0,117.15,1B Josh Naylor 2B Adael Amador 3B Kyle Karros C Cal Raleigh OF Jake McCarthy OF Randy Arozarena OF Taylor Ward P George Kirby P Chris Bassitt SS Cole Carrigg,,Daulton Varsho,OF,1.12%,3
143,5257813941,tpyo (5/20),0,117.15,1B Michael Busch 2B Pedro Ramirez 3B Javier Sanoja C Carson Kelly OF Pete Crow-Armstrong OF Jake McCarthy OF Seiya Suzuki P George Kirby P Chris Bassitt SS J.P. Crawford,,Nick Loftin,2B,1.01%,5
145,5257804205,M37Fisher (4/5),0,117.1,1B Jake Burger 2B Justin Foscue 3B Ezequiel Duran C Ethan Salas OF Fernando Tatis Jr. OF Wyatt Langford OF Julio Rodriguez P Merrill Kelly P MacKenzie Gore SS Corey Seager,,Josh Lowe,OF,1.01%,3
146,5257811460,Jamesbell37 (1/2),0,116.9,1B Pete Alonso 2B Ozzie Albies 3B Christian Encarnacion-Strand C Drake Baldwin OF Juan Soto OF Mike Trout OF Mauricio Dubon P JR Ritchie P Chris Bassitt SS Zach Neto,,Danny Jansen,C,1.01%,3
147,5257792300,jbru310,0,116.85,1B Jake Burger 2B Isiah Kiner-Falefa 3B Isaac Paredes C Luis Torrens OF Fernando Tatis Jr. OF Pete Crow-Armstrong OF Dustin Harris P George Kirby P Merrill Kelly SS Jeremy Pena,,Michael Conforto,OF,1.01%,7
147,5257813956,tpyo (20/20),0,116.85,1B Michael Busch 2B Isiah Kiner-Falefa 3B Alex Bregman C Carson Kelly OF Pete Crow-Armstrong OF Seiya Suzuki OF Corbin Carroll P Merrill Kelly P Yusei Kikuchi SS Geraldo Perdomo,,Vaughn Grissom,1B,0.79%,2
147,5257816091,daryl174,0,116.85,1B Pete Alonso 2B Michael Massey 3B Coby Mayo C Carter Jensen OF Pete Crow-Armstrong OF Yordan Alvarez OF Jahmai Jones P Merrill Kelly P Yusei Kikuchi SS Gunnar Henderson,,Brett Baty,1B,0.67%,3
150,5257788825,hookabrotherup (1/3),0,116.5,1B Kyle Stowers 2B Jose Altuve 3B Isaac Paredes C Moises Ballesteros OF Pete Crow-Armstrong OF Yordan Alvarez OF Cam Smith P Jake Bennett P Chris Bassitt SS Jeremy Pena,,Denzer Guzman,3B,0.67%,14
151,5257808094,JunniaSr (1/2),0,116.3,1B Pete Alonso 2B Jake Cronenworth 3B Isaac Paredes C Carson Kelly OF Fernando Tatis Jr. OF Dominic Canzone OF Jeremiah Jackson P Shota Imanaga P Cristian Javier SS Zach Neto,,Graham Pauley,3B,0.67%,0
152,5257797700,sprtwlf (2/8),0,116.2,1B Pete Alonso 2B Michael Massey 3B Vaughn Grissom C Yainer Diaz OF Mike Trout OF Carson Benge OF Wade Meckler P Shota Imanaga P Merrill Kelly SS Bobby Witt Jr.,,Christian Moore,2B,0.56%,0
152,5257808121,sprtwlf (3/8),0,116.2,1B Pete Alonso 2B Michael Massey 3B Vaughn Grissom C Yainer Diaz OF Mike Trout OF Carson Benge OF Wade Meckler P Shota Imanaga P Merrill Kelly SS Bobby Witt Jr.,,Tim Tawa,OF,0.45%,0
152,5257819448,Jeter2333 (11/16),0,116.2,1B Ty France 2B Marcus Semien 3B Manny Machado C Gabriel Moreno OF Jackson Merrill OF Dustin Harris OF Lars Nootbaar P Shota Imanaga P Jake Bennett SS Ezequiel Tovar,,Adam Frazier,2B,0.45%,5
155,5257799051,Bones1212 (4/4),0,116.1,1B Ty France 2B Javier Sanoja 3B Coby Mayo C Ethan Salas OF Jackson Merrill OF Carson Benge OF Dustin Harris P Shota Imanaga P MacKenzie Gore SS Otto Lopez,,Esteury Ruiz,OF,0.34%,2
155,5257807805,jckasta40 (6/13),0,116.1,1B Moises Ballesteros 2B Jose Altuve 3B Vaughn Grissom C Cal Raleigh OF Randy Arozarena OF Julio Rodriguez OF Dominic Canzone P Robbie Ray P Cristian Javier SS Zach Neto,,Agustin Ramirez,C,0.22%,0
157,5257794127,KingPin982,0,116,1B Michael Busch 2B Jeremiah Jackson 3B Christian Encarnacion-Strand C Samuel Basallo OF Juan Soto OF Carson Benge OF A.J. Ewing P Jake Bennett P Robbie Ray SS Francisco Lindor,,Michael Arroyo,2B,0.11%,0
158,5257801059,Emac (8/20),0,115.95,1B Josh Naylor 2B Ketel Marte 3B Christian Encarnacion-Strand C Cal Raleigh OF Juan Soto OF Julio Rodriguez OF Taylor Ward P George Kirby P Cristian Javier SS Jeremy Pena,,LaMonte Wade Jr.,OF,0.11%,0
158,5257811635,Warchild389133,0,115.95,1B Pete Alonso 2B Fernando Tatis Jr. 3B Isaac Paredes C Gabriel Moreno OF Yordan Alvarez OF Dustin Harris OF Jakob Marsee P Yusei Kikuchi P Cristian Javier SS Jeremy Pena,,Nate Eaton,OF,0.11%,0
160,5257817943,kimberlylair (2/3),0,115.9,1B Pete Alonso 2B Justin Foscue 3B Josh Jung C Samuel Basallo OF Corbin Carroll OF Samad Taylor OF Dustin Harris P Robbie Ray P MacKenzie Gore SS Gunnar Henderson,,,
161,5257804114,rills (1/20),0,115.85,1B Kyle Stowers 2B Ketel Marte 3B Kyle Karros C Cal Raleigh OF Julio Rodriguez OF Dominic Canzone OF Taylor Ward P George Kirby P Shota Imanaga SS J.P. Crawford,,,
161,5257804191,rills (11/20),0,115.85,1B Jared Young 2B Adael Amador 3B Kyle Karros C Luis Torrens OF Pete Crow-Armstrong OF Juan Soto OF A.J. Ewing P Shota Imanaga P Yusei Kikuchi SS Francisco Lindor,,,
161,5257808303,mdscott27 (8/20),0,115.85,1B Vinnie Pasquantino 2B Ketel Marte 3B Isaac Paredes C Gabriel Moreno OF Pete Crow-Armstrong OF Ezequiel Duran OF Tim Tawa P George Kirby P Merrill Kelly SS Jeremy Pena,,,
164,5257791157,lenrad80 (1/2),0,115.65,1B Willson Contreras 2B Ozzie Albies 3B Nolan Arenado C Yainer Diaz OF Randy Arozarena OF Griffin Conine OF A.J. Ewing P George Kirby P Robbie Ray SS Francisco Lindor,,,
165,5257790604,FoxyGrandpa252 (3/20),0,115.55,1B Ty France 2B Fernando Tatis Jr. 3B Manny Machado C Gabriel Moreno OF Samad Taylor OF Dustin Harris OF Lars Nootbaar P Jake Bennett P Daniel Lynch IV SS Geraldo Perdomo,,,
166,5257817841,dgkb (16/20),0,115.4,1B Ty France 2B Ketel Marte 3B Coby Mayo C Cal Raleigh OF Randy Arozarena OF Julio Rodriguez OF Dominic Canzone P Chris Bassitt P MacKenzie Gore SS Zach Neto,,,
167,5257788910,peterjpacheco (3/6),0,115.2,1B Jake Burger 2B Adael Amador 3B Isaac Paredes C Gabriel Moreno OF Yordan Alvarez OF A.J. Ewing OF Taylor Ward P Shota Imanaga P Jake Bennett SS Zach Neto,,,
168,5257805942,empireibeatyou,0,115.15,1B Michael Busch 2B Jeremiah Jackson 3B Coby Mayo C Carson Kelly OF Fernando Tatis Jr. OF Pete Crow-Armstrong OF Lars Nootbaar P George Kirby P Chris Bassitt SS Nico Hoerner,,,
168,5257811938,holdmhigh707 (1/2),0,115.15,1B Jake Burger 2B Fernando Tatis Jr. 3B Manny Machado C Yainer Diaz OF Jackson Merrill OF Ezequiel Duran OF Dustin Harris P Yusei Kikuchi P Chris Bassitt SS Otto Lopez,,,
168,5257817827,dgkb (2/20),0,115.15,1B Pete Alonso 2B Jeremiah Jackson 3B Coby Mayo C Cal Raleigh OF Randy Arozarena OF Julio Rodriguez OF Dylan Beavers P George Kirby P Chris Bassitt SS Gunnar Henderson,,,
171,5257811207,GunRanger (7/8),0,114.95,1B Ty France 2B Connor Norby 3B Kyle Karros C Ethan Salas OF Fernando Tatis Jr. OF Juan Soto OF Dustin Harris P Yusei Kikuchi P Cristian Javier SS Zach Neto,,,
171,5257822709,GunRanger (8/8),0,114.95,1B Ty France 2B Connor Norby 3B Kyle Karros C Ethan Salas OF Fernando Tatis Jr. OF Juan Soto OF Dustin Harris P Yusei Kikuchi P Cristian Javier SS Zach Neto,,,
173,5257800277,Johnny_Great (16/20),0,114.85,1B Pete Alonso 2B Jeremiah Jackson 3B Christian Encarnacion-Strand C Samuel Basallo OF Juan Soto OF Carson Benge OF Dylan Beavers P Shota Imanaga P Yusei Kikuchi SS Francisco Lindor,,,
173,5257802289,sportsfanatic89 (3/4),0,114.85,1B Pete Alonso 2B Connor Norby 3B Kyle Karros C Gabriel Moreno OF Juan Soto OF Heriberto Hernandez OF Lars Nootbaar P Shota Imanaga P Yusei Kikuchi SS Francisco Lindor,,,
173,5257809493,Handcuff2006 (3/6),0,114.85,1B Pete Alonso 2B Jeremiah Jackson 3B Manny Machado C Samuel Basallo OF Dustin Harris OF Dylan Beavers OF Lars Nootbaar P George Kirby P Shota Imanaga SS Francisco Lindor,,,
173,5257811166,ramrodrocks (8/8),0,114.85,1B Pete Alonso 2B Jeremiah Jackson 3B Manny Machado C Samuel Basallo OF Dustin Harris OF Dylan Beavers OF Lars Nootbaar P George Kirby P Shota Imanaga SS Francisco Lindor,,,
173,5257818484,nickcov (2/3),0,114.85,1B Pete Alonso 2B Jeremiah Jackson 3B Manny Machado C Samuel Basallo OF Dustin Harris OF Dylan Beavers OF Lars Nootbaar P George Kirby P Shota Imanaga SS Francisco Lindor,,,
173,5257818757,mnordy03 (4/4),0,114.85,1B Pete Alonso 2B Jeremiah Jackson 3B Manny Machado C Samuel Basallo OF Dustin Harris OF Dylan Beavers OF Lars Nootbaar P George Kirby P Shota Imanaga SS Francisco Lindor,,,
173,5257819506,Ryjo79 (2/3),0,114.85,1B Pete Alonso 2B Jeremiah Jackson 3B Manny Machado C Samuel Basallo OF Dustin Harris OF Dylan Beavers OF Lars Nootbaar P George Kirby P Shota Imanaga SS Francisco Lindor,,,
180,5257818958,Burzerkers1 (1/3),0,114.65,1B Pavin Smith 2B Ketel Marte 3B Josh Jung C Samuel Basallo OF Jackson Merrill OF Corbin Carroll OF Dustin Harris P George Kirby P Robbie Ray SS Francisco Lindor,,,
180,5257819131,Burzerkers1 (2/3),0,114.65,1B Pavin Smith 2B Ketel Marte 3B Josh Jung C Samuel Basallo OF Jackson Merrill OF Corbin Carroll OF Mauricio Dubon P George Kirby P Robbie Ray SS Francisco Lindor,,,
182,5257808034,JadedinMaine (9/17),0,114.55,1B Pete Alonso 2B Brett Baty 3B Coby Mayo C Luis Torrens OF Pete Crow-Armstrong OF Juan Soto OF Carson Benge P Shota Imanaga P Daniel Lynch IV SS Francisco Lindor,,,
183,5257817830,dgkb (5/20),0,114.5,1B Vinnie Pasquantino 2B Adael Amador 3B Coby Mayo C Carter Jensen OF Pete Crow-Armstrong OF Seiya Suzuki OF Jahmai Jones P Merrill Kelly P Chris Bassitt SS Bobby Witt Jr.,,,
184,5257803105,blitzburgh07 (2/2),0,114.3,1B Willson Contreras 2B Jose Altuve 3B Isaac Paredes C Yainer Diaz OF Jackson Merrill OF Randy Arozarena OF A.J. Ewing P Shota Imanaga P Cristian Javier SS Francisco Lindor,,,
184,5257803273,kfahey42,0,114.3,1B Josh Naylor 2B Javier Sanoja 3B Isaac Paredes C Gabriel Moreno OF Juan Soto OF Jackson Merrill OF Jake McCarthy P Shota Imanaga P Cristian Javier SS J.P. Crawford,,,
184,5257810833,SeanyB231 (6/19),0,114.3,1B Michael Busch 2B Fernando Tatis Jr. 3B Austin Riley C Elias Diaz OF Pete Crow-Armstrong OF Seiya Suzuki OF Michael Conforto P Robbie Ray P Chris Bassitt SS Nico Hoerner,,,
187,5257798530,FantasyCrusader (1/9),0,114.15,1B Pete Alonso 2B Fernando Tatis Jr. 3B Manny Machado C Ethan Salas OF Jackson Merrill OF Dylan Beavers OF Colton Cowser P Yusei Kikuchi P Chris Bassitt SS Otto Lopez,,,
188,5257814214,LaGzZ,0,114.1,1B Salvador Perez 2B Justin Foscue 3B Nolan Arenado C Danny Jansen OF Fernando Tatis Jr. OF Pete Crow-Armstrong OF Dylan Beavers P Shota Imanaga P MacKenzie Gore SS J.P. Crawford,,,
189,5257795658,endlessmike03,0,113.85,1B Ty France 2B Jake Cronenworth 3B Isaac Paredes C Yainer Diaz OF Yordan Alvarez OF Dustin Harris OF Jorge Barrosa P George Kirby P Shota Imanaga SS Jeremy Pena,,,
189,5257812673,jpeters6 (4/20),0,113.85,1B Kyle Stowers 2B Xavier Edwards 3B Graham Pauley C Joe Mack OF Pete Crow-Armstrong OF Heriberto Hernandez OF Lars Nootbaar P George Kirby P Shota Imanaga SS Francisco Lindor,,,
189,5257818944,mrnorrad (1/2),0,113.85,1B Kyle Stowers 2B Jake Cronenworth 3B Manny Machado C Ethan Salas OF Jackson Merrill OF Dustin Harris OF Lars Nootbaar P Shota Imanaga P Yusei Kikuchi SS Francisco Lindor,,,
189,5257819450,Jeter2333 (13/16),0,113.85,1B Ty France 2B Michael Massey 3B Manny Machado C Gabriel Moreno OF Jackson Merrill OF Dustin Harris OF Lars Nootbaar P George Kirby P Jake Bennett SS Ezequiel Tovar,,,
193,5257788913,peterjpacheco (6/6),0,113.65,1B Jared Young 2B Justin Foscue 3B Josh Jung C Gabriel Moreno OF Jackson Merrill OF Corbin Carroll OF Dustin Harris P George Kirby P Robbie Ray SS Gunnar Henderson,,,
193,5257818152,kimberlylair (3/3),0,113.65,1B Jared Young 2B Justin Foscue 3B Josh Jung C Gabriel Moreno OF Jackson Merrill OF Corbin Carroll OF Mauricio Dubon P George Kirby P Robbie Ray SS Gunnar Henderson,,,
193,5257819517,lilsnupeyvert,0,113.65,1B Jared Young 2B Justin Foscue 3B Josh Jung C Gabriel Moreno OF Jackson Merrill OF Corbin Carroll OF Dustin Harris P George Kirby P Robbie Ray SS Gunnar Henderson,,,
196,5257793177,Elwaysarmy (8/20),0,113.6,1B Jake Cronenworth 2B Fernando Tatis Jr. 3B Manny Machado C Cal Raleigh OF Jackson Merrill OF Julio Rodriguez OF Dustin Harris P Cristian Javier P Chris Bassitt SS Ezequiel Tovar,,,
197,5257808073,JadedinMaine (11/17),0,113.55,1B Willson Contreras 2B Jake Cronenworth 3B Manny Machado C Adley Rutschman OF Jackson Merrill OF Dustin Harris OF Taylor Ward P Shota Imanaga P Daniel Lynch IV SS Xander Bogaerts,,,
198,5257790626,Casey0504 (1/5),0,113.3,1B Jake Cronenworth 2B Fernando Tatis Jr. 3B Isaac Paredes C Ethan Salas OF Jackson Merrill OF Dustin Harris OF Lars Nootbaar P Shota Imanaga P Cristian Javier SS Francisco Lindor,,,
198,5257801612,meyers2305 (18/20),0,113.3,1B Pete Alonso 2B Fernando Tatis Jr. 3B Christian Encarnacion-Strand C Cal Raleigh OF Dustin Harris OF Dylan Beavers OF Colton Cowser P Jake Bennett P Cristian Javier SS Gunnar Henderson,,,
198,5257806418,Casey0504 (2/5),0,113.3,1B Jake Cronenworth 2B Fernando Tatis Jr. 3B Isaac Paredes C Ethan Salas OF Jackson Merrill OF Dustin Harris OF Lars Nootbaar P Shota Imanaga P Cristian Javier SS Francisco Lindor,,,
198,5257813226,Casey0504 (3/5),0,113.3,1B Jake Cronenworth 2B Fernando Tatis Jr. 3B Isaac Paredes C Ethan Salas OF Jackson Merrill OF Dustin Harris OF Lars Nootbaar P Shota Imanaga P Cristian Javier SS Francisco Lindor,,,
198,5257813238,Casey0504 (4/5),0,113.3,1B Jake Cronenworth 2B Fernando Tatis Jr. 3B Isaac Paredes C Ethan Salas OF Jackson Merrill OF Dustin Harris OF Lars Nootbaar P Shota Imanaga P Cristian Javier SS Francisco Lindor,,,
198,5257813245,Casey0504 (5/5),0,113.3,1B Jake Cronenworth 2B Fernando Tatis Jr. 3B Isaac Paredes C Ethan Salas OF Jackson Merrill OF Dustin Harris OF Lars Nootbaar P Shota Imanaga P Cristian Javier SS Francisco Lindor,,,
198,5257813947,tpyo (11/20),0,113.3,1B Michael Busch 2B Pedro Ramirez 3B Connor Norby C Carson Kelly OF Pete Crow-Armstrong OF Seiya Suzuki OF Isaac Collins P Shota Imanaga P Cristian Javier SS Cole Carrigg,,,
205,5257790616,FoxyGrandpa252 (15/20),0,113.2,1B Vinnie Pasquantino 2B Michael Massey 3B Vaughn Grissom C Carter Jensen OF Jake McCarthy OF Wade Meckler OF John Rave P Shota Imanaga P Jake Bennett SS Bobby Witt Jr.,,,
205,5257812620,ColdSlither56,0,113.2,1B Jared Young 2B Jeremiah Jackson 3B Connor Norby C Elias Diaz OF Juan Soto OF Jackson Merrill OF Ronald Acuna Jr. P Shota Imanaga P Merrill Kelly SS Jeremy Pena,,,
207,5257798181,893737,0,113.1,1B Jake Cronenworth 2B Jose Altuve 3B Isaac Paredes C Ethan Salas OF Randy Arozarena OF Corbin Carroll OF Dustin Harris P Shota Imanaga P MacKenzie Gore SS Jeremy Pena,,,
208,5257804185,rills (5/20),0,112.85,1B Kyle Stowers 2B Ketel Marte 3B Nolan Arenado C Gabriel Moreno OF Corbin Carroll OF Heriberto Hernandez OF Lars Nootbaar P George Kirby P Shota Imanaga SS Otto Lopez,,,
209,5257809221,jjbrock (7/20),0,112.3,1B Christian Walker 2B Fernando Tatis Jr. 3B Isaac Paredes C Yainer Diaz OF Jackson Merrill OF Heriberto Hernandez OF Dustin Harris P Shota Imanaga P Cristian Javier SS Jeremy Pena,,,
210,5257791185,johnnyp509 (1/2),0,112.1,1B Pete Alonso 2B Fernando Tatis Jr. 3B Kyle Karros C Yainer Diaz OF Ian Happ OF Dominic Canzone OF A.J. Ewing P Shota Imanaga P MacKenzie Gore SS Ezequiel Tovar,,,
211,5257798211,awen419 (3/20),0,111.95,1B Jake Burger 2B Jake Cronenworth 3B Josh Jung C Cal Raleigh OF Randy Arozarena OF Wyatt Langford OF Brandon Nimmo P George Kirby P Cristian Javier SS Corey Seager,,,
212,5257804197,rills (17/20),0,111.85,1B Kyle Stowers 2B Ketel Marte 3B Graham Pauley C Gabriel Moreno OF Pete Crow-Armstrong OF Corbin Carroll OF Lars Nootbaar P Shota Imanaga P Yusei Kikuchi SS Geraldo Perdomo,,,
212,5257808908,jhandi (2/2),0,111.85,1B Pete Alonso 2B Pedro Ramirez 3B Kyle Karros C Carter Jensen OF Julio Rodriguez OF Jakob Marsee OF Cam Smith P George Kirby P Jake Bennett SS Cole Carrigg,,,
212,5257811160,ramrodrocks (2/8),0,111.85,1B Jake Cronenworth 2B Ketel Marte 3B Manny Machado C Ethan Salas OF Jackson Merrill OF Dustin Harris OF Lars Nootbaar P Shota Imanaga P Yusei Kikuchi SS Francisco Lindor,,,
212,5257811615,Skemdog123 (1/2),0,111.85,1B Jake Cronenworth 2B Ketel Marte 3B Manny Machado C Ethan Salas OF Jackson Merrill OF Dustin Harris OF Lars Nootbaar P Shota Imanaga P Yusei Kikuchi SS Francisco Lindor,,,
212,5257811623,Skemdog123 (2/2),0,111.85,1B Jake Cronenworth 2B Ketel Marte 3B Manny Machado C Ethan Salas OF Jackson Merrill OF Dustin Harris OF Lars Nootbaar P Shota Imanaga P Yusei Kikuchi SS Francisco Lindor,,,
212,5257814057,Handcuff2006 (4/6),0,111.85,1B Jake Cronenworth 2B Ketel Marte 3B Manny Machado C Ethan Salas OF Jackson Merrill OF Dustin Harris OF Lars Nootbaar P Shota Imanaga P Yusei Kikuchi SS Francisco Lindor,,,
212,5257814534,Amoney3412 (2/2),0,111.85,1B Jake Cronenworth 2B Ketel Marte 3B Manny Machado C Ethan Salas OF Jackson Merrill OF Dustin Harris OF Lars Nootbaar P Shota Imanaga P Yusei Kikuchi SS Francisco Lindor,,,
212,5257820139,DeadPresidents (2/4),0,111.85,1B Jake Cronenworth 2B Ketel Marte 3B Manny Machado C Ethan Salas OF Jackson Merrill OF Dustin Harris OF Lars Nootbaar P Shota Imanaga P Yusei Kikuchi SS Francisco Lindor,,,
220,5257798216,awen419 (8/20),0,111.5,1B Willson Contreras 2B Fernando Tatis Jr. 3B Caleb Durbin C Adley Rutschman OF Randy Arozarena OF Wilyer Abreu OF Dustin Harris P Jake Bennett P Chris Bassitt SS Trevor Story,,,
221,5257793176,Elwaysarmy (7/20),0,111.3,1B Kyle Stowers 2B Jake Cronenworth 3B Bo Bichette C Cal Raleigh OF Jackson Merrill OF Randy Arozarena OF Jahmai Jones P Shota Imanaga P Cristian Javier SS Zach Neto,,,
221,5257800264,Johnny_Great (3/20),0,111.3,1B Michael Busch 2B Fernando Tatis Jr. 3B Kyle Karros C Cal Raleigh OF Randy Arozarena OF Dominic Canzone OF Taylor Ward P Shota Imanaga P Cristian Javier SS J.P. Crawford,,,
223,5257807889,JadedinMaine (5/17),0,111.2,1B Willson Contreras 2B Connor Norby 3B Kyle Karros C Braxton Fulford OF Juan Soto OF Jake McCarthy OF Jordan Beck P Shota Imanaga P Jake Bennett SS Trevor Story,,,
224,5257813940,tpyo (4/20),0,111,1B Pete Alonso 2B Fernando Tatis Jr. 3B Coby Mayo C Ethan Salas OF Dylan Beavers OF John Rave OF Colton Cowser P Jake Bennett P Robbie Ray SS Gunnar Henderson,,,
225,5257790525,newjammy (2/20),0,110.85,1B Kyle Stowers 2B Ozzie Albies 3B Kyle Karros C Braxton Fulford OF Pete Crow-Armstrong OF Corbin Carroll OF Dominic Canzone P George Kirby P Jake Bennett SS Ezequiel Tovar,,,
225,5257808296,mdscott27 (1/20),0,110.85,1B Ty France 2B Cole Young 3B Manny Machado C Cal Raleigh OF Julio Rodriguez OF Dominic Canzone OF Dustin Harris P George Kirby P Merrill Kelly SS J.P. Crawford,,,
225,5257817624,LesterNygaard,0,110.85,1B Jared Young 2B Ketel Marte 3B Kyle Karros C Carter Jensen OF Pete Crow-Armstrong OF Juan Soto OF Lars Nootbaar P Merrill Kelly P Yusei Kikuchi SS Bobby Witt Jr.,,,
225,5257819616,mrnorrad (2/2),0,110.85,1B Ty France 2B Ketel Marte 3B Kyle Karros C Gabriel Moreno OF Fernando Tatis Jr. OF Dustin Harris OF Lars Nootbaar P Shota Imanaga P Yusei Kikuchi SS Francisco Lindor,,,
229,5257804538,Brutal-1,0,110.75,1B Josh Naylor 2B Ketel Marte 3B Weston Wilson C Cal Raleigh OF Randy Arozarena OF Julio Rodriguez OF Dustin Harris P George Kirby P MacKenzie Gore SS Otto Lopez,,,
230,5257808436,zaknak1,0,110.65,1B Jared Young 2B Justin Foscue 3B Josh Jung C Samuel Basallo OF Jackson Merrill OF Corbin Carroll OF Dustin Harris P George Kirby P Robbie Ray SS Gunnar Henderson,,,
231,5257801066,Emac (15/20),0,110.6,1B Josh Naylor 2B Jake Cronenworth 3B Manny Machado C Cal Raleigh OF Fernando Tatis Jr. OF Julio Rodriguez OF Taylor Ward P Cristian Javier P Chris Bassitt SS Xander Bogaerts,,,
232,5257803552,jadaruler,0,110.3,1B Pete Alonso 2B Justin Foscue 3B Josh Jung C Gabriel Moreno OF Jackson Merrill OF Corbin Carroll OF Cam Smith P Shota Imanaga P Cristian Javier SS Cole Carrigg,,,
232,5257811201,GunRanger (1/8),0,110.3,1B Ty France 2B Ketel Marte 3B Manny Machado C Gabriel Moreno OF Jackson Merrill OF Dustin Harris OF Lars Nootbaar P Shota Imanaga P Cristian Javier SS Geraldo Perdomo,,,
232,5257816147,Swerv504,0,110.3,1B Ty France 2B Connor Norby 3B Kyle Karros C Yainer Diaz OF Fernando Tatis Jr. OF Troy Johnston OF Dustin Harris P Shota Imanaga P Cristian Javier SS Cole Carrigg,,,
235,5257789972,louka001 (1/5),0,110.2,1B Pavin Smith 2B Connor Norby 3B Josh Rojas C Elias Diaz OF Fernando Tatis Jr. OF Jackson Merrill OF Dustin Harris P Shota Imanaga P Jake Bennett SS Cole Carrigg,,,
235,5257789976,louka001 (2/5),0,110.2,1B Pavin Smith 2B Connor Norby 3B Josh Rojas C Elias Diaz OF Fernando Tatis Jr. OF Jackson Merrill OF Dustin Harris P Shota Imanaga P Jake Bennett SS Cole Carrigg,,,
235,5257796997,louka001 (3/5),0,110.2,1B Pavin Smith 2B Connor Norby 3B Josh Rojas C Elias Diaz OF Fernando Tatis Jr. OF Jackson Merrill OF Dustin Harris P Shota Imanaga P Jake Bennett SS Cole Carrigg,,,
235,5257797448,louka001 (4/5),0,110.2,1B Pavin Smith 2B Connor Norby 3B Josh Rojas C Elias Diaz OF Fernando Tatis Jr. OF Jackson Merrill OF Dustin Harris P Shota Imanaga P Jake Bennett SS Cole Carrigg,,,
235,5257797455,louka001 (5/5),0,110.2,1B Pavin Smith 2B Connor Norby 3B Josh Rojas C Elias Diaz OF Fernando Tatis Jr. OF Jackson Merrill OF Dustin Harris P Shota Imanaga P Jake Bennett SS Cole Carrigg,,,
240,5257811056,zigzagman115 (1/3),0,110,1B Matt Olson 2B Ozzie Albies 3B Christian Encarnacion-Strand C Drake Baldwin OF Samad Taylor OF Dylan Beavers OF Jeremiah Jackson P Jake Bennett P Robbie Ray SS Gunnar Henderson,,,
241,5257803046,Thisisdblock,0,109.85,1B Ty France 2B Connor Norby 3B Kyle Karros C Braxton Fulford OF Jackson Merrill OF Dustin Harris OF Jordan Beck P George Kirby P Shota Imanaga SS Cole Carrigg,,,
241,5257808049,Amoney3412 (1/2),0,109.85,1B Ty France 2B Connor Norby 3B Kyle Karros C Braxton Fulford OF Jackson Merrill OF Dustin Harris OF Jordan Beck P George Kirby P Shota Imanaga SS Cole Carrigg,,,
241,5257809250,goheelz1,0,109.85,1B Ty France 2B Connor Norby 3B Kyle Karros C Braxton Fulford OF Jackson Merrill OF Dustin Harris OF Jordan Beck P George Kirby P Shota Imanaga SS Cole Carrigg,,,
241,5257810968,sutogame,0,109.85,1B Ty France 2B Connor Norby 3B Kyle Karros C Braxton Fulford OF Jackson Merrill OF Dustin Harris OF Jordan Beck P George Kirby P Shota Imanaga SS Cole Carrigg,,,
241,5257811162,ramrodrocks (4/8),0,109.85,1B Ty France 2B Connor Norby 3B Kyle Karros C Braxton Fulford OF Jackson Merrill OF Dustin Harris OF Jordan Beck P George Kirby P Shota Imanaga SS Cole Carrigg,,,
241,5257814598,ShpIt2Papi,0,109.85,1B Ty France 2B Connor Norby 3B Kyle Karros C Braxton Fulford OF Jackson Merrill OF Dustin Harris OF Jordan Beck P George Kirby P Shota Imanaga SS Cole Carrigg,,,
241,5257816970,gonzo300,0,109.85,1B Ty France 2B Connor Norby 3B Kyle Karros C Braxton Fulford OF Jackson Merrill OF Dustin Harris OF Jordan Beck P George Kirby P Shota Imanaga SS Cole Carrigg,,,
241,5257817818,ATLShark,0,109.85,1B Ty France 2B Connor Norby 3B Kyle Karros C Braxton Fulford OF Jackson Merrill OF Dustin Harris OF Jordan Beck P George Kirby P Shota Imanaga SS Cole Carrigg,,,
241,5257818336,Pootnami,0,109.85,1B Ty France 2B Connor Norby 3B Kyle Karros C Braxton Fulford OF Jackson Merrill OF Dustin Harris OF Jordan Beck P George Kirby P Shota Imanaga SS Cole Carrigg,,,
241,5257819956,DeadPresidents (1/4),0,109.85,1B Ty France 2B Connor Norby 3B Kyle Karros C Braxton Fulford OF Jackson Merrill OF Dustin Harris OF Jordan Beck P George Kirby P Shota Imanaga SS Cole Carrigg,,,
241,5257822752,dtwlions,0,109.85,1B Ty France 2B Connor Norby 3B Kyle Karros C Braxton Fulford OF Jackson Merrill OF Dustin Harris OF Jordan Beck P George Kirby P Shota Imanaga SS Cole Carrigg,,,
252,5257808298,mdscott27 (3/20),0,109.65,1B Josh Naylor 2B Ketel Marte 3B Nolan Arenado C Cal Raleigh OF Randy Arozarena OF Corbin Carroll OF Taylor Ward P George Kirby P Robbie Ray SS J.P. Crawford,,,
252,5257808941,acushing96,0,109.65,1B Jared Young 2B Justin Foscue 3B Weston Wilson C Gabriel Moreno OF Jackson Merrill OF Corbin Carroll OF Dustin Harris P George Kirby P Robbie Ray SS Bobby Witt Jr.,,,
252,5257810888,DaStudent,0,109.65,1B Jared Young 2B Ketel Marte 3B Josh Jung C Gabriel Moreno OF Jackson Merrill OF Corbin Carroll OF Dustin Harris P George Kirby P Robbie Ray SS Geraldo Perdomo,,,
252,5257813955,tpyo (19/20),0,109.65,1B Tim Tawa 2B Pedro Ramirez 3B Josh Jung C Carson Kelly OF Pete Crow-Armstrong OF Seiya Suzuki OF Michael Conforto P Shota Imanaga P Mason Adams SS Corey Seager,,,
256,5257800274,Johnny_Great (13/20),0,109.2,1B Ty France 2B Ketel Marte 3B Manny Machado C Gabriel Moreno OF Corbin Carroll OF Dustin Harris OF Lars Nootbaar P Shota Imanaga P Merrill Kelly SS Geraldo Perdomo,,,
257,5257796454,nbllove (4/4),0,109.15,1B Moises Ballesteros 2B Ketel Marte 3B Coby Mayo C Cal Raleigh OF Jackson Merrill OF Randy Arozarena OF Ezequiel Duran P George Kirby P Chris Bassitt SS Trevor Story,,,
257,5257819439,Jeter2333 (2/16),0,109.15,1B Ty France 2B Fernando Tatis Jr. 3B Connor Norby C Braxton Fulford OF Jackson Merrill OF Samad Taylor OF Dustin Harris P George Kirby P Chris Bassitt SS Ezequiel Tovar,,,
257,5257820076,holdmhigh707 (2/2),0,109.15,1B Jake Burger 2B Fernando Tatis Jr. 3B Josh Jung C Carter Jensen OF Jackson Merrill OF Wyatt Langford OF Ezequiel Duran P Yusei Kikuchi P Chris Bassitt SS Otto Lopez,,,
260,5257818695,Sernatime,0,108.95,1B Brett Baty 2B Isiah Kiner-Falefa 3B Manny Machado C Ethan Salas OF Fernando Tatis Jr. OF Pete Crow-Armstrong OF Jackson Merrill P Yusei Kikuchi P Cristian Javier SS Ezequiel Tovar,,,
261,5257799788,LoNdoNBriDGE89203 (3/4),0,108.85,1B Ty France 2B Fernando Tatis Jr. 3B Connor Norby C Yainer Diaz OF Jackson Merrill OF Dustin Harris OF Lars Nootbaar P Shota Imanaga P Yusei Kikuchi SS J.P. Crawford,,,
261,5257804722,jaysu5,0,108.85,1B Ty France 2B Fernando Tatis Jr. 3B Connor Norby C Yainer Diaz OF Jackson Merrill OF Dustin Harris OF Lars Nootbaar P Shota Imanaga P Yusei Kikuchi SS J.P. Crawford,,,
261,5257817831,dgkb (6/20),0,108.85,1B Kyle Stowers 2B Javier Sanoja 3B Manny Machado C Gabriel Moreno OF Corbin Carroll OF Heriberto Hernandez OF Jakob Marsee P Jake Bennett P Yusei Kikuchi SS Otto Lopez,,,
264,5257798227,awen419 (19/20),0,108.65,1B Salvador Perez 2B Ozzie Albies 3B Austin Riley C Drake Baldwin OF Pete Crow-Armstrong OF Michael Harris II OF Mauricio Dubon P Robbie Ray P Yusei Kikuchi SS Bobby Witt Jr.,,,
264,5257808297,mdscott27 (2/20),0,108.65,1B Vinnie Pasquantino 2B Ketel Marte 3B Nick Loftin C Carter Jensen OF Pete Crow-Armstrong OF Lars Nootbaar OF Isaac Collins P George Kirby P Robbie Ray SS Bobby Witt Jr.,,,
266,5257808766,RealCT (3/4),0,108.55,1B Pete Alonso 2B Fernando Tatis Jr. 3B Nolan Arenado C Gabriel Moreno OF Yordan Alvarez OF Jackson Merrill OF Dustin Harris P Ryan Gusto P Cristian Javier SS Ezequiel Tovar,,,
267,5257793170,Elwaysarmy (1/20),0,108.5,1B Salvador Perez 2B Jose Altuve 3B Isaac Paredes C Yainer Diaz OF Yordan Alvarez OF Randy Arozarena OF Ian Happ P Shota Imanaga P Chris Bassitt SS Bobby Witt Jr.,,,
268,5257787590,chuckface8,0,108.3,1B Ty France 2B Connor Norby 3B Kyle Karros C Ethan Salas OF Fernando Tatis Jr. OF Jake McCarthy OF Jordan Beck P Merrill Kelly P Cristian Javier SS Cole Carrigg,,,
268,5257811202,GunRanger (2/8),0,108.3,1B Christian Walker 2B Jose Altuve 3B Manny Machado C Ethan Salas OF Jackson Merrill OF Dustin Harris OF Dylan Beavers P Shota Imanaga P Cristian Javier SS Xander Bogaerts,,,
270,5257810379,SeanyB231 (3/19),0,108.2,1B Michael Busch 2B Michael Massey 3B Isaac Paredes C Yainer Diaz OF Yordan Alvarez OF Wilyer Abreu OF Daulton Varsho P Shota Imanaga P Jake Bennett SS Jeremy Pena,,,
270,5257817876,LouisLipps (7/7),0,108.2,1B Jake Cronenworth 2B Connor Norby 3B Nolan Arenado C Yainer Diaz OF Fernando Tatis Jr. OF Dylan Beavers OF Cam Smith P Shota Imanaga P Jake Bennett SS Jeremy Pena,,,
272,5257790540,newjammy (17/20),0,108.1,1B Ty France 2B Justin Foscue 3B Connor Norby C Ethan Salas OF Jackson Merrill OF Corbin Carroll OF Jordan Beck P Shota Imanaga P MacKenzie Gore SS Ezequiel Tovar,,,
272,5257802290,sportsfanatic89 (4/4),0,108.1,1B Jared Young 2B Fernando Tatis Jr. 3B Kyle Karros C Yainer Diaz OF Jackson Merrill OF Dustin Harris OF Lars Nootbaar P Shota Imanaga P MacKenzie Gore SS Francisco Lindor,,,
274,5257800251,rstone80,0,108,1B Michael Busch 2B Ozzie Albies 3B Isaac Paredes C Gabriel Moreno OF Seiya Suzuki OF Roman Anthony OF Dustin Harris P Jake Bennett P Robbie Ray SS Zach Neto,,,
275,5257790605,FoxyGrandpa252 (4/20),0,107.85,1B Josh Naylor 2B Jose Altuve 3B Isaac Paredes C Yainer Diaz OF Yordan Alvarez OF Randy Arozarena OF Cam Smith P George Kirby P Shota Imanaga SS J.P. Crawford,,,
275,5257793376,bengra99,0,107.85,1B Griffin Conine 2B Isiah Kiner-Falefa 3B Javier Sanoja C Cal Raleigh OF Randy Arozarena OF Julio Rodriguez OF Dominic Canzone P George Kirby P Shota Imanaga SS J.P. Crawford,,,
275,5257808313,mdscott27 (18/20),0,107.85,1B Kyle Stowers 2B Ketel Marte 3B Graham Pauley C Gabriel Moreno OF Corbin Carroll OF Heriberto Hernandez OF Jakob Marsee P George Kirby P Jake Bennett SS Otto Lopez,,,
275,5257810921,sirleged7777,0,107.85,1B Josh Naylor 2B Ketel Marte 3B Weston Wilson C Gabriel Moreno OF Randy Arozarena OF Corbin Carroll OF Lars Nootbaar P George Kirby P Shota Imanaga SS Geraldo Perdomo,,,
275,5257811009,SeanyB231 (8/19),0,107.85,1B Griffin Conine 2B Adam Frazier 3B Vaughn Grissom C Moises Ballesteros OF Pete Crow-Armstrong OF Jackson Merrill OF Mike Trout P Jake Bennett P Yusei Kikuchi SS Zach Neto,,,
275,5257812847,FantasyCrusader (9/9),0,107.85,1B Pete Alonso 2B Jeremiah Jackson 3B Weston Wilson C Cal Raleigh OF Randy Arozarena OF Julio Rodriguez OF Dylan Beavers P George Kirby P Jake Bennett SS J.P. Crawford,,,
275,5257817694,RaiderBob,0,107.85,1B Salvador Perez 2B Justin Foscue 3B Isaac Paredes C Moises Ballesteros OF Fernando Tatis Jr. OF Pete Crow-Armstrong OF Corbin Carroll P Merrill Kelly P Yusei Kikuchi SS Zach Neto,,,
282,5257819799,Grizzly41 (1/2),0,107.6,1B Matt Olson 2B Ozzie Albies 3B Austin Riley C Drake Baldwin OF Fernando Tatis Jr. OF Pete Crow-Armstrong OF Michael Harris II P Cristian Javier P Chris Bassitt SS J.P. Crawford,,,
282,5257820546,Grizzly41 (2/2),0,107.6,1B Matt Olson 2B Ozzie Albies 3B Austin Riley C Drake Baldwin OF Fernando Tatis Jr. OF Pete Crow-Armstrong OF Michael Harris II P Cristian Javier P Chris Bassitt SS J.P. Crawford,,,
284,5257808202,jckasta40 (7/13),0,107.5,1B Pete Alonso 2B Brett Baty 3B Christian Encarnacion-Strand C Samuel Basallo OF Juan Soto OF Carson Benge OF Dylan Beavers P Jake Bennett P Chris Bassitt SS Francisco Lindor,,,
285,5257813938,tpyo (2/20),0,107.2,1B Michael Busch 2B Pedro Ramirez 3B Vaughn Grissom C Carson Kelly OF Pete Crow-Armstrong OF Seiya Suzuki OF Wade Meckler P Shota Imanaga P Jake Bennett SS Ha-Seong Kim,,,
286,5257790618,FoxyGrandpa252 (17/20),0,107.15,1B Kyle Stowers 2B Fernando Tatis Jr. 3B Manny Machado C Joe Mack OF Griffin Conine OF Dustin Harris OF Jakob Marsee P George Kirby P Chris Bassitt SS Otto Lopez,,,
286,5257814388,dgdean1,0,107.15,1B Ty France 2B Jose Altuve 3B Manny Machado C Yainer Diaz OF Yordan Alvarez OF Jackson Merrill OF Dustin Harris P Yusei Kikuchi P Chris Bassitt SS Jeremy Pena,,,
288,5257790533,newjammy (10/20),0,107.1,1B Kyle Stowers 2B Justin Foscue 3B Connor Norby C Braxton Fulford OF Pete Crow-Armstrong OF Juan Soto OF Jordan Beck P Shota Imanaga P MacKenzie Gore SS Ezequiel Tovar,,,
288,5257810759,MudStuffin220,0,107.1,1B Pete Alonso 2B Justin Foscue 3B Isaac Paredes C Yainer Diaz OF Yordan Alvarez OF Jackson Merrill OF Wilyer Abreu P Robbie Ray P Cristian Javier SS Mauricio Dubon,,,
290,5257802947,e_quevedo,0,107,1B Michael Busch 2B Adael Amador 3B Coby Mayo C Gabriel Moreno OF Julio Rodriguez OF Brandon Nimmo OF Wade Meckler P Shota Imanaga P Robbie Ray SS Gunnar Henderson,,,
291,5257789499,JustJames23 (1/2),0,106.85,1B Jake Cronenworth 2B Jose Altuve 3B Isaac Paredes C Yainer Diaz OF Yordan Alvarez OF Jackson Merrill OF Dustin Harris P Shota Imanaga P Yusei Kikuchi SS Jeremy Pena,,,
291,5257810918,footballcraze,0,106.85,1B Kyle Stowers 2B Jose Altuve 3B Isaac Paredes C Yainer Diaz OF Cole Carrigg OF Griffin Conine OF Jakob Marsee P George Kirby P Shota Imanaga SS Jeremy Pena,,,
291,5257814759,sprtwlf (7/8),0,106.85,1B Vinnie Pasquantino 2B Fernando Tatis Jr. 3B Caleb Durbin C Yainer Diaz OF Pete Crow-Armstrong OF Cole Carrigg OF Wade Meckler P Merrill Kelly P Yusei Kikuchi SS Trevor Story,,,
294,5257808962,otepencelik (7/15),0,106.75,1B Michael Busch 2B Xavier Edwards 3B Alex Bregman C Joe Mack OF Pete Crow-Armstrong OF Seiya Suzuki OF A.J. Ewing P Yusei Kikuchi P MacKenzie Gore SS Nico Hoerner,,,
295,5257805599,DeMarcoble1,0,106.65,1B Pete Alonso 2B Jose Altuve 3B Ezequiel Duran C Sean Murphy OF Pete Crow-Armstrong OF Dylan Beavers OF Taylor Ward P Shota Imanaga P Mason Adams SS Zach Neto,,,
295,5257809576,monsoonserge (1/3),0,106.65,1B Ty France 2B Jake Cronenworth 3B Weston Wilson C Gabriel Moreno OF Jackson Merrill OF Dustin Harris OF Lars Nootbaar P George Kirby P Robbie Ray SS Xander Bogaerts,,,
297,5257818325,camchris72 (1/2),0,106.6,1B Pete Alonso 2B Fernando Tatis Jr. 3B Manny Machado C Ethan Salas OF Jackson Merrill OF Dylan Beavers OF Colton Cowser P Cristian Javier P Chris Bassitt SS Gunnar Henderson,,,
297,5257818330,camchris72 (2/2),0,106.6,1B Pete Alonso 2B Fernando Tatis Jr. 3B Manny Machado C Ethan Salas OF Jackson Merrill OF Dylan Beavers OF Colton Cowser P Cristian Javier P Chris Bassitt SS Gunnar Henderson,,,
299,5257789358,ecape,0,106.3,1B Willson Contreras 2B Isiah Kiner-Falefa 3B Caleb Durbin C Carter Jensen OF Pete Crow-Armstrong OF Wyatt Langford OF Ezequiel Duran P George Kirby P Mason Adams SS Trevor Story,,,
300,5257790611,FoxyGrandpa252 (10/20),0,106.2,1B Moises Ballesteros 2B Ketel Marte 3B Vaughn Grissom C Gabriel Moreno OF Juan Soto OF Mike Trout OF Wade Meckler P Shota Imanaga P Merrill Kelly SS Zach Neto,,,
300,5257799789,LoNdoNBriDGE89203 (4/4),0,106.2,1B Ty France 2B Fernando Tatis Jr. 3B Connor Norby C Yainer Diaz OF Jackson Merrill OF Dustin Harris OF Lars Nootbaar P Jake Bennett P Merrill Kelly SS J.P. Crawford,,,
302,5257790483,renardcars,0,106.15,1B Kyle Stowers 2B Fernando Tatis Jr. 3B Manny Machado C Ethan Salas OF Jackson Merrill OF Griffin Conine OF Dustin Harris P Yusei Kikuchi P Chris Bassitt SS Geraldo Perdomo,,,
303,5257790539,newjammy (16/20),0,106.1,1B Ty France 2B Justin Foscue 3B Kyle Karros C Ethan Salas OF Juan Soto OF Corbin Carroll OF Ian Happ P Shota Imanaga P MacKenzie Gore SS Ezequiel Tovar,,,
303,5257817505,poco1083 (2/2),0,106.1,1B Ty France 2B Jake Cronenworth 3B Nick Loftin C Danny Jansen OF Jackson Merrill OF Samad Taylor OF John Rave P Shota Imanaga P MacKenzie Gore SS Xander Bogaerts,,,
305,5257793141,Henry113,0,105.85,1B Ty France 2B Fernando Tatis Jr. 3B Josh Rojas C Yainer Diaz OF Jackson Merrill OF Dustin Harris OF Lars Nootbaar P Shota Imanaga P Yusei Kikuchi SS Xander Bogaerts,,,
305,5257818034,d9144 (3/12),0,105.85,1B Griffin Conine 2B Xavier Edwards 3B Javier Sanoja C Cal Raleigh OF Randy Arozarena OF Julio Rodriguez OF Taylor Ward P George Kirby P Shota Imanaga SS J.P. Crawford,,,
307,5257801595,meyers2305 (1/20),0,105.75,1B Josh Naylor 2B Connor Norby 3B Kyle Karros C Cal Raleigh OF Randy Arozarena OF Julio Rodriguez OF Dominic Canzone P Mason Adams P Cristian Javier SS Cole Carrigg,,,
308,5257805947,RealCT (1/4),0,105.3,1B Ty France 2B Ketel Marte 3B Nolan Arenado C Gabriel Moreno OF Juan Soto OF Jackson Merrill OF Lars Nootbaar P Shota Imanaga P Cristian Javier SS Geraldo Perdomo,,,
309,5257815227,RUPT21,0,105.2,1B Ty France 2B Ketel Marte 3B Isaac Paredes C Gabriel Moreno OF Seiya Suzuki OF Ian Happ OF Brandon Nimmo P Shota Imanaga P Merrill Kelly SS Geraldo Perdomo,,,
310,5257806155,bradleyjohnl,0,105,1B Jake Burger 2B Justin Foscue 3B Connor Norby C Gabriel Moreno OF Fernando Tatis Jr. OF Corbin Carroll OF Michael Conforto P Robbie Ray P Merrill Kelly SS Gunnar Henderson,,,
311,5257796453,nbllove (3/4),0,104.9,1B Pete Alonso 2B Ozzie Albies 3B Coby Mayo C Gabriel Moreno OF Fernando Tatis Jr. OF Corbin Carroll OF Wyatt Langford P JR Ritchie P Chris Bassitt SS Mauricio Dubon,,,
312,5257790620,FoxyGrandpa252 (19/20),0,104.85,1B Pete Alonso 2B Ketel Marte 3B Coby Mayo C Gabriel Moreno OF Corbin Carroll OF Jeremiah Jackson OF Lars Nootbaar P George Kirby P Shota Imanaga SS Geraldo Perdomo,,,
312,5257793441,TheBossinMyWorld,0,104.85,1B Christian Walker 2B Ketel Marte 3B Isaac Paredes C Gabriel Moreno OF Jackson Merrill OF Dustin Harris OF Cam Smith P George Kirby P Shota Imanaga SS Jeremy Pena,,,
312,5257797528,jairey,0,104.85,1B Vinnie Pasquantino 2B Jose Altuve 3B Manny Machado C Gabriel Moreno OF Jackson Merrill OF Michael Conforto OF Jeremiah Jackson P Shota Imanaga P Yusei Kikuchi SS Xander Bogaerts,,,
312,5257809823,LouisLipps (1/7),0,104.85,1B Pavin Smith 2B Connor Norby 3B Manny Machado C Yainer Diaz OF Fernando Tatis Jr. OF Cole Carrigg OF Dustin Harris P Shota Imanaga P Yusei Kikuchi SS Ezequiel Tovar,,,
316,5257807748,Blackshirts21,0,104.75,1B Jake Burger 2B Justin Foscue 3B Josh Jung C Samuel Basallo OF Fernando Tatis Jr. OF Jackson Merrill OF Dustin Harris P Yusei Kikuchi P MacKenzie Gore SS Corey Seager,,,
317,5257808308,mdscott27 (13/20),0,104.4,1B Vinnie Pasquantino 2B Michael Massey 3B Josh Rojas C Carter Jensen OF Randy Arozarena OF Julio Rodriguez OF Michael Harris II P Robbie Ray P JR Ritchie SS Bobby Witt Jr.,,,
318,5257790541,newjammy (18/20),0,104.3,1B Ty France 2B Ozzie Albies 3B Manny Machado C Braxton Fulford OF Pete Crow-Armstrong OF Jackson Merrill OF Jordan Beck P Jake Bennett P Cristian Javier SS Ezequiel Tovar,,,
319,5257819438,Jeter2333 (1/16),0,104.15,1B Ty France 2B Jake Cronenworth 3B Manny Machado C Yainer Diaz OF Jackson Merrill OF Dustin Harris OF Lars Nootbaar P George Kirby P Chris Bassitt SS Cole Carrigg,,,
320,5257811654,jariyahbotley,0,104.1,1B Jake Cronenworth 2B Jose Altuve 3B Josh Jung C Gabriel Moreno OF Fernando Tatis Jr. OF Esteury Ruiz OF John Rave P Shota Imanaga P MacKenzie Gore SS Geraldo Perdomo,,,
321,5257798572,rcbulldogs,0,104,1B Josh Naylor 2B Javier Sanoja 3B Denzer Guzman C Luis Torrens OF Fernando Tatis Jr. OF Jake McCarthy OF Griffin Conine P Jake Bennett P Robbie Ray SS Zach Neto,,,
322,5257805622,jckasta40 (4/13),0,103.95,1B Pete Alonso 2B Jeremiah Jackson 3B Christian Encarnacion-Strand C Samuel Basallo OF Juan Soto OF Carson Benge OF A.J. Ewing P Yusei Kikuchi P Cristian Javier SS Francisco Lindor,,,
323,5257799998,rrhhinnoo (1/3),0,103.85,1B Pete Alonso 2B Ketel Marte 3B Isaac Paredes C Gabriel Moreno OF Corbin Carroll OF Dustin Harris OF Lars Nootbaar P George Kirby P Shota Imanaga SS Geraldo Perdomo,,,
323,5257800620,MoneyMatt711 (7/10),0,103.85,1B Kyle Stowers 2B Jake Cronenworth 3B Nick Loftin C Samuel Basallo OF Jackson Merrill OF Dustin Harris OF Dylan Beavers P George Kirby P Shota Imanaga SS Gunnar Henderson,,,
323,5257810684,LouisLipps (2/7),0,103.85,1B Jake Cronenworth 2B Fernando Tatis Jr. 3B Connor Norby C Yainer Diaz OF Cole Carrigg OF Dustin Harris OF Jordan Beck P Shota Imanaga P Yusei Kikuchi SS Jeremy Pena,,,
323,5257811229,oaktownchamps (1/2),0,103.85,1B Pete Alonso 2B Ketel Marte 3B Isaac Paredes C Gabriel Moreno OF Corbin Carroll OF Dustin Harris OF Lars Nootbaar P George Kirby P Shota Imanaga SS Geraldo Perdomo,,,
327,5257812677,jpeters6 (8/20),0,103.75,1B Pete Alonso 2B Fernando Tatis Jr. 3B Manny Machado C Ethan Salas OF Dustin Harris OF Rece Hinds OF Colton Cowser P Yusei Kikuchi P MacKenzie Gore SS Zach Neto,,,
328,5257807432,RealCT (2/4),0,103.55,1B Ty France 2B Fernando Tatis Jr. 3B Nolan Arenado C Gabriel Moreno OF Yordan Alvarez OF Jackson Merrill OF Dustin Harris P Ryan Gusto P Cristian Javier SS Ezequiel Tovar,,,
329,5257793187,Elwaysarmy (18/20),0,103.5,1B Salvador Perez 2B Ketel Marte 3B Isaac Paredes C Cal Raleigh OF Fernando Tatis Jr. OF Jackson Merrill OF Jahmai Jones P Shota Imanaga P Chris Bassitt SS Jeremy Pena,,,
330,5257800312,rwalton78 (1/2),0,103.3,1B Griffin Conine 2B Justin Foscue 3B Connor Norby C Carter Jensen OF Pete Crow-Armstrong OF Juan Soto OF Jahmai Jones P Jake Bennett P Cristian Javier SS Jeremy Pena,,,
330,5257814199,JadedinMaine (16/17),0,103.3,1B Willson Contreras 2B Christian Moore 3B Manny Machado C Moises Ballesteros OF Jackson Merrill OF Mike Trout OF Wade Meckler P Shota Imanaga P Cristian Javier SS Zach Neto,,,
332,5257813948,tpyo (12/20),0,103.2,1B Michael Busch 2B Ketel Marte 3B Alex Bregman C Gabriel Moreno OF Seiya Suzuki OF Corbin Carroll OF Lars Nootbaar P Jake Bennett P Merrill Kelly SS Geraldo Perdomo,,,
332,5257813953,tpyo (17/20),0,103.2,1B Michael Busch 2B Ketel Marte 3B Alex Bregman C Moises Ballesteros OF Seiya Suzuki OF Ian Happ OF Lars Nootbaar P Shota Imanaga P Jake Bennett SS Nico Hoerner,,,
334,5257790608,FoxyGrandpa252 (7/20),0,103.15,1B Willson Contreras 2B Fernando Tatis Jr. 3B Caleb Durbin C Gabriel Moreno OF Jackson Merrill OF Wilyer Abreu OF Jahmai Jones P George Kirby P Chris Bassitt SS Isiah Kiner-Falefa,,,
335,5257793184,Elwaysarmy (15/20),0,102.85,1B Pete Alonso 2B Ketel Marte 3B Christian Encarnacion-Strand C Carter Jensen OF Jackson Merrill OF Dylan Beavers OF Rece Hinds P Shota Imanaga P Yusei Kikuchi SS Gunnar Henderson,,,
335,5257803367,CR7162,0,102.85,1B Michael Busch 2B Xavier Edwards 3B Ezequiel Duran C Carter Jensen OF Corbin Carroll OF Wyatt Langford OF Julio Rodriguez P Shota Imanaga P Yusei Kikuchi SS Zach Neto,,,
335,5257804190,rills (10/20),0,102.85,1B Vinnie Pasquantino 2B Nick Loftin 3B Connor Norby C Carter Jensen OF Jake McCarthy OF John Rave OF Jordan Beck P George Kirby P Shota Imanaga SS Bobby Witt Jr.,,,
335,5257812685,jpeters6 (16/20),0,102.85,1B Jared Young 2B Fernando Tatis Jr. 3B Manny Machado C Ethan Salas OF Samad Taylor OF Dustin Harris OF Dylan Beavers P Merrill Kelly P Yusei Kikuchi SS Gunnar Henderson,,,
335,5257819677,AuburnFanMB,0,102.85,1B Pete Alonso 2B Javier Sanoja 3B Coby Mayo C Elias Diaz OF Pete Crow-Armstrong OF Yordan Alvarez OF Lars Nootbaar P Jake Bennett P Yusei Kikuchi SS Jeremy Pena,,,
340,5257808017,JadedinMaine (8/17),0,102.55,1B Willson Contreras 2B Fernando Tatis Jr. 3B Caleb Durbin C Adley Rutschman OF Jackson Merrill OF Roman Anthony OF Taylor Ward P Shota Imanaga P Daniel Lynch IV SS Trevor Story,,,
341,5257806336,PurpleReign1313,0,102.2,1B Willson Contreras 2B Ketel Marte 3B Isaac Paredes C Joe Mack OF Pete Crow-Armstrong OF Juan Soto OF Lars Nootbaar P Jake Bennett P Merrill Kelly SS Geraldo Perdomo,,,
342,5257800616,MoneyMatt711 (3/10),0,101.85,1B Jake Cronenworth 2B Jose Altuve 3B Isaac Paredes C Yainer Diaz OF Yordan Alvarez OF Dustin Harris OF Dylan Beavers P George Kirby P Shota Imanaga SS Jeremy Pena,,,
343,5257801070,Emac (19/20),0,101.3,1B Christian Walker 2B Jose Altuve 3B Isaac Paredes C Yainer Diaz OF Fernando Tatis Jr. OF Jackson Merrill OF Dustin Harris P Shota Imanaga P Cristian Javier SS Jeremy Pena,,,
343,5257804196,rills (16/20),0,101.3,1B Christian Walker 2B Jose Altuve 3B Isaac Paredes C Cal Raleigh OF Yordan Alvarez OF Julio Rodriguez OF Dominic Canzone P Shota Imanaga P Cristian Javier SS Jeremy Pena,,,
345,5257809171,superunknowx (1/2),0,101.15,1B Jake Cronenworth 2B Ketel Marte 3B Manny Machado C Gabriel Moreno OF Jackson Merrill OF Corbin Carroll OF Dustin Harris P Yusei Kikuchi P Chris Bassitt SS Xander Bogaerts,,,
346,5257800279,Johnny_Great (18/20),0,100.95,1B Jared Young 2B Adael Amador 3B Kyle Karros C Cal Raleigh OF Randy Arozarena OF Julio Rodriguez OF Dominic Canzone P George Kirby P Cristian Javier SS Cole Carrigg,,,
347,5257800275,Johnny_Great (14/20),0,100.85,1B Kyle Stowers 2B Ketel Marte 3B Javier Sanoja C Gabriel Moreno OF Heriberto Hernandez OF Griffin Conine OF Lars Nootbaar P George Kirby P Shota Imanaga SS Otto Lopez,,,
347,5257809330,Wiladrale,0,100.85,1B Tim Tawa 2B Ketel Marte 3B Weston Wilson C Gabriel Moreno OF Randy Arozarena OF Corbin Carroll OF Julio Rodriguez P George Kirby P Shota Imanaga SS J.P. Crawford,,,
347,5257812678,jpeters6 (9/20),0,100.85,1B Salvador Perez 2B Fernando Tatis Jr. 3B Nick Loftin C Carter Jensen OF Dustin Harris OF John Rave OF Lars Nootbaar P George Kirby P Shota Imanaga SS Bobby Witt Jr.,,,
347,5257813217,niveknodrog,0,100.85,1B Pete Alonso 2B Ketel Marte 3B Manny Machado C Gabriel Moreno OF Corbin Carroll OF Dustin Harris OF Lars Nootbaar P Shota Imanaga P Yusei Kikuchi SS Geraldo Perdomo,,,
347,5257818879,oaktownchamps (2/2),0,100.85,1B Pete Alonso 2B Ketel Marte 3B Manny Machado C Gabriel Moreno OF Corbin Carroll OF Dustin Harris OF Lars Nootbaar P Shota Imanaga P Yusei Kikuchi SS Geraldo Perdomo,,,
352,5257808605,Topciu5 (1/6),0,100.65,1B Pete Alonso 2B Justin Foscue 3B Weston Wilson C Carter Jensen OF Jackson Merrill OF Dustin Harris OF Taylor Ward P George Kirby P Robbie Ray SS Xander Bogaerts,,,
352,5257808611,Topciu5 (2/6),0,100.65,1B Pete Alonso 2B Justin Foscue 3B Weston Wilson C Carter Jensen OF Jackson Merrill OF Dustin Harris OF Taylor Ward P George Kirby P Robbie Ray SS Xander Bogaerts,,,
352,5257808613,Topciu5 (3/6),0,100.65,1B Pete Alonso 2B Justin Foscue 3B Weston Wilson C Carter Jensen OF Jackson Merrill OF Dustin Harris OF Taylor Ward P George Kirby P Robbie Ray SS Xander Bogaerts,,,
352,5257808615,Topciu5 (4/6),0,100.65,1B Pete Alonso 2B Justin Foscue 3B Weston Wilson C Carter Jensen OF Jackson Merrill OF Dustin Harris OF Taylor Ward P George Kirby P Robbie Ray SS Xander Bogaerts,,,
352,5257815226,Topciu5 (5/6),0,100.65,1B Pete Alonso 2B Justin Foscue 3B Weston Wilson C Carter Jensen OF Jackson Merrill OF Dustin Harris OF Taylor Ward P George Kirby P Robbie Ray SS Xander Bogaerts,,,
352,5257815259,Topciu5 (6/6),0,100.65,1B Pete Alonso 2B Justin Foscue 3B Weston Wilson C Carter Jensen OF Jackson Merrill OF Dustin Harris OF Taylor Ward P George Kirby P Robbie Ray SS Xander Bogaerts,,,
358,5257818478,SeanyB231 (13/19),0,100.5,1B Kyle Stowers 2B Ketel Marte 3B Nolan Arenado C Gabriel Moreno OF Fernando Tatis Jr. OF Corbin Carroll OF Jesus Sanchez P Jake Bennett P Chris Bassitt SS Jeremy Pena,,,
359,5257790607,FoxyGrandpa252 (6/20),0,100.1,1B Pete Alonso 2B Adael Amador 3B Nolan Arenado C Samuel Basallo OF Jake McCarthy OF Dylan Beavers OF Colton Cowser P Shota Imanaga P MacKenzie Gore SS Gunnar Henderson,,,
359,5257800268,Johnny_Great (7/20),0,100.1,1B Josh Naylor 2B Fernando Tatis Jr. 3B Vaughn Grissom C Cal Raleigh OF Julio Rodriguez OF Taylor Ward OF Josh Lowe P Shota Imanaga P MacKenzie Gore SS J.P. Crawford,,,
359,5257810702,gunnar09,0,100.1,1B Michael Busch 2B Ketel Marte 3B Bo Bichette C Gabriel Moreno OF Samad Taylor OF Julio Rodriguez OF Carson Benge P Shota Imanaga P MacKenzie Gore SS Geraldo Perdomo,,,
362,5257801067,Emac (16/20),0,99.85,1B Vinnie Pasquantino 2B Michael Massey 3B Isaac Paredes C Carter Jensen OF Yordan Alvarez OF Jackson Merrill OF Isaac Collins P Shota Imanaga P Yusei Kikuchi SS Bobby Witt Jr.,,,
362,5257803308,cojo1976,0,99.85,1B Vaughn Grissom 2B Nick Loftin 3B Nolan Arenado C Carter Jensen OF Pete Crow-Armstrong OF Roman Anthony OF Jesus Sanchez P George Kirby P Jake Bennett SS Nico Hoerner,,,
362,5257807905,JadedinMaine (6/17),0,99.85,1B Jake Burger 2B Justin Foscue 3B Ezequiel Duran C Danny Jansen OF Juan Soto OF Jackson Merrill OF A.J. Ewing P Shota Imanaga P Yusei Kikuchi SS Corey Seager,,,
362,5257809053,Handcuff2006 (2/6),0,99.85,1B Jared Young 2B Ketel Marte 3B Manny Machado C Gabriel Moreno OF Corbin Carroll OF Dustin Harris OF Lars Nootbaar P George Kirby P Shota Imanaga SS Geraldo Perdomo,,,
362,5257810550,mnordy03 (2/4),0,99.85,1B Jared Young 2B Ketel Marte 3B Manny Machado C Gabriel Moreno OF Corbin Carroll OF Dustin Harris OF Lars Nootbaar P George Kirby P Shota Imanaga SS Geraldo Perdomo,,,
362,5257811159,ramrodrocks (1/8),0,99.85,1B Jared Young 2B Ketel Marte 3B Manny Machado C Gabriel Moreno OF Corbin Carroll OF Dustin Harris OF Lars Nootbaar P George Kirby P Shota Imanaga SS Geraldo Perdomo,,,
362,5257811957,Thegamejoshyd44,0,99.85,1B Jared Young 2B Ketel Marte 3B Manny Machado C Gabriel Moreno OF Corbin Carroll OF Dustin Harris OF Lars Nootbaar P George Kirby P Shota Imanaga SS Geraldo Perdomo,,,
362,5257812286,Quontina,0,99.85,1B Jared Young 2B Ketel Marte 3B Manny Machado C Gabriel Moreno OF Corbin Carroll OF Dustin Harris OF Lars Nootbaar P George Kirby P Shota Imanaga SS Geraldo Perdomo,,,
362,5257818032,d9144 (1/12),0,99.85,1B Jared Young 2B Ketel Marte 3B Manny Machado C Gabriel Moreno OF Corbin Carroll OF Dustin Harris OF Lars Nootbaar P George Kirby P Shota Imanaga SS Geraldo Perdomo,,,
362,5257818920,GetYourShinebox (2/2),0,99.85,1B Jared Young 2B Ketel Marte 3B Manny Machado C Gabriel Moreno OF Corbin Carroll OF Dustin Harris OF Lars Nootbaar P George Kirby P Shota Imanaga SS Geraldo Perdomo,,,
362,5257820390,bama36608,0,99.85,1B Vinnie Pasquantino 2B Michael Massey 3B Manny Machado C Carter Jensen OF Jackson Merrill OF Lars Nootbaar OF Isaac Collins P Shota Imanaga P Yusei Kikuchi SS Bobby Witt Jr.,,,
373,5257795374,cmartyrun,0,99.65,1B Tim Tawa 2B Ketel Marte 3B Nolan Arenado C Gabriel Moreno OF Fernando Tatis Jr. OF Julio Rodriguez OF Lars Nootbaar P George Kirby P Robbie Ray SS J.P. Crawford,,,
374,5257798540,hillsidesports,0,99.55,1B Jared Young 2B Fernando Tatis Jr. 3B Kyle Karros C Cal Raleigh OF Juan Soto OF Carson Benge OF Dustin Harris P Jake Bennett P Daniel Lynch IV SS Francisco Lindor,,,
375,5257812765,MuScLeS_MaLeNaD,0,99.5,1B Willson Contreras 2B Ozzie Albies 3B Kyle Karros C Drake Baldwin OF Jake McCarthy OF Corbin Carroll OF Taylor Ward P Jake Bennett P Chris Bassitt SS Bobby Witt Jr.,,,
375,5257813093,boys4 (3/3),0,99.5,1B Pete Alonso 2B Marcus Semien 3B Coby Mayo C Samuel Basallo OF Juan Soto OF Carson Benge OF Dylan Beavers P Shota Imanaga P Chris Bassitt SS Francisco Lindor,,,
377,5257799877,lifelongbuc,0,99.2,1B Pete Alonso 2B Jose Altuve 3B Isaac Paredes C Gabriel Moreno OF Cole Carrigg OF Dominic Canzone OF Dylan Beavers P Shota Imanaga P Jake Bennett SS Geraldo Perdomo,,,
378,5257788601,cshap327,0,99,1B Kyle Stowers 2B Pedro Ramirez 3B Isaac Paredes C Carson Kelly OF Pete Crow-Armstrong OF Corbin Carroll OF Wade Meckler P Robbie Ray P Merrill Kelly SS Nico Hoerner,,,
379,5257812684,jpeters6 (15/20),0,98.95,1B Ty France 2B Cole Young 3B Manny Machado C Cal Raleigh OF Randy Arozarena OF Dominic Canzone OF Dustin Harris P George Kirby P Cristian Javier SS J.P. Crawford,,,
380,5257790602,FoxyGrandpa252 (1/20),0,98.85,1B Ty France 2B Adael Amador 3B Kyle Karros C Braxton Fulford OF Fernando Tatis Jr. OF Dustin Harris OF Jordan Beck P George Kirby P Shota Imanaga SS Ezequiel Tovar,,,
380,5257801582,gerg (2/5),0,98.85,1B Kyle Stowers 2B Ketel Marte 3B Javier Sanoja C Gabriel Moreno OF Corbin Carroll OF Griffin Conine OF Jakob Marsee P George Kirby P Jake Bennett SS Otto Lopez,,,
380,5257808961,otepencelik (6/15),0,98.85,1B Michael Busch 2B Brett Baty 3B Bo Bichette C Joe Mack OF Pete Crow-Armstrong OF Juan Soto OF A.J. Ewing P Shota Imanaga P Yusei Kikuchi SS Francisco Lindor,,,
380,5257818913,dr00pd0g,0,98.85,1B Jared Young 2B Fernando Tatis Jr. 3B Manny Machado C Gabriel Moreno OF Dustin Harris OF Lars Nootbaar OF Jahmai Jones P Shota Imanaga P Yusei Kikuchi SS Bobby Witt Jr.,,,
380,5257819287,kayelalynn,0,98.85,1B Tim Tawa 2B Fernando Tatis Jr. 3B Isaac Paredes C Yainer Diaz OF Pete Crow-Armstrong OF Carson Benge OF Jahmai Jones P Jake Bennett P Yusei Kikuchi SS Zach Neto,,,
385,5257798218,awen419 (10/20),0,98.65,1B Matt Olson 2B Ozzie Albies 3B Austin Riley C Ethan Salas OF Fernando Tatis Jr. OF Ronald Acuna Jr. OF Heriberto Hernandez P Robbie Ray P Yusei Kikuchi SS Ha-Seong Kim,,,
386,5257800566,Cory_Hawkins92,0,98.55,1B Willson Contreras 2B Isiah Kiner-Falefa 3B Bo Bichette C Adley Rutschman OF Pete Crow-Armstrong OF Juan Soto OF Carson Benge P Jake Bennett P Daniel Lynch IV SS Francisco Lindor,,,
387,5257820116,Gone_Gold (3/3),0,98.45,1B Ty France 2B Fernando Tatis Jr. 3B Connor Norby C Moises Ballesteros OF Ian Happ OF Dustin Harris OF Michael Conforto P Shota Imanaga P Ryan Gusto SS Cole Carrigg,,,
388,5257787919,OlaveGarden94,0,98.3,1B Ty France 2B Fernando Tatis Jr. 3B Connor Norby C Gabriel Moreno OF Jackson Merrill OF Dustin Harris OF Lars Nootbaar P Merrill Kelly P Cristian Javier SS Cole Carrigg,,,
388,5257790619,FoxyGrandpa252 (18/20),0,98.3,1B Matt Olson 2B Ozzie Albies 3B Christian Encarnacion-Strand C Drake Baldwin OF Ronald Acuna Jr. OF Jake McCarthy OF Dylan Beavers P Jake Bennett P Cristian Javier SS Mauricio Dubon,,,
388,5257791453,SOSAFORHOF,0,98.3,1B Moises Ballesteros 2B Isiah Kiner-Falefa 3B Nick Loftin C Drake Baldwin OF Pete Crow-Armstrong OF Yordan Alvarez OF Corbin Carroll P Shota Imanaga P Cristian Javier SS Gunnar Henderson,,,
388,5257793182,Elwaysarmy (13/20),0,98.3,1B Jake Cronenworth 2B Fernando Tatis Jr. 3B Connor Norby C Braxton Fulford OF Jackson Merrill OF Dustin Harris OF Jordan Beck P Shota Imanaga P Cristian Javier SS Xander Bogaerts,,,
388,5257800541,rwalton78 (2/2),0,98.3,1B Griffin Conine 2B Ozzie Albies 3B Connor Norby C Carter Jensen OF Pete Crow-Armstrong OF Juan Soto OF Jahmai Jones P Jake Bennett P Cristian Javier SS Jeremy Pena,,,
393,5257790624,kdubb63,0,98.2,1B Ty France 2B Adael Amador 3B Isaac Paredes C Agustin Ramirez OF Mike Trout OF Dustin Harris OF Jordan Beck P Shota Imanaga P Jake Bennett SS Zach Neto,,,
393,5257801604,meyers2305 (10/20),0,98.2,1B Jake Cronenworth 2B Connor Norby 3B Kyle Karros C Ethan Salas OF Fernando Tatis Jr. OF Jackson Merrill OF Jordan Beck P Cristian Javier P MacKenzie Gore SS Xander Bogaerts,,,
395,5257812682,jpeters6 (13/20),0,97.95,1B Christian Walker 2B Jake Cronenworth 3B Isaac Paredes C Cal Raleigh OF Jackson Merrill OF Samad Taylor OF Dustin Harris P George Kirby P Cristian Javier SS Xander Bogaerts,,,
396,5257809326,wwaazz,0,97.9,1B Jared Young 2B Fernando Tatis Jr. 3B Josh Jung C Samuel Basallo OF Jackson Merrill OF Dustin Harris OF Lars Nootbaar P Robbie Ray P MacKenzie Gore SS Francisco Lindor,,,
397,5257801057,Emac (6/20),0,97.85,1B Vinnie Pasquantino 2B Ketel Marte 3B Kyle Karros C Gabriel Moreno OF Jake McCarthy OF Cole Carrigg OF Lars Nootbaar P Shota Imanaga P Yusei Kikuchi SS Bobby Witt Jr.,,,
397,5257804788,Louisianimal,0,97.85,1B Kyle Stowers 2B Pedro Ramirez 3B Austin Riley C Adley Rutschman OF Pete Crow-Armstrong OF Ronald Acuna Jr. OF Colton Cowser P George Kirby P Jake Bennett SS Isiah Kiner-Falefa,,,
397,5257818169,zigzagman115 (3/3),0,97.85,1B Ty France 2B Fernando Tatis Jr. 3B Manny Machado C Yainer Diaz OF A.J. Ewing OF Wade Meckler OF Dustin Harris P Shota Imanaga P Yusei Kikuchi SS Isiah Kiner-Falefa,,,
400,5257802341,Choker12 (1/5),0,97.75,1B Michael Busch 2B Ketel Marte 3B Weston Wilson C Gabriel Moreno OF Pete Crow-Armstrong OF Corbin Carroll OF Colton Cowser P George Kirby P MacKenzie Gore SS Geraldo Perdomo,,,
401,5257803652,Kpw87,0,97.3,1B Willson Contreras 2B Adael Amador 3B Kyle Karros C Yainer Diaz OF Fernando Tatis Jr. OF Wade Meckler OF Dylan Beavers P Shota Imanaga P Cristian Javier SS Cole Carrigg,,,
402,5257807629,deathmetalbob,0,97.25,1B Matt Olson 2B Ozzie Albies 3B Javier Sanoja C Drake Baldwin OF Ronald Acuna Jr. OF Mauricio Dubon OF Jakob Marsee P George Kirby P JR Ritchie SS Otto Lopez,,,
403,5257798877,FantasyCrusader (2/9),0,97.2,1B Pete Alonso 2B Ketel Marte 3B Coby Mayo C Samuel Basallo OF Corbin Carroll OF Dylan Beavers OF Lars Nootbaar P Shota Imanaga P Merrill Kelly SS Bobby Witt Jr.,,,
404,5257790529,newjammy (6/20),0,96.95,1B Ty France 2B Ozzie Albies 3B Connor Norby C Ethan Salas OF Juan Soto OF Jackson Merrill OF Dominic Canzone P George Kirby P Cristian Javier SS Ezequiel Tovar,,,
404,5257812676,jpeters6 (7/20),0,96.95,1B Ty France 2B Jake Cronenworth 3B Connor Norby C Yainer Diaz OF Fernando Tatis Jr. OF Jackson Merrill OF Dustin Harris P Yusei Kikuchi P Cristian Javier SS Jeremy Pena,,,
406,5257788329,Gilbyfest (5/5),0,96.85,1B Jake Burger 2B Jake Cronenworth 3B Manny Machado C Gabriel Moreno OF Cole Carrigg OF Wyatt Langford OF Julio Rodriguez P Merrill Kelly P Yusei Kikuchi SS Francisco Lindor,,,
406,5257808299,mdscott27 (4/20),0,96.85,1B Vinnie Pasquantino 2B Jose Altuve 3B Josh Rojas C Carter Jensen OF Jackson Merrill OF Dustin Harris OF John Rave P George Kirby P Jake Bennett SS Bobby Witt Jr.,,,
406,5257819443,Jeter2333 (6/16),0,96.85,1B Ty France 2B Jake Cronenworth 3B Manny Machado C Elias Diaz OF Jackson Merrill OF Dustin Harris OF Lars Nootbaar P George Kirby P Shota Imanaga SS Ezequiel Tovar,,,
409,5257806090,cbrhem (2/2),0,96.75,1B Salvador Perez 2B Cole Young 3B Josh Jung C Drake Baldwin OF Pete Crow-Armstrong OF Seiya Suzuki OF Dustin Harris P George Kirby P MacKenzie Gore SS J.P. Crawford,,,
410,5257811626,hotdogphingers,0,96.65,1B Kyle Stowers 2B Fernando Tatis Jr. 3B Josh Jung C Ethan Salas OF Jackson Merrill OF Dylan Beavers OF Lars Nootbaar P George Kirby P Robbie Ray SS Isiah Kiner-Falefa,,,
411,5257797206,LionKing1957,0,96.3,1B Ty France 2B Fernando Tatis Jr. 3B Coby Mayo C Gabriel Moreno OF Jackson Merrill OF Cam Smith OF Jordan Beck P Shota Imanaga P Cristian Javier SS Geraldo Perdomo,,,
412,5257785209,flanders21,0,96.25,1B Pete Alonso 2B Fernando Tatis Jr. 3B Alex Bregman C Carter Jensen OF A.J. Ewing OF Cam Smith OF Lars Nootbaar P JR Ritchie P Yusei Kikuchi SS Zach Neto,,,
413,5257788244,weber30,0,96.2,1B Pete Alonso 2B Ozzie Albies 3B Josh Jung C Drake Baldwin OF Carson Benge OF Ezequiel Duran OF A.J. Ewing P Shota Imanaga P Jake Bennett SS Nico Hoerner,,,
413,5257793185,Elwaysarmy (16/20),0,96.2,1B Josh Naylor 2B Fernando Tatis Jr. 3B Weston Wilson C Cal Raleigh OF Jackson Merrill OF Julio Rodriguez OF Taylor Ward P Cristian Javier P MacKenzie Gore SS Zach Neto,,,
413,5257806629,rctiger,0,96.2,1B Brett Baty 2B Cole Young 3B Nolan Arenado C Cal Raleigh OF Juan Soto OF Carson Benge OF Dominic Canzone P Shota Imanaga P Jake Bennett SS Francisco Lindor,,,
413,5257811335,samolson3121 (2/2),0,96.2,1B Josh Naylor 2B Jose Altuve 3B Isaac Paredes C Cal Raleigh OF Yordan Alvarez OF Randy Arozarena OF Julio Rodriguez P Cristian Javier P MacKenzie Gore SS Jeremy Pena,,,
417,5257788236,JustinAngelo1,0,96,1B Pete Alonso 2B Ketel Marte 3B Vaughn Grissom C Gabriel Moreno OF Fernando Tatis Jr. OF Corbin Carroll OF Jorge Barrosa P Robbie Ray P Merrill Kelly SS Trevor Story,,,
417,5257817335,Hindu321,0,96,1B Michael Busch 2B Fernando Tatis Jr. 3B Nolan Arenado C Luis Torrens OF Carson Benge OF A.J. Ewing OF Wade Meckler P Shota Imanaga P Robbie Ray SS Corey Seager,,,
419,5257818035,d9144 (4/12),0,95.85,1B Pavin Smith 2B Adael Amador 3B Connor Norby C Gabriel Moreno OF Cole Carrigg OF Corbin Carroll OF Lars Nootbaar P George Kirby P Shota Imanaga SS Geraldo Perdomo,,,
420,5257818664,jbax0306,0,95.75,1B Pete Alonso 2B Adael Amador 3B Christian Encarnacion-Strand C Gabriel Moreno OF Yordan Alvarez OF Carson Benge OF Jeremiah Jackson P Yusei Kikuchi P MacKenzie Gore SS Francisco Lindor,,,
421,5257808670,roni0812,0,95.45,1B Pavin Smith 2B Isiah Kiner-Falefa 3B Manny Machado C Elias Diaz OF Fernando Tatis Jr. OF Pete Crow-Armstrong OF Cole Carrigg P Jake Bennett P Ryan Gusto SS Ezequiel Tovar,,,
422,5257795990,ARoman24 (2/3),0,95.3,1B Jake Cronenworth 2B Adael Amador 3B Kyle Karros C Gabriel Moreno OF Jake McCarthy OF Corbin Carroll OF Troy Johnston P Shota Imanaga P Cristian Javier SS Cole Carrigg,,,
422,5257808374,gerg (4/5),0,95.3,1B Pavin Smith 2B Fernando Tatis Jr. 3B Manny Machado C Ethan Salas OF Jackson Merrill OF Lars Nootbaar OF Jesus Sanchez P Jake Bennett P Cristian Javier SS Xander Bogaerts,,,
424,5257787789,gopats2015,0,95.2,1B Ty France 2B Javier Sanoja 3B Coby Mayo C Samuel Basallo OF Cole Carrigg OF Carson Benge OF A.J. Ewing P Shota Imanaga P Jake Bennett SS Geraldo Perdomo,,,
424,5257799950,dhaval60194,0,95.2,1B Pavin Smith 2B Jeremiah Jackson 3B Nick Loftin C Sean Murphy OF Fernando Tatis Jr. OF Yordan Alvarez OF Seiya Suzuki P Shota Imanaga P Jake Bennett SS Nico Hoerner,,,
426,5257788909,peterjpacheco (2/6),0,95.1,1B Jared Young 2B Adael Amador 3B Isaac Paredes C Gabriel Moreno OF Randy Arozarena OF Corbin Carroll OF Dustin Harris P Shota Imanaga P MacKenzie Gore SS Francisco Lindor,,,
426,5257815327,monsoonserge (2/3),0,95.1,1B Jake Cronenworth 2B Ketel Marte 3B Josh Jung C Gabriel Moreno OF Jackson Merrill OF Corbin Carroll OF Lars Nootbaar P Shota Imanaga P MacKenzie Gore SS Geraldo Perdomo,,,
428,5257804194,rills (14/20),0,94.85,1B Vinnie Pasquantino 2B Michael Massey 3B Isaac Paredes C Carter Jensen OF Yordan Alvarez OF Cam Smith OF Isaac Collins P George Kirby P Shota Imanaga SS Bobby Witt Jr.,,,
428,5257811161,ramrodrocks (3/8),0,94.85,1B Christian Walker 2B Jose Altuve 3B Isaac Paredes C Yainer Diaz OF Fernando Tatis Jr. OF Dustin Harris OF Lars Nootbaar P George Kirby P Shota Imanaga SS Jeremy Pena,,,
428,5257817687,Handcuff2006 (6/6),0,94.85,1B Christian Walker 2B Jose Altuve 3B Isaac Paredes C Yainer Diaz OF Fernando Tatis Jr. OF Dustin Harris OF Lars Nootbaar P George Kirby P Shota Imanaga SS Jeremy Pena,,,
428,5257818493,nickcov (3/3),0,94.85,1B Christian Walker 2B Jose Altuve 3B Isaac Paredes C Yainer Diaz OF Fernando Tatis Jr. OF Dustin Harris OF Lars Nootbaar P George Kirby P Shota Imanaga SS Jeremy Pena,,,
428,5257819507,Ryjo79 (3/3),0,94.85,1B Christian Walker 2B Jose Altuve 3B Isaac Paredes C Yainer Diaz OF Fernando Tatis Jr. OF Dustin Harris OF Lars Nootbaar P George Kirby P Shota Imanaga SS Jeremy Pena,,,
433,5257812139,Gone_Gold (2/3),0,94.75,1B Ty France 2B Connor Norby 3B Kyle Karros C Ethan Salas OF Jackson Merrill OF Jake McCarthy OF Jordan Beck P Yusei Kikuchi P MacKenzie Gore SS Cole Carrigg,,,
434,5257791260,M37Fisher (2/5),0,94.4,1B Jared Young 2B Marcus Semien 3B Christian Encarnacion-Strand C Luis Torrens OF Juan Soto OF Ronald Acuna Jr. OF A.J. Ewing P Robbie Ray P JR Ritchie SS Bobby Witt Jr.,,,
435,5257807987,JadedinMaine (7/17),0,94.3,1B Willson Contreras 2B Isiah Kiner-Falefa 3B Caleb Durbin C Adley Rutschman OF Yordan Alvarez OF Jackson Merrill OF Roman Anthony P Shota Imanaga P Cristian Javier SS Jeremy Pena,,,
436,5257800623,MoneyMatt711 (10/10),0,94.2,1B Griffin Conine 2B Jake Cronenworth 3B Manny Machado C Yainer Diaz OF Jackson Merrill OF Cam Smith OF Jahmai Jones P Shota Imanaga P Jake Bennett SS Jeremy Pena,,,
437,5257809023,Inimik,0,94.1,1B Jake Burger 2B Justin Foscue 3B Bo Bichette C Gabriel Moreno OF Juan Soto OF Carson Benge OF A.J. Ewing P Shota Imanaga P MacKenzie Gore SS Francisco Lindor,,,
438,5257790528,newjammy (5/20),0,93.95,1B Kyle Stowers 2B Ozzie Albies 3B Manny Machado C Ethan Salas OF Jackson Merrill OF Dominic Canzone OF Jordan Beck P George Kirby P Cristian Javier SS Ezequiel Tovar,,,
438,5257801065,Emac (14/20),0,93.95,1B Josh Naylor 2B Jose Altuve 3B Isaac Paredes C Cal Raleigh OF Yordan Alvarez OF Randy Arozarena OF Daulton Varsho P George Kirby P Cristian Javier SS Jeremy Pena,,,
440,5257806122,MomboJackson,0,93.85,1B Michael Busch 2B Connor Norby 3B Kyle Karros C Drake Baldwin OF Fernando Tatis Jr. OF Brandon Nimmo OF Troy Johnston P Shota Imanaga P Yusei Kikuchi SS Mauricio Dubon,,,
440,5257806428,inita41,0,93.85,1B Jake Burger 2B Jose Altuve 3B Isaac Paredes C Yainer Diaz OF Yordan Alvarez OF Corbin Carroll OF Julio Rodriguez P George Kirby P Merrill Kelly SS Jeremy Pena,,,
440,5257809232,jjbrock (18/20),0,93.85,1B Pete Alonso 2B Adael Amador 3B Connor Norby C Gabriel Moreno OF Jake McCarthy OF Dylan Beavers OF Jordan Beck P Shota Imanaga P Yusei Kikuchi SS Cole Carrigg,,,
440,5257811203,GunRanger (3/8),0,93.85,1B Ty France 2B Marcus Semien 3B Manny Machado C Luis Torrens OF Jackson Merrill OF A.J. Ewing OF Dustin Harris P Shota Imanaga P Yusei Kikuchi SS Francisco Lindor,,,
440,5257817627,LouisLipps (6/7),0,93.85,1B Christian Walker 2B Ketel Marte 3B Isaac Paredes C Yainer Diaz OF Yordan Alvarez OF Dustin Harris OF Dylan Beavers P George Kirby P Shota Imanaga SS Jeremy Pena,,,
440,5257819444,Jeter2333 (7/16),0,93.85,1B Ty France 2B Isiah Kiner-Falefa 3B Connor Norby C Elias Diaz OF Jackson Merrill OF Carson Benge OF Dustin Harris P George Kirby P Shota Imanaga SS Xander Bogaerts,,,
446,5257807116,244horns244,0,93.65,1B Salvador Perez 2B Adael Amador 3B Isaac Paredes C Elias Diaz OF Pete Crow-Armstrong OF Yordan Alvarez OF Isaac Collins P Shota Imanaga P Mason Adams SS Jeremy Pena,,,
447,5257804487,hanleyp20,0,93.6,1B Jared Young 2B Marcus Semien 3B Coby Mayo C Samuel Basallo OF Juan Soto OF Randy Arozarena OF A.J. Ewing P Shota Imanaga P JR Ritchie SS Francisco Lindor,,,
448,5257816704,Rong86 (1/2),0,93.55,1B Vinnie Pasquantino 2B Michael Massey 3B Isaac Paredes C Yainer Diaz OF Fernando Tatis Jr. OF Randy Arozarena OF Jakob Marsee P Mason Adams P MacKenzie Gore SS Jeremy Pena,,,
449,5257798214,awen419 (6/20),0,93.3,1B Christian Walker 2B Jose Altuve 3B Manny Machado C Yainer Diaz OF Fernando Tatis Jr. OF Dustin Harris OF Cam Smith P Shota Imanaga P Cristian Javier SS Jeremy Pena,,,
449,5257809229,jjbrock (15/20),0,93.3,1B Pete Alonso 2B Brett Baty 3B Coby Mayo C Gabriel Moreno OF Juan Soto OF Carson Benge OF A.J. Ewing P Shota Imanaga P Cristian Javier SS Francisco Lindor,,,
451,5257800213,justb0bby,0,93.2,1B Matt Olson 2B Xavier Edwards 3B Connor Norby C Adley Rutschman OF Julio Rodriguez OF Carson Benge OF Wade Meckler P Shota Imanaga P Jake Bennett SS Otto Lopez,,,
451,5257812264,Moss_Boss.1 (2/3),0,93.2,1B Jake Burger 2B Justin Foscue 3B Christian Encarnacion-Strand C Elias Diaz OF Juan Soto OF Yordan Alvarez OF Jackson Merrill P Cristian Javier P MacKenzie Gore SS Jeremy Pena,,,
453,5257811058,jcrowepls,0,93.1,1B Willson Contreras 2B Ketel Marte 3B Isaac Paredes C Adley Rutschman OF Randy Arozarena OF Seiya Suzuki OF Julio Rodriguez P Robbie Ray P Cristian Javier SS Jeremy Pena,,,
454,5257790178,mharperpkt999,0,93,1B Willson Contreras 2B Jose Altuve 3B Isaac Paredes C Gabriel Moreno OF Wilyer Abreu OF Corbin Carroll OF Lars Nootbaar P Jake Bennett P Robbie Ray SS Jeremy Pena,,,
455,5257790075,mcooper2300 (2/3),0,92.85,1B Kyle Stowers 2B Javier Sanoja 3B Isaac Paredes C Yainer Diaz OF Cole Carrigg OF Heriberto Hernandez OF Griffin Conine P George Kirby P Shota Imanaga SS Otto Lopez,,,
455,5257790617,FoxyGrandpa252 (16/20),0,92.85,1B Ty France 2B Jose Altuve 3B Isaac Paredes C Yainer Diaz OF Yordan Alvarez OF Jackson Merrill OF Lars Nootbaar P Shota Imanaga P Yusei Kikuchi SS Jeremy Pena,,,
455,5257812679,jpeters6 (10/20),0,92.85,1B Josh Naylor 2B Jose Altuve 3B Isaac Paredes C Yainer Diaz OF Juan Soto OF Julio Rodriguez OF Taylor Ward P George Kirby P Jake Bennett SS Jeremy Pena,,,
455,5257817582,LouisLipps (3/7),0,92.85,1B Jake Cronenworth 2B Connor Norby 3B Manny Machado C Yainer Diaz OF Fernando Tatis Jr. OF Cam Smith OF Jorge Barrosa P Shota Imanaga P Yusei Kikuchi SS Jeremy Pena,,,
459,5257811209,Skeeter95,0,92.75,1B Jared Young 2B Brett Baty 3B Javier Sanoja C Cal Raleigh OF Jackson Merrill OF Randy Arozarena OF Dustin Harris P George Kirby P MacKenzie Gore SS Corey Seager,,,
460,5257808543,Dandys,0,92.65,1B Michael Busch 2B Javier Sanoja 3B Connor Norby C Gabriel Moreno OF Jackson Merrill OF Carson Benge OF A.J. Ewing P Shota Imanaga P Mason Adams SS Corey Seager,,,
461,5257808905,lacavirma (2/2),0,92.3,1B Pete Alonso 2B Marcus Semien 3B Coby Mayo C Samuel Basallo OF Juan Soto OF Carson Benge OF A.J. Ewing P Shota Imanaga P Cristian Javier SS Francisco Lindor,,,
462,5257818822,Mitchellski,0,92,1B Ty France 2B Fernando Tatis Jr. 3B Kyle Karros C Carter Jensen OF Jake McCarthy OF Jordan Beck OF Lars Nootbaar P Jake Bennett P Robbie Ray SS Ezequiel Tovar,,,
463,5257801058,Emac (7/20),0,91.95,1B Christian Walker 2B Jose Altuve 3B Isaac Paredes C Cal Raleigh OF Jackson Merrill OF Randy Arozarena OF Dustin Harris P George Kirby P Cristian Javier SS Jeremy Pena,,,
463,5257811206,GunRanger (6/8),0,91.95,1B Jared Young 2B Jake Cronenworth 3B Manny Machado C Ethan Salas OF Juan Soto OF Jackson Merrill OF Dustin Harris P Yusei Kikuchi P Cristian Javier SS Francisco Lindor,,,
465,5257812688,jpeters6 (19/20),0,91.85,1B Michael Busch 2B Ketel Marte 3B Alex Bregman C Gabriel Moreno OF Seiya Suzuki OF Corbin Carroll OF Ian Happ P Merrill Kelly P Yusei Kikuchi SS Nico Hoerner,,,
465,5257817832,dgkb (7/20),0,91.85,1B Christian Walker 2B Jose Altuve 3B Isaac Paredes C Cal Raleigh OF Randy Arozarena OF Julio Rodriguez OF Dominic Canzone P George Kirby P Jake Bennett SS J.P. Crawford,,,
467,5257812675,jpeters6 (6/20),0,91.75,1B Josh Naylor 2B Adael Amador 3B Connor Norby C Cal Raleigh OF Jake McCarthy OF Julio Rodriguez OF Taylor Ward P George Kirby P MacKenzie Gore SS J.P. Crawford,,,
467,5257812680,jpeters6 (11/20),0,91.75,1B Ty France 2B Jose Altuve 3B Isaac Paredes C Ethan Salas OF Yordan Alvarez OF Jackson Merrill OF Dustin Harris P Yusei Kikuchi P MacKenzie Gore SS Jeremy Pena,,,
469,5257798022,Playforme,0,91.65,1B Moises Ballesteros 2B Fernando Tatis Jr. 3B Manny Machado C Sean Murphy OF Jackson Merrill OF Samad Taylor OF Dustin Harris P Robbie Ray P Yusei Kikuchi SS Isiah Kiner-Falefa,,,
470,5257812775,scullen10,0,91.3,1B Willson Contreras 2B Ketel Marte 3B Manny Machado C Joe Mack OF Fernando Tatis Jr. OF Dustin Harris OF Jahmai Jones P Shota Imanaga P Cristian Javier SS Trevor Story,,,
470,5257814913,sprtwlf (8/8),0,91.3,1B Tim Tawa 2B Ketel Marte 3B Isaac Paredes C Adley Rutschman OF Pete Crow-Armstrong OF Jackson Merrill OF Wade Meckler P Jake Bennett P Cristian Javier SS Jeremy Pena,,,
472,5257790134,AKJeff (1/2),0,91.2,1B Pete Alonso 2B Ketel Marte 3B Coby Mayo C Gabriel Moreno OF Corbin Carroll OF Dylan Beavers OF Jorge Barrosa P Shota Imanaga P Jake Bennett SS Gunnar Henderson,,,
472,5257790543,newjammy (20/20),0,91.2,1B Kyle Stowers 2B Justin Foscue 3B Connor Norby C Braxton Fulford OF Pete Crow-Armstrong OF Jackson Merrill OF Corbin Carroll P Cristian Javier P MacKenzie Gore SS Ezequiel Tovar,,,
472,5257807828,JadedinMaine (2/17),0,91.2,1B Tim Tawa 2B Ketel Marte 3B Nolan Arenado C Gabriel Moreno OF Juan Soto OF Corbin Carroll OF A.J. Ewing P George Kirby P Daniel Lynch IV SS Bobby Witt Jr.,,,
475,5257801064,Emac (13/20),0,91.15,1B Christian Walker 2B Jose Altuve 3B Manny Machado C Yainer Diaz OF Fernando Tatis Jr. OF Yordan Alvarez OF Dustin Harris P Yusei Kikuchi P Chris Bassitt SS Jeremy Pena,,,
476,5257785676,KarrosHair,0,91.1,1B Pete Alonso 2B Ketel Marte 3B Josh Jung C Gabriel Moreno OF Jackson Merrill OF Dylan Beavers OF Lars Nootbaar P Jake Bennett P MacKenzie Gore SS Jeremy Pena,,,
477,5257801507,r4rara,0,91,1B Pete Alonso 2B Jose Altuve 3B Bo Bichette C Carter Jensen OF Ronald Acuna Jr. OF Mike Trout OF Lars Nootbaar P Robbie Ray P Merrill Kelly SS Corey Seager,,,
477,5257814946,jckasta40 (13/13),0,91,1B Jake Cronenworth 2B Jose Altuve 3B Isaac Paredes C Moises Ballesteros OF Juan Soto OF Randy Arozarena OF Julio Rodriguez P Robbie Ray P Merrill Kelly SS Francisco Lindor,,,
479,5257789710,JustJames23 (2/2),0,90.95,1B Ty France 2B Ketel Marte 3B Manny Machado C Gabriel Moreno OF Jackson Merrill OF Dustin Harris OF Lars Nootbaar P George Kirby P Cristian Javier SS Geraldo Perdomo,,,
479,5257804189,rills (9/20),0,90.95,1B Matt Olson 2B Jose Altuve 3B Isaac Paredes C Cal Raleigh OF Randy Arozarena OF Julio Rodriguez OF Dominic Canzone P George Kirby P Cristian Javier SS J.P. Crawford,,,
479,5257818921,scrub69 (2/2),0,90.95,1B Pete Alonso 2B Ketel Marte 3B Isaac Paredes C Gabriel Moreno OF Jackson Merrill OF Corbin Carroll OF Dustin Harris P George Kirby P Cristian Javier SS Geraldo Perdomo,,,
482,5257784582,sellputs,0,90.85,1B Ty France 2B Ketel Marte 3B Manny Machado C Moises Ballesteros OF Jackson Merrill OF Dustin Harris OF Jahmai Jones P Shota Imanaga P Yusei Kikuchi SS Francisco Lindor,,,
482,5257791411,garovon,0,90.85,1B Jake Burger 2B Marcus Semien 3B Isaac Paredes C Carter Jensen OF Randy Arozarena OF Roman Anthony OF Wade Meckler P George Kirby P Shota Imanaga SS Geraldo Perdomo,,,
482,5257800282,Q33Q (1/2),0,90.85,1B Jared Young 2B Connor Norby 3B Coby Mayo C Gabriel Moreno OF Fernando Tatis Jr. OF Cole Carrigg OF Josh Lowe P Shota Imanaga P Yusei Kikuchi SS Corey Seager,,,
482,5257819447,Jeter2333 (10/16),0,90.85,1B Ty France 2B Fernando Tatis Jr. 3B Kyle Karros C Braxton Fulford OF Dominic Canzone OF Lars Nootbaar OF Jahmai Jones P George Kirby P Shota Imanaga SS Xander Bogaerts,,,
486,5257790531,newjammy (8/20),0,90.75,1B Ty France 2B Justin Foscue 3B Manny Machado C Ethan Salas OF Jackson Merrill OF Dominic Canzone OF Jahmai Jones P George Kirby P MacKenzie Gore SS Ezequiel Tovar,,,
486,5257817835,dgkb (10/20),0,90.75,1B Kyle Stowers 2B Ketel Marte 3B Nolan Arenado C Gabriel Moreno OF Randy Arozarena OF Heriberto Hernandez OF Lars Nootbaar P George Kirby P MacKenzie Gore SS Geraldo Perdomo,,,
486,5257818041,d9144 (10/12),0,90.75,1B Jake Cronenworth 2B Fernando Tatis Jr. 3B Nolan Arenado C Gabriel Moreno OF Jackson Merrill OF Dustin Harris OF Lars Nootbaar P Yusei Kikuchi P MacKenzie Gore SS Xander Bogaerts,,,
489,5257801607,meyers2305 (13/20),0,90.55,1B Josh Naylor 2B Connor Norby 3B Weston Wilson C Cal Raleigh OF Jake McCarthy OF Randy Arozarena OF Julio Rodriguez P MacKenzie Gore P Xzavion Curry SS Xander Bogaerts,,,
490,5257798915,FantasyCrusader (4/9),0,90.3,1B Pete Alonso 2B Connor Norby 3B Kyle Karros C Braxton Fulford OF Pete Crow-Armstrong OF Seiya Suzuki OF Jordan Beck P Mason Adams P Yusei Kikuchi SS Cole Carrigg,,,
490,5257802376,flashgo,0,90.3,1B Michael Busch 2B Connor Norby 3B Isaac Paredes C Gabriel Moreno OF Fernando Tatis Jr. OF Samad Taylor OF Mauricio Dubon P Mason Adams P Yusei Kikuchi SS Zach Neto,,,
492,5257790135,AKJeff (2/2),0,90.2,1B Pete Alonso 2B Ketel Marte 3B Coby Mayo C Gabriel Moreno OF Corbin Carroll OF Josh Lowe OF Lars Nootbaar P Shota Imanaga P Jake Bennett SS Gunnar Henderson,,,
493,5257817833,dgkb (8/20),0,90,1B Pete Alonso 2B Jeremiah Jackson 3B Coby Mayo C Samuel Basallo OF Wilyer Abreu OF Roman Anthony OF Jahmai Jones P Jake Bennett P Robbie Ray SS Gunnar Henderson,,,
494,5257802183,SeanyB231 (1/19),0,89.85,1B Pete Alonso 2B Justin Foscue 3B Coby Mayo C Samuel Basallo OF Juan Soto OF Ronald Acuna Jr. OF Colton Cowser P Merrill Kelly P Yusei Kikuchi SS Gunnar Henderson,,,
494,5257806474,mcgee5555,0,89.85,1B Michael Busch 2B Jose Altuve 3B Nolan Arenado C Gabriel Moreno OF Corbin Carroll OF Carson Benge OF Lars Nootbaar P George Kirby P Shota Imanaga SS Francisco Lindor,,,
496,5257802287,sportsfanatic89 (1/4),0,89.75,1B Pete Alonso 2B Fernando Tatis Jr. 3B Kyle Karros C Yainer Diaz OF Jackson Merrill OF Dustin Harris OF Lars Nootbaar P Yusei Kikuchi P MacKenzie Gore SS Francisco Lindor,,,
496,5257804183,rills (3/20),0,89.75,1B Josh Naylor 2B Ketel Marte 3B Nolan Arenado C Cal Raleigh OF Randy Arozarena OF Corbin Carroll OF Lars Nootbaar P George Kirby P MacKenzie Gore SS Geraldo Perdomo,,,
496,5257808248,tybubs24,0,89.75,1B Kyle Stowers 2B Ozzie Albies 3B Manny Machado C Drake Baldwin OF Jackson Merrill OF Dustin Harris OF Jakob Marsee P Yusei Kikuchi P MacKenzie Gore SS Otto Lopez,,,
499,5257809190,Warr1013,0,89.7,1B Pete Alonso 2B Jose Altuve 3B Austin Riley C Sean Murphy OF Pete Crow-Armstrong OF Juan Soto OF A.J. Ewing P JR Ritchie P Cristian Javier SS Francisco Lindor,,,
500,5257808963,otepencelik (8/15),0,89.65,1B Kyle Stowers 2B Jake Cronenworth 3B Manny Machado C Joe Mack OF Jackson Merrill OF Heriberto Hernandez OF Dustin Harris P Robbie Ray P Yusei Kikuchi SS Xander Bogaerts,,,
500,5257816037,otepencelik (13/15),0,89.65,1B Kyle Stowers 2B Jake Cronenworth 3B Manny Machado C Joe Mack OF Jackson Merrill OF Heriberto Hernandez OF Dustin Harris P Robbie Ray P Yusei Kikuchi SS Xander Bogaerts,,,
502,5257801719,FantasyCrusader (6/9),0,89.3,1B Pete Alonso 2B Connor Norby 3B Kyle Karros C Samuel Basallo OF Jake McCarthy OF Corbin Carroll OF Dylan Beavers P Jake Bennett P Cristian Javier SS Cole Carrigg,,,
503,5257817646,SeanyB231 (11/19),0,89.15,1B Matt Olson 2B Justin Foscue 3B Ezequiel Duran C Elias Diaz OF Fernando Tatis Jr. OF Michael Harris II OF Brandon Nimmo P George Kirby P Chris Bassitt SS Corey Seager,,,
504,5257811474,scaliscal80,0,88.9,1B Ty France 2B Ozzie Albies 3B Ezequiel Duran C Gabriel Moreno OF Corbin Carroll OF Samad Taylor OF Carson Benge P Robbie Ray P MacKenzie Gore SS Geraldo Perdomo,,,
505,5257798221,awen419 (13/20),0,88.85,1B Salvador Perez 2B Nick Loftin 3B Connor Norby C Carter Jensen OF Corbin Carroll OF John Rave OF Lars Nootbaar P George Kirby P Shota Imanaga SS Bobby Witt Jr.,,,
505,5257804186,rills (6/20),0,88.85,1B Vinnie Pasquantino 2B Jose Altuve 3B Isaac Paredes C Yainer Diaz OF Juan Soto OF Yordan Alvarez OF John Rave P Shota Imanaga P Yusei Kikuchi SS Jeremy Pena,,,
505,5257817028,soyvictorocean,0,88.85,1B Christian Walker 2B Ketel Marte 3B Kyle Karros C Yainer Diaz OF Fernando Tatis Jr. OF Carson Benge OF Dustin Harris P George Kirby P Jake Bennett SS J.P. Crawford,,,
505,5257817677,Ffillar,0,88.85,1B Ty France 2B Fernando Tatis Jr. 3B Manny Machado C Gabriel Moreno OF Dustin Harris OF Lars Nootbaar OF Jesus Sanchez P George Kirby P Merrill Kelly SS Ezequiel Tovar,,,
505,5257818036,d9144 (5/12),0,88.85,1B Ty France 2B Fernando Tatis Jr. 3B Isaac Paredes C Yainer Diaz OF Dustin Harris OF Cam Smith OF Jorge Barrosa P George Kirby P Jake Bennett SS Jeremy Pena,,,
510,5257802826,belch4me,0,88.5,1B Michael Busch 2B Connor Norby 3B Coby Mayo C Gabriel Moreno OF Fernando Tatis Jr. OF Cole Carrigg OF Carson Benge P Jake Bennett P Chris Bassitt SS J.P. Crawford,,,
510,5257819451,Jeter2333 (14/16),0,88.5,1B Ty France 2B Adael Amador 3B Manny Machado C Gabriel Moreno OF Jackson Merrill OF Dustin Harris OF Lars Nootbaar P George Kirby P Yusei Kikuchi SS J.P. Crawford,,,
512,5257801597,meyers2305 (3/20),0,88.3,1B Josh Naylor 2B Adael Amador 3B Connor Norby C Cal Raleigh OF Randy Arozarena OF Julio Rodriguez OF Taylor Ward P George Kirby P Xzavion Curry SS Francisco Lindor,,,
512,5257808553,Malaukar13,0,88.3,1B Matt Olson 2B Adael Amador 3B Bo Bichette C Cal Raleigh OF Randy Arozarena OF Carson Benge OF Wade Meckler P Robbie Ray P Chris Bassitt SS Gunnar Henderson,,,
512,5257812689,jpeters6 (20/20),0,88.3,1B Ty France 2B Fernando Tatis Jr. 3B Kyle Karros C Braxton Fulford OF Jackson Merrill OF Cole Carrigg OF Jordan Beck P Shota Imanaga P Cristian Javier SS Ezequiel Tovar,,,
515,5257789121,Bones1212 (1/4),0,88.2,1B Ty France 2B Fernando Tatis Jr. 3B Kyle Karros C Gabriel Moreno OF Jackson Merrill OF Cole Carrigg OF Dustin Harris P Cristian Javier P MacKenzie Gore SS Ha-Seong Kim,,,
515,5257812790,ScuppersRevenge,0,88.2,1B Kyle Stowers 2B Ketel Marte 3B Isaac Paredes C Samuel Basallo OF Cole Carrigg OF Heriberto Hernandez OF Cam Smith P Shota Imanaga P Jake Bennett SS Francisco Lindor,,,
515,5257817845,dgkb (20/20),0,88.2,1B Kyle Stowers 2B Javier Sanoja 3B Bo Bichette C Luis Torrens OF Juan Soto OF Carson Benge OF Jakob Marsee P Shota Imanaga P Jake Bennett SS Francisco Lindor,,,
515,5257818706,NITEMARE1993,0,88.2,1B Ty France 2B Fernando Tatis Jr. 3B Ezequiel Duran C Gabriel Moreno OF Jackson Merrill OF Dustin Harris OF Lars Nootbaar P Cristian Javier P MacKenzie Gore SS Corey Seager,,,
515,5257819401,eldave1975,0,88.2,1B Pete Alonso 2B Christian Moore 3B Isaac Paredes C Carter Jensen OF Fernando Tatis Jr. OF Pete Crow-Armstrong OF Daulton Varsho P Cristian Javier P MacKenzie Gore SS J.P. Crawford,,,
520,5257808105,jmbbigdaddy13,0,88.15,1B Willson Contreras 2B Adael Amador 3B Manny Machado C Carter Jensen OF Michael Harris II OF A.J. Ewing OF Dylan Beavers P Yusei Kikuchi P Chris Bassitt SS Bobby Witt Jr.,,,
520,5257816255,teddyruxpin6969,0,88.15,1B Christian Walker 2B Connor Norby 3B Isaac Paredes C Yainer Diaz OF Fernando Tatis Jr. OF Yordan Alvarez OF Jackson Merrill P Yusei Kikuchi P Chris Bassitt SS Jeremy Pena,,,
520,5257819453,Jeter2333 (16/16),0,88.15,1B Ty France 2B Fernando Tatis Jr. 3B Manny Machado C Braxton Fulford OF Jackson Merrill OF Dustin Harris OF Lars Nootbaar P George Kirby P Chris Bassitt SS Ezequiel Tovar,,,
523,5257800728,rrhhinnoo (3/3),0,88.1,1B Pete Alonso 2B Jeremiah Jackson 3B Coby Mayo C Moises Ballesteros OF Cole Carrigg OF Julio Rodriguez OF Griffin Conine P Shota Imanaga P MacKenzie Gore SS Gunnar Henderson,,,
524,5257803414,Q33Q (2/2),0,88,1B Pete Alonso 2B Adael Amador 3B Josh Rojas C Elias Diaz OF Fernando Tatis Jr. OF Pete Crow-Armstrong OF Juan Soto P Daniel Lynch IV P Xzavion Curry SS Cole Carrigg,,,
524,5257804939,jwilliams101516,0,88,1B Vinnie Pasquantino 2B Pedro Ramirez 3B Isaac Paredes C Gabriel Moreno OF Ronald Acuna Jr. OF Randy Arozarena OF Corbin Carroll P Jake Bennett P Robbie Ray SS Ezequiel Tovar,,,
526,5257802788,camdoc3,0,87.95,1B Willson Contreras 2B Ketel Marte 3B Bo Bichette C Adley Rutschman OF Pete Crow-Armstrong OF Cole Carrigg OF Carson Benge P Yusei Kikuchi P Cristian Javier SS Otto Lopez,,,
526,5257817745,RealCT (4/4),0,87.95,1B Ty France 2B Fernando Tatis Jr. 3B Isaac Paredes C Gabriel Moreno OF Jackson Merrill OF Jake McCarthy OF Dustin Harris P Yusei Kikuchi P Cristian Javier SS Ezequiel Tovar,,,
528,5257788249,garc805334,0,87.85,1B Pavin Smith 2B Fernando Tatis Jr. 3B Manny Machado C Elias Diaz OF Jackson Merrill OF Dylan Beavers OF Jorge Barrosa P George Kirby P Shota Imanaga SS Ezequiel Tovar,,,
528,5257798628,taycarter,0,87.85,1B Michael Busch 2B Ketel Marte 3B Kyle Karros C Gabriel Moreno OF Corbin Carroll OF Lars Nootbaar OF Jesus Sanchez P George Kirby P Shota Imanaga SS Cole Carrigg,,,
530,5257790849,swalcorn (1/2),0,87.65,1B Vinnie Pasquantino 2B Jose Altuve 3B Isaac Paredes C Carter Jensen OF Pete Crow-Armstrong OF Yordan Alvarez OF Wade Meckler P Merrill Kelly P Xzavion Curry SS Bobby Witt Jr.,,,
530,5257822883,Flatman420,0,87.65,1B Griffin Conine 2B Brett Baty 3B Josh Jung C Carter Jensen OF Ronald Acuna Jr. OF Brandon Nimmo OF Daulton Varsho P George Kirby P Robbie Ray SS Bobby Witt Jr.,,,
532,5257801618,Coolac420,0,87.6,1B Ty France 2B Fernando Tatis Jr. 3B Manny Machado C Yainer Diaz OF Jackson Merrill OF Daulton Varsho OF Cam Smith P Cristian Javier P Chris Bassitt SS Xander Bogaerts,,,
533,5257809215,jjbrock (1/20),0,87.5,1B Pete Alonso 2B Connor Norby 3B Coby Mayo C Samuel Basallo OF Jackson Merrill OF Heriberto Hernandez OF Rece Hinds P George Kirby P Yusei Kikuchi SS Gunnar Henderson,,,
534,5257797499,mrballer,0,87.3,1B Ty France 2B Fernando Tatis Jr. 3B Manny Machado C Braxton Fulford OF Jackson Merrill OF Dustin Harris OF Jahmai Jones P Shota Imanaga P Cristian Javier SS Ezequiel Tovar,,,
535,5257809225,jjbrock (11/20),0,87.1,1B Salvador Perez 2B Connor Norby 3B Kyle Karros C Carter Jensen OF Fernando Tatis Jr. OF Lars Nootbaar OF Isaac Collins P Shota Imanaga P MacKenzie Gore SS Bobby Witt Jr.,,,
536,5257797435,htb1,0,87,1B Willson Contreras 2B Ozzie Albies 3B Austin Riley C Drake Baldwin OF Michael Harris II OF Dominic Canzone OF Esteury Ruiz P Jake Bennett P Robbie Ray SS Xander Bogaerts,,,
537,5257798222,awen419 (14/20),0,86.95,1B Willson Contreras 2B Ketel Marte 3B Connor Norby C Gabriel Moreno OF Jackson Merrill OF Corbin Carroll OF Lars Nootbaar P George Kirby P Cristian Javier SS Geraldo Perdomo,,,
537,5257813826,lpratts,0,86.95,1B Ty France 2B Fernando Tatis Jr. 3B Manny Machado C Ethan Salas OF Dustin Harris OF Lars Nootbaar OF Jahmai Jones P George Kirby P Cristian Javier SS Francisco Lindor,,,
539,5257804589,dwright4407,0,86.85,1B Jared Young 2B Brett Baty 3B Manny Machado C Ethan Salas OF Fernando Tatis Jr. OF Carson Benge OF Lars Nootbaar P Shota Imanaga P Yusei Kikuchi SS Francisco Lindor,,,
539,5257809395,dpastreck (1/3),0,86.85,1B Willson Contreras 2B Pedro Ramirez 3B Isaac Paredes C Cal Raleigh OF Randy Arozarena OF Roman Anthony OF Jahmai Jones P George Kirby P Jake Bennett SS Trevor Story,,,
539,5257811289,goblue12,0,86.85,1B Pete Alonso 2B Jeremiah Jackson 3B Coby Mayo C Yainer Diaz OF Fernando Tatis Jr. OF Jackson Merrill OF Dylan Beavers P Merrill Kelly P Yusei Kikuchi SS Gunnar Henderson,,,
539,5257813751,dpastreck (2/3),0,86.85,1B Willson Contreras 2B Pedro Ramirez 3B Isaac Paredes C Cal Raleigh OF Randy Arozarena OF Roman Anthony OF Jahmai Jones P George Kirby P Jake Bennett SS Trevor Story,,,
539,5257816805,dpastreck (3/3),0,86.85,1B Willson Contreras 2B Pedro Ramirez 3B Isaac Paredes C Cal Raleigh OF Randy Arozarena OF Roman Anthony OF Jahmai Jones P George Kirby P Jake Bennett SS Trevor Story,,,
544,5257800621,MoneyMatt711 (8/10),0,86.75,1B Ty France 2B Ketel Marte 3B Isaac Paredes C Gabriel Moreno OF Jackson Merrill OF Dustin Harris OF Lars Nootbaar P George Kirby P MacKenzie Gore SS Jeremy Pena,,,
545,5257808311,mdscott27 (16/20),0,86.65,1B Pete Alonso 2B Ketel Marte 3B Nolan Arenado C Gabriel Moreno OF Wilyer Abreu OF Corbin Carroll OF Dylan Beavers P Robbie Ray P Yusei Kikuchi SS Geraldo Perdomo,,,
546,5257813935,Cowboysfan4evaaaa,0,86.5,1B Kyle Stowers 2B Jose Altuve 3B Isaac Paredes C Yainer Diaz OF Yordan Alvarez OF Griffin Conine OF Jakob Marsee P George Kirby P Yusei Kikuchi SS Jeremy Pena,,,
547,5257792006,tscryba (1/5),0,86.3,1B Christian Walker 2B Isiah Kiner-Falefa 3B Manny Machado C Gabriel Moreno OF Fernando Tatis Jr. OF Jackson Merrill OF Cam Smith P Shota Imanaga P Cristian Javier SS Trevor Story,,,
547,5257792024,tscryba (2/5),0,86.3,1B Christian Walker 2B Isiah Kiner-Falefa 3B Manny Machado C Gabriel Moreno OF Fernando Tatis Jr. OF Jackson Merrill OF Cam Smith P Shota Imanaga P Cristian Javier SS Trevor Story,,,
547,5257799040,tscryba (3/5),0,86.3,1B Christian Walker 2B Isiah Kiner-Falefa 3B Manny Machado C Gabriel Moreno OF Fernando Tatis Jr. OF Jackson Merrill OF Cam Smith P Shota Imanaga P Cristian Javier SS Trevor Story,,,
547,5257799047,tscryba (4/5),0,86.3,1B Christian Walker 2B Isiah Kiner-Falefa 3B Manny Machado C Gabriel Moreno OF Fernando Tatis Jr. OF Jackson Merrill OF Cam Smith P Shota Imanaga P Cristian Javier SS Trevor Story,,,
547,5257799050,tscryba (5/5),0,86.3,1B Christian Walker 2B Isiah Kiner-Falefa 3B Manny Machado C Gabriel Moreno OF Fernando Tatis Jr. OF Jackson Merrill OF Cam Smith P Shota Imanaga P Cristian Javier SS Trevor Story,,,
547,5257811164,ramrodrocks (6/8),0,86.3,1B Ty France 2B Fernando Tatis Jr. 3B Manny Machado C Braxton Fulford OF Jackson Merrill OF Dustin Harris OF Lars Nootbaar P Shota Imanaga P Cristian Javier SS Isiah Kiner-Falefa,,,
547,5257819505,Ryjo79 (1/3),0,86.3,1B Ty France 2B Fernando Tatis Jr. 3B Manny Machado C Braxton Fulford OF Jackson Merrill OF Dustin Harris OF Lars Nootbaar P Shota Imanaga P Cristian Javier SS Isiah Kiner-Falefa,,,
547,5257822877,DeadPresidents (3/4),0,86.3,1B Ty France 2B Fernando Tatis Jr. 3B Manny Machado C Braxton Fulford OF Jackson Merrill OF Dustin Harris OF Lars Nootbaar P Shota Imanaga P Cristian Javier SS Isiah Kiner-Falefa,,,
555,5257787309,CMoney1738,0,86.2,1B Kyle Stowers 2B Ozzie Albies 3B Nolan Arenado C Samuel Basallo OF Jackson Merrill OF Randy Arozarena OF Mike Trout P Cristian Javier P MacKenzie Gore SS Francisco Lindor,,,
555,5257788911,peterjpacheco (4/6),0,86.2,1B Ty France 2B Jose Altuve 3B Manny Machado C Luis Torrens OF Yordan Alvarez OF Jackson Merrill OF Samad Taylor P Yusei Kikuchi P Daniel Lynch IV SS Jeremy Pena,,,
555,5257811334,samolson3121 (1/2),0,86.2,1B Moises Ballesteros 2B Fernando Tatis Jr. 3B Vaughn Grissom C Cal Raleigh OF Randy Arozarena OF Julio Rodriguez OF Taylor Ward P Cristian Javier P MacKenzie Gore SS Zach Neto,,,
558,5257795179,cowboyric62,0,86.1,1B Michael Busch 2B Pedro Ramirez 3B Connor Norby C Carson Kelly OF Wyatt Langford OF Ezequiel Duran OF Mauricio Dubon P Shota Imanaga P MacKenzie Gore SS Cole Carrigg,,,
558,5257806220,M37Fisher (5/5),0,86.1,1B Tim Tawa 2B Fernando Tatis Jr. 3B Manny Machado C Ethan Salas OF Jackson Merrill OF Samad Taylor OF Nate Eaton P Merrill Kelly P MacKenzie Gore SS Ha-Seong Kim,,,
560,5257813951,tpyo (15/20),0,86,1B Brett Baty 2B Connor Norby 3B Vaughn Grissom C Luis Torrens OF Juan Soto OF Jake McCarthy OF A.J. Ewing P Shota Imanaga P Robbie Ray SS Francisco Lindor,,,
561,5257793174,Elwaysarmy (5/20),0,85.95,1B Jake Burger 2B Fernando Tatis Jr. 3B Manny Machado C Ethan Salas OF Juan Soto OF Jordan Beck OF Jahmai Jones P Yusei Kikuchi P Cristian Javier SS Zach Neto,,,
562,5257789515,JBowersIV,0,85.85,1B Jared Young 2B Connor Norby 3B Kyle Karros C Braxton Fulford OF Juan Soto OF Carson Benge OF A.J. Ewing P George Kirby P Shota Imanaga SS Cole Carrigg,,,
563,5257800198,devastato,0,85.75,1B Michael Busch 2B Brett Baty 3B Denzer Guzman C Samuel Basallo OF Pete Crow-Armstrong OF Juan Soto OF Carson Benge P Yusei Kikuchi P MacKenzie Gore SS Gunnar Henderson,,,
563,5257800271,Johnny_Great (10/20),0,85.75,1B Pete Alonso 2B Jeremiah Jackson 3B Manny Machado C Samuel Basallo OF Jackson Merrill OF Dustin Harris OF Dylan Beavers P Yusei Kikuchi P MacKenzie Gore SS Gunnar Henderson,,,
563,5257817813,GetYourShinebox (1/2),0,85.75,1B Griffin Conine 2B Xavier Edwards 3B Javier Sanoja C Joe Mack OF Fernando Tatis Jr. OF Pete Crow-Armstrong OF Jeremiah Jackson P Yusei Kikuchi P MacKenzie Gore SS Xander Bogaerts,,,
563,5257818883,millermdm,0,85.75,1B Griffin Conine 2B Xavier Edwards 3B Javier Sanoja C Joe Mack OF Fernando Tatis Jr. OF Pete Crow-Armstrong OF Jeremiah Jackson P Yusei Kikuchi P MacKenzie Gore SS Xander Bogaerts,,,
567,5257798147,shmoney-team,0,85.2,1B Willson Contreras 2B Christian Moore 3B Caleb Durbin C Adley Rutschman OF Wilyer Abreu OF Cole Carrigg OF Mike Trout P Shota Imanaga P Jake Bennett SS Trevor Story,,,
567,5257804893,GregoryChickman,0,85.2,1B Vinnie Pasquantino 2B Fernando Tatis Jr. 3B Coby Mayo C Carter Jensen OF Cole Carrigg OF Dustin Harris OF Lars Nootbaar P Jake Bennett P Merrill Kelly SS Zach Neto,,,
567,5257808475,cbmax27,0,85.2,1B Salvador Perez 2B Isiah Kiner-Falefa 3B Coby Mayo C Gabriel Moreno OF Fernando Tatis Jr. OF Wilyer Abreu OF Roman Anthony P Shota Imanaga P Merrill Kelly SS Geraldo Perdomo,,,
570,5257808522,rendonraiders,0,85.1,1B Ty France 2B Jose Altuve 3B Josh Jung C Carter Jensen OF Ezequiel Duran OF A.J. Ewing OF Wade Meckler P Shota Imanaga P MacKenzie Gore SS Cole Carrigg,,,
570,5257808851,jckasta40 (8/13),0,85.1,1B Jake Burger 2B Justin Foscue 3B Josh Jung C Adley Rutschman OF Juan Soto OF Julio Rodriguez OF Ezequiel Duran P Jake Bennett P MacKenzie Gore SS Corey Seager,,,
572,5257790610,FoxyGrandpa252 (9/20),0,84.95,1B Josh Naylor 2B Adael Amador 3B Connor Norby C Braxton Fulford OF Jake McCarthy OF Randy Arozarena OF Dominic Canzone P George Kirby P Cristian Javier SS Cole Carrigg,,,
572,5257793183,Elwaysarmy (14/20),0,84.95,1B Ty France 2B Fernando Tatis Jr. 3B Manny Machado C Yainer Diaz OF Jackson Merrill OF Dustin Harris OF Jahmai Jones P Yusei Kikuchi P Cristian Javier SS Jeremy Pena,,,
572,5257799132,thefamousfs,0,84.95,1B Jake Cronenworth 2B Fernando Tatis Jr. 3B Manny Machado C Gabriel Moreno OF Jackson Merrill OF Dustin Harris OF Lars Nootbaar P Yusei Kikuchi P Cristian Javier SS Geraldo Perdomo,,,
572,5257801068,Emac (17/20),0,84.95,1B Ty France 2B Fernando Tatis Jr. 3B Manny Machado C Yainer Diaz OF Jackson Merrill OF Dustin Harris OF Jahmai Jones P Yusei Kikuchi P Cristian Javier SS Jeremy Pena,,,
576,5257793181,Elwaysarmy (12/20),0,84.85,1B Christian Walker 2B Jose Altuve 3B Isaac Paredes C Yainer Diaz OF Fernando Tatis Jr. OF Dustin Harris OF Cam Smith P Shota Imanaga P Yusei Kikuchi SS Bobby Witt Jr.,,,
576,5257800278,Johnny_Great (17/20),0,84.85,1B Salvador Perez 2B Ketel Marte 3B Josh Rojas C Carter Jensen OF Corbin Carroll OF John Rave OF Lars Nootbaar P George Kirby P Shota Imanaga SS Bobby Witt Jr.,,,
576,5257808956,otepencelik (1/15),0,84.85,1B Willson Contreras 2B Adael Amador 3B Kyle Karros C Adley Rutschman OF Cole Carrigg OF Corbin Carroll OF Jordan Beck P George Kirby P Shota Imanaga SS Ezequiel Tovar,,,
576,5257816039,otepencelik (15/15),0,84.85,1B Willson Contreras 2B Adael Amador 3B Kyle Karros C Adley Rutschman OF Cole Carrigg OF Corbin Carroll OF Jordan Beck P George Kirby P Shota Imanaga SS Ezequiel Tovar,,,
580,5257788327,Gilbyfest (3/5),0,84.65,1B Ty France 2B Jake Cronenworth 3B Isaac Paredes C Carter Jensen OF Jake McCarthy OF Randy Arozarena OF Tim Tawa P Robbie Ray P Yusei Kikuchi SS Jeremy Pena,,,
580,5257796603,Johnrenaurd,0,84.65,1B Ty France 2B Jeremiah Jackson 3B Manny Machado C Sean Murphy OF Fernando Tatis Jr. OF Cam Smith OF Lars Nootbaar P George Kirby P Robbie Ray SS Mauricio Dubon,,,
582,5257801351,jradesanmi (1/2),0,84.5,1B Vinnie Pasquantino 2B Michael Massey 3B Manny Machado C Carter Jensen OF Corbin Carroll OF Dustin Harris OF Isaac Collins P George Kirby P Yusei Kikuchi SS Bobby Witt Jr.,,,
583,5257796518,mtwurth,0,84.2,1B Kyle Stowers 2B Isiah Kiner-Falefa 3B Isaac Paredes C Gabriel Moreno OF Mike Trout OF Corbin Carroll OF Carson Benge P Shota Imanaga P Jake Bennett SS Corey Seager,,,
583,5257811055,SeanyB231 (10/19),0,84.2,1B Michael Busch 2B Brett Baty 3B Bo Bichette C Cal Raleigh OF Juan Soto OF A.J. Ewing OF Jahmai Jones P Shota Imanaga P Jake Bennett SS Francisco Lindor,,,
585,5257803275,Antmoski1987,0,84.15,1B Vaughn Grissom 2B Fernando Tatis Jr. 3B Manny Machado C Moises Ballesteros OF Jackson Merrill OF Dustin Harris OF Dylan Beavers P Yusei Kikuchi P Chris Bassitt SS Xander Bogaerts,,,
586,5257788326,Gilbyfest (2/5),0,84.1,1B Jake Cronenworth 2B Justin Foscue 3B Vaughn Grissom C Gabriel Moreno OF Fernando Tatis Jr. OF Cole Carrigg OF John Rave P Merrill Kelly P MacKenzie Gore SS Francisco Lindor,,,
586,5257817843,dgkb (18/20),0,84.1,1B Ty France 2B Fernando Tatis Jr. 3B Manny Machado C Luis Torrens OF Samad Taylor OF Dustin Harris OF Jahmai Jones P Robbie Ray P Cristian Javier SS Francisco Lindor,,,
588,5257790076,mcooper2300 (3/3),0,83.95,1B Jake Cronenworth 2B Fernando Tatis Jr. 3B Manny Machado C Yainer Diaz OF Jackson Merrill OF Dustin Harris OF Cam Smith P Yusei Kikuchi P Cristian Javier SS Jeremy Pena,,,
588,5257799623,jaykluginator (1/2),0,83.95,1B Kyle Stowers 2B Connor Norby 3B Kyle Karros C Gabriel Moreno OF Juan Soto OF Yordan Alvarez OF Heriberto Hernandez P Yusei Kikuchi P Cristian Javier SS Cole Carrigg,,,
588,5257802326,Veo30,0,83.95,1B Ty France 2B Ketel Marte 3B Manny Machado C Yainer Diaz OF Jackson Merrill OF Corbin Carroll OF Dustin Harris P Yusei Kikuchi P Cristian Javier SS Jeremy Pena,,,
591,5257801054,Emac (3/20),0,83.85,1B Christian Walker 2B Fernando Tatis Jr. 3B Isaac Paredes C Yainer Diaz OF Juan Soto OF Dustin Harris OF Cam Smith P Shota Imanaga P Yusei Kikuchi SS Jeremy Pena,,,
591,5257809224,jjbrock (10/20),0,83.85,1B Vinnie Pasquantino 2B Fernando Tatis Jr. 3B Josh Rojas C Carter Jensen OF Jackson Merrill OF Lars Nootbaar OF Isaac Collins P Shota Imanaga P Yusei Kikuchi SS Bobby Witt Jr.,,,
591,5257811351,zigzagman115 (2/3),0,83.85,1B Josh Naylor 2B Cole Young 3B Nick Loftin C Cal Raleigh OF Juan Soto OF Carson Benge OF A.J. Ewing P George Kirby P Jake Bennett SS Francisco Lindor,,,
591,5257820405,Tommy80757 (2/2),0,83.85,1B Jake Cronenworth 2B Fernando Tatis Jr. 3B Manny Machado C Gabriel Moreno OF Troy Johnston OF Jahmai Jones OF Jorge Barrosa P George Kirby P Shota Imanaga SS Isiah Kiner-Falefa,,,
595,5257810292,tkmo21 (1/2),0,83.3,1B Willson Contreras 2B Fernando Tatis Jr. 3B Connor Norby C Adley Rutschman OF Jackson Merrill OF Taylor Ward OF Jahmai Jones P Shota Imanaga P Cristian Javier SS Geraldo Perdomo,,,
595,5257817808,tkmo21 (2/2),0,83.3,1B Willson Contreras 2B Fernando Tatis Jr. 3B Connor Norby C Adley Rutschman OF Jackson Merrill OF Taylor Ward OF Jahmai Jones P Shota Imanaga P Cristian Javier SS Geraldo Perdomo,,,
597,5257817616,LouisLipps (5/7),0,83.2,1B Christian Walker 2B Connor Norby 3B Isaac Paredes C Samuel Basallo OF Cole Carrigg OF Corbin Carroll OF Dylan Beavers P Shota Imanaga P Jake Bennett SS Jeremy Pena,,,
598,5257790467,Jonny3stix,0,83.15,1B Ty France 2B Jose Altuve 3B Manny Machado C Danny Jansen OF Jackson Merrill OF Jake McCarthy OF Michael Harris II P Yusei Kikuchi P Chris Bassitt SS Corey Seager,,,
599,5257813523,auweglman (2/2),0,83.05,1B Jake Burger 2B Connor Norby 3B Isaac Paredes C Luis Torrens OF Pete Crow-Armstrong OF Cole Carrigg OF Mike Trout P Mason Adams P JR Ritchie SS Zach Neto,,,
600,5257788325,Gilbyfest (1/5),0,82.95,1B Ty France 2B Ozzie Albies 3B Christian Encarnacion-Strand C Gabriel Moreno OF Fernando Tatis Jr. OF Carson Benge OF Dylan Beavers P Yusei Kikuchi P Cristian Javier SS Cole Carrigg,,,
600,5257809194,MZWON,0,82.95,1B Ty France 2B Ketel Marte 3B Manny Machado C Gabriel Moreno OF Jackson Merrill OF Corbin Carroll OF Dustin Harris P Yusei Kikuchi P Cristian Javier SS Geraldo Perdomo,,,
600,5257809223,jjbrock (9/20),0,82.95,1B Kyle Stowers 2B Connor Norby 3B Kyle Karros C Joe Mack OF Jackson Merrill OF Jake McCarthy OF Heriberto Hernandez P George Kirby P Cristian Javier SS Cole Carrigg,,,
603,5257790810,gratefuldead23,0,82.85,1B Pete Alonso 2B Adael Amador 3B Coby Mayo C Gabriel Moreno OF Jackson Merrill OF Carson Benge OF Brandon Nimmo P Merrill Kelly P Yusei Kikuchi SS Cole Carrigg,,,
603,5257798968,tkessel22 (1/7),0,82.85,1B Pete Alonso 2B Connor Norby 3B Coby Mayo C Gabriel Moreno OF Juan Soto OF Dustin Harris OF Dylan Beavers P Jake Bennett P Yusei Kikuchi SS Gunnar Henderson,,,
603,5257798969,tkessel22 (2/7),0,82.85,1B Pete Alonso 2B Connor Norby 3B Coby Mayo C Gabriel Moreno OF Juan Soto OF Dustin Harris OF Dylan Beavers P Jake Bennett P Yusei Kikuchi SS Gunnar Henderson,,,
603,5257798970,tkessel22 (3/7),0,82.85,1B Pete Alonso 2B Connor Norby 3B Coby Mayo C Gabriel Moreno OF Juan Soto OF Dustin Harris OF Dylan Beavers P Jake Bennett P Yusei Kikuchi SS Gunnar Henderson,,,
603,5257798971,tkessel22 (4/7),0,82.85,1B Pete Alonso 2B Connor Norby 3B Coby Mayo C Gabriel Moreno OF Juan Soto OF Dustin Harris OF Dylan Beavers P Jake Bennett P Yusei Kikuchi SS Gunnar Henderson,,,
603,5257798972,tkessel22 (5/7),0,82.85,1B Pete Alonso 2B Connor Norby 3B Coby Mayo C Gabriel Moreno OF Juan Soto OF Dustin Harris OF Dylan Beavers P Jake Bennett P Yusei Kikuchi SS Gunnar Henderson,,,
603,5257798973,tkessel22 (6/7),0,82.85,1B Pete Alonso 2B Connor Norby 3B Coby Mayo C Gabriel Moreno OF Juan Soto OF Dustin Harris OF Dylan Beavers P Jake Bennett P Yusei Kikuchi SS Gunnar Henderson,,,
603,5257798974,tkessel22 (7/7),0,82.85,1B Pete Alonso 2B Connor Norby 3B Coby Mayo C Gabriel Moreno OF Juan Soto OF Dustin Harris OF Dylan Beavers P Jake Bennett P Yusei Kikuchi SS Gunnar Henderson,,,
603,5257800265,Johnny_Great (4/20),0,82.85,1B Pavin Smith 2B Ketel Marte 3B Bo Bichette C Gabriel Moreno OF Juan Soto OF Corbin Carroll OF Lars Nootbaar P Shota Imanaga P Yusei Kikuchi SS Francisco Lindor,,,
603,5257800266,Johnny_Great (5/20),0,82.85,1B Ty France 2B Jake Cronenworth 3B Manny Machado C Luis Torrens OF Fernando Tatis Jr. OF Dustin Harris OF John Rave P Merrill Kelly P Yusei Kikuchi SS Francisco Lindor,,,
603,5257800490,BrooklynBawla,0,82.85,1B Willson Contreras 2B Fernando Tatis Jr. 3B Josh Jung C Drake Baldwin OF Ronald Acuna Jr. OF Jahmai Jones OF Jorge Barrosa P Merrill Kelly P Yusei Kikuchi SS Bobby Witt Jr.,,,
603,5257802288,sportsfanatic89 (2/4),0,82.85,1B Kyle Stowers 2B Adael Amador 3B Connor Norby C Joe Mack OF Jake McCarthy OF Cole Carrigg OF Heriberto Hernandez P Shota Imanaga P Yusei Kikuchi SS Otto Lopez,,,
615,5257788328,Gilbyfest (4/5),0,82.75,1B Vinnie Pasquantino 2B Jeremiah Jackson 3B Coby Mayo C Gabriel Moreno OF Jackson Merrill OF Julio Rodriguez OF Carson Benge P George Kirby P MacKenzie Gore SS Francisco Lindor,,,
615,5257790613,FoxyGrandpa252 (12/20),0,82.75,1B Salvador Perez 2B Nick Loftin 3B Weston Wilson C Cal Raleigh OF Randy Arozarena OF Julio Rodriguez OF Dominic Canzone P George Kirby P MacKenzie Gore SS Bobby Witt Jr.,,,
615,5257801071,Emac (20/20),0,82.75,1B Vinnie Pasquantino 2B Michael Massey 3B Nick Loftin C Carter Jensen OF Fernando Tatis Jr. OF Jackson Merrill OF Dustin Harris P Yusei Kikuchi P MacKenzie Gore SS Bobby Witt Jr.,,,
615,5257801608,meyers2305 (14/20),0,82.75,1B Ty France 2B Fernando Tatis Jr. 3B Manny Machado C Ethan Salas OF Jake McCarthy OF Dustin Harris OF Jordan Beck P Cristian Javier P Xzavion Curry SS Cole Carrigg,,,
619,5257790621,FoxyGrandpa252 (20/20),0,82.65,1B Jared Young 2B Fernando Tatis Jr. 3B Bo Bichette C Ethan Salas OF Juan Soto OF Jackson Merrill OF A.J. Ewing P Merrill Kelly P Xzavion Curry SS Francisco Lindor,,,
619,5257808305,mdscott27 (10/20),0,82.65,1B Pete Alonso 2B Marcus Semien 3B Coby Mayo C Luis Torrens OF Juan Soto OF A.J. Ewing OF Jeremiah Jackson P George Kirby P Robbie Ray SS Francisco Lindor,,,
621,5257806191,mrxkronz,0,82.3,1B Jake Cronenworth 2B Fernando Tatis Jr. 3B Manny Machado C Gabriel Moreno OF Corbin Carroll OF Lars Nootbaar OF Jahmai Jones P Shota Imanaga P Cristian Javier SS Geraldo Perdomo,,,
621,5257807496,gerg (3/5),0,82.3,1B Pete Alonso 2B Jose Altuve 3B Isaac Paredes C Yainer Diaz OF Yordan Alvarez OF Ronald Acuna Jr. OF Dylan Beavers P Jake Bennett P Cristian Javier SS Jeremy Pena,,,
623,5257804195,rills (15/20),0,82.2,1B Jared Young 2B Ketel Marte 3B Bo Bichette C Gabriel Moreno OF Juan Soto OF Carson Benge OF Lars Nootbaar P Shota Imanaga P Jake Bennett SS Francisco Lindor,,,
623,5257806089,cbrhem (1/2),0,82.2,1B Jake Cronenworth 2B Nick Loftin 3B Caleb Durbin C Adley Rutschman OF Yordan Alvarez OF Seiya Suzuki OF Mike Trout P Shota Imanaga P Jake Bennett SS Ezequiel Tovar,,,
625,5257798336,Bones1212 (3/4),0,82.1,1B Kyle Stowers 2B Fernando Tatis Jr. 3B Kyle Karros C Samuel Basallo OF Corbin Carroll OF Dylan Beavers OF Lars Nootbaar P Shota Imanaga P MacKenzie Gore SS Geraldo Perdomo,,,
626,5257812991,jckasta40 (11/13),0,82,1B Jared Young 2B Brett Baty 3B Coby Mayo C Samuel Basallo OF Juan Soto OF Carson Benge OF Dylan Beavers P Shota Imanaga P Robbie Ray SS Gunnar Henderson,,,
627,5257799027,impeccablycomingup,0,81.85,1B Kyle Stowers 2B Xavier Edwards 3B Javier Sanoja C Joe Mack OF Fernando Tatis Jr. OF Griffin Conine OF Dustin Harris P Shota Imanaga P Yusei Kikuchi SS Bobby Witt Jr.,,,
627,5257801063,Emac (12/20),0,81.85,1B Vinnie Pasquantino 2B Jose Altuve 3B Isaac Paredes C Yainer Diaz OF Yordan Alvarez OF Jackson Merrill OF Jahmai Jones P Shota Imanaga P Yusei Kikuchi SS Bobby Witt Jr.,,,
627,5257809220,jjbrock (6/20),0,81.85,1B Vinnie Pasquantino 2B Fernando Tatis Jr. 3B Nick Loftin C Carter Jensen OF Jackson Merrill OF Lars Nootbaar OF Isaac Collins P Shota Imanaga P Yusei Kikuchi SS Bobby Witt Jr.,,,
627,5257817839,dgkb (14/20),0,81.85,1B Salvador Perez 2B Ketel Marte 3B Nolan Arenado C Gabriel Moreno OF Corbin Carroll OF Roman Anthony OF Lars Nootbaar P George Kirby P Merrill Kelly SS Bobby Witt Jr.,,,
631,5257800276,Johnny_Great (15/20),0,81.2,1B Willson Contreras 2B Ketel Marte 3B Caleb Durbin C Adley Rutschman OF Wilyer Abreu OF Corbin Carroll OF Jahmai Jones P Shota Imanaga P Jake Bennett SS Geraldo Perdomo,,,
632,5257793171,Elwaysarmy (2/20),0,81.15,1B Vinnie Pasquantino 2B Fernando Tatis Jr. 3B Austin Riley C Carter Jensen OF Cole Carrigg OF Dustin Harris OF Jahmai Jones P George Kirby P Chris Bassitt SS Bobby Witt Jr.,,,
633,5257795669,runupmoney97,0,81.1,1B Pete Alonso 2B Fernando Tatis Jr. 3B Nolan Arenado C Luis Torrens OF Carson Benge OF A.J. Ewing OF Rece Hinds P Shota Imanaga P MacKenzie Gore SS Francisco Lindor,,,
633,5257817837,dgkb (12/20),0,81.1,1B Pete Alonso 2B Ketel Marte 3B Christian Encarnacion-Strand C Samuel Basallo OF Corbin Carroll OF Dylan Beavers OF Lars Nootbaar P Jake Bennett P MacKenzie Gore SS Gunnar Henderson,,,
633,5257817838,dgkb (13/20),0,81.1,1B Christian Walker 2B Jose Altuve 3B Kyle Karros C Yainer Diaz OF Yordan Alvarez OF Ronald Acuna Jr. OF Cole Carrigg P Merrill Kelly P MacKenzie Gore SS Jeremy Pena,,,
636,5257796691,melly37,0,81,1B Vinnie Pasquantino 2B Connor Norby 3B Caleb Durbin C Adley Rutschman OF Jackson Merrill OF Seiya Suzuki OF Wilyer Abreu P Robbie Ray P Merrill Kelly SS Geraldo Perdomo,,,
637,5257804361,jradesanmi (2/2),0,80.95,1B Ty France 2B Fernando Tatis Jr. 3B Manny Machado C Yainer Diaz OF Jackson Merrill OF Dustin Harris OF Lars Nootbaar P Yusei Kikuchi P Cristian Javier SS Geraldo Perdomo,,,
637,5257807958,scrub69 (1/2),0,80.95,1B Christian Walker 2B Fernando Tatis Jr. 3B Kyle Karros C Elias Diaz OF Jackson Merrill OF Corbin Carroll OF Dustin Harris P George Kirby P Cristian Javier SS Jeremy Pena,,,
639,5257793186,Elwaysarmy (17/20),0,80.85,1B Vinnie Pasquantino 2B Ketel Marte 3B Nolan Arenado C Carter Jensen OF Corbin Carroll OF Lars Nootbaar OF Jesus Sanchez P George Kirby P Shota Imanaga SS Bobby Witt Jr.,,,
639,5257798914,FantasyCrusader (3/9),0,80.85,1B Vinnie Pasquantino 2B Ozzie Albies 3B Josh Rojas C Drake Baldwin OF Ronald Acuna Jr. OF John Rave OF Isaac Collins P George Kirby P Jake Bennett SS Bobby Witt Jr.,,,
639,5257802212,texasfrog90 (1/2),0,80.85,1B Jared Young 2B Ketel Marte 3B Bo Bichette C Gabriel Moreno OF Juan Soto OF Carson Benge OF Lars Nootbaar P George Kirby P Shota Imanaga SS Geraldo Perdomo,,,
639,5257812687,jpeters6 (18/20),0,80.85,1B Ty France 2B Isiah Kiner-Falefa 3B Manny Machado C Adley Rutschman OF Jackson Merrill OF Dustin Harris OF Jahmai Jones P Shota Imanaga P Yusei Kikuchi SS Xander Bogaerts,,,
643,5257809176,Ebiere,0,80.5,1B Ty France 2B Justin Foscue 3B Manny Machado C Gabriel Moreno OF Fernando Tatis Jr. OF Dustin Harris OF Lars Nootbaar P JR Ritchie P MacKenzie Gore SS J.P. Crawford,,,
644,5257813039,geb789,0,80.45,1B Kyle Stowers 2B Ozzie Albies 3B Ezequiel Duran C Moises Ballesteros OF Juan Soto OF Randy Arozarena OF Dustin Harris P Jake Bennett P Ryan Gusto SS Cole Carrigg,,,
645,5257796451,nbllove (1/4),0,80.3,1B Vinnie Pasquantino 2B Ketel Marte 3B Kyle Karros C Gabriel Moreno OF Randy Arozarena OF Brandon Nimmo OF Dominic Canzone P George Kirby P Mason Adams SS Gunnar Henderson,,,
645,5257814552,sprtwlf (6/8),0,80.3,1B Michael Busch 2B Justin Foscue 3B Isaac Paredes C Sean Murphy OF Juan Soto OF Randy Arozarena OF Cole Carrigg P Shota Imanaga P Cristian Javier SS Jeremy Pena,,,
647,5257811428,Jbruv2Lit (2/2),0,80.2,1B Jared Young 2B Marcus Semien 3B Coby Mayo C Gabriel Moreno OF Juan Soto OF Carson Benge OF Dylan Beavers P Shota Imanaga P Jake Bennett SS Gunnar Henderson,,,
648,5257790538,newjammy (15/20),0,80.1,1B Kyle Stowers 2B Justin Foscue 3B Kyle Karros C Braxton Fulford OF Juan Soto OF Jackson Merrill OF Griffin Conine P Shota Imanaga P MacKenzie Gore SS Ezequiel Tovar,,,
648,5257809227,jjbrock (13/20),0,80.1,1B Vinnie Pasquantino 2B Adael Amador 3B Connor Norby C Carter Jensen OF Jackson Merrill OF Lars Nootbaar OF Isaac Collins P Shota Imanaga P MacKenzie Gore SS Bobby Witt Jr.,,,
650,5257800615,MoneyMatt711 (2/10),0,79.85,1B Pete Alonso 2B Ketel Marte 3B Coby Mayo C Samuel Basallo OF Julio Rodriguez OF Dylan Beavers OF Lars Nootbaar P George Kirby P Jake Bennett SS Gunnar Henderson,,,
651,5257792453,dpcollects,0,79.5,1B Kyle Stowers 2B Fernando Tatis Jr. 3B Manny Machado C Joe Mack OF Dustin Harris OF Jakob Marsee OF Lars Nootbaar P George Kirby P Yusei Kikuchi SS Francisco Lindor,,,
652,5257809230,jjbrock (16/20),0,79.3,1B Willson Contreras 2B Fernando Tatis Jr. 3B Caleb Durbin C Adley Rutschman OF Juan Soto OF Carson Benge OF Lars Nootbaar P Shota Imanaga P Cristian Javier SS Trevor Story,,,
653,5257796464,mbosse1970,0,79,1B Vaughn Grissom 2B Jake Cronenworth 3B Bo Bichette C Samuel Basallo OF Mike Trout OF Corbin Carroll OF Michael Conforto P Jake Bennett P Robbie Ray SS Francisco Lindor,,,
654,5257817596,LouisLipps (4/7),0,78.85,1B Griffin Conine 2B Adael Amador 3B Connor Norby C Samuel Basallo OF Cole Carrigg OF Dylan Beavers OF Colton Cowser P George Kirby P Shota Imanaga SS Gunnar Henderson,,,
655,5257812683,jpeters6 (14/20),0,78.3,1B Pete Alonso 2B Ketel Marte 3B Coby Mayo C Samuel Basallo OF Corbin Carroll OF Dylan Beavers OF Lars Nootbaar P Shota Imanaga P Cristian Javier SS Gunnar Henderson,,,
655,5257818040,d9144 (9/12),0,78.3,1B Tim Tawa 2B Ketel Marte 3B Manny Machado C Gabriel Moreno OF Fernando Tatis Jr. OF Dustin Harris OF Lars Nootbaar P Jake Bennett P Cristian Javier SS Geraldo Perdomo,,,
657,5257801613,meyers2305 (19/20),0,78.2,1B Moises Ballesteros 2B Connor Norby 3B Vaughn Grissom C Cal Raleigh OF Jake McCarthy OF Mike Trout OF Wade Meckler P Cristian Javier P MacKenzie Gore SS Zach Neto,,,
658,5257817587,Bama62,0,78.1,1B Ty France 2B Fernando Tatis Jr. 3B Austin Riley C Drake Baldwin OF Michael Harris II OF Griffin Conine OF Mauricio Dubon P Robbie Ray P Cristian Javier SS Otto Lopez,,,
659,5257820085,steven1meschi,0,78,1B Jake Cronenworth 2B Ketel Marte 3B Vaughn Grissom C Carson Kelly OF Mike Trout OF Roman Anthony OF Wyatt Langford P Robbie Ray P Merrill Kelly SS Geraldo Perdomo,,,
660,5257813190,Joecfall2006,0,77.95,1B Jake Cronenworth 2B Fernando Tatis Jr. 3B Manny Machado C Yainer Diaz OF Jackson Merrill OF Dustin Harris OF Lars Nootbaar P Yusei Kikuchi P Cristian Javier SS Francisco Lindor,,,
661,5257787950,tommydoo8,0,77.9,1B Pete Alonso 2B Marcus Semien 3B Josh Jung C Carson Kelly OF Juan Soto OF Randy Arozarena OF Daulton Varsho P Robbie Ray P MacKenzie Gore SS Nico Hoerner,,,
661,5257802293,coreyt1822,0,77.9,1B Jared Young 2B Fernando Tatis Jr. 3B Weston Wilson C Samuel Basallo OF Corbin Carroll OF Dustin Harris OF Taylor Ward P Robbie Ray P MacKenzie Gore SS Bobby Witt Jr.,,,
663,5257793178,Elwaysarmy (9/20),0,77.85,1B Jake Burger 2B Ketel Marte 3B Isaac Paredes C Carter Jensen OF Juan Soto OF Esteury Ruiz OF Jahmai Jones P George Kirby P Shota Imanaga SS Corey Seager,,,
663,5257800270,Johnny_Great (9/20),0,77.85,1B Vinnie Pasquantino 2B Ketel Marte 3B Nick Loftin C Gabriel Moreno OF Juan Soto OF Corbin Carroll OF Lars Nootbaar P George Kirby P Shota Imanaga SS Geraldo Perdomo,,,
663,5257812774,Webrin,0,77.85,1B Matt Olson 2B Ozzie Albies 3B Nick Loftin C Drake Baldwin OF Ronald Acuna Jr. OF Griffin Conine OF A.J. Ewing P George Kirby P Jake Bennett SS Mauricio Dubon,,,
666,5257804184,rills (4/20),0,77.75,1B Pete Alonso 2B Adael Amador 3B Kyle Karros C Carter Jensen OF Jake McCarthy OF Cole Carrigg OF Jordan Beck P Yusei Kikuchi P MacKenzie Gore SS Zach Neto,,,
666,5257809228,jjbrock (14/20),0,77.75,1B Kyle Stowers 2B Fernando Tatis Jr. 3B Kyle Karros C Yainer Diaz OF Yordan Alvarez OF Heriberto Hernandez OF Cam Smith P Yusei Kikuchi P MacKenzie Gore SS Jeremy Pena,,,
666,5257818042,d9144 (11/12),0,77.75,1B Ty France 2B Jose Altuve 3B Manny Machado C Yainer Diaz OF Jackson Merrill OF Dustin Harris OF Jorge Barrosa P Yusei Kikuchi P MacKenzie Gore SS Xander Bogaerts,,,
669,5257798219,awen419 (11/20),0,77.65,1B Salvador Perez 2B Fernando Tatis Jr. 3B Isaac Paredes C Carter Jensen OF Yordan Alvarez OF John Rave OF Isaac Collins P Robbie Ray P Yusei Kikuchi SS Jeremy Pena,,,
670,5257801720,FantasyCrusader (7/9),0,77.3,1B Christian Walker 2B Connor Norby 3B Isaac Paredes C Yainer Diaz OF Yordan Alvarez OF Randy Arozarena OF Cole Carrigg P Jake Bennett P Cristian Javier SS Jeremy Pena,,,
671,5257800619,MoneyMatt711 (6/10),0,77.2,1B Kyle Stowers 2B Fernando Tatis Jr. 3B Josh Rojas C Samuel Basallo OF Griffin Conine OF Dylan Beavers OF Cam Smith P Shota Imanaga P Jake Bennett SS Cole Carrigg,,,
672,5257798319,johnnyp509 (2/2),0,77.1,1B Jake Cronenworth 2B Jose Altuve 3B Coby Mayo C Samuel Basallo OF Jackson Merrill OF Seiya Suzuki OF Carson Benge P Merrill Kelly P MacKenzie Gore SS Jeremy Pena,,,
673,5257790524,newjammy (1/20),0,76.85,1B Kyle Stowers 2B Ozzie Albies 3B Manny Machado C Braxton Fulford OF Griffin Conine OF Dominic Canzone OF Jordan Beck P George Kirby P Shota Imanaga SS Ezequiel Tovar,,,
673,5257801883,wioux,0,76.85,1B Pete Alonso 2B Fernando Tatis Jr. 3B Manny Machado C Samuel Basallo OF Lars Nootbaar OF Colton Cowser OF Jahmai Jones P George Kirby P Jake Bennett SS Isiah Kiner-Falefa,,,
673,5257813943,tpyo (7/20),0,76.85,1B Pavin Smith 2B Fernando Tatis Jr. 3B Bo Bichette C Luis Torrens OF Juan Soto OF Carson Benge OF Dustin Harris P Shota Imanaga P Yusei Kikuchi SS Francisco Lindor,,,
673,5257818460,SeanyB231 (12/19),0,76.85,1B Vinnie Pasquantino 2B Pedro Ramirez 3B Nick Loftin C Carter Jensen OF Juan Soto OF Corbin Carroll OF John Rave P Shota Imanaga P Yusei Kikuchi SS Bobby Witt Jr.,,,
677,5257798290,happyp,0,76.65,1B Michael Busch 2B Ketel Marte 3B Alex Bregman C Luis Torrens OF Carson Benge OF Ian Happ OF Colton Cowser P Shota Imanaga P Mason Adams SS Cole Carrigg,,,
678,5257800795,gerg (1/5),0,76.3,1B Kyle Stowers 2B Fernando Tatis Jr. 3B Manny Machado C Joe Mack OF Heriberto Hernandez OF Griffin Conine OF Dustin Harris P Jake Bennett P Cristian Javier SS Otto Lopez,,,
679,5257790536,newjammy (13/20),0,76.1,1B Ty France 2B Justin Foscue 3B Manny Machado C Braxton Fulford OF Jackson Merrill OF Ian Happ OF Griffin Conine P Shota Imanaga P MacKenzie Gore SS Ezequiel Tovar,,,
679,5257815417,lavender32,0,76.1,1B Vinnie Pasquantino 2B Jose Altuve 3B Connor Norby C Carson Kelly OF Wilyer Abreu OF Michael Harris II OF Brandon Nimmo P Shota Imanaga P MacKenzie Gore SS Corey Seager,,,
681,5257809231,jjbrock (17/20),0,75.95,1B Pete Alonso 2B Fernando Tatis Jr. 3B Coby Mayo C Gabriel Moreno OF Juan Soto OF A.J. Ewing OF Colton Cowser P Yusei Kikuchi P Cristian Javier SS Gunnar Henderson,,,
682,5257804188,rills (8/20),0,75.85,1B Pete Alonso 2B Ketel Marte 3B Connor Norby C Gabriel Moreno OF Juan Soto OF Corbin Carroll OF Lars Nootbaar P Merrill Kelly P Yusei Kikuchi SS Geraldo Perdomo,,,
682,5257811314,DVaughnKing (1/2),0,75.85,1B Pete Alonso 2B Connor Norby 3B Denzer Guzman C Sean Murphy OF Fernando Tatis Jr. OF Colton Cowser OF Jesus Sanchez P George Kirby P Jake Bennett SS Gunnar Henderson,,,
682,5257818926,DVaughnKing (2/2),0,75.85,1B Pete Alonso 2B Connor Norby 3B Denzer Guzman C Sean Murphy OF Fernando Tatis Jr. OF Colton Cowser OF Jesus Sanchez P George Kirby P Jake Bennett SS Gunnar Henderson,,,
685,5257790532,newjammy (9/20),0,75.75,1B Ty France 2B Justin Foscue 3B Kyle Karros C Braxton Fulford OF Jackson Merrill OF Corbin Carroll OF Dominic Canzone P George Kirby P MacKenzie Gore SS Ezequiel Tovar,,,
685,5257817938,monsoonserge (3/3),0,75.75,1B Josh Naylor 2B Fernando Tatis Jr. 3B Weston Wilson C Cal Raleigh OF Jackson Merrill OF Taylor Ward OF Lars Nootbaar P George Kirby P MacKenzie Gore SS J.P. Crawford,,,
687,5257796669,brad4d14,0,75.65,1B Michael Busch 2B Jake Cronenworth 3B Isaac Paredes C Gabriel Moreno OF Juan Soto OF Jackson Merrill OF Ian Happ P Robbie Ray P Yusei Kikuchi SS Nico Hoerner,,,
687,5257811545,jckasta40 (9/13),0,75.65,1B Christian Walker 2B Michael Massey 3B Isaac Paredes C Danny Jansen OF Juan Soto OF Yordan Alvarez OF Dominic Canzone P Robbie Ray P Yusei Kikuchi SS Bobby Witt Jr.,,,
689,5257803800,bjpintar (1/2),0,75.5,1B Jake Cronenworth 2B Brett Baty 3B Manny Machado C Agustin Ramirez OF Fernando Tatis Jr. OF Carson Benge OF Heriberto Hernandez P Jake Bennett P Chris Bassitt SS Francisco Lindor,,,
690,5257795970,ARoman24 (1/3),0,75.45,1B Jared Young 2B Fernando Tatis Jr. 3B Manny Machado C Sean Murphy OF Jackson Merrill OF Samad Taylor OF Lars Nootbaar P Daniel Lynch IV P MacKenzie Gore SS Xander Bogaerts,,,
691,5257788912,peterjpacheco (5/6),0,75.25,1B Jared Young 2B Justin Foscue 3B Isaac Paredes C Carter Jensen OF Juan Soto OF Randy Arozarena OF Dustin Harris P George Kirby P JR Ritchie SS Francisco Lindor,,,
692,5257788746,brooklyns_crisis,0,75.15,1B Pete Alonso 2B Christian Moore 3B Nick Loftin C Elias Diaz OF Fernando Tatis Jr. OF Juan Soto OF Jackson Merrill P Yusei Kikuchi P Chris Bassitt SS Bobby Witt Jr.,,,
693,5257800618,MoneyMatt711 (5/10),0,75.1,1B Kyle Stowers 2B Fernando Tatis Jr. 3B Denzer Guzman C Joe Mack OF Jackson Merrill OF Dustin Harris OF Dylan Beavers P Jake Bennett P MacKenzie Gore SS Jeremy Pena,,,
693,5257813954,tpyo (18/20),0,75.1,1B Pete Alonso 2B Connor Norby 3B Coby Mayo C Carter Jensen OF Cole Carrigg OF Dylan Beavers OF Colton Cowser P Shota Imanaga P MacKenzie Gore SS Gunnar Henderson,,,
695,5257799955,jaykluginator (2/2),0,74.95,1B Kyle Stowers 2B Jose Altuve 3B Isaac Paredes C Cal Raleigh OF Yordan Alvarez OF Heriberto Hernandez OF Griffin Conine P George Kirby P Cristian Javier SS Jeremy Pena,,,
695,5257820383,Troncat77,0,74.95,1B Kyle Stowers 2B Fernando Tatis Jr. 3B Manny Machado C Yainer Diaz OF Jackson Merrill OF Dustin Harris OF Lars Nootbaar P Yusei Kikuchi P Cristian Javier SS Francisco Lindor,,,
697,5257790606,FoxyGrandpa252 (5/20),0,74.85,1B Griffin Conine 2B Xavier Edwards 3B Javier Sanoja C Joe Mack OF Juan Soto OF Jackson Merrill OF Heriberto Hernandez P Shota Imanaga P Yusei Kikuchi SS Francisco Lindor,,,
697,5257811449,jacks666,0,74.85,1B Jared Young 2B Ketel Marte 3B Coby Mayo C Braxton Fulford OF Juan Soto OF Carson Benge OF Dustin Harris P George Kirby P Shota Imanaga SS Francisco Lindor,,,
699,5257798954,dejeliwaar13,0,74.75,1B Vinnie Pasquantino 2B Connor Norby 3B Manny Machado C Gabriel Moreno OF Carson Benge OF Dominic Canzone OF A.J. Ewing P George Kirby P MacKenzie Gore SS Geraldo Perdomo,,,
700,5257808302,mdscott27 (7/20),0,74.4,1B Michael Busch 2B Connor Norby 3B Javier Sanoja C Cal Raleigh OF Juan Soto OF Corbin Carroll OF Brandon Nimmo P Robbie Ray P JR Ritchie SS J.P. Crawford,,,
701,5257809257,ChtistianRocker,0,74.3,1B Brett Baty 2B Fernando Tatis Jr. 3B Austin Riley C Carson Kelly OF Corbin Carroll OF Julio Rodriguez OF Carson Benge P Shota Imanaga P Cristian Javier SS Francisco Lindor,,,
702,5257796465,txraynard,0,73.95,1B Ty France 2B Jose Altuve 3B Isaac Paredes C Yainer Diaz OF Fernando Tatis Jr. OF Yordan Alvarez OF Dustin Harris P Yusei Kikuchi P Cristian Javier SS Xander Bogaerts,,,
702,5257813677,Zwood22,0,73.95,1B Jake Cronenworth 2B Jose Altuve 3B Isaac Paredes C Yainer Diaz OF Yordan Alvarez OF Jackson Merrill OF Griffin Conine P George Kirby P Cristian Javier SS Jeremy Pena,,,
704,5257807555,OCEANBLAST,0,73.85,1B Pete Alonso 2B Nick Loftin 3B Isaac Paredes C Gabriel Moreno OF Yordan Alvarez OF Corbin Carroll OF Wyatt Langford P Jake Bennett P Yusei Kikuchi SS Isiah Kiner-Falefa,,,
704,5257810843,nickcov (1/3),0,73.85,1B Jared Young 2B Ketel Marte 3B Bo Bichette C Braxton Fulford OF Juan Soto OF Carson Benge OF Dustin Harris P George Kirby P Shota Imanaga SS Francisco Lindor,,,
704,5257811163,ramrodrocks (5/8),0,73.85,1B Jared Young 2B Ketel Marte 3B Bo Bichette C Braxton Fulford OF Juan Soto OF Carson Benge OF Dustin Harris P George Kirby P Shota Imanaga SS Francisco Lindor,,,
704,5257816674,Handcuff2006 (5/6),0,73.85,1B Jared Young 2B Ketel Marte 3B Bo Bichette C Braxton Fulford OF Juan Soto OF Carson Benge OF Dustin Harris P George Kirby P Shota Imanaga SS Francisco Lindor,,,
704,5257817057,poco1083 (1/2),0,73.85,1B Vaughn Grissom 2B Fernando Tatis Jr. 3B Manny Machado C Sean Murphy OF Mike Trout OF Wade Meckler OF Dustin Harris P Merrill Kelly P Yusei Kikuchi SS Zach Neto,,,
704,5257818536,mnordy03 (3/4),0,73.85,1B Jared Young 2B Ketel Marte 3B Bo Bichette C Braxton Fulford OF Juan Soto OF Carson Benge OF Dustin Harris P George Kirby P Shota Imanaga SS Francisco Lindor,,,
710,5257813709,jckasta40 (12/13),0,73.65,1B Willson Contreras 2B Justin Foscue 3B Ezequiel Duran C Adley Rutschman OF Wilyer Abreu OF Roman Anthony OF Jahmai Jones P Robbie Ray P Yusei Kikuchi SS Corey Seager,,,
711,5257811638,IBGOOD,0,73.45,1B Pete Alonso 2B Jose Altuve 3B Coby Mayo C Carter Jensen OF Juan Soto OF Julio Rodriguez OF Carson Benge P Merrill Kelly P Ryan Gusto SS Francisco Lindor,,,
712,5257802892,dagrinch,0,73.3,1B Pete Alonso 2B Jose Altuve 3B Isaac Paredes C Gabriel Moreno OF Juan Soto OF Yordan Alvarez OF Lars Nootbaar P Jake Bennett P Cristian Javier SS Geraldo Perdomo,,,
713,5257796047,hookabrotherup (2/3),0,72.95,1B Michael Busch 2B Adael Amador 3B Manny Machado C Yainer Diaz OF Jackson Merrill OF Randy Arozarena OF Colton Cowser P Yusei Kikuchi P Cristian Javier SS Gunnar Henderson,,,
713,5257801053,Emac (2/20),0,72.95,1B Jake Cronenworth 2B Fernando Tatis Jr. 3B Manny Machado C Adley Rutschman OF Jackson Merrill OF Dustin Harris OF Jahmai Jones P Yusei Kikuchi P Cristian Javier SS Zach Neto,,,
715,5257797733,Bones1212 (2/4),0,72.85,1B Ty France 2B Ketel Marte 3B Manny Machado C Moises Ballesteros OF Corbin Carroll OF Carson Benge OF Lars Nootbaar P Shota Imanaga P Yusei Kikuchi SS Jeremy Pena,,,
715,5257807855,lacavirma (1/2),0,72.85,1B Pete Alonso 2B Brett Baty 3B Coby Mayo C Luis Torrens OF Juan Soto OF Carson Benge OF Colton Cowser P George Kirby P Shota Imanaga SS Francisco Lindor,,,
715,5257808309,mdscott27 (14/20),0,72.85,1B Christian Walker 2B Jose Altuve 3B Isaac Paredes C Cal Raleigh OF Yordan Alvarez OF Julio Rodriguez OF Taylor Ward P George Kirby P Jake Bennett SS J.P. Crawford,,,
718,5257794310,oldangrygamer (1/3),0,72.75,1B Pete Alonso 2B Jose Altuve 3B Coby Mayo C Yainer Diaz OF Jackson Merrill OF Dylan Beavers OF Daulton Varsho P George Kirby P MacKenzie Gore SS Jeremy Pena,,,
718,5257811433,beatzndastreets,0,72.75,1B Kyle Stowers 2B Fernando Tatis Jr. 3B Isaac Paredes C Gabriel Moreno OF Jake McCarthy OF Heriberto Hernandez OF Lars Nootbaar P Yusei Kikuchi P MacKenzie Gore SS Otto Lopez,,,
720,5257801603,meyers2305 (9/20),0,72.55,1B Kyle Stowers 2B Ketel Marte 3B Nolan Arenado C Gabriel Moreno OF Randy Arozarena OF Corbin Carroll OF Julio Rodriguez P Mason Adams P MacKenzie Gore SS Geraldo Perdomo,,,
720,5257802292,mjacksonready,0,72.55,1B Willson Contreras 2B Fernando Tatis Jr. 3B Caleb Durbin C Gabriel Moreno OF Michael Harris II OF Dominic Canzone OF Taylor Ward P Mason Adams P MacKenzie Gore SS Corey Seager,,,
722,5257819442,Jeter2333 (5/16),0,72.5,1B Ty France 2B Jake Cronenworth 3B Manny Machado C Elias Diaz OF Jake McCarthy OF Dustin Harris OF Lars Nootbaar P George Kirby P Yusei Kikuchi SS Xander Bogaerts,,,
723,5257810016,Oscartino6,0,72.3,1B Pete Alonso 2B Fernando Tatis Jr. 3B Coby Mayo C Carter Jensen OF Ronald Acuna Jr. OF Carson Benge OF Dylan Beavers P Merrill Kelly P Cristian Javier SS J.P. Crawford,,,
724,5257790537,newjammy (14/20),0,72.1,1B Kyle Stowers 2B Justin Foscue 3B Manny Machado C Braxton Fulford OF Jackson Merrill OF Corbin Carroll OF Jordan Beck P Shota Imanaga P MacKenzie Gore SS Ezequiel Tovar,,,
724,5257812771,jckasta40 (10/13),0,72.1,1B Pete Alonso 2B Brett Baty 3B Coby Mayo C Samuel Basallo OF Juan Soto OF Carson Benge OF Jeremiah Jackson P Jake Bennett P MacKenzie Gore SS Francisco Lindor,,,
726,5257801774,WarriorQB10,0,71.95,1B Jake Cronenworth 2B Fernando Tatis Jr. 3B Manny Machado C Braxton Fulford OF Jackson Merrill OF Dustin Harris OF Jordan Beck P George Kirby P Cristian Javier SS Ezequiel Tovar,,,
726,5257809217,jjbrock (3/20),0,71.95,1B Pete Alonso 2B Adael Amador 3B Connor Norby C Gabriel Moreno OF Juan Soto OF Jake McCarthy OF Jordan Beck P Yusei Kikuchi P Cristian Javier SS Cole Carrigg,,,
728,5257800041,traderchris20 (2/2),0,71.85,1B Vinnie Pasquantino 2B Ozzie Albies 3B Isaac Paredes C Adley Rutschman OF Jackson Merrill OF Carson Benge OF Dominic Canzone P George Kirby P Shota Imanaga SS Nico Hoerner,,,
728,5257808958,otepencelik (3/15),0,71.85,1B Pete Alonso 2B Adael Amador 3B Coby Mayo C Samuel Basallo OF Cole Carrigg OF Troy Johnston OF Dylan Beavers P Shota Imanaga P Yusei Kikuchi SS Gunnar Henderson,,,
728,5257812539,hanks101,0,71.85,1B Willson Contreras 2B Marcus Semien 3B Bo Bichette C Adley Rutschman OF Jackson Merrill OF Wilyer Abreu OF Lars Nootbaar P George Kirby P Jake Bennett SS Trevor Story,,,
728,5257816035,otepencelik (11/15),0,71.85,1B Pete Alonso 2B Adael Amador 3B Coby Mayo C Samuel Basallo OF Cole Carrigg OF Troy Johnston OF Dylan Beavers P Shota Imanaga P Yusei Kikuchi SS Gunnar Henderson,,,
732,5257806460,jckasta40 (5/13),0,70.95,1B Jake Burger 2B Justin Foscue 3B Josh Jung C Adley Rutschman OF Wilyer Abreu OF Roman Anthony OF Ezequiel Duran P Yusei Kikuchi P Cristian Javier SS Trevor Story,,,
733,5257808314,mdscott27 (19/20),0,70.85,1B Jared Young 2B Marcus Semien 3B Manny Machado C Gabriel Moreno OF Juan Soto OF Carson Benge OF Lars Nootbaar P George Kirby P Merrill Kelly SS Francisco Lindor,,,
733,5257813540,Choker12 (5/5),0,70.85,1B Pavin Smith 2B Jake Cronenworth 3B Coby Mayo C Samuel Basallo OF Juan Soto OF Carson Benge OF Dylan Beavers P George Kirby P Jake Bennett SS Gunnar Henderson,,,
735,5257801601,meyers2305 (7/20),0,70.75,1B Jake Cronenworth 2B Connor Norby 3B Kyle Karros C Braxton Fulford OF Fernando Tatis Jr. OF Jake McCarthy OF Dustin Harris P Yusei Kikuchi P MacKenzie Gore SS Cole Carrigg,,,
736,5257789752,UglyLovely,0,70.7,1B Vaughn Grissom 2B Fernando Tatis Jr. 3B Manny Machado C Moises Ballesteros OF Mike Trout OF Wade Meckler OF Dustin Harris P JR Ritchie P Cristian Javier SS Zach Neto,,,
737,5257799279,lenrad80 (2/2),0,70.65,1B Jake Burger 2B Ketel Marte 3B Isaac Paredes C Adley Rutschman OF Juan Soto OF Carson Benge OF Ian Happ P George Kirby P Robbie Ray SS Mauricio Dubon,,,
738,5257817744,KRB68,0,70.6,1B Vinnie Pasquantino 2B Fernando Tatis Jr. 3B Austin Riley C Yainer Diaz OF Yordan Alvarez OF Isaac Collins OF Jorge Barrosa P Jake Bennett P JR Ritchie SS Bobby Witt Jr.,,,
739,5257808964,otepencelik (9/15),0,70.5,1B Jake Cronenworth 2B Fernando Tatis Jr. 3B Graham Pauley C Joe Mack OF Jackson Merrill OF A.J. Ewing OF Dustin Harris P George Kirby P Yusei Kikuchi SS Xander Bogaerts,,,
739,5257809222,jjbrock (8/20),0,70.5,1B Pete Alonso 2B Brett Baty 3B Coby Mayo C Gabriel Moreno OF Juan Soto OF Carson Benge OF A.J. Ewing P George Kirby P Yusei Kikuchi SS Francisco Lindor,,,
739,5257816038,otepencelik (14/15),0,70.5,1B Jake Cronenworth 2B Fernando Tatis Jr. 3B Graham Pauley C Joe Mack OF Jackson Merrill OF A.J. Ewing OF Dustin Harris P George Kirby P Yusei Kikuchi SS Xander Bogaerts,,,
739,5257816980,beepbeep2,0,70.5,1B Willson Contreras 2B Ketel Marte 3B Manny Machado C Gabriel Moreno OF Corbin Carroll OF Dylan Beavers OF Jorge Barrosa P George Kirby P Yusei Kikuchi SS Francisco Lindor,,,
743,5257789707,M37Fisher (1/5),0,70.4,1B Christian Walker 2B Ketel Marte 3B Isaac Paredes C Gabriel Moreno OF Yordan Alvarez OF Wilyer Abreu OF Daulton Varsho P Robbie Ray P JR Ritchie SS Jeremy Pena,,,
744,5257801602,meyers2305 (8/20),0,70.2,1B Ty France 2B Fernando Tatis Jr. 3B Connor Norby C Braxton Fulford OF Jackson Merrill OF Dustin Harris OF Jordan Beck P Cristian Javier P MacKenzie Gore SS Xander Bogaerts,,,
745,5257804789,SeanyB231 (2/19),0,70.15,1B Matt Olson 2B Ozzie Albies 3B Manny Machado C Drake Baldwin OF Ronald Acuna Jr. OF Michael Harris II OF Jahmai Jones P Yusei Kikuchi P Chris Bassitt SS Bobby Witt Jr.,,,
746,5257800281,Johnny_Great (20/20),0,69.95,1B Pete Alonso 2B Ketel Marte 3B Coby Mayo C Gabriel Moreno OF Juan Soto OF Dylan Beavers OF Colton Cowser P George Kirby P Cristian Javier SS Gunnar Henderson,,,
747,5257796709,Apson86,0,69.85,1B Vinnie Pasquantino 2B Ketel Marte 3B Javier Sanoja C Gabriel Moreno OF Yordan Alvarez OF Corbin Carroll OF Michael Harris II P Jake Bennett P Yusei Kikuchi SS Otto Lopez,,,
747,5257812672,jpeters6 (3/20),0,69.85,1B Tim Tawa 2B Ketel Marte 3B Manny Machado C Yainer Diaz OF Yordan Alvarez OF Corbin Carroll OF Lars Nootbaar P Shota Imanaga P Yusei Kikuchi SS Geraldo Perdomo,,,
747,5257819445,Jeter2333 (8/16),0,69.85,1B Ty France 2B Fernando Tatis Jr. 3B Manny Machado C Elias Diaz OF Dustin Harris OF Lars Nootbaar OF Jahmai Jones P George Kirby P Jake Bennett SS J.P. Crawford,,,
750,5257810970,SeanyB231 (7/19),0,69.65,1B Willson Contreras 2B Brett Baty 3B Bo Bichette C Adley Rutschman OF Ronald Acuna Jr. OF Wilyer Abreu OF Roman Anthony P Robbie Ray P Yusei Kikuchi SS Trevor Story,,,
751,5257808310,mdscott27 (15/20),0,69.5,1B Ty France 2B Fernando Tatis Jr. 3B Coby Mayo C Samuel Basallo OF Dustin Harris OF Dylan Beavers OF Rece Hinds P George Kirby P Yusei Kikuchi SS Gunnar Henderson,,,
752,5257814113,JadedinMaine (13/17),0,69.2,1B Matt Olson 2B Ozzie Albies 3B Austin Riley C Sean Murphy OF Juan Soto OF Ronald Acuna Jr. OF A.J. Ewing P George Kirby P Daniel Lynch IV SS Cole Carrigg,,,
753,5257798228,awen419 (20/20),0,69.15,1B Vinnie Pasquantino 2B Adael Amador 3B Connor Norby C Carter Jensen OF Jake McCarthy OF Cole Carrigg OF Troy Johnston P Yusei Kikuchi P Chris Bassitt SS Bobby Witt Jr.,,,
754,5257793180,Elwaysarmy (11/20),0,68.95,1B Christian Walker 2B Jose Altuve 3B Isaac Paredes C Yainer Diaz OF Fernando Tatis Jr. OF Jackson Merrill OF Ronald Acuna Jr. P Yusei Kikuchi P Cristian Javier SS Jeremy Pena,,,
754,5257802342,Choker12 (2/5),0,68.95,1B Ty France 2B Fernando Tatis Jr. 3B Manny Machado C Elias Diaz OF Jackson Merrill OF Dustin Harris OF Jahmai Jones P George Kirby P Cristian Javier SS Ezequiel Tovar,,,
754,5257807815,JadedinMaine (1/17),0,68.95,1B Matt Olson 2B Ozzie Albies 3B Isaac Paredes C Sean Murphy OF Ronald Acuna Jr. OF Jake McCarthy OF Mauricio Dubon P George Kirby P Cristian Javier SS Cole Carrigg,,,
757,5257809511,Newmy7777,0,68.9,1B Jake Cronenworth 2B Fernando Tatis Jr. 3B Manny Machado C Sean Murphy OF Jackson Merrill OF Dustin Harris OF Lars Nootbaar P Robbie Ray P MacKenzie Gore SS Ha-Seong Kim,,,
758,5257808304,mdscott27 (9/20),0,68.85,1B Ty France 2B Jake Cronenworth 3B Manny Machado C Braxton Fulford OF Fernando Tatis Jr. OF Dustin Harris OF Lars Nootbaar P Jake Bennett P Yusei Kikuchi SS Geraldo Perdomo,,,
758,5257819132,Cobra777666777,0,68.85,1B Michael Busch 2B Adael Amador 3B Connor Norby C Carter Jensen OF Cole Carrigg OF John Rave OF Jahmai Jones P George Kirby P Jake Bennett SS Xander Bogaerts,,,
758,5257819440,Jeter2333 (3/16),0,68.85,1B Ty France 2B Fernando Tatis Jr. 3B Manny Machado C Sean Murphy OF Dustin Harris OF Lars Nootbaar OF Jahmai Jones P George Kirby P Jake Bennett SS J.P. Crawford,,,
761,5257813436,gerg (5/5),0,68.3,1B Christian Walker 2B Ketel Marte 3B Isaac Paredes C Yainer Diaz OF Yordan Alvarez OF Ronald Acuna Jr. OF Corbin Carroll P Jake Bennett P Cristian Javier SS Jeremy Pena,,,
762,5257818039,d9144 (8/12),0,68.1,1B Tim Tawa 2B Ketel Marte 3B Connor Norby C Gabriel Moreno OF Cole Carrigg OF Corbin Carroll OF Troy Johnston P Shota Imanaga P MacKenzie Gore SS Geraldo Perdomo,,,
763,5257793189,Elwaysarmy (20/20),0,67.95,1B Josh Naylor 2B Fernando Tatis Jr. 3B Bo Bichette C Sean Murphy OF Juan Soto OF Wyatt Langford OF Jahmai Jones P George Kirby P Cristian Javier SS Jeremy Pena,,,
763,5257811639,JoeKing111,0,67.95,1B Jake Burger 2B Javier Sanoja 3B Ezequiel Duran C Elias Diaz OF Fernando Tatis Jr. OF Cole Carrigg OF Wyatt Langford P George Kirby P Cristian Javier SS Corey Seager,,,
765,5257788234,jjaallin,0,67.75,1B Ty France 2B Michael Massey 3B Javier Sanoja C Sean Murphy OF Fernando Tatis Jr. OF Jackson Merrill OF Griffin Conine P Yusei Kikuchi P MacKenzie Gore SS Otto Lopez,,,
765,5257800273,Johnny_Great (12/20),0,67.75,1B Salvador Perez 2B Cole Young 3B Isaac Paredes C Cal Raleigh OF Yordan Alvarez OF Randy Arozarena OF Dominic Canzone P George Kirby P MacKenzie Gore SS J.P. Crawford,,,
767,5257811328,jeffrywraps81,0,67.45,1B Willson Contreras 2B Jake Cronenworth 3B Josh Rojas C Carter Jensen OF Fernando Tatis Jr. OF Juan Soto OF Carson Benge P Jake Bennett P Ryan Gusto SS Isiah Kiner-Falefa,,,
768,5257800622,MoneyMatt711 (9/10),0,67.3,1B Griffin Conine 2B Jake Cronenworth 3B Manny Machado C Joe Mack OF Jackson Merrill OF Corbin Carroll OF Dustin Harris P Jake Bennett P Cristian Javier SS Xander Bogaerts,,,
769,5257801609,meyers2305 (15/20),0,67.2,1B Jake Cronenworth 2B Connor Norby 3B Manny Machado C Braxton Fulford OF Jackson Merrill OF Samad Taylor OF Troy Johnston P Cristian Javier P MacKenzie Gore SS Xander Bogaerts,,,
769,5257806108,sacking,0,67.2,1B Ty France 2B Fernando Tatis Jr. 3B Manny Machado C Braxton Fulford OF Jackson Merrill OF Dustin Harris OF Jordan Beck P Cristian Javier P MacKenzie Gore SS J.P. Crawford,,,
771,5257800280,Johnny_Great (19/20),0,66.95,1B Willson Contreras 2B Fernando Tatis Jr. 3B Caleb Durbin C Adley Rutschman OF Wilyer Abreu OF Mike Trout OF Jahmai Jones P Yusei Kikuchi P Cristian Javier SS Zach Neto,,,
771,5257800617,MoneyMatt711 (4/10),0,66.95,1B Griffin Conine 2B Jake Cronenworth 3B Manny Machado C Joe Mack OF Fernando Tatis Jr. OF Jackson Merrill OF Dustin Harris P Yusei Kikuchi P Cristian Javier SS Jeremy Pena,,,
771,5257818498,iamtheky,0,66.95,1B Jake Cronenworth 2B Fernando Tatis Jr. 3B Manny Machado C Yainer Diaz OF Jackson Merrill OF Lars Nootbaar OF Jahmai Jones P Yusei Kikuchi P Cristian Javier SS Bobby Witt Jr.,,,
774,5257799964,TBS4thep1ck,0,66.85,1B Pete Alonso 2B Adael Amador 3B Isaac Paredes C Carter Jensen OF Carson Benge OF Dustin Harris OF Jahmai Jones P George Kirby P Jake Bennett SS Cole Carrigg,,,
774,5257800272,Johnny_Great (11/20),0,66.85,1B Pete Alonso 2B Marcus Semien 3B Bo Bichette C Luis Torrens OF Juan Soto OF Dylan Beavers OF Rece Hinds P George Kirby P Shota Imanaga SS Francisco Lindor,,,
774,5257804200,rills (20/20),0,66.85,1B Salvador Perez 2B Nick Loftin 3B Josh Rojas C Carter Jensen OF Juan Soto OF Mike Trout OF Carson Benge P Shota Imanaga P Yusei Kikuchi SS Bobby Witt Jr.,,,
774,5257808344,erwinswimmaster4 (1/2),0,66.85,1B Vinnie Pasquantino 2B Jose Altuve 3B Vaughn Grissom C Drake Baldwin OF Fernando Tatis Jr. OF Jahmai Jones OF Jorge Barrosa P George Kirby P Shota Imanaga SS Otto Lopez,,,
774,5257814603,erwinswimmaster4 (2/2),0,66.85,1B Vinnie Pasquantino 2B Jose Altuve 3B Vaughn Grissom C Drake Baldwin OF Fernando Tatis Jr. OF Jahmai Jones OF Jorge Barrosa P George Kirby P Shota Imanaga SS Otto Lopez,,,
779,5257810290,gettinem420,0,66.75,1B Jake Burger 2B Jake Cronenworth 3B Coby Mayo C Yainer Diaz OF Cole Carrigg OF Corbin Carroll OF A.J. Ewing P George Kirby P MacKenzie Gore SS Francisco Lindor,,,
779,5257818043,d9144 (12/12),0,66.75,1B Ty France 2B Ketel Marte 3B Manny Machado C Gabriel Moreno OF Corbin Carroll OF Dustin Harris OF Lars Nootbaar P Yusei Kikuchi P MacKenzie Gore SS Geraldo Perdomo,,,
781,5257804182,rills (2/20),0,66.3,1B Christian Walker 2B Jose Altuve 3B Isaac Paredes C Yainer Diaz OF Juan Soto OF Yordan Alvarez OF Carson Benge P Shota Imanaga P Cristian Javier SS Francisco Lindor,,,
782,5257790614,FoxyGrandpa252 (13/20),0,65.85,1B Jared Young 2B Fernando Tatis Jr. 3B Isaac Paredes C Luis Torrens OF Juan Soto OF Carson Benge OF Dustin Harris P Shota Imanaga P Yusei Kikuchi SS Francisco Lindor,,,
783,5257801600,meyers2305 (6/20),0,65.75,1B Jake Burger 2B Ketel Marte 3B Manny Machado C Gabriel Moreno OF Jackson Merrill OF Corbin Carroll OF Lars Nootbaar P Yusei Kikuchi P MacKenzie Gore SS Geraldo Perdomo,,,
783,5257812671,jpeters6 (2/20),0,65.75,1B Vinnie Pasquantino 2B Ketel Marte 3B Manny Machado C Gabriel Moreno OF Corbin Carroll OF Dustin Harris OF Lars Nootbaar P George Kirby P MacKenzie Gore SS Geraldo Perdomo,,,
785,5257808301,mdscott27 (6/20),0,65.65,1B Matt Olson 2B Ketel Marte 3B Austin Riley C Drake Baldwin OF Ronald Acuna Jr. OF Corbin Carroll OF Lars Nootbaar P Robbie Ray P Yusei Kikuchi SS Mauricio Dubon,,,
786,5257801860,jckasta40 (2/13),0,65.3,1B Jared Young 2B Jeremiah Jackson 3B Bo Bichette C Samuel Basallo OF Juan Soto OF Carson Benge OF Dylan Beavers P Jake Bennett P Cristian Javier SS Gunnar Henderson,,,
787,5257790527,newjammy (4/20),0,64.95,1B Ty France 2B Ozzie Albies 3B Manny Machado C Braxton Fulford OF Jackson Merrill OF Corbin Carroll OF Dominic Canzone P George Kirby P Cristian Javier SS Ezequiel Tovar,,,
787,5257800262,Johnny_Great (1/20),0,64.95,1B Matt Olson 2B Ozzie Albies 3B Austin Riley C Drake Baldwin OF Ronald Acuna Jr. OF Seiya Suzuki OF Dustin Harris P Yusei Kikuchi P Cristian Javier SS Xander Bogaerts,,,
789,5257799787,LoNdoNBriDGE89203 (2/4),0,64.85,1B Christian Walker 2B Ketel Marte 3B Isaac Paredes C Cal Raleigh OF Juan Soto OF Corbin Carroll OF Jorge Barrosa P Shota Imanaga P Yusei Kikuchi SS Francisco Lindor,,,
789,5257801056,Emac (5/20),0,64.85,1B Salvador Perez 2B Adael Amador 3B Connor Norby C Carter Jensen OF Cole Carrigg OF Corbin Carroll OF Rece Hinds P Shota Imanaga P Yusei Kikuchi SS Bobby Witt Jr.,,,
789,5257801060,Emac (9/20),0,64.85,1B Kyle Stowers 2B Isiah Kiner-Falefa 3B Connor Norby C Carter Jensen OF Juan Soto OF Corbin Carroll OF Jahmai Jones P Shota Imanaga P Yusei Kikuchi SS Bobby Witt Jr.,,,
792,5257810824,SeanyB231 (5/19),0,64.1,1B Kyle Stowers 2B Ozzie Albies 3B Javier Sanoja C Carter Jensen OF Corbin Carroll OF Heriberto Hernandez OF Griffin Conine P Jake Bennett P MacKenzie Gore SS Otto Lopez,,,
793,5257796013,ARoman24 (3/3),0,63.95,1B Jake Cronenworth 2B Fernando Tatis Jr. 3B Manny Machado C Joe Mack OF Jackson Merrill OF Samad Taylor OF Jahmai Jones P George Kirby P Cristian Javier SS Ha-Seong Kim,,,
793,5257809234,jjbrock (20/20),0,63.95,1B Christian Walker 2B Connor Norby 3B Isaac Paredes C Yainer Diaz OF Juan Soto OF Yordan Alvarez OF A.J. Ewing P George Kirby P Cristian Javier SS Francisco Lindor,,,
795,5257807866,JadedinMaine (4/17),0,63.75,1B Kyle Stowers 2B Javier Sanoja 3B Isaac Paredes C Yainer Diaz OF Juan Soto OF Heriberto Hernandez OF Griffin Conine P George Kirby P MacKenzie Gore SS Jeremy Pena,,,
796,5257801577,OLICFZV,0,63.6,1B Ty France 2B Connor Norby 3B Isaac Paredes C Sean Murphy OF Fernando Tatis Jr. OF Juan Soto OF Yordan Alvarez P Cristian Javier P Chris Bassitt SS Nico Hoerner,,,
797,5257808959,otepencelik (4/15),0,63.5,1B Pete Alonso 2B Fernando Tatis Jr. 3B Coby Mayo C Joe Mack OF A.J. Ewing OF Dustin Harris OF Dylan Beavers P George Kirby P Yusei Kikuchi SS Gunnar Henderson,,,
798,5257801482,kwidow13 (1/2),0,63.25,1B Jake Burger 2B Connor Norby 3B Coby Mayo C Drake Baldwin OF Randy Arozarena OF Cole Carrigg OF Corbin Carroll P JR Ritchie P Yusei Kikuchi SS Zach Neto,,,
799,5257791323,mseed1997,0,63.1,1B Pete Alonso 2B Michael Arroyo 3B Manny Machado C Joe Mack OF Fernando Tatis Jr. OF Cam Smith OF Lars Nootbaar P Robbie Ray P Cristian Javier SS Jeremy Pena,,,
800,5257801598,meyers2305 (4/20),0,62.95,1B Kyle Stowers 2B Jake Cronenworth 3B Manny Machado C Joe Mack OF Jackson Merrill OF Corbin Carroll OF Dustin Harris P Yusei Kikuchi P Cristian Javier SS Xander Bogaerts,,,
801,5257791339,Boneyball1018 (1/2),0,62.85,1B Michael Busch 2B Adael Amador 3B Connor Norby C Gabriel Moreno OF Jake McCarthy OF Carson Benge OF Troy Johnston P Jake Bennett P Yusei Kikuchi SS Cole Carrigg,,,
801,5257793172,Elwaysarmy (3/20),0,62.85,1B Salvador Perez 2B Jose Altuve 3B Isaac Paredes C Carter Jensen OF Juan Soto OF Yordan Alvarez OF Cam Smith P Shota Imanaga P Yusei Kikuchi SS Jeremy Pena,,,
801,5257798215,awen419 (7/20),0,62.85,1B Matt Olson 2B Ozzie Albies 3B Josh Rojas C Drake Baldwin OF Jackson Merrill OF Ronald Acuna Jr. OF Jahmai Jones P George Kirby P Jake Bennett SS Ha-Seong Kim,,,
801,5257798217,awen419 (9/20),0,62.85,1B Vinnie Pasquantino 2B Fernando Tatis Jr. 3B Nick Loftin C Carter Jensen OF Ronald Acuna Jr. OF Dylan Beavers OF Isaac Collins P Jake Bennett P Yusei Kikuchi SS Bobby Witt Jr.,,,
801,5257812686,jpeters6 (17/20),0,62.85,1B Kyle Stowers 2B Ketel Marte 3B Javier Sanoja C Joe Mack OF Juan Soto OF Heriberto Hernandez OF Griffin Conine P Shota Imanaga P Yusei Kikuchi SS Francisco Lindor,,,
806,5257817748,highland62,0,62.75,1B Ty France 2B Justin Foscue 3B Connor Norby C Yainer Diaz OF Fernando Tatis Jr. OF Lars Nootbaar OF Jahmai Jones P George Kirby P MacKenzie Gore SS Cole Carrigg,,,
807,5257814611,GiveBaronYourMoney,0,62.65,1B Vaughn Grissom 2B Ketel Marte 3B Isaac Paredes C Gabriel Moreno OF Yordan Alvarez OF Mike Trout OF Lars Nootbaar P Jake Bennett P Mason Adams SS Zach Neto,,,
808,5257796452,nbllove (2/4),0,62.3,1B Vaughn Grissom 2B Jose Altuve 3B Coby Mayo C Adley Rutschman OF Yordan Alvarez OF Randy Arozarena OF Ezequiel Duran P Jake Bennett P Cristian Javier SS Trevor Story,,,
809,5257800614,MoneyMatt711 (1/10),0,62.2,1B Ty France 2B Fernando Tatis Jr. 3B Manny Machado C Joe Mack OF Jackson Merrill OF Dustin Harris OF Lars Nootbaar P Cristian Javier P MacKenzie Gore SS J.P. Crawford,,,
810,5257796182,kilzman2,0,62.15,1B Christian Walker 2B Ketel Marte 3B Ezequiel Duran C Adley Rutschman OF Wilyer Abreu OF Mike Trout OF Corbin Carroll P George Kirby P Chris Bassitt SS Jeremy Pena,,,
811,5257798213,awen419 (5/20),0,61.95,1B Jared Young 2B Marcus Semien 3B Coby Mayo C Cal Raleigh OF Juan Soto OF Carson Benge OF A.J. Ewing P George Kirby P Cristian Javier SS Gunnar Henderson,,,
811,5257801062,Emac (11/20),0,61.95,1B Christian Walker 2B Jose Altuve 3B Manny Machado C Yainer Diaz OF Fernando Tatis Jr. OF Jackson Merrill OF Cam Smith P Yusei Kikuchi P Cristian Javier SS Jeremy Pena,,,
813,5257791679,sprtwlf (1/8),0,61.75,1B Vinnie Pasquantino 2B Adael Amador 3B Manny Machado C Gabriel Moreno OF Ronald Acuna Jr. OF A.J. Ewing OF Josh Lowe P Yusei Kikuchi P MacKenzie Gore SS Francisco Lindor,,,
813,5257808171,sprtwlf (4/8),0,61.75,1B Vinnie Pasquantino 2B Adael Amador 3B Manny Machado C Gabriel Moreno OF Ronald Acuna Jr. OF A.J. Ewing OF Josh Lowe P Yusei Kikuchi P MacKenzie Gore SS Francisco Lindor,,,
813,5257817949,oldangrygamer (2/3),0,61.75,1B Pete Alonso 2B Fernando Tatis Jr. 3B Coby Mayo C Danny Jansen OF Jackson Merrill OF Dustin Harris OF Dylan Beavers P Mason Adams P Cristian Javier SS Corey Seager,,,
813,5257817985,oldangrygamer (3/3),0,61.75,1B Pete Alonso 2B Fernando Tatis Jr. 3B Coby Mayo C Danny Jansen OF Jackson Merrill OF Dustin Harris OF Dylan Beavers P Mason Adams P Cristian Javier SS Corey Seager,,,
817,5257817840,dgkb (15/20),0,61,1B Moises Ballesteros 2B Jose Altuve 3B Bo Bichette C Luis Torrens OF Juan Soto OF Yordan Alvarez OF Carson Benge P Robbie Ray P Merrill Kelly SS Francisco Lindor,,,
818,5257801599,meyers2305 (5/20),0,60.95,1B Ty France 2B Connor Norby 3B Manny Machado C Braxton Fulford OF Jackson Merrill OF Jake McCarthy OF Jordan Beck P Yusei Kikuchi P Cristian Javier SS Cole Carrigg,,,
819,5257808957,otepencelik (2/15),0,60.85,1B Kyle Stowers 2B Xavier Edwards 3B Javier Sanoja C Joe Mack OF Juan Soto OF Griffin Conine OF Dylan Beavers P George Kirby P Shota Imanaga SS Francisco Lindor,,,
820,5257796186,hookabrotherup (3/3),0,60.65,1B Michael Busch 2B Javier Sanoja 3B Connor Norby C Adley Rutschman OF Jackson Merrill OF Corbin Carroll OF Colton Cowser P Shota Imanaga P Mason Adams SS Gunnar Henderson,,,
821,5257790609,FoxyGrandpa252 (8/20),0,60.3,1B Ty France 2B Jake Cronenworth 3B Manny Machado C Drake Baldwin OF Ronald Acuna Jr. OF Michael Harris II OF Dustin Harris P Yusei Kikuchi P Xzavion Curry SS Xander Bogaerts,,,
821,5257808315,mdscott27 (20/20),0,60.3,1B Moises Ballesteros 2B Ozzie Albies 3B Christian Encarnacion-Strand C Drake Baldwin OF Juan Soto OF A.J. Ewing OF Dylan Beavers P George Kirby P Mason Adams SS Gunnar Henderson,,,
823,5257793188,Elwaysarmy (19/20),0,60.2,1B Brett Baty 2B Marcus Semien 3B Bo Bichette C Cal Raleigh OF Fernando Tatis Jr. OF Juan Soto OF Dustin Harris P Cristian Javier P MacKenzie Gore SS Francisco Lindor,,,
824,5257801912,pmarshall,0,60.1,1B Ty France 2B Adael Amador 3B Coby Mayo C Samuel Basallo OF Fernando Tatis Jr. OF Troy Johnston OF Lars Nootbaar P Merrill Kelly P MacKenzie Gore SS Francisco Lindor,,,
825,5257801596,meyers2305 (2/20),0,59.95,1B Jake Cronenworth 2B Ketel Marte 3B Manny Machado C Gabriel Moreno OF Fernando Tatis Jr. OF Corbin Carroll OF Lars Nootbaar P Yusei Kikuchi P Cristian Javier SS Geraldo Perdomo,,,
825,5257809219,jjbrock (5/20),0,59.95,1B Pete Alonso 2B Fernando Tatis Jr. 3B Bo Bichette C Luis Torrens OF Juan Soto OF Heriberto Hernandez OF A.J. Ewing P Yusei Kikuchi P Cristian Javier SS Francisco Lindor,,,
827,5257803119,M37Fisher (3/5),0,59.9,1B Matt Olson 2B Isiah Kiner-Falefa 3B Manny Machado C Cal Raleigh OF Wilyer Abreu OF Roman Anthony OF Jahmai Jones P Robbie Ray P MacKenzie Gore SS Trevor Story,,,
828,5257790526,newjammy (3/20),0,59.85,1B Kyle Stowers 2B Ozzie Albies 3B Connor Norby C Braxton Fulford OF Juan Soto OF Griffin Conine OF Dominic Canzone P George Kirby P Jake Bennett SS Ezequiel Tovar,,,
829,5257798085,Boneyball1018 (2/2),0,59.75,1B Vinnie Pasquantino 2B Michael Massey 3B Bo Bichette C Carter Jensen OF Juan Soto OF Carson Benge OF A.J. Ewing P George Kirby P MacKenzie Gore SS Francisco Lindor,,,
829,5257814163,JadedinMaine (14/17),0,59.75,1B Christian Walker 2B Cole Young 3B Isaac Paredes C Cal Raleigh OF Randy Arozarena OF Julio Rodriguez OF Taylor Ward P George Kirby P MacKenzie Gore SS Cole Carrigg,,,
831,5257808306,mdscott27 (11/20),0,58.95,1B Pete Alonso 2B Ozzie Albies 3B Austin Riley C Drake Baldwin OF Juan Soto OF Dylan Beavers OF Jeremiah Jackson P George Kirby P Cristian Javier SS Gunnar Henderson,,,
831,5257814379,david82165 (2/2),0,58.95,1B Pete Alonso 2B Jose Altuve 3B Coby Mayo C Samuel Basallo OF Yordan Alvarez OF Dylan Beavers OF Daulton Varsho P Yusei Kikuchi P Cristian Javier SS Gunnar Henderson,,,
833,5257808300,mdscott27 (5/20),0,58.85,1B Pete Alonso 2B Ketel Marte 3B Coby Mayo C Samuel Basallo OF Corbin Carroll OF Dylan Beavers OF Lars Nootbaar P Jake Bennett P Yusei Kikuchi SS Gunnar Henderson,,,
833,5257811577,Memphis7763,0,58.85,1B Kyle Stowers 2B Ketel Marte 3B Coby Mayo C Luis Torrens OF Juan Soto OF Corbin Carroll OF A.J. Ewing P George Kirby P Merrill Kelly SS Corey Seager,,,
833,5257813236,OldManDeF,0,58.85,1B Michael Busch 2B Ketel Marte 3B Isaac Paredes C Carter Jensen OF Randy Arozarena OF Dylan Beavers OF Lars Nootbaar P George Kirby P Jake Bennett SS Francisco Lindor,,,
836,5257812846,FantasyCrusader (8/9),0,58.65,1B Christian Walker 2B Connor Norby 3B Kyle Karros C Yainer Diaz OF Juan Soto OF Jake McCarthy OF Cam Smith P Jake Bennett P Mason Adams SS Cole Carrigg,,,
837,5257809233,jjbrock (19/20),0,58.25,1B Jared Young 2B Ketel Marte 3B Connor Norby C Gabriel Moreno OF Juan Soto OF Corbin Carroll OF Lars Nootbaar P George Kirby P JR Ritchie SS Francisco Lindor,,,
838,5257799786,LoNdoNBriDGE89203 (1/4),0,58.2,1B Christian Walker 2B Ketel Marte 3B Isaac Paredes C Cal Raleigh OF Juan Soto OF Corbin Carroll OF Lars Nootbaar P Jake Bennett P Merrill Kelly SS Francisco Lindor,,,
839,5257811266,mattf15,0,57.85,1B Salvador Perez 2B Fernando Tatis Jr. 3B Manny Machado C Elias Diaz OF Roman Anthony OF Lars Nootbaar OF Jahmai Jones P Shota Imanaga P Yusei Kikuchi SS Bobby Witt Jr.,,,
839,5257818037,d9144 (6/12),0,57.85,1B Christian Walker 2B Ketel Marte 3B Isaac Paredes C Yainer Diaz OF Corbin Carroll OF Cam Smith OF Lars Nootbaar P George Kirby P Jake Bennett SS Jeremy Pena,,,
841,5257801610,meyers2305 (16/20),0,57.75,1B Ty France 2B Connor Norby 3B Manny Machado C Braxton Fulford OF Jake McCarthy OF Cole Carrigg OF Dustin Harris P Yusei Kikuchi P MacKenzie Gore SS Ezequiel Tovar,,,
841,5257801611,meyers2305 (17/20),0,57.75,1B Jake Cronenworth 2B Ketel Marte 3B Manny Machado C Gabriel Moreno OF Jake McCarthy OF Corbin Carroll OF Lars Nootbaar P Yusei Kikuchi P MacKenzie Gore SS Geraldo Perdomo,,,
843,5257810195,razzelldazzell,0,56.95,1B Kyle Stowers 2B Connor Norby 3B Kyle Karros C Drake Baldwin OF Juan Soto OF Corbin Carroll OF Heriberto Hernandez P Yusei Kikuchi P Cristian Javier SS Cole Carrigg,,,
844,5257790530,newjammy (7/20),0,56.75,1B Ty France 2B Justin Foscue 3B Manny Machado C Braxton Fulford OF Juan Soto OF Dominic Canzone OF Jordan Beck P George Kirby P MacKenzie Gore SS Ezequiel Tovar,,,
844,5257801606,meyers2305 (12/20),0,56.75,1B Kyle Stowers 2B Ketel Marte 3B Connor Norby C Gabriel Moreno OF Jake McCarthy OF Corbin Carroll OF Jesus Sanchez P Yusei Kikuchi P MacKenzie Gore SS Geraldo Perdomo,,,
844,5257804064,Bill4041,0,56.75,1B Ty France 2B Nick Loftin 3B Connor Norby C Moises Ballesteros OF Juan Soto OF Brandon Nimmo OF Wade Meckler P George Kirby P MacKenzie Gore SS Francisco Lindor,,,
844,5257819441,Jeter2333 (4/16),0,56.75,1B Ty France 2B Fernando Tatis Jr. 3B Manny Machado C Braxton Fulford OF Jackson Merrill OF Dustin Harris OF Lars Nootbaar P Yusei Kikuchi P MacKenzie Gore SS Ezequiel Tovar,,,
848,5257798220,awen419 (12/20),0,55.95,1B Ty France 2B Fernando Tatis Jr. 3B Manny Machado C Drake Baldwin OF Ronald Acuna Jr. OF Dustin Harris OF Jesus Sanchez P Yusei Kikuchi P Cristian Javier SS Ha-Seong Kim,,,
848,5257814307,david82165 (1/2),0,55.95,1B Matt Olson 2B Ozzie Albies 3B Isaac Paredes C Drake Baldwin OF Yordan Alvarez OF Ronald Acuna Jr. OF Michael Harris II P Yusei Kikuchi P Cristian Javier SS Jeremy Pena,,,
850,5257805242,jckasta40 (3/13),0,55.85,1B Pete Alonso 2B Brett Baty 3B Bo Bichette C Luis Torrens OF Juan Soto OF Dylan Beavers OF Jeremiah Jackson P Jake Bennett P Yusei Kikuchi SS Francisco Lindor,,,
851,5257803022,charlie78028,0,55.3,1B Pete Alonso 2B Pedro Ramirez 3B Isaac Paredes C Drake Baldwin OF Yordan Alvarez OF Corbin Carroll OF Cam Smith P Jake Bennett P Cristian Javier SS Jeremy Pena,,,
851,5257803399,icdivine,0,55.3,1B Christian Walker 2B Adael Amador 3B Manny Machado C Gabriel Moreno OF Fernando Tatis Jr. OF Tim Tawa OF Jordan Beck P George Kirby P Xzavion Curry SS Jeremy Pena,,,
853,5257800267,Johnny_Great (6/20),0,54.75,1B Vinnie Pasquantino 2B Adael Amador 3B Josh Rojas C Carter Jensen OF Fernando Tatis Jr. OF Jordan Beck OF Isaac Collins P George Kirby P MacKenzie Gore SS Bobby Witt Jr.,,,
853,5257800269,Johnny_Great (8/20),0,54.75,1B Vinnie Pasquantino 2B Jose Altuve 3B Isaac Paredes C Yainer Diaz OF Yordan Alvarez OF Cam Smith OF Isaac Collins P George Kirby P MacKenzie Gore SS Bobby Witt Jr.,,,
853,5257801614,meyers2305 (20/20),0,54.75,1B Ty France 2B Fernando Tatis Jr. 3B Manny Machado C Braxton Fulford OF Jackson Merrill OF Cole Carrigg OF Dustin Harris P Cristian Javier P Xzavion Curry SS Ezequiel Tovar,,,
856,5257818020,KBARNEY88,0,54.65,1B Vinnie Pasquantino 2B Ketel Marte 3B Vaughn Grissom C Adley Rutschman OF Seiya Suzuki OF Michael Harris II OF A.J. Ewing P Shota Imanaga P Mason Adams SS Xander Bogaerts,,,
857,5257815390,RedPlague,0,53.75,1B Griffin Conine 2B Xavier Edwards 3B Javier Sanoja C Joe Mack OF Fernando Tatis Jr. OF Ronald Acuna Jr. OF Jeremiah Jackson P Yusei Kikuchi P MacKenzie Gore SS Xander Bogaerts,,,
858,5257801113,jckasta40 (1/13),0,53.3,1B Matt Olson 2B Ozzie Albies 3B Coby Mayo C Sean Murphy OF Ronald Acuna Jr. OF Corbin Carroll OF Michael Harris II P Jake Bennett P Cristian Javier SS Gunnar Henderson,,,
859,5257802123,swalcorn (2/2),0,53.1,1B Pete Alonso 2B Jake Cronenworth 3B Coby Mayo C Braxton Fulford OF Juan Soto OF Carson Benge OF Ian Happ P Merrill Kelly P MacKenzie Gore SS Francisco Lindor,,,
860,5257790837,znilva,0,52.5,1B Pete Alonso 2B Jose Altuve 3B Isaac Paredes C Yainer Diaz OF Juan Soto OF Carson Benge OF Cam Smith P George Kirby P Yusei Kikuchi SS Francisco Lindor,,,
861,5257815491,nastynatedogs,0,52.4,1B Griffin Conine 2B Adael Amador 3B Austin Riley C Drake Baldwin OF Wyatt Langford OF Michael Harris II OF Brandon Nimmo P Robbie Ray P JR Ritchie SS Cole Carrigg,,,
862,5257809226,jjbrock (12/20),0,51.95,1B Christian Walker 2B Fernando Tatis Jr. 3B Isaac Paredes C Yainer Diaz OF Juan Soto OF Yordan Alvarez OF Lars Nootbaar P Yusei Kikuchi P Cristian Javier SS Jeremy Pena,,,
863,5257802352,da1226,0,51.65,1B Michael Busch 2B Ozzie Albies 3B Isaac Paredes C Drake Baldwin OF Yordan Alvarez OF Carson Benge OF Mauricio Dubon P Jake Bennett P Mason Adams SS Jeremy Pena,,,
863,5257808082,jhandi (1/2),0,51.65,1B Kyle Stowers 2B Isiah Kiner-Falefa 3B Caleb Durbin C Yainer Diaz OF Fernando Tatis Jr. OF Wilyer Abreu OF Roman Anthony P Jake Bennett P Mason Adams SS Geraldo Perdomo,,,
865,5257809216,jjbrock (2/20),0,51.5,1B Pete Alonso 2B Adael Amador 3B Connor Norby C Braxton Fulford OF Fernando Tatis Jr. OF Jordan Beck OF Lars Nootbaar P George Kirby P Yusei Kikuchi SS Cole Carrigg,,,
866,5257804715,elipin (1/2),0,51.1,1B Willson Contreras 2B Adael Amador 3B Connor Norby C Adley Rutschman OF Wilyer Abreu OF Roman Anthony OF Jahmai Jones P George Kirby P Ryan Gusto SS Cole Carrigg,,,
867,5257804193,rills (13/20),0,50.95,1B Pete Alonso 2B Ketel Marte 3B Coby Mayo C Samuel Basallo OF Juan Soto OF Corbin Carroll OF Dylan Beavers P Yusei Kikuchi P Cristian Javier SS Gunnar Henderson,,,
868,5257796185,stevenl57,0,50.75,1B Vinnie Pasquantino 2B Ketel Marte 3B Isaac Paredes C Gabriel Moreno OF Yordan Alvarez OF Corbin Carroll OF Lars Nootbaar P George Kirby P MacKenzie Gore SS Geraldo Perdomo,,,
869,5257802942,SmokeyPickren007,0,50.6,1B Matt Olson 2B Ozzie Albies 3B Isaac Paredes C Drake Baldwin OF Yordan Alvarez OF Michael Harris II OF LaMonte Wade Jr. P Jake Bennett P JR Ritchie SS Jeremy Pena,,,
870,5257818033,d9144 (2/12),0,49.75,1B Pete Alonso 2B Ketel Marte 3B Isaac Paredes C Gabriel Moreno OF Juan Soto OF Corbin Carroll OF Lars Nootbaar P Yusei Kikuchi P MacKenzie Gore SS Francisco Lindor,,,
871,5257800080,blitzburgh07 (1/2),0,49.3,1B Willson Contreras 2B Ketel Marte 3B Isaac Paredes C Danny Jansen OF Juan Soto OF Corbin Carroll OF Carson Benge P Jake Bennett P Cristian Javier SS Francisco Lindor,,,
872,5257806615,Phill585,0,49.1,1B Vinnie Pasquantino 2B Michael Massey 3B Bo Bichette C Carter Jensen OF Juan Soto OF Corbin Carroll OF Dylan Beavers P Jake Bennett P MacKenzie Gore SS Gunnar Henderson,,,
873,5257806097,redwilliams,0,47.1,1B Pete Alonso 2B Fernando Tatis Jr. 3B Nolan Arenado C Drake Baldwin OF Michael Harris II OF Carson Benge OF Ezequiel Duran P Mason Adams P Xzavion Curry SS Otto Lopez,,,
874,5257809218,jjbrock (4/20),0,46.95,1B Pete Alonso 2B Fernando Tatis Jr. 3B Coby Mayo C Luis Torrens OF Juan Soto OF Carson Benge OF A.J. Ewing P Yusei Kikuchi P Cristian Javier SS Francisco Lindor,,,
875,5257790170,farris5214 (2/2),0,46.75,1B Willson Contreras 2B Ozzie Albies 3B Isaac Paredes C Drake Baldwin OF Yordan Alvarez OF Mike Trout OF Carson Benge P Mason Adams P Cristian Javier SS Jeremy Pena,,,
876,5257788706,marko4444,0,44.95,1B Pete Alonso 2B Fernando Tatis Jr. 3B Isaac Paredes C Drake Baldwin OF Corbin Carroll OF Carson Benge OF Brandon Nimmo P Yusei Kikuchi P Cristian Javier SS Geraldo Perdomo,,,
877,5257810776,SeanyB231 (4/19),0,44.65,1B Willson Contreras 2B Javier Sanoja 3B Caleb Durbin C Adley Rutschman OF Juan Soto OF Wilyer Abreu OF Jahmai Jones P Jake Bennett P Mason Adams SS Francisco Lindor,,,
878,5257818577,Jamesbell37 (2/2),0,44.55,1B Salvador Perez 2B Ozzie Albies 3B Manny Machado C Danny Jansen OF Carson Benge OF Dominic Canzone OF Dustin Harris P Mason Adams P MacKenzie Gore SS Bobby Witt Jr.,,,
879,5257817836,dgkb (11/20),0,44.3,1B Jared Young 2B Adael Amador 3B Bo Bichette C Luis Torrens OF Juan Soto OF Jake McCarthy OF Cole Carrigg P Jake Bennett P Cristian Javier SS Francisco Lindor,,,
880,5257811043,SeanyB231 (9/19),0,43.65,1B Matt Olson 2B Ketel Marte 3B Austin Riley C Drake Baldwin OF Juan Soto OF Michael Harris II OF Rece Hinds P Jake Bennett P Mason Adams SS Mauricio Dubon,,,
881,5257814318,DaBestBrew,0,43.3,1B Griffin Conine 2B Connor Norby 3B Coby Mayo C Adley Rutschman OF Fernando Tatis Jr. OF Randy Arozarena OF Carson Benge P Mason Adams P Yusei Kikuchi SS Mauricio Dubon,,,
882,5257808210,auweglman (1/2),0,42.3,1B Michael Busch 2B Ozzie Albies 3B Ezequiel Duran C Sean Murphy OF Ronald Acuna Jr. OF Michael Harris II OF Ian Happ P George Kirby P Mason Adams SS Gunnar Henderson,,,
883,5257786871,dverstovsek (2/3),0,41.75,1B Christian Walker 2B Jose Altuve 3B Isaac Paredes C Yainer Diaz OF Yordan Alvarez OF Corbin Carroll OF Lars Nootbaar P George Kirby P MacKenzie Gore SS Francisco Lindor,,,
884,5257800725,rrhhinnoo (2/3),0,40.5,1B Kyle Stowers 2B Adael Amador 3B Bo Bichette C Joe Mack OF Juan Soto OF Heriberto Hernandez OF Griffin Conine P George Kirby P Yusei Kikuchi SS Francisco Lindor,,,
884,5257818672,SeanyB231 (19/19),0,40.5,1B Vinnie Pasquantino 2B Fernando Tatis Jr. 3B Caleb Durbin C Adley Rutschman OF Wilyer Abreu OF Cole Carrigg OF Jahmai Jones P George Kirby P Yusei Kikuchi SS Trevor Story,,,
886,5257812171,Bane2930,0,40.1,1B Matt Olson 2B Ozzie Albies 3B Austin Riley C Drake Baldwin OF Corbin Carroll OF Michael Harris II OF Ian Happ P Jake Bennett P MacKenzie Gore SS Nico Hoerner,,,
887,5257804192,rills (12/20),0,39.75,1B Kyle Stowers 2B Ketel Marte 3B Graham Pauley C Joe Mack OF Yordan Alvarez OF Heriberto Hernandez OF Griffin Conine P George Kirby P MacKenzie Gore SS Francisco Lindor,,,
888,5257801605,meyers2305 (11/20),0,38.75,1B Kyle Stowers 2B Fernando Tatis Jr. 3B Coby Mayo C Samuel Basallo OF Cole Carrigg OF Dylan Beavers OF Rece Hinds P Yusei Kikuchi P MacKenzie Gore SS Gunnar Henderson,,,
889,5257806047,Randus2,0,34.9,1B Vinnie Pasquantino 2B Adael Amador 3B Isaac Paredes C Carter Jensen OF Yordan Alvarez OF Michael Harris II OF Carson Benge P Mason Adams P Ryan Gusto SS Bobby Witt Jr.,,,
890,5257789353,Crowbone04578,0,32.3,1B Christian Walker 2B Ketel Marte 3B Isaac Paredes C Adley Rutschman OF Yordan Alvarez OF Corbin Carroll OF Roman Anthony P Jake Bennett P Cristian Javier SS Gunnar Henderson,,,
891,5257798351,wflcannon,0,29.1,1B Michael Busch 2B Pedro Ramirez 3B Isaac Paredes C Adley Rutschman OF Juan Soto OF Corbin Carroll OF Carson Benge P Merrill Kelly P MacKenzie Gore SS Francisco Lindor,,,
