Rank,EntryId,EntryName,TimeRemaining,Points,Lineup,,Player,Roster Position,%Drafted,FPTS
1,5283224193,ataribravo,0,151.79999,C Mikael Granlund C Chandler Stephenson D Adam Fox D Jackson LaCombe G Joey Daccord UTIL Beckett Sennecke W Cutter Gauthier W Bobby McMann W Jordan Eberle,,Jack Eichel,C,36.47%,8
2,5282756733,ZQ1989,0,144.8,C Leo Carlsson C Mikael Granlund D Jackson LaCombe D Adam Larsson G Lukas Dostal UTIL Rasmus Andersson W Cutter Gauthier W Bobby McMann W Beckett Sennecke,,Joey Daccord,G,35.43%,24.9
3,5280184715,Bdeezy12986,0,141.9,C Mikael Granlund C J.T. Miller D Brandon Montour D Jackson LaCombe G Lukas Dostal UTIL Leo Carlsson W Cutter Gauthier W Beckett Sennecke W A.J. Greer,,Jackson LaCombe,D,23.21%,7.6
4,5282706673,agbets5,0,141.5,C Leo Carlsson C Morgan Frost D Brandon Montour D Rasmus Andersson G Igor Shesterkin UTIL Joel Farabee W Cutter Gauthier W Matt Coronato W Matvei Gridin,,Cutter Gauthier,W,20.07%,32.3
5,5283258058,TooHottie76,0,141.20001,C Jack Eichel C Mika Zibanejad D Brayden McNabb D Vladislav Gavrikov G Igor Shesterkin UTIL Gabe Perreault W Cutter Gauthier W Jared McCann W Beckett Sennecke,,Matthew Tkachuk,W,18.32%,6.5
6,5282730342,mrclean913,0,136.6,C Leo Carlsson C Mikael Granlund D Jackson LaCombe D Pavel Mintyukov G Lukas Dostal UTIL William Karlsson W Cutter Gauthier W Bobby McMann W Beckett Sennecke,,Tristan Luneau,D,18.15%,4.1
7,5282249556,xokkeu,0,136.20001,C Leo Carlsson C Elias Pettersson D Mikhail Sergachev D Vladislav Gavrikov G Lukas Dostal UTIL Vincent Trocheck W Clayton Keller W Jared McCann W Bobby McMann,,Brady Tkachuk,W,18.15%,6
8,5282023492,KrazyTF,0,134.6,C Leo Carlsson C Mikael Granlund D Zayne Parekh D Adam Larsson G Lukas Dostal UTIL Jack Eichel W Cutter Gauthier W Bobby McMann W A.J. Greer,,Tomas Hertl,C,17.28%,3
9,5281942170,foutah,0,134.50002,C Leo Carlsson C Mika Zibanejad D Adam Fox D Vladislav Gavrikov G Igor Shesterkin UTIL Brock Boeser W Cutter Gauthier W Alexis Lafreniere W Alex Killorn,,Anton Lundell,C,16.58%,1.5
10,5281409354,rockfool,0,133.29999,C Leo Carlsson C Tomas Hertl D Jackson LaCombe D Tristan Luneau G Joey Daccord UTIL William Karlsson W Cutter Gauthier W Bobby McMann W Victor Olofsson,,Mark Stone,W,16.58%,10.8
11,5280738513,epot,0,131.1,C Leo Carlsson C Mika Zibanejad D Adam Fox D Vince Dunn G Lukas Dostal UTIL Elias Pettersson W Cutter Gauthier W Gabe Perreault W Linus Karlsson,,Leo Carlsson,C,16.23%,22.1
12,5281159513,tmaeder10,0,129.5,C Leo Carlsson C Matty Beniers D Brandon Montour D Jackson LaCombe G Igor Shesterkin UTIL Tomas Hertl W Cutter Gauthier W Victor Olofsson W Trevor Connelly,,Seth Jones,D,15.71%,7.3
13,5282854013,Futterstuff,0,128.6,C Leo Carlsson C Matty Beniers D Sean Durzi D Pavel Mintyukov G Joey Daccord UTIL Mika Zibanejad W Cutter Gauthier W Jared McCann W Bobby McMann,,Igor Shesterkin,G,15.53%,23.6
14,5281756450,AdamfromChi,0,128,C Leo Carlsson C Mikael Granlund D Jackson LaCombe D Filip Hronek G Lukas Dostal UTIL Parker Wotherspoon W Cutter Gauthier W Beckett Sennecke W Brock Boeser,,Ivan Barbashev,W,14.66%,0
15,5282949803,MDream22,0,127.8,C Jack Eichel C Anton Lundell D Seth Jones D Adam Larsson G Joey Daccord UTIL Jordan Eberle W Cutter Gauthier W Beckett Sennecke W Alexis Lafreniere,,Pavel Dorofeyev,W,14.49%,4.5
16,5281360237,73pd2x,0,127.5,C Leo Carlsson C Mikael Granlund D Jackson LaCombe D Adam Larsson G Lukas Dostal UTIL A.J. Greer W Cutter Gauthier W Dylan Guenther W Beckett Sennecke,,Shea Theodore,D,14.31%,5.6
17,5283211489,CSommermann,0,127.299995,C Mika Zibanejad C Morgan Frost D Adam Fox D Jackson LaCombe G Igor Shesterkin UTIL Matt Coronato W Cutter Gauthier W Alexis Lafreniere W Gabe Perreault,,Sam Bennett,C,14.14%,11
18,5281921621,austin60915,0,127.09999,C Mikael Granlund C William Karlsson D Adam Fox D Jackson LaCombe G Lukas Dostal UTIL Leo Carlsson W Cutter Gauthier W Beckett Sennecke W Drew O'Connor,,Beckett Sennecke,W,13.96%,16.4
19,5280676901,aarond23,0,126.9,C Leo Carlsson C Mikael Granlund D Vince Dunn D Jackson LaCombe G Joey Daccord UTIL Anton Lundell W Cutter Gauthier W Beckett Sennecke W Liam Ohgren,,Dylan Guenther,W,13.44%,3
19,5282692364,brd1480,0,126.9,C Jack Eichel C Leo Carlsson D Adam Larsson D Vladislav Gavrikov G Igor Shesterkin UTIL Lawson Crouse W Mitch Marner W Brady Tkachuk W Braeden Bowman,,Clayton Keller,W,12.74%,8
21,5281105773,07km,0,125.7,C Leo Carlsson C Matty Beniers D Vince Dunn D Jackson LaCombe G Lukas Dostal UTIL Cutter Gauthier W Jared McCann W Jordan Eberle W Joel Farabee,,Mitch Marner,W,12.22%,13
22,5280810343,genius2982,0,125.6,C Jack Eichel C Leo Carlsson D Brayden McNabb D Vladislav Gavrikov G Igor Shesterkin UTIL Anton Lundell W Cutter Gauthier W Ivan Barbashev W Marco Rossi,,Matty Beniers,C,12.22%,5
23,5281207656,Drewski9090,0,125.4,C Leo Carlsson C Mikael Granlund D Jackson LaCombe D Braden Schneider G Joey Daccord UTIL Yegor Sharangovich W Cutter Gauthier W Matthew Tkachuk W Beckett Sennecke,,Jared McCann,W,11.69%,8
24,5281430317,ethpix,0,124.90001,C Elias Pettersson C Paul Cotter D Vince Dunn D Filip Hronek G Igor Shesterkin UTIL Jack Eichel W Cutter Gauthier W Marco Rossi W Will Cuylle,,Nick Schmaltz,C,11.52%,13
25,5283076433,tical1994,0,124.3,C Jack Eichel C Leo Carlsson D Maveric Lamoureux D Alberts Smits G Lukas Dostal UTIL Jordan Eberle W Cutter Gauthier W Jared McCann W Beckett Sennecke,,Mika Zibanejad,C,11.17%,6.3
26,5279939819,newtrockne,0,124.100006,C Leo Carlsson C Tomas Hertl D Mikhail Sergachev D Tristan Luneau G Lukas Dostal UTIL Adam Larsson W Cutter Gauthier W Pavel Dorofeyev W Beckett Sennecke,,Karel Vejmelka,G,10.82%,2.1
27,5281265026,starsfanjohn09,0,123.799995,C Ryan Poehling C Chandler Stephenson D Brandon Montour D Tristan Luneau G Igor Shesterkin UTIL Jack Eichel W Cutter Gauthier W Bobby McMann W Kaapo Kakko,,Sam Reinhart,W,10.30%,4.5
28,5282842508,ivymoose,0,123.7,C Matty Beniers C Chandler Stephenson D Vince Dunn D Brandon Montour G Igor Shesterkin UTIL Jordan Eberle W Cutter Gauthier W Pavel Dorofeyev W Jared McCann,,Brandon Montour,D,10.30%,17.1
29,5282354588,Lekanoem,0,123.5,C Leo Carlsson C J.T. Miller D Adam Fox D Jackson LaCombe G Kevin Lankinen UTIL Elias Pettersson W Bobby McMann W Beckett Sennecke W Matt Coronato,,Mikhail Sergachev,D,10.12%,11.4
30,5280528980,aarontheone,0,123.299995,C Sam Bennett C Chandler Stephenson D Brandon Montour D Brayden McNabb G Joey Daccord UTIL Jordan Eberle W Brady Tkachuk W Matthew Tkachuk W Bobby McMann,,Elias Pettersson,C,9.77%,16.4
31,5282201875,Diablo13blanco,0,122.5,C Leo Carlsson C Lars Eller D Vince Dunn D Noah Hanifin G Joey Daccord UTIL Jack Eichel W Cutter Gauthier W Beckett Sennecke W A.J. Greer,,Jacob Markstrom,G,9.42%,4.1
32,5282417198,TinyGiant99,0,122.4,C Jack Eichel C Elias Pettersson D Filip Hronek D Tristan Luneau G Joey Daccord UTIL Mika Zibanejad W Cutter Gauthier W Lawson Crouse W Braeden Bowman,,Adam Larsson,D,9.08%,11
33,5282874019,ZMurr72,0,122.299995,C Elias Pettersson C Anton Lundell D Brandon Montour D Jackson LaCombe G Joey Daccord UTIL Matty Beniers W Cutter Gauthier W Matthew Tkachuk W Joel Farabee,,Logan Cooley,C,8.90%,0
34,5283103027,SC33KB,0,122.100006,C Leo Carlsson C Mika Zibanejad D Adam Fox D Vince Dunn G Adin Hill UTIL Adam Larsson W Cutter Gauthier W Eeli Tolvanen W Will Cuylle,,Vince Dunn,D,8.90%,6.3
35,5281017368,nkd89,0,121.100006,C Leo Carlsson C Logan Cooley D Mikhail Sergachev D Adam Larsson G Joey Daccord UTIL A.J. Greer W Cutter Gauthier W Dylan Guenther W Anders Lee,,Adam Fox,D,8.73%,9.1
36,5280151358,tomkriger,0,120.899994,C Leo Carlsson C Tomas Hertl D Jackson LaCombe D Tristan Luneau G Lukas Dostal UTIL Jack Eichel W Cutter Gauthier W A.J. Greer W Mackie Samoskevich,,Brayden McNabb,D,8.73%,9.1
37,5282822505,FLturkeyhunter,0,120.7,C Tomas Hertl C Anton Lundell D Adam Larsson D Brayden McNabb G Igor Shesterkin UTIL Cutter Gauthier W Mark Stone W Carter Verhaeghe W Beckett Sennecke,,Bobby McMann,W,8.55%,21.8
38,5282973731,PoodleLussier,0,120.600006,C Jack Eichel C Leo Carlsson D Jackson LaCombe D Brayden McNabb G Lukas Dostal UTIL Beckett Sennecke W Cutter Gauthier W Alex Killorn W Drew O'Connor,,Jordan Eberle,W,8.55%,14.1
39,5281358430,pat_the_hat2,0,120.2,C Leo Carlsson C Berkly Catton D Jackson LaCombe D Pavel Mintyukov G Joey Daccord UTIL Jack Eichel W Cutter Gauthier W Pavel Dorofeyev W A.J. Greer,,Carter Verhaeghe,W,8.38%,13
40,5283181763,sewerstud,0,119.49999,C Leo Carlsson C Nick Schmaltz D Tristan Luneau D Brayden McNabb G Joey Daccord UTIL Vincent Trocheck W Cutter Gauthier W Clayton Keller W A.J. Greer,,Chandler Stephenson,C,8.38%,12.8
41,5282913582,paintgirl,0,119,C Leo Carlsson C Ryan Poehling D Mikhail Sergachev D Tristan Luneau G Joey Daccord UTIL Jackson LaCombe W Cutter Gauthier W Mark Stone W A.J. Greer,,Alexis Lafreniere,W,8.03%,12.3
42,5283241641,jlj0214,0,118.5,C Jack Eichel C Mikael Granlund D Sean Durzi D Parker Wotherspoon G Joey Daccord UTIL Jordan Eberle W Mark Stone W Bobby McMann W Beckett Sennecke,,Lukas Dostal,G,8.03%,19.3
43,5281209492,icemike23,0,118,C Jack Eichel C Berkly Catton D Brayden McNabb D Kevin Bahl G Igor Shesterkin UTIL Beckett Sennecke W Cutter Gauthier W Mark Stone W Ivan Barbashev,,Marco Rossi,W,7.50%,2.8
44,5281145321,THAKZZA,0,117.9,C Leo Carlsson C Mika Zibanejad D Mikhail Sergachev D Sean Durzi G Igor Shesterkin UTIL William Karlsson W Cutter Gauthier W Vincent Trocheck W Will Cuylle,,A.J. Greer,W,7.50%,3
45,5283086746,sneakyb,0,117.5,C Mika Zibanejad C Mikael Backlund D Brandon Montour D Filip Hronek G Igor Shesterkin UTIL Bobby McMann W Clayton Keller W Pavel Dorofeyev W Alexis Lafreniere,,Carter Hart,G,7.33%,0
46,5282180738,NEFan61,0,117.4,C Nick Schmaltz C Matty Beniers D Adam Fox D MacKenzie Weegar G Joey Daccord UTIL Gabe Perreault W Cutter Gauthier W Clayton Keller W Trevor Connelly,,Jack Eichel,UTIL,7.16%,8
47,5282261288,RMF56300,0,116.5,C Leo Carlsson C Matty Beniers D Jackson LaCombe D Tristan Luneau G Joey Daccord UTIL Tomas Hertl W Cutter Gauthier W Victor Olofsson W A.J. Greer,,Sean Durzi,D,7.16%,6.9
48,5281280314,travis945,0,116.4,C Jack Eichel C Mika Zibanejad D Mikhail Sergachev D Brayden McNabb G Joey Daccord UTIL Chandler Stephenson W Jared McCann W Bobby McMann W Jordan Eberle,,Anders Lee,W,6.81%,13.4
48,5283160439,BukkakeNinja,0,116.4,C Leo Carlsson C Logan Cooley D Vince Dunn D Vladislav Gavrikov G Karel Vejmelka UTIL Elias Pettersson W Cutter Gauthier W Dylan Guenther W Linus Karlsson,,Mikael Granlund,C,6.63%,12.8
50,5282588778,LOCNOTM,0,116.1,C Jack Eichel C William Karlsson D Jackson LaCombe D Tristan Luneau G Igor Shesterkin UTIL Mitch Marner W Cutter Gauthier W A.J. Greer W Mackie Samoskevich,,Noah Hanifin,D,6.63%,1.5
51,5281092379,Schoey17,0,115.49999,C Mikael Granlund C Mikael Backlund D Adam Fox D Jackson LaCombe G Dustin Wolf UTIL Leo Carlsson W Cutter Gauthier W Beckett Sennecke W Joel Farabee,,Filip Hronek,D,6.46%,13.4
52,5282184522,hoopghetto,0,115.30001,C Jack Eichel C Leo Carlsson D Vince Dunn D Brayden McNabb G Joey Daccord UTIL Cutter Gauthier W Ivan Barbashev W Gabe Perreault W Kaapo Kakko,,Rasmus Andersson,D,6.28%,1.5
52,5281791091,URWHOUR,0,115.3,C Leo Carlsson C Sam Bennett D Vladislav Gavrikov D Niko Mikkola G Joey Daccord UTIL Jack Eichel W Mitch Marner W Vincent Trocheck W A.J. Greer,,Vincent Trocheck,W,6.11%,3
52,5282881315,TheTxAuthority,0,115.3,C Mikael Granlund C J.T. Miller D Jackson LaCombe D Pavel Mintyukov G Lukas Dostal UTIL Mika Zibanejad W Cutter Gauthier W Jared McCann W Beckett Sennecke,,Pavel Mintyukov,D,6.11%,1.3
55,5281289073,knackermatt,0,114.7,C Leo Carlsson C Logan Cooley D Jackson LaCombe D Adam Larsson G Lukas Dostal UTIL Cutter Gauthier W Dylan Guenther W Beckett Sennecke W A.J. Greer,,William Karlsson,C,5.76%,3
56,5281744411,Bsfan888,0,114.4,C Jack Eichel C Chandler Stephenson D Vince Dunn D Vladislav Gavrikov G Joey Daccord UTIL J.T. Miller W Mark Stone W Ivan Barbashev W Jordan Eberle,,J.T. Miller,C,5.58%,11.3
57,5283120494,TheJokesOnU,0,114.299995,C Leo Carlsson C Nick Schmaltz D Brandon Montour D Tristan Luneau G Joey Daccord UTIL Jack Eichel W Jared McCann W Eeli Tolvanen W Liam Ohgren,,Trevor Connelly,W,5.41%,4.3
58,5282975915,jbodnar79,0,114.09999,C Jack Eichel C Leo Carlsson D Tristan Luneau D Jamie Oleksiak G Joey Daccord UTIL Tomas Hertl W Cutter Gauthier W Jordan Eberle W A.J. Greer,,Aaron Ekblad,D,5.41%,0
59,5281464197,az350z,0,113.30001,C Leo Carlsson C Matty Beniers D Jackson LaCombe D Pavel Mintyukov G Joey Daccord UTIL Mark Stone W Cutter Gauthier W Jared McCann W Kaapo Kakko,,Lars Eller,C,5.06%,8
60,5280362515,Nvremailme,0,112.8,C Tomas Hertl C J.T. Miller D Adam Fox D Vladislav Gavrikov G Lukas Dostal UTIL Rasmus Andersson W Mitch Marner W Carter Verhaeghe W Beckett Sennecke,,Kaapo Kakko,W,4.89%,1.3
61,5281842530,jchab87,0,112.7,C Mika Zibanejad C Tomas Hertl D Jackson LaCombe D Adam Larsson G Lukas Dostal UTIL Cutter Gauthier W Pavel Dorofeyev W Beckett Sennecke W Alexis Lafreniere,,Dustin Wolf,G,4.89%,-6.3
62,5283039370,duncanrode1,0,112,C Jack Eichel C Nick Schmaltz D Adam Fox D Sean Durzi G Joey Daccord UTIL Victor Olofsson W Pavel Dorofeyev W Bobby McMann W Will Cuylle,,Adin Hill,G,4.71%,11.6
63,5281686710,CPiddy23,0,111.899994,C Morgan Frost C Chandler Stephenson D Jackson LaCombe D Tristan Luneau G Joey Daccord UTIL Leo Carlsson W Brady Tkachuk W Clayton Keller W Anders Lee,,Morgan Frost,C,4.54%,13
64,5282988273,DariaG,0,111.5,C Leo Carlsson C Tomas Hertl D Zeev Buium D Vladislav Gavrikov G Dustin Wolf UTIL Cutter Gauthier W Brady Tkachuk W Beckett Sennecke W Matt Coronato,,Matthew Tkachuk,UTIL,4.36%,6.5
65,5280694466,jknobody,0,111.4,C Tomas Hertl C Anton Lundell D Shea Theodore D Seth Jones G Igor Shesterkin UTIL Leo Carlsson W Cutter Gauthier W Victor Olofsson W Brett Howden,,Vladislav Gavrikov,D,4.19%,26.2
65,5283248951,KelvinDubs,0,111.4,C Mika Zibanejad C Nick Schmaltz D Mikhail Sergachev D Rasmus Andersson G Joey Daccord UTIL Mackie Samoskevich W Clayton Keller W Bobby McMann W Vincent Trocheck,,Simon Nemec,D,4.19%,5.8
67,5282284813,red5standingby,0,111.30001,C Jack Eichel C Leo Carlsson D Seth Jones D Noah Hanifin G Joey Daccord UTIL Bobby McMann W Beckett Sennecke W Ivan Barbashev W Will Cuylle,,Brett Howden,W,4.19%,1.5
67,5282511256,JaserD,0,111.3,C Leo Carlsson C Chandler Stephenson D Vince Dunn D Brandon Montour G Igor Shesterkin UTIL Brady Tkachuk W Jared McCann W Jordan Eberle W Kaapo Kakko,,Brock Boeser,W,4.01%,1.3
67,5283048965,statnerds,0,111.3,C Jack Eichel C Leo Carlsson D Vince Dunn D Pavel Mintyukov G Lukas Dostal UTIL Adam Larsson W Cutter Gauthier W Jared McCann W A.J. Greer,,Matt Coronato,W,4.01%,11.8
70,5282228323,buck2418,0,111.200005,C Mika Zibanejad C Nick Schmaltz D Simon Nemec D Vladislav Gavrikov G Jacob Markstrom UTIL Tristan Luneau W Brady Tkachuk W Cutter Gauthier W Anders Lee,,Zayne Parekh,D,4.01%,4.3
71,5280912646,2bchew,0,111,C Elias Pettersson C Matty Beniers D Adam Larsson D Brayden McNabb G Joey Daccord UTIL Leo Carlsson W Matthew Tkachuk W Clayton Keller W Jared McCann,,Yegor Sharangovich,W,3.84%,1.5
71,5280537624,JasonD4512,0,110.99999,C Tomas Hertl C Anton Lundell D Brandon Montour D Jackson LaCombe G Igor Shesterkin UTIL Elias Pettersson W Cutter Gauthier W Matthew Tkachuk W Liam Ohgren,,Elias Pettersson,UTIL,3.84%,16.4
71,5282755597,OzzyB11,0,110.99999,C Tomas Hertl C Anton Lundell D Brandon Montour D Jackson LaCombe G Igor Shesterkin UTIL Elias Pettersson W Cutter Gauthier W Matthew Tkachuk W Liam Ohgren,,Tomas Hertl,UTIL,3.66%,3
71,5283078156,Mtins,0,110.99999,C Tomas Hertl C Anton Lundell D Brandon Montour D Jackson LaCombe G Igor Shesterkin UTIL Elias Pettersson W Cutter Gauthier W Matthew Tkachuk W Liam Ohgren,,Mitch Marner,UTIL,3.49%,13
75,5282629214,PluckB07,0,110.90001,C Jack Eichel C Morgan Frost D Adam Larsson D Pavel Mintyukov G Lukas Dostal UTIL Mackie Samoskevich W Mitch Marner W Mark Stone W Carter Verhaeghe,,William Karlsson,UTIL,3.49%,3
75,5281816688,Bluesandman,0,110.899994,C Leo Carlsson C William Karlsson D Jackson LaCombe D Jamie Oleksiak G Lukas Dostal UTIL Jared McCann W Mitch Marner W Cutter Gauthier W A.J. Greer,,Mark Stone,UTIL,3.32%,10.8
75,5283102758,hazydavy,0,110.899994,C Leo Carlsson C Nick Schmaltz D Jackson LaCombe D Tristan Luneau G Joey Daccord UTIL Mikhail Sergachev W Dylan Guenther W Bobby McMann W A.J. Greer,,Gabe Perreault,W,3.14%,11.3
75,5283150206,GlennCrotty,0,110.899994,C Nick Schmaltz C Morgan Frost D Shea Theodore D Zayne Parekh G Lukas Dostal UTIL Jack Eichel W Bobby McMann W Matt Coronato W Jordan Eberle,,Gustav Forsling,D,2.97%,2.6
79,5281506758,Ctre6,0,110.799995,C Jack Eichel C Berkly Catton D Shea Theodore D Vladislav Gavrikov G Igor Shesterkin UTIL Mitch Marner W Mark Stone W Ivan Barbashev W Ryan Winterton,,Jordan Eberle,UTIL,2.97%,14.1
80,5281963472,seensaw,0,110.6,C Leo Carlsson C Mika Zibanejad D Adam Fox D Brandon Montour G Igor Shesterkin UTIL Anton Lundell W Pavel Dorofeyev W Alexis Lafreniere W Eeli Tolvanen,,Liam Ohgren,W,2.97%,3
81,5283254164,gbuckner60,0,110.2,C Tomas Hertl C Elias Pettersson D Adam Fox D Rasmus Andersson G Igor Shesterkin UTIL Jack Eichel W Brad Marchand W Jordan Eberle W Mackie Samoskevich,,Mika Zibanejad,UTIL,2.97%,6.3
82,5282020305,Dooch,0,109.7,C Elias Pettersson C Logan Cooley D Brandon Montour D Filip Hronek G Joey Daccord UTIL Tomas Hertl W Cutter Gauthier W Brock Boeser W Alex Killorn,,Cutter Gauthier,UTIL,2.79%,32.3
83,5281092336,jessman420,0,109.5,C Chandler Stephenson C Barrett Hayton D Shea Theodore D Mikhail Sergachev G Joey Daccord UTIL Jack Eichel W Mitch Marner W Bobby McMann W Lawson Crouse,,Will Cuylle,W,2.79%,9.3
84,5282958779,easton136,0,109.3,C Elias Pettersson C Mikael Granlund D Mikhail Sergachev D Filip Hronek G Joey Daccord UTIL Beckett Sennecke W Dylan Guenther W Clayton Keller W Michael Carcone,,Leo Carlsson,UTIL,2.62%,22.1
85,5280950440,Double_L,0,109.2,C Elias Pettersson C Anton Lundell D Jackson LaCombe D Adam Larsson G Joey Daccord UTIL Liam Ohgren W Brady Tkachuk W Cutter Gauthier W Matthew Tkachuk,,Victor Olofsson,W,2.62%,14.5
85,5281321034,heybert711,0,109.2,C Elias Pettersson C Anton Lundell D Jackson LaCombe D Adam Larsson G Joey Daccord UTIL Matthew Tkachuk W Brady Tkachuk W Cutter Gauthier W Liam Ohgren,,Alex Killorn,W,2.44%,1.3
85,5282234630,wesol33,0,109.2,C Elias Pettersson C Anton Lundell D Jackson LaCombe D Adam Larsson G Joey Daccord UTIL Liam Ohgren W Brady Tkachuk W Cutter Gauthier W Matthew Tkachuk,,MacKenzie Weegar,D,2.44%,9.5
85,5282244071,skholbrook77,0,109.2,C Elias Pettersson C Anton Lundell D Jackson LaCombe D Adam Larsson G Joey Daccord UTIL Matthew Tkachuk W Brady Tkachuk W Cutter Gauthier W Liam Ohgren,,Trevor Connelly,UTIL,2.27%,4.3
89,5282169135,james_thiel,0,108.9,C Jack Eichel C Chandler Stephenson D Vince Dunn D Marcus Pettersson G Joey Daccord UTIL Jackson LaCombe W Mark Stone W Bobby McMann W Jordan Eberle,,Eetu Luostarinen,W,2.27%,1.3
90,5282795723,Jets9611,0,108.799995,C Chandler Stephenson C Lars Eller D Adam Fox D Jackson LaCombe G Joey Daccord UTIL Jordan Eberle W Brady Tkachuk W Sam Reinhart W Bobby McMann,,Mackie Samoskevich,W,2.27%,21.5
91,5280308054,andrewran,0,108.6,C William Karlsson C Matty Beniers D Shea Theodore D Brandon Montour G Joey Daccord UTIL Cutter Gauthier W Beckett Sennecke W Vincent Trocheck W Brock Boeser,,Zach Whitecloud,D,2.27%,1.3
92,5281776504,garypender94,0,107.899994,C Mika Zibanejad C Matty Beniers D Adam Fox D Jackson LaCombe G Joey Daccord UTIL Tristan Luneau W Cutter Gauthier W Pavel Dorofeyev W Eeli Tolvanen,,Anton Lundell,UTIL,2.27%,1.5
92,5282161592,ldmoney,0,107.899994,C Leo Carlsson C Logan Cooley D Jackson LaCombe D Adam Larsson G Lukas Dostal UTIL Brock Boeser W Cutter Gauthier W Dylan Guenther W Gabe Perreault,,Brad Marchand,W,2.27%,13
94,5282177327,tigolebitties91,0,107.50001,C Leo Carlsson C Matty Beniers D Vince Dunn D Jackson LaCombe G Joey Daccord UTIL Ivan Barbashev W Cutter Gauthier W Jared McCann W Kaapo Kakko,,Joel Farabee,W,2.27%,11
95,5281665109,curtman59,0,107.4,C Mikael Granlund C Chandler Stephenson D Vince Dunn D Adam Larsson G Joey Daccord UTIL Jack Eichel W Carter Verhaeghe W Pavel Dorofeyev W Jordan Eberle,,Berkly Catton,C,2.27%,16.5
96,5283222629,Cornish-1,0,107.3,C Leo Carlsson C Tomas Hertl D Sean Durzi D Brayden McNabb G Joey Daccord UTIL Clayton Keller W Mark Stone W Jared McCann W Victor Olofsson,,Jamie Oleksiak,D,2.09%,2.6
96,5281824489,jables11b,0,107.299995,C Sam Bennett C Tomas Hertl D Jackson LaCombe D Tristan Luneau G Joey Daccord UTIL Shea Theodore W Cutter Gauthier W Victor Olofsson W Trevor Connelly,,Nick Schmaltz,UTIL,2.09%,13
98,5280908592,Anthony3251,0,107,C Leo Carlsson C Matty Beniers D Mikhail Sergachev D MacKenzie Weegar G Joey Daccord UTIL Bobby McMann W Dylan Guenther W Ivan Barbashev W Will Cuylle,,Kevin Lankinen,G,1.92%,7
99,5281846883,Jkaz3282,0,106.8,C Sam Bennett C Tomas Hertl D Filip Hronek D Tristan Luneau G Joey Daccord UTIL Elias Pettersson W Matthew Tkachuk W Carter Verhaeghe W Victor Olofsson,,Clayton Keller,UTIL,1.92%,8
100,5282750641,nanzilotti,0,106.700005,C Matty Beniers C Anton Lundell D Seth Jones D Brayden McNabb G Joey Daccord UTIL Jack Eichel W Cutter Gauthier W Pavel Dorofeyev W Jordan Eberle,,Adam Larsson,UTIL,1.75%,11
101,5283003815,thehoff11,0,106.600006,C Jack Eichel C Chandler Stephenson D Seth Jones D Sean Durzi G Joey Daccord UTIL Mark Stone W Bobby McMann W Ivan Barbashev W Jordan Eberle,,Bobby McMann,UTIL,1.75%,21.8
102,5281687751,gijoe1866,0,105.899994,C Leo Carlsson C J.T. Miller D Tristan Luneau D Kevin Bahl G Lukas Dostal UTIL Clayton Keller W Cutter Gauthier W Pavel Dorofeyev W Vincent Trocheck,,Dylan Guenther,UTIL,1.75%,3
103,5280777961,boiler24,0,105.700005,C Mika Zibanejad C Mikael Granlund D MacKenzie Weegar D Seth Jones G Igor Shesterkin UTIL Nick Schmaltz W Pavel Dorofeyev W Beckett Sennecke W Alexis Lafreniere,,Brock Boeser,UTIL,1.75%,1.3
103,5282693345,anbob,0,105.7,C Jack Eichel C Tomas Hertl D Shea Theodore D Jackson LaCombe G Joey Daccord UTIL Mark Stone W Brad Marchand W Shane Wright W Mackie Samoskevich,,Braeden Bowman,W,1.75%,6.5
105,5281696846,JDamien2442,0,105.6,C Nick Schmaltz C Mikael Granlund D Brandon Montour D Tristan Luneau G Joey Daccord UTIL Mitch Marner W Pavel Dorofeyev W Marco Rossi W Anders Lee,,Matvei Gridin,W,1.75%,9.1
105,5281855070,thegadfather,0,105.59999,C Jack Eichel C Chandler Stephenson D Shea Theodore D Brandon Montour G Jacob Markstrom UTIL Morgan Frost W Bobby McMann W Matvei Gridin W Jordan Eberle,,Jackson LaCombe,UTIL,1.75%,7.6
107,5283210018,Jaeheat,0,105.5,C Jack Eichel C Morgan Frost D Simon Nemec D Zach Whitecloud G Lukas Dostal UTIL Joel Farabee W Cutter Gauthier W Dylan Guenther W Matt Coronato,,Kaapo Kakko,UTIL,1.57%,1.3
108,5282788766,Bonfire_Villa8,0,105.4,C Leo Carlsson C Mikael Granlund D Mikhail Sergachev D Brayden McNabb G Joey Daccord UTIL Tomas Hertl W Clayton Keller W Ivan Barbashev W Jordan Eberle,,Mikael Backlund,C,1.57%,10.5
109,5283025728,keavster,0,105.2,C Logan Cooley C Mikael Granlund D MacKenzie Weegar D Rasmus Andersson G Lukas Dostal UTIL Victor Olofsson W Cutter Gauthier W Dylan Guenther W Alexis Lafreniere,,Gabe Perreault,UTIL,1.57%,11.3
110,5283214807,sportsfan14,0,105,C Matty Beniers C Chandler Stephenson D Adam Fox D Vince Dunn G Joey Daccord UTIL Jordan Eberle W Dylan Guenther W Jared McCann W Bobby McMann,,Zeev Buium,D,1.57%,0
111,5282845712,dc_rocks38,0,104.9,C Nick Schmaltz C J.T. Miller D Adam Larsson D Vladislav Gavrikov G Jacob Markstrom UTIL Pavel Dorofeyev W Mitch Marner W Mark Stone W Joel Farabee,,Philipp Grubauer,G,1.40%,0
111,5283116455,GMan2456,0,104.9,C Sam Bennett C Chandler Stephenson D Brandon Montour D Rasmus Andersson G Joey Daccord UTIL Will Cuylle W Mark Stone W Carter Verhaeghe W Pavel Dorofeyev,,Shane Wright,W,1.40%,11.3
111,5283153504,uncle_jlew,0,104.9,C Sam Bennett C Freddy Gaudreau D Mikhail Sergachev D Rasmus Andersson G Igor Shesterkin UTIL William Karlsson W Cutter Gauthier W Clayton Keller W Jordan Eberle,,Jared McCann,UTIL,1.40%,8
114,5282870095,Jvill147,0,104.7,C J.T. Miller C Chandler Stephenson D Jackson LaCombe D Pavel Mintyukov G Lukas Dostal UTIL Jack Eichel W Cutter Gauthier W Mark Stone W Kaapo Kakko,,Carter Verhaeghe,UTIL,1.40%,13
115,5283093615,ppeterson614,0,104.6,C Jack Eichel C Berkly Catton D Brandon Montour D Zeev Buium G Joey Daccord UTIL Tomas Hertl W Mitch Marner W Mark Stone W Shane Wright,,Pavel Dorofeyev,UTIL,1.40%,4.5
116,5280538863,charris3435,0,104.5,C Leo Carlsson C Mikael Backlund D Jackson LaCombe D Zach Whitecloud G Kevin Lankinen UTIL Brock Boeser W Brady Tkachuk W Cutter Gauthier W Beckett Sennecke,,Brady Tkachuk,UTIL,1.40%,6
117,5283127702,desert-ball,0,104.40001,C Leo Carlsson C Elias Pettersson D Jackson LaCombe D Filip Hronek G Kevin Lankinen UTIL Trevor Connelly W Cutter Gauthier W Ivan Barbashev W Brock Boeser,,Tom Willander,D,1.22%,2.8
118,5283137456,cluc81,0,104.2,C Jack Eichel C Anton Lundell D Brandon Montour D Jackson LaCombe G Joey Daccord UTIL Tomas Hertl W Matthew Tkachuk W Jordan Eberle W Mackie Samoskevich,,Mikael Granlund,UTIL,1.22%,12.8
119,5282240593,drunkdwarf,0,103.6,C Logan Cooley C Mikael Granlund D Mikhail Sergachev D Brandon Montour G Joey Daccord UTIL Tomas Hertl W Carter Verhaeghe W Jared McCann W Anders Lee,,Paul Cotter,C,1.22%,12.8
120,5283057994,madballnj,0,103.5,C Morgan Frost C Berkly Catton D Shea Theodore D Adam Larsson G Jacob Markstrom UTIL Jack Eichel W Mitch Marner W Mark Stone W Mackie Samoskevich,,Linus Karlsson,W,1.22%,8
121,5283127634,Terry301,0,103.30001,C Tomas Hertl C Elias Pettersson D Tom Willander D Ryker Evans G Joey Daccord UTIL Brad Marchand W Brady Tkachuk W Carter Verhaeghe W Beckett Sennecke,,Eeli Tolvanen,W,1.22%,14.1
122,5280652655,matthewwalsh,0,103,C Jack Eichel C Chandler Stephenson D Vince Dunn D Ryan Lindgren G Joey Daccord UTIL Jared McCann W Dylan Guenther W Bobby McMann W Jordan Eberle,,Joel Farabee,UTIL,1.22%,11
123,5282812057,eldave1975,0,102.9,C Jack Eichel C Leo Carlsson D Brayden McNabb D Nate Schmidt G Igor Shesterkin UTIL Anton Lundell W Dylan Guenther W Beckett Sennecke W Anders Lee,,Mackie Samoskevich,UTIL,1.22%,21.5
124,5282646568,KingWavy8,0,102.8,C Jack Eichel C Tomas Hertl D Aaron Ekblad D Vladislav Gavrikov G Joey Daccord UTIL Gabe Perreault W Mark Stone W Sam Reinhart W Jordan Eberle,,Lawson Crouse,W,1.22%,10.5
124,5283106485,smokinokland,0,102.799995,C Jack Eichel C Nick Schmaltz D Tristan Luneau D Vladislav Gavrikov G Joey Daccord UTIL Paul Cotter W Dylan Guenther W Clayton Keller W Marco Rossi,,Beckett Sennecke,UTIL,1.22%,16.4
126,5283093134,Bondzai,0,102.700005,C Elias Pettersson C Berkly Catton D Shea Theodore D Adam Larsson G Joey Daccord UTIL Shane Wright W Brady Tkachuk W Sam Reinhart W Matthew Tkachuk,,J.T. Miller,UTIL,1.22%,11.3
127,5283236493,2WeekNotice,0,102.4,C Jack Eichel C Tomas Hertl D Brandon Montour D Jackson LaCombe G Joey Daccord UTIL Anton Lundell W Matthew Tkachuk W Alexis Lafreniere W Mackie Samoskevich,,Morgan Frost,UTIL,1.05%,13
127,5281737823,MCStu,0,102.399994,C Jack Eichel C J.T. Miller D Jackson LaCombe D Tristan Luneau G Lukas Dostal UTIL A.J. Greer W Cutter Gauthier W Pavel Dorofeyev W Alexis Lafreniere,,Rasmus Andersson,UTIL,1.05%,1.5
129,5283261563,d9144,0,102.2,C Tomas Hertl C Anton Lundell D Jackson LaCombe D Brayden McNabb G Joey Daccord UTIL Jack Eichel W Cutter Gauthier W Pavel Dorofeyev W Shane Wright,,Ivan Barbashev,UTIL,1.05%,0
130,5282242642,mycuk,0,101.799995,C Jack Eichel C Chandler Stephenson D Mikhail Sergachev D Vladislav Gavrikov G Karel Vejmelka UTIL Elias Pettersson W Mark Stone W Ivan Barbashev W Jordan Eberle,,Logan Cooley,UTIL,1.05%,0
131,5281425708,luckie1710,0,101.700005,C Elias Pettersson C Mikael Backlund D Brandon Montour D Filip Hronek G Kevin Lankinen UTIL Matt Coronato W Brady Tkachuk W Matthew Tkachuk W Brad Marchand,,Will Cuylle,UTIL,1.05%,9.3
132,5281942680,andrewdahlgren,0,101.5,C Jack Eichel C Paul Cotter D Tristan Luneau D Noah Hanifin G Igor Shesterkin UTIL Gabe Perreault W Mitch Marner W Mark Stone W Beckett Sennecke,,Matt Coronato,UTIL,1.05%,11.8
133,5282898174,wildsch75,0,100.6,C Leo Carlsson C Morgan Frost D Jackson LaCombe D Zayne Parekh G Dustin Wolf UTIL Will Cuylle W Cutter Gauthier W Matthew Tkachuk W Matt Coronato,,Matty Beniers,UTIL,1.05%,5
134,5281346183,brownbsr,0,100.50001,C Sam Bennett C Anton Lundell D Jackson LaCombe D Seth Jones G Joey Daccord UTIL Matthew Tkachuk W Carter Verhaeghe W Beckett Sennecke W Alexis Lafreniere,,Victor Olofsson,UTIL,1.05%,14.5
134,5281132961,Fatlenny,0,100.5,C Jack Eichel C Elias Pettersson D Shea Theodore D Brayden McNabb G Joey Daccord UTIL Braeden Bowman W Mark Stone W Beckett Sennecke W Marco Rossi,,Parker Wotherspoon,D,1.05%,2.8
136,5283200383,KingTerryPegula,0,100.4,C Nick Schmaltz C Logan Cooley D Vladislav Gavrikov D Radko Gudas G Carter Hart UTIL Joel Farabee W Cutter Gauthier W Dylan Guenther W Clayton Keller,,Niko Mikkola,D,0.87%,4.1
137,5282394904,Booshea,0,100.2,C Jack Eichel C Mika Zibanejad D Jackson LaCombe D Adam Larsson G Joey Daccord UTIL Gustav Forsling W Cutter Gauthier W Pavel Dorofeyev W A.J. Greer,,Liam Ohgren,UTIL,0.87%,3
138,5282571760,micahw4,0,100,C Jack Eichel C Chandler Stephenson D Jackson LaCombe D Zach Whitecloud G Igor Shesterkin UTIL Jordan Eberle W Mark Stone W Bobby McMann W Ivan Barbashev,,Kevin Bahl,D,0.87%,1.3
139,5281792646,imustache,0,99.8,C Jack Eichel C Matty Beniers D Sean Durzi D Jamie Oleksiak G Joey Daccord UTIL Cutter Gauthier W Mark Stone W Jared McCann W Kaapo Kakko,,Barrett Hayton,C,0.87%,1.5
140,5281252853,respo22,0,99.50001,C Sam Bennett C Elias Pettersson D Seth Jones D Zayne Parekh G Kevin Lankinen UTIL Filip Hronek W Cutter Gauthier W Matthew Tkachuk W Brock Boeser,,Tristan Luneau,UTIL,0.87%,4.1
141,5281561196,Taylormade2003,0,99.3,C J.T. Miller C Chandler Stephenson D Filip Hronek D Seth Jones G Igor Shesterkin UTIL Mika Zibanejad W Brady Tkachuk W Pavel Dorofeyev W Jordan Eberle,,Seth Jones,UTIL,0.87%,7.3
141,5281212927,Shacko,0,99.299995,C Tomas Hertl C J.T. Miller D Adam Larsson D Brayden McNabb G Igor Shesterkin UTIL Morgan Frost W Mitch Marner W Mark Stone W Pavel Dorofeyev,,Adam Fox,UTIL,0.87%,9.1
143,5281572572,cliffr03690,0,99.1,C Nick Schmaltz C J.T. Miller D Adam Fox D MacKenzie Weegar G Joey Daccord UTIL Linus Karlsson W Brady Tkachuk W Clayton Keller W Will Cuylle,,Ryan Strome,C,0.70%,0
144,5283175367,jscharff1,0,98.99999,C Mika Zibanejad C J.T. Miller D Adam Fox D Jackson LaCombe G Igor Shesterkin UTIL Carter Verhaeghe W Pavel Dorofeyev W Alexis Lafreniere W Gabe Perreault,,Mikhail Sergachev,UTIL,0.70%,11.4
145,5282421172,azerirules,0,98.9,C William Karlsson C Freddy Gaudreau D Brandon Montour D Brayden McNabb G Joey Daccord UTIL Mitch Marner W Mark Stone W Carter Verhaeghe W Jared McCann,,Freddy Gaudreau,C,0.70%,0
145,5283050938,rmknks,0,98.9,C Jack Eichel C Mika Zibanejad D Jackson LaCombe D Adam Larsson G Joey Daccord UTIL Pavel Mintyukov W Cutter Gauthier W Pavel Dorofeyev W A.J. Greer,,Sam Reinhart,UTIL,0.70%,4.5
145,5283236100,RAJAHDAT420,0,98.9,C Jack Eichel C Mika Zibanejad D Jackson LaCombe D Adam Larsson G Joey Daccord UTIL Pavel Mintyukov W Cutter Gauthier W Pavel Dorofeyev W A.J. Greer,,A.J. Greer,UTIL,0.70%,3
148,5283091988,nwspring52,0,98.6,C Leo Carlsson C Mika Zibanejad D Shea Theodore D Tristan Luneau G Igor Shesterkin UTIL Seth Jones W Brady Tkachuk W Alexis Lafreniere W Gabe Perreault,,Braden Schneider,D,0.70%,1.3
149,5283033459,mvotruba,0,98.4,C Jack Eichel C J.T. Miller D Tom Willander D Radko Gudas G Joey Daccord UTIL Mikael Granlund W Mark Stone W Pavel Dorofeyev W Beckett Sennecke,,Ryan Poehling,C,0.70%,2.8
150,5282483339,Holguin3157,0,98.1,C Leo Carlsson C Mikael Backlund D Jackson LaCombe D Parker Wotherspoon G Carter Hart UTIL William Karlsson W Cutter Gauthier W Clayton Keller W Matt Coronato,,Drew O'Connor,W,0.70%,4.5
151,5281322081,Zoltan007,0,98,C Jack Eichel C Chandler Stephenson D Brandon Montour D Filip Hronek G Joey Daccord UTIL Mika Zibanejad W Pavel Dorofeyev W Jared McCann W Liam Ohgren,,Brayden McNabb,UTIL,0.70%,9.1
152,5281338417,Minlaian1000,0,97.9,C Sam Bennett C J.T. Miller D MacKenzie Weegar D Brayden McNabb G Joey Daccord UTIL Seth Jones W Brady Tkachuk W Matthew Tkachuk W Alexis Lafreniere,,Gustav Forsling,UTIL,0.70%,2.6
152,5281515097,natroslezka,0,97.899994,C Mika Zibanejad C Elias Pettersson D Tristan Luneau D Alberts Smits G Igor Shesterkin UTIL Bobby McMann W Brady Tkachuk W Matthew Tkachuk W Matvei Gridin,,Ryker Evans,D,0.70%,7.8
154,5281475391,charles52,0,97.8,C Leo Carlsson C Chandler Stephenson D Vince Dunn D Brandon Montour G Carter Hart UTIL Will Cuylle W Mark Stone W Beckett Sennecke W Vincent Trocheck,,Brad Marchand,UTIL,0.70%,13
155,5281612372,dave412,0,97.6,C Mika Zibanejad C Elias Pettersson D Vince Dunn D Jackson LaCombe G Igor Shesterkin UTIL Tomas Hertl W Jared McCann W Jordan Eberle W Alexis Lafreniere,,Oliver Bjorkstrand,W,0.52%,1.3
156,5282523792,killerratdawgs,0,97.50001,C Tomas Hertl C Lars Eller D Adam Fox D Vladislav Gavrikov G Joey Daccord UTIL J.T. Miller W Brady Tkachuk W Sam Reinhart W Pavel Dorofeyev,,Eeli Tolvanen,UTIL,0.52%,14.1
156,5281867079,Tobydean58,0,97.5,C Mika Zibanejad C J.T. Miller D Adam Fox D Tristan Luneau G Igor Shesterkin UTIL Clayton Keller W Cutter Gauthier W Marco Rossi W Frank Vatrano,,Lawson Crouse,UTIL,0.52%,10.5
158,5281461693,henry296,0,97.399994,C Tomas Hertl C Mikael Backlund D Jackson LaCombe D Noah Hanifin G Adin Hill UTIL Jack Eichel W Cutter Gauthier W Beckett Sennecke W Braeden Bowman,,Jake Middleton,D,0.52%,1.5
159,5280665533,Jchyk12,0,97.3,C Jack Eichel C Mikael Backlund D Jackson LaCombe D Sean Durzi G Lukas Dostal UTIL Mikhail Sergachev W Cutter Gauthier W Ivan Barbashev W Alex Killorn,,Cale Fleury,D,0.52%,0
159,5282282896,managyjr,0,97.3,C Tomas Hertl C Chandler Stephenson D Shea Theodore D Seth Jones G Joey Daccord UTIL Matthew Tkachuk W Mark Stone W Jordan Eberle W Alexis Lafreniere,,Radko Gudas,D,0.52%,6.9
161,5282304131,WileyElk,0,97.200005,C J.T. Miller C Lars Eller D Seth Jones D Sean Durzi G Joey Daccord UTIL Jack Eichel W Sam Reinhart W Pavel Dorofeyev W Bobby McMann,,Linus Karlsson,UTIL,0.52%,8
162,5281464712,vinnymac01,0,97.09999,C Leo Carlsson C Ryan Strome D Jackson LaCombe D Tristan Luneau G Jacob Markstrom UTIL Jared McCann W Mitch Marner W Bobby McMann W Beckett Sennecke,,Sam Bennett,UTIL,0.52%,11
163,5283073005,AggieHockey,0,97,C Leo Carlsson C Nic Dowd D Adam Fox D Mikhail Sergachev G Joey Daccord UTIL Matthew Tkachuk W Dylan Guenther W Vincent Trocheck W Lawson Crouse,,Shea Theodore,UTIL,0.52%,5.6
164,5278935934,danlovesthecubs,0,96.899994,C Leo Carlsson C Sam Bennett D Tristan Luneau D Tom Willander G Karel Vejmelka UTIL Matthew Tkachuk W Cutter Gauthier W Carter Verhaeghe W A.J. Greer,,Max Sasson,C,0.52%,9.7
165,5282158877,JWMSKJJ,0,96.5,C Leo Carlsson C Mika Zibanejad D Brandon Montour D Noah Hanifin G Igor Shesterkin UTIL Matty Beniers W Pavel Dorofeyev W Beckett Sennecke W Ivan Barbashev,,Shane Wright,UTIL,0.52%,11.3
166,5282646670,raiderras,0,96.40001,C Sam Bennett C Tomas Hertl D Filip Hronek D Seth Jones G Carter Hart UTIL Jordan Eberle W Cutter Gauthier W Vincent Trocheck W Alexis Lafreniere,,Brett Howden,UTIL,0.52%,1.5
166,5283177984,figjam32,0,96.399994,C Jack Eichel C J.T. Miller D Adam Fox D Rasmus Andersson G Igor Shesterkin UTIL Will Cuylle W Mark Stone W Alexis Lafreniere W Lawson Crouse,,Alex Killorn,UTIL,0.35%,1.3
168,5281197366,Gabor_33,0,96.200005,C Jack Eichel C Leo Carlsson D Jackson LaCombe D Sean Durzi G Jacob Markstrom UTIL Bobby McMann W Vincent Trocheck W Anders Lee W Will Cuylle,,Ryan Winterton,W,0.35%,7.1
169,5283193277,gmosk,0,96.1,C Sam Bennett C Elias Pettersson D Seth Jones D Tristan Luneau G Igor Shesterkin UTIL Mikhail Sergachev W Matthew Tkachuk W Carter Verhaeghe W Marco Rossi,,Ryan Lindgren,D,0.35%,4.1
170,5282806149,pigskin23,0,95.9,C Jack Eichel C Anton Lundell D Jackson LaCombe D Pavel Mintyukov G Joey Daccord UTIL Matthew Tkachuk W Cutter Gauthier W Alexis Lafreniere W Yegor Sharangovich,,Lars Eller,UTIL,0.35%,8
171,5282956226,deftpunk,0,95.8,C Nick Schmaltz C Matty Beniers D Mikhail Sergachev D Vince Dunn G Lukas Dostal UTIL Morgan Frost W Clayton Keller W Jared McCann W Matt Coronato,,Parker Wotherspoon,UTIL,0.35%,2.8
172,5280499596,Dalestradamus,0,95.7,C Jack Eichel C Leo Carlsson D Shea Theodore D Tristan Luneau G Lukas Dostal UTIL Ivan Barbashev W Cutter Gauthier W A.J. Greer W Kaapo Kakko,,Nick Jensen,D,0.35%,0
172,5281820860,novaduel_james,0,95.7,C Tomas Hertl C Lars Eller D Shea Theodore D Mikhail Sergachev G Joey Daccord UTIL Pavel Dorofeyev W Cutter Gauthier W Dylan Guenther W A.J. Greer,,Paul Cotter,UTIL,0.35%,12.8
174,5281093669,brycerucks,0,95.50001,C Berkly Catton C Lars Eller D Seth Jones D Zayne Parekh G Adin Hill UTIL Cutter Gauthier W Brady Tkachuk W Dylan Guenther W Matthew Tkachuk,,Yegor Sharangovich,UTIL,0.35%,1.5
174,5282802052,Dmerkel1980,0,95.5,C Jack Eichel C Berkly Catton D Shea Theodore D Adam Fox G Joey Daccord UTIL Clayton Keller W Mark Stone W Kaapo Kakko W Shane Wright,,Chandler Stephenson,UTIL,0.35%,12.8
174,5283019355,dealin21,0,95.5,C Leo Carlsson C Max Sasson D Jackson LaCombe D Noah Hanifin G Adin Hill UTIL Mark Stone W Carter Verhaeghe W Beckett Sennecke W Marco Rossi,,Alexis Lafreniere,UTIL,0.35%,12.3
177,5282246935,markmajors,0,95.4,C Jack Eichel C Elias Pettersson D Shea Theodore D Filip Hronek G Joey Daccord UTIL Carter Verhaeghe W Brock Boeser W Marco Rossi W Jonathan Lekkerimaki,,Eetu Luostarinen,UTIL,0.35%,1.3
178,5281220330,Shoprat66,0,95.1,C Sam Bennett C Morgan Frost D Brandon Montour D Brayden McNabb G Jacob Markstrom UTIL William Karlsson W Mitch Marner W Carter Verhaeghe W Matt Coronato,,Alberts Smits,D,0.35%,4.1
179,5281878745,alvinthesaint,0,95,C Jack Eichel C Leo Carlsson D Jackson LaCombe D Noah Hanifin G Lukas Dostal UTIL Mika Zibanejad W Beckett Sennecke W Alexis Lafreniere W Yegor Sharangovich,,Marcus Pettersson,D,0.35%,2.6
180,5280794226,capitanfuton,0,94.899994,C Jack Eichel C Mikael Granlund D Shea Theodore D Niko Mikkola G Joey Daccord UTIL Adam Larsson W Mark Stone W Beckett Sennecke W Alex Killorn,,Elias-Nils Pettersson,D,0.35%,2.6
181,5282822630,razorbackavery,0,94.799995,C Mika Zibanejad C Matty Beniers D Brandon Montour D Jackson LaCombe G Joey Daccord UTIL Adam Fox W Pavel Dorofeyev W Jared McCann W Alexis Lafreniere,,Vincent Trocheck,UTIL,0.35%,3
182,5283103741,Rycon4,0,94.6,C Jack Eichel C Anton Lundell D Aaron Ekblad D Vladislav Gavrikov G Igor Shesterkin UTIL Brad Marchand W Mitch Marner W Jared McCann W Brock Boeser,,Nate Schmidt,D,0.35%,5.8
183,5279775356,wdm426,0,94.5,C Mika Zibanejad C Elias Pettersson D Adam Fox D Filip Hronek G Joey Daccord UTIL Jack Eichel W Alexis Lafreniere W Marco Rossi W Kaapo Kakko,,Vince Dunn,UTIL,0.35%,6.3
184,5282728983,robwest26,0,94.3,C Mikael Granlund C William Karlsson D Brayden McNabb D Pavel Mintyukov G Joey Daccord UTIL Mitch Marner W Brady Tkachuk W Mark Stone W Anders Lee,,Freddy Gaudreau,UTIL,0.35%,0
184,5282885391,lmueller78,0,94.299995,C Jack Eichel C Chandler Stephenson D Shea Theodore D Tristan Luneau G Joey Daccord UTIL Tomas Hertl W Bobby McMann W Ivan Barbashev W Jordan Eberle,,Frank Vatrano,UTIL,0.35%,0
186,5283086030,DRBLunkers,0,94.2,C Nick Schmaltz C Tomas Hertl D Mikhail Sergachev D Sean Durzi G Joey Daccord UTIL Mikael Granlund W Dylan Guenther W Beckett Sennecke W Marco Rossi,,Michael Carcone,W,0.35%,3
187,5282206049,Dubbzz,0,94.1,C Leo Carlsson C Elias Pettersson D Brandon Montour D Filip Hronek G Kevin Lankinen UTIL Linus Karlsson W Brady Tkachuk W Brock Boeser W Marco Rossi,,Pavel Mintyukov,UTIL,0.35%,1.3
188,5283233673,lyonsic90,0,94,C Jack Eichel C Chandler Stephenson D Brayden McNabb D Kevin Bahl G Joey Daccord UTIL Jordan Eberle W Mitch Marner W Mark Stone W Ivan Barbashev,,Tyson Hinds,D,0.17%,7.3
189,5283062152,statistical_genius,0,93.9,C Jack Eichel C Matty Beniers D Brayden McNabb D Aaron Ekblad G Joey Daccord UTIL Mark Stone W Mitch Marner W Bobby McMann W Kaapo Kakko,,Daniil But,W,0.17%,0
190,5282913496,shain88,0,93.8,C Jack Eichel C Elias Pettersson D Aaron Ekblad D Zeev Buium G Igor Shesterkin UTIL Mitch Marner W Beckett Sennecke W Vincent Trocheck W Anders Lee,,Garnet Hathaway,W,0.17%,1.5
191,5282535056,BrentK1092690,0,93.700005,C Jack Eichel C Morgan Frost D Adam Larsson D Pavel Mintyukov G Karel Vejmelka UTIL Mackie Samoskevich W Mitch Marner W Mark Stone W Carter Verhaeghe,,Matthew Robertson,D,0.17%,0
191,5283120188,mrxkronz,0,93.700005,C Logan Cooley C Chandler Stephenson D Vince Dunn D Tom Willander G Joey Daccord UTIL Jack Eichel W Dylan Guenther W Bobby McMann W Jordan Eberle,,Zayne Parekh,UTIL,0.17%,4.3
191,5283212451,ATLShark,0,93.700005,C Jack Eichel C Morgan Frost D Adam Larsson D Pavel Mintyukov G Karel Vejmelka UTIL Mackie Samoskevich W Mitch Marner W Mark Stone W Carter Verhaeghe,,Vladislav Gavrikov,UTIL,0.17%,26.2
191,5283232311,UWAlums03,0,93.700005,C Jack Eichel C Morgan Frost D Adam Larsson D Pavel Mintyukov G Karel Vejmelka UTIL Mackie Samoskevich W Mitch Marner W Mark Stone W Carter Verhaeghe,,Braeden Bowman,UTIL,0.17%,6.5
195,5283044027,Rimmy0874,0,93.6,C Nick Schmaltz C Elias Pettersson D Mikhail Sergachev D Filip Hronek G Jacob Markstrom UTIL Mackie Samoskevich W Dylan Guenther W Clayton Keller W Marco Rossi,,Uvis Balinskis,D,0.17%,0
196,5280378101,Browner97,0,93.4,C Jack Eichel C Tomas Hertl D Shea Theodore D Filip Hronek G Joey Daccord UTIL Mikael Granlund W Pavel Dorofeyev W Jordan Eberle W Ryan Winterton,,Tye Kartye,W,0.17%,8
196,5281766957,nrlane24,0,93.4,C Leo Carlsson C Elias Pettersson D Jackson LaCombe D Tristan Luneau G Karel Vejmelka UTIL Dylan Guenther W Cutter Gauthier W Marco Rossi W A.J. Greer,,Filip Hronek,UTIL,0.17%,13.4
198,5283017821,fratstar23,0,93.2,C Jack Eichel C Mika Zibanejad D Adam Fox D Ryan Lindgren G Igor Shesterkin UTIL Victor Olofsson W Brady Tkachuk W Alexis Lafreniere W Will Cuylle,,Aatu Raty,C,0.17%,0
199,5283144776,NHLpa99,0,92.9,C Nick Schmaltz C Logan Cooley D Brandon Montour D Zayne Parekh G Joey Daccord UTIL Pavel Dorofeyev W Dylan Guenther W Bobby McMann W Trevor Connelly,,Jamie Oleksiak,UTIL,0.17%,2.6
199,5283151345,BurntReynolds,0,92.9,C Jack Eichel C Elias Pettersson D Filip Hronek D Zayne Parekh G Igor Shesterkin UTIL Shea Theodore W Mark Stone W Marco Rossi W Linus Karlsson,,Radko Gudas,UTIL,0.17%,6.9
201,5281052189,JCast23,0,92.799995,C Leo Carlsson C Matty Beniers D Brandon Montour D Rasmus Andersson G Igor Shesterkin UTIL William Karlsson W Mitch Marner W Pavel Dorofeyev W A.J. Greer,,Noah Laba,C,0.17%,2.8
201,5282967431,GambiTCereaL,0,92.799995,C Tomas Hertl C J.T. Miller D Tristan Luneau D Sean Durzi G Igor Shesterkin UTIL Leo Carlsson W Brady Tkachuk W Matthew Tkachuk W Will Cuylle,,Frank Vatrano,W,0.17%,0
201,5283098768,UltimateGunslingers,0,92.799995,C Mika Zibanejad C Nick Schmaltz D Sean Durzi D Vladislav Gavrikov G Igor Shesterkin UTIL Kaapo Kakko W Dylan Guenther W Clayton Keller W Pavel Dorofeyev,,Noah Warren,D,0.17%,4.3
204,5280825132,grama14,0,92.700005,C Jack Eichel C Elias Pettersson D Adam Larsson D Brayden McNabb G Joey Daccord UTIL Lars Eller W Mark Stone W Sam Reinhart W Ivan Barbashev,,Dylan Coghlan,D,0.17%,0
205,5283107032,FlapjackPalmdale,0,92.600006,C Leo Carlsson C Logan Cooley D Simon Nemec D Pavel Mintyukov G Joey Daccord UTIL Mika Zibanejad W Mitch Marner W Beckett Sennecke W Marco Rossi,,Devin Cooley,G,0.17%,0
205,5282360149,kucas0918,0,92.6,C Tomas Hertl C Lars Eller D Shea Theodore D Seth Jones G Adin Hill UTIL Cutter Gauthier W Brady Tkachuk W Victor Olofsson W Trevor Connelly,,Jake DeBrusk,W,0.17%,0
207,5280402011,Scr0ll0,0,92.5,C Nick Schmaltz C Chandler Stephenson D Mikhail Sergachev D Zayne Parekh G Jacob Markstrom UTIL Jordan Eberle W Dylan Guenther W Clayton Keller W Bobby McMann,,Marco Rossi,UTIL,0.17%,2.8
208,5282946056,kipper12,0,92.4,C Tomas Hertl C Anton Lundell D Adam Fox D Jackson LaCombe G Igor Shesterkin UTIL Seth Jones W Cutter Gauthier W Matthew Tkachuk W Yegor Sharangovich,,John Marino,D,0.17%,4.1
209,5281986504,DVaut1,0,92.299995,C Mika Zibanejad C Chandler Stephenson D Jackson LaCombe D Tristan Luneau G Adin Hill UTIL Jordan Eberle W Brady Tkachuk W Jared McCann W Bobby McMann,,Jonathan Lekkerimaki,W,0.17%,10
210,5283136353,Spenjiy,0,92.200005,C Mika Zibanejad C Morgan Frost D Jackson LaCombe D Seth Jones G Joey Daccord UTIL Liam Ohgren W Mitch Marner W Dylan Guenther W Jordan Eberle,,Sandis Vilmanis,W,0.17%,6
210,5281777012,fbmoney1,0,92.2,C Sam Bennett C Tomas Hertl D Brandon Montour D Jackson LaCombe G Joey Daccord UTIL Rasmus Andersson W Carter Verhaeghe W Ivan Barbashev W Jordan Eberle,,Troy Terry,W,0.17%,0
210,5282643210,jbarcomb920,0,92.2,C Nick Schmaltz C J.T. Miller D Adam Fox D MacKenzie Weegar G Joey Daccord UTIL Brayden McNabb W Brady Tkachuk W Clayton Keller W Kaapo Kakko,,Sam Lafferty,C,0.17%,0
213,5281388203,mck1960,0,92.1,C Jack Eichel C Leo Carlsson D Adam Larsson D Pavel Mintyukov G Joey Daccord UTIL Will Cuylle W Brady Tkachuk W Matthew Tkachuk W A.J. Greer,,Alexander Petrovic,UTIL,0.17%,0
214,5281094090,jayho480,0,92,C Jack Eichel C Matty Beniers D Jackson LaCombe D Noah Hanifin G Joey Daccord UTIL Vladislav Gavrikov W Mark Stone W Jared McCann W Ivan Barbashev,,Zach Whitecloud,UTIL,0.17%,1.3
215,5283232615,elistump26,0,91.899994,C Jack Eichel C Leo Carlsson D Adam Larsson D Niko Mikkola G Adin Hill UTIL Freddy Gaudreau W Mitch Marner W Clayton Keller W Eeli Tolvanen,,Dylan Garand,G,0.17%,0
216,5282399325,tommienation1,0,91.799995,C Leo Carlsson C Morgan Frost D Mikhail Sergachev D Rasmus Andersson G Dustin Wolf UTIL Tomas Hertl W Cutter Gauthier W Matt Coronato W A.J. Greer,,Drew O'Connor,UTIL,0.17%,4.5
217,5282114234,Joby1985,0,91.700005,C Sam Bennett C Elias Pettersson D MacKenzie Weegar D Seth Jones G Igor Shesterkin UTIL William Karlsson W Dylan Guenther W Pavel Dorofeyev W Anders Lee,,Kailer Yamamoto,W,0.17%,0
217,5282413589,JRBucks34,0,91.7,C Sam Bennett C Anton Lundell D Vince Dunn D Filip Hronek G Joey Daccord UTIL Mark Stone W Jared McCann W Brad Marchand W Marco Rossi,,Zeev Buium,UTIL,0.17%,0
217,5283153292,rjmazeika,0,91.7,C Tomas Hertl C Chandler Stephenson D Vince Dunn D Brandon Montour G Jacob Markstrom UTIL Bobby McMann W Pavel Dorofeyev W Jared McCann W Jordan Eberle,,Sean Durzi,UTIL,0.17%,6.9
220,5281841813,JFK424,0,91.600006,C Sam Bennett C Anton Lundell D Brandon Montour D Seth Jones G Joey Daccord UTIL Sam Reinhart W Carter Verhaeghe W Jared McCann W Trevor Connelly,,Joel Hanley,D,0.17%,0
221,5282795593,irishboy7798,0,91.4,C Elias Pettersson C Mikael Granlund D Filip Hronek D Sean Durzi G Igor Shesterkin UTIL Brady Tkachuk W Matthew Tkachuk W Alex Killorn W Drew O'Connor,,Aaron Ekblad,UTIL,0.17%,0
221,5282909138,smiffdub,0,91.4,C Jack Eichel C Paul Cotter D Adam Fox D Filip Hronek G Kevin Lankinen UTIL Dylan Guenther W Cutter Gauthier W Marco Rossi W Liam Ohgren,,Nic Dowd,C,0.17%,6.5
223,5281166210,mesheehan,0,91.1,C Mika Zibanejad C Anton Lundell D Adam Larsson D Brayden McNabb G Igor Shesterkin UTIL Matthew Tkachuk W Mitch Marner W Mark Stone W Will Cuylle,,Maveric Lamoureux,D,0.17%,0
224,5283254358,dolo20,0,90.799995,C Sam Bennett C Tomas Hertl D Jackson LaCombe D Seth Jones G Igor Shesterkin UTIL Trevor Connelly W Matthew Tkachuk W Carter Verhaeghe W Victor Olofsson,,Marc Gatcomb,UTIL,0.17%,10
225,5283253592,steverus,0,90.7,C Nick Schmaltz C Logan Cooley D Mikhail Sergachev D Jackson LaCombe G Joey Daccord UTIL Alex Killorn W Dylan Guenther W Clayton Keller W Mackie Samoskevich,,Elias-Nils Pettersson,UTIL,0.17%,2.6
226,5281870917,AverillsAvengers,0,90.5,C Leo Carlsson C Matty Beniers D Jackson LaCombe D Seth Jones G Igor Shesterkin UTIL J.T. Miller W Mark Stone W Ivan Barbashev W Marco Rossi,,Tim Washe,C,0.17%,1.3
227,5280877894,tolson07,0,90.4,C Sam Bennett C William Karlsson D Filip Hronek D Niko Mikkola G Joey Daccord UTIL Mitch Marner W Matthew Tkachuk W Carter Verhaeghe W Brett Howden,,Dmitry Kulikov,D,0.17%,1.3
228,5281270458,MadeFromMetal,0,90.2,C Jack Eichel C Aatu Raty D Filip Hronek D Tristan Luneau G Joey Daccord UTIL Dylan Guenther W Cutter Gauthier W Ivan Barbashev W Drew O'Connor,,,
229,5280310394,Nautiguy,0,90,C Jack Eichel C Sam Bennett D Shea Theodore D Niko Mikkola G Joey Daccord UTIL Kaapo Kakko W Mark Stone W Carter Verhaeghe W Shane Wright,,,
230,5281836558,The_Undertaker,0,89.799995,C Jack Eichel C Elias Pettersson D Tristan Luneau D Adam Larsson G Philipp Grubauer UTIL Jackson LaCombe W Pavel Dorofeyev W Bobby McMann W Beckett Sennecke,,,
231,5282349864,Scrooge1515,0,89.700005,C Nick Schmaltz C Anton Lundell D Rasmus Andersson D Filip Hronek G Joey Daccord UTIL Beckett Sennecke W Mitch Marner W Pavel Dorofeyev W Brett Howden,,,
231,5283199918,DanL79,0,89.700005,C J.T. Miller C Ryan Poehling D Vince Dunn D Seth Jones G Joey Daccord UTIL Pavel Dorofeyev W Mark Stone W Bobby McMann W Ivan Barbashev,,,
233,5280934780,randomjank,0,89.5,C William Karlsson C Anton Lundell D Mikhail Sergachev D Tristan Luneau G Joey Daccord UTIL Bobby McMann W Brady Tkachuk W Sam Reinhart W Alexis Lafreniere,,,
233,5281244541,ZombieAut0pilot,0,89.5,C Nick Schmaltz C William Karlsson D Mikhail Sergachev D Filip Hronek G Joey Daccord UTIL Mitch Marner W Clayton Keller W Brett Howden W Eetu Luostarinen,,,
233,5282792349,bmeintz,0,89.5,C Mika Zibanejad C Chandler Stephenson D Shea Theodore D Vince Dunn G Adin Hill UTIL Tomas Hertl W Jared McCann W Bobby McMann W Jordan Eberle,,,
233,5282847982,MattySB4,0,89.5,C Tomas Hertl C Elias Pettersson D Adam Fox D Mikhail Sergachev G Karel Vejmelka UTIL Vince Dunn W Bobby McMann W Beckett Sennecke W Vincent Trocheck,,,
237,5283158564,Maverick8207,0,89.3,C Jack Eichel C Matty Beniers D Simon Nemec D Noah Hanifin G Igor Shesterkin UTIL Adam Fox W Matthew Tkachuk W Beckett Sennecke W Anders Lee,,,
237,5283204436,HughGRexshun,0,89.299995,C Leo Carlsson C Elias Pettersson D Tristan Luneau D Aaron Ekblad G Igor Shesterkin UTIL Dylan Guenther W Matthew Tkachuk W Brock Boeser W Alexis Lafreniere,,,
237,5283248576,nuffnutz,0,89.299995,C Jack Eichel C Elias Pettersson D Shea Theodore D Noah Hanifin G Karel Vejmelka UTIL Eeli Tolvanen W Cutter Gauthier W Jared McCann W Eetu Luostarinen,,,
240,5281391709,CheetosAddict,0,89.2,C Nick Schmaltz C Lars Eller D Mikhail Sergachev D Tristan Luneau G Joey Daccord UTIL Alexis Lafreniere W Dylan Guenther W Clayton Keller W Pavel Dorofeyev,,,
241,5282458336,bjnfan,0,89.1,C Jack Eichel C Chandler Stephenson D Vince Dunn D Adam Larsson G Jacob Markstrom UTIL Jordan Eberle W Jared McCann W Bobby McMann W Vincent Trocheck,,,
241,5283180854,systematicchaos,0,89.1,C Jack Eichel C Morgan Frost D Adam Larsson D Brayden McNabb G Philipp Grubauer UTIL Sam Bennett W Mitch Marner W Brad Marchand W Joel Farabee,,,
243,5280742206,bmendy,0,88.9,C Jack Eichel C Mikael Granlund D Sean Durzi D Brayden McNabb G Igor Shesterkin UTIL Mark Stone W Beckett Sennecke W Ivan Barbashev W Alex Killorn,,,
244,5282815331,budzie12,0,88.7,C Jack Eichel C Matty Beniers D Brandon Montour D Zayne Parekh G Igor Shesterkin UTIL Mika Zibanejad W Mark Stone W Alexis Lafreniere W Kaapo Kakko,,,
244,5282919085,Gasman1739,0,88.7,C Nick Schmaltz C Mikael Granlund D Brandon Montour D Brayden McNabb G Karel Vejmelka UTIL Mark Stone W Sam Reinhart W Jared McCann W Gabe Perreault,,,
246,5283003095,rwmegnia,0,88.6,C Nick Schmaltz C Morgan Frost D Mikhail Sergachev D Zach Whitecloud G Dustin Wolf UTIL Matt Coronato W Cutter Gauthier W Dylan Guenther W Matvei Gridin,,,
246,5283086514,kage12,0,88.6,C Sam Bennett C Tomas Hertl D Seth Jones D Tristan Luneau G Joey Daccord UTIL Victor Olofsson W Matthew Tkachuk W Carter Verhaeghe W Trevor Connelly,,,
248,5282487251,rcputt,0,88.5,C Nick Schmaltz C William Karlsson D Shea Theodore D Brandon Montour G Joey Daccord UTIL Logan Cooley W Clayton Keller W Jordan Eberle W Marco Rossi,,,
249,5283033672,SlyHolla,0,88.399994,C Jack Eichel C Chandler Stephenson D Brandon Montour D Joel Hanley G Adin Hill UTIL Dylan Guenther W Bobby McMann W Ivan Barbashev W Jordan Eberle,,,
250,5283251406,eschaetty,0,88.3,C Nick Schmaltz C Matty Beniers D Mikhail Sergachev D Jackson LaCombe G Lukas Dostal UTIL Morgan Frost W Clayton Keller W Jared McCann W Vincent Trocheck,,,
251,5281139481,Trebliw,0,88.1,C Jack Eichel C Tomas Hertl D Jackson LaCombe D Pavel Mintyukov G Joey Daccord UTIL Cutter Gauthier W Matthew Tkachuk W A.J. Greer W Yegor Sharangovich,,,
251,5280898329,captainzen,0,88.09999,C Mikael Granlund C Anton Lundell D Filip Hronek D Seth Jones G Joey Daccord UTIL Sam Reinhart W Brady Tkachuk W Beckett Sennecke W Alex Killorn,,,
253,5280775221,wrestlerama,0,88,C Jack Eichel C Elias Pettersson D Shea Theodore D Vince Dunn G Joey Daccord UTIL Liam Ohgren W Mitch Marner W Marco Rossi W Linus Karlsson,,,
253,5281410748,lsbruehl,0,88,C Sam Bennett C William Karlsson D Tristan Luneau D Adam Larsson G Joey Daccord UTIL Matthew Tkachuk W Mitch Marner W Carter Verhaeghe W Brett Howden,,,
255,5282743667,louslosers,0,87.9,C Matty Beniers C Freddy Gaudreau D Vince Dunn D Brandon Montour G Joey Daccord UTIL Jack Eichel W Pavel Dorofeyev W Jared McCann W Jordan Eberle,,,
256,5283036409,thebebop,0,87.7,C Jack Eichel C Chandler Stephenson D Shea Theodore D Vince Dunn G Joey Daccord UTIL Aaron Ekblad W Mark Stone W Jared McCann W Gabe Perreault,,,
257,5282456069,carrma34,0,87.6,C Elias Pettersson C Paul Cotter D Tristan Luneau D Brayden McNabb G Joey Daccord UTIL Jack Eichel W Dylan Guenther W Clayton Keller W Brock Boeser,,,
258,5281999467,Jimbobwae42,0,87.399994,C Jack Eichel C Mika Zibanejad D Shea Theodore D Seth Jones G Joey Daccord UTIL Adam Fox W Anders Lee W Brett Howden W Gabe Perreault,,,
258,5283235929,beenjammin98,0,87.399994,C Mika Zibanejad C Elias Pettersson D Adam Fox D Vince Dunn G Joey Daccord UTIL Brock Boeser W Jared McCann W Alexis Lafreniere W Marco Rossi,,,
260,5282160077,Burnsee,0,87.3,C Jack Eichel C Logan Cooley D Shea Theodore D Filip Hronek G Joey Daccord UTIL Joel Farabee W Dylan Guenther W Anders Lee W Linus Karlsson,,,
261,5283253530,samir.ist,0,86.799995,C Nick Schmaltz C Logan Cooley D Shea Theodore D Mikhail Sergachev G Karel Vejmelka UTIL Cutter Gauthier W Beckett Sennecke W Vincent Trocheck W Michael Carcone,,,
262,5280575990,kepenekela,0,86.69999,C Leo Carlsson C Mikael Backlund D Jackson LaCombe D Rasmus Andersson G Dustin Wolf UTIL William Karlsson W Mitch Marner W Cutter Gauthier W A.J. Greer,,,
263,5280279903,thunder47,0,86.5,C Jack Eichel C Sam Bennett D Noah Hanifin D Aaron Ekblad G Igor Shesterkin UTIL Morgan Frost W Carter Verhaeghe W Beckett Sennecke W Ivan Barbashev,,,
264,5283258917,ibeckman,0,86.3,C Elias Pettersson C Anton Lundell D Adam Fox D Jackson LaCombe G Igor Shesterkin UTIL Seth Jones W Matthew Tkachuk W Brad Marchand W Brock Boeser,,,
265,5280961712,charlesrayallday,0,86.1,C Tomas Hertl C Anton Lundell D Jackson LaCombe D Pavel Mintyukov G Joey Daccord UTIL Jack Eichel W Cutter Gauthier W Pavel Dorofeyev W A.J. Greer,,,
265,5282634266,wearend,0,86.1,C Jack Eichel C Anton Lundell D Tristan Luneau D Pavel Mintyukov G Igor Shesterkin UTIL Tomas Hertl W Cutter Gauthier W Mark Stone W Yegor Sharangovich,,,
267,5281311381,rsulzener,0,86,C Tomas Hertl C Anton Lundell D Brandon Montour D Jackson LaCombe G Joey Daccord UTIL Elias Pettersson W Brady Tkachuk W Matthew Tkachuk W Liam Ohgren,,,
267,5281708589,briangile,0,86,C Jack Eichel C Tomas Hertl D Filip Hronek D Sean Durzi G Joey Daccord UTIL Matty Beniers W Pavel Dorofeyev W Jared McCann W Alexis Lafreniere,,,
267,5281822990,pipes3131,0,86,C Tomas Hertl C Anton Lundell D Brandon Montour D Jackson LaCombe G Joey Daccord UTIL Elias Pettersson W Brady Tkachuk W Matthew Tkachuk W Liam Ohgren,,,
270,5282996086,blambeth2424,0,85.899994,C Jack Eichel C Anton Lundell D Jackson LaCombe D Gustav Forsling G Joey Daccord UTIL Tomas Hertl W Cutter Gauthier W Pavel Dorofeyev W Yegor Sharangovich,,,
271,5283091122,MattPochowicz,0,85.700005,C Jack Eichel C J.T. Miller D Sean Durzi D Brayden McNabb G Joey Daccord UTIL Marc Gatcomb W Dylan Guenther W Clayton Keller W Pavel Dorofeyev,,,
272,5282943863,Ben_Logs596,0,85.6,C Sam Bennett C Tomas Hertl D Shea Theodore D Noah Hanifin G Igor Shesterkin UTIL Jared McCann W Matthew Tkachuk W Jordan Eberle W Alexis Lafreniere,,,
273,5282729025,mrnorrad,0,85.5,C Leo Carlsson C Logan Cooley D Adam Fox D Mikhail Sergachev G Lukas Dostal UTIL Gabe Perreault W Dylan Guenther W Clayton Keller W Kaapo Kakko,,,
274,5281897004,Woods24,0,85.399994,C Jack Eichel C Leo Carlsson D Adam Larsson D Pavel Mintyukov G Joey Daccord UTIL Gustav Forsling W Brady Tkachuk W Matthew Tkachuk W A.J. Greer,,,
274,5282201548,FurrShizzle,0,85.399994,C Jack Eichel C Leo Carlsson D Adam Larsson D Pavel Mintyukov G Joey Daccord UTIL Gustav Forsling W Brady Tkachuk W Matthew Tkachuk W A.J. Greer,,,
274,5283231267,sweeptheleg,0,85.399994,C Jack Eichel C Leo Carlsson D Adam Larsson D Pavel Mintyukov G Joey Daccord UTIL Gustav Forsling W Brady Tkachuk W Matthew Tkachuk W A.J. Greer,,,
277,5282510804,solidks,0,85.2,C Mika Zibanejad C Matty Beniers D Adam Fox D Brayden McNabb G Joey Daccord UTIL Gabe Perreault W Mitch Marner W Matthew Tkachuk W Ivan Barbashev,,,
278,5281202029,CrypticalDevelopment,0,84.9,C Jack Eichel C Barrett Hayton D Vladislav Gavrikov D Zach Whitecloud G Adin Hill UTIL Mitch Marner W Mark Stone W Sam Reinhart W Tye Kartye,,,
278,5282298070,zacsmith1,0,84.899994,C J.T. Miller C Anton Lundell D Adam Fox D Brandon Montour G Adin Hill UTIL William Karlsson W Matthew Tkachuk W Bobby McMann W Vincent Trocheck,,,
280,5280908377,HurricaneAl42,0,84.7,C Mikael Granlund C Lars Eller D Jackson LaCombe D Rasmus Andersson G Joey Daccord UTIL William Karlsson W Brady Tkachuk W Sam Reinhart W Beckett Sennecke,,,
281,5280134946,rajonrondough,0,84.6,C Jack Eichel C Anton Lundell D Jackson LaCombe D Gustav Forsling G Igor Shesterkin UTIL Tomas Hertl W Cutter Gauthier W Pavel Dorofeyev W Yegor Sharangovich,,,
281,5282696955,joecarterfan,0,84.6,C Jack Eichel C Anton Lundell D Jackson LaCombe D Gustav Forsling G Igor Shesterkin UTIL Tomas Hertl W Cutter Gauthier W Pavel Dorofeyev W Yegor Sharangovich,,,
283,5281014220,Sisco510,0,84.5,C Jack Eichel C Nick Schmaltz D Tristan Luneau D Sean Durzi G Joey Daccord UTIL Joel Farabee W Mark Stone W Vincent Trocheck W Marco Rossi,,,
284,5282209388,panfriedbeets,0,84.1,C Jack Eichel C Chandler Stephenson D Shea Theodore D Jamie Oleksiak G Jacob Markstrom UTIL Bobby McMann W Mark Stone W Jordan Eberle W Trevor Connelly,,,
284,5282875433,takeitdown2,0,84.1,C Mika Zibanejad C Sam Bennett D Adam Fox D Simon Nemec G Igor Shesterkin UTIL Frank Vatrano W Matthew Tkachuk W Bobby McMann W Ivan Barbashev,,,
286,5281445317,SkatTrak,0,84,C Elias Pettersson C Logan Cooley D Mikhail Sergachev D Tristan Luneau G Joey Daccord UTIL Mika Zibanejad W Pavel Dorofeyev W Beckett Sennecke W Ivan Barbashev,,,
286,5283188224,gloveslapper,0,84,C Jack Eichel C Matty Beniers D Shea Theodore D Dmitry Kulikov G Joey Daccord UTIL Kaapo Kakko W Mark Stone W Carter Verhaeghe W Jordan Eberle,,,
286,5283221567,HUNTERZW,0,84,C Jack Eichel C Matty Beniers D Vince Dunn D Zayne Parekh G Jacob Markstrom UTIL Adam Larsson W Mitch Marner W Mark Stone W Mackie Samoskevich,,,
289,5282421938,SkullandCrossbones,0,83.9,C Tomas Hertl C Anton Lundell D Jackson LaCombe D Sean Durzi G Adin Hill UTIL Cutter Gauthier W Matthew Tkachuk W Carter Verhaeghe W Yegor Sharangovich,,,
290,5281225965,jasonex003,0,83.700005,C Elias Pettersson C Logan Cooley D Jackson LaCombe D Zayne Parekh G Karel Vejmelka UTIL Leo Carlsson W Dylan Guenther W Beckett Sennecke W Matt Coronato,,,
290,5280928623,union.thugs,0,83.7,C Leo Carlsson C Lars Eller D Vince Dunn D Tristan Luneau G Karel Vejmelka UTIL Logan Cooley W Brady Tkachuk W Cutter Gauthier W Marco Rossi,,,
290,5283222515,buckeyeguru,0,83.7,C Jack Eichel C Paul Cotter D Jackson LaCombe D Zeev Buium G Karel Vejmelka UTIL Beckett Sennecke W Cutter Gauthier W Pavel Dorofeyev W Ivan Barbashev,,,
293,5281503818,PK28LAKingsFan,0,83.59999,C Jack Eichel C J.T. Miller D Shea Theodore D Vince Dunn G Joey Daccord UTIL Eetu Luostarinen W Mark Stone W Jordan Eberle W Kaapo Kakko,,,
294,5282251301,Unc4life73,0,83.5,C Leo Carlsson C Anton Lundell D MacKenzie Weegar D Aaron Ekblad G Igor Shesterkin UTIL William Karlsson W Mitch Marner W Clayton Keller W Marco Rossi,,,
295,5282392421,nCurry58,0,83.399994,C Tomas Hertl C Matty Beniers D Shea Theodore D Jamie Oleksiak G Igor Shesterkin UTIL Matt Coronato W Mitch Marner W Matthew Tkachuk W Alexis Lafreniere,,,
296,5283107783,Packersstillsuck123,0,83.3,C Logan Cooley C Chandler Stephenson D Shea Theodore D Sean Durzi G Joey Daccord UTIL Dylan Guenther W Clayton Keller W Jared McCann W Jordan Eberle,,,
296,5280977229,briannedanielle,0,83.299995,C Tomas Hertl C Anton Lundell D Jackson LaCombe D Pavel Mintyukov G Igor Shesterkin UTIL Jack Eichel W Cutter Gauthier W Pavel Dorofeyev W Yegor Sharangovich,,,
296,5282775425,xXxPLOSIVE,0,83.299995,C Jack Eichel C Tomas Hertl D Jackson LaCombe D Pavel Mintyukov G Igor Shesterkin UTIL Anton Lundell W Cutter Gauthier W Pavel Dorofeyev W Yegor Sharangovich,,,
296,5283223434,macyfan,0,83.299995,C Tomas Hertl C Anton Lundell D Jackson LaCombe D Pavel Mintyukov G Igor Shesterkin UTIL Jack Eichel W Cutter Gauthier W Pavel Dorofeyev W Yegor Sharangovich,,,
300,5281468255,f1r3m3d1c,0,83.1,C Jack Eichel C Matty Beniers D Jackson LaCombe D Tristan Luneau G Igor Shesterkin UTIL Nick Schmaltz W Brady Tkachuk W Victor Olofsson W Eetu Luostarinen,,,
300,5281537165,BongMasta420,0,83.1,C Jack Eichel C Berkly Catton D Vince Dunn D Tristan Luneau G Lukas Dostal UTIL Dylan Guenther W Clayton Keller W Beckett Sennecke W Brett Howden,,,
302,5283214373,Timmac1234567,0,83,C Jack Eichel C Tomas Hertl D Jackson LaCombe D Tristan Luneau G Igor Shesterkin UTIL Matthew Tkachuk W Beckett Sennecke W Alexis Lafreniere W Yegor Sharangovich,,,
303,5283119495,brinkd8755,0,82.8,C Jack Eichel C J.T. Miller D MacKenzie Weegar D Sean Durzi G Adin Hill UTIL Gabe Perreault W Mark Stone W Ivan Barbashev W Anders Lee,,,
303,5280896468,meitbe2014,0,82.799995,C Elias Pettersson C Anton Lundell D Jackson LaCombe D Tristan Luneau G Joey Daccord UTIL Trevor Connelly W Sam Reinhart W Matthew Tkachuk W Carter Verhaeghe,,,
303,5281579672,ftbll6235,0,82.799995,C Leo Carlsson C Nick Schmaltz D Tristan Luneau D Aaron Ekblad G Carter Hart UTIL Jack Eichel W Bobby McMann W Marco Rossi W Joel Farabee,,,
303,5282948272,MissingManning,0,82.799995,C Sam Bennett C Anton Lundell D Tristan Luneau D Noah Hanifin G Joey Daccord UTIL Frank Vatrano W Cutter Gauthier W Sam Reinhart W Dylan Guenther,,,
307,5280812123,SkyU27,0,82.6,C Sam Bennett C Matty Beniers D Shea Theodore D Seth Jones G Joey Daccord UTIL Carter Verhaeghe W Matthew Tkachuk W Jared McCann W Kaapo Kakko,,,
307,5281324320,lpratts,0,82.6,C Jack Eichel C Mika Zibanejad D Zayne Parekh D Gustav Forsling G Igor Shesterkin UTIL Adam Larsson W Mitch Marner W Mark Stone W A.J. Greer,,,
309,5283012681,Purplereign70,0,82.5,C Sam Bennett C Berkly Catton D Seth Jones D Cale Fleury G Adin Hill UTIL Jack Eichel W Brady Tkachuk W Mark Stone W Shane Wright,,,
310,5282151430,Jamesbell37,0,82.4,C J.T. Miller C Morgan Frost D Mikhail Sergachev D Seth Jones G Adin Hill UTIL Matt Coronato W Clayton Keller W Jared McCann W Ivan Barbashev,,,
311,5282783755,SinCounty,0,82.2,C Leo Carlsson C Tomas Hertl D Jackson LaCombe D Seth Jones G Joey Daccord UTIL Logan Cooley W Clayton Keller W Jared McCann W Eetu Luostarinen,,,
312,5280874202,bigbabyperm,0,82,C Sam Bennett C Anton Lundell D Seth Jones D Tristan Luneau G Joey Daccord UTIL Elias Pettersson W Brady Tkachuk W Matthew Tkachuk W Trevor Connelly,,,
312,5283001456,MikeyPants,0,82,C Sam Bennett C Anton Lundell D Seth Jones D Tristan Luneau G Joey Daccord UTIL Elias Pettersson W Brady Tkachuk W Matthew Tkachuk W Trevor Connelly,,,
314,5281657135,PensDangleSniper94,0,81.8,C Jack Eichel C Berkly Catton D Shea Theodore D Mikhail Sergachev G Jacob Markstrom UTIL Jordan Eberle W Mark Stone W Ivan Barbashev W Shane Wright,,,
314,5282137409,LeafNation1967,0,81.799995,C Jack Eichel C Chandler Stephenson D Shea Theodore D John Marino G Karel Vejmelka UTIL Shane Wright W Mitch Marner W Mark Stone W Jordan Eberle,,,
316,5280363661,ufxgatorbox,0,81.6,C Nick Schmaltz C Mikael Granlund D Shea Theodore D Tristan Luneau G Carter Hart UTIL Liam Ohgren W Cutter Gauthier W Clayton Keller W Marco Rossi,,,
317,5281082131,Zmoney526,0,81.5,C Mika Zibanejad C Sam Bennett D Seth Jones D Noah Hanifin G Igor Shesterkin UTIL Zayne Parekh W Matthew Tkachuk W Carter Verhaeghe W Jared McCann,,,
317,5283083933,ZIBANENASTY93,0,81.5,C Mika Zibanejad C Matty Beniers D Seth Jones D Adam Larsson G Igor Shesterkin UTIL Matthew Tkachuk W Brady Tkachuk W Pavel Dorofeyev W Gabe Perreault,,,
317,5278729474,Cfw828,0,81.49999,C William Karlsson C Lars Eller D Filip Hronek D Vladislav Gavrikov G Jacob Markstrom UTIL Matthew Tkachuk W Mitch Marner W Sam Reinhart W Marco Rossi,,,
320,5279968614,Sprtsguy,0,81.4,C Sam Bennett C Anton Lundell D Seth Jones D Sean Durzi G Joey Daccord UTIL Trevor Connelly W Brady Tkachuk W Matthew Tkachuk W Carter Verhaeghe,,,
320,5282853874,Roach713,0,81.399994,C Mika Zibanejad C Tomas Hertl D Shea Theodore D Vince Dunn G Lukas Dostal UTIL Mitch Marner W Alexis Lafreniere W Trevor Connelly W Gabe Perreault,,,
322,5282136077,csurunnerccr,0,81,C Jack Eichel C Morgan Frost D Brandon Montour D Zayne Parekh G Dustin Wolf UTIL Mitch Marner W Matt Coronato W Matvei Gridin W Joel Farabee,,,
322,5281361631,patkingpin,0,80.99999,C Jack Eichel C Logan Cooley D Jackson LaCombe D Tristan Luneau G Dustin Wolf UTIL Mikhail Sergachev W Cutter Gauthier W Anders Lee W Lawson Crouse,,,
324,5282705242,CDayne,0,80.899994,C Jack Eichel C Tomas Hertl D Noah Hanifin D Vladislav Gavrikov G Carter Hart UTIL Mika Zibanejad W Clayton Keller W Anders Lee W Victor Olofsson,,,
325,5281446149,titanhawks,0,80.799995,C Sam Bennett C Anton Lundell D Jackson LaCombe D Tristan Luneau G Joey Daccord UTIL Elias Pettersson W Sam Reinhart W Matthew Tkachuk W Trevor Connelly,,,
325,5281639036,gbjb,0,80.799995,C Sam Bennett C Anton Lundell D Jackson LaCombe D Tristan Luneau G Joey Daccord UTIL Elias Pettersson W Sam Reinhart W Matthew Tkachuk W Trevor Connelly,,,
325,5282340445,CFennell,0,80.799995,C Sam Bennett C Anton Lundell D Jackson LaCombe D Tristan Luneau G Joey Daccord UTIL Elias Pettersson W Sam Reinhart W Matthew Tkachuk W Trevor Connelly,,,
325,5282552069,Dogs498,0,80.799995,C Sam Bennett C Anton Lundell D Jackson LaCombe D Tristan Luneau G Joey Daccord UTIL Elias Pettersson W Sam Reinhart W Matthew Tkachuk W Trevor Connelly,,,
329,5281933340,Itzpcraft,0,80.6,C Mikael Backlund C Chandler Stephenson D Brayden McNabb D Aaron Ekblad G Devin Cooley UTIL Leo Carlsson W Brad Marchand W Brock Boeser W Matt Coronato,,,
330,5282386685,Lakers1000,0,80.200005,C Tomas Hertl C Chandler Stephenson D Seth Jones D Sean Durzi G Philipp Grubauer UTIL Mikael Granlund W Mitch Marner W Clayton Keller W Beckett Sennecke,,,
331,5282439361,Tobers96,0,80.1,C Tomas Hertl C Morgan Frost D Rasmus Andersson D Seth Jones G Joey Daccord UTIL William Karlsson W Brady Tkachuk W Clayton Keller W Anders Lee,,,
332,5283193379,Hilvon,0,80,C Sam Bennett C Anton Lundell D Seth Jones D Tristan Luneau G Joey Daccord UTIL Elias Pettersson W Brady Tkachuk W Sam Reinhart W Trevor Connelly,,,
332,5283236831,novice1,0,80,C Sam Bennett C Matty Beniers D Seth Jones D Aaron Ekblad G Joey Daccord UTIL Anton Lundell W Mark Stone W Matthew Tkachuk W Carter Verhaeghe,,,
332,5282342866,xnodak,0,79.99999,C Jack Eichel C Mika Zibanejad D Tristan Luneau D Sean Durzi G Adin Hill UTIL Bobby McMann W Brady Tkachuk W Alexis Lafreniere W Liam Ohgren,,,
332,5282354966,J-ROCK1013,0,79.99999,C Jack Eichel C Tomas Hertl D Rasmus Andersson D Tristan Luneau G Joey Daccord UTIL Mikael Granlund W Clayton Keller W Anders Lee W Trevor Connelly,,,
336,5281807657,jayrwebb,0,79.600006,C Sam Bennett C Anton Lundell D Shea Theodore D Seth Jones G Carter Hart UTIL Carter Verhaeghe W Beckett Sennecke W Brad Marchand W Matt Coronato,,,
336,5282906811,skid68,0,79.6,C Jack Eichel C Anton Lundell D Jackson LaCombe D Pavel Mintyukov G Karel Vejmelka UTIL Linus Karlsson W Cutter Gauthier W Matthew Tkachuk W Alexis Lafreniere,,,
338,5282258277,bjh4139,0,79.4,C Leo Carlsson C Sam Bennett D Vince Dunn D Zayne Parekh G Jacob Markstrom UTIL Nick Schmaltz W Dylan Guenther W Matvei Gridin W Braeden Bowman,,,
338,5282875462,gcarolthomas66,0,79.399994,C Jack Eichel C Mikael Granlund D Shea Theodore D Jackson LaCombe G Dustin Wolf UTIL Mark Stone W Beckett Sennecke W A.J. Greer W Mackie Samoskevich,,,
340,5282777241,KingPin982,0,79.299995,C Jack Eichel C Chandler Stephenson D Vince Dunn D Zeev Buium G Lukas Dostal UTIL Jordan Eberle W Mark Stone W Jared McCann W Ivan Barbashev,,,
341,5281001150,modece,0,79.2,C Nick Schmaltz C Sam Bennett D Seth Jones D Simon Nemec G Adin Hill UTIL Lawson Crouse W Brady Tkachuk W Dylan Guenther W Joel Farabee,,,
342,5278931242,Jessticular,0,79,C Tomas Hertl C J.T. Miller D Mikhail Sergachev D Tristan Luneau G Adin Hill UTIL Leo Carlsson W Clayton Keller W Pavel Dorofeyev W A.J. Greer,,,
342,5282849215,sunsemparchi,0,79,C Nick Schmaltz C Mikael Granlund D Mikhail Sergachev D Pavel Mintyukov G Karel Vejmelka UTIL Sam Bennett W Clayton Keller W Beckett Sennecke W Vincent Trocheck,,,
344,5283243513,Roman138,0,78.899994,C Mika Zibanejad C Max Sasson D Mikhail Sergachev D Sean Durzi G Lukas Dostal UTIL Nick Schmaltz W Dylan Guenther W Clayton Keller W Brock Boeser,,,
345,5281668109,EvilMeanies,0,78.700005,C Mika Zibanejad C J.T. Miller D Seth Jones D Sean Durzi G Igor Shesterkin UTIL Matthew Tkachuk W Sam Reinhart W Vincent Trocheck W Will Cuylle,,,
346,5282994412,Hawg152,0,78.600006,C Mikael Granlund C Matty Beniers D Pavel Mintyukov D Zach Whitecloud G Karel Vejmelka UTIL Mark Stone W Mitch Marner W Cutter Gauthier W Ivan Barbashev,,,
346,5283196898,luckyman7979,0,78.6,C Nick Schmaltz C Sam Bennett D Noah Hanifin D Zach Whitecloud G Joey Daccord UTIL William Karlsson W Sam Reinhart W Dylan Guenther W Beckett Sennecke,,,
348,5281735038,Timpegoose,0,78.5,C Jack Eichel C Mikael Granlund D Simon Nemec D Tristan Luneau G Lukas Dostal UTIL Mark Stone W Beckett Sennecke W Ivan Barbashev W Alex Killorn,,,
349,5282658218,smoothmomentum,0,78.399994,C Mika Zibanejad C William Karlsson D Mikhail Sergachev D Seth Jones G Joey Daccord UTIL Jared McCann W Mitch Marner W Vincent Trocheck W Brett Howden,,,
350,5283135435,nathan_vanthof,0,78.1,C Sam Bennett C William Karlsson D Shea Theodore D Pavel Mintyukov G Joey Daccord UTIL J.T. Miller W Mitch Marner W Matthew Tkachuk W Brett Howden,,,
351,5282070471,Wagsmop,0,77.799995,C Nick Schmaltz C Morgan Frost D Adam Fox D Brandon Montour G Dustin Wolf UTIL Matt Coronato W Clayton Keller W Vincent Trocheck W Matvei Gridin,,,
352,5281441488,Atomic160,0,77.7,C Jack Eichel C Matty Beniers D Mikhail Sergachev D Noah Hanifin G Carter Hart UTIL Brayden McNabb W Pavel Dorofeyev W Bobby McMann W Beckett Sennecke,,,
353,5283072312,deadlift808,0,77.299995,C Sam Bennett C Anton Lundell D Jackson LaCombe D Tristan Luneau G Joey Daccord UTIL Elias Pettersson W Sam Reinhart W Dylan Guenther W Trevor Connelly,,,
354,5281956825,Dgouldii,0,77.2,C Nick Schmaltz C Barrett Hayton D Adam Fox D Gustav Forsling G Joey Daccord UTIL Brayden McNabb W Brady Tkachuk W Dylan Guenther W Clayton Keller,,,
354,5282661880,milkman815,0,77.2,C Jack Eichel C Logan Cooley D Mikhail Sergachev D Simon Nemec G Joey Daccord UTIL Jonathan Lekkerimaki W Dylan Guenther W Ivan Barbashev W Jordan Eberle,,,
354,5282691818,jer4940,0,77.2,C Nick Schmaltz C Barrett Hayton D Adam Fox D Elias-Nils Pettersson G Joey Daccord UTIL Brayden McNabb W Brady Tkachuk W Dylan Guenther W Clayton Keller,,,
354,5283108006,RyanMoore10,0,77.2,C Matty Beniers C Berkly Catton D Shea Theodore D Vince Dunn G Karel Vejmelka UTIL Mikael Granlund W Brady Tkachuk W Matthew Tkachuk W Beckett Sennecke,,,
358,5281829180,blacklabelkk,0,76.99999,C Jack Eichel C Matty Beniers D Vince Dunn D Zayne Parekh G Jacob Markstrom UTIL Adam Larsson W Brady Tkachuk W Mark Stone W Mackie Samoskevich,,,
359,5282901998,mariahexp,0,76.7,C Logan Cooley C Matty Beniers D Seth Jones D Tristan Luneau G Joey Daccord UTIL Tomas Hertl W Mitch Marner W Brady Tkachuk W Anders Lee,,,
360,5282720327,BigBadBid,0,76.6,C Jack Eichel C Tomas Hertl D Jackson LaCombe D Brayden McNabb G Joey Daccord UTIL Anton Lundell W Matthew Tkachuk W Carter Verhaeghe W Liam Ohgren,,,
361,5281781486,gorillabiscuit,0,76.5,C Sam Bennett C William Karlsson D Noah Hanifin D Brayden McNabb G Igor Shesterkin UTIL Gabe Perreault W Brady Tkachuk W Sam Reinhart W Matthew Tkachuk,,,
361,5283114843,timelydew,0,76.5,C Jack Eichel C Chandler Stephenson D Shea Theodore D Zach Whitecloud G Karel Vejmelka UTIL Ivan Barbashev W Mark Stone W Bobby McMann W Jordan Eberle,,,
363,5281276922,ConnorMartin21,0,76.399994,C Jack Eichel C Tomas Hertl D Shea Theodore D Braden Schneider G Joey Daccord UTIL Clayton Keller W Dylan Guenther W Gabe Perreault W Shane Wright,,,
363,5282076680,mralphamax,0,76.399994,C Jack Eichel C Logan Cooley D Adam Fox D Aaron Ekblad G Igor Shesterkin UTIL J.T. Miller W Jared McCann W Vincent Trocheck W Anders Lee,,,
365,5279939053,justutah,0,76.299995,C Mika Zibanejad C Anton Lundell D Seth Jones D Tom Willander G Igor Shesterkin UTIL Mitch Marner W Sam Reinhart W Carter Verhaeghe W Trevor Connelly,,,
365,5281880123,Rooch,0,76.299995,C Jack Eichel C Logan Cooley D Brandon Montour D Noah Hanifin G Carter Hart UTIL Nick Schmaltz W Bobby McMann W Anders Lee W Brett Howden,,,
365,5283229301,stinner35,0,76.299995,C Jack Eichel C Leo Carlsson D Tristan Luneau D Brayden McNabb G Adin Hill UTIL Mika Zibanejad W Mark Stone W Eetu Luostarinen W A.J. Greer,,,
368,5282789298,jtsteam2012,0,76.2,C Sam Bennett C Anton Lundell D Jackson LaCombe D Aaron Ekblad G Joey Daccord UTIL Elias Pettersson W Brady Tkachuk W Sam Reinhart W Trevor Connelly,,,
369,5281297608,Sanford71,0,76.1,C Jack Eichel C Nick Schmaltz D Mikhail Sergachev D Vince Dunn G Karel Vejmelka UTIL Chandler Stephenson W Carter Verhaeghe W Vincent Trocheck W Braeden Bowman,,,
369,5281361434,wdambra,0,76.1,C Jack Eichel C Nick Schmaltz D Seth Jones D Adam Larsson G Jacob Markstrom UTIL J.T. Miller W Jared McCann W Ivan Barbashev W Anders Lee,,,
371,5283158222,Hag51,0,76,C Mika Zibanejad C William Karlsson D Adam Fox D Adam Larsson G Lukas Dostal UTIL Jared McCann W Dylan Guenther W Pavel Dorofeyev W Matt Coronato,,,
372,5280568944,GMEN1986,0,75.9,C Mika Zibanejad C William Karlsson D Adam Fox D Sean Durzi G Igor Shesterkin UTIL Rasmus Andersson W Carter Verhaeghe W Pavel Dorofeyev W Jared McCann,,,
372,5283148020,GreenTailShiner,0,75.9,C Tomas Hertl C Anton Lundell D Adam Fox D Jackson LaCombe G Joey Daccord UTIL Victor Olofsson W Sam Reinhart W Matthew Tkachuk W Trevor Connelly,,,
374,5281394043,canovsp,0,75.700005,C Leo Carlsson C William Karlsson D Adam Fox D Rasmus Andersson G Joey Daccord UTIL Mika Zibanejad W Dylan Guenther W Trevor Connelly W Brett Howden,,,
374,5281516461,aylsg,0,75.7,C Jack Eichel C Anton Lundell D Brandon Montour D Tristan Luneau G Joey Daccord UTIL Jackson LaCombe W Matthew Tkachuk W Pavel Dorofeyev W Yegor Sharangovich,,,
374,5281563328,whiteduece,0,75.7,C Jack Eichel C Anton Lundell D Brandon Montour D Tristan Luneau G Joey Daccord UTIL Jackson LaCombe W Matthew Tkachuk W Pavel Dorofeyev W Yegor Sharangovich,,,
374,5281921762,grldcheezesamnich,0,75.7,C Sam Bennett C Tomas Hertl D Noah Warren D Dylan Coghlan G Joey Daccord UTIL Carter Verhaeghe W Mitch Marner W Matthew Tkachuk W Ivan Barbashev,,,
374,5282116449,ed8802,0,75.7,C Jack Eichel C Anton Lundell D Brandon Montour D Tristan Luneau G Joey Daccord UTIL Jackson LaCombe W Matthew Tkachuk W Pavel Dorofeyev W Yegor Sharangovich,,,
374,5282416173,WestinW12,0,75.7,C Jack Eichel C Anton Lundell D Brandon Montour D Jackson LaCombe G Joey Daccord UTIL Tristan Luneau W Matthew Tkachuk W Pavel Dorofeyev W Yegor Sharangovich,,,
374,5282757006,littlebrassones,0,75.7,C Jack Eichel C Anton Lundell D Brandon Montour D Tristan Luneau G Joey Daccord UTIL Jackson LaCombe W Matthew Tkachuk W Pavel Dorofeyev W Yegor Sharangovich,,,
374,5282864403,jabell10,0,75.7,C Elias Pettersson C Anton Lundell D Seth Jones D Tristan Luneau G Joey Daccord UTIL Drew O'Connor W Brady Tkachuk W Sam Reinhart W Matthew Tkachuk,,,
374,5283039340,rrhhinnoo,0,75.7,C Jack Eichel C Anton Lundell D Brandon Montour D Tristan Luneau G Joey Daccord UTIL Jackson LaCombe W Matthew Tkachuk W Pavel Dorofeyev W Yegor Sharangovich,,,
383,5282305746,Jplmr,0,75.5,C Tomas Hertl C J.T. Miller D Rasmus Andersson D Seth Jones G Carter Hart UTIL Mark Stone W Carter Verhaeghe W Victor Olofsson W Eeli Tolvanen,,,
384,5283105563,jfrey80,0,75.399994,C Jack Eichel C Tomas Hertl D Marcus Pettersson D Nate Schmidt G Joey Daccord UTIL William Karlsson W Mitch Marner W Mark Stone W Trevor Connelly,,,
385,5281741485,OGTeddybongwater,0,75.1,C Sam Bennett C Anton Lundell D Seth Jones D Jamie Oleksiak G Joey Daccord UTIL Trevor Connelly W Brady Tkachuk W Sam Reinhart W Carter Verhaeghe,,,
385,5283214582,gtefend,0,75.09999,C Jack Eichel C Tomas Hertl D Mikhail Sergachev D Brayden McNabb G Karel Vejmelka UTIL Mark Stone W Brad Marchand W Anders Lee W Trevor Connelly,,,
387,5283071233,smittyderek,0,74.9,C Jack Eichel C Sam Bennett D Brayden McNabb D Aaron Ekblad G Carter Hart UTIL Brad Marchand W Cutter Gauthier W Ivan Barbashev W Brett Howden,,,
388,5280872841,nh70744,0,74.8,C Tomas Hertl C Anton Lundell D Seth Jones D Sean Durzi G Carter Hart UTIL Cutter Gauthier W Matthew Tkachuk W Carter Verhaeghe W Trevor Connelly,,,
388,5282466860,acim2887,0,74.799995,C Sam Bennett C Matty Beniers D Vince Dunn D Seth Jones G Joey Daccord UTIL Pavel Dorofeyev W Matthew Tkachuk W Jared McCann W Kaapo Kakko,,,
390,5281964845,mgisigolf72,0,74.600006,C Sam Bennett C Elias Pettersson D Seth Jones D Simon Nemec G Jacob Markstrom UTIL Carter Verhaeghe W Brady Tkachuk W Ivan Barbashev W Joel Farabee,,,
390,5282867727,Johnny_Great,0,74.6,C Jack Eichel C Tomas Hertl D Jackson LaCombe D Rasmus Andersson G Karel Vejmelka UTIL Mitch Marner W Beckett Sennecke W Brett Howden W Mackie Samoskevich,,,
390,5282888289,thefamousfs,0,74.6,C Jack Eichel C Mikael Granlund D Shea Theodore D Simon Nemec G Dustin Wolf UTIL Lawson Crouse W Mark Stone W Beckett Sennecke W Joel Farabee,,,
390,5283036453,Drill34,0,74.6,C Sam Bennett C Elias Pettersson D Seth Jones D Tristan Luneau G Karel Vejmelka UTIL Clayton Keller W Matthew Tkachuk W Beckett Sennecke W Marco Rossi,,,
394,5280723268,csmchris1,0,74.4,C Jack Eichel C Chandler Stephenson D Brayden McNabb D Tyson Hinds G Jacob Markstrom UTIL Clayton Keller W Mark Stone W Brad Marchand W Brock Boeser,,,
394,5281212998,hammer2424,0,74.399994,C Tomas Hertl C Mikael Granlund D Jackson LaCombe D Simon Nemec G Igor Shesterkin UTIL Jack Eichel W Mark Stone W Alex Killorn W Yegor Sharangovich,,,
394,5282226172,bjksooner,0,74.399994,C Jack Eichel C Anton Lundell D Tristan Luneau D Jamie Oleksiak G Dustin Wolf UTIL Elias Pettersson W Cutter Gauthier W Matthew Tkachuk W Will Cuylle,,,
397,5283059298,Kellykupczyk,0,74.200005,C Mika Zibanejad C Elias Pettersson D Brandon Montour D Zeev Buium G Kevin Lankinen UTIL Jordan Eberle W Brady Tkachuk W Sam Reinhart W Marco Rossi,,,
398,5281642705,mattbpoole,0,74,C Elias Pettersson C Anton Lundell D Seth Jones D Jamie Oleksiak G Joey Daccord UTIL Trevor Connelly W Brady Tkachuk W Sam Reinhart W Matthew Tkachuk,,,
398,5282883881,thaforgah,0,74,C Jack Eichel C Lars Eller D Shea Theodore D Ryker Evans G Lukas Dostal UTIL Brett Howden W Mitch Marner W Mark Stone W Ivan Barbashev,,,
400,5282299437,AgentChadAKSARBEN,0,73.899994,C Nick Schmaltz C J.T. Miller D Shea Theodore D Simon Nemec G Jacob Markstrom UTIL Jared McCann W Mitch Marner W Matt Coronato W Eetu Luostarinen,,,
400,5283161666,Gezzy38,0,73.899994,C Jack Eichel C Anton Lundell D Shea Theodore D Aaron Ekblad G Joey Daccord UTIL Seth Jones W Mark Stone W Pavel Dorofeyev W Gabe Perreault,,,
402,5282106676,Mikekataja,0,73.7,C Jack Eichel C Chandler Stephenson D Sean Durzi D Adam Larsson G Karel Vejmelka UTIL Mark Stone W Clayton Keller W Ivan Barbashev W Jordan Eberle,,,
403,5281901142,garryld1949,0,73.6,C Sam Bennett C Anton Lundell D Seth Jones D Tristan Luneau G Joey Daccord UTIL Jared McCann W Brady Tkachuk W Matthew Tkachuk W Trevor Connelly,,,
404,5281360687,Mrboozer,0,72.7,C Jack Eichel C J.T. Miller D Seth Jones D Brayden McNabb G Jacob Markstrom UTIL Matthew Tkachuk W Ivan Barbashev W Jordan Eberle W Alexis Lafreniere,,,
405,5280868192,MrBudweiser64,0,72.5,C Jack Eichel C Mika Zibanejad D Shea Theodore D Zach Whitecloud G Igor Shesterkin UTIL Parker Wotherspoon W Mark Stone W Ivan Barbashev W Eeli Tolvanen,,,
406,5282455428,SpoWeezy,0,72.200005,C Jack Eichel C Chandler Stephenson D Mikhail Sergachev D Parker Wotherspoon G Karel Vejmelka UTIL Nick Schmaltz W Clayton Keller W Ivan Barbashev W Jordan Eberle,,,
407,5281460655,the__moose,0,72.1,C Sam Bennett C Elias Pettersson D Rasmus Andersson D Simon Nemec G Igor Shesterkin UTIL Jack Eichel W Pavel Dorofeyev W Ivan Barbashev W Kaapo Kakko,,,
408,5281259957,Moosebastian,0,72,C Mika Zibanejad C Elias Pettersson D Brayden McNabb D Tom Willander G Igor Shesterkin UTIL Jack Eichel W Pavel Dorofeyev W Ivan Barbashev W Brock Boeser,,,
409,5280555862,thirlbyM14,0,71.899994,C Tomas Hertl C Logan Cooley D Mikhail Sergachev D Vince Dunn G Joey Daccord UTIL Dylan Guenther W Pavel Dorofeyev W Victor Olofsson W Trevor Connelly,,,
410,5281289805,partymole,0,71.7,C Mika Zibanejad C Morgan Frost D Noah Hanifin D Jamie Oleksiak G Jacob Markstrom UTIL Jack Eichel W Jared McCann W Beckett Sennecke W Matt Coronato,,,
411,5283069842,joehuss1962,0,71.600006,C Leo Carlsson C Matty Beniers D Vince Dunn D Parker Wotherspoon G Carter Hart UTIL Matthew Tkachuk W Brady Tkachuk W Beckett Sennecke W Braeden Bowman,,,
412,5283142571,FantasyCrusader,0,71.4,C Nick Schmaltz C Elias Pettersson D Mikhail Sergachev D Filip Hronek G Karel Vejmelka UTIL Kaapo Kakko W Dylan Guenther W Clayton Keller W Marco Rossi,,,
412,5283161188,killafrog,0,71.4,C Logan Cooley C Mikael Granlund D Jackson LaCombe D Zayne Parekh G Dustin Wolf UTIL Cutter Gauthier W Dylan Guenther W Beckett Sennecke W Alex Killorn,,,
414,5283152089,deathmetalbob,0,71.299995,C Nick Schmaltz C Logan Cooley D Mikhail Sergachev D MacKenzie Weegar G Jacob Markstrom UTIL Adam Larsson W Dylan Guenther W Clayton Keller W Gabe Perreault,,,
415,5280330883,royster181,0,71,C Tomas Hertl C William Karlsson D Mikhail Sergachev D Tristan Luneau G Jacob Markstrom UTIL Eeli Tolvanen W Dylan Guenther W Matthew Tkachuk W Bobby McMann,,,
415,5281532476,sellputs,0,71,C Sam Bennett C William Karlsson D Jackson LaCombe D Tristan Luneau G Carter Hart UTIL Adam Fox W Clayton Keller W Beckett Sennecke W Matt Coronato,,,
417,5282054961,riwish3,0,70.9,C Matty Beniers C Anton Lundell D Brandon Montour D Tristan Luneau G Joey Daccord UTIL Brady Tkachuk W Sam Reinhart W Matthew Tkachuk W Kaapo Kakko,,,
418,5281676322,mattcasada,0,70.8,C Sam Bennett C Morgan Frost D Shea Theodore D Seth Jones G Dustin Wolf UTIL Jack Eichel W Matt Coronato W Matvei Gridin W Gabe Perreault,,,
418,5282132506,Jostino48,0,70.799995,C Nick Schmaltz C Morgan Frost D Mikhail Sergachev D Rasmus Andersson G Karel Vejmelka UTIL Matty Beniers W Dylan Guenther W Bobby McMann W Ivan Barbashev,,,
418,5282778672,ewe2willlose,0,70.799995,C Mika Zibanejad C William Karlsson D Shea Theodore D Brayden McNabb G Carter Hart UTIL Nick Schmaltz W Cutter Gauthier W Ivan Barbashev W Brett Howden,,,
421,5282130636,jasonbhellmann,0,70.6,C Barrett Hayton C Max Sasson D Pavel Mintyukov D Gustav Forsling G Lukas Dostal UTIL Nick Schmaltz W Jake DeBrusk W Matvei Gridin W Jordan Eberle,,,
422,5282694797,Crad87,0,70.5,C Sam Bennett C William Karlsson D Vince Dunn D Jackson LaCombe G Jacob Markstrom UTIL Joel Farabee W Mitch Marner W Carter Verhaeghe W Brett Howden,,,
423,5283055021,corn12365,0,70.3,C Leo Carlsson C Tomas Hertl D Jackson LaCombe D Zach Whitecloud G Dustin Wolf UTIL Brock Boeser W Brady Tkachuk W Cutter Gauthier W A.J. Greer,,,
424,5282683593,Matthew.Smith42,0,70.2,C Mika Zibanejad C Tomas Hertl D Seth Jones D Brayden McNabb G Adin Hill UTIL Nick Schmaltz W Matthew Tkachuk W Ivan Barbashev W Anders Lee,,,
425,5283032418,WaynesBrain71,0,69.799995,C Nick Schmaltz C Logan Cooley D Mikhail Sergachev D MacKenzie Weegar G Dustin Wolf UTIL Elias Pettersson W Dylan Guenther W Matt Coronato W Joel Farabee,,,
425,5283195759,Traveshamockery,0,69.799995,C Logan Cooley C Anton Lundell D Jackson LaCombe D Simon Nemec G Igor Shesterkin UTIL Matthew Tkachuk W Clayton Keller W Pavel Dorofeyev W Alexis Lafreniere,,,
425,5283209784,Breadman1975,0,69.799995,C Logan Cooley C Anton Lundell D Jackson LaCombe D Simon Nemec G Igor Shesterkin UTIL Matthew Tkachuk W Clayton Keller W Pavel Dorofeyev W Alexis Lafreniere,,,
425,5283215478,Edwardmarsh,0,69.799995,C Logan Cooley C Anton Lundell D Jackson LaCombe D Simon Nemec G Igor Shesterkin UTIL Matthew Tkachuk W Clayton Keller W Pavel Dorofeyev W Alexis Lafreniere,,,
425,5283248032,jromani12,0,69.799995,C Logan Cooley C Anton Lundell D Jackson LaCombe D Simon Nemec G Igor Shesterkin UTIL Matthew Tkachuk W Clayton Keller W Pavel Dorofeyev W Alexis Lafreniere,,,
430,5283244611,bcb2489,0,69.3,C Jack Eichel C Morgan Frost D Tristan Luneau D Zach Whitecloud G Karel Vejmelka UTIL Clayton Keller W Dylan Guenther W Beckett Sennecke W Anders Lee,,,
430,5283233947,levi-strom,0,69.299995,C Logan Cooley C Paul Cotter D Vince Dunn D Seth Jones G Karel Vejmelka UTIL Jack Eichel W Dylan Guenther W Beckett Sennecke W Anders Lee,,,
432,5283066915,KingGeorge4,0,68.899994,C Nick Schmaltz C William Karlsson D Mikhail Sergachev D Brayden McNabb G Karel Vejmelka UTIL Kaapo Kakko W Mitch Marner W Clayton Keller W Jared McCann,,,
433,5280325017,Simmer2025,0,68.5,C Mika Zibanejad C Logan Cooley D Mikhail Sergachev D Rasmus Andersson G Igor Shesterkin UTIL William Karlsson W Clayton Keller W Brock Boeser W Anders Lee,,,
433,5281462787,Hockeybob8,0,68.49999,C Jack Eichel C Nick Schmaltz D Seth Jones D Sean Durzi G Karel Vejmelka UTIL Eeli Tolvanen W Dylan Guenther W Ivan Barbashev W Jordan Eberle,,,
433,5282252018,johnatch,0,68.49999,C Leo Carlsson C Matty Beniers D Jackson LaCombe D Seth Jones G Karel Vejmelka UTIL Shea Theodore W Clayton Keller W Jared McCann W Marco Rossi,,,
433,5283109217,Fantasy4490,0,68.49999,C Nick Schmaltz C Mikael Granlund D Jackson LaCombe D Zayne Parekh G Karel Vejmelka UTIL Clayton Keller W Dylan Guenther W Beckett Sennecke W Alex Killorn,,,
437,5280997901,bucsfan420,0,68.299995,C Logan Cooley C Matty Beniers D Shea Theodore D Jackson LaCombe G Adin Hill UTIL Carter Verhaeghe W Mitch Marner W Joel Farabee W Brett Howden,,,
438,5280387966,terryf20,0,68.2,C Sam Bennett C Anton Lundell D Sean Durzi D Jamie Oleksiak G Joey Daccord UTIL Trevor Connelly W Brady Tkachuk W Sam Reinhart W Matthew Tkachuk,,,
438,5281236130,cvillered,0,68.2,C Sam Bennett C Anton Lundell D Sean Durzi D Jamie Oleksiak G Joey Daccord UTIL Trevor Connelly W Brady Tkachuk W Sam Reinhart W Matthew Tkachuk,,,
440,5282908802,devastato,0,68,C Sam Bennett C Elias Pettersson D Filip Hronek D Simon Nemec G Dustin Wolf UTIL Sean Durzi W Matthew Tkachuk W Carter Verhaeghe W Brock Boeser,,,
440,5283227285,streetceli88,0,68,C Matty Beniers C Lars Eller D Seth Jones D Tristan Luneau G Igor Shesterkin UTIL Tomas Hertl W Brady Tkachuk W Sam Reinhart W Matthew Tkachuk,,,
442,5281053170,rsumrall,0,67.7,C Jack Eichel C Matty Beniers D Vince Dunn D Adam Larsson G Jacob Markstrom UTIL Mackie Samoskevich W Brady Tkachuk W Sam Reinhart W Oliver Bjorkstrand,,,
443,5283109702,Finest28,0,67.6,C Jack Eichel C Chandler Stephenson D Tristan Luneau D Adam Larsson G Jacob Markstrom UTIL Pavel Dorofeyev W Mark Stone W Ivan Barbashev W Alexis Lafreniere,,,
444,5281408329,RBritten1,0,67.4,C Jack Eichel C Tomas Hertl D Rasmus Andersson D Aaron Ekblad G Joey Daccord UTIL Adam Larsson W Brady Tkachuk W Matthew Tkachuk W Braeden Bowman,,,
444,5283083460,gatorrick,0,67.4,C William Karlsson C Lars Eller D Vince Dunn D Noah Hanifin G Igor Shesterkin UTIL Brett Howden W Mitch Marner W Brady Tkachuk W Sam Reinhart,,,
446,5283249889,mikekile,0,67.299995,C Jack Eichel C Anton Lundell D Shea Theodore D Aaron Ekblad G Igor Shesterkin UTIL Shane Wright W Mitch Marner W Vincent Trocheck W Brock Boeser,,,
447,5281807077,colbyhornet,0,67.1,C Jack Eichel C Matty Beniers D Jackson LaCombe D Noah Hanifin G Joey Daccord UTIL Ivan Barbashev W Mark Stone W Jared McCann W Kaapo Kakko,,,
447,5282760191,jd_johnston11,0,67.1,C Jack Eichel C Matty Beniers D Vince Dunn D Noah Hanifin G Joey Daccord UTIL Brock Boeser W Mark Stone W Jared McCann W Kaapo Kakko,,,
449,5282491453,Nolemmet,0,66.799995,C Jack Eichel C Sam Lafferty D Shea Theodore D Nick Jensen G Joey Daccord UTIL Alexander Petrovic W Mitch Marner W Mark Stone W Pavel Dorofeyev,,,
450,5281077828,thegambler84,0,66.7,C Jack Eichel C Nick Schmaltz D Adam Fox D Matthew Robertson G Carter Hart UTIL Leo Carlsson W Mitch Marner W Daniil But W Garnet Hathaway,,,
451,5282643125,GameOnLetsGo,0,66.6,C Mika Zibanejad C Sam Bennett D Seth Jones D Gustav Forsling G Jacob Markstrom UTIL Matthew Tkachuk W Brady Tkachuk W Alexis Lafreniere W Lawson Crouse,,,
452,5278896369,mikebkmm5,0,66.5,C Jack Eichel C Elias Pettersson D Simon Nemec D Tristan Luneau G Karel Vejmelka UTIL Morgan Frost W Mitch Marner W Brock Boeser W Marco Rossi,,,
452,5282152334,JarrixD,0,66.5,C William Karlsson C Anton Lundell D Rasmus Andersson D Seth Jones G Carter Hart UTIL Cutter Gauthier W Pavel Dorofeyev W Beckett Sennecke W Ivan Barbashev,,,
454,5282668789,zak11b,0,66.299995,C Jack Eichel C Nick Schmaltz D Tristan Luneau D Noah Hanifin G Adin Hill UTIL Leo Carlsson W Ivan Barbashev W Vincent Trocheck W A.J. Greer,,,
455,5279931366,UHHOHH,0,66.2,C Jack Eichel C Matty Beniers D Shea Theodore D Jackson LaCombe G Joey Daccord UTIL Alex Killorn W Pavel Dorofeyev W Jared McCann W Oliver Bjorkstrand,,,
456,5281615082,jtreichert22,0,66.1,C Jack Eichel C Ryan Strome D Brayden McNabb D Zach Whitecloud G Adin Hill UTIL Alexis Lafreniere W Mitch Marner W Mark Stone W Ivan Barbashev,,,
456,5282723462,tcarv4,0,66.1,C Jack Eichel C Mikael Granlund D Filip Hronek D Zach Whitecloud G Karel Vejmelka UTIL Ivan Barbashev W Mark Stone W Beckett Sennecke W Alex Killorn,,,
458,5280714625,darwinhobb,0,66,C Tomas Hertl C Matty Beniers D Shea Theodore D Tristan Luneau G Lukas Dostal UTIL William Karlsson W Mitch Marner W Carter Verhaeghe W Ivan Barbashev,,,
458,5283127329,Pegcity82,0,66,C Jack Eichel C Leo Carlsson D Shea Theodore D Seth Jones G Dustin Wolf UTIL Lars Eller W Brady Tkachuk W Alexis Lafreniere W A.J. Greer,,,
460,5281394556,mnicely32,0,65.899994,C Jack Eichel C Elias Pettersson D Simon Nemec D Noah Hanifin G Lukas Dostal UTIL Brock Boeser W Mark Stone W Ivan Barbashev W Marco Rossi,,,
461,5279150018,Lpin16,0,65.8,C Nick Schmaltz C Anton Lundell D Rasmus Andersson D Tristan Luneau G Philipp Grubauer UTIL Mitch Marner W Pavel Dorofeyev W Beckett Sennecke W Matt Coronato,,,
462,5280667361,Maxdeath,0,65.5,C Jack Eichel C Mika Zibanejad D Simon Nemec D Sean Durzi G Jacob Markstrom UTIL Mark Stone W Ivan Barbashev W Alexis Lafreniere W Gabe Perreault,,,
463,5283184141,peterjpacheco,0,65.399994,C Sam Bennett C Anton Lundell D Tristan Luneau D Gustav Forsling G Joey Daccord UTIL Matthew Tkachuk W Brady Tkachuk W Sam Reinhart W Trevor Connelly,,,
464,5282150052,Drew571,0,65.2,C Mika Zibanejad C Tomas Hertl D Tristan Luneau D Sean Durzi G Carter Hart UTIL Nick Schmaltz W Sam Reinhart W Beckett Sennecke W Joel Farabee,,,
465,5280434687,martini13,0,64.9,C William Karlsson C Paul Cotter D Rasmus Andersson D Zayne Parekh G Dustin Wolf UTIL Dylan Guenther W Mitch Marner W Cutter Gauthier W Brock Boeser,,,
465,5282996007,Jwid21,0,64.899994,C Jack Eichel C Matty Beniers D Shea Theodore D Pavel Mintyukov G Joey Daccord UTIL Mark Stone W Jared McCann W Ivan Barbashev W Kaapo Kakko,,,
467,5282178139,BourbonRat,0,64.799995,C Jack Eichel C Lars Eller D Shea Theodore D Aaron Ekblad G Joey Daccord UTIL A.J. Greer W Mark Stone W Sam Reinhart W Ivan Barbashev,,,
467,5282936980,Xavp28,0,64.799995,C Jack Eichel C Nick Schmaltz D Seth Jones D Noah Hanifin G Karel Vejmelka UTIL Leo Carlsson W Clayton Keller W Brett Howden W Eetu Luostarinen,,,
469,5283200717,oaktownchamps,0,64.4,C Tomas Hertl C Anton Lundell D Jackson LaCombe D Sean Durzi G Joey Daccord UTIL Jack Eichel W Matthew Tkachuk W Pavel Dorofeyev W Yegor Sharangovich,,,
470,5282041440,slophound,0,64.2,C Leo Carlsson C Nick Schmaltz D Tristan Luneau D Zayne Parekh G Karel Vejmelka UTIL Jack Eichel W Clayton Keller W Brock Boeser W Kaapo Kakko,,,
470,5283100536,domodeath1,0,64.2,C Jack Eichel C Nick Schmaltz D Tristan Luneau D Brayden McNabb G Carter Hart UTIL Pavel Dorofeyev W Mark Stone W Anders Lee W Eetu Luostarinen,,,
472,5283096980,cmh502,0,63.999996,C Leo Carlsson C Mika Zibanejad D Adam Fox D Zayne Parekh G Jacob Markstrom UTIL Elias-Nils Pettersson W Brady Tkachuk W Dylan Guenther W Braeden Bowman,,,
472,5282056037,PhDegen,0,63.999992,C Jack Eichel C Anton Lundell D Tristan Luneau D Gustav Forsling G Joey Daccord UTIL Jackson LaCombe W Sam Reinhart W Matthew Tkachuk W Trevor Connelly,,,
474,5280615182,jswift88_1998,0,63.4,C Sam Bennett C Elias Pettersson D Rasmus Andersson D Tristan Luneau G Carter Hart UTIL Anton Lundell W Clayton Keller W Pavel Dorofeyev W Beckett Sennecke,,,
475,5280743830,jimcon2,0,63.300003,C Jack Eichel C Tomas Hertl D Seth Jones D Brayden McNabb G Joey Daccord UTIL Matthew Tkachuk W Ivan Barbashev W Vincent Trocheck W Brett Howden,,,
476,5282096090,zonked22,0,63.1,C Nick Schmaltz C Tomas Hertl D Brayden McNabb D Aaron Ekblad G Jacob Markstrom UTIL Rasmus Andersson W Mitch Marner W Brady Tkachuk W Anders Lee,,,
477,5281922277,clancy007k,0,62.799995,C Sam Bennett C Anton Lundell D Tristan Luneau D Aaron Ekblad G Joey Daccord UTIL Trevor Connelly W Brady Tkachuk W Sam Reinhart W Matthew Tkachuk,,,
477,5281971924,Casey0504,0,62.799995,C Jack Eichel C Mika Zibanejad D Pavel Mintyukov D Gustav Forsling G Adin Hill UTIL Jackson LaCombe W Brady Tkachuk W Beckett Sennecke W A.J. Greer,,,
479,5281591912,Rather_Dashing,0,62.300003,C Nick Schmaltz C Logan Cooley D Mikhail Sergachev D Sean Durzi G Karel Vejmelka UTIL Beckett Sennecke W Dylan Guenther W Clayton Keller W Brett Howden,,,
479,5282962271,Bman0710,0,62.299995,C Tomas Hertl C Chandler Stephenson D Shea Theodore D Seth Jones G Philipp Grubauer UTIL Vince Dunn W Brady Tkachuk W Mark Stone W Lawson Crouse,,,
481,5283028249,Edstones,0,62.099995,C Logan Cooley C Lars Eller D Shea Theodore D Seth Jones G Karel Vejmelka UTIL Brock Boeser W Mitch Marner W Dylan Guenther W Bobby McMann,,,
482,5281663873,Jfuller121380,0,62,C Jack Eichel C Tomas Hertl D Noah Hanifin D Aaron Ekblad G Lukas Dostal UTIL Elias Pettersson W Dylan Guenther W Jared McCann W Marco Rossi,,,
482,5282627508,SpeedRacer101,0,61.999996,C Sam Bennett C Lars Eller D Filip Hronek D Zayne Parekh G Kevin Lankinen UTIL Brock Boeser W Brady Tkachuk W Sam Reinhart W Matthew Tkachuk,,,
484,5283086511,07121980,0,61.899998,C Anton Lundell C Lars Eller D MacKenzie Weegar D Aaron Ekblad G Jacob Markstrom UTIL Brady Tkachuk W Sam Reinhart W Matthew Tkachuk W Bobby McMann,,,
484,5283181379,snowdev30,0,61.899998,C Jack Eichel C William Karlsson D Seth Jones D Adam Larsson G Jacob Markstrom UTIL Brady Tkachuk W Mitch Marner W Braeden Bowman W Liam Ohgren,,,
484,5282761923,sumo4277,0,61.899994,C William Karlsson C Matty Beniers D Jackson LaCombe D Tristan Luneau G Joey Daccord UTIL Mika Zibanejad W Matthew Tkachuk W Pavel Dorofeyev W Ivan Barbashev,,,
487,5281392319,ediddy1979,0,61.5,C Mika Zibanejad C Tomas Hertl D Mikhail Sergachev D Tristan Luneau G Philipp Grubauer UTIL Pavel Dorofeyev W Matthew Tkachuk W Alexis Lafreniere W Anders Lee,,,
488,5283053823,beaudatious,0,61.399998,C Mika Zibanejad C Tomas Hertl D Brayden McNabb D Vladislav Gavrikov G Philipp Grubauer UTIL Eetu Luostarinen W Brady Tkachuk W Dylan Guenther W Matthew Tkachuk,,,
489,5282713973,Hawkswin25,0,61.199997,C Tomas Hertl C Matty Beniers D Jackson LaCombe D Seth Jones G Carter Hart UTIL William Karlsson W Cutter Gauthier W Ivan Barbashev W Vincent Trocheck,,,
490,5281548458,Jackiethepig515,0,61,C Jack Eichel C Mika Zibanejad D Filip Hronek D Radko Gudas G Carter Hart UTIL William Karlsson W Mitch Marner W Matvei Gridin W Eetu Luostarinen,,,
491,5282245771,Batmanuel75,0,60.899998,C Sam Bennett C Elias Pettersson D Simon Nemec D Elias-Nils Pettersson G Kevin Lankinen UTIL Jack Eichel W Brady Tkachuk W Brock Boeser W Marco Rossi,,,
492,5281285830,Riffraff76,0,60.699997,C Jack Eichel C Mika Zibanejad D Adam Fox D Mikhail Sergachev G Carter Hart UTIL Jamie Oleksiak W Pavel Dorofeyev W Alexis Lafreniere W Braeden Bowman,,,
492,5281804008,jmdpug,0,60.699997,C Sam Bennett C Anton Lundell D Brandon Montour D Aaron Ekblad G Karel Vejmelka UTIL Matty Beniers W Mitch Marner W Dylan Guenther W Jared McCann,,,
494,5280811355,pooper82,0,60.5,C Sam Bennett C Matty Beniers D Brandon Montour D Noah Hanifin G Jacob Markstrom UTIL Kaapo Kakko W Brady Tkachuk W Matthew Tkachuk W Jared McCann,,,
494,5281947042,lop819,0,60.5,C Jack Eichel C Sam Bennett D Shea Theodore D Aaron Ekblad G Joey Daccord UTIL Anton Lundell W Matthew Tkachuk W Ivan Barbashev W Liam Ohgren,,,
494,5282138178,Willharps12,0,60.499996,C Jack Eichel C Tomas Hertl D Tristan Luneau D Adam Larsson G Jacob Markstrom UTIL Mitch Marner W Ivan Barbashev W Marco Rossi W Victor Olofsson,,,
497,5282713535,Nick628,0,60.199997,C Matty Beniers C Lars Eller D Shea Theodore D Mikhail Sergachev G Karel Vejmelka UTIL Jack Eichel W Mark Stone W Jared McCann W Kaapo Kakko,,,
498,5281176072,7sevenout7,0,60.1,C Jack Eichel C Logan Cooley D Cale Fleury D Uvis Balinskis G Joey Daccord UTIL Mark Stone W Dylan Guenther W Ivan Barbashev W Anders Lee,,,
499,5282707998,Froggy2073,0,59.499996,C Tomas Hertl C Logan Cooley D Jackson LaCombe D Noah Hanifin G Lukas Dostal UTIL J.T. Miller W Brady Tkachuk W Clayton Keller W Marco Rossi,,,
500,5282535601,dparrishsc,0,59.299995,C Tomas Hertl C Anton Lundell D Seth Jones D Pavel Mintyukov G Joey Daccord UTIL Trevor Connelly W Brady Tkachuk W Sam Reinhart W Matthew Tkachuk,,,
500,5282735519,SiegFur_1,0,59.299995,C Tomas Hertl C Anton Lundell D Seth Jones D Pavel Mintyukov G Joey Daccord UTIL Trevor Connelly W Brady Tkachuk W Sam Reinhart W Matthew Tkachuk,,,
502,5281101402,hockeyweasel,0,59.1,C Jack Eichel C Logan Cooley D Filip Hronek D Tristan Luneau G Kevin Lankinen UTIL Paul Cotter W Dylan Guenther W Clayton Keller W Marco Rossi,,,
502,5281731260,SGM50,0,59.1,C Nick Schmaltz C Mikael Granlund D Noah Hanifin D Aaron Ekblad G Carter Hart UTIL Mika Zibanejad W Carter Verhaeghe W Pavel Dorofeyev W Jared McCann,,,
504,5281426251,psb0122,0,59,C Tomas Hertl C Matty Beniers D Seth Jones D Brayden McNabb G Carter Hart UTIL Leo Carlsson W Clayton Keller W Pavel Dorofeyev W Ivan Barbashev,,,
504,5283138733,bigjames216,0,58.999996,C Sam Bennett C Morgan Frost D Seth Jones D Zayne Parekh G Karel Vejmelka UTIL Logan Cooley W Dylan Guenther W Matthew Tkachuk W Matt Coronato,,,
506,5282809647,nastynatedogs,0,58.8,C Nick Schmaltz C Matty Beniers D Rasmus Andersson D Adam Larsson G Carter Hart UTIL Yegor Sharangovich W Mark Stone W Dylan Guenther W Carter Verhaeghe,,,
507,5283234897,Mattmcwhirter23,0,58.600002,C Jack Eichel C Logan Cooley D Tristan Luneau D Zeev Buium G Dustin Wolf UTIL Leo Carlsson W Mitch Marner W Beckett Sennecke W Kaapo Kakko,,,
507,5281583522,Mtbe,0,58.6,C Elias Pettersson C William Karlsson D Shea Theodore D Aaron Ekblad G Jacob Markstrom UTIL Sam Bennett W Brady Tkachuk W Sam Reinhart W Linus Karlsson,,,
509,5282130806,proKristonator,0,58.4,C Matty Beniers C Berkly Catton D Brandon Montour D Rasmus Andersson G Carter Hart UTIL Kaapo Kakko W Brady Tkachuk W Sam Reinhart W Matthew Tkachuk,,,
509,5283035424,JERKER19,0,58.4,C Nick Schmaltz C Lars Eller D Noah Hanifin D Parker Wotherspoon G Adin Hill UTIL Sam Reinhart W Brady Tkachuk W Clayton Keller W Vincent Trocheck,,,
509,5282073295,zona1011,0,58.399998,C Jack Eichel C Lars Eller D Sean Durzi D Ryker Evans G Karel Vejmelka UTIL Trevor Connelly W Brady Tkachuk W Mark Stone W Sam Reinhart,,,
509,5282534675,ryanland,0,58.399998,C Jack Eichel C Tomas Hertl D Shea Theodore D Kevin Bahl G Dustin Wolf UTIL Mitch Marner W Mark Stone W Yegor Sharangovich W Mackie Samoskevich,,,
513,5282132869,mcstuffins,0,58.299995,C Nick Schmaltz C Logan Cooley D Mikhail Sergachev D Gustav Forsling G Jacob Markstrom UTIL Marco Rossi W Dylan Guenther W Clayton Keller W Anders Lee,,,
514,5282329070,pipolechap,0,58.1,C Jack Eichel C Anton Lundell D Seth Jones D Sean Durzi G Carter Hart UTIL Tomas Hertl W Mitch Marner W Jordan Eberle W Trevor Connelly,,,
515,5283063347,NCProWrstlngFN,0,57.899994,C Jack Eichel C Chandler Stephenson D Tristan Luneau D Gustav Forsling G Karel Vejmelka UTIL Nick Schmaltz W Mark Stone W Dylan Guenther W Brett Howden,,,
516,5282783204,soonerdallas,0,57.699997,C Jack Eichel C Lars Eller D Shea Theodore D Gustav Forsling G Dustin Wolf UTIL Mitch Marner W Mark Stone W Brad Marchand W Liam Ohgren,,,
517,5280052855,tsquared8,0,57.299995,C Jack Eichel C Matty Beniers D Jackson LaCombe D Rasmus Andersson G Jacob Markstrom UTIL Bobby McMann W Jared McCann W Ivan Barbashev W Eetu Luostarinen,,,
517,5281346581,btbpitt71,0,57.299995,C Sam Bennett C Tomas Hertl D Shea Theodore D Seth Jones G Karel Vejmelka UTIL Kaapo Kakko W Brady Tkachuk W Matthew Tkachuk W Victor Olofsson,,,
517,5282245683,bg1481,0,57.299995,C Leo Carlsson C Tomas Hertl D Parker Wotherspoon D Braden Schneider G Carter Hart UTIL Tristan Luneau W Mitch Marner W Matthew Tkachuk W Pavel Dorofeyev,,,
520,5282375159,RyderCup616,0,57,C Jack Eichel C Nick Schmaltz D Sean Durzi D Ryker Evans G Carter Hart UTIL Joel Farabee W Dylan Guenther W Pavel Dorofeyev W Marco Rossi,,,
521,5283133944,howehattrick,0,56.8,C William Karlsson C Lars Eller D Mikhail Sergachev D Seth Jones G Karel Vejmelka UTIL Brett Howden W Mitch Marner W Brady Tkachuk W Sam Reinhart,,,
522,5281302629,66Pens,0,56.599995,C Logan Cooley C Matty Beniers D Seth Jones D Aaron Ekblad G Jacob Markstrom UTIL Mark Stone W Mitch Marner W Vincent Trocheck W Anders Lee,,,
523,5283150070,flipflop8048,0,56.499992,C Jack Eichel C Tim Washe D Shea Theodore D Gustav Forsling G Karel Vejmelka UTIL Mitch Marner W Sam Reinhart W Beckett Sennecke W A.J. Greer,,,
524,5283011784,clary24,0,56.3,C Sam Bennett C Logan Cooley D Seth Jones D Zeev Buium G Karel Vejmelka UTIL Dylan Guenther W Matthew Tkachuk W Carter Verhaeghe W Anders Lee,,,
525,5280423016,22wizard,0,56.099995,C Jack Eichel C Ryan Strome D Seth Jones D Noah Hanifin G Jacob Markstrom UTIL William Karlsson W Mark Stone W Clayton Keller W Anders Lee,,,
526,5281517017,1nonlyDXP,0,55.6,C Nick Schmaltz C Matty Beniers D Shea Theodore D Noah Hanifin G Adin Hill UTIL Radko Gudas W Brady Tkachuk W Dylan Guenther W Vincent Trocheck,,,
526,5281539143,vinkin09,0,55.6,C Logan Cooley C Matty Beniers D Adam Fox D Jackson LaCombe G Carter Hart UTIL Clayton Keller W Ivan Barbashev W Matt Coronato W Jordan Eberle,,,
526,5283097187,RatKing63,0,55.6,C Jack Eichel C Matty Beniers D Adam Larsson D Aaron Ekblad G Jacob Markstrom UTIL Carter Verhaeghe W Mitch Marner W Ivan Barbashev W Brett Howden,,,
529,5282537840,jwclark311,0,55.199997,C Sam Bennett C Matty Beniers D Simon Nemec D Adam Larsson G Jacob Markstrom UTIL Kaapo Kakko W Brady Tkachuk W Sam Reinhart W Matthew Tkachuk,,,
530,5283074240,br11722,0,54.999996,C Jack Eichel C Matty Beniers D Seth Jones D Jake Middleton G Karel Vejmelka UTIL Mitch Marner W Brady Tkachuk W Marco Rossi W Will Cuylle,,,
531,5283085151,beaukieser919,0,54.699997,C Jack Eichel C Chandler Stephenson D Rasmus Andersson D Seth Jones G Carter Hart UTIL Matty Beniers W Mark Stone W Jared McCann W Eetu Luostarinen,,,
532,5282809964,wallyswahoos,0,54.499996,C Matty Beniers C Chandler Stephenson D Shea Theodore D Seth Jones G Carter Hart UTIL Mika Zibanejad W Carter Verhaeghe W Pavel Dorofeyev W Ivan Barbashev,,,
533,5283158788,black979,0,53.899998,C Jack Eichel C Tomas Hertl D Adam Larsson D Tom Willander G Karel Vejmelka UTIL Nick Schmaltz W Dylan Guenther W Clayton Keller W A.J. Greer,,,
534,5280883881,anteyup,0,53.699997,C Sam Bennett C Freddy Gaudreau D Seth Jones D Kevin Bahl G Jacob Markstrom UTIL Matthew Tkachuk W Brady Tkachuk W Sam Reinhart W Brad Marchand,,,
535,5283242466,Toolman521,0,53.6,C Tomas Hertl C Logan Cooley D Jackson LaCombe D Filip Hronek G Jacob Markstrom UTIL Brad Marchand W Pavel Dorofeyev W Jared McCann W Ivan Barbashev,,,
536,5283060203,mowilliams09,0,53.299995,C Sam Bennett C Matty Beniers D Vince Dunn D Brayden McNabb G Karel Vejmelka UTIL Brady Tkachuk W Sam Reinhart W Jared McCann W Kaapo Kakko,,,
537,5282050318,dennisgolovaty,0,53.199997,C Jack Eichel C Tomas Hertl D Shea Theodore D Cale Fleury G Carter Hart UTIL Victor Olofsson W Mark Stone W Ivan Barbashev W Gabe Perreault,,,
538,5281261828,The_ToddFather24,0,53.1,C Jack Eichel C Anton Lundell D Seth Jones D Adam Larsson G Carter Hart UTIL Gabe Perreault W Brady Tkachuk W Jared McCann W Ivan Barbashev,,,
538,5281713935,jbusch69,0,53.1,C Tomas Hertl C Logan Cooley D Brandon Montour D Tristan Luneau G Karel Vejmelka UTIL Matthew Tkachuk W Clayton Keller W Ivan Barbashev W Alexis Lafreniere,,,
540,5281338563,Howardthedog,0,52.999996,C Jack Eichel C Lars Eller D Vince Dunn D Seth Jones G Karel Vejmelka UTIL Sam Reinhart W Brady Tkachuk W Marco Rossi W Linus Karlsson,,,
540,5282997396,mmcalpin1,0,52.999996,C William Karlsson C Anton Lundell D MacKenzie Weegar D Seth Jones G Jacob Markstrom UTIL Jordan Eberle W Brady Tkachuk W Sam Reinhart W Vincent Trocheck,,,
542,5281383297,get-it,0,52.1,C Tomas Hertl C Logan Cooley D Seth Jones D Simon Nemec G Dustin Wolf UTIL Clayton Keller W Pavel Dorofeyev W Jared McCann W Bobby McMann,,,
543,5282857210,Durxxx,0,52,C Jack Eichel C J.T. Miller D Adam Fox D Rasmus Andersson G Dylan Garand UTIL Freddy Gaudreau W Mark Stone W Ivan Barbashev W Gabe Perreault,,,
544,5282596088,Kclax8998,0,51.899998,C Jack Eichel C Matty Beniers D Rasmus Andersson D Adam Larsson G Carter Hart UTIL Zach Whitecloud W Mitch Marner W Mark Stone W Eetu Luostarinen,,,
545,5280933523,plewis247,0,51.799995,C Tomas Hertl C Matty Beniers D Shea Theodore D Vince Dunn G Adin Hill UTIL Jack Eichel W Jared McCann W A.J. Greer W Kaapo Kakko,,,
546,5281276782,bcarney710,0,51.3,C Sam Bennett C Matty Beniers D Seth Jones D Noah Hanifin G Karel Vejmelka UTIL Jack Eichel W Ivan Barbashev W Vincent Trocheck W Anders Lee,,,
546,5282229614,Timnorwood,0,51.3,C Sam Bennett C Anton Lundell D Tristan Luneau D Sean Durzi G Carter Hart UTIL Trevor Connelly W Brady Tkachuk W Sam Reinhart W Carter Verhaeghe,,,
548,5281483314,bookert21,0,50.699997,C Jack Eichel C Lars Eller D Aaron Ekblad D Gustav Forsling G Jacob Markstrom UTIL Adam Larsson W Brady Tkachuk W Sam Reinhart W Matthew Tkachuk,,,
549,5283074224,tjericks01,0,50.099995,C Mika Zibanejad C Tomas Hertl D Jackson LaCombe D Zayne Parekh G Karel Vejmelka UTIL Jack Eichel W Clayton Keller W Brett Howden W Will Cuylle,,,
550,5281034044,mustangs2015,0,49.6,C Anton Lundell C Lars Eller D Filip Hronek D Gustav Forsling G Jacob Markstrom UTIL Tomas Hertl W Brady Tkachuk W Sam Reinhart W Matthew Tkachuk,,,
551,5282815275,kls148,0,49.1,C Sam Bennett C William Karlsson D Jackson LaCombe D Seth Jones G Dustin Wolf UTIL Brady Tkachuk W Sam Reinhart W Brad Marchand W A.J. Greer,,,
552,5282433726,keys1989,0,49,C Logan Cooley C Lars Eller D Shea Theodore D Sean Durzi G Jacob Markstrom UTIL Jack Eichel W Dylan Guenther W Ivan Barbashev W Anders Lee,,,
553,5282897553,PMorgan71,0,48.199997,C Jack Eichel C Morgan Frost D Shea Theodore D Tristan Luneau G Dustin Wolf UTIL Zeev Buium W Mitch Marner W Mark Stone W Kailer Yamamoto,,,
554,5283127543,roy65,0,48.1,C Sam Bennett C Tomas Hertl D Shea Theodore D Noah Hanifin G Karel Vejmelka UTIL Logan Cooley W Mark Stone W Ivan Barbashev W Jordan Eberle,,,
555,5281324944,cantafford,0,46.899998,C Tomas Hertl C J.T. Miller D Jackson LaCombe D Aaron Ekblad G Dustin Wolf UTIL Will Cuylle W Mitch Marner W Sam Reinhart W Pavel Dorofeyev,,,
556,5282401142,lacesoutnate,0,46.399994,C Jack Eichel C Anton Lundell D Shea Theodore D Adam Fox G Jacob Markstrom UTIL Mark Stone W Ivan Barbashev W Eetu Luostarinen W Sandis Vilmanis,,,
557,5281010630,arve,0,46.299995,C Jack Eichel C Matty Beniers D Shea Theodore D Jake Middleton G Jacob Markstrom UTIL Anton Lundell W Matthew Tkachuk W Ivan Barbashev W Jordan Eberle,,,
558,5281593732,sbslaughter,0,46.199997,C Jack Eichel C Noah Laba D Rasmus Andersson D Gustav Forsling G Jacob Markstrom UTIL Adam Fox W Brady Tkachuk W Mark Stone W Oliver Bjorkstrand,,,
559,5281332417,cosmo407,0,46.1,C Nick Schmaltz C Logan Cooley D Mikhail Sergachev D Noah Hanifin G Karel Vejmelka UTIL Tristan Luneau W Dylan Guenther W Clayton Keller W Vincent Trocheck,,,
560,5282247606,ccrider729,0,44.299995,C Sam Bennett C Logan Cooley D Adam Fox D Zeev Buium G Jacob Markstrom UTIL Brock Boeser W Dylan Guenther W Carter Verhaeghe W Marco Rossi,,,
561,5281912942,John.bohannon,0,44.099995,C Jack Eichel C Anton Lundell D Shea Theodore D Jamie Oleksiak G Carter Hart UTIL Mika Zibanejad W Matthew Tkachuk W Trevor Connelly W Will Cuylle,,,
562,5282376597,devilsdncflr,0,43.399998,C Tomas Hertl C William Karlsson D Tristan Luneau D Noah Hanifin G Carter Hart UTIL Matthew Tkachuk W Mark Stone W Carter Verhaeghe W Brett Howden,,,
563,5282233336,andymilligan3,0,42.299995,C Tomas Hertl C Anton Lundell D Shea Theodore D Aaron Ekblad G Karel Vejmelka UTIL Mikael Granlund W Mark Stone W Matthew Tkachuk W Ivan Barbashev,,,
564,5281865455,Doublution,0,41.8,C Nick Schmaltz C Lars Eller D Tristan Luneau D Noah Hanifin G Dustin Wolf UTIL Brady Tkachuk W Sam Reinhart W Clayton Keller W Vincent Trocheck,,,
564,5282406093,LMS77,0,41.8,C Jack Eichel C Anton Lundell D Seth Jones D Tristan Luneau G Philipp Grubauer UTIL Rasmus Andersson W Brady Tkachuk W Troy Terry W Anders Lee,,,
566,5280907650,dnash7,0,41.199997,C Jack Eichel C Lars Eller D Shea Theodore D Aaron Ekblad G Carter Hart UTIL Anton Lundell W Brady Tkachuk W Mark Stone W Kaapo Kakko,,,
567,5282895035,mbosse1970,0,40.799995,C Nick Schmaltz C Ryan Poehling D Mikhail Sergachev D Pavel Mintyukov G Dustin Wolf UTIL Mika Zibanejad W Dylan Guenther W Clayton Keller W Alex Killorn,,,
568,5283258523,haydenwj22,0,40.299995,C Jack Eichel C Logan Cooley D Rasmus Andersson D Jake Middleton G Karel Vejmelka UTIL Ivan Barbashev W Mark Stone W Vincent Trocheck W Anders Lee,,,
569,5283084149,Sacriste07,0,37.499996,C Jack Eichel C Ryan Strome D Jackson LaCombe D Rasmus Andersson G Karel Vejmelka UTIL Anton Lundell W Mark Stone W Dylan Guenther W Liam Ohgren,,,
570,5281039998,joe_mac10,0,36.699997,C Mika Zibanejad C Anton Lundell D Braden Schneider D Nick Jensen G Jacob Markstrom UTIL Tomas Hertl W Brady Tkachuk W Matthew Tkachuk W Clayton Keller,,,
571,5282386666,Bigwo,0,35.999996,C Nick Schmaltz C Sam Bennett D Rasmus Andersson D Tristan Luneau G Karel Vejmelka UTIL Logan Cooley W Dylan Guenther W Ivan Barbashev W Brock Boeser,,,
572,5281837097,chrisridd,0,29.8,C Jack Eichel C Anton Lundell D Rasmus Andersson D Pavel Mintyukov G Carter Hart UTIL Mitch Marner W Ivan Barbashev W Vincent Trocheck W Brett Howden,,,
573,5282366367,tonywergin,0,0,,,,
