Rank,EntryId,EntryName,TimeRemaining,Points,Lineup,,Player,Roster Position,%Drafted,FPTS
1,5281260469,ironmelon,0,348.19998,D Ryan Blaney D Chase Briscoe D William Byron D Carson Hocevar D Shane Van Gisbergen D Noah Gragson,,Denny Hamlin,D,60.72%,32.55
2,5281427261,dc4dirt20,0,339.8,D Ryan Blaney D Chase Briscoe D William Byron D Austin Cindric D Daniel Suárez D AJ Allmendinger,,Kyle Larson,D,41.80%,51.4
3,5281822376,skimbaroy,0,334,D Ryan Blaney D Chase Briscoe D Chase Elliott D Austin Cindric D Josh Berry D Daniel Suárez,,Josh Berry,D,38.86%,25.45
4,5280051959,Diggs1421,0,333.1,D Ryan Blaney D Chase Briscoe D William Byron D Alex Bowman D Josh Berry D Shane Van Gisbergen,,Joey Logano,D,29.69%,47.9
5,5280287624,zatorskb,0,330.4,D Kyle Larson D Chase Briscoe D Chase Elliott D Austin Cindric D Daniel Suárez D Austin Hill,,Ryan Blaney,D,27.67%,60.55
6,5279875085,cchaplin1013,0,325.9,D Kyle Larson D Ryan Blaney D Chase Briscoe D Josh Berry D Austin Dillon D Noah Gragson,,William Byron,D,27.25%,42.7
7,5282776750,ericz54,0,317.9,D Kyle Larson D Ryan Blaney D Chase Briscoe D Josh Berry D Austin Dillon D Austin Hill,,Daniel Suárez,D,24.64%,32.3
8,5278530806,aadams0146,0,315.9,D Chase Briscoe D Joey Logano D Carson Hocevar D Bubba Wallace D Austin Cindric D John H. Nemechek,,Chase Elliott,D,23.30%,44.8
9,5280445946,mconklin001,0,315.3,D Ryan Blaney D Chase Briscoe D Chase Elliott D Bubba Wallace D Ryan Preece D Shane Van Gisbergen,,Noah Gragson,D,22.79%,39
10,5282708541,JVod,0,314.9,D Chase Briscoe D William Byron D Carson Hocevar D Austin Cindric D Chris Buescher D Daniel Suárez,,Ryan Preece,D,20.19%,-2
11,5282869571,btnotwn,0,314.19998,D Tyler Reddick D Ryan Blaney D Chase Briscoe D Chase Elliott D Austin Dillon D Ty Dillon,,Ty Gibbs,D,19.26%,17.75
12,5282204831,pflugamp,0,311.3,D Chase Briscoe D William Byron D Chase Elliott D Bubba Wallace D Chris Buescher D Daniel Suárez,,Christopher Bell,D,19.01%,13.15
13,5276904598,Cfw828,0,310.65002,D Ryan Blaney D Chase Briscoe D William Byron D Alex Bowman D Josh Berry D Riley Herbst,,Chase Briscoe,D,17.24%,116.5
14,5281507636,coachcd13,0,310.35,D Chase Briscoe D Joey Logano D William Byron D Chase Elliott D Josh Berry D Austin Dillon,,Zane Smith,D,17.07%,-1
15,5282031200,s7rokerace,0,309.75,D Kyle Larson D Ryan Blaney D Chase Briscoe D Daniel Suárez D Austin Dillon D John H. Nemechek,,John H. Nemechek,D,17.07%,16
16,5279544515,Irish_Giants,0,309.1,D Chase Briscoe D Joey Logano D William Byron D Carson Hocevar D Josh Berry D Noah Gragson,,Alex Bowman,D,16.90%,36
17,5281357724,tjnookie85,0,308.9,D Kyle Larson D Ryan Blaney D Chase Briscoe D Josh Berry D John H. Nemechek D Noah Gragson,,Chris Buescher,D,16.32%,31.45
18,5282812058,mrlogicaltx,0,308.4,D Tyler Reddick D Ryan Blaney D Chase Briscoe D Carson Hocevar D Noah Gragson D Ricky Stenhouse Jr,,Bubba Wallace,D,16.06%,43.55
19,5281952286,TNTegreeny,0,307.95,D Chase Briscoe D Joey Logano D Chase Elliott D Austin Cindric D Josh Berry D Michael McDowell,,Ross Chastain,D,15.14%,-0.55
20,5278749563,GreenBuzz79,0,307.8,D Kyle Larson D Chase Briscoe D Bubba Wallace D Chris Buescher D Shane Van Gisbergen D Erik Jones,,Austin Cindric,D,14.47%,54.4
20,5279435058,tbgolfer13,0,307.8,D Kyle Larson D Chase Briscoe D William Byron D Daniel Suárez D Shane Van Gisbergen D Erik Jones,,Brad Keselowski,D,14.05%,10
22,5279826074,TSplain,0,307.30002,D Kyle Larson D Chase Briscoe D Bubba Wallace D Austin Cindric D Josh Berry D John H. Nemechek,,Tyler Reddick,D,11.86%,51.35
23,5282759606,Lightzout,0,306.35,D Denny Hamlin D Ryan Blaney D Chase Briscoe D Josh Berry D Daniel Suárez D Noah Gragson,,Austin Dillon,D,11.86%,33
24,5280864265,rbal24,0,305.75,D Ryan Blaney D Chase Briscoe D William Byron D Bubba Wallace D Erik Jones D Riley Herbst,,Erik Jones,D,11.86%,13
25,5281988230,jere6777,0,305.44998,D Ryan Blaney D Chase Briscoe D William Byron D Austin Cindric D Daniel Suárez D Zane Smith,,Carson Hocevar,D,10.26%,37.55
26,5281581883,lineman32000,0,305,D Denny Hamlin D Chase Briscoe D William Byron D Chase Elliott D Riley Herbst D Noah Gragson,,Todd Gilliland,D,7.49%,2
27,5282295938,maalbo,0,304.1,D Kyle Larson D Chase Briscoe D Chase Elliott D Austin Cindric D Ryan Preece D Noah Gragson,,Connor Zilisch,D,7.32%,2
28,5281870493,EMWhite,0,303.4,D Ryan Blaney D Chase Briscoe D William Byron D Ross Chastain D Daniel Suárez D Shane Van Gisbergen,,Michael McDowell,D,6.06%,18.9
29,5282409887,juice1812,0,303.15002,D Tyler Reddick D Chase Briscoe D Carson Hocevar D Austin Cindric D Brad Keselowski D AJ Allmendinger,,Shane Van Gisbergen,D,5.47%,51.9
30,5282746885,mazingf,0,301.85,D Denny Hamlin D Chase Briscoe D Chase Elliott D Bubba Wallace D Josh Berry D Noah Gragson,,AJ Allmendinger,D,5.13%,33.35
31,5279603203,Leatherneck64,0,301.35,D Kyle Larson D Chase Briscoe D Bubba Wallace D Chris Buescher D Josh Berry D Austin Dillon,,Ricky Stenhouse Jr,D,4.63%,3.45
32,5278867250,1rubberhead1,0,300.80002,D Chase Briscoe D Joey Logano D Carson Hocevar D Austin Cindric D Chris Buescher D Erik Jones,,Riley Herbst,D,4.46%,29.45
33,5280465840,Alikoe,0,300.1,D Ryan Blaney D Chase Briscoe D Ty Gibbs D Bubba Wallace D Daniel Suárez D Riley Herbst,,Cody Ware,D,3.11%,7.9
34,5282809040,Ddeane17,0,299.9,D Kyle Larson D Ryan Blaney D Chase Briscoe D Ross Chastain D Austin Dillon D Noah Gragson,,Cole Custer,D,2.86%,12
35,5282716404,TRGRenegades,0,299.75,D Ryan Blaney D Chase Briscoe D Joey Logano D Chase Elliott D Zane Smith D Austin Hill,,Ty Dillon,D,2.35%,8
36,5281502861,garygs400,0,298.35004,D Ryan Blaney D Chase Briscoe D Austin Cindric D Chris Buescher D Brad Keselowski D Josh Berry,,Austin Hill,D,1.77%,31
37,5282197807,rayvaughn22,0,297.19998,D Chase Briscoe D Joey Logano D William Byron D Chase Elliott D Daniel Suárez D Erik Jones,,,
38,5281381572,armydave72,0,295.59998,D Ryan Blaney D Chase Briscoe D Chase Elliott D Chris Buescher D Brad Keselowski D Daniel Suárez,,,
39,5282725519,Dewbert94,0,294.80002,D Chase Briscoe D Carson Hocevar D Chase Elliott D Bubba Wallace D Austin Cindric D Ryan Preece,,,
40,5282494789,packers12178,0,293.25,D Kyle Larson D Chase Briscoe D Joey Logano D Josh Berry D Erik Jones D Noah Gragson,,,
41,5277194646,LucaButt,0,292.8,D Tyler Reddick D Ryan Blaney D Chase Briscoe D Austin Cindric D Ryan Preece D Cole Custer,,,
42,5281712132,lindalunumber1,0,292.65,D Denny Hamlin D Chase Briscoe D Austin Cindric D Chris Buescher D Josh Berry D Daniel Suárez,,,
43,5281727521,C64SUTH,0,292.3,D Tyler Reddick D Ryan Blaney D Chase Briscoe D Ross Chastain D Josh Berry D Noah Gragson,,,
44,5281155052,THAKZZA,0,292.25003,D Tyler Reddick D Chase Briscoe D Carson Hocevar D Austin Cindric D Ross Chastain D Austin Dillon,,,
45,5281787648,gdog23,0,292.2,D Denny Hamlin D Chase Briscoe D William Byron D Alex Bowman D Josh Berry D Noah Gragson,,,
46,5281950718,Company,0,291.65002,D Tyler Reddick D Chase Briscoe D Carson Hocevar D Chase Elliott D Josh Berry D John H. Nemechek,,,
47,5281336078,TwoHearted,0,289.85,D Ryan Blaney D Chase Briscoe D Chase Elliott D Bubba Wallace D Josh Berry D Zane Smith,,,
48,5282717812,andymilligan3,0,288.9,D Kyle Larson D Ryan Blaney D Chase Briscoe D Josh Berry D Austin Dillon D Todd Gilliland,,,
49,5281593668,clendz82,0,288.7,D Ryan Blaney D Chase Briscoe D Chase Elliott D Austin Cindric D Ross Chastain D Erik Jones,,,
50,5281301835,veloce23,0,286.85,D Denny Hamlin D Chase Briscoe D Ty Gibbs D Austin Cindric D Daniel Suárez D AJ Allmendinger,,,
51,5281010424,LRoyTheKing,0,286.75,D Kyle Larson D Chase Briscoe D Bubba Wallace D Austin Cindric D Erik Jones D Cody Ware,,,
52,5280325079,pmjr66,0,285.55,D Denny Hamlin D Chase Briscoe D William Byron D Chase Elliott D Austin Dillon D John H. Nemechek,,,
52,5281977730,SlobberKnocker56,0,285.55,D Denny Hamlin D Chase Briscoe D William Byron D Chase Elliott D Austin Dillon D John H. Nemechek,,,
54,5282894168,mrlindsay13,0,285.44998,D Tyler Reddick D Chase Briscoe D Austin Cindric D Chris Buescher D Ross Chastain D Daniel Suárez,,,
55,5281766030,KelvinDubs,0,285.40002,D Ryan Blaney D Chase Briscoe D Joey Logano D Alex Bowman D Josh Berry D Zane Smith,,,
55,5279957196,billsboys,0,285.4,D Chase Briscoe D Joey Logano D William Byron D Alex Bowman D Brad Keselowski D Daniel Suárez,,,
57,5282761968,killrbees80,0,285.35,D Tyler Reddick D Chase Briscoe D William Byron D Chris Buescher D Brad Keselowski D AJ Allmendinger,,,
58,5281330207,brink7,0,284.75,D Ryan Blaney D Chase Briscoe D Joey Logano D Chase Elliott D Zane Smith D John H. Nemechek,,,
59,5278877956,sulli05011993,0,283.85,D Chase Briscoe D Carson Hocevar D Chase Elliott D Bubba Wallace D Chris Buescher D Brad Keselowski,,,
60,5276800514,funkychunk,0,283.19998,D Chase Briscoe D Joey Logano D William Byron D Chase Elliott D Daniel Suárez D Zane Smith,,,
60,5279037008,tbert204,0,283.19998,D Chase Briscoe D Joey Logano D William Byron D Chase Elliott D Daniel Suárez D Zane Smith,,,
60,5281065343,apforadori,0,283.19998,D Chase Briscoe D Joey Logano D William Byron D Chase Elliott D Daniel Suárez D Zane Smith,,,
60,5281515666,cfoss92,0,283.19998,D Chase Briscoe D Joey Logano D William Byron D Chase Elliott D Daniel Suárez D Zane Smith,,,
60,5282163779,pipolechap,0,283.19998,D Chase Briscoe D Joey Logano D William Byron D Chase Elliott D Daniel Suárez D Zane Smith,,,
65,5282919863,mikey9969,0,281.65002,D Denny Hamlin D Chase Briscoe D Ty Gibbs D Bubba Wallace D Daniel Suárez D Noah Gragson,,,
66,5278750045,RealmAK357,0,281.1,D Kyle Larson D Chase Briscoe D Chase Elliott D Austin Cindric D Ryan Preece D John H. Nemechek,,,
67,5280986435,Bigshot6,0,279.94998,D Christopher Bell D Chase Briscoe D William Byron D Chase Elliott D Riley Herbst D AJ Allmendinger,,,
68,5281119614,farm01,0,279.85,D Denny Hamlin D Chase Briscoe D Chase Elliott D Bubba Wallace D Erik Jones D Riley Herbst,,,
69,5281932523,bladesbest,0,278.35,D Denny Hamlin D Chase Briscoe D Bubba Wallace D Austin Cindric D Ryan Preece D AJ Allmendinger,,,
70,5282832011,grantgarrison1,0,276.2,D Kyle Larson D Ryan Blaney D Joey Logano D Josh Berry D Shane Van Gisbergen D Noah Gragson,,,
70,5282884010,jalxsmith,0,276.2,D Kyle Larson D Ryan Blaney D Joey Logano D Josh Berry D Shane Van Gisbergen D Noah Gragson,,,
72,5277887994,renegadebaumers,0,275.69998,D Kyle Larson D Chase Briscoe D William Byron D Ross Chastain D Daniel Suárez D AJ Allmendinger,,,
73,5281588104,pilotdavidt,0,275.45,D Ryan Blaney D Chase Briscoe D Austin Cindric D Alex Bowman D Brad Keselowski D Ryan Preece,,,
74,5280340405,twansing,0,275.40002,D Denny Hamlin D Chase Briscoe D Joey Logano D Alex Bowman D Erik Jones D Riley Herbst,,,
75,5282773289,buschwacker,0,275.2,D Kyle Larson D Denny Hamlin D Chase Briscoe D Daniel Suárez D Noah Gragson D Ricky Stenhouse Jr,,,
76,5279643357,DonG30,0,275.15,D Denny Hamlin D Chase Briscoe D William Byron D Austin Cindric D Erik Jones D John H. Nemechek,,,
76,5279918210,Askhim,0,275.15,D Denny Hamlin D Chase Briscoe D William Byron D Austin Cindric D Erik Jones D John H. Nemechek,,,
78,5281775248,jrowprod,0,274.9,D Ryan Blaney D Joey Logano D William Byron D Austin Cindric D Alex Bowman D AJ Allmendinger,,,
79,5281372436,buck1097,0,274.5,D Kyle Larson D Chase Briscoe D William Byron D Ross Chastain D Josh Berry D Noah Gragson,,,
80,5281346448,sbaer1983,0,274.25,D Denny Hamlin D Chase Briscoe D Chris Buescher D Alex Bowman D Josh Berry D Daniel Suárez,,,
80,5281736702,pjssports,0,274.25,D Denny Hamlin D Chase Briscoe D Chris Buescher D Alex Bowman D Josh Berry D Daniel Suárez,,,
82,5281297665,konadawg06,0,273.6,D Ryan Blaney D Joey Logano D William Byron D Carson Hocevar D Shane Van Gisbergen D Austin Dillon,,,
83,5281457649,baitman45,0,273.4,D Kyle Larson D Chase Briscoe D William Byron D Chase Elliott D John H. Nemechek D Todd Gilliland,,,
84,5282176949,bmack806,0,273.35,D Denny Hamlin D Chase Briscoe D William Byron D Chase Elliott D AJ Allmendinger D Ricky Stenhouse Jr,,,
85,5280239884,Jim811,0,273.30002,D Ryan Blaney D Chase Briscoe D Joey Logano D Chris Buescher D Ryan Preece D Michael McDowell,,,
86,5281299222,lowesfan48,0,272.8,D Denny Hamlin D Chase Briscoe D Ty Gibbs D Bubba Wallace D Riley Herbst D Austin Dillon,,,
87,5278645477,Mghtank,0,271.55,D Denny Hamlin D Chase Briscoe D William Byron D Chase Elliott D Austin Dillon D Todd Gilliland,,,
88,5282472248,mrrnine,0,271.34998,D Christopher Bell D Chase Briscoe D Joey Logano D Chase Elliott D Austin Dillon D John H. Nemechek,,,
89,5282306048,quebee7,0,270.34998,D Kyle Larson D Chase Briscoe D William Byron D Josh Berry D Daniel Suárez D Connor Zilisch,,,
90,5282611036,jbeamr5,0,269.35,D Ryan Blaney D Chase Briscoe D Ty Gibbs D Bubba Wallace D Ryan Preece D Austin Dillon,,,
90,5281607047,clintenyeart,0,269.34998,D Kyle Larson D Chase Briscoe D Bubba Wallace D Ross Chastain D Josh Berry D Austin Dillon,,,
92,5276863784,papa-sports-39,0,269.05,D Kyle Larson D Chase Briscoe D Ty Gibbs D Austin Cindric D Erik Jones D John H. Nemechek,,,
93,5280644566,badrad29,0,268.45,D Kyle Larson D Denny Hamlin D Chase Briscoe D Erik Jones D John H. Nemechek D Noah Gragson,,,
93,5282884479,AmazingBlue2,0,268.45,D Kyle Larson D Denny Hamlin D Chase Briscoe D Erik Jones D John H. Nemechek D Noah Gragson,,,
95,5281294487,vikingsteve,0,268.40002,D Denny Hamlin D Chase Briscoe D Joey Logano D Josh Berry D Erik Jones D Austin Dillon,,,
95,5281805048,dschryer,0,268.40002,D Denny Hamlin D Chase Briscoe D Joey Logano D Josh Berry D Erik Jones D Austin Dillon,,,
97,5282032911,chettios,0,268.35,D Kyle Larson D Denny Hamlin D Chase Briscoe D Josh Berry D Noah Gragson D Ricky Stenhouse Jr,,,
98,5282713546,scrub69,0,268.3,D Denny Hamlin D Chase Briscoe D Chase Elliott D Alex Bowman D Josh Berry D Erik Jones,,,
99,5280132104,kasman13100,0,268.1,D Kyle Larson D Denny Hamlin D Chase Briscoe D Daniel Suárez D AJ Allmendinger D Todd Gilliland,,,
100,5281988585,cemsfrank,0,268,D Christopher Bell D Chase Briscoe D Carson Hocevar D Chris Buescher D Alex Bowman D AJ Allmendinger,,,
100,5282037198,GomerKC,0,268,D Kyle Larson D Ryan Blaney D Austin Cindric D Alex Bowman D Daniel Suárez D AJ Allmendinger,,,
102,5281539766,1nonlyDXP,0,267.40002,D Tyler Reddick D Chase Briscoe D Ty Gibbs D Chase Elliott D Ryan Preece D Noah Gragson,,,
103,5280704466,kenny7575,0,267.15,D Tyler Reddick D Chase Briscoe D Carson Hocevar D Chris Buescher D Ryan Preece D Daniel Suárez,,,
104,5280724606,Mrobbins36,0,266.9,D Kyle Larson D Denny Hamlin D Chase Briscoe D Josh Berry D Noah Gragson D Todd Gilliland,,,
104,5281154628,sseville,0,266.9,D Kyle Larson D Denny Hamlin D Chase Briscoe D Josh Berry D Noah Gragson D Todd Gilliland,,,
104,5282732531,netwreck94,0,266.9,D Kyle Larson D Denny Hamlin D Chase Briscoe D Josh Berry D Noah Gragson D Todd Gilliland,,,
107,5281693594,Youatouchamyspaget,0,266.35,D Kyle Larson D Denny Hamlin D Chase Briscoe D Riley Herbst D Austin Dillon D Ricky Stenhouse Jr,,,
108,5280079317,KrazyK1861,0,265.25,D Kyle Larson D Denny Hamlin D Chase Briscoe D Riley Herbst D Connor Zilisch D AJ Allmendinger,,,
109,5282883759,ajadams99,0,264.05,D Kyle Larson D Chase Briscoe D William Byron D Chris Buescher D Brad Keselowski D Cole Custer,,,
110,5282322665,jpsgirl88,0,263.55,D Christopher Bell D Chase Briscoe D Ty Gibbs D Austin Cindric D Daniel Suárez D Riley Herbst,,,
111,5281981047,mcdougall_94,0,263.1,D Chase Briscoe D William Byron D Ty Gibbs D Austin Cindric D Ross Chastain D Daniel Suárez,,,
112,5279057345,wolfpapy,0,262.75,D Kyle Larson D Christopher Bell D Chase Briscoe D Michael McDowell D Riley Herbst D AJ Allmendinger,,,
113,5278575790,MoeMoney614,0,262.65002,D Tyler Reddick D Joey Logano D Bubba Wallace D Austin Cindric D Alex Bowman D Riley Herbst,,,
114,5281991189,C2S2,0,262.05,D Ryan Blaney D Joey Logano D Chase Elliott D Chris Buescher D Josh Berry D Shane Van Gisbergen,,,
115,5282019736,pmbloomer,0,262,D Tyler Reddick D Ryan Blaney D Chase Elliott D Austin Cindric D Shane Van Gisbergen D Zane Smith,,,
116,5281981220,Super88Man88,0,261.55,D Tyler Reddick D William Byron D Chase Elliott D Austin Cindric D Alex Bowman D Daniel Suárez,,,
117,5281858023,JFK424,0,261.5,D Kyle Larson D Christopher Bell D Chase Briscoe D Josh Berry D John H. Nemechek D Noah Gragson,,,
117,5281925584,rippinlips1985,0,261.5,D Kyle Larson D Christopher Bell D Chase Briscoe D Josh Berry D John H. Nemechek D Noah Gragson,,,
119,5282276214,bud_dog05,0,261.40002,D Denny Hamlin D Chase Briscoe D Joey Logano D Alex Bowman D Zane Smith D Riley Herbst,,,
120,5282112023,wildwestley92,0,261.25,D Ryan Blaney D Joey Logano D Chase Elliott D Bubba Wallace D Chris Buescher D Austin Dillon,,,
121,5280134465,Gerrypsmith,0,260.45,D Kyle Larson D Denny Hamlin D Chase Briscoe D Erik Jones D Austin Hill D John H. Nemechek,,,
122,5278322708,jessicadill,0,260.4,D Ryan Blaney D Joey Logano D William Byron D Chase Elliott D Josh Berry D Noah Gragson,,,
122,5278350112,cowboys3322,0,260.4,D Ryan Blaney D Joey Logano D William Byron D Chase Elliott D Josh Berry D Noah Gragson,,,
122,5280818840,Mikeypo2017,0,260.4,D Ryan Blaney D Joey Logano D William Byron D Chase Elliott D Josh Berry D Noah Gragson,,,
122,5280819092,grama14,0,260.4,D Ryan Blaney D Joey Logano D William Byron D Chase Elliott D Josh Berry D Noah Gragson,,,
122,5281327543,timmort2,0,260.4,D Ryan Blaney D Joey Logano D William Byron D Chase Elliott D Josh Berry D Noah Gragson,,,
122,5282784589,dieseldave97,0,260.4,D Ryan Blaney D Joey Logano D William Byron D Chase Elliott D Josh Berry D Noah Gragson,,,
122,5282868421,jaysu5,0,260.4,D Ryan Blaney D Joey Logano D William Byron D Chase Elliott D Josh Berry D Noah Gragson,,,
122,5282879367,Xfile007,0,260.4,D Ryan Blaney D Joey Logano D William Byron D Chase Elliott D Josh Berry D Noah Gragson,,,
130,5282905812,rowdyrob18,0,260.25,D Kyle Larson D Joey Logano D Chase Elliott D Austin Cindric D Daniel Suárez D Riley Herbst,,,
131,5282150042,strietcar,0,260.15,D Ryan Blaney D Joey Logano D Carson Hocevar D Chase Elliott D Alex Bowman D AJ Allmendinger,,,
132,5282341856,mikerob1404,0,260.05,D Kyle Larson D Chase Briscoe D William Byron D Chris Buescher D Connor Zilisch D John H. Nemechek,,,
133,5280314630,WeeklyHigh,0,259.8,D Kyle Larson D Chase Briscoe D William Byron D Ryan Preece D Daniel Suárez D Michael McDowell,,,
133,5282465277,Primetime2194,0,259.8,D Kyle Larson D Chase Briscoe D Joey Logano D Ryan Preece D Erik Jones D Austin Dillon,,,
133,5282493545,tahoo54,0,259.8,D Ryan Blaney D Carson Hocevar D Bubba Wallace D Austin Cindric D Chris Buescher D Daniel Suárez,,,
136,5278648766,abc813,0,259.15,D Chase Briscoe D Joey Logano D Carson Hocevar D Ross Chastain D Josh Berry D Daniel Suárez,,,
136,5280497016,FlyingSquirrels48609,0,259.15,D Ryan Blaney D Joey Logano D William Byron D Bubba Wallace D Josh Berry D Noah Gragson,,,
138,5281327167,Lowgear51,0,259,D Christopher Bell D Ryan Blaney D Chase Briscoe D Chase Elliott D John H. Nemechek D Ty Dillon,,,
138,5281481449,BrandoeCommando,0,259,D William Byron D Carson Hocevar D Chase Elliott D Bubba Wallace D Austin Cindric D Alex Bowman,,,
138,5282134968,odellbrian6,0,259,D William Byron D Carson Hocevar D Chase Elliott D Bubba Wallace D Austin Cindric D Alex Bowman,,,
141,5279819307,Tampa2,0,258.7,D Ryan Blaney D Joey Logano D Chase Elliott D Bubba Wallace D Brad Keselowski D Shane Van Gisbergen,,,
142,5278977265,juicyemu,0,258.55,D Christopher Bell D Chase Briscoe D Joey Logano D Bubba Wallace D Josh Berry D Cole Custer,,,
143,5281600233,Uncle_Creiger,0,258.4,D Ryan Blaney D Chase Briscoe D William Byron D Ty Gibbs D Michael McDowell D Todd Gilliland,,,
144,5280898869,J-ROCK1013,0,258,D Denny Hamlin D Chase Briscoe D Bubba Wallace D Austin Cindric D Ryan Preece D Erik Jones,,,
144,5282344738,Pbrain,0,258,D Denny Hamlin D Chase Briscoe D Bubba Wallace D Austin Cindric D Ryan Preece D Erik Jones,,,
146,5281320598,timmullins27,0,257.75,D Denny Hamlin D Tyler Reddick D Chase Briscoe D Ross Chastain D Michael McDowell D Noah Gragson,,,
147,5282782534,wphsu99,0,257.7,D Denny Hamlin D Chase Briscoe D Ty Gibbs D Alex Bowman D Josh Berry D Riley Herbst,,,
148,5281314603,hardybook,0,257.35,D Denny Hamlin D Ryan Blaney D Joey Logano D Josh Berry D Shane Van Gisbergen D Noah Gragson,,,
148,5281592088,Bruce1887,0,257.35,D Denny Hamlin D Chase Briscoe D Joey Logano D Austin Cindric D Ryan Preece D Ty Dillon,,,
150,5281973757,dtwlions,0,257.15,D Denny Hamlin D Ryan Blaney D Austin Cindric D Josh Berry D Daniel Suárez D Shane Van Gisbergen,,,
151,5280628853,blutik,0,256.9,D Tyler Reddick D Chase Briscoe D Ty Gibbs D Austin Cindric D Ryan Preece D Michael McDowell,,,
152,5280306675,dcrull,0,256.75,D Denny Hamlin D Ryan Blaney D Chase Elliott D Austin Cindric D Josh Berry D Noah Gragson,,,
153,5281162181,JoyBeary22,0,256.45,D Kyle Larson D Ryan Blaney D Chase Briscoe D Erik Jones D Zane Smith D John H. Nemechek,,,
154,5282311540,4BAMF2,0,256.25,D Kyle Larson D Chase Briscoe D Joey Logano D Josh Berry D Zane Smith D John H. Nemechek,,,
155,5282870794,bigKG207,0,256.2,D Kyle Larson D Tyler Reddick D Ryan Blaney D Shane Van Gisbergen D Connor Zilisch D Noah Gragson,,,
156,5282317780,MartyG1948,0,255.75,D Kyle Larson D Chase Briscoe D Austin Cindric D Brad Keselowski D Josh Berry D Ryan Preece,,,
156,5282590048,wyowoman31,0,255.75,D Christopher Bell D Chase Briscoe D William Byron D Austin Cindric D Ryan Preece D Austin Hill,,,
158,5282145623,DaveHeller,0,255.65002,D Chase Briscoe D Ty Gibbs D Carson Hocevar D Austin Cindric D Chris Buescher D Ryan Preece,,,
159,5282220847,TinyGiant99,0,254.84999,D Christopher Bell D Ryan Blaney D Chase Briscoe D Ty Gibbs D Noah Gragson D Cody Ware,,,
160,5277166701,brad1992,0,254.35,D Denny Hamlin D Chase Briscoe D Bubba Wallace D Chris Buescher D Ryan Preece D Daniel Suárez,,,
160,5279630601,Matvik43,0,254.35,D Denny Hamlin D Chase Briscoe D Bubba Wallace D Chris Buescher D Ryan Preece D Daniel Suárez,,,
162,5282340893,DOD4Truth,0,254.25,D Denny Hamlin D Chase Briscoe D Ty Gibbs D Bubba Wallace D Alex Bowman D Cody Ware,,,
163,5282768772,HawkeyeNation15,0,253.75,D Kyle Larson D Ryan Blaney D Joey Logano D Alex Bowman D Michael McDowell D Noah Gragson,,,
164,5282283178,michaelv302,0,253.34999,D Chase Briscoe D Joey Logano D William Byron D Chase Elliott D Ross Chastain D Connor Zilisch,,,
165,5282770082,charm79,0,253.15,D Ryan Blaney D Joey Logano D William Byron D Bubba Wallace D Josh Berry D Austin Dillon,,,
166,5281512745,nawlinsaaints,0,253.05,D Chase Briscoe D William Byron D Ty Gibbs D Chase Elliott D Daniel Suárez D Zane Smith,,,
167,5278406040,leeboi06,0,252.99998,D Christopher Bell D Chase Briscoe D Joey Logano D Chris Buescher D Alex Bowman D Ty Dillon,,,
168,5280479818,kevdav88,0,252.80002,D Tyler Reddick D William Byron D Chase Elliott D Bubba Wallace D Austin Cindric D John H. Nemechek,,,
169,5282156232,justinmoser2,0,252.2,D Kyle Larson D Denny Hamlin D Joey Logano D Shane Van Gisbergen D Riley Herbst D Noah Gragson,,,
170,5279448909,crashbang69,0,252.05,D Chase Briscoe D Ty Gibbs D Chase Elliott D Bubba Wallace D Chris Buescher D Ryan Preece,,,
170,5282171142,wawwaw71,0,252.04999,D Tyler Reddick D Ryan Blaney D William Byron D Bubba Wallace D Shane Van Gisbergen D Todd Gilliland,,,
172,5282669468,czenier,0,251.70001,D Kyle Larson D Ryan Blaney D Austin Cindric D Chris Buescher D Shane Van Gisbergen D Connor Zilisch,,,
173,5278466819,grogu333,0,251.4,D Kyle Larson D Chase Briscoe D Ty Gibbs D Chris Buescher D Daniel Suárez D Todd Gilliland,,,
174,5281495092,Unclesalty1958,0,251.35,D Denny Hamlin D Ryan Blaney D Joey Logano D Josh Berry D Shane Van Gisbergen D Austin Dillon,,,
175,5281461250,henry296,0,251.05,D Denny Hamlin D Chase Briscoe D Chase Elliott D Ross Chastain D Josh Berry D Daniel Suárez,,,
176,5276670307,RankMeNow,0,250.5,D Denny Hamlin D Chase Briscoe D Carson Hocevar D Ross Chastain D Josh Berry D Noah Gragson,,,
177,5280298764,Guardian15,0,250.05,D Denny Hamlin D Ryan Blaney D Chase Briscoe D Josh Berry D Zane Smith D John H. Nemechek,,,
177,5281728103,es18car,0,250.05,D Denny Hamlin D Ryan Blaney D Chase Briscoe D Josh Berry D Zane Smith D John H. Nemechek,,,
177,5281763947,ONeill11693,0,250.05,D Denny Hamlin D Ryan Blaney D Chase Briscoe D Josh Berry D Zane Smith D John H. Nemechek,,,
180,5280174482,gratefuldead23,0,250,D Ryan Blaney D William Byron D Ty Gibbs D Chase Elliott D Daniel Suárez D Shane Van Gisbergen,,,
181,5280198645,B_Dawg,0,249.75,D Kyle Larson D Chase Briscoe D Carson Hocevar D Brad Keselowski D Daniel Suárez D Connor Zilisch,,,
182,5280558161,Teevols,0,249.50002,D Joey Logano D William Byron D Carson Hocevar D Chase Elliott D Bubba Wallace D Austin Dillon,,,
183,5282843405,JacksonLee1,0,249.3,D Denny Hamlin D Chase Briscoe D Joey Logano D Chris Buescher D Michael McDowell D Todd Gilliland,,,
184,5282213312,winboy27,0,249,D Denny Hamlin D Chase Briscoe D Ty Gibbs D Ryan Preece D Daniel Suárez D Shane Van Gisbergen,,,
185,5282464579,Tr0ubl35,0,248.79999,D Kyle Larson D Denny Hamlin D Chase Briscoe D Zane Smith D AJ Allmendinger D John H. Nemechek,,,
186,5282816901,djdog09,0,248.5,D Denny Hamlin D Chase Briscoe D William Byron D Josh Berry D Daniel Suárez D Zane Smith,,,
187,5281372455,JDono87,0,248.45,D Kyle Larson D Denny Hamlin D Chase Briscoe D Zane Smith D Austin Dillon D John H. Nemechek,,,
188,5279368686,jcald86,0,247.40001,D Ryan Blaney D Chase Briscoe D Joey Logano D Josh Berry D Ryan Preece D Zane Smith,,,
189,5282858924,Navy9999,0,246.9,D Kyle Larson D Ryan Blaney D Bubba Wallace D Austin Cindric D Ryan Preece D Noah Gragson,,,
190,5281862298,AverillsAvengers,0,246.15,D Ryan Blaney D Joey Logano D Chase Elliott D Chris Buescher D Alex Bowman D Josh Berry,,,
191,5281708112,RLS123,0,246.04999,D Kyle Larson D Chase Briscoe D Ty Gibbs D Austin Cindric D Ryan Preece D Ty Dillon,,,
192,5281224731,beaverthing,0,244.55,D Kyle Larson D Joey Logano D Chase Elliott D Alex Bowman D Josh Berry D Noah Gragson,,,
192,5282854393,24-Seven,0,244.54999,D Denny Hamlin D Christopher Bell D Chase Briscoe D Brad Keselowski D AJ Allmendinger D Noah Gragson,,,
194,5282349066,chadrider99,0,244.5,D Tyler Reddick D Joey Logano D Chase Elliott D Chris Buescher D Alex Bowman D Austin Dillon,,,
195,5281272926,martin_6969,0,244.34999,D Tyler Reddick D Ryan Blaney D Joey Logano D Carson Hocevar D Austin Hill D John H. Nemechek,,,
195,5282759601,LaurieLoo,0,244.34999,D Kyle Larson D Tyler Reddick D Austin Cindric D Alex Bowman D Daniel Suárez D Michael McDowell,,,
197,5280587878,Jplmr,0,244.04999,D Denny Hamlin D Joey Logano D William Byron D Alex Bowman D Shane Van Gisbergen D Austin Dillon,,,
198,5280290769,Grimdawg,0,243.95001,D Denny Hamlin D Chase Briscoe D Joey Logano D Brad Keselowski D Ryan Preece D Noah Gragson,,,
199,5282721317,gickey5,0,243.75,D Kyle Larson D Tyler Reddick D Ryan Blaney D Josh Berry D John H. Nemechek D Noah Gragson,,,
200,5281284077,schlep31,0,243.45,D Kyle Larson D Denny Hamlin D Chase Briscoe D Ryan Preece D Austin Dillon D Cole Custer,,,
201,5281884597,honez,0,243.3,D Kyle Larson D Joey Logano D William Byron D Alex Bowman D Daniel Suárez D Austin Dillon,,,
201,5282569421,DCB1,0,243.3,D Tyler Reddick D William Byron D Chase Elliott D Bubba Wallace D Chris Buescher D Riley Herbst,,,
203,5282760395,shark0522,0,243.2,D Denny Hamlin D Chase Briscoe D William Byron D Alex Bowman D Ross Chastain D John H. Nemechek,,,
204,5281397852,knightsball04,0,242.90001,D Denny Hamlin D Ryan Blaney D Chase Briscoe D Daniel Suárez D Zane Smith D Connor Zilisch,,,
205,5278086019,J3rs3y_G1rl,0,242.55,D Kyle Larson D Joey Logano D Bubba Wallace D Austin Cindric D Daniel Suárez D Erik Jones,,,
206,5276439923,FletcherMcTaggart,0,242.45,D Kyle Larson D Joey Logano D William Byron D Alex Bowman D Josh Berry D Noah Gragson,,,
206,5281118236,msunken,0,242.45,D Kyle Larson D Joey Logano D William Byron D Alex Bowman D Josh Berry D Noah Gragson,,,
208,5281468894,airjordan2312,0,242.4,D Denny Hamlin D Chase Briscoe D William Byron D Ross Chastain D Daniel Suárez D Michael McDowell,,,
209,5280311836,andrewran,0,242.24998,D Denny Hamlin D Ryan Blaney D Bubba Wallace D Austin Cindric D Daniel Suárez D Michael McDowell,,,
209,5282700650,magnumta,0,242.24998,D Christopher Bell D Chase Briscoe D William Byron D Chris Buescher D Ross Chastain D Noah Gragson,,,
211,5281395712,mesmith123,0,241.99998,D Denny Hamlin D Joey Logano D William Byron D Austin Cindric D Josh Berry D Noah Gragson,,,
211,5282211887,ccryders,0,241.99998,D Denny Hamlin D Joey Logano D William Byron D Austin Cindric D Josh Berry D Noah Gragson,,,
213,5282482583,Schuyler1,0,241.94998,D Denny Hamlin D Ryan Blaney D Bubba Wallace D Austin Cindric D Shane Van Gisbergen D Zane Smith,,,
214,5278334455,mtl128,0,241.90001,D Denny Hamlin D Ryan Blaney D Chase Briscoe D Ryan Preece D Daniel Suárez D Todd Gilliland,,,
214,5281861829,MaybeTowelie,0,241.9,D Kyle Larson D Ryan Blaney D William Byron D Chase Elliott D Noah Gragson D Ricky Stenhouse Jr,,,
216,5282881271,dillonj198,0,241.79999,D Tyler Reddick D Ryan Blaney D Bubba Wallace D Chris Buescher D Alex Bowman D Michael McDowell,,,
217,5279740441,Mnixon-123,0,241.2,D Kyle Larson D Chase Briscoe D Bubba Wallace D Ross Chastain D Ryan Preece D Daniel Suárez,,,
218,5282651605,dstone2288,0,241.15,D Ryan Blaney D Joey Logano D Chase Elliott D Bubba Wallace D Josh Berry D Michael McDowell,,,
219,5282808165,TimBugg,0,240.7,D Denny Hamlin D Chase Briscoe D Ty Gibbs D Chris Buescher D Erik Jones D Riley Herbst,,,
220,5282504425,Wolverine8385,0,240.54999,D Kyle Larson D Ryan Blaney D Chase Elliott D Shane Van Gisbergen D Erik Jones D Michael McDowell,,,
221,5280439021,kurt1818,0,240.15,D Kyle Larson D Ryan Blaney D Chase Elliott D Austin Cindric D Erik Jones D John H. Nemechek,,,
222,5279078059,DCDolphin,0,239.75,D Denny Hamlin D Chase Briscoe D William Byron D Alex Bowman D Erik Jones D Zane Smith,,,
223,5281810460,jeffsmtm,0,239.70001,D Kyle Larson D William Byron D Chase Elliott D Chris Buescher D Alex Bowman D AJ Allmendinger,,,
224,5281374041,Awaxcanes3611,0,239.35,D Chase Briscoe D William Byron D Ty Gibbs D Austin Cindric D Brad Keselowski D Ryan Preece,,,
225,5281089756,billredskin,0,239.20001,D Kyle Larson D Ryan Blaney D Joey Logano D Josh Berry D Shane Van Gisbergen D Todd Gilliland,,,
225,5281566554,sracer88,0,239.19998,D Kyle Larson D Ryan Blaney D Bubba Wallace D Chris Buescher D Michael McDowell D AJ Allmendinger,,,
227,5281309257,Jazztwig11,0,238.9,D Denny Hamlin D Ryan Blaney D Bubba Wallace D Chris Buescher D Shane Van Gisbergen D Michael McDowell,,,
228,5281727506,Ryan0812,0,238.8,D Kyle Larson D Denny Hamlin D Austin Cindric D Alex Bowman D Josh Berry D Noah Gragson,,,
228,5281762343,Brad49er,0,238.8,D Kyle Larson D Denny Hamlin D Austin Cindric D Alex Bowman D Josh Berry D Noah Gragson,,,
228,5282520975,bamamassive1,0,238.8,D Ryan Blaney D Chase Briscoe D Ty Gibbs D Alex Bowman D Brad Keselowski D Ryan Preece,,,
228,5279888114,Dozer-Man65,0,238.79999,D Kyle Larson D Chase Briscoe D Alex Bowman D Ross Chastain D Brad Keselowski D Josh Berry,,,
232,5281569912,Tuckfu,0,238.35,D Ryan Blaney D Joey Logano D Ty Gibbs D Austin Cindric D Josh Berry D Daniel Suárez,,,
232,5279544135,ajmack01,0,238.34998,D Ryan Blaney D Joey Logano D William Byron D Austin Cindric D Ross Chastain D AJ Allmendinger,,,
234,5279665753,Brantley1978,0,238.15,D Kyle Larson D Tyler Reddick D Chase Briscoe D Ryan Preece D Michael McDowell D Todd Gilliland,,,
234,5281314405,AKJeff,0,238.15,D Kyle Larson D Denny Hamlin D Chase Elliott D Austin Cindric D John H. Nemechek D Noah Gragson,,,
236,5279442116,grossmaa,0,237.95001,D Tyler Reddick D Ty Gibbs D Carson Hocevar D Bubba Wallace D Austin Cindric D AJ Allmendinger,,,
237,5282729320,mlief,0,237.85,D Kyle Larson D Denny Hamlin D Bubba Wallace D Josh Berry D Shane Van Gisbergen D Austin Dillon,,,
238,5278527938,USMC_Shellback,0,236.84999,D Ryan Blaney D Joey Logano D Bubba Wallace D Austin Cindric D Chris Buescher D Zane Smith,,,
239,5282392182,Marshmallowflounder,0,236.54999,D Kyle Larson D Tyler Reddick D Joey Logano D Josh Berry D Riley Herbst D Austin Hill,,,
240,5282315703,brad8069,0,236.45,D Denny Hamlin D Ryan Blaney D Joey Logano D Josh Berry D Austin Hill D Noah Gragson,,,
241,5281445949,spiegs21,0,236.4,D Denny Hamlin D Ryan Blaney D Joey Logano D Austin Cindric D Connor Zilisch D Noah Gragson,,,
242,5281343920,lester7,0,236.15,D Tyler Reddick D Ryan Blaney D Joey Logano D Josh Berry D Shane Van Gisbergen D Zane Smith,,,
242,5281738229,Jolomo45,0,236.15,D Denny Hamlin D Ty Gibbs D Bubba Wallace D Austin Cindric D Alex Bowman D Shane Van Gisbergen,,,
244,5280486839,TammyD28,0,235.6,D Denny Hamlin D Ryan Blaney D William Byron D Chase Elliott D John H. Nemechek D Noah Gragson,,,
245,5278403002,ufxgatorbox,0,235.5,D Denny Hamlin D Christopher Bell D Chase Briscoe D Daniel Suárez D Connor Zilisch D Noah Gragson,,,
246,5282357916,pelicans777,0,235.25,D Ryan Blaney D Joey Logano D Chase Elliott D Bubba Wallace D Josh Berry D Erik Jones,,,
247,5282856701,Bubba.R.Wooten,0,235.05,D Denny Hamlin D Ryan Blaney D Chase Briscoe D Josh Berry D Ryan Preece D Todd Gilliland,,,
248,5282719073,garymoto,0,234.84999,D Kyle Larson D Chase Briscoe D Ty Gibbs D Ryan Preece D Daniel Suárez D Michael McDowell,,,
249,5282517219,BamaBullet,0,234.6,D Kyle Larson D Denny Hamlin D Austin Cindric D Josh Berry D Shane Van Gisbergen D Michael McDowell,,,
250,5278649219,JERKER19,0,234.35,D Denny Hamlin D Ryan Blaney D Joey Logano D Josh Berry D Shane Van Gisbergen D John H. Nemechek,,,
250,5281503499,aylsg,0,234.35,D Denny Hamlin D Ryan Blaney D Joey Logano D Josh Berry D Shane Van Gisbergen D John H. Nemechek,,,
250,5282662122,Munkracing,0,234.35,D Denny Hamlin D Chase Briscoe D Bubba Wallace D Ross Chastain D Brad Keselowski D Daniel Suárez,,,
253,5277009601,20eric,0,234.24998,D Christopher Bell D Chase Briscoe D Joey Logano D William Byron D Connor Zilisch D Cole Custer,,,
253,5281827445,kozy6813,0,234.24998,D Tyler Reddick D Ryan Blaney D Joey Logano D Alex Bowman D Ross Chastain D Noah Gragson,,,
255,5281429034,brandong33,0,234.2,D Kyle Larson D Ryan Blaney D Chase Elliott D Alex Bowman D Josh Berry D John H. Nemechek,,,
256,5282007197,jbfones,0,234.15001,D Kyle Larson D Denny Hamlin D Joey Logano D Daniel Suárez D Austin Hill D Noah Gragson,,,
257,5281008692,LMS77,0,234.1,D Denny Hamlin D Joey Logano D Chase Elliott D Bubba Wallace D Daniel Suárez D Austin Dillon,,,
258,5281436919,trombley34,0,233.79999,D Denny Hamlin D Ryan Blaney D Chase Elliott D Chris Buescher D Josh Berry D Noah Gragson,,,
259,5281956915,shon28,0,233.7,D Denny Hamlin D Tyler Reddick D Chase Briscoe D Daniel Suárez D Zane Smith D Connor Zilisch,,,
260,5279798467,Oxyfide,0,233.65,D Kyle Larson D Chase Briscoe D Ty Gibbs D Alex Bowman D Brad Keselowski D Todd Gilliland,,,
261,5281783862,RJD15,0,233.54999,D Christopher Bell D Ryan Blaney D Chase Briscoe D Josh Berry D Zane Smith D Michael McDowell,,,
262,5282919648,WardJr,0,233.5,D Christopher Bell D Chase Briscoe D Carson Hocevar D Alex Bowman D Ryan Preece D Daniel Suárez,,,
263,5279685073,Shadowjo,0,233.45,D Christopher Bell D Chase Briscoe D Chase Elliott D Alex Bowman D Brad Keselowski D Erik Jones,,,
264,5282722137,jartshart27,0,233.09999,D Kyle Larson D Chase Briscoe D Chris Buescher D Ross Chastain D Daniel Suárez D Connor Zilisch,,,
265,5281474064,kleichty12,0,232.75,D Ryan Blaney D Joey Logano D Austin Cindric D Chris Buescher D Josh Berry D Erik Jones,,,
266,5281036205,CroatianSensation,0,232.65001,D Kyle Larson D William Byron D Chase Elliott D Alex Bowman D Josh Berry D Daniel Suárez,,,
266,5281703567,jamieu25,0,232.65,D Kyle Larson D Chase Elliott D Bubba Wallace D Chris Buescher D Alex Bowman D Josh Berry,,,
268,5280756151,Coots3,0,232.34999,D Kyle Larson D Chase Briscoe D Carson Hocevar D Ross Chastain D Josh Berry D Connor Zilisch,,,
268,5282167773,GillTicket,0,232.34999,D Ryan Blaney D Joey Logano D Carson Hocevar D Chris Buescher D Alex Bowman D Michael McDowell,,,
270,5279389144,gorillabiscuit,0,231.95001,D Christopher Bell D Ryan Blaney D Joey Logano D Josh Berry D Shane Van Gisbergen D Austin Dillon,,,
271,5281603894,snowdev30,0,231.40001,D Kyle Larson D William Byron D Bubba Wallace D Alex Bowman D Josh Berry D Daniel Suárez,,,
271,5282679585,Orangemen,0,231.40001,D Denny Hamlin D Tyler Reddick D Chase Elliott D Austin Cindric D Daniel Suárez D John H. Nemechek,,,
273,5282342904,victor1998shadow,0,230.95,D Kyle Larson D Denny Hamlin D William Byron D Daniel Suárez D Austin Dillon D Noah Gragson,,,
274,5281301238,mdillweed8,0,230.9,D Denny Hamlin D Ryan Blaney D Joey Logano D Alex Bowman D Shane Van Gisbergen D Todd Gilliland,,,
275,5282233151,6402ers,0,230.7,D Joey Logano D Carson Hocevar D Chase Elliott D Bubba Wallace D Chris Buescher D Josh Berry,,,
276,5280560516,MUst2007,0,230.54999,D Tyler Reddick D Ryan Blaney D Joey Logano D Josh Berry D Daniel Suárez D Erik Jones,,,
276,5281387419,jsalvatori21,0,230.54999,D Kyle Larson D Denny Hamlin D William Byron D Shane Van Gisbergen D Erik Jones D Noah Gragson,,,
278,5281743417,ocwarriors99,0,230.25,D Ryan Blaney D Joey Logano D Chase Elliott D Bubba Wallace D Chris Buescher D Connor Zilisch,,,
279,5276995280,kazy900,0,230.09999,D Denny Hamlin D William Byron D Austin Cindric D Chris Buescher D Alex Bowman D Austin Dillon,,,
280,5282037168,gheermance,0,229.65,D Kyle Larson D Denny Hamlin D Joey Logano D Josh Berry D AJ Allmendinger D Noah Gragson,,,
281,5281962794,SHELL1960,0,229.49998,D Ty Gibbs D Carson Hocevar D Chase Elliott D Bubba Wallace D Austin Cindric D Chris Buescher,,,
281,5282581714,rxfrank,0,229.49998,D Ty Gibbs D Carson Hocevar D Chase Elliott D Bubba Wallace D Austin Cindric D Chris Buescher,,,
283,5278688942,CHALVERS,0,229.2,D Kyle Larson D Ryan Blaney D Joey Logano D Alex Bowman D Josh Berry D Cody Ware,,,
284,5282117440,chaverland,0,229.1,D Kyle Larson D Denny Hamlin D Austin Cindric D Josh Berry D Daniel Suárez D Austin Dillon,,,
285,5282203714,JBona78,0,229,D Denny Hamlin D Ryan Blaney D Joey Logano D Alex Bowman D Erik Jones D Noah Gragson,,,
286,5282174605,seven-time,0,228.95,D Kyle Larson D Chase Briscoe D Ty Gibbs D Ryan Preece D Daniel Suárez D Erik Jones,,,
287,5281097898,Dakota516,0,228.65,D Kyle Larson D Ryan Blaney D William Byron D Alex Bowman D Zane Smith D Noah Gragson,,,
287,5281741480,Plumbster27,0,228.65,D Denny Hamlin D Christopher Bell D Chase Briscoe D Josh Berry D Connor Zilisch D Noah Gragson,,,
287,5282648129,bterpilowski,0,228.65,D Denny Hamlin D Christopher Bell D Chase Briscoe D Josh Berry D Connor Zilisch D Noah Gragson,,,
287,5282874403,timothyandstacy,0,228.65,D Kyle Larson D Denny Hamlin D Chase Elliott D Chris Buescher D Riley Herbst D Noah Gragson,,,
291,5278526208,tzuels29,0,228.54999,D Denny Hamlin D Tyler Reddick D Joey Logano D Josh Berry D Daniel Suárez D Noah Gragson,,,
291,5280500987,atlfl3,0,228.54999,D Denny Hamlin D Tyler Reddick D Joey Logano D Josh Berry D Daniel Suárez D Noah Gragson,,,
291,5281293383,roscoe311,0,228.54999,D Denny Hamlin D Tyler Reddick D Joey Logano D Josh Berry D Daniel Suárez D Noah Gragson,,,
294,5278483548,gurujirmca,0,228.24998,D Tyler Reddick D Ryan Blaney D Joey Logano D Brad Keselowski D Josh Berry D Austin Dillon,,,
295,5282731780,rinkster1961,0,227.8,D Kyle Larson D Joey Logano D William Byron D Chase Elliott D Austin Dillon D Ty Dillon,,,
296,5282772770,chuck_winegar,0,227.65,D Christopher Bell D Ryan Blaney D Chase Briscoe D Alex Bowman D Ryan Preece D Ricky Stenhouse Jr,,,
297,5279301025,BucksnBeers,0,227.6,D Denny Hamlin D Ryan Blaney D William Byron D Chase Elliott D Noah Gragson D Ty Dillon,,,
297,5282066389,rharrelson84,0,227.59999,D Ryan Blaney D Joey Logano D Ty Gibbs D Bubba Wallace D Austin Cindric D Ricky Stenhouse Jr,,,
299,5280500716,bruceroeder,0,227.5,D Ryan Blaney D Joey Logano D William Byron D Josh Berry D Shane Van Gisbergen D Zane Smith,,,
300,5282774881,aquafinatim,0,227.3,D Kyle Larson D Denny Hamlin D Joey Logano D Josh Berry D Austin Hill D Noah Gragson,,,
301,5278677801,sweda13,0,226.95,D Ryan Blaney D Joey Logano D William Byron D Chase Elliott D Ryan Preece D Austin Dillon,,,
301,5281786864,SundayWarships,0,226.95,D Tyler Reddick D Joey Logano D William Byron D Bubba Wallace D Josh Berry D John H. Nemechek,,,
303,5281343650,Cody33c,0,226.90001,D Denny Hamlin D Chase Briscoe D Carson Hocevar D Brad Keselowski D Ryan Preece D Daniel Suárez,,,
304,5278133496,bradydcallahan,0,226.85,D Kyle Larson D William Byron D Bubba Wallace D Chris Buescher D Josh Berry D Daniel Suárez,,,
304,5280581651,Egilreath,0,226.84999,D Kyle Larson D Tyler Reddick D Joey Logano D Alex Bowman D Daniel Suárez D Cody Ware,,,
306,5282285952,tonyjoe25,0,226.6,D Denny Hamlin D Chase Briscoe D Ty Gibbs D Chase Elliott D Erik Jones D Todd Gilliland,,,
307,5281410491,raf10a,0,226.54999,D Denny Hamlin D Ryan Blaney D Carson Hocevar D Chris Buescher D Josh Berry D Noah Gragson,,,
307,5282370717,wilkieway5to4,0,226.54999,D Denny Hamlin D Joey Logano D William Byron D Austin Cindric D Brad Keselowski D Noah Gragson,,,
307,5282822590,ryecove,0,226.54999,D Denny Hamlin D Ryan Blaney D Bubba Wallace D Chris Buescher D Josh Berry D Austin Dillon,,,
310,5282136701,LaszloSzabo,0,226.5,D Joey Logano D William Byron D Ty Gibbs D Austin Cindric D Chris Buescher D Daniel Suárez,,,
311,5278507492,pizzaman2,0,226.29999,D Christopher Bell D Ryan Blaney D William Byron D Carson Hocevar D AJ Allmendinger D Noah Gragson,,,
312,5279401753,HardDump24,0,226.2,D Kyle Larson D Denny Hamlin D Bubba Wallace D Austin Cindric D Daniel Suárez D Cole Custer,,,
312,5281279593,shredthrulife,0,226.2,D Tyler Reddick D Ryan Blaney D Carson Hocevar D Chris Buescher D Daniel Suárez D Erik Jones,,,
314,5280242269,usmcmarlowe2011,0,225.84999,D Denny Hamlin D Joey Logano D William Byron D Chase Elliott D Michael McDowell D Noah Gragson,,,
315,5281396412,snakeeyesammy,0,225.75,D Tyler Reddick D Ty Gibbs D Chase Elliott D Bubba Wallace D Alex Bowman D Daniel Suárez,,,
316,5279084518,BobbySessions,0,225.5,D Kyle Larson D Denny Hamlin D Chase Elliott D Josh Berry D Daniel Suárez D Noah Gragson,,,
316,5280317876,BaylieveTheHype,0,225.5,D Kyle Larson D Denny Hamlin D Chase Elliott D Josh Berry D Daniel Suárez D Noah Gragson,,,
316,5281934122,jholland1981,0,225.5,D Kyle Larson D Denny Hamlin D Chase Elliott D Josh Berry D Daniel Suárez D Noah Gragson,,,
316,5282623061,hoovaughn,0,225.5,D Kyle Larson D Christopher Bell D Chase Briscoe D Zane Smith D Riley Herbst D John H. Nemechek,,,
320,5282699126,Ivar50,0,225.40001,D Kyle Larson D Joey Logano D Chase Elliott D Alex Bowman D Daniel Suárez D Erik Jones,,,
321,5281599474,scooter8174,0,225.29999,D Kyle Larson D Denny Hamlin D William Byron D Daniel Suárez D Austin Dillon D AJ Allmendinger,,,
322,5282226665,Macho2424savage,0,225.25002,D Joey Logano D William Byron D Chase Elliott D Austin Cindric D Alex Bowman D Ross Chastain,,,
323,5276776044,cxt7,0,225.09999,D Kyle Larson D Tyler Reddick D Joey Logano D Josh Berry D Austin Dillon D John H. Nemechek,,,
324,5282045654,hilljorgensen,0,225,D Kyle Larson D Tyler Reddick D Carson Hocevar D Ross Chastain D Shane Van Gisbergen D AJ Allmendinger,,,
325,5278327792,lionswinn,0,224.95,D Ryan Blaney D Joey Logano D Ty Gibbs D Austin Cindric D Josh Berry D Michael McDowell,,,
326,5279021234,dj3baker,0,224.9,D Ryan Blaney D Joey Logano D Ty Gibbs D Chase Elliott D Shane Van Gisbergen D Todd Gilliland,,,
326,5282374056,sparty81,0,224.9,D Denny Hamlin D Ryan Blaney D Joey Logano D Shane Van Gisbergen D Zane Smith D Austin Dillon,,,
326,5282673906,ChillSergeant,0,224.9,D Kyle Larson D Denny Hamlin D Ty Gibbs D Daniel Suárez D Shane Van Gisbergen D Noah Gragson,,,
329,5277200820,19murphy82,0,224.45,D Kyle Larson D Denny Hamlin D Chase Briscoe D Brad Keselowski D Todd Gilliland D Cole Custer,,,
329,5279672508,terryf20,0,224.45,D Kyle Larson D Denny Hamlin D Chase Briscoe D Brad Keselowski D Todd Gilliland D Cole Custer,,,
329,5281722248,kjdorlando,0,224.45,D Denny Hamlin D Ryan Blaney D Joey Logano D Chris Buescher D Erik Jones D Noah Gragson,,,
332,5280689092,theREALtravieP,0,224.15,D Christopher Bell D Chase Briscoe D William Byron D Chase Elliott D Zane Smith D Ty Dillon,,,
333,5277694075,chrissyscowboys76,0,224.09999,D Kyle Larson D Denny Hamlin D William Byron D Josh Berry D Austin Dillon D Noah Gragson,,,
333,5281095257,Alex11302016,0,224.09999,D Kyle Larson D Denny Hamlin D William Byron D Josh Berry D Austin Dillon D Noah Gragson,,,
333,5281371507,nos325,0,224.09999,D Kyle Larson D Denny Hamlin D William Byron D Josh Berry D Austin Dillon D Noah Gragson,,,
333,5282350556,spacecowboy24,0,224.09999,D Kyle Larson D Denny Hamlin D William Byron D Josh Berry D Austin Dillon D Noah Gragson,,,
333,5282678212,thizzhyphy,0,224.09999,D Kyle Larson D Denny Hamlin D William Byron D Josh Berry D Austin Dillon D Noah Gragson,,,
338,5281663743,jehager4,0,224,D Denny Hamlin D Carson Hocevar D Bubba Wallace D Josh Berry D Shane Van Gisbergen D Austin Dillon,,,
338,5282136687,Terry301,0,224,D Tyler Reddick D Joey Logano D Carson Hocevar D Austin Cindric D Ross Chastain D AJ Allmendinger,,,
340,5281623701,markhokie,0,223.85,D Denny Hamlin D Chase Briscoe D Joey Logano D Ross Chastain D Josh Berry D Todd Gilliland,,,
340,5282352372,bitty7vette,0,223.84999,D Ryan Blaney D Joey Logano D Carson Hocevar D Austin Cindric D Josh Berry D Ryan Preece,,,
342,5281889008,gobobby,0,223.45001,D Kyle Larson D Joey Logano D Chase Elliott D Alex Bowman D Brad Keselowski D AJ Allmendinger,,,
343,5280546459,bpadge,0,223.3,D Kyle Larson D Ryan Blaney D Joey Logano D Josh Berry D Zane Smith D Noah Gragson,,,
343,5282209066,RRR58,0,223.3,D Kyle Larson D Ryan Blaney D Joey Logano D Josh Berry D Zane Smith D Noah Gragson,,,
343,5282880747,againbama,0,223.3,D Kyle Larson D Ryan Blaney D Joey Logano D Josh Berry D Zane Smith D Noah Gragson,,,
343,5282573936,mcmillig,0,223.29999,D Kyle Larson D Denny Hamlin D Tyler Reddick D Austin Dillon D John H. Nemechek D Noah Gragson,,,
347,5279954014,chrisdoty65,0,223.15,D Denny Hamlin D Joey Logano D Chase Elliott D Alex Bowman D Brad Keselowski D Shane Van Gisbergen,,,
348,5282685296,buccos24,0,222.75,D Christopher Bell D Ryan Blaney D William Byron D Bubba Wallace D Riley Herbst D AJ Allmendinger,,,
349,5276593666,Crad87,0,222.55,D Denny Hamlin D Chase Briscoe D Ty Gibbs D Josh Berry D Ryan Preece D Daniel Suárez,,,
349,5279774826,ForDeans,0,222.55,D Denny Hamlin D Chase Briscoe D Ty Gibbs D Josh Berry D Ryan Preece D Daniel Suárez,,,
351,5282752940,CashMoneyMyers,0,222.09999,D Christopher Bell D William Byron D Bubba Wallace D Austin Cindric D Alex Bowman D Daniel Suárez,,,
352,5281387146,allpoints03,0,221.95001,D Joey Logano D William Byron D Carson Hocevar D Chase Elliott D Alex Bowman D Erik Jones,,,
352,5280593779,milkman097,0,221.95,D Ryan Blaney D Joey Logano D William Byron D Chase Elliott D Brad Keselowski D John H. Nemechek,,,
352,5282624133,scottyhellfire,0,221.95,D Ty Gibbs D Carson Hocevar D Chase Elliott D Austin Cindric D Chris Buescher D Alex Bowman,,,
355,5281038345,Reboundboy,0,221.75,D Kyle Larson D Denny Hamlin D William Byron D Daniel Suárez D Riley Herbst D AJ Allmendinger,,,
356,5278739278,TheBallsDeeper,0,221.55002,D Kyle Larson D William Byron D Carson Hocevar D Alex Bowman D Shane Van Gisbergen D Todd Gilliland,,,
357,5276767946,whiskeypatriot,0,221.45001,D Joey Logano D William Byron D Ty Gibbs D Chase Elliott D Alex Bowman D Daniel Suárez,,,
358,5280335544,Bluegill1,0,221.25,D Ryan Blaney D Joey Logano D Chase Elliott D Bubba Wallace D Josh Berry D Zane Smith,,,
359,5281166861,SBUBONNIES,0,221.05,D Denny Hamlin D Chase Briscoe D Carson Hocevar D Brad Keselowski D Josh Berry D Zane Smith,,,
360,5280536167,mike4934,0,221,D William Byron D Carson Hocevar D Chase Elliott D Bubba Wallace D Austin Cindric D Ryan Preece,,,
360,5280874561,gravelramabrawl,0,221,D Denny Hamlin D Ryan Blaney D Joey Logano D Bubba Wallace D Austin Dillon D Ricky Stenhouse Jr,,,
362,5279759903,69Ripper,0,220.95,D Denny Hamlin D Christopher Bell D Tyler Reddick D Shane Van Gisbergen D Austin Dillon D Noah Gragson,,,
363,5281399073,kurtwanabe,0,220.65,D Denny Hamlin D Tyler Reddick D Bubba Wallace D Chris Buescher D Daniel Suárez D Riley Herbst,,,
363,5282648020,rxman101,0,220.65,D Kyle Larson D Ryan Blaney D Chase Elliott D Ross Chastain D Josh Berry D Noah Gragson,,,
363,5282814387,Dertikev,0,220.65,D Denny Hamlin D Christopher Bell D Chase Briscoe D Erik Jones D Riley Herbst D John H. Nemechek,,,
366,5277217729,GambiTCereaL,0,220.54999,D Kyle Larson D Denny Hamlin D William Byron D Josh Berry D Riley Herbst D Noah Gragson,,,
366,5282598979,edice1322,0,220.54999,D Kyle Larson D Denny Hamlin D William Byron D Josh Berry D Riley Herbst D Noah Gragson,,,
368,5282126820,rerrante,0,220.3,D Kyle Larson D Ryan Blaney D Joey Logano D Josh Berry D Austin Dillon D Connor Zilisch,,,
369,5282442863,Number1Spidey,0,220.25,D Ryan Blaney D Joey Logano D Chase Elliott D Bubba Wallace D Josh Berry D Ryan Preece,,,
369,5282736866,Player_10000,0,220.25,D Ryan Blaney D Joey Logano D Chase Elliott D Bubba Wallace D Josh Berry D Ryan Preece,,,
371,5282786470,ssumner2448,0,219.95,D Kyle Larson D William Byron D Austin Cindric D Alex Bowman D Brad Keselowski D Josh Berry,,,
372,5282262637,OldmanFrank,0,219.74998,D Kyle Larson D Denny Hamlin D Tyler Reddick D Riley Herbst D John H. Nemechek D Noah Gragson,,,
373,5281440798,thender84,0,219.6,D Kyle Larson D Ryan Blaney D Joey Logano D Josh Berry D Daniel Suárez D Todd Gilliland,,,
374,5282652370,jdvictorylane,0,219.2,D Tyler Reddick D Ryan Blaney D Ty Gibbs D Bubba Wallace D Erik Jones D Austin Dillon,,,
375,5282567379,Deezuhl,0,218.99998,D Denny Hamlin D Joey Logano D William Byron D Austin Cindric D Josh Berry D John H. Nemechek,,,
376,5282714793,jsarson,0,218.95,D Christopher Bell D Ryan Blaney D Chase Elliott D Alex Bowman D Josh Berry D Noah Gragson,,,
377,5282352980,luvthemredbirds,0,218.65,D Denny Hamlin D Chase Briscoe D William Byron D Ross Chastain D Josh Berry D Connor Zilisch,,,
378,5281321800,blake2110,0,218.54999,D Denny Hamlin D Ryan Blaney D Carson Hocevar D Chris Buescher D Josh Berry D Austin Hill,,,
379,5281416754,mrmrscox,0,218.34999,D Denny Hamlin D Ryan Blaney D Joey Logano D Josh Berry D Michael McDowell D Austin Dillon,,,
380,5280286501,jonr8602,0,218.24998,D Denny Hamlin D Ryan Blaney D Chase Elliott D Alex Bowman D Josh Berry D Michael McDowell,,,
381,5281507905,vickyinpa,0,218.1,D Kyle Larson D Joey Logano D Carson Hocevar D Chase Elliott D Austin Dillon D Ricky Stenhouse Jr,,,
382,5281362956,Draxler1982,0,217.95001,D Christopher Bell D Tyler Reddick D Ryan Blaney D Shane Van Gisbergen D Connor Zilisch D Noah Gragson,,,
383,5278038158,raywacko,0,217.65,D Kyle Larson D Denny Hamlin D William Byron D Alex Bowman D John H. Nemechek D Noah Gragson,,,
383,5280541447,Dan392,0,217.65,D Kyle Larson D Denny Hamlin D William Byron D Alex Bowman D John H. Nemechek D Noah Gragson,,,
383,5282789921,mrnorrad,0,217.65,D Kyle Larson D Denny Hamlin D William Byron D Alex Bowman D John H. Nemechek D Noah Gragson,,,
383,5282921910,dnjoseph1,0,217.65,D Kyle Larson D Denny Hamlin D William Byron D Alex Bowman D John H. Nemechek D Noah Gragson,,,
387,5281243715,sabanswallows,0,217.6,D Denny Hamlin D Chase Briscoe D Ty Gibbs D Chase Elliott D Ryan Preece D Ty Dillon,,,
388,5279319788,Clydeahart,0,217.2,D Denny Hamlin D Ryan Blaney D Chase Elliott D Bubba Wallace D Daniel Suárez D Ricky Stenhouse Jr,,,
389,5279767135,jeg58,0,216.95,D Kyle Larson D Denny Hamlin D Ryan Blaney D Josh Berry D Noah Gragson D Ty Dillon,,,
389,5281990841,crawford102,0,216.95,D Kyle Larson D Denny Hamlin D Ryan Blaney D Josh Berry D Noah Gragson D Ty Dillon,,,
391,5279258592,Kroot04,0,216.84999,D Christopher Bell D Ryan Blaney D William Byron D Alex Bowman D Josh Berry D Noah Gragson,,,
392,5281260036,Zacky165,0,216.69998,D Kyle Larson D Chase Briscoe D Joey Logano D Ross Chastain D Ryan Preece D Ricky Stenhouse Jr,,,
393,5279797145,dgrd1001,0,216.5,D Kyle Larson D Ryan Blaney D Chase Elliott D Josh Berry D Daniel Suárez D Connor Zilisch,,,
394,5282082373,jwzmolik,0,216.35,D Kyle Larson D William Byron D Chase Elliott D Alex Bowman D Josh Berry D John H. Nemechek,,,
395,5278493472,mknob87,0,216.2,D Denny Hamlin D Carson Hocevar D Chase Elliott D Bubba Wallace D Josh Berry D Daniel Suárez,,,
395,5281653156,jah_586,0,216.2,D Ryan Blaney D Chase Briscoe D William Byron D Ross Chastain D Ryan Preece D Zane Smith,,,
397,5282501867,kimballwaters,0,215.95001,D Kyle Larson D William Byron D Bubba Wallace D Alex Bowman D Brad Keselowski D Daniel Suárez,,,
398,5280474759,rjr56171,0,215.9,D Ryan Blaney D Carson Hocevar D Chase Elliott D Bubba Wallace D Chris Buescher D Ryan Preece,,,
399,5276855565,cpolleys,0,215.85,D Kyle Larson D Joey Logano D Carson Hocevar D Alex Bowman D Brad Keselowski D Austin Dillon,,,
399,5281685345,TheGame2169,0,215.85,D Kyle Larson D Denny Hamlin D Ryan Blaney D Zane Smith D AJ Allmendinger D Noah Gragson,,,
401,5280504641,rogeralan60,0,215.45,D Denny Hamlin D Ryan Blaney D Joey Logano D Brad Keselowski D Josh Berry D Noah Gragson,,,
401,5281088603,jchoma10,0,215.45,D Denny Hamlin D Ryan Blaney D Joey Logano D Brad Keselowski D Josh Berry D Noah Gragson,,,
401,5281608264,Mulligan4J,0,215.45,D Ryan Blaney D William Byron D Ty Gibbs D Alex Bowman D Josh Berry D Austin Dillon,,,
401,5281981265,GamingIncCEO,0,215.45,D Denny Hamlin D Ryan Blaney D Joey Logano D Brad Keselowski D Josh Berry D Noah Gragson,,,
401,5282748184,buckdup,0,215.45,D Denny Hamlin D Ryan Blaney D Joey Logano D Brad Keselowski D Josh Berry D Noah Gragson,,,
406,5278360998,ColtsSB,0,215.2,D Kyle Larson D Denny Hamlin D Chase Elliott D Chris Buescher D John H. Nemechek D Noah Gragson,,,
407,5281496897,thabease,0,215.04999,D Ryan Blaney D Joey Logano D William Byron D Chris Buescher D Ross Chastain D Austin Dillon,,,
408,5281763589,Allychevy48,0,215,D Kyle Larson D Denny Hamlin D Austin Cindric D Josh Berry D Daniel Suárez D Michael McDowell,,,
409,5278717373,jofo51,0,214.95,D Kyle Larson D Denny Hamlin D Ryan Blaney D Riley Herbst D Connor Zilisch D Noah Gragson,,,
409,5281257890,mckiss,0,214.95,D Ryan Blaney D William Byron D Chase Elliott D Chris Buescher D Alex Bowman D Ross Chastain,,,
411,5281793742,Riccajb9,0,214.85,D Kyle Larson D Christopher Bell D Austin Cindric D Chris Buescher D Josh Berry D Noah Gragson,,,
412,5281424600,daconklin1,0,214.4,D Ryan Blaney D Joey Logano D Bubba Wallace D Austin Cindric D Brad Keselowski D Ryan Preece,,,
413,5279309815,R.Bobby,0,214.3,D Kyle Larson D Ryan Blaney D Joey Logano D Josh Berry D Erik Jones D John H. Nemechek,,,
413,5281730304,ahrens23,0,214.3,D Christopher Bell D Tyler Reddick D Chase Briscoe D Daniel Suárez D Zane Smith D Connor Zilisch,,,
415,5282116303,impeccablycomingup,0,214.09999,D Kyle Larson D Tyler Reddick D Joey Logano D Josh Berry D Zane Smith D Noah Gragson,,,
416,5282383511,pcorrao45,0,214,D Ryan Blaney D Joey Logano D Ty Gibbs D Chase Elliott D Brad Keselowski D Austin Dillon,,,
417,5278586229,H437Princes,0,213.95001,D Christopher Bell D Tyler Reddick D Ryan Blaney D Ryan Preece D Shane Van Gisbergen D Noah Gragson,,,
418,5279591373,Garman23,0,213.79999,D Kyle Larson D Chase Briscoe D Chris Buescher D Ross Chastain D Erik Jones D Connor Zilisch,,,
419,5281729324,bjet32,0,213.7,D Kyle Larson D Denny Hamlin D Austin Cindric D Chris Buescher D Alex Bowman D Cody Ware,,,
420,5281507001,Apwhip00,0,213.65001,D Christopher Bell D Tyler Reddick D Bubba Wallace D Austin Cindric D Daniel Suárez D Michael McDowell,,,
420,5278994925,tom4texans,0,213.65,D Kyle Larson D Tyler Reddick D Bubba Wallace D Alex Bowman D Ryan Preece D AJ Allmendinger,,,
422,5281988275,rnrppr1997,0,213.4,D Denny Hamlin D William Byron D Chase Elliott D Chris Buescher D Brad Keselowski D Shane Van Gisbergen,,,
422,5282822069,pigskin23,0,213.4,D Denny Hamlin D William Byron D Chase Elliott D Chris Buescher D Brad Keselowski D Shane Van Gisbergen,,,
424,5279382618,4166ed,0,213.34999,D Denny Hamlin D Carson Hocevar D Chase Elliott D Bubba Wallace D Alex Bowman D Michael McDowell,,,
425,5282896544,Hockeytown007bond,0,213.2,D Kyle Larson D Tyler Reddick D Chris Buescher D Alex Bowman D Brad Keselowski D Austin Dillon,,,
426,5278393990,mbolen18,0,213.15001,D Kyle Larson D Joey Logano D Austin Cindric D Alex Bowman D Josh Berry D Ryan Preece,,,
427,5276807292,brainwelling,0,212.85,D Kyle Larson D Joey Logano D Ty Gibbs D Bubba Wallace D Michael McDowell D AJ Allmendinger,,,
428,5277827895,keystoneLTkiller,0,212.7,D Denny Hamlin D Ty Gibbs D Bubba Wallace D Austin Cindric D Chris Buescher D Austin Dillon,,,
429,5281748705,Rotaluger63,0,212.5,D Kyle Larson D Denny Hamlin D Ryan Blaney D Erik Jones D John H. Nemechek D Noah Gragson,,,
430,5280589837,catdaddy19,0,212.45,D Denny Hamlin D Ryan Blaney D Joey Logano D Josh Berry D Erik Jones D Austin Dillon,,,
430,5282687842,tylerwashere93,0,212.45,D Denny Hamlin D Ryan Blaney D Joey Logano D Josh Berry D Erik Jones D Austin Dillon,,,
432,5276965803,SlimySalamander,0,212.3,D Kyle Larson D Denny Hamlin D Joey Logano D Josh Berry D John H. Nemechek D Noah Gragson,,,
432,5277094294,plewis247,0,212.3,D Kyle Larson D Denny Hamlin D Joey Logano D Josh Berry D John H. Nemechek D Noah Gragson,,,
432,5278689579,Mlstephenson88,0,212.3,D Kyle Larson D Denny Hamlin D Joey Logano D Josh Berry D John H. Nemechek D Noah Gragson,,,
432,5280488888,rodgo1,0,212.3,D Kyle Larson D Denny Hamlin D Joey Logano D Josh Berry D John H. Nemechek D Noah Gragson,,,
432,5280525420,charris3435,0,212.3,D Kyle Larson D Denny Hamlin D Joey Logano D Josh Berry D John H. Nemechek D Noah Gragson,,,
432,5280902376,AJSuperman,0,212.3,D Kyle Larson D Denny Hamlin D Joey Logano D Josh Berry D John H. Nemechek D Noah Gragson,,,
432,5280912095,rp1381,0,212.3,D Kyle Larson D Denny Hamlin D Joey Logano D Josh Berry D John H. Nemechek D Noah Gragson,,,
432,5281119652,tommytdv41,0,212.3,D Kyle Larson D Denny Hamlin D Joey Logano D Josh Berry D John H. Nemechek D Noah Gragson,,,
432,5281305572,TexasPocketRocket,0,212.3,D Kyle Larson D Denny Hamlin D Joey Logano D Josh Berry D John H. Nemechek D Noah Gragson,,,
432,5281307699,JLR1985,0,212.3,D Kyle Larson D Denny Hamlin D Joey Logano D Josh Berry D John H. Nemechek D Noah Gragson,,,
432,5281324120,lpratts,0,212.3,D Kyle Larson D Denny Hamlin D Joey Logano D Josh Berry D John H. Nemechek D Noah Gragson,,,
432,5281345527,gators070,0,212.3,D Kyle Larson D Denny Hamlin D Joey Logano D Josh Berry D John H. Nemechek D Noah Gragson,,,
432,5281370396,WaitTilNextYear,0,212.3,D Kyle Larson D Denny Hamlin D Joey Logano D Josh Berry D John H. Nemechek D Noah Gragson,,,
432,5281715323,morinj22,0,212.3,D Kyle Larson D Denny Hamlin D Joey Logano D Josh Berry D John H. Nemechek D Noah Gragson,,,
432,5281755764,cowboys767,0,212.3,D Kyle Larson D Denny Hamlin D Joey Logano D Josh Berry D John H. Nemechek D Noah Gragson,,,
432,5281858068,bamajets,0,212.3,D Kyle Larson D Denny Hamlin D Joey Logano D Josh Berry D John H. Nemechek D Noah Gragson,,,
432,5282287598,Buckeye-Ninja,0,212.3,D Kyle Larson D Denny Hamlin D Joey Logano D Josh Berry D John H. Nemechek D Noah Gragson,,,
432,5282330814,austin60915,0,212.3,D Kyle Larson D Denny Hamlin D Joey Logano D Josh Berry D John H. Nemechek D Noah Gragson,,,
432,5282427513,tuck8989,0,212.3,D Kyle Larson D Denny Hamlin D Joey Logano D Josh Berry D John H. Nemechek D Noah Gragson,,,
432,5282511018,cglenn91,0,212.3,D Kyle Larson D Denny Hamlin D Joey Logano D Josh Berry D John H. Nemechek D Noah Gragson,,,
432,5282701806,adman895,0,212.3,D Kyle Larson D Denny Hamlin D Joey Logano D Josh Berry D John H. Nemechek D Noah Gragson,,,
432,5282873329,wagner13454,0,212.3,D Kyle Larson D Denny Hamlin D Joey Logano D Josh Berry D John H. Nemechek D Noah Gragson,,,
432,5282890557,cubsfankev,0,212.3,D Kyle Larson D Denny Hamlin D Joey Logano D Josh Berry D John H. Nemechek D Noah Gragson,,,
455,5282889201,Tjwinner2015,0,212.25,D Kyle Larson D Joey Logano D William Byron D Ross Chastain D Shane Van Gisbergen D Michael McDowell,,,
456,5280696489,RNATION34,0,212.20001,D Kyle Larson D Joey Logano D Carson Hocevar D Josh Berry D Ryan Preece D Shane Van Gisbergen,,,
457,5280921718,Anthony3251,0,211.84999,D Denny Hamlin D Joey Logano D William Byron D Austin Cindric D Daniel Suárez D Connor Zilisch,,,
457,5282208060,polksmokes,0,211.84999,D Denny Hamlin D Joey Logano D William Byron D Austin Cindric D Daniel Suárez D Connor Zilisch,,,
459,5281207097,20stang00,0,211.65,D Kyle Larson D Denny Hamlin D William Byron D Erik Jones D Austin Dillon D Noah Gragson,,,
460,5282828156,ND_4life,0,211.45,D Ryan Blaney D Joey Logano D Carson Hocevar D Chris Buescher D Alex Bowman D Ryan Preece,,,
461,5281407034,lsbruehl,0,211.40001,D Kyle Larson D Joey Logano D Chase Elliott D Alex Bowman D Daniel Suárez D Zane Smith,,,
461,5281811583,ravenstwins,0,211.4,D Denny Hamlin D Joey Logano D Ty Gibbs D Austin Cindric D Josh Berry D AJ Allmendinger,,,
463,5277194485,mattpooley,0,211.1,D Kyle Larson D Christopher Bell D Joey Logano D Daniel Suárez D Austin Dillon D AJ Allmendinger,,,
463,5280094250,cyclones82,0,211.1,D Kyle Larson D Christopher Bell D Joey Logano D Daniel Suárez D Austin Dillon D AJ Allmendinger,,,
463,5280580970,calebm321,0,211.09999,D Denny Hamlin D Ryan Blaney D Bubba Wallace D Alex Bowman D Josh Berry D Erik Jones,,,
466,5282724310,RyFo18,0,211.05,D Kyle Larson D Tyler Reddick D Carson Hocevar D Ross Chastain D Daniel Suárez D Noah Gragson,,,
467,5277031553,JDamien2442,0,211,D Ryan Blaney D Ty Gibbs D Carson Hocevar D Chase Elliott D Chris Buescher D Michael McDowell,,,
468,5280004585,ChampCausey,0,210.90001,D Ryan Blaney D Joey Logano D Ty Gibbs D Austin Cindric D Ryan Preece D Daniel Suárez,,,
468,5280986127,uwake,0,210.9,D Denny Hamlin D Tyler Reddick D Ryan Blaney D Josh Berry D Connor Zilisch D Noah Gragson,,,
470,5282118109,planteface,0,210.59999,D Ryan Blaney D Joey Logano D William Byron D Alex Bowman D Josh Berry D Ryan Preece,,,
470,5282883735,DongCorleone,0,210.59999,D Ryan Blaney D Joey Logano D William Byron D Alex Bowman D Josh Berry D Ryan Preece,,,
472,5281212330,Birdsack,0,210.55,D Denny Hamlin D Christopher Bell D Ryan Blaney D Daniel Suárez D Austin Dillon D Noah Gragson,,,
473,5281841131,Wardo,0,210.4,D Ryan Blaney D William Byron D Ty Gibbs D Austin Cindric D Alex Bowman D Zane Smith,,,
474,5279787864,Jacks5150,0,210.34999,D Denny Hamlin D Joey Logano D Bubba Wallace D Chris Buescher D Alex Bowman D Michael McDowell,,,
474,5280249429,muas,0,210.34999,D Denny Hamlin D Carson Hocevar D Bubba Wallace D Austin Cindric D Brad Keselowski D Daniel Suárez,,,
474,5282752828,NeoRevan,0,210.34999,D Ryan Blaney D Joey Logano D Ty Gibbs D Chase Elliott D Chris Buescher D Cody Ware,,,
477,5279643456,stebeck1,0,210.25,D William Byron D Ty Gibbs D Chase Elliott D Bubba Wallace D Alex Bowman D Josh Berry,,,
478,5279762389,theonlyhanch,0,210.1,D Kyle Larson D Tyler Reddick D William Byron D Daniel Suárez D Zane Smith D AJ Allmendinger,,,
479,5282652659,joegonads,0,210.05,D Kyle Larson D Denny Hamlin D Chase Elliott D Brad Keselowski D Daniel Suárez D Noah Gragson,,,
480,5281103432,alex9374,0,209.59999,D Ryan Blaney D Joey Logano D Chase Elliott D Chris Buescher D Ross Chastain D Josh Berry,,,
481,5282644642,Rhodges79,0,209.54999,D Denny Hamlin D Joey Logano D William Byron D Austin Cindric D Zane Smith D Austin Dillon,,,
482,5278263008,Maxdeath,0,209.2,D Kyle Larson D Denny Hamlin D Chase Elliott D Chris Buescher D Austin Dillon D John H. Nemechek,,,
482,5280804594,Peter_North,0,209.2,D Kyle Larson D Denny Hamlin D Chase Elliott D Chris Buescher D Austin Dillon D John H. Nemechek,,,
482,5281553848,jonnynewmz,0,209.2,D Kyle Larson D Denny Hamlin D Chase Elliott D Chris Buescher D Austin Dillon D John H. Nemechek,,,
482,5281906241,AUTigerfan2,0,209.2,D Kyle Larson D Denny Hamlin D Chase Elliott D Chris Buescher D Austin Dillon D John H. Nemechek,,,
482,5282126306,silvernohubcaps,0,209.2,D Ryan Blaney D Joey Logano D Carson Hocevar D Chris Buescher D Ross Chastain D Daniel Suárez,,,
487,5282262683,anthonylane8871,0,209.04999,D Denny Hamlin D Ty Gibbs D Chase Elliott D Bubba Wallace D Austin Cindric D John H. Nemechek,,,
488,5281866368,wescornett,0,209,D William Byron D Ty Gibbs D Carson Hocevar D Bubba Wallace D Chris Buescher D Alex Bowman,,,
489,5277606550,sully0818,0,208.84998,D Kyle Larson D Denny Hamlin D Tyler Reddick D Daniel Suárez D AJ Allmendinger D Cody Ware,,,
490,5277958883,Stover58,0,208.45001,D Kyle Larson D William Byron D Chase Elliott D Bubba Wallace D Brad Keselowski D John H. Nemechek,,,
491,5281058295,4ssmith4,0,208.35,D Christopher Bell D Joey Logano D Austin Cindric D Chris Buescher D Alex Bowman D Josh Berry,,,
492,5282163422,cgillett01,0,208.3,D Kyle Larson D Denny Hamlin D Bubba Wallace D Josh Berry D Shane Van Gisbergen D Ricky Stenhouse Jr,,,
493,5281560677,marino82867,0,208.25,D Tyler Reddick D Joey Logano D William Byron D Alex Bowman D Ryan Preece D Daniel Suárez,,,
494,5282241202,cysco43,0,207.95,D Kyle Larson D William Byron D Austin Cindric D Alex Bowman D Josh Berry D Ryan Preece,,,
495,5282665773,statistical_genius,0,207.79999,D Denny Hamlin D Ryan Blaney D Chase Elliott D Chris Buescher D Ross Chastain D Noah Gragson,,,
496,5278518886,briannedanielle,0,207.09999,D Kyle Larson D Denny Hamlin D William Byron D Josh Berry D John H. Nemechek D Noah Gragson,,,
496,5280776007,Wizeguy1015,0,207.09999,D Kyle Larson D Denny Hamlin D William Byron D Josh Berry D John H. Nemechek D Noah Gragson,,,
496,5281061572,kcheros,0,207.09999,D Kyle Larson D Denny Hamlin D William Byron D Josh Berry D John H. Nemechek D Noah Gragson,,,
496,5281349383,cso82,0,207.09999,D Kyle Larson D Denny Hamlin D William Byron D Josh Berry D John H. Nemechek D Noah Gragson,,,
496,5281493794,Sadseed123,0,207.09999,D Kyle Larson D Denny Hamlin D William Byron D Josh Berry D John H. Nemechek D Noah Gragson,,,
496,5281570905,jrsandel,0,207.09999,D Kyle Larson D Denny Hamlin D William Byron D Josh Berry D John H. Nemechek D Noah Gragson,,,
496,5281589655,JaylenRose,0,207.09999,D Kyle Larson D Denny Hamlin D William Byron D Josh Berry D John H. Nemechek D Noah Gragson,,,
496,5281812941,bohntrpa,0,207.09999,D Kyle Larson D Denny Hamlin D William Byron D Josh Berry D John H. Nemechek D Noah Gragson,,,
496,5281866622,wesol33,0,207.09999,D Kyle Larson D Denny Hamlin D William Byron D Josh Berry D John H. Nemechek D Noah Gragson,,,
496,5282252017,skholbrook77,0,207.09999,D Kyle Larson D Denny Hamlin D William Byron D Josh Berry D John H. Nemechek D Noah Gragson,,,
496,5282718435,kage12,0,207.09999,D Kyle Larson D Denny Hamlin D William Byron D Josh Berry D John H. Nemechek D Noah Gragson,,,
496,5282733758,jbegge,0,207.09999,D Denny Hamlin D William Byron D Austin Cindric D Chris Buescher D Alex Bowman D Brad Keselowski,,,
496,5282791963,EAllen081289,0,207.09999,D Kyle Larson D Denny Hamlin D William Byron D Josh Berry D John H. Nemechek D Noah Gragson,,,
496,5282802873,david.james,0,207.09999,D Kyle Larson D Denny Hamlin D William Byron D Josh Berry D John H. Nemechek D Noah Gragson,,,
510,5280258696,Batman1257,0,206.79999,D Kyle Larson D Chase Briscoe D Chris Buescher D Ross Chastain D Brad Keselowski D Ryan Preece,,,
510,5281818263,tsmccartan,0,206.79999,D Denny Hamlin D Joey Logano D William Byron D Ross Chastain D Daniel Suárez D Shane Van Gisbergen,,,
512,5282251882,kjspaven,0,206.55,D Denny Hamlin D William Byron D Carson Hocevar D Alex Bowman D Josh Berry D Daniel Suárez,,,
512,5281550354,whiteduece,0,206.54999,D Christopher Bell D Chase Briscoe D Chris Buescher D Alex Bowman D Ross Chastain D Brad Keselowski,,,
514,5281300333,shampain,0,206.5,D Denny Hamlin D Tyler Reddick D Chase Elliott D Chris Buescher D Erik Jones D AJ Allmendinger,,,
515,5280428622,YellowFly,0,206.45,D Denny Hamlin D Tyler Reddick D Carson Hocevar D Alex Bowman D Brad Keselowski D Noah Gragson,,,
516,5280701805,bush87,0,206.25,D Kyle Larson D Ryan Blaney D Ty Gibbs D Carson Hocevar D Austin Hill D Ty Dillon,,,
517,5280875652,dropzone420,0,206.2,D Kyle Larson D Denny Hamlin D Chase Elliott D Josh Berry D Erik Jones D Noah Gragson,,,
517,5281836222,gcav8r,0,206.2,D Kyle Larson D Denny Hamlin D Chase Elliott D Josh Berry D Erik Jones D Noah Gragson,,,
517,5282920962,APorter819,0,206.2,D Denny Hamlin D Joey Logano D Ty Gibbs D Bubba Wallace D Josh Berry D Noah Gragson,,,
520,5278368133,tsedore9,0,206,D Denny Hamlin D Ryan Blaney D Joey Logano D Alex Bowman D Erik Jones D John H. Nemechek,,,
521,5278395368,darthjimi,0,205.95,D Kyle Larson D Ryan Blaney D Chase Elliott D Ryan Preece D Daniel Suárez D Michael McDowell,,,
522,5277984818,fatboys98,0,205.85,D Kyle Larson D Denny Hamlin D Ty Gibbs D Shane Van Gisbergen D Michael McDowell D AJ Allmendinger,,,
523,5281260839,web316,0,205.74998,D Tyler Reddick D Ryan Blaney D Austin Cindric D Chris Buescher D Brad Keselowski D Ryan Preece,,,
524,5281588609,postalchris,0,205.5,D Kyle Larson D Ryan Blaney D Carson Hocevar D Brad Keselowski D Erik Jones D Austin Dillon,,,
524,5282020377,chrisbenasty,0,205.5,D Austin Cindric D Chris Buescher D Alex Bowman D Ross Chastain D Daniel Suárez D Shane Van Gisbergen,,,
526,5282511507,franksoysters,0,205.40001,D Kyle Larson D William Byron D Bubba Wallace D Alex Bowman D Ross Chastain D Daniel Suárez,,,
527,5280804519,jhicks95524,0,205.35,D Denny Hamlin D Joey Logano D William Byron D Ryan Preece D Daniel Suárez D Shane Van Gisbergen,,,
528,5278731137,Piggott39,0,205.20001,D Kyle Larson D William Byron D Chase Elliott D Alex Bowman D Ryan Preece D Daniel Suárez,,,
529,5278368428,geoffm33,0,205.15001,D Kyle Larson D Denny Hamlin D Joey Logano D Daniel Suárez D Connor Zilisch D Noah Gragson,,,
530,5281088017,mark37179,0,205,D Kyle Larson D Ryan Blaney D Ty Gibbs D Austin Cindric D Michael McDowell D Todd Gilliland,,,
531,5281911016,tgreetan65,0,204.84999,D Kyle Larson D Denny Hamlin D Carson Hocevar D Josh Berry D Michael McDowell D Noah Gragson,,,
532,5281784765,mciama2000,0,204.75002,D Denny Hamlin D William Byron D Chase Elliott D Austin Cindric D Ryan Preece D Daniel Suárez,,,
533,5278771965,ddd921,0,204.65,D Denny Hamlin D Ryan Blaney D Ty Gibbs D Chase Elliott D Austin Dillon D John H. Nemechek,,,
534,5279578559,brew9509,0,204.59999,D Denny Hamlin D Tyler Reddick D Austin Cindric D Alex Bowman D Ryan Preece D Daniel Suárez,,,
535,5278884185,Lord007,0,204.55,D Kyle Larson D Joey Logano D Chase Elliott D Alex Bowman D Josh Berry D Zane Smith,,,
535,5282863898,sbourcy,0,204.55,D Kyle Larson D Joey Logano D Chase Elliott D Alex Bowman D Josh Berry D Zane Smith,,,
537,5281037580,butchismyhomie,0,204.45,D Denny Hamlin D Ryan Blaney D Joey Logano D Josh Berry D Zane Smith D Noah Gragson,,,
537,5281571418,Wastinky,0,204.45,D Denny Hamlin D Ryan Blaney D Joey Logano D Josh Berry D Zane Smith D Noah Gragson,,,
537,5281613106,Osulaker16,0,204.45,D Denny Hamlin D Ryan Blaney D Joey Logano D Josh Berry D Zane Smith D Noah Gragson,,,
537,5278557241,Tarheels88,0,204.44998,D Christopher Bell D Chase Briscoe D Joey Logano D Ross Chastain D Josh Berry D Connor Zilisch,,,
541,5281357627,luckie1710,0,204.3,D Kyle Larson D Denny Hamlin D Joey Logano D Josh Berry D Austin Hill D John H. Nemechek,,,
542,5282684851,BChap71,0,204.24998,D Denny Hamlin D Tyler Reddick D Joey Logano D Chris Buescher D Connor Zilisch D Noah Gragson,,,
543,5280743945,DMATH,0,204,D Kyle Larson D Joey Logano D William Byron D Alex Bowman D Brad Keselowski D John H. Nemechek,,,
544,5280192545,TY54321,0,203.84999,D Kyle Larson D Ryan Blaney D Chris Buescher D Alex Bowman D Josh Berry D Zane Smith,,,
545,5276518836,Lancey.Pants,0,203.65,D Denny Hamlin D Ryan Blaney D Chase Elliott D Chris Buescher D Daniel Suárez D Connor Zilisch,,,
545,5278221562,seegerson04,0,203.65,D Kyle Larson D Denny Hamlin D William Byron D Alex Bowman D Noah Gragson D Todd Gilliland,,,
545,5278930326,danno_35,0,203.65,D Kyle Larson D Denny Hamlin D William Byron D Alex Bowman D Noah Gragson D Todd Gilliland,,,
545,5282259180,flow124,0,203.65,D Kyle Larson D Denny Hamlin D William Byron D Alex Bowman D Austin Dillon D Ty Dillon,,,
549,5277418813,tjbracken,0,203.6,D Kyle Larson D Denny Hamlin D Alex Bowman D Ross Chastain D Daniel Suárez D Shane Van Gisbergen,,,
549,5281291296,Nackerson,0,203.6,D Kyle Larson D Denny Hamlin D Alex Bowman D Ross Chastain D Daniel Suárez D Shane Van Gisbergen,,,
551,5282715418,icing021,0,203.54999,D Denny Hamlin D Ryan Blaney D Carson Hocevar D Chris Buescher D Josh Berry D John H. Nemechek,,,
552,5281546216,halleewood,0,203.50002,D Denny Hamlin D William Byron D Bubba Wallace D Austin Cindric D Ryan Preece D Daniel Suárez,,,
553,5280874570,cbouws,0,203.45,D Denny Hamlin D Tyler Reddick D Ryan Blaney D Bubba Wallace D Ricky Stenhouse Jr D Cole Custer,,,
554,5282530219,gleetghost77,0,203.24998,D Tyler Reddick D Ryan Blaney D Joey Logano D Alex Bowman D Ross Chastain D Ty Dillon,,,
555,5278698751,damoney8888,0,203.2,D Kyle Larson D Ryan Blaney D Chase Elliott D Chris Buescher D Erik Jones D Connor Zilisch,,,
555,5282793112,mikelucero73,0,203.19998,D Denny Hamlin D Tyler Reddick D Austin Cindric D Alex Bowman D Brad Keselowski D Michael McDowell,,,
557,5276613933,The_Weidmanator,0,203.1,D Kyle Larson D Denny Hamlin D Austin Cindric D Ross Chastain D Daniel Suárez D Austin Dillon,,,
557,5282776856,tipitina,0,203.1,D Christopher Bell D Ryan Blaney D Carson Hocevar D Bubba Wallace D Daniel Suárez D John H. Nemechek,,,
557,5282551525,26Speed,0,203.09999,D Kyle Larson D Denny Hamlin D William Byron D Chris Buescher D Austin Dillon D Cole Custer,,,
560,5282464768,priceless88,0,203.05002,D Kyle Larson D William Byron D Bubba Wallace D Austin Cindric D Ryan Preece D Erik Jones,,,
560,5280218600,coreybou12,0,203.05,D Kyle Larson D Tyler Reddick D Carson Hocevar D Ross Chastain D Daniel Suárez D Austin Hill,,,
562,5282479428,Lonestar2004,0,203,D Kyle Larson D Joey Logano D Chase Elliott D Chris Buescher D Josh Berry D Connor Zilisch,,,
563,5281615511,Goatradamus,0,202.75,D Kyle Larson D Denny Hamlin D Chase Elliott D Alex Bowman D Zane Smith D Noah Gragson,,,
564,5281954484,ldmoney,0,202.5,D Kyle Larson D Denny Hamlin D Chase Elliott D Josh Berry D Daniel Suárez D John H. Nemechek,,,
565,5282104116,MANNYSBEARS,0,202.20001,D Kyle Larson D Denny Hamlin D Joey Logano D Ryan Preece D AJ Allmendinger D Noah Gragson,,,
565,5279408806,TDfulmer77,0,202.2,D Kyle Larson D Denny Hamlin D Chase Elliott D Alex Bowman D Josh Berry D Cole Custer,,,
567,5282250931,MohrSports,0,202.15,D Denny Hamlin D Joey Logano D William Byron D Alex Bowman D Brad Keselowski D Austin Dillon,,,
567,5281954666,mgisigolf72,0,202.14998,D Denny Hamlin D Tyler Reddick D Joey Logano D Bubba Wallace D Michael McDowell D Cody Ware,,,
569,5281778969,TedBurget76101,0,201.95,D Kyle Larson D Denny Hamlin D Bubba Wallace D Brad Keselowski D Josh Berry D Noah Gragson,,,
570,5282503859,craig51405,0,201.65,D Kyle Larson D Denny Hamlin D Joey Logano D Brad Keselowski D Shane Van Gisbergen D Cody Ware,,,
571,5281351035,adavison,0,201.4,D Denny Hamlin D Ryan Blaney D Carson Hocevar D Josh Berry D Daniel Suárez D Erik Jones,,,
572,5282169090,carldebi,0,201.3,D Kyle Larson D Ryan Blaney D Joey Logano D Erik Jones D Zane Smith D Riley Herbst,,,
573,5281328506,Viperhammer,0,201.25,D Denny Hamlin D Tyler Reddick D Chase Elliott D Bubba Wallace D Erik Jones D John H. Nemechek,,,
574,5282902298,kca1025,0,201.20001,D William Byron D Ty Gibbs D Chase Elliott D Bubba Wallace D Austin Cindric D Ryan Preece,,,
575,5281205426,BJS79,0,201.09999,D Kyle Larson D Denny Hamlin D William Byron D Josh Berry D Austin Dillon D John H. Nemechek,,,
575,5281377599,jjbbliss,0,201.09999,D Kyle Larson D Denny Hamlin D William Byron D Josh Berry D Austin Dillon D John H. Nemechek,,,
577,5282723376,sirleged7777,0,200.8,D Denny Hamlin D Ryan Blaney D William Byron D Alex Bowman D Erik Jones D John H. Nemechek,,,
578,5280448599,bruc0074,0,200.75,D Denny Hamlin D Ryan Blaney D Joey Logano D Josh Berry D Daniel Suárez D Connor Zilisch,,,
578,5282416219,jgings28,0,200.75,D Denny Hamlin D Ryan Blaney D Joey Logano D Josh Berry D Daniel Suárez D Connor Zilisch,,,
578,5282855966,JBond00777,0,200.75,D Denny Hamlin D Ryan Blaney D Joey Logano D Josh Berry D Daniel Suárez D Connor Zilisch,,,
581,5279511223,eddieamen,0,200.65001,D Ryan Blaney D Ty Gibbs D Chase Elliott D Bubba Wallace D Alex Bowman D Ryan Preece,,,
582,5281280044,depalma13,0,200.3,D Kyle Larson D Ryan Blaney D Joey Logano D Josh Berry D Zane Smith D John H. Nemechek,,,
582,5282234939,eiznekcmcire,0,200.3,D Kyle Larson D Ryan Blaney D Joey Logano D Josh Berry D Erik Jones D Todd Gilliland,,,
584,5282871509,MVogt911,0,199.9,D Kyle Larson D Tyler Reddick D William Byron D Josh Berry D Erik Jones D John H. Nemechek,,,
585,5280292747,RaiderBob,0,199.84999,D Kyle Larson D Denny Hamlin D Ryan Blaney D Michael McDowell D Austin Dillon D Ricky Stenhouse Jr,,,
586,5281883113,cimmerian,0,199.8,D Kyle Larson D Ty Gibbs D Carson Hocevar D Chase Elliott D Daniel Suárez D John H. Nemechek,,,
587,5280079180,Jbarron13,0,199.65,D Kyle Larson D Denny Hamlin D Chase Elliott D Josh Berry D Riley Herbst D John H. Nemechek,,,
588,5281936385,cmorgs24,0,199.25,D Denny Hamlin D Ryan Blaney D William Byron D Alex Bowman D Josh Berry D Todd Gilliland,,,
588,5282035355,Rustycle,0,199.24998,D Christopher Bell D Tyler Reddick D Austin Cindric D Alex Bowman D Josh Berry D Michael McDowell,,,
590,5282277211,K-Steeler,0,199.15,D Denny Hamlin D William Byron D Carson Hocevar D Chris Buescher D Alex Bowman D Michael McDowell,,,
591,5282772106,thepoint35,0,199.05,D Kyle Larson D Denny Hamlin D Chase Elliott D Daniel Suárez D Zane Smith D Noah Gragson,,,
592,5281884888,jc1721jc,0,198.95,D Kyle Larson D Denny Hamlin D Bubba Wallace D Josh Berry D Erik Jones D Austin Dillon,,,
593,5282779506,ray-ray4,0,198.7,D Denny Hamlin D Ryan Blaney D Ty Gibbs D Austin Cindric D Josh Berry D Ty Dillon,,,
594,5282485649,Rathburn,0,198.59999,D Denny Hamlin D William Byron D Ty Gibbs D Austin Cindric D Daniel Suárez D Michael McDowell,,,
595,5281163048,Orochi,0,198.5,D Kyle Larson D Denny Hamlin D Ryan Blaney D Zane Smith D John H. Nemechek D Noah Gragson,,,
595,5282219153,nascarf048,0,198.5,D Kyle Larson D Denny Hamlin D Ryan Blaney D Zane Smith D John H. Nemechek D Noah Gragson,,,
595,5282800712,scober13,0,198.5,D Kyle Larson D Denny Hamlin D Ryan Blaney D Zane Smith D John H. Nemechek D Noah Gragson,,,
598,5279130750,djprymek,0,198.45,D Denny Hamlin D Ryan Blaney D Joey Logano D Josh Berry D Zane Smith D Austin Dillon,,,
598,5280802446,Radtek83,0,198.45,D Denny Hamlin D Ryan Blaney D Joey Logano D Josh Berry D Zane Smith D Austin Dillon,,,
598,5281035086,KY_MEDTCH,0,198.45,D Kyle Larson D Joey Logano D William Byron D Josh Berry D Ryan Preece D Austin Dillon,,,
601,5278565154,TheBeaverCommander,0,198.34999,D Denny Hamlin D Ryan Blaney D Joey Logano D Josh Berry D Erik Jones D Michael McDowell,,,
601,5279670280,evanwr20,0,198.34999,D Denny Hamlin D Carson Hocevar D Bubba Wallace D Austin Cindric D Ryan Preece D Daniel Suárez,,,
603,5280565135,bassonline,0,198.3,D Denny Hamlin D William Byron D Ty Gibbs D Bubba Wallace D Daniel Suárez D Riley Herbst,,,
604,5280320105,ddspenst,0,198.25,D Denny Hamlin D Ryan Blaney D William Byron D Josh Berry D Ryan Preece D Noah Gragson,,,
605,5282011740,bll4lf11,0,197.90001,D Kyle Larson D William Byron D Chase Elliott D Bubba Wallace D Ross Chastain D John H. Nemechek,,,
606,5280210152,Itzpcraft,0,197.8,D Denny Hamlin D William Byron D Carson Hocevar D Bubba Wallace D Josh Berry D John H. Nemechek,,,
606,5276810254,jorged.57,0,197.79999,D Denny Hamlin D Ryan Blaney D Chase Elliott D Brad Keselowski D Ryan Preece D Shane Van Gisbergen,,,
608,5282741046,jarrodc61,0,197.7,D Tyler Reddick D Joey Logano D William Byron D Ty Gibbs D Zane Smith D Noah Gragson,,,
609,5281258586,meodette,0,197.5,D Kyle Larson D Denny Hamlin D Joey Logano D Josh Berry D Daniel Suárez D Cody Ware,,,
609,5281299659,rsulzener,0,197.5,D Kyle Larson D Denny Hamlin D Joey Logano D Josh Berry D Daniel Suárez D Cody Ware,,,
609,5281529412,Czervik67,0,197.5,D Kyle Larson D Denny Hamlin D Joey Logano D Josh Berry D Daniel Suárez D Cody Ware,,,
609,5281573335,Fn_Ralph,0,197.5,D Kyle Larson D Denny Hamlin D Joey Logano D Josh Berry D Daniel Suárez D Cody Ware,,,
609,5281662232,MartyParty323,0,197.5,D Kyle Larson D Denny Hamlin D Joey Logano D Josh Berry D Daniel Suárez D Cody Ware,,,
609,5281905537,ethancannon28,0,197.5,D Kyle Larson D Denny Hamlin D Joey Logano D Josh Berry D Daniel Suárez D Cody Ware,,,
609,5282552440,BrentK1092690,0,197.5,D Kyle Larson D Denny Hamlin D Joey Logano D Josh Berry D Daniel Suárez D Cody Ware,,,
609,5282718525,bfowler0419,0,197.5,D Kyle Larson D Denny Hamlin D Joey Logano D Josh Berry D Daniel Suárez D Cody Ware,,,
609,5282774513,jtsteam2012,0,197.5,D Kyle Larson D Denny Hamlin D Joey Logano D Josh Berry D Daniel Suárez D Cody Ware,,,
609,5282840219,Sajohnson98,0,197.5,D Kyle Larson D Denny Hamlin D Joey Logano D Josh Berry D Daniel Suárez D Cody Ware,,,
619,5282364067,rdwright00,0,197.15,D Kyle Larson D William Byron D Chase Elliott D Ross Chastain D Josh Berry D AJ Allmendinger,,,
620,5278907588,Jatedmoody,0,197.1,D Kyle Larson D William Byron D Bubba Wallace D Alex Bowman D Josh Berry D Ryan Preece,,,
621,5282410645,JayMan8955,0,196.95,D Kyle Larson D Denny Hamlin D William Byron D Daniel Suárez D Zane Smith D Noah Gragson,,,
622,5280627451,wahooszee,0,196.85,D Kyle Larson D Denny Hamlin D Joey Logano D Brad Keselowski D John H. Nemechek D Noah Gragson,,,
622,5281358436,73pd2x,0,196.85,D Kyle Larson D Ryan Blaney D Joey Logano D Alex Bowman D Zane Smith D Todd Gilliland,,,
624,5282061230,bkeithmoney,0,196.79999,D Denny Hamlin D Ryan Blaney D Chase Elliott D Chris Buescher D Josh Berry D Connor Zilisch,,,
625,5281707953,Dirtrace,0,196.75,D Kyle Larson D Ryan Blaney D Joey Logano D Ross Chastain D Josh Berry D Cole Custer,,,
626,5281234281,Tgold,0,196.65001,D Denny Hamlin D William Byron D Bubba Wallace D Austin Cindric D Josh Berry D Ryan Preece,,,
627,5281408519,DJ_Craze60,0,196.45001,D Kyle Larson D William Byron D Chase Elliott D Bubba Wallace D Ryan Preece D John H. Nemechek,,,
628,5281613447,SenoritaRamirez,0,196.4,D Kyle Larson D Denny Hamlin D William Byron D Josh Berry D Daniel Suárez D Cole Custer,,,
629,5281499974,budaman3195,0,196.15,D Denny Hamlin D Christopher Bell D Ryan Blaney D Shane Van Gisbergen D Zane Smith D Noah Gragson,,,
630,5281939183,brownkd1,0,195.59999,D Denny Hamlin D Joey Logano D William Byron D Bubba Wallace D Josh Berry D Ricky Stenhouse Jr,,,
631,5281665465,Vimmy29,0,195.55,D Denny Hamlin D Ryan Blaney D Joey Logano D Bubba Wallace D Zane Smith D Cole Custer,,,
632,5277009314,phillysphinest,0,195.40001,D William Byron D Ty Gibbs D Carson Hocevar D Bubba Wallace D Austin Cindric D Ross Chastain,,,
633,5281790462,mikebelcher85,0,195.24998,D Denny Hamlin D Tyler Reddick D Joey Logano D Josh Berry D Zane Smith D Noah Gragson,,,
634,5281944020,Bigdal28,0,195.2,D Tyler Reddick D William Byron D Chase Elliott D Chris Buescher D Ross Chastain D Josh Berry,,,
634,5282328169,amrwats,0,195.2,D Kyle Larson D Denny Hamlin D Chase Elliott D Josh Berry D Connor Zilisch D Noah Gragson,,,
636,5282519242,Buscko,0,195.15,D Ryan Blaney D Joey Logano D William Byron D Alex Bowman D Brad Keselowski D Ryan Preece,,,
637,5280377732,13mymandan,0,195.04999,D Kyle Larson D Denny Hamlin D William Byron D Austin Cindric D Todd Gilliland D Cole Custer,,,
638,5279807797,mhoward2131,0,194.90001,D Denny Hamlin D William Byron D Chase Elliott D Bubba Wallace D Daniel Suárez D Zane Smith,,,
638,5280730266,BossinBrady,0,194.90001,D Denny Hamlin D William Byron D Chase Elliott D Bubba Wallace D Daniel Suárez D Zane Smith,,,
640,5281115862,Pete_M,0,194.65001,D Kyle Larson D William Byron D Ty Gibbs D Chase Elliott D Zane Smith D Noah Gragson,,,
641,5282217086,teamSmith10,0,194.45,D Denny Hamlin D Tyler Reddick D Chase Elliott D Chris Buescher D Daniel Suárez D Connor Zilisch,,,
642,5281353090,jmack0040,0,194.4,D Christopher Bell D Tyler Reddick D Bubba Wallace D Chris Buescher D Josh Berry D Riley Herbst,,,
642,5282236409,carlydedog,0,194.4,D Kyle Larson D Denny Hamlin D Alex Bowman D Brad Keselowski D Josh Berry D Noah Gragson,,,
644,5282052554,kyleminer1,0,194.35,D Kyle Larson D William Byron D Carson Hocevar D Chase Elliott D Brad Keselowski D Cody Ware,,,
645,5281517131,riccitherick,0,194.25,D Denny Hamlin D Ryan Blaney D Ty Gibbs D Austin Cindric D Erik Jones D John H. Nemechek,,,
646,5282192480,Logan0189,0,194.04999,D Denny Hamlin D Tyler Reddick D Austin Cindric D Josh Berry D Ryan Preece D Daniel Suárez,,,
647,5281570193,TheFatfisherman,0,194,D Christopher Bell D Ryan Blaney D Joey Logano D Austin Cindric D John H. Nemechek D Todd Gilliland,,,
647,5282474905,browniesDK,0,193.99998,D Denny Hamlin D Ryan Blaney D Carson Hocevar D Chris Buescher D Erik Jones D Michael McDowell,,,
649,5280349498,Johnnie3,0,193.95,D Kyle Larson D Denny Hamlin D William Byron D Daniel Suárez D Austin Dillon D Todd Gilliland,,,
650,5281088465,ZQ1989,0,193.85,D Kyle Larson D Denny Hamlin D Joey Logano D Erik Jones D Austin Dillon D John H. Nemechek,,,
650,5281842773,LOCNOTM,0,193.84999,D Denny Hamlin D Ryan Blaney D Bubba Wallace D Ross Chastain D Josh Berry D Daniel Suárez,,,
650,5282351365,billthouse,0,193.84999,D Christopher Bell D Ryan Blaney D William Byron D Alex Bowman D Josh Berry D John H. Nemechek,,,
653,5278306925,morrisnick77,0,193.8,D Denny Hamlin D William Byron D Chase Elliott D Chris Buescher D Brad Keselowski D Daniel Suárez,,,
654,5281952697,gelm41,0,193.75,D Kyle Larson D Denny Hamlin D Joey Logano D Josh Berry D Austin Dillon D Ricky Stenhouse Jr,,,
655,5276597848,salvatoregolino,0,193.5,D Ryan Blaney D William Byron D Chase Elliott D Alex Bowman D Ross Chastain D Brad Keselowski,,,
656,5282533047,murphyzoo,0,193.45,D Kyle Larson D Tyler Reddick D William Byron D Brad Keselowski D Zane Smith D Noah Gragson,,,
657,5276384122,Real35,0,193.15001,D Kyle Larson D Ryan Blaney D Joey Logano D Daniel Suárez D Zane Smith D Connor Zilisch,,,
658,5279953186,got.milk789,0,193.09999,D Kyle Larson D Denny Hamlin D William Byron D Josh Berry D Connor Zilisch D Noah Gragson,,,
658,5281221690,Frankster8822,0,193.09999,D Kyle Larson D Denny Hamlin D William Byron D Josh Berry D Connor Zilisch D Noah Gragson,,,
658,5282836440,BigJon1023,0,193.09999,D Kyle Larson D Denny Hamlin D William Byron D Josh Berry D Connor Zilisch D Noah Gragson,,,
658,5282877627,JSB31,0,193.09999,D Kyle Larson D Denny Hamlin D William Byron D Josh Berry D Connor Zilisch D Noah Gragson,,,
662,5282718649,THanswer,0,193.04999,D Denny Hamlin D Ryan Blaney D Ty Gibbs D Ryan Preece D Daniel Suárez D Shane Van Gisbergen,,,
663,5280197782,thebury,0,193,D Denny Hamlin D Joey Logano D Chase Elliott D Alex Bowman D Ross Chastain D Daniel Suárez,,,
663,5281351647,DETidefan,0,193,D Denny Hamlin D Joey Logano D Chase Elliott D Alex Bowman D Ross Chastain D Daniel Suárez,,,
665,5280332533,Raiderchad,0,192.6,D Kyle Larson D Joey Logano D Carson Hocevar D Josh Berry D Ryan Preece D Daniel Suárez,,,
666,5280344668,ajnadell8,0,192.25,D Denny Hamlin D Ryan Blaney D William Byron D Josh Berry D Ryan Preece D Austin Dillon,,,
667,5280813640,SkyU27,0,192.2,D Kyle Larson D Denny Hamlin D Chase Elliott D Josh Berry D Zane Smith D Noah Gragson,,,
667,5281361478,homeyisdaman58,0,192.2,D Kyle Larson D Denny Hamlin D Chase Elliott D Josh Berry D Zane Smith D Noah Gragson,,,
669,5281245491,beardgrylls,0,192,D Denny Hamlin D Ryan Blaney D Joey Logano D Alex Bowman D Zane Smith D John H. Nemechek,,,
670,5280193627,07km,0,191.75,D Denny Hamlin D Joey Logano D Bubba Wallace D Alex Bowman D Ross Chastain D Daniel Suárez,,,
671,5282020399,jessyclark,0,191.65,D Kyle Larson D Joey Logano D Chris Buescher D Alex Bowman D Ross Chastain D Josh Berry,,,
672,5278547668,gr8one97,0,191.59999,D Christopher Bell D Ryan Blaney D Carson Hocevar D Alex Bowman D Josh Berry D Michael McDowell,,,
673,5282062003,Vulture420,0,191.55,D Kyle Larson D Christopher Bell D Ryan Blaney D Josh Berry D Noah Gragson D Todd Gilliland,,,
673,5282806212,cmcbutch,0,191.55,D Kyle Larson D Christopher Bell D Ryan Blaney D Josh Berry D Noah Gragson D Todd Gilliland,,,
675,5279885258,Virgilbuilt,0,191.4,D Christopher Bell D Ryan Blaney D William Byron D Bubba Wallace D Riley Herbst D Todd Gilliland,,,
675,5281302690,saranger,0,191.4,D Denny Hamlin D Tyler Reddick D Ty Gibbs D Austin Cindric D Connor Zilisch D AJ Allmendinger,,,
677,5280368868,djmcwhorter,0,191.2,D Kyle Larson D Denny Hamlin D Chase Elliott D Josh Berry D Ryan Preece D Noah Gragson,,,
677,5281741277,DakDocs,0,191.2,D Kyle Larson D Denny Hamlin D Chase Elliott D Josh Berry D Ryan Preece D Noah Gragson,,,
679,5278748289,FastlaneJT,0,191.1,D Denny Hamlin D William Byron D Carson Hocevar D Alex Bowman D Brad Keselowski D Daniel Suárez,,,
680,5281074292,thechaotickingg100,0,191,D Kyle Larson D Denny Hamlin D William Byron D Ryan Preece D Austin Dillon D AJ Allmendinger,,,
680,5281089348,CireRock,0,191,D Kyle Larson D Denny Hamlin D William Byron D Ryan Preece D Austin Dillon D AJ Allmendinger,,,
682,5281174413,cocosdaddy1,0,190.8,D Kyle Larson D Denny Hamlin D Bubba Wallace D Ryan Preece D Daniel Suárez D Austin Dillon,,,
683,5280704457,vylynwyldcat,0,190.74998,D Kyle Larson D Denny Hamlin D Tyler Reddick D Erik Jones D Noah Gragson D Ricky Stenhouse Jr,,,
683,5280788977,WV_Panther84,0,190.74998,D Kyle Larson D Denny Hamlin D Tyler Reddick D Erik Jones D Noah Gragson D Ricky Stenhouse Jr,,,
685,5281167890,goofybh207,0,190.7,D Denny Hamlin D Chase Briscoe D Ty Gibbs D Ross Chastain D Josh Berry D Zane Smith,,,
685,5282499465,TeddyBearSuicide,0,190.7,D Kyle Larson D Denny Hamlin D Alex Bowman D Josh Berry D Daniel Suárez D Erik Jones,,,
687,5279066359,mrmilleruti,0,190.65,D Denny Hamlin D Ryan Blaney D Ty Gibbs D Chase Elliott D Austin Dillon D Todd Gilliland,,,
688,5279689412,TannerSandberg,0,190.55,D Denny Hamlin D Ty Gibbs D Bubba Wallace D Austin Cindric D Brad Keselowski D Daniel Suárez,,,
688,5281941943,NikeGriffin32,0,190.55,D Kyle Larson D William Byron D Carson Hocevar D Chris Buescher D Josh Berry D Todd Gilliland,,,
690,5281851248,JonaCash,0,190.5,D Kyle Larson D Denny Hamlin D Ryan Blaney D Zane Smith D Austin Hill D John H. Nemechek,,,
691,5279152297,justutah,0,190.45,D Kyle Larson D Christopher Bell D Chris Buescher D Alex Bowman D Josh Berry D Austin Dillon,,,
691,5281346516,jabell10,0,190.45,D Denny Hamlin D Ryan Blaney D Joey Logano D Chris Buescher D John H. Nemechek D Todd Gilliland,,,
693,5276997937,TKNation,0,190.3,D Kyle Larson D Denny Hamlin D Chase Elliott D Bubba Wallace D John H. Nemechek D Todd Gilliland,,,
693,5277508797,anthonyncsu29,0,190.3,D Kyle Larson D Denny Hamlin D Chase Elliott D Bubba Wallace D John H. Nemechek D Todd Gilliland,,,
693,5278523953,Jstilts1,0,190.3,D Denny Hamlin D Ryan Blaney D Ty Gibbs D Chris Buescher D Alex Bowman D Cole Custer,,,
693,5282708502,djeebs1234,0,190.3,D Kyle Larson D Denny Hamlin D Chase Elliott D Bubba Wallace D John H. Nemechek D Todd Gilliland,,,
697,5281841946,AD_Pelon,0,190.25,D Denny Hamlin D Ryan Blaney D William Byron D Josh Berry D Erik Jones D John H. Nemechek,,,
698,5282001835,JB00GlE,0,190.05,D Kyle Larson D Denny Hamlin D Chase Elliott D Daniel Suárez D Erik Jones D John H. Nemechek,,,
699,5281647407,JasonKeffer,0,189.85,D Kyle Larson D Ryan Blaney D Joey Logano D Ryan Preece D Zane Smith D Austin Dillon,,,
700,5280440840,BTMFDR325,0,189.5,D Kyle Larson D Denny Hamlin D Ryan Blaney D Ryan Preece D Noah Gragson D Ty Dillon,,,
701,5281499907,DrNickIsIn,0,189.45,D Kyle Larson D Ryan Blaney D Ty Gibbs D Josh Berry D Daniel Suárez D Connor Zilisch,,,
702,5279600344,J31driver,0,188.65,D Denny Hamlin D Ryan Blaney D Ty Gibbs D Chris Buescher D Erik Jones D AJ Allmendinger,,,
702,5282705291,Huskers61,0,188.65,D Denny Hamlin D Christopher Bell D Chase Briscoe D Josh Berry D Zane Smith D Todd Gilliland,,,
704,5281323342,124337,0,188.59999,D Denny Hamlin D Tyler Reddick D Carson Hocevar D Chase Elliott D Michael McDowell D Ricky Stenhouse Jr,,,
705,5276692407,blink182roo,0,188.5,D Kyle Larson D Denny Hamlin D Chase Elliott D Josh Berry D Daniel Suárez D Todd Gilliland,,,
705,5280811725,bkayjac,0,188.5,D Christopher Bell D Tyler Reddick D Ryan Blaney D Josh Berry D Zane Smith D Noah Gragson,,,
707,5281463498,xmasguy,0,188.35,D Kyle Larson D Denny Hamlin D Austin Cindric D Alex Bowman D Ryan Preece D John H. Nemechek,,,
708,5281939338,cac5100,0,188.15,D Ryan Blaney D Joey Logano D Chase Elliott D Ross Chastain D Brad Keselowski D Josh Berry,,,
708,5282119043,datyoungreezy,0,188.15,D Tyler Reddick D William Byron D Ty Gibbs D Bubba Wallace D Ross Chastain D AJ Allmendinger,,,
710,5280148730,samanthamehney1985,0,188.09999,D Tyler Reddick D Ryan Blaney D Ty Gibbs D Carson Hocevar D Michael McDowell D Todd Gilliland,,,
710,5280277021,alexdees,0,188.09999,D Denny Hamlin D Joey Logano D Ty Gibbs D Chris Buescher D Josh Berry D Austin Dillon,,,
712,5281853739,J-Nutz,0,187.95,D Denny Hamlin D Christopher Bell D Tyler Reddick D Michael McDowell D Austin Dillon D Noah Gragson,,,
712,5282529677,patgg141,0,187.95,D Tyler Reddick D William Byron D Carson Hocevar D Chris Buescher D Ross Chastain D Josh Berry,,,
714,5280634065,AutumnWind420,0,187.9,D Ryan Blaney D Joey Logano D Ty Gibbs D Chase Elliott D Ryan Preece D Michael McDowell,,,
715,5280749996,Thegingerninja,0,187.79999,D Kyle Larson D Denny Hamlin D Bubba Wallace D Austin Cindric D Ryan Preece D Cody Ware,,,
716,5280778173,afgonza,0,187.55,D Denny Hamlin D Joey Logano D Carson Hocevar D Bubba Wallace D Brad Keselowski D John H. Nemechek,,,
716,5281068884,tarheel69,0,187.55,D Kyle Larson D Denny Hamlin D Austin Cindric D Ryan Preece D Daniel Suárez D Michael McDowell,,,
718,5282862665,hnat13,0,187.40001,D Kyle Larson D Christopher Bell D Austin Cindric D Brad Keselowski D Josh Berry D Austin Dillon,,,
719,5280612180,JuliaNajm,0,187.35,D Christopher Bell D Ryan Blaney D Joey Logano D Chris Buescher D Daniel Suárez D Todd Gilliland,,,
719,5281442424,5244888,0,187.35,D Kyle Larson D William Byron D Chase Elliott D Alex Bowman D Ross Chastain D Erik Jones,,,
719,5282630918,eallen723,0,187.35,D Joey Logano D William Byron D Ty Gibbs D Bubba Wallace D Brad Keselowski D Josh Berry,,,
719,5282775050,texasfrog90,0,187.35,D Kyle Larson D William Byron D Chase Elliott D Alex Bowman D Ross Chastain D Erik Jones,,,
723,5277827533,flintdog13,0,187.25,D Denny Hamlin D Ryan Blaney D William Byron D Brad Keselowski D Josh Berry D John H. Nemechek,,,
723,5282617831,IPoop-In-Pools,0,187.25,D Kyle Larson D Denny Hamlin D Bubba Wallace D Josh Berry D Daniel Suárez D Connor Zilisch,,,
725,5282199528,cbjones111,0,187.2,D Tyler Reddick D Ryan Blaney D Ty Gibbs D Bubba Wallace D Ryan Preece D John H. Nemechek,,,
726,5281403167,jmash15,0,187,D Denny Hamlin D Christopher Bell D Bubba Wallace D Alex Bowman D Daniel Suárez D Riley Herbst,,,
727,5282511045,j0hnwayne,0,186.8,D Denny Hamlin D William Byron D Ty Gibbs D Chase Elliott D Brad Keselowski D Noah Gragson,,,
727,5278977497,HussleGreen,0,186.79999,D Christopher Bell D Chase Elliott D Bubba Wallace D Austin Cindric D Chris Buescher D Ross Chastain,,,
729,5282796967,Martin00,0,186.75,D Kyle Larson D Ryan Blaney D Joey Logano D Josh Berry D Ryan Preece D Ricky Stenhouse Jr,,,
730,5281726800,bck4gators,0,186.7,D Denny Hamlin D Christopher Bell D Ryan Blaney D Josh Berry D John H. Nemechek D Noah Gragson,,,
730,5282170979,kmdilsaver,0,186.7,D Denny Hamlin D Christopher Bell D Ryan Blaney D Josh Berry D John H. Nemechek D Noah Gragson,,,
732,5282786765,kitkat1619,0,186.55,D Kyle Larson D Tyler Reddick D Chase Elliott D Brad Keselowski D Erik Jones D John H. Nemechek,,,
733,5282814651,VincentVega13,0,186.5,D Denny Hamlin D William Byron D Carson Hocevar D Chase Elliott D Josh Berry D Ricky Stenhouse Jr,,,
734,5282743114,scb521,0,186.45,D Ryan Blaney D William Byron D Ty Gibbs D Chris Buescher D Alex Bowman D Ryan Preece,,,
735,5279742626,Elvis20,0,186.34999,D Denny Hamlin D Chase Elliott D Bubba Wallace D Chris Buescher D Alex Bowman D Ryan Preece,,,
735,5281329856,bears322,0,186.34999,D Denny Hamlin D Ryan Blaney D Chase Elliott D Brad Keselowski D Josh Berry D Erik Jones,,,
737,5281269078,jlmorrissr,0,186.15,D Kyle Larson D Denny Hamlin D Chris Buescher D Josh Berry D Daniel Suárez D Erik Jones,,,
738,5281830998,augfather,0,186.04999,D Ryan Blaney D Joey Logano D William Byron D Ross Chastain D Brad Keselowski D Josh Berry,,,
739,5280347153,yppap,0,185.8,D Kyle Larson D Denny Hamlin D Austin Cindric D Alex Bowman D Ross Chastain D Cole Custer,,,
740,5282195658,lrothfolk,0,185.34999,D Tyler Reddick D Ryan Blaney D Bubba Wallace D Chris Buescher D Ross Chastain D Zane Smith,,,
741,5282691673,sportsfan14,0,185.3,D Denny Hamlin D Ryan Blaney D Ty Gibbs D Alex Bowman D Ross Chastain D Noah Gragson,,,
742,5281521314,gorrelll15,0,185.15,D Denny Hamlin D Christopher Bell D Bubba Wallace D Chris Buescher D Josh Berry D Noah Gragson,,,
743,5281048255,joe_mac10,0,185.1,D Kyle Larson D Denny Hamlin D Christopher Bell D Austin Dillon D John H. Nemechek D Noah Gragson,,,
743,5281331241,jbarcomb920,0,185.1,D Kyle Larson D Denny Hamlin D Christopher Bell D Austin Dillon D John H. Nemechek D Noah Gragson,,,
743,5281701506,RonRon81,0,185.1,D Ryan Blaney D Ty Gibbs D Carson Hocevar D Chase Elliott D Josh Berry D Zane Smith,,,
743,5281814911,HuntMarv,0,185.1,D William Byron D Ty Gibbs D Carson Hocevar D Chase Elliott D Brad Keselowski D Daniel Suárez,,,
743,5282152058,kgdobby,0,185.1,D Kyle Larson D Denny Hamlin D Christopher Bell D Austin Dillon D John H. Nemechek D Noah Gragson,,,
743,5282827742,jpm_joshua2002,0,185.1,D Kyle Larson D Denny Hamlin D Christopher Bell D Austin Dillon D John H. Nemechek D Noah Gragson,,,
749,5281167643,Titans510,0,185,D Kyle Larson D Christopher Bell D Chase Elliott D Brad Keselowski D Daniel Suárez D AJ Allmendinger,,,
749,5282750482,Jermaineb055,0,184.99998,D Denny Hamlin D Ryan Blaney D Carson Hocevar D Brad Keselowski D Josh Berry D Michael McDowell,,,
751,5280860307,sogr8player,0,184.90001,D Kyle Larson D Christopher Bell D Joey Logano D Josh Berry D Austin Hill D John H. Nemechek,,,
752,5280276450,kudrewsy,0,184.79999,D Kyle Larson D Joey Logano D William Byron D Ross Chastain D Brad Keselowski D AJ Allmendinger,,,
753,5281290549,navyhmcm,0,184.34999,D Denny Hamlin D Joey Logano D Bubba Wallace D Chris Buescher D Brad Keselowski D Michael McDowell,,,
753,5281838425,blacklabelkk,0,184.34999,D Denny Hamlin D Ryan Blaney D Joey Logano D Josh Berry D Zane Smith D Michael McDowell,,,
755,5281797626,Bartman51,0,184.25,D Tyler Reddick D William Byron D Ty Gibbs D Bubba Wallace D Ross Chastain D Riley Herbst,,,
755,5282048955,bstowe4,0,184.25,D Denny Hamlin D Ryan Blaney D William Byron D Ross Chastain D Brad Keselowski D Noah Gragson,,,
757,5282651258,BCoopSTL,0,184.2,D Kyle Larson D Denny Hamlin D Chase Elliott D Brad Keselowski D Riley Herbst D John H. Nemechek,,,
758,5279837264,baron1959,0,183.95,D Denny Hamlin D Ty Gibbs D Chase Elliott D Bubba Wallace D Daniel Suárez D Erik Jones,,,
759,5281550329,luckymark62,0,183.9,D Ryan Blaney D Joey Logano D William Byron D Ty Gibbs D Erik Jones D Todd Gilliland,,,
760,5280956957,tbjones2121,0,183.84999,D Kyle Larson D Denny Hamlin D Chris Buescher D Brad Keselowski D Josh Berry D Austin Dillon,,,
761,5281917462,garryld1949,0,183.6,D Denny Hamlin D Joey Logano D Ty Gibbs D Austin Cindric D Ryan Preece D Austin Dillon,,,
762,5279472698,oilver22,0,183.45,D Kyle Larson D Christopher Bell D William Byron D Alex Bowman D Daniel Suárez D Cody Ware,,,
763,5282747674,Deke79,0,182.85,D Kyle Larson D Denny Hamlin D Joey Logano D Erik Jones D Zane Smith D Noah Gragson,,,
764,5281552462,joehalac,0,182.8,D Denny Hamlin D William Byron D Chase Elliott D Chris Buescher D Daniel Suárez D Zane Smith,,,
765,5281802447,FarmHallFalls,0,182.75,D Kyle Larson D Christopher Bell D Joey Logano D Daniel Suárez D Zane Smith D Noah Gragson,,,
766,5281943118,BO910,0,182.45,D Denny Hamlin D Ryan Blaney D Chase Elliott D Bubba Wallace D Zane Smith D Connor Zilisch,,,
767,5282177036,domin8ters,0,182.4,D Kyle Larson D Denny Hamlin D Chris Buescher D Alex Bowman D Ryan Preece D Austin Dillon,,,
768,5282790171,dsr3302,0,182.35,D Kyle Larson D Denny Hamlin D Austin Cindric D Ryan Preece D Erik Jones D Austin Dillon,,,
769,5280983347,modece,0,182.25,D Denny Hamlin D Ty Gibbs D Bubba Wallace D Austin Cindric D Alex Bowman D Ryan Preece,,,
770,5280320495,rt1835reid,0,182.15001,D Kyle Larson D Denny Hamlin D Joey Logano D Daniel Suárez D Connor Zilisch D John H. Nemechek,,,
770,5282287819,aromarks,0,182.15001,D Kyle Larson D Denny Hamlin D Joey Logano D Daniel Suárez D Connor Zilisch D John H. Nemechek,,,
770,5282524855,UltimateWin4,0,182.15,D Kyle Larson D Denny Hamlin D Ty Gibbs D Josh Berry D John H. Nemechek D Noah Gragson,,,
773,5282830566,jahnyb,0,182.09999,D Ryan Blaney D Joey Logano D Ty Gibbs D Chris Buescher D Josh Berry D Zane Smith,,,
774,5281314930,jozzy13,0,181.9,D Denny Hamlin D Carson Hocevar D Chase Elliott D Bubba Wallace D Josh Berry D Ryan Preece,,,
775,5281104658,aswaim3,0,181.65001,D Kyle Larson D Denny Hamlin D Austin Cindric D Ryan Preece D Daniel Suárez D Erik Jones,,,
775,5281296620,MitchMc,0,181.65001,D Kyle Larson D Denny Hamlin D Austin Cindric D Ryan Preece D Daniel Suárez D Erik Jones,,,
775,5282421574,budster,0,181.65001,D Kyle Larson D Denny Hamlin D Austin Cindric D Ryan Preece D Daniel Suárez D Erik Jones,,,
775,5282918642,secondtonone559,0,181.65001,D Kyle Larson D Denny Hamlin D Austin Cindric D Ryan Preece D Daniel Suárez D Erik Jones,,,
779,5280958604,charlesrdewitt,0,181.45,D Denny Hamlin D Ryan Blaney D Joey Logano D Josh Berry D Zane Smith D John H. Nemechek,,,
779,5282018993,KLapJR,0,181.45,D Denny Hamlin D Ryan Blaney D Joey Logano D Josh Berry D Zane Smith D John H. Nemechek,,,
779,5282062131,kingofviper01,0,181.45,D Denny Hamlin D Joey Logano D William Byron D Brad Keselowski D Daniel Suárez D John H. Nemechek,,,
779,5282297527,jcrowepls,0,181.45,D Denny Hamlin D Ryan Blaney D Chase Elliott D Bubba Wallace D Ryan Preece D Todd Gilliland,,,
783,5279711233,tdspike,0,181.3,D Kyle Larson D Tyler Reddick D Chase Elliott D Ross Chastain D Daniel Suárez D Connor Zilisch,,,
783,5279946861,wendel77,0,181.29999,D Kyle Larson D Carson Hocevar D Chris Buescher D Alex Bowman D Ross Chastain D Josh Berry,,,
785,5282537364,SpeedRacer101,0,181.25,D Kyle Larson D Denny Hamlin D Carson Hocevar D Josh Berry D Daniel Suárez D Todd Gilliland,,,
785,5282699129,SayOw55,0,181.25,D Kyle Larson D Ryan Blaney D Ty Gibbs D Carson Hocevar D Connor Zilisch D Cole Custer,,,
787,5279809717,bobbydrywall,0,181.20001,D Denny Hamlin D William Byron D Bubba Wallace D Austin Cindric D Brad Keselowski D Ryan Preece,,,
787,5281529172,barrys.team2015,0,181.20001,D Denny Hamlin D William Byron D Bubba Wallace D Austin Cindric D Brad Keselowski D Ryan Preece,,,
789,5282187877,Dubbzz,0,181.15,D Kyle Larson D Ryan Blaney D Ty Gibbs D Brad Keselowski D Josh Berry D John H. Nemechek,,,
789,5282352650,csurunnerccr,0,181.15,D Denny Hamlin D Joey Logano D Chase Elliott D Chris Buescher D Josh Berry D Zane Smith,,,
789,5282809320,timmybigtimee,0,181.15,D Kyle Larson D Denny Hamlin D Alex Bowman D Ross Chastain D Daniel Suárez D Riley Herbst,,,
792,5282569873,quattro88,0,181.09999,D Kyle Larson D Ryan Blaney D William Byron D Josh Berry D Zane Smith D Connor Zilisch,,,
793,5281722356,green1021,0,180.79999,D Tyler Reddick D Ty Gibbs D Chase Elliott D Chris Buescher D Alex Bowman D Ross Chastain,,,
794,5281790641,cliffr03690,0,180.65,D Kyle Larson D Denny Hamlin D William Byron D Alex Bowman D John H. Nemechek D Todd Gilliland,,,
795,5276708562,mikebkmm5,0,180.45,D Denny Hamlin D Joey Logano D Carson Hocevar D Chris Buescher D Ryan Preece D Austin Dillon,,,
795,5282142639,Vinnie74x,0,180.45,D Denny Hamlin D Ryan Blaney D Joey Logano D Josh Berry D Ryan Preece D John H. Nemechek,,,
797,5277192440,SweetOnChase,0,180.4,D Kyle Larson D Denny Hamlin D Josh Berry D Zane Smith D Austin Dillon D Noah Gragson,,,
797,5277995697,roushcm,0,180.4,D Kyle Larson D Denny Hamlin D Christopher Bell D Daniel Suárez D Noah Gragson D Cole Custer,,,
797,5279794494,ironhead4ever,0,180.4,D Kyle Larson D Denny Hamlin D Josh Berry D Zane Smith D Austin Dillon D Noah Gragson,,,
797,5281814780,Shields2323,0,180.4,D Kyle Larson D Denny Hamlin D Christopher Bell D Daniel Suárez D Noah Gragson D Cole Custer,,,
801,5282643949,Packers12.12,0,180.35,D Kyle Larson D Denny Hamlin D Ty Gibbs D Daniel Suárez D Erik Jones D AJ Allmendinger,,,
802,5282499849,alein0102,0,180.3,D Denny Hamlin D Ryan Blaney D Ty Gibbs D Chris Buescher D Zane Smith D Noah Gragson,,,
803,5281677514,bigmac84,0,180.15,D Kyle Larson D Denny Hamlin D Chris Buescher D Ross Chastain D Daniel Suárez D Austin Dillon,,,
804,5278355655,Codymuck,0,180,D Kyle Larson D Denny Hamlin D Chase Elliott D Brad Keselowski D AJ Allmendinger D Cody Ware,,,
805,5281269129,deathmetalbob,0,179.9,D Denny Hamlin D Ryan Blaney D Joey Logano D Brad Keselowski D Josh Berry D Ricky Stenhouse Jr,,,
806,5280747683,ELFDOGG,0,179.84999,D Kyle Larson D Denny Hamlin D Ryan Blaney D Josh Berry D Connor Zilisch D Cody Ware,,,
807,5276492061,marko4444,0,179.8,D Denny Hamlin D Ty Gibbs D Chase Elliott D Austin Cindric D Ryan Preece D Daniel Suárez,,,
808,5281271095,beta612,0,179.75,D Kyle Larson D Denny Hamlin D Chase Elliott D Alex Bowman D Zane Smith D John H. Nemechek,,,
809,5280155573,stevviev,0,179.7,D Kyle Larson D Denny Hamlin D Alex Bowman D Ryan Preece D Daniel Suárez D Riley Herbst,,,
810,5281467814,az350z,0,179.65,D Denny Hamlin D Christopher Bell D Chase Briscoe D Ross Chastain D Connor Zilisch D John H. Nemechek,,,
811,5281526713,rams420,0,179.35,D Kyle Larson D William Byron D Chase Elliott D Chris Buescher D Brad Keselowski D Zane Smith,,,
811,5282535015,rickmogolf44,0,179.35,D Kyle Larson D Ty Gibbs D Chase Elliott D Austin Cindric D Ryan Preece D Erik Jones,,,
811,5282847167,TexDraft,0,179.35,D Denny Hamlin D Christopher Bell D Ty Gibbs D Bubba Wallace D AJ Allmendinger D Noah Gragson,,,
814,5281610005,RamFan9499,0,179.2,D Christopher Bell D Ryan Blaney D William Byron D Chase Elliott D Connor Zilisch D John H. Nemechek,,,
814,5282348619,bbalplay4,0,179.2,D Tyler Reddick D Ryan Blaney D Carson Hocevar D Ross Chastain D Ryan Preece D Daniel Suárez,,,
816,5278929603,zacamu,0,179.15,D Kyle Larson D Denny Hamlin D Ty Gibbs D Josh Berry D Erik Jones D Noah Gragson,,,
817,5278535225,BlueSunflower7,0,178.8,D Kyle Larson D Ryan Blaney D Carson Hocevar D Ryan Preece D Daniel Suárez D Zane Smith,,,
817,5276523555,Tully936,0,178.79999,D Denny Hamlin D Tyler Reddick D Chris Buescher D Josh Berry D Zane Smith D Noah Gragson,,,
819,5277046563,elodoya24,0,178.65,D Kyle Larson D Denny Hamlin D Chase Elliott D Ryan Preece D Michael McDowell D Austin Dillon,,,
820,5281499307,charles52,0,178.09999,D Tyler Reddick D Ryan Blaney D Ty Gibbs D Brad Keselowski D Josh Berry D Erik Jones,,,
821,5282695164,DeDeTee,0,177.95,D Denny Hamlin D Ty Gibbs D Carson Hocevar D Chase Elliott D Daniel Suárez D Erik Jones,,,
822,5282783722,berealz832kc,0,177.85,D Denny Hamlin D Ryan Blaney D Ty Gibbs D Alex Bowman D Ryan Preece D Austin Dillon,,,
822,5280942036,zio21,0,177.84999,D Kyle Larson D Denny Hamlin D Alex Bowman D Ross Chastain D Josh Berry D Austin Dillon,,,
824,5282856453,ivymoose,0,177.65,D Kyle Larson D Denny Hamlin D William Byron D Brad Keselowski D Connor Zilisch D Noah Gragson,,,
825,5281415823,smoothmomentum,0,177.54999,D Kyle Larson D Denny Hamlin D William Byron D Chris Buescher D John H. Nemechek D Ricky Stenhouse Jr,,,
825,5282642707,rwaters254,0,177.54999,D Kyle Larson D Denny Hamlin D William Byron D Chris Buescher D John H. Nemechek D Ricky Stenhouse Jr,,,
827,5280300950,JaboDavis,0,177.5,D Denny Hamlin D Christopher Bell D Tyler Reddick D Josh Berry D John H. Nemechek D Noah Gragson,,,
828,5278816469,alanphere,0,177.20001,D Kyle Larson D Denny Hamlin D Joey Logano D Brad Keselowski D AJ Allmendinger D Todd Gilliland,,,
829,5279817415,Peytons29,0,176.8,D Ryan Blaney D William Byron D Ty Gibbs D Chase Elliott D Ryan Preece D Erik Jones,,,
830,5282760467,Garrett4040,0,176.65,D Denny Hamlin D William Byron D Ty Gibbs D Ross Chastain D Daniel Suárez D Shane Van Gisbergen,,,
831,5280514668,Rise_Up_ATL,0,176.54999,D Denny Hamlin D Ryan Blaney D Ty Gibbs D Chase Elliott D Michael McDowell D Todd Gilliland,,,
832,5280877255,andy1117,0,176.4,D Denny Hamlin D Christopher Bell D William Byron D Alex Bowman D Erik Jones D Noah Gragson,,,
833,5281255992,keithsomebody,0,176.29999,D Denny Hamlin D Ryan Blaney D Bubba Wallace D Ross Chastain D Daniel Suárez D Cody Ware,,,
834,5280349759,rendog44,0,176.2,D Joey Logano D Ty Gibbs D Carson Hocevar D Bubba Wallace D Chris Buescher D Ryan Preece,,,
834,5282701778,HeHateMe1982,0,176.2,D Joey Logano D Ty Gibbs D Carson Hocevar D Bubba Wallace D Chris Buescher D Ryan Preece,,,
836,5282454995,ecupiratefan,0,176.15,D Kyle Larson D Denny Hamlin D Ty Gibbs D Josh Berry D Austin Dillon D John H. Nemechek,,,
837,5281790225,colbyhornet,0,175.84999,D Kyle Larson D Denny Hamlin D Alex Bowman D Ross Chastain D Josh Berry D Austin Hill,,,
838,5279636663,scootmcdoot75,0,175.75,D Christopher Bell D Joey Logano D Chase Elliott D Chris Buescher D Josh Berry D Erik Jones,,,
839,5278909650,CaliforniaSpeedFreak,0,175.7,D Kyle Larson D Ty Gibbs D Chase Elliott D Chris Buescher D Ryan Preece D Daniel Suárez,,,
840,5282227544,TheFunk,0,175.65001,D Christopher Bell D Tyler Reddick D Austin Cindric D Josh Berry D Daniel Suárez D Zane Smith,,,
840,5280815561,lexilee,0,175.65,D Denny Hamlin D Christopher Bell D William Byron D Chase Elliott D Noah Gragson D Ricky Stenhouse Jr,,,
840,5281945495,ChikinOysters,0,175.65,D Denny Hamlin D Ty Gibbs D Carson Hocevar D Chase Elliott D Brad Keselowski D Austin Dillon,,,
843,5278878853,dmaga,0,175.59999,D Tyler Reddick D Ryan Blaney D William Byron D Brad Keselowski D Ryan Preece D Erik Jones,,,
844,5282385108,sfcdrew,0,175.5,D Denny Hamlin D Christopher Bell D Chase Elliott D Alex Bowman D Brad Keselowski D Noah Gragson,,,
845,5280436507,wildryan-2002,0,175.2,D Denny Hamlin D Joey Logano D Carson Hocevar D Ross Chastain D Josh Berry D Daniel Suárez,,,
845,5280775383,pwsk77,0,175.2,D Denny Hamlin D Joey Logano D Carson Hocevar D Ross Chastain D Josh Berry D Daniel Suárez,,,
845,5281197592,xXxPLOSIVE,0,175.2,D Denny Hamlin D Joey Logano D Carson Hocevar D Ross Chastain D Josh Berry D Daniel Suárez,,,
845,5282928085,randomjank,0,175.2,D Denny Hamlin D Joey Logano D Carson Hocevar D Ross Chastain D Josh Berry D Daniel Suárez,,,
849,5282683362,XAKAX,0,174.75,D Denny Hamlin D Ryan Blaney D Ty Gibbs D Ross Chastain D Josh Berry D Noah Gragson,,,
850,5282879026,ManDeezBalzich,0,174.65,D Tyler Reddick D Ryan Blaney D Ty Gibbs D Bubba Wallace D Ryan Preece D Ricky Stenhouse Jr,,,
851,5277640371,Screwbird33,0,174.5,D Christopher Bell D Joey Logano D William Byron D Josh Berry D Daniel Suárez D Erik Jones,,,
852,5282423192,ShellyM28,0,174.3,D Denny Hamlin D Joey Logano D Austin Cindric D Chris Buescher D Brad Keselowski D Ryan Preece,,,
852,5280261582,GinjaNinja16,0,174.29999,D Kyle Larson D Ty Gibbs D Chase Elliott D Chris Buescher D Brad Keselowski D Michael McDowell,,,
854,5280235643,6DaWg2010,0,174.15,D Denny Hamlin D Christopher Bell D Ryan Blaney D Josh Berry D Noah Gragson D Ricky Stenhouse Jr,,,
854,5280433936,bharm1,0,174.15,D Kyle Larson D Ryan Blaney D Chris Buescher D Ross Chastain D Daniel Suárez D Zane Smith,,,
856,5282736838,ryanrich83,0,173.85,D Kyle Larson D Ryan Blaney D Joey Logano D Erik Jones D Zane Smith D Connor Zilisch,,,
857,5278892841,nut1754,0,173.8,D Kyle Larson D Joey Logano D Ty Gibbs D Josh Berry D Daniel Suárez D Zane Smith,,,
858,5282624565,psb0122,0,173.7,D Denny Hamlin D William Byron D Bubba Wallace D Chris Buescher D Josh Berry D Ryan Preece,,,
859,5281255298,91GROUNDPOUNDER91,0,173.65,D Tyler Reddick D Ty Gibbs D Carson Hocevar D Bubba Wallace D Josh Berry D Ryan Preece,,,
860,5282738201,NeverBrokeAgain_Dad,0,173.45,D Denny Hamlin D Ryan Blaney D Joey Logano D Chris Buescher D Zane Smith D Todd Gilliland,,,
861,5282528635,Sink5,0,173.4,D Denny Hamlin D Tyler Reddick D Ty Gibbs D Alex Bowman D Daniel Suárez D Ricky Stenhouse Jr,,,
862,5281383019,emabe,0,173.35,D Kyle Larson D William Byron D Chase Elliott D Alex Bowman D Ross Chastain D Zane Smith,,,
862,5282597697,toofat2419,0,173.35,D Kyle Larson D William Byron D Chase Elliott D Alex Bowman D Ross Chastain D Zane Smith,,,
864,5276646717,DP323,0,173.2,D Kyle Larson D Tyler Reddick D Bubba Wallace D Brad Keselowski D Ryan Preece D Michael McDowell,,,
865,5280544388,matthewwalsh,0,173.15,D Kyle Larson D Denny Hamlin D Ty Gibbs D Ross Chastain D Austin Dillon D Noah Gragson,,,
866,5280911106,RandumbSportfan,0,173,D Denny Hamlin D Christopher Bell D Austin Cindric D Chris Buescher D Josh Berry D John H. Nemechek,,,
867,5282389931,DomingoSalvajeS,0,172.95001,D Denny Hamlin D Christopher Bell D Joey Logano D Josh Berry D Shane Van Gisbergen D Todd Gilliland,,,
868,5280630198,Buckyf1501994,0,172.84999,D Ryan Blaney D William Byron D Ty Gibbs D Austin Cindric D Ross Chastain D Ryan Preece,,,
869,5279170908,Grinder1961,0,172.55,D Denny Hamlin D Ty Gibbs D Carson Hocevar D Austin Cindric D Ryan Preece D Daniel Suárez,,,
870,5282682651,hurley5631,0,172.45,D William Byron D Ty Gibbs D Carson Hocevar D Bubba Wallace D Chris Buescher D Ross Chastain,,,
871,5281613265,smarkwell,0,172.34999,D Denny Hamlin D Ryan Blaney D Chase Elliott D Brad Keselowski D Josh Berry D Zane Smith,,,
872,5278855289,billbeasley37,0,172.15,D Kyle Larson D Denny Hamlin D Chris Buescher D Josh Berry D Daniel Suárez D Zane Smith,,,
872,5280767357,Bigb16,0,172.15,D Kyle Larson D Denny Hamlin D Chris Buescher D Josh Berry D Daniel Suárez D Zane Smith,,,
872,5281919027,Woods24,0,172.15,D Kyle Larson D Denny Hamlin D Chris Buescher D Josh Berry D Daniel Suárez D Zane Smith,,,
872,5282527419,jacks666,0,172.15,D Kyle Larson D Denny Hamlin D Chris Buescher D Josh Berry D Daniel Suárez D Zane Smith,,,
876,5281746550,Bashers8480,0,172.09999,D Tyler Reddick D Ty Gibbs D Carson Hocevar D Chris Buescher D Alex Bowman D Ryan Preece,,,
877,5280605569,Psyght,0,172.04999,D Denny Hamlin D Tyler Reddick D William Byron D Ross Chastain D Erik Jones D Austin Dillon,,,
878,5282025283,Sesman67,0,171.8,D Kyle Larson D William Byron D Chase Elliott D Chris Buescher D Ross Chastain D Connor Zilisch,,,
879,5282504910,HughGRexshun,0,171.59999,D Denny Hamlin D Ty Gibbs D Austin Cindric D Chris Buescher D Alex Bowman D Ross Chastain,,,
880,5281369731,Stugene69,0,171.34999,D Denny Hamlin D Joey Logano D Chris Buescher D Alex Bowman D Josh Berry D Ryan Preece,,,
881,5281810298,Sharks2020,0,171.25,D Christopher Bell D Tyler Reddick D Ty Gibbs D Bubba Wallace D Riley Herbst D John H. Nemechek,,,
881,5282111887,Pneumann10,0,171.24998,D Denny Hamlin D Carson Hocevar D Chase Elliott D Chris Buescher D Ross Chastain D Josh Berry,,,
883,5278371340,dakokomo,0,171.15,D Denny Hamlin D Tyler Reddick D Chase Elliott D Ross Chastain D Brad Keselowski D Austin Dillon,,,
883,5281822631,Spoldog13,0,171.15,D Denny Hamlin D Joey Logano D William Byron D Alex Bowman D Erik Jones D Zane Smith,,,
885,5282049176,justinlee844,0,171.05,D Denny Hamlin D Christopher Bell D Joey Logano D Josh Berry D Erik Jones D Noah Gragson,,,
886,5277359213,gburn4,0,170.95,D Kyle Larson D Denny Hamlin D Alex Bowman D Brad Keselowski D Connor Zilisch D Noah Gragson,,,
887,5280350579,corey2824,0,170.79999,D Denny Hamlin D Tyler Reddick D Joey Logano D Brad Keselowski D Erik Jones D John H. Nemechek,,,
888,5280780731,onefastmutt,0,170.7,D Kyle Larson D Denny Hamlin D Chris Buescher D Brad Keselowski D Daniel Suárez D Erik Jones,,,
889,5280448163,FORD6969,0,170.4,D Kyle Larson D Denny Hamlin D Ryan Blaney D Zane Smith D Michael McDowell D Ty Dillon,,,
890,5282925382,MissingManning,0,170.25,D Denny Hamlin D Joey Logano D Chase Elliott D Alex Bowman D Brad Keselowski D Zane Smith,,,
891,5282301229,andrestito,0,170.1,D Christopher Bell D Tyler Reddick D Ty Gibbs D Bubba Wallace D Daniel Suárez D Cole Custer,,,
891,5281351284,Bongjovi,0,170.09999,D Kyle Larson D Denny Hamlin D William Byron D Josh Berry D Connor Zilisch D John H. Nemechek,,,
893,5282558638,Gildy_Virgil,0,170.05,D Christopher Bell D Joey Logano D William Byron D Alex Bowman D Ryan Preece D Daniel Suárez,,,
894,5281835481,PaulGoodwin_61,0,169.84999,D Denny Hamlin D Ty Gibbs D Carson Hocevar D Bubba Wallace D Josh Berry D Erik Jones,,,
895,5279526021,Racing88,0,169.65,D Denny Hamlin D Ryan Blaney D Bubba Wallace D Alex Bowman D Ryan Preece D Zane Smith,,,
895,5282527649,bjnfan,0,169.65,D Kyle Larson D Denny Hamlin D William Byron D Erik Jones D Zane Smith D Austin Hill,,,
897,5281747674,rybutts13,0,169.45,D Kyle Larson D Denny Hamlin D Christopher Bell D Josh Berry D Noah Gragson D Cody Ware,,,
898,5281726017,KILLANADZ24,0,169.34999,D Denny Hamlin D Ryan Blaney D Joey Logano D Ross Chastain D Josh Berry D Ricky Stenhouse Jr,,,
899,5281919362,Towerbuilder,0,169.25,D Denny Hamlin D Joey Logano D Chase Elliott D Alex Bowman D Brad Keselowski D Ryan Preece,,,
900,5282002380,Rescueballer,0,169.2,D Kyle Larson D Denny Hamlin D Chase Elliott D Josh Berry D Zane Smith D John H. Nemechek,,,
900,5282196480,xsabu,0,169.2,D Kyle Larson D Denny Hamlin D Chase Elliott D Josh Berry D Zane Smith D John H. Nemechek,,,
902,5276766203,cubmann11,0,169.04999,D Denny Hamlin D Christopher Bell D William Byron D Daniel Suárez D Michael McDowell D Riley Herbst,,,
903,5276572112,SliceB,0,168.95,D Denny Hamlin D Ty Gibbs D Chase Elliott D Bubba Wallace D Ryan Preece D Daniel Suárez,,,
903,5280183696,Sassy6824,0,168.95,D Denny Hamlin D Ty Gibbs D Chase Elliott D Bubba Wallace D Ryan Preece D Daniel Suárez,,,
903,5282789287,cwaters34,0,168.95,D Denny Hamlin D Ty Gibbs D Chase Elliott D Bubba Wallace D Ryan Preece D Daniel Suárez,,,
906,5281230133,TB247,0,168.75,D Christopher Bell D Tyler Reddick D William Byron D Bubba Wallace D Connor Zilisch D John H. Nemechek,,,
907,5282691938,kaysizzle,0,168.59999,D Christopher Bell D Ty Gibbs D Chase Elliott D Chris Buescher D Alex Bowman D Josh Berry,,,
908,5281597311,Hank-it,0,168.55,D Denny Hamlin D William Byron D Ty Gibbs D Bubba Wallace D Zane Smith D Austin Dillon,,,
909,5282340433,Johnny_Great,0,168.40001,D Kyle Larson D Christopher Bell D Ryan Blaney D Daniel Suárez D Zane Smith D Cole Custer,,,
910,5282355710,Gunners06,0,168.25,D Denny Hamlin D Ryan Blaney D William Byron D Chris Buescher D Zane Smith D Connor Zilisch,,,
910,5282924615,Afulgham,0,168.25,D Tyler Reddick D Joey Logano D Ryan Preece D Zane Smith D Austin Dillon D Noah Gragson,,,
912,5280795383,SlickTrack,0,168.15,D Denny Hamlin D Joey Logano D William Byron D Bubba Wallace D Ryan Preece D Ricky Stenhouse Jr,,,
913,5280532042,mdp128,0,167.95,D Denny Hamlin D Christopher Bell D Chase Elliott D Alex Bowman D Josh Berry D John H. Nemechek,,,
914,5282915874,bnwininger,0,167.9,D Kyle Larson D Denny Hamlin D Christopher Bell D Riley Herbst D AJ Allmendinger D Ty Dillon,,,
915,5282170811,muskieman11,0,167.6,D Denny Hamlin D Ty Gibbs D Bubba Wallace D Chris Buescher D Brad Keselowski D Daniel Suárez,,,
916,5280892289,gaboy1417,0,167.45,D Denny Hamlin D Ryan Blaney D Joey Logano D Josh Berry D Zane Smith D Connor Zilisch,,,
916,5282873215,SLIMNATION,0,167.45,D Denny Hamlin D Ryan Blaney D Joey Logano D Josh Berry D Zane Smith D Connor Zilisch,,,
918,5282124025,jpenney9,0,167.3,D Denny Hamlin D Ryan Blaney D Ty Gibbs D Josh Berry D Ryan Preece D Austin Dillon,,,
919,5281113304,GuyswithTiesLawnCare,0,167.09999,D Kyle Larson D Denny Hamlin D William Byron D Ross Chastain D Connor Zilisch D Noah Gragson,,,
920,5282605292,luke_fritz2000,0,167,D Christopher Bell D Joey Logano D Bubba Wallace D Austin Cindric D Brad Keselowski D Ryan Preece,,,
921,5281116943,element828,0,166.9,D Kyle Larson D Christopher Bell D Joey Logano D Ross Chastain D John H. Nemechek D Noah Gragson,,,
922,5282270567,gwarren2733,0,166.74998,D Denny Hamlin D Carson Hocevar D Chase Elliott D Austin Cindric D Ross Chastain D Ryan Preece,,,
923,5281744775,arails4,0,166.7,D Denny Hamlin D Christopher Bell D Bubba Wallace D Alex Bowman D Josh Berry D John H. Nemechek,,,
924,5280989109,bamabrian28,0,166.65,D Denny Hamlin D Tyler Reddick D Ty Gibbs D Alex Bowman D Erik Jones D John H. Nemechek,,,
925,5281448205,musicman777,0,166.55,D Denny Hamlin D Ty Gibbs D Chase Elliott D Alex Bowman D Brad Keselowski D Josh Berry,,,
925,5282769295,vmiller486,0,166.55,D Kyle Larson D Joey Logano D Chase Elliott D Ross Chastain D Brad Keselowski D Erik Jones,,,
927,5280993634,Swicky92,0,166.3,D Christopher Bell D Joey Logano D Chase Elliott D Alex Bowman D Josh Berry D Zane Smith,,,
927,5280265906,kpvada,0,166.29999,D Kyle Larson D Denny Hamlin D William Byron D Ross Chastain D Daniel Suárez D Cody Ware,,,
927,5282558199,cameron4242,0,166.29999,D Kyle Larson D Ryan Blaney D Chris Buescher D Ross Chastain D Josh Berry D Ryan Preece,,,
930,5282333590,malarkeyracing73,0,165.90001,D Christopher Bell D Ryan Blaney D Joey Logano D Brad Keselowski D Daniel Suárez D Connor Zilisch,,,
931,5281351374,Torylane,0,165.65,D Christopher Bell D Tyler Reddick D Ty Gibbs D Austin Cindric D Erik Jones D John H. Nemechek,,,
932,5282417130,themcawesome,0,165.44998,D Denny Hamlin D Ty Gibbs D Carson Hocevar D Chase Elliott D Ross Chastain D AJ Allmendinger,,,
933,5281839117,stevemelick,0,165.15,D Kyle Larson D Denny Hamlin D Ty Gibbs D Josh Berry D Zane Smith D Noah Gragson,,,
933,5282263576,WillCut66,0,165.15,D Kyle Larson D Denny Hamlin D Ty Gibbs D Josh Berry D Zane Smith D Noah Gragson,,,
935,5281911579,HFD_IRISH,0,165.09999,D Denny Hamlin D Tyler Reddick D Ty Gibbs D Josh Berry D Zane Smith D Noah Gragson,,,
936,5281559531,tinabtw,0,165,D Denny Hamlin D Ryan Blaney D Joey Logano D Brad Keselowski D Ryan Preece D John H. Nemechek,,,
937,5279512917,joshuajudges,0,164.95,D Kyle Larson D Denny Hamlin D William Byron D Ryan Preece D Daniel Suárez D Ty Dillon,,,
937,5280545995,MISMotown,0,164.95,D Kyle Larson D Denny Hamlin D William Byron D Ryan Preece D Daniel Suárez D Ty Dillon,,,
937,5281429549,DomesticDezputes,0,164.95,D Kyle Larson D Denny Hamlin D William Byron D Ryan Preece D Daniel Suárez D Ty Dillon,,,
940,5276549813,Dmerkel1980,0,164.8,D Kyle Larson D Christopher Bell D Chase Elliott D Brad Keselowski D Riley Herbst D John H. Nemechek,,,
941,5282760658,mng77777,0,164.7,D Kyle Larson D Denny Hamlin D Alex Bowman D Ross Chastain D Daniel Suárez D Erik Jones,,,
942,5281939045,DeadheadRacinINC,0,164.65,D Denny Hamlin D Tyler Reddick D Brad Keselowski D Josh Berry D Daniel Suárez D Erik Jones,,,
943,5282691729,catkins13,0,164.59999,D Christopher Bell D Ryan Blaney D Chris Buescher D Alex Bowman D Josh Berry D Ryan Preece,,,
944,5281201147,tuskymuskie75,0,164.29999,D Kyle Larson D Denny Hamlin D William Byron D Ty Gibbs D Cole Custer D Cody Ware,,,
945,5281025329,mustangs2015,0,164.2,D Kyle Larson D Denny Hamlin D Joey Logano D Josh Berry D Zane Smith D Cody Ware,,,
945,5281476383,bookert21,0,164.2,D Kyle Larson D Denny Hamlin D Joey Logano D Josh Berry D Zane Smith D Cody Ware,,,
945,5281823147,hizzy4shizzy,0,164.2,D Kyle Larson D Denny Hamlin D Joey Logano D Josh Berry D Zane Smith D Cody Ware,,,
945,5282386829,Booshea,0,164.2,D Kyle Larson D Denny Hamlin D Joey Logano D Josh Berry D Zane Smith D Cody Ware,,,
945,5282818276,hungun23,0,164.2,D Kyle Larson D Denny Hamlin D Joey Logano D Josh Berry D Zane Smith D Cody Ware,,,
950,5282467790,bigcufan,0,164.15,D Tyler Reddick D Ryan Blaney D Chase Elliott D Ross Chastain D Brad Keselowski D Ryan Preece,,,
951,5281311386,bmorela3,0,164.04999,D Denny Hamlin D Joey Logano D William Byron D Ross Chastain D Josh Berry D John H. Nemechek,,,
952,5282060152,Benders59,0,163.55,D Christopher Bell D Ty Gibbs D Chase Elliott D Austin Cindric D Chris Buescher D Connor Zilisch,,,
952,5282695810,bryangeorge,0,163.54999,D Christopher Bell D Tyler Reddick D William Byron D Brad Keselowski D Erik Jones D AJ Allmendinger,,,
954,5281162106,spabhook,0,163.45001,D Kyle Larson D Christopher Bell D Joey Logano D Brad Keselowski D Austin Dillon D Ty Dillon,,,
954,5281210848,GirthBrooks02,0,163.45,D Denny Hamlin D Joey Logano D Bubba Wallace D Chris Buescher D Brad Keselowski D Ryan Preece,,,
956,5280213763,boroboynick32,0,163.15,D Denny Hamlin D Christopher Bell D Bubba Wallace D Chris Buescher D Erik Jones D Riley Herbst,,,
957,5282510666,richie724,0,163.1,D Kyle Larson D Denny Hamlin D Christopher Bell D Austin Dillon D Austin Hill D Todd Gilliland,,,
958,5279417596,dub2019,0,163,D Denny Hamlin D Joey Logano D Carson Hocevar D Alex Bowman D Brad Keselowski D Zane Smith,,,
959,5277047697,coolazafan,0,162.89998,D Kyle Larson D Denny Hamlin D William Byron D Ross Chastain D AJ Allmendinger D Ricky Stenhouse Jr,,,
960,5278805201,Nitro12,0,162.65,D Kyle Larson D Denny Hamlin D William Byron D Ryan Preece D Zane Smith D Noah Gragson,,,
961,5282692950,youngster201,0,162.6,D Denny Hamlin D Christopher Bell D Joey Logano D Zane Smith D Austin Hill D Noah Gragson,,,
962,5276900906,barrettsw,0,162.35,D Christopher Bell D Joey Logano D Ty Gibbs D Carson Hocevar D Erik Jones D Austin Dillon,,,
963,5276907022,Favre4HOF,0,162.15,D Kyle Larson D Denny Hamlin D Ty Gibbs D Josh Berry D Austin Dillon D Todd Gilliland,,,
963,5280273121,mrjwales,0,162.15,D Denny Hamlin D Christopher Bell D Ty Gibbs D Austin Cindric D Daniel Suárez D Cole Custer,,,
963,5282546724,jltracing01,0,162.15,D Denny Hamlin D Christopher Bell D Bubba Wallace D Chris Buescher D Josh Berry D John H. Nemechek,,,
963,5282773017,Sdeppen21,0,162.15,D Denny Hamlin D Christopher Bell D Ty Gibbs D Austin Cindric D Daniel Suárez D Cole Custer,,,
967,5276830058,eaglesnation83,0,162,D Christopher Bell D Tyler Reddick D Ty Gibbs D Chris Buescher D Daniel Suárez D John H. Nemechek,,,
968,5278817679,willypieface,0,161.8,D Kyle Larson D William Byron D Chase Elliott D Ross Chastain D Josh Berry D Ryan Preece,,,
968,5281046533,roesnems,0,161.8,D Kyle Larson D William Byron D Chase Elliott D Ross Chastain D Josh Berry D Ryan Preece,,,
970,5281985631,fullerf54,0,161.65,D Denny Hamlin D Ty Gibbs D Chase Elliott D Bubba Wallace D Brad Keselowski D Erik Jones,,,
971,5281862382,bicknell55,0,161.4,D Denny Hamlin D Ryan Blaney D Carson Hocevar D Ross Chastain D Daniel Suárez D Zane Smith,,,
972,5277067005,viking84,0,161.25,D Denny Hamlin D Christopher Bell D Chase Elliott D Ross Chastain D Daniel Suárez D Noah Gragson,,,
973,5281784793,lucky_dogg,0,161.2,D Denny Hamlin D Christopher Bell D William Byron D Chase Elliott D John H. Nemechek D Cole Custer,,,
974,5281513801,TDale78,0,160.95,D Christopher Bell D Ryan Blaney D William Byron D Bubba Wallace D Zane Smith D Todd Gilliland,,,
975,5281925229,silverbecker,0,160.65,D Denny Hamlin D Christopher Bell D Ty Gibbs D Daniel Suárez D Shane Van Gisbergen D Erik Jones,,,
976,5280516009,Zandi,0,160.55,D Denny Hamlin D Ty Gibbs D Chase Elliott D Chris Buescher D Alex Bowman D Ryan Preece,,,
976,5281539421,The_Undertaker,0,160.55,D Denny Hamlin D Ty Gibbs D Chase Elliott D Chris Buescher D Alex Bowman D Ryan Preece,,,
978,5280491241,TSC063,0,160.5,D Denny Hamlin D Ty Gibbs D Chase Elliott D Austin Cindric D Ryan Preece D Erik Jones,,,
979,5281743873,nwspring52,0,160.15,D Denny Hamlin D Joey Logano D Chase Elliott D Ross Chastain D Brad Keselowski D Josh Berry,,,
980,5278439820,BFade,0,160.04999,D Kyle Larson D Denny Hamlin D Ty Gibbs D Alex Bowman D Michael McDowell D Ricky Stenhouse Jr,,,
981,5282383535,BHAM2020,0,159.85,D Kyle Larson D Denny Hamlin D Joey Logano D Erik Jones D Zane Smith D John H. Nemechek,,,
982,5281391485,caryther,0,159.5,D Denny Hamlin D William Byron D Chase Elliott D Chris Buescher D Brad Keselowski D Ryan Preece,,,
983,5282163022,willninho,0,159.15,D Denny Hamlin D Christopher Bell D Ryan Blaney D Shane Van Gisbergen D Zane Smith D Todd Gilliland,,,
984,5282846375,planbenc,0,158.85,D Denny Hamlin D Christopher Bell D Ty Gibbs D Austin Cindric D Connor Zilisch D Noah Gragson,,,
985,5281061961,Panchito1113,0,158.7,D Kyle Larson D Denny Hamlin D Ross Chastain D Brad Keselowski D Daniel Suárez D Austin Dillon,,,
986,5279598410,rickyjr28,0,158.4,D Kyle Larson D Denny Hamlin D Carson Hocevar D Ross Chastain D Josh Berry D Cole Custer,,,
987,5276747868,db88rules,0,158.3,D Christopher Bell D William Byron D Ty Gibbs D Austin Cindric D Ryan Preece D Daniel Suárez,,,
987,5280492135,georgejester,0,158.3,D Christopher Bell D William Byron D Ty Gibbs D Austin Cindric D Ryan Preece D Daniel Suárez,,,
987,5281270835,AspVile88,0,158.3,D Christopher Bell D William Byron D Ty Gibbs D Austin Cindric D Ryan Preece D Daniel Suárez,,,
990,5280600172,vinnie_59,0,158.15,D Kyle Larson D Ty Gibbs D Bubba Wallace D Alex Bowman D Ross Chastain D Brad Keselowski,,,
991,5282561837,meamon,0,158.04999,D Denny Hamlin D Christopher Bell D Tyler Reddick D Brad Keselowski D Noah Gragson D Cole Custer,,,
992,5280986027,ljcamp07,0,158,D Denny Hamlin D Ryan Blaney D Chris Buescher D Alex Bowman D Ross Chastain D Ryan Preece,,,
993,5282768477,rb146886,0,157.84999,D Kyle Larson D Denny Hamlin D Riley Herbst D Noah Gragson D Todd Gilliland D Ricky Stenhouse Jr,,,
994,5279864292,rouzer3,0,157.54999,D Denny Hamlin D Tyler Reddick D Ty Gibbs D Ross Chastain D Josh Berry D Austin Hill,,,
995,5280561148,macka1606,0,157.5,D Denny Hamlin D Ty Gibbs D Chase Elliott D Austin Cindric D Brad Keselowski D Ryan Preece,,,
995,5281805915,cheezdawg,0,157.5,D Denny Hamlin D Ty Gibbs D Chase Elliott D Austin Cindric D Brad Keselowski D Ryan Preece,,,
997,5276863269,BourbonRat,0,157.05,D Denny Hamlin D Christopher Bell D Joey Logano D Josh Berry D Zane Smith D Noah Gragson,,,
997,5281736666,imake,0,157.05,D Denny Hamlin D Christopher Bell D Joey Logano D Josh Berry D Zane Smith D Noah Gragson,,,
997,5281818130,DraftBass,0,157.05,D Denny Hamlin D Christopher Bell D Joey Logano D Josh Berry D Zane Smith D Noah Gragson,,,
997,5282511718,drewssquad31,0,157.05,D Denny Hamlin D Christopher Bell D Joey Logano D Josh Berry D Zane Smith D Noah Gragson,,,
997,5282714477,AJMIII,0,157.05,D Denny Hamlin D Christopher Bell D Joey Logano D Josh Berry D Zane Smith D Noah Gragson,,,
1002,5281825091,carl33lemur,0,157,D Kyle Larson D Denny Hamlin D Christopher Bell D Michael McDowell D Noah Gragson D Todd Gilliland,,,
1003,5281801565,bgilbert87,0,156.85,D Denny Hamlin D Ty Gibbs D Chase Elliott D Chris Buescher D Ryan Preece D Daniel Suárez,,,
1004,5280545546,coorsman73,0,156.49998,D Denny Hamlin D Tyler Reddick D William Byron D Ryan Preece D Erik Jones D Michael McDowell,,,
1005,5282619050,dano27161,0,156.35,D Denny Hamlin D Christopher Bell D Ty Gibbs D Bubba Wallace D AJ Allmendinger D John H. Nemechek,,,
1006,5281688854,rob1679,0,156.29999,D Kyle Larson D Denny Hamlin D Chris Buescher D Ross Chastain D Josh Berry D John H. Nemechek,,,
1007,5282926502,eebob2072,0,156.25,D Denny Hamlin D Ty Gibbs D Bubba Wallace D Austin Cindric D Brad Keselowski D Ryan Preece,,,
1008,5282544847,nyyankees,0,155.95,D Kyle Larson D Joey Logano D Ty Gibbs D Ross Chastain D Brad Keselowski D Riley Herbst,,,
1009,5281985827,DJCWEagle92,0,155.85,D Denny Hamlin D Christopher Bell D Austin Cindric D Josh Berry D Ryan Preece D Daniel Suárez,,,
1009,5281846546,FreakTurbulence,0,155.84999,D Denny Hamlin D Ty Gibbs D Carson Hocevar D Bubba Wallace D Josh Berry D Zane Smith,,,
1011,5282554052,markybowman,0,155.65,D Denny Hamlin D Joey Logano D Ty Gibbs D Josh Berry D Zane Smith D Austin Dillon,,,
1012,5282726984,dosdog67,0,155.4,D Kyle Larson D Denny Hamlin D Bubba Wallace D Ross Chastain D Zane Smith D Riley Herbst,,,
1013,5282790155,jeffreyride,0,155.15,D Kyle Larson D Ryan Blaney D Ty Gibbs D Josh Berry D Ryan Preece D Todd Gilliland,,,
1014,5280216897,wholzie,0,154.75,D Denny Hamlin D William Byron D Ty Gibbs D Chris Buescher D Ryan Preece D Daniel Suárez,,,
1014,5281763982,Aoteoroa,0,154.75,D Denny Hamlin D William Byron D Ty Gibbs D Chris Buescher D Ryan Preece D Daniel Suárez,,,
1014,5282793434,PedalQueen,0,154.75,D Denny Hamlin D William Byron D Ty Gibbs D Chris Buescher D Ryan Preece D Daniel Suárez,,,
1017,5281718214,motown29,0,154.55,D Denny Hamlin D William Byron D Carson Hocevar D Ross Chastain D Brad Keselowski D Daniel Suárez,,,
1017,5277652861,bandyman68,0,154.54999,D Kyle Larson D Denny Hamlin D William Byron D Josh Berry D Zane Smith D Ricky Stenhouse Jr,,,
1017,5281479285,suzukideb1965,0,154.54999,D Kyle Larson D Denny Hamlin D William Byron D Josh Berry D Zane Smith D Ricky Stenhouse Jr,,,
1020,5281045467,rsumrall,0,154.2,D Kyle Larson D Denny Hamlin D Chase Elliott D Josh Berry D Ryan Preece D Todd Gilliland,,,
1021,5281394655,Bgoebert,0,154.1,D Kyle Larson D Denny Hamlin D Christopher Bell D Connor Zilisch D John H. Nemechek D Noah Gragson,,,
1021,5282050705,fritzruby1,0,154.1,D Kyle Larson D Denny Hamlin D Christopher Bell D Connor Zilisch D John H. Nemechek D Noah Gragson,,,
1023,5282530321,Butterbeard12,0,154.05,D Christopher Bell D Ryan Blaney D Joey Logano D Chris Buescher D Zane Smith D Connor Zilisch,,,
1024,5281392423,hossdady22,0,153.95,D Denny Hamlin D Joey Logano D Ty Gibbs D Josh Berry D Ryan Preece D Daniel Suárez,,,
1024,5281406663,defsoad,0,153.95,D Denny Hamlin D Christopher Bell D Chase Elliott D Chris Buescher D Zane Smith D Austin Dillon,,,
1026,5278549674,ostrander1,0,153.9,D Denny Hamlin D Ryan Blaney D Joey Logano D Ross Chastain D Brad Keselowski D Ricky Stenhouse Jr,,,
1027,5282704461,pgregg765,0,153.8,D Kyle Larson D Denny Hamlin D Carson Hocevar D Ryan Preece D Daniel Suárez D Todd Gilliland,,,
1028,5281726274,24hack24,0,153.49998,D Denny Hamlin D Tyler Reddick D William Byron D Ross Chastain D Josh Berry D Todd Gilliland,,,
1029,5282847924,Rose1967,0,153.3,D Christopher Bell D Ty Gibbs D Carson Hocevar D Austin Cindric D Chris Buescher D Zane Smith,,,
1030,5281520261,rmur,0,153.15,D Christopher Bell D Ty Gibbs D Chase Elliott D Chris Buescher D Alex Bowman D Brad Keselowski,,,
1031,5281964435,Cmarkey76,0,153.05,D Christopher Bell D Ryan Blaney D Joey Logano D Chris Buescher D Ryan Preece D Todd Gilliland,,,
1032,5282285738,clonefan2020,0,152.45,D Denny Hamlin D William Byron D Ty Gibbs D Alex Bowman D Josh Berry D Ryan Preece,,,
1033,5280123742,cbaand63,0,152.29999,D Kyle Larson D Denny Hamlin D Tyler Reddick D Zane Smith D John H. Nemechek D Todd Gilliland,,,
1034,5277168665,disney22,0,152.14998,D Denny Hamlin D Tyler Reddick D Joey Logano D Ross Chastain D Michael McDowell D Connor Zilisch,,,
1035,5282264246,franklingrayy,0,152.04999,D Denny Hamlin D Christopher Bell D William Byron D Ryan Preece D Daniel Suárez D AJ Allmendinger,,,
1036,5281848988,jbritt19,0,151.95,D Christopher Bell D Ryan Blaney D Chase Elliott D Brad Keselowski D Josh Berry D Ryan Preece,,,
1037,5281107592,jacktheripper22,0,151.9,D Denny Hamlin D Ryan Preece D Austin Dillon D AJ Allmendinger D John H. Nemechek D Noah Gragson,,,
1038,5280972158,Bdeezy12986,0,151.85,D Kyle Larson D Denny Hamlin D Joey Logano D Erik Jones D Zane Smith D Ty Dillon,,,
1038,5276856618,natecassidy19,0,151.84999,D Kyle Larson D Denny Hamlin D Chris Buescher D Josh Berry D Ryan Preece D Erik Jones,,,
1038,5279068655,MS-Saints-Fan,0,151.84999,D Denny Hamlin D Christopher Bell D William Byron D Josh Berry D Zane Smith D Noah Gragson,,,
1038,5279439353,kingpin9,0,151.84999,D Denny Hamlin D Christopher Bell D William Byron D Josh Berry D Zane Smith D Noah Gragson,,,
1038,5281122630,klorjuste,0,151.84999,D Denny Hamlin D Christopher Bell D William Byron D Josh Berry D Zane Smith D Noah Gragson,,,
1038,5281329225,Minlaian1000,0,151.84999,D Denny Hamlin D Christopher Bell D William Byron D Josh Berry D Zane Smith D Noah Gragson,,,
1038,5281344431,Gizjag,0,151.84999,D Denny Hamlin D Christopher Bell D William Byron D Josh Berry D Zane Smith D Noah Gragson,,,
1038,5281642621,CrunkJuiceEnthusiast,0,151.84999,D Denny Hamlin D Christopher Bell D William Byron D Josh Berry D Zane Smith D Noah Gragson,,,
1038,5282749342,gredow1979,0,151.84999,D Kyle Larson D Denny Hamlin D Ross Chastain D Brad Keselowski D Josh Berry D Austin Dillon,,,
1047,5281394553,Tigermike24,0,151.5,D Kyle Larson D Denny Hamlin D Bubba Wallace D Brad Keselowski D Ryan Preece D John H. Nemechek,,,
1048,5282023607,keencrawdad716,0,151.45,D Denny Hamlin D Joey Logano D Carson Hocevar D Brad Keselowski D Josh Berry D Ryan Preece,,,
1049,5278905336,thehoser21,0,151.34999,D Christopher Bell D Ryan Blaney D Ty Gibbs D Carson Hocevar D Michael McDowell D Ricky Stenhouse Jr,,,
1049,5280609911,Markinski-m,0,151.34999,D Denny Hamlin D Christopher Bell D Ty Gibbs D Josh Berry D Riley Herbst D Austin Dillon,,,
1051,5277944289,prymsu,0,151.25,D Kyle Larson D Christopher Bell D Tyler Reddick D Josh Berry D Connor Zilisch D Cody Ware,,,
1052,5280288514,SevFry,0,150.84999,D Denny Hamlin D Tyler Reddick D Ty Gibbs D Ryan Preece D Daniel Suárez D Michael McDowell,,,
1052,5281263966,mjh44,0,150.84999,D Denny Hamlin D Tyler Reddick D Ty Gibbs D Ryan Preece D Daniel Suárez D Michael McDowell,,,
1054,5276522915,hammer2424,0,150.04999,D Denny Hamlin D Joey Logano D William Byron D Ross Chastain D Josh Berry D Connor Zilisch,,,
1054,5282774049,soonerdallas,0,150.04999,D Denny Hamlin D Joey Logano D William Byron D Ross Chastain D Josh Berry D Connor Zilisch,,,
1056,5281818919,jayrwebb,0,150,D Denny Hamlin D William Byron D Ty Gibbs D Bubba Wallace D Brad Keselowski D Ricky Stenhouse Jr,,,
1057,5281164542,zandwich,0,149.8,D Kyle Larson D Denny Hamlin D Austin Cindric D Ross Chastain D Erik Jones D Zane Smith,,,
1057,5282772596,robster1903,0,149.8,D Denny Hamlin D William Byron D Ty Gibbs D Chase Elliott D Brad Keselowski D Todd Gilliland,,,
1057,5282904232,Gasman1739,0,149.8,D Denny Hamlin D William Byron D Ty Gibbs D Chase Elliott D Brad Keselowski D Todd Gilliland,,,
1060,5278778889,OnWi883,0,149.55,D Christopher Bell D Ty Gibbs D Chase Elliott D Bubba Wallace D Ryan Preece D Daniel Suárez,,,
1061,5281159235,raiderras,0,149.45,D Christopher Bell D Ty Gibbs D Chase Elliott D Chris Buescher D Brad Keselowski D Daniel Suárez,,,
1062,5280888852,ljcardman,0,149.15,D Kyle Larson D Denny Hamlin D Chris Buescher D Ross Chastain D Daniel Suárez D Connor Zilisch,,,
1063,5282432342,jeking92,0,148.95,D Kyle Larson D Denny Hamlin D Ryan Blaney D Zane Smith D Connor Zilisch D Ricky Stenhouse Jr,,,
1064,5280599933,milligolf,0,148.75,D Kyle Larson D Denny Hamlin D Joey Logano D Brad Keselowski D Zane Smith D Cody Ware,,,
1064,5281159526,WALTERABRAMS,0,148.75,D Christopher Bell D Joey Logano D William Byron D Alex Bowman D Brad Keselowski D Zane Smith,,,
1066,5282803031,choc4sale,0,147.7,D Kyle Larson D Christopher Bell D William Byron D Josh Berry D Zane Smith D John H. Nemechek,,,
1067,5280999719,emptypockets1,0,147.65,D Denny Hamlin D Tyler Reddick D Ty Gibbs D Bubba Wallace D Zane Smith D Ricky Stenhouse Jr,,,
1068,5276973533,Schoey17,0,147.5,D Kyle Larson D Denny Hamlin D Ryan Blaney D Zane Smith D Connor Zilisch D Todd Gilliland,,,
1068,5282888708,Dhagen57,0,147.5,D Kyle Larson D Denny Hamlin D Ryan Blaney D Zane Smith D Connor Zilisch D Todd Gilliland,,,
1070,5280622875,jmiddy20,0,147.3,D Denny Hamlin D Ryan Blaney D Ty Gibbs D Josh Berry D Ryan Preece D Erik Jones,,,
1070,5282227336,adfarmer1969,0,147.3,D Denny Hamlin D Ryan Blaney D Ty Gibbs D Josh Berry D Ryan Preece D Erik Jones,,,
1072,5282760742,chmieps,0,147.05,D Christopher Bell D Tyler Reddick D Carson Hocevar D Bubba Wallace D Ryan Preece D Ricky Stenhouse Jr,,,
1072,5281227735,FoxyGrandpa252,0,147.04999,D Denny Hamlin D Joey Logano D William Byron D Ross Chastain D Josh Berry D Zane Smith,,,
1074,5281270826,respo22,0,146.7,D Denny Hamlin D Christopher Bell D William Byron D Brad Keselowski D Daniel Suárez D John H. Nemechek,,,
1075,5280752387,USAFJorgensen,0,146.15,D Kyle Larson D Denny Hamlin D Chris Buescher D Ross Chastain D Daniel Suárez D Zane Smith,,,
1075,5281999780,TheGambler1975,0,146.15,D Kyle Larson D Denny Hamlin D Chris Buescher D Ross Chastain D Daniel Suárez D Zane Smith,,,
1075,5282038130,Timpegoose,0,146.15,D Kyle Larson D Denny Hamlin D Chris Buescher D Ross Chastain D Daniel Suárez D Zane Smith,,,
1078,5280284143,carriea1973,0,145.85,D Kyle Larson D Denny Hamlin D Joey Logano D Erik Jones D Zane Smith D Todd Gilliland,,,
1078,5282032392,ckat1985,0,145.84999,D Denny Hamlin D Christopher Bell D William Byron D Josh Berry D Zane Smith D Austin Dillon,,,
1080,5280891313,beyer,0,145.04999,D Denny Hamlin D Christopher Bell D Joey Logano D Ross Chastain D Erik Jones D Noah Gragson,,,
1081,5282788693,strausberg,0,144.95,D Denny Hamlin D Tyler Reddick D Ty Gibbs D Ryan Preece D Daniel Suárez D Erik Jones,,,
1082,5281942238,butero,0,144.84999,D Kyle Larson D Denny Hamlin D Christopher Bell D Daniel Suárez D Ricky Stenhouse Jr D Cole Custer,,,
1083,5281703696,rollins02,0,143.8,D Kyle Larson D Christopher Bell D Joey Logano D Josh Berry D Ryan Preece D Cody Ware,,,
1084,5278397765,lilmoneymaker,0,143.59999,D Denny Hamlin D Christopher Bell D Bubba Wallace D Ross Chastain D Josh Berry D Riley Herbst,,,
1084,5280007536,yamahasled2000,0,143.59999,D Kyle Larson D Denny Hamlin D Ty Gibbs D Josh Berry D Erik Jones D Ricky Stenhouse Jr,,,
1086,5280246200,mike.trucker28,0,143.45,D Denny Hamlin D Christopher Bell D Chris Buescher D Alex Bowman D Ryan Preece D Daniel Suárez,,,
1086,5281849993,jtexter2021,0,143.45,D Denny Hamlin D Christopher Bell D Chris Buescher D Alex Bowman D Ryan Preece D Daniel Suárez,,,
1086,5282346182,Gezzy38,0,143.45,D Denny Hamlin D Christopher Bell D Ty Gibbs D Bubba Wallace D Austin Dillon D Ricky Stenhouse Jr,,,
1089,5279850396,rollin33zzz,0,143.4,D Kyle Larson D Denny Hamlin D Christopher Bell D Daniel Suárez D Todd Gilliland D Cole Custer,,,
1090,5277056975,okiecowpoke,0,143.15,D Kyle Larson D Denny Hamlin D Ross Chastain D Josh Berry D Daniel Suárez D Connor Zilisch,,,
1091,5278943695,24tazman,0,143.1,D Kyle Larson D Christopher Bell D Chase Elliott D Ross Chastain D Daniel Suárez D Todd Gilliland,,,
1092,5282071703,GregKnowles,0,142.79999,D Denny Hamlin D William Byron D Ty Gibbs D Chris Buescher D Ross Chastain D Michael McDowell,,,
1093,5277273664,t-rexes007,0,142.7,D Christopher Bell D Ty Gibbs D Chase Elliott D Bubba Wallace D Josh Berry D Ryan Preece,,,
1094,5280837171,Hottdogeater44,0,142.55,D Kyle Larson D Denny Hamlin D Christopher Bell D Josh Berry D Ty Dillon D Cole Custer,,,
1095,5282916990,evanbletz,0,142.49998,D Denny Hamlin D Tyler Reddick D William Byron D Ross Chastain D Erik Jones D Ricky Stenhouse Jr,,,
1096,5277311895,GroveRio500,0,142.4,D Kyle Larson D Denny Hamlin D Alex Bowman D Josh Berry D Ryan Preece D Zane Smith,,,
1097,5282570010,martinno19,0,142,D Denny Hamlin D Christopher Bell D Ty Gibbs D Bubba Wallace D Austin Dillon D Todd Gilliland,,,
1098,5280452031,ifantasyrace,0,141.95,D Denny Hamlin D Christopher Bell D Chase Elliott D Brad Keselowski D Josh Berry D John H. Nemechek,,,
1099,5280959333,basaunders1,0,141.1,D Kyle Larson D Christopher Bell D Ryan Blaney D Ryan Preece D John H. Nemechek D Todd Gilliland,,,
1100,5281830520,TigerLoods,0,141.04999,D Denny Hamlin D Tyler Reddick D William Byron D Ross Chastain D Zane Smith D John H. Nemechek,,,
1101,5277193977,ronron670,0,140.4,D Denny Hamlin D Christopher Bell D Austin Cindric D Brad Keselowski D Ryan Preece D Daniel Suárez,,,
1102,5281500107,bportj34,0,140.15,D Kyle Larson D Denny Hamlin D Ross Chastain D Josh Berry D Daniel Suárez D Zane Smith,,,
1103,5279368828,tommydoo8,0,139.7,D Kyle Larson D Ryan Blaney D Ty Gibbs D Ryan Preece D Erik Jones D Zane Smith,,,
1104,5282234581,GioD21,0,139.4,D Denny Hamlin D Christopher Bell D William Byron D Alex Bowman D Zane Smith D John H. Nemechek,,,
1105,5276630141,EasyGene2,0,139.25,D Denny Hamlin D Christopher Bell D Ryan Blaney D Ryan Preece D Austin Dillon D Todd Gilliland,,,
1106,5282902858,Guttersnipe,0,139.15,D Kyle Larson D Denny Hamlin D Ross Chastain D Josh Berry D Ryan Preece D Daniel Suárez,,,
1107,5281994178,B070re,0,139,D Christopher Bell D Tyler Reddick D Ty Gibbs D Josh Berry D Daniel Suárez D Zane Smith,,,
1108,5280380598,13jp,0,138.95,D Denny Hamlin D Christopher Bell D Chase Elliott D Ross Chastain D Brad Keselowski D Noah Gragson,,,
1109,5280297749,HUNTERZW,0,138.8,D Kyle Larson D Denny Hamlin D Austin Cindric D Ross Chastain D Zane Smith D Connor Zilisch,,,
1110,5281163376,DraftKingsEAD,0,138.75,D Kyle Larson D Denny Hamlin D Chase Elliott D Brad Keselowski D Ryan Preece D Todd Gilliland,,,
1111,5282922806,jewels588x,0,138.7,D Denny Hamlin D Christopher Bell D Ryan Blaney D Josh Berry D Zane Smith D Ty Dillon,,,
1112,5281365282,jonchill,0,137.84999,D Kyle Larson D Denny Hamlin D Chris Buescher D Josh Berry D Ryan Preece D Zane Smith,,,
1112,5282245121,skinpie23,0,137.84999,D Kyle Larson D Denny Hamlin D Chris Buescher D Josh Berry D Ryan Preece D Zane Smith,,,
1114,5282833361,jb34lax,0,137.8,D Kyle Larson D Denny Hamlin D Austin Cindric D Ross Chastain D Ryan Preece D Todd Gilliland,,,
1115,5277201420,meanergene,0,137.1,D Kyle Larson D Christopher Bell D Ty Gibbs D Chase Elliott D Todd Gilliland D Ty Dillon,,,
1116,5281920346,miller08,0,135.35,D Christopher Bell D William Byron D Ty Gibbs D Chris Buescher D Ryan Preece D Daniel Suárez,,,
1117,5282456074,Chrisoslund1,0,134.75,D Denny Hamlin D William Byron D Ty Gibbs D Ross Chastain D Brad Keselowski D Daniel Suárez,,,
1118,5282579950,jbonzoso,0,134.59999,D Denny Hamlin D Joey Logano D William Byron D Ross Chastain D Erik Jones D Zane Smith,,,
1119,5282820568,Marshman72,0,134.55,D Denny Hamlin D Ty Gibbs D Chase Elliott D Chris Buescher D Brad Keselowski D Ryan Preece,,,
1120,5282646497,punkinhead35,0,134.45,D Kyle Larson D Denny Hamlin D Christopher Bell D Connor Zilisch D AJ Allmendinger D Todd Gilliland,,,
1121,5282905143,KyCardinals32,0,134.25,D Denny Hamlin D Christopher Bell D Ryan Blaney D Erik Jones D Zane Smith D John H. Nemechek,,,
1122,5281767740,KenTasch,0,134.05,D Denny Hamlin D Christopher Bell D Joey Logano D Josh Berry D Zane Smith D John H. Nemechek,,,
1122,5282655380,chizargh,0,134.05,D Denny Hamlin D Christopher Bell D Joey Logano D Josh Berry D Zane Smith D John H. Nemechek,,,
1124,5279175054,StonzMVP,0,134,D Kyle Larson D Denny Hamlin D Ty Gibbs D Ryan Preece D Daniel Suárez D Todd Gilliland,,,
1124,5282194780,Rigorville,0,134,D Denny Hamlin D Christopher Bell D Bubba Wallace D Ross Chastain D Daniel Suárez D Erik Jones,,,
1126,5280599386,ripsrabbits,0,133.59999,D Denny Hamlin D Joey Logano D William Byron D Ross Chastain D Ryan Preece D Erik Jones,,,
1127,5281829112,jonytiler,0,133.4,D Kyle Larson D Denny Hamlin D Alex Bowman D Ross Chastain D Ryan Preece D John H. Nemechek,,,
1128,5279980627,upsmarc94,0,133.3,D Denny Hamlin D Ty Gibbs D Bubba Wallace D Chris Buescher D Brad Keselowski D Ryan Preece,,,
1128,5282806670,joeystorey813,0,133.3,D Denny Hamlin D Ryan Blaney D Ty Gibbs D Josh Berry D Ryan Preece D Zane Smith,,,
1130,5282037973,dallas1fan21,0,133.09999,D Denny Hamlin D Tyler Reddick D Ty Gibbs D Ross Chastain D Zane Smith D Austin Dillon,,,
1131,5282186242,christiantodd,0,132.4,D Denny Hamlin D Christopher Bell D Tyler Reddick D Erik Jones D Michael McDowell D Ricky Stenhouse Jr,,,
1131,5282603415,RobIrish51,0,132.4,D Denny Hamlin D Christopher Bell D William Byron D Ryan Preece D Erik Jones D Austin Dillon,,,
1133,5282448196,Plymouth43,0,132,D Kyle Larson D Denny Hamlin D Christopher Bell D Riley Herbst D Todd Gilliland D Ricky Stenhouse Jr,,,
1134,5281389250,mck1960,0,131.84999,D Kyle Larson D Denny Hamlin D Ross Chastain D Brad Keselowski D Josh Berry D Erik Jones,,,
1135,5282914327,parday,0,131.74998,D Kyle Larson D Denny Hamlin D Chris Buescher D Ross Chastain D Ryan Preece D Michael McDowell,,,
1136,5281720575,coalhog,0,131.65,D Denny Hamlin D Joey Logano D Ty Gibbs D Brad Keselowski D Josh Berry D Ryan Preece,,,
1137,5281142053,automahn,0,131.49998,D Denny Hamlin D Christopher Bell D Tyler Reddick D Ryan Preece D Austin Dillon D Ricky Stenhouse Jr,,,
1138,5280409229,cobraclutch7,0,131.35,D Denny Hamlin D Christopher Bell D Joey Logano D Ty Gibbs D Ty Dillon D Cole Custer,,,
1139,5280279265,mrwilson903,0,130.3,D Kyle Larson D Christopher Bell D Alex Bowman D Ross Chastain D Ryan Preece D Daniel Suárez,,,
1139,5280751317,b_burke_19,0,130.3,D Kyle Larson D Christopher Bell D Alex Bowman D Ross Chastain D Ryan Preece D Daniel Suárez,,,
1139,5282710815,Tarskin16,0,130.3,D Kyle Larson D Christopher Bell D Alex Bowman D Ross Chastain D Ryan Preece D Daniel Suárez,,,
1142,5278231667,jmorris811,0,130,D Denny Hamlin D Ty Gibbs D Chase Elliott D Ross Chastain D Brad Keselowski D Josh Berry,,,
1143,5281730628,stingrays315,0,129.84999,D Denny Hamlin D Christopher Bell D Austin Cindric D Ross Chastain D Ryan Preece D Daniel Suárez,,,
1144,5279344521,ILDolphinsfan85,0,129.54999,D Tyler Reddick D Ty Gibbs D Carson Hocevar D Ross Chastain D Josh Berry D Ryan Preece,,,
1145,5281682697,Marsharks,0,128.84999,D Denny Hamlin D Christopher Bell D William Byron D Josh Berry D Zane Smith D John H. Nemechek,,,
1146,5282079267,dsteigler,0,128.54999,D Denny Hamlin D Christopher Bell D Ty Gibbs D Ross Chastain D Daniel Suárez D AJ Allmendinger,,,
1147,5280619307,BugJuice90,0,127.84999,D Denny Hamlin D Christopher Bell D William Byron D Josh Berry D Ryan Preece D John H. Nemechek,,,
1148,5279749672,mjseeg,0,127.45,D Kyle Larson D Christopher Bell D Alex Bowman D Ross Chastain D Ryan Preece D Riley Herbst,,,
1149,5281718888,Yossarian230,0,126.899994,D Denny Hamlin D Christopher Bell D Ty Gibbs D Josh Berry D Zane Smith D Noah Gragson,,,
1149,5281780826,nrlane24,0,126.899994,D Denny Hamlin D Christopher Bell D Ty Gibbs D Josh Berry D Zane Smith D Noah Gragson,,,
1151,5280701620,jbates42,0,126.75,D Denny Hamlin D Christopher Bell D Ty Gibbs D Ryan Preece D Daniel Suárez D Austin Dillon,,,
1151,5281345797,Shotblaster,0,126.75,D Denny Hamlin D Christopher Bell D Ty Gibbs D Ryan Preece D Daniel Suárez D Austin Dillon,,,
1153,5278228052,ShavedBusch18,0,126.25,D Denny Hamlin D Christopher Bell D Ty Gibbs D Chase Elliott D John H. Nemechek D Todd Gilliland,,,
1154,5281593604,jriddley,0,125.15,D Denny Hamlin D Christopher Bell D Carson Hocevar D Brad Keselowski D Erik Jones D Michael McDowell,,,
1155,5278642117,cbourassa6,0,123.7,D Kyle Larson D Denny Hamlin D Ross Chastain D Brad Keselowski D Ryan Preece D Daniel Suárez,,,
1155,5279828996,jimcon2,0,123.7,D Kyle Larson D Denny Hamlin D Ross Chastain D Brad Keselowski D Ryan Preece D Daniel Suárez,,,
1155,5281029020,KidCoyote414,0,123.7,D Denny Hamlin D Christopher Bell D Bubba Wallace D Brad Keselowski D Josh Berry D Zane Smith,,,
1158,5281938074,Diggits,0,123.45,D Denny Hamlin D Christopher Bell D Alex Bowman D Ross Chastain D Brad Keselowski D Daniel Suárez,,,
1159,5281441148,hcnpower,0,121.6,D Denny Hamlin D Christopher Bell D Joey Logano D Erik Jones D Zane Smith D John H. Nemechek,,,
1160,5282717949,ciderhill4,0,121.45,D Kyle Larson D Denny Hamlin D Christopher Bell D Michael McDowell D Todd Gilliland D Ricky Stenhouse Jr,,,
1161,5282609095,AA-Ron62,0,121.1,D Denny Hamlin D Christopher Bell D Austin Cindric D Brad Keselowski D Ryan Preece D Erik Jones,,,
1162,5282821336,lafoe11,0,120.85,D Denny Hamlin D Ryan Blaney D Ty Gibbs D Brad Keselowski D Ryan Preece D Connor Zilisch,,,
1163,5282346206,erniebert,0,120.7,D Denny Hamlin D Christopher Bell D William Byron D Ryan Preece D Daniel Suárez D Connor Zilisch,,,
1164,5281288717,knackermatt,0,117.84999,D Kyle Larson D Denny Hamlin D Ross Chastain D Brad Keselowski D Josh Berry D Zane Smith,,,
1165,5279452434,Jsph317,0,116.75,D Denny Hamlin D Ty Gibbs D Carson Hocevar D Chris Buescher D Ross Chastain D Ryan Preece,,,
1166,5278696453,whity1winner,0,115.899994,D Denny Hamlin D Christopher Bell D Ty Gibbs D Brad Keselowski D Erik Jones D Riley Herbst,,,
1167,5282780730,geh316,0,115.549995,D Kyle Larson D Denny Hamlin D Christopher Bell D Erik Jones D Todd Gilliland D Ricky Stenhouse Jr,,,
1168,5279861541,Jmullen22,0,115.34999,D Christopher Bell D William Byron D Ty Gibbs D Ross Chastain D Brad Keselowski D Daniel Suárez,,,
1169,5276450141,dlutz_13,0,111.649994,D Denny Hamlin D Tyler Reddick D Ty Gibbs D Brad Keselowski D Ryan Preece D Connor Zilisch,,,
1170,5282450587,MarcoRacin,0,109.1,D Kyle Larson D Denny Hamlin D Christopher Bell D Ryan Preece D Todd Gilliland D Cole Custer,,,
1171,5276880830,charlesrayallday,0,102.84999,D Denny Hamlin D Christopher Bell D William Byron D Ross Chastain D Zane Smith D John H. Nemechek,,,
1171,5278581087,coachtrogers,0,102.84999,D Denny Hamlin D Christopher Bell D William Byron D Ross Chastain D Zane Smith D John H. Nemechek,,,
1173,5281659353,shannonthomas,0,102.34999,D Denny Hamlin D Christopher Bell D Ty Gibbs D Brad Keselowski D Josh Berry D Ricky Stenhouse Jr,,,
1174,5282765467,wildturkey12,0,100.899994,D Denny Hamlin D Christopher Bell D Ty Gibbs D Josh Berry D Erik Jones D Zane Smith,,,
1175,5276623743,ZEUSKIZZ,0,100.5,D Denny Hamlin D Christopher Bell D Chase Elliott D Brad Keselowski D Ryan Preece D Todd Gilliland,,,
1176,5282174004,TikiBoskis,0,99.84999,D Denny Hamlin D Christopher Bell D William Byron D Brad Keselowski D Ryan Preece D Ricky Stenhouse Jr,,,
1177,5281776986,bucs65,0,97.45,D Kyle Larson D Christopher Bell D Ross Chastain D Brad Keselowski D Josh Berry D Ryan Preece,,,
1178,5280664768,bull159192,0,95.49999,D Denny Hamlin D Christopher Bell D Joey Logano D Ross Chastain D Zane Smith D Ricky Stenhouse Jr,,,
1179,5281334503,hootie1126,0,89.899994,D Denny Hamlin D Christopher Bell D Ty Gibbs D Josh Berry D Zane Smith D Connor Zilisch,,,
1180,5281586324,sbslaughter,0,80.45,D John H. Nemechek D Noah Gragson D Todd Gilliland D Ricky Stenhouse Jr D Ty Dillon D Cole Custer,,,
1181,5276529418,dylankoppy,0,73.45,D Denny Hamlin D Christopher Bell D Ty Gibbs D Brad Keselowski D Ryan Preece D Todd Gilliland,,,
1182,5277175759,capitanfuton,0,0,,,,
1182,5279319614,tonyt91,0,0,,,,
1182,5281476191,beedeb36,0,0,,,,
1182,5281577843,arrownh,0,0,,,,
1182,5281961707,ocremy14,0,0,,,,
1182,5282286066,zacsmith1,0,0,,,,
1182,5282432203,bigken60,0,0,,,,
1182,5282777296,sluntjo,0,0,,,,
