Rank,EntryId,EntryName,TimeRemaining,Points,Lineup,,Player,Roster Position,%Drafted,FPTS
1,5278474207,j1mjam13,0,658.48004,F Roman Kopylov F Court McGee F Natalia Silva F Marcus McGhee F Esteban Ribovics F Anthony Wint,,Marcus McGhee,F,44.41%,125.63
2,5275451692,bunny2016,0,647.98,F Roman Kopylov F Imanol Rodriguez F Wang Cong F Marcus McGhee F Esteban Ribovics F Alexander Hernandez,,Wang Cong,F,41.46%,53.77
3,5274780174,Amazin11000,0,644.23,F Johnny Walker F Ismail Naurdiev F Roman Kopylov F Imanol Rodriguez F Natalia Silva F Marcus McGhee,,Jacobe Smith,F,41.13%,101.87
3,5279283391,eddie22345,0,644.23,F Johnny Walker F Ismail Naurdiev F Roman Kopylov F Imanol Rodriguez F Natalia Silva F Marcus McGhee,,Anthony Wint,F,41.04%,129.95
5,5279972999,djcrawford4,0,642.86005,F Johnny Walker F Roman Kopylov F Court McGee F Natalia Silva F Esteban Ribovics F Anthony Wint,,King Green,F,39.28%,11.32
6,5278906905,D4nielHz,0,624.64,F Marvin Vettori F Roman Kopylov F Imanol Rodriguez F Natalia Silva F Marcus McGhee F Esteban Ribovics,,Damian Pinas,F,38.60%,102.09
7,5279887739,wildbill339,0,621.47,F Johnny Walker F Marvin Vettori F Roman Kopylov F Natalia Silva F Marcus McGhee F Esteban Ribovics,,Khaos Williams,F,38.60%,10.89
8,5279915795,studnar,0,615,F Johnny Walker F Roman Kopylov F Damian Pinas F Court McGee F Natalia Silva F Esteban Ribovics,,Mick Parkin,F,32.38%,5.93
9,5279142986,paugasol21,0,610.20996,F Johnny Walker F Roman Kopylov F Damian Pinas F Natalia Silva F Wang Cong F Marcus McGhee,,Ateba Gautier,F,32.13%,2.8
10,5279817290,shortgirl10,0,609.34,F Roman Kopylov F Roberto Soldic F Marcus McGhee F Esteban Ribovics F Anthony Wint F Anthony Romero,,Imanol Rodriguez,F,25.15%,113.18
11,5279387474,TunaGuy,0,609.02,F Johnny Walker F Marvin Vettori F Roman Kopylov F Imanol Rodriguez F Natalia Silva F Esteban Ribovics,,Natalia Silva,F,23.89%,110.96
12,5279133407,wbrady83,0,607.67,F Roman Kopylov F Imanol Rodriguez F Damian Pinas F Court McGee F Natalia Silva F Marcus McGhee,,Alden Coria,F,21.87%,1.6
13,5278350098,4prongdigger,0,607.49,F Johnny Walker F Ismail Naurdiev F Court McGee F Natalia Silva F Marcus McGhee F Esteban Ribovics,,Marvin Vettori,F,19.43%,30.99
13,5279992297,bendyryan,0,607.49,F Johnny Walker F Ismail Naurdiev F Court McGee F Natalia Silva F Marcus McGhee F Esteban Ribovics,,Payton Talbott,F,19.34%,120.76
15,5278966092,rt1835reid,0,606.72003,F Imanol Rodriguez F Court McGee F Wang Cong F Marcus McGhee F Esteban Ribovics F Anthony Wint,,Court McGee,F,18.67%,48.06
16,5279170015,czenier,0,606.5,F Johnny Walker F Roman Kopylov F Imanol Rodriguez F Court McGee F Marcus McGhee F Jacobe Smith,,Esteban Ribovics,F,17.49%,136.13
17,5277398494,iamodie,0,605.13995,F Roman Kopylov F Imanol Rodriguez F Court McGee F Natalia Silva F Roberto Soldic F Marcus McGhee,,Roman Kopylov,F,16.23%,107.75
18,5279189725,tdm85,0,599.58,F Mick Parkin F Roman Kopylov F Imanol Rodriguez F Natalia Silva F Marcus McGhee F Esteban Ribovics,,Roberto Soldic,F,12.53%,99.56
19,5280016448,bball4life17,0,599.08,F Johnny Walker F Marvin Vettori F Roman Kopylov F Imanol Rodriguez F Marcus McGhee F Alexander Hernandez,,Ismail Naurdiev,F,12.28%,76.7
20,5278980105,naborsworld,0,598.79,F Roman Kopylov F Imanol Rodriguez F Natalia Silva F Marcus McGhee F King Green F Anthony Wint,,Johnny Walker,F,11.27%,110.01
21,5278560246,WISCPSYCHO,0,588.65,F Payton Talbott F Johnny Walker F Roman Kopylov F Imanol Rodriguez F Marcus McGhee F King Green,,Rafael Dos Anjos,F,11.10%,11.6
22,5276876754,MJPSevens7,0,587.08997,F Ismail Naurdiev F Roman Kopylov F Imanol Rodriguez F Wang Cong F Roberto Soldic F Esteban Ribovics,,Alexander Hernandez,F,10.09%,111.52
23,5279598668,KingsOfDaNorth12,0,586.43,F Payton Talbott F Johnny Walker F Roman Kopylov F Natalia Silva F Marcus McGhee F King Green,,Deiveson Figueiredo,F,8.33%,2.66
24,5275009200,ryder_back,0,586.32,F Johnny Walker F Roman Kopylov F Damian Pinas F Khaos Williams F Marcus McGhee F Anthony Wint,,Anthony Romero,F,6.22%,10.32
25,5279301309,lberube,0,585.12,F Johnny Walker F Court McGee F Wang Cong F Marcus McGhee F Esteban Ribovics F Alexander Hernandez,,Eric Nolan,F,5.21%,104.83
26,5278235207,Blessed96,0,584.22003,F Marvin Vettori F Roman Kopylov F Wang Cong F Marcus McGhee F Esteban Ribovics F Anthony Wint,,Lucas Armand,F,3.03%,0.4
27,5279887225,ttanakaeprox,0,581.55,F Imanol Rodriguez F Court McGee F Natalia Silva F Wang Cong F Marcus McGhee F Anthony Wint,,Andrey Pulyaev,F,2.27%,1.6
28,5279964152,Asantos12345,0,578.93,F Payton Talbott F Johnny Walker F Roman Kopylov F Imanol Rodriguez F Andrey Pulyaev F Marcus McGhee,,Bruce Whitehead,F,1.93%,3.89
29,5279867677,SeanyB231,0,577.89996,F Roman Kopylov F Imanol Rodriguez F Natalia Silva F Roberto Soldic F Esteban Ribovics F Anthony Romero,,Benardo Sopaj,F,0.08%,0
30,5279882168,RDRFN4LF,0,577.76,F Ismail Naurdiev F Roman Kopylov F Alden Coria F Marcus McGhee F Esteban Ribovics F Anthony Wint,,,
31,5279518625,RPTreanor,0,574.56,F Johnny Walker F Ismail Naurdiev F Roman Kopylov F Damian Pinas F Court McGee F Anthony Wint,,,
32,5279472238,luckie1710,0,573.49,F Ismail Naurdiev F Imanol Rodriguez F Natalia Silva F Khaos Williams F Marcus McGhee F Esteban Ribovics,,,
33,5279349538,BrandonEas2000,0,573.25,F Johnny Walker F Ismail Naurdiev F Imanol Rodriguez F Marcus McGhee F Esteban Ribovics F Rafael Dos Anjos,,,
34,5279839948,meyers2305,0,572.01,F Roman Kopylov F Eric Nolan F Natalia Silva F Marcus McGhee F King Green F Alexander Hernandez,,,
34,5279996313,Candice209,0,572.01,F Roman Kopylov F Eric Nolan F Natalia Silva F Marcus McGhee F King Green F Alexander Hernandez,,,
36,5278922718,danno_35,0,570.93,F Roman Kopylov F Imanol Rodriguez F Damian Pinas F Natalia Silva F Marcus McGhee F King Green,,,
37,5279432445,suzukideb1965,0,570.28,F Roman Kopylov F Imanol Rodriguez F Natalia Silva F Khaos Williams F Marcus McGhee F Jacobe Smith,,,
38,5278996224,Hag51,0,570.26,F Imanol Rodriguez F Wang Cong F Marcus McGhee F Esteban Ribovics F Rafael Dos Anjos F Anthony Wint,,,
38,5279990418,Cratias,0,570.26,F Imanol Rodriguez F Wang Cong F Marcus McGhee F Esteban Ribovics F Rafael Dos Anjos F Anthony Wint,,,
40,5279002574,anthonyb23,0,569.88,F Johnny Walker F Roman Kopylov F Eric Nolan F Roberto Soldic F Esteban Ribovics F Rafael Dos Anjos,,,
41,5279562878,rycullen1999,0,566.12,F Payton Talbott F Ismail Naurdiev F Roman Kopylov F Imanol Rodriguez F Esteban Ribovics F Rafael Dos Anjos,,,
42,5279164992,nellyisaballer17,0,565.79004,F Johnny Walker F Roman Kopylov F Roberto Soldic F Marcus McGhee F King Green F Alexander Hernandez,,,
43,5275905300,skuminator,0,565.07996,F Roman Kopylov F Imanol Rodriguez F Damian Pinas F Eric Nolan F Marcus McGhee F Rafael Dos Anjos,,,
44,5279631189,utica201869,0,563.18,F Payton Talbott F Ismail Naurdiev F Roman Kopylov F Esteban Ribovics F Alexander Hernandez F Anthony Romero,,,
45,5278262830,HUNTERZW,0,562.24,F Payton Talbott F Johnny Walker F Ismail Naurdiev F Roman Kopylov F Khaos Williams F Esteban Ribovics,,,
46,5278219687,DrinknWatchFights,0,559.08,F Deiveson Figueiredo F Ismail Naurdiev F Imanol Rodriguez F Natalia Silva F Marcus McGhee F Anthony Wint,,,
47,5279090939,hollywoodhussey,0,556.14,F Marvin Vettori F Roman Kopylov F Wang Cong F Marcus McGhee F Esteban Ribovics F Jacobe Smith,,,
48,5276444795,metlman1,0,553.34,F Johnny Walker F Roman Kopylov F Imanol Rodriguez F Roberto Soldic F King Green F Alexander Hernandez,,,
49,5279496932,Tamrac,0,550.51996,F Johnny Walker F Damian Pinas F Court McGee F Natalia Silva F Wang Cong F Marcus McGhee,,,
50,5275944884,cgransbery,0,550.18,F Marvin Vettori F Roman Kopylov F Damian Pinas F Wang Cong F Marcus McGhee F Anthony Wint,,,
51,5279196154,JMilf86,0,549.97,F Payton Talbott F Mick Parkin F Roman Kopylov F Wang Cong F Marcus McGhee F Esteban Ribovics,,,
52,5278877995,trentb007,0,547.8,F Johnny Walker F Ismail Naurdiev F Imanol Rodriguez F Natalia Silva F Marcus McGhee F King Green,,,
53,5275452422,csurunnerccr,0,547.14,F Roman Kopylov F Court McGee F Wang Cong F Roberto Soldic F Esteban Ribovics F Jacobe Smith,,,
54,5275588881,southernbred1,0,546.74,F Ismail Naurdiev F Roman Kopylov F Imanol Rodriguez F Damian Pinas F Khaos Williams F Esteban Ribovics,,,
55,5279563591,Codemoneydk,0,544.94,F Imanol Rodriguez F Wang Cong F Khaos Williams F Marcus McGhee F Alexander Hernandez F Anthony Wint,,,
56,5277449715,esco16,0,544.66003,F Ismail Naurdiev F Roman Kopylov F Alden Coria F Natalia Silva F Esteban Ribovics F Alexander Hernandez,,,
57,5279113354,Josh8419,0,543.88,F Ismail Naurdiev F Roman Kopylov F Natalia Silva F Marcus McGhee F King Green F Alexander Hernandez,,,
58,5279115631,pjssports,0,543.43,F Johnny Walker F Imanol Rodriguez F Wang Cong F Khaos Williams F Marcus McGhee F Anthony Wint,,,
59,5279865882,timothyandstacy,0,541.69,F Imanol Rodriguez F Damian Pinas F Wang Cong F Khaos Williams F Marcus McGhee F Esteban Ribovics,,,
60,5278996021,A1HoosierSales,0,541.18,F Roman Kopylov F Damian Pinas F Court McGee F Wang Cong F Roberto Soldic F Anthony Wint,,,
61,5278975749,jbrighton76,0,540.58,F Roman Kopylov F Damian Pinas F Wang Cong F Khaos Williams F Esteban Ribovics F Anthony Wint,,,
62,5279758828,drobles123,0,540.56,F Ismail Naurdiev F Roman Kopylov F Imanol Rodriguez F Damian Pinas F Khaos Williams F Anthony Wint,,,
63,5278501545,mntwins2010,0,540.36,F Roman Kopylov F Wang Cong F Khaos Williams F Esteban Ribovics F Anthony Wint F Jacobe Smith,,,
64,5278878992,jpforno,0,539.46,F Payton Talbott F Roman Kopylov F Alden Coria F Wang Cong F Marcus McGhee F Anthony Wint,,,
65,5279747145,dschryer,0,539.23,F Imanol Rodriguez F Court McGee F Khaos Williams F Marcus McGhee F Alexander Hernandez F Anthony Wint,,,
66,5279097619,Farcry12078,0,537.76996,F Ismail Naurdiev F Roman Kopylov F Damian Pinas F Natalia Silva F Anthony Wint F Anthony Romero,,,
67,5279992764,teedevuci,0,537.45996,F Deiveson Figueiredo F Payton Talbott F Imanol Rodriguez F Natalia Silva F Wang Cong F Esteban Ribovics,,,
68,5279287661,jimlexxx,0,537.01,F Court McGee F Natalia Silva F Khaos Williams F Marcus McGhee F Alexander Hernandez F Anthony Wint,,,
68,5279962899,ElSenorPadre,0,537.01,F Court McGee F Natalia Silva F Khaos Williams F Marcus McGhee F Alexander Hernandez F Anthony Wint,,,
70,5278853091,Asherlock16,0,536.38,F Mick Parkin F Marvin Vettori F Roman Kopylov F Marcus McGhee F Esteban Ribovics F Anthony Wint,,,
71,5275553285,flanders21,0,536.19,F Johnny Walker F Marvin Vettori F Eric Nolan F Natalia Silva F Wang Cong F Marcus McGhee,,,
72,5275017873,paintgirl,0,535.76,F Imanol Rodriguez F Court McGee F Khaos Williams F Marcus McGhee F Esteban Ribovics F Jacobe Smith,,,
72,5278988033,matthewwalsh,0,535.76,F Imanol Rodriguez F Court McGee F Khaos Williams F Marcus McGhee F Esteban Ribovics F Jacobe Smith,,,
72,5279376482,knackermatt,0,535.76,F Imanol Rodriguez F Court McGee F Khaos Williams F Marcus McGhee F Esteban Ribovics F Jacobe Smith,,,
75,5279594938,jtownerica,0,534.01,F Marvin Vettori F Roman Kopylov F Court McGee F Roberto Soldic F Esteban Ribovics F Alexander Hernandez,,,
76,5279543724,dtwlions,0,533.67,F Ismail Naurdiev F Court McGee F Wang Cong F Roberto Soldic F Marcus McGhee F Anthony Wint,,,
77,5278241090,letmetrythis,0,533.41,F Marvin Vettori F Roman Kopylov F Imanol Rodriguez F Damian Pinas F Wang Cong F Marcus McGhee,,,
78,5278767547,STEELinthegame,0,532.69,F Johnny Walker F Ismail Naurdiev F Imanol Rodriguez F Natalia Silva F Alexander Hernandez F Anthony Romero,,,
79,5278345101,jjc828,0,531.75,F Marvin Vettori F Roman Kopylov F Damian Pinas F Wang Cong F Marcus McGhee F Alexander Hernandez,,,
80,5279365059,stiles_12,0,531.3,F Mick Parkin F Roman Kopylov F Damian Pinas F Wang Cong F Marcus McGhee F Esteban Ribovics,,,
81,5279017194,DJESQUIRE,0,531.27997,F Mick Parkin F Ismail Naurdiev F Roman Kopylov F Imanol Rodriguez F Damian Pinas F Marcus McGhee,,,
82,5279161770,miamifinatic,0,530.51,F Roman Kopylov F Damian Pinas F Wang Cong F Marcus McGhee F King Green F Anthony Wint,,,
83,5275478108,MohrSports,0,529.8,F Imanol Rodriguez F Damian Pinas F Court McGee F Khaos Williams F Marcus McGhee F Anthony Wint,,,
83,5279108897,Bank_Swish_Maniac,0,529.8,F Imanol Rodriguez F Damian Pinas F Court McGee F Khaos Williams F Marcus McGhee F Anthony Wint,,,
83,5279244008,JS180,0,529.8,F Marvin Vettori F Roman Kopylov F Damian Pinas F Court McGee F Natalia Silva F Anthony Wint,,,
83,5279965052,jeffseff,0,529.8,F Imanol Rodriguez F Damian Pinas F Court McGee F Khaos Williams F Marcus McGhee F Anthony Wint,,,
87,5278934894,dalmoore,0,529.56995,F Payton Talbott F Roman Kopylov F Wang Cong F Roberto Soldic F Esteban Ribovics F Rafael Dos Anjos,,,
88,5276193295,dpchaps,0,529.36,F Payton Talbott F Roman Kopylov F Court McGee F King Green F Alexander Hernandez F Anthony Wint,,,
89,5275506091,Makadamoney,0,528.76,F Roman Kopylov F Alden Coria F Wang Cong F Roberto Soldic F Esteban Ribovics F Anthony Wint,,,
89,5278809768,DirtyO37,0,528.76,F Roman Kopylov F Alden Coria F Wang Cong F Roberto Soldic F Esteban Ribovics F Anthony Wint,,,
91,5277193043,SweetOnChase,0,527.67004,F Ismail Naurdiev F Roman Kopylov F Eric Nolan F Khaos Williams F Marcus McGhee F Jacobe Smith,,,
91,5279806747,ironhead4ever,0,527.67004,F Ismail Naurdiev F Roman Kopylov F Eric Nolan F Khaos Williams F Marcus McGhee F Jacobe Smith,,,
93,5278517691,bmwiener022,0,527.38,F Mick Parkin F Roman Kopylov F Court McGee F Roberto Soldic F Esteban Ribovics F Anthony Wint,,,
94,5279608281,VAStreets,0,527.27997,F Deiveson Figueiredo F Imanol Rodriguez F Damian Pinas F Wang Cong F Marcus McGhee F Anthony Wint,,,
95,5279124890,PatD58,0,526.04,F Mick Parkin F Ismail Naurdiev F Roman Kopylov F Imanol Rodriguez F Natalia Silva F Alexander Hernandez,,,
96,5279757192,managyjr,0,525.76,F Court McGee F Natalia Silva F Roberto Soldic F Marcus McGhee F Rafael Dos Anjos F Anthony Wint,,,
97,5279848074,cwsavage,0,525.28,F Johnny Walker F Imanol Rodriguez F Wang Cong F Esteban Ribovics F Jacobe Smith F Anthony Romero,,,
98,5279273521,rosy_ruth,0,525.12,F Mick Parkin F Roman Kopylov F Damian Pinas F Wang Cong F Marcus McGhee F Anthony Wint,,,
98,5279397654,Gabor_33,0,525.12,F Johnny Walker F Wang Cong F Marcus McGhee F Anthony Wint F Bruce Whitehead F Jacobe Smith,,,
98,5279529249,JettDFS,0,525.12,F Mick Parkin F Roman Kopylov F Damian Pinas F Wang Cong F Marcus McGhee F Anthony Wint,,,
101,5279597872,brishank1,0,524.31,F Johnny Walker F Marvin Vettori F Roman Kopylov F Court McGee F Marcus McGhee F Jacobe Smith,,,
102,5279479507,bavmarine,0,523.88,F Payton Talbott F Ismail Naurdiev F Wang Cong F Khaos Williams F Marcus McGhee F Esteban Ribovics,,,
103,5279338624,berserker2,0,523.86,F Payton Talbott F Roman Kopylov F Court McGee F Roberto Soldic F Esteban Ribovics F Rafael Dos Anjos,,,
104,5278732185,isitcoffeytime,0,523.56,F Johnny Walker F Ismail Naurdiev F Roman Kopylov F Alden Coria F Marcus McGhee F Jacobe Smith,,,
105,5276592162,Jodie60,0,521.93,F Roman Kopylov F Wang Cong F Khaos Williams F Esteban Ribovics F Alexander Hernandez F Jacobe Smith,,,
106,5278787372,JaylenRose,0,521.60004,F Marvin Vettori F Imanol Rodriguez F Natalia Silva F Khaos Williams F Marcus McGhee F Anthony Wint,,,
106,5279112280,mickdog420,0,521.60004,F Marvin Vettori F Imanol Rodriguez F Natalia Silva F Khaos Williams F Marcus McGhee F Anthony Wint,,,
108,5279798431,JohnnyRocco,0,521.32,F Payton Talbott F Roman Kopylov F Damian Pinas F Wang Cong F Marcus McGhee F King Green,,,
109,5279991118,pigskin23,0,520.79,F Roman Kopylov F Alden Coria F Damian Pinas F Wang Cong F Marcus McGhee F Anthony Wint,,,
110,5278932247,ddauphine,0,520.67004,F Payton Talbott F Roman Kopylov F Wang Cong F Khaos Williams F Marcus McGhee F Jacobe Smith,,,
110,5279442878,Healsworth82,0,520.67004,F Payton Talbott F Roman Kopylov F Wang Cong F Khaos Williams F Marcus McGhee F Jacobe Smith,,,
110,5280005390,smg855s,0,520.67004,F Payton Talbott F Roman Kopylov F Wang Cong F Khaos Williams F Marcus McGhee F Jacobe Smith,,,
113,5279272675,xXxPLOSIVE,0,519.5,F Payton Talbott F Roman Kopylov F Damian Pinas F Court McGee F Khaos Williams F Anthony Wint,,,
113,5279922503,sbertrand611,0,519.5,F Payton Talbott F Roman Kopylov F Damian Pinas F Court McGee F Khaos Williams F Anthony Wint,,,
115,5276907473,Dirtylarry2020,0,519.43005,F Marvin Vettori F Eric Nolan F Natalia Silva F Khaos Williams F Marcus McGhee F Esteban Ribovics,,,
116,5279833165,DarkLionz,0,518.81,F Andrey Pulyaev F Eric Nolan F Natalia Silva F Wang Cong F Esteban Ribovics F Alexander Hernandez,,,
117,5279796454,sevilkibar,0,518.63,F Mick Parkin F Roman Kopylov F Imanol Rodriguez F Wang Cong F Esteban Ribovics F Jacobe Smith,,,
118,5276030310,Frunk_as_Duck,0,518.06,F Roman Kopylov F Imanol Rodriguez F Damian Pinas F Wang Cong F King Green F Anthony Wint,,,
119,5280019714,DavidNola985,0,518.04004,F Payton Talbott F Marvin Vettori F Roman Kopylov F Khaos Williams F Esteban Ribovics F Alexander Hernandez,,,
120,5278683897,VickyG24,0,517.87,F Payton Talbott F Roman Kopylov F Imanol Rodriguez F Wang Cong F Khaos Williams F Alexander Hernandez,,,
121,5279893639,Westlund,0,517.83997,F Roman Kopylov F Imanol Rodriguez F Wang Cong F King Green F Anthony Wint F Jacobe Smith,,,
121,5279990220,hoosiers46163,0,517.83997,F Roman Kopylov F Imanol Rodriguez F Wang Cong F King Green F Anthony Wint F Jacobe Smith,,,
123,5279940195,edcaps,0,516.99,F Ismail Naurdiev F Court McGee F Natalia Silva F Wang Cong F Marcus McGhee F Jacobe Smith,,,
124,5275848842,usmc0369,0,516.94995,F Imanol Rodriguez F Damian Pinas F Natalia Silva F Wang Cong F Marcus McGhee F King Green,,,
125,5279383685,Barbarian,0,515.62,F Payton Talbott F Johnny Walker F Court McGee F Roberto Soldic F Marcus McGhee F Rafael Dos Anjos,,,
126,5280020875,Los_bravos88,0,515.6,F Deiveson Figueiredo F Johnny Walker F Ismail Naurdiev F Imanol Rodriguez F Damian Pinas F Natalia Silva,,,
127,5279393200,cowboys767,0,515.32,F Johnny Walker F Marvin Vettori F Alden Coria F Natalia Silva F Marcus McGhee F Esteban Ribovics,,,
127,5279816749,nickbloggerman,0,515.32,F Johnny Walker F Marvin Vettori F Alden Coria F Natalia Silva F Marcus McGhee F Esteban Ribovics,,,
129,5275110445,AlBETS247,0,515.16,F Alden Coria F Natalia Silva F Khaos Williams F Marcus McGhee F Esteban Ribovics F Anthony Wint,,,
129,5279154153,AMayberry23,0,515.16,F Alden Coria F Natalia Silva F Khaos Williams F Marcus McGhee F Esteban Ribovics F Anthony Wint,,,
129,5279279450,corn12365,0,515.16,F Alden Coria F Natalia Silva F Khaos Williams F Marcus McGhee F Esteban Ribovics F Anthony Wint,,,
129,5279343324,statnerds,0,515.16,F Alden Coria F Natalia Silva F Khaos Williams F Marcus McGhee F Esteban Ribovics F Anthony Wint,,,
129,5279459902,MissingManning,0,515.16,F Alden Coria F Natalia Silva F Khaos Williams F Marcus McGhee F Esteban Ribovics F Anthony Wint,,,
129,5279821600,Pjg1979,0,515.16,F Alden Coria F Natalia Silva F Khaos Williams F Marcus McGhee F Esteban Ribovics F Anthony Wint,,,
135,5278671937,BolasViejas,0,514.96,F Payton Talbott F Roman Kopylov F Court McGee F Khaos Williams F Marcus McGhee F Jacobe Smith,,,
136,5275828585,evansather,0,512.67,F Mick Parkin F Roman Kopylov F Imanol Rodriguez F Damian Pinas F Wang Cong F Anthony Wint,,,
136,5278389350,124337,0,512.67,F Mick Parkin F Roman Kopylov F Imanol Rodriguez F Damian Pinas F Wang Cong F Anthony Wint,,,
136,5279295893,604Lance,0,512.67,F Mick Parkin F Roman Kopylov F Imanol Rodriguez F Damian Pinas F Wang Cong F Anthony Wint,,,
139,5276173606,mani510,0,512.5,F Roman Kopylov F Damian Pinas F Wang Cong F Khaos Williams F Esteban Ribovics F Jacobe Smith,,,
139,5278973320,Aungstmma,0,512.5,F Roman Kopylov F Damian Pinas F Wang Cong F Khaos Williams F Esteban Ribovics F Jacobe Smith,,,
141,5278483257,gurujirmca,0,511.76996,F Mick Parkin F Marvin Vettori F Roman Kopylov F Marcus McGhee F Alexander Hernandez F Anthony Wint,,,
142,5278486379,blkngld14,0,511.46002,F Payton Talbott F Johnny Walker F Marvin Vettori F Imanol Rodriguez F Khaos Williams F Marcus McGhee,,,
143,5279283990,daldi,0,511.41003,F Payton Talbott F Mick Parkin F Roman Kopylov F Khaos Williams F Esteban Ribovics F Anthony Wint,,,
144,5279986491,cvferguson,0,510.14,F Marvin Vettori F Andrey Pulyaev F Eric Nolan F Natalia Silva F Marcus McGhee F Esteban Ribovics,,,
145,5279985116,Flipster34,0,509.90997,F Roman Kopylov F Court McGee F Natalia Silva F King Green F Anthony Wint F Jacobe Smith,,,
146,5279097825,Dr_Two_Inch,0,508.96002,F Johnny Walker F Roman Kopylov F Court McGee F King Green F Anthony Wint F Jacobe Smith,,,
147,5274658410,joephoto,0,508.89,F Ismail Naurdiev F Wang Cong F Marcus McGhee F King Green F Alexander Hernandez F Anthony Wint,,,
147,5278345247,mathyewjoeza,0,508.89,F Ismail Naurdiev F Wang Cong F Marcus McGhee F King Green F Alexander Hernandez F Anthony Wint,,,
149,5278407299,Wlulaxer,0,508.35,F Mick Parkin F Roman Kopylov F Imanol Rodriguez F Damian Pinas F Wang Cong F Marcus McGhee,,,
150,5279781541,ItsMarcus,0,508.13,F Mick Parkin F Roman Kopylov F Imanol Rodriguez F Wang Cong F Marcus McGhee F Jacobe Smith,,,
151,5279652454,sushifitness,0,507.72998,F Marvin Vettori F Roman Kopylov F Damian Pinas F Marcus McGhee F King Green F Anthony Wint,,,
151,5279964926,quintin1177,0,507.72998,F Marvin Vettori F Roman Kopylov F Damian Pinas F Marcus McGhee F King Green F Anthony Wint,,,
153,5277187164,tonyfeels420,0,507.08002,F Payton Talbott F Roman Kopylov F Alden Coria F Khaos Williams F Esteban Ribovics F Anthony Wint,,,
154,5279252510,58JC,0,506.78,F Payton Talbott F Roman Kopylov F Damian Pinas F Wang Cong F Khaos Williams F Alexander Hernandez,,,
155,5279326009,FoxyGrandpa252,0,506.43,F Ismail Naurdiev F Wang Cong F Roberto Soldic F Esteban Ribovics F Anthony Wint F Anthony Romero,,,
156,5279809104,TwoLeggedLOTTO,0,505.96997,F Johnny Walker F Marvin Vettori F Imanol Rodriguez F Alexander Hernandez F Anthony Wint F Anthony Romero,,,
157,5279363364,AntonioMorris,0,504.99,F Ismail Naurdiev F Wang Cong F Khaos Williams F Marcus McGhee F Esteban Ribovics F Jacobe Smith,,,
158,5274941400,6DaWg2010,0,504.97998,F Payton Talbott F Mick Parkin F Roman Kopylov F Court McGee F Natalia Silva F Alexander Hernandez,,,
159,5279749805,vwicken,0,504.24,F Payton Talbott F Mick Parkin F Marvin Vettori F Roman Kopylov F Imanol Rodriguez F Marcus McGhee,,,
159,5280015728,SalamandaZanda,0,504.24,F Payton Talbott F Mick Parkin F Marvin Vettori F Roman Kopylov F Imanol Rodriguez F Marcus McGhee,,,
161,5278618237,nibbish,0,503.28,F Mick Parkin F Imanol Rodriguez F Khaos Williams F Marcus McGhee F Esteban Ribovics F Alexander Hernandez,,,
162,5279935121,jboehm,0,503.22003,F Roman Kopylov F Wang Cong F Roberto Soldic F Anthony Wint F Jacobe Smith F Anthony Romero,,,
163,5279358427,firethorne6121,0,502.76996,F Mick Parkin F Roman Kopylov F Court McGee F Roberto Soldic F Alexander Hernandez F Anthony Wint,,,
164,5274883155,LucaButt,0,502.56,F Imanol Rodriguez F Damian Pinas F Khaos Williams F Esteban Ribovics F Anthony Wint F Anthony Romero,,,
165,5279120422,CMallock,0,502.49,F Imanol Rodriguez F Khaos Williams F Marcus McGhee F King Green F Alexander Hernandez F Anthony Wint,,,
166,5276942449,westh8bamix,0,502.43,F Roman Kopylov F Damian Pinas F Wang Cong F Marcus McGhee F King Green F Jacobe Smith,,,
166,5279225394,peky0401,0,502.43,F Roman Kopylov F Damian Pinas F Wang Cong F Marcus McGhee F King Green F Jacobe Smith,,,
166,5279670499,rjmazeika,0,502.43,F Roman Kopylov F Damian Pinas F Wang Cong F Marcus McGhee F King Green F Jacobe Smith,,,
166,5280014932,DawgFood,0,502.43,F Roman Kopylov F Damian Pinas F Wang Cong F Marcus McGhee F King Green F Jacobe Smith,,,
170,5278773960,Tarwills,0,502.01,F Payton Talbott F Imanol Rodriguez F Andrey Pulyaev F Khaos Williams F Marcus McGhee F Anthony Wint,,,
171,5279299017,GeneMorris,0,502,F Roman Kopylov F Damian Pinas F Wang Cong F Khaos Williams F Marcus McGhee F Jacobe Smith,,,
172,5279419493,Daphny15,0,501.58,F Roman Kopylov F Alden Coria F Natalia Silva F Wang Cong F Marcus McGhee F Jacobe Smith,,,
173,5274640057,Terry301,0,501.14,F Marvin Vettori F Imanol Rodriguez F Natalia Silva F Roberto Soldic F Esteban Ribovics F Anthony Romero,,,
174,5274792826,marko4444,0,500.34003,F Damian Pinas F Natalia Silva F Khaos Williams F Esteban Ribovics F Anthony Wint F Anthony Romero,,,
175,5278655528,SBUBONNIES,0,499.46,F Deiveson Figueiredo F Damian Pinas F Court McGee F Natalia Silva F Roberto Soldic F Esteban Ribovics,,,
176,5279884900,ncicere,0,499.30002,F Marvin Vettori F Roman Kopylov F Natalia Silva F Esteban Ribovics F Rafael Dos Anjos F Jacobe Smith,,,
177,5276963547,Jocquan,0,499.24,F Johnny Walker F Roman Kopylov F Andrey Pulyaev F Court McGee F Anthony Wint F Jacobe Smith,,,
178,5279471772,THAKZZA,0,499.02997,F Ismail Naurdiev F Damian Pinas F Wang Cong F Khaos Williams F Marcus McGhee F Anthony Wint,,,
178,5279776983,jsamtoy,0,499.02997,F Ismail Naurdiev F Damian Pinas F Wang Cong F Khaos Williams F Marcus McGhee F Anthony Wint,,,
180,5278914286,moonman35,0,498.72998,F Roman Kopylov F Damian Pinas F Court McGee F Roberto Soldic F King Green F Anthony Wint,,,
181,5278813211,photoperbear,0,498.08997,F Deiveson Figueiredo F Roman Kopylov F Damian Pinas F Wang Cong F Anthony Wint F Jacobe Smith,,,
182,5274929084,fillyfan2002,0,497.99002,F Payton Talbott F Roman Kopylov F Eric Nolan F Wang Cong F Roberto Soldic F King Green,,,
183,5278787010,bapster,0,497.25,F Mick Parkin F Imanol Rodriguez F Natalia Silva F Marcus McGhee F Rafael Dos Anjos F Anthony Wint,,,
184,5278997914,beckerbird2009,0,497.08,F Natalia Silva F Khaos Williams F Marcus McGhee F Esteban Ribovics F Rafael Dos Anjos F Jacobe Smith,,,
184,5279068314,bryanbigbets,0,497.08,F Natalia Silva F Khaos Williams F Marcus McGhee F Esteban Ribovics F Rafael Dos Anjos F Jacobe Smith,,,
186,5278259710,benweeeaver,0,496.91,F Marvin Vettori F Imanol Rodriguez F Eric Nolan F Natalia Silva F Marcus McGhee F King Green,,,
186,5279276240,TakeThePoint,0,496.91,F Marvin Vettori F Imanol Rodriguez F Eric Nolan F Natalia Silva F Marcus McGhee F King Green,,,
188,5279665450,RINO19,0,496.67,F Johnny Walker F Damian Pinas F Court McGee F Roberto Soldic F Marcus McGhee F King Green,,,
189,5278820051,jpm_joshua2002,0,496.66003,F Payton Talbott F Eric Nolan F Marcus McGhee F Rafael Dos Anjos F Anthony Wint F Bruce Whitehead,,,
189,5279535853,joe_mac10,0,496.66003,F Payton Talbott F Eric Nolan F Marcus McGhee F Rafael Dos Anjos F Anthony Wint F Bruce Whitehead,,,
191,5279440780,warstar13,0,496.53998,F Mick Parkin F Imanol Rodriguez F Natalia Silva F Khaos Williams F Marcus McGhee F Anthony Wint,,,
192,5278939166,bpaletta,0,495.48004,F Mick Parkin F Roman Kopylov F Eric Nolan F Khaos Williams F Esteban Ribovics F Anthony Wint,,,
193,5275803820,kepenekela,0,494.85004,F Marvin Vettori F Roman Kopylov F Imanol Rodriguez F Damian Pinas F Khaos Williams F Anthony Wint,,,
194,5278960534,damrellderek,0,494.44,F Mick Parkin F Marvin Vettori F Roman Kopylov F Imanol Rodriguez F Natalia Silva F Marcus McGhee,,,
195,5279320334,zacsmith1,0,494.4,F Payton Talbott F Roman Kopylov F Alden Coria F Natalia Silva F Wang Cong F Roberto Soldic,,,
196,5279193192,nh70744,0,493.99,F Payton Talbott F Ismail Naurdiev F Court McGee F Marcus McGhee F King Green F Alexander Hernandez,,,
197,5279368572,hydrokoma,0,493.75,F Ismail Naurdiev F Damian Pinas F Court McGee F Marcus McGhee F King Green F Anthony Wint,,,
198,5278593065,McLoud212,0,493.38998,F Ismail Naurdiev F Alden Coria F Wang Cong F Roberto Soldic F Marcus McGhee F Esteban Ribovics,,,
199,5278965329,oouno,0,493.33997,F Imanol Rodriguez F Damian Pinas F Khaos Williams F Marcus McGhee F Rafael Dos Anjos F Anthony Wint,,,
200,5275969179,Antrome,0,493.3,F Payton Talbott F Marvin Vettori F Roman Kopylov F Natalia Silva F King Green F Alexander Hernandez,,,
201,5279601901,yaymacc,0,492.98,F Payton Talbott F Mick Parkin F Roman Kopylov F Khaos Williams F Esteban Ribovics F Alexander Hernandez,,,
202,5276123147,chrispm,0,492.95,F Johnny Walker F Imanol Rodriguez F Eric Nolan F Wang Cong F Roberto Soldic F Rafael Dos Anjos,,,
203,5280019250,cyclonestein,0,492.90002,F Payton Talbott F Marvin Vettori F Roman Kopylov F Roberto Soldic F Anthony Wint F Bruce Whitehead,,,
204,5279911362,Beardownbears11,0,492.62,F Marvin Vettori F Roman Kopylov F Damian Pinas F Alexander Hernandez F Anthony Wint F Anthony Romero,,,
205,5278734735,kzg7460,0,492.02002,F Imanol Rodriguez F Andrey Pulyaev F Roberto Soldic F Esteban Ribovics F Rafael Dos Anjos F Anthony Wint,,,
206,5279523360,yankeesgirl7,0,491.89,F Deiveson Figueiredo F Natalia Silva F Esteban Ribovics F Anthony Wint F Jacobe Smith F Anthony Romero,,,
207,5280018806,EvilChef38,0,491.51,F Deiveson Figueiredo F Johnny Walker F Khaos Williams F Esteban Ribovics F Anthony Wint F Jacobe Smith,,,
208,5279964527,t-square83,0,491.24,F Imanol Rodriguez F Roberto Soldic F Marcus McGhee F King Green F Rafael Dos Anjos F Anthony Wint,,,
209,5278694868,JohnZaps,0,491.12,F Damian Pinas F Natalia Silva F Khaos Williams F Marcus McGhee F Rafael Dos Anjos F Anthony Wint,,,
210,5278541034,49ers4l1f3,0,490.57,F Johnny Walker F Marvin Vettori F Damian Pinas F Natalia Silva F Khaos Williams F Marcus McGhee,,,
211,5279112983,nickat916,0,490.26,F Payton Talbott F Mick Parkin F Ismail Naurdiev F Imanol Rodriguez F Court McGee F Marcus McGhee,,,
212,5278721586,CashMoneyClassic,0,490.25,F Payton Talbott F Ismail Naurdiev F Imanol Rodriguez F Andrey Pulyaev F Court McGee F Anthony Wint,,,
213,5276232074,basaunders1,0,489.97998,F Roman Kopylov F Imanol Rodriguez F Damian Pinas F Wang Cong F King Green F Jacobe Smith,,,
213,5277975833,blunt321,0,489.97998,F Roman Kopylov F Imanol Rodriguez F Damian Pinas F Wang Cong F King Green F Jacobe Smith,,,
215,5278743864,Scrappy937,0,489.89,F Johnny Walker F Damian Pinas F Khaos Williams F Marcus McGhee F King Green F Anthony Wint,,,
216,5279910942,bigfulltime,0,489.66,F Deiveson Figueiredo F Payton Talbott F Marvin Vettori F Roman Kopylov F Marcus McGhee F Jacobe Smith,,,
217,5279771689,Johnny_Great,0,489.62,F Natalia Silva F Khaos Williams F Marcus McGhee F Anthony Wint F Jacobe Smith F Anthony Romero,,,
218,5279787588,anishsb21,0,489.3,F Mick Parkin F Ismail Naurdiev F Court McGee F Natalia Silva F Esteban Ribovics F Alexander Hernandez,,,
219,5278495513,TedBurget76101,0,488.89,F Payton Talbott F Mick Parkin F Roman Kopylov F Imanol Rodriguez F King Green F Anthony Wint,,,
220,5278807385,seminolefs,0,488.74,F Deiveson Figueiredo F Court McGee F Natalia Silva F Roberto Soldic F Marcus McGhee F Jacobe Smith,,,
221,5279868992,Dshell66,0,488.47,F Johnny Walker F Marvin Vettori F Natalia Silva F Roberto Soldic F Marcus McGhee F King Green,,,
222,5279028806,mspozto,0,488.19,F Deiveson Figueiredo F Johnny Walker F Ateba Gautier F Natalia Silva F Marcus McGhee F Esteban Ribovics,,,
222,5279129187,quietowl,0,488.19,F Deiveson Figueiredo F Johnny Walker F Ateba Gautier F Natalia Silva F Marcus McGhee F Esteban Ribovics,,,
222,5279282684,ironmelon,0,488.19,F Deiveson Figueiredo F Johnny Walker F Ateba Gautier F Natalia Silva F Marcus McGhee F Esteban Ribovics,,,
222,5279481306,jonytiler,0,488.19,F Roman Kopylov F Alden Coria F Khaos Williams F Esteban Ribovics F Anthony Wint F Jacobe Smith,,,
222,5279650773,sal-tee-17,0,488.19,F Deiveson Figueiredo F Johnny Walker F Ateba Gautier F Natalia Silva F Marcus McGhee F Esteban Ribovics,,,
222,5279990842,psnowden1991,0,488.19,F Roman Kopylov F Alden Coria F Khaos Williams F Esteban Ribovics F Anthony Wint F Jacobe Smith,,,
228,5278931470,Lucky_Larry,0,487.68,F Ismail Naurdiev F Alden Coria F Court McGee F Roberto Soldic F Marcus McGhee F Esteban Ribovics,,,
229,5274577533,liberatemelord1,0,486.81,F Johnny Walker F Roman Kopylov F Damian Pinas F Wang Cong F King Green F Jacobe Smith,,,
229,5279937539,bdcook2,0,486.81,F Johnny Walker F Roman Kopylov F Damian Pinas F Wang Cong F King Green F Jacobe Smith,,,
231,5279531598,bstowe4,0,485.94,F Mick Parkin F Ismail Naurdiev F Marcus McGhee F Esteban Ribovics F Rafael Dos Anjos F Anthony Wint,,,
232,5275481302,DLime22,0,485.74,F Payton Talbott F Johnny Walker F Ismail Naurdiev F Imanol Rodriguez F Wang Cong F King Green,,,
233,5278821215,jimcon2,0,485.35,F Mick Parkin F Marvin Vettori F Roman Kopylov F Imanol Rodriguez F Marcus McGhee F Jacobe Smith,,,
234,5279204756,zandwich,0,484.13,F Payton Talbott F Ismail Naurdiev F Damian Pinas F Court McGee F Khaos Williams F Marcus McGhee,,,
235,5278716423,FatManMagic,0,484.06003,F Imanol Rodriguez F Natalia Silva F Esteban Ribovics F Rafael Dos Anjos F Jacobe Smith F Anthony Romero,,,
236,5275445683,bud_dog05,0,483.40997,F Johnny Walker F Ismail Naurdiev F Damian Pinas F Wang Cong F Khaos Williams F Anthony Wint,,,
236,5275594607,oddmanout7,0,483.40997,F Johnny Walker F Ismail Naurdiev F Damian Pinas F Wang Cong F Khaos Williams F Anthony Wint,,,
238,5275482788,tarheel69,0,483.13,F Payton Talbott F Mick Parkin F Roman Kopylov F Alden Coria F Natalia Silva F Esteban Ribovics,,,
239,5274819456,skunkel133,0,482.76,F Payton Talbott F Roman Kopylov F Damian Pinas F Khaos Williams F King Green F Anthony Wint,,,
239,5278754581,cehmist1,0,482.76,F Payton Talbott F Roman Kopylov F Damian Pinas F Khaos Williams F King Green F Anthony Wint,,,
239,5280020689,Phattstaxx,0,482.76,F Payton Talbott F Roman Kopylov F Damian Pinas F Khaos Williams F King Green F Anthony Wint,,,
242,5278922982,Strassner24,0,482.75,F Ismail Naurdiev F Imanol Rodriguez F Wang Cong F Marcus McGhee F Rafael Dos Anjos F Jacobe Smith,,,
243,5279309966,goofybh207,0,482.66998,F Deiveson Figueiredo F Natalia Silva F Marcus McGhee F Rafael Dos Anjos F Anthony Wint F Jacobe Smith,,,
243,5279310474,Moeg196,0,482.66998,F Mick Parkin F Roman Kopylov F Damian Pinas F Marcus McGhee F King Green F Anthony Wint,,,
245,5279064750,rayjaa55,0,482.49002,F Payton Talbott F Johnny Walker F Marvin Vettori F Roman Kopylov F Damian Pinas F Khaos Williams,,,
246,5279131247,World_Domination67,0,482.47,F Ismail Naurdiev F Imanol Rodriguez F Wang Cong F Marcus McGhee F King Green F Jacobe Smith,,,
247,5279151288,RotoJackson,0,482.40002,F Mick Parkin F Marvin Vettori F Wang Cong F Marcus McGhee F Esteban Ribovics F Anthony Wint,,,
248,5279999140,WAOBDG,0,482.34998,F Deiveson Figueiredo F Johnny Walker F Eric Nolan F Wang Cong F Roberto Soldic F Alexander Hernandez,,,
249,5278502254,hitmen20002002,0,481.24,F Imanol Rodriguez F Andrey Pulyaev F Roberto Soldic F Marcus McGhee F King Green F Anthony Wint,,,
250,5279883354,brandon_allison,0,481.13,F Imanol Rodriguez F Eric Nolan F Natalia Silva F Khaos Williams F King Green F Anthony Wint,,,
251,5279980987,ed8802,0,481.09998,F Court McGee F Wang Cong F Esteban Ribovics F King Green F Anthony Wint F Jacobe Smith,,,
252,5279377995,armydave72,0,480.97998,F Payton Talbott F Ismail Naurdiev F Imanol Rodriguez F Court McGee F Natalia Silva F King Green,,,
253,5274630265,tsawyer27,0,480.96002,F Payton Talbott F Johnny Walker F Roman Kopylov F Alden Coria F Khaos Williams F Anthony Wint,,,
254,5278848610,Tr0ubl35,0,480.83,F Mick Parkin F Imanol Rodriguez F Roberto Soldic F Marcus McGhee F Esteban Ribovics F Lucas Armand,,,
255,5275915160,NachoW,0,480.74,F Payton Talbott F Roman Kopylov F Natalia Silva F Benardo Sopaj F King Green F Anthony Wint,,,
256,5280021240,alpha18v,0,479.38,F Deiveson Figueiredo F Marvin Vettori F Imanol Rodriguez F Damian Pinas F Eric Nolan F Marcus McGhee,,,
257,5279229994,statistical_genius,0,478.80002,F Marvin Vettori F Roman Kopylov F Alden Coria F Natalia Silva F Marcus McGhee F Jacobe Smith,,,
258,5279190760,texascub,0,478.72,F Imanol Rodriguez F Damian Pinas F Eric Nolan F Khaos Williams F Esteban Ribovics F Rafael Dos Anjos,,,
259,5279120038,Gimore,0,478.68,F Payton Talbott F Andrey Pulyaev F Natalia Silva F Alexander Hernandez F Anthony Wint F Bruce Whitehead,,,
260,5276437402,Ruintoodeep99,0,478.54,F Mick Parkin F Imanol Rodriguez F Natalia Silva F Marcus McGhee F King Green F Alexander Hernandez,,,
260,5280020358,unitedmma,0,478.54,F Mick Parkin F Imanol Rodriguez F Natalia Silva F Marcus McGhee F King Green F Alexander Hernandez,,,
262,5279541456,SpaceCowboy1147,0,478.12,F Roman Kopylov F Alden Coria F Marcus McGhee F King Green F Anthony Wint F Jacobe Smith,,,
263,5279927514,moonshotshaw,0,477.96002,F Johnny Walker F Eric Nolan F Natalia Silva F Khaos Williams F King Green F Anthony Wint,,,
264,5279058931,keithsomebody,0,477.83,F Payton Talbott F Mick Parkin F Imanol Rodriguez F Court McGee F Wang Cong F Esteban Ribovics,,,
265,5277567878,texasyone7428,0,477.82,F Imanol Rodriguez F Damian Pinas F Natalia Silva F King Green F Anthony Wint F Anthony Romero,,,
266,5279764571,Grizz113,0,477.69,F Roman Kopylov F Alden Coria F Khaos Williams F Marcus McGhee F Anthony Wint F Jacobe Smith,,,
266,5279977334,Brian_msbc,0,477.69,F Roman Kopylov F Alden Coria F Khaos Williams F Marcus McGhee F Anthony Wint F Jacobe Smith,,,
268,5278723641,JDamien2442,0,477.68002,F Payton Talbott F Johnny Walker F Imanol Rodriguez F Khaos Williams F King Green F Alexander Hernandez,,,
269,5279512353,jbgiants18,0,477.44,F Johnny Walker F Imanol Rodriguez F Damian Pinas F Khaos Williams F King Green F Anthony Wint,,,
270,5278283035,corruption79,0,476.50998,F Deiveson Figueiredo F Payton Talbott F Johnny Walker F Mick Parkin F Marcus McGhee F Alexander Hernandez,,,
271,5274853196,Jkon7,0,475.94,F Payton Talbott F Johnny Walker F Marvin Vettori F Roman Kopylov F Alden Coria F Eric Nolan,,,
272,5279571530,Webedawgs,0,475.25,F Payton Talbott F Ismail Naurdiev F Khaos Williams F Marcus McGhee F King Green F Anthony Wint,,,
272,5279933830,delicious_dish,0,475.25,F Payton Talbott F Ismail Naurdiev F Khaos Williams F Marcus McGhee F King Green F Anthony Wint,,,
274,5278278528,JTcapSNAKE,0,474.65002,F Payton Talbott F Damian Pinas F Natalia Silva F Marcus McGhee F King Green F Bruce Whitehead,,,
275,5279190771,Browns2233,0,474.56,F Imanol Rodriguez F Natalia Silva F Marcus McGhee F King Green F Rafael Dos Anjos F Jacobe Smith,,,
276,5279034067,aceassin,0,474.05,F Ismail Naurdiev F Alden Coria F Eric Nolan F Wang Cong F Marcus McGhee F Alexander Hernandez,,,
277,5279454188,kozy6813,0,473.85,F Imanol Rodriguez F Natalia Silva F Khaos Williams F Marcus McGhee F King Green F Jacobe Smith,,,
277,5279600113,dallas1fan21,0,473.85,F Imanol Rodriguez F Natalia Silva F Khaos Williams F Marcus McGhee F King Green F Jacobe Smith,,,
277,5279965881,relevanthought,0,473.85,F Imanol Rodriguez F Natalia Silva F Khaos Williams F Marcus McGhee F King Green F Jacobe Smith,,,
280,5279343957,kapitaaal,0,473.83002,F Johnny Walker F Imanol Rodriguez F Damian Pinas F Marcus McGhee F King Green F Rafael Dos Anjos,,,
281,5279432137,stayeduptolate,0,473.48,F Payton Talbott F Mick Parkin F Roman Kopylov F Damian Pinas F Marcus McGhee F King Green,,,
282,5278775566,BigSkerb,0,473.47003,F Johnny Walker F Ateba Gautier F Imanol Rodriguez F Natalia Silva F Khaos Williams F Marcus McGhee,,,
282,5278912284,andrewran,0,473.47003,F Johnny Walker F Ateba Gautier F Imanol Rodriguez F Natalia Silva F Khaos Williams F Marcus McGhee,,,
284,5278390807,Dmoney361,0,472.95,F Mick Parkin F Roman Kopylov F Alden Coria F Damian Pinas F Marcus McGhee F Anthony Wint,,,
284,5279781985,RUSALTYYET,0,472.95,F Payton Talbott F Imanol Rodriguez F Damian Pinas F Khaos Williams F Marcus McGhee F Lucas Armand,,,
286,5274515554,Paytonclark222,0,472.7,F Deiveson Figueiredo F Roman Kopylov F Imanol Rodriguez F Damian Pinas F Khaos Williams F Esteban Ribovics,,,
287,5277479254,McJacKstrs266,0,472.47003,F Payton Talbott F Roman Kopylov F Alden Coria F Damian Pinas F Anthony Wint F Anthony Romero,,,
288,5279035938,nauldyboy,0,472.4,F Andrey Pulyaev F Natalia Silva F Esteban Ribovics F Alexander Hernandez F Jacobe Smith F Anthony Romero,,,
289,5275614183,eagsixcards,0,471.99,F Payton Talbott F Marvin Vettori F Wang Cong F Khaos Williams F Marcus McGhee F Anthony Wint,,,
290,5278772079,jabell10,0,471.84,F Marvin Vettori F Court McGee F Wang Cong F Marcus McGhee F Alexander Hernandez F Jacobe Smith,,,
291,5278238545,illinimikey,0,471.60004,F Alden Coria F Damian Pinas F Court McGee F Wang Cong F Esteban Ribovics F Anthony Wint,,,
292,5279775689,Tobiczyk5,0,471.48,F Payton Talbott F Court McGee F Wang Cong F Khaos Williams F Esteban Ribovics F Jacobe Smith,,,
293,5279775291,jasonarusso,0,471.16998,F Ateba Gautier F Court McGee F Natalia Silva F Wang Cong F Marcus McGhee F Anthony Wint,,,
294,5278575722,Lambeau_Calrissian,0,470.59998,F Court McGee F Wang Cong F Marcus McGhee F King Green F Anthony Wint F Jacobe Smith,,,
294,5280003719,Rehoboam217,0,470.59998,F Court McGee F Wang Cong F Marcus McGhee F King Green F Anthony Wint F Jacobe Smith,,,
296,5279980931,krash04,0,470.58,F Roman Kopylov F Alden Coria F Damian Pinas F Court McGee F Roberto Soldic F Alexander Hernandez,,,
297,5279267650,dropzone420,0,470.41998,F Mick Parkin F Roman Kopylov F Alden Coria F Roberto Soldic F Marcus McGhee F Anthony Wint,,,
298,5274815385,crackadaz,0,470.28998,F Deiveson Figueiredo F Imanol Rodriguez F Damian Pinas F Khaos Williams F Alexander Hernandez F Anthony Wint,,,
299,5278969629,mmatuska,0,470.15997,F Deiveson Figueiredo F Imanol Rodriguez F Damian Pinas F Natalia Silva F King Green F Anthony Wint,,,
300,5279127401,sima0038,0,469.95,F Mick Parkin F Marvin Vettori F Imanol Rodriguez F Wang Cong F Esteban Ribovics F Anthony Wint,,,
301,5279079383,Roughdraft2332,0,469.49,F Deiveson Figueiredo F Johnny Walker F Imanol Rodriguez F Damian Pinas F Rafael Dos Anjos F Anthony Wint,,,
302,5279757280,tnorm077,0,468.68002,F Mick Parkin F Imanol Rodriguez F Damian Pinas F Natalia Silva F Khaos Williams F Marcus McGhee,,,
303,5279815377,Dustybottoms344,0,468.24,F Payton Talbott F Mick Parkin F Roman Kopylov F Natalia Silva F King Green F Alexander Hernandez,,,
304,5279504778,skimpyblunts,0,468,F Mick Parkin F Roman Kopylov F Damian Pinas F Natalia Silva F King Green F Anthony Wint,,,
305,5280006170,b3nnythebull,0,467.94,F Marvin Vettori F Roman Kopylov F Damian Pinas F Eric Nolan F Natalia Silva F King Green,,,
306,5279228681,tbjones2121,0,467.72,F Payton Talbott F Johnny Walker F Ismail Naurdiev F Court McGee F Jacobe Smith F Anthony Romero,,,
307,5276835510,dhathira,0,467.36,F Ismail Naurdiev F Damian Pinas F Khaos Williams F Esteban Ribovics F Rafael Dos Anjos F Anthony Wint,,,
308,5275687577,natekustasz,0,466.86002,F Mick Parkin F Imanol Rodriguez F Natalia Silva F Roberto Soldic F Marcus McGhee F Rafael Dos Anjos,,,
309,5277571607,bledsoe417,0,466.43002,F Damian Pinas F Eric Nolan F Natalia Silva F Marcus McGhee F King Green F Rafael Dos Anjos,,,
310,5278604500,KrazyTF,0,465.52002,F Payton Talbott F Damian Pinas F Court McGee F Wang Cong F Khaos Williams F Anthony Wint,,,
310,5279392013,fcorona210,0,465.52002,F Payton Talbott F Damian Pinas F Court McGee F Wang Cong F Khaos Williams F Anthony Wint,,,
312,5279203937,NYJETS96,0,465.43,F Mick Parkin F Damian Pinas F Court McGee F Wang Cong F Marcus McGhee F Anthony Wint,,,
312,5279472969,yinzer1,0,465.43,F Mick Parkin F Damian Pinas F Court McGee F Wang Cong F Marcus McGhee F Anthony Wint,,,
314,5277577395,Rwfsports,0,464.15,F Roman Kopylov F Damian Pinas F Khaos Williams F Rafael Dos Anjos F Anthony Wint F Jacobe Smith,,,
314,5278410323,edd0h,0,464.15,F Roman Kopylov F Damian Pinas F Khaos Williams F Rafael Dos Anjos F Anthony Wint F Jacobe Smith,,,
314,5279342416,Riffraff76,0,464.15,F Roman Kopylov F Damian Pinas F Khaos Williams F Rafael Dos Anjos F Anthony Wint F Jacobe Smith,,,
317,5278206780,crazyrebel,0,464.06,F Payton Talbott F Marvin Vettori F Wang Cong F Khaos Williams F Esteban Ribovics F Alexander Hernandez,,,
318,5276442716,BigGame31,0,463.98,F Marvin Vettori F Roman Kopylov F Damian Pinas F Natalia Silva F Jacobe Smith F Anthony Romero,,,
318,5279392523,bignasty03,0,463.97998,F Imanol Rodriguez F Damian Pinas F Khaos Williams F Marcus McGhee F Jacobe Smith F Anthony Romero,,,
320,5278382867,wolverine51,0,463.82,F Marvin Vettori F Damian Pinas F Wang Cong F Khaos Williams F Esteban Ribovics F Anthony Wint,,,
321,5279926840,eaneanean787878,0,463.78003,F Payton Talbott F Johnny Walker F Natalia Silva F Khaos Williams F Roberto Soldic F Rafael Dos Anjos,,,
322,5278554506,molecul0,0,463.47003,F Mick Parkin F Imanol Rodriguez F Natalia Silva F Roberto Soldic F Anthony Wint F Bruce Whitehead,,,
323,5276435473,redreier,0,462.65,F Payton Talbott F Imanol Rodriguez F Andrey Pulyaev F Eric Nolan F Natalia Silva F King Green,,,
324,5278869799,cmuzar,0,462.51,F Payton Talbott F Roman Kopylov F Roberto Soldic F King Green F Alexander Hernandez F Rafael Dos Anjos,,,
325,5279084581,adam.tormey,0,462.5,F Johnny Walker F Roman Kopylov F Alden Coria F King Green F Anthony Wint F Jacobe Smith,,,
326,5279757517,DJShorty76,0,462.2,F Payton Talbott F Imanol Rodriguez F Damian Pinas F Natalia Silva F King Green F Bruce Whitehead,,,
327,5278454310,kage12,0,461.29,F Ateba Gautier F Imanol Rodriguez F Eric Nolan F Natalia Silva F Marcus McGhee F Bruce Whitehead,,,
328,5279687693,Dubbzz,0,461.27002,F Mick Parkin F Ismail Naurdiev F Andrey Pulyaev F Natalia Silva F Esteban Ribovics F Anthony Wint,,,
329,5276214777,brycerucks,0,460.88,F Alden Coria F Court McGee F Wang Cong F Marcus McGhee F Anthony Wint F Jacobe Smith,,,
329,5276221021,jakethesnake,0,460.88,F Alden Coria F Court McGee F Wang Cong F Marcus McGhee F Anthony Wint F Jacobe Smith,,,
331,5278243789,captain69,0,460.25,F Payton Talbott F Marvin Vettori F Imanol Rodriguez F Wang Cong F Rafael Dos Anjos F Anthony Wint,,,
332,5279496238,charles52,0,460.06,F Johnny Walker F Ismail Naurdiev F Marvin Vettori F Damian Pinas F Anthony Wint F Anthony Romero,,,
333,5279980554,wphsu99,0,459.63,F Payton Talbott F Johnny Walker F Ismail Naurdiev F Khaos Williams F King Green F Anthony Wint,,,
334,5278625377,Jonny3stix,0,459.55,F Roman Kopylov F Damian Pinas F Khaos Williams F Marcus McGhee F King Green F Jacobe Smith,,,
334,5279261992,brevdogg,0,459.55,F Roman Kopylov F Damian Pinas F Khaos Williams F Marcus McGhee F King Green F Jacobe Smith,,,
336,5275436768,cpolleys,0,459.33002,F Johnny Walker F Marvin Vettori F Ateba Gautier F Wang Cong F Marcus McGhee F Esteban Ribovics,,,
336,5278682370,porschedrivergt,0,459.33002,F Johnny Walker F Marvin Vettori F Ateba Gautier F Wang Cong F Marcus McGhee F Esteban Ribovics,,,
336,5278814180,criticalmass048,0,459.33002,F Johnny Walker F Marvin Vettori F Ateba Gautier F Wang Cong F Marcus McGhee F Esteban Ribovics,,,
336,5279472575,skholbrook77,0,459.33002,F Johnny Walker F Marvin Vettori F Ateba Gautier F Wang Cong F Marcus McGhee F Esteban Ribovics,,,
340,5275772798,boyle5000,0,459.16998,F Ateba Gautier F Wang Cong F Khaos Williams F Marcus McGhee F Esteban Ribovics F Anthony Wint,,,
340,5276101570,Pinneyaj,0,459.16998,F Ateba Gautier F Wang Cong F Khaos Williams F Marcus McGhee F Esteban Ribovics F Anthony Wint,,,
340,5278371487,Dricou,0,459.16998,F Ateba Gautier F Wang Cong F Khaos Williams F Marcus McGhee F Esteban Ribovics F Anthony Wint,,,
340,5278540431,aumni,0,459.16998,F Ateba Gautier F Wang Cong F Khaos Williams F Marcus McGhee F Esteban Ribovics F Anthony Wint,,,
340,5279103603,BearDown1985,0,459.16998,F Ateba Gautier F Wang Cong F Khaos Williams F Marcus McGhee F Esteban Ribovics F Anthony Wint,,,
340,5279178226,gee2223,0,459.16998,F Ateba Gautier F Wang Cong F Khaos Williams F Marcus McGhee F Esteban Ribovics F Anthony Wint,,,
340,5279974929,k23davis,0,459.16998,F Ateba Gautier F Wang Cong F Khaos Williams F Marcus McGhee F Esteban Ribovics F Anthony Wint,,,
340,5280007144,PthWillet,0,459.16998,F Ateba Gautier F Wang Cong F Khaos Williams F Marcus McGhee F Esteban Ribovics F Anthony Wint,,,
348,5279247923,hcnpower,0,458.82,F Marvin Vettori F Damian Pinas F Court McGee F Esteban Ribovics F Rafael Dos Anjos F Anthony Wint,,,
349,5278160336,bmk927,0,458.51,F Roman Kopylov F Alden Coria F Roberto Soldic F Esteban Ribovics F Rafael Dos Anjos F Jacobe Smith,,,
350,5280019159,toxicninjaboots,0,457.94,F Imanol Rodriguez F Damian Pinas F Court McGee F Wang Cong F Khaos Williams F Anthony Wint,,,
351,5279863586,Milkman4713,0,456.37,F Payton Talbott F Johnny Walker F Marvin Vettori F Wang Cong F Khaos Williams F Anthony Wint,,,
352,5279132850,gtsavage23,0,456.31998,F Deiveson Figueiredo F Imanol Rodriguez F Damian Pinas F Khaos Williams F Marcus McGhee F Jacobe Smith,,,
352,5279228477,DARusmc2018,0,456.31998,F Deiveson Figueiredo F Imanol Rodriguez F Damian Pinas F Khaos Williams F Marcus McGhee F Jacobe Smith,,,
352,5279582225,gseibel,0,456.31998,F Deiveson Figueiredo F Imanol Rodriguez F Damian Pinas F Khaos Williams F Marcus McGhee F Jacobe Smith,,,
355,5279087890,Laffyville,0,455.64,F Deiveson Figueiredo F Roman Kopylov F Damian Pinas F King Green F Anthony Wint F Jacobe Smith,,,
356,5275793178,nflyz1,0,455.05002,F Payton Talbott F Mick Parkin F Marvin Vettori F Imanol Rodriguez F Court McGee F Esteban Ribovics,,,
357,5279848661,goules16,0,454.87,F Mick Parkin F Roman Kopylov F Damian Pinas F Marcus McGhee F Rafael Dos Anjos F Jacobe Smith,,,
358,5276398130,BBjitz,0,454.77997,F Johnny Walker F Ismail Naurdiev F Alden Coria F Khaos Williams F Marcus McGhee F Anthony Wint,,,
359,5278949866,chrisrat,0,454.64,F Mick Parkin F Ismail Naurdiev F Eric Nolan F Marcus McGhee F Rafael Dos Anjos F Anthony Wint,,,
360,5279136351,spfeiffer2356,0,454.57,F Marvin Vettori F Ateba Gautier F Court McGee F Natalia Silva F Marcus McGhee F Esteban Ribovics,,,
361,5279760756,pbg007,0,454.15997,F Mick Parkin F Roman Kopylov F Damian Pinas F Khaos Williams F Marcus McGhee F Jacobe Smith,,,
362,5276120889,foutah,0,454.03998,F Andrey Pulyaev F Eric Nolan F Roberto Soldic F Esteban Ribovics F Alexander Hernandez F Lucas Armand,,,
363,5279804684,XrockoutX,0,453.82,F Ismail Naurdiev F Ateba Gautier F Andrey Pulyaev F Natalia Silva F Marcus McGhee F Esteban Ribovics,,,
364,5274496905,Astros7,0,453.79,F Mick Parkin F Ismail Naurdiev F Imanol Rodriguez F Natalia Silva F Khaos Williams F Esteban Ribovics,,,
365,5279566372,UFCMatt,0,453.68002,F Payton Talbott F Roman Kopylov F Damian Pinas F Khaos Williams F Jacobe Smith F Anthony Romero,,,
366,5279518672,Pneumann10,0,453.09998,F Marvin Vettori F Wang Cong F Khaos Williams F Marcus McGhee F Anthony Wint F Jacobe Smith,,,
366,5279801654,Darkhorse911,0,453.09998,F Marvin Vettori F Wang Cong F Khaos Williams F Marcus McGhee F Anthony Wint F Jacobe Smith,,,
368,5278738590,TeamBestie,0,452.33002,F Payton Talbott F Damian Pinas F Roberto Soldic F Marcus McGhee F Lucas Armand F Bruce Whitehead,,,
369,5279360238,colbyhornet,0,452.28,F Mick Parkin F Roman Kopylov F Damian Pinas F Roberto Soldic F Marcus McGhee F King Green,,,
370,5279203578,frankhogan98,0,452.22,F Ismail Naurdiev F Imanol Rodriguez F Damian Pinas F Court McGee F Jacobe Smith F Anthony Romero,,,
371,5275176382,geoffm33,0,452.06,F Mick Parkin F Roman Kopylov F Roberto Soldic F Marcus McGhee F King Green F Jacobe Smith,,,
372,5279679543,johnbrock636,0,452.01,F Mick Parkin F Marvin Vettori F Wang Cong F Roberto Soldic F Marcus McGhee F Esteban Ribovics,,,
373,5279002247,gamec0cks,0,451.72003,F Payton Talbott F Mick Parkin F Court McGee F Khaos Williams F Esteban Ribovics F Anthony Wint,,,
374,5277475782,Maxdeath,0,451.09998,F Mick Parkin F Marvin Vettori F Eric Nolan F Wang Cong F Marcus McGhee F Anthony Wint,,,
375,5279211456,ChuckyDanger,0,450.99002,F Court McGee F Wang Cong F Roberto Soldic F Esteban Ribovics F Rafael Dos Anjos F Jacobe Smith,,,
376,5275350738,stevel008,0,450.72998,F Marvin Vettori F Imanol Rodriguez F Wang Cong F King Green F Alexander Hernandez F Anthony Wint,,,
377,5275664824,kjb914,0,450.41998,F Payton Talbott F Ismail Naurdiev F Eric Nolan F Esteban Ribovics F Rafael Dos Anjos F Lucas Armand,,,
378,5279555339,ballsoffire,0,450.26,F Roman Kopylov F Alden Coria F Damian Pinas F Marcus McGhee F King Green F Jacobe Smith,,,
379,5279999993,naqa23,0,449.83,F Roman Kopylov F Alden Coria F Damian Pinas F Khaos Williams F Marcus McGhee F Jacobe Smith,,,
380,5279867270,smashkid24,0,448.96,F Payton Talbott F Imanol Rodriguez F Court McGee F Wang Cong F King Green F Jacobe Smith,,,
381,5278805225,AWhamHoe,0,448.77,F Roman Kopylov F Alden Coria F Marcus McGhee F Alexander Hernandez F Lucas Armand F Jacobe Smith,,,
382,5279978459,craigor,0,448.32,F Mick Parkin F Ismail Naurdiev F Imanol Rodriguez F Natalia Silva F Rafael Dos Anjos F Anthony Wint,,,
383,5279278127,Bdeezy12986,0,448.06,F Mick Parkin F Damian Pinas F Natalia Silva F Roberto Soldic F Marcus McGhee F Bruce Whitehead,,,
383,5279323024,Keroppi613,0,448.06,F Mick Parkin F Damian Pinas F Natalia Silva F Roberto Soldic F Marcus McGhee F Bruce Whitehead,,,
385,5279668491,therizzo,0,447.82,F Marvin Vettori F Court McGee F Marcus McGhee F King Green F Anthony Wint F Jacobe Smith,,,
386,5279362840,cw1tt,0,447.47,F Ismail Naurdiev F Court McGee F Natalia Silva F Roberto Soldic F Jacobe Smith F Anthony Romero,,,
387,5279275946,dandrejohnson817,0,447.41,F Payton Talbott F Roman Kopylov F Imanol Rodriguez F Court McGee F Wang Cong F Bruce Whitehead,,,
388,5279989158,DfsDre,0,447.39,F Marvin Vettori F Court McGee F Khaos Williams F Marcus McGhee F Anthony Wint F Jacobe Smith,,,
389,5279035961,otoolebr,0,447.36,F Payton Talbott F Mick Parkin F Wang Cong F Marcus McGhee F King Green F Anthony Wint,,,
389,5279363081,aylsg,0,447.36,F Payton Talbott F Mick Parkin F Wang Cong F Marcus McGhee F King Green F Anthony Wint,,,
391,5280005578,ayyo2020,0,446.97,F Payton Talbott F Ismail Naurdiev F Alden Coria F Natalia Silva F Marcus McGhee F King Green,,,
392,5280014200,panamaniak,0,446.41,F Marvin Vettori F Imanol Rodriguez F Wang Cong F Marcus McGhee F King Green F Alexander Hernandez,,,
393,5279131195,firefighterdusty,0,445.83,F Deiveson Figueiredo F Imanol Rodriguez F Damian Pinas F Marcus McGhee F Lucas Armand F Jacobe Smith,,,
394,5279428785,73pd2x,0,445.54,F Mick Parkin F Damian Pinas F Court McGee F Wang Cong F Roberto Soldic F Esteban Ribovics,,,
395,5278990984,shaynwoods89,0,445.43997,F Roman Kopylov F Damian Pinas F Khaos Williams F King Green F Alexander Hernandez F Jacobe Smith,,,
395,5280020410,imalwaysfirst,0,445.43997,F Roman Kopylov F Damian Pinas F Khaos Williams F King Green F Alexander Hernandez F Jacobe Smith,,,
397,5275530088,MY5QUEENS,0,444.99002,F Payton Talbott F Court McGee F Wang Cong F Roberto Soldic F King Green F Alexander Hernandez,,,
397,5279754447,bigson30,0,444.99002,F Payton Talbott F Court McGee F Wang Cong F Roberto Soldic F King Green F Alexander Hernandez,,,
399,5279110560,shanew23,0,444.92,F Mick Parkin F Ismail Naurdiev F Imanol Rodriguez F Damian Pinas F Khaos Williams F Esteban Ribovics,,,
400,5278743233,mcbruh,0,444.88,F Roman Kopylov F Damian Pinas F Natalia Silva F Khaos Williams F King Green F Jacobe Smith,,,
400,5279154064,DaBanker,0,444.88,F Roman Kopylov F Damian Pinas F Natalia Silva F Khaos Williams F King Green F Jacobe Smith,,,
402,5279734338,CJMucciaccio,0,444.75,F Damian Pinas F Court McGee F Wang Cong F Roberto Soldic F King Green F Anthony Wint,,,
402,5279783654,Tubesteakbuffet,0,444.75,F Damian Pinas F Court McGee F Wang Cong F Roberto Soldic F King Green F Anthony Wint,,,
404,5279166929,Ghost_Travis22,0,444.13,F Payton Talbott F Marvin Vettori F Damian Pinas F Wang Cong F Khaos Williams F Marcus McGhee,,,
404,5279207477,carlrio,0,444.13,F Payton Talbott F Marvin Vettori F Damian Pinas F Wang Cong F Khaos Williams F Marcus McGhee,,,
406,5279137592,briannedanielle,0,443.93,F Wang Cong F Khaos Williams F Esteban Ribovics F King Green F Anthony Wint F Jacobe Smith,,,
407,5279793270,Sfkingz17,0,443.34003,F Ismail Naurdiev F Imanol Rodriguez F King Green F Anthony Wint F Jacobe Smith F Anthony Romero,,,
408,5278494770,lmc33,0,443,F Ateba Gautier F Imanol Rodriguez F Court McGee F Wang Cong F Roberto Soldic F Marcus McGhee,,,
409,5275469607,jewel1010,0,442.74,F Damian Pinas F Court McGee F Wang Cong F Marcus McGhee F King Green F Jacobe Smith,,,
409,5278400184,smithbrandon7,0,442.74,F Damian Pinas F Court McGee F Wang Cong F Marcus McGhee F King Green F Jacobe Smith,,,
409,5278961469,jonchill,0,442.74,F Damian Pinas F Court McGee F Wang Cong F Marcus McGhee F King Green F Jacobe Smith,,,
409,5279532585,kipper12,0,442.74,F Damian Pinas F Court McGee F Wang Cong F Marcus McGhee F King Green F Jacobe Smith,,,
409,5279777913,milkman097,0,442.74,F Damian Pinas F Court McGee F Wang Cong F Marcus McGhee F King Green F Jacobe Smith,,,
409,5279798163,UltimateWin4,0,442.74,F Damian Pinas F Court McGee F Wang Cong F Marcus McGhee F King Green F Jacobe Smith,,,
415,5279689705,hectic1980,0,440.87,F Marvin Vettori F Imanol Rodriguez F Damian Pinas F Wang Cong F Khaos Williams F Anthony Wint,,,
416,5279688325,bigken60,0,440.7,F Deiveson Figueiredo F Johnny Walker F Imanol Rodriguez F Damian Pinas F Khaos Williams F Jacobe Smith,,,
417,5279312675,garryld1949,0,439.61,F Deiveson Figueiredo F Ismail Naurdiev F Damian Pinas F Eric Nolan F Wang Cong F Roberto Soldic,,,
418,5278966759,lucky_dogg,0,439.34998,F Mick Parkin F Imanol Rodriguez F Wang Cong F Khaos Williams F Marcus McGhee F Anthony Wint,,,
419,5279993010,calcityHvg,0,439.19,F Deiveson Figueiredo F Johnny Walker F Damian Pinas F Natalia Silva F Rafael Dos Anjos F Jacobe Smith,,,
420,5278550026,bichote87,0,438.77002,F Marvin Vettori F Imanol Rodriguez F Wang Cong F Roberto Soldic F King Green F Anthony Wint,,,
421,5275559190,Grizzly41,0,438.49,F Deiveson Figueiredo F Ateba Gautier F Imanol Rodriguez F Wang Cong F Esteban Ribovics F Anthony Wint,,,
422,5279913456,SadatGnosis,0,438.4,F Deiveson Figueiredo F Damian Pinas F Court McGee F Wang Cong F Anthony Wint F Jacobe Smith,,,
423,5274474802,lfoster4,0,438.13,F Johnny Walker F Marvin Vettori F Damian Pinas F Wang Cong F King Green F Anthony Wint,,,
424,5279646652,reichj29,0,437.97,F Mick Parkin F Wang Cong F Esteban Ribovics F Anthony Wint F Jacobe Smith F Anthony Romero,,,
425,5274537240,RobPlezntn,0,437.76,F Marvin Vettori F Alden Coria F Imanol Rodriguez F Damian Pinas F Wang Cong F Esteban Ribovics,,,
426,5279337602,schuh22,0,437.47998,F Johnny Walker F Marvin Vettori F Wang Cong F Khaos Williams F Anthony Wint F Jacobe Smith,,,
427,5279085528,Ship1992,0,437.42,F Johnny Walker F Ismail Naurdiev F Ateba Gautier F Natalia Silva F Marcus McGhee F King Green,,,
427,5279541889,natec_heels,0,437.42,F Johnny Walker F Ismail Naurdiev F Ateba Gautier F Natalia Silva F Marcus McGhee F King Green,,,
427,5279823877,terrahblanton,0,437.42,F Johnny Walker F Ismail Naurdiev F Ateba Gautier F Natalia Silva F Marcus McGhee F King Green,,,
430,5279998696,Frenchy0721,0,436.93002,F Roman Kopylov F Eric Nolan F Roberto Soldic F King Green F Rafael Dos Anjos F Jacobe Smith,,,
430,5279194225,gbuckner60,0,436.93,F Ateba Gautier F Imanol Rodriguez F Wang Cong F Marcus McGhee F Rafael Dos Anjos F Anthony Wint,,,
432,5275481455,MitchW23,0,436.65002,F Ateba Gautier F Imanol Rodriguez F Wang Cong F Marcus McGhee F King Green F Anthony Wint,,,
432,5275678872,Knucklebabies,0,436.65002,F Ateba Gautier F Imanol Rodriguez F Wang Cong F Marcus McGhee F King Green F Anthony Wint,,,
432,5278905200,hungmilklord,0,436.65002,F Ateba Gautier F Imanol Rodriguez F Wang Cong F Marcus McGhee F King Green F Anthony Wint,,,
432,5279241044,thugologist,0,436.65002,F Ateba Gautier F Imanol Rodriguez F Wang Cong F Marcus McGhee F King Green F Anthony Wint,,,
432,5279676844,rob32176_76,0,436.65002,F Ateba Gautier F Imanol Rodriguez F Wang Cong F Marcus McGhee F King Green F Anthony Wint,,,
437,5279192580,fijimonster,0,436.44,F Mick Parkin F Marvin Vettori F Roman Kopylov F Wang Cong F Esteban Ribovics F Jacobe Smith,,,
438,5279127157,msturdivant1,0,436.38,F Johnny Walker F Marvin Vettori F Ateba Gautier F Imanol Rodriguez F Wang Cong F Marcus McGhee,,,
439,5279793041,Whatevermane914,0,436.33,F Marvin Vettori F Imanol Rodriguez F Wang Cong F Khaos Williams F Marcus McGhee F Jacobe Smith,,,
440,5278711226,doubled51,0,436.21997,F Ateba Gautier F Imanol Rodriguez F Wang Cong F Khaos Williams F Marcus McGhee F Anthony Wint,,,
441,5280000868,Elpar11,0,435.59003,F Marvin Vettori F Imanol Rodriguez F Damian Pinas F Court McGee F King Green F Anthony Wint,,,
442,5279771416,jdjay,0,435.16,F Roman Kopylov F Alden Coria F Damian Pinas F Natalia Silva F Khaos Williams F Jacobe Smith,,,
443,5278290963,Brettsparadox,0,435.02,F Payton Talbott F Wang Cong F Khaos Williams F Esteban Ribovics F Rafael Dos Anjos F Jacobe Smith,,,
444,5278228695,yoshysnarf,0,434.85,F Mick Parkin F Ismail Naurdiev F Imanol Rodriguez F Damian Pinas F Marcus McGhee F King Green,,,
445,5276640255,Szentiger,0,434.82,F Mick Parkin F Court McGee F Wang Cong F Roberto Soldic F Marcus McGhee F Jacobe Smith,,,
445,5279814582,mjscott8824,0,434.82,F Mick Parkin F Court McGee F Wang Cong F Roberto Soldic F Marcus McGhee F Jacobe Smith,,,
447,5278400450,TwoHearted,0,434.54,F Johnny Walker F Alden Coria F Damian Pinas F Natalia Silva F Roberto Soldic F Anthony Romero,,,
448,5279579559,jgambone,0,434.19998,F Mick Parkin F Ismail Naurdiev F Imanol Rodriguez F Khaos Williams F Marcus McGhee F Jacobe Smith,,,
449,5280010672,tzofosho,0,433.65002,F Damian Pinas F Wang Cong F Khaos Williams F Marcus McGhee F King Green F Anthony Wint,,,
450,5279082383,TommyMac66,0,433.5,F Marvin Vettori F Damian Pinas F Court McGee F Khaos Williams F Alexander Hernandez F Anthony Wint,,,
451,5279593262,willisufc,0,433.46002,F Deiveson Figueiredo F Ismail Naurdiev F Natalia Silva F King Green F Anthony Wint F Jacobe Smith,,,
452,5276157295,GatorMAB,0,433.43,F Wang Cong F Khaos Williams F Marcus McGhee F King Green F Anthony Wint F Jacobe Smith,,,
452,5279361018,ryno5000,0,433.43,F Wang Cong F Khaos Williams F Marcus McGhee F King Green F Anthony Wint F Jacobe Smith,,,
454,5279814459,KINGCheech,0,433.37,F Marvin Vettori F Damian Pinas F Court McGee F Natalia Silva F King Green F Anthony Wint,,,
455,5278323849,grinder1978,0,433.02,F Alden Coria F Damian Pinas F Court McGee F Wang Cong F Marcus McGhee F Jacobe Smith,,,
455,5279150488,24-Seven,0,433.02,F Alden Coria F Damian Pinas F Court McGee F Wang Cong F Marcus McGhee F Jacobe Smith,,,
455,5279260187,mustangs2015,0,433.02,F Alden Coria F Damian Pinas F Court McGee F Wang Cong F Marcus McGhee F Jacobe Smith,,,
458,5279458898,30741boy,0,432.83002,F Mick Parkin F Court McGee F Khaos Williams F Esteban Ribovics F Anthony Wint F Jacobe Smith,,,
458,5279679725,KillaWitThaHeat,0,432.83002,F Mick Parkin F Court McGee F Khaos Williams F Esteban Ribovics F Anthony Wint F Jacobe Smith,,,
460,5279228939,1LOVE,0,432.71002,F Marvin Vettori F Court McGee F Alexander Hernandez F Anthony Wint F Jacobe Smith F Anthony Romero,,,
461,5278665019,Fitch79,0,431.93,F Payton Talbott F Mick Parkin F Alden Coria F Court McGee F Marcus McGhee F Anthony Wint,,,
461,5279401091,bradydcallahan,0,431.93,F Payton Talbott F Court McGee F King Green F Alexander Hernandez F Anthony Wint F Anthony Romero,,,
463,5279111585,graphictag,0,431.24,F Johnny Walker F Ismail Naurdiev F Alden Coria F Damian Pinas F Khaos Williams F Anthony Wint,,,
464,5279132303,tjacobson3,0,430.71997,F Payton Talbott F Mick Parkin F Marvin Vettori F Roman Kopylov F Wang Cong F Alexander Hernandez,,,
465,5279511955,soonerdallas,0,430.34,F Deiveson Figueiredo F Ismail Naurdiev F Damian Pinas F Khaos Williams F Esteban Ribovics F Jacobe Smith,,,
466,5278608900,Flash788,0,430.28998,F Imanol Rodriguez F Damian Pinas F Court McGee F Wang Cong F King Green F Jacobe Smith,,,
467,5279525798,Sisco510,0,429.94,F Johnny Walker F Ateba Gautier F Alden Coria F Wang Cong F Marcus McGhee F Esteban Ribovics,,,
468,5278385388,delbertmcfly,0,429.51,F Mick Parkin F Ateba Gautier F Court McGee F Natalia Silva F Marcus McGhee F Esteban Ribovics,,,
469,5279225599,HakeemTheDream,0,429.49002,F Ateba Gautier F Wang Cong F Roberto Soldic F Marcus McGhee F Esteban Ribovics F Rafael Dos Anjos,,,
470,5279663301,sxssxs38,0,429.03003,F Payton Talbott F Ateba Gautier F Court McGee F Natalia Silva F Esteban Ribovics F Anthony Romero,,,
471,5278950463,jjbbliss,0,428.75,F Mick Parkin F Wang Cong F Marcus McGhee F Rafael Dos Anjos F Anthony Wint F Jacobe Smith,,,
471,5279492429,jbarcomb920,0,428.75,F Mick Parkin F Wang Cong F Marcus McGhee F Rafael Dos Anjos F Anthony Wint F Jacobe Smith,,,
471,5279620344,PenizMartinez,0,428.75,F Mick Parkin F Wang Cong F Marcus McGhee F Rafael Dos Anjos F Anthony Wint F Jacobe Smith,,,
471,5279748163,415gio,0,428.75,F Mick Parkin F Wang Cong F Marcus McGhee F Rafael Dos Anjos F Anthony Wint F Jacobe Smith,,,
471,5279986203,porterj1223,0,428.75,F Mick Parkin F Wang Cong F Marcus McGhee F Rafael Dos Anjos F Anthony Wint F Jacobe Smith,,,
471,5279989047,Fghtngrhino,0,428.75,F Mick Parkin F Wang Cong F Marcus McGhee F Rafael Dos Anjos F Anthony Wint F Jacobe Smith,,,
477,5278394886,rseid12345,0,428.72003,F Ateba Gautier F Court McGee F Natalia Silva F Marcus McGhee F King Green F Anthony Wint,,,
477,5279802303,mrmcc39,0,428.72003,F Ateba Gautier F Court McGee F Natalia Silva F Marcus McGhee F King Green F Anthony Wint,,,
479,5278530827,jmehta17,0,428.69,F Mick Parkin F Damian Pinas F Wang Cong F Marcus McGhee F King Green F Anthony Wint,,,
479,5279095622,BigAl910,0,428.69,F Mick Parkin F Damian Pinas F Wang Cong F Marcus McGhee F King Green F Anthony Wint,,,
479,5279589661,machoisABEEST,0,428.69,F Mick Parkin F Damian Pinas F Wang Cong F Marcus McGhee F King Green F Anthony Wint,,,
482,5279790603,ryanland,0,428.41,F Marvin Vettori F Eric Nolan F Wang Cong F Marcus McGhee F King Green F Jacobe Smith,,,
483,5279464870,gordonjonathan1,0,428.26,F Mick Parkin F Damian Pinas F Wang Cong F Khaos Williams F Marcus McGhee F Anthony Wint,,,
483,5279735621,kingofviper01,0,428.26,F Mick Parkin F Damian Pinas F Wang Cong F Khaos Williams F Marcus McGhee F Anthony Wint,,,
485,5279866788,Optimal313,0,428.19998,F Damian Pinas F Court McGee F Wang Cong F Khaos Williams F Alexander Hernandez F Jacobe Smith,,,
486,5274533035,cowboys3322,0,428.03998,F Mick Parkin F Wang Cong F Khaos Williams F Marcus McGhee F Anthony Wint F Jacobe Smith,,,
486,5275611473,plewis247,0,428.03998,F Mick Parkin F Wang Cong F Khaos Williams F Marcus McGhee F Anthony Wint F Jacobe Smith,,,
486,5278297731,awen419,0,428.03998,F Mick Parkin F Wang Cong F Khaos Williams F Marcus McGhee F Anthony Wint F Jacobe Smith,,,
486,5278761899,adrlopez,0,428.03998,F Mick Parkin F Wang Cong F Khaos Williams F Marcus McGhee F Anthony Wint F Jacobe Smith,,,
486,5278965813,beefmaster75904,0,428.03998,F Mick Parkin F Wang Cong F Khaos Williams F Marcus McGhee F Anthony Wint F Jacobe Smith,,,
486,5279296462,BucksnBeers,0,428.03998,F Mick Parkin F Wang Cong F Khaos Williams F Marcus McGhee F Anthony Wint F Jacobe Smith,,,
486,5279665312,Easymoneyty13,0,428.03998,F Mick Parkin F Wang Cong F Khaos Williams F Marcus McGhee F Anthony Wint F Jacobe Smith,,,
486,5279722026,adman895,0,428.03998,F Mick Parkin F Wang Cong F Khaos Williams F Marcus McGhee F Anthony Wint F Jacobe Smith,,,
486,5279796164,grama14,0,428.03998,F Mick Parkin F Wang Cong F Khaos Williams F Marcus McGhee F Anthony Wint F Jacobe Smith,,,
486,5279862308,cpee15,0,428.03998,F Mick Parkin F Wang Cong F Khaos Williams F Marcus McGhee F Anthony Wint F Jacobe Smith,,,
486,5279873483,brothengg21,0,428.03998,F Mick Parkin F Wang Cong F Khaos Williams F Marcus McGhee F Anthony Wint F Jacobe Smith,,,
486,5279938583,sbris10,0,428.03998,F Mick Parkin F Wang Cong F Khaos Williams F Marcus McGhee F Anthony Wint F Jacobe Smith,,,
486,5279961054,zingzang,0,428.03998,F Mick Parkin F Wang Cong F Khaos Williams F Marcus McGhee F Anthony Wint F Jacobe Smith,,,
486,5279966353,bombers78,0,428.03998,F Mick Parkin F Wang Cong F Khaos Williams F Marcus McGhee F Anthony Wint F Jacobe Smith,,,
486,5280013740,dadler40,0,428.03998,F Mick Parkin F Wang Cong F Khaos Williams F Marcus McGhee F Anthony Wint F Jacobe Smith,,,
501,5278883856,Mr._Bad,0,427.71997,F Court McGee F Khaos Williams F Marcus McGhee F King Green F Anthony Wint F Jacobe Smith,,,
501,5279962293,KRGee,0,427.71997,F Court McGee F Khaos Williams F Marcus McGhee F King Green F Anthony Wint F Jacobe Smith,,,
503,5278915181,Bmp1113,0,427.4,F Mick Parkin F Marvin Vettori F Wang Cong F Roberto Soldic F Marcus McGhee F Alexander Hernandez,,,
504,5279692505,chantheman14,0,426.4,F Payton Talbott F Marvin Vettori F Imanol Rodriguez F Damian Pinas F Court McGee F King Green,,,
505,5274489622,Grimlockx_18,0,426.31998,F Damian Pinas F Court McGee F Wang Cong F Roberto Soldic F King Green F Alexander Hernandez,,,
506,5279348948,Apwhip00,0,426.25,F Payton Talbott F Marvin Vettori F Roman Kopylov F Damian Pinas F Wang Cong F Khaos Williams,,,
507,5279114686,therizzaaa,0,426.06998,F Ateba Gautier F Natalia Silva F Wang Cong F Khaos Williams F Esteban Ribovics F Alexander Hernandez,,,
508,5280021516,champs21,0,425.88,F Deiveson Figueiredo F Payton Talbott F Andrey Pulyaev F Natalia Silva F Wang Cong F Esteban Ribovics,,,
509,5277382894,HUCKSTERS,0,425.54,F Court McGee F Natalia Silva F Wang Cong F Roberto Soldic F King Green F Jacobe Smith,,,
510,5279201826,OAKDMC,0,425.18,F Ateba Gautier F Alden Coria F Court McGee F Natalia Silva F Marcus McGhee F Esteban Ribovics,,,
511,5279993303,hockeyruler90,0,424.57,F Payton Talbott F Johnny Walker F Ateba Gautier F Wang Cong F Marcus McGhee F Rafael Dos Anjos,,,
512,5275537310,fernbird,0,424.54,F Johnny Walker F Ismail Naurdiev F Ateba Gautier F Imanol Rodriguez F Natalia Silva F Khaos Williams,,,
513,5279055746,bksa74,0,424.52,F Payton Talbott F Wang Cong F Khaos Williams F Marcus McGhee F Rafael Dos Anjos F Jacobe Smith,,,
514,5279541420,thejulionation,0,424.36,F Alden Coria F Damian Pinas F Wang Cong F Marcus McGhee F King Green F Anthony Wint,,,
515,5279007548,Hlvan13,0,424.24,F Payton Talbott F Wang Cong F Khaos Williams F Marcus McGhee F King Green F Jacobe Smith,,,
515,5279342457,mikea90,0,424.24,F Payton Talbott F Wang Cong F Khaos Williams F Marcus McGhee F King Green F Jacobe Smith,,,
517,5279615640,oscarcal19,0,424.21997,F Mick Parkin F Marvin Vettori F Damian Pinas F Court McGee F Marcus McGhee F Alexander Hernandez,,,
518,5276833621,stock2mail,0,424.14,F Alden Coria F Wang Cong F Marcus McGhee F King Green F Anthony Wint F Jacobe Smith,,,
518,5278270934,JERKER19,0,424.14,F Alden Coria F Wang Cong F Marcus McGhee F King Green F Anthony Wint F Jacobe Smith,,,
518,5278295419,morrisnick77,0,424.14,F Alden Coria F Wang Cong F Marcus McGhee F King Green F Anthony Wint F Jacobe Smith,,,
518,5278922191,matty80,0,424.14,F Alden Coria F Wang Cong F Marcus McGhee F King Green F Anthony Wint F Jacobe Smith,,,
518,5278968214,J_Walking33,0,424.14,F Alden Coria F Wang Cong F Marcus McGhee F King Green F Anthony Wint F Jacobe Smith,,,
518,5279122179,Oxyfide,0,424.14,F Alden Coria F Wang Cong F Marcus McGhee F King Green F Anthony Wint F Jacobe Smith,,,
518,5279496381,Booshea,0,424.14,F Alden Coria F Wang Cong F Marcus McGhee F King Green F Anthony Wint F Jacobe Smith,,,
518,5279546322,heisenbergthegreat,0,424.14,F Alden Coria F Wang Cong F Marcus McGhee F King Green F Anthony Wint F Jacobe Smith,,,
518,5279574452,Bulldawg633,0,424.14,F Alden Coria F Wang Cong F Marcus McGhee F King Green F Anthony Wint F Jacobe Smith,,,
518,5279650449,PicklePete78,0,424.14,F Alden Coria F Wang Cong F Marcus McGhee F King Green F Anthony Wint F Jacobe Smith,,,
518,5279715835,FurrShizzle,0,424.14,F Alden Coria F Wang Cong F Marcus McGhee F King Green F Anthony Wint F Jacobe Smith,,,
518,5279766415,fritzruby1,0,424.14,F Alden Coria F Wang Cong F Marcus McGhee F King Green F Anthony Wint F Jacobe Smith,,,
518,5279825581,JMetz34,0,424.14,F Alden Coria F Wang Cong F Marcus McGhee F King Green F Anthony Wint F Jacobe Smith,,,
518,5279859931,Cole3pt,0,424.14,F Alden Coria F Wang Cong F Marcus McGhee F King Green F Anthony Wint F Jacobe Smith,,,
518,5279895258,upsmarc94,0,424.14,F Alden Coria F Wang Cong F Marcus McGhee F King Green F Anthony Wint F Jacobe Smith,,,
533,5276834736,thenumber,0,423.87,F Johnny Walker F Marvin Vettori F Alden Coria F Wang Cong F Marcus McGhee F Jacobe Smith,,,
534,5275441429,Schoey17,0,423.86002,F Payton Talbott F Mick Parkin F Damian Pinas F Court McGee F Khaos Williams F Esteban Ribovics,,,
535,5275988063,scn462,0,423.78003,F Payton Talbott F Damian Pinas F Court McGee F King Green F Rafael Dos Anjos F Anthony Wint,,,
536,5277362931,soonerbernie2002,0,423.71,F Alden Coria F Wang Cong F Khaos Williams F Marcus McGhee F Anthony Wint F Jacobe Smith,,,
537,5279347151,lrothfolk,0,423.36002,F Marvin Vettori F Damian Pinas F Wang Cong F Roberto Soldic F Marcus McGhee F King Green,,,
538,5278271933,BFrie,0,423.13,F Payton Talbott F Court McGee F Khaos Williams F Rafael Dos Anjos F Anthony Wint F Jacobe Smith,,,
538,5280020806,Rich303,0,423.13,F Payton Talbott F Court McGee F Khaos Williams F Rafael Dos Anjos F Anthony Wint F Jacobe Smith,,,
540,5278296523,alexander860,0,423.07,F Payton Talbott F Damian Pinas F Court McGee F Khaos Williams F King Green F Anthony Wint,,,
540,5279984878,johnrambo34,0,423.07,F Payton Talbott F Damian Pinas F Court McGee F Khaos Williams F King Green F Anthony Wint,,,
542,5280015755,amshwartz86,0,422.78998,F Deiveson Figueiredo F Johnny Walker F Ismail Naurdiev F Alden Coria F Anthony Wint F Jacobe Smith,,,
543,5279894894,SPose3,0,422.30997,F Johnny Walker F Ismail Naurdiev F Khaos Williams F King Green F Alexander Hernandez F Jacobe Smith,,,
544,5276986115,mookymooks,0,422.26,F Ateba Gautier F Imanol Rodriguez F Natalia Silva F Wang Cong F Rafael Dos Anjos F Anthony Wint,,,
545,5279505904,harlanhog,0,421.75003,F Payton Talbott F Ateba Gautier F Imanol Rodriguez F Court McGee F Marcus McGhee F King Green,,,
546,5276848125,tomc46,0,421.7,F Payton Talbott F Johnny Walker F Alden Coria F Court McGee F King Green F Anthony Wint,,,
547,5278577684,manthan2123,0,421.22998,F Mick Parkin F Alden Coria F Court McGee F Roberto Soldic F Esteban Ribovics F Anthony Wint,,,
547,5279536267,Pootnami,0,421.22998,F Mick Parkin F Alden Coria F Court McGee F Roberto Soldic F Esteban Ribovics F Anthony Wint,,,
547,5280004663,djdog09,0,421.22998,F Mick Parkin F Alden Coria F Court McGee F Roberto Soldic F Esteban Ribovics F Anthony Wint,,,
550,5278840221,SkyU27,0,421.2,F Imanol Rodriguez F Damian Pinas F Wang Cong F Khaos Williams F King Green F Anthony Wint,,,
551,5279774725,Tolo666,0,421.03003,F Johnny Walker F Ateba Gautier F Imanol Rodriguez F Wang Cong F King Green F Anthony Wint,,,
552,5277846989,luvbsh,0,420.82,F Ateba Gautier F Damian Pinas F Wang Cong F Marcus McGhee F Esteban Ribovics F Lucas Armand,,,
553,5278358056,wszirr,0,420.27,F Deiveson Figueiredo F Ismail Naurdiev F Damian Pinas F Marcus McGhee F King Green F Jacobe Smith,,,
554,5279127705,dukester1970,0,419.89,F Deiveson Figueiredo F Johnny Walker F Ismail Naurdiev F Ateba Gautier F Damian Pinas F Marcus McGhee,,,
554,5279427580,titanhawks,0,419.89,F Deiveson Figueiredo F Johnny Walker F Ismail Naurdiev F Ateba Gautier F Damian Pinas F Marcus McGhee,,,
554,5279579455,jbird76,0,419.89,F Deiveson Figueiredo F Johnny Walker F Ismail Naurdiev F Ateba Gautier F Damian Pinas F Marcus McGhee,,,
554,5279772718,smczewsk,0,419.89,F Deiveson Figueiredo F Johnny Walker F Ismail Naurdiev F Ateba Gautier F Damian Pinas F Marcus McGhee,,,
558,5275447029,Crad87,0,419.86,F Payton Talbott F Marvin Vettori F Imanol Rodriguez F Andrey Pulyaev F Wang Cong F Roberto Soldic,,,
559,5279127450,fandk,0,419.82,F Payton Talbott F Marvin Vettori F Alden Coria F Khaos Williams F Marcus McGhee F Anthony Wint,,,
559,5279983254,Gman30,0,419.82,F Payton Talbott F Marvin Vettori F Alden Coria F Khaos Williams F Marcus McGhee F Anthony Wint,,,
561,5279976934,Andramidus_theGreat,0,419.53998,F Damian Pinas F Wang Cong F Khaos Williams F King Green F Alexander Hernandez F Anthony Wint,,,
562,5278625206,defsoad,0,419.32,F Wang Cong F Khaos Williams F King Green F Alexander Hernandez F Anthony Wint F Jacobe Smith,,,
562,5279541277,rrinaldi24,0,419.32,F Wang Cong F Khaos Williams F King Green F Alexander Hernandez F Anthony Wint F Jacobe Smith,,,
562,5279617595,Dashersacct,0,419.32,F Wang Cong F Khaos Williams F King Green F Alexander Hernandez F Anthony Wint F Jacobe Smith,,,
562,5279870821,dawix21,0,419.32,F Wang Cong F Khaos Williams F King Green F Alexander Hernandez F Anthony Wint F Jacobe Smith,,,
562,5279895851,RoobK19,0,419.32,F Wang Cong F Khaos Williams F King Green F Alexander Hernandez F Anthony Wint F Jacobe Smith,,,
567,5279405360,TAS6811,0,418.38,F Johnny Walker F Ateba Gautier F Natalia Silva F Wang Cong F Khaos Williams F Anthony Wint,,,
568,5279416588,K_itzel18,0,418.22,F Ateba Gautier F Imanol Rodriguez F Wang Cong F Marcus McGhee F King Green F Alexander Hernandez,,,
569,5279898003,jchambers711,0,418.13,F Ateba Gautier F Damian Pinas F Wang Cong F Marcus McGhee F Anthony Wint F Bruce Whitehead,,,
570,5279199201,meitbe2014,0,417.36,F Deiveson Figueiredo F Johnny Walker F Ismail Naurdiev F Ateba Gautier F Roberto Soldic F Marcus McGhee,,,
571,5278516718,Hatehater,0,417.06,F Mick Parkin F Ateba Gautier F Imanol Rodriguez F Court McGee F Natalia Silva F Esteban Ribovics,,,
572,5279718204,BucNeaR,0,416.97003,F Payton Talbott F Mick Parkin F Wang Cong F Roberto Soldic F Marcus McGhee F King Green,,,
573,5279897707,txsarab569,0,416.66,F Marvin Vettori F Imanol Rodriguez F Court McGee F Natalia Silva F Rafael Dos Anjos F Jacobe Smith,,,
574,5279619495,lbender3351,0,416.6,F Alden Coria F Damian Pinas F Court McGee F Wang Cong F Roberto Soldic F Alexander Hernandez,,,
575,5279393956,gleetghost77,0,416.52002,F Mick Parkin F Imanol Rodriguez F Damian Pinas F Wang Cong F Rafael Dos Anjos F Anthony Wint,,,
576,5278221653,RyanCox421,0,416.44,F Mick Parkin F Alden Coria F Wang Cong F Roberto Soldic F Marcus McGhee F Anthony Wint,,,
576,5279931239,dcass1,0,416.44,F Mick Parkin F Alden Coria F Wang Cong F Roberto Soldic F Marcus McGhee F Anthony Wint,,,
578,5276737220,MADMAN4,0,416.28,F Mick Parkin F Ismail Naurdiev F Court McGee F Wang Cong F Anthony Wint F Jacobe Smith,,,
578,5279304989,KingWade41,0,416.28,F Mick Parkin F Ismail Naurdiev F Court McGee F Wang Cong F Anthony Wint F Jacobe Smith,,,
580,5276444220,ingystyle,0,416.24,F Mick Parkin F Imanol Rodriguez F Damian Pinas F Wang Cong F King Green F Anthony Wint,,,
580,5276892543,ronmexicoburgundy,0,416.24,F Mick Parkin F Imanol Rodriguez F Damian Pinas F Wang Cong F King Green F Anthony Wint,,,
580,5279525664,Yardageman,0,416.24,F Mick Parkin F Imanol Rodriguez F Damian Pinas F Wang Cong F King Green F Anthony Wint,,,
583,5278224477,ufxgatorbox,0,416,F Johnny Walker F Marvin Vettori F Ateba Gautier F Imanol Rodriguez F Court McGee F Natalia Silva,,,
584,5279107739,mrlogicaltx,0,415.96002,F Payton Talbott F Alden Coria F Wang Cong F Roberto Soldic F Anthony Wint F Anthony Romero,,,
585,5279387763,gorillabiscuit,0,415.82,F Ismail Naurdiev F Alden Coria F Court McGee F Wang Cong F Roberto Soldic F Esteban Ribovics,,,
586,5276923349,IlyaTheMaster69,0,415.59,F Mick Parkin F Imanol Rodriguez F Wang Cong F Khaos Williams F Anthony Wint F Jacobe Smith,,,
586,5278204929,sil3ntkn1ght,0,415.59,F Mick Parkin F Imanol Rodriguez F Wang Cong F Khaos Williams F Anthony Wint F Jacobe Smith,,,
586,5279600824,Worm0115,0,415.59,F Mick Parkin F Imanol Rodriguez F Wang Cong F Khaos Williams F Anthony Wint F Jacobe Smith,,,
589,5278847847,Finest28,0,415,F Wang Cong F Khaos Williams F Marcus McGhee F King Green F Alexander Hernandez F Jacobe Smith,,,
590,5279054567,tigervol23,0,414.52,F Payton Talbott F Alden Coria F Wang Cong F Khaos Williams F Marcus McGhee F Jacobe Smith,,,
590,5279813225,blydog1,0,414.52,F Payton Talbott F Alden Coria F Wang Cong F Khaos Williams F Marcus McGhee F Jacobe Smith,,,
590,5279997357,kballo83,0,414.52,F Payton Talbott F Alden Coria F Wang Cong F Khaos Williams F Marcus McGhee F Jacobe Smith,,,
593,5279294487,vonta88,0,414.34998,F Mick Parkin F Marvin Vettori F Natalia Silva F Khaos Williams F Marcus McGhee F Anthony Wint,,,
594,5278700218,RYANEOZ,0,413.86002,F Ateba Gautier F Imanol Rodriguez F Damian Pinas F Court McGee F Esteban Ribovics F Rafael Dos Anjos,,,
595,5279334799,j11five,0,413.79,F Payton Talbott F Mick Parkin F Damian Pinas F Court McGee F Marcus McGhee F King Green,,,
596,5279685860,tjack1972,0,413.71002,F Mick Parkin F Imanol Rodriguez F Wang Cong F Roberto Soldic F King Green F Anthony Wint,,,
597,5275956447,capitanfuton,0,413.26,F Mick Parkin F Alden Coria F Damian Pinas F Court McGee F Marcus McGhee F Anthony Wint,,,
598,5277307078,crf_333,0,412.59998,F Deiveson Figueiredo F Mick Parkin F Ismail Naurdiev F Eric Nolan F Natalia Silva F Alexander Hernandez,,,
599,5278950381,tigolebitties91,0,412.5,F Payton Talbott F Imanol Rodriguez F Wang Cong F King Green F Rafael Dos Anjos F Jacobe Smith,,,
600,5278615874,DrNickIsIn,0,412.30002,F Payton Talbott F Mick Parkin F Ismail Naurdiev F Roman Kopylov F Alden Coria F Roberto Soldic,,,
601,5279225251,Demons88,0,411.79,F Payton Talbott F Imanol Rodriguez F Wang Cong F Khaos Williams F King Green F Jacobe Smith,,,
602,5278767579,Daddydog14,0,411.54,F Mick Parkin F Eric Nolan F Wang Cong F Roberto Soldic F Esteban Ribovics F King Green,,,
603,5279182376,lixitandstixit,0,411.52997,F Payton Talbott F Alden Coria F Court McGee F Roberto Soldic F Rafael Dos Anjos F Anthony Wint,,,
604,5279924240,mcbreakley,0,411.24,F Mick Parkin F Marvin Vettori F Alden Coria F Natalia Silva F Marcus McGhee F Esteban Ribovics,,,
605,5277002255,Shacko,0,410.69,F Johnny Walker F Ateba Gautier F Damian Pinas F Court McGee F Esteban Ribovics F Rafael Dos Anjos,,,
606,5279396210,lkdogg,0,410.64996,F Marvin Vettori F Khaos Williams F Marcus McGhee F King Green F Anthony Wint F Jacobe Smith,,,
606,5279809786,Markay,0,410.64996,F Marvin Vettori F Khaos Williams F Marcus McGhee F King Green F Anthony Wint F Jacobe Smith,,,
606,5279854936,Jimbobwae42,0,410.64996,F Marvin Vettori F Khaos Williams F Marcus McGhee F King Green F Anthony Wint F Jacobe Smith,,,
609,5277648499,ledkdogg,0,410.55002,F Payton Talbott F Marvin Vettori F Natalia Silva F Khaos Williams F Marcus McGhee F King Green,,,
610,5278521099,gmemygld,0,409.82,F Alden Coria F Damian Pinas F Wang Cong F Khaos Williams F Alexander Hernandez F Anthony Wint,,,
611,5279126545,pearale,0,409.6,F Damian Pinas F Wang Cong F Rafael Dos Anjos F Anthony Wint F Jacobe Smith F Anthony Romero,,,
611,5279407785,dandy808,0,409.6,F Damian Pinas F Wang Cong F Rafael Dos Anjos F Anthony Wint F Jacobe Smith F Anthony Romero,,,
613,5278642368,Ambrus420,0,409.32,F Damian Pinas F Wang Cong F King Green F Anthony Wint F Jacobe Smith F Anthony Romero,,,
613,5278706842,Br00t41B34r,0,409.32,F Damian Pinas F Wang Cong F King Green F Anthony Wint F Jacobe Smith F Anthony Romero,,,
613,5279156895,coltspride2,0,409.32,F Damian Pinas F Wang Cong F King Green F Anthony Wint F Jacobe Smith F Anthony Romero,,,
613,5279912725,FranklinGrizwald,0,409.32,F Damian Pinas F Wang Cong F King Green F Anthony Wint F Jacobe Smith F Anthony Romero,,,
617,5278651454,Sonhouse1,0,409.26,F Mick Parkin F Alden Coria F Imanol Rodriguez F Eric Nolan F Wang Cong F Anthony Wint,,,
618,5279612436,BongMasta420,0,408.89,F Damian Pinas F Wang Cong F Khaos Williams F Anthony Wint F Jacobe Smith F Anthony Romero,,,
619,5279810468,CR044872,0,408.47,F Deiveson Figueiredo F Ismail Naurdiev F Eric Nolan F Khaos Williams F Alexander Hernandez F Jacobe Smith,,,
620,5278386783,dw12290,0,408.36002,F Ateba Gautier F Imanol Rodriguez F Damian Pinas F Wang Cong F Khaos Williams F Marcus McGhee,,,
620,5279448624,AaronGramke,0,408.36002,F Ateba Gautier F Imanol Rodriguez F Damian Pinas F Wang Cong F Khaos Williams F Marcus McGhee,,,
622,5279152446,gmfamoso,0,408.28998,F Damian Pinas F Wang Cong F Roberto Soldic F King Green F Rafael Dos Anjos F Anthony Wint,,,
622,5279710162,eaglesnation83,0,408.28998,F Damian Pinas F Wang Cong F Roberto Soldic F King Green F Rafael Dos Anjos F Anthony Wint,,,
624,5276465963,rordog27,0,408.26,F Mick Parkin F Marvin Vettori F Imanol Rodriguez F Eric Nolan F Wang Cong F Roberto Soldic,,,
625,5279638981,wildsch75,0,408,F Mick Parkin F Imanol Rodriguez F Court McGee F Roberto Soldic F King Green F Anthony Wint,,,
626,5279579346,DomingoSalvajeS,0,407.58002,F Mick Parkin F Wang Cong F Roberto Soldic F Esteban Ribovics F Jacobe Smith F Anthony Romero,,,
627,5278343392,Pats4lif3,0,407.08002,F Marvin Vettori F Imanol Rodriguez F Damian Pinas F Court McGee F Khaos Williams F Jacobe Smith,,,
628,5277302205,nstone1617,0,407.04,F Ateba Gautier F Imanol Rodriguez F Andrey Pulyaev F Wang Cong F Roberto Soldic F Esteban Ribovics,,,
629,5275961723,W0LF_IG,0,406.93002,F Payton Talbott F Roman Kopylov F Ateba Gautier F Natalia Silva F Wang Cong F Khaos Williams,,,
630,5279838275,bhess777,0,406.26,F Ateba Gautier F Imanol Rodriguez F Wang Cong F Roberto Soldic F Marcus McGhee F King Green,,,
631,5275556187,realtoby,0,406.14,F Payton Talbott F Marvin Vettori F Andrey Pulyaev F King Green F Alexander Hernandez F Anthony Wint,,,
631,5278322021,lionswinn,0,406.14,F Ateba Gautier F Damian Pinas F Natalia Silva F Wang Cong F Khaos Williams F Marcus McGhee,,,
633,5279072213,MRut,0,405.68,F Ateba Gautier F Imanol Rodriguez F Damian Pinas F Wang Cong F Anthony Wint F Bruce Whitehead,,,
633,5279344555,YourHighness517,0,405.68,F Ateba Gautier F Imanol Rodriguez F Damian Pinas F Wang Cong F Anthony Wint F Bruce Whitehead,,,
635,5279348658,JCordes454,0,405.66,F Marvin Vettori F Ateba Gautier F Imanol Rodriguez F Natalia Silva F Esteban Ribovics F Rafael Dos Anjos,,,
635,5279854515,SVXMcBain717,0,405.66,F Mick Parkin F Ismail Naurdiev F Roman Kopylov F Damian Pinas F King Green F Jacobe Smith,,,
637,5279541449,slockaby2001,0,405.62,F Johnny Walker F Ateba Gautier F Damian Pinas F Wang Cong F Marcus McGhee F King Green,,,
638,5278524515,frl24,0,405.59003,F Payton Talbott F Mick Parkin F Marvin Vettori F Natalia Silva F Marcus McGhee F King Green,,,
639,5276094724,bendaro,0,405.57,F Damian Pinas F Wang Cong F Khaos Williams F Marcus McGhee F King Green F Jacobe Smith,,,
640,5276713975,buckstar,0,405.47998,F Mick Parkin F Marvin Vettori F Damian Pinas F Khaos Williams F Marcus McGhee F Anthony Wint,,,
640,5279080714,SidElGuapo,0,405.47998,F Mick Parkin F Marvin Vettori F Damian Pinas F Khaos Williams F Marcus McGhee F Anthony Wint,,,
642,5278432341,tdezzy,0,404.91,F Deiveson Figueiredo F Johnny Walker F Ismail Naurdiev F Ateba Gautier F Imanol Rodriguez F Roberto Soldic,,,
643,5279565640,Peedi_Crakk123,0,404.69,F Mick Parkin F Marvin Vettori F Marcus McGhee F Anthony Wint F Jacobe Smith F Anthony Romero,,,
643,5279622308,MattSchenfeld,0,404.69,F Mick Parkin F Marvin Vettori F Marcus McGhee F Anthony Wint F Jacobe Smith F Anthony Romero,,,
645,5279717615,brianrc300,0,404.46,F Damian Pinas F Court McGee F Khaos Williams F Rafael Dos Anjos F Anthony Wint F Jacobe Smith,,,
646,5276676372,MickeyAO,0,404.18,F Damian Pinas F Court McGee F Khaos Williams F King Green F Anthony Wint F Jacobe Smith,,,
646,5278315038,mnelson10,0,404.18,F Damian Pinas F Court McGee F Khaos Williams F King Green F Anthony Wint F Jacobe Smith,,,
646,5278405989,csalinaz9,0,404.18,F Damian Pinas F Court McGee F Khaos Williams F King Green F Anthony Wint F Jacobe Smith,,,
646,5278655981,natedog2184,0,404.18,F Damian Pinas F Court McGee F Khaos Williams F King Green F Anthony Wint F Jacobe Smith,,,
646,5279175475,ACoke25,0,404.18,F Damian Pinas F Court McGee F Khaos Williams F King Green F Anthony Wint F Jacobe Smith,,,
646,5279299584,lpratts,0,404.18,F Damian Pinas F Court McGee F Khaos Williams F King Green F Anthony Wint F Jacobe Smith,,,
646,5279354022,busterbeezy35,0,404.18,F Damian Pinas F Court McGee F Khaos Williams F King Green F Anthony Wint F Jacobe Smith,,,
646,5279378777,erock9niner,0,404.18,F Damian Pinas F Court McGee F Khaos Williams F King Green F Anthony Wint F Jacobe Smith,,,
646,5279544073,JSB31,0,404.18,F Damian Pinas F Court McGee F Khaos Williams F King Green F Anthony Wint F Jacobe Smith,,,
646,5279765837,thepig,0,404.18,F Damian Pinas F Court McGee F Khaos Williams F King Green F Anthony Wint F Jacobe Smith,,,
646,5279798140,JGuardado,0,404.18,F Damian Pinas F Court McGee F Khaos Williams F King Green F Anthony Wint F Jacobe Smith,,,
657,5279177831,jaykluginator,0,404.05,F Johnny Walker F Marvin Vettori F Alden Coria F Court McGee F Alexander Hernandez F Jacobe Smith,,,
658,5278362419,rdwright00,0,404.03,F Payton Talbott F Alden Coria F Wang Cong F Marcus McGhee F Lucas Armand F Jacobe Smith,,,
659,5279945224,jesse_akl,0,403.77,F Mick Parkin F Court McGee F Natalia Silva F Marcus McGhee F King Green F Jacobe Smith,,,
660,5279030975,aswaim3,0,403.38,F Mick Parkin F Marvin Vettori F Roberto Soldic F Marcus McGhee F King Green F Anthony Wint,,,
661,5279637231,haigh82,0,403.33,F Alden Coria F Court McGee F Natalia Silva F Khaos Williams F Anthony Wint F Jacobe Smith,,,
662,5279546544,Wolverine8385,0,402.69,F Deiveson Figueiredo F Johnny Walker F Ismail Naurdiev F Ateba Gautier F Natalia Silva F Roberto Soldic,,,
663,5275887720,Sadseed123,0,402.65002,F Ateba Gautier F Imanol Rodriguez F Damian Pinas F Court McGee F Khaos Williams F Marcus McGhee,,,
664,5275287593,SnyeGuy,0,402.36,F Court McGee F Roberto Soldic F King Green F Rafael Dos Anjos F Anthony Wint F Jacobe Smith,,,
665,5279093106,ShaneBeahm,0,401.90002,F Mick Parkin F Marvin Vettori F Imanol Rodriguez F Natalia Silva F Khaos Williams F Anthony Wint,,,
666,5275851456,dx371,0,401.65997,F Deiveson Figueiredo F Damian Pinas F Wang Cong F King Green F Anthony Wint F Jacobe Smith,,,
666,5276570162,NathanH0408,0,401.65997,F Deiveson Figueiredo F Damian Pinas F Wang Cong F King Green F Anthony Wint F Jacobe Smith,,,
666,5278447376,likerty,0,401.65997,F Deiveson Figueiredo F Damian Pinas F Wang Cong F King Green F Anthony Wint F Jacobe Smith,,,
669,5274954703,yenoham1,0,401.58002,F Marvin Vettori F Alden Coria F Damian Pinas F Marcus McGhee F King Green F Anthony Wint,,,
669,5279388411,mattf19,0,401.58002,F Marvin Vettori F Alden Coria F Damian Pinas F Marcus McGhee F King Green F Anthony Wint,,,
671,5277221202,tylerwhite30,0,401.22998,F Deiveson Figueiredo F Damian Pinas F Wang Cong F Khaos Williams F Anthony Wint F Jacobe Smith,,,
671,5280009231,e80evil,0,401.22998,F Deiveson Figueiredo F Damian Pinas F Wang Cong F Khaos Williams F Anthony Wint F Jacobe Smith,,,
673,5279618703,Steak318,0,400.99,F Ateba Gautier F Damian Pinas F Court McGee F Khaos Williams F Marcus McGhee F Alexander Hernandez,,,
674,5279132083,shaquiller20,0,400.96,F Mick Parkin F Ismail Naurdiev F Ateba Gautier F Wang Cong F Marcus McGhee F Esteban Ribovics,,,
674,5279404103,mattbpoole,0,400.96,F Mick Parkin F Ismail Naurdiev F Ateba Gautier F Wang Cong F Marcus McGhee F Esteban Ribovics,,,
676,5279322732,migvaq,0,400.37,F Ismail Naurdiev F Roberto Soldic F Alexander Hernandez F Lucas Armand F Jacobe Smith F Anthony Romero,,,
677,5278540328,jrevelle3,0,400.21,F Ateba Gautier F Court McGee F Natalia Silva F Khaos Williams F Marcus McGhee F Jacobe Smith,,,
677,5279540023,LorenzoStax,0,400.21,F Ateba Gautier F Court McGee F Natalia Silva F Khaos Williams F Marcus McGhee F Jacobe Smith,,,
677,5279737028,Branaman12,0,400.21,F Ateba Gautier F Court McGee F Natalia Silva F Khaos Williams F Marcus McGhee F Jacobe Smith,,,
680,5278770040,Zombie333,0,400.18,F Mick Parkin F Damian Pinas F Wang Cong F Khaos Williams F Marcus McGhee F Jacobe Smith,,,
680,5279109283,bfowler0419,0,400.18,F Mick Parkin F Damian Pinas F Wang Cong F Khaos Williams F Marcus McGhee F Jacobe Smith,,,
680,5279184374,mck1960,0,400.18,F Mick Parkin F Damian Pinas F Wang Cong F Khaos Williams F Marcus McGhee F Jacobe Smith,,,
680,5279296667,bookert21,0,400.18,F Mick Parkin F Damian Pinas F Wang Cong F Khaos Williams F Marcus McGhee F Jacobe Smith,,,
680,5279320388,hizzy4shizzy,0,400.18,F Mick Parkin F Damian Pinas F Wang Cong F Khaos Williams F Marcus McGhee F Jacobe Smith,,,
680,5279490125,thegoose555,0,400.18,F Mick Parkin F Damian Pinas F Wang Cong F Khaos Williams F Marcus McGhee F Jacobe Smith,,,
680,5279515557,Czervik67,0,400.18,F Mick Parkin F Damian Pinas F Wang Cong F Khaos Williams F Marcus McGhee F Jacobe Smith,,,
680,5279559280,logan956,0,400.18,F Mick Parkin F Damian Pinas F Wang Cong F Khaos Williams F Marcus McGhee F Jacobe Smith,,,
680,5279703767,jpligon75,0,400.18,F Mick Parkin F Damian Pinas F Wang Cong F Khaos Williams F Marcus McGhee F Jacobe Smith,,,
680,5279810030,Ta388,0,400.18,F Mick Parkin F Damian Pinas F Wang Cong F Khaos Williams F Marcus McGhee F Jacobe Smith,,,
680,5279820434,Woods24,0,400.18,F Mick Parkin F Damian Pinas F Wang Cong F Khaos Williams F Marcus McGhee F Jacobe Smith,,,
680,5279939000,jacks666,0,400.18,F Mick Parkin F Damian Pinas F Wang Cong F Khaos Williams F Marcus McGhee F Jacobe Smith,,,
680,5279946607,hungun23,0,400.18,F Mick Parkin F Damian Pinas F Wang Cong F Khaos Williams F Marcus McGhee F Jacobe Smith,,,
680,5279963427,volfan7.7,0,400.18,F Mick Parkin F Damian Pinas F Wang Cong F Khaos Williams F Marcus McGhee F Jacobe Smith,,,
680,5280003484,Handcuff2006,0,400.18,F Mick Parkin F Damian Pinas F Wang Cong F Khaos Williams F Marcus McGhee F Jacobe Smith,,,
695,5276647825,bigbruisah,0,400.16998,F Ismail Naurdiev F Ateba Gautier F Wang Cong F Marcus McGhee F King Green F Anthony Wint,,,
696,5279791916,1cmchristie,0,400.13,F Deiveson Figueiredo F Ateba Gautier F Imanol Rodriguez F Damian Pinas F Wang Cong F Marcus McGhee,,,
697,5278854191,ZaneCubs28,0,399.75998,F Mick Parkin F Alden Coria F Natalia Silva F Wang Cong F Marcus McGhee F Jacobe Smith,,,
698,5275503283,cbrfan,0,399.7,F Payton Talbott F Damian Pinas F Wang Cong F Khaos Williams F Jacobe Smith F Anthony Romero,,,
698,5279313835,mrfixer2415,0,399.7,F Payton Talbott F Damian Pinas F Wang Cong F Khaos Williams F Jacobe Smith F Anthony Romero,,,
700,5278602180,knockedytfo,0,399.12,F Payton Talbott F Mick Parkin F Damian Pinas F Court McGee F Natalia Silva F King Green,,,
701,5279042054,chichi84nc,0,398.2,F Marvin Vettori F Imanol Rodriguez F Khaos Williams F King Green F Anthony Wint F Jacobe Smith,,,
702,5275457700,VicN916,0,397.84,F Ateba Gautier F Imanol Rodriguez F Court McGee F Natalia Silva F King Green F Alexander Hernandez,,,
703,5278151506,bmw007,0,397.82,F Johnny Walker F Marvin Vettori F Ateba Gautier F Imanol Rodriguez F Khaos Williams F Anthony Wint,,,
704,5280014134,228_pitbull,0,397.41,F Ateba Gautier F Imanol Rodriguez F Court McGee F Natalia Silva F Khaos Williams F Alexander Hernandez,,,
705,5274548242,MattDiesel36,0,397.12997,F Mick Parkin F Marvin Vettori F Alden Coria F Natalia Silva F Esteban Ribovics F Alexander Hernandez,,,
706,5279476963,goldendomer79,0,396.56,F Alden Coria F Damian Pinas F Wang Cong F Marcus McGhee F Rafael Dos Anjos F Jacobe Smith,,,
707,5277075468,JTGJJ,0,396.52002,F Deiveson Figueiredo F Ateba Gautier F Damian Pinas F Court McGee F Natalia Silva F Anthony Wint,,,
708,5275856237,steelersfreak2222,0,396.2,F Marvin Vettori F Damian Pinas F Natalia Silva F Khaos Williams F King Green F Anthony Wint,,,
709,5276224386,Frankster8822,0,395.97998,F Marvin Vettori F Natalia Silva F Khaos Williams F King Green F Anthony Wint F Jacobe Smith,,,
709,5279301920,Goody2021,0,395.97998,F Marvin Vettori F Natalia Silva F Khaos Williams F King Green F Anthony Wint F Jacobe Smith,,,
709,5279626809,bjnfan,0,395.97998,F Marvin Vettori F Natalia Silva F Khaos Williams F King Green F Anthony Wint F Jacobe Smith,,,
709,5279825478,CoolHarmony,0,395.97998,F Marvin Vettori F Natalia Silva F Khaos Williams F King Green F Anthony Wint F Jacobe Smith,,,
713,5276513315,Lancey.Pants,0,395.84998,F Alden Coria F Damian Pinas F Wang Cong F Khaos Williams F Marcus McGhee F Jacobe Smith,,,
713,5279032141,13jp,0,395.84998,F Alden Coria F Damian Pinas F Wang Cong F Khaos Williams F Marcus McGhee F Jacobe Smith,,,
713,5279470523,henry296,0,395.84998,F Alden Coria F Damian Pinas F Wang Cong F Khaos Williams F Marcus McGhee F Jacobe Smith,,,
713,5279886611,bmo115,0,395.84998,F Alden Coria F Damian Pinas F Wang Cong F Khaos Williams F Marcus McGhee F Jacobe Smith,,,
717,5278299527,chazlithgow,0,395.61002,F Johnny Walker F Roman Kopylov F Wang Cong F Khaos Williams F King Green F Jacobe Smith,,,
718,5279958182,Sighkoh,0,395.41,F Johnny Walker F Ismail Naurdiev F Alden Coria F Eric Nolan F Lucas Armand F Jacobe Smith,,,
719,5279600146,Metz815,0,395.06,F Deiveson Figueiredo F Marvin Vettori F Ateba Gautier F Natalia Silva F Esteban Ribovics F Alexander Hernandez,,,
720,5278188457,jarrod1982,0,394.9,F Mick Parkin F Damian Pinas F Court McGee F Marcus McGhee F King Green F Jacobe Smith,,,
720,5279042136,Metituk145,0,394.9,F Mick Parkin F Damian Pinas F Court McGee F Marcus McGhee F King Green F Jacobe Smith,,,
720,5279084924,otatoptroy,0,394.9,F Mick Parkin F Damian Pinas F Court McGee F Marcus McGhee F King Green F Jacobe Smith,,,
720,5279347626,JLR1985,0,394.9,F Mick Parkin F Damian Pinas F Court McGee F Marcus McGhee F King Green F Jacobe Smith,,,
724,5279065192,BeachNut2892,0,394.89,F Payton Talbott F Mick Parkin F Ismail Naurdiev F Alden Coria F Wang Cong F Esteban Ribovics,,,
725,5276855909,RushTackleCrush,0,394.88,F Marvin Vettori F Ateba Gautier F Imanol Rodriguez F Natalia Silva F Marcus McGhee F King Green,,,
725,5279400914,telles3,0,394.88,F Marvin Vettori F Ateba Gautier F Imanol Rodriguez F Natalia Silva F Marcus McGhee F King Green,,,
725,5279740020,ufcfan83,0,394.88,F Marvin Vettori F Ateba Gautier F Imanol Rodriguez F Natalia Silva F Marcus McGhee F King Green,,,
725,5280013517,ssakona28,0,394.88,F Marvin Vettori F Ateba Gautier F Imanol Rodriguez F Natalia Silva F Marcus McGhee F King Green,,,
729,5278463932,rmprescott,0,394.76,F Payton Talbott F Mick Parkin F Alden Coria F Khaos Williams F Marcus McGhee F Anthony Wint,,,
730,5279731149,nevdom95,0,394.09,F Ismail Naurdiev F Damian Pinas F Court McGee F Wang Cong F Rafael Dos Anjos F Jacobe Smith,,,
731,5276351994,lizardraftqueen,0,394.05,F Mick Parkin F Alden Coria F Court McGee F Natalia Silva F Marcus McGhee F Jacobe Smith,,,
731,5279234526,RicardoSuave,0,394.05,F Mick Parkin F Alden Coria F Court McGee F Natalia Silva F Marcus McGhee F Jacobe Smith,,,
733,5277349919,3thor3,0,393.97998,F Mick Parkin F Marvin Vettori F Eric Nolan F Natalia Silva F King Green F Anthony Wint,,,
734,5279667789,pitstop1984,0,393.83,F Imanol Rodriguez F Damian Pinas F Wang Cong F King Green F Rafael Dos Anjos F Jacobe Smith,,,
735,5279718446,vintge,0,393.81,F Ismail Naurdiev F Damian Pinas F Court McGee F Wang Cong F King Green F Jacobe Smith,,,
736,5278983407,rlreyes921,0,393.77002,F Ateba Gautier F Imanol Rodriguez F Khaos Williams F Marcus McGhee F King Green F Anthony Wint,,,
737,5279487392,amdavis1981,0,393.69,F Ateba Gautier F Imanol Rodriguez F Damian Pinas F Natalia Silva F Wang Cong F Khaos Williams,,,
738,5278877844,sulli05011993,0,393.4,F Imanol Rodriguez F Damian Pinas F Wang Cong F Khaos Williams F Rafael Dos Anjos F Jacobe Smith,,,
739,5279123973,datdudeMC,0,393.15,F Marvin Vettori F Alden Coria F Natalia Silva F Esteban Ribovics F Rafael Dos Anjos F Jacobe Smith,,,
740,5278593961,Chemistry77,0,393.14,F Payton Talbott F Mick Parkin F Marvin Vettori F Imanol Rodriguez F Natalia Silva F King Green,,,
741,5279799095,Benski9,0,393.05002,F Mick Parkin F Ateba Gautier F Natalia Silva F Marcus McGhee F Esteban Ribovics F Rafael Dos Anjos,,,
742,5279256736,samirnj,0,393.03003,F Mick Parkin F Marvin Vettori F Imanol Rodriguez F Damian Pinas F Khaos Williams F Anthony Wint,,,
742,5279511975,strausberg,0,393.03003,F Mick Parkin F Marvin Vettori F Imanol Rodriguez F Damian Pinas F Khaos Williams F Anthony Wint,,,
744,5278213888,Dethstar1972,0,392.86,F Alden Coria F Damian Pinas F Court McGee F Roberto Soldic F Rafael Dos Anjos F Anthony Wint,,,
745,5275670277,grevere,0,392.58002,F Alden Coria F Damian Pinas F Court McGee F Roberto Soldic F King Green F Anthony Wint,,,
746,5279204321,Panchito1113,0,392.34,F Mick Parkin F Ateba Gautier F Natalia Silva F Khaos Williams F Marcus McGhee F Esteban Ribovics,,,
747,5280015961,WizardMMA,0,392.27,F Johnny Walker F Marvin Vettori F Ateba Gautier F Marcus McGhee F King Green F Alexander Hernandez,,,
748,5279592976,texasfrog90,0,392.26,F Ateba Gautier F Natalia Silva F Marcus McGhee F King Green F Rafael Dos Anjos F Anthony Wint,,,
749,5279188957,juiceman1984,0,392.11,F Ateba Gautier F Khaos Williams F Marcus McGhee F King Green F Alexander Hernandez F Anthony Wint,,,
750,5279026244,datboivox,0,392.04,F Deiveson Figueiredo F Payton Talbott F Damian Pinas F Wang Cong F Khaos Williams F Jacobe Smith,,,
751,5279239990,mister_eddie6,0,391.84,F Johnny Walker F Marvin Vettori F Ateba Gautier F Khaos Williams F Marcus McGhee F Alexander Hernandez,,,
752,5279542518,nwspring52,0,391.76,F Alden Coria F Khaos Williams F Esteban Ribovics F King Green F Anthony Wint F Jacobe Smith,,,
753,5279593971,Patsqueen_5,0,391.6,F Mick Parkin F Imanol Rodriguez F Court McGee F Natalia Silva F Rafael Dos Anjos F Jacobe Smith,,,
754,5276399528,KoopK23,0,390.98,F Payton Talbott F Ismail Naurdiev F Ateba Gautier F Wang Cong F Marcus McGhee F King Green,,,
755,5279300614,reality211,0,390.45,F Ismail Naurdiev F Ateba Gautier F Alden Coria F Wang Cong F Marcus McGhee F Anthony Wint,,,
755,5279642898,ATLShark,0,390.45,F Ismail Naurdiev F Ateba Gautier F Alden Coria F Wang Cong F Marcus McGhee F Anthony Wint,,,
757,5278423805,Rjhill34,0,390.13998,F Alden Coria F Damian Pinas F Court McGee F Khaos Williams F Marcus McGhee F Jacobe Smith,,,
758,5279181114,All_Day_LJ,0,389.40997,F Deiveson Figueiredo F Alden Coria F Wang Cong F Roberto Soldic F Anthony Wint F Jacobe Smith,,,
759,5278477468,boblovesfootball,0,388.92,F Mick Parkin F Marvin Vettori F Imanol Rodriguez F Marcus McGhee F King Green F Jacobe Smith,,,
759,5279283947,wanders64,0,388.92,F Mick Parkin F Marvin Vettori F Imanol Rodriguez F Marcus McGhee F King Green F Jacobe Smith,,,
761,5279378827,joeystorey813,0,388.61,F Ateba Gautier F Alden Coria F Court McGee F Natalia Silva F Roberto Soldic F Marcus McGhee,,,
762,5277814033,JRBucks34,0,388.56998,F Ateba Gautier F Alden Coria F Khaos Williams F Marcus McGhee F Esteban Ribovics F Alexander Hernandez,,,
763,5279326765,jgpackerfan1,0,388.51,F Mick Parkin F Ismail Naurdiev F Ateba Gautier F Imanol Rodriguez F Wang Cong F Esteban Ribovics,,,
763,5279778047,Flaco37,0,388.51,F Mick Parkin F Ismail Naurdiev F Ateba Gautier F Imanol Rodriguez F Wang Cong F Esteban Ribovics,,,
765,5279810018,Rocco1992,0,388.41,F Ateba Gautier F Imanol Rodriguez F Damian Pinas F Court McGee F Natalia Silva F King Green,,,
766,5279093075,reddy143,0,388.38,F Mick Parkin F Ateba Gautier F Imanol Rodriguez F Khaos Williams F Marcus McGhee F Anthony Wint,,,
766,5279992696,Mt2beasty,0,388.38,F Mick Parkin F Ateba Gautier F Imanol Rodriguez F Khaos Williams F Marcus McGhee F Anthony Wint,,,
768,5279414878,cyndi199,0,387.47998,F Mick Parkin F Marvin Vettori F Damian Pinas F Marcus McGhee F King Green F Alexander Hernandez,,,
769,5278271446,RLS123,0,387.16,F Mick Parkin F Imanol Rodriguez F Damian Pinas F Wang Cong F Jacobe Smith F Anthony Romero,,,
769,5279629542,ktmurals22,0,387.16,F Mick Parkin F Imanol Rodriguez F Damian Pinas F Wang Cong F Jacobe Smith F Anthony Romero,,,
769,5279715241,daniel.buckingham,0,387.16,F Mick Parkin F Imanol Rodriguez F Damian Pinas F Wang Cong F Jacobe Smith F Anthony Romero,,,
772,5274684158,Sheltonjl17,0,386.7,F Mick Parkin F Marvin Vettori F Natalia Silva F Marcus McGhee F King Green F Jacobe Smith,,,
773,5275591324,Mattchoo13,0,386.59003,F Mick Parkin F Alden Coria F Damian Pinas F Khaos Williams F Esteban Ribovics F Anthony Wint,,,
773,5279127275,rsumrall,0,386.59003,F Mick Parkin F Alden Coria F Damian Pinas F Khaos Williams F Esteban Ribovics F Anthony Wint,,,
773,5279547265,jik18,0,386.59003,F Mick Parkin F Alden Coria F Damian Pinas F Khaos Williams F Esteban Ribovics F Anthony Wint,,,
773,5279834176,Barezark,0,386.59003,F Mick Parkin F Alden Coria F Damian Pinas F Khaos Williams F Esteban Ribovics F Anthony Wint,,,
777,5278390989,uwake,0,386.51,F Deiveson Figueiredo F Ateba Gautier F Damian Pinas F Wang Cong F Roberto Soldic F Marcus McGhee,,,
777,5278944554,evansrc717,0,386.51,F Deiveson Figueiredo F Ateba Gautier F Damian Pinas F Wang Cong F Roberto Soldic F Marcus McGhee,,,
777,5279254846,herlockerw,0,386.51,F Deiveson Figueiredo F Ateba Gautier F Damian Pinas F Wang Cong F Roberto Soldic F Marcus McGhee,,,
780,5279420621,cj19751975,0,386.47998,F Marvin Vettori F Alden Coria F Damian Pinas F Natalia Silva F Khaos Williams F Anthony Wint,,,
781,5279013672,thebigbmon,0,386.27002,F Payton Talbott F Mick Parkin F Alden Coria F Natalia Silva F Khaos Williams F Esteban Ribovics,,,
782,5279270846,SpeedRacer101,0,385.91,F Mick Parkin F Imanol Rodriguez F Wang Cong F Roberto Soldic F Rafael Dos Anjos F Jacobe Smith,,,
783,5279206924,a_drain11,0,385.84003,F Payton Talbott F Johnny Walker F Marvin Vettori F Khaos Williams F King Green F Jacobe Smith,,,
784,5279141965,mrbubbles88,0,385.65,F Mick Parkin F Ismail Naurdiev F Alden Coria F Wang Cong F Esteban Ribovics F Alexander Hernandez,,,
785,5278988719,impeccablycomingup,0,385.58997,F Mick Parkin F Khaos Williams F Marcus McGhee F King Green F Anthony Wint F Jacobe Smith,,,
786,5277057258,okiecowpoke,0,385.47998,F Payton Talbott F Alden Coria F Natalia Silva F Khaos Williams F King Green F Anthony Wint,,,
787,5279586625,xsteveo45x,0,385.11,F Payton Talbott F Khaos Williams F King Green F Anthony Wint F Jacobe Smith F Anthony Romero,,,
788,5279954653,Jrjoseph25,0,384.77002,F Damian Pinas F Eric Nolan F Wang Cong F Khaos Williams F King Green F Jacobe Smith,,,
789,5279127996,kkjdubbs,0,384.38,F Marvin Vettori F Alden Coria F Natalia Silva F Roberto Soldic F King Green F Anthony Wint,,,
790,5280014524,ammnj,0,383.49,F Deiveson Figueiredo F Ateba Gautier F Imanol Rodriguez F Wang Cong F Roberto Soldic F Alexander Hernandez,,,
791,5278420710,two15,0,383.4,F Alden Coria F Imanol Rodriguez F Damian Pinas F Wang Cong F Khaos Williams F Jacobe Smith,,,
792,5279178558,billro24,0,383.14,F Payton Talbott F Ateba Gautier F Andrey Pulyaev F Natalia Silva F Khaos Williams F Esteban Ribovics,,,
793,5274518651,rotojohn,0,383.07,F Payton Talbott F Ateba Gautier F Natalia Silva F Marcus McGhee F King Green F Rafael Dos Anjos,,,
794,5279763541,KG805,0,382.95,F Eric Nolan F Wang Cong F Roberto Soldic F King Green F Rafael Dos Anjos F Jacobe Smith,,,
795,5279087353,Marsharks,0,382.79,F Marvin Vettori F Damian Pinas F Khaos Williams F Marcus McGhee F King Green F Jacobe Smith,,,
795,5279448615,sbish11,0,382.79,F Marvin Vettori F Damian Pinas F Khaos Williams F Marcus McGhee F King Green F Jacobe Smith,,,
797,5279607949,WardenWest,0,382.59,F Ateba Gautier F Alden Coria F Eric Nolan F Marcus McGhee F Esteban Ribovics F Rafael Dos Anjos,,,
798,5278612371,mvp7794,0,382.41,F Johnny Walker F Marvin Vettori F Ateba Gautier F Damian Pinas F Khaos Williams F Marcus McGhee,,,
799,5279206422,Carlos015,0,382.36002,F Payton Talbott F Ateba Gautier F Natalia Silva F Khaos Williams F Marcus McGhee F King Green,,,
800,5279575387,MikeyPants,0,382.15002,F Deiveson Figueiredo F Johnny Walker F Marvin Vettori F Ateba Gautier F Roberto Soldic F Esteban Ribovics,,,
801,5278820398,CFinch,0,381.99002,F Johnny Walker F Marvin Vettori F Ateba Gautier F Alden Coria F Natalia Silva F Marcus McGhee,,,
802,5278952999,doogs74,0,381.88,F Ateba Gautier F Alden Coria F Eric Nolan F Khaos Williams F Marcus McGhee F Esteban Ribovics,,,
803,5279403930,JackBurtonHere,0,381.47998,F Alden Coria F Damian Pinas F Khaos Williams F Marcus McGhee F King Green F Anthony Wint,,,
804,5279657485,teddyruxpin6969,0,381.01,F Johnny Walker F Ismail Naurdiev F Ateba Gautier F Alden Coria F Wang Cong F Esteban Ribovics,,,
805,5279329105,smw3184,0,380.66,F Johnny Walker F Alden Coria F Damian Pinas F Wang Cong F King Green F Jacobe Smith,,,
806,5279788080,cpavlik,0,380.51,F Mick Parkin F Damian Pinas F Court McGee F Natalia Silva F Rafael Dos Anjos F Jacobe Smith,,,
807,5279918825,jredd86,0,380.09,F Payton Talbott F Mick Parkin F Alden Coria F Natalia Silva F Khaos Williams F Anthony Wint,,,
808,5278332567,modece,0,379.94,F Payton Talbott F Mick Parkin F Damian Pinas F Khaos Williams F Anthony Wint F Anthony Romero,,,
809,5279000402,JerseyItalia,0,379.89,F Mick Parkin F Ateba Gautier F Imanol Rodriguez F Natalia Silva F Khaos Williams F Esteban Ribovics,,,
809,5279180737,canocanstayiguess,0,379.89,F Mick Parkin F Ateba Gautier F Imanol Rodriguez F Natalia Silva F Khaos Williams F Esteban Ribovics,,,
809,5279617932,Peaches06,0,379.89,F Mick Parkin F Ateba Gautier F Imanol Rodriguez F Natalia Silva F Khaos Williams F Esteban Ribovics,,,
812,5276630820,nblloyd23,0,379.53998,F Mick Parkin F Ismail Naurdiev F Wang Cong F King Green F Anthony Wint F Jacobe Smith,,,
812,5279322739,youngster201,0,379.53998,F Mick Parkin F Ismail Naurdiev F Wang Cong F King Green F Anthony Wint F Jacobe Smith,,,
814,5278822199,Mnixon-123,0,379.06,F Deiveson Figueiredo F Ismail Naurdiev F Ateba Gautier F Imanol Rodriguez F Wang Cong F Anthony Wint,,,
815,5279856095,kevinu182,0,378.93,F Damian Pinas F Wang Cong F Roberto Soldic F King Green F Jacobe Smith F Anthony Romero,,,
816,5279398405,navyhmcm,0,378.62,F Payton Talbott F Mick Parkin F Marvin Vettori F Roman Kopylov F King Green F Jacobe Smith,,,
817,5279285120,johnyacko5762,0,378.55,F Johnny Walker F Ateba Gautier F Damian Pinas F Wang Cong F Roberto Soldic F Anthony Romero,,,
818,5278433752,SliceB,0,378.44998,F Deiveson Figueiredo F Marvin Vettori F Damian Pinas F Khaos Williams F Anthony Wint F Jacobe Smith,,,
819,5275102028,Bolt801,0,378.43997,F Wang Cong F Roberto Soldic F King Green F Alexander Hernandez F Lucas Armand F Jacobe Smith,,,
820,5278931331,bcktoobck300,0,378.12,F Alden Coria F Imanol Rodriguez F Damian Pinas F Court McGee F King Green F Jacobe Smith,,,
821,5279001413,mamdero,0,378.01,F Mick Parkin F Ismail Naurdiev F Ateba Gautier F Imanol Rodriguez F Wang Cong F Marcus McGhee,,,
821,5279188526,BChap71,0,378.01,F Mick Parkin F Ismail Naurdiev F Ateba Gautier F Imanol Rodriguez F Wang Cong F Marcus McGhee,,,
823,5275956704,Albqhokie,0,377.19998,F Mick Parkin F Marvin Vettori F Alden Coria F Damian Pinas F Natalia Silva F Marcus McGhee,,,
824,5279221944,waterlog16,0,376.89,F Payton Talbott F Alden Coria F Damian Pinas F Khaos Williams F Rafael Dos Anjos F Anthony Wint,,,
824,5279825200,sutogame,0,376.89,F Payton Talbott F Alden Coria F Damian Pinas F Khaos Williams F Rafael Dos Anjos F Anthony Wint,,,
824,5279910955,dudju,0,376.89,F Payton Talbott F Alden Coria F Damian Pinas F Khaos Williams F Rafael Dos Anjos F Anthony Wint,,,
827,5279315104,detmer,0,376.8,F Mick Parkin F Alden Coria F Damian Pinas F Marcus McGhee F Rafael Dos Anjos F Anthony Wint,,,
828,5275817468,illthinker,0,376.52002,F Mick Parkin F Alden Coria F Damian Pinas F Marcus McGhee F King Green F Anthony Wint,,,
828,5276255777,Sportmeister77,0,376.52002,F Mick Parkin F Alden Coria F Damian Pinas F Marcus McGhee F King Green F Anthony Wint,,,
828,5279438946,jmc2501,0,376.52002,F Mick Parkin F Alden Coria F Damian Pinas F Marcus McGhee F King Green F Anthony Wint,,,
828,5279840891,Troncat77,0,376.52002,F Mick Parkin F Alden Coria F Damian Pinas F Marcus McGhee F King Green F Anthony Wint,,,
832,5280018286,moneylakers,0,376.49,F Johnny Walker F Ateba Gautier F Khaos Williams F King Green F Alexander Hernandez F Anthony Wint,,,
833,5280014145,bears5444,0,376.45,F Ismail Naurdiev F Ateba Gautier F Court McGee F Khaos Williams F Esteban Ribovics F Jacobe Smith,,,
834,5279350968,Natedog83,0,376.4,F Payton Talbott F Mick Parkin F Khaos Williams F Marcus McGhee F King Green F Jacobe Smith,,,
835,5275141372,mikebkmm5,0,376.25,F Ismail Naurdiev F Ateba Gautier F Alden Coria F Court McGee F Natalia Silva F Esteban Ribovics,,,
836,5279924224,cannonsmash,0,376.2,F Payton Talbott F Mick Parkin F Alden Coria F Natalia Silva F Marcus McGhee F King Green,,,
837,5279437138,Psychotikk,0,376.08997,F Mick Parkin F Alden Coria F Damian Pinas F Khaos Williams F Marcus McGhee F Anthony Wint,,,
837,5279636798,ddurantula752,0,376.08997,F Mick Parkin F Alden Coria F Damian Pinas F Khaos Williams F Marcus McGhee F Anthony Wint,,,
839,5276106709,BryanThistle,0,375.87,F Mick Parkin F Alden Coria F Khaos Williams F Marcus McGhee F Anthony Wint F Jacobe Smith,,,
839,5276126751,rumrunner72,0,375.87,F Mick Parkin F Alden Coria F Khaos Williams F Marcus McGhee F Anthony Wint F Jacobe Smith,,,
839,5276651856,choc4sale,0,375.87,F Mick Parkin F Alden Coria F Khaos Williams F Marcus McGhee F Anthony Wint F Jacobe Smith,,,
839,5278725569,buckrust,0,375.87,F Mick Parkin F Alden Coria F Khaos Williams F Marcus McGhee F Anthony Wint F Jacobe Smith,,,
839,5279714187,bilallen,0,375.87,F Mick Parkin F Alden Coria F Khaos Williams F Marcus McGhee F Anthony Wint F Jacobe Smith,,,
844,5279165744,erog30,0,375.68,F Ateba Gautier F Damian Pinas F Marcus McGhee F King Green F Anthony Wint F Bruce Whitehead,,,
845,5279974589,Darr007,0,375.36,F Payton Talbott F Johnny Walker F Ismail Naurdiev F Ateba Gautier F Wang Cong F King Green,,,
846,5279614226,key134,0,375.20996,F Ismail Naurdiev F Alden Coria F Wang Cong F King Green F Anthony Wint F Jacobe Smith,,,
846,5279648129,berzaj23,0,375.20996,F Ismail Naurdiev F Alden Coria F Wang Cong F King Green F Anthony Wint F Jacobe Smith,,,
848,5279734447,Trckrdd,0,375.13,F Deiveson Figueiredo F Marvin Vettori F Ateba Gautier F Damian Pinas F Natalia Silva F Marcus McGhee,,,
848,5279830046,Sid_the_Kid_87,0,375.13,F Deiveson Figueiredo F Marvin Vettori F Ateba Gautier F Damian Pinas F Natalia Silva F Marcus McGhee,,,
850,5278316956,newguy84,0,374.5,F Damian Pinas F Court McGee F Roberto Soldic F King Green F Rafael Dos Anjos F Jacobe Smith,,,
851,5279064089,traphus,0,374.45,F Deiveson Figueiredo F Ateba Gautier F Damian Pinas F Marcus McGhee F King Green F Anthony Wint,,,
851,5279132649,mattmccann,0,374.45,F Deiveson Figueiredo F Ateba Gautier F Damian Pinas F Marcus McGhee F King Green F Anthony Wint,,,
853,5278895319,timothyhower,0,373.90002,F Ateba Gautier F Damian Pinas F Natalia Silva F Esteban Ribovics F Rafael Dos Anjos F Anthony Romero,,,
854,5276482332,MuayThaiGuy19,0,373.25,F Ateba Gautier F Imanol Rodriguez F Eric Nolan F Khaos Williams F Rafael Dos Anjos F Anthony Wint,,,
855,5279199667,xaviers642,0,372.96997,F Ateba Gautier F Imanol Rodriguez F Eric Nolan F Khaos Williams F King Green F Anthony Wint,,,
856,5279231839,moldova,0,372.31,F Ismail Naurdiev F Ateba Gautier F Damian Pinas F Wang Cong F Marcus McGhee F King Green,,,
857,5275865545,radzynfessenden,0,371.7,F Mick Parkin F Damian Pinas F Khaos Williams F King Green F Alexander Hernandez F Anthony Wint,,,
857,5279822221,Troballz4,0,371.7,F Mick Parkin F Damian Pinas F Khaos Williams F King Green F Alexander Hernandez F Anthony Wint,,,
859,5279953786,DL543444,0,371.63,F Mick Parkin F Natalia Silva F King Green F Rafael Dos Anjos F Anthony Wint F Jacobe Smith,,,
860,5279518923,joey3phones,0,370.91998,F Mick Parkin F Natalia Silva F Khaos Williams F King Green F Anthony Wint F Jacobe Smith,,,
861,5275885136,Sparkydog13,0,370.87,F Deiveson Figueiredo F Ateba Gautier F Imanol Rodriguez F Natalia Silva F King Green F Anthony Wint,,,
862,5278626870,CaspersVrod,0,370.57,F Mick Parkin F Marvin Vettori F Court McGee F Wang Cong F Anthony Wint F Jacobe Smith,,,
863,5279778175,ThePaintProfessors,0,370.28,F Payton Talbott F Mick Parkin F Ismail Naurdiev F Alden Coria F Wang Cong F Alexander Hernandez,,,
864,5275605521,dowens28,0,369.91003,F Payton Talbott F Ateba Gautier F Imanol Rodriguez F Natalia Silva F Khaos Williams F King Green,,,
864,5279720689,Thor2dgod,0,369.91003,F Payton Talbott F Ateba Gautier F Imanol Rodriguez F Natalia Silva F Khaos Williams F King Green,,,
866,5274726757,scootertye,0,369.82,F Mick Parkin F Ateba Gautier F Imanol Rodriguez F Natalia Silva F Marcus McGhee F King Green,,,
866,5279873645,abazzle,0,369.82,F Mick Parkin F Ateba Gautier F Imanol Rodriguez F Natalia Silva F Marcus McGhee F King Green,,,
868,5279725499,seamonkey1,0,369.23,F Ateba Gautier F Imanol Rodriguez F Damian Pinas F Khaos Williams F Anthony Wint F Anthony Romero,,,
869,5279256163,ItsKingWiZarD,0,368.14,F Johnny Walker F Marvin Vettori F Ateba Gautier F Imanol Rodriguez F Roberto Soldic F Rafael Dos Anjos,,,
870,5279921479,Cmay33,0,367.45,F Payton Talbott F Johnny Walker F Ateba Gautier F Natalia Silva F King Green F Rafael Dos Anjos,,,
871,5278735055,pimpsburghpa,0,367.37,F Alden Coria F Damian Pinas F Khaos Williams F King Green F Alexander Hernandez F Anthony Wint,,,
872,5275506527,prodigychild11,0,366.74002,F Payton Talbott F Johnny Walker F Ateba Gautier F Natalia Silva F Khaos Williams F King Green,,,
873,5279327318,Wilson80,0,366.58997,F Alden Coria F Natalia Silva F Khaos Williams F King Green F Anthony Wint F Jacobe Smith,,,
874,5277158955,BigStew2211,0,366.47,F Ateba Gautier F Imanol Rodriguez F Andrey Pulyaev F Khaos Williams F Esteban Ribovics F Jacobe Smith,,,
875,5279419733,Stapez,0,366.44,F Damian Pinas F Khaos Williams F King Green F Anthony Wint F Jacobe Smith F Anthony Romero,,,
876,5276464307,djfountain12,0,365.69,F Ateba Gautier F Imanol Rodriguez F Khaos Williams F Marcus McGhee F King Green F Jacobe Smith,,,
876,5278856433,Boondada,0,365.69,F Ateba Gautier F Imanol Rodriguez F Khaos Williams F Marcus McGhee F King Green F Jacobe Smith,,,
876,5279765251,CHALVERS,0,365.69,F Ateba Gautier F Imanol Rodriguez F Khaos Williams F Marcus McGhee F King Green F Jacobe Smith,,,
879,5279213040,Hillman8er,0,365.5,F Mick Parkin F Ismail Naurdiev F Alden Coria F Wang Cong F Marcus McGhee F Jacobe Smith,,,
880,5278649084,FarmHallFalls,0,365.40997,F Damian Pinas F Khaos Williams F Roberto Soldic F King Green F Rafael Dos Anjos F Anthony Wint,,,
881,5279886639,universallion,0,365.35,F Johnny Walker F Marvin Vettori F Roberto Soldic F King Green F Rafael Dos Anjos F Jacobe Smith,,,
882,5279535654,danieljkind,0,365.01,F Mick Parkin F Damian Pinas F Eric Nolan F Khaos Williams F King Green F Anthony Wint,,,
883,5276803470,Stardate,0,364.17,F Payton Talbott F Mick Parkin F Imanol Rodriguez F Damian Pinas F Khaos Williams F King Green,,,
884,5279805216,EndZoneMoneyMan,0,364.09003,F Ateba Gautier F Imanol Rodriguez F Roberto Soldic F Marcus McGhee F King Green F Rafael Dos Anjos,,,
885,5276547068,rawluciano1,0,363.93,F Deiveson Figueiredo F Mick Parkin F Marvin Vettori F Natalia Silva F Alexander Hernandez F Jacobe Smith,,,
886,5276391466,tcardaro7644,0,363.83,F Ateba Gautier F Alden Coria F Natalia Silva F Marcus McGhee F King Green F Alexander Hernandez,,,
886,5279122092,nos325,0,363.83,F Ateba Gautier F Alden Coria F Natalia Silva F Marcus McGhee F King Green F Alexander Hernandez,,,
888,5275517468,vincedawg704,0,363.75,F Ateba Gautier F Natalia Silva F Khaos Williams F Marcus McGhee F Rafael Dos Anjos F Jacobe Smith,,,
888,5279149201,MrWorldwide,0,363.75,F Ateba Gautier F Natalia Silva F Khaos Williams F Marcus McGhee F Rafael Dos Anjos F Jacobe Smith,,,
890,5278697362,DILFMAN,0,363.69,F Mick Parkin F Ateba Gautier F Imanol Rodriguez F Eric Nolan F Marcus McGhee F King Green,,,
890,5279217982,RaidinAllUrBeer,0,363.69,F Ateba Gautier F Damian Pinas F Natalia Silva F Khaos Williams F Marcus McGhee F King Green,,,
892,5279001606,ronable,0,363.35,F Mick Parkin F Marvin Vettori F Imanol Rodriguez F Damian Pinas F Roberto Soldic F Rafael Dos Anjos,,,
893,5274553293,hespen2,0,362.68,F Deiveson Figueiredo F Marvin Vettori F Ateba Gautier F Imanol Rodriguez F Damian Pinas F Natalia Silva,,,
894,5275725739,CPiddy23,0,361.80002,F Mick Parkin F Ateba Gautier F Damian Pinas F Natalia Silva F Esteban Ribovics F Bruce Whitehead,,,
895,5276278720,RBritten1,0,361.57,F Deiveson Figueiredo F Ateba Gautier F Imanol Rodriguez F Damian Pinas F Khaos Williams F Anthony Wint,,,
895,5280008748,patricktyler51,0,361.57,F Deiveson Figueiredo F Ateba Gautier F Imanol Rodriguez F Damian Pinas F Khaos Williams F Anthony Wint,,,
897,5277414090,ymohamoud10,0,361.37,F Ateba Gautier F Alden Coria F Natalia Silva F Roberto Soldic F Esteban Ribovics F Anthony Romero,,,
898,5275954022,metzykid23,0,361.01,F Ateba Gautier F Damian Pinas F Natalia Silva F King Green F Anthony Wint F Bruce Whitehead,,,
899,5280003745,EvanDizz,0,360.66998,F Ateba Gautier F Imanol Rodriguez F Natalia Silva F Khaos Williams F King Green F Alexander Hernandez,,,
900,5279875465,vgp1226,0,360.57,F Ateba Gautier F Damian Pinas F Alexander Hernandez F Anthony Wint F Bruce Whitehead F Anthony Romero,,,
901,5278203772,priceisrice69,0,359.7,F Payton Talbott F Ateba Gautier F Imanol Rodriguez F Natalia Silva F Rafael Dos Anjos F Lucas Armand,,,
902,5279738645,smoothp9,0,359.52,F Mick Parkin F Marvin Vettori F Roman Kopylov F Damian Pinas F Khaos Williams F Jacobe Smith,,,
903,5279682741,ikevev,0,359.40002,F Deiveson Figueiredo F Ateba Gautier F Damian Pinas F Eric Nolan F Khaos Williams F Esteban Ribovics,,,
904,5278554081,AllieC22,0,359.08002,F Ateba Gautier F Imanol Rodriguez F Court McGee F Wang Cong F King Green F Anthony Wint,,,
905,5278886221,crackerjack03,0,358.78,F Deiveson Figueiredo F Damian Pinas F Khaos Williams F King Green F Anthony Wint F Jacobe Smith,,,
906,5279521646,Dkcskullz420,0,358.53,F Payton Talbott F Ateba Gautier F Andrey Pulyaev F Natalia Silva F Khaos Williams F Alexander Hernandez,,,
907,5277106384,ajb3247,0,357.72998,F Mick Parkin F Damian Pinas F Khaos Williams F Marcus McGhee F King Green F Jacobe Smith,,,
907,5279690795,mythicalrhymer01,0,357.72998,F Mick Parkin F Damian Pinas F Khaos Williams F Marcus McGhee F King Green F Jacobe Smith,,,
907,5279799081,phuff12,0,357.72998,F Mick Parkin F Damian Pinas F Khaos Williams F Marcus McGhee F King Green F Jacobe Smith,,,
910,5276073135,mcclellan,0,357.43,F Alden Coria F Damian Pinas F Rafael Dos Anjos F Anthony Wint F Jacobe Smith F Anthony Romero,,,
910,5279304962,brianrien430,0,357.43,F Alden Coria F Damian Pinas F Rafael Dos Anjos F Anthony Wint F Jacobe Smith F Anthony Romero,,,
912,5277328670,fred8120,0,357.4,F Payton Talbott F Alden Coria F Natalia Silva F Khaos Williams F King Green F Jacobe Smith,,,
912,5278224438,g8rgirl1,0,357.4,F Payton Talbott F Andrey Pulyaev F Natalia Silva F Khaos Williams F King Green F Jacobe Smith,,,
912,5278373126,Toppodogg,0,357.4,F Payton Talbott F Alden Coria F Natalia Silva F Khaos Williams F King Green F Jacobe Smith,,,
912,5279159447,MambaMentality4Life,0,357.4,F Payton Talbott F Alden Coria F Natalia Silva F Khaos Williams F King Green F Jacobe Smith,,,
912,5279301862,SlimySalamander,0,357.4,F Payton Talbott F Alden Coria F Natalia Silva F Khaos Williams F King Green F Jacobe Smith,,,
912,5279441321,jhunt2,0,357.4,F Payton Talbott F Alden Coria F Natalia Silva F Khaos Williams F King Green F Jacobe Smith,,,
912,5279509313,UWAlums03,0,357.4,F Payton Talbott F Alden Coria F Natalia Silva F Khaos Williams F King Green F Jacobe Smith,,,
912,5279596952,baw32,0,357.4,F Payton Talbott F Alden Coria F Natalia Silva F Khaos Williams F King Green F Jacobe Smith,,,
912,5279630333,blacklabelkk,0,357.4,F Payton Talbott F Alden Coria F Natalia Silva F Khaos Williams F King Green F Jacobe Smith,,,
912,5279656483,echad252,0,357.4,F Payton Talbott F Alden Coria F Natalia Silva F Khaos Williams F King Green F Jacobe Smith,,,
912,5279700136,JayAguilar23,0,357.4,F Payton Talbott F Alden Coria F Natalia Silva F Khaos Williams F King Green F Jacobe Smith,,,
912,5280002440,BrentK1092690,0,357.4,F Payton Talbott F Alden Coria F Natalia Silva F Khaos Williams F King Green F Jacobe Smith,,,
912,5280007442,bclark00,0,357.4,F Payton Talbott F Alden Coria F Natalia Silva F Khaos Williams F King Green F Jacobe Smith,,,
912,5280027093,sahrens5,0,357.4,F Payton Talbott F Alden Coria F Natalia Silva F Khaos Williams F King Green F Jacobe Smith,,,
926,5275530283,lewzerr1,0,357.31,F Mick Parkin F Alden Coria F Natalia Silva F Marcus McGhee F King Green F Jacobe Smith,,,
927,5279783150,creel.patrick,0,357.25,F Payton Talbott F Damian Pinas F Khaos Williams F King Green F Jacobe Smith F Anthony Romero,,,
928,5279238906,nscoyner,0,357.14,F Ateba Gautier F Alden Coria F Eric Nolan F Natalia Silva F Marcus McGhee F King Green,,,
928,5279326042,Wood334,0,357.14,F Ateba Gautier F Alden Coria F Eric Nolan F Natalia Silva F Marcus McGhee F King Green,,,
930,5279450017,ZQ1989,0,356.12,F Alden Coria F Damian Pinas F Roberto Soldic F King Green F Rafael Dos Anjos F Anthony Wint,,,
931,5279720843,BCoopSTL,0,355.68,F Mick Parkin F Natalia Silva F Khaos Williams F Marcus McGhee F Lucas Armand F Jacobe Smith,,,
932,5279265389,LOCNOTM,0,355.41,F Mick Parkin F Alden Coria F Roberto Soldic F Esteban Ribovics F Jacobe Smith F Anthony Romero,,,
933,5277682607,box12,0,355.40002,F Payton Talbott F Mick Parkin F Alden Coria F Eric Nolan F Natalia Silva F King Green,,,
934,5278641976,waderessler,0,354.53,F Ateba Gautier F Damian Pinas F Andrey Pulyaev F Khaos Williams F Marcus McGhee F Alexander Hernandez,,,
935,5278651669,SOSAFORHOF,0,354.09998,F Deiveson Figueiredo F Mick Parkin F Damian Pinas F Rafael Dos Anjos F Anthony Wint F Jacobe Smith,,,
936,5276129140,wsdp,0,353.97,F Ateba Gautier F Alden Coria F Damian Pinas F Natalia Silva F Khaos Williams F Marcus McGhee,,,
936,5279267751,Gonzasco,0,353.97,F Ateba Gautier F Alden Coria F Damian Pinas F Natalia Silva F Khaos Williams F Marcus McGhee,,,
936,5279382527,adavison,0,353.97,F Ateba Gautier F Alden Coria F Damian Pinas F Natalia Silva F Khaos Williams F Marcus McGhee,,,
936,5279942712,parrot-head,0,353.97,F Ateba Gautier F Alden Coria F Damian Pinas F Natalia Silva F Khaos Williams F Marcus McGhee,,,
940,5275404935,jonnyarron,0,353.45,F Johnny Walker F Ateba Gautier F Alden Coria F Damian Pinas F Marcus McGhee F King Green,,,
940,5279440775,babombers,0,353.45,F Johnny Walker F Ateba Gautier F Alden Coria F Damian Pinas F Marcus McGhee F King Green,,,
942,5279169868,iLLmaculatee,0,353.38998,F Deiveson Figueiredo F Mick Parkin F Damian Pinas F Khaos Williams F Anthony Wint F Jacobe Smith,,,
943,5278687073,bravern17,0,352.97998,F Ateba Gautier F Natalia Silva F Marcus McGhee F King Green F Lucas Armand F Jacobe Smith,,,
944,5279497843,ethpix,0,352.33002,F Mick Parkin F Ismail Naurdiev F Ateba Gautier F Marcus McGhee F King Green F Anthony Wint,,,
945,5278526076,AverillsAvengers,0,352.29,F Deiveson Figueiredo F Mick Parkin F Ateba Gautier F Imanol Rodriguez F Damian Pinas F Marcus McGhee,,,
945,5279681988,ChewyPC,0,352.29,F Deiveson Figueiredo F Mick Parkin F Ateba Gautier F Imanol Rodriguez F Damian Pinas F Marcus McGhee,,,
945,5279821530,DEMONFIST45,0,352.29,F Deiveson Figueiredo F Mick Parkin F Ateba Gautier F Imanol Rodriguez F Damian Pinas F Marcus McGhee,,,
948,5279907808,DOD4Truth,0,352.19998,F Damian Pinas F Khaos Williams F Marcus McGhee F King Green F Lucas Armand F Jacobe Smith,,,
949,5280016125,charlie78028,0,351.24002,F Ateba Gautier F Imanol Rodriguez F Damian Pinas F Natalia Silva F Khaos Williams F King Green,,,
950,5279831118,Toothenator,0,350.92,F Johnny Walker F Ateba Gautier F Alden Coria F Roberto Soldic F Marcus McGhee F King Green,,,
951,5279975193,wwaazz,0,350.47,F Mick Parkin F Court McGee F Wang Cong F Khaos Williams F Anthony Wint F Jacobe Smith,,,
952,5279923408,ldmoney,0,350.41,F Payton Talbott F Mick Parkin F Alden Coria F Natalia Silva F Roberto Soldic F Rafael Dos Anjos,,,
953,5279152401,justutah,0,350.16998,F Deiveson Figueiredo F Marvin Vettori F Alden Coria F Damian Pinas F Natalia Silva F Jacobe Smith,,,
954,5278022603,mudcat11,0,350.03,F Mick Parkin F Ateba Gautier F Imanol Rodriguez F Damian Pinas F Marcus McGhee F Lucas Armand,,,
955,5279290067,az350z,0,349.98,F Payton Talbott F Mick Parkin F Damian Pinas F Roberto Soldic F King Green F Anthony Romero,,,
956,5279788384,EvoJoe2324,0,349.45,F Mick Parkin F Alden Coria F Damian Pinas F Roberto Soldic F Anthony Wint F Anthony Romero,,,
957,5279559470,Daniml4u,0,349.29004,F Payton Talbott F Ateba Gautier F Natalia Silva F Roberto Soldic F King Green F Bruce Whitehead,,,
958,5278591634,BowDozer24,0,349.23,F Payton Talbott F Mick Parkin F Roman Kopylov F Alden Coria F King Green F Jacobe Smith,,,
959,5279425347,SikWitEt,0,348.72,F Ismail Naurdiev F Ateba Gautier F Imanol Rodriguez F Wang Cong F Lucas Armand F Jacobe Smith,,,
960,5279596633,Mrs_Starling,0,347.99,F Ateba Gautier F Damian Pinas F Court McGee F Wang Cong F King Green F Anthony Wint,,,
961,5278363205,rpjr10,0,347.77,F Ateba Gautier F Court McGee F Wang Cong F King Green F Anthony Wint F Jacobe Smith,,,
961,5279807713,slimladen,0,347.77,F Ateba Gautier F Court McGee F Wang Cong F King Green F Anthony Wint F Jacobe Smith,,,
961,5280017562,seabie123,0,347.77,F Ateba Gautier F Court McGee F Wang Cong F King Green F Anthony Wint F Jacobe Smith,,,
964,5279590447,Sechrist_ryan,0,346.91,F Mick Parkin F Alden Coria F Damian Pinas F Andrey Pulyaev F Roberto Soldic F Esteban Ribovics,,,
965,5279460991,Jesussaves2014,0,345.56,F Mick Parkin F Imanol Rodriguez F Damian Pinas F Khaos Williams F Rafael Dos Anjos F Jacobe Smith,,,
966,5278560073,hugoruby,0,345.28,F Mick Parkin F Imanol Rodriguez F Damian Pinas F Khaos Williams F King Green F Jacobe Smith,,,
966,5279697465,xraycatscan,0,345.28,F Mick Parkin F Imanol Rodriguez F Damian Pinas F Khaos Williams F King Green F Jacobe Smith,,,
968,5279850644,bionicknee,0,343.45,F Ateba Gautier F Court McGee F Wang Cong F Marcus McGhee F King Green F Jacobe Smith,,,
969,5279840361,Byronn5,0,343.06,F Mick Parkin F Damian Pinas F Natalia Silva F Khaos Williams F King Green F Jacobe Smith,,,
970,5278282754,TheBallsDeeper,0,342.79,F Deiveson Figueiredo F Ateba Gautier F Imanol Rodriguez F Natalia Silva F King Green F Jacobe Smith,,,
970,5278627758,joet5051,0,342.79,F Deiveson Figueiredo F Ateba Gautier F Imanol Rodriguez F Natalia Silva F King Green F Jacobe Smith,,,
972,5275766617,Pigfleas,0,342.59998,F Mick Parkin F Ateba Gautier F Damian Pinas F Court McGee F Wang Cong F Anthony Wint,,,
973,5277383247,SPACErace1,0,341.78998,F Deiveson Figueiredo F Mick Parkin F Alden Coria F Damian Pinas F Roberto Soldic F Anthony Wint,,,
974,5279041114,TDs_n_Beer,0,341.63,F Deiveson Figueiredo F Johnny Walker F Ateba Gautier F Imanol Rodriguez F Damian Pinas F Khaos Williams,,,
975,5278573803,steve3258,0,339.96,F Mick Parkin F Natalia Silva F Roberto Soldic F King Green F Jacobe Smith F Anthony Romero,,,
976,5276924896,hawg,0,339.43,F Mick Parkin F Roman Kopylov F Alden Coria F Natalia Silva F King Green F Jacobe Smith,,,
977,5277207991,DamienD6,0,338.85,F Mick Parkin F Ateba Gautier F Imanol Rodriguez F Damian Pinas F Natalia Silva F Bruce Whitehead,,,
978,5279196156,Zee227,0,338.8,F Payton Talbott F Ateba Gautier F Damian Pinas F Court McGee F Wang Cong F King Green,,,
979,5279331478,Tvideo87,0,338.15002,F Payton Talbott F Ateba Gautier F Court McGee F Wang Cong F Khaos Williams F Jacobe Smith,,,
980,5278481146,Dmerkel1980,0,338.13,F Johnny Walker F Ateba Gautier F Andrey Pulyaev F Natalia Silva F Khaos Williams F Jacobe Smith,,,
981,5279840200,madcow65,0,337.52997,F Damian Pinas F Natalia Silva F Khaos Williams F King Green F Lucas Armand F Jacobe Smith,,,
982,5276960103,bretty71669,0,337.09,F Mick Parkin F Marvin Vettori F Ateba Gautier F Imanol Rodriguez F Court McGee F Esteban Ribovics,,,
983,5278539609,ostrander1,0,336.62,F Mick Parkin F Marvin Vettori F Ateba Gautier F Imanol Rodriguez F Wang Cong F Anthony Wint,,,
983,5279905564,ramdman26,0,336.62,F Mick Parkin F Marvin Vettori F Ateba Gautier F Imanol Rodriguez F Wang Cong F Anthony Wint,,,
983,5279919691,jdkenn,0,336.62,F Mick Parkin F Marvin Vettori F Ateba Gautier F Imanol Rodriguez F Wang Cong F Anthony Wint,,,
986,5279087770,MonteCarlotwins,0,336.56,F Ateba Gautier F Natalia Silva F Roberto Soldic F King Green F Alexander Hernandez F Lucas Armand,,,
987,5277004725,JSL23,0,336.45,F Marvin Vettori F Ateba Gautier F Wang Cong F Khaos Williams F Esteban Ribovics F Jacobe Smith,,,
988,5279871322,sileoj,0,336.36002,F Mick Parkin F Damian Pinas F Eric Nolan F King Green F Jacobe Smith F Anthony Romero,,,
989,5279558783,Brackattack72,0,334.99,F Mick Parkin F Alden Coria F Roberto Soldic F Marcus McGhee F Lucas Armand F Jacobe Smith,,,
990,5279605372,Traceer1,0,333.94,F Marvin Vettori F Ateba Gautier F Eric Nolan F Wang Cong F Rafael Dos Anjos F Anthony Wint,,,
991,5280020295,mattmauro9,0,333.9,F Mick Parkin F Ismail Naurdiev F Ateba Gautier F Marcus McGhee F King Green F Alexander Hernandez,,,
992,5279770317,briangile,0,333.83,F Mick Parkin F Marvin Vettori F Wang Cong F King Green F Anthony Wint F Jacobe Smith,,,
993,5274803914,6xchampz,0,333.33002,F Ismail Naurdiev F Ateba Gautier F Alden Coria F Natalia Silva F King Green F Anthony Wint,,,
994,5279869803,mjletendrejr,0,333.13,F Johnny Walker F Marvin Vettori F Ateba Gautier F Court McGee F King Green F Anthony Wint,,,
995,5279963849,KingPook23,0,332.82,F Payton Talbott F Marvin Vettori F Ateba Gautier F Imanol Rodriguez F Wang Cong F King Green,,,
996,5279243984,jimiobo43,0,332.24002,F Payton Talbott F Ateba Gautier F Eric Nolan F Roberto Soldic F Lucas Armand F Bruce Whitehead,,,
997,5279743068,jdooley99,0,331.61,F Deiveson Figueiredo F Ateba Gautier F Imanol Rodriguez F Damian Pinas F Roberto Soldic F King Green,,,
998,5279517655,tloc9,0,330.99002,F Payton Talbott F Mick Parkin F Ateba Gautier F Wang Cong F Esteban Ribovics F Rafael Dos Anjos,,,
999,5279546547,mpaul123,0,330.49,F Marvin Vettori F Ateba Gautier F Damian Pinas F Wang Cong F Khaos Williams F Anthony Wint,,,
999,5280019178,jdachamp365,0,330.49,F Marvin Vettori F Ateba Gautier F Damian Pinas F Wang Cong F Khaos Williams F Anthony Wint,,,
1001,5279915138,AhriPog,0,329.92,F Ismail Naurdiev F Ateba Gautier F Marcus McGhee F King Green F Rafael Dos Anjos F Jacobe Smith,,,
1002,5279340705,eagles995720,0,329.49,F Payton Talbott F Ateba Gautier F Wang Cong F Khaos Williams F King Green F Anthony Wint,,,
1003,5279359391,89gofast,0,329.21,F Ismail Naurdiev F Ateba Gautier F Khaos Williams F Marcus McGhee F King Green F Jacobe Smith,,,
1004,5278353383,Billyboy10,0,328.39,F Marvin Vettori F Ateba Gautier F Wang Cong F Roberto Soldic F King Green F Anthony Wint,,,
1005,5279149021,yackotacko,0,327.24,F Alden Coria F Damian Pinas F Natalia Silva F Lucas Armand F Jacobe Smith F Anthony Romero,,,
1006,5279946843,shuperman,0,326.38,F Marvin Vettori F Ateba Gautier F Wang Cong F Marcus McGhee F King Green F Jacobe Smith,,,
1007,5279634185,TheRyanKing,0,326.18,F Johnny Walker F Ateba Gautier F Damian Pinas F Roberto Soldic F King Green F Lucas Armand,,,
1008,5279402238,deaththreat1983,0,324.87,F Deiveson Figueiredo F Ismail Naurdiev F Ateba Gautier F Khaos Williams F Anthony Wint F Jacobe Smith,,,
1009,5278220855,ctwv11111,0,324.64,F Payton Talbott F Mick Parkin F Marvin Vettori F Wang Cong F King Green F Jacobe Smith,,,
1009,5279558748,rsr3883,0,324.64,F Payton Talbott F Mick Parkin F Marvin Vettori F Wang Cong F King Green F Jacobe Smith,,,
1011,5274723771,DariaG,0,324.43002,F Payton Talbott F Mick Parkin F Marvin Vettori F Damian Pinas F Wang Cong F Khaos Williams,,,
1012,5278863352,Ohgoditsdan,0,324.2,F Deiveson Figueiredo F Ateba Gautier F Imanol Rodriguez F Damian Pinas F Andrey Pulyaev F Jacobe Smith,,,
1013,5278499481,b2players,0,324.11,F Mick Parkin F Marvin Vettori F Alden Coria F Wang Cong F Anthony Wint F Jacobe Smith,,,
1014,5279741657,brando37,0,324.1,F Payton Talbott F Mick Parkin F Ateba Gautier F Wang Cong F Khaos Williams F Anthony Wint,,,
1014,5279910172,jayburke28,0,324.1,F Payton Talbott F Mick Parkin F Ateba Gautier F Wang Cong F Khaos Williams F Anthony Wint,,,
1016,5279658277,Gassers61,0,323.62,F Mick Parkin F Ismail Naurdiev F Ateba Gautier F Alden Coria F Natalia Silva F Marcus McGhee,,,
1017,5278590756,SoonersUnite,0,323.47,F Mick Parkin F Marvin Vettori F Ateba Gautier F Court McGee F Roberto Soldic F Esteban Ribovics,,,
1018,5279977740,dlbell5848,0,322.61002,F Mick Parkin F Damian Pinas F Court McGee F Wang Cong F Khaos Williams F Jacobe Smith,,,
1019,5279114671,Outbreak_1911,0,322.22,F Mick Parkin F Ismail Naurdiev F Ateba Gautier F Roberto Soldic F Marcus McGhee F Rafael Dos Anjos,,,
1020,5279863162,miranrich1,0,322.04,F Deiveson Figueiredo F Marvin Vettori F Ateba Gautier F Wang Cong F Anthony Wint F Jacobe Smith,,,
1021,5279136426,Monstars8891,0,321.94,F Mick Parkin F Ismail Naurdiev F Ateba Gautier F Roberto Soldic F Marcus McGhee F King Green,,,
1022,5279370896,BozoTheAspiringClown,0,321.52,F Mick Parkin F Ismail Naurdiev F Ateba Gautier F Roberto Soldic F Esteban Ribovics F Lucas Armand,,,
1023,5279994179,Djamalquiggs,0,321.21,F Mick Parkin F Marvin Vettori F Ateba Gautier F Damian Pinas F Wang Cong F Marcus McGhee,,,
1024,5277040041,Jdogg9855,0,320.89,F Mick Parkin F Ismail Naurdiev F Ateba Gautier F Imanol Rodriguez F Natalia Silva F King Green,,,
1025,5279669944,iLoveThisHyrup,0,320.31,F Payton Talbott F Marvin Vettori F Alden Coria F Wang Cong F King Green F Jacobe Smith,,,
1026,5279740072,steve-o440,0,320.21002,F Payton Talbott F Mick Parkin F Ateba Gautier F Wang Cong F Marcus McGhee F King Green,,,
1027,5277273653,antarm,0,319.93,F Payton Talbott F Johnny Walker F Marvin Vettori F Ateba Gautier F Alden Coria F Wang Cong,,,
1028,5278533962,dark4more22,0,319.91,F Ateba Gautier F Damian Pinas F Court McGee F Wang Cong F King Green F Jacobe Smith,,,
1028,5278746417,sh-13,0,319.91,F Ateba Gautier F Damian Pinas F Court McGee F Wang Cong F King Green F Jacobe Smith,,,
1028,5279027352,thebebop,0,319.91,F Ateba Gautier F Damian Pinas F Court McGee F Wang Cong F King Green F Jacobe Smith,,,
1028,5279851662,stevevhere,0,319.91,F Ateba Gautier F Damian Pinas F Court McGee F Wang Cong F King Green F Jacobe Smith,,,
1032,5278326991,jayho480,0,319.49,F Ismail Naurdiev F Ateba Gautier F Alden Coria F Khaos Williams F Marcus McGhee F Jacobe Smith,,,
1033,5279912770,bigdongjack,0,319.48,F Ateba Gautier F Damian Pinas F Court McGee F Wang Cong F Khaos Williams F Jacobe Smith,,,
1034,5278840350,kingofquinn,0,318.82,F Payton Talbott F Mick Parkin F Ateba Gautier F Court McGee F King Green F Anthony Wint,,,
1035,5279978697,chumeston,0,317.49,F Mick Parkin F Ismail Naurdiev F Ateba Gautier F Alden Coria F Eric Nolan F Marcus McGhee,,,
1036,5278333525,mattyfib5,0,316.98,F Ismail Naurdiev F Ateba Gautier F Imanol Rodriguez F Damian Pinas F Khaos Williams F King Green,,,
1037,5279846996,Damon93435,0,316.30002,F Payton Talbott F Marvin Vettori F Ateba Gautier F Damian Pinas F Court McGee F Rafael Dos Anjos,,,
1038,5279311738,misnomer,0,315.59,F Deiveson Figueiredo F Mick Parkin F Ismail Naurdiev F Ateba Gautier F Marcus McGhee F Jacobe Smith,,,
1039,5279866388,bridigidigi,0,315.28,F Mick Parkin F Marvin Vettori F Ateba Gautier F Court McGee F Marcus McGhee F Jacobe Smith,,,
1040,5279138640,Gunners06,0,315.13998,F Payton Talbott F Mick Parkin F Marvin Vettori F Alden Coria F Damian Pinas F Wang Cong,,,
1041,5278822564,hutchings07,0,313.93,F Marvin Vettori F Ateba Gautier F Imanol Rodriguez F Wang Cong F King Green F Jacobe Smith,,,
1041,5279331207,lennon727,0,313.93,F Marvin Vettori F Ateba Gautier F Imanol Rodriguez F Wang Cong F King Green F Jacobe Smith,,,
1043,5279514793,TeStoSteRonE,0,311.71,F Marvin Vettori F Ateba Gautier F Natalia Silva F Wang Cong F King Green F Jacobe Smith,,,
1044,5279437214,dlefort2,0,311.49997,F Mick Parkin F Marvin Vettori F Ateba Gautier F Imanol Rodriguez F Eric Nolan F Wang Cong,,,
1045,5279499157,TheAnswerII,0,311.31,F Ateba Gautier F Wang Cong F King Green F Rafael Dos Anjos F Anthony Wint F Jacobe Smith,,,
1046,5276205656,Lucky13G,0,310.82,F Ateba Gautier F Damian Pinas F Wang Cong F Khaos Williams F King Green F Anthony Wint,,,
1046,5279898766,sloanjunior74,0,310.82,F Ateba Gautier F Damian Pinas F Wang Cong F Khaos Williams F King Green F Anthony Wint,,,
1048,5278539151,Awhite425,0,310.6,F Ateba Gautier F Wang Cong F Khaos Williams F King Green F Anthony Wint F Jacobe Smith,,,
1049,5274464275,pineda01,0,310.41,F Mick Parkin F Alden Coria F Damian Pinas F Wang Cong F Khaos Williams F Esteban Ribovics,,,
1050,5278907973,ManCity35,0,310.12,F Payton Talbott F Mick Parkin F Marvin Vettori F Khaos Williams F Rafael Dos Anjos F Anthony Wint,,,
1051,5279319393,tonyt91,0,309.21002,F Payton Talbott F Mick Parkin F Marvin Vettori F Alden Coria F Court McGee F Jacobe Smith,,,
1052,5276800042,priceless88,0,308.75998,F Mick Parkin F Marvin Vettori F Ateba Gautier F Imanol Rodriguez F Damian Pinas F Wang Cong,,,
1052,5277273895,t-rexes007,0,308.75998,F Mick Parkin F Marvin Vettori F Ateba Gautier F Imanol Rodriguez F Damian Pinas F Wang Cong,,,
1054,5279975315,odom918,0,308.16998,F Mick Parkin F Ateba Gautier F Eric Nolan F Wang Cong F Khaos Williams F Anthony Wint,,,
1055,5279106978,Brentw9,0,307.76,F Payton Talbott F Mick Parkin F Ateba Gautier F Imanol Rodriguez F Wang Cong F King Green,,,
1056,5276030925,tscham,0,307.5,F Payton Talbott F Mick Parkin F Marvin Vettori F Ateba Gautier F Khaos Williams F Esteban Ribovics,,,
1057,5275988034,bandit1178,0,307.41998,F Payton Talbott F Marvin Vettori F Ateba Gautier F King Green F Rafael Dos Anjos F Anthony Wint,,,
1058,5279689847,emptypockets1,0,307.33002,F Payton Talbott F Mick Parkin F Ateba Gautier F Imanol Rodriguez F Wang Cong F Khaos Williams,,,
1059,5275900188,c405hitter,0,306.71002,F Payton Talbott F Marvin Vettori F Ateba Gautier F Khaos Williams F King Green F Anthony Wint,,,
1060,5279225888,Rosalinda97,0,305.97,F Mick Parkin F Marvin Vettori F Damian Pinas F Wang Cong F King Green F Jacobe Smith,,,
1061,5279375341,JohnnyHeck,0,305.43,F Mick Parkin F Ateba Gautier F Damian Pinas F Wang Cong F Khaos Williams F Anthony Wint,,,
1062,5279499100,Epatrick10172020,0,304.64,F Mick Parkin F Ateba Gautier F Wang Cong F Anthony Wint F Jacobe Smith F Anthony Romero,,,
1063,5279652237,Moke91,0,304.43,F Marvin Vettori F Ateba Gautier F Alden Coria F Imanol Rodriguez F Damian Pinas F Wang Cong,,,
1064,5279525468,lapoks,0,303.05,F Mick Parkin F Marvin Vettori F Ateba Gautier F Imanol Rodriguez F Damian Pinas F Court McGee,,,
1065,5278364475,billdonbilldon,0,302.53,F Mick Parkin F Ismail Naurdiev F Alden Coria F Eric Nolan F Rafael Dos Anjos F Jacobe Smith,,,
1066,5278508883,Dooch,0,302.32,F Mick Parkin F Ateba Gautier F Alden Coria F Damian Pinas F Wang Cong F Esteban Ribovics,,,
1066,5279553228,AllDay214,0,302.32,F Mick Parkin F Ateba Gautier F Alden Coria F Damian Pinas F Wang Cong F Esteban Ribovics,,,
1068,5275623235,cheezeeaze,0,301.69998,F Deiveson Figueiredo F Mick Parkin F Ismail Naurdiev F Ateba Gautier F Damian Pinas F Alexander Hernandez,,,
1069,5280019539,TheRealDuri,0,301.63998,F Marvin Vettori F Alden Coria F Damian Pinas F Wang Cong F King Green F Jacobe Smith,,,
1070,5279256471,J-ROCK1013,0,301.63,F Payton Talbott F Ateba Gautier F Damian Pinas F Wang Cong F Khaos Williams F King Green,,,
1071,5278411620,Shinville,0,301.52997,F Ateba Gautier F Alden Coria F Damian Pinas F Wang Cong F King Green F Anthony Wint,,,
1071,5279187221,yougotcropdusted,0,301.52997,F Ateba Gautier F Alden Coria F Damian Pinas F Wang Cong F King Green F Anthony Wint,,,
1071,5279237113,ImaDonk11,0,301.52997,F Ateba Gautier F Alden Coria F Damian Pinas F Wang Cong F King Green F Anthony Wint,,,
1071,5279757312,SponsoredBySwag,0,301.52997,F Ateba Gautier F Alden Coria F Damian Pinas F Wang Cong F King Green F Anthony Wint,,,
1075,5279060218,ltjimdangle9,0,301.41,F Payton Talbott F Ateba Gautier F Wang Cong F Khaos Williams F King Green F Jacobe Smith,,,
1075,5279566419,jasonlars13,0,301.41,F Payton Talbott F Ateba Gautier F Wang Cong F Khaos Williams F King Green F Jacobe Smith,,,
1075,5279919565,MR.BIG21,0,301.41,F Payton Talbott F Ateba Gautier F Wang Cong F Khaos Williams F King Green F Jacobe Smith,,,
1078,5275450783,JEseman,0,301.32,F Mick Parkin F Ateba Gautier F Wang Cong F Marcus McGhee F King Green F Jacobe Smith,,,
1079,5278826235,Sunglee59,0,301.04,F Johnny Walker F Marvin Vettori F Ateba Gautier F Alden Coria F Wang Cong F Jacobe Smith,,,
1080,5279503561,b8m4s,0,300.88,F Ateba Gautier F Alden Coria F Wang Cong F Khaos Williams F Anthony Wint F Jacobe Smith,,,
1081,5279536326,domin8ters,0,300.84,F Payton Talbott F Ateba Gautier F Wang Cong F King Green F Jacobe Smith F Anthony Romero,,,
1082,5279805374,Dreday187,0,300.83,F Mick Parkin F Marvin Vettori F Ateba Gautier F Damian Pinas F Court McGee F Natalia Silva,,,
1083,5276764959,cubmann11,0,299.79,F Mick Parkin F Ateba Gautier F Alden Coria F Wang Cong F Roberto Soldic F Esteban Ribovics,,,
1083,5279126191,mlief,0,299.79,F Mick Parkin F Ateba Gautier F Alden Coria F Wang Cong F Roberto Soldic F Esteban Ribovics,,,
1085,5279455281,jayrwebb,0,299.08,F Mick Parkin F Ismail Naurdiev F Alden Coria F Damian Pinas F Khaos Williams F Jacobe Smith,,,
1086,5279029349,acdcrocks915,0,299.01,F Mick Parkin F Ateba Gautier F Wang Cong F Roberto Soldic F Marcus McGhee F King Green,,,
1087,5279502906,Jakebond007,0,298.04,F Payton Talbott F Mick Parkin F Ateba Gautier F Alden Coria F Imanol Rodriguez F Wang Cong,,,
1088,5279761232,NBLEW,0,297.43002,F Payton Talbott F Mick Parkin F Marvin Vettori F Ateba Gautier F Marcus McGhee F King Green,,,
1089,5278312446,SugarBearNBubbzy,0,296.99,F Ateba Gautier F Alden Coria F Wang Cong F Marcus McGhee F King Green F Jacobe Smith,,,
1090,5278799046,joshblond,0,296.25,F Mick Parkin F Marvin Vettori F Alden Coria F Damian Pinas F Wang Cong F Jacobe Smith,,,
1091,5278692118,eldave1975,0,295.6,F Ateba Gautier F Alden Coria F Court McGee F King Green F Anthony Wint F Jacobe Smith,,,
1092,5279952861,jciriacks,0,294.82,F Marvin Vettori F Ateba Gautier F Damian Pinas F Court McGee F Roberto Soldic F King Green,,,
1093,5275965098,CBIAN,0,294.18,F Deiveson Figueiredo F Marvin Vettori F Ateba Gautier F Damian Pinas F Wang Cong F Jacobe Smith,,,
1093,5279842390,erinmwhitman,0,294.18,F Deiveson Figueiredo F Marvin Vettori F Ateba Gautier F Damian Pinas F Wang Cong F Jacobe Smith,,,
1095,5279613459,djsinternet,0,294.16998,F Mick Parkin F Marvin Vettori F Ateba Gautier F Imanol Rodriguez F King Green F Anthony Wint,,,
1096,5279931636,joeypad,0,292.16998,F Ateba Gautier F Wang Cong F Khaos Williams F King Green F Alexander Hernandez F Jacobe Smith,,,
1097,5279584229,georgejester,0,291.91,F Payton Talbott F Ateba Gautier F Alden Coria F Damian Pinas F Wang Cong F Khaos Williams,,,
1098,5275435711,tmorriso,0,291.82,F Mick Parkin F Ateba Gautier F Alden Coria F Damian Pinas F Wang Cong F Marcus McGhee,,,
1099,5274518538,FletcherMcTaggart,0,291.6,F Mick Parkin F Ateba Gautier F Alden Coria F Wang Cong F Marcus McGhee F Jacobe Smith,,,
1099,5276863322,papa-sports-39,0,291.6,F Mick Parkin F Ateba Gautier F Alden Coria F Wang Cong F Marcus McGhee F Jacobe Smith,,,
1099,5279592575,Catblue1230,0,291.6,F Mick Parkin F Ateba Gautier F Alden Coria F Wang Cong F Marcus McGhee F Jacobe Smith,,,
1099,5279921844,slapmesilly,0,291.6,F Mick Parkin F Ateba Gautier F Alden Coria F Wang Cong F Marcus McGhee F Jacobe Smith,,,
1103,5279121456,Hiss24,0,291.12003,F Payton Talbott F Ateba Gautier F Alden Coria F Wang Cong F Jacobe Smith F Anthony Romero,,,
1104,5279230664,mja777king,0,289.81,F Payton Talbott F Ateba Gautier F Alden Coria F Wang Cong F Roberto Soldic F King Green,,,
1104,5279684399,scarolinafan419,0,289.81,F Payton Talbott F Ateba Gautier F Alden Coria F Wang Cong F Roberto Soldic F King Green,,,
1106,5279211911,kevkev420,0,289.09,F Mick Parkin F Ateba Gautier F Imanol Rodriguez F Damian Pinas F Wang Cong F King Green,,,
1106,5279697721,Carolinanurse85,0,289.09,F Mick Parkin F Ateba Gautier F Imanol Rodriguez F Damian Pinas F Wang Cong F King Green,,,
1108,5278272496,shafi01,0,288.87,F Mick Parkin F Ateba Gautier F Imanol Rodriguez F Wang Cong F King Green F Jacobe Smith,,,
1108,5278614602,winboy27,0,288.87,F Mick Parkin F Ateba Gautier F Imanol Rodriguez F Wang Cong F King Green F Jacobe Smith,,,
1108,5279293578,borequa,0,288.87,F Mick Parkin F Ateba Gautier F Imanol Rodriguez F Wang Cong F King Green F Jacobe Smith,,,
1108,5279601513,leesh1,0,288.87,F Mick Parkin F Ateba Gautier F Imanol Rodriguez F Wang Cong F King Green F Jacobe Smith,,,
1112,5279180057,Diamondstargazer,0,288.41,F Mick Parkin F Marvin Vettori F Ateba Gautier F Alden Coria F Natalia Silva F Esteban Ribovics,,,
1113,5278548678,Clevelandnotohio,0,288.28,F Payton Talbott F Marvin Vettori F Ateba Gautier F Khaos Williams F King Green F Alexander Hernandez,,,
1114,5279107500,stevegvp,0,288.1,F Marvin Vettori F Ateba Gautier F Khaos Williams F Rafael Dos Anjos F Anthony Wint F Jacobe Smith,,,
1115,5278949610,ibeckman,0,288.03998,F Marvin Vettori F Ateba Gautier F Damian Pinas F Khaos Williams F King Green F Anthony Wint,,,
1116,5279107897,knixon4201,0,286.65,F Mick Parkin F Ateba Gautier F Natalia Silva F Wang Cong F King Green F Jacobe Smith,,,
1117,5279193300,tmyhand40,0,285.75,F Payton Talbott F Mick Parkin F Ateba Gautier F Damian Pinas F Wang Cong F Lucas Armand,,,
1117,5279556879,nickrambo,0,285.75,F Payton Talbott F Mick Parkin F Ateba Gautier F Damian Pinas F Wang Cong F Lucas Armand,,,
1119,5279236433,kknitter,0,284.45,F Mick Parkin F Marvin Vettori F Ateba Gautier F Alden Coria F Imanol Rodriguez F Anthony Wint,,,
1120,5279639144,mng77777,0,283.45,F Ateba Gautier F Damian Pinas F Wang Cong F King Green F Rafael Dos Anjos F Jacobe Smith,,,
1121,5279004398,loigwine,0,283.02002,F Ateba Gautier F Damian Pinas F Wang Cong F Khaos Williams F Rafael Dos Anjos F Jacobe Smith,,,
1122,5279376532,jayo2l3,0,282.74,F Ateba Gautier F Damian Pinas F Wang Cong F Khaos Williams F King Green F Jacobe Smith,,,
1122,5279480975,ChokeHoldem1,0,282.74,F Ateba Gautier F Damian Pinas F Wang Cong F Khaos Williams F King Green F Jacobe Smith,,,
1122,5279739510,gochiefsjason,0,282.74,F Ateba Gautier F Damian Pinas F Wang Cong F Khaos Williams F King Green F Jacobe Smith,,,
1122,5279953595,dbec19741,0,282.74,F Ateba Gautier F Damian Pinas F Wang Cong F Khaos Williams F King Green F Jacobe Smith,,,
1122,5279977927,DaonlyPrince,0,282.74,F Ateba Gautier F Damian Pinas F Wang Cong F Khaos Williams F King Green F Jacobe Smith,,,
1127,5275992358,BourbonRat,0,282.08002,F Mick Parkin F Marvin Vettori F Ateba Gautier F Damian Pinas F Anthony Wint F Anthony Romero,,,
1128,5276892847,ohiocore,0,281.66,F Mick Parkin F Marvin Vettori F Alden Coria F King Green F Anthony Wint F Jacobe Smith,,,
1129,5278949658,toofat2419,0,281.58997,F Mick Parkin F Marvin Vettori F Ateba Gautier F Alexander Hernandez F Lucas Armand F Anthony Wint,,,
1130,5279652441,malemute,0,279.37,F Mick Parkin F Ateba Gautier F Alden Coria F Imanol Rodriguez F Damian Pinas F Wang Cong,,,
1131,5278930913,Jessticular,0,279.16,F Deiveson Figueiredo F Marvin Vettori F Ateba Gautier F Khaos Williams F Anthony Wint F Jacobe Smith,,,
1132,5278884439,Lord007,0,278.88998,F Payton Talbott F Ateba Gautier F Alden Coria F Wang Cong F Roberto Soldic F Lucas Armand,,,
1133,5279633877,mammola,0,278.82,F Mick Parkin F Marvin Vettori F Ateba Gautier F Marcus McGhee F Rafael Dos Anjos F Jacobe Smith,,,
1134,5279299595,MARIO5160,0,278.43002,F Payton Talbott F Marvin Vettori F Ateba Gautier F Alden Coria F Natalia Silva F King Green,,,
1134,5279400001,Inferno307,0,278.43002,F Payton Talbott F Marvin Vettori F Ateba Gautier F Alden Coria F Natalia Silva F King Green,,,
1136,5278404257,brainwelling,0,278.32,F Marvin Vettori F Ateba Gautier F Alden Coria F Damian Pinas F Khaos Williams F Anthony Wint,,,
1137,5279911543,vtx1800joe,0,277.74,F Ateba Gautier F Damian Pinas F Court McGee F King Green F Rafael Dos Anjos F Jacobe Smith,,,
1138,5276923676,Ccs69494,0,274.41998,F Deiveson Figueiredo F Mick Parkin F Marvin Vettori F Ateba Gautier F Damian Pinas F Anthony Wint,,,
1139,5277031173,lazygrappler,0,274.08,F Deiveson Figueiredo F Ateba Gautier F Damian Pinas F Wang Cong F Khaos Williams F Jacobe Smith,,,
1140,5279389157,gatons,0,273.52,F Mick Parkin F Marvin Vettori F Ateba Gautier F Natalia Silva F King Green F Alexander Hernandez,,,
1141,5279702221,dudemanpa,0,272.25,F Ateba Gautier F Damian Pinas F Wang Cong F King Green F Lucas Armand F Jacobe Smith,,,
1142,5279577807,FlowARC,0,271.82,F Ateba Gautier F Damian Pinas F Wang Cong F Khaos Williams F Lucas Armand F Jacobe Smith,,,
1143,5280019649,lalaloggins,0,271.63998,F Mick Parkin F Ateba Gautier F Damian Pinas F Court McGee F Khaos Williams F Jacobe Smith,,,
1144,5279000481,madgreek895,0,271.28,F Payton Talbott F Mick Parkin F Ismail Naurdiev F Ateba Gautier F Wang Cong F King Green,,,
1145,5279825133,Beck1376,0,269.81998,F Mick Parkin F Ateba Gautier F Damian Pinas F Eric Nolan F Wang Cong F Lucas Armand,,,
1146,5279719480,Peyronies,0,269.03998,F Mick Parkin F Marvin Vettori F Ateba Gautier F Alden Coria F Damian Pinas F Marcus McGhee,,,
1147,5279152341,bipper,0,267.61002,F Payton Talbott F Mick Parkin F Ateba Gautier F Alden Coria F Khaos Williams F Marcus McGhee,,,
1148,5279095593,curtiss1,0,266.37,F Mick Parkin F Marvin Vettori F Ateba Gautier F Imanol Rodriguez F Rafael Dos Anjos F Jacobe Smith,,,
1149,5280016329,T-Bone122,0,265.66,F Mick Parkin F Marvin Vettori F Ateba Gautier F Imanol Rodriguez F Khaos Williams F Jacobe Smith,,,
1150,5279923605,kevneff,0,265.53,F Mick Parkin F Ateba Gautier F Andrey Pulyaev F Wang Cong F Roberto Soldic F Jacobe Smith,,,
1151,5279397014,bombeano,0,264.22,F Mick Parkin F Marvin Vettori F Ateba Gautier F Damian Pinas F Khaos Williams F Alexander Hernandez,,,
1152,5279891413,phillip23fulmer,0,263.41,F Deiveson Figueiredo F Mick Parkin F Ateba Gautier F Damian Pinas F Court McGee F Jacobe Smith,,,
1153,5276992027,TimLeeCopeland,0,263.12,F Mick Parkin F Ateba Gautier F Alden Coria F King Green F Alexander Hernandez F Anthony Wint,,,
1154,5279902198,dorksquad,0,263.04,F Mick Parkin F Ateba Gautier F Khaos Williams F Rafael Dos Anjos F Anthony Wint F Jacobe Smith,,,
1155,5279254926,gabegarcia83,0,262.76,F Mick Parkin F Ateba Gautier F Khaos Williams F King Green F Anthony Wint F Jacobe Smith,,,
1155,5279273409,mrcheesehead1329,0,262.76,F Mick Parkin F Ateba Gautier F Khaos Williams F King Green F Anthony Wint F Jacobe Smith,,,
1155,5279350612,Fioson,0,262.76,F Mick Parkin F Ateba Gautier F Khaos Williams F King Green F Anthony Wint F Jacobe Smith,,,
1155,5279895282,JonaCash,0,262.76,F Mick Parkin F Ateba Gautier F Khaos Williams F King Green F Anthony Wint F Jacobe Smith,,,
1155,5280021139,boydcrowder,0,262.76,F Mick Parkin F Ateba Gautier F Khaos Williams F King Green F Anthony Wint F Jacobe Smith,,,
1160,5279816102,BigBadBid,0,256.9,F Marvin Vettori F Court McGee F Wang Cong F Khaos Williams F King Green F Jacobe Smith,,,
1161,5276641794,Ciena,0,254.39001,F Payton Talbott F Mick Parkin F Ateba Gautier F Imanol Rodriguez F King Green F Lucas Armand,,,
1162,5279864846,ryanhuff28,0,253.79001,F Payton Talbott F Mick Parkin F Ateba Gautier F Damian Pinas F Khaos Williams F King Green,,,
1163,5279472177,wiltodd,0,253.26,F Mick Parkin F Ateba Gautier F Alden Coria F Damian Pinas F Khaos Williams F Anthony Wint,,,
1163,5279782619,afrapart91,0,253.26,F Mick Parkin F Ateba Gautier F Alden Coria F Damian Pinas F Khaos Williams F Anthony Wint,,,
1165,5278712458,kehoe08,0,253,F Payton Talbott F Mick Parkin F Ateba Gautier F King Green F Jacobe Smith F Anthony Romero,,,
1166,5279926705,dwb84,0,252.94002,F Payton Talbott F Mick Parkin F Ateba Gautier F Alden Coria F Natalia Silva F Khaos Williams,,,
1167,5279344420,Chrys78,0,252.09001,F Deiveson Figueiredo F Ateba Gautier F Imanol Rodriguez F Natalia Silva F Khaos Williams F Rafael Dos Anjos,,,
1168,5275786477,Cfw828,0,249.43,F Mick Parkin F Ateba Gautier F Alden Coria F Marcus McGhee F Rafael Dos Anjos F Jacobe Smith,,,
1169,5278911278,Kingbeast90,0,244.32999,F Mick Parkin F Ateba Gautier F Khaos Williams F King Green F Alexander Hernandez F Jacobe Smith,,,
1170,5279089258,Waveyyj1,0,243.76999,F Mick Parkin F Ateba Gautier F Natalia Silva F Khaos Williams F King Green F Jacobe Smith,,,
1171,5276632377,ZEUSKIZZ,0,242.67001,F Mick Parkin F Ismail Naurdiev F Ateba Gautier F Alden Coria F Wang Cong F Jacobe Smith,,,
1172,5279116695,jc000000,0,240.76999,F Payton Talbott F Mick Parkin F Ateba Gautier F Roberto Soldic F King Green F Lucas Armand,,,
1173,5279315406,shampain,0,235.26,F Mick Parkin F Ateba Gautier F Alden Coria F Damian Pinas F King Green F Alexander Hernandez,,,
1174,5278010516,abratton,0,234.32999,F Mick Parkin F Ateba Gautier F Damian Pinas F King Green F Jacobe Smith F Anthony Romero,,,
1174,5279782969,Distantmelody83,0,234.32999,F Mick Parkin F Ateba Gautier F Damian Pinas F King Green F Jacobe Smith F Anthony Romero,,,
1176,5279698545,Socc66,0,234.10999,F Roman Kopylov F Alden Coria F Khaos Williams F Rafael Dos Anjos F Lucas Armand F Jacobe Smith,,,
1177,5279550607,RebJas,0,231.91,F Deiveson Figueiredo F Ateba Gautier F Damian Pinas F Khaos Williams F Rafael Dos Anjos F Jacobe Smith,,,
1178,5278341611,kblamt,0,220.08,F Ateba Gautier F Alden Coria F Damian Pinas F King Green F Lucas Armand F Jacobe Smith,,,
1179,5278240083,coutee,0,216.95,F Deiveson Figueiredo F Mick Parkin F Ateba Gautier F Alden Coria F Damian Pinas F Jacobe Smith,,,
1180,5279929120,scottfalk,0,208.31,F Mick Parkin F Ismail Naurdiev F Alden Coria F Khaos Williams F King Green F Jacobe Smith,,,
1181,5279062609,blazer1sd,0,0,,,,
1181,5279112873,martini13,0,0,,,,
1181,5279183391,skinpie23,0,0,,,,
1181,5279741087,LMS77,0,0,,,,
1181,5279853942,Traveshamockery,0,0,,,,
1181,5279869840,bertalot17,0,0,,,,
1181,5279905807,Hilvon,0,0,,,,
1181,5279907028,beesldk,0,0,,,,
1181,5279939358,Messi89,0,0,,,,
