Rank,EntryId,EntryName,TimeRemaining,Points,Lineup,,Player,Roster Position,%Drafted,FPTS
1,5272566820,MVogt911,0,403.05002,D Kyle Larson D Ryan Blaney D Chase Briscoe D Chase Elliott D John H. Nemechek D Ty Dillon,,Alex Bowman,D,52.53%,40.9
2,5272494393,gheermance,0,398.05002,D Kyle Larson D Ryan Blaney D Chase Briscoe D Alex Bowman D Erik Jones D Todd Gilliland,,Denny Hamlin,D,50.95%,47.2
3,5267537683,ruckness815,0,393.7,D Kyle Larson D Ryan Blaney D Chase Briscoe D Alex Bowman D Erik Jones D Austin Hill,,Ryan Blaney,D,39.73%,70.8
3,5271640583,pwsk77,0,393.7,D Kyle Larson D Ryan Blaney D Chase Briscoe D Alex Bowman D Erik Jones D Austin Hill,,Chase Briscoe,D,38.27%,74.65
3,5271698931,xXxPLOSIVE,0,393.7,D Kyle Larson D Ryan Blaney D Chase Briscoe D Alex Bowman D Erik Jones D Austin Hill,,Kyle Larson,D,38.05%,144.35
3,5271847415,lpratts,0,393.7,D Kyle Larson D Ryan Blaney D Chase Briscoe D Alex Bowman D Erik Jones D Austin Hill,,Erik Jones,D,31.09%,41
3,5271898350,Woods24,0,393.7,D Kyle Larson D Ryan Blaney D Chase Briscoe D Alex Bowman D Erik Jones D Austin Hill,,Tyler Reddick,D,25.48%,36
3,5271915126,crop_dusted41,0,393.7,D Kyle Larson D Ryan Blaney D Chase Briscoe D Alex Bowman D Erik Jones D Austin Hill,,Christopher Bell,D,24.58%,43.55
3,5272171966,jacks666,0,393.7,D Kyle Larson D Ryan Blaney D Chase Briscoe D Alex Bowman D Erik Jones D Austin Hill,,Riley Herbst,D,24.13%,26
3,5272476596,Czervik67,0,393.7,D Kyle Larson D Ryan Blaney D Chase Briscoe D Alex Bowman D Erik Jones D Austin Hill,,Joey Logano,D,22.45%,4
11,5272731005,kenny7575,0,391.8,D Kyle Larson D Chase Briscoe D Chase Elliott D Austin Cindric D Ryan Preece D Todd Gilliland,,Chase Elliott,D,20.65%,47.8
12,5269941233,ColtsSB,0,391.6,D Kyle Larson D Ryan Blaney D Chase Briscoe D Chase Elliott D John H. Nemechek D Cole Custer,,William Byron,D,17.62%,38.45
13,5269358895,SlimySalamander,0,379.7,D Kyle Larson D Ryan Blaney D Chase Briscoe D Alex Bowman D Erik Jones D Ricky Stenhouse Jr,,Ryan Preece,D,16.27%,33.9
13,5270417134,MISMotown,0,379.7,D Kyle Larson D Ryan Blaney D Chase Briscoe D Alex Bowman D Erik Jones D Ricky Stenhouse Jr,,Zane Smith,D,14.81%,7.45
13,5270916583,catdaddy19,0,379.7,D Kyle Larson D Ryan Blaney D Chase Briscoe D Alex Bowman D Erik Jones D Ricky Stenhouse Jr,,Ty Dillon,D,13.92%,22.45
13,5271981186,Duke1780,0,379.7,D Kyle Larson D Ryan Blaney D Chase Briscoe D Alex Bowman D Erik Jones D Ricky Stenhouse Jr,,Ty Gibbs,D,13.92%,14
13,5273008159,Dhoagy128,0,379.7,D Kyle Larson D Ryan Blaney D Chase Briscoe D Alex Bowman D Erik Jones D Ricky Stenhouse Jr,,Bubba Wallace,D,13.47%,40.65
18,5273224424,Real35,0,379.15002,D Kyle Larson D Ryan Blaney D Chase Briscoe D Alex Bowman D Riley Herbst D Ty Dillon,,Carson Hocevar,D,12.91%,-19.2
19,5272011090,4LeftsMakeItRight,0,378.05002,D Kyle Larson D Ryan Blaney D Chase Briscoe D Brad Keselowski D Riley Herbst D Todd Gilliland,,Brad Keselowski,D,11.56%,35.9
20,5270987109,natecassidy19,0,372.65002,D Kyle Larson D Denny Hamlin D Chase Briscoe D Erik Jones D John H. Nemechek D Ty Dillon,,Chris Buescher,D,11.45%,8.45
21,5269549516,Slayinkid,0,372.6,D Kyle Larson D Ryan Blaney D Chase Briscoe D Alex Bowman D Ryan Preece D Ricky Stenhouse Jr,,Todd Gilliland,D,10.89%,26.35
22,5271467438,DIKDRAGON,0,370.80002,D Kyle Larson D Christopher Bell D Chase Briscoe D Alex Bowman D Erik Jones D Todd Gilliland,,Daniel Suárez,D,10.77%,29
22,5273226446,wphsu99,0,370.80002,D Kyle Larson D Christopher Bell D Chase Briscoe D Alex Bowman D Erik Jones D Todd Gilliland,,Ricky Stenhouse Jr,D,10.66%,8
24,5273069831,mjscott8824,0,370.6,D Kyle Larson D Ryan Blaney D Chase Briscoe D Chase Elliott D Austin Hill D Cole Custer,,Josh Berry,D,10.10%,-16.75
25,5270476363,cyclones82,0,370.55002,D Kyle Larson D Denny Hamlin D Chase Briscoe D Alex Bowman D Erik Jones D Ty Dillon,,Austin Cindric,D,8.42%,64.75
25,5270557904,Deezuhl,0,370.55002,D Kyle Larson D Denny Hamlin D Chase Briscoe D Alex Bowman D Erik Jones D Ty Dillon,,Michael McDowell,D,8.08%,10.9
25,5270899480,schustjake,0,370.55002,D Kyle Larson D Denny Hamlin D Chase Briscoe D Alex Bowman D Erik Jones D Ty Dillon,,Austin Dillon,D,7.18%,19
25,5271126764,kwwagner1142,0,370.55002,D Kyle Larson D Denny Hamlin D Chase Briscoe D Alex Bowman D Erik Jones D Ty Dillon,,Ross Chastain,D,6.29%,26.7
25,5271189147,atlfl3,0,370.55002,D Kyle Larson D Denny Hamlin D Chase Briscoe D Alex Bowman D Erik Jones D Ty Dillon,,Shane Van Gisbergen,D,5.72%,11
25,5271280132,cglenn91,0,370.55002,D Kyle Larson D Denny Hamlin D Chase Briscoe D Alex Bowman D Erik Jones D Ty Dillon,,Austin Hill,D,5.27%,22
25,5271310418,zio21,0,370.55002,D Kyle Larson D Denny Hamlin D Chase Briscoe D Alex Bowman D Erik Jones D Ty Dillon,,John H. Nemechek,D,5.27%,43
25,5272017326,edice1322,0,370.55002,D Kyle Larson D Denny Hamlin D Chase Briscoe D Alex Bowman D Erik Jones D Ty Dillon,,Connor Zilisch,D,2.81%,11.25
25,5272337741,TigerLoods,0,370.55002,D Kyle Larson D Denny Hamlin D Chase Briscoe D Alex Bowman D Erik Jones D Ty Dillon,,Cole Custer,D,2.58%,11
25,5272616776,scrub69,0,370.55002,D Kyle Larson D Denny Hamlin D Chase Briscoe D Alex Bowman D Erik Jones D Ty Dillon,,AJ Allmendinger,D,2.58%,22
25,5272707104,jdjones27530,0,370.55002,D Kyle Larson D Denny Hamlin D Chase Briscoe D Alex Bowman D Erik Jones D Ty Dillon,,Cody Ware,D,1.80%,8
36,5269186271,WALTERABRAMS,0,369.94998,D Kyle Larson D Chase Briscoe D Chase Elliott D Brad Keselowski D Alex Bowman D Todd Gilliland,,Noah Gragson,D,1.68%,-10
36,5271394450,20stang00,0,369.94998,D Kyle Larson D Chase Briscoe D Chase Elliott D Brad Keselowski D Alex Bowman D Todd Gilliland,,,
38,5267130217,funkychunk,0,368.35,D Kyle Larson D Chase Briscoe D William Byron D Alex Bowman D Daniel Suárez D Erik Jones,,,
38,5269388670,upsmarc94,0,368.35,D Kyle Larson D Chase Briscoe D William Byron D Alex Bowman D Daniel Suárez D Erik Jones,,,
38,5269986921,oilver22,0,368.35,D Kyle Larson D Chase Briscoe D William Byron D Alex Bowman D Daniel Suárez D Erik Jones,,,
38,5270437350,wildog,0,368.35,D Kyle Larson D Chase Briscoe D William Byron D Alex Bowman D Daniel Suárez D Erik Jones,,,
38,5270817223,b_burke_19,0,368.35,D Kyle Larson D Chase Briscoe D William Byron D Alex Bowman D Daniel Suárez D Erik Jones,,,
38,5271937428,billsboys,0,368.35,D Kyle Larson D Chase Briscoe D William Byron D Alex Bowman D Daniel Suárez D Erik Jones,,,
38,5271960343,pipolechap,0,368.35,D Kyle Larson D Chase Briscoe D William Byron D Alex Bowman D Daniel Suárez D Erik Jones,,,
38,5272114666,sfcdrew,0,368.35,D Kyle Larson D Chase Briscoe D William Byron D Alex Bowman D Daniel Suárez D Erik Jones,,,
38,5272154236,teamriseup,0,368.35,D Kyle Larson D Chase Briscoe D William Byron D Alex Bowman D Daniel Suárez D Erik Jones,,,
38,5272491741,watchman96,0,368.35,D Kyle Larson D Chase Briscoe D William Byron D Alex Bowman D Daniel Suárez D Erik Jones,,,
38,5272994279,TeStoSteRonE,0,368.35,D Kyle Larson D Chase Briscoe D William Byron D Alex Bowman D Daniel Suárez D Erik Jones,,,
49,5270907918,LukeA2020,0,367.7,D Kyle Larson D Ryan Blaney D Chase Briscoe D Alex Bowman D Daniel Suárez D Ricky Stenhouse Jr,,,
50,5270556661,afgonza,0,367.50003,D Kyle Larson D Ryan Blaney D Chase Briscoe D Chase Elliott D Zane Smith D Ty Dillon,,,
50,5272793620,RyFo18,0,367.50003,D Kyle Larson D Ryan Blaney D Chase Briscoe D Chase Elliott D Zane Smith D Ty Dillon,,,
52,5271236861,FantasyGod101,0,366.7,D Kyle Larson D Denny Hamlin D Ryan Blaney D Alex Bowman D Erik Jones D Ty Dillon,,,
52,5271725775,netwreck94,0,366.7,D Kyle Larson D Denny Hamlin D Ryan Blaney D Alex Bowman D Erik Jones D Ty Dillon,,,
52,5271780561,sseville,0,366.7,D Kyle Larson D Denny Hamlin D Ryan Blaney D Alex Bowman D Erik Jones D Ty Dillon,,,
52,5271814514,hardybook,0,366.7,D Kyle Larson D Denny Hamlin D Ryan Blaney D Alex Bowman D Erik Jones D Ty Dillon,,,
52,5271947743,s7rokerace,0,366.7,D Kyle Larson D Denny Hamlin D Ryan Blaney D Alex Bowman D Erik Jones D Ty Dillon,,,
52,5272094421,meganannemak,0,366.7,D Kyle Larson D Denny Hamlin D Ryan Blaney D Alex Bowman D Erik Jones D Ty Dillon,,,
52,5273019269,rdwright00,0,366.7,D Kyle Larson D Denny Hamlin D Ryan Blaney D Alex Bowman D Erik Jones D Ty Dillon,,,
59,5273220411,meesedrum7,0,366.40002,D Kyle Larson D Ryan Blaney D Chase Elliott D William Byron D John H. Nemechek D Austin Hill,,,
60,5270906808,BCoopSTL,0,366.05,D Kyle Larson D Chase Briscoe D Chase Elliott D Brad Keselowski D Alex Bowman D Ty Dillon,,,
61,5271470554,brodyvegas,0,365.35,D Kyle Larson D Chase Briscoe D William Byron D Alex Bowman D Erik Jones D Riley Herbst,,,
61,5272254091,thebury,0,365.35,D Kyle Larson D Chase Briscoe D William Byron D Alex Bowman D Erik Jones D Riley Herbst,,,
63,5271331632,mikebelcher85,0,364.7,D Kyle Larson D Ryan Blaney D Chase Briscoe D Alex Bowman D Riley Herbst D Ricky Stenhouse Jr,,,
64,5271426137,caine36,0,363.15002,D Kyle Larson D Ryan Blaney D Chase Briscoe D Joey Logano D John H. Nemechek D Todd Gilliland,,,
65,5272252626,ajay40312,0,363.05002,D Kyle Larson D Christopher Bell D Ryan Blaney D Alex Bowman D Erik Jones D Ty Dillon,,,
66,5272996932,shark0522,0,362.80002,D Kyle Larson D Denny Hamlin D Chase Briscoe D Chase Elliott D Todd Gilliland D Ty Dillon,,,
67,5272904986,rnrppr1997,0,361.65002,D Kyle Larson D Ryan Blaney D Brad Keselowski D Ross Chastain D Alex Bowman D John H. Nemechek,,,
68,5268091182,capitanfuton,0,361.5,D Kyle Larson D Ryan Blaney D William Byron D Alex Bowman D Erik Jones D Riley Herbst,,,
69,5271113366,bigdaddy27j,0,360.75,D Kyle Larson D Chase Briscoe D Chase Elliott D Ross Chastain D Alex Bowman D Todd Gilliland,,,
70,5269652066,sulli05011993,0,360.44998,D Kyle Larson D Bubba Wallace D Brad Keselowski D Austin Cindric D Alex Bowman D Ryan Preece,,,
71,5271900193,armydave72,0,359.59998,D Kyle Larson D Chase Briscoe D Chase Elliott D Alex Bowman D Erik Jones D Michael McDowell,,,
72,5271981067,bryangeorge,0,359.35,D Kyle Larson D Tyler Reddick D Chase Briscoe D Alex Bowman D Erik Jones D Ty Dillon,,,
73,5271502860,QBKillaz,0,356.1,D Kyle Larson D Ryan Blaney D Chase Elliott D Alex Bowman D Erik Jones D Connor Zilisch,,,
73,5273106002,DeuceHZ,0,356.1,D Kyle Larson D Ryan Blaney D Chase Elliott D Alex Bowman D Erik Jones D Connor Zilisch,,,
75,5270669542,Maxdeath,0,355.95,D Kyle Larson D Christopher Bell D Ryan Blaney D Alex Bowman D Ryan Preece D Ty Dillon,,,
76,5272302364,victor1998shadow,0,355.85,D Kyle Larson D Ryan Blaney D Chase Elliott D Alex Bowman D Erik Jones D Cole Custer,,,
77,5270602265,dcrull,0,355.80002,D Kyle Larson D Christopher Bell D Chase Briscoe D Alex Bowman D Riley Herbst D Todd Gilliland,,,
78,5270617100,jgiffey,0,355.69998,D Kyle Larson D Chase Briscoe D Chase Elliott D Ryan Preece D Daniel Suárez D Riley Herbst,,,
79,5268672564,BourbonRat,0,355.55002,D Kyle Larson D Denny Hamlin D Chase Briscoe D Alex Bowman D Riley Herbst D Ty Dillon,,,
79,5271076657,got.milk789,0,355.55002,D Kyle Larson D Denny Hamlin D Chase Briscoe D Alex Bowman D Riley Herbst D Ty Dillon,,,
79,5271147304,theREALtravieP,0,355.55002,D Kyle Larson D Denny Hamlin D Chase Briscoe D Alex Bowman D Riley Herbst D Ty Dillon,,,
79,5271380751,butchismyhomie,0,355.55002,D Kyle Larson D Denny Hamlin D Chase Briscoe D Alex Bowman D Riley Herbst D Ty Dillon,,,
79,5271514406,ddspenst,0,355.55002,D Kyle Larson D Denny Hamlin D Chase Briscoe D Alex Bowman D Riley Herbst D Ty Dillon,,,
79,5271617716,Reboundboy,0,355.55002,D Kyle Larson D Denny Hamlin D Chase Briscoe D Alex Bowman D Riley Herbst D Ty Dillon,,,
79,5271920929,CrunkJuiceEnthusiast,0,355.55002,D Kyle Larson D Denny Hamlin D Chase Briscoe D Alex Bowman D Riley Herbst D Ty Dillon,,,
79,5272139422,bamajets,0,355.55002,D Kyle Larson D Denny Hamlin D Chase Briscoe D Alex Bowman D Riley Herbst D Ty Dillon,,,
79,5272388727,automahn,0,355.55002,D Kyle Larson D Denny Hamlin D Chase Briscoe D Alex Bowman D Riley Herbst D Ty Dillon,,,
79,5272981152,Ddeane17,0,355.55002,D Kyle Larson D Denny Hamlin D Chase Briscoe D Alex Bowman D Riley Herbst D Ty Dillon,,,
89,5271742932,Scam77,0,355.05002,D Kyle Larson D Ryan Blaney D Bubba Wallace D Brad Keselowski D Alex Bowman D Ty Dillon,,,
90,5272763821,Crazyhobart,0,354.35,D Kyle Larson D Tyler Reddick D Chase Briscoe D Brad Keselowski D Erik Jones D Ty Dillon,,,
91,5272723892,1videot1,0,354.15,D Kyle Larson D Chase Briscoe D Chase Elliott D William Byron D Alex Bowman D Cody Ware,,,
92,5267861179,19murphy82,0,353.45004,D Kyle Larson D Denny Hamlin D Chase Briscoe D William Byron D Todd Gilliland D Ty Dillon,,,
92,5268153963,kage12,0,353.45004,D Kyle Larson D Denny Hamlin D Chase Briscoe D William Byron D Todd Gilliland D Ty Dillon,,,
94,5270286827,dgrd1001,0,352.85,D Kyle Larson D Ryan Blaney D Chase Elliott D Alex Bowman D Erik Jones D Ricky Stenhouse Jr,,,
95,5272626409,outlawjessej,0,352.35,D Kyle Larson D Denny Hamlin D Brad Keselowski D Alex Bowman D Erik Jones D John H. Nemechek,,,
96,5272742802,B_Dawg,0,351.95,D Kyle Larson D Christopher Bell D Ryan Blaney D Alex Bowman D Riley Herbst D Todd Gilliland,,,
97,5270851602,24-Seven,0,351.90002,D Kyle Larson D Christopher Bell D Chase Briscoe D Alex Bowman D Riley Herbst D Ty Dillon,,,
98,5270294501,KLapJR,0,351.7,D Kyle Larson D Denny Hamlin D Ryan Blaney D Alex Bowman D Riley Herbst D Ty Dillon,,,
98,5271215821,bkess4807,0,351.7,D Kyle Larson D Denny Hamlin D Ryan Blaney D Alex Bowman D Riley Herbst D Ty Dillon,,,
100,5271855518,adavison,0,351.05002,D Kyle Larson D Christopher Bell D Ryan Blaney D Alex Bowman D Daniel Suárez D Ty Dillon,,,
101,5272272049,Grimdawg,0,350.05002,D Kyle Larson D Christopher Bell D Ryan Blaney D Alex Bowman D Zane Smith D John H. Nemechek,,,
102,5271520007,Mlstephenson88,0,349.40002,D Kyle Larson D Ryan Blaney D Chase Briscoe D Alex Bowman D Connor Zilisch D Zane Smith,,,
102,5272950668,Sesman67,0,349.40002,D Kyle Larson D Ryan Blaney D Chase Briscoe D Alex Bowman D Connor Zilisch D Zane Smith,,,
104,5268058098,joshuajudges,0,349.25,D Kyle Larson D Denny Hamlin D Chase Elliott D Alex Bowman D Riley Herbst D John H. Nemechek,,,
104,5271861755,Bongjovi,0,349.25,D Kyle Larson D Denny Hamlin D Chase Elliott D Alex Bowman D Riley Herbst D John H. Nemechek,,,
104,5272627205,raywacko,0,349.25,D Kyle Larson D Denny Hamlin D Chase Elliott D Alex Bowman D Riley Herbst D John H. Nemechek,,,
107,5270094059,kingpin9,0,349,D Kyle Larson D Chase Briscoe D Bubba Wallace D Alex Bowman D Erik Jones D Zane Smith,,,
108,5271188187,RobIrish51,0,348.6,D Kyle Larson D Denny Hamlin D Ryan Blaney D Ryan Preece D Riley Herbst D Todd Gilliland,,,
109,5272463020,nickbloggerman,0,348.40002,D Kyle Larson D Christopher Bell D Ryan Blaney D Alex Bowman D Todd Gilliland D Ty Dillon,,,
110,5272895963,eaglesnation83,0,348.05002,D Kyle Larson D Christopher Bell D Ryan Blaney D Alex Bowman D Riley Herbst D Ty Dillon,,,
111,5271748316,ironmelon,0,347.75003,D Kyle Larson D Tyler Reddick D Ryan Blaney D Chase Elliott D Todd Gilliland D Ty Dillon,,,
112,5270215542,s9439,0,346.65,D Kyle Larson D Denny Hamlin D William Byron D Austin Cindric D Erik Jones D Michael McDowell,,,
113,5271634045,jbonzoso,0,346.35,D Kyle Larson D Tyler Reddick D Chase Briscoe D Alex Bowman D Zane Smith D John H. Nemechek,,,
114,5271771246,Sadseed123,0,345.35,D Kyle Larson D Denny Hamlin D Christopher Bell D Alex Bowman D John H. Nemechek D Todd Gilliland,,,
115,5272987989,jerkb8,0,345.15002,D Kyle Larson D Ryan Blaney D Bubba Wallace D Alex Bowman D Erik Jones D Zane Smith,,,
116,5268082014,gwashko1,0,344.9,D Kyle Larson D Tyler Reddick D Chase Briscoe D Alex Bowman D Erik Jones D Ricky Stenhouse Jr,,,
116,5272990279,beckyj3179,0,344.9,D Kyle Larson D Tyler Reddick D Chase Briscoe D Alex Bowman D Erik Jones D Ricky Stenhouse Jr,,,
118,5268953333,beyer,0,344.1,D Kyle Larson D Denny Hamlin D Chase Briscoe D Alex Bowman D Riley Herbst D Cole Custer,,,
118,5272140904,jrsandel,0,344.1,D Kyle Larson D Denny Hamlin D Chase Briscoe D Alex Bowman D Riley Herbst D Cole Custer,,,
120,5271058718,damoney8888,0,343.75,D Kyle Larson D Ryan Blaney D Chase Elliott D Alex Bowman D Daniel Suárez D Michael McDowell,,,
121,5272242677,arails4,0,343.7,D Kyle Larson D Tyler Reddick D William Byron D Alex Bowman D Erik Jones D John H. Nemechek,,,
122,5270484298,kurtwanabe,0,342.45,D Kyle Larson D Denny Hamlin D Alex Bowman D Erik Jones D Riley Herbst D John H. Nemechek,,,
123,5272165045,Allychevy48,0,342.00003,D Kyle Larson D Denny Hamlin D Chase Briscoe D William Byron D Todd Gilliland D Cole Custer,,,
124,5272465950,ckat1985,0,341.2,D Kyle Larson D Denny Hamlin D Chase Briscoe D Erik Jones D Riley Herbst D Ricky Stenhouse Jr,,,
125,5271711605,Pete_M,0,341.15,D Kyle Larson D Chase Briscoe D Chase Elliott D Alex Bowman D Riley Herbst D Zane Smith,,,
125,5273226733,HFD_IRISH,0,341.15,D Kyle Larson D Chase Briscoe D Chase Elliott D Alex Bowman D Riley Herbst D Zane Smith,,,
127,5270276461,ironhead4ever,0,340.90002,D Kyle Larson D Denny Hamlin D Chase Briscoe D Alex Bowman D Zane Smith D Todd Gilliland,,,
128,5272732935,billredskin,0,340.7,D Kyle Larson D Bubba Wallace D Chase Elliott D Alex Bowman D Erik Jones D Riley Herbst,,,
129,5272381713,Alexh2112,0,340.5,D Kyle Larson D Denny Hamlin D Chase Elliott D Alex Bowman D Ryan Preece D Todd Gilliland,,,
130,5272947146,BKrumbles,0,340.45,D Kyle Larson D Denny Hamlin D Bubba Wallace D Alex Bowman D Erik Jones D Todd Gilliland,,,
131,5271895859,JDono87,0,340.25,D Kyle Larson D Denny Hamlin D Ryan Blaney D Alex Bowman D Riley Herbst D Cole Custer,,,
132,5271530346,SkyU27,0,340,D Kyle Larson D Denny Hamlin D Chase Briscoe D Alex Bowman D Michael McDowell D Austin Hill,,,
133,5270368439,alex9374,0,339.9,D Ryan Blaney D Chase Briscoe D Chase Elliott D Austin Cindric D Alex Bowman D Erik Jones,,,
133,5272013457,brandong33,0,339.9,D Ryan Blaney D Chase Briscoe D Chase Elliott D Austin Cindric D Alex Bowman D Erik Jones,,,
135,5271549686,cso82,0,337.80002,D Kyle Larson D Denny Hamlin D Tyler Reddick D Alex Bowman D John H. Nemechek D Todd Gilliland,,,
136,5272496912,jmduncan,0,337.45,D Kyle Larson D Christopher Bell D Chase Briscoe D Alex Bowman D Riley Herbst D Ricky Stenhouse Jr,,,
137,5273076806,wagner13454,0,337.35,D Kyle Larson D Denny Hamlin D Ryan Blaney D Erik Jones D Riley Herbst D Ricky Stenhouse Jr,,,
138,5270538944,carriea1973,0,337.1,D Kyle Larson D Denny Hamlin D Chase Briscoe D Alex Bowman D Austin Hill D Ricky Stenhouse Jr,,,
139,5271780519,MitchMc,0,337,D Kyle Larson D Denny Hamlin D Brad Keselowski D Austin Cindric D Ryan Preece D Michael McDowell,,,
140,5272366075,JaboDavis,0,336.7,D Kyle Larson D Denny Hamlin D Ryan Blaney D Alex Bowman D Shane Van Gisbergen D Ty Dillon,,,
141,5267740413,bandyman68,0,336.55002,D Kyle Larson D Denny Hamlin D Chase Briscoe D Alex Bowman D Zane Smith D Austin Hill,,,
142,5271863771,nooch135,0,336.40002,D Kyle Larson D Tyler Reddick D Chase Elliott D Alex Bowman D Erik Jones D Todd Gilliland,,,
142,5272158574,EMWhite,0,336.40002,D Kyle Larson D Ryan Blaney D Chase Briscoe D Alex Bowman D Josh Berry D Ty Dillon,,,
144,5267847771,anthonyncsu29,0,335.35,D Kyle Larson D Denny Hamlin D Brad Keselowski D Alex Bowman D Erik Jones D Riley Herbst,,,
144,5271426687,lexilee,0,335.35,D Kyle Larson D Denny Hamlin D Brad Keselowski D Alex Bowman D Erik Jones D Riley Herbst,,,
144,5273227310,beta612,0,335.35,D Kyle Larson D Denny Hamlin D Brad Keselowski D Alex Bowman D Erik Jones D Riley Herbst,,,
147,5272891479,zacsmith1,0,334.5,D Kyle Larson D Ryan Blaney D William Byron D Alex Bowman D Daniel Suárez D Shane Van Gisbergen,,,
148,5271989762,drewmon11,0,334.35,D Kyle Larson D Bubba Wallace D William Byron D Alex Bowman D Daniel Suárez D Erik Jones,,,
149,5272748615,labontefan32,0,334.1,D Kyle Larson D Denny Hamlin D Chase Briscoe D Ryan Preece D Riley Herbst D Ricky Stenhouse Jr,,,
150,5272539118,pocketchange504,0,333.25,D Kyle Larson D Denny Hamlin D Ryan Blaney D Alex Bowman D AJ Allmendinger D Ricky Stenhouse Jr,,,
151,5270536212,Grockinator,0,331.55002,D Kyle Larson D Denny Hamlin D Bubba Wallace D Brad Keselowski D Erik Jones D Ty Dillon,,,
152,5269773071,DonG30,0,330.9,D Kyle Larson D Chase Briscoe D Joey Logano D Alex Bowman D Erik Jones D Riley Herbst,,,
152,5272002525,gorrelll15,0,330.9,D Kyle Larson D Tyler Reddick D Bubba Wallace D Alex Bowman D Riley Herbst D John H. Nemechek,,,
154,5272964995,timothyandstacy,0,329.85,D Kyle Larson D Christopher Bell D Ryan Blaney D Alex Bowman D Connor Zilisch D Austin Dillon,,,
155,5270583293,Rodnilla,0,329.5,D Kyle Larson D Bubba Wallace D Brad Keselowski D Ross Chastain D Alex Bowman D Erik Jones,,,
156,5272624814,wmfloyd43,0,329.45,D Kyle Larson D Christopher Bell D Bubba Wallace D Alex Bowman D Erik Jones D Austin Dillon,,,
157,5270664676,Batman985,0,329.35,D Kyle Larson D Christopher Bell D Chase Briscoe D Chase Elliott D Ricky Stenhouse Jr D Cole Custer,,,
158,5267908991,plewis247,0,329.25,D Kyle Larson D Denny Hamlin D Chase Elliott D Alex Bowman D Erik Jones D Ricky Stenhouse Jr,,,
158,5272154476,JSB31,0,329.25,D Kyle Larson D Denny Hamlin D Chase Elliott D Alex Bowman D Erik Jones D Ricky Stenhouse Jr,,,
158,5272803440,Frankster8822,0,329.25,D Kyle Larson D Denny Hamlin D Chase Elliott D Alex Bowman D Erik Jones D Ricky Stenhouse Jr,,,
161,5269983668,Codymuck,0,328.85,D Kyle Larson D Ryan Blaney D Chase Elliott D Brad Keselowski D AJ Allmendinger D Cody Ware,,,
162,5267395539,mikebkmm5,0,327.05002,D Kyle Larson D Ryan Blaney D Joey Logano D Brad Keselowski D Daniel Suárez D John H. Nemechek,,,
163,5272984084,Bubba.R.Wooten,0,326.65,D Kyle Larson D Chase Briscoe D Bubba Wallace D Austin Cindric D Josh Berry D Austin Dillon,,,
164,5272512215,Wolverine8385,0,325.85,D Kyle Larson D Ryan Blaney D Chase Elliott D Erik Jones D Shane Van Gisbergen D Michael McDowell,,,
165,5269244435,scooter8174,0,324.80002,D Kyle Larson D Christopher Bell D Bubba Wallace D Alex Bowman D Daniel Suárez D Todd Gilliland,,,
166,5272121070,flow124,0,324.55002,D Kyle Larson D Denny Hamlin D Christopher Bell D Erik Jones D Riley Herbst D Ty Dillon,,,
167,5272567931,umf00,0,324.35,D Kyle Larson D Denny Hamlin D Christopher Bell D Alex Bowman D Austin Hill D Todd Gilliland,,,
168,5272561703,ilonabeate,0,323.8,D Kyle Larson D Denny Hamlin D William Byron D Alex Bowman D Ryan Preece D Austin Dillon,,,
169,5269652894,Nitro12,0,323.1,D Kyle Larson D Denny Hamlin D Chase Briscoe D Alex Bowman D Riley Herbst D Noah Gragson,,,
170,5270380482,Pappap7,0,322.30002,D Kyle Larson D Ryan Blaney D Joey Logano D Brad Keselowski D Alex Bowman D Todd Gilliland,,,
171,5272878604,dropzone420,0,322.15,D Kyle Larson D Denny Hamlin D Ryan Blaney D Alex Bowman D Michael McDowell D Ricky Stenhouse Jr,,,
172,5270905159,dstone2288,0,321.7,D Kyle Larson D Denny Hamlin D Ryan Blaney D Erik Jones D Zane Smith D Michael McDowell,,,
173,5269106770,briannedanielle,0,321.35,D Kyle Larson D Denny Hamlin D Christopher Bell D Alex Bowman D Austin Dillon D Todd Gilliland,,,
173,5269755817,dukester1970,0,321.35,D Kyle Larson D Denny Hamlin D Christopher Bell D Alex Bowman D Austin Dillon D Todd Gilliland,,,
173,5271728777,WaitTilNextYear,0,321.35,D Kyle Larson D Denny Hamlin D Christopher Bell D Alex Bowman D Austin Dillon D Todd Gilliland,,,
176,5270844448,billbeasley37,0,321.05002,D Kyle Larson D Ryan Blaney D Chase Briscoe D Josh Berry D Daniel Suárez D Austin Dillon,,,
177,5272185104,bpadge,0,320.9,D Kyle Larson D Denny Hamlin D Tyler Reddick D Erik Jones D Riley Herbst D Todd Gilliland,,,
178,5270538296,Area-51,0,320.55,D Kyle Larson D Denny Hamlin D Joey Logano D Austin Cindric D Ryan Preece D Todd Gilliland,,,
179,5272711344,widge27,0,320.45,D Kyle Larson D Denny Hamlin D Joey Logano D Alex Bowman D Erik Jones D John H. Nemechek,,,
180,5272077880,davidarussellii,0,319.50003,D Kyle Larson D Ryan Blaney D Bubba Wallace D Ross Chastain D Daniel Suárez D Ricky Stenhouse Jr,,,
181,5269110507,White3agle,0,318.7,D Kyle Larson D Denny Hamlin D Ryan Blaney D Alex Bowman D Zane Smith D Ricky Stenhouse Jr,,,
181,5271955270,TexasPocketRocket,0,318.7,D Kyle Larson D Denny Hamlin D Ryan Blaney D Alex Bowman D Zane Smith D Ricky Stenhouse Jr,,,
181,5272057383,kozy6813,0,318.7,D Kyle Larson D Denny Hamlin D Ryan Blaney D Alex Bowman D Zane Smith D Ricky Stenhouse Jr,,,
181,5272850728,deltfish,0,318.7,D Kyle Larson D Denny Hamlin D Ryan Blaney D Alex Bowman D Zane Smith D Ricky Stenhouse Jr,,,
185,5269445878,meanergene,0,318.6,D Kyle Larson D Bubba Wallace D Chase Elliott D Alex Bowman D Ryan Preece D Shane Van Gisbergen,,,
186,5270864664,6DaWg2010,0,318.45,D Kyle Larson D Denny Hamlin D Alex Bowman D Erik Jones D Riley Herbst D Austin Dillon,,,
187,5273124332,Munkracing,0,317.80002,D Kyle Larson D Christopher Bell D Austin Cindric D Alex Bowman D Josh Berry D Erik Jones,,,
188,5272956672,nos325,0,317.55,D Denny Hamlin D Ryan Blaney D Chase Briscoe D Alex Bowman D Erik Jones D John H. Nemechek,,,
189,5272003182,zak11b,0,317.45,D Kyle Larson D Denny Hamlin D Christopher Bell D Ryan Preece D Riley Herbst D Ty Dillon,,,
190,5272152972,mark2cjr,0,317.25003,D Kyle Larson D Denny Hamlin D Tyler Reddick D Alex Bowman D Todd Gilliland D Ty Dillon,,,
190,5272516292,wesol33,0,317.25003,D Kyle Larson D Denny Hamlin D Tyler Reddick D Alex Bowman D Todd Gilliland D Ty Dillon,,,
190,5272572069,skholbrook77,0,317.25003,D Kyle Larson D Denny Hamlin D Tyler Reddick D Alex Bowman D Todd Gilliland D Ty Dillon,,,
193,5270472889,Dan392,0,316.90002,D Kyle Larson D Denny Hamlin D Tyler Reddick D Alex Bowman D Riley Herbst D Ty Dillon,,,
193,5271224497,kgdobby,0,316.90002,D Kyle Larson D Denny Hamlin D Tyler Reddick D Alex Bowman D Riley Herbst D Ty Dillon,,,
193,5272020867,buschwacker,0,316.90002,D Kyle Larson D Denny Hamlin D Tyler Reddick D Alex Bowman D Riley Herbst D Ty Dillon,,,
193,5272041283,Andy8403,0,316.90002,D Kyle Larson D Denny Hamlin D Tyler Reddick D Alex Bowman D Riley Herbst D Ty Dillon,,,
193,5272979590,PaulGoodwin_61,0,316.90002,D Kyle Larson D Denny Hamlin D Tyler Reddick D Alex Bowman D Riley Herbst D Ty Dillon,,,
198,5269252546,whiskeypatriot,0,315.35,D Kyle Larson D Christopher Bell D Ryan Blaney D Bubba Wallace D Ricky Stenhouse Jr D Cody Ware,,,
199,5273192857,franksoysters,0,314.95,D Kyle Larson D Ryan Blaney D William Byron D Chris Buescher D Ryan Preece D Austin Dillon,,,
200,5272434628,1945adam,0,314.35,D Kyle Larson D Denny Hamlin D Chase Elliott D Erik Jones D Riley Herbst D Ricky Stenhouse Jr,,,
201,5271737585,charlesrdewitt,0,314.25,D Kyle Larson D Denny Hamlin D Chase Elliott D Alex Bowman D Riley Herbst D Ricky Stenhouse Jr,,,
201,5272624923,AntonioBrownders,0,314.25,D Kyle Larson D Denny Hamlin D Chase Elliott D Alex Bowman D Riley Herbst D Ricky Stenhouse Jr,,,
203,5272083168,jjones6842,0,313.95,D Kyle Larson D Ryan Blaney D Joey Logano D William Byron D Ryan Preece D Ty Dillon,,,
204,5271224359,joe12785,0,313.80002,D Kyle Larson D Denny Hamlin D Chase Elliott D Erik Jones D Riley Herbst D Zane Smith,,,
204,5273165351,Bumz10,0,313.80002,D Kyle Larson D Denny Hamlin D Tyler Reddick D Alex Bowman D Austin Dillon D Todd Gilliland,,,
206,5271194921,StonzMVP,0,313.25,D Kyle Larson D Denny Hamlin D Christopher Bell D Alex Bowman D Michael McDowell D Todd Gilliland,,,
207,5269539332,rollin33zzz,0,313.15002,D Kyle Larson D Christopher Bell D Chase Elliott D Daniel Suárez D Erik Jones D Zane Smith,,,
208,5267826326,Hank-it,0,312.6,D Kyle Larson D Ty Gibbs D William Byron D Alex Bowman D Ryan Preece D Erik Jones,,,
209,5272783009,adfarmer1969,0,311.95,D Kyle Larson D Tyler Reddick D William Byron D Alex Bowman D Erik Jones D Connor Zilisch,,,
210,5272119093,kurt1818,0,311.90002,D Kyle Larson D Christopher Bell D Ty Gibbs D Erik Jones D Riley Herbst D John H. Nemechek,,,
210,5271920182,Rustycle,0,311.9,D Kyle Larson D Chase Briscoe D Joey Logano D Ryan Preece D Daniel Suárez D Riley Herbst,,,
212,5271011447,ripsrabbits,0,311.80002,D Kyle Larson D Tyler Reddick D Chase Briscoe D Chris Buescher D AJ Allmendinger D Todd Gilliland,,,
213,5271390497,jltracing01,0,311.25,D Kyle Larson D Denny Hamlin D Chase Elliott D Chris Buescher D Erik Jones D Ty Dillon,,,
214,5269199525,Vulture8181,0,310.05002,D Kyle Larson D Bubba Wallace D Chase Elliott D Brad Keselowski D Ryan Preece D Zane Smith,,,
214,5272246224,snowdev30,0,310.05002,D Kyle Larson D Christopher Bell D Chase Elliott D Austin Cindric D Josh Berry D Todd Gilliland,,,
216,5272193234,jeffphil5403,0,309.90002,D Kyle Larson D Denny Hamlin D Christopher Bell D Erik Jones D Zane Smith D Todd Gilliland,,,
217,5272314426,RASHADWATKINS,0,309.70004,D Kyle Larson D Ryan Blaney D Bubba Wallace D William Byron D Zane Smith D Ricky Stenhouse Jr,,,
218,5272172089,toofat2419,0,309.6,D Kyle Larson D Ty Gibbs D Chase Elliott D William Byron D AJ Allmendinger D John H. Nemechek,,,
219,5272415692,postalchris,0,309.45,D Kyle Larson D Christopher Bell D Bubba Wallace D Daniel Suárez D Erik Jones D Michael McDowell,,,
219,5272859206,gobobby,0,309.45,D Kyle Larson D Joey Logano D William Byron D Brad Keselowski D Austin Cindric D AJ Allmendinger,,,
221,5271413900,Seatrider,0,309.3,D Denny Hamlin D Ryan Blaney D Chase Briscoe D Austin Cindric D Erik Jones D Michael McDowell,,,
222,5270887691,Hootfish,0,308.55,D Ryan Blaney D Chase Briscoe D Bubba Wallace D William Byron D Erik Jones D John H. Nemechek,,,
223,5272429261,13mymandan,0,308.45,D Kyle Larson D Ryan Blaney D Chase Elliott D Brad Keselowski D Josh Berry D Todd Gilliland,,,
224,5269061317,csurunnerccr,0,308.15,D Kyle Larson D Denny Hamlin D William Byron D Alex Bowman D Riley Herbst D Connor Zilisch,,,
224,5273170929,frogwarrior9,0,308.15,D Kyle Larson D Denny Hamlin D William Byron D Alex Bowman D Riley Herbst D Connor Zilisch,,,
226,5270613194,zatorskb,0,307.6,D Kyle Larson D Chase Briscoe D William Byron D Alex Bowman D Josh Berry D Riley Herbst,,,
227,5272466322,shannonthomas,0,306.6,D Kyle Larson D Ryan Blaney D Joey Logano D William Byron D Erik Jones D Ricky Stenhouse Jr,,,
228,5272122765,butero,0,306.35,D Kyle Larson D Denny Hamlin D Christopher Bell D Ryan Preece D Todd Gilliland D Cole Custer,,,
229,5270696496,99cousincarl99,0,306.1,D Kyle Larson D Denny Hamlin D Christopher Bell D Erik Jones D AJ Allmendinger D Ricky Stenhouse Jr,,,
230,5272786421,drewssquad31,0,305.90002,D Kyle Larson D Denny Hamlin D Christopher Bell D Alex Bowman D Zane Smith D Ty Dillon,,,
230,5272850684,waltsundberg,0,305.90002,D Kyle Larson D Denny Hamlin D Christopher Bell D Alex Bowman D Zane Smith D Ty Dillon,,,
232,5269424068,t-rexes007,0,304.80002,D Ryan Blaney D Chase Briscoe D Chase Elliott D Brad Keselowski D Austin Cindric D Michael McDowell,,,
233,5273187621,TheRedlineRacer,0,302.50003,D Kyle Larson D Tyler Reddick D Chase Elliott D Alex Bowman D Riley Herbst D Zane Smith,,,
234,5272307463,darrelllongwell,0,302.25003,D Kyle Larson D Denny Hamlin D Tyler Reddick D Alex Bowman D Zane Smith D Todd Gilliland,,,
234,5273194219,TeddyBearSuicide,0,302.25003,D Kyle Larson D Denny Hamlin D Tyler Reddick D Alex Bowman D Zane Smith D Todd Gilliland,,,
236,5270979946,mrmrscox,0,301.95,D Kyle Larson D Chase Elliott D William Byron D Chris Buescher D Alex Bowman D Austin Hill,,,
237,5272443067,69Ripper,0,300.70004,D Kyle Larson D Denny Hamlin D Ryan Blaney D Chris Buescher D Zane Smith D Ty Dillon,,,
238,5270822306,schlep31,0,300.65002,D Kyle Larson D Denny Hamlin D Chase Briscoe D Joey Logano D Ricky Stenhouse Jr D Ty Dillon,,,
239,5271960757,jah_586,0,300.6,D Kyle Larson D Ryan Blaney D Chase Briscoe D Carson Hocevar D Austin Hill D Ricky Stenhouse Jr,,,
240,5271048848,aquafinatim,0,300.25,D Christopher Bell D Ryan Blaney D Chase Briscoe D Chase Elliott D Erik Jones D Ty Dillon,,,
241,5272027050,lasergrad2001,0,299.90002,D Kyle Larson D Denny Hamlin D Joey Logano D Alex Bowman D Erik Jones D Ty Dillon,,,
242,5271049828,milligolf,0,299.45,D Kyle Larson D Denny Hamlin D Joey Logano D Alex Bowman D Erik Jones D Austin Hill,,,
242,5271792017,thegodzilla405,0,299.45,D Kyle Larson D Denny Hamlin D Joey Logano D Alex Bowman D Erik Jones D Austin Hill,,,
244,5270759296,joe_mac10,0,298.80002,D Kyle Larson D Denny Hamlin D Ty Gibbs D Alex Bowman D Riley Herbst D Todd Gilliland,,,
244,5270940411,jpm_joshua2002,0,298.80002,D Kyle Larson D Denny Hamlin D Ty Gibbs D Alex Bowman D Riley Herbst D Todd Gilliland,,,
246,5271380733,horsebot9000,0,297.80002,D Kyle Larson D Denny Hamlin D Tyler Reddick D Brad Keselowski D Ricky Stenhouse Jr D Todd Gilliland,,,
246,5272228983,bjnfan,0,297.80002,D Kyle Larson D Denny Hamlin D Tyler Reddick D Brad Keselowski D Ricky Stenhouse Jr D Todd Gilliland,,,
248,5272587512,Mustanger123,0,297.3,D Denny Hamlin D Chase Briscoe D Brad Keselowski D Austin Cindric D Alex Bowman D Ryan Preece,,,
249,5271223518,Rotaluger63,0,296.90002,D Ryan Blaney D Chase Briscoe D Bubba Wallace D Chase Elliott D Erik Jones D Austin Hill,,,
250,5269565653,ddd921,0,296.55,D Denny Hamlin D Ryan Blaney D Chase Briscoe D Alex Bowman D Erik Jones D AJ Allmendinger,,,
250,5271582213,LODEN,0,296.55,D Denny Hamlin D Ryan Blaney D Chase Briscoe D Alex Bowman D Erik Jones D AJ Allmendinger,,,
250,5272802788,mhargis,0,296.55,D Denny Hamlin D Ryan Blaney D Chase Briscoe D Alex Bowman D Erik Jones D Austin Hill,,,
253,5272252515,element828,0,295.9,D Kyle Larson D Denny Hamlin D Chris Buescher D Brad Keselowski D Erik Jones D Austin Dillon,,,
254,5272131113,Towerbuilder,0,295.80002,D Kyle Larson D Christopher Bell D Joey Logano D Alex Bowman D Erik Jones D Austin Hill,,,
255,5271671350,mrlogicaltx,0,295.45,D Kyle Larson D Denny Hamlin D Tyler Reddick D Alex Bowman D Austin Dillon D Ricky Stenhouse Jr,,,
256,5271885033,ahrens23,0,294,D Ryan Blaney D Chase Briscoe D Bubba Wallace D Alex Bowman D Erik Jones D Riley Herbst,,,
257,5272078825,cltroyer,0,293.95,D Kyle Larson D Denny Hamlin D Chris Buescher D Ross Chastain D Alex Bowman D Todd Gilliland,,,
258,5272971708,Ryan0812,0,293.6,D Kyle Larson D Ty Gibbs D Chase Elliott D William Byron D Erik Jones D Ricky Stenhouse Jr,,,
259,5271765280,jlmorrissr,0,292.9,D Christopher Bell D Ryan Blaney D Chase Briscoe D Alex Bowman D Erik Jones D Austin Hill,,,
260,5269683960,24tazman,0,292.7,D Kyle Larson D Christopher Bell D Bubba Wallace D Chase Elliott D Todd Gilliland D Noah Gragson,,,
260,5272334781,badgerzfan,0,292.7,D Tyler Reddick D Ryan Blaney D Chase Briscoe D Chase Elliott D Erik Jones D Ty Dillon,,,
262,5272496264,silvernohubcaps,0,292.35,D Kyle Larson D Denny Hamlin D Christopher Bell D Alex Bowman D Todd Gilliland D Noah Gragson,,,
263,5272209218,DeDeTee,0,292.15,D Christopher Bell D Ryan Blaney D Chase Briscoe D Brad Keselowski D Alex Bowman D Todd Gilliland,,,
264,5272503783,gdog23,0,291.95,D Denny Hamlin D Chase Briscoe D William Byron D Austin Cindric D Alex Bowman D Riley Herbst,,,
265,5270712442,viking84,0,291.9,D Denny Hamlin D Ryan Blaney D Chase Briscoe D Brad Keselowski D Alex Bowman D Ty Dillon,,,
265,5271947787,whiteduece,0,291.9,D Denny Hamlin D Ryan Blaney D Chase Briscoe D Brad Keselowski D Alex Bowman D Ty Dillon,,,
267,5271015636,Wardo,0,291.6,D Ryan Blaney D Chase Briscoe D Chase Elliott D William Byron D Alex Bowman D Austin Dillon,,,
267,5271214098,mrtoadie,0,291.6,D Ryan Blaney D Chase Elliott D William Byron D Brad Keselowski D Austin Cindric D Ryan Preece,,,
269,5271136183,Draxler1982,0,291.45,D Denny Hamlin D Ryan Blaney D Chase Briscoe D Chase Elliott D John H. Nemechek D Ricky Stenhouse Jr,,,
269,5272704559,Dame92,0,291.45,D Denny Hamlin D Ryan Blaney D Chase Elliott D William Byron D Austin Cindric D Ty Dillon,,,
271,5269508941,keystoneLTkiller,0,291.25,D Kyle Larson D Tyler Reddick D Austin Cindric D Josh Berry D Ryan Preece D Daniel Suárez,,,
272,5269036614,1utvolsfan,0,291.05,D Kyle Larson D Chase Elliott D William Byron D Chris Buescher D Erik Jones D Shane Van Gisbergen,,,
273,5269909592,07km,0,291,D Tyler Reddick D Ryan Blaney D Chase Briscoe D Austin Cindric D Ryan Preece D Michael McDowell,,,
274,5271989286,clintenyeart,0,290.3,D Denny Hamlin D Christopher Bell D Chase Briscoe D Alex Bowman D Erik Jones D John H. Nemechek,,,
275,5272226308,cbaand63,0,290.15,D Kyle Larson D Bubba Wallace D Chase Elliott D Chris Buescher D Alex Bowman D Ricky Stenhouse Jr,,,
276,5270525880,chrisdoty65,0,290.1,D Kyle Larson D Denny Hamlin D Bubba Wallace D Brad Keselowski D Shane Van Gisbergen D Cole Custer,,,
277,5271030874,brianbrycereece,0,289.65002,D Denny Hamlin D Christopher Bell D Ryan Blaney D Austin Cindric D Alex Bowman D Ty Dillon,,,
278,5268955214,JERKER19,0,289.35,D Tyler Reddick D Ryan Blaney D Chase Briscoe D Alex Bowman D Erik Jones D Riley Herbst,,,
278,5269128825,tylertaylor29,0,289.35,D Tyler Reddick D Ryan Blaney D Chase Briscoe D Alex Bowman D Erik Jones D Riley Herbst,,,
278,5269742303,tdspike,0,289.35,D Tyler Reddick D Ryan Blaney D Chase Briscoe D Alex Bowman D Erik Jones D Riley Herbst,,,
278,5270450532,racernemo,0,289.35,D Tyler Reddick D Ryan Blaney D Chase Briscoe D Alex Bowman D Erik Jones D Riley Herbst,,,
278,5270554903,BobMarni915,0,289.35,D Tyler Reddick D Ryan Blaney D Chase Briscoe D Alex Bowman D Erik Jones D Riley Herbst,,,
278,5270563314,vin2448,0,289.35,D Tyler Reddick D Ryan Blaney D Chase Briscoe D Alex Bowman D Erik Jones D Riley Herbst,,,
278,5271856960,bck4gators,0,289.35,D Tyler Reddick D Ryan Blaney D Chase Briscoe D Alex Bowman D Erik Jones D Riley Herbst,,,
278,5271857456,RRR58,0,289.35,D Tyler Reddick D Ryan Blaney D Chase Briscoe D Alex Bowman D Erik Jones D Riley Herbst,,,
278,5271969383,kaysizzle,0,289.35,D Tyler Reddick D Ryan Blaney D Chase Briscoe D Alex Bowman D Erik Jones D Riley Herbst,,,
278,5272240589,BHAM2020,0,289.35,D Tyler Reddick D Ryan Blaney D Chase Briscoe D Alex Bowman D Erik Jones D Riley Herbst,,,
278,5272246346,alexteay,0,289.35,D Tyler Reddick D Ryan Blaney D Chase Briscoe D Alex Bowman D Erik Jones D Riley Herbst,,,
278,5272342198,Bgoebert,0,289.35,D Tyler Reddick D Ryan Blaney D Chase Briscoe D Alex Bowman D Erik Jones D Riley Herbst,,,
278,5272488739,nwspring52,0,289.35,D Kyle Larson D Denny Hamlin D Joey Logano D Alex Bowman D Ryan Preece D Austin Dillon,,,
278,5273175603,JanMahree,0,289.35,D Tyler Reddick D Ryan Blaney D Chase Briscoe D Alex Bowman D Erik Jones D Riley Herbst,,,
292,5267471716,cpolleys,0,288.75,D Kyle Larson D Ryan Blaney D Chris Buescher D Alex Bowman D Josh Berry D Erik Jones,,,
293,5270424127,GroveRio500,0,288.65,D Kyle Larson D Chase Elliott D William Byron D Alex Bowman D Josh Berry D Ryan Preece,,,
294,5272311844,web316,0,288.45,D Ryan Blaney D Chase Briscoe D Chris Buescher D Brad Keselowski D Austin Cindric D Ryan Preece,,,
295,5272229608,pitboss22,0,288.25,D Christopher Bell D Ryan Blaney D Chase Briscoe D Brad Keselowski D Alex Bowman D Ty Dillon,,,
296,5271562318,tbjones2121,0,287.7,D Kyle Larson D Christopher Bell D Tyler Reddick D Chase Elliott D Ricky Stenhouse Jr D Cody Ware,,,
297,5272707041,Plymouth43,0,287.5,D Kyle Larson D Ryan Blaney D Joey Logano D William Byron D Michael McDowell D Austin Dillon,,,
298,5272855044,coolazafan,0,285.44998,D Denny Hamlin D Ryan Blaney D Chase Briscoe D Alex Bowman D Erik Jones D Michael McDowell,,,
299,5271631776,OnPoint41,0,285,D Christopher Bell D Ryan Blaney D Chase Briscoe D Daniel Suárez D Erik Jones D Riley Herbst,,,
300,5270965953,Raiderchad,0,284.6,D Kyle Larson D Denny Hamlin D William Byron D Brad Keselowski D Connor Zilisch D Zane Smith,,,
301,5272596242,craigschuett,0,284.25,D Denny Hamlin D Ryan Blaney D Ross Chastain D Austin Cindric D Alex Bowman D Ryan Preece,,,
302,5271324986,USAFJorgensen,0,283.90002,D Kyle Larson D Denny Hamlin D Tyler Reddick D Alex Bowman D Zane Smith D Ricky Stenhouse Jr,,,
303,5270965608,luckie1710,0,283.45,D Kyle Larson D Denny Hamlin D Chase Briscoe D Josh Berry D Riley Herbst D Ricky Stenhouse Jr,,,
303,5273118459,sluntjo,0,283.44998,D Kyle Larson D Denny Hamlin D Ty Gibbs D Erik Jones D Riley Herbst D Michael McDowell,,,
305,5272528532,Haack1234,0,282.90002,D Ryan Blaney D Chase Briscoe D Bubba Wallace D William Byron D Brad Keselowski D Ty Dillon,,,
306,5271050117,AJSuperman,0,282.75,D Denny Hamlin D Tyler Reddick D Chase Briscoe D Alex Bowman D Erik Jones D John H. Nemechek,,,
306,5271885753,geoffm33,0,282.75,D Denny Hamlin D Tyler Reddick D Chase Briscoe D Alex Bowman D Erik Jones D John H. Nemechek,,,
308,5271849282,jsalvatori21,0,282.55,D Denny Hamlin D Ryan Blaney D Chase Briscoe D Alex Bowman D Erik Jones D Ricky Stenhouse Jr,,,
309,5271887751,bharv17,0,282.15,D Kyle Larson D Joey Logano D Chris Buescher D Ross Chastain D Austin Cindric D Ryan Preece,,,
310,5268890280,Lancey.Pants,0,282,D Denny Hamlin D Ryan Blaney D Chase Briscoe D Alex Bowman D Erik Jones D Zane Smith,,,
310,5270551645,Deke79,0,282,D Denny Hamlin D Ryan Blaney D Chase Briscoe D Alex Bowman D Erik Jones D Zane Smith,,,
310,5271345632,calebm321,0,282,D Denny Hamlin D Ryan Blaney D Chase Briscoe D Alex Bowman D Erik Jones D Zane Smith,,,
310,5271429676,roesnems,0,282,D Denny Hamlin D Ryan Blaney D Chase Briscoe D Alex Bowman D Erik Jones D Zane Smith,,,
310,5271526852,alein0102,0,282,D Denny Hamlin D Ryan Blaney D Chase Briscoe D Alex Bowman D Erik Jones D Zane Smith,,,
310,5272223480,billthouse,0,282,D Denny Hamlin D Ryan Blaney D Chase Briscoe D Alex Bowman D Erik Jones D Zane Smith,,,
310,5272594959,xsabu,0,282,D Denny Hamlin D Ryan Blaney D Chase Briscoe D Alex Bowman D Erik Jones D Zane Smith,,,
317,5269256765,tbgolfer13,0,280.6,D Kyle Larson D Chase Briscoe D Chris Buescher D Alex Bowman D Josh Berry D Daniel Suárez,,,
318,5271647826,Lowgear51,0,280.15002,D Ryan Blaney D Chase Briscoe D Chase Elliott D William Byron D Erik Jones D Zane Smith,,,
319,5268530257,roushcm,0,279.45,D Kyle Larson D Denny Hamlin D Christopher Bell D Riley Herbst D Zane Smith D Michael McDowell,,,
320,5272366632,6402ers,0,279.4,D Kyle Larson D Denny Hamlin D Ryan Blaney D Josh Berry D Zane Smith D Todd Gilliland,,,
321,5273023067,texasfrog90,0,278.90002,D Ryan Blaney D Chase Briscoe D Bubba Wallace D Chase Elliott D Riley Herbst D Austin Dillon,,,
321,5270397416,bru308,0,278.9,D Denny Hamlin D Tyler Reddick D Ryan Blaney D Alex Bowman D Erik Jones D John H. Nemechek,,,
323,5271911062,JET-Racing,0,278.7,D Kyle Larson D Christopher Bell D Tyler Reddick D William Byron D Todd Gilliland D Noah Gragson,,,
324,5270602208,stephaniemhood,0,278.25,D Tyler Reddick D Ryan Blaney D Chase Briscoe D Alex Bowman D Ryan Preece D AJ Allmendinger,,,
325,5272738979,jchoma10,0,278.05002,D Kyle Larson D Ryan Blaney D Joey Logano D Austin Cindric D Josh Berry D Michael McDowell,,,
326,5272567450,JB00GlE,0,277.95,D Denny Hamlin D Tyler Reddick D Chase Briscoe D Austin Cindric D Daniel Suárez D Todd Gilliland,,,
327,5272936534,UltimateWin4,0,277.7,D Tyler Reddick D Ryan Blaney D Chase Briscoe D Chase Elliott D Riley Herbst D Ty Dillon,,,
328,5267583306,hammer2424,0,277.55002,D Denny Hamlin D Chase Briscoe D Chase Elliott D Alex Bowman D Erik Jones D Riley Herbst,,,
328,5271196151,j0hnwayne,0,277.55002,D Denny Hamlin D Chase Briscoe D Chase Elliott D Alex Bowman D Erik Jones D Riley Herbst,,,
328,5272154851,Minlaian1000,0,277.55002,D Denny Hamlin D Chase Briscoe D Chase Elliott D Alex Bowman D Erik Jones D Riley Herbst,,,
328,5272722781,kmdilsaver,0,277.55002,D Denny Hamlin D Chase Briscoe D Chase Elliott D Alex Bowman D Erik Jones D Riley Herbst,,,
328,5273048972,jgings28,0,277.55002,D Denny Hamlin D Chase Briscoe D Chase Elliott D Alex Bowman D Erik Jones D Riley Herbst,,,
328,5273211523,mcooper2300,0,277.55002,D Denny Hamlin D Chase Briscoe D Chase Elliott D Alex Bowman D Erik Jones D Riley Herbst,,,
334,5272005142,jenmac711,0,276.25,D Kyle Larson D Tyler Reddick D Ty Gibbs D Ryan Preece D Daniel Suárez D Austin Dillon,,,
335,5270553486,mrrnine,0,274.85004,D Ryan Blaney D Chase Briscoe D Chase Elliott D Brad Keselowski D Ross Chastain D Austin Dillon,,,
336,5272136108,jamieu25,0,274.6,D Kyle Larson D Joey Logano D Chris Buescher D Brad Keselowski D Alex Bowman D Erik Jones,,,
337,5271887256,flanders21,0,274.25,D Ryan Blaney D Chase Briscoe D William Byron D Chris Buescher D Alex Bowman D Erik Jones,,,
337,5272201861,dsteigler,0,274.25,D Ryan Blaney D Chase Briscoe D William Byron D Chris Buescher D Alex Bowman D Erik Jones,,,
339,5268927110,gburn4,0,273.9,D Christopher Bell D Chase Briscoe D Chase Elliott D Alex Bowman D Erik Jones D Riley Herbst,,,
339,5270999175,Peter_North,0,273.9,D Christopher Bell D Chase Briscoe D Chase Elliott D Alex Bowman D Erik Jones D Riley Herbst,,,
339,5272933267,darrinh43,0,273.9,D Christopher Bell D Chase Briscoe D Chase Elliott D Alex Bowman D Erik Jones D Riley Herbst,,,
342,5273142221,bamerson32,0,273.80002,D Kyle Larson D Christopher Bell D Joey Logano D Alex Bowman D AJ Allmendinger D Austin Dillon,,,
343,5271462284,MrButDart,0,273.7,D Denny Hamlin D Ryan Blaney D Chase Elliott D Alex Bowman D Erik Jones D Riley Herbst,,,
343,5271465979,Marsharks,0,273.7,D Denny Hamlin D Ryan Blaney D Chase Elliott D Alex Bowman D Erik Jones D Riley Herbst,,,
343,5271764033,Dakota516,0,273.7,D Denny Hamlin D Ryan Blaney D Chase Elliott D Alex Bowman D Erik Jones D Riley Herbst,,,
343,5272316062,whity1winner,0,273.7,D Denny Hamlin D Ryan Blaney D Chase Elliott D Alex Bowman D Erik Jones D Riley Herbst,,,
347,5271262912,DJ_Craze60,0,273.65,D Denny Hamlin D Christopher Bell D Chase Briscoe D Alex Bowman D Erik Jones D Todd Gilliland,,,
348,5272830491,Builttofall,0,273.6,D Kyle Larson D Ty Gibbs D Chase Elliott D Joey Logano D Erik Jones D Ty Dillon,,,
349,5271267950,Rise_Up_ATL,0,273.05,D Kyle Larson D Tyler Reddick D Chase Briscoe D Carson Hocevar D Michael McDowell D Todd Gilliland,,,
350,5272855980,crawford102,0,271.75003,D Kyle Larson D Denny Hamlin D Chase Elliott D Ross Chastain D Josh Berry D Ty Dillon,,,
351,5273168767,basketballtime,0,271.05002,D Tyler Reddick D Ryan Blaney D Chase Briscoe D Ross Chastain D Alex Bowman D Austin Hill,,,
352,5273191119,pa16pat,0,271.00003,D Kyle Larson D Ryan Blaney D Carson Hocevar D Ross Chastain D Alex Bowman D Zane Smith,,,
353,5273019320,jb34lax,0,270.55002,D Kyle Larson D Denny Hamlin D Bubba Wallace D Joey Logano D Ricky Stenhouse Jr D Todd Gilliland,,,
354,5271886483,trigpsu,0,270.45,D Denny Hamlin D Chase Briscoe D Chase Elliott D Alex Bowman D Ryan Preece D Riley Herbst,,,
355,5271093210,jofo51,0,270.4,D Denny Hamlin D Chase Briscoe D Bubba Wallace D Alex Bowman D Erik Jones D Riley Herbst,,,
355,5271742838,BJS79,0,270.4,D Denny Hamlin D Chase Briscoe D Bubba Wallace D Alex Bowman D Erik Jones D Riley Herbst,,,
355,5271751931,coachcd13,0,270.4,D Denny Hamlin D Chase Briscoe D Bubba Wallace D Alex Bowman D Erik Jones D Riley Herbst,,,
355,5272740674,NCProWrstlngFN,0,270.4,D Denny Hamlin D Chase Briscoe D Bubba Wallace D Alex Bowman D Erik Jones D Riley Herbst,,,
355,5273228266,Double_L,0,270.4,D Denny Hamlin D Chase Briscoe D Bubba Wallace D Alex Bowman D Erik Jones D Riley Herbst,,,
360,5271143977,Swicky92,0,269.80002,D Denny Hamlin D Christopher Bell D Ryan Blaney D Alex Bowman D Erik Jones D Todd Gilliland,,,
360,5271534087,matthewwalsh,0,269.8,D Christopher Bell D Ryan Blaney D Chase Briscoe D Alex Bowman D Daniel Suárez D Michael McDowell,,,
360,5272203839,WardJr,0,269.8,D Christopher Bell D Ryan Blaney D Chase Briscoe D Alex Bowman D Daniel Suárez D Michael McDowell,,,
363,5271235643,tarheel69,0,269.75,D Kyle Larson D Ryan Blaney D Chris Buescher D Josh Berry D Ryan Preece D Daniel Suárez,,,
364,5268099779,Bigc86,0,269.65002,D Denny Hamlin D Christopher Bell D Ryan Blaney D Chase Briscoe D Cole Custer D Ty Dillon,,,
365,5271718164,goofybh207,0,269.45,D Christopher Bell D Tyler Reddick D Ryan Blaney D Chase Briscoe D Austin Hill D Ty Dillon,,,
365,5271830819,FingrLksNY,0,269.45,D Kyle Larson D Denny Hamlin D Joey Logano D Alex Bowman D Shane Van Gisbergen D AJ Allmendinger,,,
367,5272179843,Dannyjoe44,0,269.35,D Kyle Larson D Denny Hamlin D Joey Logano D Ryan Preece D Daniel Suárez D Michael McDowell,,,
368,5271771910,LivingTheHighLife,0,269.3,D Denny Hamlin D Christopher Bell D Chase Briscoe D Alex Bowman D Erik Jones D Austin Hill,,,
369,5271583595,CroatianSensation,0,268.95,D Denny Hamlin D Ryan Blaney D Chase Elliott D Brad Keselowski D Alex Bowman D Todd Gilliland,,,
370,5269423104,dougster1960,0,268.7,D Kyle Larson D Joey Logano D Carson Hocevar D Austin Cindric D Alex Bowman D Ryan Preece,,,
371,5272437721,JJSaenz,0,268.44998,D Denny Hamlin D Ryan Blaney D Chase Briscoe D Chris Buescher D Erik Jones D Todd Gilliland,,,
372,5270492372,djprymek,0,268.35,D Kyle Larson D Christopher Bell D Tyler Reddick D Ty Gibbs D Ty Dillon D Cody Ware,,,
373,5272519404,rooster2488,0,268.3,D Christopher Bell D Chase Briscoe D Chris Buescher D Brad Keselowski D Austin Cindric D Erik Jones,,,
374,5272814271,PensDangleSniper94,0,268.2,D Denny Hamlin D Chase Briscoe D William Byron D Alex Bowman D Erik Jones D Riley Herbst,,,
375,5268988122,spiegs21,0,268.1,D Christopher Bell D Ryan Blaney D Bubba Wallace D Austin Cindric D Alex Bowman D Zane Smith,,,
376,5272541838,JMS8168,0,268,D Denny Hamlin D Ryan Blaney D William Byron D Brad Keselowski D Austin Cindric D Michael McDowell,,,
377,5271651944,Alex11302016,0,267.25,D Ryan Blaney D Chase Briscoe D Joey Logano D Brad Keselowski D Alex Bowman D Erik Jones,,,
377,5271848389,keppler,0,267.25,D Christopher Bell D Ryan Blaney D Chase Briscoe D Erik Jones D Riley Herbst D Connor Zilisch,,,
379,5271909982,lester7,0,267.15,D Tyler Reddick D Ryan Blaney D Chase Briscoe D Alex Bowman D Ryan Preece D Michael McDowell,,,
380,5271460163,rand6,0,267,D Denny Hamlin D Ryan Blaney D Chase Briscoe D Alex Bowman D Riley Herbst D Zane Smith,,,
381,5271294169,tjnookie85,0,266.90002,D Ryan Blaney D Chase Briscoe D Ty Gibbs D William Byron D Riley Herbst D John H. Nemechek,,,
382,5267532895,muas,0,266.55,D Denny Hamlin D Ryan Blaney D Bubba Wallace D Alex Bowman D Erik Jones D Riley Herbst,,,
382,5270509429,garyalan82,0,266.55,D Denny Hamlin D Ryan Blaney D Bubba Wallace D Alex Bowman D Erik Jones D Riley Herbst,,,
382,5270581733,rodgo1,0,266.55,D Denny Hamlin D Ryan Blaney D Bubba Wallace D Alex Bowman D Erik Jones D Riley Herbst,,,
385,5270842117,Oxyfide,0,265.5,D Kyle Larson D Ty Gibbs D Joey Logano D Brad Keselowski D Alex Bowman D Todd Gilliland,,,
386,5270986848,jrock888,0,265.15,D Kyle Larson D Bubba Wallace D Joey Logano D Brad Keselowski D Daniel Suárez D Connor Zilisch,,,
387,5270859790,bstone55,0,264.6,D Christopher Bell D Ryan Blaney D Chase Briscoe D Ross Chastain D Alex Bowman D Ricky Stenhouse Jr,,,
388,5270286343,jewel1010,0,264.45,D Denny Hamlin D Ryan Blaney D Chase Briscoe D Chris Buescher D Alex Bowman D Ty Dillon,,,
388,5271150995,tloco500,0,264.45,D Denny Hamlin D Ryan Blaney D Chase Briscoe D Chris Buescher D Alex Bowman D Ty Dillon,,,
390,5272146344,jimbax,0,264.25,D Denny Hamlin D Ryan Blaney D Chase Elliott D William Byron D Erik Jones D Austin Dillon,,,
391,5271271402,scorbrd,0,263.9,D Kyle Larson D Denny Hamlin D Joey Logano D William Byron D Michael McDowell D Austin Dillon,,,
392,5268041451,dakokomo,0,263.85,D Kyle Larson D Tyler Reddick D Chris Buescher D Ross Chastain D Alex Bowman D Zane Smith,,,
393,5270830632,andy1117,0,263.4,D Denny Hamlin D Christopher Bell D Bubba Wallace D Austin Cindric D Alex Bowman D Todd Gilliland,,,
394,5270280344,Alikoe,0,262.9,D Christopher Bell D Ryan Blaney D Bubba Wallace D Alex Bowman D Erik Jones D Riley Herbst,,,
395,5271920928,crashbang69,0,262.85,D Ryan Blaney D Chase Elliott D William Byron D Brad Keselowski D Alex Bowman D Daniel Suárez,,,
396,5273191760,userron,0,262.7,D Denny Hamlin D Christopher Bell D Ryan Blaney D Alex Bowman D Ryan Preece D Todd Gilliland,,,
397,5272300507,mciama2000,0,262.45,D Denny Hamlin D Christopher Bell D Ryan Blaney D Alex Bowman D Erik Jones D Austin Dillon,,,
398,5267067944,mcmillig,0,262.1,D Denny Hamlin D Tyler Reddick D Ryan Blaney D Chase Briscoe D Cole Custer D Ty Dillon,,,
399,5271991594,JLR1985,0,261.75,D Denny Hamlin D Tyler Reddick D Chase Briscoe D Alex Bowman D Erik Jones D Austin Hill,,,
400,5271891551,Shadowjo,0,261.6,D Denny Hamlin D Ryan Blaney D Chase Elliott D Brad Keselowski D Alex Bowman D Austin Dillon,,,
401,5272556777,Johnny_Great,0,261.50003,D Kyle Larson D Christopher Bell D Ty Gibbs D Alex Bowman D Connor Zilisch D Zane Smith,,,
402,5270534463,ifantasyrace,0,261.45,D Christopher Bell D Ryan Blaney D Chase Briscoe D William Byron D Riley Herbst D Ricky Stenhouse Jr,,,
402,5272963798,mikelucero73,0,261.45,D Kyle Larson D Denny Hamlin D Joey Logano D Brad Keselowski D Shane Van Gisbergen D Austin Dillon,,,
404,5272645045,chrisbenasty,0,261.15002,D Kyle Larson D Christopher Bell D Carson Hocevar D Chris Buescher D Erik Jones D John H. Nemechek,,,
405,5271741112,Lakerman1982,0,260.7,D Kyle Larson D Christopher Bell D Ryan Blaney D Joey Logano D Noah Gragson D Cody Ware,,,
406,5267393310,BorgDaddy69,0,260.25,D Ryan Blaney D Chase Briscoe D Chase Elliott D Joey Logano D Erik Jones D Austin Hill,,,
407,5270926656,priceless88,0,260.2,D Kyle Larson D Ryan Blaney D Joey Logano D Carson Hocevar D Ryan Preece D Todd Gilliland,,,
408,5272787236,jholland1981,0,260.15002,D Ryan Blaney D Chase Briscoe D Chase Elliott D Joey Logano D Alex Bowman D Austin Hill,,,
409,5270993919,wildryan-2002,0,260.1,D Denny Hamlin D Ryan Blaney D Chase Briscoe D Joey Logano D Erik Jones D Ty Dillon,,,
409,5271863167,Bullet2110,0,260.1,D Denny Hamlin D Ryan Blaney D Chase Briscoe D Joey Logano D Erik Jones D Ty Dillon,,,
409,5272490341,cnickersonjr,0,260.1,D Denny Hamlin D Ryan Blaney D Chase Briscoe D Joey Logano D Erik Jones D Ty Dillon,,,
409,5272991441,JohnZaps,0,260.1,D Denny Hamlin D Ryan Blaney D Chase Briscoe D Joey Logano D Erik Jones D Ty Dillon,,,
409,5273062434,MambaMentality4Life,0,260.1,D Denny Hamlin D Ryan Blaney D Chase Briscoe D Joey Logano D Erik Jones D Ty Dillon,,,
409,5273085465,steamboatwilly,0,260.1,D Denny Hamlin D Ryan Blaney D Chase Briscoe D Joey Logano D Erik Jones D Ty Dillon,,,
415,5271612487,mrclean913,0,259.8,D Tyler Reddick D Chase Briscoe D Chase Elliott D William Byron D Alex Bowman D Austin Hill,,,
416,5273214673,bharm1,0,259.55002,D Denny Hamlin D Chase Briscoe D Chase Elliott D Alex Bowman D Erik Jones D Ricky Stenhouse Jr,,,
417,5270543175,Batman1257,0,259.35,D Kyle Larson D Christopher Bell D Carson Hocevar D Brad Keselowski D Austin Cindric D Noah Gragson,,,
417,5271749249,WendyBarmanRoth,0,259.35,D Kyle Larson D Ty Gibbs D Bubba Wallace D Joey Logano D Ryan Preece D Ty Dillon,,,
419,5271461111,devondix,0,259.15,D Christopher Bell D Chase Briscoe D Chase Elliott D Alex Bowman D Erik Jones D Connor Zilisch,,,
420,5271834828,knightsball04,0,259.05002,D Kyle Larson D Denny Hamlin D Brad Keselowski D Alex Bowman D Josh Berry D Zane Smith,,,
421,5270256546,SweetOnChase,0,258.65,D Denny Hamlin D Christopher Bell D Chase Briscoe D Alex Bowman D Riley Herbst D Todd Gilliland,,,
422,5271927797,tooley72,0,258.4,D Denny Hamlin D Chase Briscoe D Bubba Wallace D Alex Bowman D Daniel Suárez D Riley Herbst,,,
422,5272516276,dallas1fan21,0,258.4,D Tyler Reddick D Ryan Blaney D Chase Elliott D Alex Bowman D Ryan Preece D Daniel Suárez,,,
424,5268968012,cbourassa6,0,258.3,D Denny Hamlin D Chase Briscoe D Bubba Wallace D Brad Keselowski D Alex Bowman D Austin Dillon,,,
425,5271540681,mustangs2015,0,258.1,D Christopher Bell D Tyler Reddick D Chase Briscoe D Alex Bowman D Erik Jones D Austin Hill,,,
426,5268282637,charlesrayallday,0,257.9,D Denny Hamlin D Tyler Reddick D Ryan Blaney D Alex Bowman D Erik Jones D Austin Hill,,,
426,5272833886,scoutin_steve,0,257.9,D Kyle Larson D Bubba Wallace D Joey Logano D Brad Keselowski D Shane Van Gisbergen D AJ Allmendinger,,,
428,5271526971,AverillsAvengers,0,257.25,D Tyler Reddick D Chase Briscoe D Chase Elliott D Brad Keselowski D Alex Bowman D AJ Allmendinger,,,
429,5269995086,Jim811,0,257.15002,D Tyler Reddick D Ryan Blaney D Chase Briscoe D Chris Buescher D Alex Bowman D Todd Gilliland,,,
430,5273095644,wykleanthony,0,257.1,D Denny Hamlin D Tyler Reddick D Chase Briscoe D Brad Keselowski D Alex Bowman D Ty Dillon,,,
431,5273034650,MaddHatt,0,256.9,D Tyler Reddick D Chase Briscoe D Chase Elliott D William Byron D Erik Jones D Austin Dillon,,,
432,5271588829,TinyGiant99,0,256.35,D Tyler Reddick D Ryan Blaney D Chase Briscoe D Alex Bowman D Riley Herbst D Ricky Stenhouse Jr,,,
432,5273081026,henry296,0,256.35,D Kyle Larson D Denny Hamlin D Joey Logano D Chris Buescher D Riley Herbst D Todd Gilliland,,,
434,5270627608,jtexter2021,0,256.25,D Ryan Blaney D Chase Briscoe D Ty Gibbs D Chase Elliott D Erik Jones D Ricky Stenhouse Jr,,,
435,5271929150,Traincu2002,0,255.35,D Tyler Reddick D Ryan Blaney D Bubba Wallace D Alex Bowman D Erik Jones D Riley Herbst,,,
436,5272864070,scober13,0,255.29999,D Denny Hamlin D Christopher Bell D Chase Briscoe D Alex Bowman D Erik Jones D Ricky Stenhouse Jr,,,
436,5273224645,Spoldog13,0,255.29999,D Denny Hamlin D Christopher Bell D Chase Briscoe D Alex Bowman D Erik Jones D Ricky Stenhouse Jr,,,
438,5272383694,Timpegoose,0,254.80002,D Denny Hamlin D Christopher Bell D Ryan Blaney D Alex Bowman D Riley Herbst D Todd Gilliland,,,
439,5272860520,jschell16,0,254.74998,D Denny Hamlin D Christopher Bell D Chase Briscoe D Alex Bowman D Riley Herbst D Ty Dillon,,,
440,5270978862,Skillet11,0,254.40001,D Ryan Blaney D Chase Elliott D Chris Buescher D Brad Keselowski D Ross Chastain D Austin Cindric,,,
440,5271852079,BearDown1985,0,254.4,D Denny Hamlin D Christopher Bell D Chase Briscoe D Erik Jones D Riley Herbst D AJ Allmendinger,,,
442,5271368717,austin60915,0,254.29999,D Denny Hamlin D Christopher Bell D Chase Briscoe D Alex Bowman D Riley Herbst D Austin Hill,,,
442,5272051222,MS-Saints-Fan,0,254.29999,D Denny Hamlin D Christopher Bell D Chase Briscoe D Alex Bowman D Riley Herbst D Austin Hill,,,
442,5272075374,Zacky165,0,254.29999,D Denny Hamlin D Christopher Bell D Chase Briscoe D Alex Bowman D Daniel Suárez D Austin Dillon,,,
445,5270589323,jjcoppens,0,254.25,D Tyler Reddick D Chase Briscoe D Chase Elliott D Brad Keselowski D Ryan Preece D Riley Herbst,,,
446,5271017422,Torylane,0,254.15,D Kyle Larson D Bubba Wallace D Joey Logano D Alex Bowman D Josh Berry D Erik Jones,,,
447,5271616990,WillCut66,0,253.90001,D Tyler Reddick D Ryan Blaney D Chase Briscoe D William Byron D Riley Herbst D Ricky Stenhouse Jr,,,
448,5272010219,johhny916,0,253.85,D Ryan Blaney D Chase Briscoe D Chase Elliott D Chris Buescher D Alex Bowman D Connor Zilisch,,,
449,5273098505,patgg141,0,253.45001,D Chase Briscoe D Bubba Wallace D Chase Elliott D Chris Buescher D Alex Bowman D Erik Jones,,,
450,5271715786,beardgrylls,0,252.90001,D Denny Hamlin D Christopher Bell D Ryan Blaney D Alex Bowman D Zane Smith D John H. Nemechek,,,
450,5271830093,rsulzener,0,252.90001,D Denny Hamlin D Christopher Bell D Ryan Blaney D Alex Bowman D Zane Smith D John H. Nemechek,,,
450,5272252657,GetYourShinebox,0,252.90001,D Denny Hamlin D Christopher Bell D Ryan Blaney D Alex Bowman D Zane Smith D John H. Nemechek,,,
453,5273206373,tharpy57,0,252.05002,D Kyle Larson D Christopher Bell D Joey Logano D Josh Berry D Ryan Preece D John H. Nemechek,,,
454,5272286115,C64SUTH,0,251.5,D Christopher Bell D Tyler Reddick D Ryan Blaney D Alex Bowman D Ryan Preece D Todd Gilliland,,,
455,5268953649,Schoey17,0,251.45001,D Denny Hamlin D Christopher Bell D Ryan Blaney D Alex Bowman D Erik Jones D Ricky Stenhouse Jr,,,
455,5271454815,rams420,0,251.45001,D Tyler Reddick D Chase Briscoe D Bubba Wallace D Chase Elliott D Riley Herbst D Todd Gilliland,,,
455,5272737030,Desy2068,0,251.45001,D Denny Hamlin D Christopher Bell D Ryan Blaney D Alex Bowman D Erik Jones D Ricky Stenhouse Jr,,,
455,5270554363,strietcar,0,251.45,D Ryan Blaney D Bubba Wallace D Chase Elliott D Chris Buescher D Austin Cindric D Austin Dillon,,,
459,5272209392,shon28,0,251.30002,D Ryan Blaney D Chase Briscoe D Chase Elliott D Alex Bowman D Josh Berry D Ryan Preece,,,
460,5270807012,jcrowepls,0,251.25002,D Kyle Larson D Christopher Bell D Ty Gibbs D Joey Logano D Austin Dillon D Todd Gilliland,,,
460,5272445291,Marvelous.1,0,251.25002,D Kyle Larson D Christopher Bell D Ty Gibbs D Joey Logano D Austin Dillon D Todd Gilliland,,,
462,5272002464,defsoad,0,250.25,D Denny Hamlin D Tyler Reddick D Ryan Blaney D Alex Bowman D Daniel Suárez D Todd Gilliland,,,
463,5270710957,bobbydrywall,0,249.65,D Denny Hamlin D Ryan Blaney D Joey Logano D Austin Cindric D Alex Bowman D AJ Allmendinger,,,
464,5272506138,Biglon62,0,249.6,D Kyle Larson D Ty Gibbs D Carson Hocevar D Ross Chastain D Austin Cindric D Austin Dillon,,,
465,5270371980,riccitherick,0,249.34999,D Christopher Bell D Ryan Blaney D Chase Briscoe D Joey Logano D Ryan Preece D Ty Dillon,,,
466,5271776121,awen419,0,248.90001,D Tyler Reddick D Ryan Blaney D Chase Briscoe D Joey Logano D Erik Jones D Ty Dillon,,,
466,5272387853,cimmerian,0,248.90001,D Denny Hamlin D Christopher Bell D Ryan Blaney D Brad Keselowski D Daniel Suárez D Ty Dillon,,,
466,5272840491,SpeedRacer101,0,248.90001,D Tyler Reddick D Ryan Blaney D Chase Briscoe D Joey Logano D Erik Jones D Ty Dillon,,,
469,5268217127,toddwadams11,0,247.99998,D Denny Hamlin D Ryan Blaney D Bubba Wallace D Alex Bowman D Erik Jones D Zane Smith,,,
470,5271239382,captainzen,0,247.75,D Denny Hamlin D Tyler Reddick D Chase Briscoe D Alex Bowman D Erik Jones D Ricky Stenhouse Jr,,,
471,5271550675,ChillSergeant,0,247.60002,D Tyler Reddick D Ryan Blaney D Bubba Wallace D Chase Elliott D Riley Herbst D Todd Gilliland,,,
472,5271039063,Jazztwig11,0,247.30002,D Kyle Larson D Ryan Blaney D Joey Logano D Josh Berry D Ryan Preece D Shane Van Gisbergen,,,
473,5271081547,eracnrobert,0,247.2,D Denny Hamlin D Tyler Reddick D Chase Briscoe D Alex Bowman D Erik Jones D Zane Smith,,,
473,5271296371,TedBurget76101,0,247.2,D Denny Hamlin D Tyler Reddick D Chase Briscoe D Alex Bowman D Erik Jones D Zane Smith,,,
473,5272423203,AD_Pelon,0,247.2,D Denny Hamlin D Tyler Reddick D Chase Briscoe D Alex Bowman D Erik Jones D Zane Smith,,,
473,5273058454,btdean92,0,247.2,D Denny Hamlin D Tyler Reddick D Chase Briscoe D Alex Bowman D Erik Jones D Zane Smith,,,
477,5271863044,26Speed,0,247.00002,D Kyle Larson D Denny Hamlin D Bubba Wallace D Carson Hocevar D Riley Herbst D Cody Ware,,,
478,5272154427,colbyhornet,0,246.95001,D Kyle Larson D Tyler Reddick D Carson Hocevar D Alex Bowman D Ryan Preece D Shane Van Gisbergen,,,
479,5272033841,timmullins27,0,246.5,D Kyle Larson D Denny Hamlin D Carson Hocevar D Ryan Preece D Daniel Suárez D Connor Zilisch,,,
480,5270864601,luckymeyer69,0,246.45001,D Tyler Reddick D Ryan Blaney D Chase Briscoe D Ty Gibbs D John H. Nemechek D Ricky Stenhouse Jr,,,
481,5272392814,bkeithmoney,0,246.15002,D Ryan Blaney D Chase Briscoe D Chase Elliott D Joey Logano D Alex Bowman D Ricky Stenhouse Jr,,,
481,5272145051,chadrider99,0,246.15,D Tyler Reddick D Chase Briscoe D Chase Elliott D Brad Keselowski D Alex Bowman D Michael McDowell,,,
483,5271879009,mesmith123,0,246.1,D Denny Hamlin D Bubba Wallace D Chase Elliott D William Byron D Daniel Suárez D John H. Nemechek,,,
484,5271680151,tammiejames1157,0,245.6,D Denny Hamlin D Ryan Blaney D Bubba Wallace D Ross Chastain D Ryan Preece D Todd Gilliland,,,
485,5272268555,davego,0,245.1,D Denny Hamlin D Chase Briscoe D Bubba Wallace D Ross Chastain D Ryan Preece D AJ Allmendinger,,,
486,5271954012,124337,0,244.55,D Kyle Larson D Denny Hamlin D Christopher Bell D Chris Buescher D Noah Gragson D Cole Custer,,,
487,5270975463,RussR73,0,243.9,D Denny Hamlin D Tyler Reddick D Ryan Blaney D Alex Bowman D Erik Jones D Ricky Stenhouse Jr,,,
487,5271584800,MJPSevens7,0,243.9,D Denny Hamlin D Tyler Reddick D Ryan Blaney D Alex Bowman D Erik Jones D Ricky Stenhouse Jr,,,
489,5268675852,20eric,0,243.75,D Denny Hamlin D Chase Briscoe D Ty Gibbs D Alex Bowman D Erik Jones D Riley Herbst,,,
489,5271842006,jc1721jc,0,243.75,D Denny Hamlin D Chase Briscoe D Ty Gibbs D Alex Bowman D Erik Jones D Riley Herbst,,,
489,5271897524,mknob87,0,243.75,D Denny Hamlin D Chase Briscoe D Ty Gibbs D Alex Bowman D Erik Jones D Riley Herbst,,,
489,5272030370,Gunners06,0,243.75,D Denny Hamlin D Chase Briscoe D Ty Gibbs D Alex Bowman D Erik Jones D Riley Herbst,,,
493,5271317285,BradPearson,0,243.45001,D Denny Hamlin D Christopher Bell D Ryan Blaney D Ryan Preece D Daniel Suárez D Austin Dillon,,,
494,5272740256,cameron4242,0,243.15,D Christopher Bell D Tyler Reddick D Ryan Blaney D Alex Bowman D Erik Jones D Michael McDowell,,,
495,5271535382,expostulate,0,243.09999,D Denny Hamlin D Christopher Bell D Chase Briscoe D Chase Elliott D Zane Smith D Ty Dillon,,,
496,5273222936,fairwayfool,0,243.00002,D Kyle Larson D Denny Hamlin D Bubba Wallace D Carson Hocevar D Austin Hill D Ricky Stenhouse Jr,,,
497,5268876344,kazy900,0,240.79999,D Denny Hamlin D Ryan Blaney D Austin Cindric D Alex Bowman D Josh Berry D Ryan Preece,,,
497,5271554546,Tgold,0,240.79999,D Denny Hamlin D Ryan Blaney D Austin Cindric D Alex Bowman D Josh Berry D Ryan Preece,,,
499,5271877005,schaeff84,0,240.45,D Christopher Bell D Tyler Reddick D Ryan Blaney D Chase Briscoe D Zane Smith D Cody Ware,,,
500,5271412164,Dubbzz,0,240.4,D Kyle Larson D Chase Briscoe D Joey Logano D Ross Chastain D Josh Berry D Zane Smith,,,
501,5270653986,wolfpapy,0,240.15,D Kyle Larson D Joey Logano D William Byron D Chris Buescher D Ryan Preece D Cole Custer,,,
502,5270811915,KidCoyote414,0,240.1,D Christopher Bell D Chase Briscoe D Ty Gibbs D Alex Bowman D Erik Jones D Riley Herbst,,,
503,5270974746,thomaskares,0,239.95,D Denny Hamlin D Tyler Reddick D Chase Briscoe D Bubba Wallace D Austin Dillon D Ty Dillon,,,
504,5272027893,wrona77,0,239.84999,D Denny Hamlin D Christopher Bell D Chase Briscoe D Erik Jones D Riley Herbst D Zane Smith,,,
504,5272903985,lucky_dogg,0,239.84999,D Denny Hamlin D Christopher Bell D Chase Briscoe D Erik Jones D Riley Herbst D Zane Smith,,,
506,5271002745,nickerson1991,0,239.8,D Kyle Larson D Joey Logano D William Byron D Carson Hocevar D Austin Cindric D Zane Smith,,,
507,5268227158,flintdog13,0,239.74998,D Denny Hamlin D Christopher Bell D Chase Briscoe D Alex Bowman D Riley Herbst D Zane Smith,,,
507,5270821653,SlobberKnocker56,0,239.74998,D Denny Hamlin D Christopher Bell D Chase Briscoe D Alex Bowman D Riley Herbst D Zane Smith,,,
507,5271298798,Barrett2245,0,239.74998,D Denny Hamlin D Christopher Bell D Chase Briscoe D Alex Bowman D Riley Herbst D Zane Smith,,,
507,5271491723,JLOVEDAY25,0,239.74998,D Denny Hamlin D Christopher Bell D Chase Briscoe D Alex Bowman D Riley Herbst D Zane Smith,,,
507,5271767097,kaiwenster1,0,239.74998,D Denny Hamlin D Christopher Bell D Chase Briscoe D Alex Bowman D Riley Herbst D Zane Smith,,,
507,5271822767,icing021,0,239.74998,D Denny Hamlin D Christopher Bell D Chase Briscoe D Alex Bowman D Riley Herbst D Zane Smith,,,
507,5271873635,lsbruehl,0,239.74998,D Denny Hamlin D Christopher Bell D Chase Briscoe D Alex Bowman D Riley Herbst D Zane Smith,,,
507,5272033101,jonnynewmz,0,239.74998,D Denny Hamlin D Christopher Bell D Chase Briscoe D Alex Bowman D Riley Herbst D Zane Smith,,,
507,5272414761,shamdiggitydingdong,0,239.74998,D Denny Hamlin D Christopher Bell D Chase Briscoe D Alex Bowman D Riley Herbst D Zane Smith,,,
507,5272651812,JBona78,0,239.74998,D Denny Hamlin D Christopher Bell D Chase Briscoe D Alex Bowman D Riley Herbst D Zane Smith,,,
507,5272784070,Wizeguy1015,0,239.74998,D Denny Hamlin D Christopher Bell D Chase Briscoe D Alex Bowman D Riley Herbst D Zane Smith,,,
518,5271397053,GonPostL,0,239.70001,D Ryan Blaney D Chase Briscoe D Joey Logano D William Byron D Alex Bowman D Michael McDowell,,,
518,5271506090,DrNickIsIn,0,239.70001,D Tyler Reddick D Ryan Blaney D Chase Briscoe D Joey Logano D Connor Zilisch D John H. Nemechek,,,
520,5271839899,Bruce1887,0,239.55,D Kyle Larson D Denny Hamlin D Ty Gibbs D Joey Logano D Austin Dillon D Cole Custer,,,
521,5271042512,YellowFly,0,239,D Denny Hamlin D Chase Briscoe D Chase Elliott D William Byron D Alex Bowman D Noah Gragson,,,
522,5272899332,Buckeye-Ninja,0,238.90001,D Tyler Reddick D Ryan Blaney D Chase Briscoe D Chris Buescher D Erik Jones D Ricky Stenhouse Jr,,,
522,5271648713,Redivivus,0,238.9,D Denny Hamlin D Tyler Reddick D Chase Elliott D Alex Bowman D Erik Jones D Riley Herbst,,,
522,5272805291,fritzruby1,0,238.9,D Denny Hamlin D Tyler Reddick D Chase Elliott D Alex Bowman D Erik Jones D Riley Herbst,,,
525,5273210745,zastrojj,0,238.84999,D Tyler Reddick D Ryan Blaney D Chase Elliott D Brad Keselowski D Alex Bowman D Zane Smith,,,
526,5269679005,bobffmedic,0,238.45001,D Tyler Reddick D Ryan Blaney D Joey Logano D Austin Cindric D Ryan Preece D Daniel Suárez,,,
527,5270195521,Racing88,0,238.20001,D Denny Hamlin D Chase Briscoe D Chris Buescher D Alex Bowman D Erik Jones D Riley Herbst,,,
528,5269922032,lilmoneymaker,0,237.7,D Ryan Blaney D Bubba Wallace D Chase Elliott D Chris Buescher D Daniel Suárez D Erik Jones,,,
529,5272661086,amsims1995,0,237.15001,D Denny Hamlin D Ryan Blaney D Chase Elliott D Joey Logano D Erik Jones D Todd Gilliland,,,
530,5271096733,hootie1126,0,237.1,D Denny Hamlin D Christopher Bell D William Byron D Alex Bowman D Erik Jones D Riley Herbst,,,
530,5271923761,aromarks,0,237.1,D Denny Hamlin D Christopher Bell D William Byron D Alex Bowman D Erik Jones D Riley Herbst,,,
530,5272166505,xsteveo45x,0,237.1,D Denny Hamlin D Christopher Bell D William Byron D Alex Bowman D Erik Jones D Riley Herbst,,,
533,5271800345,Buscko,0,237.00002,D Denny Hamlin D Chase Briscoe D Chase Elliott D Joey Logano D Alex Bowman D Ty Dillon,,,
534,5267897929,SWG-COLTS24,0,236.34999,D Denny Hamlin D Tyler Reddick D Ryan Blaney D Ryan Preece D Erik Jones D Zane Smith,,,
535,5269628804,grogu333,0,236.25002,D Ryan Blaney D Chase Briscoe D Joey Logano D William Byron D Alex Bowman D Zane Smith,,,
536,5270810675,Gerrypsmith,0,236.1,D Christopher Bell D Chase Briscoe D Ty Gibbs D Ryan Preece D Daniel Suárez D Erik Jones,,,
537,5269998068,cxt7,0,236,D Denny Hamlin D Christopher Bell D Ryan Blaney D Erik Jones D Riley Herbst D Zane Smith,,,
538,5271523300,Hal160,0,235.8,D Tyler Reddick D Chase Briscoe D Ty Gibbs D Chase Elliott D Alex Bowman D Ty Dillon,,,
538,5271527766,wiracer67,0,235.8,D Tyler Reddick D Chase Briscoe D Ty Gibbs D Chase Elliott D Alex Bowman D Ty Dillon,,,
540,5272130744,Yossarian230,0,235.25,D Christopher Bell D Tyler Reddick D Chase Elliott D Alex Bowman D Erik Jones D Riley Herbst,,,
541,5268832925,Mghtank,0,234.84999,D Denny Hamlin D Christopher Bell D Tyler Reddick D Chase Briscoe D Cole Custer D Ty Dillon,,,
542,5272170426,Redballs2,0,234.79999,D Chase Briscoe D Ty Gibbs D Chase Elliott D William Byron D Ryan Preece D Riley Herbst,,,
543,5272589537,ldmoney,0,234.55,D Denny Hamlin D Christopher Bell D Chase Elliott D Daniel Suárez D Erik Jones D Riley Herbst,,,
544,5271866291,jonchill,0,234.35,D Tyler Reddick D Ryan Blaney D Chase Briscoe D Joey Logano D Alex Bowman D Cody Ware,,,
544,5272590169,hungun23,0,234.35,D Tyler Reddick D Ryan Blaney D Chase Briscoe D Joey Logano D Alex Bowman D Cody Ware,,,
546,5270060212,Jmullen22,0,234.15,D Denny Hamlin D Tyler Reddick D Chase Elliott D Brad Keselowski D Alex Bowman D Todd Gilliland,,,
547,5270831470,jgoody2,0,233.9,D Tyler Reddick D Chase Briscoe D Chase Elliott D Chris Buescher D Erik Jones D Riley Herbst,,,
548,5272612487,oakwon2010,0,233.8,D Kyle Larson D Denny Hamlin D Christopher Bell D Josh Berry D Zane Smith D Ricky Stenhouse Jr,,,
549,5272367715,mazingf,0,233.74998,D Denny Hamlin D Christopher Bell D Chase Briscoe D William Byron D Zane Smith D Ty Dillon,,,
550,5272273701,proudest_monkey,0,233.6,D Christopher Bell D Ryan Blaney D Chase Elliott D Chris Buescher D Erik Jones D AJ Allmendinger,,,
551,5270264105,bruc0074,0,233.34999,D Christopher Bell D Chase Briscoe D Chase Elliott D Joey Logano D Alex Bowman D Ty Dillon,,,
552,5269140643,tzuels29,0,233.15001,D Denny Hamlin D Ryan Blaney D Chase Elliott D Joey Logano D Alex Bowman D Ty Dillon,,,
553,5271902688,bicknell55,0,233.1,D Denny Hamlin D Chase Briscoe D Chris Buescher D Brad Keselowski D Alex Bowman D Riley Herbst,,,
554,5272112983,jere6777,0,233,D Christopher Bell D Chase Briscoe D Ty Gibbs D Alex Bowman D Ryan Preece D Riley Herbst,,,
555,5271986599,joehalac,0,232.75,D Denny Hamlin D Tyler Reddick D Chase Briscoe D Alex Bowman D Riley Herbst D Ricky Stenhouse Jr,,,
555,5272233087,bmorela3,0,232.75,D Denny Hamlin D Tyler Reddick D Chase Briscoe D Alex Bowman D Riley Herbst D Ricky Stenhouse Jr,,,
557,5273065575,bitty7vette,0,232.70001,D Ryan Blaney D Chase Briscoe D Joey Logano D William Byron D Ryan Preece D Michael McDowell,,,
558,5272289099,swatch,0,232.65,D Kyle Larson D Tyler Reddick D Carson Hocevar D Ross Chastain D Ryan Preece D Michael McDowell,,,
559,5268705181,BudBoy2,0,232.54999,D Denny Hamlin D Tyler Reddick D William Byron D Alex Bowman D Daniel Suárez D Erik Jones,,,
559,5270761256,maalbo,0,232.54999,D Denny Hamlin D Tyler Reddick D William Byron D Alex Bowman D Daniel Suárez D Erik Jones,,,
559,5271746934,Juan2448,0,232.54999,D Denny Hamlin D Tyler Reddick D William Byron D Alex Bowman D Daniel Suárez D Erik Jones,,,
559,5272318417,lineman32000,0,232.54999,D Denny Hamlin D Tyler Reddick D William Byron D Alex Bowman D Daniel Suárez D Erik Jones,,,
563,5271603694,daldi,0,232.2,D Denny Hamlin D Tyler Reddick D Chase Briscoe D Alex Bowman D Riley Herbst D Zane Smith,,,
563,5271723229,rp1381,0,232.2,D Denny Hamlin D Tyler Reddick D Chase Briscoe D Alex Bowman D Riley Herbst D Zane Smith,,,
563,5272417830,TDale78,0,232.2,D Denny Hamlin D Tyler Reddick D Chase Briscoe D Alex Bowman D Riley Herbst D Zane Smith,,,
566,5271847178,az350z,0,232.00002,D Christopher Bell D Tyler Reddick D Chase Briscoe D Chase Elliott D Austin Hill D Ricky Stenhouse Jr,,,
567,5270188175,RamFan9499,0,231.84999,D Denny Hamlin D Chase Briscoe D Bubba Wallace D Brad Keselowski D Riley Herbst D Zane Smith,,,
568,5272243054,anthonylane8871,0,231.70001,D Kyle Larson D Denny Hamlin D Ty Gibbs D Carson Hocevar D Austin Dillon D Todd Gilliland,,,
568,5272365105,AAbusers,0,231.70001,D Kyle Larson D Denny Hamlin D Ty Gibbs D Carson Hocevar D Austin Dillon D Todd Gilliland,,,
568,5271728568,bmo115,0,231.7,D Denny Hamlin D Tyler Reddick D Ryan Blaney D Chase Elliott D Zane Smith D Ty Dillon,,,
571,5270966629,ajnadell8,0,231.45,D Christopher Bell D Tyler Reddick D Bubba Wallace D Chase Elliott D Erik Jones D Ty Dillon,,,
572,5270076966,H437Princes,0,231.15,D Christopher Bell D Tyler Reddick D Ryan Blaney D Alex Bowman D Daniel Suárez D Michael McDowell,,,
573,5271380959,adkins19686,0,230.6,D Kyle Larson D Ryan Blaney D Ty Gibbs D Joey Logano D Zane Smith D Noah Gragson,,,
574,5271695826,12s1st,0,230.5,D Tyler Reddick D Ryan Blaney D Chase Elliott D Brad Keselowski D Daniel Suárez D Shane Van Gisbergen,,,
575,5272672969,jahnyb,0,230.25,D Ryan Blaney D Chase Briscoe D Joey Logano D Brad Keselowski D Ryan Preece D Shane Van Gisbergen,,,
576,5271164693,deathmetalbob,0,229.9,D Denny Hamlin D Ryan Blaney D Joey Logano D Alex Bowman D Erik Jones D Riley Herbst,,,
577,5271781813,joeystorey813,0,229.20001,D Kyle Larson D Chase Elliott D Joey Logano D Carson Hocevar D Erik Jones D Connor Zilisch,,,
578,5270588613,jbegge,0,229.1,D Denny Hamlin D Bubba Wallace D William Byron D Brad Keselowski D Alex Bowman D Riley Herbst,,,
579,5272565862,Rigorville,0,229.05,D Kyle Larson D Christopher Bell D Joey Logano D Carson Hocevar D Ryan Preece D Ty Dillon,,,
580,5267794816,LucaButt,0,228.85,D Denny Hamlin D Christopher Bell D Tyler Reddick D Austin Cindric D Shane Van Gisbergen D Todd Gilliland,,,
581,5269394336,coachtrogers,0,228.34999,D Denny Hamlin D Tyler Reddick D Ryan Blaney D Alex Bowman D Riley Herbst D Zane Smith,,,
581,5270330119,tonerman40,0,228.34999,D Denny Hamlin D Tyler Reddick D Ryan Blaney D Alex Bowman D Riley Herbst D Zane Smith,,,
581,5270741833,Mikeypo2017,0,228.34999,D Denny Hamlin D Tyler Reddick D Ryan Blaney D Alex Bowman D Riley Herbst D Zane Smith,,,
581,5271061912,Hunter4ever89,0,228.34999,D Denny Hamlin D Tyler Reddick D Ryan Blaney D Alex Bowman D Riley Herbst D Zane Smith,,,
581,5271493616,grama14,0,228.34999,D Denny Hamlin D Tyler Reddick D Ryan Blaney D Alex Bowman D Riley Herbst D Zane Smith,,,
581,5271551174,BossinBrady,0,228.34999,D Denny Hamlin D Tyler Reddick D Ryan Blaney D Alex Bowman D Riley Herbst D Zane Smith,,,
581,5271829891,zingzang,0,228.34999,D Denny Hamlin D Tyler Reddick D Ryan Blaney D Alex Bowman D Riley Herbst D Zane Smith,,,
581,5271849024,timmort2,0,228.34999,D Denny Hamlin D Tyler Reddick D Ryan Blaney D Alex Bowman D Riley Herbst D Zane Smith,,,
581,5271969314,jerimiah515,0,228.34999,D Denny Hamlin D Tyler Reddick D Ryan Blaney D Alex Bowman D Riley Herbst D Zane Smith,,,
581,5272368006,heffleyr,0,228.34999,D Denny Hamlin D Tyler Reddick D Ryan Blaney D Alex Bowman D Riley Herbst D Zane Smith,,,
581,5272818731,RTL701,0,228.34999,D Denny Hamlin D Tyler Reddick D Ryan Blaney D Alex Bowman D Riley Herbst D Zane Smith,,,
581,5273165014,JFolk1372,0,228.34999,D Denny Hamlin D Tyler Reddick D Ryan Blaney D Alex Bowman D Riley Herbst D Zane Smith,,,
581,5273230050,ndeprez,0,228.34999,D Denny Hamlin D Tyler Reddick D Ryan Blaney D Alex Bowman D Riley Herbst D Zane Smith,,,
594,5272116299,buck1097,0,228.25,D Denny Hamlin D Ryan Blaney D Ty Gibbs D Chase Elliott D Riley Herbst D Ty Dillon,,,
595,5267437127,okiecowpoke,0,228.2,D Denny Hamlin D Tyler Reddick D Chase Briscoe D Alex Bowman D Zane Smith D Austin Hill,,,
596,5269023338,ufxgatorbox,0,228.1,D Christopher Bell D Tyler Reddick D Bubba Wallace D Alex Bowman D Erik Jones D Riley Herbst,,,
597,5269028527,darthjimi,0,227.79999,D Denny Hamlin D Tyler Reddick D Ryan Blaney D Ryan Preece D Daniel Suárez D Michael McDowell,,,
597,5272252921,DJDeP1967NJ,0,227.79999,D Denny Hamlin D Tyler Reddick D Ryan Blaney D Ryan Preece D Daniel Suárez D Michael McDowell,,,
599,5272707679,jsockel,0,227.4,D Denny Hamlin D Christopher Bell D Bubba Wallace D Daniel Suárez D Erik Jones D Riley Herbst,,,
600,5270638301,tommydoo8,0,226.99998,D Denny Hamlin D Ryan Blaney D Bubba Wallace D William Byron D Michael McDowell D Austin Dillon,,,
601,5273166352,antman08,0,226.65,D Denny Hamlin D Ryan Blaney D Chase Briscoe D Joey Logano D Austin Hill D Ricky Stenhouse Jr,,,
602,5272270107,mdias42,0,226.6,D Tyler Reddick D Ryan Blaney D Joey Logano D Alex Bowman D Ryan Preece D Erik Jones,,,
603,5272442429,MarkEarney,0,226.54999,D Denny Hamlin D Ryan Blaney D Chase Briscoe D Joey Logano D Michael McDowell D Austin Dillon,,,
604,5272889246,Jarofmayo17,0,225.6,D Christopher Bell D Ryan Blaney D Chris Buescher D Brad Keselowski D Alex Bowman D Riley Herbst,,,
605,5272787177,Riccajb9,0,225.45001,D Tyler Reddick D Ryan Blaney D Chase Briscoe D Ty Gibbs D Austin Hill D Ricky Stenhouse Jr,,,
606,5272630758,datyoungreezy,0,225.25,D Christopher Bell D Tyler Reddick D Ryan Blaney D Alex Bowman D Riley Herbst D Ricky Stenhouse Jr,,,
607,5269031737,Lord007,0,225,D Christopher Bell D Chase Briscoe D William Byron D Chris Buescher D Ryan Preece D Riley Herbst,,,
608,5271849836,Itzpcraft,0,224.8,D Denny Hamlin D Christopher Bell D Ryan Blaney D Chase Elliott D Zane Smith D Cody Ware,,,
609,5273129298,dsb62,0,224.70001,D Christopher Bell D Tyler Reddick D Ryan Blaney D Austin Cindric D Josh Berry D Todd Gilliland,,,
610,5273126442,jvlach222,0,224.25,D Christopher Bell D Tyler Reddick D Ryan Blaney D Alex Bowman D Shane Van Gisbergen D AJ Allmendinger,,,
611,5272464208,bigKG207,0,224.05,D Denny Hamlin D Ryan Blaney D Chase Elliott D Joey Logano D Connor Zilisch D John H. Nemechek,,,
612,5271945923,DETidefan,0,223.95001,D Kyle Larson D Tyler Reddick D Chris Buescher D Alex Bowman D Josh Berry D Shane Van Gisbergen,,,
613,5273224681,hopperwins,0,223.09999,D Denny Hamlin D Ryan Blaney D Chase Briscoe D Joey Logano D Zane Smith D Austin Dillon,,,
614,5271467681,MohrSports,0,222.44998,D Denny Hamlin D Tyler Reddick D William Byron D Alex Bowman D Ryan Preece D Riley Herbst,,,
614,5271497784,bud_dog05,0,222.44998,D Denny Hamlin D Tyler Reddick D William Byron D Alex Bowman D Ryan Preece D Riley Herbst,,,
616,5271560470,RFinch_Kings,0,222.25,D Kyle Larson D Ty Gibbs D Bubba Wallace D Josh Berry D Daniel Suárez D Shane Van Gisbergen,,,
617,5269936640,cadezane1,0,222.1,D Chase Briscoe D Bubba Wallace D Joey Logano D Brad Keselowski D Alex Bowman D Riley Herbst,,,
618,5271815967,Tommcdaniel88,0,222,D Denny Hamlin D Christopher Bell D Tyler Reddick D Erik Jones D Connor Zilisch D John H. Nemechek,,,
619,5273194257,jnmmudman,0,221.85,D Kyle Larson D Ryan Blaney D Joey Logano D Carson Hocevar D Shane Van Gisbergen D Michael McDowell,,,
620,5267414628,Cfw828,0,221.15,D Christopher Bell D Ryan Blaney D Bubba Wallace D Chase Elliott D Zane Smith D Michael McDowell,,,
621,5271097000,mdp128,0,220.84999,D Denny Hamlin D Christopher Bell D Chase Briscoe D Ty Gibbs D Austin Dillon D Ty Dillon,,,
622,5271753029,sbaer1983,0,220.74998,D Denny Hamlin D Christopher Bell D Bubba Wallace D Alex Bowman D Erik Jones D Zane Smith,,,
623,5271857873,FactoryofSadness14,0,220.1,D Tyler Reddick D Chase Briscoe D Joey Logano D William Byron D Erik Jones D Riley Herbst,,,
624,5271185834,Coots3,0,220.04999,D Denny Hamlin D Ryan Blaney D Chris Buescher D Ross Chastain D Alex Bowman D Riley Herbst,,,
625,5270270366,ronron670,0,220,D Denny Hamlin D Tyler Reddick D Bubba Wallace D Brad Keselowski D Ryan Preece D Todd Gilliland,,,
626,5272054862,Bish8848,0,219.35,D Denny Hamlin D Christopher Bell D Chase Elliott D Alex Bowman D Daniel Suárez D Michael McDowell,,,
627,5272202906,63TONY,0,219.20001,D Kyle Larson D Ryan Blaney D Carson Hocevar D Josh Berry D Daniel Suárez D Shane Van Gisbergen,,,
628,5268864313,gr8one97,0,218.7,D Christopher Bell D Tyler Reddick D Ryan Blaney D William Byron D Michael McDowell D Austin Dillon,,,
628,5273020733,Shields2323,0,218.7,D Kyle Larson D Christopher Bell D Joey Logano D Chris Buescher D Zane Smith D Michael McDowell,,,
630,5272769502,titanan222,0,218.65001,D Denny Hamlin D Tyler Reddick D Chase Briscoe D Chris Buescher D Riley Herbst D Todd Gilliland,,,
631,5272416377,TERTIVSVII,0,218.29999,D Tyler Reddick D Ty Gibbs D Bubba Wallace D Austin Cindric D Ryan Preece D Daniel Suárez,,,
632,5272073360,draftkingdingaling,0,218.09999,D Denny Hamlin D Christopher Bell D Tyler Reddick D Alex Bowman D Zane Smith D John H. Nemechek,,,
633,5272549463,kingtobegooditis,0,217.79999,D Ryan Blaney D Joey Logano D Chris Buescher D Brad Keselowski D Austin Cindric D Ryan Preece,,,
634,5273084173,fullerz,0,217.65001,D Kyle Larson D Christopher Bell D Carson Hocevar D Ross Chastain D Shane Van Gisbergen D Connor Zilisch,,,
635,5271833780,shampain,0,217.45,D Tyler Reddick D Chase Briscoe D Ty Gibbs D Chase Elliott D Riley Herbst D Austin Dillon,,,
636,5269788379,GreenBuzz79,0,217.35,D Denny Hamlin D Christopher Bell D Ryan Blaney D Ryan Preece D Shane Van Gisbergen D Michael McDowell,,,
636,5270943433,ambjes,0,217.35,D Christopher Bell D Ryan Blaney D William Byron D Carson Hocevar D Austin Cindric D Austin Dillon,,,
638,5271539041,LOCNOTM,0,217.09999,D Denny Hamlin D Chase Briscoe D William Byron D Chris Buescher D Alex Bowman D Zane Smith,,,
638,5272972914,35dc,0,217.09999,D Denny Hamlin D Chase Briscoe D William Byron D Chris Buescher D Alex Bowman D Zane Smith,,,
640,5267509057,Favre4HOF,0,216.65,D Denny Hamlin D Christopher Bell D Tyler Reddick D Alex Bowman D Erik Jones D Ricky Stenhouse Jr,,,
641,5267404709,disney22,0,216.55,D Denny Hamlin D Christopher Bell D Tyler Reddick D Ryan Blaney D Cole Custer D Cody Ware,,,
641,5270864273,Trckrdd,0,216.55,D Denny Hamlin D Christopher Bell D Tyler Reddick D Ryan Blaney D Cole Custer D Cody Ware,,,
641,5272147649,bposluszny,0,216.55,D Denny Hamlin D Christopher Bell D Tyler Reddick D Ryan Blaney D Cole Custer D Cody Ware,,,
644,5272804286,geh316,0,216.5,D Tyler Reddick D Ryan Blaney D Chase Briscoe D Alex Bowman D Josh Berry D Michael McDowell,,,
645,5270544461,TerryTank,0,216.1,D Denny Hamlin D Christopher Bell D William Byron D Brad Keselowski D Daniel Suárez D AJ Allmendinger,,,
645,5270672618,djmcwhorter,0,216.09999,D Denny Hamlin D Christopher Bell D Tyler Reddick D Alex Bowman D Riley Herbst D Ty Dillon,,,
647,5270737394,gorillabiscuit,0,215.35,D Ryan Blaney D Chase Briscoe D Ty Gibbs D Joey Logano D Alex Bowman D Cole Custer,,,
648,5272189228,Brian_Guillaume,0,214.95001,D Ryan Blaney D Bubba Wallace D Chase Elliott D Carson Hocevar D Ryan Preece D Erik Jones,,,
649,5270673207,kevn292,0,214.90001,D Tyler Reddick D Ryan Blaney D Chase Briscoe D Joey Logano D Zane Smith D Austin Hill,,,
650,5271059128,HUNTERZW,0,214.5,D Denny Hamlin D Ryan Blaney D Chris Buescher D Brad Keselowski D Alex Bowman D Connor Zilisch,,,
651,5273042614,tgreetan65,0,213.05,D Tyler Reddick D Ryan Blaney D Chase Briscoe D Alex Bowman D Josh Berry D Zane Smith,,,
652,5269956623,Jareds228,0,212.5,D Kyle Larson D Joey Logano D William Byron D Carson Hocevar D Ryan Preece D Shane Van Gisbergen,,,
653,5270788712,bigcufan,0,212.29999,D Ryan Blaney D Bubba Wallace D Chase Elliott D Brad Keselowski D Josh Berry D Ryan Preece,,,
654,5269162204,renegadebaumers,0,212.15,D Bubba Wallace D Chase Elliott D William Byron D Chris Buescher D Brad Keselowski D Alex Bowman,,,
655,5273068939,ScottSlowiak,0,211.1,D Denny Hamlin D Bubba Wallace D Chase Elliott D Chris Buescher D Erik Jones D Riley Herbst,,,
656,5272218373,chrispayne18,0,211.05002,D Kyle Larson D Joey Logano D Carson Hocevar D Austin Cindric D Josh Berry D Ryan Preece,,,
657,5270780341,mhoward2131,0,211,D Denny Hamlin D Christopher Bell D Chase Elliott D William Byron D Riley Herbst D Ricky Stenhouse Jr,,,
658,5267735090,Clydeahart,0,210.90001,D Tyler Reddick D Ryan Blaney D Chase Briscoe D Ty Gibbs D Zane Smith D Ricky Stenhouse Jr,,,
659,5273070432,bcarter426,0,210.85,D Christopher Bell D Ryan Blaney D William Byron D Alex Bowman D Josh Berry D Ryan Preece,,,
660,5271759455,tonyt91,0,210.05002,D Kyle Larson D Christopher Bell D Joey Logano D Carson Hocevar D Shane Van Gisbergen D Todd Gilliland,,,
661,5270492277,prymsu,0,209.7,D Ryan Blaney D Bubba Wallace D Chase Elliott D Joey Logano D William Byron D Cody Ware,,,
661,5270817829,buccos24,0,209.7,D Kyle Larson D Bubba Wallace D Joey Logano D Carson Hocevar D Daniel Suárez D Michael McDowell,,,
663,5273214489,DCB1,0,209.25,D Chase Briscoe D Bubba Wallace D Chase Elliott D Chris Buescher D Ross Chastain D Shane Van Gisbergen,,,
664,5270720767,Tampa2,0,209.15,D Tyler Reddick D Ryan Blaney D Joey Logano D William Byron D Alex Bowman D Austin Dillon,,,
665,5273090910,scootmcdoot75,0,208.95001,D Denny Hamlin D Ryan Blaney D Chase Elliott D Josh Berry D Ryan Preece D Riley Herbst,,,
666,5272508458,eebob2072,0,208.3,D Kyle Larson D Carson Hocevar D Chris Buescher D Ross Chastain D Austin Cindric D Josh Berry,,,
667,5270074664,USMC_Shellback,0,208.20001,D Denny Hamlin D Bubba Wallace D William Byron D Austin Cindric D Josh Berry D Ryan Preece,,,
668,5270085873,DaveTN,0,208.05002,D Kyle Larson D Christopher Bell D Carson Hocevar D Chris Buescher D Alex Bowman D Noah Gragson,,,
669,5271322383,KenneBellGT,0,207.9,D Denny Hamlin D Tyler Reddick D Ryan Blaney D William Byron D Zane Smith D Ricky Stenhouse Jr,,,
670,5271748678,Jsph317,0,207.6,D Kyle Larson D Joey Logano D William Byron D Carson Hocevar D Daniel Suárez D Shane Van Gisbergen,,,
671,5267886401,tjbracken,0,207.44998,D Denny Hamlin D Tyler Reddick D William Byron D Alex Bowman D Ryan Preece D Shane Van Gisbergen,,,
672,5271481157,NeverBrokeAgain_Dad,0,206.9,D Denny Hamlin D Chase Elliott D Joey Logano D Alex Bowman D Erik Jones D Riley Herbst,,,
673,5272977915,4BAMF2,0,206.74998,D Denny Hamlin D Christopher Bell D Chase Briscoe D Chris Buescher D Michael McDowell D Austin Hill,,,
674,5271550680,bigal2674,0,206.35,D Ryan Blaney D Ty Gibbs D Bubba Wallace D Joey Logano D Ryan Preece D John H. Nemechek,,,
675,5272800404,debd11,0,206.20001,D Denny Hamlin D Tyler Reddick D Chase Briscoe D Ty Gibbs D Ricky Stenhouse Jr D Todd Gilliland,,,
676,5267164418,mtl128,0,205.9,D Denny Hamlin D Ryan Blaney D Ty Gibbs D Ryan Preece D Daniel Suárez D Shane Van Gisbergen,,,
676,5272897813,tdbaxx,0,205.9,D Denny Hamlin D Ryan Blaney D Ty Gibbs D Ryan Preece D Daniel Suárez D Shane Van Gisbergen,,,
676,5273205171,CDA80,0,205.9,D Denny Hamlin D Ryan Blaney D Ty Gibbs D Ryan Preece D Daniel Suárez D Shane Van Gisbergen,,,
679,5270664514,barrettsw,0,205.25,D Denny Hamlin D Christopher Bell D Brad Keselowski D Ross Chastain D Alex Bowman D Shane Van Gisbergen,,,
680,5271744297,JFK424,0,204.9,D Denny Hamlin D Christopher Bell D William Byron D Chris Buescher D Alex Bowman D Todd Gilliland,,,
681,5272493556,juice1812,0,204.55,D Denny Hamlin D Christopher Bell D Tyler Reddick D Chris Buescher D John H. Nemechek D Todd Gilliland,,,
682,5271007427,Butterbeard12,0,204.40001,D Tyler Reddick D Ryan Blaney D Chase Elliott D Chris Buescher D Ryan Preece D Zane Smith,,,
682,5271589433,Psyght,0,204.4,D Tyler Reddick D Ryan Blaney D Joey Logano D Ross Chastain D Alex Bowman D Riley Herbst,,,
684,5272778524,HeWasntReady,0,204.25,D Christopher Bell D Tyler Reddick D Ryan Blaney D William Byron D Zane Smith D Ricky Stenhouse Jr,,,
685,5272842019,robster1903,0,203.9,D Denny Hamlin D Tyler Reddick D Chase Elliott D Brad Keselowski D Daniel Suárez D Ricky Stenhouse Jr,,,
686,5271901277,hossdady22,0,203.75,D Denny Hamlin D Christopher Bell D Tyler Reddick D Daniel Suárez D Riley Herbst D Austin Hill,,,
687,5271886872,joeH1950,0,203.35,D Denny Hamlin D Chase Briscoe D Chase Elliott D Carson Hocevar D Ryan Preece D Austin Dillon,,,
688,5269554925,bradydcallahan,0,203.2,D Denny Hamlin D Christopher Bell D Bubba Wallace D Chris Buescher D Alex Bowman D Ty Dillon,,,
689,5272090721,Benders59,0,203.1,D Christopher Bell D Tyler Reddick D Ty Gibbs D Austin Cindric D Ryan Preece D Michael McDowell,,,
690,5271784463,rjr56171,0,203.04999,D Tyler Reddick D Ryan Blaney D Chris Buescher D Brad Keselowski D Alex Bowman D Shane Van Gisbergen,,,
691,5271661029,ZQ1989,0,202.85,D Denny Hamlin D Tyler Reddick D Chase Briscoe D Joey Logano D Austin Hill D Austin Dillon,,,
692,5271577219,farm01,0,202.65,D Denny Hamlin D Christopher Bell D Joey Logano D Alex Bowman D Erik Jones D Riley Herbst,,,
692,5272938058,nihl47,0,202.65,D Denny Hamlin D Christopher Bell D Joey Logano D Alex Bowman D Erik Jones D Riley Herbst,,,
694,5267669192,Matvik43,0,202.6,D Denny Hamlin D Ryan Blaney D William Byron D Josh Berry D Ryan Preece D Daniel Suárez,,,
695,5272475954,kush69,0,202.3,D Denny Hamlin D Tyler Reddick D Chase Briscoe D Ty Gibbs D Ricky Stenhouse Jr D Ty Dillon,,,
696,5271738639,brink7,0,201.65,D Denny Hamlin D Christopher Bell D Tyler Reddick D Alex Bowman D Riley Herbst D Ricky Stenhouse Jr,,,
697,5270169742,SenoritaRamirez,0,201.3,D Denny Hamlin D Tyler Reddick D Bubba Wallace D Chris Buescher D Riley Herbst D John H. Nemechek,,,
698,5271913648,5244888,0,201.2,D Denny Hamlin D Chase Briscoe D Joey Logano D William Byron D Riley Herbst D Michael McDowell,,,
699,5270796872,Bigshot6,0,200.85,D Kyle Larson D Ryan Blaney D Joey Logano D Chris Buescher D Josh Berry D Noah Gragson,,,
700,5271712649,dana522,0,200.69998,D Denny Hamlin D Christopher Bell D William Byron D Ross Chastain D Ryan Preece D Michael McDowell,,,
701,5267168344,DP323,0,200.65,D Kyle Larson D Joey Logano D Chris Buescher D Ross Chastain D Josh Berry D Ryan Preece,,,
701,5272103800,srort,0,200.65,D Kyle Larson D Joey Logano D Chris Buescher D Ross Chastain D Josh Berry D Ryan Preece,,,
703,5270885174,Jcut183,0,200.6,D Christopher Bell D Ryan Blaney D William Byron D Carson Hocevar D Erik Jones D Riley Herbst,,,
704,5273181260,dmaga,0,200.45,D Christopher Bell D Ryan Blaney D Chase Briscoe D Ty Gibbs D Zane Smith D Noah Gragson,,,
705,5271981761,garryld1949,0,200.4,D Kyle Larson D Denny Hamlin D Carson Hocevar D Josh Berry D Ryan Preece D Michael McDowell,,,
706,5270733740,Piggott39,0,199.70001,D Christopher Bell D Tyler Reddick D Ryan Blaney D Joey Logano D Austin Dillon D Todd Gilliland,,,
707,5269857355,waiverwirewizards,0,199.35,D Denny Hamlin D Chase Briscoe D Chase Elliott D Carson Hocevar D Alex Bowman D Ricky Stenhouse Jr,,,
708,5271903406,Bigunit421,0,199.15,D Christopher Bell D Ryan Blaney D Joey Logano D Brad Keselowski D Ryan Preece D Shane Van Gisbergen,,,
709,5272486011,thecoachk2,0,198.85,D Denny Hamlin D Tyler Reddick D Bubba Wallace D Erik Jones D Riley Herbst D Ricky Stenhouse Jr,,,
710,5272003565,kevdav88,0,198.79999,D Denny Hamlin D William Byron D Carson Hocevar D Ross Chastain D Austin Cindric D Alex Bowman,,,
711,5271038884,Crystalbil,0,197.95,D Ryan Blaney D Ty Gibbs D William Byron D Ross Chastain D Austin Cindric D Josh Berry,,,
712,5273231130,kca1025,0,197.79999,D Denny Hamlin D Chase Elliott D Joey Logano D Brad Keselowski D Ryan Preece D Daniel Suárez,,,
713,5272032919,TIMBO1680,0,197.75,D Denny Hamlin D Bubba Wallace D Joey Logano D Brad Keselowski D Daniel Suárez D Erik Jones,,,
714,5269992558,kudrewsy,0,197.6,D Denny Hamlin D William Byron D Chris Buescher D Brad Keselowski D Ross Chastain D Alex Bowman,,,
714,5272592765,WMUFantasyStud2019,0,197.6,D Denny Hamlin D William Byron D Chris Buescher D Brad Keselowski D Ross Chastain D Alex Bowman,,,
716,5273172783,Melted,0,197.54999,D Denny Hamlin D Christopher Bell D Ty Gibbs D Alex Bowman D Erik Jones D Michael McDowell,,,
717,5270532190,mwm1964,0,197.4,D Denny Hamlin D Christopher Bell D Tyler Reddick D Bubba Wallace D Austin Hill D Cody Ware,,,
718,5271944654,kreyn,0,197.25,D Ryan Blaney D Ty Gibbs D Joey Logano D William Byron D Daniel Suárez D Erik Jones,,,
719,5272736079,ND_4life,0,197.15,D Ryan Blaney D Joey Logano D Carson Hocevar D Brad Keselowski D Austin Cindric D Alex Bowman,,,
720,5271003087,konadawg06,0,196.8,D Christopher Bell D Ryan Blaney D Ty Gibbs D William Byron D Shane Van Gisbergen D Austin Dillon,,,
721,5268675855,SliceB,0,196.15,D Tyler Reddick D Ryan Blaney D Ty Gibbs D William Byron D Riley Herbst D Michael McDowell,,,
722,5273088046,cashburner,0,194.75,D Denny Hamlin D Ty Gibbs D Joey Logano D William Byron D Austin Cindric D Todd Gilliland,,,
723,5270973709,BrandonNW08,0,194.6,D Kyle Larson D Christopher Bell D Joey Logano D Chris Buescher D Josh Berry D Cole Custer,,,
723,5272499063,mwrede,0,194.6,D Kyle Larson D Tyler Reddick D Joey Logano D Carson Hocevar D AJ Allmendinger D Zane Smith,,,
725,5272705827,emptypockets1,0,193.65,D Christopher Bell D Ty Gibbs D Chris Buescher D Austin Cindric D Ryan Preece D Daniel Suárez,,,
726,5272136857,jbamat,0,193.15,D Chase Briscoe D Joey Logano D William Byron D Chris Buescher D Ross Chastain D Alex Bowman,,,
727,5270966461,zacky1053,0,193.09999,D Denny Hamlin D Christopher Bell D Tyler Reddick D Brad Keselowski D Ricky Stenhouse Jr D Ty Dillon,,,
728,5272027284,priceisrice69,0,193.05,D Denny Hamlin D Ty Gibbs D Bubba Wallace D Joey Logano D Austin Cindric D Ty Dillon,,,
729,5272164200,kreaton73,0,192.85,D Denny Hamlin D Ty Gibbs D Joey Logano D Austin Cindric D Ryan Preece D Daniel Suárez,,,
730,5269383214,Screwbird33,0,191.75,D Tyler Reddick D Chase Briscoe D Ty Gibbs D Bubba Wallace D Zane Smith D Austin Dillon,,,
731,5271069766,planbenc,0,191.6,D Denny Hamlin D Ryan Blaney D Chris Buescher D Alex Bowman D Josh Berry D Erik Jones,,,
731,5273227138,KTorres363,0,191.59999,D Kyle Larson D Bubba Wallace D Joey Logano D Chris Buescher D Josh Berry D Michael McDowell,,,
733,5270702596,Zandi,0,191.5,D Ryan Blaney D Joey Logano D William Byron D Chris Buescher D Brad Keselowski D Ryan Preece,,,
734,5272034758,b8fisch,0,191.45,D Denny Hamlin D Chase Briscoe D Bubba Wallace D Ross Chastain D Josh Berry D Austin Dillon,,,
735,5271901904,oilydave,0,190.45,D Ty Gibbs D Bubba Wallace D Chris Buescher D Brad Keselowski D Ross Chastain D Austin Cindric,,,
736,5271279412,Rooch,0,190.20001,D Denny Hamlin D Ty Gibbs D Joey Logano D Austin Cindric D Ryan Preece D Todd Gilliland,,,
737,5271349119,XxSIN1STERxX,0,190.15001,D Ryan Blaney D Bubba Wallace D Joey Logano D Ross Chastain D Austin Cindric D Josh Berry,,,
738,5270102071,justutah,0,190,D Denny Hamlin D Tyler Reddick D William Byron D Chris Buescher D Alex Bowman D Austin Dillon,,,
739,5271594474,Johnnie3,0,189.65,D Denny Hamlin D Bubba Wallace D William Byron D Chris Buescher D Brad Keselowski D Austin Dillon,,,
740,5270382751,brainwelling,0,189.20001,D Christopher Bell D Ty Gibbs D Joey Logano D Austin Cindric D Ryan Preece D Daniel Suárez,,,
740,5270584325,chadybowls,0,189.20001,D Kyle Larson D William Byron D Carson Hocevar D Chris Buescher D Josh Berry D Ryan Preece,,,
742,5272793875,MartyParty323,0,188.65,D Denny Hamlin D Tyler Reddick D Joey Logano D William Byron D Erik Jones D Austin Hill,,,
743,5271089877,xmasguy,0,188,D Denny Hamlin D Bubba Wallace D Chase Elliott D Chris Buescher D Brad Keselowski D Ricky Stenhouse Jr,,,
744,5271270588,mrjwales,0,187.45,D Denny Hamlin D Christopher Bell D Ryan Blaney D Joey Logano D Michael McDowell D Cole Custer,,,
745,5271997124,jeffsmtm,0,187.15,D Ryan Blaney D Ty Gibbs D Joey Logano D William Byron D Ryan Preece D Riley Herbst,,,
746,5270404776,1nonlyDXP,0,186.65,D Denny Hamlin D Christopher Bell D Ty Gibbs D Ryan Preece D Daniel Suárez D Austin Dillon,,,
747,5272286004,rsumrall,0,186,D Denny Hamlin D Tyler Reddick D Joey Logano D Brad Keselowski D Alex Bowman D Austin Hill,,,
747,5272162700,markhokie,0,185.99998,D Denny Hamlin D Christopher Bell D Tyler Reddick D Alex Bowman D Zane Smith D Michael McDowell,,,
749,5273220532,CashMoneyMyers,0,185.8,D Denny Hamlin D Chase Elliott D Joey Logano D William Byron D Alex Bowman D Zane Smith,,,
750,5271219635,fatboys98,0,184.95,D Tyler Reddick D Ryan Blaney D Chase Elliott D Chris Buescher D Shane Van Gisbergen D Michael McDowell,,,
751,5269242466,papa-sports-39,0,184.9,D Christopher Bell D Ty Gibbs D William Byron D Austin Cindric D Alex Bowman D Josh Berry,,,
752,5272253548,WV_Panther84,0,184.70001,D Christopher Bell D Tyler Reddick D Chase Elliott D Chris Buescher D Alex Bowman D Ricky Stenhouse Jr,,,
753,5271623973,haakee,0,183.85,D Tyler Reddick D Ryan Blaney D Chase Elliott D Carson Hocevar D Erik Jones D Zane Smith,,,
754,5268168713,Chewy61,0,181.54999,D Denny Hamlin D Ty Gibbs D William Byron D Austin Cindric D Josh Berry D Ryan Preece,,,
755,5273034589,KDubb287,0,181.15,D Tyler Reddick D Ryan Blaney D Ty Gibbs D William Byron D Shane Van Gisbergen D Michael McDowell,,,
756,5272779854,tr3vorrice,0,180.54999,D Tyler Reddick D Chase Briscoe D Ty Gibbs D Joey Logano D Alex Bowman D Cole Custer,,,
757,5271767001,kknitter,0,180.15001,D Tyler Reddick D Ryan Blaney D Ty Gibbs D Joey Logano D Daniel Suárez D Todd Gilliland,,,
758,5267120985,dlutz_13,0,179.09999,D Denny Hamlin D Ty Gibbs D Bubba Wallace D Brad Keselowski D Ryan Preece D Zane Smith,,,
759,5267592355,joeman1344,0,179,D Denny Hamlin D Christopher Bell D Tyler Reddick D Josh Berry D Riley Herbst D John H. Nemechek,,,
760,5271758378,beaverthing,0,178,D Christopher Bell D Ryan Blaney D Bubba Wallace D Joey Logano D Daniel Suárez D Noah Gragson,,,
761,5269660164,abazzle,0,177.85,D Kyle Larson D Denny Hamlin D Carson Hocevar D Josh Berry D Shane Van Gisbergen D Connor Zilisch,,,
762,5269942572,Chupacabra2020,0,177.70001,D Ryan Blaney D Ty Gibbs D Joey Logano D Austin Cindric D Alex Bowman D Josh Berry,,,
762,5273130883,utica201869,0,177.70001,D Christopher Bell D Ryan Blaney D Bubba Wallace D Carson Hocevar D Ryan Preece D Ricky Stenhouse Jr,,,
764,5271881216,Unclesalty1958,0,176.70001,D Ryan Blaney D Chase Briscoe D Ty Gibbs D Carson Hocevar D Daniel Suárez D Zane Smith,,,
765,5269525272,Racin44P,0,176.15001,D Denny Hamlin D Ryan Blaney D Ty Gibbs D Carson Hocevar D Alex Bowman D Ty Dillon,,,
766,5269856824,hubbard88,0,175.90001,D Christopher Bell D Tyler Reddick D Ty Gibbs D Ryan Preece D Erik Jones D Zane Smith,,,
767,5269051756,OnWi883,0,175.75,D Denny Hamlin D Ty Gibbs D Bubba Wallace D Ryan Preece D Daniel Suárez D Shane Van Gisbergen,,,
768,5272807724,magnumta,0,175.55,D Kyle Larson D Joey Logano D Carson Hocevar D Chris Buescher D Ross Chastain D Connor Zilisch,,,
769,5272388313,Mike.cartee,0,175.5,D Denny Hamlin D Christopher Bell D Ross Chastain D Alex Bowman D Josh Berry D Ryan Preece,,,
770,5270881747,danny3527,0,174.40002,D Ryan Blaney D Chase Briscoe D Carson Hocevar D Brad Keselowski D Josh Berry D Daniel Suárez,,,
771,5270892656,urban1106,0,173.54999,D Denny Hamlin D William Byron D Carson Hocevar D Chris Buescher D Austin Cindric D Ryan Preece,,,
772,5272899475,jbates42,0,173.30002,D Ryan Blaney D Chase Elliott D Joey Logano D Carson Hocevar D Alex Bowman D Daniel Suárez,,,
773,5272800179,odellbrian6,0,172.95001,D Tyler Reddick D Chase Elliott D William Byron D Carson Hocevar D Alex Bowman D Daniel Suárez,,,
774,5273227344,wedgie41,0,172.70001,D Tyler Reddick D Chase Briscoe D Joey Logano D Alex Bowman D Josh Berry D Ryan Preece,,,
775,5267128111,Thegingerninja,0,172.45,D Denny Hamlin D Christopher Bell D Tyler Reddick D Chris Buescher D Michael McDowell D Todd Gilliland,,,
775,5273223072,kwy7422__u,0,172.45,D Denny Hamlin D Tyler Reddick D Bubba Wallace D Ross Chastain D Shane Van Gisbergen D Michael McDowell,,,
777,5272737764,wendel77,0,171.95,D Ty Gibbs D Chase Elliott D Joey Logano D William Byron D Ross Chastain D Erik Jones,,,
778,5271991024,CoonHunter66,0,171.9,D Bubba Wallace D Chase Elliott D Joey Logano D Carson Hocevar D Austin Cindric D Ryan Preece,,,
779,5270084807,BlueSunflower7,0,171.75,D Kyle Larson D Joey Logano D Carson Hocevar D Chris Buescher D Ross Chastain D Zane Smith,,,
780,5272917666,snakeeyesammy,0,169.30002,D Ty Gibbs D Chase Elliott D Joey Logano D Brad Keselowski D Ross Chastain D Alex Bowman,,,
781,5267277157,grandparules10,0,168.85,D Tyler Reddick D Ryan Blaney D Ty Gibbs D Carson Hocevar D Alex Bowman D Todd Gilliland,,,
782,5271972247,bohica7856,0,168.15,D Denny Hamlin D Ryan Blaney D Joey Logano D Josh Berry D Ryan Preece D Daniel Suárez,,,
783,5267168506,jimcon2,0,168,D Chase Briscoe D Ty Gibbs D Bubba Wallace D Joey Logano D Ross Chastain D Ricky Stenhouse Jr,,,
784,5267797452,marko4444,0,167.79999,D Denny Hamlin D Tyler Reddick D William Byron D Josh Berry D Ryan Preece D Daniel Suárez,,,
785,5272933044,jbeamr5,0,165.9,D Denny Hamlin D Ryan Blaney D Ty Gibbs D Joey Logano D Michael McDowell D Austin Dillon,,,
786,5273086779,Studonk,0,165.54999,D Denny Hamlin D Tyler Reddick D Ty Gibbs D William Byron D Michael McDowell D Austin Dillon,,,
787,5272287230,Trevor_Heimbaugh,0,165.50002,D Tyler Reddick D Ryan Blaney D Bubba Wallace D Carson Hocevar D Riley Herbst D Connor Zilisch,,,
788,5272414790,sogr8player,0,165.4,D Denny Hamlin D Christopher Bell D Bubba Wallace D Joey Logano D Austin Hill D Ricky Stenhouse Jr,,,
789,5269869956,foutah,0,165.34999,D Bubba Wallace D Chase Elliott D Joey Logano D William Byron D Chris Buescher D Riley Herbst,,,
790,5271648916,Titans510,0,163.9,D Denny Hamlin D Tyler Reddick D Ty Gibbs D Chase Elliott D Michael McDowell D Ricky Stenhouse Jr,,,
791,5272478663,bmack806,0,163.2,D Denny Hamlin D Christopher Bell D Joey Logano D William Byron D Shane Van Gisbergen D Austin Dillon,,,
792,5272327084,Choppy23,0,161.75,D Ryan Blaney D Ty Gibbs D Chase Elliott D William Byron D Josh Berry D Zane Smith,,,
793,5272475856,bjet32,0,161.2,D Denny Hamlin D Christopher Bell D Tyler Reddick D Joey Logano D Ricky Stenhouse Jr D Ty Dillon,,,
794,5269559177,filmcritic,0,161.15001,D Denny Hamlin D Ryan Blaney D Joey Logano D Carson Hocevar D Brad Keselowski D Ty Dillon,,,
794,5272649808,Tsax,0,161.15001,D Denny Hamlin D Ryan Blaney D Joey Logano D Carson Hocevar D Brad Keselowski D Ty Dillon,,,
796,5271634830,LMS77,0,161,D Denny Hamlin D Ty Gibbs D Chase Elliott D Joey Logano D Daniel Suárez D Austin Dillon,,,
797,5269752836,Lard13,0,160.70001,D Christopher Bell D Joey Logano D Carson Hocevar D Ross Chastain D Austin Cindric D Alex Bowman,,,
798,5269093570,rayray697818,0,159.44998,D Denny Hamlin D Christopher Bell D Bubba Wallace D Josh Berry D Ryan Preece D Michael McDowell,,,
799,5272421083,muskieman11,0,159.15,D Denny Hamlin D Tyler Reddick D Chase Elliott D Josh Berry D Ryan Preece D Shane Van Gisbergen,,,
800,5270854314,andrewran,0,157.9,D Tyler Reddick D Joey Logano D William Byron D Carson Hocevar D Austin Cindric D Ryan Preece,,,
801,5272378669,chrissyscowboys76,0,157.50002,D Christopher Bell D Ryan Blaney D Joey Logano D Carson Hocevar D Brad Keselowski D Ty Dillon,,,
802,5272948992,caryther,0,156,D Denny Hamlin D Chase Briscoe D Carson Hocevar D Chris Buescher D Ryan Preece D Shane Van Gisbergen,,,
803,5272862121,Bashers8480,0,154.70001,D Tyler Reddick D Ty Gibbs D Chase Elliott D Joey Logano D Ryan Preece D Austin Dillon,,,
804,5269657181,mrmilleruti,0,154.5,D Tyler Reddick D Ryan Blaney D Ty Gibbs D Carson Hocevar D Ryan Preece D Austin Dillon,,,
804,5272804623,mckiss,0,154.5,D Ryan Blaney D Ty Gibbs D Carson Hocevar D Austin Cindric D Alex Bowman D Josh Berry,,,
806,5272418289,TY54321,0,154,D Denny Hamlin D Tyler Reddick D Chase Elliott D Joey Logano D Shane Van Gisbergen D Ricky Stenhouse Jr,,,
807,5273200370,hopper.zach,0,152.35,D Denny Hamlin D Joey Logano D William Byron D Carson Hocevar D Alex Bowman D Erik Jones,,,
808,5272777526,JohnStone88,0,151.04999,D Christopher Bell D Chase Elliott D Joey Logano D Carson Hocevar D Ryan Preece D Erik Jones,,,
809,5267304414,Dmerkel1980,0,150.4,D Ryan Blaney D William Byron D Carson Hocevar D Chris Buescher D Alex Bowman D Shane Van Gisbergen,,,
810,5269496724,passinglane,0,150.15,D Chase Briscoe D Ty Gibbs D Chris Buescher D Brad Keselowski D Josh Berry D Ryan Preece,,,
811,5271843599,aylsg,0,150.1,D Denny Hamlin D Michael McDowell D John H. Nemechek D Austin Hill D Austin Dillon D Ricky Stenhouse Jr,,,
812,5271628811,raiderras,0,150,D Christopher Bell D Ty Gibbs D Carson Hocevar D Brad Keselowski D Austin Cindric D Shane Van Gisbergen,,,
813,5272428656,bstowe4,0,149.90001,D Denny Hamlin D Ty Gibbs D Bubba Wallace D Carson Hocevar D Alex Bowman D Todd Gilliland,,,
814,5268638328,suspence13,0,149.85,D Ryan Blaney D Chase Elliott D Joey Logano D William Byron D Carson Hocevar D Ricky Stenhouse Jr,,,
815,5272798965,jgbuilderinc,0,149.5,D Denny Hamlin D Chase Elliott D Joey Logano D Carson Hocevar D Ross Chastain D John H. Nemechek,,,
816,5271961593,BrianMone88,0,148.70001,D Christopher Bell D Tyler Reddick D Joey Logano D Alex Bowman D Josh Berry D Erik Jones,,,
817,5270419942,RandumbSportfan,0,148.35,D Christopher Bell D Bubba Wallace D Joey Logano D Brad Keselowski D Josh Berry D Erik Jones,,,
818,5272890424,mongos2863,0,147,D Denny Hamlin D Christopher Bell D William Byron D Carson Hocevar D Daniel Suárez D Ricky Stenhouse Jr,,,
819,5270639678,FeartheMafia,0,146,D Denny Hamlin D Christopher Bell D Ty Gibbs D Joey Logano D Michael McDowell D Todd Gilliland,,,
820,5267381444,Iplaydrumz26,0,145.20001,D Denny Hamlin D Bubba Wallace D Joey Logano D Chris Buescher D Ryan Preece D Shane Van Gisbergen,,,
821,5273212817,bcktoobck300,0,144.04999,D Ty Gibbs D Bubba Wallace D Chase Elliott D Joey Logano D Ross Chastain D Michael McDowell,,,
822,5270540243,stingrays315,0,143.45001,D Christopher Bell D Ty Gibbs D Joey Logano D Austin Cindric D Josh Berry D Ryan Preece,,,
822,5272642798,Ramda_Bamda1,0,143.45001,D Christopher Bell D Ty Gibbs D Joey Logano D Austin Cindric D Josh Berry D Ryan Preece,,,
822,5267694444,ajb3247,0,143.45,D Chase Briscoe D Bubba Wallace D Joey Logano D Carson Hocevar D Brad Keselowski D Zane Smith,,,
825,5272519012,GillTicket,0,143,D Denny Hamlin D Tyler Reddick D Ty Gibbs D Carson Hocevar D AJ Allmendinger D John H. Nemechek,,,
826,5267270878,phillysphinest,0,141.6,D Christopher Bell D Joey Logano D William Byron D Carson Hocevar D Alex Bowman D Ryan Preece,,,
827,5272508261,michaelv302,0,141.1,D Ryan Blaney D Chase Elliott D Joey Logano D Carson Hocevar D Ross Chastain D Shane Van Gisbergen,,,
828,5273199476,edevans79,0,140.8,D Denny Hamlin D Ty Gibbs D Carson Hocevar D Brad Keselowski D Ryan Preece D Daniel Suárez,,,
829,5272669130,Gasman1739,0,140,D Denny Hamlin D Bubba Wallace D Carson Hocevar D Chris Buescher D Ryan Preece D Daniel Suárez,,,
830,5271780591,MarcoRacin,0,136.35,D Chase Briscoe D Ty Gibbs D Joey Logano D Carson Hocevar D Ryan Preece D Daniel Suárez,,,
831,5269565613,fssusino,0,135.9,D Ty Gibbs D Joey Logano D William Byron D Carson Hocevar D Austin Cindric D Ryan Preece,,,
831,5271864776,rjmazeika,0,135.9,D Denny Hamlin D Tyler Reddick D William Byron D Carson Hocevar D Riley Herbst D Zane Smith,,,
833,5271757670,dsr3302,0,135.45001,D Christopher Bell D Joey Logano D Carson Hocevar D Chris Buescher D Austin Cindric D Ryan Preece,,,
834,5270598475,vickyinpa,0,135.04999,D Christopher Bell D Ty Gibbs D Joey Logano D Brad Keselowski D Ross Chastain D Michael McDowell,,,
835,5272036205,quickie70,0,134.6,D Tyler Reddick D Ryan Blaney D Ty Gibbs D Carson Hocevar D Shane Van Gisbergen D AJ Allmendinger,,,
836,5268969081,Aoteoroa,0,133.35,D Denny Hamlin D Joey Logano D William Byron D Carson Hocevar D Ryan Preece D Daniel Suárez,,,
836,5270086383,terryf20,0,133.35,D Denny Hamlin D Joey Logano D William Byron D Carson Hocevar D Ryan Preece D Daniel Suárez,,,
838,5271071220,Crad87,0,132.8,D Denny Hamlin D Christopher Bell D Ty Gibbs D Josh Berry D Ryan Preece D Michael McDowell,,,
839,5267110049,evanwr20,0,132.25,D Denny Hamlin D Joey Logano D William Byron D Chris Buescher D Ross Chastain D Zane Smith,,,
840,5270888327,bull159192,0,132.04999,D Christopher Bell D Bubba Wallace D Joey Logano D Ross Chastain D Josh Berry D Ryan Preece,,,
841,5272293979,Ethan9fan,0,130.85,D Chase Briscoe D Chase Elliott D Carson Hocevar D Chris Buescher D Brad Keselowski D Josh Berry,,,
842,5273091260,georgejester,0,129.75,D Denny Hamlin D Ty Gibbs D Bubba Wallace D Joey Logano D Ryan Preece D Noah Gragson,,,
843,5271686300,nickwooten01,0,129.7,D Denny Hamlin D Ty Gibbs D Chase Elliott D Carson Hocevar D Daniel Suárez D Michael McDowell,,,
844,5270349695,ibbulk4u,0,128.55,D Chase Briscoe D Bubba Wallace D Joey Logano D William Byron D Carson Hocevar D Noah Gragson,,,
845,5271208900,gratefuldead23,0,128.05,D Christopher Bell D Chase Elliott D Joey Logano D William Byron D Josh Berry D Shane Van Gisbergen,,,
846,5269569334,2fast4,0,126.1,D Christopher Bell D Ty Gibbs D Joey Logano D Carson Hocevar D Austin Cindric D Austin Dillon,,,
847,5272047841,jayrwebb,0,124.850006,D Denny Hamlin D Ty Gibbs D Bubba Wallace D Joey Logano D Shane Van Gisbergen D Ricky Stenhouse Jr,,,
848,5271246150,samanthamehney1985,0,123.75001,D Tyler Reddick D Ryan Blaney D Ty Gibbs D Carson Hocevar D Connor Zilisch D Michael McDowell,,,
849,5270384016,thender84,0,122.899994,D Denny Hamlin D William Byron D Carson Hocevar D Chris Buescher D Austin Cindric D Josh Berry,,,
850,5272169843,bgilbert87,0,120.9,D Denny Hamlin D Tyler Reddick D Joey Logano D Carson Hocevar D Ryan Preece D Austin Dillon,,,
851,5272611586,wjh1540,0,120.85,D Ty Gibbs D Chase Elliott D Carson Hocevar D Chris Buescher D Brad Keselowski D Ryan Preece,,,
852,5269380089,derekdog,0,120.4,D Chase Elliott D Joey Logano D William Byron D Carson Hocevar D Chris Buescher D Alex Bowman,,,
853,5271919566,marino82867,0,120.3,D Tyler Reddick D Ryan Blaney D Carson Hocevar D Chris Buescher D Josh Berry D Erik Jones,,,
854,5272278703,Tr0ubl35,0,118.3,D Chase Elliott D Joey Logano D William Byron D Josh Berry D Ryan Preece D Michael McDowell,,,
855,5271878892,hilljorgensen,0,115.9,D Christopher Bell D Tyler Reddick D Ty Gibbs D Joey Logano D Zane Smith D Michael McDowell,,,
856,5273223464,u304298,0,115.65001,D Ryan Blaney D Chase Elliott D Joey Logano D Carson Hocevar D Josh Berry D Daniel Suárez,,,
857,5270294439,Jacks5150,0,114.25001,D Ty Gibbs D Bubba Wallace D Joey Logano D Carson Hocevar D Alex Bowman D Ryan Preece,,,
857,5271528347,modece,0,114.25001,D Ty Gibbs D Bubba Wallace D Joey Logano D William Byron D Josh Berry D Ryan Preece,,,
859,5272332826,NowOnTheTee,0,113.4,D Chase Elliott D Joey Logano D William Byron D Carson Hocevar D Chris Buescher D Ryan Preece,,,
860,5269633537,10kevin10usa,0,112.75,D Ryan Blaney D Joey Logano D Carson Hocevar D Chris Buescher D Ross Chastain D AJ Allmendinger,,,
861,5271807053,lowesfan48,0,112.45,D Christopher Bell D Ty Gibbs D Bubba Wallace D Carson Hocevar D Riley Herbst D Zane Smith,,,
862,5267675354,dag0305,0,111.35,D Denny Hamlin D Ty Gibbs D Joey Logano D Josh Berry D Ryan Preece D Daniel Suárez,,,
863,5270779095,SquiresSaints,0,108.24999,D Denny Hamlin D Ty Gibbs D Joey Logano D Carson Hocevar D Brad Keselowski D Todd Gilliland,,,
864,5272083357,lovemesomeme67,0,107.15001,D Denny Hamlin D Bubba Wallace D Chase Elliott D Carson Hocevar D Josh Berry D Zane Smith,,,
865,5270066440,grossmaa,0,105.15,D Denny Hamlin D Chase Elliott D Carson Hocevar D Shane Van Gisbergen D Zane Smith D Michael McDowell,,,
866,5269347307,RealmAK357,0,104.3,D Ty Gibbs D William Byron D Carson Hocevar D Chris Buescher D Brad Keselowski D Ross Chastain,,,
867,5272932319,LadyofLuck87,0,98.799995,D Denny Hamlin D Ty Gibbs D William Byron D Chris Buescher D Josh Berry D Zane Smith,,,
868,5272790999,psb0122,0,98.200005,D Ryan Blaney D Ty Gibbs D Carson Hocevar D Chris Buescher D Alex Bowman D Josh Berry,,,
869,5273057504,FarmHallFalls,0,97.899994,D Denny Hamlin D Tyler Reddick D Joey Logano D Carson Hocevar D Zane Smith D Ty Dillon,,,
870,5271906379,BigLu322,0,96.90001,D Ty Gibbs D Bubba Wallace D Joey Logano D William Byron D Carson Hocevar D Austin Dillon,,,
871,5270369976,throatstomper,0,94.7,D Denny Hamlin D Joey Logano D William Byron D Carson Hocevar D Josh Berry D Erik Jones,,,
872,5271984560,mccaskill2609,0,94.600006,D Ty Gibbs D Chase Elliott D Joey Logano D Carson Hocevar D Austin Cindric D Josh Berry,,,
873,5273052043,gickey5,0,94.3,D Joey Logano D William Byron D Carson Hocevar D Chris Buescher D Brad Keselowski D Ross Chastain,,,
874,5267597146,derrickmack75,0,86.6,D Tyler Reddick D Ty Gibbs D Joey Logano D Carson Hocevar D Alex Bowman D Michael McDowell,,,
875,5272663277,llcoach311,0,85.85,D Denny Hamlin D Ty Gibbs D Carson Hocevar D Ross Chastain D Josh Berry D Ryan Preece,,,
875,5272956656,wellmanracing,0,85.85,D Denny Hamlin D Ty Gibbs D Carson Hocevar D Ross Chastain D Josh Berry D Ryan Preece,,,
877,5273024360,ILDolphinsfan85,0,81.65,D Tyler Reddick D Ty Gibbs D Carson Hocevar D Ross Chastain D Alex Bowman D Josh Berry,,,
878,5272111890,Lucky-65,0,79.600006,D Ty Gibbs D Joey Logano D William Byron D Carson Hocevar D Chris Buescher D Ryan Preece,,,
879,5272738418,WhoDatNY,0,79.05,D Christopher Bell D Joey Logano D William Byron D Carson Hocevar D Josh Berry D Daniel Suárez,,,
880,5273090834,fetrowbama91,0,63.850006,D Ryan Blaney D Ty Gibbs D Joey Logano D Carson Hocevar D Josh Berry D Shane Van Gisbergen,,,
881,5272365657,briangile,0,63.35001,D Denny Hamlin D Bubba Wallace D Joey Logano D Carson Hocevar D Josh Berry D Zane Smith,,,
882,5270587161,Farmerjen,0,55.600006,D Bubba Wallace D Joey Logano D William Byron D Carson Hocevar D Chris Buescher D Josh Berry,,,
883,5267407688,zacamu,0,0,,,,
883,5268892832,TheBallsDeeper,0,0,,,,
883,5271973723,TKNation,0,0,,,,
883,5272492152,Sanchocow,0,0,,,,
883,5272949025,Karackta,0,0,,,,
883,5272964871,IndyGlen,0,0,,,,
883,5273125854,utvols82687,0,0,,,,
883,5273224034,DCHSR1,0,0,,,,
883,5273224038,Pneumann10,0,0,,,,
