Rank,EntryId,EntryName,TimeRemaining,Points,Lineup,,Player,Roster Position,%Drafted,FPTS
1,5266741319,Fatjack7,0,229.22,FLEX Cayden Lee QB Jayden Maiava RB Fluff Bothwell RB Caleb Hawkins S-FLEX Noah Fifita WR Evan Stewart WR Tre Spivey WR Mark Bowman,,Jamal Roberts,RB,53.37%,15.3
2,5270786569,bluewombat16,0,226.34,FLEX Cayden Lee QB Michael Hawkins Jr. RB Fluff Bothwell RB Caleb Hawkins S-FLEX Drew Mestemaker WR Evan Stewart WR Kayden Dixon-Wyatt WR DJ Epps,,Caleb Hawkins,RB,43.27%,27
3,5268752720,htownisclutch1985,0,224.73999,FLEX Cayden Lee QB Jayden Maiava RB Caleb Hawkins RB Rodney Fields Jr. S-FLEX Anthony Evans III WR Ryan Coleman-Williams WR Wyatt Young WR Sanfrisco Magee,,Anthony Evans III,WR,35.86%,21.9
4,5270259702,phalluspilsnermaker,0,223.76001,FLEX Evan Stewart QB Michael Hawkins Jr. RB Caleb Hawkins RB Jamal Roberts S-FLEX Noah Fifita WR Anthony Evans III WR Tre Spivey WR Cayden Lee,,Michael Hawkins Jr.,QB,29.29%,35.58
4,5270436559,kipper12,0,223.76001,FLEX Anthony Evans III QB Michael Hawkins Jr. RB Caleb Hawkins RB Jamal Roberts S-FLEX Noah Fifita WR Evan Stewart WR Tre Spivey WR Cayden Lee,,DJ Epps,WR,27.27%,5.9
6,5270713413,woodyttr420,0,218.32,FLEX Brett Norfleet QB Jayden Maiava RB Cam Cook RB Caleb Hawkins S-FLEX Noah Fifita WR Kayden Dixon-Wyatt WR Tre Spivey WR Cayden Lee,,Cayden Lee,WR,25.08%,41.6
7,5270708645,rb35771,0,215.44,FLEX Evan Stewart QB Michael Hawkins Jr. RB Fluff Bothwell RB Matt Fuller S-FLEX Drew Mestemaker WR Justin Bowick WR DJ Epps WR Cayden Lee,,Michael Hawkins Jr.,S-FLEX,22.73%,35.58
8,5270554018,jakirb,0,215.07999,FLEX Fluff Bothwell QB LaNorris Sellers RB Caleb Hawkins RB Jamal Roberts S-FLEX Noah Fifita WR Evan Stewart WR Kayden Dixon-Wyatt WR Cayden Lee,,Justin Bowick,WR,21.89%,16.3
9,5268003474,Bdog98z,0,214.13998,FLEX Cayden Lee QB Drew Mestemaker RB Caleb Hawkins RB Jamal Roberts S-FLEX Michael Hawkins Jr. WR Wyatt Young WR Anthony Evans III WR Miles Coleman,,Evan Stewart,WR,21.89%,18.6
10,5270202429,jjellonek77,0,211.66,FLEX Cayden Lee QB Drew Mestemaker RB Fluff Bothwell RB Joe Jackson S-FLEX LaNorris Sellers WR Wyatt Young WR Mario Craver WR Kayden Dixon-Wyatt,,Cam Cook,RB,20.88%,25.5
11,5270542256,tplmiz23,0,211.64001,FLEX Cayden Lee QB Michael Hawkins Jr. RB Daniel Hill RB Jamal Roberts S-FLEX Drew Mestemaker WR Justin Bowick WR Kayden Dixon-Wyatt WR Tre Spivey,,Drew Mestemaker,QB,18.18%,31.56
11,5270443893,JERKER19,0,211.63998,FLEX Dierre Hill Jr. QB Michael Hawkins Jr. RB Caleb Hawkins RB Jamal Roberts S-FLEX Drew Mestemaker WR Anthony Evans III WR Cayden Lee WR Josh Manning,,Kayden Dixon-Wyatt,WR,16.16%,27.4
13,5266854971,Patrick_Star,0,210.84,FLEX Jamal Roberts QB Michael Hawkins Jr. RB Caleb Hawkins RB Gi'Bran Payne S-FLEX Drew Mestemaker WR Justin Bowick WR Kayden Dixon-Wyatt WR Cayden Lee,,Avery Johnson,QB,14.65%,19.48
14,5270687279,chadjonesb,0,209.98001,FLEX Cole Tabb QB Kamario Taylor RB Jamal Roberts RB Matt Fuller S-FLEX Michael Hawkins Jr. WR Anthony Evans III WR DJ Epps WR Cayden Lee,,Josh Manning,WR,13.30%,2.9
15,5270676178,sweatytaint,0,209.24,FLEX Sanfrisco Magee QB Michael Hawkins Jr. RB King Miller RB Cole Tabb S-FLEX Drew Mestemaker WR Wyatt Young WR Anthony Evans III WR Evan Stewart,,Drew Mestemaker,S-FLEX,12.79%,31.56
16,5266789307,paintgirl,0,209.03998,FLEX Cayden Lee QB Drew Mestemaker RB Fluff Bothwell RB Caleb Hawkins S-FLEX Michael Hawkins Jr. WR Justin Bowick WR Donovan Olugbode WR Josh Manning,,Kamario Taylor,S-FLEX,12.63%,29.1
17,5270615355,sugewhite41,0,208.73999,FLEX John Neider QB Drew Mestemaker RB Cam Cook RB Caleb Hawkins S-FLEX Michael Hawkins Jr. WR Wyatt Young WR DJ Epps WR Cayden Lee,,Donovan Olugbode,WR,12.12%,15.4
18,5270189991,Biggarybear,0,207.16,FLEX Tre Spivey QB Drew Mestemaker RB Caleb Hawkins RB Matt Fuller S-FLEX Cayden Lee WR Mario Craver WR Justin Bowick WR Anthony Evans III,,Anthony Evans III,FLEX,10.94%,21.9
19,5270424720,mrclean913,0,206.56,FLEX Anthony Evans III QB Michael Hawkins Jr. RB Cam Cook RB Jamal Roberts S-FLEX Noah Fifita WR Tre Spivey WR Cayden Lee WR Josh Manning,,Winston Watkins Jr.,WR,10.94%,19
20,5270010740,amerine19,0,206.42001,FLEX Evan Stewart QB Michael Hawkins Jr. RB Jamal Roberts RB Cole Tabb S-FLEX Caden Pinnick WR Ryan Coleman-Williams WR Wyatt Young WR Winston Watkins Jr.,,Dilin Jones,RB,10.44%,17.5
21,5269934581,toby2977,0,205.78,FLEX Ryan Coleman-Williams QB Sam Leavitt RB Dierre Hill Jr. RB Caleb Hawkins S-FLEX Rico Scott WR Dakorien Moore WR Tre Spivey WR Jackson Harris,,Matt Fuller,RB,9.76%,27.2
22,5270608910,ctc2012,0,205.72,FLEX Cayden Lee QB Jayden Maiava RB Caleb Hawkins RB Gi'Bran Payne S-FLEX Michael Hawkins Jr. WR Anthony Evans III WR Donovan Olugbode WR Winston Watkins Jr.,,Kamario Taylor,QB,9.76%,29.1
23,5270673570,Cvick20,0,205.54001,FLEX Linkon Cure QB Michael Hawkins Jr. RB Cam Cook RB Caleb Hawkins S-FLEX Drew Mestemaker WR Wyatt Young WR Tanook Hines WR Cayden Lee,,Jaron Tibbs,WR,9.60%,1.6
24,5270773523,JSB31,0,205.26,FLEX Fluff Bothwell QB Michael Hawkins Jr. RB Caleb Hawkins RB Jamal Roberts S-FLEX Avery Johnson WR Anthony Evans III WR Cayden Lee WR Zacharyus Williams,,Dakorien Moore,WR,9.43%,13.2
25,5270300674,Jojobooboo,0,204.48001,FLEX Donovan Olugbode QB Michael Hawkins Jr. RB Cam Cook RB Caleb Hawkins S-FLEX Cayden Lee WR Evan Stewart WR Tre Spivey WR DJ Epps,,Cayden Lee,FLEX,9.09%,41.6
26,5267088827,jdmarc,0,204.44,FLEX Jamal Roberts QB Michael Hawkins Jr. RB Caleb Hawkins RB Gi'Bran Payne S-FLEX Drew Mestemaker WR Anthony Evans III WR Donovan Olugbode WR Cayden Lee,,Jamal Roberts,FLEX,8.92%,15.3
27,5270382511,joewiz711,0,204,FLEX Isaiah Horton QB Drew Mestemaker RB Dierre Hill Jr. RB Caleb Hawkins S-FLEX Marcel Reed WR Wyatt Young WR Cayden Lee WR Sanfrisco Magee,,King Miller,RB,8.75%,9.4
28,5269513704,brownbsr,0,203.62,FLEX Kayden Dixon-Wyatt QB Michael Hawkins Jr. RB Cam Cook RB Joe Jackson S-FLEX Caden Pinnick WR Anthony Evans III WR Evan Stewart WR Cayden Lee,,Wyatt Young,WR,8.59%,36.2
29,5266909820,plewis247,0,202.56,FLEX Cayden Lee QB Michael Hawkins Jr. RB Fluff Bothwell RB Jamal Roberts S-FLEX Avery Johnson WR Evan Stewart WR Kayden Dixon-Wyatt WR DJ Epps,,Gi'Bran Payne,RB,7.41%,16.1
30,5270593387,gottagitone,0,202.2,FLEX Caleb Hawkins QB Jayden Maiava RB Gi'Bran Payne RB Cole Tabb S-FLEX Drew Mestemaker WR Evan Stewart WR Kayden Dixon-Wyatt WR Winston Watkins Jr.,,Avery Johnson,S-FLEX,7.24%,19.48
31,5270288771,The_Pugfather22,0,201.4,FLEX Tre Spivey QB Drew Mestemaker RB Cam Cook RB Caleb Hawkins S-FLEX Caden Pinnick WR Justin Bowick WR Cayden Lee WR Zion Ragins,,Messiah Hampton,WR,6.90%,9
32,5269671224,Sammy.Boy,0,200.76001,FLEX Jamal Roberts QB Michael Hawkins Jr. RB Dilin Jones RB Caleb Hawkins S-FLEX Noah Fifita WR Tre Spivey WR Cayden Lee WR Rodney Gallagher III,,Mario Craver,WR,6.23%,6.7
33,5268273862,nuthouse312,0,200.54001,FLEX JV Gibson QB Drew Mestemaker RB Caleb Hawkins RB Jamal Roberts S-FLEX Michael Hawkins Jr. WR Anthony Evans III WR Winston Watkins Jr. WR Cayden Lee,,Fluff Bothwell,RB,6.06%,38.7
33,5270531213,mackcaddy1222,0,200.54001,FLEX JV Gibson QB Drew Mestemaker RB Caleb Hawkins RB Jamal Roberts S-FLEX Michael Hawkins Jr. WR Anthony Evans III WR Winston Watkins Jr. WR Cayden Lee,,Tre Spivey,WR,6.06%,34.9
33,5270597428,GenoMustGo,0,200.54001,FLEX Jaron Tibbs QB Michael Hawkins Jr. RB Fluff Bothwell RB Caleb Hawkins S-FLEX Drew Mestemaker WR Evan Stewart WR DJ Epps WR Cayden Lee,,JV Gibson,WR,5.72%,8.6
36,5267819122,daivondeans,0,200.51999,FLEX Cayden Lee QB Michael Hawkins Jr. RB Caleb Hawkins RB Jamal Roberts S-FLEX Jayden Maiava WR Evan Stewart WR Kayden Dixon-Wyatt WR DJ Epps,,Donovan Olugbode,FLEX,5.72%,15.4
37,5270683824,wbergland,0,200.28,FLEX Sanfrisco Magee QB Kamario Taylor RB Dilin Jones RB Jamal Roberts S-FLEX Noah Fifita WR Tre Spivey WR Cayden Lee WR Mark Bowman,,Mark Bowman,WR,5.56%,10.4
38,5270643572,kmdilsaver,0,200.07999,FLEX Cayden Lee QB Michael Hawkins Jr. RB Caleb Hawkins RB Jamal Roberts S-FLEX JC French IV WR Anthony Evans III WR Evan Stewart WR Kayden Dixon-Wyatt,,Noah Fifita,S-FLEX,5.39%,28.88
39,5270716745,cglenn91,0,199.64001,FLEX Anthony Evans III QB Drew Mestemaker RB Caleb Hawkins RB Jamal Roberts S-FLEX Michael Hawkins Jr. WR Evan Stewart WR Tanook Hines WR Cayden Lee,,Jayden Maiava,QB,5.22%,29.14
40,5270269846,Bondzai,0,199.44,FLEX Cayden Lee QB Jayden Maiava RB Fluff Bothwell RB Jamal Roberts S-FLEX Austin Simmons WR Donovan Olugbode WR Kayden Dixon-Wyatt WR Tanook Hines,,Ryan Coleman-Williams,WR,5.22%,27.2
41,5268852913,mjfawcett83,0,198.93997,FLEX DJ Epps QB Drew Mestemaker RB Caleb Hawkins RB Kedrick Reescano S-FLEX Michael Hawkins Jr. WR Wyatt Young WR Donovan Olugbode WR Cayden Lee,,Dante Moore,S-FLEX,5.05%,4.08
42,5270031884,Josh2255,0,198.84,FLEX Donovan Olugbode QB Drew Mestemaker RB Jamal Roberts RB Matt Fuller S-FLEX Michael Hawkins Jr. WR Dakorien Moore WR Winston Watkins Jr. WR Cayden Lee,,Zacharyus Williams,WR,5.05%,5.7
43,5269517637,Minlaian1000,0,198.73999,FLEX Anthony Evans III QB Michael Hawkins Jr. RB Caleb Hawkins RB Jamal Roberts S-FLEX Drew Mestemaker WR Donovan Olugbode WR Cayden Lee WR Mark Bowman,,Tanook Hines,WR,4.88%,8.1
44,5270695114,billbooth2,0,198.66,FLEX Mark Bowman QB Michael Hawkins Jr. RB Caleb Hawkins RB Jamal Roberts S-FLEX Avery Johnson WR Anthony Evans III WR Kayden Dixon-Wyatt WR Cayden Lee,,Daniel Hill,RB,4.88%,9
45,5269956566,WALTERABRAMS,0,198.24002,FLEX Jamal Roberts QB Drew Mestemaker RB Caleb Hawkins RB King Miller S-FLEX Noah Fifita WR Anthony Evans III WR Cayden Lee WR Sanfrisco Magee,,J.J. Hill,RB,4.88%,0
46,5270706780,Pilgrims,0,197.68,FLEX Cole Tabb QB Sam Leavitt RB Caleb Hawkins RB King Miller S-FLEX Tre Spivey WR Anthony Evans III WR Kayden Dixon-Wyatt WR Winston Watkins Jr.,,Rodney Fields Jr.,RB,4.71%,19.1
47,5270771714,BeerBat,0,197.5,FLEX Shaun Terry II QB Caden Pinnick RB Cam Cook RB Fluff Bothwell S-FLEX Drew Mestemaker WR Dakorien Moore WR Kayden Dixon-Wyatt WR Tre Spivey,,Dante Moore,QB,4.55%,4.08
48,5270016291,Sidewinders3,0,197.44,FLEX Evan Stewart QB Drew Mestemaker RB Caleb Hawkins RB Jamal Roberts S-FLEX Michael Hawkins Jr. WR Anthony Evans III WR DJ Epps WR Cayden Lee,,Jayden Maiava,S-FLEX,4.55%,29.14
49,5266885208,JTFarley,0,197.32,FLEX Cayden Lee QB Michael Hawkins Jr. RB Caleb Hawkins RB Jamal Roberts S-FLEX Jayden Maiava WR Donovan Olugbode WR Kayden Dixon-Wyatt WR DJ Epps,,Kedrick Reescano,RB,4.55%,5.7
50,5269893041,razorchiefs,0,197.16,FLEX Gi'Bran Payne QB Avery Johnson RB Caleb Hawkins RB Jamal Roberts S-FLEX Michael Hawkins Jr. WR Wyatt Young WR DJ Epps WR Cayden Lee,,Evan Stewart,FLEX,4.21%,18.6
51,5270570341,deatherton,0,197.08002,FLEX Donovan Olugbode QB Noah Fifita RB Cam Cook RB Caleb Hawkins S-FLEX Austin Simmons WR Tre Spivey WR Cayden Lee WR Rodney Gallagher III,,JC French IV,S-FLEX,4.21%,12.7
52,5270176344,jnwallen,0,197.06,FLEX Cayden Lee QB Avery Johnson RB Fluff Bothwell RB Caleb Hawkins S-FLEX Michael Hawkins Jr. WR Dakorien Moore WR Evan Stewart WR Josh Manning,,John Neider,WR,4.21%,5.4
53,5270571367,JayMan8955,0,196.85999,FLEX Cole Tabb QB Drew Mestemaker RB Cam Cook RB Kedrick Reescano S-FLEX Austin Simmons WR Justin Bowick WR Winston Watkins Jr. WR Cayden Lee,,Sanfrisco Magee,WR,4.04%,22.6
54,5269851672,dts127,0,196.54001,FLEX Cayden Lee QB Michael Hawkins Jr. RB Cam Cook RB Caleb Hawkins S-FLEX Drew Mestemaker WR Justin Bowick WR DJ Epps WR Terrence Lewis,,Joe Jackson,RB,3.70%,11.9
55,5269817451,coachtk28,0,195.68,FLEX Justin Bowick QB Michael Hawkins Jr. RB Jamal Roberts RB Cole Tabb S-FLEX Anthony Evans III WR Ryan Coleman-Williams WR Evan Stewart WR Kayden Dixon-Wyatt,,Cole Tabb,RB,3.70%,33.4
56,5270721263,wallabyusc,0,195.48,FLEX Kayden Dixon-Wyatt QB Michael Hawkins Jr. RB Caleb Hawkins RB Matt Fuller S-FLEX LaNorris Sellers WR Wyatt Young WR Evan Stewart WR DJ Epps,,LaNorris Sellers,QB,3.54%,17.6
57,5267536308,ruckness815,0,195.27998,FLEX Cole Tabb QB Kamario Taylor RB Caleb Hawkins RB Rodney Fields Jr. S-FLEX Michael Hawkins Jr. WR Wyatt Young WR DJ Epps WR Messiah Hampton,,Sam Leavitt,S-FLEX,3.54%,24.68
58,5270677517,spblitz,0,194.76001,FLEX Mario Craver QB Sam Leavitt RB Matt Fuller RB Cole Tabb S-FLEX Michael Hawkins Jr. WR Anthony Evans III WR Tre Spivey WR Mark Bowman,,Kayden Dixon-Wyatt,FLEX,3.37%,27.4
59,5270022792,Satch65,0,194.57999,FLEX Cayden Lee QB Noah Fifita RB Dilin Jones RB Jamal Roberts S-FLEX Kamario Taylor WR Anthony Evans III WR Tre Spivey WR John Neider,,Austin Simmons,S-FLEX,3.20%,23.8
60,5270735173,corruption79,0,194.41998,FLEX Cayden Lee QB Jayden Maiava RB Caleb Hawkins RB Kedrick Reescano S-FLEX Sam Leavitt WR Kayden Dixon-Wyatt WR Jaron Tibbs WR Jackson Harris,,Chris Barnes,WR,3.20%,7.8
61,5270648373,bitterjazzfan4,0,194.16,FLEX Anthony Evans III QB Michael Hawkins Jr. RB Caleb Hawkins RB Jamal Roberts S-FLEX Avery Johnson WR Kayden Dixon-Wyatt WR DJ Epps WR Cayden Lee,,Dakorien Moore,FLEX,3.03%,13.2
62,5270609295,jeffylube,0,193.63998,FLEX Cayden Lee QB JC French IV RB Caleb Hawkins RB Jamal Roberts S-FLEX Jayden Maiava WR Anthony Evans III WR Evan Stewart WR Kayden Dixon-Wyatt,,LaNorris Sellers,S-FLEX,3.03%,17.6
63,5270238515,Lukedoddtpw13,0,193.58002,FLEX Dakorien Moore QB Michael Hawkins Jr. RB Dilin Jones RB Matt Fuller S-FLEX LaNorris Sellers WR Anthony Evans III WR Winston Watkins Jr. WR Cayden Lee,,Noah Fifita,QB,3.03%,28.88
64,5266855822,blitzburgh07,0,193.14001,FLEX Evan Stewart QB Drew Mestemaker RB Caleb Hawkins RB Jamal Roberts S-FLEX Michael Hawkins Jr. WR Anthony Evans III WR Jaron Tibbs WR Cayden Lee,,Keelon Russell,QB,3.03%,43.1
64,5270048191,mfoleyy2,0,193.13998,FLEX Cayden Lee QB Drew Mestemaker RB Cam Cook RB Jamal Roberts S-FLEX Michael Hawkins Jr. WR Justin Bowick WR Anthony Evans III WR John Neider,,DJ Epps,FLEX,3.03%,5.9
64,5270623573,Daily_Big_Kahuna,0,193.13998,FLEX Anthony Evans III QB Michael Hawkins Jr. RB Cam Cook RB Jamal Roberts S-FLEX Drew Mestemaker WR Justin Bowick WR Cayden Lee WR John Neider,,Zion Ragins,WR,3.03%,3.4
67,5269501853,farleyboys,0,192.66,FLEX Cayden Lee QB Kamario Taylor RB Gi'Bran Payne RB EJ Crowell S-FLEX Drew Mestemaker WR Ryan Coleman-Williams WR Wyatt Young WR DJ Epps,,Josh Manning,FLEX,2.86%,2.9
68,5270723955,bradharvey,0,192.57999,FLEX Cayden Lee QB Michael Hawkins Jr. RB Jamal Roberts RB Rodney Fields Jr. S-FLEX Kamario Taylor WR Evan Stewart WR Kayden Dixon-Wyatt WR DJ Epps,,JV Gibson,FLEX,2.69%,8.6
69,5270338691,Tbwspartan,0,191.34,FLEX King Miller QB Drew Mestemaker RB Caleb Hawkins RB Jamal Roberts S-FLEX Michael Hawkins Jr. WR Anthony Evans III WR Cayden Lee WR Messiah Hampton,,Sam Leavitt,QB,2.69%,24.68
70,5270738259,jake_88,0,191.04001,FLEX Cayden Lee QB Michael Hawkins Jr. RB King Miller RB Gi'Bran Payne S-FLEX Drew Mestemaker WR Justin Bowick WR Anthony Evans III WR Evan Stewart,,Austin Simmons,QB,2.69%,23.8
71,5270769015,NCProWrstlngFN,0,190.84,FLEX Josh Manning QB Michael Hawkins Jr. RB Cam Cook RB Caleb Hawkins S-FLEX Drew Mestemaker WR Justin Bowick WR Cayden Lee WR Mark Bowman,,Nyck Harbor,WR,2.69%,13.2
72,5266970003,WuDaFarmer,0,190.58,FLEX Chris Barnes QB Austin Simmons RB Dilin Jones RB Caleb Hawkins S-FLEX Michael Hawkins Jr. WR Anthony Evans III WR Donovan Olugbode WR Cayden Lee,,Marcel Reed,S-FLEX,2.53%,1.94
73,5269118169,briannedanielle,0,190.18001,FLEX Cam Cook QB LaNorris Sellers RB Caleb Hawkins RB Jamal Roberts S-FLEX Michael Hawkins Jr. WR Anthony Evans III WR Cayden Lee WR Zacharyus Williams,,EJ Crowell,RB,2.36%,5
73,5270606250,Oxyfide,0,190.18001,FLEX Jamal Roberts QB Michael Hawkins Jr. RB Cam Cook RB Caleb Hawkins S-FLEX LaNorris Sellers WR Anthony Evans III WR Cayden Lee WR Zacharyus Williams,,Zion Ragins,FLEX,2.19%,3.4
75,5270775950,Yossarian230,0,190.14,FLEX Zacharyus Williams QB Drew Mestemaker RB Cam Cook RB Jamal Roberts S-FLEX Michael Hawkins Jr. WR Justin Bowick WR Evan Stewart WR Cayden Lee,,Justin Bowick,FLEX,2.19%,16.3
76,5269937695,Qui-Gunn,0,190.04001,FLEX Cole Tabb QB Jayden Maiava RB Jordon Davison RB Rueben Owens II S-FLEX LaNorris Sellers WR Ryan Coleman-Williams WR Winston Watkins Jr. WR Cayden Lee,,Winston Watkins Jr.,FLEX,2.19%,19
77,5270249798,nathanb977,0,189.76,FLEX Nyck Harbor QB LaNorris Sellers RB Dierre Hill Jr. RB King Miller S-FLEX Drew Mestemaker WR Wyatt Young WR Evan Stewart WR Kayden Dixon-Wyatt,,Mario Craver,FLEX,2.02%,6.7
78,5269244851,lukeevans30,0,189.66,FLEX Caleb Hawkins QB Michael Hawkins Jr. RB Daniel Hill RB Jamal Roberts S-FLEX Noah Fifita WR Anthony Evans III WR Cayden Lee WR Mark Bowman,,Marquis Johnson,WR,2.02%,10
79,5266698500,jamest1728,0,189.54001,FLEX Sanfrisco Magee QB Michael Hawkins Jr. RB Caleb Hawkins RB Jamal Roberts S-FLEX Drew Mestemaker WR Wyatt Young WR Justin Bowick WR Miles Coleman,,Keelon Russell,S-FLEX,2.02%,43.1
80,5270184693,JeremeWilliams,0,189.48001,FLEX Winston Watkins Jr. QB Michael Hawkins Jr. RB Caleb Hawkins RB King Miller S-FLEX Austin Simmons WR Ryan Coleman-Williams WR DJ Epps WR Cayden Lee,,JC French IV,QB,2.02%,12.7
81,5270710888,Jimbobwae42,0,189.26,FLEX Kayden Dixon-Wyatt QB Michael Hawkins Jr. RB Caleb Hawkins RB Cole Tabb S-FLEX Avery Johnson WR Anthony Evans III WR Evan Stewart WR DJ Epps,,Cam Cook,FLEX,1.85%,25.5
82,5267436265,okiecowpoke,0,189.16,FLEX Wyatt Young QB Austin Simmons RB King Miller RB Kedrick Reescano S-FLEX Drew Mestemaker WR Anthony Evans III WR Winston Watkins Jr. WR Cayden Lee,,Lotzeir Brooks,WR,1.68%,15.8
83,5269946579,elkhunter07,0,189.14,FLEX Zacharyus Williams QB Michael Hawkins Jr. RB Cam Cook RB Caleb Hawkins S-FLEX Drew Mestemaker WR Justin Bowick WR DJ Epps WR Cayden Lee,,Trae'shawn Brown,RB,1.68%,2.2
84,5269986278,Bigb16,0,188.97998,FLEX Cayden Lee QB Michael Hawkins Jr. RB Cam Cook RB Caleb Hawkins S-FLEX Kamario Taylor WR Anthony Evans III WR Josh Manning WR John Neider,,Caleb Hawkins,FLEX,1.68%,27
84,5270487780,FrozenFromundaCheese,0,188.97998,FLEX Anthony Evans III QB Michael Hawkins Jr. RB Cam Cook RB Caleb Hawkins S-FLEX Kamario Taylor WR Cayden Lee WR Josh Manning WR John Neider,,Cole Tabb,FLEX,1.68%,33.4
86,5270533712,BattleReg,0,188.66,FLEX Anthony Evans III QB Avery Johnson RB Jamal Roberts RB Matt Fuller S-FLEX Michael Hawkins Jr. WR Winston Watkins Jr. WR JV Gibson WR Cayden Lee,,Dilin Jones,FLEX,1.68%,17.5
86,5270753237,obtain,0,188.66,FLEX JV Gibson QB Avery Johnson RB Jamal Roberts RB Matt Fuller S-FLEX Michael Hawkins Jr. WR Anthony Evans III WR Winston Watkins Jr. WR Cayden Lee,,Jaron Tibbs,FLEX,1.68%,1.6
88,5270732023,haitiankid79,0,188.63998,FLEX Cayden Lee QB Drew Mestemaker RB Caleb Hawkins RB Jamal Roberts S-FLEX Michael Hawkins Jr. WR Justin Bowick WR Donovan Olugbode WR DJ Epps,,Eugene Wilson III,FLEX,1.68%,5.3
89,5270603969,hollywoodhussey,0,188.58002,FLEX Marquis Johnson QB Michael Hawkins Jr. RB Caleb Hawkins RB Jamal Roberts S-FLEX Kamario Taylor WR Anthony Evans III WR Tanook Hines WR Cayden Lee,,Miles Coleman,WR,1.52%,5
89,5270641805,Robinson_acr,0,188.58002,FLEX Tanook Hines QB Michael Hawkins Jr. RB Caleb Hawkins RB Jamal Roberts S-FLEX Kamario Taylor WR Anthony Evans III WR Cayden Lee WR Marquis Johnson,,Jordon Davison,RB,1.52%,14
91,5269831929,1TM32,0,187.97998,FLEX Jamal Roberts QB Michael Hawkins Jr. RB Cam Cook RB Caleb Hawkins S-FLEX JC French IV WR Kayden Dixon-Wyatt WR Cayden Lee WR Josh Manning,,Rico Scott,WR,1.52%,5.7
92,5270637573,ericksona5,0,187.95999,FLEX Gi'Bran Payne QB Drew Mestemaker RB Dilin Jones RB Fluff Bothwell S-FLEX LaNorris Sellers WR Justin Bowick WR JV Gibson WR Cayden Lee,,Eugene Wilson III,WR,1.52%,5.3
93,5266761513,Sjcollins724,0,187.58002,FLEX Anthony Evans III QB Michael Hawkins Jr. RB Caleb Hawkins RB Jamal Roberts S-FLEX Kamario Taylor WR Tanook Hines WR Cayden Lee WR Messiah Hampton,,Brandon White,WR,1.52%,9.3
94,5267544783,Playonplayah,0,187.24,FLEX Jamal Roberts QB Michael Hawkins Jr. RB Cam Cook RB Caleb Hawkins S-FLEX Drew Mestemaker WR Cayden Lee WR Chris Barnes WR Josh Manning,,Isaiah Horton,WR,1.52%,7.3
95,5270718082,moondogs24,0,186.64,FLEX Kayden Dixon-Wyatt QB Drew Mestemaker RB Cam Cook RB Rodney Fields Jr. S-FLEX Michael Hawkins Jr. WR Winston Watkins Jr. WR DJ Epps WR Sanfrisco Magee,,King Miller,FLEX,1.52%,9.4
96,5270691873,joegustafson330,0,186.59998,FLEX Anthony Evans III QB Keelon Russell RB J.J. Hill RB Cole Tabb S-FLEX JC French IV WR Ryan Coleman-Williams WR Mario Craver WR Cayden Lee,,Rodney Gallagher III,WR,1.18%,0
97,5270601701,hamhock41,0,186.38002,FLEX Cayden Lee QB Michael Hawkins Jr. RB Caleb Hawkins RB Jamal Roberts S-FLEX Kamario Taylor WR Anthony Evans III WR Tanook Hines WR Chris Barnes,,Messiah Hampton,FLEX,1.18%,9
98,5269753196,jonchill,0,185.88,FLEX Donovan Olugbode QB Michael Hawkins Jr. RB Caleb Hawkins RB Jamal Roberts S-FLEX Kamario Taylor WR Anthony Evans III WR Cayden Lee WR Ashton Bethel-Roman,,Terrence Lewis,WR,1.18%,13.1
98,5270038004,lpratts,0,185.88,FLEX Anthony Evans III QB Kamario Taylor RB Caleb Hawkins RB Jamal Roberts S-FLEX Michael Hawkins Jr. WR Donovan Olugbode WR Cayden Lee WR Ashton Bethel-Roman,,Jackson Harris,WR,1.18%,37.3
100,5269649040,s1t5oker,0,185.79999,FLEX J.J. Hill QB Keelon Russell RB Dierre Hill Jr. RB Kedrick Reescano S-FLEX Gi'Bran Payne WR Ryan Coleman-Williams WR Justin Bowick WR Cayden Lee,,Tanook Hines,FLEX,1.18%,8.1
100,5269685233,SBUBONNIES,0,185.79999,FLEX Marquis Johnson QB Keelon Russell RB Jamal Roberts RB Gi'Bran Payne S-FLEX Kamario Taylor WR Ryan Coleman-Williams WR Cayden Lee WR Zion Ragins,,Mark Bowman,FLEX,1.18%,10.4
102,5270423710,bruc0074,0,185.76001,FLEX DJ Epps QB Michael Hawkins Jr. RB Caleb Hawkins RB Jamal Roberts S-FLEX Avery Johnson WR Anthony Evans III WR Winston Watkins Jr. WR Cayden Lee,,Tradarian Ball,RB,1.01%,0
103,5270319887,soonerbernie2002,0,185.6,FLEX Josh Manning QB Kamario Taylor RB Caleb Hawkins RB Matt Fuller S-FLEX Austin Simmons WR Donovan Olugbode WR Evan Stewart WR Cayden Lee,,Donovan Olugbode,S-FLEX,1.01%,15.4
104,5270288837,joelle,0,185.58002,FLEX Dilin Jones QB Michael Hawkins Jr. RB Caleb Hawkins RB Jamal Roberts S-FLEX Evan Stewart WR Anthony Evans III WR Tanook Hines WR Cayden Lee,,Matt Fuller,FLEX,1.01%,27.2
104,5270461006,LDog7474,0,185.58,FLEX Cayden Lee QB LaNorris Sellers RB Caleb Hawkins RB Jamal Roberts S-FLEX Sam Leavitt WR Ryan Coleman-Williams WR Winston Watkins Jr. WR Nyck Harbor,,Ryan Coleman-Williams,FLEX,1.01%,27.2
106,5269192162,bigstick8412,0,185.27998,FLEX Jamal Roberts QB Michael Hawkins Jr. RB Cam Cook RB Caleb Hawkins S-FLEX JC French IV WR Anthony Evans III WR Cayden Lee WR Zacharyus Williams,,Dierre Hill Jr.,RB,1.01%,35.8
106,5269635521,CBubbs1982,0,185.27998,FLEX Jamal Roberts QB JC French IV RB Cam Cook RB Caleb Hawkins S-FLEX Michael Hawkins Jr. WR Anthony Evans III WR Cayden Lee WR Zacharyus Williams,,Marquis Johnson,FLEX,1.01%,10
106,5269723810,rajonrondough,0,185.27998,FLEX Jamal Roberts QB Michael Hawkins Jr. RB Cam Cook RB Caleb Hawkins S-FLEX JC French IV WR Anthony Evans III WR Cayden Lee WR Zacharyus Williams,,Brandon Phelps,WR,1.01%,1.6
106,5270635993,ScottieTjr,0,185.27998,FLEX Jamal Roberts QB Michael Hawkins Jr. RB Cam Cook RB Caleb Hawkins S-FLEX JC French IV WR Anthony Evans III WR Cayden Lee WR Zacharyus Williams,,Gi'Bran Payne,FLEX,1.01%,16.1
106,5270690062,anthb21,0,185.27998,FLEX Jamal Roberts QB Michael Hawkins Jr. RB Cam Cook RB Caleb Hawkins S-FLEX JC French IV WR Anthony Evans III WR Cayden Lee WR Zacharyus Williams,,Zacharyus Williams,FLEX,1.01%,5.7
111,5269984793,jik18,0,185.14,FLEX Anthony Evans III QB Drew Mestemaker RB Caleb Hawkins RB Jamal Roberts S-FLEX Michael Hawkins Jr. WR Evan Stewart WR Kayden Dixon-Wyatt WR Chris Barnes,,Wyatt Young,FLEX,0.84%,36.2
112,5267772317,tzshannon,0,184.97998,FLEX Jamal Roberts QB Michael Hawkins Jr. RB Cam Cook RB Caleb Hawkins S-FLEX JC French IV WR Anthony Evans III WR Cayden Lee WR John Neider,,Waymond Jordan,RB,0.84%,4.1
112,5268010570,griffalicious24,0,184.97998,FLEX Jamal Roberts QB Michael Hawkins Jr. RB Cam Cook RB Caleb Hawkins S-FLEX JC French IV WR Anthony Evans III WR Cayden Lee WR John Neider,,Caden Pinnick,S-FLEX,0.84%,21.14
112,5268182452,CashLineCriminal,0,184.97998,FLEX Jamal Roberts QB Michael Hawkins Jr. RB Cam Cook RB Caleb Hawkins S-FLEX JC French IV WR Anthony Evans III WR Cayden Lee WR John Neider,,Marcel Reed,QB,0.84%,1.94
112,5268841881,Sofisa1314,0,184.97998,FLEX Jamal Roberts QB Michael Hawkins Jr. RB Cam Cook RB Caleb Hawkins S-FLEX JC French IV WR Anthony Evans III WR Cayden Lee WR John Neider,,Dakorien Moore,S-FLEX,0.84%,13.2
112,5269468574,capt_buzzkill,0,184.97998,FLEX Jamal Roberts QB Michael Hawkins Jr. RB Cam Cook RB Caleb Hawkins S-FLEX JC French IV WR Anthony Evans III WR Cayden Lee WR John Neider,,EJ Crowell,FLEX,0.84%,5
112,5269597224,tarhokie3,0,184.97998,FLEX Jamal Roberts QB Michael Hawkins Jr. RB Cam Cook RB Caleb Hawkins S-FLEX JC French IV WR Anthony Evans III WR Cayden Lee WR John Neider,,Fluff Bothwell,FLEX,0.84%,38.7
112,5269755086,jcrewguy,0,184.97998,FLEX Jamal Roberts QB Michael Hawkins Jr. RB Cam Cook RB Caleb Hawkins S-FLEX JC French IV WR Anthony Evans III WR Cayden Lee WR John Neider,,Tre Spivey,FLEX,0.84%,34.9
112,5270418557,SoulChild,0,184.97998,FLEX Jamal Roberts QB Michael Hawkins Jr. RB Cam Cook RB Caleb Hawkins S-FLEX JC French IV WR Anthony Evans III WR Cayden Lee WR John Neider,,Jaden Bray,WR,0.67%,4.2
112,5270631220,blambeth2424,0,184.97998,FLEX Jamal Roberts QB JC French IV RB Cam Cook RB Caleb Hawkins S-FLEX Michael Hawkins Jr. WR Anthony Evans III WR Cayden Lee WR John Neider,,Sanfrisco Magee,FLEX,0.67%,22.6
112,5270710106,kgdobby,0,184.97998,FLEX Jamal Roberts QB JC French IV RB Cam Cook RB Caleb Hawkins S-FLEX Michael Hawkins Jr. WR Anthony Evans III WR Cayden Lee WR John Neider,,Kirby Vorhees,RB,0.67%,8.6
112,5270778619,gwsanche,0,184.97998,FLEX Jamal Roberts QB Michael Hawkins Jr. RB Cam Cook RB Caleb Hawkins S-FLEX JC French IV WR Anthony Evans III WR Cayden Lee WR John Neider,,Kedrick Reescano,FLEX,0.67%,5.7
123,5270677527,PackSpartan4,0,184.88,FLEX Ryan Coleman-Williams QB Michael Hawkins Jr. RB Rodney Fields Jr. RB Riley Wormley S-FLEX Keelon Russell WR Evan Stewart WR Tre Spivey WR DJ Epps,,Brett Norfleet,FLEX,0.67%,3.9
124,5270535004,TheMemberBerries,0,184.74,FLEX Jaden Bray QB Drew Mestemaker RB Caleb Hawkins RB Kedrick Reescano S-FLEX Noah Fifita WR Wyatt Young WR Justin Bowick WR Tre Spivey,,Malachi Thomas,WR,0.67%,0
125,5270670818,des7169,0,184.59998,FLEX Anthony Evans III QB Austin Simmons RB Cam Cook RB Cole Tabb S-FLEX Kamario Taylor WR DJ Epps WR Cayden Lee WR Zion Ragins,,Rueben Owens II,RB,0.67%,8.1
126,5270147560,bnic04,0,184.56,FLEX Evan Stewart QB LaNorris Sellers RB Matt Fuller RB Gi'Bran Payne S-FLEX Drew Mestemaker WR Wyatt Young WR Anthony Evans III WR Donovan Olugbode,,Winston Watkins Jr.,S-FLEX,0.67%,19
127,5270732967,frozenover,0,184.54001,FLEX Evan Stewart QB Michael Hawkins Jr. RB Fluff Bothwell RB Jamal Roberts S-FLEX Drew Mestemaker WR Justin Bowick WR DJ Epps WR Sanfrisco Magee,,Rodney Fields Jr.,FLEX,0.67%,19.1
128,5270549978,bdensley,0,184.19998,FLEX Anthony Evans III QB Keelon Russell RB Matt Fuller RB Gi'Bran Payne S-FLEX Kamario Taylor WR Kayden Dixon-Wyatt WR Mark Bowman WR Messiah Hampton,,Jabree Coleman,RB,0.67%,2
129,5270585363,desertfires9321,0,183.62,FLEX Cayden Lee QB Michael Hawkins Jr. RB Dilin Jones RB Fluff Bothwell S-FLEX Marcel Reed WR Wyatt Young WR Mario Craver WR John Neider,,Noah Rogers,WR,0.67%,4.6
130,5269782953,byrum,0,183.46002,FLEX Cayden Lee QB Kamario Taylor RB Caleb Hawkins RB Jamal Roberts S-FLEX Drew Mestemaker WR Anthony Evans III WR Donovan Olugbode WR Brandon Phelps,,Chris Hunter,WR,0.67%,7.9
131,5270728091,papa-sports-39,0,182.84,FLEX King Miller QB Jayden Maiava RB Caleb Hawkins RB Matt Fuller S-FLEX Tre Spivey WR Anthony Evans III WR Kayden Dixon-Wyatt WR DJ Epps,,Monterrio Elston Jr.,RB,0.51%,0
132,5270099203,tyschmidt22,0,182.65999,FLEX Anthony Evans III QB Michael Hawkins Jr. RB Cam Cook RB Caleb Hawkins S-FLEX Avery Johnson WR DJ Epps WR Cayden Lee WR Zacharyus Williams,,Cayden Lee,S-FLEX,0.51%,41.6
132,5270620507,epi10mg,0,182.65999,FLEX Carson Kolb QB Drew Mestemaker RB Cam Cook RB Dilin Jones S-FLEX Keelon Russell WR Justin Bowick WR Cayden Lee WR John Neider,,Justin Bowick,S-FLEX,0.51%,16.3
134,5269078146,JRBucks34,0,182.43999,FLEX DJ Epps QB Michael Hawkins Jr. RB Caleb Hawkins RB Jamal Roberts S-FLEX Drew Mestemaker WR Wyatt Young WR Anthony Evans III WR Messiah Hampton,,Isaiah Horton,FLEX,0.51%,7.3
135,5270690938,carlbailey,0,182.35999,FLEX Gi'Bran Payne QB Avery Johnson RB Cam Cook RB Caleb Hawkins S-FLEX Michael Hawkins Jr. WR Tanook Hines WR Cayden Lee WR Messiah Hampton,,Ashton Bethel-Roman,WR,0.51%,0
136,5270011155,Huskers61,0,181.68001,FLEX Eugene Wilson III QB Michael Hawkins Jr. RB Caleb Hawkins RB Jamal Roberts S-FLEX Kamario Taylor WR Anthony Evans III WR DJ Epps WR Cayden Lee,,Noah Rogers,FLEX,0.51%,4.6
137,5270701478,bigdog002,0,181.44,FLEX Jamal Roberts QB Michael Hawkins Jr. RB Cam Cook RB Caleb Hawkins S-FLEX Drew Mestemaker WR Wyatt Young WR Zacharyus Williams WR Noah Rogers,,Rico Scott,FLEX,0.51%,5.7
138,5267106836,osusnp,0,181.34,FLEX Evan Stewart QB Michael Hawkins Jr. RB Caleb Hawkins RB Jamal Roberts S-FLEX Drew Mestemaker WR Wyatt Young WR Donovan Olugbode WR Carson Kolb,,Branden Ganashamoorthy,WR,0.51%,16.7
139,5269682621,heathie512,0,181.14,FLEX Kayden Dixon-Wyatt QB Drew Mestemaker RB Caleb Hawkins RB Gi'Bran Payne S-FLEX Michael Hawkins Jr. WR Justin Bowick WR Evan Stewart WR JV Gibson,,Mazeo Bennett Jr.,WR,0.51%,4.8
139,5270459437,cde201,0,181.14,FLEX Evan Stewart QB Michael Hawkins Jr. RB Jamal Roberts RB Gi'Bran Payne S-FLEX Drew Mestemaker WR Wyatt Young WR Anthony Evans III WR DJ Epps,,Brandon White,FLEX,0.51%,9.3
141,5270668310,mt949,0,180.84,FLEX Mario Craver QB Kamario Taylor RB King Miller RB Gi'Bran Payne S-FLEX Caden Pinnick WR Anthony Evans III WR Tre Spivey WR Cayden Lee,,DJ Epps,S-FLEX,0.34%,5.9
142,5270317043,whiteduece,0,180.76,FLEX Jamal Roberts QB Avery Johnson RB Dilin Jones RB Caleb Hawkins S-FLEX Michael Hawkins Jr. WR Evan Stewart WR Cayden Lee WR Zacharyus Williams,,Trae'shawn Brown,FLEX,0.34%,2.2
143,5270755383,rigbak,0,180.7,FLEX Anthony Evans III QB LaNorris Sellers RB Cam Cook RB Caleb Hawkins S-FLEX Kamario Taylor WR Cayden Lee WR Nyck Harbor WR Mazeo Bennett Jr.,,Ismail Mahdi,RB,0.34%,7.8
144,5270666052,ttyler1,0,180.64001,FLEX Donovan Olugbode QB Drew Mestemaker RB Jamal Roberts RB J.J. Hill S-FLEX Noah Fifita WR Ryan Coleman-Williams WR Kayden Dixon-Wyatt WR Tre Spivey,,Daniel Blood,FLEX,0.34%,10.7
145,5270116591,Geauxgonzo,0,180.48001,FLEX EJ Crowell QB Kamario Taylor RB Dilin Jones RB Jamal Roberts S-FLEX Michael Hawkins Jr. WR Kayden Dixon-Wyatt WR Cayden Lee WR Messiah Hampton,,Jay Harris,RB,0.34%,0
145,5266674525,mikebkmm5,0,180.48,FLEX Cayden Lee QB Kamario Taylor RB Cam Cook RB Monterrio Elston Jr. S-FLEX Michael Hawkins Jr. WR Anthony Evans III WR Sanfrisco Magee WR Jaden Bray,,Carson Kolb,WR,0.34%,1.7
147,5270660838,enuffsaid33,0,180.37999,FLEX Anthony Evans III QB Austin Simmons RB Caleb Hawkins RB Gi'Bran Payne S-FLEX Michael Hawkins Jr. WR Donovan Olugbode WR Dakorien Moore WR Kayden Dixon-Wyatt,,Terrence Lewis,FLEX,0.34%,13.1
148,5269301794,methington23,0,180.35999,FLEX Justin Bowick QB Avery Johnson RB Jamal Roberts RB Matt Fuller S-FLEX Michael Hawkins Jr. WR Winston Watkins Jr. WR DJ Epps WR Cayden Lee,,Anthony Evans III,S-FLEX,0.34%,21.9
149,5269070267,Jondrea80,0,180.23999,FLEX Miles Coleman QB Michael Hawkins Jr. RB Cam Cook RB Caleb Hawkins S-FLEX Drew Mestemaker WR Wyatt Young WR Mark Bowman WR Messiah Hampton,,Miles Coleman,FLEX,0.34%,5
150,5270526915,smcc716,0,179.68001,FLEX Jamal Roberts QB JC French IV RB Cam Cook RB Caleb Hawkins S-FLEX Michael Hawkins Jr. WR Justin Bowick WR Cayden Lee WR Zacharyus Williams,,Darrius Clemons,WR,0.34%,9.7
151,5270597499,r_howell21,0,179.45999,FLEX Jackson Harris QB Michael Hawkins Jr. RB Fluff Bothwell RB Joe Jackson S-FLEX Dante Moore WR Evan Stewart WR Kayden Dixon-Wyatt WR DJ Epps,,Armoni Weaver-Bomar,FLEX,0.34%,0.8
152,5270392084,Dr_Two_Inch,0,179.38,FLEX Jamal Roberts QB Michael Hawkins Jr. RB Dilin Jones RB Caleb Hawkins S-FLEX LaNorris Sellers WR Anthony Evans III WR Cayden Lee WR Josh Manning,,Jaron Tibbs,S-FLEX,0.34%,1.6
153,5270563159,schluda,0,179.35999,FLEX Cayden Lee QB Sam Leavitt RB Rodney Fields Jr. RB J.J. Hill S-FLEX Michael Hawkins Jr. WR Wyatt Young WR Justin Bowick WR DJ Epps,,J.J. Hill,FLEX,0.34%,0
154,5269393906,wildryan-2002,0,179.28,FLEX Anthony Evans III QB Michael Hawkins Jr. RB Caleb Hawkins RB Jamal Roberts S-FLEX Kamario Taylor WR DJ Epps WR Cayden Lee WR Josh Manning,,Gi'Bran Payne,S-FLEX,0.34%,16.1
155,5270639637,UnshapedChimp56,0,179.18,FLEX Evan Stewart QB Kamario Taylor RB Jamal Roberts RB Kedrick Reescano S-FLEX Michael Hawkins Jr. WR Kayden Dixon-Wyatt WR DJ Epps WR Cayden Lee,,Chris Hunter,FLEX,0.34%,7.9
156,5267733801,KINSEYGR,0,178.79999,FLEX Anthony Evans III QB LaNorris Sellers RB Cam Cook RB Caleb Hawkins S-FLEX Kamario Taylor WR Cayden Lee WR Nyck Harbor WR Josh Manning,,Joe Jackson,FLEX,0.34%,11.9
157,5270699894,redsoxnick5,0,178.78001,FLEX Anthony Evans III QB Michael Hawkins Jr. RB Dilin Jones RB Jamal Roberts S-FLEX Kamario Taylor WR Cayden Lee WR Chris Barnes WR Marquis Johnson,,Zion Ragins,S-FLEX,0.34%,3.4
158,5269153901,dwright4407,0,178.48001,FLEX Cayden Lee QB Michael Hawkins Jr. RB Caleb Hawkins RB Rodney Fields Jr. S-FLEX Kamario Taylor WR Evan Stewart WR Jaron Tibbs WR DJ Epps,,Shane King,WR,0.34%,0
159,5266761683,pvonka35,0,178.34,FLEX Trae'shawn Brown QB Avery Johnson RB Caleb Hawkins RB Joe Jackson S-FLEX Drew Mestemaker WR Wyatt Young WR Kayden Dixon-Wyatt WR Sanfrisco Magee,,Rueben Owens II,FLEX,0.34%,8.1
159,5268064725,bmorela3,0,178.34,FLEX Jamal Roberts QB Michael Hawkins Jr. RB Cam Cook RB Caleb Hawkins S-FLEX Drew Mestemaker WR Kayden Dixon-Wyatt WR Josh Manning WR Terrence Lewis,,Quincy Craig,RB,0.34%,3
161,5269246611,addiecar,0,178.26,FLEX Kayden Dixon-Wyatt QB Drew Mestemaker RB Caleb Hawkins RB Jamal Roberts S-FLEX Wyatt Young WR Justin Bowick WR Evan Stewart WR DJ Epps,,Tron Baker,WR,0.34%,4.7
162,5267059848,Frunk_as_Duck,0,178.07999,FLEX Messiah Hampton QB Noah Fifita RB Cam Cook RB Cole Tabb S-FLEX Kamario Taylor WR Anthony Evans III WR Kayden Dixon-Wyatt WR Josh Manning,,Dierre Hill Jr.,FLEX,0.34%,35.8
163,5266964330,metzykid23,0,177.84,FLEX Kayden Dixon-Wyatt QB Drew Mestemaker RB Jamal Roberts RB Matt Fuller S-FLEX Michael Hawkins Jr. WR Justin Bowick WR Evan Stewart WR DJ Epps,,Garrett Oakley,WR,0.34%,15
164,5270489731,getusum29,0,177.56,FLEX Cayden Lee QB Avery Johnson RB Jamal Roberts RB Joe Jackson S-FLEX Michael Hawkins Jr. WR Anthony Evans III WR Dakorien Moore WR Evan Stewart,,Malachi Henry,WR,0.34%,10.9
165,5266825486,JohnnyDrama34,0,177.53998,FLEX Anthony Evans III QB Drew Mestemaker RB King Miller RB Jamal Roberts S-FLEX Michael Hawkins Jr. WR Justin Bowick WR DJ Epps WR Cayden Lee,,Jamari Johnson,WR,0.34%,21.9
166,5270143517,hello35,0,177.4,FLEX Tanook Hines QB Kamario Taylor RB Jamal Roberts RB Waymond Jordan S-FLEX Fluff Bothwell WR Anthony Evans III WR Evan Stewart WR Cayden Lee,,John Neider,FLEX,0.34%,5.4
167,5267281568,J.bishop,0,177.13998,FLEX Cayden Lee QB Drew Mestemaker RB Daniel Hill RB Jamal Roberts S-FLEX Michael Hawkins Jr. WR Justin Bowick WR Anthony Evans III WR DJ Epps,,Cade Wolford,WR,0.34%,0
168,5268925721,stock2mail,0,177,FLEX Anthony Evans III QB Austin Simmons RB Caleb Hawkins RB Jamal Roberts S-FLEX Kamario Taylor WR Donovan Olugbode WR Cayden Lee WR Josh Manning,,Linkon Cure,FLEX,0.34%,0
168,5270404253,jimlexxx,0,177,FLEX Cayden Lee QB Kamario Taylor RB Caleb Hawkins RB Jamal Roberts S-FLEX Austin Simmons WR Anthony Evans III WR Donovan Olugbode WR Josh Manning,,Tre Spivey,S-FLEX,0.34%,34.9
168,5270689660,Hobertz,0,177,FLEX Cayden Lee QB Austin Simmons RB Caleb Hawkins RB Jamal Roberts S-FLEX Kamario Taylor WR Anthony Evans III WR Donovan Olugbode WR Josh Manning,,Garrett Oakley,FLEX,0.17%,15
171,5270025898,stayeduptolate,0,176.75998,FLEX Cayden Lee QB Avery Johnson RB Cam Cook RB Kedrick Reescano S-FLEX Michael Hawkins Jr. WR Evan Stewart WR Kayden Dixon-Wyatt WR Josh Manning,,Ayo Adeyi,FLEX,0.17%,6.2
172,5270773299,tidechaser101,0,176.57999,FLEX Dilin Jones QB Michael Hawkins Jr. RB Caleb Hawkins RB Jamal Roberts S-FLEX JC French IV WR Anthony Evans III WR Cayden Lee WR Miles Coleman,,Xai'Shaun Edwards,FLEX,0.17%,2.4
173,5270618352,sportsfan882,0,176.47998,FLEX Zion Ragins QB Michael Hawkins Jr. RB Caleb Hawkins RB Jamal Roberts S-FLEX Kamario Taylor WR Evan Stewart WR DJ Epps WR Cayden Lee,,Matt Fuller,S-FLEX,0.17%,27.2
173,5270732425,briddle32,0,176.47998,FLEX Wyatt Young QB Michael Hawkins Jr. RB Cam Cook RB J.J. Hill S-FLEX Donovan Olugbode WR Justin Bowick WR DJ Epps WR Cayden Lee,,Kirby Vorhees,FLEX,0.17%,8.6
175,5270208691,xsteveo45x,0,176.05998,FLEX Jamal Roberts QB Avery Johnson RB Cam Cook RB Caleb Hawkins S-FLEX Michael Hawkins Jr. WR DJ Epps WR Cayden Lee WR Zacharyus Williams,,Leo Pulalasi,FLEX,0.17%,1.1
176,5270700728,E.harper214,0,175.86002,FLEX Cayden Lee QB Michael Hawkins Jr. RB Matt Fuller RB J.J. Hill S-FLEX Sam Leavitt WR Anthony Evans III WR Winston Watkins Jr. WR DJ Epps,,Chris Barnes,FLEX,0.17%,7.8
177,5270598699,mondi76,0,175.57999,FLEX Anthony Evans III QB Austin Simmons RB Jamal Roberts RB Kedrick Reescano S-FLEX Michael Hawkins Jr. WR Justin Bowick WR Donovan Olugbode WR Cayden Lee,,Mazeo Bennett Jr.,FLEX,0.17%,4.8
178,5270552330,jmulhausen22,0,175.44,FLEX Brandon White QB Drew Mestemaker RB Cam Cook RB Jamal Roberts S-FLEX Michael Hawkins Jr. WR Wyatt Young WR Justin Bowick WR Zacharyus Williams,,Prince Strachan,WR,0.17%,1.5
179,5270016353,az350z,0,175.35999,FLEX Cayden Lee QB Avery Johnson RB Dilin Jones RB Jamal Roberts S-FLEX Sam Leavitt WR Winston Watkins Jr. WR Tre Spivey WR Josh Manning,,Gavin Grover,WR,0.17%,0
180,5269215328,N-Money82,0,175.25998,FLEX Zion Ragins QB Kamario Taylor RB Jamal Roberts RB Gi'Bran Payne S-FLEX Drew Mestemaker WR Justin Bowick WR Anthony Evans III WR Cayden Lee,,Brady Bidwell,FLEX,0.17%,0
181,5270012894,Cbryer23,0,175.05998,FLEX Cayden Lee QB Avery Johnson RB Cam Cook RB Caleb Hawkins S-FLEX Michael Hawkins Jr. WR Evan Stewart WR Jaron Tibbs WR Zacharyus Williams,,Dilin Jones,S-FLEX,0.17%,17.5
182,5270320010,brychad91,0,174.68,FLEX Kayden Dixon-Wyatt QB Michael Hawkins Jr. RB Caleb Hawkins RB Gi'Bran Payne S-FLEX Kamario Taylor WR Anthony Evans III WR JV Gibson WR Messiah Hampton,,Jay Harris,FLEX,0.17%,0
183,5270533454,mjamezrite,0,174.54001,FLEX Anthony Evans III QB Michael Hawkins Jr. RB Caleb Hawkins RB King Miller S-FLEX Drew Mestemaker WR Jaron Tibbs WR DJ Epps WR Cayden Lee,,Ryan Ward,WR,0.17%,1.7
184,5270712278,oakster,0,174.05998,FLEX Cole Tabb QB Kamario Taylor RB Jamal Roberts RB Gi'Bran Payne S-FLEX Drew Mestemaker WR Justin Bowick WR Anthony Evans III WR Mark Bowman,,Wyatt Young,S-FLEX,0.17%,36.2
185,5267060084,deuce6078,0,173.85999,FLEX Brett Norfleet QB Keelon Russell RB Gi'Bran Payne RB Jay Harris S-FLEX Drew Mestemaker WR Ryan Coleman-Williams WR Wyatt Young WR Lotzeir Brooks,,Amari Latimer,RB,0.17%,3.1
186,5269700530,jpm_joshua2002,0,173.78,FLEX Jamal Roberts QB Avery Johnson RB Caleb Hawkins RB Kedrick Reescano S-FLEX Austin Simmons WR Anthony Evans III WR Winston Watkins Jr. WR Cayden Lee,,Rico Scott,S-FLEX,0.17%,5.7
186,5269791458,joe_mac10,0,173.78,FLEX Jamal Roberts QB Avery Johnson RB Caleb Hawkins RB Kedrick Reescano S-FLEX Austin Simmons WR Anthony Evans III WR Winston Watkins Jr. WR Cayden Lee,,Jordon Davison,FLEX,0.17%,14
188,5269334958,FantasyGod101,0,173.64,FLEX Miles Coleman QB Michael Hawkins Jr. RB Caleb Hawkins RB Gi'Bran Payne S-FLEX Drew Mestemaker WR Wyatt Young WR Justin Bowick WR DJ Epps,,Kaleb Edwards,S-FLEX,0.17%,8.4
188,5270648646,Itzpcraft,0,173.64,FLEX Justin Bowick QB Drew Mestemaker RB Cam Cook RB Jamal Roberts S-FLEX Michael Hawkins Jr. WR Wyatt Young WR Chris Barnes WR John Neider,,Ryan Coleman-Williams,S-FLEX,0.17%,27.2
190,5270756575,Catfish_hunter,0,173.44,FLEX Cayden Lee QB Drew Mestemaker RB Daniel Hill RB Jamal Roberts S-FLEX Michael Hawkins Jr. WR Dakorien Moore WR Evan Stewart WR JV Gibson,,Jamari Johnson,FLEX,0.17%,21.9
191,5270647321,dandug18,0,173.19998,FLEX Daniel Hill QB Austin Simmons RB Jamal Roberts RB Rodney Fields Jr. S-FLEX Keelon Russell WR Donovan Olugbode WR DJ Epps WR Cayden Lee,,Cole Tabb,S-FLEX,0.17%,33.4
192,5270659167,Manchester5,0,173.18,FLEX Donovan Olugbode QB Sam Leavitt RB Dilin Jones RB Matt Fuller S-FLEX DJ Epps WR Anthony Evans III WR Winston Watkins Jr. WR Cayden Lee,,Terrell Anderson,WR,0.17%,7
193,5270526971,LuckyWizard7,0,173.06,FLEX Cam Cook QB Austin Simmons RB Daniel Hill RB Jabree Coleman S-FLEX Drew Mestemaker WR Wyatt Young WR Cayden Lee WR Zion Ragins,,Fluff Bothwell,S-FLEX,0.17%,38.7
194,5267624126,jgAllDay,0,172.98,FLEX Anthony Evans III QB Sam Leavitt RB Jamal Roberts RB Gi'Bran Payne S-FLEX Kamario Taylor WR Winston Watkins Jr. WR Cayden Lee WR Eugene Wilson III,,Lotzeir Brooks,FLEX,0.17%,15.8
195,5268987923,spiegs21,0,172.95999,FLEX Dakorien Moore QB Avery Johnson RB Matt Fuller RB Cole Tabb S-FLEX Michael Hawkins Jr. WR Justin Bowick WR Anthony Evans III WR DJ Epps,,Jeremiah McClellan,WR,0.17%,0
196,5268916763,vetplays11,0,172.77998,FLEX Winston Watkins Jr. QB Kamario Taylor RB Fluff Bothwell RB Rodney Fields Jr. S-FLEX Noah Fifita WR Anthony Evans III WR Mark Bowman WR Rico Scott,,Nyck Harbor,FLEX,0.17%,13.2
197,5266773814,LeanWeen,0,172.76001,FLEX Cayden Lee QB Drew Mestemaker RB Dilin Jones RB Jamal Roberts S-FLEX Austin Simmons WR Donovan Olugbode WR Winston Watkins Jr. WR JV Gibson,,Evan Stewart,S-FLEX,0.17%,18.6
198,5270680443,SKULLMAN888,0,172.41998,FLEX Anthony Evans III QB Avery Johnson RB Jamal Roberts RB Cole Tabb S-FLEX Jayden Maiava WR Donovan Olugbode WR Kayden Dixon-Wyatt WR Mark Bowman,,Mario Craver,S-FLEX,0.17%,6.7
199,5270437242,craigor,0,172.37999,FLEX Kayden Dixon-Wyatt QB Kamario Taylor RB Jamal Roberts RB Matt Fuller S-FLEX Michael Hawkins Jr. WR Anthony Evans III WR DJ Epps WR Marquis Johnson,,Malachi Thomas,FLEX,0.17%,0
200,5270594795,mkvail8121010,0,172.03998,FLEX Dierre Hill Jr. QB Drew Mestemaker RB Joe Jackson RB Tradarian Ball S-FLEX Avery Johnson WR Justin Bowick WR Donovan Olugbode WR Cayden Lee,,Kendre Harrison,FLEX,0.17%,0
201,5267654596,aarbear4life,0,172,FLEX Dilin Jones QB LaNorris Sellers RB Caleb Hawkins RB King Miller S-FLEX Austin Simmons WR Anthony Evans III WR Cayden Lee WR Nyck Harbor,,Kelshaun Johnson,FLEX,0.17%,0
202,5268307184,GambiTCereaL,0,171.56,FLEX Dilin Jones QB Drew Mestemaker RB Gi'Bran Payne RB Cole Tabb S-FLEX Kamario Taylor WR Justin Bowick WR Anthony Evans III WR Zacharyus Williams,,Da'Jaun Riggs,RB,0.17%,0
203,5269682854,steviereno,0,171.54001,FLEX Evan Stewart QB Drew Mestemaker RB Jamal Roberts RB Rodney Fields Jr. S-FLEX Michael Hawkins Jr. WR Donovan Olugbode WR Kayden Dixon-Wyatt WR JV Gibson,,Tank Hawkins,WR,0.17%,9.7
204,5270487821,Boneyball1018,0,171.38,FLEX Donovan Olugbode QB Avery Johnson RB Cam Cook RB Jamal Roberts S-FLEX Austin Simmons WR Kayden Dixon-Wyatt WR Cayden Lee WR Josh Manning,,Brandon White,S-FLEX,0.17%,9.3
204,5270685136,DSBG,0,171.37999,FLEX Messiah Hampton QB Kamario Taylor RB Jamal Roberts RB Matt Fuller S-FLEX Michael Hawkins Jr. WR Anthony Evans III WR Kayden Dixon-Wyatt WR DJ Epps,,Dylan Raiola,S-FLEX,0.17%,19.56
206,5266764635,RammerJamma,0,171.25998,FLEX Zion Ragins QB Avery Johnson RB Dilin Jones RB Caleb Hawkins S-FLEX Michael Hawkins Jr. WR Evan Stewart WR Tanook Hines WR Cayden Lee,,Jaden Bray,FLEX,0.17%,4.2
207,5270490293,Emacolant,0,171.16,FLEX Fluff Bothwell QB Avery Johnson RB Caleb Hawkins RB Jamal Roberts S-FLEX Michael Hawkins Jr. WR Evan Stewart WR Zion Ragins WR Terrence Lewis,,Eugene Wilson III,S-FLEX,0.17%,5.3
208,5270754190,boomer1135,0,171.06,FLEX Caleb Hawkins QB Noah Fifita RB Cam Cook RB Daniel Hill S-FLEX Michael Hawkins Jr. WR Wyatt Young WR Larenzo Fenner WR Tron Baker,,Carsyn Baker,RB,0.17%,1.5
209,5270668504,FlowARC,0,170.99998,FLEX Anthony Evans III QB Keelon Russell RB Caleb Hawkins RB Jamal Roberts S-FLEX LaNorris Sellers WR Ryan Coleman-Williams WR Nyck Harbor WR Rico Scott,,Jackson Harris,FLEX,0.17%,37.3
210,5270744876,camchris72,0,170.95999,FLEX Evan Stewart QB Michael Hawkins Jr. RB Cam Cook RB Jamal Roberts S-FLEX Avery Johnson WR DJ Epps WR Cayden Lee WR Messiah Hampton,,Carson Tabaracci,WR,0.17%,1.6
211,5270485167,100rings,0,170.94,FLEX Cam Cook QB Drew Mestemaker RB Caleb Hawkins RB Jamal Roberts S-FLEX Michael Hawkins Jr. WR Sanfrisco Magee WR Zion Ragins WR Marquis Johnson,,Zach Grace,FLEX,0.17%,0
212,5270531768,blake66,0,170.76001,FLEX Wyatt Young QB Michael Hawkins Jr. RB Caleb Hawkins RB Ismail Mahdi S-FLEX Sam Leavitt WR Evan Stewart WR DJ Epps WR Garrett Oakley,,William Mason,S-FLEX,0.17%,0
213,5270124632,zona1011,0,170.73999,FLEX Josh Manning QB Drew Mestemaker RB Caleb Hawkins RB Jamal Roberts S-FLEX Michael Hawkins Jr. WR Wyatt Young WR Justin Bowick WR DJ Epps,,Isaiah Mizell,FLEX,0.17%,10.1
213,5270757041,jeffs4162,0,170.73999,FLEX Josh Manning QB Drew Mestemaker RB Caleb Hawkins RB Jamal Roberts S-FLEX Michael Hawkins Jr. WR Wyatt Young WR Justin Bowick WR DJ Epps,,Monterrio Elston Jr.,S-FLEX,0.17%,0
215,5270718160,Buddha5730,0,170.23999,FLEX Gi'Bran Payne QB Michael Hawkins Jr. RB Jamal Roberts RB Trae'shawn Brown S-FLEX Drew Mestemaker WR Wyatt Young WR Kayden Dixon-Wyatt WR DJ Epps,,Daniel Hill,FLEX,0.17%,9
216,5269985490,Paulo21613,0,170,FLEX Anthony Evans III QB Austin Simmons RB Dilin Jones RB Jamal Roberts S-FLEX Kamario Taylor WR Donovan Olugbode WR Cayden Lee WR John Neider,,Tanook Hines,S-FLEX,0.17%,8.1
217,5268156291,charlesrayallday,0,169.98001,FLEX Caleb Hawkins QB LaNorris Sellers RB King Miller RB Jamal Roberts S-FLEX Michael Hawkins Jr. WR Anthony Evans III WR Jaron Tibbs WR Cayden Lee,,Isaiah Horton,S-FLEX,0.17%,7.3
218,5270153925,couldbetrouble,0,169.88,FLEX Fluff Bothwell QB Kamario Taylor RB Jamal Roberts RB Cole Tabb S-FLEX Avery Johnson WR Winston Watkins Jr. WR DJ Epps WR Messiah Hampton,,Riley Wormley,RB,0.17%,0.5
219,5270713224,rebeljeeper,0,169.73999,FLEX King Miller QB Michael Hawkins Jr. RB Caleb Hawkins RB Cole Tabb S-FLEX Drew Mestemaker WR Anthony Evans III WR DJ Epps WR Miles Coleman,,Samaj Jones,S-FLEX,0.17%,0
220,5269889641,waltsundberg,0,169.68,FLEX Wyatt Young QB Michael Hawkins Jr. RB Caleb Hawkins RB EJ Crowell S-FLEX Kamario Taylor WR Anthony Evans III WR DJ Epps WR Messiah Hampton,,Trae'shawn Brown,S-FLEX,0.17%,2.2
221,5270337773,PeanutTheSquirrel,0,169.48,FLEX Anthony Evans III QB Avery Johnson RB Cam Cook RB Jamal Roberts S-FLEX Austin Simmons WR Winston Watkins Jr. WR Cayden Lee WR Josh Manning,,King Miller,S-FLEX,0.17%,9.4
222,5270285496,gillett44,0,169.44,FLEX Winston Watkins Jr. QB Drew Mestemaker RB King Miller RB EJ Crowell S-FLEX Sam Leavitt WR Justin Bowick WR Anthony Evans III WR Cayden Lee,,KJ Edwards,RB,0.17%,2.1
223,5270707702,JQuailman,0,169.38,FLEX Anthony Evans III QB Michael Hawkins Jr. RB Caleb Hawkins RB Jamal Roberts S-FLEX JC French IV WR Mario Craver WR JV Gibson WR Cayden Lee,,J.J. Hill,S-FLEX,0.17%,0
224,5270058764,basaunders1,0,169.34,FLEX Ryan Coleman-Williams QB Drew Mestemaker RB Jamal Roberts RB Matt Fuller S-FLEX Michael Hawkins Jr. WR Anthony Evans III WR Jaron Tibbs WR Messiah Hampton,,Larenzo Fenner,FLEX,0.17%,4.2
225,5270705291,llllllllllllllllIll,0,169.28,FLEX Tre Spivey QB Michael Hawkins Jr. RB Caleb Hawkins RB Jamal Roberts S-FLEX LaNorris Sellers WR Anthony Evans III WR Donovan Olugbode WR Jaron Tibbs,,Jawarn Howell,FLEX,0.17%,0.6
226,5268929172,bmeeler85,0,169.18,FLEX Justin Bowick QB Noah Fifita RB Cam Cook RB Caleb Hawkins S-FLEX Cayden Lee WR Donovan Olugbode WR JV Gibson WR DJ Epps,,Jamal Roberts,S-FLEX,0.17%,15.3
227,5270358484,Viking9Q,0,169.08002,FLEX Sanfrisco Magee QB Michael Hawkins Jr. RB Caleb Hawkins RB Jamal Roberts S-FLEX JC French IV WR Anthony Evans III WR Donovan Olugbode WR Evan Stewart,,Caden Pinnick,QB,0.17%,21.14
227,5270315221,Bmy50,0,169.08,FLEX Kayden Dixon-Wyatt QB JC French IV RB Caleb Hawkins RB Matt Fuller S-FLEX Noah Fifita WR Anthony Evans III WR Donovan Olugbode WR JV Gibson,,Shaun Terry II,FLEX,0.17%,5.1
229,5270115406,Billyboy10,0,168.85999,FLEX Cole Tabb QB Avery Johnson RB Cam Cook RB Joe Jackson S-FLEX Michael Hawkins Jr. WR Anthony Evans III WR Donovan Olugbode WR Zacharyus Williams,,Zion Johnson,RB,0.17%,-1
230,5270544577,AStacy3,0,168.54001,FLEX DJ Epps QB Drew Mestemaker RB King Miller RB Daniel Hill S-FLEX Sam Leavitt WR Kayden Dixon-Wyatt WR Winston Watkins Jr. WR Cayden Lee,,,
231,5269070556,b_blissful17,0,168.23999,FLEX Donovan Olugbode QB Drew Mestemaker RB Caleb Hawkins RB Jamal Roberts S-FLEX Michael Hawkins Jr. WR Anthony Evans III WR Evan Stewart WR Josh Manning,,,
231,5270101309,Sisco510,0,168.23999,FLEX Donovan Olugbode QB Drew Mestemaker RB Caleb Hawkins RB Jamal Roberts S-FLEX Michael Hawkins Jr. WR Anthony Evans III WR Evan Stewart WR Josh Manning,,,
231,5270176954,gdubdk,0,168.23999,FLEX Donovan Olugbode QB Drew Mestemaker RB Caleb Hawkins RB Jamal Roberts S-FLEX Michael Hawkins Jr. WR Anthony Evans III WR Evan Stewart WR Josh Manning,,,
231,5270787388,Noleroller,0,168.23999,FLEX Donovan Olugbode QB Drew Mestemaker RB Caleb Hawkins RB Jamal Roberts S-FLEX Michael Hawkins Jr. WR Anthony Evans III WR Evan Stewart WR Josh Manning,,,
235,5270721338,Mt2beasty,0,168.16,FLEX Cayden Lee QB Michael Hawkins Jr. RB Cam Cook RB Jamal Roberts S-FLEX Avery Johnson WR Anthony Evans III WR DJ Epps WR Josh Manning,,,
236,5270035436,cain5150,0,168.06,FLEX Joe Jackson QB Kamario Taylor RB Jamal Roberts RB Cole Tabb S-FLEX Drew Mestemaker WR Anthony Evans III WR Winston Watkins Jr. WR DJ Epps,,,
237,5269884593,HakeemTheDream,0,167.71999,FLEX Jamal Roberts QB Michael Hawkins Jr. RB Dilin Jones RB Caleb Hawkins S-FLEX Jayden Maiava WR Kayden Dixon-Wyatt WR Mark Bowman WR John Neider,,,
238,5268069734,PDITTY24,0,167.57999,FLEX Messiah Hampton QB Michael Hawkins Jr. RB Cam Cook RB Rodney Fields Jr. S-FLEX Keelon Russell WR Winston Watkins Jr. WR DJ Epps WR Mark Bowman,,,
239,5270653404,wlee15,0,167.05998,FLEX Josh Manning QB Avery Johnson RB Fluff Bothwell RB Matt Fuller S-FLEX Michael Hawkins Jr. WR Anthony Evans III WR Donovan Olugbode WR DJ Epps,,,
240,5270479153,nogoshekwinski,0,167.04,FLEX Cole Tabb QB Michael Hawkins Jr. RB Cam Cook RB Jamal Roberts S-FLEX Drew Mestemaker WR Mario Craver WR DJ Epps WR Terrence Lewis,,,
241,5270591681,kingofviper01,0,167.02,FLEX DJ Epps QB Jayden Maiava RB Caleb Hawkins RB Jamal Roberts S-FLEX Michael Hawkins Jr. WR Evan Stewart WR Kayden Dixon-Wyatt WR Tanook Hines,,,
241,5270603194,HockeyBalboa7,0,167.02,FLEX Wyatt Young QB Dante Moore RB Cole Tabb RB EJ Crowell S-FLEX Jayden Maiava WR Dakorien Moore WR Evan Stewart WR Kayden Dixon-Wyatt,,,
243,5270386561,kelly11607,0,166.99998,FLEX Rodney Fields Jr. QB Keelon Russell RB Jamal Roberts RB Waymond Jordan S-FLEX LaNorris Sellers WR Ryan Coleman-Williams WR Kayden Dixon-Wyatt WR Nyck Harbor,,,
244,5267937768,Goodfriday,0,166.98,FLEX Matt Fuller QB Michael Hawkins Jr. RB Caleb Hawkins RB Jamal Roberts S-FLEX Austin Simmons WR Dakorien Moore WR Winston Watkins Jr. WR DJ Epps,,,
245,5270260993,pat_the_hat2,0,166.86,FLEX Anthony Evans III QB Michael Hawkins Jr. RB Daniel Hill RB Jamal Roberts S-FLEX Noah Fifita WR Donovan Olugbode WR Tre Spivey WR DJ Epps,,,
246,5270689653,cammick,0,166.84,FLEX Mark Bowman QB Michael Hawkins Jr. RB Jamal Roberts RB Matt Fuller S-FLEX Drew Mestemaker WR Justin Bowick WR Anthony Evans III WR JV Gibson,,,
247,5267151207,thegoose555,0,166.74,FLEX Cayden Lee QB Drew Mestemaker RB Caleb Hawkins RB Jamal Roberts S-FLEX Dante Moore WR Justin Bowick WR Anthony Evans III WR Messiah Hampton,,,
248,5269541480,TrojanMom85,0,166.58,FLEX Cayden Lee QB Noah Fifita RB King Miller RB Jamal Roberts S-FLEX Donovan Olugbode WR Mario Craver WR Anthony Evans III WR Kayden Dixon-Wyatt,,,
248,5269779330,stimm1967,0,166.57999,FLEX DJ Epps QB Noah Fifita RB Jamal Roberts RB Joe Jackson S-FLEX Kamario Taylor WR Dakorien Moore WR Kayden Dixon-Wyatt WR Tre Spivey,,,
250,5270757492,tlpeople14,0,166.54,FLEX Linkon Cure QB Jayden Maiava RB Fluff Bothwell RB Jamal Roberts S-FLEX Kamario Taylor WR Anthony Evans III WR Kayden Dixon-Wyatt WR Miles Coleman,,,
251,5267898274,keglerhack,0,166.5,FLEX Mazeo Bennett Jr. QB Kamario Taylor RB Daniel Hill RB Jamal Roberts S-FLEX LaNorris Sellers WR Ryan Coleman-Williams WR Anthony Evans III WR Cayden Lee,,,
252,5270243996,Harp13,0,166.2,FLEX Eugene Wilson III QB Kamario Taylor RB Fluff Bothwell RB Jamal Roberts S-FLEX Austin Simmons WR Anthony Evans III WR Donovan Olugbode WR Branden Ganashamoorthy,,,
253,5269888399,citrussoccerboy,0,166.06,FLEX Anthony Evans III QB Drew Mestemaker RB Jamal Roberts RB Gi'Bran Payne S-FLEX Kamario Taylor WR Wyatt Young WR Tanook Hines WR Chris Barnes,,,
254,5270655622,DillonJosephsen,0,165.76,FLEX Cayden Lee QB Michael Hawkins Jr. RB Caleb Hawkins RB Jamal Roberts S-FLEX Dante Moore WR Dakorien Moore WR Evan Stewart WR Mark Bowman,,,
255,5270032053,DavidWEsh,0,165.34,FLEX Jaron Tibbs QB Michael Hawkins Jr. RB Dilin Jones RB Jamal Roberts S-FLEX Drew Mestemaker WR Justin Bowick WR DJ Epps WR Cayden Lee,,,
256,5267460337,CFinch,0,165.28,FLEX Anthony Evans III QB Michael Hawkins Jr. RB Caleb Hawkins RB Jamal Roberts S-FLEX Kamario Taylor WR Kayden Dixon-Wyatt WR Rodney Gallagher III WR Messiah Hampton,,,
257,5270525791,SpeedRacer101,0,165.16,FLEX Winston Watkins Jr. QB Avery Johnson RB Cam Cook RB Caleb Hawkins S-FLEX Sam Leavitt WR Jackson Harris WR Josh Manning WR Brandon White,,,
258,5270507432,BigBrixey,0,165.04,FLEX DJ Epps QB Drew Mestemaker RB Cam Cook RB EJ Crowell S-FLEX Michael Hawkins Jr. WR Wyatt Young WR Justin Bowick WR Messiah Hampton,,,
259,5266619620,mrclean261,0,164.65999,FLEX Evan Stewart QB Avery Johnson RB Jamal Roberts RB Matt Fuller S-FLEX Noah Fifita WR Anthony Evans III WR Kayden Dixon-Wyatt WR DJ Epps,,,
260,5270771818,chorizos,0,164.56,FLEX Justin Bowick QB Kamario Taylor RB Cam Cook RB Zion Johnson S-FLEX Drew Mestemaker WR Evan Stewart WR Cayden Lee WR Josh Manning,,,
261,5270734662,xXxPLOSIVE,0,164.54001,FLEX Jamal Roberts QB Michael Hawkins Jr. RB Cam Cook RB Caleb Hawkins S-FLEX Drew Mestemaker WR Evan Stewart WR Eugene Wilson III WR Zacharyus Williams,,,
262,5270070406,bigmh,0,164.38,FLEX Anthony Evans III QB Noah Fifita RB Daniel Hill RB Jamal Roberts S-FLEX Ryan Coleman-Williams WR Evan Stewart WR Tre Spivey WR JV Gibson,,,
263,5270377207,chipcosby,0,164.34,FLEX Messiah Hampton QB Drew Mestemaker RB Cam Cook RB Jamal Roberts S-FLEX Noah Fifita WR Justin Bowick WR Kayden Dixon-Wyatt WR Mark Bowman,,,
264,5270247219,CDA80,0,164.16,FLEX DJ Epps QB Avery Johnson RB Daniel Hill RB Jamal Roberts S-FLEX Michael Hawkins Jr. WR Anthony Evans III WR Donovan Olugbode WR Cayden Lee,,,
264,5270581627,Gron13,0,164.15999,FLEX Winston Watkins Jr. QB Michael Hawkins Jr. RB Caleb Hawkins RB Jamal Roberts S-FLEX Avery Johnson WR Wyatt Young WR DJ Epps WR Rico Scott,,,
266,5269701403,Emac,0,163.93999,FLEX Anthony Evans III QB Michael Hawkins Jr. RB Caleb Hawkins RB Jamal Roberts S-FLEX Drew Mestemaker WR Justin Bowick WR DJ Epps WR Mark Bowman,,,
267,5270637851,Jimbosmoney24,0,163.2,FLEX Marquis Johnson QB Kamario Taylor RB Fluff Bothwell RB Jamal Roberts S-FLEX Austin Simmons WR Anthony Evans III WR Donovan Olugbode WR Messiah Hampton,,,
268,5270633040,SportsAbuse,0,163.14001,FLEX JV Gibson QB Drew Mestemaker RB Cam Cook RB Jamal Roberts S-FLEX Michael Hawkins Jr. WR Winston Watkins Jr. WR Sanfrisco Magee WR Miles Coleman,,,
269,5268077677,dmbrown81,0,162.84001,FLEX Jamal Roberts QB Michael Hawkins Jr. RB Cam Cook RB Caleb Hawkins S-FLEX Drew Mestemaker WR Evan Stewart WR Chris Barnes WR Prince Strachan,,,
269,5270503863,alliexgreene,0,162.84,FLEX Josh Manning QB Avery Johnson RB Dilin Jones RB Fluff Bothwell S-FLEX Drew Mestemaker WR Justin Bowick WR Kayden Dixon-Wyatt WR Messiah Hampton,,,
271,5269325912,nickcov,0,162.64,FLEX Donovan Olugbode QB Drew Mestemaker RB Caleb Hawkins RB Jamal Roberts S-FLEX Michael Hawkins Jr. WR Justin Bowick WR Evan Stewart WR Josh Manning,,,
271,5269779349,Snackpack1239,0,162.64,FLEX Donovan Olugbode QB Drew Mestemaker RB Caleb Hawkins RB Jamal Roberts S-FLEX Michael Hawkins Jr. WR Justin Bowick WR Evan Stewart WR Josh Manning,,,
271,5269876795,nickjd03,0,162.64,FLEX Josh Manning QB Michael Hawkins Jr. RB Caleb Hawkins RB Jamal Roberts S-FLEX Drew Mestemaker WR Justin Bowick WR Donovan Olugbode WR Evan Stewart,,,
271,5270067400,jboonecpa,0,162.64,FLEX Donovan Olugbode QB Drew Mestemaker RB Caleb Hawkins RB Jamal Roberts S-FLEX Michael Hawkins Jr. WR Justin Bowick WR Evan Stewart WR Josh Manning,,,
271,5270115844,cleTuswiThaT,0,162.64,FLEX Donovan Olugbode QB Drew Mestemaker RB Caleb Hawkins RB Jamal Roberts S-FLEX Michael Hawkins Jr. WR Justin Bowick WR Evan Stewart WR Josh Manning,,,
271,5270220269,blakejohnson925,0,162.64,FLEX Donovan Olugbode QB Drew Mestemaker RB Caleb Hawkins RB Jamal Roberts S-FLEX Michael Hawkins Jr. WR Justin Bowick WR Evan Stewart WR Josh Manning,,,
271,5270270245,drpimpsumn,0,162.64,FLEX Donovan Olugbode QB Drew Mestemaker RB Caleb Hawkins RB Jamal Roberts S-FLEX Michael Hawkins Jr. WR Justin Bowick WR Evan Stewart WR Josh Manning,,,
271,5270337493,TeStoSteRonE,0,162.64,FLEX Donovan Olugbode QB Drew Mestemaker RB Caleb Hawkins RB Jamal Roberts S-FLEX Michael Hawkins Jr. WR Justin Bowick WR Evan Stewart WR Josh Manning,,,
271,5270711562,Europa,0,162.64,FLEX Josh Manning QB Drew Mestemaker RB Caleb Hawkins RB Jamal Roberts S-FLEX Michael Hawkins Jr. WR Justin Bowick WR Donovan Olugbode WR Evan Stewart,,,
271,5270752474,DJDeP1967NJ,0,162.64,FLEX Donovan Olugbode QB Drew Mestemaker RB Caleb Hawkins RB Jamal Roberts S-FLEX Michael Hawkins Jr. WR Justin Bowick WR Evan Stewart WR Josh Manning,,,
271,5270771713,Farfaloanianraiders1,0,162.64,FLEX Donovan Olugbode QB Michael Hawkins Jr. RB Caleb Hawkins RB Jamal Roberts S-FLEX Drew Mestemaker WR Justin Bowick WR Evan Stewart WR Josh Manning,,,
282,5270582132,ChazzDaMan2020,0,162.18,FLEX Donovan Olugbode QB Kamario Taylor RB Caleb Hawkins RB Gi'Bran Payne S-FLEX Michael Hawkins Jr. WR Anthony Evans III WR Tanook Hines WR Messiah Hampton,,,
283,5270664876,Paul41377,0,162.12,FLEX Anthony Evans III QB Avery Johnson RB Jamal Roberts RB Kedrick Reescano S-FLEX Jayden Maiava WR Kayden Dixon-Wyatt WR Jaron Tibbs WR Cayden Lee,,,
284,5270183475,tylerraiders,0,162.06,FLEX Cam Cook QB Michael Hawkins Jr. RB Jamal Roberts RB Rueben Owens II S-FLEX Avery Johnson WR Cayden Lee WR Zion Ragins WR Terrence Lewis,,,
285,5270602670,jennbillings,0,161.86002,FLEX Zach Grace QB Sam Leavitt RB Cam Cook RB Fluff Bothwell S-FLEX Michael Hawkins Jr. WR Ryan Coleman-Williams WR JV Gibson WR Carson Tabaracci,,,
286,5270709950,joehalac,0,161.68001,FLEX Jamal Roberts QB Keelon Russell RB Caleb Hawkins RB Daniel Hill S-FLEX Avery Johnson WR Jaron Tibbs WR Cayden Lee WR Noah Rogers,,,
286,5269971550,moon578,0,161.68,FLEX Josh Manning QB Kamario Taylor RB King Miller RB Jamal Roberts S-FLEX Michael Hawkins Jr. WR Anthony Evans III WR DJ Epps WR Cayden Lee,,,
286,5270735579,Chupa257,0,161.68,FLEX John Neider QB Kamario Taylor RB Caleb Hawkins RB Jamal Roberts S-FLEX Noah Fifita WR Donovan Olugbode WR Dakorien Moore WR Kayden Dixon-Wyatt,,,
289,5269885440,Sharkbite8,0,161.58002,FLEX Donovan Olugbode QB LaNorris Sellers RB Caleb Hawkins RB Jamal Roberts S-FLEX Sam Leavitt WR Evan Stewart WR Tre Spivey WR Tanook Hines,,,
290,5269694182,Rugdawg25,0,161.38,FLEX Kayden Dixon-Wyatt QB Avery Johnson RB Jamal Roberts RB EJ Crowell S-FLEX Kamario Taylor WR Anthony Evans III WR Jaron Tibbs WR Cayden Lee,,,
291,5269019923,JB9888,0,161.35999,FLEX Jamal Roberts QB LaNorris Sellers RB Matt Fuller RB Gi'Bran Payne S-FLEX Drew Mestemaker WR Justin Bowick WR Anthony Evans III WR Donovan Olugbode,,,
291,5270552718,DBrownFF88,0,161.35999,FLEX Jamal Roberts QB Avery Johnson RB Caleb Hawkins RB Matt Fuller S-FLEX Michael Hawkins Jr. WR Anthony Evans III WR DJ Epps WR Messiah Hampton,,,
293,5270519648,kodyherzog,0,161.34,FLEX Anthony Evans III QB Michael Hawkins Jr. RB Caleb Hawkins RB Jamal Roberts S-FLEX Drew Mestemaker WR Justin Bowick WR DJ Epps WR Chris Barnes,,,
294,5269875616,Bolt801,0,161.32,FLEX Cayden Lee QB Jayden Maiava RB Cam Cook RB Rodney Fields Jr. S-FLEX Sam Leavitt WR Donovan Olugbode WR DJ Epps WR Malachi Thomas,,,
295,5270665602,BelojsteFK,0,161.26001,FLEX Anthony Evans III QB Drew Mestemaker RB Caleb Hawkins RB Jamal Roberts S-FLEX Dakorien Moore WR Justin Bowick WR Kayden Dixon-Wyatt WR JV Gibson,,,
296,5270126501,treyd1,0,161.24002,FLEX Terrence Lewis QB Drew Mestemaker RB Cam Cook RB Jamal Roberts S-FLEX Michael Hawkins Jr. WR Justin Bowick WR Evan Stewart WR Eugene Wilson III,,,
297,5270583391,Half-A-Brick,0,161.19998,FLEX Mark Bowman QB Kamario Taylor RB Jamal Roberts RB Kedrick Reescano S-FLEX Austin Simmons WR Justin Bowick WR Winston Watkins Jr. WR Cayden Lee,,,
298,5270451054,benp34,0,161.06,FLEX Jamal Roberts QB Avery Johnson RB Cam Cook RB Rodney Fields Jr. S-FLEX Michael Hawkins Jr. WR Jaron Tibbs WR Cayden Lee WR Josh Manning,,,
299,5270264032,dparrishsc,0,161.04001,FLEX Jamal Roberts QB Michael Hawkins Jr. RB Cam Cook RB Caleb Hawkins S-FLEX Drew Mestemaker WR Evan Stewart WR Josh Manning WR Noah Rogers,,,
300,5270290834,madballnj,0,160.87999,FLEX Jamal Roberts QB Michael Hawkins Jr. RB Caleb Hawkins RB Gi'Bran Payne S-FLEX Kamario Taylor WR Anthony Evans III WR DJ Epps WR Marquis Johnson,,,
301,5269072170,Sooners50,0,160.84,FLEX Dakorien Moore QB Drew Mestemaker RB Caleb Hawkins RB Jamal Roberts S-FLEX Michael Hawkins Jr. WR Justin Bowick WR Winston Watkins Jr. WR Josh Manning,,,
302,5269232716,slophound,0,160.56001,FLEX JV Gibson QB Drew Mestemaker RB Jamal Roberts RB Matt Fuller S-FLEX Austin Simmons WR Anthony Evans III WR Dakorien Moore WR Winston Watkins Jr.,,,
303,5269916397,mustangs2015,0,160.48,FLEX Zion Ragins QB Noah Fifita RB Caleb Hawkins RB Jamal Roberts S-FLEX Kamario Taylor WR Anthony Evans III WR Tre Spivey WR Rodney Gallagher III,,,
304,5266630132,kfullerton94,0,160.44,FLEX Dakorien Moore QB Drew Mestemaker RB Caleb Hawkins RB Jamal Roberts S-FLEX Michael Hawkins Jr. WR Justin Bowick WR Evan Stewart WR Josh Manning,,,
304,5269853033,nh70744,0,160.44,FLEX Josh Manning QB Michael Hawkins Jr. RB Caleb Hawkins RB Jamal Roberts S-FLEX Drew Mestemaker WR Justin Bowick WR Dakorien Moore WR Evan Stewart,,,
304,5269998444,pops6870,0,160.44,FLEX Dakorien Moore QB Drew Mestemaker RB Caleb Hawkins RB Jamal Roberts S-FLEX Michael Hawkins Jr. WR Justin Bowick WR Evan Stewart WR Josh Manning,,,
304,5270115296,titanhawks,0,160.44,FLEX Dakorien Moore QB Drew Mestemaker RB Caleb Hawkins RB Jamal Roberts S-FLEX Michael Hawkins Jr. WR Justin Bowick WR Evan Stewart WR Josh Manning,,,
304,5270490693,chemicalsofdemocracy,0,160.44,FLEX Dakorien Moore QB Drew Mestemaker RB Caleb Hawkins RB Jamal Roberts S-FLEX Michael Hawkins Jr. WR Justin Bowick WR Evan Stewart WR Josh Manning,,,
309,5270081108,MrDeezie,0,160.16,FLEX Jamal Roberts QB Drew Mestemaker RB Caleb Hawkins RB Jabree Coleman S-FLEX Dakorien Moore WR Wyatt Young WR Justin Bowick WR Evan Stewart,,,
310,5270482202,dsparks0014,0,160.1,FLEX DJ Epps QB Kamario Taylor RB Dilin Jones RB Jamal Roberts S-FLEX Austin Simmons WR Anthony Evans III WR Cayden Lee WR Miles Coleman,,,
311,5270457124,mcclellan,0,160.04,FLEX Zion Ragins QB Jayden Maiava RB Jamal Roberts RB Matt Fuller S-FLEX Kamario Taylor WR Kayden Dixon-Wyatt WR DJ Epps WR Sanfrisco Magee,,,
312,5270350116,austin60915,0,159.88,FLEX Cayden Lee QB JC French IV RB Caleb Hawkins RB Jamal Roberts S-FLEX Dante Moore WR Dakorien Moore WR Evan Stewart WR Kayden Dixon-Wyatt,,,
313,5269982911,JudgeDogg,0,159.77998,FLEX Ryan Coleman-Williams QB Kamario Taylor RB Gi'Bran Payne RB EJ Crowell S-FLEX Michael Hawkins Jr. WR Anthony Evans III WR Winston Watkins Jr. WR DJ Epps,,,
314,5270029803,RAGHEADREMOVR,0,159.26,FLEX Chris Hunter QB Michael Hawkins Jr. RB Dilin Jones RB Caleb Hawkins S-FLEX Noah Fifita WR Tre Spivey WR Jaron Tibbs WR DJ Epps,,,
315,5268953025,dabears08,0,159.14,FLEX DJ Epps QB Avery Johnson RB Caleb Hawkins RB Gi'Bran Payne S-FLEX Drew Mestemaker WR Justin Bowick WR Donovan Olugbode WR Kayden Dixon-Wyatt,,,
315,5270723315,ironmelon,0,159.14,FLEX Cayden Lee QB Drew Mestemaker RB Caleb Hawkins RB Jamal Roberts S-FLEX Dante Moore WR Dakorien Moore WR Evan Stewart WR Chris Barnes,,,
317,5270657400,rayp80,0,158.98,FLEX Kayden Dixon-Wyatt QB Michael Hawkins Jr. RB Caleb Hawkins RB Trae'shawn Brown S-FLEX Dakorien Moore WR Justin Bowick WR Anthony Evans III WR Donovan Olugbode,,,
318,5270142923,KristianFTM,0,158.80002,FLEX Anthony Evans III QB JC French IV RB Cam Cook RB Rodney Fields Jr. S-FLEX Kamario Taylor WR Tre Spivey WR JV Gibson WR Terrell Anderson,,,
319,5270623064,aronker,0,158.75998,FLEX Evan Stewart QB Avery Johnson RB Cam Cook RB Cole Tabb S-FLEX Dante Moore WR Dakorien Moore WR Cayden Lee WR Josh Manning,,,
320,5270393275,kldawg72179,0,158.74,FLEX Dilin Jones QB Drew Mestemaker RB Caleb Hawkins RB Gi'Bran Payne S-FLEX Michael Hawkins Jr. WR Justin Bowick WR Jaron Tibbs WR Terrence Lewis,,,
321,5270419222,WaitTilNextYear,0,158.44,FLEX Jamal Roberts QB Drew Mestemaker RB Caleb Hawkins RB King Miller S-FLEX Michael Hawkins Jr. WR Justin Bowick WR Evan Stewart WR Tron Baker,,,
322,5270235107,cheezdawg,0,158.4,FLEX Evan Stewart QB Kamario Taylor RB Matt Fuller RB Rodney Fields Jr. S-FLEX LaNorris Sellers WR Anthony Evans III WR Winston Watkins Jr. WR DJ Epps,,,
323,5270588422,BigazBill,0,158.28,FLEX Winston Watkins Jr. QB Keelon Russell RB Dilin Jones RB Tradarian Ball S-FLEX Michael Hawkins Jr. WR Ryan Coleman-Williams WR DJ Epps WR Marquis Johnson,,,
324,5269270322,BooyaaD,0,158.23999,FLEX Cayden Lee QB Michael Hawkins Jr. RB Dilin Jones RB Amari Latimer S-FLEX Drew Mestemaker WR Mario Craver WR Justin Bowick WR DJ Epps,,,
325,5270107846,justutah,0,158.14,FLEX Jamal Roberts QB Drew Mestemaker RB Cam Cook RB Caleb Hawkins S-FLEX Michael Hawkins Jr. WR Evan Stewart WR Josh Manning WR Carson Kolb,,,
326,5268679028,icemike23,0,158.06001,FLEX Jamal Roberts QB Drew Mestemaker RB Caleb Hawkins RB Gi'Bran Payne S-FLEX Kamario Taylor WR Anthony Evans III WR Tanook Hines WR Messiah Hampton,,,
326,5270198130,1tafranks,0,158.06,FLEX Tre Spivey QB Michael Hawkins Jr. RB Cam Cook RB King Miller S-FLEX Noah Fifita WR Justin Bowick WR DJ Epps WR Brandon Phelps,,,
328,5270462856,cunnigen,0,157.95999,FLEX Fluff Bothwell QB Avery Johnson RB Dilin Jones RB Jamal Roberts S-FLEX Michael Hawkins Jr. WR DJ Epps WR Sanfrisco Magee WR Josh Manning,,,
328,5270696685,bullet1964,0,157.95998,FLEX Winston Watkins Jr. QB Drew Mestemaker RB Cam Cook RB Rodney Fields Jr. S-FLEX Dakorien Moore WR Justin Bowick WR Kayden Dixon-Wyatt WR DJ Epps,,,
330,5269823244,nwspring52,0,157.73999,FLEX Messiah Hampton QB Drew Mestemaker RB Caleb Hawkins RB King Miller S-FLEX Dante Moore WR Anthony Evans III WR Dakorien Moore WR Cayden Lee,,,
330,5270718465,tide15x,0,157.73999,FLEX Kaleb Edwards QB Jayden Maiava RB Caleb Hawkins RB EJ Crowell S-FLEX Keelon Russell WR Lotzeir Brooks WR Mario Craver WR Sanfrisco Magee,,,
332,5269883450,Munkracing,0,157.51999,FLEX Mario Craver QB Avery Johnson RB Cam Cook RB Rodney Fields Jr. S-FLEX Marcel Reed WR Jackson Harris WR DJ Epps WR Cayden Lee,,,
333,5270561420,L_Faction,0,157.45999,FLEX Justin Bowick QB Michael Hawkins Jr. RB Jamal Roberts RB Kedrick Reescano S-FLEX Avery Johnson WR Anthony Evans III WR Jaron Tibbs WR Cayden Lee,,,
334,5270743212,cherokeekat,0,157.13998,FLEX Zion Ragins QB Drew Mestemaker RB Jamal Roberts RB Matt Fuller S-FLEX Michael Hawkins Jr. WR Justin Bowick WR Anthony Evans III WR DJ Epps,,,
335,5270509389,Erkdawg,0,157.02,FLEX Noah Rogers QB Dante Moore RB Caleb Hawkins RB Matt Fuller S-FLEX Jayden Maiava WR Evan Stewart WR Kayden Dixon-Wyatt WR Winston Watkins Jr.,,,
336,5269180974,GordySmith,0,156.98,FLEX JV Gibson QB Keelon Russell RB Jordon Davison RB Jamal Roberts S-FLEX Avery Johnson WR Dakorien Moore WR Cayden Lee WR Ryan Ward,,,
337,5270669093,C-Rob5,0,156.93999,FLEX Anthony Evans III QB Drew Mestemaker RB Caleb Hawkins RB Jamal Roberts S-FLEX Michael Hawkins Jr. WR Justin Bowick WR DJ Epps WR Zion Ragins,,,
338,5269132913,rjaco353,0,156.8,FLEX Kayden Dixon-Wyatt QB Kamario Taylor RB Caleb Hawkins RB Matt Fuller S-FLEX Xai'Shaun Edwards WR Anthony Evans III WR Dakorien Moore WR JV Gibson,,,
339,5269334574,nattydawgs1229,0,156.56,FLEX Kayden Dixon-Wyatt QB Kamario Taylor RB Jamal Roberts RB EJ Crowell S-FLEX Drew Mestemaker WR Justin Bowick WR Anthony Evans III WR Marquis Johnson,,,
340,5270730523,Adonijayh,0,156.48,FLEX Cole Tabb QB Noah Fifita RB Cam Cook RB Kirby Vorhees S-FLEX LaNorris Sellers WR Anthony Evans III WR Winston Watkins Jr. WR Jaron Tibbs,,,
341,5270188116,ValhallaxX,0,156.44,FLEX Cayden Lee QB Michael Hawkins Jr. RB Cam Cook RB J.J. Hill S-FLEX Drew Mestemaker WR Justin Bowick WR Jeremiah McClellan WR DJ Epps,,,
342,5269611962,Squirmy70,0,156.33998,FLEX Zion Ragins QB Drew Mestemaker RB Cam Cook RB Jamal Roberts S-FLEX Michael Hawkins Jr. WR Wyatt Young WR DJ Epps WR Josh Manning,,,
343,5270686828,GameOnLetsGo,0,156.31999,FLEX Tanook Hines QB Noah Fifita RB Dilin Jones RB Caleb Hawkins S-FLEX Jayden Maiava WR Kayden Dixon-Wyatt WR Chris Hunter WR Mark Bowman,,,
344,5270537744,seven8282,0,156.1,FLEX Evan Stewart QB LaNorris Sellers RB Jordon Davison RB Jamal Roberts S-FLEX Eugene Wilson III WR Ryan Coleman-Williams WR Wyatt Young WR Anthony Evans III,,,
345,5267040192,coachrgillespie,0,156.05998,FLEX Daniel Blood QB Austin Simmons RB Cam Cook RB Trae'shawn Brown S-FLEX Drew Mestemaker WR Ryan Coleman-Williams WR Anthony Evans III WR Nyck Harbor,,,
346,5267993715,ezy1479,0,155.98,FLEX Caleb Hawkins QB LaNorris Sellers RB King Miller RB Matt Fuller S-FLEX Avery Johnson WR Wyatt Young WR DJ Epps WR Nyck Harbor,,,
347,5270171472,breesyfosheezy,0,155.96002,FLEX Jaron Tibbs QB Avery Johnson RB King Miller RB Jamal Roberts S-FLEX Noah Fifita WR Kayden Dixon-Wyatt WR Winston Watkins Jr. WR Tre Spivey,,,
348,5270226567,yeslerpa,0,155.78,FLEX Jaron Tibbs QB Noah Fifita RB Daniel Hill RB Gi'Bran Payne S-FLEX Keelon Russell WR Justin Bowick WR Tre Spivey WR DJ Epps,,,
349,5266833620,FletcherMcTaggart,0,155.76001,FLEX Anthony Evans III QB Drew Mestemaker RB Jamal Roberts RB Rodney Fields Jr. S-FLEX LaNorris Sellers WR Justin Bowick WR Donovan Olugbode WR Evan Stewart,,,
349,5270025014,ginab09,0,155.76001,FLEX Mark Bowman QB Avery Johnson RB Daniel Hill RB Jamal Roberts S-FLEX Noah Fifita WR Wyatt Young WR Tre Spivey WR Jaron Tibbs,,,
349,5270635896,Tmack100,0,155.76,FLEX Evan Stewart QB Michael Hawkins Jr. RB Caleb Hawkins RB Jamal Roberts S-FLEX Dante Moore WR Kayden Dixon-Wyatt WR DJ Epps WR Jamari Johnson,,,
352,5270629339,brruiz27,0,155.66,FLEX Winston Watkins Jr. QB Dante Moore RB Caleb Hawkins RB Matt Fuller S-FLEX Noah Fifita WR Anthony Evans III WR Evan Stewart WR Messiah Hampton,,,
353,5270202316,bdmar03,0,155.57999,FLEX Anthony Evans III QB Michael Hawkins Jr. RB Caleb Hawkins RB Jamal Roberts S-FLEX Kamario Taylor WR Donovan Olugbode WR DJ Epps WR John Neider,,,
354,5270617352,sdogg631,0,155.34,FLEX Jaron Tibbs QB Michael Hawkins Jr. RB Jamal Roberts RB Matt Fuller S-FLEX Drew Mestemaker WR Justin Bowick WR Anthony Evans III WR DJ Epps,,,
355,5270414663,defsoad,0,155.28,FLEX Dilin Jones QB LaNorris Sellers RB Cam Cook RB Caleb Hawkins S-FLEX Michael Hawkins Jr. WR Anthony Evans III WR Mazeo Bennett Jr. WR John Neider,,,
356,5270465868,thatboywuan,0,155.23999,FLEX Zion Ragins QB Michael Hawkins Jr. RB Jamal Roberts RB Rodney Fields Jr. S-FLEX Drew Mestemaker WR Justin Bowick WR Donovan Olugbode WR Evan Stewart,,,
357,5269992005,meodette,0,155.13998,FLEX Mark Bowman QB Drew Mestemaker RB Cam Cook RB Caleb Hawkins S-FLEX Michael Hawkins Jr. WR Justin Bowick WR DJ Epps WR Josh Manning,,,
358,5270015547,shabbah,0,155.02,FLEX Rodney Fields Jr. QB Jayden Maiava RB Caleb Hawkins RB Jamal Roberts S-FLEX Avery Johnson WR Kayden Dixon-Wyatt WR JV Gibson WR Messiah Hampton,,,
358,5270259659,jfreed04,0,155.01999,FLEX Kayden Dixon-Wyatt QB Jayden Maiava RB King Miller RB Jamal Roberts S-FLEX Michael Hawkins Jr. WR Anthony Evans III WR DJ Epps WR Mark Bowman,,,
360,5270318878,flek56,0,154.88,FLEX Jaron Tibbs QB Michael Hawkins Jr. RB Jamal Roberts RB Cole Tabb S-FLEX Kamario Taylor WR Donovan Olugbode WR Evan Stewart WR DJ Epps,,,
361,5266864666,SoCalHusker,0,154.85999,FLEX Kedrick Reescano QB Avery Johnson RB Caleb Hawkins RB Jamal Roberts S-FLEX Michael Hawkins Jr. WR JV Gibson WR Jaron Tibbs WR Cayden Lee,,,
362,5269834522,daforceawakens,0,154.73999,FLEX DJ Epps QB Drew Mestemaker RB Caleb Hawkins RB King Miller S-FLEX Michael Hawkins Jr. WR Justin Bowick WR Evan Stewart WR Mark Bowman,,,
363,5269169849,Schweettaay,0,154.38,FLEX Armoni Weaver-Bomar QB Kamario Taylor RB Cam Cook RB Dilin Jones S-FLEX Sam Leavitt WR DJ Epps WR Cayden Lee WR Brandon White,,,
364,5270311961,Dubbzz,0,154.26001,FLEX Jamal Roberts QB Drew Mestemaker RB Cam Cook RB Caleb Hawkins S-FLEX LaNorris Sellers WR Justin Bowick WR Nyck Harbor WR Chris Barnes,,,
365,5270771413,squirtwarren,0,153.96,FLEX Zion Ragins QB Drew Mestemaker RB Cam Cook RB Fluff Bothwell S-FLEX Jamal Roberts WR Justin Bowick WR Evan Stewart WR Noah Rogers,,,
366,5270380641,rich4783,0,153.78,FLEX Cayden Lee QB Dante Moore RB King Miller RB Jamal Roberts S-FLEX Austin Simmons WR Dakorien Moore WR Kayden Dixon-Wyatt WR Winston Watkins Jr.,,,
367,5267706961,terryf20,0,153.54001,FLEX Evan Stewart QB Drew Mestemaker RB Cam Cook RB Jamal Roberts S-FLEX Michael Hawkins Jr. WR Justin Bowick WR Chris Barnes WR Josh Manning,,,
367,5270650540,Moofang,0,153.54001,FLEX Evan Stewart QB Drew Mestemaker RB Cam Cook RB Jamal Roberts S-FLEX Michael Hawkins Jr. WR Justin Bowick WR Chris Barnes WR Josh Manning,,,
367,5270735371,sarasoxs,0,153.54001,FLEX Evan Stewart QB Drew Mestemaker RB Cam Cook RB Jamal Roberts S-FLEX Michael Hawkins Jr. WR Justin Bowick WR Chris Barnes WR Josh Manning,,,
370,5270632914,chr8848,0,153.18001,FLEX Eugene Wilson III QB Michael Hawkins Jr. RB Jamal Roberts RB Trae'shawn Brown S-FLEX Keelon Russell WR Ryan Coleman-Williams WR Evan Stewart WR DJ Epps,,,
371,5270639169,LordStanley1066,0,152.86002,FLEX JV Gibson QB Avery Johnson RB Fluff Bothwell RB Caleb Hawkins S-FLEX Michael Hawkins Jr. WR Winston Watkins Jr. WR Jaron Tibbs WR Josh Manning,,,
372,5270494767,Tbradymoney12,0,152.76,FLEX Tre Spivey QB Avery Johnson RB Jamal Roberts RB Kirby Vorhees S-FLEX Sam Leavitt WR Ryan Coleman-Williams WR DJ Epps WR Branden Ganashamoorthy,,,
373,5269874642,Reboundboy,0,152.54001,FLEX Jaron Tibbs QB Jayden Maiava RB Cam Cook RB Gi'Bran Payne S-FLEX Keelon Russell WR Kayden Dixon-Wyatt WR Tanook Hines WR Brandon Phelps,,,
374,5270328427,Chuckbang,0,152.06,FLEX Jamal Roberts QB Avery Johnson RB Cam Cook RB Caleb Hawkins S-FLEX Michael Hawkins Jr. WR Anthony Evans III WR Brandon Phelps WR Zacharyus Williams,,,
375,5269978675,coachrosemeyer1964,0,152,FLEX Ryan Coleman-Williams QB Kamario Taylor RB King Miller RB J.J. Hill S-FLEX Winston Watkins Jr. WR Anthony Evans III WR Jackson Harris WR Tanook Hines,,,
376,5270774905,crow4213,0,151.88,FLEX Caleb Hawkins QB Dante Moore RB Jamal Roberts RB Rodney Fields Jr. S-FLEX Jaden Bray WR Wyatt Young WR Evan Stewart WR Kayden Dixon-Wyatt,,,
377,5270127327,wildcatfan9698,0,151.68,FLEX Donovan Olugbode QB Michael Hawkins Jr. RB Dilin Jones RB Jamal Roberts S-FLEX Cole Tabb WR Mario Craver WR Anthony Evans III WR DJ Epps,,,
378,5266749466,deznutz58,0,151.64,FLEX JV Gibson QB Michael Hawkins Jr. RB Jamal Roberts RB Trae'shawn Brown S-FLEX Drew Mestemaker WR Wyatt Young WR Justin Bowick WR DJ Epps,,,
378,5270641067,oneeyedjacks,0,151.64,FLEX Jamal Roberts QB Michael Hawkins Jr. RB Caleb Hawkins RB King Miller S-FLEX Drew Mestemaker WR Anthony Evans III WR DJ Epps WR Miles Coleman,,,
380,5270139350,jeffreyride,0,151.48,FLEX Mark Bowman QB Austin Simmons RB Dierre Hill Jr. RB Kedrick Reescano S-FLEX Avery Johnson WR Anthony Evans III WR Donovan Olugbode WR Winston Watkins Jr.,,,
381,5270429018,Troncat77,0,151.33998,FLEX Kedrick Reescano QB Drew Mestemaker RB Jamal Roberts RB Rodney Fields Jr. S-FLEX Michael Hawkins Jr. WR Justin Bowick WR Anthony Evans III WR DJ Epps,,,
382,5270303602,dirt34m,0,150.9,FLEX Cayden Lee QB Keelon Russell RB Jamal Roberts RB J.J. Hill S-FLEX Mario Craver WR Ryan Coleman-Williams WR Donovan Olugbode WR Jaron Tibbs,,,
383,5269109638,erog30,0,150.73999,FLEX Anthony Evans III QB Michael Hawkins Jr. RB Dilin Jones RB Jamal Roberts S-FLEX Drew Mestemaker WR Justin Bowick WR Darrius Clemons WR Josh Manning,,,
384,5270358198,gokumonki,0,150.70001,FLEX Caleb Hawkins QB Kamario Taylor RB Jamal Roberts RB Quincy Craig S-FLEX Dakorien Moore WR Anthony Evans III WR Evan Stewart WR Sanfrisco Magee,,,
385,5266657277,Bigdawg73,0,150.64,FLEX Dakorien Moore QB Jayden Maiava RB King Miller RB Matt Fuller S-FLEX LaNorris Sellers WR Evan Stewart WR Kayden Dixon-Wyatt WR Tanook Hines,,,
386,5269105263,Albqhokie,0,150.56,FLEX Anthony Evans III QB Drew Mestemaker RB Caleb Hawkins RB Jamal Roberts S-FLEX Kamario Taylor WR Evan Stewart WR Jaden Bray WR Josh Manning,,,
387,5270181860,cubbypride21,0,150.44,FLEX Marquis Johnson QB Dante Moore RB Jamal Roberts RB Matt Fuller S-FLEX Drew Mestemaker WR Justin Bowick WR Evan Stewart WR Kayden Dixon-Wyatt,,,
388,5270684490,dominologist,0,150.37999,FLEX Marquis Johnson QB Kamario Taylor RB Fluff Bothwell RB J.J. Hill S-FLEX Sam Leavitt WR Anthony Evans III WR Sanfrisco Magee WR Zion Ragins,,,
389,5269730041,kozy6813,0,150.18,FLEX Anthony Evans III QB Avery Johnson RB Dilin Jones RB Gi'Bran Payne S-FLEX Kamario Taylor WR Jaron Tibbs WR Cayden Lee WR Josh Manning,,,
390,5269995457,j11five,0,150.12001,FLEX Kayden Dixon-Wyatt QB Avery Johnson RB Fluff Bothwell RB Jamal Roberts S-FLEX Jayden Maiava WR Jaron Tibbs WR Tanook Hines WR Mark Bowman,,,
391,5270760637,VAStreets,0,149.95999,FLEX Caleb Hawkins QB Michael Hawkins Jr. RB Jamal Roberts RB J.J. Hill S-FLEX Noah Fifita WR Anthony Evans III WR Donovan Olugbode WR DJ Epps,,,
392,5269117763,Milo_frontel,0,149.78,FLEX Caleb Hawkins QB Michael Hawkins Jr. RB Cam Cook RB Jamal Roberts S-FLEX Justin Bowick WR Anthony Evans III WR Eugene Wilson III WR Josh Manning,,,
392,5270480040,keithbone,0,149.78,FLEX Kayden Dixon-Wyatt QB Michael Hawkins Jr. RB Jamal Roberts RB Jabree Coleman S-FLEX Kamario Taylor WR Dakorien Moore WR Evan Stewart WR JV Gibson,,,
394,5270468352,megmiller126,0,149.66,FLEX Donovan Olugbode QB Michael Hawkins Jr. RB Matt Fuller RB J.J. Hill S-FLEX Sam Leavitt WR Anthony Evans III WR Winston Watkins Jr. WR DJ Epps,,,
395,5270597223,Flipper9,0,149.59999,FLEX Justin Bowick QB Kamario Taylor RB Jamal Roberts RB Cole Tabb S-FLEX Keelon Russell WR Jaron Tibbs WR Chris Hunter WR Josh Manning,,,
396,5270123590,OJS52MLB,0,149.57999,FLEX Matt Fuller QB Noah Fifita RB Jamal Roberts RB Joe Jackson S-FLEX JC French IV WR Justin Bowick WR Anthony Evans III WR Donovan Olugbode,,,
397,5268145166,bjnfan,0,149.50002,FLEX Anthony Evans III QB JC French IV RB Caleb Hawkins RB Jamal Roberts S-FLEX Kamario Taylor WR Tre Spivey WR JV Gibson WR Gavin Grover,,,
398,5270082781,JaylenRose,0,149.36,FLEX Josh Manning QB Michael Hawkins Jr. RB Caleb Hawkins RB Jamal Roberts S-FLEX Avery Johnson WR Anthony Evans III WR Evan Stewart WR JV Gibson,,,
399,5269023262,ufxgatorbox,0,149.28001,FLEX Evan Stewart QB Kamario Taylor RB Caleb Hawkins RB Gi'Bran Payne S-FLEX Avery Johnson WR Anthony Evans III WR Tanook Hines WR Messiah Hampton,,,
400,5268616533,jklodawizard,0,149.23999,FLEX Brady Bidwell QB Jayden Maiava RB Caleb Hawkins RB Jamal Roberts S-FLEX Kamario Taylor WR Donovan Olugbode WR Kayden Dixon-Wyatt WR DJ Epps,,,
401,5270501349,LSUTom123,0,149.15999,FLEX Anthony Evans III QB Avery Johnson RB Jamal Roberts RB Gi'Bran Payne S-FLEX Michael Hawkins Jr. WR Justin Bowick WR Evan Stewart WR DJ Epps,,,
402,5269571588,rrboldjr6866,0,149.08,FLEX Anthony Evans III QB Michael Hawkins Jr. RB Caleb Hawkins RB Jamal Roberts S-FLEX Kamario Taylor WR Mario Craver WR Chris Barnes WR Zacharyus Williams,,,
402,5270208152,garyb123,0,149.08,FLEX Anthony Evans III QB Michael Hawkins Jr. RB Caleb Hawkins RB Jamal Roberts S-FLEX Kamario Taylor WR Mario Craver WR Chris Barnes WR Zacharyus Williams,,,
402,5270325485,Shanebelcher123,0,149.08,FLEX Anthony Evans III QB Michael Hawkins Jr. RB Caleb Hawkins RB Jamal Roberts S-FLEX Kamario Taylor WR Mario Craver WR Chris Barnes WR Zacharyus Williams,,,
405,5270106616,brhspp98,0,148.78,FLEX Kayden Dixon-Wyatt QB Michael Hawkins Jr. RB Jamal Roberts RB EJ Crowell S-FLEX Kamario Taylor WR Anthony Evans III WR JV Gibson WR DJ Epps,,,
406,5269117300,Poahboah33,0,148.70001,FLEX Kayden Dixon-Wyatt QB LaNorris Sellers RB King Miller RB Jamal Roberts S-FLEX Kamario Taylor WR Anthony Evans III WR Winston Watkins Jr. WR Messiah Hampton,,,
407,5266699467,Sheltonjl17,0,148.58,FLEX Garrett Oakley QB Avery Johnson RB Jamal Roberts RB Matt Fuller S-FLEX LaNorris Sellers WR Lotzeir Brooks WR Justin Bowick WR Anthony Evans III,,,
408,5270727725,scooby1220,0,148.37999,FLEX Anthony Evans III QB Keelon Russell RB Caleb Hawkins RB KJ Edwards S-FLEX Sam Leavitt WR Mario Craver WR Darrius Clemons WR Nyck Harbor,,,
409,5270241739,rsumrall,0,148.07999,FLEX Dakorien Moore QB LaNorris Sellers RB Fluff Bothwell RB Jamal Roberts S-FLEX Dante Moore WR Evan Stewart WR Kayden Dixon-Wyatt WR Nyck Harbor,,,
410,5270254709,frankstr1970,0,147.85999,FLEX J.J. Hill QB Michael Hawkins Jr. RB Jamal Roberts RB Cole Tabb S-FLEX Avery Johnson WR Justin Bowick WR Anthony Evans III WR DJ Epps,,,
411,5269766645,LSU-RealDeathValley,0,147.58,FLEX Eugene Wilson III QB LaNorris Sellers RB Dilin Jones RB Jamal Roberts S-FLEX Michael Hawkins Jr. WR Anthony Evans III WR Donovan Olugbode WR Winston Watkins Jr.,,,
412,5266745697,mgoblue123,0,147.26,FLEX Anthony Evans III QB Michael Hawkins Jr. RB Jamal Roberts RB Matt Fuller S-FLEX Avery Johnson WR Justin Bowick WR JV Gibson WR Josh Manning,,,
413,5270324036,bjksooner,0,147.18001,FLEX Mario Craver QB Noah Fifita RB Jamal Roberts RB Matt Fuller S-FLEX Donovan Olugbode WR Anthony Evans III WR Dakorien Moore WR Evan Stewart,,,
414,5270536229,cthuggin0788,0,147.16,FLEX Tanook Hines QB Michael Hawkins Jr. RB Dilin Jones RB Caleb Hawkins S-FLEX Avery Johnson WR Donovan Olugbode WR Dakorien Moore WR Malachi Henry,,,
415,5270575130,cw1tt,0,147.08,FLEX Rueben Owens II QB JC French IV RB Cam Cook RB Dilin Jones S-FLEX Noah Fifita WR Tre Spivey WR JV Gibson WR Malachi Henry,,,
416,5270133656,SharpieBling,0,146.94,FLEX Justin Bowick QB Avery Johnson RB Caleb Hawkins RB Joe Jackson S-FLEX Drew Mestemaker WR Wyatt Young WR Jaron Tibbs WR Josh Manning,,,
417,5270090885,rodneychuck,0,146.90001,FLEX Eugene Wilson III QB Drew Mestemaker RB Cam Cook RB Jamal Roberts S-FLEX Marcel Reed WR Mario Craver WR Winston Watkins Jr. WR Cayden Lee,,,
418,5270608940,asegars,0,146.84,FLEX Winston Watkins Jr. QB Jayden Maiava RB Caleb Hawkins RB Jamal Roberts S-FLEX William Mason WR Ryan Coleman-Williams WR Anthony Evans III WR Isaiah Horton,,,
419,5270773563,edwardharper,0,146.76,FLEX Zacharyus Williams QB Avery Johnson RB Caleb Hawkins RB Jamal Roberts S-FLEX Noah Fifita WR Mario Craver WR Justin Bowick WR Kayden Dixon-Wyatt,,,
420,5270613094,postdiddy3,0,146.49998,FLEX Justin Bowick QB Jayden Maiava RB Kedrick Reescano RB Joe Jackson S-FLEX Drew Mestemaker WR Evan Stewart WR Kayden Dixon-Wyatt WR DJ Epps,,,
421,5270340344,dhub79,0,146.34001,FLEX Jamal Roberts QB Jayden Maiava RB Daniel Hill RB Matt Fuller S-FLEX Kamario Taylor WR Anthony Evans III WR Terrence Lewis WR Brandon Phelps,,,
422,5270122168,chuckthorntonsr,0,146.26,FLEX Rico Scott QB Michael Hawkins Jr. RB Caleb Hawkins RB Jamal Roberts S-FLEX Avery Johnson WR Anthony Evans III WR Donovan Olugbode WR DJ Epps,,,
423,5270576487,Raiderfanatic2195,0,146.21999,FLEX Evan Stewart QB Jayden Maiava RB Fluff Bothwell RB Jamal Roberts S-FLEX Dante Moore WR Tanook Hines WR Jamari Johnson WR Mark Bowman,,,
424,5269536351,79Cosmo,0,146.04,FLEX Cam Cook QB Avery Johnson RB Caleb Hawkins RB Jamal Roberts S-FLEX Drew Mestemaker WR Evan Stewart WR Josh Manning WR Zacharyus Williams,,,
424,5270512358,Hollabackk,0,146.04,FLEX Cam Cook QB Drew Mestemaker RB Caleb Hawkins RB Jamal Roberts S-FLEX Avery Johnson WR Evan Stewart WR Josh Manning WR Zacharyus Williams,,,
424,5270600946,jwsa0214,0,146.04,FLEX Cam Cook QB Avery Johnson RB Caleb Hawkins RB Jamal Roberts S-FLEX Drew Mestemaker WR Evan Stewart WR Josh Manning WR Zacharyus Williams,,,
424,5270737472,pj6913,0,146.04,FLEX Cam Cook QB Avery Johnson RB Caleb Hawkins RB Jamal Roberts S-FLEX Drew Mestemaker WR Evan Stewart WR Josh Manning WR Zacharyus Williams,,,
428,5270112218,jason12tech,0,145.98,FLEX DJ Epps QB Michael Hawkins Jr. RB Cam Cook RB Caleb Hawkins S-FLEX Zion Ragins WR Justin Bowick WR Anthony Evans III WR Mark Bowman,,,
429,5270609841,tikimike1,0,145.96,FLEX Kayden Dixon-Wyatt QB Noah Fifita RB King Miller RB Jamal Roberts S-FLEX Michael Hawkins Jr. WR Anthony Evans III WR Jaron Tibbs WR DJ Epps,,,
429,5269879695,DrizzyBars,0,145.95999,FLEX Josh Manning QB Michael Hawkins Jr. RB Dilin Jones RB Jamal Roberts S-FLEX Avery Johnson WR Anthony Evans III WR Kayden Dixon-Wyatt WR DJ Epps,,,
431,5270711432,Zverneris7,0,145.86,FLEX Eugene Wilson III QB Avery Johnson RB Caleb Hawkins RB Jamal Roberts S-FLEX Michael Hawkins Jr. WR Anthony Evans III WR Donovan Olugbode WR DJ Epps,,,
432,5270193947,Joec870,0,145.81999,FLEX Rodney Fields Jr. QB Michael Hawkins Jr. RB Dilin Jones RB Jamal Roberts S-FLEX Marcel Reed WR Mario Craver WR Tanook Hines WR Cayden Lee,,,
433,5270316936,hilljorgensen,0,145.68,FLEX Winston Watkins Jr. QB Kamario Taylor RB King Miller RB Gi'Bran Payne S-FLEX Sam Leavitt WR Anthony Evans III WR Sanfrisco Magee WR Josh Manning,,,
434,5270741668,pjdelea,0,145.48,FLEX Donovan Olugbode QB Kamario Taylor RB Jamal Roberts RB Gi'Bran Payne S-FLEX Michael Hawkins Jr. WR Mario Craver WR Anthony Evans III WR John Neider,,,
435,5267970184,cbenf17,0,145.38,FLEX Terrence Lewis QB LaNorris Sellers RB Caleb Hawkins RB Jamal Roberts S-FLEX Avery Johnson WR Ryan Coleman-Williams WR Mario Craver WR Winston Watkins Jr.,,,
436,5269831948,cheddaboy77,0,145.05998,FLEX Anthony Evans III QB Michael Hawkins Jr. RB Jamal Roberts RB Matt Fuller S-FLEX Avery Johnson WR Justin Bowick WR DJ Epps WR Zion Ragins,,,
437,5269348709,Dendogg86,0,144.86,FLEX Winston Watkins Jr. QB Michael Hawkins Jr. RB Caleb Hawkins RB Jamal Roberts S-FLEX Dante Moore WR Dakorien Moore WR Tanook Hines WR Sanfrisco Magee,,,
438,5269016622,1utvolsfan,0,144.84,FLEX Jay Harris QB Kamario Taylor RB Trae'shawn Brown RB Gi'Bran Payne S-FLEX Jayden Maiava WR Anthony Evans III WR Kayden Dixon-Wyatt WR Winston Watkins Jr.,,,
439,5270559294,flipflop8048,0,144.72,FLEX Tanook Hines QB Dante Moore RB Cam Cook RB Dierre Hill Jr. S-FLEX Jayden Maiava WR Kayden Dixon-Wyatt WR Messiah Hampton WR Zacharyus Williams,,,
440,5270332920,ericwi1425,0,144.59999,FLEX Justin Bowick QB Jayden Maiava RB Caleb Hawkins RB Kedrick Reescano S-FLEX Drew Mestemaker WR Kayden Dixon-Wyatt WR Jaron Tibbs WR DJ Epps,,,
441,5270110060,scottunc49,0,144.48,FLEX Donovan Olugbode QB Avery Johnson RB Jamal Roberts RB Matt Fuller S-FLEX Winston Watkins Jr. WR Justin Bowick WR Dakorien Moore WR Evan Stewart,,,
441,5270720018,bnast32,0,144.48,FLEX Armoni Weaver-Bomar QB Kamario Taylor RB Cam Cook RB Jamal Roberts S-FLEX Michael Hawkins Jr. WR Justin Bowick WR Anthony Evans III WR Shane King,,,
443,5270125678,jbhguru77,0,144.14,FLEX Jamari Johnson QB Marcel Reed RB Jamal Roberts RB Kedrick Reescano S-FLEX Kamario Taylor WR Mario Craver WR Anthony Evans III WR Cayden Lee,,,
444,5270704158,rmur,0,143.98001,FLEX Mario Craver QB Avery Johnson RB Matt Fuller RB Kedrick Reescano S-FLEX King Miller WR Dakorien Moore WR Kayden Dixon-Wyatt WR Tre Spivey,,,
445,5270722526,esmith911,0,143.88,FLEX JV Gibson QB Michael Hawkins Jr. RB King Miller RB Jamal Roberts S-FLEX Winston Watkins Jr. WR Mario Craver WR Anthony Evans III WR Kayden Dixon-Wyatt,,,
446,5270586755,Bellyball422,0,143.66,FLEX Donovan Olugbode QB Michael Hawkins Jr. RB Fluff Bothwell RB Caleb Hawkins S-FLEX Avery Johnson WR Jaron Tibbs WR DJ Epps WR Rodney Gallagher III,,,
447,5270752558,hillard2411,0,143.64,FLEX Larenzo Fenner QB Kamario Taylor RB Cam Cook RB Waymond Jordan S-FLEX Jayden Maiava WR Evan Stewart WR Mark Bowman WR Sanfrisco Magee,,,
448,5267041085,Swidb,0,143.4,FLEX Cam Cook QB LaNorris Sellers RB Joe Jackson RB Gi'Bran Payne S-FLEX Kamario Taylor WR Anthony Evans III WR Tanook Hines WR Nyck Harbor,,,
449,5266847704,bunny2016,0,143.16,FLEX Dakorien Moore QB Drew Mestemaker RB Caleb Hawkins RB Jamal Roberts S-FLEX Kamario Taylor WR Justin Bowick WR Chris Barnes WR Josh Manning,,,
450,5270500935,Gatordmd15,0,143.12,FLEX Cayden Lee QB Michael Hawkins Jr. RB Dilin Jones RB Jamal Roberts S-FLEX Marcel Reed WR Mario Craver WR Evan Stewart WR DJ Epps,,,
451,5270519706,billsboys,0,143.06,FLEX JV Gibson QB Kamario Taylor RB Fluff Bothwell RB J.J. Hill S-FLEX Dylan Raiola WR Evan Stewart WR DJ Epps WR Sanfrisco Magee,,,
452,5270741095,mocoextrabases,0,143.02,FLEX Brandon White QB Dante Moore RB Fluff Bothwell RB Jamal Roberts S-FLEX Jayden Maiava WR Dakorien Moore WR Kayden Dixon-Wyatt WR DJ Epps,,,
453,5270208115,TimPolish23,0,142.98001,FLEX Donovan Olugbode QB Michael Hawkins Jr. RB Caleb Hawkins RB Jamal Roberts S-FLEX Justin Bowick WR Dakorien Moore WR Evan Stewart WR Jaron Tibbs,,,
454,5270786245,jmannie46,0,142.86,FLEX Dakorien Moore QB Michael Hawkins Jr. RB Fluff Bothwell RB Daniel Hill S-FLEX Dante Moore WR Kayden Dixon-Wyatt WR DJ Epps WR Messiah Hampton,,,
455,5269699217,JSL23,0,142.76001,FLEX Tanook Hines QB Dante Moore RB Caleb Hawkins RB Jamal Roberts S-FLEX Michael Hawkins Jr. WR Justin Bowick WR Kayden Dixon-Wyatt WR Messiah Hampton,,,
456,5270595836,CrimsonMarvel,0,142.68,FLEX Anthony Evans III QB Michael Hawkins Jr. RB J.J. Hill RB EJ Crowell S-FLEX Keelon Russell WR Lotzeir Brooks WR Donovan Olugbode WR DJ Epps,,,
457,5270333557,mgo14,0,142.14,FLEX Rueben Owens II QB Michael Hawkins Jr. RB King Miller RB Matt Fuller S-FLEX Drew Mestemaker WR Justin Bowick WR Tanook Hines WR DJ Epps,,,
458,5270640906,tpyo,0,142.12,FLEX Rodney Fields Jr. QB Michael Hawkins Jr. RB Fluff Bothwell RB Jamal Roberts S-FLEX Marcel Reed WR Mario Craver WR Anthony Evans III WR Josh Manning,,,
459,5270696444,ianpaleo0224,0,142.06,FLEX Josh Manning QB Dante Moore RB Cam Cook RB Dilin Jones S-FLEX Michael Hawkins Jr. WR DJ Epps WR Cayden Lee WR Messiah Hampton,,,
460,5270718070,RENAN13,0,141.98,FLEX Winston Watkins Jr. QB Michael Hawkins Jr. RB Joe Jackson RB J.J. Hill S-FLEX Kamario Taylor WR Anthony Evans III WR Evan Stewart WR DJ Epps,,,
461,5270699389,carlsone,0,141.92001,FLEX Eugene Wilson III QB Marcel Reed RB Caleb Hawkins RB Jamal Roberts S-FLEX Michael Hawkins Jr. WR Justin Bowick WR Anthony Evans III WR Evan Stewart,,,
462,5270492439,SkyU27,0,141.86,FLEX Tanook Hines QB Michael Hawkins Jr. RB Caleb Hawkins RB Jamal Roberts S-FLEX Avery Johnson WR Anthony Evans III WR JV Gibson WR DJ Epps,,,
463,5270672186,Gabe3524,0,141.62,FLEX Mark Bowman QB Avery Johnson RB Cam Cook RB Dilin Jones S-FLEX Jayden Maiava WR Kayden Dixon-Wyatt WR Josh Manning WR Brandon White,,,
464,5270362701,smflynndmd,0,141.56,FLEX Anthony Evans III QB Dante Moore RB Jamal Roberts RB Matt Fuller S-FLEX Michael Hawkins Jr. WR Dakorien Moore WR Evan Stewart WR Zacharyus Williams,,,
465,5269042178,420gamblingexpert69,0,141.32,FLEX JV Gibson QB Avery Johnson RB Fluff Bothwell RB Daniel Hill S-FLEX Caden Pinnick WR Donovan Olugbode WR Kayden Dixon-Wyatt WR Jaron Tibbs,,,
466,5269720124,bdcook2,0,141.23999,FLEX Dakorien Moore QB Drew Mestemaker RB Jamal Roberts RB Matt Fuller S-FLEX Dante Moore WR Wyatt Young WR DJ Epps WR Chris Barnes,,,
467,5270757871,barrythehammer,0,141.12,FLEX Josh Manning QB Sam Leavitt RB King Miller RB Jamal Roberts S-FLEX Jayden Maiava WR Anthony Evans III WR Kayden Dixon-Wyatt WR Mark Bowman,,,
468,5270011715,tbjones2121,0,141.06,FLEX Anthony Evans III QB Michael Hawkins Jr. RB Caleb Hawkins RB Jamal Roberts S-FLEX Dante Moore WR Dakorien Moore WR Evan Stewart WR John Neider,,,
468,5270243652,danielwalker_21,0,141.06,FLEX Cam Cook QB Avery Johnson RB Caleb Hawkins RB Jamal Roberts S-FLEX Noah Fifita WR Tanook Hines WR Chris Barnes WR Messiah Hampton,,,
470,5270776021,givingmymoneyaway,0,140.94,FLEX Rico Scott QB Drew Mestemaker RB Fluff Bothwell RB Jay Harris S-FLEX Avery Johnson WR Justin Bowick WR Anthony Evans III WR Isaiah Horton,,,
471,5268853602,thekid40,0,140.7,FLEX Ryan Coleman-Williams QB Keelon Russell RB Gi'Bran Payne RB EJ Crowell S-FLEX Dilin Jones WR Isaiah Horton WR Evan Stewart WR DJ Epps,,,
472,5270619700,Bsaun32,0,140.66002,FLEX Jamal Roberts QB Avery Johnson RB Cam Cook RB Kedrick Reescano S-FLEX Noah Fifita WR Tre Spivey WR Jaron Tibbs WR Brandon White,,,
473,5269060640,AstroPepper,0,140.3,FLEX Mario Craver QB Drew Mestemaker RB Jamal Roberts RB Rodney Fields Jr. S-FLEX Marcel Reed WR Wyatt Young WR Justin Bowick WR Nyck Harbor,,,
474,5266950090,tjrams123,0,139.85999,FLEX Caleb Hawkins QB Drew Mestemaker RB King Miller RB Jamal Roberts S-FLEX Donovan Olugbode WR Justin Bowick WR Winston Watkins Jr. WR DJ Epps,,,
475,5270763238,WallOfVoodoo,0,139.6,FLEX Carson Kolb QB JC French IV RB Jamal Roberts RB Matt Fuller S-FLEX Kamario Taylor WR Justin Bowick WR Anthony Evans III WR Donovan Olugbode,,,
476,5270724762,Nolemmet,0,139.18001,FLEX Brandon White QB Keelon Russell RB Dilin Jones RB Tradarian Ball S-FLEX Sam Leavitt WR Ryan Coleman-Williams WR Lotzeir Brooks WR Brandon Phelps,,,
477,5270437399,renegadebaumers,0,138.65999,FLEX Justin Bowick QB Sam Leavitt RB Jamal Roberts RB Kedrick Reescano S-FLEX Dante Moore WR Evan Stewart WR Jackson Harris WR Branden Ganashamoorthy,,,
477,5270450943,benschneider44,0,138.65999,FLEX Anthony Evans III QB Avery Johnson RB Jordon Davison RB Caleb Hawkins S-FLEX Noah Fifita WR Evan Stewart WR DJ Epps WR Josh Manning,,,
479,5270116749,jkelly7483,0,138.56,FLEX Justin Bowick QB Michael Hawkins Jr. RB Jamal Roberts RB J.J. Hill S-FLEX Avery Johnson WR Evan Stewart WR Kayden Dixon-Wyatt WR DJ Epps,,,
480,5270159489,ringo321,0,138.18,FLEX Lotzeir Brooks QB Kamario Taylor RB Joe Jackson RB Gi'Bran Payne S-FLEX Noah Fifita WR Anthony Evans III WR JV Gibson WR DJ Epps,,,
481,5270668613,GPDowd,0,137.86,FLEX Donovan Olugbode QB Sam Leavitt RB J.J. Hill RB EJ Crowell S-FLEX Michael Hawkins Jr. WR Justin Bowick WR Anthony Evans III WR Winston Watkins Jr.,,,
482,5266821308,BFerr54,0,137.78,FLEX Zion Ragins QB Michael Hawkins Jr. RB Jamal Roberts RB Rodney Fields Jr. S-FLEX Kamario Taylor WR Mario Craver WR Evan Stewart WR Marquis Johnson,,,
483,5268235508,lcause55,0,137.66,FLEX Jamal Roberts QB Sam Leavitt RB Dilin Jones RB Caleb Hawkins S-FLEX Noah Fifita WR Winston Watkins Jr. WR Eugene Wilson III WR Malachi Thomas,,,
484,5270705577,jrsr411,0,137.44,FLEX EJ Crowell QB Kamario Taylor RB Daniel Hill RB Matt Fuller S-FLEX Jayden Maiava WR Anthony Evans III WR Mark Bowman WR Rico Scott,,,
485,5270739094,duke888,0,137.04001,FLEX Jaron Tibbs QB Drew Mestemaker RB Caleb Hawkins RB Rodney Fields Jr. S-FLEX Avery Johnson WR Justin Bowick WR Evan Stewart WR Zion Ragins,,,
486,5270229942,BrettFortner,0,136.18001,FLEX Eugene Wilson III QB Avery Johnson RB Jamal Roberts RB Gi'Bran Payne S-FLEX Kamario Taylor WR Anthony Evans III WR Kayden Dixon-Wyatt WR Jaron Tibbs,,,
487,5270663175,sean456,0,136.06,FLEX Matt Fuller QB Drew Mestemaker RB Cam Cook RB J.J. Hill S-FLEX Donovan Olugbode WR Anthony Evans III WR JV Gibson WR DJ Epps,,,
488,5268045872,djmalps01,0,135.31999,FLEX Dilin Jones QB Michael Hawkins Jr. RB Jamal Roberts RB Cole Tabb S-FLEX Marcel Reed WR Mario Craver WR Winston Watkins Jr. WR DJ Epps,,,
489,5270304900,Salemme99,0,134.68,FLEX Malachi Thomas QB Kamario Taylor RB Dilin Jones RB Kedrick Reescano S-FLEX Michael Hawkins Jr. WR Anthony Evans III WR Winston Watkins Jr. WR DJ Epps,,,
490,5270147859,baLLer50,0,134.34,FLEX Cole Tabb QB Drew Mestemaker RB Jordon Davison RB King Miller S-FLEX Avery Johnson WR Winston Watkins Jr. WR Jaron Tibbs WR DJ Epps,,,
491,5270727071,PokeAlum12,0,134.2,FLEX EJ Crowell QB Drew Mestemaker RB Dilin Jones RB Kedrick Reescano S-FLEX Jayden Maiava WR Justin Bowick WR Evan Stewart WR Mark Bowman,,,
492,5270636616,jhardy1177,0,133.86,FLEX Isaiah Mizell QB Michael Hawkins Jr. RB Cam Cook RB J.J. Hill S-FLEX Avery Johnson WR Anthony Evans III WR Donovan Olugbode WR DJ Epps,,,
493,5270139557,Mrthensel,0,133.44,FLEX Zacharyus Williams QB Drew Mestemaker RB Jamal Roberts RB Kedrick Reescano S-FLEX Dante Moore WR Wyatt Young WR Justin Bowick WR Evan Stewart,,,
494,5270678894,owllover77,0,133.38,FLEX Donovan Olugbode QB Kamario Taylor RB Jamal Roberts RB Trae'shawn Brown S-FLEX Michael Hawkins Jr. WR Isaiah Horton WR DJ Epps WR Sanfrisco Magee,,,
495,5270229276,PBowie70,0,133.28,FLEX Anthony Evans III QB Avery Johnson RB Caleb Hawkins RB Jamal Roberts S-FLEX Kamario Taylor WR JV Gibson WR Messiah Hampton WR Josh Manning,,,
496,5268077989,gwashko1,0,133.07999,FLEX Justin Bowick QB Avery Johnson RB Dilin Jones RB Jamal Roberts S-FLEX JC French IV WR JV Gibson WR Jaron Tibbs WR Cayden Lee,,,
497,5267114256,Type-A,0,132.87999,FLEX Josh Manning QB Dante Moore RB Fluff Bothwell RB Jamal Roberts S-FLEX JC French IV WR Dakorien Moore WR Evan Stewart WR Kayden Dixon-Wyatt,,,
498,5270501027,mm45,0,132.73999,FLEX Gavin Grover QB Drew Mestemaker RB Jordon Davison RB Jamal Roberts S-FLEX Sam Leavitt WR Justin Bowick WR Anthony Evans III WR Messiah Hampton,,,
498,5270540816,mrxkronz,0,132.73999,FLEX Cayden Lee QB Austin Simmons RB Caleb Hawkins RB Daniel Hill S-FLEX Marcel Reed WR Mario Craver WR Isaiah Horton WR Donovan Olugbode,,,
500,5266694840,greenstephen3,0,132.36,FLEX Jamal Roberts QB Avery Johnson RB Matt Fuller RB Joe Jackson S-FLEX Michael Hawkins Jr. WR Donovan Olugbode WR Jaron Tibbs WR DJ Epps,,,
501,5269484612,softball101,0,132.08,FLEX Matt Fuller QB Avery Johnson RB Monterrio Elston Jr. RB Tradarian Ball S-FLEX Kamario Taylor WR Anthony Evans III WR Donovan Olugbode WR Winston Watkins Jr.,,,
502,5270743553,countryclub22,0,131.96,FLEX King Miller QB Michael Hawkins Jr. RB Matt Fuller RB J.J. Hill S-FLEX Avery Johnson WR Donovan Olugbode WR Winston Watkins Jr. WR DJ Epps,,,
503,5270724049,gwpeil,0,131.38,FLEX Mario Craver QB Kamario Taylor RB Jamal Roberts RB Matt Fuller S-FLEX Michael Hawkins Jr. WR Jaron Tibbs WR DJ Epps WR Marquis Johnson,,,
504,5269443595,J-ROCK1013,0,131.21999,FLEX Josh Manning QB Dante Moore RB Jamal Roberts RB Joe Jackson S-FLEX Jayden Maiava WR Anthony Evans III WR Evan Stewart WR Kayden Dixon-Wyatt,,,
505,5270631854,terpterman,0,131.12001,FLEX Eugene Wilson III QB Dante Moore RB King Miller RB Matt Fuller S-FLEX Jayden Maiava WR Dakorien Moore WR Tre Spivey WR Chris Hunter,,,
506,5270659095,the4amigos,0,130.48001,FLEX Donovan Olugbode QB Keelon Russell RB Daniel Hill RB J.J. Hill S-FLEX Michael Hawkins Jr. WR Lotzeir Brooks WR DJ Epps WR Rico Scott,,,
507,5270669938,joeydel,0,130.38,FLEX Donovan Olugbode QB Michael Hawkins Jr. RB Matt Fuller RB J.J. Hill S-FLEX Isaiah Horton WR Mario Craver WR Justin Bowick WR Anthony Evans III,,,
508,5266796016,Buckshot_McEerskins,0,130.28,FLEX Ayo Adeyi QB Michael Hawkins Jr. RB Cam Cook RB Ismail Mahdi S-FLEX Kamario Taylor WR Anthony Evans III WR Jaden Bray WR Rodney Gallagher III,,,
509,5270580663,SLBMLightshow,0,129.84,FLEX Messiah Hampton QB Michael Hawkins Jr. RB Dilin Jones RB Daniel Hill S-FLEX Drew Mestemaker WR Justin Bowick WR DJ Epps WR Miles Coleman,,,
510,5270665305,Patsqueen_5,0,129.09999,FLEX King Miller QB Keelon Russell RB Daniel Hill RB Trae'shawn Brown S-FLEX Winston Watkins Jr. WR Anthony Evans III WR Evan Stewart WR DJ Epps,,,
511,5269822283,Mlstephenson88,0,129.06,FLEX Noah Rogers QB Avery Johnson RB Cam Cook RB EJ Crowell S-FLEX Michael Hawkins Jr. WR Mario Craver WR Dakorien Moore WR Winston Watkins Jr.,,,
512,5270637761,TutHut,0,129.02,FLEX Zacharyus Williams QB Jayden Maiava RB Caleb Hawkins RB Daniel Hill S-FLEX Dante Moore WR Evan Stewart WR Kayden Dixon-Wyatt WR Tanook Hines,,,
513,5270231256,oddmanout7,0,128.96,FLEX Gi'Bran Payne QB Michael Hawkins Jr. RB Caleb Hawkins RB King Miller S-FLEX Dante Moore WR Anthony Evans III WR DJ Epps WR Messiah Hampton,,,
514,5267668212,clonchkn,0,128.65999,FLEX Donovan Olugbode QB Avery Johnson RB Dilin Jones RB King Miller S-FLEX Michael Hawkins Jr. WR Justin Bowick WR Rico Scott WR Brandon White,,,
515,5269939003,modece,0,128.38,FLEX Jordon Davison QB Dante Moore RB Caleb Hawkins RB Jamal Roberts S-FLEX Kaleb Edwards WR Dakorien Moore WR Kayden Dixon-Wyatt WR Winston Watkins Jr.,,,
516,5266653798,bowens1984,0,128.32,FLEX Zion Ragins QB Jayden Maiava RB Cam Cook RB Jamal Roberts S-FLEX Dante Moore WR Wyatt Young WR Messiah Hampton WR Zacharyus Williams,,,
517,5270056333,wing77,0,128.3,FLEX DJ Epps QB Keelon Russell RB King Miller RB Jamal Roberts S-FLEX Donovan Olugbode WR Ryan Coleman-Williams WR JV Gibson WR Zion Ragins,,,
518,5270680223,debeatup,0,127.98,FLEX Dilin Jones QB Michael Hawkins Jr. RB Caleb Hawkins RB Jamal Roberts S-FLEX Samaj Jones WR Evan Stewart WR Tanook Hines WR DJ Epps,,,
518,5270410929,Stadtusquo,0,127.979996,FLEX Rico Scott QB Dante Moore RB Jamal Roberts RB Gi'Bran Payne S-FLEX Kamario Taylor WR Anthony Evans III WR Dakorien Moore WR Sanfrisco Magee,,,
520,5269310209,zacsmith1,0,127.359985,FLEX Dakorien Moore QB Drew Mestemaker RB Dilin Jones RB Jamal Roberts S-FLEX Jaron Tibbs WR Mario Craver WR Jackson Harris WR Jaden Bray,,,
521,5270752481,jaws725,0,127.32,FLEX DJ Epps QB Jayden Maiava RB Dilin Jones RB Joe Jackson S-FLEX Avery Johnson WR Anthony Evans III WR Evan Stewart WR Josh Manning,,,
522,5269715995,matthewwalsh,0,127.08001,FLEX Zion Ragins QB Avery Johnson RB Caleb Hawkins RB Jamal Roberts S-FLEX Kamario Taylor WR Anthony Evans III WR Jaron Tibbs WR Brandon White,,,
523,5270659480,pwinsizzla,0,126.479996,FLEX Dakorien Moore QB Avery Johnson RB Dilin Jones RB Caleb Hawkins S-FLEX Tanook Hines WR Justin Bowick WR Winston Watkins Jr. WR DJ Epps,,,
523,5270750525,freebie1836,0,126.479996,FLEX JV Gibson QB Kamario Taylor RB J.J. Hill RB Gi'Bran Payne S-FLEX Sam Leavitt WR Kayden Dixon-Wyatt WR Winston Watkins Jr. WR Jaron Tibbs,,,
525,5266803384,TableMeza26,0,126.45999,FLEX Kirby Vorhees QB Drew Mestemaker RB Cam Cook RB Jordon Davison S-FLEX Matt Fuller WR Mario Craver WR Marquis Johnson WR Josh Manning,,,
526,5270308375,the_captain79,0,126.35999,FLEX Daniel Blood QB Dante Moore RB Dilin Jones RB Jamal Roberts S-FLEX Noah Fifita WR Mario Craver WR Jaron Tibbs WR Cayden Lee,,,
527,5270701158,msgdean1,0,125.98,FLEX Zion Ragins QB Sam Leavitt RB Cam Cook RB J.J. Hill S-FLEX Gi'Bran Payne WR Anthony Evans III WR Donovan Olugbode WR Winston Watkins Jr.,,,
528,5270658544,jalves33,0,125.96,FLEX Noah Rogers QB Dante Moore RB King Miller RB Rodney Fields Jr. S-FLEX Avery Johnson WR Lotzeir Brooks WR Evan Stewart WR Tre Spivey,,,
529,5270490820,cwarno20,0,125.78001,FLEX Jamal Roberts QB Avery Johnson RB Dilin Jones RB Gi'Bran Payne S-FLEX Kamario Taylor WR Donovan Olugbode WR Marquis Johnson WR Josh Manning,,,
530,5266813829,rbink75,0,125.67999,FLEX Leo Pulalasi QB Sam Leavitt RB Jamal Roberts RB Kirby Vorhees S-FLEX Keelon Russell WR Ryan Coleman-Williams WR Rodney Gallagher III WR Rico Scott,,,
531,5270462163,wienke29,0,125.64001,FLEX Mario Craver QB Jayden Maiava RB Caleb Hawkins RB Jamal Roberts S-FLEX Zion Ragins WR Justin Bowick WR Anthony Evans III WR DJ Epps,,,
532,5270690840,tobster58,0,125.58,FLEX EJ Crowell QB Avery Johnson RB Rodney Fields Jr. RB Trae'shawn Brown S-FLEX Keelon Russell WR Ryan Coleman-Williams WR Jaron Tibbs WR Chris Hunter,,,
533,5269790995,bharriscohen,0,125.44,FLEX Matt Fuller QB Avery Johnson RB King Miller RB Jamal Roberts S-FLEX Drew Mestemaker WR Dakorien Moore WR DJ Epps WR Zion Ragins,,,
534,5270546080,jbace1954,0,125.299995,FLEX Trae'shawn Brown QB Kamario Taylor RB Fluff Bothwell RB J.J. Hill S-FLEX Jaron Tibbs WR Anthony Evans III WR Dakorien Moore WR Evan Stewart,,,
535,5270238747,ostrander1,0,125.08001,FLEX King Miller QB Avery Johnson RB Caleb Hawkins RB Jamal Roberts S-FLEX Kamario Taylor WR Anthony Evans III WR Josh Manning WR Shane King,,,
536,5269537049,monkeywrench,0,124.44,FLEX Isaiah Horton QB Kamario Taylor RB Jamal Roberts RB Kedrick Reescano S-FLEX Marcel Reed WR Anthony Evans III WR Jaron Tibbs WR Cayden Lee,,,
537,5269824928,Birdsack,0,124.24,FLEX JV Gibson QB Michael Hawkins Jr. RB King Miller RB Jamal Roberts S-FLEX Drew Mestemaker WR Justin Bowick WR Jaron Tibbs WR DJ Epps,,,
538,5270543873,tkanne24,0,123.74,FLEX Zacharyus Williams QB Kamario Taylor RB Dilin Jones RB Jamal Roberts S-FLEX Jayden Maiava WR Dakorien Moore WR Mark Bowman WR Zion Ragins,,,
539,5270742346,alienhood,0,123.060005,FLEX Cam Cook QB Noah Fifita RB Caleb Hawkins RB Jamal Roberts S-FLEX Dante Moore WR Mark Bowman WR Messiah Hampton WR Josh Manning,,,
540,5270510593,MartyG1948,0,122.88,FLEX Anthony Evans III QB Dante Moore RB Caleb Hawkins RB Jamal Roberts S-FLEX Brandon White WR Lotzeir Brooks WR Justin Bowick WR Dakorien Moore,,,
541,5270644436,migueltoohotta,0,122.060005,FLEX Messiah Hampton QB Michael Hawkins Jr. RB Caleb Hawkins RB J.J. Hill S-FLEX Dante Moore WR Anthony Evans III WR Evan Stewart WR DJ Epps,,,
542,5270309434,MiddieJoe,0,122.000015,FLEX Brett Norfleet QB Austin Simmons RB Jamal Roberts RB J.J. Hill S-FLEX Kamario Taylor WR Ryan Coleman-Williams WR Isaiah Horton WR Donovan Olugbode,,,
543,5270331355,blakeb221,0,121.96,FLEX Evan Stewart QB Dante Moore RB Cam Cook RB Rodney Fields Jr. S-FLEX Michael Hawkins Jr. WR Dakorien Moore WR DJ Epps WR Malachi Thomas,,,
544,5270279892,N8DAWG1043,0,121.92,FLEX Winston Watkins Jr. QB Avery Johnson RB Kedrick Reescano RB Joe Jackson S-FLEX Jayden Maiava WR Anthony Evans III WR Dakorien Moore WR Jaron Tibbs,,,
545,5270775879,twinsfan5,0,121.380005,FLEX Chris Hunter QB Michael Hawkins Jr. RB Daniel Hill RB Kirby Vorhees S-FLEX Kamario Taylor WR Anthony Evans III WR DJ Epps WR Zion Ragins,,,
546,5270753875,Uaintredi,0,121.35999,FLEX Brett Norfleet QB Avery Johnson RB Dilin Jones RB Jamal Roberts S-FLEX Sam Leavitt WR Justin Bowick WR Jaron Tibbs WR Sanfrisco Magee,,,
547,5270228764,JPad7,0,120.58,FLEX Dakorien Moore QB Avery Johnson RB Caleb Hawkins RB King Miller S-FLEX LaNorris Sellers WR Anthony Evans III WR Jaron Tibbs WR Mark Bowman,,,
548,5270724792,gorillabiscuit,0,118.98,FLEX JV Gibson QB Avery Johnson RB Caleb Hawkins RB Jamal Roberts S-FLEX Kamario Taylor WR Jaron Tibbs WR Garrett Oakley WR Josh Manning,,,
549,5270483111,jopke,0,118.58,FLEX Kelshaun Johnson QB Kamario Taylor RB Cam Cook RB King Miller S-FLEX Dante Moore WR Evan Stewart WR Sanfrisco Magee WR Brandon White,,,
549,5270714418,LadyNoLuck,0,118.58,FLEX Marquis Johnson QB Avery Johnson RB Dilin Jones RB Kedrick Reescano S-FLEX Kamario Taylor WR Anthony Evans III WR DJ Epps WR Messiah Hampton,,,
551,5270701355,WeDemLakersBoyz,0,118.54,FLEX Jaron Tibbs QB Jayden Maiava RB Daniel Hill RB J.J. Hill S-FLEX Trae'shawn Brown WR Ryan Coleman-Williams WR Wyatt Young WR Dakorien Moore,,,
552,5268998408,kabell,0,118.21999,FLEX Mario Craver QB Avery Johnson RB Jamal Roberts RB Waymond Jordan S-FLEX Jayden Maiava WR Dakorien Moore WR Kayden Dixon-Wyatt WR Josh Manning,,,
553,5270736810,halmar2,0,117.9,FLEX Joe Jackson QB Keelon Russell RB Dilin Jones RB Trae'shawn Brown S-FLEX J.J. Hill WR Anthony Evans III WR Donovan Olugbode WR DJ Epps,,,
554,5270445596,ZQ1989,0,117.88,FLEX Dakorien Moore QB LaNorris Sellers RB Cam Cook RB Jamal Roberts S-FLEX Dante Moore WR Evan Stewart WR Mark Bowman WR Nyck Harbor,,,
554,5270774976,joeystorey813,0,117.88,FLEX Evan Stewart QB LaNorris Sellers RB Cam Cook RB Jamal Roberts S-FLEX Dante Moore WR Dakorien Moore WR Mark Bowman WR Nyck Harbor,,,
556,5270546437,mikemcd810,0,117.82001,FLEX Eugene Wilson III QB Noah Fifita RB Dilin Jones RB Jamal Roberts S-FLEX Marcel Reed WR Mario Craver WR Isaiah Horton WR Tre Spivey,,,
557,5270678917,MJDLC,0,117.36,FLEX DJ Epps QB Avery Johnson RB Daniel Hill RB Jamal Roberts S-FLEX Michael Hawkins Jr. WR Anthony Evans III WR JV Gibson WR Jaron Tibbs,,,
558,5270020040,SC33KB,0,117.18,FLEX JV Gibson QB Sam Leavitt RB King Miller RB Jamal Roberts S-FLEX JC French IV WR Dakorien Moore WR Kayden Dixon-Wyatt WR DJ Epps,,,
559,5270560920,porschedrivergt,0,117.16,FLEX Mario Craver QB Michael Hawkins Jr. RB King Miller RB Jamal Roberts S-FLEX Avery Johnson WR Anthony Evans III WR DJ Epps WR Josh Manning,,,
560,5270510416,jpligon75,0,117.08001,FLEX Anthony Evans III QB Avery Johnson RB Dilin Jones RB Jamal Roberts S-FLEX Kamario Taylor WR Jaron Tibbs WR Josh Manning WR Brandon White,,,
560,5270778825,es18car,0,117.08001,FLEX Anthony Evans III QB Avery Johnson RB Dilin Jones RB Jamal Roberts S-FLEX Kamario Taylor WR Jaron Tibbs WR Josh Manning WR Brandon White,,,
562,5269044168,canovsp,0,116.42,FLEX Jaron Tibbs QB Avery Johnson RB Daniel Hill RB Jamal Roberts S-FLEX Jayden Maiava WR Kayden Dixon-Wyatt WR JV Gibson WR DJ Epps,,,
563,5270466031,briangile,0,116.28,FLEX Kedrick Reescano QB Kamario Taylor RB Jamal Roberts RB Joe Jackson S-FLEX Dante Moore WR Anthony Evans III WR Sanfrisco Magee WR Rico Scott,,,
564,5270359084,gunnercharles,0,116.08,FLEX Jamal Roberts QB Dante Moore RB Rueben Owens II RB Cole Tabb S-FLEX Justin Bowick WR Mario Craver WR Dakorien Moore WR Winston Watkins Jr.,,,
565,5270417898,caine36,0,116.020004,FLEX King Miller QB Noah Fifita RB Dilin Jones RB Jamal Roberts S-FLEX Marcel Reed WR Anthony Evans III WR Donovan Olugbode WR Zacharyus Williams,,,
566,5266797843,souge369,0,115.920006,FLEX Xai'Shaun Edwards QB Dante Moore RB Caleb Hawkins RB Tradarian Ball S-FLEX Jayden Maiava WR Wyatt Young WR Mario Craver WR Mark Bowman,,,
567,5270632491,butcha1111,0,115.08,FLEX King Miller QB Avery Johnson RB Jamal Roberts RB Matt Fuller S-FLEX Jeremiah McClellan WR Anthony Evans III WR Dakorien Moore WR JV Gibson,,,
568,5270160382,ifudare,0,114.8,FLEX Anthony Evans III QB Austin Simmons RB King Miller RB Jamal Roberts S-FLEX JC French IV WR Justin Bowick WR Isaiah Horton WR Tanook Hines,,,
569,5270244290,RickRude69,0,114.600006,FLEX Dilin Jones QB Drew Mestemaker RB Cam Cook RB Jamal Roberts S-FLEX Marcel Reed WR Mark Bowman WR Zion Ragins WR Messiah Hampton,,,
570,5270047365,SeanyB231,0,114.479996,FLEX Gi'Bran Payne QB Avery Johnson RB Cam Cook RB Joe Jackson S-FLEX JC French IV WR Evan Stewart WR JV Gibson WR Jaron Tibbs,,,
571,5270314444,WVUBandie26,0,114.06,FLEX JV Gibson QB Avery Johnson RB Cam Cook RB Jabree Coleman S-FLEX Michael Hawkins Jr. WR Donovan Olugbode WR Jaron Tibbs WR DJ Epps,,,
572,5270128963,Harry12,0,113.920006,FLEX DJ Epps QB Dante Moore RB Caleb Hawkins RB Jamal Roberts S-FLEX Jayden Maiava WR Anthony Evans III WR Jaron Tibbs WR Messiah Hampton,,,
573,5270628701,Milo1051,0,113.76001,FLEX Anthony Evans III QB Sam Leavitt RB Cam Cook RB Jamal Roberts S-FLEX Avery Johnson WR Jaron Tibbs WR Eugene Wilson III WR Cade Wolford,,,
573,5270723461,bucfan054,0,113.76001,FLEX Anthony Evans III QB Sam Leavitt RB Cam Cook RB Jamal Roberts S-FLEX Avery Johnson WR Jaron Tibbs WR Eugene Wilson III WR Cade Wolford,,,
575,5269972545,beilke33,0,113.28,FLEX Dakorien Moore QB JC French IV RB Jamal Roberts RB Matt Fuller S-FLEX Dante Moore WR Justin Bowick WR Evan Stewart WR DJ Epps,,,
576,5270667631,JABO3,0,112.939995,FLEX DJ Epps QB Drew Mestemaker RB Rodney Fields Jr. RB Gi'Bran Payne S-FLEX Dante Moore WR Mario Craver WR Justin Bowick WR Dakorien Moore,,,
577,5270366763,GladneyK,0,112.84,FLEX Isaiah Horton QB Marcel Reed RB Dilin Jones RB Tradarian Ball S-FLEX Kamario Taylor WR Donovan Olugbode WR Winston Watkins Jr. WR Sanfrisco Magee,,,
578,5270772803,wildmn19,0,112.56,FLEX Donovan Olugbode QB Dante Moore RB Jamal Roberts RB Joe Jackson S-FLEX Sam Leavitt WR Dakorien Moore WR Winston Watkins Jr. WR Messiah Hampton,,,
579,5269775313,Tbrett54,0,111.76,FLEX DJ Epps QB Dante Moore RB Dilin Jones RB Jamal Roberts S-FLEX Michael Hawkins Jr. WR Evan Stewart WR Jaron Tibbs WR Nyck Harbor,,,
580,5270731753,kinder23,0,111.439995,FLEX Mario Craver QB Jayden Maiava RB Waymond Jordan RB Joe Jackson S-FLEX Kamario Taylor WR Winston Watkins Jr. WR Tanook Hines WR Zion Ragins,,,
581,5266650036,Sanford71,0,111.079994,FLEX Mario Craver QB Avery Johnson RB Caleb Hawkins RB Jamal Roberts S-FLEX DJ Epps WR Anthony Evans III WR Dakorien Moore WR Jaron Tibbs,,,
582,5270761348,whoopemazz,0,109.100006,FLEX EJ Crowell QB Kamario Taylor RB Jordon Davison RB Daniel Hill S-FLEX Jay Harris WR Ryan Coleman-Williams WR Lotzeir Brooks WR Messiah Hampton,,,
583,5270554954,smalltown72,0,108.98,FLEX Dilin Jones QB Kamario Taylor RB Cam Cook RB Carsyn Baker S-FLEX Avery Johnson WR DJ Epps WR Marquis Johnson WR Malachi Thomas,,,
584,5270164227,DannyBecker,0,107.72001,FLEX Evan Stewart QB Dante Moore RB King Miller RB Monterrio Elston Jr. S-FLEX Jayden Maiava WR Dakorien Moore WR Kayden Dixon-Wyatt WR DJ Epps,,,
585,5270689212,CAKSEER,0,105.68,FLEX Josh Manning QB Avery Johnson RB Jamal Roberts RB J.J. Hill S-FLEX Kamario Taylor WR Anthony Evans III WR Donovan Olugbode WR Jaron Tibbs,,,
586,5270759889,9768e,0,102.62,FLEX Jawarn Howell QB Jayden Maiava RB Jordon Davison RB King Miller S-FLEX Dante Moore WR Dakorien Moore WR Kayden Dixon-Wyatt WR Mazeo Bennett Jr.,,,
587,5270504896,STUMPROD,0,101.479996,FLEX King Miller QB Michael Hawkins Jr. RB Quincy Craig RB Da'Jaun Riggs S-FLEX Kamario Taylor WR Rico Scott WR Messiah Hampton WR Tank Hawkins,,,
588,5270787347,DCB1,0,92.18,FLEX Kedrick Reescano QB Austin Simmons RB King Miller RB Jamal Roberts S-FLEX Dante Moore WR Donovan Olugbode WR Dakorien Moore WR Eugene Wilson III,,,
589,5269598237,csurunnerccr,0,91.44,FLEX Anthony Evans III QB Marcel Reed RB Dilin Jones RB Daniel Hill S-FLEX Kamario Taylor WR Mario Craver WR Eugene Wilson III WR Ashton Bethel-Roman,,,
590,5270344454,pelicans777,0,84.95999,FLEX Kendre Harrison QB Avery Johnson RB King Miller RB Jamal Roberts S-FLEX Dante Moore WR Anthony Evans III WR Dakorien Moore WR Jaron Tibbs,,,
591,5270035921,tamsterz,0,81.12,FLEX Matt Fuller QB Dante Moore RB King Miller RB J.J. Hill S-FLEX Marcel Reed WR Anthony Evans III WR Dakorien Moore WR Zion Ragins,,,
592,5270636828,steelers979,0,70.54,FLEX Dakorien Moore QB Marcel Reed RB Dilin Jones RB Rueben Owens II S-FLEX Monterrio Elston Jr. WR Lotzeir Brooks WR Mario Craver WR Isaiah Horton,,,
593,5270079527,beckbrian42,0,0,,,,
593,5270638095,Sally_Bunn,0,0,,,,
