Rank,EntryId,EntryName,TimeRemaining,Points,Lineup,,Player,Roster Position,%Drafted,FPTS
1,5288046445,laxmike80,0,107.100006,C Dylan Larkin C Berkly Catton D Moritz Seider D Marcus Pettersson G Sergei Murashov UTIL Viktor Arvidsson W Alex DeBrincat W Lucas Raymond W Mackie Samoskevich,,Kyle Connor,W,42.09%,14.3
2,5287905283,pickens81,0,104.4,C Mikael Granlund C Ben Kindel D Erik Karlsson D Damon Severson G Philipp Grubauer UTIL Jackson LaCombe W Cutter Gauthier W Beckett Sennecke W Bryan Rust,,Dylan Larkin,C,32.66%,2.8
3,5288181786,GameOnLetsGo,0,103.8,C Adam Fantilli C Berkly Catton D Zach Werenski D Damon Severson G Lukas Dostal UTIL Dylan Larkin W Lucas Raymond W Viktor Arvidsson W Matthew Knies,,Igor Shesterkin,G,32.49%,5.6
4,5288492869,Darkhorse911,0,103.5,C Chandler Stephenson C Berkly Catton D Brandon Montour D Vince Dunn G Philipp Grubauer UTIL Kyle Connor W Cutter Gauthier W Jared McCann W Jordan Eberle,,Mark Scheifele,C,29.29%,6.5
5,5287960036,icemike23,0,101.5,C Adam Fantilli C Charlie Coyle D Zach Werenski D Damon Severson G Lukas Dostal UTIL Mikael Granlund W Alex DeBrincat W Alex Ovechkin W Gabe Perreault,,Zach Werenski,D,26.77%,16.4
6,5288495925,mck1960,0,100.700005,C Charlie Coyle C Berkly Catton D Moritz Seider D Jakob Chychrun G Lukas Dostal UTIL Boone Jenner W Alex DeBrincat W Alex Ovechkin W Viktor Arvidsson,,Neal Pionk,D,26.09%,1.3
7,5288444026,vavo27,0,100.2,C Mark Scheifele C Adam Lowry D Zach Werenski D Damon Severson G Logan Thompson UTIL Charlie Coyle W Kyle Connor W Tom Wilson W Cole Perfetti,,Cole Perfetti,W,25.42%,0
8,5288224701,heisenbergthegreat,0,99.3,C Charlie Coyle C Berkly Catton D Moritz Seider D Jakob Chychrun G Lukas Dostal UTIL Denton Mateychuk W Alex DeBrincat W Alex Ovechkin W Viktor Arvidsson,,Matthew Knies,W,23.23%,4.5
8,5288278011,bfowler0419,0,99.3,C Charlie Coyle C Berkly Catton D Moritz Seider D Jakob Chychrun G Lukas Dostal UTIL Denton Mateychuk W Alex DeBrincat W Alex Ovechkin W Viktor Arvidsson,,Viktor Arvidsson,W,21.04%,14.3
8,5288315383,jjnads2000,0,99.3,C Charlie Coyle C Berkly Catton D Moritz Seider D Jakob Chychrun G Lukas Dostal UTIL Denton Mateychuk W Alex DeBrincat W Alex Ovechkin W Viktor Arvidsson,,Alex DeBrincat,W,17.17%,9.5
11,5288015191,ThePride87,0,97.49999,C Dylan Larkin C Emmitt Finnie D Zach Werenski D Martin Fehervary G Lukas Dostal UTIL Michael Brandsegg-Nygard W Alex DeBrincat W Lucas Raymond W Viktor Arvidsson,,Adam Fantilli,C,16.84%,4.5
12,5288054225,aurum48,0,96.9,C Adam Fantilli C Charlie Coyle D Zach Werenski D Erik Karlsson G Philipp Grubauer UTIL Alexis Lafreniere W Bryan Rust W Matthew Knies W Kent Johnson,,Beckett Sennecke,W,15.99%,11.3
13,5287906549,mustangs2015,0,96.5,C Leo Carlsson C Mikael Granlund D Zach Werenski D Sean Durzi G Lukas Dostal UTIL Damon Severson W Cutter Gauthier W Beckett Sennecke W Dmitri Voronkov,,Ben Kindel,C,15.82%,4.5
14,5287978794,lpratts,0,96.1,C Leo Carlsson C Charlie Coyle D Denton Mateychuk D Timothy Liljegren G Philipp Grubauer UTIL Neal Pionk W Cutter Gauthier W Kyle Connor W Beckett Sennecke,,Logan Thompson,G,15.82%,17.2
14,5288160458,berzaj23,0,96.1,C Mark Scheifele C Matty Beniers D Jackson LaCombe D Brandon Montour G Philipp Grubauer UTIL Kyle Connor W Jared McCann W Jordan Eberle W Mackie Samoskevich,,Kent Johnson,W,15.32%,5.8
16,5288038507,justutah,0,95.899994,C Mark Scheifele C Sean Monahan D Zach Werenski D Denton Mateychuk G Philipp Grubauer UTIL Tristan Luneau W Kyle Connor W Bryan Rust W Morgan Barron,,Clay Stevenson,G,14.81%,-5.6
17,5288007427,Jfuller121380,0,95.3,C Sidney Crosby C Mikael Granlund D Vince Dunn D Vladislav Gavrikov G Lukas Dostal UTIL Bobby McMann W Beckett Sennecke W Viktor Arvidsson W Alexis Lafreniere,,Bryan Rust,W,13.97%,12.8
18,5288102396,wano0916,0,94.99999,C Leo Carlsson C Berkly Catton D Denton Mateychuk D Damon Severson G Igor Shesterkin UTIL Jackson LaCombe W Cutter Gauthier W Kyle Connor W Beckett Sennecke,,Cutter Gauthier,W,13.47%,2.8
19,5288199820,ChazzDaMan2020,0,94.9,C Leo Carlsson C Pierre-Luc Dubois D Denton Mateychuk D Timothy Liljegren G Philipp Grubauer UTIL Pavel Mintyukov W Cutter Gauthier W Kyle Connor W Beckett Sennecke,,Leo Carlsson,C,13.47%,2.8
20,5288225411,CoffeeInBed,0,94.100006,C Adam Fantilli C Charlie Coyle D Zach Werenski D Moritz Seider G Igor Shesterkin UTIL Cole Sillinger W Kyle Connor W Matthew Knies W Mathieu Olivier,,Lucas Raymond,W,12.29%,9.5
21,5288464166,thegadfather,0,94,C Dylan Larkin C Berkly Catton D Zach Werenski D Moritz Seider G Logan Thompson UTIL Shane Wright W Lucas Raymond W Viktor Arvidsson W Kaapo Kakko,,Pierre-Luc Dubois,C,11.45%,4.1
22,5288490257,keystone15,0,93.799995,C Sidney Crosby C Adam Fantilli D Adam Larsson D Kaedan Korczak G Sergei Murashov UTIL Rickard Rakell W Kyle Connor W Evgeni Malkin W Mackie Samoskevich,,Charlie Coyle,C,11.11%,13.5
23,5288066636,DomingoSalvajeS,0,93.700005,C Mark Scheifele C Charlie Coyle D Zach Werenski D Neal Pionk G Philipp Grubauer UTIL Cole Perfetti W Kyle Connor W Matthew Knies W Mackie Samoskevich,,Declan Carlile,D,10.61%,11
24,5287968279,geoffm33,0,93.299995,C Matty Beniers C Chandler Stephenson D Zach Werenski D Adam Larsson G Philipp Grubauer UTIL Mark Scheifele W Kyle Connor W Bobby McMann W Jordan Eberle,,Jackson LaCombe,D,10.44%,6.5
25,5288157974,Dylancough22,0,92.9,C Dylan Larkin C Mark Scheifele D Neal Pionk D Damon Severson G Igor Shesterkin UTIL Bryan Rust W Kyle Connor W Alex DeBrincat W Michael Brandsegg-Nygard,,Moritz Seider,D,10.27%,7.8
26,5288463566,markobrien67,0,92.600006,C Dylan Larkin C Pierre-Luc Dubois D Brandon Montour D Vince Dunn G Logan Thompson UTIL Bryan Rust W Evgeni Malkin W Jared McCann W Ryan Leonard,,Erik Karlsson,D,9.76%,5
26,5287919705,bglover14,0,92.6,C Adam Fantilli C Charlie Coyle D Zach Werenski D Timothy Liljegren G Lukas Dostal UTIL Dylan Larkin W Lucas Raymond W Viktor Arvidsson W Kent Johnson,,Cole Hutson,D,9.60%,3
26,5288278886,robwest26,0,92.59999,C Mark Scheifele C Mikael Granlund D Declan Carlile D Dylan DeMelo G Logan Thompson UTIL Kyle Connor W Alex DeBrincat W Beckett Sennecke W Alex Iafallo,,Dylan Samberg,D,9.43%,7.3
29,5288043095,henry296,0,92.1,C Dylan Larkin C Tommy Novak D Vince Dunn D Justin Faulk G Sergei Murashov UTIL Egor Chinakhov W Lucas Raymond W Evgeni Malkin W Viktor Arvidsson,,Mika Zibanejad,C,9.09%,3
30,5288395095,FootballRoyal88,0,91.90001,C Tommy Novak C Sean Monahan D Zach Werenski D Moritz Seider G Logan Thompson UTIL Viktor Arvidsson W Evgeni Malkin W Valeri Nichushkin W Dmitri Voronkov,,Sidney Crosby,C,9.09%,4.5
31,5287987865,Sanford71,0,91.8,C Dylan Larkin C Ben Kindel D Zach Werenski D Declan Carlile G Logan Thompson UTIL Boone Jenner W Kyle Connor W Beckett Sennecke W Shane Wright,,Denton Mateychuk,D,8.08%,12.9
32,5288456293,Diablo13blanco,0,91.6,C Dylan Strome C Pierre-Luc Dubois D Erik Karlsson D Jackson LaCombe G Philipp Grubauer UTIL Charlie Coyle W Cutter Gauthier W Beckett Sennecke W Tom Wilson,,John Gibson,G,8.08%,-10.5
33,5288211214,bean74,0,91.50001,C Dylan Larkin C Mark Scheifele D Zach Werenski D Damon Severson G Igor Shesterkin UTIL Neal Pionk W Kyle Connor W Matthew Knies W Michael Brandsegg-Nygard,,Tommy Novak,C,8.08%,4.1
33,5288334054,kipper12,0,91.50001,C Dylan Larkin C Mark Scheifele D Zach Werenski D Damon Severson G Igor Shesterkin UTIL Neal Pionk W Kyle Connor W Matthew Knies W Michael Brandsegg-Nygard,,Kyle Connor,UTIL,7.74%,14.3
35,5288140718,charlesrayallday,0,91.200005,C Dylan Larkin C Ben Kindel D Zach Werenski D Damon Severson G Igor Shesterkin UTIL Kyle Connor W Alex DeBrincat W Kent Johnson W Cole Sillinger,,Jakob Chychrun,D,7.74%,5.8
35,5288040371,Gr8Hipcheck,0,91.2,C Adam Fantilli C Charlie Coyle D Zach Werenski D Declan Carlile G Logan Thompson UTIL Ben Kindel W Beckett Sennecke W Bryan Rust W Cole Perfetti,,Lukas Dostal,G,7.58%,13
37,5287896427,LoganGrewe50,0,91.1,C Charlie Coyle C Emmitt Finnie D Moritz Seider D Jakob Chychrun G Lukas Dostal UTIL Denton Mateychuk W Alex DeBrincat W Beckett Sennecke W Viktor Arvidsson,,Alexis Lafreniere,W,7.24%,10
37,5287975838,johnson0652,0,91.1,C Charlie Coyle C Emmitt Finnie D Moritz Seider D Jakob Chychrun G Lukas Dostal UTIL Denton Mateychuk W Alex DeBrincat W Beckett Sennecke W Viktor Arvidsson,,Alex Tuch,W,7.07%,3
37,5288228702,UWAlums03,0,91.1,C Charlie Coyle C Emmitt Finnie D Moritz Seider D Jakob Chychrun G Lukas Dostal UTIL Denton Mateychuk W Alex DeBrincat W Beckett Sennecke W Viktor Arvidsson,,Kris Letang,D,7.07%,4.3
37,5288244819,PluckB07,0,91.1,C Charlie Coyle C Emmitt Finnie D Moritz Seider D Jakob Chychrun G Lukas Dostal UTIL Denton Mateychuk W Alex DeBrincat W Beckett Sennecke W Viktor Arvidsson,,Vladislav Gavrikov,D,6.90%,5.8
37,5288248199,blackjackandelvis,0,91.1,C Charlie Coyle C Emmitt Finnie D Moritz Seider D Jakob Chychrun G Lukas Dostal UTIL Denton Mateychuk W Alex DeBrincat W Beckett Sennecke W Viktor Arvidsson,,Tom Wilson,W,6.73%,13
37,5288311457,JayAguilar23,0,91.1,C Charlie Coyle C Emmitt Finnie D Moritz Seider D Jakob Chychrun G Lukas Dostal UTIL Denton Mateychuk W Alex DeBrincat W Beckett Sennecke W Viktor Arvidsson,,Cole Perfetti,UTIL,6.40%,0
37,5288418736,pigskin23,0,91.1,C Charlie Coyle C Emmitt Finnie D Moritz Seider D Jakob Chychrun G Lukas Dostal UTIL Denton Mateychuk W Alex DeBrincat W Beckett Sennecke W Viktor Arvidsson,,Rickard Rakell,W,6.23%,1.3
37,5288451278,lurch123,0,91.1,C Charlie Coyle C Emmitt Finnie D Moritz Seider D Jakob Chychrun G Lukas Dostal UTIL Denton Mateychuk W Alex DeBrincat W Beckett Sennecke W Viktor Arvidsson,,Philipp Grubauer,G,6.23%,24.4
37,5288488471,skinpie23,0,91.1,C Charlie Coyle C Emmitt Finnie D Moritz Seider D Jakob Chychrun G Lukas Dostal UTIL Denton Mateychuk W Alex DeBrincat W Beckett Sennecke W Viktor Arvidsson,,Andrew Copp,C,6.06%,3
46,5288486889,andymilligan3,0,90.2,C Adam Fantilli C Charlie Coyle D Zach Werenski D Adam Larsson G Logan Thompson UTIL Dylan Larkin W Viktor Arvidsson W Matthew Knies W Kent Johnson,,Emmitt Finnie,C,5.89%,3
47,5287964825,Paulo21613,0,90.1,C Leo Carlsson C Mikael Granlund D Jackson LaCombe D Denton Mateychuk G Lukas Dostal UTIL Beckett Sennecke W Cutter Gauthier W Alexis Lafreniere W Cole Sillinger,,Mikael Granlund,C,5.56%,17.8
48,5288245826,Carriecat,0,89.899994,C Mark Scheifele C Emmitt Finnie D Jakob Chychrun D Timothy Liljegren G Logan Thompson UTIL Michael Brandsegg-Nygard W Kyle Connor W Alex DeBrincat W Cole Perfetti,,Adam Fox,D,5.56%,2.6
49,5287839378,hammer2424,0,89.7,C Mikael Granlund C Charlie Coyle D Zach Werenski D Jackson LaCombe G Igor Shesterkin UTIL Neal Pionk W Beckett Sennecke W Viktor Arvidsson W Gabriel Vilardi,,Justin Faulk,D,5.56%,3
50,5287885241,Schoey17,0,89.100006,C Mark Scheifele C Matty Beniers D Zach Werenski D Marcus Pettersson G Philipp Grubauer UTIL Cole Perfetti W Kyle Connor W Jared McCann W Mackie Samoskevich,,Evgeni Malkin,W,5.39%,13
50,5287974993,raiderras,0,89.1,C Mikael Granlund C Ben Kindel D Vince Dunn D Declan Carlile G Clay Stevenson UTIL Viktor Arvidsson W Kyle Connor W Beckett Sennecke W Alexis Lafreniere,,Jared McCann,W,5.39%,6.3
50,5288406941,PensDangleSniper94,0,89.1,C Sidney Crosby C Emmitt Finnie D Moritz Seider D Sean Durzi G Sergei Murashov UTIL Bryan Rust W Alex DeBrincat W Rickard Rakell W Michael Brandsegg-Nygard,,Vince Dunn,D,5.39%,11.5
53,5288276517,jbhguru77,0,88.6,C Mark Scheifele C Andrew Copp D Zach Werenski D Denton Mateychuk G Igor Shesterkin UTIL Bryan Rust W Kyle Connor W Viktor Arvidsson W Morgan Barron,,Damon Severson,D,5.05%,19.3
54,5288326200,cflfan,0,88.3,C Ben Kindel C Blake Lizotte D Zach Werenski D Declan Carlile G Logan Thompson UTIL Shane Wright W Kyle Connor W Alex DeBrincat W Beckett Sennecke,,Bobby McMann,W,4.88%,7.1
55,5288082968,fchonor,0,88,C Mark Scheifele C Matty Beniers D Erik Karlsson D Dylan Samberg G Sergei Murashov UTIL Mackie Samoskevich W Kyle Connor W Rickard Rakell W Bobby McMann,,Joey Daccord,G,4.88%,0
56,5288169574,Riccajb9,0,87.7,C Ben Kindel C Tommy Novak D Cole Hutson D Denton Mateychuk G Sergei Murashov UTIL Mark Scheifele W Kyle Connor W Viktor Arvidsson W Cole Perfetti,,Sergei Murashov,G,4.88%,28.1
57,5288011451,az350z,0,87.6,C Mika Zibanejad C J.T. Miller D Adam Fox D Brandon Montour G Philipp Grubauer UTIL Matty Beniers W Pavel Dorofeyev W Jared McCann W Bryan Rust,,Gabriel Vilardi,W,4.71%,3
57,5288012712,Doublution,0,87.6,C Mark Scheifele C Mika Zibanejad D Brandon Montour D Kris Letang G Sergei Murashov UTIL Gabe Perreault W Kyle Connor W Cole Perfetti W Alexis Lafreniere,,J.T. Miller,C,4.71%,5
57,5288373225,CMallock,0,87.6,C Leo Carlsson C Dylan Larkin D Mario Ferraro D Damon Severson G Igor Shesterkin UTIL Michael Brandsegg-Nygard W Cutter Gauthier W Alex DeBrincat W Viktor Arvidsson,,Jordan Eberle,W,4.55%,2.8
60,5288168156,proKristonator,0,87.3,C Mikael Granlund C Viggo Bjorck D Neal Pionk D Denton Mateychuk G Logan Thompson UTIL Cole Perfetti W Kyle Connor W Alex DeBrincat W Viktor Arvidsson,,Sean Durzi,D,4.55%,1.3
61,5288129795,azerirules,0,87,C Dylan Larkin C Tommy Novak D Moritz Seider D Vladislav Gavrikov G Sergei Murashov UTIL Viktor Arvidsson W Beckett Sennecke W Bryan Rust W Cole Perfetti,,Neal Pionk,UTIL,4.55%,1.3
61,5288339138,tonyfeels420,0,87,C Leo Carlsson C Charlie Coyle D Jackson LaCombe D Martin Fehervary G Philipp Grubauer UTIL Ben Kindel W Cutter Gauthier W Beckett Sennecke W Tom Wilson,,Kaedan Korczak,D,4.55%,4.1
63,5288150237,Elwaysarmy,0,86.9,C Adam Fantilli C Matty Beniers D Jackson LaCombe D Brandon Montour G Philipp Grubauer UTIL Mackie Samoskevich W Jared McCann W Bobby McMann W Jordan Eberle,,Matthew Knies,UTIL,4.38%,4.5
64,5288396451,Woods24,0,86.7,C Leo Carlsson C Pierre-Luc Dubois D Denton Mateychuk D Timothy Liljegren G Philipp Grubauer UTIL Neal Pionk W Cutter Gauthier W Kyle Connor W Beckett Sennecke,,Adam Larsson,D,4.38%,11.2
64,5288437003,logan956,0,86.7,C Leo Carlsson C Pierre-Luc Dubois D Denton Mateychuk D Timothy Liljegren G Philipp Grubauer UTIL Neal Pionk W Cutter Gauthier W Kyle Connor W Beckett Sennecke,,Kent Johnson,UTIL,4.21%,5.8
66,5287978934,pat_the_hat2,0,86.6,C Sidney Crosby C Dylan Strome D Jakob Chychrun D Vladislav Gavrikov G Sergei Murashov UTIL Pierre-Luc Dubois W Alex Ovechkin W Beckett Sennecke W Tom Wilson,,Alex Ovechkin,W,4.21%,3
67,5288397539,dexterboydk1,0,86.200005,C Mark Scheifele C Ryan Poehling D Zach Werenski D Cole Hutson G Philipp Grubauer UTIL Matthew Knies W Kyle Connor W Bryan Rust W Will Cuylle,,Michael Brandsegg-Nygard,W,3.70%,20.8
68,5288089432,mycuk,0,85.899994,C Sidney Crosby C Dylan Larkin D Vladislav Gavrikov D Damon Severson G Igor Shesterkin UTIL Beckett Sennecke W Lucas Raymond W Viktor Arvidsson W Bryan Rust,,Brandon Montour,D,3.70%,16.9
69,5288189453,Mtrainor6,0,85.7,C Mikael Granlund C Pierre-Luc Dubois D Zach Werenski D Cale Fleury G Lukas Dostal UTIL Tom Wilson W Alex Tuch W Beckett Sennecke W Bobby McMann,,Matty Beniers,C,3.54%,5.6
70,5288470726,deuce6078,0,85.600006,C J.T. Miller C Ben Kindel D Brandon Montour D Tristan Luneau G Logan Thompson UTIL Mark Scheifele W Viktor Arvidsson W Bryan Rust W Bobby McMann,,Will Cuylle,W,3.54%,1.5
71,5288295802,07km,0,85.399994,C Mark Scheifele C Charlie Coyle D Zach Werenski D Neal Pionk G Philipp Grubauer UTIL Cole Perfetti W Kyle Connor W Matthew Knies W Gabe Perreault,,Cutter Gauthier,UTIL,3.54%,2.8
72,5288042062,MCStu,0,84.700005,C Mark Scheifele C Emmitt Finnie D Neal Pionk D Dylan Samberg G Igor Shesterkin UTIL Zach Werenski W Kyle Connor W Alex DeBrincat W Michael Brandsegg-Nygard,,Tristan Luneau,D,3.37%,1.3
72,5288122343,Bsaun32,0,84.7,C Dylan Larkin C Mikael Granlund D Martin Fehervary D Ben Chiarot G Lukas Dostal UTIL Moritz Seider W Lucas Raymond W Beckett Sennecke W Viktor Arvidsson,,Pavel Dorofeyev,W,3.20%,11
74,5288403470,tasteitsucka,0,84.5,C Charlie Coyle C Adam Lowry D Zach Werenski D Dylan Samberg G Logan Thompson UTIL Beckett Sennecke W Kyle Connor W Cole Perfetti W Matthew Knies,,Cam Talbot,G,3.03%,13
75,5288459169,Bengals_1999,0,84.399994,C Dylan Larkin C Emmitt Finnie D Erik Karlsson D Jackson LaCombe G Lukas Dostal UTIL Michael Brandsegg-Nygard W Alex DeBrincat W Lucas Raymond W Viktor Arvidsson,,Beckett Sennecke,UTIL,3.03%,11.3
76,5287983146,garryld1949,0,84.1,C Mark Scheifele C Berkly Catton D Zach Werenski D Denton Mateychuk G Joey Daccord UTIL Matthew Knies W Kyle Connor W Cole Perfetti W Alexis Lafreniere,,Sean Monahan,C,2.86%,4.5
76,5288048594,stock2mail,0,84.1,C Leo Carlsson C Mikael Granlund D Jackson LaCombe D Timothy Liljegren G Lukas Dostal UTIL Beckett Sennecke W Cutter Gauthier W Viktor Arvidsson W Keegan Kolesar,,Ben Kindel,UTIL,2.86%,4.5
78,5288232253,stayeduptolate,0,84,C Mark Scheifele C Matty Beniers D Adam Fox D Vince Dunn G Philipp Grubauer UTIL Cole Perfetti W Kyle Connor W Jared McCann W Mackie Samoskevich,,Valeri Nichushkin,W,2.69%,2.8
79,5288035601,strausberg,0,83.6,C Adam Fantilli C Dylan Strome D Zach Werenski D Jakob Chychrun G Philipp Grubauer UTIL Pierre-Luc Dubois W Bobby McMann W Matthew Knies W Kent Johnson,,Gabe Perreault,W,2.69%,4.5
80,5288016179,joeH1950,0,83.49999,C Mikael Granlund C Chandler Stephenson D Jakob Chychrun D Martin Fehervary G Igor Shesterkin UTIL Matthew Knies W Kyle Connor W Lucas Raymond W Bryan Rust,,Denton Mateychuk,UTIL,2.53%,12.9
81,5288151032,Drewski9090,0,83.4,C Dylan Larkin C Mark Scheifele D Zach Werenski D Neal Pionk G Igor Shesterkin UTIL Adam Larsson W Kyle Connor W Matthew Knies W Michael Brandsegg-Nygard,,Bryan Rust,UTIL,2.36%,12.8
81,5288490957,poco1083,0,83.4,C Tommy Novak C Pierre-Luc Dubois D Jakob Chychrun D Jackson LaCombe G Sergei Murashov UTIL Tom Wilson W Alex Tuch W Evgeni Malkin W Egor Chinakhov,,Shane Wright,W,2.36%,0
83,5288400754,Dethstar1972,0,82.899994,C Tommy Novak C Pierre-Luc Dubois D Zach Werenski D Erik Karlsson G Logan Thompson UTIL Evgeni Malkin W Bryan Rust W Matthew Knies W Kent Johnson,,Dylan Strome,C,2.36%,11
84,5287875196,biglas,0,82.7,C Mikael Granlund C Pierre-Luc Dubois D Cole Hutson D Dylan Samberg G Logan Thompson UTIL Mika Zibanejad W Kyle Connor W Alex Tuch W Tom Wilson,,Chandler Stephenson,C,2.36%,5
84,5288002360,acim2887,0,82.7,C Dylan Larkin C Ben Kindel D Moritz Seider D Damon Severson G Logan Thompson UTIL Dylan Samberg W Alex DeBrincat W Viktor Arvidsson W Cole Perfetti,,Berkly Catton,C,2.36%,19.5
86,5288081589,SpeedRacer101,0,82.6,C Sidney Crosby C Ben Kindel D Neal Pionk D Damon Severson G Philipp Grubauer UTIL Cole Perfetti W Kyle Connor W Rickard Rakell W Evgeni Malkin,,Viktor Arvidsson,UTIL,2.19%,14.3
87,5288468964,iLLmaculatee,0,82.5,C Dylan Larkin C Emmitt Finnie D Zach Werenski D Damon Severson G Logan Thompson UTIL Lucas Raymond W Kyle Connor W Cole Perfetti W Shane Wright,,Mark Scheifele,UTIL,2.19%,6.5
88,5288511720,meyers2305,0,82.2,C Dylan Larkin C Charlie Coyle D Moritz Seider D Adam Larsson G Igor Shesterkin UTIL Kyle Connor W Alex DeBrincat W Matthew Knies W Cole Sillinger,,Dylan Larkin,UTIL,2.02%,2.8
89,5287925843,jer4940,0,82,C Sidney Crosby C Ilya Protas D Erik Karlsson D Damon Severson G Lukas Dostal UTIL Zach Werenski W Alex DeBrincat W Bryan Rust W Nick Robertson,,Gabriel Vilardi,UTIL,2.02%,3
89,5288476459,goolie1228,0,82,C Dylan Larkin C Mika Zibanejad D Adam Larsson D Damon Severson G Igor Shesterkin UTIL Bryan Rust W Kyle Connor W Alex Tuch W Alexis Lafreniere,,Mackie Samoskevich,W,2.02%,12.8
91,5288446985,Fuhkair,0,81.9,C Mark Scheifele C Tommy Novak D Moritz Seider D Dylan Samberg G Sergei Murashov UTIL Egor Chinakhov W Kyle Connor W Cole Perfetti W Ryan Leonard,,Egor Chinakhov,W,2.02%,5.8
92,5288479780,jeffseff,0,81.5,C Dylan Larkin C Mark Scheifele D Neal Pionk D Adam Larsson G Sergei Murashov UTIL Ben Kindel W Kyle Connor W Bryan Rust W Cole Perfetti,,Timothy Liljegren,D,1.85%,12.8
93,5288170361,shanndigg,0,81.2,C Tommy Novak C Berkly Catton D Declan Carlile D Kaedan Korczak G Logan Thompson UTIL Kyle Connor W Matthew Knies W Kaapo Kakko W Shane Wright,,Evgeni Malkin,UTIL,1.85%,13
94,5288046324,keavster,0,81,C Ben Kindel C Tommy Novak D Jackson LaCombe D Brandon Montour G Logan Thompson UTIL Evgeni Malkin W Alex Tuch W Beckett Sennecke W Matthew Knies,,Lucas Raymond,UTIL,1.68%,9.5
94,5288134419,timothy.beechler,0,81,C Mark Scheifele C Sean Monahan D Zach Werenski D Braden Schneider G Philipp Grubauer UTIL Jackson LaCombe W Kyle Connor W Gabriel Vilardi W Valeri Nichushkin,,Zach Werenski,UTIL,1.68%,16.4
96,5288079876,xokkeu,0,80.8,C Tommy Novak C Pierre-Luc Dubois D Justin Faulk D Damon Severson G Logan Thompson UTIL Cutter Gauthier W Kyle Connor W Alex Tuch W Tom Wilson,,Mario Ferraro,D,1.68%,9.7
97,5288040686,bookert21,0,80.5,C Sidney Crosby C Ben Kindel D Erik Karlsson D Ryker Evans G Sergei Murashov UTIL Evgeni Malkin W Rickard Rakell W Bryan Rust W Alexis Lafreniere,,Dmitri Voronkov,W,1.68%,11.8
97,5288273245,Bubba2057,0,80.5,C Mikael Granlund C Dylan Strome D Zach Werenski D Jackson LaCombe G Lukas Dostal UTIL Beckett Sennecke W Alex Ovechkin W Alex Killorn W Anthony Beauvillier,,Alex Tuch,UTIL,1.68%,3
99,5288158315,garverx,0,80.4,C Dylan Larkin C Andrew Copp D Jakob Chychrun D Tristan Luneau G Sergei Murashov UTIL Morgan Barron W Alex DeBrincat W Viktor Arvidsson W Bryan Rust,,Ryan Leonard,W,1.68%,8
99,5288308764,mathyewjoeza,0,80.399994,C Charlie Coyle C Emmitt Finnie D Jackson LaCombe D Justin Faulk G Lukas Dostal UTIL Mikael Granlund W Cutter Gauthier W Alex DeBrincat W Beckett Sennecke,,Jordan Eberle,UTIL,1.68%,2.8
101,5287880847,aarontheone,0,80.2,C Dylan Larkin C Mark Scheifele D Albert Johansson D Braden Schneider G Philipp Grubauer UTIL Cole Perfetti W Kyle Connor W Lucas Raymond W Viktor Arvidsson,,Morgan Barron,UTIL,1.68%,2.8
102,5287938112,anteyup,0,80.1,C Mark Scheifele C Charlie Coyle D Zach Werenski D Neal Pionk G Igor Shesterkin UTIL Dylan DeMelo W Kyle Connor W Evgeni Malkin W Matthew Knies,,A.J. Greer,W,1.52%,3
102,5288317285,phalluspilsnermaker,0,80.1,C Dylan Larkin C Berkly Catton D Moritz Seider D Damon Severson G Igor Shesterkin UTIL Neal Pionk W Kyle Connor W Alex DeBrincat W Cole Perfetti,,Nick Robertson,W,1.52%,1.5
102,5288450420,Choker12,0,80.1,C Adam Fantilli C Tommy Novak D Zach Werenski D Neal Pionk G Logan Thompson UTIL Charlie Coyle W Bryan Rust W Egor Chinakhov W Matthew Knies,,Alex DeBrincat,UTIL,1.52%,9.5
105,5288063201,dext56ses,0,79.9,C Sidney Crosby C Pierre-Luc Dubois D Kris Letang D Vladislav Gavrikov G Sergei Murashov UTIL Matthew Knies W Kyle Connor W Alex Tuch W Beckett Sennecke,,J.T. Miller,UTIL,1.52%,5
105,5288203369,Lakesnow13,0,79.9,C Dylan Larkin C Matty Beniers D Moritz Seider D Vince Dunn G Igor Shesterkin UTIL Alexis Lafreniere W Lucas Raymond W Viktor Arvidsson W Mackie Samoskevich,,Dylan Samberg,UTIL,1.35%,7.3
105,5288407576,Nutzydog,0,79.9,C Matty Beniers C Pierre-Luc Dubois D Jakob Chychrun D Kris Letang G Clay Stevenson UTIL Mikael Granlund W Kyle Connor W Bryan Rust W Michael Brandsegg-Nygard,,Tom Wilson,UTIL,1.35%,13
105,5288417843,RKereliuk,0,79.899994,C Leo Carlsson C Mikael Granlund D Zach Werenski D Jackson LaCombe G Igor Shesterkin UTIL Charlie Coyle W Beckett Sennecke W Matthew Knies W Oliver Bjorkstrand,,Adam Lowry,C,1.18%,0
109,5287897790,Livebullet83,0,79.7,C Mark Scheifele C Adam Fantilli D Zach Werenski D Neal Pionk G Igor Shesterkin UTIL Kyle Connor W Matthew Knies W Kent Johnson W Michael Brandsegg-Nygard,,Samuel Girard,D,1.18%,5
110,5288334605,8589,0,79.5,C Leo Carlsson C Mark Scheifele D Brandon Montour D Dylan Samberg G Philipp Grubauer UTIL Eeli Tolvanen W Cutter Gauthier W Alexis Lafreniere W Matthew Knies,,Sidney Crosby,UTIL,1.18%,4.5
111,5287988275,aquafinatim,0,78.99999,C Mikael Granlund C Chandler Stephenson D Jackson LaCombe D Neal Pionk G Philipp Grubauer UTIL Beckett Sennecke W Cutter Gauthier W Bobby McMann W Jordan Eberle,,Jared McCann,UTIL,1.18%,6.3
112,5288413543,RamsRuleRamsRule,0,78.7,C Sidney Crosby C Dylan Larkin D Erik Karlsson D Declan Carlile G Sergei Murashov UTIL Vince Dunn W Egor Chinakhov W Cole Perfetti W Alexis Lafreniere,,Charlie Coyle,UTIL,1.18%,13.5
113,5288270332,ram08,0,78.600006,C Leo Carlsson C Ben Kindel D Sean Durzi D Mario Ferraro G Logan Thompson UTIL Tom Wilson W Kyle Connor W Beckett Sennecke W Matthew Knies,,Morgan Barron,W,1.18%,2.8
114,5287950045,Mirth,0,78.5,C Adam Fantilli C Sean Monahan D Zach Werenski D Vince Dunn G Cam Talbot UTIL Alex DeBrincat W Matthew Knies W Valeri Nichushkin W Dmitri Voronkov,,Alexis Lafreniere,UTIL,1.18%,10
114,5288260939,Zschossow22,0,78.5,C Dylan Larkin C Ben Kindel D Declan Carlile D Vladislav Gavrikov G Logan Thompson UTIL Cutter Gauthier W Evgeni Malkin W Viktor Arvidsson W Bobby McMann,,Jackson LaCombe,UTIL,1.01%,6.5
114,5288304110,Dubbzz,0,78.5,C Mika Zibanejad C Matty Beniers D Zach Werenski D Vince Dunn G Cam Talbot UTIL Mackie Samoskevich W Jared McCann W Bobby McMann W Jordan Eberle,,Ilya Protas,C,1.01%,0
117,5288037973,Itzpcraft,0,78.399994,C Adam Fantilli C Chandler Stephenson D Zach Werenski D Moritz Seider G Igor Shesterkin UTIL Damon Severson W Alex DeBrincat W Matthew Knies W Kent Johnson,,Moritz Seider,UTIL,1.01%,7.8
118,5287986151,lsbruehl,0,78.3,C Dylan Larkin C Tommy Novak D Kris Letang D Dylan Samberg G Logan Thompson UTIL Evgeni Malkin W Lucas Raymond W Viktor Arvidsson W Egor Chinakhov,,Leo Carlsson,UTIL,1.01%,2.8
118,5288308516,ldmoney,0,78.3,C Ben Kindel C Pierre-Luc Dubois D Zach Werenski D Vince Dunn G Logan Thompson UTIL Beckett Sennecke W Alex Tuch W Matthew Knies W Kent Johnson,,Alex Killorn,W,1.01%,1.5
120,5287836297,UHHOHH,0,78.100006,C Ben Kindel C Pierre-Luc Dubois D Neal Pionk D Denton Mateychuk G Logan Thompson UTIL Lucas Raymond W Kyle Connor W Alex Tuch W Beckett Sennecke,,Justin Faulk,UTIL,1.01%,3
121,5287990517,canovsp,0,77.99999,C Mikael Granlund C Ben Kindel D Zach Werenski D Adam Fox G Igor Shesterkin UTIL Jack St. Ivany W Kyle Connor W Pavel Dorofeyev W Kent Johnson,,Michael Brandsegg-Nygard,UTIL,1.01%,20.8
121,5288181385,SpewyMcNutbag,0,77.99999,C Charlie Coyle C Andrew Copp D Zach Werenski D Adam Larsson G Igor Shesterkin UTIL Matthew Knies W Kyle Connor W Alex DeBrincat W Cole Perfetti,,Tommy Novak,UTIL,1.01%,4.1
123,5288033394,Mattchoo13,0,77.5,C Ben Kindel C Charlie Coyle D Zach Werenski D Brandon Montour G Joey Daccord UTIL Jared McCann W Bryan Rust W Bobby McMann W Cole Perfetti,,Braden Schneider,D,0.84%,2.6
123,5288231615,chemicalsofdemocracy,0,77.5,C Dylan Larkin C Ben Kindel D Declan Carlile D Vladislav Gavrikov G Logan Thompson UTIL Cutter Gauthier W Viktor Arvidsson W Jared McCann W Bryan Rust,,Anthony Beauvillier,W,0.84%,0
123,5288456656,golfer13cc,0,77.5,C Tommy Novak C Pierre-Luc Dubois D Zach Werenski D Neal Pionk G Logan Thompson UTIL Cole Perfetti W Kyle Connor W Viktor Arvidsson W Kent Johnson,,Marcus Pettersson,D,0.84%,2.8
126,5288346181,zacsmith1,0,77.1,C Sidney Crosby C Mark Scheifele D Brandon Montour D Neal Pionk G Logan Thompson UTIL Tommy Novak W Lucas Raymond W Valeri Nichushkin W Boone Jenner,,Aliaksei Protas,W,0.84%,1.5
126,5288466927,realtoray,0,77.1,C Dylan Larkin C Ben Kindel D Zach Werenski D Declan Carlile G Igor Shesterkin UTIL Lucas Raymond W Bryan Rust W Alexis Lafreniere W Matthew Knies,,Emmitt Finnie,UTIL,0.84%,3
128,5288265207,mythicalrhymer01,0,77,C J.T. Miller C Chandler Stephenson D Jackson LaCombe D Adam Larsson G Philipp Grubauer UTIL Mark Scheifele W Kyle Connor W Rickard Rakell W Jordan Eberle,,Mikael Granlund,UTIL,0.84%,17.8
128,5288494905,blessediam76,0,77,C Dylan Larkin C Ben Kindel D Declan Carlile D Vladislav Gavrikov G Logan Thompson UTIL Bryan Rust W Cutter Gauthier W Kyle Connor W Kent Johnson,,Kaapo Kakko,W,0.84%,6.5
130,5288098618,rjaco353,0,76.9,C Mark Scheifele C Mikael Granlund D Zach Werenski D Denton Mateychuk G Joey Daccord UTIL Cole Hutson W Kyle Connor W Matthew Knies W Will Cuylle,,Pierre-Luc Dubois,UTIL,0.84%,4.1
130,5287861843,rjkid1,0,76.899994,C Ben Kindel C Charlie Coyle D Zach Werenski D Dylan Samberg G Igor Shesterkin UTIL Neal Pionk W Kyle Connor W Alex DeBrincat W Matthew Knies,,Dmitri Voronkov,UTIL,0.84%,11.8
130,5287978192,whiteduece,0,76.899994,C Ben Kindel C Charlie Coyle D Zach Werenski D Dylan Samberg G Igor Shesterkin UTIL Neal Pionk W Kyle Connor W Alex DeBrincat W Matthew Knies,,Egor Chinakhov,UTIL,0.84%,5.8
133,5288418199,mattcasada,0,76.700005,C Dylan Larkin C Andrew Copp D Zach Werenski D Damon Severson G Igor Shesterkin UTIL Kyle Connor W Lucas Raymond W Cole Perfetti W Kent Johnson,,Andrew Copp,UTIL,0.84%,3
133,5288237258,andrewdahlgren,0,76.7,C Sidney Crosby C Mika Zibanejad D Neal Pionk D Declan Carlile G Sergei Murashov UTIL Alexis Lafreniere W Kyle Connor W Cole Perfetti W Matthew Knies,,Cole Hutson,UTIL,0.84%,3
135,5288162004,Yankeeblue1315,0,76.6,C Mark Scheifele C Sean Monahan D Jakob Chychrun D Jackson LaCombe G Philipp Grubauer UTIL Cole Perfetti W Kyle Connor W Valeri Nichushkin W Dmitri Voronkov,,Pavel Dorofeyev,UTIL,0.84%,11
135,5288415482,dos-perros,0,76.6,C Mika Zibanejad C Mikael Granlund D Cole Hutson D Kris Letang G Igor Shesterkin UTIL Matthew Knies W Kyle Connor W Beckett Sennecke W Bryan Rust,,Jordan Kyrou,W,0.67%,0
137,5288149352,zona1011,0,76.5,C Sidney Crosby C Leo Carlsson D Kaedan Korczak D Damon Severson G Philipp Grubauer UTIL Sean Monahan W Cutter Gauthier W Rickard Rakell W Bryan Rust,,Mika Zibanejad,UTIL,0.67%,3
138,5288120273,defsoad,0,76.299995,C Mika Zibanejad C Charlie Coyle D Zach Werenski D Jackson LaCombe G Igor Shesterkin UTIL Pavel Dorofeyev W Alexis Lafreniere W Matthew Knies W Kent Johnson,,Albert Johansson,D,0.67%,5.8
138,5288227094,BoomerSoomer1987,0,76.299995,C Dylan Larkin C Pierre-Luc Dubois D Adam Fox D Vladislav Gavrikov G Sergei Murashov UTIL Beckett Sennecke W Kyle Connor W Alex Ovechkin W Eeli Tolvanen,,Pavel Mintyukov,D,0.67%,9.5
140,5288186923,budaman3195,0,76.09999,C Ben Kindel C Vladislav Namestnikov D Zach Werenski D Ryker Evans G Cam Talbot UTIL Kent Johnson W Kyle Connor W Alex DeBrincat W Beckett Sennecke,,Chandler Stephenson,UTIL,0.67%,5
140,5288498446,ariedoz,0,76.09999,C Adam Fantilli C Charlie Coyle D Zach Werenski D Neal Pionk G Cam Talbot UTIL Kyle Connor W Matthew Knies W Jordan Eberle W Kent Johnson,,Ryker Evans,D,0.67%,1.3
142,5287983820,SlyHolla,0,76,C Dylan Larkin C Pierre-Luc Dubois D Cole Hutson D Declan Carlile G Logan Thompson UTIL Jordan Eberle W Kyle Connor W Lucas Raymond W Beckett Sennecke,,Viggo Bjorck,C,0.67%,0
143,5288320059,funwa001,0,75.8,C Sidney Crosby C Mika Zibanejad D Brandon Montour D Dylan Samberg G Igor Shesterkin UTIL Ben Kindel W Pavel Dorofeyev W Evgeni Malkin W Alexis Lafreniere,,Martin Fehervary,D,0.67%,8.2
144,5288030748,Dannyboy7932,0,75.7,C Leo Carlsson C Mark Scheifele D Kris Letang D Dylan Samberg G Logan Thompson UTIL Matthew Knies W Kyle Connor W Tom Wilson W Kent Johnson,,Rickard Rakell,UTIL,0.67%,1.3
144,5288275112,kit_kat92,0,75.7,C Pierre-Luc Dubois C Chandler Stephenson D Kris Letang D Adam Larsson G Logan Thompson UTIL Alex DeBrincat W Kyle Connor W Alex Tuch W Bobby McMann,,Oliver Bjorkstrand,W,0.67%,1.5
146,5288074222,sklein92,0,75.6,C Pierre-Luc Dubois C Berkly Catton D Zach Werenski D Moritz Seider G Logan Thompson UTIL Dylan Larkin W Rickard Rakell W Kaapo Kakko W Shane Wright,,Ryan Leonard,UTIL,0.67%,8
147,5288442470,kulichsm,0,75.4,C Sidney Crosby C Chandler Stephenson D Zach Werenski D Neal Pionk G Sergei Murashov UTIL Jordan Eberle W Bryan Rust W Cole Perfetti W Matthew Knies,,Mackie Samoskevich,UTIL,0.67%,12.8
148,5288420609,Daily_Big_Kahuna,0,75.3,C Dylan Larkin C Matty Beniers D Moritz Seider D Timothy Liljegren G Lukas Dostal UTIL Alex DeBrincat W Lucas Raymond W Viktor Arvidsson W Shane Wright,,Boone Jenner,W,0.67%,14.3
149,5288294998,Wyatt11111111,0,75,C Tommy Novak C Pierre-Luc Dubois D Moritz Seider D Jackson LaCombe G Sergei Murashov UTIL Matthew Knies W Cutter Gauthier W Beckett Sennecke W Kent Johnson,,Declan Carlile,UTIL,0.67%,11
150,5287914953,bleeski,0,74.8,C Dylan Larkin C Sean Monahan D Vince Dunn D Denton Mateychuk G Cam Talbot UTIL Kyle Connor W Beckett Sennecke W Cole Perfetti W Matthew Knies,,Nick Robertson,UTIL,0.51%,1.5
150,5288165435,csurunnerccr,0,74.799995,C Mika Zibanejad C Andrew Copp D Erik Karlsson D Kaedan Korczak G Sergei Murashov UTIL Sidney Crosby W Rickard Rakell W Evgeni Malkin W Bryan Rust,,Adam Fantilli,UTIL,0.51%,4.5
152,5288386810,colaterss,0,74.6,C Sidney Crosby C Pierre-Luc Dubois D Jakob Chychrun D Adam Larsson G Philipp Grubauer UTIL Matty Beniers W Alex Tuch W Alex Ovechkin W Evgeni Malkin,,Sean Monahan,UTIL,0.51%,4.5
153,5288414171,JhonnyQ,0,74.5,C Sidney Crosby C Mikael Granlund D Jackson LaCombe D Vladislav Gavrikov G Lukas Dostal UTIL Alex Killorn W Rickard Rakell W Beckett Sennecke W Bryan Rust,,Cale Fleury,D,0.51%,0
154,5288287746,Bigleaguechew13,0,74.4,C Mark Scheifele C Tommy Novak D Tristan Luneau D Neal Pionk G Sergei Murashov UTIL Evgeni Malkin W Kyle Connor W Egor Chinakhov W Cole Perfetti,,Cole Sillinger,W,0.51%,13
154,5288400353,seminolefs,0,74.4,C Matty Beniers C Pierre-Luc Dubois D Jackson LaCombe D Brandon Montour G Philipp Grubauer UTIL Leo Carlsson W Cutter Gauthier W Beckett Sennecke W Shane Wright,,Michael Rasmussen,W,0.51%,3
154,5287869179,tt1127,0,74.399994,C Mikael Granlund C J.T. Miller D Adam Fox D Cole Hutson G Logan Thompson UTIL Bryan Rust W Alex Ovechkin W Tom Wilson W Jordan Kyrou,,Boone Jenner,UTIL,0.51%,14.3
154,5288495803,colorado_colin,0,74.399994,C Ben Kindel C Pierre-Luc Dubois D Jakob Chychrun D Brandon Montour G Logan Thompson UTIL Jordan Eberle W Alex Tuch W Bobby McMann W Tom Wilson,,Ben Chiarot,D,0.51%,0
158,5288265101,sarasoxs,0,74,C Dylan Larkin C Ben Kindel D Declan Carlile D Vladislav Gavrikov G Logan Thompson UTIL Bryan Rust W Cutter Gauthier W Beckett Sennecke W Kent Johnson,,Gabe Perreault,UTIL,0.51%,4.5
158,5288499028,Kclax8998,0,74,C Mark Scheifele C Ben Kindel D Zach Werenski D Vladislav Gavrikov G Igor Shesterkin UTIL Declan Carlile W Kyle Connor W Bobby McMann W Jordan Eberle,,Valeri Nichushkin,UTIL,0.51%,2.8
160,5288117654,Bigb16,0,73.899994,C Leo Carlsson C Matty Beniers D Jackson LaCombe D Timothy Liljegren G Lukas Dostal UTIL Mackie Samoskevich W Cutter Gauthier W Beckett Sennecke W Jared McCann,,Matty Beniers,UTIL,0.51%,5.6
161,5287973078,jacoborsak23,0,73.7,C Ben Kindel C Tommy Novak D Jackson LaCombe D Neal Pionk G Logan Thompson UTIL Cole Perfetti W Kyle Connor W Evgeni Malkin W Bryan Rust,,Ryan Poehling,C,0.51%,2.8
161,5288115062,RYANEOZ,0,73.7,C Pierre-Luc Dubois C Charlie Coyle D Erik Karlsson D Jackson LaCombe G Lukas Dostal UTIL Ben Kindel W Cutter Gauthier W Beckett Sennecke W Tom Wilson,,Shane Wright,UTIL,0.51%,0
163,5287974707,eagles995720,0,73.600006,C Mark Scheifele C Tommy Novak D Moritz Seider D Adam Larsson G Logan Thompson UTIL Matthew Knies W Kyle Connor W Cole Perfetti W Ryan Leonard,,Hendrix Lapierre,W,0.34%,1.5
163,5287979729,joe_mac10,0,73.6,C Leo Carlsson C Ilya Protas D Erik Karlsson D Damon Severson G Lukas Dostal UTIL Zach Werenski W Cutter Gauthier W Bryan Rust W Nick Robertson,,Dylan Garand,G,0.34%,4.2
163,5287986395,jpm_joshua2002,0,73.6,C Leo Carlsson C Ilya Protas D Erik Karlsson D Damon Severson G Lukas Dostal UTIL Zach Werenski W Cutter Gauthier W Bryan Rust W Nick Robertson,,Alex Iafallo,W,0.34%,0
166,5287882932,soonerdallas,0,73.5,C Leo Carlsson C Sean Monahan D Zach Werenski D Erik Karlsson G Philipp Grubauer UTIL Cutter Gauthier W Valeri Nichushkin W A.J. Greer W Dmitri Voronkov,,Damon Severson,UTIL,0.34%,19.3
167,5288447143,nwspring52,0,73.2,C Mark Scheifele C Viggo Bjorck D Zach Werenski D Justin Faulk G Igor Shesterkin UTIL Dmitri Voronkov W Cutter Gauthier W Viktor Arvidsson W Bryan Rust,,Tye Kartye,W,0.34%,1.5
168,5288407554,recelle73,0,73.1,C Mark Scheifele C Pierre-Luc Dubois D Neal Pionk D Cole Hutson G Sergei Murashov UTIL Kyle Connor W Alex Tuch W Bryan Rust W Cole Perfetti,,Dylan DeMelo,D,0.34%,5
169,5287815928,rajonrondough,0,73,C Dylan Larkin C Adam Fantilli D Zach Werenski D Neal Pionk G Igor Shesterkin UTIL Dylan Samberg W Kyle Connor W Cole Perfetti W Michael Brandsegg-Nygard,,Anthony Beauvillier,UTIL,0.34%,0
169,5287837533,briannedanielle,0,73,C Dylan Larkin C Adam Fantilli D Neal Pionk D Dylan Samberg G Igor Shesterkin UTIL Zach Werenski W Kyle Connor W Cole Perfetti W Michael Brandsegg-Nygard,,Adam Larsson,UTIL,0.34%,11.2
169,5287862818,nickenyon6,0,73,C Dylan Larkin C Adam Fantilli D Zach Werenski D Neal Pionk G Igor Shesterkin UTIL Dylan Samberg W Kyle Connor W Cole Perfetti W Michael Brandsegg-Nygard,,Nikita Klepov,W,0.34%,0
169,5287934093,blambeth2424,0,73,C Dylan Larkin C Adam Fantilli D Zach Werenski D Dylan Samberg G Igor Shesterkin UTIL Neal Pionk W Kyle Connor W Cole Perfetti W Michael Brandsegg-Nygard,,Tristan Luneau,UTIL,0.34%,1.3
169,5287946600,sportsfanatic89,0,73,C Dylan Larkin C Adam Fantilli D Zach Werenski D Dylan Samberg G Igor Shesterkin UTIL Neal Pionk W Kyle Connor W Cole Perfetti W Michael Brandsegg-Nygard,,Tyson Hinds,D,0.34%,1.3
169,5288242036,LTskelter,0,73,C Dylan Larkin C Sean Monahan D Moritz Seider D Jackson LaCombe G Lukas Dostal UTIL Viktor Arvidsson W Lucas Raymond W Valeri Nichushkin W Dmitri Voronkov,,Mathieu Olivier,W,0.34%,14.5
169,5288298472,littlebrassones,0,73,C Dylan Larkin C Adam Fantilli D Neal Pionk D Dylan Samberg G Igor Shesterkin UTIL Zach Werenski W Kyle Connor W Cole Perfetti W Michael Brandsegg-Nygard,,Adam Lowry,UTIL,0.34%,0
169,5288331779,joecarterfan,0,73,C Dylan Larkin C Adam Fantilli D Zach Werenski D Dylan Samberg G Igor Shesterkin UTIL Neal Pionk W Kyle Connor W Cole Perfetti W Michael Brandsegg-Nygard,,Alex Killorn,UTIL,0.34%,1.5
169,5288498600,xXxPLOSIVE,0,73,C Dylan Larkin C Adam Fantilli D Zach Werenski D Neal Pionk G Igor Shesterkin UTIL Dylan Samberg W Kyle Connor W Cole Perfetti W Michael Brandsegg-Nygard,,Eeli Tolvanen,UTIL,0.34%,4.3
178,5287967423,cosmo407,0,72.9,C Dylan Larkin C Pierre-Luc Dubois D Cole Hutson D Declan Carlile G Logan Thompson UTIL Alex Tuch W Kyle Connor W Tom Wilson W Matthew Knies,,Vince Dunn,UTIL,0.34%,11.5
178,5288008583,rjk5068,0,72.9,C Mark Scheifele C Charlie Coyle D Zach Werenski D Neal Pionk G Igor Shesterkin UTIL J.T. Miller W Kyle Connor W Matthew Knies W Kent Johnson,,Ville Koivunen,UTIL,0.17%,0
178,5288048284,Ravensboss_5,0,72.9,C Mark Scheifele C Charlie Coyle D Zach Werenski D Neal Pionk G Igor Shesterkin UTIL J.T. Miller W Kyle Connor W Matthew Knies W Kent Johnson,,Dylan DeMelo,UTIL,0.17%,5
178,5288170250,Browns2233,0,72.9,C Pierre-Luc Dubois C Charlie Coyle D Jakob Chychrun D Neal Pionk G Philipp Grubauer UTIL Mark Scheifele W Kyle Connor W Cole Perfetti W Gabriel Vilardi,,Jack St. Ivany,UTIL,0.17%,0
178,5288279204,BucksnBeers,0,72.9,C Mark Scheifele C Charlie Coyle D Zach Werenski D Neal Pionk G Igor Shesterkin UTIL J.T. Miller W Kyle Connor W Matthew Knies W Kent Johnson,,Bobby McMann,UTIL,0.17%,7.1
178,5288312152,grama14,0,72.9,C Mark Scheifele C Charlie Coyle D Zach Werenski D Neal Pionk G Igor Shesterkin UTIL J.T. Miller W Kyle Connor W Matthew Knies W Kent Johnson,,Stuart Skinner,G,0.17%,0
184,5288220057,timmac10,0,72.799995,C Mikael Granlund C Tommy Novak D Zach Werenski D Adam Larsson G John Gibson UTIL Mark Scheifele W Evgeni Malkin W Bryan Rust W Alex Killorn,,Keegan Kolesar,W,0.17%,2.8
185,5288350644,MarcoRacin,0,72.7,C Leo Carlsson C Ben Kindel D Declan Carlile D Kaedan Korczak G Logan Thompson UTIL Kyle Connor W Alex Tuch W Beckett Sennecke W Matthew Knies,,Alberts Smits,D,0.17%,1.5
185,5288470228,AJSuperman,0,72.7,C Mark Scheifele C Adam Fantilli D Zach Werenski D Kaedan Korczak G Igor Shesterkin UTIL Declan Carlile W Kyle Connor W Matthew Knies W Kent Johnson,,Erik Karlsson,UTIL,0.17%,5
187,5288156659,tigolebitties91,0,72.6,C Dylan Larkin C Adam Fantilli D Cole Hutson D Declan Carlile G Logan Thompson UTIL Viktor Arvidsson W Lucas Raymond W Matthew Knies W Kent Johnson,,Adam Fox,UTIL,0.17%,2.6
188,5288062058,Steven_1974,0,72.3,C Sidney Crosby C J.T. Miller D Erik Karlsson D Vince Dunn G Philipp Grubauer UTIL Chandler Stephenson W Rickard Rakell W Bryan Rust W Jordan Eberle,,Jordan Kyrou,UTIL,0.17%,0
188,5288067251,bposluszny,0,72.3,C Adam Fantilli C Charlie Coyle D Neal Pionk D Cole Hutson G Logan Thompson UTIL Ben Kindel W Kyle Connor W Alex DeBrincat W Matthew Knies,,Vladislav Namestnikov,C,0.17%,0
188,5288337985,Leadpipe,0,72.299995,C Mark Scheifele C Adam Fantilli D Neal Pionk D Denton Mateychuk G Cam Talbot UTIL Kyle Connor W Lucas Raymond W Matthew Knies W Kent Johnson,,Pavel Mintyukov,UTIL,0.17%,9.5
191,5288235560,SinCounty,0,72.2,C Dylan Larkin C Tommy Novak D Vince Dunn D Declan Carlile G Logan Thompson UTIL Rickard Rakell W Beckett Sennecke W Tom Wilson W Cole Perfetti,,Cole Sillinger,UTIL,0.17%,13
192,5288265598,roosevelt,0,72.1,C Dylan Larkin C Mark Scheifele D Neal Pionk D Damon Severson G Igor Shesterkin UTIL Timothy Liljegren W Kyle Connor W Alex DeBrincat W Cole Perfetti,,Eeli Tolvanen,W,0.17%,4.3
192,5288502784,evanbletz,0,72.1,C Leo Carlsson C J.T. Miller D Jakob Chychrun D Dylan Samberg G Sergei Murashov UTIL Boone Jenner W Cutter Gauthier W Alex Tuch W A.J. Greer,,Connor Dewar,W,0.17%,2.6
194,5288066990,mbf15,0,72,C Adam Fantilli C Berkly Catton D Zach Werenski D Neal Pionk G Logan Thompson UTIL Cole Perfetti W Cutter Gauthier W Matthew Knies W Kent Johnson,,Alex Iafallo,UTIL,0.17%,0
194,5288292010,jeffylube,0,72,C Pierre-Luc Dubois C Charlie Coyle D Zach Werenski D Dylan Samberg G Igor Shesterkin UTIL Neal Pionk W Kyle Connor W Alex DeBrincat W Cole Perfetti,,Travis Mitchell,D,0.17%,2.6
194,5288305248,Nolemmet,0,72,C Leo Carlsson C Adam Fantilli D Zach Werenski D Jackson LaCombe G Logan Thompson UTIL Ben Kindel W Gabriel Vilardi W Boone Jenner W Morgan Barron,,Timothy Liljegren,UTIL,0.17%,12.8
197,5287822032,tomkriger,0,71.9,C Leo Carlsson C Mikael Granlund D Jackson LaCombe D Neal Pionk G Igor Shesterkin UTIL Gabriel Vilardi W Cutter Gauthier W Beckett Sennecke W Michael Brandsegg-Nygard,,Marcus Pettersson,UTIL,0.17%,2.8
197,5287978186,foutah,0,71.899994,C Sidney Crosby C Charlie Coyle D Zach Werenski D Cole Hutson G Logan Thompson UTIL Chandler Stephenson W Cutter Gauthier W Ryan Leonard W Alex Killorn,,Blake Lizotte,C,0.17%,4.1
197,5288449534,Davidstillwell,0,71.899994,C Mika Zibanejad C Emmitt Finnie D Neal Pionk D Dylan Samberg G Igor Shesterkin UTIL Zach Werenski W Kyle Connor W Pavel Dorofeyev W Alexis Lafreniere,,Mathieu Olivier,UTIL,0.17%,14.5
200,5288120269,Opfor4481,0,71.8,C Dylan Larkin C Tommy Novak D Zach Werenski D Declan Carlile G Logan Thompson UTIL Ben Kindel W Beckett Sennecke W Cole Perfetti W Matthew Knies,,Vladislav Gavrikov,UTIL,0.17%,5.8
201,5288513770,marino82867,0,71.7,C Ben Kindel C Pierre-Luc Dubois D Jackson LaCombe D Sean Durzi G Logan Thompson UTIL Ryan Leonard W Kyle Connor W Alex DeBrincat W Jared McCann,,Noah Warren,D,0.17%,7.6
202,5288415268,Phrenologist,0,71.6,C Mark Scheifele C Andrew Copp D Zach Werenski D Denton Mateychuk G Clay Stevenson UTIL Morgan Barron W Kyle Connor W Alex DeBrincat W Dmitri Voronkov,,Kaedan Korczak,UTIL,0.17%,4.1
203,5288439686,jjbrock,0,71.50001,C Adam Fantilli C Emmitt Finnie D Zach Werenski D Dylan Samberg G Clay Stevenson UTIL Neal Pionk W Kyle Connor W Alex DeBrincat W Michael Brandsegg-Nygard,,Sam Colangelo,UTIL,0.17%,10
203,5288105458,BakedKarma,0,71.5,C Mark Scheifele C Matty Beniers D Zach Werenski D Neal Pionk G Philipp Grubauer UTIL Kyle Connor W Cole Perfetti W Gabriel Vilardi W Shane Wright,,Tim Washe,C,0.17%,17.6
203,5288424471,mnewm99,0,71.5,C Dylan Larkin C Ben Kindel D Cole Hutson D Denton Mateychuk G Igor Shesterkin UTIL Alexis Lafreniere W Kyle Connor W Beckett Sennecke W Bobby McMann,,Dylan Strome,UTIL,0.17%,11
206,5288089412,moosh20,0,71.4,C J.T. Miller C Charlie Coyle D Zach Werenski D Neal Pionk G Igor Shesterkin UTIL Mark Scheifele W Kyle Connor W Gabriel Vilardi W Kent Johnson,,Justin Sourdif,C,0.17%,3
207,5288482592,BlueBuck79,0,71.3,C Leo Carlsson C Dylan Strome D Erik Karlsson D Dylan Samberg G Sergei Murashov UTIL Rickard Rakell W Bryan Rust W Cole Perfetti W Gabriel Vilardi,,Will Cuylle,UTIL,0.17%,1.5
208,5288378955,TheMysteryMachine,0,71.2,C Leo Carlsson C Pierre-Luc Dubois D Jakob Chychrun D Cole Hutson G Logan Thompson UTIL Declan Carlile W Alex Tuch W Beckett Sennecke W Tom Wilson,,Erik Gudbranson,D,0.17%,1.3
209,5288136602,LOCNOTM,0,71.1,C Sidney Crosby C Ben Kindel D Erik Karlsson D Denton Mateychuk G Igor Shesterkin UTIL Neal Pionk W Kyle Connor W Evgeni Malkin W Alexis Lafreniere,,Ben Chiarot,UTIL,0.17%,0
210,5288022553,FantasyGod101,0,70.9,C Ben Kindel C Emmitt Finnie D Zach Werenski D Erik Karlsson G Clay Stevenson UTIL Justin Faulk W Kyle Connor W Alex DeBrincat W Michael Brandsegg-Nygard,,Haydn Fleury,D,0.17%,2.8
210,5288181431,Ilkinsan2,0,70.9,C Mark Scheifele C Charlie Coyle D Zach Werenski D Kris Letang G Igor Shesterkin UTIL Cole Perfetti W Kyle Connor W Matthew Knies W Kent Johnson,,Martin Fehervary,UTIL,0.17%,8.2
210,5288210606,ethpix,0,70.9,C Dylan Larkin C Ben Kindel D Declan Carlile D Kaedan Korczak G Igor Shesterkin UTIL Alex DeBrincat W Kyle Connor W Jared McCann W Bryan Rust,,Viggo Bjorck,UTIL,0.17%,0
210,5288513389,SckmyDitka,0,70.9,C Adam Fantilli C Ben Kindel D Erik Karlsson D Vince Dunn G Igor Shesterkin UTIL Matthew Knies W Pavel Dorofeyev W Beckett Sennecke W Tom Wilson,,William Wallinder,D,0.17%,15.6
210,5288275001,austin60915,0,70.899994,C Mark Scheifele C Chandler Stephenson D Jackson LaCombe D Neal Pionk G Philipp Grubauer UTIL Gabriel Vilardi W Kyle Connor W Bobby McMann W Jordan Eberle,,,
215,5288227265,KrazyTF,0,70.8,C Dylan Larkin C Pierre-Luc Dubois D Jakob Chychrun D Timothy Liljegren G Logan Thompson UTIL Alex DeBrincat W Alex Tuch W Tom Wilson W Connor Dewar,,,
215,5288260213,greenbay7450,0,70.8,C Mark Scheifele C Andrew Copp D Vince Dunn D Cole Hutson G Logan Thompson UTIL Morgan Barron W Kyle Connor W Alex Tuch W Lucas Raymond,,,
217,5288119573,red5standingby,0,70.7,C Adam Fantilli C Tommy Novak D Zach Werenski D Samuel Girard G Igor Shesterkin UTIL Beckett Sennecke W Evgeni Malkin W Jared McCann W Matthew Knies,,,
218,5288016019,ddevries30,0,70.600006,C Mark Scheifele C Chandler Stephenson D Adam Larsson D Samuel Girard G Logan Thompson UTIL Kyle Connor W Cutter Gauthier W Bobby McMann W Aliaksei Protas,,,
218,5288462252,peky0401,0,70.600006,C Mark Scheifele C Pierre-Luc Dubois D Neal Pionk D Adam Larsson G Logan Thompson UTIL Tom Wilson W Kyle Connor W Alex Tuch W Cole Perfetti,,,
218,5288368154,letsjoe,0,70.6,C Sidney Crosby C Mika Zibanejad D Adam Larsson D Declan Carlile G Igor Shesterkin UTIL Mark Scheifele W Kyle Connor W Evgeni Malkin W Nick Robertson,,,
218,5288067277,Rooch,0,70.59999,C Dylan Larkin C Ben Kindel D Neal Pionk D Kaedan Korczak G Logan Thompson UTIL Alex DeBrincat W Beckett Sennecke W Bryan Rust W Bobby McMann,,,
222,5288080970,budzie12,0,70.5,C Adam Fantilli C Pierre-Luc Dubois D Jakob Chychrun D Neal Pionk G Logan Thompson UTIL Kyle Connor W Tom Wilson W Matthew Knies W Kent Johnson,,,
223,5288008112,garypender94,0,70.4,C Mark Scheifele C Sean Monahan D Zach Werenski D Neal Pionk G Igor Shesterkin UTIL Dmitri Voronkov W Kyle Connor W Cole Perfetti W Alexis Lafreniere,,,
223,5288105116,deathmetalbob,0,70.4,C Mark Scheifele C Pierre-Luc Dubois D Neal Pionk D Declan Carlile G Logan Thompson UTIL Kyle Connor W Alex Tuch W Tom Wilson W Cole Perfetti,,,
225,5288278775,dibber,0,70.3,C Dylan Larkin C Ben Kindel D Jakob Chychrun D Dylan Samberg G Logan Thompson UTIL Beckett Sennecke W Cutter Gauthier W Kent Johnson W Mackie Samoskevich,,,
225,5288021864,JcClark18,0,70.299995,C Sidney Crosby C Chandler Stephenson D Erik Karlsson D Neal Pionk G Philipp Grubauer UTIL Gabriel Vilardi W Rickard Rakell W Evgeni Malkin W Bryan Rust,,,
225,5288501690,Wood334,0,70.299995,C Dylan Larkin C Adam Fantilli D Moritz Seider D William Wallinder G Cam Talbot UTIL Viggo Bjorck W Lucas Raymond W Viktor Arvidsson W Valeri Nichushkin,,,
228,5288491751,BRAD323,0,70.1,C Dylan Larkin C Ben Kindel D Zach Werenski D Declan Carlile G Igor Shesterkin UTIL Justin Faulk W Alex DeBrincat W Bryan Rust W Matthew Knies,,,
228,5288505152,chuds128,0,70.1,C Dylan Larkin C Charlie Coyle D Dylan Samberg D Vladislav Gavrikov G Igor Shesterkin UTIL Beckett Sennecke W Kyle Connor W Alex DeBrincat W Cole Perfetti,,,
230,5288065887,rsumrall,0,70,C Dylan Strome C Pierre-Luc Dubois D Jakob Chychrun D Timothy Liljegren G Lukas Dostal UTIL Cutter Gauthier W Alex Ovechkin W Tom Wilson W Matthew Knies,,,
230,5288332442,DustyMcDusterson,0,70,C Sidney Crosby C Mikael Granlund D Erik Karlsson D Marcus Pettersson G Lukas Dostal UTIL Alex Killorn W Rickard Rakell W Beckett Sennecke W Bryan Rust,,,
232,5288183534,hautekarl,0,69.8,C Adam Fantilli C Pierre-Luc Dubois D Zach Werenski D Neal Pionk G Logan Thompson UTIL Kent Johnson W Alex Tuch W Tom Wilson W Matthew Knies,,,
232,5288378956,LesterNygaard,0,69.8,C Adam Fantilli C Pierre-Luc Dubois D Zach Werenski D Neal Pionk G Logan Thompson UTIL Tom Wilson W Alex Tuch W Matthew Knies W Kent Johnson,,,
232,5288462995,thehoff11,0,69.8,C Adam Fantilli C Pierre-Luc Dubois D Zach Werenski D Neal Pionk G Logan Thompson UTIL Kent Johnson W Alex Tuch W Tom Wilson W Matthew Knies,,,
235,5288133764,colbyhornet,0,69.399994,C Adam Fantilli C Sean Monahan D Zach Werenski D Justin Faulk G Igor Shesterkin UTIL Mark Scheifele W Kyle Connor W Valeri Nichushkin W Dmitri Voronkov,,,
236,5287995028,Futterstuff,0,69.2,C Dylan Larkin C Ben Kindel D Kris Letang D Dylan Samberg G Logan Thompson UTIL Jared McCann W Alex Tuch W Lucas Raymond W Viktor Arvidsson,,,
236,5288280881,Nickname44,0,69.2,C Dylan Larkin C J.T. Miller D Moritz Seider D Erik Karlsson G Sergei Murashov UTIL Cole Hutson W Alex Ovechkin W Tom Wilson W Will Cuylle,,,
236,5288391501,PXHall,0,69.2,C Mark Scheifele C Pierre-Luc Dubois D Zach Werenski D Cole Hutson G Logan Thompson UTIL Ben Kindel W Tom Wilson W Cole Perfetti W Matthew Knies,,,
239,5288085693,Pavich12,0,69.1,C Adam Fantilli C Emmitt Finnie D Zach Werenski D Tyson Hinds G Cam Talbot UTIL Neal Pionk W Kyle Connor W Alex DeBrincat W Kent Johnson,,,
240,5288056800,knackermatt,0,69,C Dylan Larkin C Ilya Protas D Moritz Seider D Erik Karlsson G Sergei Murashov UTIL Lucas Raymond W Viktor Arvidsson W Aliaksei Protas W Jordan Kyrou,,,
241,5287974977,J-ROCK1013,0,68.8,C Dylan Larkin C Ben Kindel D Declan Carlile D Kaedan Korczak G Logan Thompson UTIL Jared McCann W Cutter Gauthier W Kyle Connor W Kent Johnson,,,
242,5288497383,gorillabiscuit,0,68.5,C Dylan Larkin C Mark Scheifele D Neal Pionk D Mario Ferraro G Igor Shesterkin UTIL Sean Monahan W Kyle Connor W Lucas Raymond W Viktor Arvidsson,,,
243,5288294557,nicepicks,0,68.4,C Dylan Larkin C Adam Fantilli D Vince Dunn D Adam Larsson G Igor Shesterkin UTIL Evgeni Malkin W Lucas Raymond W Egor Chinakhov W Matthew Knies,,,
243,5288475744,jeffreybonarek,0,68.399994,C Dylan Larkin C J.T. Miller D Zach Werenski D Justin Faulk G Igor Shesterkin UTIL Kent Johnson W Pavel Dorofeyev W Viktor Arvidsson W Matthew Knies,,,
245,5288407577,SenorDonPisto,0,68.3,C Leo Carlsson C Tommy Novak D Vince Dunn D Kris Letang G Logan Thompson UTIL Jordan Eberle W Beckett Sennecke W Viktor Arvidsson W Cole Perfetti,,,
245,5288079996,FoxyGrandpa252,0,68.299995,C Dylan Larkin C Mikael Granlund D Justin Faulk D Braden Schneider G Igor Shesterkin UTIL Denton Mateychuk W Cutter Gauthier W Alex DeBrincat W Beckett Sennecke,,,
247,5288265883,michaelv302,0,68.2,C Dylan Strome C Ben Kindel D Zach Werenski D Cole Hutson G Cam Talbot UTIL Lucas Raymond W Jared McCann W Cole Perfetti W Matthew Knies,,,
248,5287848124,ivymoose,0,68.1,C Dylan Larkin C Pierre-Luc Dubois D Jakob Chychrun D Braden Schneider G Lukas Dostal UTIL Viktor Arvidsson W Lucas Raymond W Alex Ovechkin W Tom Wilson,,,
248,5288344585,meitbe2014,0,68.1,C Mark Scheifele C Mika Zibanejad D Neal Pionk D Declan Carlile G Igor Shesterkin UTIL Tommy Novak W Kyle Connor W Lucas Raymond W Bryan Rust,,,
250,5288450508,testudo2003,0,67.9,C Dylan Larkin C Adam Fantilli D Neal Pionk D Damon Severson G Igor Shesterkin UTIL Cutter Gauthier W Kyle Connor W Matthew Knies W Mackie Samoskevich,,,
250,5288488799,ghsfy53,0,67.9,C Dylan Larkin C Ryan Poehling D Moritz Seider D Ben Chiarot G Lukas Dostal UTIL Martin Fehervary W Alex DeBrincat W Lucas Raymond W Viktor Arvidsson,,,
252,5288044303,lop819,0,67.8,C Dylan Larkin C Sean Monahan D Moritz Seider D Neal Pionk G Cam Talbot UTIL Kyle Connor W Lucas Raymond W Valeri Nichushkin W Dmitri Voronkov,,,
253,5288269796,LucaButt,0,67.700005,C Dylan Larkin C Mark Scheifele D Vince Dunn D Denton Mateychuk G Clay Stevenson UTIL Kyle Connor W Cole Perfetti W Matthew Knies W Michael Brandsegg-Nygard,,,
253,5287967786,Orochi,0,67.7,C Leo Carlsson C Ben Kindel D Neal Pionk D Damon Severson G Igor Shesterkin UTIL Cutter Gauthier W Kyle Connor W Beckett Sennecke W Kent Johnson,,,
253,5287984689,aylsg,0,67.7,C Adam Fantilli C Emmitt Finnie D Zach Werenski D Dylan Samberg G Igor Shesterkin UTIL Neal Pionk W Kyle Connor W Alex DeBrincat W Kent Johnson,,,
253,5288165624,mntwins2010,0,67.7,C Adam Fantilli C Emmitt Finnie D Zach Werenski D Dylan Samberg G Igor Shesterkin UTIL Neal Pionk W Kyle Connor W Alex DeBrincat W Kent Johnson,,,
253,5288257421,lklk88088,0,67.7,C Dylan Larkin C Emmitt Finnie D Zach Werenski D Erik Karlsson G Clay Stevenson UTIL Andrew Copp W Alex DeBrincat W Bryan Rust W Michael Brandsegg-Nygard,,,
253,5288412798,BigA524,0,67.7,C Dylan Larkin C Adam Fantilli D Cole Hutson D Denton Mateychuk G Cam Talbot UTIL Ryan Leonard W Alex DeBrincat W Lucas Raymond W Matthew Knies,,,
259,5288070529,VegDon,0,67.6,C Mark Scheifele C Andrew Copp D Zach Werenski D Denton Mateychuk G Clay Stevenson UTIL Cole Hutson W Kyle Connor W Viktor Arvidsson W Morgan Barron,,,
260,5287935910,Swidb,0,67.299995,C Dylan Larkin C Emmitt Finnie D Jakob Chychrun D Vladislav Gavrikov G Sergei Murashov UTIL Moritz Seider W Alex DeBrincat W Gabriel Vilardi W Aliaksei Protas,,,
261,5287970860,SidElGuapo,0,67.2,C Dylan Larkin C Mark Scheifele D Erik Karlsson D Tristan Luneau G Logan Thompson UTIL Emmitt Finnie W Beckett Sennecke W Viktor Arvidsson W Kent Johnson,,,
261,5288157488,kelevramojo,0,67.2,C Dylan Larkin C Charlie Coyle D Zach Werenski D Neal Pionk G Igor Shesterkin UTIL Gabriel Vilardi W Kyle Connor W Matthew Knies W Kent Johnson,,,
261,5288166437,Tbwspartan,0,67.2,C Mark Scheifele C J.T. Miller D Erik Karlsson D Neal Pionk G Igor Shesterkin UTIL Charlie Coyle W Kyle Connor W Evgeni Malkin W Gabriel Vilardi,,,
261,5288393592,Sengs10,0,67.2,C Leo Carlsson C Adam Fantilli D Dylan Samberg D Declan Carlile G Logan Thompson UTIL Cutter Gauthier W Beckett Sennecke W Matthew Knies W Kent Johnson,,,
265,5287966139,heybert711,0,67.1,C Mark Scheifele C Andrew Copp D Zach Werenski D Justin Faulk G Igor Shesterkin UTIL Dylan Samberg W Kyle Connor W Alex DeBrincat W Will Cuylle,,,
265,5288063031,capitanfuton,0,67.1,C Dylan Larkin C Mark Scheifele D Neal Pionk D Declan Carlile G Logan Thompson UTIL Matthew Knies W Lucas Raymond W Viktor Arvidsson W Cole Perfetti,,,
265,5288366716,just_quit_or_suffer,0,67.1,C Sidney Crosby C Dylan Larkin D Tyson Hinds D Noah Warren G Lukas Dostal UTIL Lucas Raymond W Rickard Rakell W Viktor Arvidsson W Bryan Rust,,,
265,5288378564,wesol33,0,67.1,C Mark Scheifele C Andrew Copp D Zach Werenski D Justin Faulk G Igor Shesterkin UTIL Dylan Samberg W Kyle Connor W Alex DeBrincat W Will Cuylle,,,
265,5288398824,truesinger2021,0,67.1,C Mark Scheifele C Andrew Copp D Zach Werenski D Dylan Samberg G Igor Shesterkin UTIL Justin Faulk W Kyle Connor W Alex DeBrincat W Will Cuylle,,,
265,5288406640,ChicagoCavalier,0,67.1,C Adam Fantilli C Charlie Coyle D Moritz Seider D Neal Pionk G Logan Thompson UTIL Gabriel Vilardi W Alex DeBrincat W Matthew Knies W Kent Johnson,,,
265,5288482665,heyopico2,0,67.1,C Mark Scheifele C Andrew Copp D Zach Werenski D Dylan Samberg G Igor Shesterkin UTIL Justin Faulk W Kyle Connor W Alex DeBrincat W Will Cuylle,,,
272,5288212354,Kashaka,0,67,C Chandler Stephenson C Ryan Poehling D Brandon Montour D Declan Carlile G Cam Talbot UTIL Egor Chinakhov W Alex Ovechkin W Aliaksei Protas W Ryan Leonard,,,
273,5288166147,gooey911,0,66.9,C Dylan Larkin C Mikael Granlund D Justin Faulk D Denton Mateychuk G John Gibson UTIL Viktor Arvidsson W Alex DeBrincat W Beckett Sennecke W Kent Johnson,,,
274,5288481626,blacklabelkk,0,66.8,C Dylan Larkin C Ben Kindel D Erik Karlsson D Declan Carlile G Igor Shesterkin UTIL Kyle Connor W Jared McCann W Bryan Rust W Matthew Knies,,,
275,5288137014,brich1,0,66.7,C Dylan Larkin C Mark Scheifele D Kris Letang D Declan Carlile G Logan Thompson UTIL Alex Tuch W Jared McCann W Bryan Rust W Jordan Eberle,,,
276,5288052323,CPiddy23,0,66.5,C Ben Kindel C Charlie Coyle D Vince Dunn D Kris Letang G Joey Daccord UTIL Kyle Connor W Cutter Gauthier W Bryan Rust W Jordan Eberle,,,
277,5288096370,maestrobobcobb,0,66.4,C Dylan Larkin C Pierre-Luc Dubois D Cole Hutson D Declan Carlile G Logan Thompson UTIL Alex Tuch W Alex DeBrincat W Beckett Sennecke W Matthew Knies,,,
278,5288428008,MissingManning,0,66.3,C Mark Scheifele C Adam Fantilli D Zach Werenski D Dylan Samberg G Joey Daccord UTIL Cole Hutson W Kyle Connor W Jordan Kyrou W Boone Jenner,,,
279,5288483347,gjglo,0,66.2,C Mark Scheifele C Adam Fantilli D Zach Werenski D Denton Mateychuk G Igor Shesterkin UTIL Andrew Copp W Kyle Connor W Cole Perfetti W A.J. Greer,,,
280,5288037359,JoeCool20-16,0,66.1,C Dylan Larkin C Tommy Novak D Erik Karlsson D Dylan Samberg G Igor Shesterkin UTIL Ben Kindel W Alex DeBrincat W Evgeni Malkin W Viktor Arvidsson,,,
280,5288406875,BourbonRat,0,66.1,C Sidney Crosby C Dylan Larkin D Erik Karlsson D Albert Johansson G Igor Shesterkin UTIL Kent Johnson W Lucas Raymond W Viktor Arvidsson W Bryan Rust,,,
282,5288482212,mzpats,0,66,C Mark Scheifele C J.T. Miller D Zach Werenski D Damon Severson G Clay Stevenson UTIL Neal Pionk W Kyle Connor W Gabriel Vilardi W Kent Johnson,,,
283,5288465249,tcarv4,0,65.6,C Dylan Larkin C Charlie Coyle D Jackson LaCombe D Vladislav Gavrikov G Igor Shesterkin UTIL Leo Carlsson W Cutter Gauthier W Beckett Sennecke W Mathieu Olivier,,,
284,5287994190,Scottyj316,0,65.5,C Mark Scheifele C Viggo Bjorck D Zach Werenski D Pavel Mintyukov G Cam Talbot UTIL Morgan Barron W Kyle Connor W Cole Perfetti W Gabriel Vilardi,,,
285,5288000068,AverillsAvengers,0,65.4,C Dylan Larkin C Ben Kindel D Erik Karlsson D Vince Dunn G Joey Daccord UTIL Tom Wilson W Beckett Sennecke W Bryan Rust W Matthew Knies,,,
286,5288344553,CrypticalDevelopment,0,65.2,C Mark Scheifele C Tommy Novak D Neal Pionk D Justin Faulk G Logan Thompson UTIL Evgeni Malkin W Kyle Connor W Egor Chinakhov W Cole Perfetti,,,
287,5288053609,bjnfan,0,65.1,C Sidney Crosby C Ben Kindel D Zach Werenski D Sean Durzi G Philipp Grubauer UTIL Erik Karlsson W Alex Ovechkin W Matthew Knies W Alex Killorn,,,
287,5288253827,bstewart006,0,65.1,C Leo Carlsson C Ben Kindel D Jackson LaCombe D Vladislav Gavrikov G Igor Shesterkin UTIL Evgeni Malkin W Cutter Gauthier W Beckett Sennecke W Mackie Samoskevich,,,
287,5288445844,thefamousfs,0,65.1,C Mark Scheifele C Charlie Coyle D Zach Werenski D Neal Pionk G Igor Shesterkin UTIL Justin Faulk W Kyle Connor W Cole Perfetti W Matthew Knies,,,
287,5288493018,sisky20,0,65.1,C Dylan Larkin C Charlie Coyle D Tristan Luneau D Cole Hutson G Logan Thompson UTIL Alex Tuch W Beckett Sennecke W Evgeni Malkin W Cole Perfetti,,,
291,5288019428,flyeagles40,0,65,C Dylan Larkin C Emmitt Finnie D Moritz Seider D Neal Pionk G Igor Shesterkin UTIL Adam Larsson W Alex DeBrincat W Lucas Raymond W Viktor Arvidsson,,,
291,5288261605,Kevten06,0,65,C Leo Carlsson C Ben Kindel D Zach Werenski D Neal Pionk G Igor Shesterkin UTIL Bryan Rust W Beckett Sennecke W Matthew Knies W Kent Johnson,,,
293,5288449001,eyeforlight,0,64.8,C Dylan Larkin C Tommy Novak D Moritz Seider D Mario Ferraro G Igor Shesterkin UTIL Vladislav Namestnikov W Kyle Connor W Lucas Raymond W Pavel Dorofeyev,,,
294,5287840466,zhep03,0,64.7,C Mark Scheifele C Mika Zibanejad D Neal Pionk D Declan Carlile G Igor Shesterkin UTIL Kyle Connor W Evgeni Malkin W Cole Perfetti W Alexis Lafreniere,,,
295,5287962979,jayho480,0,64.6,C Mark Scheifele C Andrew Copp D Zach Werenski D Justin Faulk G Igor Shesterkin UTIL Cole Perfetti W Kyle Connor W Viktor Arvidsson W Will Cuylle,,,
296,5287996923,jsjs8,0,64.5,C Mika Zibanejad C Matty Beniers D Zach Werenski D Vince Dunn G Clay Stevenson UTIL Gabe Perreault W Jared McCann W Alexis Lafreniere W Mackie Samoskevich,,,
297,5287974653,beckbrian42,0,64.3,C Mark Scheifele C Adam Fantilli D Erik Karlsson D Samuel Girard G Logan Thompson UTIL Dylan Samberg W Kyle Connor W Cole Perfetti W Matthew Knies,,,
298,5288336829,DaBanker,0,64.200005,C Adam Fantilli C Charlie Coyle D Zach Werenski D Neal Pionk G Igor Shesterkin UTIL Tommy Novak W Kyle Connor W Cole Perfetti W Matthew Knies,,,
299,5287969456,Shoprat66,0,63.999996,C Mika Zibanejad C Adam Fantilli D Jakob Chychrun D Adam Fox G Cam Talbot UTIL Mikael Granlund W Alexis Lafreniere W Alex Killorn W Kent Johnson,,,
299,5288091171,jusplay25,0,63.999996,C Mika Zibanejad C J.T. Miller D Vince Dunn D Vladislav Gavrikov G Igor Shesterkin UTIL Adam Fox W Alex DeBrincat W Pavel Dorofeyev W Alexis Lafreniere,,,
301,5287906736,HurricaneAl42,0,63.899994,C Adam Fantilli C J.T. Miller D Zach Werenski D Adam Fox G Igor Shesterkin UTIL Bryan Rust W Pavel Dorofeyev W Matthew Knies W Tye Kartye,,,
302,5287940486,tbjones2121,0,63.8,C Dylan Larkin C Pierre-Luc Dubois D Jakob Chychrun D Sean Durzi G Lukas Dostal UTIL Jackson LaCombe W Alex Ovechkin W Viktor Arvidsson W Tom Wilson,,,
302,5288427034,dparrishsc,0,63.799995,C Leo Carlsson C Mikael Granlund D Jackson LaCombe D Kaedan Korczak G Logan Thompson UTIL Tristan Luneau W Cutter Gauthier W Beckett Sennecke W Shane Wright,,,
304,5288042294,JRBucks34,0,63.600002,C Leo Carlsson C Mark Scheifele D Neal Pionk D Adam Larsson G Logan Thompson UTIL Kent Johnson W Kyle Connor W Cole Perfetti W Matthew Knies,,,
304,5288339452,dealin21,0,63.6,C Leo Carlsson C Tommy Novak D Pavel Mintyukov D Dylan Samberg G Logan Thompson UTIL Cutter Gauthier W Kyle Connor W Jordan Eberle W Morgan Barron,,,
304,5288397967,Dmerkel1980,0,63.6,C Leo Carlsson C Sean Monahan D Jackson LaCombe D Denton Mateychuk G Cam Talbot UTIL Jared McCann W Cutter Gauthier W Alex Tuch W Dmitri Voronkov,,,
307,5288297175,smoothmomentum,0,63.5,C Leo Carlsson C Dylan Larkin D Adam Larsson D Vladislav Gavrikov G Logan Thompson UTIL Matty Beniers W Cutter Gauthier W Lucas Raymond W Kent Johnson,,,
307,5288477249,bigtrucker55,0,63.5,C Dylan Larkin C Tommy Novak D Moritz Seider D Kris Letang G Logan Thompson UTIL Vince Dunn W Beckett Sennecke W Cole Perfetti W Matthew Knies,,,
309,5288485468,baaaariggs,0,63.399998,C Leo Carlsson C Charlie Coyle D Jakob Chychrun D Cole Hutson G Logan Thompson UTIL Cutter Gauthier W Matthew Knies W Ryan Leonard W Kent Johnson,,,
310,5288152535,josephmolski,0,63.2,C Ben Kindel C Pierre-Luc Dubois D Vince Dunn D Kris Letang G Logan Thompson UTIL Sidney Crosby W Kyle Connor W Cole Perfetti W Jordan Eberle,,,
311,5288020361,briangile,0,62.999996,C Leo Carlsson C Mika Zibanejad D Brandon Montour D Kris Letang G Igor Shesterkin UTIL Jared McCann W Beckett Sennecke W Alexis Lafreniere W Jordan Eberle,,,
311,5288009856,jables11b,0,62.999992,C Mark Scheifele C Andrew Copp D Zach Werenski D Denton Mateychuk G Igor Shesterkin UTIL Neal Pionk W Kyle Connor W Cole Perfetti W Gabriel Vilardi,,,
313,5287987388,ZIBANENASTY93,0,62.8,C Dylan Larkin C Mika Zibanejad D Declan Carlile D Vladislav Gavrikov G Igor Shesterkin UTIL Sidney Crosby W Kyle Connor W Beckett Sennecke W Gabe Perreault,,,
313,5288445321,95til.infinity,0,62.799995,C Dylan Larkin C Sean Monahan D Moritz Seider D Kaedan Korczak G John Gibson UTIL Michael Brandsegg-Nygard W Alex DeBrincat W Lucas Raymond W Viktor Arvidsson,,,
315,5288480414,DanL79,0,62.700005,C Ben Kindel C Tommy Novak D Vince Dunn D Declan Carlile G Clay Stevenson UTIL Dylan Larkin W Kyle Connor W Evgeni Malkin W Bobby McMann,,,
316,5287890033,Big_Fred_214,0,62.6,C Dylan Larkin C Ben Kindel D Declan Carlile D Kaedan Korczak G Igor Shesterkin UTIL Alex Tuch W Kyle Connor W Bryan Rust W Matthew Knies,,,
317,5288046455,JudgeDogg,0,62.499996,C Mark Scheifele C Mika Zibanejad D Kris Letang D Vladislav Gavrikov G Igor Shesterkin UTIL Cole Perfetti W Kyle Connor W Evgeni Malkin W Alexis Lafreniere,,,
318,5288380012,kylemtz,0,62.399998,C Mark Scheifele C Ben Kindel D Justin Faulk D Declan Carlile G Igor Shesterkin UTIL Sidney Crosby W Kyle Connor W Evgeni Malkin W Cole Perfetti,,,
319,5287946647,brycerucks,0,62.300003,C Dylan Larkin C Ben Kindel D Zach Werenski D Neal Pionk G Logan Thompson UTIL Cole Perfetti W Kyle Connor W Kent Johnson W Shane Wright,,,
320,5287935967,shazam926,0,62.199997,C Dylan Larkin C Tommy Novak D Declan Carlile D Vladislav Gavrikov G Igor Shesterkin UTIL Cutter Gauthier W Kyle Connor W Beckett Sennecke W Matthew Knies,,,
320,5288432659,hoopghetto,0,62.199997,C Mika Zibanejad C J.T. Miller D Erik Karlsson D Vince Dunn G Igor Shesterkin UTIL Jared McCann W Evgeni Malkin W Alexis Lafreniere W Jordan Eberle,,,
322,5288445338,slashmatic,0,62.100006,C Dylan Larkin C Mark Scheifele D Denton Mateychuk D Sean Durzi G Clay Stevenson UTIL Kyle Connor W Viktor Arvidsson W Bryan Rust W Morgan Barron,,,
323,5288387991,Marsharks,0,61.699993,C Mark Scheifele C Ben Kindel D Zach Werenski D Neal Pionk G Igor Shesterkin UTIL Kyle Connor W Matthew Knies W Jordan Eberle W Kent Johnson,,,
324,5288026561,DeusExMachina,0,61.399998,C Sidney Crosby C Charlie Coyle D Zach Werenski D Justin Faulk G Igor Shesterkin UTIL Neal Pionk W Rickard Rakell W Bryan Rust W Gabriel Vilardi,,,
325,5288294765,keepitstrict,0,61.3,C Sidney Crosby C Matty Beniers D Zach Werenski D Kris Letang G Igor Shesterkin UTIL Matthew Knies W Rickard Rakell W Jared McCann W Mackie Samoskevich,,,
325,5288412695,OnPoint41,0,61.3,C Dylan Larkin C Chandler Stephenson D Justin Faulk D Adam Larsson G Igor Shesterkin UTIL Kyle Connor W Alex DeBrincat W Bobby McMann W Jordan Eberle,,,
325,5288506455,DarthPasta,0,61.299995,C Dylan Larkin C Charlie Coyle D Erik Karlsson D Neal Pionk G Igor Shesterkin UTIL Kyle Connor W Viktor Arvidsson W Cole Perfetti W Matthew Knies,,,
328,5288396396,blake66,0,61.199997,C Dylan Larkin C Mark Scheifele D Declan Carlile D Kaedan Korczak G Clay Stevenson UTIL Kent Johnson W Kyle Connor W Lucas Raymond W Bryan Rust,,,
329,5287977762,Ramda_Bamda1,0,60.899998,C Dylan Larkin C Tommy Novak D Declan Carlile D Kaedan Korczak G Igor Shesterkin UTIL Kyle Connor W Alex DeBrincat W Lucas Raymond W Cole Perfetti,,,
330,5287995928,1nonlyDXP,0,60.799995,C Sidney Crosby C Leo Carlsson D Pavel Mintyukov D Vladislav Gavrikov G Igor Shesterkin UTIL Valeri Nichushkin W Pavel Dorofeyev W Evgeni Malkin W Egor Chinakhov,,,
331,5287963413,Goatropers,0,60.7,C Mark Scheifele C Matty Beniers D Jackson LaCombe D Neal Pionk G Logan Thompson UTIL Kyle Connor W Cutter Gauthier W Kaapo Kakko W Shane Wright,,,
331,5288352755,joey3phones,0,60.7,C Sidney Crosby C Dylan Larkin D Erik Karlsson D Brandon Montour G Igor Shesterkin UTIL Vladislav Gavrikov W Rickard Rakell W Viktor Arvidsson W Gabe Perreault,,,
333,5288141541,mrclean913,0,60.499996,C Mika Zibanejad C Andrew Copp D Jackson LaCombe D Adam Fox G Igor Shesterkin UTIL J.T. Miller W Lucas Raymond W Pavel Dorofeyev W Viktor Arvidsson,,,
334,5287852258,rstash24,0,60.399998,C Mark Scheifele C Mika Zibanejad D Zach Werenski D Sean Durzi G Joey Daccord UTIL Denton Mateychuk W Kyle Connor W Matthew Knies W Will Cuylle,,,
335,5287985866,JDamien2442,0,60.3,C Dylan Larkin C Ben Kindel D Cole Hutson D Adam Larsson G Igor Shesterkin UTIL Beckett Sennecke W Cutter Gauthier W Jared McCann W Bryan Rust,,,
336,5287999040,nrlane24,0,60.199997,C Dylan Larkin C Tommy Novak D Tristan Luneau D Dylan Samberg G Igor Shesterkin UTIL Alex DeBrincat W Lucas Raymond W Viktor Arvidsson W Egor Chinakhov,,,
336,5288296389,yanier.t,0,60.199997,C Sidney Crosby C Leo Carlsson D Adam Fox D Damon Severson G Igor Shesterkin UTIL Adam Lowry W Rickard Rakell W Beckett Sennecke W Bryan Rust,,,
338,5288211836,Dooch,0,60.1,C Dylan Larkin C Pierre-Luc Dubois D Cole Hutson D Denton Mateychuk G Clay Stevenson UTIL Viktor Arvidsson W Alex DeBrincat W Jared McCann W Bryan Rust,,,
338,5288119819,LinkSinc,0,60.099995,C Dylan Larkin C Mika Zibanejad D Adam Fox D Dylan Samberg G Igor Shesterkin UTIL J.T. Miller W Lucas Raymond W Viktor Arvidsson W Alexis Lafreniere,,,
340,5288024602,Banzai76,0,59.999996,C Dylan Larkin C Mark Scheifele D Jackson LaCombe D Justin Faulk G Igor Shesterkin UTIL Dmitri Voronkov W Kyle Connor W Alex DeBrincat W Nikita Klepov,,,
341,5288066198,mgisigolf72,0,59.9,C J.T. Miller C Ben Kindel D Moritz Seider D Denton Mateychuk G Clay Stevenson UTIL Evgeni Malkin W Alex DeBrincat W Alexis Lafreniere W Valeri Nichushkin,,,
342,5288111094,fraz27,0,59.800003,C Mark Scheifele C Andrew Copp D Zach Werenski D Denton Mateychuk G Clay Stevenson UTIL Morgan Barron W Kyle Connor W Alex DeBrincat W Shane Wright,,,
342,5288393526,callmeDAD,0,59.800003,C Dylan Larkin C Andrew Copp D Zach Werenski D Cole Hutson G Joey Daccord UTIL Will Cuylle W Kyle Connor W Viktor Arvidsson W Matthew Knies,,,
342,5288431487,brandonbeene12,0,59.800003,C Dylan Larkin C Andrew Copp D Zach Werenski D Cole Hutson G Joey Daccord UTIL Matthew Knies W Kyle Connor W Viktor Arvidsson W Will Cuylle,,,
342,5287951187,wdm426,0,59.8,C Mark Scheifele C Adam Fantilli D Zach Werenski D Dylan Samberg G Igor Shesterkin UTIL J.T. Miller W Cole Perfetti W Alexis Lafreniere W Matthew Knies,,,
342,5287966140,Shacko,0,59.8,C Mikael Granlund C Pierre-Luc Dubois D Erik Karlsson D Neal Pionk G Joey Daccord UTIL Ben Kindel W Cutter Gauthier W Beckett Sennecke W Tom Wilson,,,
347,5288364675,Kingpindws,0,59.7,C Leo Carlsson C Dylan Larkin D Neal Pionk D Declan Carlile G Logan Thompson UTIL Cole Perfetti W Kyle Connor W Matthew Knies W Kent Johnson,,,
347,5287964995,rsulzener,0,59.699997,C Mark Scheifele C Charlie Coyle D Zach Werenski D Cole Hutson G Joey Daccord UTIL Matthew Knies W Kyle Connor W Cole Perfetti W Will Cuylle,,,
347,5287999994,DailyWombat,0,59.699997,C Sidney Crosby C Charlie Coyle D Zach Werenski D Declan Carlile G Clay Stevenson UTIL Gabriel Vilardi W Rickard Rakell W Bryan Rust W Morgan Barron,,,
347,5288315674,skholbrook77,0,59.699997,C Mark Scheifele C Charlie Coyle D Zach Werenski D Cole Hutson G Joey Daccord UTIL Matthew Knies W Kyle Connor W Cole Perfetti W Will Cuylle,,,
347,5288355875,maddawg40,0,59.699997,C Mark Scheifele C Charlie Coyle D Zach Werenski D Cole Hutson G Joey Daccord UTIL Matthew Knies W Kyle Connor W Cole Perfetti W Will Cuylle,,,
347,5288413510,Edgar310,0,59.699997,C Mark Scheifele C Charlie Coyle D Zach Werenski D Cole Hutson G Joey Daccord UTIL Matthew Knies W Kyle Connor W Cole Perfetti W Will Cuylle,,,
347,5288429903,AJMIII,0,59.699997,C Mark Scheifele C Charlie Coyle D Zach Werenski D Cole Hutson G Joey Daccord UTIL Kyle Connor W Cole Perfetti W Matthew Knies W Will Cuylle,,,
354,5288105735,Bdeezy12986,0,59.6,C Leo Carlsson C Adam Fantilli D Jackson LaCombe D Denton Mateychuk G Lukas Dostal UTIL Cutter Gauthier W Beckett Sennecke W Kent Johnson W Shane Wright,,,
355,5288102349,terryf20,0,59.5,C Dylan Larkin C Ben Kindel D Declan Carlile D Kaedan Korczak G Dylan Garand UTIL Beckett Sennecke W Cutter Gauthier W Kyle Connor W Matthew Knies,,,
355,5288403454,JFK424,0,59.5,C Mark Scheifele C Andrew Copp D Tristan Luneau D Denton Mateychuk G Clay Stevenson UTIL Kyle Connor W Viktor Arvidsson W Bryan Rust W Cole Perfetti,,,
355,5288495786,JacefamouSS,0,59.5,C Dylan Larkin C Andrew Copp D Justin Faulk D Adam Larsson G Igor Shesterkin UTIL Dylan Samberg W Cutter Gauthier W Kyle Connor W Alex DeBrincat,,,
358,5288105503,metzykid23,0,59.399998,C Dylan Larkin C Ben Kindel D Moritz Seider D Erik Karlsson G Igor Shesterkin UTIL Tommy Novak W Lucas Raymond W Viktor Arvidsson W Kent Johnson,,,
359,5287891797,justbringit1,0,59.199997,C Dylan Larkin C Mark Scheifele D Neal Pionk D Kaedan Korczak G Igor Shesterkin UTIL Adam Fantilli W Kyle Connor W Viktor Arvidsson W Kent Johnson,,,
359,5288029648,Dogs498,0,59.199997,C Mark Scheifele C Andrew Copp D Cole Hutson D Denton Mateychuk G Clay Stevenson UTIL Neal Pionk W Kyle Connor W Alex DeBrincat W Viktor Arvidsson,,,
359,5288070847,mspozto,0,59.199997,C Mark Scheifele C Andrew Copp D Cole Hutson D Denton Mateychuk G Clay Stevenson UTIL Neal Pionk W Kyle Connor W Alex DeBrincat W Viktor Arvidsson,,,
362,5288116303,jeffreyride,0,59.100002,C Leo Carlsson C Andrew Copp D Zach Werenski D Moritz Seider G Lukas Dostal UTIL Jordan Kyrou W Egor Chinakhov W Matthew Knies W Kent Johnson,,,
363,5288502370,morney87,0,58.899998,C Mark Scheifele C Adam Fantilli D Zach Werenski D Neal Pionk G Igor Shesterkin UTIL Ben Kindel W Kyle Connor W Kent Johnson W Shane Wright,,,
364,5288052632,Packersstillsuck123,0,58.8,C Leo Carlsson C Ben Kindel D Erik Karlsson D Declan Carlile G Igor Shesterkin UTIL Jordan Eberle W Kyle Connor W Bryan Rust W Cole Perfetti,,,
364,5288265071,clockworkted,0,58.8,C Dylan Larkin C Mark Scheifele D Neal Pionk D Adam Larsson G Igor Shesterkin UTIL Kyle Connor W Viktor Arvidsson W Cole Perfetti W Jordan Eberle,,,
364,5288465269,toneloc160,0,58.799995,C Dylan Larkin C J.T. Miller D Moritz Seider D Neal Pionk G Igor Shesterkin UTIL Pavel Dorofeyev W Lucas Raymond W Viktor Arvidsson W Tye Kartye,,,
367,5288391742,Edstones,0,58.699997,C Adam Fantilli C Justin Sourdif D Jakob Chychrun D Erik Karlsson G Igor Shesterkin UTIL Dylan Strome W Lucas Raymond W Viktor Arvidsson W Cole Perfetti,,,
368,5287967036,hardybook,0,58.6,C Sidney Crosby C Dylan Larkin D Dylan DeMelo D Marcus Pettersson G Igor Shesterkin UTIL Bryan Rust W Rickard Rakell W Lucas Raymond W Viktor Arvidsson,,,
368,5288244829,brownbsr,0,58.6,C Dylan Larkin C Andrew Copp D Moritz Seider D Neal Pionk G Igor Shesterkin UTIL Shane Wright W Kyle Connor W Lucas Raymond W Viktor Arvidsson,,,
370,5288494998,Hag51,0,58.499996,C Dylan Larkin C Mark Scheifele D Declan Carlile D Vladislav Gavrikov G Igor Shesterkin UTIL Gabriel Vilardi W Kyle Connor W Lucas Raymond W Cole Perfetti,,,
371,5287924050,Assy_Mcgee,0,58.399998,C Dylan Larkin C Mark Scheifele D Brandon Montour D Kris Letang G Joey Daccord UTIL Mika Zibanejad W Jared McCann W Bryan Rust W Kent Johnson,,,
372,5288099768,dongta,0,58.3,C Dylan Larkin C Ben Kindel D Cole Hutson D Declan Carlile G Igor Shesterkin UTIL Leo Carlsson W Kyle Connor W Viktor Arvidsson W Cole Perfetti,,,
373,5288498529,dpepperfield,0,58.2,C Dylan Larkin C Pierre-Luc Dubois D Moritz Seider D Vladislav Gavrikov G Clay Stevenson UTIL Viktor Arvidsson W Alex DeBrincat W Tom Wilson W Kaapo Kakko,,,
374,5288204239,cyclones82,0,57.9,C Dylan Larkin C Ben Kindel D Erik Karlsson D Declan Carlile G Clay Stevenson UTIL Dmitri Voronkov W Kyle Connor W Rickard Rakell W Bryan Rust,,,
375,5288033578,woody326,0,57.8,C Ben Kindel C Tommy Novak D Zach Werenski D Dylan Samberg G Clay Stevenson UTIL Mark Scheifele W Kyle Connor W Matthew Knies W Kent Johnson,,,
375,5288344400,heygambler,0,57.799995,C Mika Zibanejad C Mikael Granlund D Erik Karlsson D Adam Fox G Igor Shesterkin UTIL Jordan Eberle W Pavel Dorofeyev W Cole Perfetti W Alexis Lafreniere,,,
377,5288386048,SaucyJack1001,0,57.700005,C Dylan Larkin C Adam Lowry D Brandon Montour D Dylan Samberg G John Gibson UTIL Beckett Sennecke W Kyle Connor W Bryan Rust W Valeri Nichushkin,,,
377,5288030518,teamnitwit,0,57.7,C Ben Kindel C Pierre-Luc Dubois D Moritz Seider D Cole Hutson G Stuart Skinner UTIL Kyle Connor W Alex Tuch W Tom Wilson W Ryan Leonard,,,
379,5287726668,Browner97,0,57.6,C Ben Kindel C Adam Lowry D Jackson LaCombe D Denton Mateychuk G Igor Shesterkin UTIL Nick Robertson W Cutter Gauthier W Kyle Connor W Alex DeBrincat,,,
380,5288321513,Timpegoose,0,57.1,C Mark Scheifele C Adam Fantilli D Neal Pionk D Cole Hutson G Logan Thompson UTIL Cole Perfetti W Kyle Connor W Matthew Knies W Kent Johnson,,,
381,5288021492,statnerds,0,56.999996,C Dylan Larkin C Mark Scheifele D Adam Larsson D Vladislav Gavrikov G Igor Shesterkin UTIL Neal Pionk W Kyle Connor W Lucas Raymond W Cole Perfetti,,,
382,5288405473,Money-Maker-Mooney,0,56.9,C Ben Kindel C Tommy Novak D Jackson LaCombe D Kris Letang G Clay Stevenson UTIL Mikael Granlund W Alex DeBrincat W Alex Tuch W Bryan Rust,,,
383,5287893672,randomjank,0,56.8,C Dylan Strome C Pierre-Luc Dubois D Jakob Chychrun D Pavel Mintyukov G Clay Stevenson UTIL Alex Tuch W Alex Ovechkin W Evgeni Malkin W Tom Wilson,,,
383,5288260094,sh-13,0,56.8,C Mark Scheifele C J.T. Miller D Brandon Montour D Neal Pionk G Joey Daccord UTIL Jordan Eberle W Kyle Connor W Cole Perfetti W Alexis Lafreniere,,,
383,5288448939,orgnl_kj,0,56.799995,C Mark Scheifele C Adam Fantilli D Neal Pionk D Denton Mateychuk G Clay Stevenson UTIL Valeri Nichushkin W Kyle Connor W Viktor Arvidsson W Kent Johnson,,,
386,5288391295,SoonersUnite,0,56.600006,C Dylan Larkin C Tim Washe D Jakob Chychrun D Neal Pionk G John Gibson UTIL Beckett Sennecke W Alex DeBrincat W Tom Wilson W Kent Johnson,,,
386,5288445539,xpress23,0,56.6,C Dylan Larkin C Emmitt Finnie D Adam Fox D Justin Faulk G Igor Shesterkin UTIL Kyle Connor W Alex DeBrincat W Viktor Arvidsson W Will Cuylle,,,
388,5288267166,ZMurr72,0,56.5,C Dylan Larkin C Andrew Copp D Cole Hutson D Justin Faulk G Joey Daccord UTIL Zach Werenski W Alex DeBrincat W Viktor Arvidsson W Matthew Knies,,,
388,5288331075,bunit1388,0,56.499996,C Ben Kindel C Tommy Novak D Adam Fox D Neal Pionk G Igor Shesterkin UTIL Kyle Connor W Beckett Sennecke W Bryan Rust W Cole Perfetti,,,
388,5288502365,anbob,0,56.499996,C Adam Fantilli C Pierre-Luc Dubois D Zach Werenski D Neal Pionk G Igor Shesterkin UTIL Cole Perfetti W Kyle Connor W Matthew Knies W Kent Johnson,,,
391,5288476178,slophound,0,56.4,C Dylan Larkin C Mark Scheifele D Jackson LaCombe D Vince Dunn G Joey Daccord UTIL Kyle Connor W Matthew Knies W Kent Johnson W Gabe Perreault,,,
391,5288434338,reichj29,0,56.399994,C Dylan Larkin C Mika Zibanejad D Adam Fox D Albert Johansson G Igor Shesterkin UTIL Moritz Seider W Viktor Arvidsson W Alexis Lafreniere W Matthew Knies,,,
393,5287840899,danlovesthecubs,0,56.099995,C Dylan Larkin C Adam Fantilli D Moritz Seider D Sean Durzi G Igor Shesterkin UTIL Kent Johnson W Lucas Raymond W Viktor Arvidsson W Matthew Knies,,,
393,5288366538,DrivingSlow,0,56.099995,C Dylan Larkin C Adam Fantilli D Moritz Seider D Sean Durzi G Igor Shesterkin UTIL Viktor Arvidsson W Lucas Raymond W Matthew Knies W Kent Johnson,,,
393,5288488814,texasfrog90,0,56.099995,C Dylan Larkin C Adam Fantilli D Moritz Seider D Sean Durzi G Igor Shesterkin UTIL Kent Johnson W Lucas Raymond W Viktor Arvidsson W Matthew Knies,,,
396,5288052693,URWHOUR,0,55.9,C Leo Carlsson C J.T. Miller D Adam Larsson D Vladislav Gavrikov G Cam Talbot UTIL Adam Fantilli W Cutter Gauthier W Jared McCann W Matthew Knies,,,
396,5288493331,shanedane,0,55.899994,C Leo Carlsson C Mikael Granlund D Jackson LaCombe D Sean Durzi G Igor Shesterkin UTIL Chandler Stephenson W Cutter Gauthier W Beckett Sennecke W Jordan Eberle,,,
398,5288234459,ajb3247,0,55.799995,C Mark Scheifele C Mika Zibanejad D Neal Pionk D Kaedan Korczak G Igor Shesterkin UTIL Kyle Connor W Pavel Dorofeyev W Cole Perfetti W Alexis Lafreniere,,,
398,5288247951,tptoya5827,0,55.799995,C Mark Scheifele C Ben Kindel D Moritz Seider D Neal Pionk G Igor Shesterkin UTIL Alexis Lafreniere W Kyle Connor W Cole Perfetti W Kent Johnson,,,
398,5288363799,mariettajeff,0,55.799995,C Mark Scheifele C Mika Zibanejad D Neal Pionk D Kaedan Korczak G Igor Shesterkin UTIL Cole Perfetti W Kyle Connor W Pavel Dorofeyev W Alexis Lafreniere,,,
401,5288349535,jersey44,0,55.700005,C Leo Carlsson C Tommy Novak D Zach Werenski D Neal Pionk G John Gibson UTIL Nikita Klepov W Kyle Connor W Tom Wilson W Boone Jenner,,,
402,5288036136,jcardoso2369,0,55.599995,C Leo Carlsson C Mika Zibanejad D Neal Pionk D Kris Letang G Igor Shesterkin UTIL J.T. Miller W Lucas Raymond W Beckett Sennecke W Bryan Rust,,,
403,5288180140,wazzu24,0,55.499996,C Dylan Larkin C Emmitt Finnie D Erik Karlsson D Justin Faulk G Igor Shesterkin UTIL Jordan Eberle W Alex DeBrincat W Lucas Raymond W Viktor Arvidsson,,,
403,5288464099,ryanstitan,0,55.499996,C Dylan Larkin C Tommy Novak D Declan Carlile D Kaedan Korczak G Igor Shesterkin UTIL Leo Carlsson W Cutter Gauthier W Lucas Raymond W Bryan Rust,,,
405,5288429938,mcstuffins,0,55.399994,C Mika Zibanejad C J.T. Miller D Zach Werenski D Adam Fox G Igor Shesterkin UTIL Ben Kindel W Pavel Dorofeyev W Egor Chinakhov W Will Cuylle,,,
406,5288360030,pelicans777,0,55.1,C Dylan Larkin C Mark Scheifele D Kris Letang D Dylan Samberg G Igor Shesterkin UTIL Mika Zibanejad W Beckett Sennecke W Viktor Arvidsson W Cole Perfetti,,,
406,5287852298,Mikekataja,0,55.099995,C Mark Scheifele C Andrew Copp D Zach Werenski D Neal Pionk G Igor Shesterkin UTIL Jackson LaCombe W Kyle Connor W Cole Perfetti W Will Cuylle,,,
408,5288349635,CraigBerger23,0,55,C Dylan Larkin C Adam Fantilli D Dylan Samberg D Mario Ferraro G Igor Shesterkin UTIL Neal Pionk W Kyle Connor W Alex DeBrincat W Cole Perfetti,,,
408,5288514259,clerams,0,55,C Pierre-Luc Dubois C Sean Monahan D Erik Karlsson D Neal Pionk G Logan Thompson UTIL Cutter Gauthier W Kyle Connor W Cole Perfetti W Kent Johnson,,,
410,5288341499,EmmaNezaj,0,54.9,C Sidney Crosby C Dylan Larkin D Kris Letang D Dylan Samberg G Clay Stevenson UTIL Mathieu Olivier W Kyle Connor W Bryan Rust W Cole Perfetti,,,
410,5288439476,massajmike,0,54.9,C Tommy Novak C Pierre-Luc Dubois D Adam Fox D Justin Faulk G Clay Stevenson UTIL Zach Werenski W Alex Tuch W Viktor Arvidsson W Tom Wilson,,,
410,5288096403,dave412,0,54.899998,C Leo Carlsson C Tommy Novak D Jackson LaCombe D Vladislav Gavrikov G Igor Shesterkin UTIL Matthew Knies W Kyle Connor W Beckett Sennecke W Cole Perfetti,,,
413,5288289608,mrpayable,0,54.8,C Dylan Larkin C Adam Fantilli D Justin Faulk D Vladislav Gavrikov G Igor Shesterkin UTIL Kyle Connor W Viktor Arvidsson W Cole Perfetti W Matthew Knies,,,
413,5288467435,Tobers96,0,54.799995,C Dylan Larkin C Ben Kindel D Zach Werenski D Kaedan Korczak G Clay Stevenson UTIL Lucas Raymond W Bryan Rust W Matthew Knies W Kent Johnson,,,
415,5287985822,Lpin16,0,54.699997,C Ben Kindel C Pierre-Luc Dubois D Adam Fox D Declan Carlile G Igor Shesterkin UTIL Dylan Larkin W Cutter Gauthier W Beckett Sennecke W Alexis Lafreniere,,,
416,5288485331,jdjay,0,54.599995,C Dylan Larkin C Mark Scheifele D Neal Pionk D Kris Letang G Igor Shesterkin UTIL Kyle Connor W Lucas Raymond W Matthew Knies W Kent Johnson,,,
417,5288454915,JohnsMainEvent,0,54.399998,C Leo Carlsson C Charlie Coyle D Jackson LaCombe D Neal Pionk G Logan Thompson UTIL Cole Perfetti W Cutter Gauthier W Matthew Knies W Kent Johnson,,,
418,5287881204,Ish99,0,54.3,C Adam Fantilli C Emmitt Finnie D Moritz Seider D Neal Pionk G Logan Thompson UTIL Mark Scheifele W Alex DeBrincat W Matthew Knies W Anthony Beauvillier,,,
419,5288287359,Mrboozer,0,54.2,C Sidney Crosby C Mark Scheifele D Kris Letang D Adam Larsson G Clay Stevenson UTIL Evgeni Malkin W Kyle Connor W Matthew Knies W Nick Robertson,,,
419,5288334658,Timnorwood,0,54.199997,C Mark Scheifele C Adam Fantilli D Cole Hutson D Denton Mateychuk G Clay Stevenson UTIL Neal Pionk W Kyle Connor W Viktor Arvidsson W Gabriel Vilardi,,,
421,5288194546,npt78,0,54,C Mark Scheifele C Adam Fantilli D Neal Pionk D Denton Mateychuk G Clay Stevenson UTIL Kent Johnson W Kyle Connor W Viktor Arvidsson W Cole Perfetti,,,
422,5287813498,andrewran,0,53.899994,C Mikael Granlund C Ben Kindel D Erik Karlsson D Adam Fox G Joey Daccord UTIL Dylan Larkin W Beckett Sennecke W Bobby McMann W Jordan Eberle,,,
423,5287983865,matthewwalsh,0,53.8,C Dylan Larkin C Mark Scheifele D Denton Mateychuk D Dylan Samberg G Clay Stevenson UTIL Neal Pionk W Kyle Connor W Viktor Arvidsson W Cole Perfetti,,,
423,5288052876,4prongdigger,0,53.8,C Dylan Larkin C Adam Lowry D Jakob Chychrun D Alberts Smits G Cam Talbot UTIL Zach Werenski W Cutter Gauthier W Alexis Lafreniere W Oliver Bjorkstrand,,,
425,5288169462,captainzen,0,53.699997,C Adam Fantilli C Ben Kindel D Zach Werenski D Erik Karlsson G Joey Daccord UTIL Cole Perfetti W Evgeni Malkin W Matthew Knies W Kent Johnson,,,
426,5288284946,TinyGiant99,0,53.399998,C Sidney Crosby C Dylan Strome D Neal Pionk D Kris Letang G Logan Thompson UTIL Ben Kindel W Rickard Rakell W Alex Ovechkin W Jared McCann,,,
427,5288467560,darrentracy,0,53.2,C Ben Kindel C Matty Beniers D Cole Hutson D Justin Faulk G Clay Stevenson UTIL Moritz Seider W Kyle Connor W Viktor Arvidsson W Jared McCann,,,
428,5288267959,panfriedbeets,0,53.1,C Sidney Crosby C Leo Carlsson D Jackson LaCombe D Ryker Evans G Sergei Murashov UTIL Marcus Pettersson W Cutter Gauthier W Rickard Rakell W A.J. Greer,,,
428,5288076769,jakesta3,0,53.099995,C Dylan Larkin C Charlie Coyle D Zach Werenski D Neal Pionk G John Gibson UTIL Kent Johnson W Alex DeBrincat W Viktor Arvidsson W Nikita Klepov,,,
430,5288124675,Ovyrulz8,0,53,C Mika Zibanejad C Adam Fantilli D Erik Karlsson D Justin Faulk G Logan Thompson UTIL Kyle Connor W Alex Ovechkin W Anthony Beauvillier W A.J. Greer,,,
430,5288166609,ihateurmomsson,0,53,C Adam Fantilli C Matty Beniers D Zach Werenski D Declan Carlile G Clay Stevenson UTIL Sidney Crosby W Jared McCann W Matthew Knies W Kent Johnson,,,
430,5288034145,titanhawks,0,52.999996,C Mark Scheifele C Andrew Copp D Zach Werenski D Sean Durzi G Clay Stevenson UTIL Morgan Barron W Kyle Connor W Viktor Arvidsson W Cole Perfetti,,,
430,5288085812,hespen2,0,52.999996,C Mark Scheifele C Andrew Copp D Zach Werenski D Sean Durzi G Clay Stevenson UTIL Morgan Barron W Kyle Connor W Viktor Arvidsson W Cole Perfetti,,,
430,5288380089,pbrk11,0,52.999996,C Leo Carlsson C Mika Zibanejad D Adam Fox D Tristan Luneau G Lukas Dostal UTIL Sam Colangelo W Cutter Gauthier W Tom Wilson W Gabe Perreault,,,
430,5288490533,DicVec,0,52.999996,C Mark Scheifele C Andrew Copp D Zach Werenski D Sean Durzi G Clay Stevenson UTIL Morgan Barron W Kyle Connor W Viktor Arvidsson W Cole Perfetti,,,
436,5288030915,orlo4457,0,52.7,C Leo Carlsson C Pierre-Luc Dubois D Jackson LaCombe D Cole Hutson G Lukas Dostal UTIL Adam Fantilli W Cutter Gauthier W Tom Wilson W A.J. Greer,,,
436,5288169932,wallyswahoos,0,52.7,C Mark Scheifele C Dylan Strome D Zach Werenski D Kris Letang G Clay Stevenson UTIL Valeri Nichushkin W Bryan Rust W Gabriel Vilardi W Aliaksei Protas,,,
438,5288162814,JaserD,0,52.599995,C Adam Fantilli C Mikael Granlund D Zach Werenski D Neal Pionk G John Gibson UTIL Beckett Sennecke W Matthew Knies W Alex Killorn W Kent Johnson,,,
439,5287843881,Maxdeath,0,52.2,C Leo Carlsson C Ben Kindel D Moritz Seider D Tristan Luneau G Logan Thompson UTIL Ville Koivunen W Cutter Gauthier W Bryan Rust W A.J. Greer,,,
439,5288411010,felixmehrabian,0,52.199997,C Mika Zibanejad C Ben Kindel D Tristan Luneau D Cole Hutson G Igor Shesterkin UTIL Lucas Raymond W Kyle Connor W Alex Tuch W Ryan Leonard,,,
441,5288489210,gcarolthomas66,0,51.9,C Dylan Larkin C Ben Kindel D Neal Pionk D Justin Faulk G Clay Stevenson UTIL Matthew Knies W Kyle Connor W Viktor Arvidsson W Bryan Rust,,,
442,5288465684,tombaxter,0,51.800003,C Leo Carlsson C Ben Kindel D Zach Werenski D Denton Mateychuk G John Gibson UTIL Pierre-Luc Dubois W Alex Tuch W Bryan Rust W Kent Johnson,,,
443,5287838411,darwinhobb,0,51.5,C Leo Carlsson C Mika Zibanejad D Tristan Luneau D Sean Durzi G Lukas Dostal UTIL Bryan Rust W Cutter Gauthier W Alexis Lafreniere W Gabe Perreault,,,
443,5287934830,nkd89,0,51.5,C Leo Carlsson C Adam Fantilli D Neal Pionk D Denton Mateychuk G Igor Shesterkin UTIL Kent Johnson W Cutter Gauthier W Beckett Sennecke W Matthew Knies,,,
443,5288503372,JMo1813,0,51.5,C Sidney Crosby C Tommy Novak D Neal Pionk D Kris Letang G Logan Thompson UTIL Ben Kindel W Cutter Gauthier W Bryan Rust W Cole Perfetti,,,
446,5288493402,bigshowbreaks,0,51.4,C Dylan Larkin C Sean Monahan D Neal Pionk D Dylan Samberg G Clay Stevenson UTIL Gabriel Vilardi W Kyle Connor W Lucas Raymond W Viktor Arvidsson,,,
446,5288100440,dtapper29,0,51.399998,C Mark Scheifele C Emmitt Finnie D Jackson LaCombe D Neal Pionk G John Gibson UTIL Cole Perfetti W Kyle Connor W Alex DeBrincat W Michael Brandsegg-Nygard,,,
446,5288341132,Treaper07,0,51.399998,C Dylan Larkin C Tommy Novak D Kris Letang D Adam Larsson G Igor Shesterkin UTIL Moritz Seider W Rickard Rakell W Alex Tuch W Beckett Sennecke,,,
446,5288458895,Jasonhenn32,0,51.399998,C Mark Scheifele C Emmitt Finnie D Jackson LaCombe D Neal Pionk G John Gibson UTIL Michael Brandsegg-Nygard W Kyle Connor W Alex DeBrincat W Cole Perfetti,,,
446,5288469062,mvotruba,0,51.399998,C Dylan Larkin C Adam Fantilli D Tristan Luneau D Kaedan Korczak G Igor Shesterkin UTIL Matthew Knies W Kyle Connor W Viktor Arvidsson W Cole Perfetti,,,
446,5288492508,martini13,0,51.399998,C Tommy Novak C Adam Lowry D Adam Fox D Declan Carlile G Igor Shesterkin UTIL Alex Tuch W Cutter Gauthier W Kyle Connor W Ryan Leonard,,,
452,5287923444,modece,0,51.100002,C Mark Scheifele C Matty Beniers D Brandon Montour D Neal Pionk G Clay Stevenson UTIL Cole Perfetti W Kyle Connor W Jared McCann W Kent Johnson,,,
452,5288397290,RMF56300,0,51.100002,C Mark Scheifele C Pierre-Luc Dubois D Erik Karlsson D Declan Carlile G Clay Stevenson UTIL Kyle Connor W Bryan Rust W Cole Perfetti W Gabriel Vilardi,,,
452,5288378055,XXX69,0,51.1,C Sidney Crosby C Mark Scheifele D Erik Karlsson D Damon Severson G Clay Stevenson UTIL Kaedan Korczak W Kyle Connor W Cole Perfetti W Gabriel Vilardi,,,
455,5288418473,Drepone,0,50.8,C Mark Scheifele C Ben Kindel D Kris Letang D Declan Carlile G Clay Stevenson UTIL Alex Tuch W Kyle Connor W Bryan Rust W Cole Perfetti,,,
455,5288038867,pocketchange504,0,50.799995,C Dylan Larkin C Adam Fantilli D Brandon Montour D Justin Faulk G John Gibson UTIL Kent Johnson W Lucas Raymond W Viktor Arvidsson W Matthew Knies,,,
457,5288392956,Jfed789,0,50.6,C Dylan Larkin C Mark Scheifele D Neal Pionk D Justin Faulk G Igor Shesterkin UTIL Tommy Novak W Kyle Connor W Evgeni Malkin W Cole Perfetti,,,
458,5287996924,shawnmlesky,0,50.399998,C Sidney Crosby C Tommy Novak D Declan Carlile D Vladislav Gavrikov G Igor Shesterkin UTIL Cutter Gauthier W Alex DeBrincat W Rickard Rakell W Kent Johnson,,,
458,5288466147,jayrwebb,0,50.399998,C Leo Carlsson C Charlie Coyle D Cole Hutson D Dylan Samberg G Joey Daccord UTIL Beckett Sennecke W Alex DeBrincat W Alex Tuch W Cole Perfetti,,,
460,5288247214,gibbs9,0,50.3,C Dylan Larkin C Pierre-Luc Dubois D Moritz Seider D Albert Johansson G John Gibson UTIL Charlie Coyle W Lucas Raymond W Alex Ovechkin W Viktor Arvidsson,,,
460,5288289215,flashgo,0,50.3,C Dylan Larkin C Ben Kindel D Vladislav Gavrikov D Kaedan Korczak G Clay Stevenson UTIL Alex Tuch W Kyle Connor W Viktor Arvidsson W Bobby McMann,,,
460,5288090853,KingWavy8,0,50.299995,C Dylan Larkin C Adam Fantilli D Jackson LaCombe D Denton Mateychuk G John Gibson UTIL Kent Johnson W Lucas Raymond W Viktor Arvidsson W Matthew Knies,,,
463,5287894845,THAKZZA,0,50.1,C Dylan Larkin C Mika Zibanejad D Kris Letang D Sean Durzi G Igor Shesterkin UTIL Sidney Crosby W Kyle Connor W Viktor Arvidsson W Alex Iafallo,,,
464,5288485222,Coolac420,0,50,C Leo Carlsson C Adam Fantilli D Cole Hutson D Mario Ferraro G Igor Shesterkin UTIL Kent Johnson W Cutter Gauthier W Beckett Sennecke W Matthew Knies,,,
465,5288291856,vinceyoungsteakhouse,0,49.899998,C Leo Carlsson C Dylan Larkin D Neal Pionk D Damon Severson G Igor Shesterkin UTIL Cole Perfetti W Cutter Gauthier W Lucas Raymond W Kent Johnson,,,
466,5287945148,TheDCarman,0,49.499996,C Mika Zibanejad C J.T. Miller D Jackson LaCombe D Adam Fox G Igor Shesterkin UTIL Leo Carlsson W Lucas Raymond W Alexis Lafreniere W Gabe Perreault,,,
466,5287986875,JLR1985,0,49.499996,C Dylan Larkin C Sean Monahan D Moritz Seider D Jackson LaCombe G John Gibson UTIL Dmitri Voronkov W Lucas Raymond W Viktor Arvidsson W Valeri Nichushkin,,,
468,5287863075,Duster20,0,49.399998,C Sidney Crosby C Adam Fantilli D Mario Ferraro D Samuel Girard G Igor Shesterkin UTIL Cole Perfetti W Kyle Connor W Rickard Rakell W Matthew Knies,,,
468,5288345796,fairwayhitter,0,49.399998,C Sidney Crosby C Adam Fantilli D Mario Ferraro D Samuel Girard G Igor Shesterkin UTIL Cole Perfetti W Kyle Connor W Rickard Rakell W Matthew Knies,,,
468,5288355137,Jessticular,0,49.399998,C Ben Kindel C Tommy Novak D Tristan Luneau D Sean Durzi G Igor Shesterkin UTIL Pavel Dorofeyev W Cutter Gauthier W Kyle Connor W Matthew Knies,,,
471,5287927339,nh70744,0,49.3,C Mark Scheifele C Andrew Copp D Zach Werenski D Neal Pionk G John Gibson UTIL Lucas Raymond W Viktor Arvidsson W Gabriel Vilardi W Kent Johnson,,,
471,5288443861,jlima10,0,49.3,C Dylan Larkin C Mark Scheifele D Jackson LaCombe D Kris Letang G Igor Shesterkin UTIL Matthew Knies W Jared McCann W Bryan Rust W Cole Perfetti,,,
471,5287979969,meodette,0,49.299995,C Mark Scheifele C Mika Zibanejad D Neal Pionk D Sean Durzi G Igor Shesterkin UTIL Gabriel Vilardi W Kyle Connor W Viktor Arvidsson W Cole Perfetti,,,
471,5288330499,killafrog,0,49.299995,C Mark Scheifele C Chandler Stephenson D Jackson LaCombe D Neal Pionk G Igor Shesterkin UTIL Cole Perfetti W Kyle Connor W Bobby McMann W Gabriel Vilardi,,,
475,5287984219,plewis247,0,48.999996,C Mark Scheifele C Adam Fantilli D Jackson LaCombe D Neal Pionk G Igor Shesterkin UTIL Kent Johnson W Kyle Connor W Cole Perfetti W Matthew Knies,,,
475,5288060277,jasonbhellmann,0,48.999996,C Mark Scheifele C Adam Fantilli D Jackson LaCombe D Neal Pionk G Igor Shesterkin UTIL Kent Johnson W Kyle Connor W Cole Perfetti W Matthew Knies,,,
475,5288488874,SRR1974,0,48.999996,C Mark Scheifele C Adam Fantilli D Jackson LaCombe D Neal Pionk G Igor Shesterkin UTIL Kent Johnson W Kyle Connor W Cole Perfetti W Matthew Knies,,,
478,5288402239,radzynfessenden,0,48.8,C Leo Carlsson C Mika Zibanejad D Dylan Samberg D Declan Carlile G Igor Shesterkin UTIL Cole Perfetti W Cutter Gauthier W Jared McCann W Alexis Lafreniere,,,
478,5288446228,mrxkronz,0,48.8,C Mark Scheifele C Adam Fantilli D Vince Dunn D Dylan Samberg G Clay Stevenson UTIL Kent Johnson W Kyle Connor W Cole Perfetti W Matthew Knies,,,
480,5287931924,kepenekela,0,48.599995,C Dylan Larkin C Ben Kindel D Moritz Seider D Neal Pionk G Igor Shesterkin UTIL Cole Perfetti W Lucas Raymond W Viktor Arvidsson W Jordan Eberle,,,
480,5288286036,Roach713,0,48.599995,C Sidney Crosby C J.T. Miller D Adam Fox D Marcus Pettersson G Igor Shesterkin UTIL Matthew Knies W Rickard Rakell W Pavel Dorofeyev W Beckett Sennecke,,,
482,5288134771,Sacriste07,0,48.4,C Adam Fantilli C J.T. Miller D Zach Werenski D Cole Hutson G John Gibson UTIL Nick Robertson W Pavel Dorofeyev W Tom Wilson W Matthew Knies,,,
482,5287967301,Plumbster27,0,48.399998,C Sidney Crosby C Mark Scheifele D Erik Karlsson D Mario Ferraro G Igor Shesterkin UTIL Anthony Beauvillier W Kyle Connor W Rickard Rakell W Nick Robertson,,,
484,5288454487,therizzo,0,48.3,C Mark Scheifele C Viggo Bjorck D Neal Pionk D Damon Severson G Clay Stevenson UTIL Kyle Connor W Alex DeBrincat W Cole Perfetti W Gabriel Vilardi,,,
485,5288445186,Cole3pt,0,48,C Mark Scheifele C Dylan Strome D Vince Dunn D Dylan Samberg G Clay Stevenson UTIL Anthony Beauvillier W Kyle Connor W Alex Ovechkin W Cole Perfetti,,,
485,5288120228,howehattrick,0,47.999996,C Dylan Larkin C Mark Scheifele D Neal Pionk D Samuel Girard G Igor Shesterkin UTIL Emmitt Finnie W Kyle Connor W Alex DeBrincat W Cole Perfetti,,,
487,5288421671,armydave72,0,47.699997,C Mark Scheifele C Andrew Copp D Tristan Luneau D Cole Hutson G John Gibson UTIL Gabriel Vilardi W Kyle Connor W Viktor Arvidsson W Bryan Rust,,,
488,5288275550,Brian_msbc,0,47.6,C Dylan Larkin C Mark Scheifele D Neal Pionk D Denton Mateychuk G John Gibson UTIL Andrew Copp W Kyle Connor W Viktor Arvidsson W Gabriel Vilardi,,,
488,5288498578,gussell,0,47.6,C Dylan Larkin C Adam Fantilli D Kris Letang D Justin Faulk G Igor Shesterkin UTIL Sidney Crosby W Beckett Sennecke W Bobby McMann W Matthew Knies,,,
490,5287893484,JoJo1291,0,47.5,C Dylan Larkin C Mika Zibanejad D Cole Hutson D Justin Faulk G Dylan Garand UTIL Matthew Knies W Alex DeBrincat W Lucas Raymond W Ryan Leonard,,,
490,5288457475,Acehole3288,0,47.5,C Sidney Crosby C J.T. Miller D Adam Fox D Denton Mateychuk G Clay Stevenson UTIL Andrew Copp W Rickard Rakell W Pavel Dorofeyev W Bryan Rust,,,
492,5288364759,easton136,0,47.399998,C Tommy Novak C Pierre-Luc Dubois D Jakob Chychrun D Kris Letang G John Gibson UTIL Dylan Larkin W Lucas Raymond W Viktor Arvidsson W Tom Wilson,,,
493,5288430536,thegambler84,0,47.199997,C Dylan Strome C Andrew Copp D Jakob Chychrun D Haydn Fleury G John Gibson UTIL Mark Scheifele W Kyle Connor W Viktor Arvidsson W Cole Perfetti,,,
494,5288437059,sneakyb,0,47.1,C Dylan Larkin C Adam Fantilli D Erik Karlsson D Neal Pionk G Igor Shesterkin UTIL Pierre-Luc Dubois W Lucas Raymond W Viktor Arvidsson W Cole Perfetti,,,
494,5288513791,Jimbobwae42,0,47.099995,C Leo Carlsson C Mika Zibanejad D Adam Fox D Kris Letang G Igor Shesterkin UTIL Cole Perfetti W Kyle Connor W Alexis Lafreniere W Gabe Perreault,,,
496,5288506544,scottyballbag,0,47,C Leo Carlsson C Pierre-Luc Dubois D Cole Hutson D Sean Durzi G Logan Thompson UTIL Matthew Knies W Cutter Gauthier W Beckett Sennecke W Cole Perfetti,,,
497,5288452785,mikesprague,0,46.8,C Leo Carlsson C Mika Zibanejad D Declan Carlile D Vladislav Gavrikov G Igor Shesterkin UTIL Dylan Larkin W Alex Tuch W Bryan Rust W Cole Perfetti,,,
497,5288482967,usmc0369,0,46.8,C Dylan Larkin C Ben Kindel D Declan Carlile D Vladislav Gavrikov G Clay Stevenson UTIL Alex DeBrincat W Kyle Connor W Cole Perfetti W Matthew Knies,,,
499,5288425896,kingofviper01,0,46.5,C Dylan Larkin C Mark Scheifele D Neal Pionk D Denton Mateychuk G Clay Stevenson UTIL Ben Chiarot W Kyle Connor W Viktor Arvidsson W Cole Perfetti,,,
499,5288477783,SpoWeezy,0,46.5,C Mark Scheifele C Adam Fantilli D Vince Dunn D Cole Hutson G Clay Stevenson UTIL Chandler Stephenson W Kyle Connor W Matthew Knies W Jordan Eberle,,,
501,5288068322,kucas0918,0,46.3,C Mark Scheifele C Tommy Novak D Tristan Luneau D Neal Pionk G Joey Daccord UTIL Egor Chinakhov W Kyle Connor W Evgeni Malkin W Cole Perfetti,,,
502,5288468345,jayarmyjj76,0,46.100002,C Sidney Crosby C Ben Kindel D Jackson LaCombe D Samuel Girard G Clay Stevenson UTIL Alexis Lafreniere W Rickard Rakell W Bryan Rust W Bobby McMann,,,
503,5288268133,TY54321,0,45.899998,C Mika Zibanejad C J.T. Miller D Adam Fox D Braden Schneider G Clay Stevenson UTIL Pavel Dorofeyev W Alex Ovechkin W Viktor Arvidsson W Alexis Lafreniere,,,
504,5288031848,jbusch69,0,45.8,C Leo Carlsson C Ben Kindel D Vince Dunn D Sean Durzi G Igor Shesterkin UTIL Rickard Rakell W Alex Tuch W Beckett Sennecke W Matthew Knies,,,
505,5287890848,Rc3584,0,45.7,C Leo Carlsson C Adam Fantilli D Erik Karlsson D Kris Letang G Cam Talbot UTIL Cutter Gauthier W Matthew Knies W Kent Johnson W A.J. Greer,,,
505,5287967102,Minlaian1000,0,45.699997,C Sidney Crosby C Mikael Granlund D Justin Faulk D Vladislav Gavrikov G John Gibson UTIL Jackson LaCombe W Cutter Gauthier W Beckett Sennecke W Gabe Perreault,,,
505,5287983412,kyle.keefer14,0,45.699997,C Mark Scheifele C J.T. Miller D Kris Letang D Dylan Samberg G John Gibson UTIL Evgeni Malkin W Kyle Connor W Egor Chinakhov W Cole Perfetti,,,
508,5287985258,jessman420,0,45.6,C Leo Carlsson C Adam Fantilli D Tristan Luneau D Ryker Evans G Logan Thompson UTIL Jordan Eberle W Cutter Gauthier W Bobby McMann W Kent Johnson,,,
509,5287997207,DVaut1,0,45.399998,C Dylan Larkin C Mark Scheifele D Declan Carlile D Kaedan Korczak G Clay Stevenson UTIL Nick Robertson W Alex DeBrincat W Rickard Rakell W Viktor Arvidsson,,,
510,5288181869,JERKER19,0,45.299995,C Mark Scheifele C Adam Fantilli D Neal Pionk D Cale Fleury G Igor Shesterkin UTIL Cutter Gauthier W Kyle Connor W Matthew Knies W Kent Johnson,,,
511,5287975691,MadeFromMetal,0,45.1,C Dylan Larkin C Andrew Copp D Moritz Seider D Vladislav Gavrikov G Igor Shesterkin UTIL Mika Zibanejad W Cutter Gauthier W Beckett Sennecke W Michael Rasmussen,,,
511,5288246392,dbishop999,0,45.1,C Mark Scheifele C Andrew Copp D Zach Werenski D Justin Faulk G Clay Stevenson UTIL Cole Perfetti W Kyle Connor W Matthew Knies W Michael Rasmussen,,,
511,5288355828,JayEeDoubleU,0,45.099995,C Mark Scheifele C Adam Fantilli D Adam Fox D Neal Pionk G Igor Shesterkin UTIL Kent Johnson W Kyle Connor W Cole Perfetti W Matthew Knies,,,
514,5288155086,loafinit,0,44.9,C Mark Scheifele C Andrew Copp D Neal Pionk D Denton Mateychuk G Clay Stevenson UTIL Gabriel Vilardi W Kyle Connor W Alex DeBrincat W Cole Perfetti,,,
514,5287979784,Hawkswin25,0,44.899998,C Adam Fantilli C Ben Kindel D Erik Karlsson D Adam Fox G Clay Stevenson UTIL Kent Johnson W Pavel Dorofeyev W Viktor Arvidsson W Jordan Eberle,,,
514,5288357142,golfjess26,0,44.899998,C Mika Zibanejad C J.T. Miller D Vladislav Gavrikov D Kaedan Korczak G Clay Stevenson UTIL Kent Johnson W Kyle Connor W Alex DeBrincat W Alex Tuch,,,
514,5288504473,salschwartzzz,0,44.899998,C Leo Carlsson C Mika Zibanejad D Jackson LaCombe D Dylan Samberg G Igor Shesterkin UTIL Pierre-Luc Dubois W Cutter Gauthier W Beckett Sennecke W Will Cuylle,,,
518,5287886034,lmueller78,0,44.7,C Mark Scheifele C Ben Kindel D Zach Werenski D Kris Letang G Clay Stevenson UTIL Dylan Larkin W Kyle Connor W Shane Wright W Hendrix Lapierre,,,
518,5288428401,GMan2456,0,44.699997,C Dylan Larkin C Mark Scheifele D Kris Letang D Vladislav Gavrikov G Clay Stevenson UTIL Adam Lowry W Kyle Connor W Lucas Raymond W Bobby McMann,,,
520,5288512945,bboshea,0,44.6,C Adam Fantilli C Dylan Strome D Zach Werenski D Erik Karlsson G Clay Stevenson UTIL Kent Johnson W Alex Ovechkin W Matthew Knies W Anthony Beauvillier,,,
521,5288052802,SkyU27,0,44.5,C Leo Carlsson C Mark Scheifele D Sean Durzi D Mario Ferraro G Igor Shesterkin UTIL Cutter Gauthier W Kyle Connor W Cole Perfetti W Oliver Bjorkstrand,,,
522,5287975533,travis945,0,44.4,C Mark Scheifele C Pierre-Luc Dubois D Jakob Chychrun D Neal Pionk G Clay Stevenson UTIL Charlie Coyle W Kyle Connor W Cole Perfetti W Matthew Knies,,,
523,5288166584,79Cosmo,0,44.3,C Dylan Larkin C Mark Scheifele D Zach Werenski D Neal Pionk G Clay Stevenson UTIL Morgan Barron W Viktor Arvidsson W Cole Perfetti W Kent Johnson,,,
524,5287996042,Riffraff76,0,44.2,C Adam Fantilli C Andrew Copp D Zach Werenski D Neal Pionk G Clay Stevenson UTIL Cole Perfetti W Kyle Connor W Matthew Knies W Kent Johnson,,,
524,5288028169,kage12,0,44.199997,C Mark Scheifele C Adam Fantilli D Tristan Luneau D Denton Mateychuk G Clay Stevenson UTIL Kyle Connor W Cole Perfetti W Matthew Knies W Kent Johnson,,,
526,5288041187,Sisco510,0,44,C Sidney Crosby C Mark Scheifele D Neal Pionk D Denton Mateychuk G Clay Stevenson UTIL Andrew Copp W Kyle Connor W Rickard Rakell W Kent Johnson,,,
527,5288254734,mciama2000,0,43.9,C J.T. Miller C Pierre-Luc Dubois D Zach Werenski D Adam Fox G John Gibson UTIL Tom Wilson W Alex Tuch W Matthew Knies W Kent Johnson,,,
528,5288275566,thepadlox,0,43.8,C Dylan Larkin C Ben Kindel D Neal Pionk D Justin Faulk G Igor Shesterkin UTIL Cole Perfetti W Kyle Connor W Alex DeBrincat W Jordan Eberle,,,
529,5288285805,skid68,0,43.6,C Leo Carlsson C Adam Fantilli D Jackson LaCombe D Neal Pionk G Igor Shesterkin UTIL Cutter Gauthier W Beckett Sennecke W Kent Johnson W Michael Rasmussen,,,
529,5288362919,royster181,0,43.6,C Leo Carlsson C Dylan Larkin D Jackson LaCombe D Justin Faulk G Igor Shesterkin UTIL Eeli Tolvanen W Cutter Gauthier W Beckett Sennecke W Gabe Perreault,,,
531,5287988075,tklut,0,43.4,C Sidney Crosby C Emmitt Finnie D Erik Karlsson D Ben Chiarot G Clay Stevenson UTIL Denton Mateychuk W Alex DeBrincat W Rickard Rakell W Bryan Rust,,,
531,5288456889,C2BA,0,43.4,C Mika Zibanejad C Ben Kindel D Declan Carlile D Vladislav Gavrikov G Clay Stevenson UTIL Dylan Larkin W Cutter Gauthier W Jared McCann W Bryan Rust,,,
533,5287952076,Choiclan,0,43.2,C Leo Carlsson C Ben Kindel D Cole Hutson D Kris Letang G Joey Daccord UTIL Bryan Rust W Cutter Gauthier W Tom Wilson W Cole Perfetti,,,
533,5288079772,Henry113,0,43.2,C Mark Scheifele C Ilya Protas D Zach Werenski D Neal Pionk G Clay Stevenson UTIL Kent Johnson W Kyle Connor W Cole Perfetti W Matthew Knies,,,
533,5288257269,statistical_genius,0,43.199997,C Dylan Larkin C Adam Fantilli D Erik Karlsson D Dylan Samberg G John Gibson UTIL Viktor Arvidsson W Lucas Raymond W Matthew Knies W Kent Johnson,,,
536,5288014552,buckstar,0,43,C Dylan Larkin C Pierre-Luc Dubois D Jakob Chychrun D Declan Carlile G John Gibson UTIL Justin Faulk W Alex Tuch W Lucas Raymond W Viktor Arvidsson,,,
537,5288457456,towles1,0,42.499996,C Adam Fantilli C J.T. Miller D Zach Werenski D Dylan Samberg G John Gibson UTIL Pavel Dorofeyev W Cole Perfetti W Gabriel Vilardi W Kent Johnson,,,
538,5287942940,Birdsack,0,42.4,C Dylan Larkin C Pierre-Luc Dubois D Neal Pionk D Cole Hutson G Clay Stevenson UTIL Tom Wilson W Alex DeBrincat W Viktor Arvidsson W Cole Perfetti,,,
538,5288026270,streetceli88,0,42.4,C Mark Scheifele C Tommy Novak D Neal Pionk D Cole Hutson G Clay Stevenson UTIL Egor Chinakhov W Kyle Connor W Evgeni Malkin W Cole Perfetti,,,
540,5287809028,draftjoshallen19,0,42.3,C Matty Beniers C Sean Monahan D Zach Werenski D Neal Pionk G Clay Stevenson UTIL Kyle Connor W Cole Perfetti W Gabriel Vilardi W Valeri Nichushkin,,,
540,5287914405,tolson07,0,42.299995,C Sidney Crosby C Mika Zibanejad D Erik Karlsson D Adam Fox G Igor Shesterkin UTIL Kent Johnson W Rickard Rakell W Alexis Lafreniere W Gabe Perreault,,,
542,5288493609,myk001,0,41.8,C Mark Scheifele C Pierre-Luc Dubois D Kris Letang D Dylan Samberg G John Gibson UTIL Dylan Larkin W Kyle Connor W Tom Wilson W Cole Perfetti,,,
543,5288229896,Gillos007,0,41.7,C Sidney Crosby C Adam Lowry D Cole Hutson D Declan Carlile G Joey Daccord UTIL Cutter Gauthier W Rickard Rakell W Jared McCann W Bryan Rust,,,
544,5288112245,Hockeybob8,0,41.3,C Dylan Larkin C Pierre-Luc Dubois D Erik Karlsson D Neal Pionk G John Gibson UTIL Cole Perfetti W Beckett Sennecke W Viktor Arvidsson W Tom Wilson,,,
545,5287989325,bcarney710,0,40.7,C Leo Carlsson C Dylan Larkin D Declan Carlile D Vladislav Gavrikov G John Gibson UTIL Beckett Sennecke W Tom Wilson W Cole Perfetti W Matthew Knies,,,
546,5288502509,mattped23,0,40.600002,C Dylan Larkin C Mark Scheifele D Vince Dunn D Dylan Samberg G Clay Stevenson UTIL Ryan Leonard W Alex Tuch W Bobby McMann W Cole Perfetti,,,
546,5288458870,ginswins1128,0,40.6,C Mark Scheifele C Mika Zibanejad D Vince Dunn D Sean Durzi G John Gibson UTIL Cole Perfetti W Kyle Connor W Alexis Lafreniere W Gabe Perreault,,,
546,5288474604,gh0705,0,40.6,C Mark Scheifele C Matty Beniers D Neal Pionk D Dylan Samberg G Clay Stevenson UTIL Tommy Novak W Kyle Connor W Bobby McMann W Cole Perfetti,,,
549,5288495377,Bake3376,0,40.399998,C Mark Scheifele C Emmitt Finnie D Jakob Chychrun D Dylan Samberg G John Gibson UTIL Ben Kindel W Kyle Connor W Alex DeBrincat W Anthony Beauvillier,,,
550,5287884505,SoCalHusker,0,39.3,C Adam Fantilli C Emmitt Finnie D Zach Werenski D Neal Pionk G John Gibson UTIL Matthew Knies W Kyle Connor W Cole Perfetti W Kent Johnson,,,
550,5288232417,Terry301,0,39.3,C Sidney Crosby C Dylan Strome D Erik Karlsson D Dylan Samberg G Clay Stevenson UTIL Alex Iafallo W Rickard Rakell W Alex Ovechkin W Bryan Rust,,,
552,5288361592,Ramblingamblingman,0,38.6,C Leo Carlsson C Dylan Larkin D Declan Carlile D Kaedan Korczak G Joey Daccord UTIL Alex Tuch W Cutter Gauthier W Jared McCann W Kent Johnson,,,
553,5288079708,FantasyCrusader,0,38.399998,C Dylan Larkin C Ilya Protas D Moritz Seider D Jackson LaCombe G John Gibson UTIL Ryan Leonard W Lucas Raymond W Viktor Arvidsson W Jordan Kyrou,,,
554,5288334484,ZombieAut0pilot,0,38.199997,C Leo Carlsson C Ben Kindel D Neal Pionk D Kaedan Korczak G Igor Shesterkin UTIL Cutter Gauthier W Kyle Connor W Cole Perfetti W Jordan Eberle,,,
555,5288108249,km1985,0,37.8,C Mark Scheifele C Mika Zibanejad D Erik Karlsson D Cole Hutson G Joey Daccord UTIL Matthew Knies W Kyle Connor W Cole Perfetti W Will Cuylle,,,
555,5288467804,gbuckner60,0,37.8,C Mika Zibanejad C Ben Kindel D Neal Pionk D Cole Hutson G Clay Stevenson UTIL Kyle Connor W Bryan Rust W Cole Perfetti W Matthew Knies,,,
557,5287975047,ksrock31,0,37.699997,C Leo Carlsson C Ben Kindel D Kris Letang D Sean Durzi G John Gibson UTIL Cole Perfetti W Alex DeBrincat W Bryan Rust W Tom Wilson,,,
558,5287921367,Fatlenny,0,36.899998,C Dylan Larkin C Pierre-Luc Dubois D Zach Werenski D Neal Pionk G John Gibson UTIL Sean Monahan W Alex Tuch W Lucas Raymond W Kent Johnson,,,
559,5287989063,66Pens,0,36.6,C Dylan Larkin C Pierre-Luc Dubois D Cole Hutson D Vladislav Gavrikov G John Gibson UTIL Bryan Rust W Cutter Gauthier W Kyle Connor W Nick Robertson,,,
560,5288434038,tripmmm41290,0,36.5,C Dylan Larkin C Pierre-Luc Dubois D Neal Pionk D Vladislav Gavrikov G Clay Stevenson UTIL Jared McCann W Kyle Connor W Alex Tuch W Matthew Knies,,,
561,5288422659,jasonlars13,0,36.399998,C Dylan Larkin C Mark Scheifele D Jackson LaCombe D Erik Gudbranson G John Gibson UTIL Declan Carlile W Kyle Connor W Cole Perfetti W Matthew Knies,,,
562,5287963500,rjjaxn,0,36.199997,C Sidney Crosby C Ben Kindel D Adam Fox D Cole Hutson G Joey Daccord UTIL Cutter Gauthier W Evgeni Malkin W Cole Perfetti W Kent Johnson,,,
563,5288233692,nibbish,0,35.9,C Leo Carlsson C Mark Scheifele D Jackson LaCombe D Neal Pionk G Joey Daccord UTIL Cole Hutson W Kyle Connor W Cole Perfetti W Will Cuylle,,,
564,5288192879,thegoodtk,0,35.699997,C Dylan Larkin C Pierre-Luc Dubois D Jakob Chychrun D Vladislav Gavrikov G Igor Shesterkin UTIL Leo Carlsson W Cutter Gauthier W Matthew Knies W Nick Robertson,,,
565,5288058578,paintgirl,0,35,C Mark Scheifele C Emmitt Finnie D Neal Pionk D Cole Hutson G Clay Stevenson UTIL Cole Perfetti W Kyle Connor W Alex DeBrincat W Gabriel Vilardi,,,
566,5288338390,DUI-Guy,0,34.800003,C Dylan Larkin C Adam Fantilli D Neal Pionk D Denton Mateychuk G John Gibson UTIL Mark Scheifele W Viktor Arvidsson W Cole Perfetti W Gabriel Vilardi,,,
567,5288365454,dhmo831,0,34.5,C Dylan Larkin C Mark Scheifele D Neal Pionk D Sean Durzi G John Gibson UTIL Kyle Connor W Viktor Arvidsson W Cole Perfetti W Gabe Perreault,,,
568,5288009783,cantafford,0,33.999996,C Dylan Larkin C Ben Kindel D Moritz Seider D Adam Fox G John Gibson UTIL Lucas Raymond W Alexis Lafreniere W Valeri Nichushkin W Gabe Perreault,,,
569,5288296892,luckie1710,0,33.8,C Mark Scheifele C Mika Zibanejad D Tristan Luneau D Neal Pionk G Clay Stevenson UTIL Viktor Arvidsson W Cole Perfetti W Alexis Lafreniere W Gabriel Vilardi,,,
570,5288288721,t1dolan,0,33.7,C Mika Zibanejad C Tommy Novak D Adam Fox D Declan Carlile G Clay Stevenson UTIL Alexis Lafreniere W Cutter Gauthier W Alex Ovechkin W Valeri Nichushkin,,,
571,5287996284,cpolleys,0,33.399998,C Leo Carlsson C Emmitt Finnie D Neal Pionk D Sean Durzi G Igor Shesterkin UTIL Cole Perfetti W Cutter Gauthier W Alex DeBrincat W Bobby McMann,,,
572,5287933254,smiffdub,0,32.600002,C Dylan Larkin C Mika Zibanejad D Jakob Chychrun D Cale Fleury G Clay Stevenson UTIL Ben Kindel W Beckett Sennecke W Jared McCann W Matthew Knies,,,
573,5288496157,ghendyjr,0,32.399998,C Mark Scheifele C Mika Zibanejad D Adam Fox D Neal Pionk G Clay Stevenson UTIL Jordan Eberle W Kyle Connor W Gabriel Vilardi W Gabe Perreault,,,
574,5287991388,thebebop,0,32.1,C Leo Carlsson C Dylan Larkin D Neal Pionk D Kaedan Korczak G John Gibson UTIL Gabe Perreault W Cutter Gauthier W Viktor Arvidsson W Alexis Lafreniere,,,
575,5287994563,partymole,0,31.299997,C Mika Zibanejad C Ben Kindel D Neal Pionk D Cole Hutson G Clay Stevenson UTIL Moritz Seider W Alex Tuch W Viktor Arvidsson W Cole Perfetti,,,
575,5288066857,xerxes1981,0,31.299997,C Tommy Novak C Pierre-Luc Dubois D Neal Pionk D Dylan Samberg G Clay Stevenson UTIL Kyle Connor W Cutter Gauthier W Alex Tuch W Cole Perfetti,,,
577,5288235575,UFCMatt,0,31,C Leo Carlsson C Dylan Larkin D Moritz Seider D Travis Mitchell G John Gibson UTIL Emmitt Finnie W Alex DeBrincat W Alexis Lafreniere W A.J. Greer,,,
578,5288352462,efowle15,0,29.499998,C Sidney Crosby C Ben Kindel D Neal Pionk D Cole Hutson G Clay Stevenson UTIL Alex DeBrincat W Rickard Rakell W Lucas Raymond W Hendrix Lapierre,,,
579,5288287155,btbpitt71,0,29.199997,C Mark Scheifele C Adam Fantilli D Neal Pionk D Kris Letang G John Gibson UTIL Gabriel Vilardi W Kyle Connor W Cole Perfetti W Kent Johnson,,,
579,5288463545,Bigzyw,0,29.199997,C Mark Scheifele C Charlie Coyle D Tristan Luneau D Neal Pionk G John Gibson UTIL Nikita Klepov W Cutter Gauthier W Kyle Connor W Cole Perfetti,,,
581,5288248141,Dynistee,0,28.7,C Dylan Larkin C Mark Scheifele D Moritz Seider D Neal Pionk G John Gibson UTIL J.T. Miller W Viktor Arvidsson W Cole Perfetti W Oliver Bjorkstrand,,,
582,5288173859,SeanAtom1c,0,28.199997,C Dylan Larkin C Mark Scheifele D Neal Pionk D Sean Durzi G John Gibson UTIL Emmitt Finnie W Kyle Connor W Lucas Raymond W Cole Perfetti,,,
583,5288510825,jfrey80,0,26.599997,C Mark Scheifele C Mika Zibanejad D Tristan Luneau D Neal Pionk G Clay Stevenson UTIL Morgan Barron W Kyle Connor W Cole Perfetti W Gabriel Vilardi,,,
584,5287937381,epot,0,25.399998,C Leo Carlsson C Mark Scheifele D Jackson LaCombe D Neal Pionk G John Gibson UTIL Emmitt Finnie W Kyle Connor W Cole Perfetti W Nick Robertson,,,
585,5287883694,Cfw828,0,0,,,,
585,5287966297,rehillj,0,0,,,,
585,5287975262,Caesar88,0,0,,,,
585,5288197765,jchab87,0,0,,,,
585,5288284338,JJslugger,0,0,,,,
585,5288307611,gales98,0,0,,,,
585,5288403318,aumni,0,0,,,,
585,5288445728,nathanb977,0,0,,,,
585,5288499967,expostulate,0,0,,,,
585,5288504930,aldzwon,0,0,,,,
