Rank,EntryId,EntryName,TimeRemaining,Points,Lineup,,Player,Roster Position,%Drafted,FPTS
1,5279355918,bell267ben,0,152.3,1B Jonathan Aranda 2B Richie Palacios 3B Max Muncy C Liam Hicks OF Kyle Tucker OF Teoscar Hernandez OF Andy Pages P Drew Rasmussen P Tarik Skubal SS Cooper Pratt,,Jacob Misiorowski,P,56.86%,14
2,5279810337,srwildman,0,146.85,1B Matt Olson 2B Tommy Edman 3B Max Muncy C Sean Murphy OF Jackson Chourio OF Kyle Tucker OF Teoscar Hernandez P Drew Rasmussen P Gerrit Cole SS Cooper Pratt,,Parker Messick,P,39.01%,14.15
3,5279559251,JSB31,0,140.35,1B Freddie Freeman 2B Ozzie Albies 3B Max Muncy C Will Smith OF Kyle Tucker OF Teoscar Hernandez OF Steven Kwan P Drew Rasmussen P Parker Messick SS Cooper Pratt,,Tarik Skubal,P,36.22%,27.1
4,5278586134,Adebisi44,0,140.3,1B Jonathan Aranda 2B Travis Bazzana 3B Junior Caminero C Liam Hicks OF Jackson Chourio OF Kyle Tucker OF Teoscar Hernandez P Tarik Skubal P Hagen Smith SS Colson Montgomery,,Drew Rasmussen,P,33.54%,40.2
5,5279793391,BEARATTACK,0,137.85,1B Munetaka Murakami 2B Ozzie Albies 3B Miguel Vargas C William Contreras OF Jackson Chourio OF Randal Grichuk OF Mauricio Dubon P Drew Rasmussen P Gerrit Cole SS Ha-Seong Kim,,Will Smith,C,31.99%,0
6,5279677315,pipolechap,0,134.35,1B Matt Olson 2B Richie Palacios 3B Max Muncy C William Contreras OF Jackson Chourio OF Teoscar Hernandez OF Dustin Harris P Drew Rasmussen P Parker Messick SS Cooper Pratt,,Jo Adell,OF,26.93%,0
7,5279282904,MAA11,0,132.35,1B Yandy Diaz 2B Richie Palacios 3B Max Muncy C William Contreras OF Jackson Chourio OF Kyle Tucker OF Chandler Simpson P Drew Rasmussen P Parker Messick SS Cooper Pratt,,Jose Ramirez,3B,26.52%,2
8,5279712999,DaBanker,0,131.35,1B Shohei Ohtani 2B Ozzie Albies 3B Max Muncy C Sean Murphy OF Kyle Tucker OF Andy Pages OF Tommy Edman P Drew Rasmussen P Parker Messick SS Mauricio Dubon,,George Lombard Jr.,SS,25.70%,0
9,5278960787,nycgator12,0,130.35,1B Munetaka Murakami 2B Tommy Edman 3B Junior Caminero C Sean Murphy OF Kyle Tucker OF Victor Mesa Jr. OF Trent Grisham P Drew Rasmussen P Parker Messick SS Colson Montgomery,,Andy Pages,OF,23.84%,0
9,5279800254,gmoney1001,0,130.35,1B Jonathan Aranda 2B Richie Palacios 3B Jose Ramirez C William Contreras OF Jackson Chourio OF Teoscar Hernandez OF Jo Adell P Drew Rasmussen P Parker Messick SS Mauricio Dubon,,Jackson Chourio,OF,22.70%,16
11,5278756681,Dunn36,0,128.2,1B Munetaka Murakami 2B Ozzie Albies 3B Colson Montgomery C Kyle Teel OF Teoscar Hernandez OF Randal Grichuk OF Brenton Doyle P Jacob Misiorowski P Drew Rasmussen SS Brayan Rocchio,,Steven Kwan,OF,22.60%,2
12,5279146018,morgantsudduth,0,127.299995,1B Yandy Diaz 2B Jake Cronenworth 3B Ryan McMahon C William Contreras OF Jackson Chourio OF Teoscar Hernandez OF Angel Martinez P Drew Rasmussen P Tarik Skubal SS Mauricio Dubon,,Gerrit Cole,P,20.23%,15.65
13,5279714158,FurrShizzle,0,127.2,1B Jake Bauers 2B Ozzie Albies 3B Joey Ortiz C Sean Murphy OF Jackson Chourio OF Christian Yelich OF Garrett Mitchell P Jacob Misiorowski P Drew Rasmussen SS Mauricio Dubon,,Max Muncy,3B,20.12%,14
14,5279106393,CHIBULLS,0,126.399994,1B Munetaka Murakami 2B Chase Meidroth 3B Miguel Vargas C Kyle Teel OF Jackson Chourio OF Teoscar Hernandez OF Randal Grichuk P Drew Rasmussen P Hagen Smith SS Mookie Betts,,Chase Meidroth,2B,20.02%,0
15,5279034001,Hibbs1975,0,126.35,1B Yandy Diaz 2B Ozzie Albies 3B Jose Ramirez C Will Smith OF Kyle Tucker OF Teoscar Hernandez OF Steven Kwan P Drew Rasmussen P Parker Messick SS Brayan Rocchio,,Cooper Pratt,SS,19.92%,0
16,5279419120,Stapez,0,126.299995,1B Ty France 2B Travis Bazzana 3B Max Muncy C Liam Hicks OF Kyle Tucker OF Tommy Edman OF Jo Adell P Drew Rasmussen P Tarik Skubal SS Brayan Rocchio,,Jonathan Aranda,1B,17.23%,14
16,5279482211,UsernameTake,0,126.299995,1B Jonathan Aranda 2B Fernando Tatis Jr. 3B Ryan McMahon C William Contreras OF Jackson Chourio OF Dustin Harris OF Luis Lara P Drew Rasmussen P Tarik Skubal SS George Lombard Jr.,,Brayan Rocchio,SS,16.41%,2
16,5279742786,richgee21,0,126.299995,1B Jonathan Aranda 2B Chase Meidroth 3B Max Muncy C Liam Hicks OF Kyle Tucker OF Angel Martinez OF Randal Grichuk P Drew Rasmussen P Tarik Skubal SS Cooper Pratt,,Richie Palacios,2B,15.79%,5
19,5279689011,Timnorwood,0,125.299995,1B Jonathan Aranda 2B Travis Bazzana 3B Max Muncy C William Contreras OF Chase DeLauter OF Steven Kwan OF Tommy Pham P Drew Rasmussen P Tarik Skubal SS Mookie Betts,,Kyle Tucker,OF,15.69%,24
20,5279530559,mollyballs,0,124.25,1B David Fry 2B Travis Bazzana 3B Max Muncy C Sean Murphy OF Kyle Tucker OF Teoscar Hernandez OF Andy Pages P Parker Messick P Tarik Skubal SS Mookie Betts,,Chase DeLauter,OF,15.69%,0
21,5278440808,jdub.14,0,124.2,1B Jonathan Aranda 2B Richie Palacios 3B Jose Ramirez C Will Smith OF Kyle Tucker OF Teoscar Hernandez OF Steven Kwan P Jacob Misiorowski P Drew Rasmussen SS Ha-Seong Kim,,Travis Bazzana,2B,15.69%,5
21,5279414065,bigjay1239,0,124.2,1B Jonathan Aranda 2B Richie Palacios 3B Jose Ramirez C Will Smith OF Kyle Tucker OF Teoscar Hernandez OF Steven Kwan P Jacob Misiorowski P Drew Rasmussen SS Ha-Seong Kim,,Tommy Edman,2B,15.27%,2
21,5279503499,Woods24,0,124.2,1B Jonathan Aranda 2B Richie Palacios 3B Jose Ramirez C Will Smith OF Kyle Tucker OF Teoscar Hernandez OF Steven Kwan P Jacob Misiorowski P Drew Rasmussen SS Ha-Seong Kim,,Ozzie Albies,2B,15.07%,18
21,5279517261,hizzy4shizzy,0,124.2,1B Jonathan Aranda 2B Richie Palacios 3B Jose Ramirez C Will Smith OF Kyle Tucker OF Teoscar Hernandez OF Steven Kwan P Jacob Misiorowski P Drew Rasmussen SS Ha-Seong Kim,,Teoscar Hernandez,OF,14.34%,21
21,5279558795,logan956,0,124.2,1B Jonathan Aranda 2B Richie Palacios 3B Jose Ramirez C Will Smith OF Kyle Tucker OF Teoscar Hernandez OF Steven Kwan P Jacob Misiorowski P Drew Rasmussen SS Ha-Seong Kim,,Chandler Simpson,OF,14.24%,0
21,5279715383,LOKIMAN,0,124.2,1B Jonathan Aranda 2B Richie Palacios 3B Jose Ramirez C Will Smith OF Kyle Tucker OF Teoscar Hernandez OF Steven Kwan P Jacob Misiorowski P Drew Rasmussen SS Ha-Seong Kim,,Freddie Freeman,1B,14.04%,7
21,5279776584,sweeptheleg,0,124.2,1B Jonathan Aranda 2B Richie Palacios 3B Jose Ramirez C Will Smith OF Kyle Tucker OF Teoscar Hernandez OF Steven Kwan P Jacob Misiorowski P Drew Rasmussen SS Ha-Seong Kim,,David Fry,1B,13.11%,0
21,5279781671,Handcuff2006,0,124.2,1B Jonathan Aranda 2B Richie Palacios 3B Jose Ramirez C Will Smith OF Kyle Tucker OF Teoscar Hernandez OF Steven Kwan P Jacob Misiorowski P Drew Rasmussen SS Ha-Seong Kim,,Yandy Diaz,1B,12.18%,3
21,5279790809,BrewCityGillz,0,124.2,1B Jonathan Aranda 2B Richie Palacios 3B Jose Ramirez C Will Smith OF Kyle Tucker OF Teoscar Hernandez OF Steven Kwan P Jacob Misiorowski P Drew Rasmussen SS Ha-Seong Kim,,William Contreras,C,11.87%,16
30,5279802130,maleki400,0,123.35,1B Freddie Freeman 2B Ozzie Albies 3B Max Muncy C Will Smith OF Ronald Acuna Jr. OF Teoscar Hernandez OF Tommy Edman P Drew Rasmussen P Parker Messick SS Ha-Seong Kim,,Cody Bellinger,OF,11.66%,0
31,5278517989,louba5,0,122.35,1B Jonathan Aranda 2B Tommy Edman 3B Austin Riley C Will Smith OF Kyle Tucker OF Teoscar Hernandez OF Mauricio Dubon P Drew Rasmussen P Parker Messick SS Mookie Betts,,Randal Grichuk,OF,11.56%,0
32,5279560647,Stanver,0,122.299995,1B Gavin Sheets 2B Chase Meidroth 3B Miguel Vargas C Liam Hicks OF Kyle Tucker OF Andy Pages OF Dustin Harris P Drew Rasmussen P Tarik Skubal SS Xander Bogaerts,,Mookie Betts,SS,11.46%,5
33,5279642801,blongnecker,0,121.35,1B Jonathan Aranda 2B Tommy Edman 3B Max Muncy C Will Smith OF Jackson Chourio OF Teoscar Hernandez OF Andy Pages P Drew Rasmussen P Parker Messick SS George Lombard Jr.,,Liam Hicks,C,10.73%,7
34,5278976715,johnnyobach,0,120.75,1B Jake Bauers 2B Ozzie Albies 3B Colson Montgomery C Liam Hicks OF Jackson Chourio OF Garrett Mitchell OF Trent Grisham P Gerrit Cole P Tarik Skubal SS Xander Bogaerts,,Yandy Diaz,3B,9.80%,3
35,5279213670,6DaWg2010,0,120.299995,1B Freddie Freeman 2B Richie Palacios 3B Max Muncy C Will Smith OF Kyle Tucker OF Victor Mesa Jr. OF Cedric Mullins P Drew Rasmussen P Tarik Skubal SS Cooper Pratt,,Austin Wells,C,9.60%,5
36,5279275879,AuburnFanMB,0,119.299995,1B Jonathan Aranda 2B Ozzie Albies 3B Yandy Diaz C Liam Hicks OF Victor Mesa Jr. OF Randal Grichuk OF Tommy Pham P Drew Rasmussen P Tarik Skubal SS Mookie Betts,,Mauricio Dubon,SS,8.57%,2
37,5278582173,MileHighMadman,0,119.2,1B Nathaniel Lowe 2B Travis Bazzana 3B Jose Ramirez C William Contreras OF Teoscar Hernandez OF Garrett Mitchell OF Luis Lara P Jacob Misiorowski P Drew Rasmussen SS Cooper Pratt,,Angel Martinez,OF,8.46%,0
38,5279615933,gorillabiscuit,0,118.399994,1B Freddie Freeman 2B Richie Palacios 3B Junior Caminero C Will Smith OF Kyle Tucker OF Teoscar Hernandez OF Chandler Simpson P Drew Rasmussen P Hagen Smith SS Mookie Betts,,Austin Riley,3B,8.26%,0
39,5279804302,TRGRenegades,0,118.2,1B Jonathan Aranda 2B Richie Palacios 3B Colson Montgomery C William Contreras OF Jackson Chourio OF Victor Mesa Jr. OF Chandler Simpson P Jacob Misiorowski P Drew Rasmussen SS Cooper Pratt,,Ryan McMahon,3B,8.05%,0
40,5279565683,AllieC22,0,117.85,1B Matt Olson 2B Ozzie Albies 3B Austin Riley C William Contreras OF Jackson Chourio OF Michael Harris II OF Garrett Mitchell P Drew Rasmussen P Gerrit Cole SS Cooper Pratt,,Tommy Pham,OF,8.05%,2
41,5279368658,colbyhornet,0,117.35,1B Shohei Ohtani 2B Ozzie Albies 3B Max Muncy C Drake Baldwin OF Teoscar Hernandez OF Michael Harris II OF Mauricio Dubon P Drew Rasmussen P Parker Messick SS Ha-Seong Kim,,Jake Bauers,1B,7.95%,8
41,5279485576,dlpwaldo,0,117.35,1B Freddie Freeman 2B Ozzie Albies 3B Yandy Diaz C William Contreras OF Jackson Chourio OF Victor Mesa Jr. OF Chandler Simpson P Drew Rasmussen P Parker Messick SS Taylor Walls,,Austin Hedges,C,7.84%,2
41,5279684341,azbarley,0,117.35,1B Jonathan Aranda 2B Travis Bazzana 3B Jose Ramirez C Will Smith OF Jackson Chourio OF Kyle Tucker OF Steven Kwan P Drew Rasmussen P Parker Messick SS Cooper Pratt,,Spencer Jones,OF,7.84%,0
44,5278531542,kylehaeussler,0,117.299995,1B Jake Bauers 2B Richie Palacios 3B Yandy Diaz C William Contreras OF Jackson Chourio OF Jonny DeLuca OF Luis Lara P Drew Rasmussen P Tarik Skubal SS Cooper Pratt,,Michael Harris II,OF,7.74%,0
44,5279389777,Stigger_19,0,117.299995,1B David Fry 2B Tommy Edman 3B Miguel Vargas C William Contreras OF Teoscar Hernandez OF Angel Martinez OF Jo Adell P Drew Rasmussen P Tarik Skubal SS Mauricio Dubon,,Ronald Acuna Jr.,OF,7.74%,5
44,5279576066,JcClark18,0,117.299995,1B Jonathan Aranda 2B Fernando Tatis Jr. 3B Manny Machado C Ethan Salas OF Victor Mesa Jr. OF Randal Grichuk OF Dustin Harris P Drew Rasmussen P Tarik Skubal SS Xander Bogaerts,,Ben Rice,C,7.43%,2
44,5279653040,smartin417,0,117.299995,1B Jonathan Aranda 2B Tommy Edman 3B Austin Riley C William Contreras OF Jackson Chourio OF Jackson Merrill OF Luis Lara P Drew Rasmussen P Tarik Skubal SS George Lombard Jr.,,Shohei Ohtani,OF,7.43%,3
44,5279782290,rickmogolf44,0,117.299995,1B Munetaka Murakami 2B Travis Bazzana 3B Yandy Diaz C Austin Wells OF Jackson Chourio OF Chase DeLauter OF Jo Adell P Drew Rasmussen P Tarik Skubal SS Brayan Rocchio,,Christian Yelich,OF,7.43%,3
49,5279527455,Dooch,0,116.299995,1B Jonathan Aranda 2B Chase Meidroth 3B Jose Ramirez C Liam Hicks OF Kyle Tucker OF Jo Adell OF Chandler Simpson P Drew Rasmussen P Tarik Skubal SS Brayan Rocchio,,Trent Grisham,OF,7.22%,0
50,5279491518,soxf4n,0,116.2,1B Jake Bauers 2B Ozzie Albies 3B Max Muncy C Will Smith OF Jackson Chourio OF Steven Kwan OF Tommy Pham P Jacob Misiorowski P Drew Rasmussen SS Ha-Seong Kim,,Jazz Chisholm Jr.,2B,7.12%,7
51,5279496362,jordanh415,0,115.35,1B Jonathan Aranda 2B Travis Bazzana 3B Jose Ramirez C Gary Sanchez OF Jackson Chourio OF Kyle Tucker OF Chase DeLauter P Drew Rasmussen P Parker Messick SS Cooper Pratt,,Robbie Ray,P,7.02%,0.4
51,5279513308,SmoothButta2786,0,115.35,1B Yandy Diaz 2B Ozzie Albies 3B Max Muncy C Liam Hicks OF Jackson Chourio OF Andy Pages OF Christian Yelich P Drew Rasmussen P Parker Messick SS George Lombard Jr.,,Victor Mesa Jr.,OF,6.71%,3
53,5279392545,FantasySavant,0,115.2,1B Freddie Freeman 2B Jake Cronenworth 3B Ryan McMahon C Austin Wells OF Jackson Chourio OF Kyle Tucker OF Andy Pages P Jacob Misiorowski P Drew Rasmussen SS Xander Bogaerts,,Ben Rice,1B,6.60%,2
53,5279646206,Clearwax710,0,115.2,1B Yandy Diaz 2B Ozzie Albies 3B Austin Riley C Sean Murphy OF Jackson Chourio OF Ronald Acuna Jr. OF Victor Mesa Jr. P Jacob Misiorowski P Drew Rasmussen SS Ha-Seong Kim,,Kyle Teel,C,6.50%,4
55,5278628068,princesssnowball,0,114.35,1B Matt Olson 2B Tommy Edman 3B Max Muncy C William Contreras OF Kyle Tucker OF Andy Pages OF Mauricio Dubon P Drew Rasmussen P Parker Messick SS Brayan Rocchio,,Shohei Ohtani,1B,6.30%,3
55,5279757450,Bears214,0,114.35,1B Jonathan Aranda 2B Richie Palacios 3B Junior Caminero C William Contreras OF Jackson Chourio OF Victor Mesa Jr. OF Jo Adell P Drew Rasmussen P Parker Messick SS Mauricio Dubon,,Tommy Edman,OF,6.19%,2
57,5279320965,srgttsb,0,114.299995,1B Freddie Freeman 2B Richie Palacios 3B Max Muncy C Will Smith OF Teoscar Hernandez OF Andy Pages OF Chandler Simpson P Drew Rasmussen P Tarik Skubal SS Taylor Walls,,Matt Olson,1B,5.99%,0
57,5279697656,fatboys98,0,114.299995,1B Munetaka Murakami 2B Travis Bazzana 3B Yandy Diaz C Kyle Teel OF Jackson Chourio OF Jo Adell OF Braden Montgomery P Drew Rasmussen P Tarik Skubal SS George Lombard Jr.,,Junior Caminero,3B,5.99%,4
57,5279807389,KennyPowers34,0,114.299995,1B Jonathan Aranda 2B Chase Meidroth 3B Max Muncy C Will Smith OF Jackson Chourio OF Victor Mesa Jr. OF Brenton Doyle P Drew Rasmussen P Tarik Skubal SS Cooper Pratt,,Jackson Merrill,OF,5.88%,0
60,5279424810,dcprior2000,0,114.25,1B Freddie Freeman 2B Richie Palacios 3B Max Muncy C Will Smith OF Kyle Tucker OF Teoscar Hernandez OF Steven Kwan P Parker Messick P Tarik Skubal SS George Lombard Jr.,,Brenton Doyle,OF,5.68%,0
61,5278974225,SgtPutter,0,113.35,1B Ben Rice 2B Richie Palacios 3B Austin Riley C Austin Wells OF Jackson Chourio OF Ronald Acuna Jr. OF Kyle Tucker P Drew Rasmussen P Parker Messick SS Brayan Rocchio,,Luis Garcia Jr.,1B,5.26%,0
62,5279406956,luckyyou208,0,113.299995,1B Jake Bauers 2B Jazz Chisholm Jr. 3B Joey Ortiz C William Contreras OF Cody Bellinger OF Christian Yelich OF Garrett Mitchell P Drew Rasmussen P Tarik Skubal SS George Lombard Jr.,,Xander Bogaerts,SS,5.06%,7
63,5278628822,brownbsr,0,112.399994,1B Freddie Freeman 2B Ozzie Albies 3B Yandy Diaz C Will Smith OF Shohei Ohtani OF Kyle Tucker OF Randal Grichuk P Drew Rasmussen P Hagen Smith SS Mookie Betts,,Luis Lara,OF,4.95%,2
64,5279202491,cutsofmeat257,0,112.35,1B Jonathan Aranda 2B Ozzie Albies 3B Austin Riley C William Contreras OF Fernando Tatis Jr. OF Jackson Merrill OF Jo Adell P Drew Rasmussen P Parker Messick SS Xander Bogaerts,,Miguel Vargas,3B,4.75%,9
64,5279263332,SpeedRacer101,0,112.35,1B Ty France 2B Ozzie Albies 3B Austin Riley C Sean Murphy OF Fernando Tatis Jr. OF Jackson Chourio OF Michael Harris II P Drew Rasmussen P Parker Messick SS Mauricio Dubon,,Fernando Tatis Jr.,OF,4.54%,3
64,5279363346,snc4562,0,112.35,1B Jonathan Aranda 2B Travis Bazzana 3B Jose Ramirez C William Contreras OF Jackson Chourio OF Chase DeLauter OF Victor Mesa Jr. P Drew Rasmussen P Parker Messick SS Brayan Rocchio,,Braden Montgomery,OF,4.54%,0
64,5279390365,ripking,0,112.35,1B Jake Bauers 2B Jake Cronenworth 3B Max Muncy C William Contreras OF Jackson Chourio OF Andy Pages OF Jo Adell P Drew Rasmussen P Parker Messick SS Brayan Rocchio,,Colson Montgomery,SS,4.44%,10
68,5279271242,LOCNOTM,0,112.299995,1B Jake Bauers 2B Tommy Edman 3B Max Muncy C Will Smith OF Teoscar Hernandez OF Andy Pages OF Chandler Simpson P Drew Rasmussen P Tarik Skubal SS Taylor Walls,,Drake Baldwin,C,4.44%,3
68,5279398539,Roufio,0,112.299995,1B Yandy Diaz 2B Tommy Edman 3B Max Muncy C Will Smith OF Kyle Tucker OF Andy Pages OF Tommy Pham P Drew Rasmussen P Tarik Skubal SS Cooper Pratt,,Munetaka Murakami,1B,4.23%,19
70,5279602901,ccrider729,0,112.2,1B Jonathan Aranda 2B Richie Palacios 3B Max Muncy C Liam Hicks OF Jackson Chourio OF Randal Grichuk OF Steven Kwan P Jacob Misiorowski P Drew Rasmussen SS Cooper Pratt,,Brice Turang,2B,4.13%,7
70,5279813216,toeknee4787,0,112.2,1B Jake Bauers 2B Ozzie Albies 3B Jose Ramirez C William Contreras OF Jo Adell OF Steven Kwan OF Tommy Pham P Jacob Misiorowski P Drew Rasmussen SS Colson Montgomery,,Joey Ortiz,3B,3.92%,0
72,5279629586,jbhguru77,0,111.35,1B Yandy Diaz 2B Travis Bazzana 3B Jose Ramirez C Will Smith OF Kyle Tucker OF Teoscar Hernandez OF Chase DeLauter P Drew Rasmussen P Parker Messick SS Brayan Rocchio,,Ha-Seong Kim,SS,3.51%,2
73,5279149477,retirefast,0,111.299995,1B Ty France 2B Chase Meidroth 3B Colson Montgomery C Kyle Teel OF Jackson Chourio OF Andy Pages OF Steven Kwan P Drew Rasmussen P Tarik Skubal SS Xander Bogaerts,,Jonny DeLuca,OF,3.51%,0
73,5279172192,blozano9,0,111.299995,1B Yandy Diaz 2B Richie Palacios 3B Junior Caminero C Liam Hicks OF Teoscar Hernandez OF Tommy Edman OF Luis Lara P Drew Rasmussen P Tarik Skubal SS Cooper Pratt,,Garrett Mitchell,OF,3.20%,12
75,5279473686,Easymoneyty13,0,111.2,1B Jonathan Aranda 2B Richie Palacios 3B Max Muncy C Will Smith OF Kyle Tucker OF Andy Pages OF Chandler Simpson P Jacob Misiorowski P Drew Rasmussen SS Taylor Walls,,Taylor Walls,SS,3.20%,0
76,5279094455,sboynton10,0,110.2,1B Jonathan Aranda 2B Tommy Edman 3B Max Muncy C Will Smith OF Kyle Tucker OF Andy Pages OF Chandler Simpson P Jacob Misiorowski P Drew Rasmussen SS Ha-Seong Kim,,Jake Cronenworth,3B,3.10%,2
77,5278717170,slicksid27,0,109.75,1B Jake Bauers 2B Jazz Chisholm Jr. 3B Jose Ramirez C Austin Wells OF Kyle Tucker OF Teoscar Hernandez OF Andy Pages P Gerrit Cole P Tarik Skubal SS Cooper Pratt,,Sean Murphy,C,2.99%,14
78,5279782462,ciaranhanleyuk,0,109.299995,1B David Fry 2B Jake Cronenworth 3B Max Muncy C Will Smith OF Teoscar Hernandez OF Chase DeLauter OF Jo Adell P Drew Rasmussen P Tarik Skubal SS Mookie Betts,,Ty France,1B,2.89%,5
79,5279137783,oldfoozer,0,109.2,1B Yandy Diaz 2B Chase Meidroth 3B Austin Riley C William Contreras OF Teoscar Hernandez OF Victor Mesa Jr. OF Tommy Pham P Jacob Misiorowski P Drew Rasmussen SS Colson Montgomery,,Manny Machado,3B,2.58%,10
80,5279553224,JRBucks34,0,109.15,1B David Fry 2B Ozzie Albies 3B Max Muncy C Will Smith OF Kyle Tucker OF Teoscar Hernandez OF Steven Kwan P Jacob Misiorowski P Parker Messick SS Mauricio Dubon,,Jake Cronenworth,2B,2.58%,2
80,5279590961,baw32,0,109.15,1B David Fry 2B Ozzie Albies 3B Max Muncy C Will Smith OF Kyle Tucker OF Teoscar Hernandez OF Steven Kwan P Jacob Misiorowski P Parker Messick SS Mauricio Dubon,,Hagen Smith,P,2.58%,12.2
80,5279599798,pandaBEAR83,0,109.15,1B David Fry 2B Ozzie Albies 3B Max Muncy C Will Smith OF Kyle Tucker OF Teoscar Hernandez OF Steven Kwan P Jacob Misiorowski P Parker Messick SS Mauricio Dubon,,Mauricio Dubon,OF,2.06%,2
80,5279719035,MambaMentality4Life,0,109.15,1B David Fry 2B Ozzie Albies 3B Max Muncy C Will Smith OF Kyle Tucker OF Teoscar Hernandez OF Steven Kwan P Jacob Misiorowski P Parker Messick SS Mauricio Dubon,,Fernando Tatis Jr.,2B,2.06%,3
80,5279766833,UWAlums03,0,109.15,1B David Fry 2B Ozzie Albies 3B Max Muncy C Will Smith OF Kyle Tucker OF Teoscar Hernandez OF Steven Kwan P Jacob Misiorowski P Parker Messick SS Mauricio Dubon,,David Sandlin,P,1.96%,0
80,5279783708,scrub69,0,109.15,1B David Fry 2B Ozzie Albies 3B Max Muncy C Will Smith OF Kyle Tucker OF Teoscar Hernandez OF Steven Kwan P Jacob Misiorowski P Parker Messick SS Mauricio Dubon,,Josue De Paula,OF,1.96%,0
80,5279811290,statistical_genius,0,109.15,1B David Fry 2B Ozzie Albies 3B Max Muncy C Will Smith OF Kyle Tucker OF Teoscar Hernandez OF Steven Kwan P Jacob Misiorowski P Parker Messick SS Mauricio Dubon,,Dustin Harris,OF,1.86%,8
87,5279275552,seiferidjosh80,0,108.35,1B Freddie Freeman 2B Brice Turang 3B Max Muncy C William Contreras OF Andy Pages OF Dustin Harris OF Luis Lara P Drew Rasmussen P Parker Messick SS Cooper Pratt,,Gary Sanchez,C,1.75%,0
88,5278605164,samsquamsh,0,108.299995,1B Jonathan Aranda 2B Richie Palacios 3B Yandy Diaz C Will Smith OF Jackson Chourio OF Andy Pages OF Victor Mesa Jr. P Drew Rasmussen P Tarik Skubal SS Cooper Pratt,,Luis Campusano,C,1.65%,7
88,5279760888,bigpoppabear00,0,108.299995,1B Jake Bauers 2B Richie Palacios 3B Yandy Diaz C Kyle Teel OF Jackson Chourio OF Christian Yelich OF Randal Grichuk P Drew Rasmussen P Tarik Skubal SS Brayan Rocchio,,Nathaniel Lowe,1B,1.55%,7
90,5279395129,sugewhite41,0,108.2,1B Jonathan Aranda 2B Tommy Edman 3B Max Muncy C Will Smith OF Kyle Tucker OF Jo Adell OF Chandler Simpson P Jacob Misiorowski P Drew Rasmussen SS Taylor Walls,,Ethan Salas,C,1.34%,5
91,5279025009,hightopsfeet,0,108.1,1B Jonathan Aranda 2B Ozzie Albies 3B Jake Cronenworth C Liam Hicks OF Kyle Tucker OF Trent Grisham OF Spencer Jones P Jacob Misiorowski P Tarik Skubal SS Mauricio Dubon,,Gavin Sheets,1B,1.14%,0
92,5279296947,Papia27,0,107.85,1B Jake Bauers 2B Brice Turang 3B Austin Riley C Luis Campusano OF Jackson Chourio OF Chase DeLauter OF Garrett Mitchell P Drew Rasmussen P Gerrit Cole SS Brayan Rocchio,,Joey Ortiz,SS,1.03%,0
92,5279491966,Bazoinkles,0,107.85,1B Shohei Ohtani 2B Ozzie Albies 3B Austin Riley C Will Smith OF Ronald Acuna Jr. OF Kyle Tucker OF Jo Adell P Drew Rasmussen P Gerrit Cole SS Ha-Seong Kim,,JR Ritchie,P,1.03%,0
92,5279586647,joesboy12,0,107.85,1B Munetaka Murakami 2B Chase Meidroth 3B Miguel Vargas C Ethan Salas OF Jackson Chourio OF Christian Yelich OF Randal Grichuk P Drew Rasmussen P Gerrit Cole SS George Lombard Jr.,,Cedric Mullins,OF,0.93%,0
95,5278855348,MacHighlander89,0,107.65,1B Freddie Freeman 2B Ozzie Albies 3B Max Muncy C Sean Murphy OF Teoscar Hernandez OF Andy Pages OF Tommy Edman P Jacob Misiorowski P Gerrit Cole SS Mauricio Dubon,,Andrew Benintendi,OF,0.83%,0
96,5279385907,JudgeDogg,0,107.35,1B Jonathan Aranda 2B Ozzie Albies 3B Junior Caminero C Liam Hicks OF Ronald Acuna Jr. OF Victor Mesa Jr. OF Chandler Simpson P Drew Rasmussen P Parker Messick SS Brayan Rocchio,,Patrick Bailey,C,0.72%,3
96,5279599757,alimorales_k9,0,107.35,1B Jonathan Aranda 2B Richie Palacios 3B Yandy Diaz C Liam Hicks OF Jackson Chourio OF Victor Mesa Jr. OF Jo Adell P Drew Rasmussen P Parker Messick SS Mookie Betts,,Gavin Sheets,OF,0.72%,0
96,5279800979,Ddeane17,0,107.35,1B Jake Bauers 2B Travis Bazzana 3B Yandy Diaz C William Contreras OF Jackson Chourio OF Christian Yelich OF Steven Kwan P Drew Rasmussen P Parker Messick SS Cooper Pratt,,Kike Hernandez,3B,0.72%,0
99,5279738549,Hec223,0,107.299995,1B Freddie Freeman 2B Richie Palacios 3B Jake Cronenworth C Will Smith OF Shohei Ohtani OF Teoscar Hernandez OF Chandler Simpson P Drew Rasmussen P Tarik Skubal SS Ha-Seong Kim,,Sam Antonacci,OF,0.62%,0
99,5279757695,drobles123,0,107.299995,1B Jonathan Aranda 2B Chase Meidroth 3B Yandy Diaz C Drake Baldwin OF Jackson Merrill OF Tommy Edman OF Dustin Harris P Drew Rasmussen P Tarik Skubal SS Colson Montgomery,,Paul Goldschmidt,1B,0.52%,0
101,5278752893,JBS4179,0,107.2,1B Jonathan Aranda 2B Richie Palacios 3B Junior Caminero C William Contreras OF Garrett Mitchell OF Luis Lara OF Gavin Sheets P Jacob Misiorowski P Drew Rasmussen SS Taylor Walls,,Jose Caballero,3B,0.52%,0
101,5278884258,KenyanDrake,0,107.2,1B Matt Olson 2B Ozzie Albies 3B Joey Ortiz C Sean Murphy OF Jackson Chourio OF Ronald Acuna Jr. OF Mike Yastrzemski P Jacob Misiorowski P Drew Rasmussen SS Cooper Pratt,,David Hamilton,3B,0.52%,0
101,5279299862,bookert21,0,107.2,1B Jonathan Aranda 2B Ozzie Albies 3B Max Muncy C Will Smith OF Shohei Ohtani OF Chandler Simpson OF Tommy Pham P Jacob Misiorowski P Drew Rasmussen SS Ha-Seong Kim,,David Hamilton,2B,0.41%,0
101,5279588383,Rotty010,0,107.2,1B Jonathan Aranda 2B Tommy Edman 3B Max Muncy C Will Smith OF Teoscar Hernandez OF Andy Pages OF Jo Adell P Jacob Misiorowski P Drew Rasmussen SS Ha-Seong Kim,,Kike Hernandez,1B,0.41%,0
105,5279602260,jabell10,0,107.1,1B Jonathan Aranda 2B Travis Bazzana 3B Ryan McMahon C Will Smith OF Kyle Tucker OF Teoscar Hernandez OF Steven Kwan P Jacob Misiorowski P Tarik Skubal SS Cooper Pratt,,Samad Taylor,OF,0.41%,0
106,5278776301,Hawkswin25,0,106.35,1B Jonathan Aranda 2B Chase Meidroth 3B Max Muncy C Will Smith OF Kyle Tucker OF Jackson Merrill OF Cody Bellinger P Drew Rasmussen P Parker Messick SS Cooper Pratt,,Dalton Rushing,C,0.41%,0
106,5279392675,Drewski9090,0,106.35,1B David Fry 2B Ozzie Albies 3B Ryan McMahon C Will Smith OF Shohei Ohtani OF Kyle Tucker OF Steven Kwan P Drew Rasmussen P Parker Messick SS Mookie Betts,,Dylan Dodd,P,0.41%,13.55
106,5279528074,nrlane24,0,106.35,1B Jonathan Aranda 2B Tommy Edman 3B Jose Ramirez C William Contreras OF Jackson Chourio OF Andy Pages OF Chandler Simpson P Drew Rasmussen P Parker Messick SS Brayan Rocchio,,Heliot Ramos,OF,0.41%,0
106,5279818431,Jaycee37,0,106.35,1B Jake Bauers 2B Tommy Edman 3B Joey Ortiz C Will Smith OF Jackson Chourio OF Kyle Tucker OF Steven Kwan P Drew Rasmussen P Parker Messick SS Cooper Pratt,,Ryan Vilade,OF,0.41%,0
110,5278665002,ajmack01,0,106.299995,1B Munetaka Murakami 2B Travis Bazzana 3B Junior Caminero C Austin Hedges OF Chase DeLauter OF Jo Adell OF Mauricio Dubon P Drew Rasmussen P Tarik Skubal SS Xander Bogaerts,,Hyeseong Kim,2B,0.31%,0
110,5279746334,Frisbie90,0,106.299995,1B Jake Bauers 2B Tommy Edman 3B Yandy Diaz C Will Smith OF Kyle Tucker OF Jo Adell OF Steven Kwan P Drew Rasmussen P Tarik Skubal SS Joey Ortiz,,Mike Yastrzemski,OF,0.31%,0
110,5279813521,foursons,0,106.299995,1B Freddie Freeman 2B Brice Turang 3B Joey Ortiz C Ethan Salas OF Jackson Chourio OF Steven Kwan OF Luis Lara P Drew Rasmussen P Tarik Skubal SS Cooper Pratt,,Sam Antonacci,2B,0.31%,0
113,5279314699,Shields2323,0,106.2,1B Jonathan Aranda 2B Tommy Edman 3B Colson Montgomery C Liam Hicks OF Cody Bellinger OF Angel Martinez OF Garrett Mitchell P Jacob Misiorowski P Drew Rasmussen SS Xander Bogaerts,,Sal Frelick,OF,0.31%,0
113,5279615378,halfknee,0,106.2,1B David Fry 2B Ozzie Albies 3B Joey Ortiz C William Contreras OF Jackson Chourio OF Andy Pages OF Randal Grichuk P Jacob Misiorowski P Drew Rasmussen SS Brayan Rocchio,,Miguel Rojas,2B,0.31%,0
115,5278522988,Ish99,0,105.85,1B Jake Bauers 2B Chase Meidroth 3B Max Muncy C Will Smith OF Jackson Chourio OF Andy Pages OF Luis Lara P Drew Rasmussen P Gerrit Cole SS Colson Montgomery,,Amed Rosario,2B,0.31%,0
116,5278846897,dfs020,0,105.5,1B Munetaka Murakami 2B Jazz Chisholm Jr. 3B Max Muncy C Kyle Teel OF Kyle Tucker OF Cody Bellinger OF Jo Adell P Robbie Ray P Tarik Skubal SS Colson Montgomery,,Giancarlo Stanton,OF,0.31%,0
117,5279615599,bilallen,0,105.35,1B Freddie Freeman 2B Tommy Edman 3B Max Muncy C Will Smith OF Kyle Tucker OF Chase DeLauter OF Steven Kwan P Drew Rasmussen P Parker Messick SS Brayan Rocchio,,Davis Martin,P,0.21%,0
118,5279142198,Andrewmorin38,0,105.2,1B Yandy Diaz 2B Ozzie Albies 3B Austin Riley C Liam Hicks OF Teoscar Hernandez OF Andy Pages OF Randal Grichuk P Jacob Misiorowski P Drew Rasmussen SS Mauricio Dubon,,Yoshinobu Yamamoto,P,0.21%,0
119,5279184939,nh70744,0,105.1,1B Jonathan Aranda 2B Travis Bazzana 3B Max Muncy C Austin Wells OF Kyle Tucker OF Andy Pages OF Steven Kwan P Jacob Misiorowski P Tarik Skubal SS George Lombard Jr.,,Petey Halpin,OF,0.21%,0
120,5279573472,mrclean913,0,104.35,1B Jake Bauers 2B Ozzie Albies 3B Austin Riley C Drake Baldwin OF Jackson Chourio OF Michael Harris II OF Christian Yelich P Drew Rasmussen P Parker Messick SS Mauricio Dubon,,Tristan Peters,OF,0.21%,3
121,5278921336,Rong86,0,104.299995,1B Gavin Sheets 2B Richie Palacios 3B Yandy Diaz C Will Smith OF Kyle Tucker OF Andy Pages OF Chandler Simpson P Drew Rasmussen P Tarik Skubal SS Mookie Betts,,Jose Caballero,OF,0.21%,0
121,5279471237,Blankntans54,0,104.299995,1B Jonathan Aranda 2B Brice Turang 3B Ryan McMahon C Will Smith OF Jackson Chourio OF Andy Pages OF Chandler Simpson P Drew Rasmussen P Tarik Skubal SS Cooper Pratt,,Daniel Schneemann,3B,0.21%,0
123,5279527484,Czervik67,0,103.65,1B Freddie Freeman 2B Ozzie Albies 3B Ryan McMahon C Will Smith OF Kyle Tucker OF Teoscar Hernandez OF Steven Kwan P Jacob Misiorowski P Gerrit Cole SS Mauricio Dubon,,Ryan Vilade,1B,0.21%,0
124,5278498940,rakj2845,0,103.35,1B Jonathan Aranda 2B Brice Turang 3B Yandy Diaz C Liam Hicks OF Jackson Chourio OF Chase DeLauter OF Chandler Simpson P Drew Rasmussen P Parker Messick SS Brayan Rocchio,,Nick Fortes,C,0.21%,0
124,5279070753,TundraThumper,0,103.35,1B Jonathan Aranda 2B Chase Meidroth 3B Yandy Diaz C William Contreras OF Jackson Chourio OF Jackson Merrill OF Josue De Paula P Drew Rasmussen P Parker Messick SS Cooper Pratt,,Alex Call,OF,0.21%,0
126,5279112851,SwickBoy,0,103.299995,1B Jake Bauers 2B Richie Palacios 3B Yandy Diaz C Kyle Teel OF Jackson Chourio OF Andy Pages OF Jonny DeLuca P Drew Rasmussen P Tarik Skubal SS Cooper Pratt,,Jasson Dominguez,OF,0.21%,0
126,5279774667,rogs1draft,0,103.299995,1B David Fry 2B Richie Palacios 3B Miguel Vargas C Kyle Teel OF Jackson Chourio OF Michael Harris II OF Jo Adell P Drew Rasmussen P Tarik Skubal SS Brayan Rocchio,,Kahlil Watson,OF,0.10%,0
128,5278697212,plewis247,0,103.2,1B Matt Olson 2B Travis Bazzana 3B Jose Ramirez C Sean Murphy OF Kyle Tucker OF Jo Adell OF Steven Kwan P Jacob Misiorowski P Drew Rasmussen SS Mauricio Dubon,,Ben Williamson,2B,0.10%,0
128,5279691071,smokinokland,0,103.2,1B Jonathan Aranda 2B Richie Palacios 3B Colson Montgomery C Kyle Teel OF Jackson Chourio OF Angel Martinez OF Chase DeLauter P Jacob Misiorowski P Drew Rasmussen SS Cooper Pratt,,Gage Workman,3B,0.10%,0
130,5278961513,dctat33,0,102.35,1B Jake Bauers 2B Brice Turang 3B Max Muncy C William Contreras OF Andy Pages OF Christian Yelich OF Chandler Simpson P Drew Rasmussen P Parker Messick SS Cooper Pratt,,Akil Baddoo,OF,0.10%,0
130,5279164416,dealt8506,0,102.35,1B Freddie Freeman 2B Travis Bazzana 3B Austin Riley C William Contreras OF Jackson Chourio OF Tommy Edman OF Jo Adell P Drew Rasmussen P Parker Messick SS Brayan Rocchio,,Tyler Black,OF,0.10%,0
130,5279414791,stayeduptolate,0,102.35,1B Ty France 2B Fernando Tatis Jr. 3B Joey Ortiz C Luis Campusano OF Jackson Chourio OF Steven Kwan OF Dustin Harris P Drew Rasmussen P Parker Messick SS Xander Bogaerts,,Blake Perkins,OF,0.10%,0
130,5279663473,clags22,0,102.35,1B Jonathan Aranda 2B Brice Turang 3B Junior Caminero C Luis Campusano OF Jackson Chourio OF Chandler Simpson OF Ryan Vilade P Drew Rasmussen P Parker Messick SS Jorge Mateo,,Amed Rosario,3B,0.10%,0
134,5279745140,sehanshaw,0,102.299995,1B David Fry 2B Chase Meidroth 3B Jose Ramirez C Austin Wells OF Teoscar Hernandez OF Andy Pages OF Tommy Edman P Drew Rasmussen P Tarik Skubal SS Mookie Betts,,Luisangel Acuna,SS,0.10%,0
135,5279061172,Mannyfresh101,0,102.25,1B David Fry 2B Travis Bazzana 3B Max Muncy C Will Smith OF Jackson Chourio OF Kyle Tucker OF Jo Adell P Parker Messick P Tarik Skubal SS Brayan Rocchio,,Alex Freeland,2B,0.10%,0
135,5279323874,66Pens,0,102.25,1B Paul Goldschmidt 2B Ozzie Albies 3B Colson Montgomery C Ben Rice OF Kyle Tucker OF Cody Bellinger OF Jasson Dominguez P Parker Messick P Tarik Skubal SS Xander Bogaerts,,Anthony Volpe,2B,0.10%,0
135,5279728512,GreenTailShiner,0,102.25,1B Luis Garcia Jr. 2B Jake Cronenworth 3B Max Muncy C Will Smith OF Kyle Tucker OF Teoscar Hernandez OF Andy Pages P Parker Messick P Tarik Skubal SS George Lombard Jr.,,Bradgley Rodriguez,P,0.10%,6.4
138,5278591849,BigPod,0,102.2,1B Jonathan Aranda 2B Richie Palacios 3B Max Muncy C Liam Hicks OF Victor Mesa Jr. OF Randal Grichuk OF Brenton Doyle P Jacob Misiorowski P Drew Rasmussen SS Mookie Betts,,Jorge Mateo,SS,0.10%,0
138,5279376694,jnwallen,0,102.2,1B Munetaka Murakami 2B Chase Meidroth 3B Miguel Vargas C Sean Murphy OF Tommy Edman OF Randal Grichuk OF Tommy Pham P Jacob Misiorowski P Drew Rasmussen SS Mauricio Dubon,,Austin Hays,OF,0.10%,0
140,5278510836,BoSox63,0,102.1,1B Jonathan Aranda 2B Travis Bazzana 3B Max Muncy C Will Smith OF Kyle Tucker OF Steven Kwan OF Tommy Pham P Jacob Misiorowski P Tarik Skubal SS George Lombard Jr.,,Blake Hunt,C,0.10%,0
140,5279508782,Codymuck,0,102.1,1B Jonathan Aranda 2B Chase Meidroth 3B Ryan McMahon C Austin Wells OF Jackson Chourio OF Kyle Tucker OF Spencer Jones P Jacob Misiorowski P Tarik Skubal SS Brayan Rocchio,,Freddy Fermin,C,0.10%,0
142,5279462169,tigolebitties91,0,101.8,1B David Fry 2B Brice Turang 3B Jose Ramirez C Austin Hedges OF Jackson Chourio OF Kyle Tucker OF Teoscar Hernandez P Parker Messick P Gerrit Cole SS Cooper Pratt,,Sung-Mun Song,SS,0.10%,0
143,5279087562,ufxgatorbox,0,101.65,1B Freddie Freeman 2B Ozzie Albies 3B Ryan McMahon C Will Smith OF Kyle Tucker OF Teoscar Hernandez OF Steven Kwan P Jacob Misiorowski P Gerrit Cole SS Cooper Pratt,,Luke Williams,SS,0.10%,0
143,5279557349,heisenbergthegreat,0,101.65,1B Freddie Freeman 2B Ozzie Albies 3B Ryan McMahon C Will Smith OF Kyle Tucker OF Teoscar Hernandez OF Steven Kwan P Jacob Misiorowski P Gerrit Cole SS Cooper Pratt,,Dominic Smith,1B,0.10%,0
143,5279813328,jeff.friis,0,101.65,1B Freddie Freeman 2B Ozzie Albies 3B Ryan McMahon C Will Smith OF Kyle Tucker OF Teoscar Hernandez OF Steven Kwan P Jacob Misiorowski P Gerrit Cole SS Cooper Pratt,,,
146,5279742580,schromcak,0,101.35,1B Ben Rice 2B Ozzie Albies 3B Jose Ramirez C William Contreras OF Jackson Merrill OF Randal Grichuk OF Steven Kwan P Drew Rasmussen P Parker Messick SS Xander Bogaerts,,,
147,5278719563,Cfw828,0,101.299995,1B Jonathan Aranda 2B Chase Meidroth 3B Jose Ramirez C William Contreras OF Andy Pages OF Randal Grichuk OF Brenton Doyle P Drew Rasmussen P Tarik Skubal SS Mauricio Dubon,,,
148,5279293395,wanders64,0,101.2,1B Nathaniel Lowe 2B Travis Bazzana 3B Max Muncy C Patrick Bailey OF Jackson Chourio OF Andy Pages OF Steven Kwan P Jacob Misiorowski P Drew Rasmussen SS Cooper Pratt,,,
148,5279480541,henry296,0,101.2,1B Jake Bauers 2B Richie Palacios 3B Yandy Diaz C William Contreras OF Christian Yelich OF Garrett Mitchell OF Chandler Simpson P Jacob Misiorowski P Drew Rasmussen SS Joey Ortiz,,,
148,5279629560,mng77777,0,101.2,1B Jonathan Aranda 2B Ozzie Albies 3B Yandy Diaz C Drake Baldwin OF Ronald Acuna Jr. OF Randal Grichuk OF Mauricio Dubon P Jacob Misiorowski P Drew Rasmussen SS Ha-Seong Kim,,,
151,5279766418,StayWiggins,0,100.75,1B Freddie Freeman 2B Ozzie Albies 3B Yandy Diaz C Will Smith OF Teoscar Hernandez OF Trent Grisham OF Mauricio Dubon P Gerrit Cole P Tarik Skubal SS Xander Bogaerts,,,
152,5279260206,Boltmantom,0,100.35,1B Ty France 2B Ozzie Albies 3B Manny Machado C Ethan Salas OF Fernando Tatis Jr. OF Jackson Merrill OF Christian Yelich P Drew Rasmussen P Parker Messick SS Mauricio Dubon,,,
153,5279477876,maestrobobcobb,0,100.299995,1B Yandy Diaz 2B Chase Meidroth 3B Ryan McMahon C Kyle Teel OF Teoscar Hernandez OF Andy Pages OF Jo Adell P Drew Rasmussen P Tarik Skubal SS Mookie Betts,,,
154,5279145908,neech74,0,100.25,1B Freddie Freeman 2B Tommy Edman 3B Max Muncy C Austin Wells OF Kyle Tucker OF Chandler Simpson OF Tommy Pham P Parker Messick P Tarik Skubal SS Mookie Betts,,,
155,5279684267,rikyrotten,0,100.2,1B Yandy Diaz 2B Ozzie Albies 3B Austin Riley C Liam Hicks OF Jackson Chourio OF Chandler Simpson OF Braden Montgomery P Jacob Misiorowski P Drew Rasmussen SS Mauricio Dubon,,,
156,5278502627,Lightnin18,0,99.75,1B Freddie Freeman 2B Tommy Edman 3B Max Muncy C William Contreras OF Jackson Chourio OF Luis Lara OF Brenton Doyle P Gerrit Cole P Tarik Skubal SS George Lombard Jr.,,,
157,5279184808,mck1960,0,99.65,1B Freddie Freeman 2B Ozzie Albies 3B Ryan McMahon C Will Smith OF Kyle Tucker OF Teoscar Hernandez OF Chase DeLauter P Jacob Misiorowski P Gerrit Cole SS Cooper Pratt,,,
158,5278533979,georgejester,0,99.35,1B Shohei Ohtani 2B Richie Palacios 3B Max Muncy C Austin Wells OF Jackson Chourio OF Jackson Merrill OF Jonny DeLuca P Drew Rasmussen P Parker Messick SS Brayan Rocchio,,,
158,5278964044,SliceB,0,99.35,1B Yandy Diaz 2B Richie Palacios 3B Junior Caminero C Luis Campusano OF Jackson Chourio OF Trent Grisham OF Randal Grichuk P Drew Rasmussen P Parker Messick SS Colson Montgomery,,,
160,5278657461,chelseafinest,0,99.299995,1B Freddie Freeman 2B Richie Palacios 3B Miguel Vargas C Liam Hicks OF Tommy Edman OF Jo Adell OF Randal Grichuk P Drew Rasmussen P Tarik Skubal SS Brayan Rocchio,,,
160,5279806917,nCurry58,0,99.299995,1B Jake Bauers 2B Chase Meidroth 3B Max Muncy C Austin Hedges OF Victor Mesa Jr. OF Jo Adell OF Randal Grichuk P Drew Rasmussen P Tarik Skubal SS Mookie Betts,,,
162,5278626168,yawkeyway8,0,99.2,1B Jonathan Aranda 2B Richie Palacios 3B Yandy Diaz C Liam Hicks OF Jackson Chourio OF Trent Grisham OF Chandler Simpson P Jacob Misiorowski P Drew Rasmussen SS Cooper Pratt,,,
162,5278676513,cyruscyrus,0,99.2,1B Jonathan Aranda 2B Chase Meidroth 3B Yandy Diaz C Patrick Bailey OF Teoscar Hernandez OF Andy Pages OF Tommy Edman P Jacob Misiorowski P Drew Rasmussen SS Brayan Rocchio,,,
164,5279051851,cptnspaulding,0,99.15,1B Jake Bauers 2B Ozzie Albies 3B Joey Ortiz C William Contreras OF Kyle Tucker OF Christian Yelich OF Mauricio Dubon P Jacob Misiorowski P Parker Messick SS Cooper Pratt,,,
165,5279051407,El_Jefe_72,0,98.85,1B Ben Rice 2B Ozzie Albies 3B Austin Riley C Liam Hicks OF Jackson Chourio OF Jackson Merrill OF Brenton Doyle P Drew Rasmussen P Gerrit Cole SS Joey Ortiz,,,
166,5278792024,SJU22TC,0,98.600006,1B Ben Rice 2B Richie Palacios 3B Junior Caminero C William Contreras OF Kyle Tucker OF Chandler Simpson OF Tommy Pham P Drew Rasmussen P Robbie Ray SS Mookie Betts,,,
167,5279581465,WJH321,0,98.399994,1B Jake Bauers 2B Brice Turang 3B Yandy Diaz C Ben Rice OF Jackson Chourio OF Michael Harris II OF Andy Pages P Drew Rasmussen P Hagen Smith SS Colson Montgomery,,,
168,5279193523,charliekoecheler,0,98.35,1B Yandy Diaz 2B Ozzie Albies 3B David Hamilton C Will Smith OF Jackson Chourio OF Jackson Merrill OF Andy Pages P Drew Rasmussen P Parker Messick SS Xander Bogaerts,,,
168,5279480368,Epatrick10172020,0,98.35,1B Jonathan Aranda 2B Tommy Edman 3B Jake Cronenworth C Will Smith OF Teoscar Hernandez OF Andy Pages OF Angel Martinez P Drew Rasmussen P Parker Messick SS Mookie Betts,,,
170,5279462609,alaskandave,0,98.25,1B Jonathan Aranda 2B Jazz Chisholm Jr. 3B Colson Montgomery C Austin Hedges OF Jackson Chourio OF Ronald Acuna Jr. OF Christian Yelich P Parker Messick P Tarik Skubal SS George Lombard Jr.,,,
171,5279324968,apenn21,0,98.2,1B Jonathan Aranda 2B Ozzie Albies 3B Joey Ortiz C Liam Hicks OF Jo Adell OF Randal Grichuk OF Spencer Jones P Jacob Misiorowski P Drew Rasmussen SS Mookie Betts,,,
171,5279429369,cw333,0,98.2,1B Freddie Freeman 2B Miguel Rojas 3B Kike Hernandez C William Contreras OF Jackson Chourio OF Christian Yelich OF Ryan Vilade P Jacob Misiorowski P Drew Rasmussen SS Mauricio Dubon,,,
173,5279637276,mrcheesehead1329,0,97.65,1B David Fry 2B Travis Bazzana 3B Max Muncy C Austin Hedges OF Kyle Tucker OF Teoscar Hernandez OF Andy Pages P Jacob Misiorowski P Gerrit Cole SS Brayan Rocchio,,,
174,5279187717,Edd436811,0,97.600006,1B Freddie Freeman 2B Chase Meidroth 3B Manny Machado C Liam Hicks OF Ronald Acuna Jr. OF Teoscar Hernandez OF Michael Harris II P Drew Rasmussen P Robbie Ray SS Xander Bogaerts,,,
174,5279798455,bunit1388,0,97.600006,1B Ty France 2B Ozzie Albies 3B Austin Riley C Ethan Salas OF Fernando Tatis Jr. OF Teoscar Hernandez OF Cody Bellinger P Drew Rasmussen P Robbie Ray SS Mookie Betts,,,
176,5278520117,thenumber,0,97.35,1B Shohei Ohtani 2B Ozzie Albies 3B Manny Machado C Liam Hicks OF Andy Pages OF Victor Mesa Jr. OF Mauricio Dubon P Drew Rasmussen P Parker Messick SS Cooper Pratt,,,
176,5279118277,ronran4,0,97.35,1B Shohei Ohtani 2B Travis Bazzana 3B Jose Ramirez C Liam Hicks OF Kyle Tucker OF Jo Adell OF Steven Kwan P Drew Rasmussen P Parker Messick SS George Lombard Jr.,,,
176,5279192462,Harpua99,0,97.35,1B Matt Olson 2B Ozzie Albies 3B Jose Ramirez C Liam Hicks OF Jackson Chourio OF Sam Antonacci OF Josue De Paula P Drew Rasmussen P Parker Messick SS George Lombard Jr.,,,
176,5279240692,jacobdad13,0,97.35,1B Jonathan Aranda 2B Ozzie Albies 3B Yandy Diaz C Will Smith OF Michael Harris II OF Christian Yelich OF Jo Adell P Drew Rasmussen P Parker Messick SS Mookie Betts,,,
176,5279674455,tomkriger,0,97.35,1B Jake Bauers 2B Brice Turang 3B Yandy Diaz C Liam Hicks OF Jackson Chourio OF Chandler Simpson OF Luis Lara P Drew Rasmussen P Parker Messick SS Cooper Pratt,,,
176,5279787481,Yasz15,0,97.35,1B David Fry 2B Brice Turang 3B Jose Ramirez C William Contreras OF Jackson Chourio OF Chase DeLauter OF Steven Kwan P Drew Rasmussen P Parker Messick SS Cooper Pratt,,,
182,5279158605,Billdo347,0,97.299995,1B Yandy Diaz 2B Tommy Edman 3B Max Muncy C Liam Hicks OF Shohei Ohtani OF Kyle Tucker OF Chandler Simpson P Tarik Skubal P Hagen Smith SS Mookie Betts,,,
182,5279328622,Paulo21613,0,97.299995,1B Yandy Diaz 2B Jake Cronenworth 3B Manny Machado C Ethan Salas OF Fernando Tatis Jr. OF Andy Pages OF Chandler Simpson P Drew Rasmussen P Tarik Skubal SS Xander Bogaerts,,,
182,5279498512,jonytiler,0,97.299995,1B Jonathan Aranda 2B Travis Bazzana 3B Jose Ramirez C Will Smith OF Steven Kwan OF Spencer Jones OF Tommy Pham P Drew Rasmussen P Tarik Skubal SS Mookie Betts,,,
185,5279524116,beilke33,0,97.25,1B Jake Bauers 2B Richie Palacios 3B Max Muncy C Austin Wells OF Shohei Ohtani OF Teoscar Hernandez OF Jo Adell P Parker Messick P Tarik Skubal SS Cooper Pratt,,,
186,5278519383,Mark502Blue,0,97.2,1B Jonathan Aranda 2B Richie Palacios 3B Junior Caminero C Liam Hicks OF Victor Mesa Jr. OF Jo Adell OF Brenton Doyle P Jacob Misiorowski P Drew Rasmussen SS Colson Montgomery,,,
186,5279346516,DCMJR82,0,97.2,1B Jonathan Aranda 2B Travis Bazzana 3B Colson Montgomery C Liam Hicks OF Trent Grisham OF Chandler Simpson OF Mauricio Dubon P Jacob Misiorowski P Drew Rasmussen SS Mookie Betts,,,
186,5279806912,Timpullin,0,97.2,1B Munetaka Murakami 2B Travis Bazzana 3B Colson Montgomery C Austin Hedges OF Angel Martinez OF Chase DeLauter OF Jo Adell P Jacob Misiorowski P Drew Rasmussen SS Xander Bogaerts,,,
189,5278732023,jenniemichell1225,0,97.1,1B Jonathan Aranda 2B Tommy Edman 3B Max Muncy C Austin Wells OF Teoscar Hernandez OF Andy Pages OF Chandler Simpson P Jacob Misiorowski P Tarik Skubal SS Cooper Pratt,,,
190,5279792478,KingPin982,0,96.85,1B David Fry 2B Chase Meidroth 3B Miguel Vargas C William Contreras OF Jackson Chourio OF Andy Pages OF Angel Martinez P Drew Rasmussen P Gerrit Cole SS Cooper Pratt,,,
191,5279636319,spabhook,0,96.299995,1B Yandy Diaz 2B Jake Cronenworth 3B Jose Ramirez C Kyle Teel OF Jackson Chourio OF Jackson Merrill OF Tommy Pham P Drew Rasmussen P Tarik Skubal SS George Lombard Jr.,,,
191,5279760660,Richie0009,0,96.299995,1B Munetaka Murakami 2B Richie Palacios 3B Jose Ramirez C Will Smith OF Andy Pages OF Victor Mesa Jr. OF Jo Adell P Drew Rasmussen P Tarik Skubal SS Cooper Pratt,,,
191,5279786895,stevenl57,0,96.299995,1B Jonathan Aranda 2B Chase Meidroth 3B Junior Caminero C Liam Hicks OF Chase DeLauter OF Jo Adell OF Steven Kwan P Drew Rasmussen P Tarik Skubal SS Brayan Rocchio,,,
194,5279053780,jpm_joshua2002,0,96.25,1B David Fry 2B Travis Bazzana 3B Max Muncy C William Contreras OF Jackson Chourio OF Andy Pages OF Tommy Edman P Parker Messick P Tarik Skubal SS Brayan Rocchio,,,
195,5278840711,gooey911,0,96.2,1B Yandy Diaz 2B Richie Palacios 3B Max Muncy C Kyle Teel OF Jackson Chourio OF Randal Grichuk OF Chandler Simpson P Jacob Misiorowski P Drew Rasmussen SS Cooper Pratt,,,
195,5279381812,Silk32,0,96.2,1B Munetaka Murakami 2B Tommy Edman 3B Max Muncy C Liam Hicks OF Andy Pages OF Jo Adell OF Braden Montgomery P Jacob Misiorowski P Drew Rasmussen SS George Lombard Jr.,,,
197,5278847397,panglinlo,0,96.1,1B Jonathan Aranda 2B Travis Bazzana 3B Colson Montgomery C Liam Hicks OF Garrett Mitchell OF Samad Taylor OF Josue De Paula P Jacob Misiorowski P Tarik Skubal SS Xander Bogaerts,,,
198,5279074649,DayByDay,0,95.35,1B Matt Olson 2B Ozzie Albies 3B Jose Ramirez C Drake Baldwin OF Jackson Chourio OF Angel Martinez OF Jo Adell P Drew Rasmussen P Parker Messick SS Ha-Seong Kim,,,
199,5279140825,Davidd0726,0,95.299995,1B Freddie Freeman 2B Richie Palacios 3B Max Muncy C Will Smith OF Chase DeLauter OF Randal Grichuk OF Steven Kwan P Drew Rasmussen P Tarik Skubal SS Cooper Pratt,,,
199,5279305534,SdmfBadd,0,95.299995,1B Matt Olson 2B Miguel Rojas 3B Jose Caballero C Ben Rice OF Jackson Chourio OF Spencer Jones OF Andrew Benintendi P Drew Rasmussen P Tarik Skubal SS Colson Montgomery,,,
199,5279785750,Sundee11,0,95.299995,1B Matt Olson 2B Jazz Chisholm Jr. 3B Jose Ramirez C Luis Campusano OF Angel Martinez OF Chase DeLauter OF Garrett Mitchell P Drew Rasmussen P Tarik Skubal SS George Lombard Jr.,,,
202,5278539248,jrevelle3,0,95.25,1B Freddie Freeman 2B Jake Cronenworth 3B Joey Ortiz C Will Smith OF Kyle Tucker OF Teoscar Hernandez OF Andy Pages P Parker Messick P Tarik Skubal SS Cooper Pratt,,,
202,5279417639,patmicmac,0,95.25,1B Freddie Freeman 2B Amed Rosario 3B Jose Ramirez C Will Smith OF Kyle Tucker OF Teoscar Hernandez OF Jo Adell P Parker Messick P Tarik Skubal SS George Lombard Jr.,,,
202,5279759736,garrett2579,0,95.25,1B Shohei Ohtani 2B Jazz Chisholm Jr. 3B Max Muncy C Austin Wells OF Teoscar Hernandez OF Tommy Edman OF Steven Kwan P Parker Messick P Tarik Skubal SS George Lombard Jr.,,,
205,5279729129,rcornella84,0,95.2,1B Yandy Diaz 2B Ozzie Albies 3B Austin Riley C Drake Baldwin OF Christian Yelich OF Garrett Mitchell OF Jo Adell P Jacob Misiorowski P Drew Rasmussen SS Mauricio Dubon,,,
206,5279175480,butchismyhomie,0,95.15,1B Jonathan Aranda 2B Ozzie Albies 3B Max Muncy C Will Smith OF Teoscar Hernandez OF Andy Pages OF Jo Adell P Jacob Misiorowski P Parker Messick SS George Lombard Jr.,,,
206,5279753319,sasmallen,0,95.15,1B Jonathan Aranda 2B Ozzie Albies 3B Max Muncy C Will Smith OF Teoscar Hernandez OF Andy Pages OF Jo Adell P Jacob Misiorowski P Parker Messick SS George Lombard Jr.,,,
208,5278477253,mike4934,0,95.1,1B Luis Garcia Jr. 2B Chase Meidroth 3B Max Muncy C Kyle Teel OF Jackson Chourio OF Kyle Tucker OF Andy Pages P Davis Martin P Tarik Skubal SS Colson Montgomery,,,
208,5279390543,oddmanout7,0,95.1,1B Nathaniel Lowe 2B Travis Bazzana 3B Max Muncy C Will Smith OF Kyle Tucker OF Steven Kwan OF Luis Lara P Jacob Misiorowski P Tarik Skubal SS George Lombard Jr.,,,
210,5278888762,blink182roo,0,94.85,1B David Fry 2B Tommy Edman 3B Max Muncy C Will Smith OF Jackson Chourio OF Andy Pages OF Luis Lara P Drew Rasmussen P Gerrit Cole SS Mookie Betts,,,
211,5278486336,wh0red0zer9,0,94.8,1B Nathaniel Lowe 2B Richie Palacios 3B Ryan McMahon C Will Smith OF Shohei Ohtani OF Kyle Tucker OF Teoscar Hernandez P Parker Messick P Gerrit Cole SS Mookie Betts,,,
212,5279249255,Akimboslice22,0,94.65,1B Munetaka Murakami 2B Ozzie Albies 3B Max Muncy C Kyle Teel OF Andy Pages OF Randal Grichuk OF Braden Montgomery P Jacob Misiorowski P Gerrit Cole SS Colson Montgomery,,,
213,5279127417,markmajors,0,94.35,1B Freddie Freeman 2B Tommy Edman 3B Yandy Diaz C Will Smith OF Teoscar Hernandez OF Spencer Jones OF Tommy Pham P Drew Rasmussen P Parker Messick SS Mookie Betts,,,
213,5279412453,LTskelter,0,94.35,1B Matt Olson 2B Ozzie Albies 3B Jake Cronenworth C Ethan Salas OF Fernando Tatis Jr. OF Ronald Acuna Jr. OF Michael Harris II P Drew Rasmussen P Parker Messick SS Xander Bogaerts,,,
215,5279171047,milligolf,0,94.299995,1B Ty France 2B Chase Meidroth 3B Jose Ramirez C William Contreras OF Chase DeLauter OF Jo Adell OF Steven Kwan P Drew Rasmussen P Tarik Skubal SS Brayan Rocchio,,,
215,5279309235,deathmetalbob,0,94.299995,1B Yandy Diaz 2B Chase Meidroth 3B Max Muncy C Will Smith OF Andy Pages OF Randal Grichuk OF Braden Montgomery P Drew Rasmussen P Tarik Skubal SS Colson Montgomery,,,
217,5278975308,CroatianSensation,0,94.2,1B Shohei Ohtani 2B Ozzie Albies 3B Yandy Diaz C Sean Murphy OF Randal Grichuk OF Chandler Simpson OF Braden Montgomery P Jacob Misiorowski P Drew Rasmussen SS Brayan Rocchio,,,
218,5278969612,indisbiaaatch,0,93.85,1B Yandy Diaz 2B Tommy Edman 3B Max Muncy C Drake Baldwin OF Jackson Chourio OF Sam Antonacci OF Josue De Paula P Drew Rasmussen P Gerrit Cole SS Cooper Pratt,,,
218,5279623629,JohnTex7,0,93.85,1B Freddie Freeman 2B Chase Meidroth 3B Jose Ramirez C William Contreras OF Andy Pages OF Christian Yelich OF Jo Adell P Drew Rasmussen P Gerrit Cole SS Colson Montgomery,,,
220,5278657829,Joeymayne,0,93.65,1B Luis Garcia Jr. 2B Richie Palacios 3B Max Muncy C Will Smith OF Kyle Tucker OF Teoscar Hernandez OF Spencer Jones P Jacob Misiorowski P Gerrit Cole SS George Lombard Jr.,,,
221,5279341096,JLR1985,0,93.35,1B Matt Olson 2B Ozzie Albies 3B Joey Ortiz C Drake Baldwin OF Jackson Chourio OF Michael Harris II OF Mauricio Dubon P Drew Rasmussen P Parker Messick SS Cooper Pratt,,,
221,5279412697,mikey300,0,93.35,1B Luis Garcia Jr. 2B Jazz Chisholm Jr. 3B Max Muncy C Austin Hedges OF Jackson Chourio OF Andy Pages OF Chase DeLauter P Drew Rasmussen P Parker Messick SS Cooper Pratt,,,
221,5279553874,Zschossow22,0,93.35,1B Jonathan Aranda 2B Chase Meidroth 3B Jose Ramirez C Austin Hedges OF Jackson Chourio OF Ronald Acuna Jr. OF Jo Adell P Drew Rasmussen P Parker Messick SS Taylor Walls,,,
224,5279682566,Jdabss,0,93.299995,1B Freddie Freeman 2B Travis Bazzana 3B Jose Ramirez C Will Smith OF Andy Pages OF Steven Kwan OF Braden Montgomery P Drew Rasmussen P Tarik Skubal SS Colson Montgomery,,,
225,5279347207,meodette,0,93.25,1B Ty France 2B Tommy Edman 3B Joey Ortiz C Will Smith OF Kyle Tucker OF Teoscar Hernandez OF Andy Pages P Parker Messick P Tarik Skubal SS Cooper Pratt,,,
226,5279224755,ImaDonk11,0,93.2,1B Jake Bauers 2B Richie Palacios 3B Joey Ortiz C Liam Hicks OF Jackson Chourio OF Victor Mesa Jr. OF Jo Adell P Jacob Misiorowski P Drew Rasmussen SS Cooper Pratt,,,
226,5279303632,Moeg196,0,93.2,1B Jake Bauers 2B Richie Palacios 3B Jose Ramirez C Austin Wells OF Jackson Chourio OF Victor Mesa Jr. OF Jo Adell P Jacob Misiorowski P Drew Rasmussen SS Cooper Pratt,,,
226,5279643376,boogie389,0,93.2,1B Jonathan Aranda 2B Chase Meidroth 3B Yandy Diaz C Sean Murphy OF Ronald Acuna Jr. OF Victor Mesa Jr. OF Randal Grichuk P Jacob Misiorowski P Drew Rasmussen SS Taylor Walls,,,
229,5279310333,xXxPLOSIVE,0,93.15,1B David Fry 2B Tommy Edman 3B Max Muncy C Will Smith OF Kyle Tucker OF Teoscar Hernandez OF Steven Kwan P Jacob Misiorowski P Parker Messick SS Mauricio Dubon,,,
230,5278835402,SkyU27,0,92.85,1B Matt Olson 2B Ozzie Albies 3B Miguel Vargas C Drake Baldwin OF Ronald Acuna Jr. OF Jo Adell OF Randal Grichuk P Drew Rasmussen P Gerrit Cole SS Mauricio Dubon,,,
230,5279732387,rainwoman,0,92.85,1B Munetaka Murakami 2B Chase Meidroth 3B Jose Ramirez C Austin Wells OF Shohei Ohtani OF Jackson Merrill OF Dustin Harris P Drew Rasmussen P Gerrit Cole SS George Lombard Jr.,,,
232,5279559086,joe_mac10,0,92.75,1B Paul Goldschmidt 2B Anthony Volpe 3B Max Muncy C William Contreras OF Jackson Chourio OF Andy Pages OF Tommy Edman P Gerrit Cole P Tarik Skubal SS Mauricio Dubon,,,
233,5279811238,Phil8650,0,92.600006,1B Ben Rice 2B Richie Palacios 3B Manny Machado C Liam Hicks OF Jackson Chourio OF Ronald Acuna Jr. OF Jonny DeLuca P Drew Rasmussen P Robbie Ray SS Xander Bogaerts,,,
234,5279683212,4courtney4,0,92.299995,1B Jonathan Aranda 2B Richie Palacios 3B Yandy Diaz C Will Smith OF Shohei Ohtani OF Jo Adell OF Chandler Simpson P Drew Rasmussen P Tarik Skubal SS Cooper Pratt,,,
235,5279619286,ChrisCopps33,0,92.2,1B Jonathan Aranda 2B Brice Turang 3B Austin Riley C Liam Hicks OF Cody Bellinger OF Christian Yelich OF Mike Yastrzemski P Jacob Misiorowski P Drew Rasmussen SS Xander Bogaerts,,,
235,5279739838,LMS77,0,92.2,1B Jonathan Aranda 2B Travis Bazzana 3B Colson Montgomery C Liam Hicks OF Jackson Merrill OF Andy Pages OF Samad Taylor P Jacob Misiorowski P Drew Rasmussen SS Brayan Rocchio,,,
237,5278862816,qazws0,0,91.8,1B Jonathan Aranda 2B David Hamilton 3B Jose Ramirez C Kyle Teel OF Jackson Chourio OF Kyle Tucker OF Michael Harris II P Parker Messick P Gerrit Cole SS Brayan Rocchio,,,
237,5279499987,luvthemredbirds,0,91.8,1B Freddie Freeman 2B Jazz Chisholm Jr. 3B Max Muncy C Austin Wells OF Kyle Tucker OF Cody Bellinger OF Spencer Jones P Parker Messick P Gerrit Cole SS Mookie Betts,,,
239,5279110613,nedmartin,0,91.35,1B Matt Olson 2B Ozzie Albies 3B Max Muncy C Gary Sanchez OF Fernando Tatis Jr. OF Andy Pages OF Jo Adell P Drew Rasmussen P Parker Messick SS Mauricio Dubon,,,
240,5278686449,TrojanMom85,0,91.299995,1B Yandy Diaz 2B Chase Meidroth 3B Max Muncy C Liam Hicks OF Andy Pages OF Cody Bellinger OF Chase DeLauter P Drew Rasmussen P Tarik Skubal SS Cooper Pratt,,,
240,5278798182,terryf20,0,91.299995,1B Ty France 2B Travis Bazzana 3B Max Muncy C Will Smith OF Jackson Merrill OF Andy Pages OF Chase DeLauter P Drew Rasmussen P Tarik Skubal SS George Lombard Jr.,,,
240,5279755847,nuffnutz,0,91.299995,1B Ty France 2B Brice Turang 3B Yandy Diaz C Kyle Teel OF Andy Pages OF Victor Mesa Jr. OF Josue De Paula P Drew Rasmussen P Tarik Skubal SS Brayan Rocchio,,,
243,5279720811,interigator007,0,91.25,1B Jake Bauers 2B Tommy Edman 3B Max Muncy C Will Smith OF Kyle Tucker OF Andy Pages OF Luis Lara P Parker Messick P Tarik Skubal SS Cooper Pratt,,,
244,5279254591,shaunb24,0,91.2,1B Jonathan Aranda 2B Chase Meidroth 3B Jose Ramirez C Austin Wells OF Jackson Chourio OF Jo Adell OF Jonny DeLuca P Jacob Misiorowski P Drew Rasmussen SS Cooper Pratt,,,
244,5279476537,kodiakdog1966,0,91.2,1B David Fry 2B Chase Meidroth 3B Max Muncy C Gary Sanchez OF Teoscar Hernandez OF Andy Pages OF Angel Martinez P Jacob Misiorowski P Drew Rasmussen SS Brayan Rocchio,,,
246,5279583998,wano0916,0,91.15,1B David Fry 2B Tommy Edman 3B Max Muncy C Will Smith OF Kyle Tucker OF Teoscar Hernandez OF Steven Kwan P Jacob Misiorowski P Parker Messick SS Cooper Pratt,,,
247,5278790625,SharkVader,0,90.85,1B Jonathan Aranda 2B Sam Antonacci 3B Colson Montgomery C Drake Baldwin OF Fernando Tatis Jr. OF Michael Harris II OF Victor Mesa Jr. P Drew Rasmussen P Gerrit Cole SS Mauricio Dubon,,,
248,5279795450,BrentK1092690,0,90.65,1B Yandy Diaz 2B Ozzie Albies 3B Max Muncy C Will Smith OF Kyle Tucker OF Jonny DeLuca OF Spencer Jones P Jacob Misiorowski P Gerrit Cole SS Mauricio Dubon,,,
249,5279101736,Aoteoroa,0,90.5,1B Freddie Freeman 2B Travis Bazzana 3B Jose Ramirez C Will Smith OF Kyle Tucker OF Teoscar Hernandez OF Tommy Edman P Robbie Ray P Tarik Skubal SS Brayan Rocchio,,,
250,5279684156,TheRedCapes,0,90.3,1B Yandy Diaz 2B Ozzie Albies 3B Jose Ramirez C Will Smith OF Andy Pages OF Angel Martinez OF Jo Adell P Drew Rasmussen P Tarik Skubal SS George Lombard Jr.,,,
251,5279503932,kushep,0,90.2,1B Yandy Diaz 2B Chase Meidroth 3B Colson Montgomery C Liam Hicks OF Jackson Chourio OF Randal Grichuk OF Braden Montgomery P Jacob Misiorowski P Drew Rasmussen SS Cooper Pratt,,,
251,5279515118,ChargersFan709,0,90.2,1B Munetaka Murakami 2B Brice Turang 3B Jake Cronenworth C Drake Baldwin OF Steven Kwan OF Tristan Peters OF Braden Montgomery P Jacob Misiorowski P Drew Rasmussen SS Cooper Pratt,,,
253,5278680940,realtoray,0,90.1,1B Jonathan Aranda 2B Richie Palacios 3B Max Muncy C Liam Hicks OF Tommy Edman OF Victor Mesa Jr. OF Steven Kwan P Jacob Misiorowski P Tarik Skubal SS Brayan Rocchio,,,
253,5279188672,slashmatic,0,90.1,1B David Fry 2B Travis Bazzana 3B Max Muncy C Austin Hedges OF Kyle Tucker OF Andy Pages OF Steven Kwan P Jacob Misiorowski P Tarik Skubal SS Brayan Rocchio,,,
253,5279813385,amsterbri,0,90.1,1B Jake Bauers 2B Richie Palacios 3B David Hamilton C Liam Hicks OF Kyle Tucker OF Christian Yelich OF Steven Kwan P Jacob Misiorowski P Tarik Skubal SS George Lombard Jr.,,,
256,5279163642,deanp007,0,89.75,1B Freddie Freeman 2B Chase Meidroth 3B Max Muncy C William Contreras OF Jackson Merrill OF Dustin Harris OF Braden Montgomery P Gerrit Cole P Tarik Skubal SS Brayan Rocchio,,,
257,5279270390,dallasbutnocowboy,0,89.399994,1B Ty France 2B Ozzie Albies 3B Yandy Diaz C Drake Baldwin OF Fernando Tatis Jr. OF Michael Harris II OF Chandler Simpson P Drew Rasmussen P Hagen Smith SS Mookie Betts,,,
258,5278840349,djmalps01,0,89.35,1B Jonathan Aranda 2B Chase Meidroth 3B Austin Riley C Will Smith OF Jackson Chourio OF Ronald Acuna Jr. OF Chase DeLauter P Drew Rasmussen P Parker Messick SS Cooper Pratt,,,
258,5279404056,Mutchbiz,0,89.35,1B Yandy Diaz 2B Richie Palacios 3B Junior Caminero C Liam Hicks OF Jackson Chourio OF Michael Harris II OF Chandler Simpson P Drew Rasmussen P Parker Messick SS George Lombard Jr.,,,
258,5279485585,klassicthegreat,0,89.35,1B Yandy Diaz 2B Ozzie Albies 3B Jose Ramirez C Liam Hicks OF Angel Martinez OF Jo Adell OF Spencer Jones P Drew Rasmussen P Parker Messick SS Mookie Betts,,,
261,5278995711,haitiankid79,0,89.3,1B Yandy Diaz 2B Chase Meidroth 3B Max Muncy C Will Smith OF Andy Pages OF Christian Yelich OF Jonny DeLuca P Drew Rasmussen P Tarik Skubal SS Brayan Rocchio,,,
261,5279429662,fstampfl,0,89.3,1B Yandy Diaz 2B Chase Meidroth 3B Miguel Vargas C Liam Hicks OF Victor Mesa Jr. OF Trent Grisham OF Cedric Mullins P Drew Rasmussen P Tarik Skubal SS Cooper Pratt,,,
261,5279793816,Dennyban,0,89.3,1B Yandy Diaz 2B Richie Palacios 3B Jose Ramirez C Austin Hedges OF Ronald Acuna Jr. OF Michael Harris II OF Christian Yelich P Drew Rasmussen P Tarik Skubal SS Mauricio Dubon,,,
261,5279770536,stiles_12,0,89.299995,1B Shohei Ohtani 2B Brice Turang 3B Max Muncy C William Contreras OF Christian Yelich OF Randal Grichuk OF Tommy Pham P Tarik Skubal P Hagen Smith SS Mookie Betts,,,
265,5279512894,fatatb11,0,89.25,1B Luis Garcia Jr. 2B Miguel Rojas 3B Max Muncy C Austin Wells OF Kyle Tucker OF Andy Pages OF Spencer Jones P Parker Messick P Tarik Skubal SS Mookie Betts,,,
266,5279388190,dabagz0216,0,89.2,1B Jake Bauers 2B Chase Meidroth 3B Yandy Diaz C Austin Wells OF Jackson Chourio OF Christian Yelich OF Chandler Simpson P Jacob Misiorowski P Drew Rasmussen SS George Lombard Jr.,,,
266,5279808074,albie4,0,89.2,1B David Fry 2B Richie Palacios 3B Jose Ramirez C Will Smith OF Teoscar Hernandez OF Randal Grichuk OF Tommy Pham P Jacob Misiorowski P Drew Rasmussen SS Mookie Betts,,,
268,5278491324,brontoball,0,89.15,1B Yandy Diaz 2B Ozzie Albies 3B Colson Montgomery C Liam Hicks OF Teoscar Hernandez OF Andy Pages OF Tommy Edman P Jacob Misiorowski P Parker Messick SS George Lombard Jr.,,,
269,5278923577,Jessticular,0,89.1,1B Jonathan Aranda 2B Chase Meidroth 3B Yandy Diaz C Austin Wells OF Kyle Tucker OF Chase DeLauter OF Chandler Simpson P Jacob Misiorowski P Tarik Skubal SS Brayan Rocchio,,,
269,5279369932,Blackbeard22,0,89.1,1B Yandy Diaz 2B Ozzie Albies 3B Jake Cronenworth C Liam Hicks OF Jackson Chourio OF Randal Grichuk OF Mauricio Dubon P Jacob Misiorowski P Tarik Skubal SS Luisangel Acuna,,,
269,5279515234,winxs39,0,89.1,1B Freddie Freeman 2B Richie Palacios 3B Ryan McMahon C Kyle Teel OF Jackson Chourio OF Garrett Mitchell OF Luis Lara P Jacob Misiorowski P Tarik Skubal SS Ha-Seong Kim,,,
272,5278952871,jean_bordeaux,0,88.75,1B Freddie Freeman 2B Jake Cronenworth 3B Max Muncy C Ben Rice OF Teoscar Hernandez OF Jo Adell OF Spencer Jones P Gerrit Cole P Tarik Skubal SS George Lombard Jr.,,,
272,5279337777,migvaq,0,88.75,1B Jake Bauers 2B Brice Turang 3B Colson Montgomery C William Contreras OF Andy Pages OF Victor Mesa Jr. OF Jo Adell P Gerrit Cole P Tarik Skubal SS Brayan Rocchio,,,
274,5279453375,nreason,0,88.65,1B Shohei Ohtani 2B Ozzie Albies 3B Colson Montgomery C Kyle Teel OF Kyle Tucker OF Randal Grichuk OF Braden Montgomery P Jacob Misiorowski P Gerrit Cole SS George Lombard Jr.,,,
275,5279134403,Nick628,0,88.35,1B Shohei Ohtani 2B Richie Palacios 3B Austin Riley C Will Smith OF Kyle Tucker OF Andy Pages OF Luis Lara P Drew Rasmussen P Parker Messick SS Cooper Pratt,,,
275,5279327513,waltsundberg,0,88.35,1B Ty France 2B Fernando Tatis Jr. 3B Yandy Diaz C Liam Hicks OF Jackson Chourio OF Randal Grichuk OF Spencer Jones P Drew Rasmussen P Parker Messick SS George Lombard Jr.,,,
275,5279583442,josh.0,0,88.35,1B Freddie Freeman 2B Travis Bazzana 3B Max Muncy C Patrick Bailey OF Shohei Ohtani OF Chase DeLauter OF Jo Adell P Drew Rasmussen P Parker Messick SS Brayan Rocchio,,,
278,5279316738,DaltonsMostInfamous,0,88.25,1B Freddie Freeman 2B Travis Bazzana 3B Jose Ramirez C Luis Campusano OF Kyle Tucker OF Angel Martinez OF Andrew Benintendi P Parker Messick P Tarik Skubal SS Brayan Rocchio,,,
278,5279321188,cliffr03690,0,88.25,1B Shohei Ohtani 2B Tommy Edman 3B Max Muncy C Austin Wells OF Teoscar Hernandez OF Andy Pages OF Luis Lara P Parker Messick P Tarik Skubal SS Cooper Pratt,,,
278,5279777303,suds23,0,88.25,1B David Fry 2B Chase Meidroth 3B Jake Cronenworth C William Contreras OF Jackson Chourio OF Jo Adell OF Dustin Harris P Parker Messick P Tarik Skubal SS Mookie Betts,,,
281,5278903529,cfritz08,0,88.2,1B Paul Goldschmidt 2B Richie Palacios 3B Yandy Diaz C Luis Campusano OF Jackson Chourio OF Andy Pages OF Christian Yelich P Jacob Misiorowski P Drew Rasmussen SS George Lombard Jr.,,,
281,5279609348,mikehataway,0,88.2,1B David Fry 2B Chase Meidroth 3B Max Muncy C Kyle Teel OF Jackson Chourio OF Andy Pages OF Jo Adell P Jacob Misiorowski P Drew Rasmussen SS George Lombard Jr.,,,
281,5279696501,avs12,0,88.2,1B Jake Bauers 2B Richie Palacios 3B Yandy Diaz C William Contreras OF Andy Pages OF Tommy Edman OF Chandler Simpson P Jacob Misiorowski P Drew Rasmussen SS Cooper Pratt,,,
281,5279761870,gooch122664,0,88.2,1B Ben Rice 2B Chase Meidroth 3B Ryan McMahon C William Contreras OF Chase DeLauter OF Garrett Mitchell OF Steven Kwan P Jacob Misiorowski P Drew Rasmussen SS Brayan Rocchio,,,
281,5279797935,destructking,0,88.2,1B Jake Bauers 2B Chase Meidroth 3B Colson Montgomery C Liam Hicks OF Tommy Edman OF Chase DeLauter OF Trent Grisham P Jacob Misiorowski P Drew Rasmussen SS Xander Bogaerts,,,
286,5278818274,Steagles46,0,88.15,1B Shohei Ohtani 2B Richie Palacios 3B Jake Cronenworth C Sean Murphy OF Kyle Tucker OF Tommy Edman OF Trent Grisham P Jacob Misiorowski P Parker Messick SS Colson Montgomery,,,
286,5279403450,hitmen20002002,0,88.15,1B Jonathan Aranda 2B Travis Bazzana 3B Max Muncy C Liam Hicks OF Jackson Chourio OF Steven Kwan OF Luis Lara P Jacob Misiorowski P Parker Messick SS Cooper Pratt,,,
288,5279791213,cdubbs4564,0,88.1,1B David Fry 2B Ozzie Albies 3B Jose Ramirez C Austin Hedges OF Teoscar Hernandez OF Andy Pages OF Steven Kwan P Jacob Misiorowski P Tarik Skubal SS Brayan Rocchio,,,
289,5279126497,baseballbridget,0,87.35,1B Luis Garcia Jr. 2B Chase Meidroth 3B Yandy Diaz C Liam Hicks OF Jackson Chourio OF Ronald Acuna Jr. OF Braden Montgomery P Drew Rasmussen P Parker Messick SS Mauricio Dubon,,,
289,5279703378,mythicalrhymer01,0,87.35,1B Ty France 2B Brice Turang 3B Austin Riley C Drake Baldwin OF Fernando Tatis Jr. OF Chandler Simpson OF Dustin Harris P Drew Rasmussen P Parker Messick SS Xander Bogaerts,,,
291,5279092109,qwells,0,87.3,1B Yandy Diaz 2B Brice Turang 3B Kike Hernandez C Will Smith OF Jackson Merrill OF Randal Grichuk OF Josue De Paula P Drew Rasmussen P Tarik Skubal SS Colson Montgomery,,,
292,5279317164,bombers914,0,87.25,1B Jonathan Aranda 2B Richie Palacios 3B Jose Ramirez C Luis Campusano OF Jackson Chourio OF Cody Bellinger OF Angel Martinez P Parker Messick P Tarik Skubal SS Mauricio Dubon,,,
293,5279313562,Sizzy,0,87.2,1B Freddie Freeman 2B Richie Palacios 3B Yandy Diaz C Austin Hedges OF Jackson Chourio OF Jo Adell OF Brenton Doyle P Jacob Misiorowski P Drew Rasmussen SS Cooper Pratt,,,
293,5279326444,JJsBack,0,87.2,1B Freddie Freeman 2B Tommy Edman 3B Max Muncy C Ethan Salas OF Christian Yelich OF Luis Lara OF Josue De Paula P Jacob Misiorowski P Drew Rasmussen SS Cooper Pratt,,,
295,5279813282,ed8802,0,87.15,1B Jonathan Aranda 2B Ozzie Albies 3B Jose Ramirez C Will Smith OF Teoscar Hernandez OF Jo Adell OF Steven Kwan P Jacob Misiorowski P Parker Messick SS Mauricio Dubon,,,
296,5279782978,Woah_Kemosabe,0,87.1,1B Jonathan Aranda 2B Chase Meidroth 3B Max Muncy C William Contreras OF Steven Kwan OF Spencer Jones OF Chandler Simpson P Jacob Misiorowski P Tarik Skubal SS George Lombard Jr.,,,
297,5278976765,jklodawizard,0,86.85,1B Munetaka Murakami 2B Jazz Chisholm Jr. 3B Joey Ortiz C Will Smith OF Shohei Ohtani OF Tommy Edman OF Jo Adell P Drew Rasmussen P Gerrit Cole SS George Lombard Jr.,,,
298,5279689701,Bray0926,0,86.75,1B Jonathan Aranda 2B Chase Meidroth 3B Jose Ramirez C Austin Wells OF Jackson Chourio OF Andy Pages OF Giancarlo Stanton P Gerrit Cole P Tarik Skubal SS Xander Bogaerts,,,
299,5279522604,Whoson1st66,0,86.600006,1B Jonathan Aranda 2B Ozzie Albies 3B Yandy Diaz C Drake Baldwin OF Fernando Tatis Jr. OF Andy Pages OF Chandler Simpson P Drew Rasmussen P Robbie Ray SS Mookie Betts,,,
300,5279441679,bcoll413,0,86.35,1B Yandy Diaz 2B Tommy Edman 3B Jose Ramirez C William Contreras OF Ronald Acuna Jr. OF Cody Bellinger OF Steven Kwan P Drew Rasmussen P Parker Messick SS Mauricio Dubon,,,
301,5279769861,JoeCool20-16,0,86.3,1B Yandy Diaz 2B Travis Bazzana 3B Jose Ramirez C Liam Hicks OF Andy Pages OF Angel Martinez OF Jo Adell P Drew Rasmussen P Tarik Skubal SS Brayan Rocchio,,,
301,5279772652,johnnymeatball,0,86.3,1B David Fry 2B Jake Cronenworth 3B Manny Machado C Will Smith OF Fernando Tatis Jr. OF Jackson Merrill OF Steven Kwan P Drew Rasmussen P Tarik Skubal SS Brayan Rocchio,,,
303,5279615773,threegronks,0,86.25,1B Shohei Ohtani 2B Tommy Edman 3B Max Muncy C Austin Wells OF Teoscar Hernandez OF Andy Pages OF Spencer Jones P Parker Messick P Tarik Skubal SS George Lombard Jr.,,,
303,5279654174,ihateurmomsson,0,86.25,1B Yandy Diaz 2B Travis Bazzana 3B Max Muncy C Will Smith OF Teoscar Hernandez OF Chase DeLauter OF Steven Kwan P Parker Messick P Tarik Skubal SS Taylor Walls,,,
305,5278737152,Terry301,0,86.2,1B Matt Olson 2B Ozzie Albies 3B Junior Caminero C Gary Sanchez OF Chase DeLauter OF Mike Yastrzemski OF Akil Baddoo P Jacob Misiorowski P Drew Rasmussen SS Colson Montgomery,,,
305,5278961865,MadeFromMetal,0,86.2,1B Jonathan Aranda 2B Richie Palacios 3B Yandy Diaz C Austin Hedges OF Andy Pages OF Victor Mesa Jr. OF Brenton Doyle P Jacob Misiorowski P Drew Rasmussen SS Mookie Betts,,,
305,5279111135,Jsystem,0,86.2,1B Jonathan Aranda 2B Chase Meidroth 3B Yandy Diaz C Austin Wells OF Ronald Acuna Jr. OF Michael Harris II OF Victor Mesa Jr. P Jacob Misiorowski P Drew Rasmussen SS Mauricio Dubon,,,
305,5279547026,Pootnami,0,86.2,1B Jake Bauers 2B Travis Bazzana 3B Joey Ortiz C William Contreras OF Christian Yelich OF Chase DeLauter OF Jo Adell P Jacob Misiorowski P Drew Rasmussen SS Cooper Pratt,,,
305,5279640373,Erich00,0,86.2,1B Ty France 2B Ozzie Albies 3B Jake Cronenworth C Austin Hedges OF Ronald Acuna Jr. OF Jackson Merrill OF Michael Harris II P Jacob Misiorowski P Drew Rasmussen SS George Lombard Jr.,,,
310,5278511368,briannedanielle,0,86.15,1B Jonathan Aranda 2B Tommy Edman 3B Max Muncy C Will Smith OF Kyle Tucker OF Jo Adell OF Steven Kwan P Jacob Misiorowski P Parker Messick SS Mauricio Dubon,,,
310,5278784570,Slugxx,0,86.15,1B Yandy Diaz 2B Ozzie Albies 3B Max Muncy C Austin Wells OF Jackson Chourio OF Chase DeLauter OF Spencer Jones P Jacob Misiorowski P Parker Messick SS Brayan Rocchio,,,
310,5279273484,jjnads2000,0,86.15,1B Jonathan Aranda 2B Tommy Edman 3B Max Muncy C Will Smith OF Kyle Tucker OF Jo Adell OF Steven Kwan P Jacob Misiorowski P Parker Messick SS Mauricio Dubon,,,
310,5279378365,aylsg,0,86.15,1B Jonathan Aranda 2B Tommy Edman 3B Max Muncy C Will Smith OF Kyle Tucker OF Jo Adell OF Steven Kwan P Jacob Misiorowski P Parker Messick SS Mauricio Dubon,,,
310,5279450657,Awilson88,0,86.15,1B Jonathan Aranda 2B Tommy Edman 3B Max Muncy C Will Smith OF Kyle Tucker OF Jo Adell OF Steven Kwan P Jacob Misiorowski P Parker Messick SS Mauricio Dubon,,,
310,5279699224,Davidstillwell,0,86.15,1B Jonathan Aranda 2B Tommy Edman 3B Max Muncy C Will Smith OF Kyle Tucker OF Jo Adell OF Steven Kwan P Jacob Misiorowski P Parker Messick SS Mauricio Dubon,,,
310,5279800372,luckymanifestor,0,86.15,1B Jonathan Aranda 2B Tommy Edman 3B Max Muncy C Will Smith OF Kyle Tucker OF Jo Adell OF Steven Kwan P Jacob Misiorowski P Parker Messick SS Mauricio Dubon,,,
310,5279818717,FLEX305JC,0,86.15,1B Jonathan Aranda 2B Tommy Edman 3B Max Muncy C Will Smith OF Kyle Tucker OF Jo Adell OF Steven Kwan P Jacob Misiorowski P Parker Messick SS Mauricio Dubon,,,
318,5278802528,Scoring32,0,85.65,1B Ben Rice 2B Tommy Edman 3B Max Muncy C Austin Wells OF Teoscar Hernandez OF Cody Bellinger OF Garrett Mitchell P Jacob Misiorowski P Gerrit Cole SS George Lombard Jr.,,,
318,5278876634,swalcorn,0,85.65,1B Freddie Freeman 2B Tommy Edman 3B Max Muncy C Austin Wells OF Jackson Chourio OF Garrett Mitchell OF Andrew Benintendi P Jacob Misiorowski P Gerrit Cole SS Cooper Pratt,,,
318,5279537214,hosswsox,0,85.65,1B Freddie Freeman 2B Ozzie Albies 3B Yandy Diaz C Will Smith OF Kyle Tucker OF Tommy Pham OF Josue De Paula P Jacob Misiorowski P Gerrit Cole SS Brayan Rocchio,,,
321,5278849957,Tnob,0,85.600006,1B Yandy Diaz 2B Ozzie Albies 3B Junior Caminero C Liam Hicks OF Shohei Ohtani OF Christian Yelich OF Chandler Simpson P Drew Rasmussen P Robbie Ray SS Xander Bogaerts,,,
321,5278908625,ajmccann,0,85.600006,1B Shohei Ohtani 2B Ozzie Albies 3B Manny Machado C Liam Hicks OF Angel Martinez OF Randal Grichuk OF Tommy Pham P Drew Rasmussen P Robbie Ray SS Mookie Betts,,,
323,5278598304,stumpfest,0,85.399994,1B Yandy Diaz 2B Chase Meidroth 3B Miguel Vargas C Will Smith OF Fernando Tatis Jr. OF Jackson Chourio OF Jackson Merrill P Drew Rasmussen P Hagen Smith SS Brayan Rocchio,,,
324,5279092222,Muser64,0,85.35,1B Jake Bauers 2B Jazz Chisholm Jr. 3B Manny Machado C Kyle Teel OF Jackson Merrill OF Andy Pages OF Sam Antonacci P Drew Rasmussen P Parker Messick SS Mauricio Dubon,,,
324,5279758292,My_sons,0,85.35,1B Freddie Freeman 2B Richie Palacios 3B Max Muncy C Will Smith OF Andy Pages OF Jonny DeLuca OF Chandler Simpson P Drew Rasmussen P Parker Messick SS Mookie Betts,,,
326,5278914061,jmh9987,0,85.25,1B Jonathan Aranda 2B Chase Meidroth 3B Austin Riley C Will Smith OF Jackson Chourio OF Tommy Edman OF Steven Kwan P Parker Messick P Tarik Skubal SS Colson Montgomery,,,
326,5279294696,Young_flubs,0,85.25,1B Jake Bauers 2B Tommy Edman 3B Max Muncy C William Contreras OF Andy Pages OF Jo Adell OF Steven Kwan P Parker Messick P Tarik Skubal SS Brayan Rocchio,,,
328,5278649374,rharvey80,0,85.2,1B Jake Bauers 2B Tommy Edman 3B Jake Cronenworth C William Contreras OF Andy Pages OF Christian Yelich OF Jo Adell P Jacob Misiorowski P Drew Rasmussen SS Cooper Pratt,,,
328,5278691482,mattped23,0,85.2,1B Jake Bauers 2B Chase Meidroth 3B Miguel Vargas C Austin Hedges OF Angel Martinez OF Randal Grichuk OF Tommy Pham P Jacob Misiorowski P Drew Rasmussen SS Colson Montgomery,,,
330,5279145266,justutah,0,84.8,1B Freddie Freeman 2B Travis Bazzana 3B Max Muncy C Austin Wells OF Shohei Ohtani OF Jackson Merrill OF Teoscar Hernandez P Parker Messick P Gerrit Cole SS George Lombard Jr.,,,
331,5278790494,RONR42S,0,84.75,1B Ty France 2B Richie Palacios 3B Manny Machado C Sean Murphy OF Fernando Tatis Jr. OF Ronald Acuna Jr. OF Cody Bellinger P Gerrit Cole P Tarik Skubal SS George Lombard Jr.,,,
331,5279360196,ethpix,0,84.75,1B Jake Bauers 2B Tommy Edman 3B Joey Ortiz C William Contreras OF Jackson Chourio OF Andy Pages OF Trent Grisham P Gerrit Cole P Tarik Skubal SS George Lombard Jr.,,,
333,5279789799,clemsongamer,0,84.55,1B Matt Olson 2B Ozzie Albies 3B Junior Caminero C Sean Murphy OF Jackson Chourio OF Ronald Acuna Jr. OF Michael Harris II P Jacob Misiorowski P Dylan Dodd SS Cooper Pratt,,,
334,5278711323,billftball,0,84.399994,1B David Fry 2B Fernando Tatis Jr. 3B Miguel Vargas C Ben Rice OF Jackson Chourio OF Angel Martinez OF Chase DeLauter P Drew Rasmussen P Hagen Smith SS Brayan Rocchio,,,
335,5278813901,ShineCrazyDiamond,0,84.35,1B Yandy Diaz 2B Jake Cronenworth 3B Manny Machado C Luis Campusano OF Fernando Tatis Jr. OF Jonny DeLuca OF Gavin Sheets P Drew Rasmussen P Parker Messick SS Mookie Betts,,,
336,5279718206,e_quevedo,0,84.3,1B Ty France 2B Tommy Edman 3B Yandy Diaz C Will Smith OF Andy Pages OF Steven Kwan OF Gavin Sheets P Drew Rasmussen P Tarik Skubal SS Mookie Betts,,,
337,5279371828,marino82867,0,84.2,1B Yandy Diaz 2B Travis Bazzana 3B Jake Cronenworth C William Contreras OF Jackson Merrill OF Sam Antonacci OF Luis Lara P Jacob Misiorowski P Drew Rasmussen SS Mauricio Dubon,,,
337,5279444130,souge369,0,84.2,1B David Fry 2B Jazz Chisholm Jr. 3B Austin Riley C Austin Hedges OF Fernando Tatis Jr. OF Jackson Chourio OF Tommy Pham P Jacob Misiorowski P Drew Rasmussen SS Cooper Pratt,,,
337,5279689964,dread4life,0,84.2,1B Munetaka Murakami 2B Chase Meidroth 3B Miguel Vargas C Blake Hunt OF Andy Pages OF Randal Grichuk OF Luis Lara P Jacob Misiorowski P Drew Rasmussen SS George Lombard Jr.,,,
340,5279572320,jgings28,0,84.15,1B Jonathan Aranda 2B Tommy Edman 3B Max Muncy C Will Smith OF Kyle Tucker OF Steven Kwan OF Chandler Simpson P Jacob Misiorowski P Parker Messick SS Joey Ortiz,,,
341,5279491655,jhendricks75,0,83.35,1B Yandy Diaz 2B Sam Antonacci 3B Max Muncy C Luis Campusano OF Shohei Ohtani OF Trent Grisham OF Randal Grichuk P Drew Rasmussen P Parker Messick SS Brayan Rocchio,,,
341,5279571809,bucklosers,0,83.35,1B Yandy Diaz 2B Chase Meidroth 3B Max Muncy C Austin Wells OF Shohei Ohtani OF Andy Pages OF Tommy Edman P Drew Rasmussen P Parker Messick SS Brayan Rocchio,,,
343,5279813359,ronron25,0,83.3,1B Freddie Freeman 2B Travis Bazzana 3B Jose Ramirez C Austin Hedges OF Andy Pages OF Angel Martinez OF Chase DeLauter P Drew Rasmussen P Tarik Skubal SS Cooper Pratt,,,
343,5278880770,Tainke,0,83.299995,1B Freddie Freeman 2B Fernando Tatis Jr. 3B Jose Ramirez C William Contreras OF Jackson Chourio OF Chase DeLauter OF Jo Adell P Tarik Skubal P Hagen Smith SS Cooper Pratt,,,
345,5278865460,DCB1,0,83.25,1B David Fry 2B Tommy Edman 3B Miguel Vargas C Ethan Salas OF Teoscar Hernandez OF Trent Grisham OF Randal Grichuk P Parker Messick P Tarik Skubal SS Mookie Betts,,,
346,5278502050,tjrams123,0,83.2,1B Yandy Diaz 2B Tommy Edman 3B Austin Riley C Will Smith OF Kyle Tucker OF Chase DeLauter OF Brenton Doyle P Jacob Misiorowski P Drew Rasmussen SS Cooper Pratt,,,
346,5279200656,flee24,0,83.2,1B Jake Bauers 2B Richie Palacios 3B Yandy Diaz C Liam Hicks OF Christian Yelich OF Victor Mesa Jr. OF Chandler Simpson P Jacob Misiorowski P Drew Rasmussen SS Cooper Pratt,,,
346,5279565997,jrow01,0,83.2,1B Munetaka Murakami 2B Chase Meidroth 3B Jose Ramirez C Kyle Teel OF Jo Adell OF Randal Grichuk OF Tommy Pham P Jacob Misiorowski P Drew Rasmussen SS Brayan Rocchio,,,
346,5279669459,UGENLEWIN,0,83.2,1B Jonathan Aranda 2B Tommy Edman 3B Yandy Diaz C Austin Wells OF Ronald Acuna Jr. OF Andy Pages OF Cody Bellinger P Jacob Misiorowski P Drew Rasmussen SS George Lombard Jr.,,,
350,5279686118,Goatradamus,0,83.15,1B David Fry 2B Travis Bazzana 3B Max Muncy C Austin Wells OF Shohei Ohtani OF Kyle Tucker OF Steven Kwan P Jacob Misiorowski P Parker Messick SS Brayan Rocchio,,,
351,5278700120,aquarius,0,83.1,1B Jake Bauers 2B Richie Palacios 3B Colson Montgomery C Austin Wells OF Tommy Edman OF Chase DeLauter OF Garrett Mitchell P Jacob Misiorowski P Tarik Skubal SS Cooper Pratt,,,
351,5279447997,sbish11,0,83.1,1B Jonathan Aranda 2B Tommy Edman 3B Joey Ortiz C Will Smith OF Kyle Tucker OF Jo Adell OF Steven Kwan P Jacob Misiorowski P Tarik Skubal SS George Lombard Jr.,,,
351,5279738515,chetman5000,0,83.1,1B David Fry 2B Travis Bazzana 3B Colson Montgomery C Kyle Teel OF Teoscar Hernandez OF Andy Pages OF Cody Bellinger P Jacob Misiorowski P Tarik Skubal SS Brayan Rocchio,,,
351,5279813439,Kelpius,0,83.1,1B David Fry 2B Richie Palacios 3B Junior Caminero C Liam Hicks OF Kyle Tucker OF Steven Kwan OF Braden Montgomery P Jacob Misiorowski P Tarik Skubal SS George Lombard Jr.,,,
355,5279346526,4prongdigger,0,82.85,1B Matt Olson 2B Brice Turang 3B Austin Riley C Drake Baldwin OF Michael Harris II OF Christian Yelich OF Garrett Mitchell P Drew Rasmussen P Gerrit Cole SS Mauricio Dubon,,,
356,5279569789,ronmexicoburgundy,0,82.8,1B Luis Garcia Jr. 2B Tommy Edman 3B Max Muncy C Ben Rice OF Teoscar Hernandez OF Cody Bellinger OF Garrett Mitchell P Parker Messick P Gerrit Cole SS Brayan Rocchio,,,
357,5279132371,ChicagoMagpie,0,82.75,1B Jake Bauers 2B Chase Meidroth 3B Max Muncy C William Contreras OF Andy Pages OF Cody Bellinger OF Trent Grisham P Gerrit Cole P Tarik Skubal SS Brayan Rocchio,,,
358,5279653876,FurrPapa63,0,82.700005,1B Jake Bauers 2B Brice Turang 3B Yandy Diaz C William Contreras OF Jackson Chourio OF Cody Bellinger OF Spencer Jones P Parker Messick P Dylan Dodd SS Mookie Betts,,,
359,5279722221,Itzpcraft,0,82.35,1B Matt Olson 2B Ozzie Albies 3B Austin Riley C Drake Baldwin OF Michael Harris II OF Angel Martinez OF Jo Adell P Drew Rasmussen P Parker Messick SS Xander Bogaerts,,,
360,5279795827,bignasty03,0,82.3,1B Yandy Diaz 2B Chase Meidroth 3B Junior Caminero C Kyle Teel OF Tommy Edman OF Jo Adell OF Randal Grichuk P Drew Rasmussen P Tarik Skubal SS Brayan Rocchio,,,
361,5279678487,therizzo,0,82.2,1B Matt Olson 2B Ozzie Albies 3B Austin Riley C Drake Baldwin OF Ronald Acuna Jr. OF Jo Adell OF Tommy Pham P Jacob Misiorowski P Drew Rasmussen SS Cooper Pratt,,,
362,5279531859,dparrishsc,0,82.15,1B Nathaniel Lowe 2B Tommy Edman 3B Max Muncy C Austin Wells OF Teoscar Hernandez OF Andy Pages OF Braden Montgomery P Jacob Misiorowski P Parker Messick SS Mookie Betts,,,
362,5279539762,kipper12,0,82.15,1B Freddie Freeman 2B Tommy Edman 3B Ryan McMahon C Will Smith OF Kyle Tucker OF Teoscar Hernandez OF Jo Adell P Jacob Misiorowski P Parker Messick SS George Lombard Jr.,,,
362,5279732056,ibeckman,0,82.15,1B Freddie Freeman 2B Tommy Edman 3B Ryan McMahon C Will Smith OF Kyle Tucker OF Teoscar Hernandez OF Jo Adell P Jacob Misiorowski P Parker Messick SS George Lombard Jr.,,,
365,5278858426,kipwinger,0,82.1,1B Jonathan Aranda 2B Ozzie Albies 3B Austin Riley C Liam Hicks OF Cody Bellinger OF Tommy Edman OF Jo Adell P Jacob Misiorowski P Tarik Skubal SS Cooper Pratt,,,
366,5279787771,mkvail8121010,0,81.8,1B Yandy Diaz 2B Travis Bazzana 3B Colson Montgomery C William Contreras OF Jackson Chourio OF Andy Pages OF Josue De Paula P Parker Messick P Gerrit Cole SS Brayan Rocchio,,,
367,5279380637,edward21025,0,81.75,1B Freddie Freeman 2B Chase Meidroth 3B Max Muncy C Austin Wells OF Shohei Ohtani OF Jo Adell OF Heliot Ramos P Gerrit Cole P Tarik Skubal SS Colson Montgomery,,,
368,5279617570,Jimbobwae42,0,81.65,1B Jake Bauers 2B Jazz Chisholm Jr. 3B Ryan McMahon C Will Smith OF Jackson Chourio OF Teoscar Hernandez OF Spencer Jones P Jacob Misiorowski P Gerrit Cole SS George Lombard Jr.,,,
369,5279420446,A.Burgos930,0,81.600006,1B Yandy Diaz 2B Ozzie Albies 3B Junior Caminero C Sean Murphy OF Michael Harris II OF Jonny DeLuca OF Chandler Simpson P Drew Rasmussen P Robbie Ray SS Mauricio Dubon,,,
369,5279800114,dudemanpa,0,81.6,1B Munetaka Murakami 2B Tommy Edman 3B Junior Caminero C Ben Rice OF Shohei Ohtani OF Jackson Chourio OF Teoscar Hernandez P Robbie Ray P Hagen Smith SS Ha-Seong Kim,,,
371,5279363780,buckeyeguru,0,81.35,1B Yandy Diaz 2B Jake Cronenworth 3B Manny Machado C Liam Hicks OF Fernando Tatis Jr. OF Jackson Merrill OF Chandler Simpson P Drew Rasmussen P Parker Messick SS Mauricio Dubon,,,
371,5279653504,Hershh,0,81.35,1B Yandy Diaz 2B Tommy Edman 3B Junior Caminero C William Contreras OF Angel Martinez OF Jo Adell OF Josue De Paula P Drew Rasmussen P Parker Messick SS Brayan Rocchio,,,
373,5279556511,stink8510,0,81.3,1B Yandy Diaz 2B Travis Bazzana 3B Jose Ramirez C Will Smith OF Andy Pages OF Chase DeLauter OF Steven Kwan P Drew Rasmussen P Tarik Skubal SS Brayan Rocchio,,,
374,5279163290,Vris,0,81.25,1B Jake Bauers 2B Travis Bazzana 3B Jose Ramirez C Austin Hedges OF Jackson Chourio OF Christian Yelich OF Steven Kwan P Parker Messick P Tarik Skubal SS Brayan Rocchio,,,
375,5279350567,Fuzz988,0,81.2,1B Munetaka Murakami 2B Chase Meidroth 3B Jose Ramirez C Austin Hedges OF Jo Adell OF Randal Grichuk OF Steven Kwan P Jacob Misiorowski P Drew Rasmussen SS Brayan Rocchio,,,
375,5279544967,Bella_2015,0,81.2,1B Matt Olson 2B Travis Bazzana 3B Colson Montgomery C William Contreras OF Fernando Tatis Jr. OF Ronald Acuna Jr. OF Michael Harris II P Drew Rasmussen P JR Ritchie SS Mauricio Dubon,,,
375,5279643556,CFinch,0,81.2,1B David Fry 2B Travis Bazzana 3B Jose Ramirez C Kyle Teel OF Jackson Chourio OF Chase DeLauter OF Jo Adell P Jacob Misiorowski P Drew Rasmussen SS Cooper Pratt,,,
375,5279818267,kellinator138,0,81.2,1B Yandy Diaz 2B Ozzie Albies 3B Jake Cronenworth C Ben Rice OF Tommy Edman OF Trent Grisham OF Cedric Mullins P Jacob Misiorowski P Drew Rasmussen SS Cooper Pratt,,,
379,5279809427,GQ1NYC,0,81.15,1B David Fry 2B Jazz Chisholm Jr. 3B Jose Ramirez C William Contreras OF Kyle Tucker OF Jo Adell OF Steven Kwan P Jacob Misiorowski P Parker Messick SS Brayan Rocchio,,,
379,5279813079,Nrod30,0,81.15,1B Freddie Freeman 2B Tommy Edman 3B Ryan McMahon C William Contreras OF Teoscar Hernandez OF Chase DeLauter OF Spencer Jones P Jacob Misiorowski P Parker Messick SS Xander Bogaerts,,,
379,5279818598,jsibby20,0,81.15,1B Freddie Freeman 2B Ozzie Albies 3B Ryan McMahon C Austin Wells OF Jackson Chourio OF Ronald Acuna Jr. OF Jo Adell P Jacob Misiorowski P Parker Messick SS Mauricio Dubon,,,
382,5279470440,rollom0,0,81.1,1B Nathaniel Lowe 2B Travis Bazzana 3B Max Muncy C Will Smith OF Chase DeLauter OF Steven Kwan OF Luis Lara P Jacob Misiorowski P Tarik Skubal SS Colson Montgomery,,,
383,5279702584,dnr95,0,81.05,1B Munetaka Murakami 2B Travis Bazzana 3B Jose Ramirez C Austin Hedges OF Shohei Ohtani OF Kyle Tucker OF Jo Adell P Gerrit Cole P Robbie Ray SS Colson Montgomery,,,
384,5279799780,cjm419,0,80.85,1B Shohei Ohtani 2B Chase Meidroth 3B Jose Ramirez C William Contreras OF Tommy Edman OF Jo Adell OF Luis Lara P Drew Rasmussen P Gerrit Cole SS Joey Ortiz,,,
385,5279802402,eileen548,0,80.8,1B Yandy Diaz 2B Ozzie Albies 3B Junior Caminero C William Contreras OF Jackson Merrill OF Christian Yelich OF Cedric Mullins P Parker Messick P Gerrit Cole SS Xander Bogaerts,,,
386,5279643188,renegade,0,80.65,1B Ben Rice 2B Chase Meidroth 3B Miguel Vargas C Sean Murphy OF Kyle Tucker OF Randal Grichuk OF Tommy Pham P Jacob Misiorowski P Gerrit Cole SS George Lombard Jr.,,,
387,5278530725,smittay,0,80.35,1B Yandy Diaz 2B Tommy Edman 3B Max Muncy C Will Smith OF Andy Pages OF Jo Adell OF Steven Kwan P Drew Rasmussen P Parker Messick SS Mookie Betts,,,
387,5278606070,vstar1300,0,80.35,1B David Fry 2B Fernando Tatis Jr. 3B Manny Machado C Kyle Teel OF Jackson Merrill OF Andy Pages OF Tommy Edman P Drew Rasmussen P Parker Messick SS Xander Bogaerts,,,
387,5279685308,zubermaku,0,80.35,1B Jonathan Aranda 2B Richie Palacios 3B Jose Ramirez C Will Smith OF Shohei Ohtani OF Andy Pages OF Tommy Edman P Drew Rasmussen P Parker Messick SS George Lombard Jr.,,,
390,5279261135,jayho480,0,80.3,1B Freddie Freeman 2B Tommy Edman 3B Jose Ramirez C Will Smith OF Andy Pages OF Jo Adell OF Steven Kwan P Drew Rasmussen P Tarik Skubal SS George Lombard Jr.,,,
391,5279549532,smoothmomentum,0,80.25,1B Yandy Diaz 2B Ozzie Albies 3B Max Muncy C Will Smith OF Jackson Merrill OF Andy Pages OF Steven Kwan P Parker Messick P Tarik Skubal SS Brayan Rocchio,,,
392,5279602619,33JB,0,80.2,1B Freddie Freeman 2B Richie Palacios 3B Max Muncy C Will Smith OF Andy Pages OF Jonny DeLuca OF Chandler Simpson P Jacob Misiorowski P Drew Rasmussen SS Cooper Pratt,,,
393,5279777508,peterjpacheco,0,80.15,1B Freddie Freeman 2B Tommy Edman 3B Max Muncy C Austin Wells OF Kyle Tucker OF Andy Pages OF Chandler Simpson P Jacob Misiorowski P Parker Messick SS Cooper Pratt,,,
394,5278471483,DariaG,0,80.1,1B Jonathan Aranda 2B Travis Bazzana 3B Austin Riley C Kyle Teel OF Jackson Chourio OF Chandler Simpson OF Brenton Doyle P Jacob Misiorowski P Tarik Skubal SS Cooper Pratt,,,
394,5279173879,D-Wizzle,0,80.1,1B Ty France 2B Brice Turang 3B Ryan McMahon C Austin Wells OF Jackson Chourio OF Luis Lara OF Tommy Pham P Jacob Misiorowski P Tarik Skubal SS Mauricio Dubon,,,
394,5279196574,St.PaulKingsMen,0,80.1,1B Shohei Ohtani 2B Jake Cronenworth 3B Yandy Diaz C Austin Wells OF Kyle Tucker OF Trent Grisham OF Braden Montgomery P Jacob Misiorowski P Tarik Skubal SS Ha-Seong Kim,,,
397,5279371166,Scorpo1,0,80.05,1B Matt Olson 2B Ozzie Albies 3B Max Muncy C Drake Baldwin OF Shohei Ohtani OF Kyle Tucker OF Andy Pages P Gerrit Cole P Robbie Ray SS Mauricio Dubon,,,
398,5279781941,crazyhend,0,79.8,1B Freddie Freeman 2B Ozzie Albies 3B Jose Ramirez C Will Smith OF Jackson Chourio OF Trent Grisham OF Jo Adell P Parker Messick P Gerrit Cole SS Xander Bogaerts,,,
399,5278943321,jeffreyride,0,79.35,1B David Fry 2B Brice Turang 3B Jose Ramirez C Gary Sanchez OF Jackson Chourio OF Michael Harris II OF Chase DeLauter P Drew Rasmussen P Parker Messick SS Taylor Walls,,,
400,5279806239,jiomarflores,0,79.299995,1B Shohei Ohtani 2B Chase Meidroth 3B Miguel Vargas C Will Smith OF Teoscar Hernandez OF Randal Grichuk OF Tommy Pham P Tarik Skubal P Hagen Smith SS Mookie Betts,,,
401,5279664773,Latman7,0,79.25,1B Ty France 2B Brice Turang 3B Joey Ortiz C Will Smith OF Jackson Chourio OF Dustin Harris OF Luis Lara P Parker Messick P Tarik Skubal SS Cooper Pratt,,,
402,5279564314,HuntMarv,0,79.2,1B Yandy Diaz 2B Chase Meidroth 3B Junior Caminero C Sean Murphy OF Jonny DeLuca OF Steven Kwan OF Brenton Doyle P Jacob Misiorowski P Drew Rasmussen SS Brayan Rocchio,,,
402,5279567884,B1gSweets,0,79.2,1B Matt Olson 2B Ozzie Albies 3B Austin Riley C Drake Baldwin OF Chase DeLauter OF Jo Adell OF Steven Kwan P Jacob Misiorowski P Drew Rasmussen SS Mauricio Dubon,,,
404,5279092602,soonerbernie2002,0,79.15,1B Freddie Freeman 2B Travis Bazzana 3B Max Muncy C Austin Hedges OF Teoscar Hernandez OF Tommy Edman OF Chase DeLauter P Jacob Misiorowski P Parker Messick SS George Lombard Jr.,,,
404,5279591106,5Dolans2020,0,79.15,1B Jake Bauers 2B Richie Palacios 3B Kike Hernandez C William Contreras OF Jackson Chourio OF Christian Yelich OF Victor Mesa Jr. P Jacob Misiorowski P Parker Messick SS George Lombard Jr.,,,
404,5279595549,aceson,0,79.15,1B David Fry 2B Tommy Edman 3B Max Muncy C William Contreras OF Jackson Chourio OF Victor Mesa Jr. OF Chandler Simpson P Jacob Misiorowski P Parker Messick SS Cooper Pratt,,,
404,5279663213,josephalperto,0,79.15,1B Jonathan Aranda 2B Tommy Edman 3B Max Muncy C Will Smith OF Teoscar Hernandez OF Andy Pages OF Chandler Simpson P Jacob Misiorowski P Parker Messick SS George Lombard Jr.,,,
408,5279520793,kcmust,0,79.1,1B Jonathan Aranda 2B Travis Bazzana 3B Colson Montgomery C Austin Hedges OF Trent Grisham OF Jo Adell OF Tommy Pham P Jacob Misiorowski P Tarik Skubal SS Mookie Betts,,,
408,5279640271,hickokcpa,0,79.1,1B Jake Bauers 2B Richie Palacios 3B Ryan McMahon C Liam Hicks OF Jackson Chourio OF Jo Adell OF Tommy Pham P Jacob Misiorowski P Tarik Skubal SS Cooper Pratt,,,
410,5279349589,pinkandbrown44,0,78.8,1B Ben Rice 2B Travis Bazzana 3B Jose Ramirez C William Contreras OF Teoscar Hernandez OF Angel Martinez OF Christian Yelich P Parker Messick P Gerrit Cole SS George Lombard Jr.,,,
411,5279346895,errn123,0,78.65,1B Jonathan Aranda 2B Travis Bazzana 3B Jose Ramirez C Luis Campusano OF Teoscar Hernandez OF Andy Pages OF Angel Martinez P Jacob Misiorowski P Gerrit Cole SS George Lombard Jr.,,,
412,5278736155,mikeyrads5,0,78.35,1B Yandy Diaz 2B Travis Bazzana 3B Jose Ramirez C Liam Hicks OF Shohei Ohtani OF Jo Adell OF Steven Kwan P Drew Rasmussen P Parker Messick SS Brayan Rocchio,,,
412,5279536384,natec_heels,0,78.35,1B Yandy Diaz 2B Tommy Edman 3B Max Muncy C Will Smith OF Andy Pages OF Jo Adell OF Chandler Simpson P Drew Rasmussen P Parker Messick SS Mookie Betts,,,
414,5278984768,meyers2305,0,78.25,1B Jonathan Aranda 2B Richie Palacios 3B Junior Caminero C Ben Rice OF Garrett Mitchell OF Trent Grisham OF Chandler Simpson P Parker Messick P Tarik Skubal SS Taylor Walls,,,
414,5279775226,markobrien67,0,78.25,1B Jake Bauers 2B Jake Cronenworth 3B Yandy Diaz C Austin Wells OF Shohei Ohtani OF Jackson Chourio OF Braden Montgomery P Parker Messick P Tarik Skubal SS George Lombard Jr.,,,
416,5279083318,8589,0,78.2,1B Yandy Diaz 2B Chase Meidroth 3B Junior Caminero C Austin Wells OF Jackson Chourio OF Kyle Tucker OF Michael Harris II P Jacob Misiorowski P Hagen Smith SS Cooper Pratt,,,
416,5279331021,MasterLaster,0,78.2,1B David Fry 2B Tommy Edman 3B Jose Ramirez C Will Smith OF Jackson Chourio OF Steven Kwan OF Mauricio Dubon P Jacob Misiorowski P Drew Rasmussen SS Cooper Pratt,,,
416,5279372531,Kramsta21,0,78.2,1B Jonathan Aranda 2B Richie Palacios 3B Yandy Diaz C Will Smith OF Michael Harris II OF Cody Bellinger OF Trent Grisham P Jacob Misiorowski P Drew Rasmussen SS Mauricio Dubon,,,
416,5279631939,Dubbzz,0,78.2,1B Shohei Ohtani 2B Richie Palacios 3B Max Muncy C Will Smith OF Jo Adell OF Brenton Doyle OF Tommy Pham P Jacob Misiorowski P Drew Rasmussen SS Joey Ortiz,,,
420,5278721500,Elrancho,0,78.15,1B Luis Garcia Jr. 2B Ozzie Albies 3B Ryan McMahon C William Contreras OF Jackson Chourio OF Cody Bellinger OF Brenton Doyle P Jacob Misiorowski P Parker Messick SS Cooper Pratt,,,
420,5279709167,UltimateWin4,0,78.15,1B Freddie Freeman 2B Richie Palacios 3B Max Muncy C Will Smith OF Kyle Tucker OF Jo Adell OF Chandler Simpson P Jacob Misiorowski P Parker Messick SS George Lombard Jr.,,,
422,5278449673,razzles69,0,78.1,1B Jonathan Aranda 2B Tommy Edman 3B Joey Ortiz C Liam Hicks OF Angel Martinez OF Chase DeLauter OF Garrett Mitchell P Jacob Misiorowski P Tarik Skubal SS Ha-Seong Kim,,,
422,5278534278,dadsonit,0,78.1,1B David Fry 2B Chase Meidroth 3B Max Muncy C Austin Hedges OF Jackson Chourio OF Victor Mesa Jr. OF Steven Kwan P Jacob Misiorowski P Tarik Skubal SS George Lombard Jr.,,,
422,5278714180,lewisdix,0,78.1,1B Jonathan Aranda 2B Travis Bazzana 3B Max Muncy C Will Smith OF Tommy Edman OF Steven Kwan OF Chandler Simpson P Jacob Misiorowski P Tarik Skubal SS George Lombard Jr.,,,
425,5279241896,BountyHunter1983,0,78.05,1B Matt Olson 2B Ozzie Albies 3B Austin Riley C William Contreras OF Jackson Chourio OF Ronald Acuna Jr. OF Michael Harris II P Gerrit Cole P Robbie Ray SS Xander Bogaerts,,,
426,5278445269,sandmharris1,0,77.8,1B Paul Goldschmidt 2B Brice Turang 3B Max Muncy C Austin Hedges OF Jackson Chourio OF Steven Kwan OF Luis Lara P Parker Messick P Gerrit Cole SS Mookie Betts,,,
427,5278517571,mattrix83,0,77.75,1B Freddie Freeman 2B Chase Meidroth 3B Jose Ramirez C Will Smith OF Kyle Tucker OF Steven Kwan OF Spencer Jones P Gerrit Cole P Tarik Skubal SS George Lombard Jr.,,,
427,5278643151,SOSAFORHOF,0,77.75,1B Ben Rice 2B Ben Williamson 3B Miguel Vargas C Sean Murphy OF Andy Pages OF Victor Mesa Jr. OF Tommy Pham P Gerrit Cole P Tarik Skubal SS Mookie Betts,,,
427,5279740069,JeremyDunk21,0,77.75,1B Jonathan Aranda 2B Chase Meidroth 3B Yandy Diaz C Will Smith OF Jackson Chourio OF Andy Pages OF Steven Kwan P Gerrit Cole P Tarik Skubal SS Cooper Pratt,,,
430,5279703093,dave0127,0,77.65,1B Munetaka Murakami 2B Tommy Edman 3B Miguel Vargas C Sean Murphy OF Jackson Merrill OF Michael Harris II OF Tommy Pham P Jacob Misiorowski P Gerrit Cole SS Ha-Seong Kim,,,
431,5278816856,ggone400,0,77.35,1B Jonathan Aranda 2B Tommy Edman 3B Jose Ramirez C Will Smith OF Angel Martinez OF Victor Mesa Jr. OF Chandler Simpson P Drew Rasmussen P Parker Messick SS Brayan Rocchio,,,
431,5279585150,jammer310,0,77.35,1B Freddie Freeman 2B Travis Bazzana 3B Jose Ramirez C Kyle Teel OF Trent Grisham OF Jo Adell OF Jonny DeLuca P Drew Rasmussen P Parker Messick SS Mookie Betts,,,
433,5278705260,TheRealPeterman,0,77.2,1B David Fry 2B Chase Meidroth 3B Jose Ramirez C William Contreras OF Angel Martinez OF Christian Yelich OF Jo Adell P Jacob Misiorowski P Drew Rasmussen SS Brayan Rocchio,,,
433,5279000522,GameOnLetsGo,0,77.2,1B Matt Olson 2B Chase Meidroth 3B Junior Caminero C Sean Murphy OF Victor Mesa Jr. OF Randal Grichuk OF Chandler Simpson P Jacob Misiorowski P Drew Rasmussen SS Mauricio Dubon,,,
433,5279723167,ADG0423,0,77.2,1B Jonathan Aranda 2B Chase Meidroth 3B Jose Ramirez C Gary Sanchez OF Jackson Chourio OF Ronald Acuna Jr. OF Andy Pages P Drew Rasmussen P David Sandlin SS George Lombard Jr.,,,
436,5279349516,Slacker41,0,77.15,1B Nathaniel Lowe 2B Richie Palacios 3B Max Muncy C Liam Hicks OF Jackson Chourio OF Cody Bellinger OF Trent Grisham P Jacob Misiorowski P Parker Messick SS Cooper Pratt,,,
436,5279612812,luckyman4812,0,77.15,1B David Fry 2B Tommy Edman 3B Max Muncy C Austin Hedges OF Kyle Tucker OF Jo Adell OF Steven Kwan P Jacob Misiorowski P Parker Messick SS Mookie Betts,,,
436,5279729221,andymilligan3,0,77.15,1B Yandy Diaz 2B Richie Palacios 3B Max Muncy C Will Smith OF Kyle Tucker OF Victor Mesa Jr. OF Randal Grichuk P Jacob Misiorowski P Parker Messick SS Cooper Pratt,,,
439,5279552732,coastrat69,0,77.1,1B Jake Bauers 2B Tommy Edman 3B David Hamilton C Will Smith OF Kyle Tucker OF Spencer Jones OF Tommy Pham P Jacob Misiorowski P Tarik Skubal SS Cooper Pratt,,,
439,5279559089,mcstuffins,0,77.1,1B Munetaka Murakami 2B Chase Meidroth 3B Miguel Vargas C Kyle Teel OF Trent Grisham OF Jo Adell OF Dustin Harris P Tarik Skubal P David Sandlin SS Colson Montgomery,,,
441,5279066241,farnyfire,0,76.8,1B Freddie Freeman 2B Travis Bazzana 3B Ryan McMahon C William Contreras OF Shohei Ohtani OF Jackson Chourio OF Josue De Paula P Parker Messick P Gerrit Cole SS George Lombard Jr.,,,
442,5279364368,mailman1000,0,76.75,1B Nathaniel Lowe 2B Richie Palacios 3B Junior Caminero C Ben Rice OF Jackson Chourio OF Spencer Jones OF Braden Montgomery P Gerrit Cole P Tarik Skubal SS George Lombard Jr.,,,
442,5279678713,neterka,0,76.75,1B Ben Rice 2B Chase Meidroth 3B Ryan McMahon C William Contreras OF Jackson Chourio OF Cody Bellinger OF Randal Grichuk P Gerrit Cole P Tarik Skubal SS George Lombard Jr.,,,
444,5279382094,quinzioam,0,76.65,1B Jonathan Aranda 2B Travis Bazzana 3B Jake Cronenworth C Will Smith OF Teoscar Hernandez OF Jo Adell OF Randal Grichuk P Jacob Misiorowski P Gerrit Cole SS Mookie Betts,,,
445,5279186667,whitey1010,0,76.35,1B David Fry 2B Tommy Edman 3B Jose Ramirez C Will Smith OF Jackson Chourio OF Andy Pages OF Angel Martinez P Drew Rasmussen P Parker Messick SS Brayan Rocchio,,,
446,5279225950,captainzen,0,76.25,1B Yandy Diaz 2B Richie Palacios 3B Jose Ramirez C Liam Hicks OF Jackson Chourio OF Chase DeLauter OF Steven Kwan P Parker Messick P Tarik Skubal SS Taylor Walls,,,
447,5279792954,Yardbusters,0,76.2,1B David Fry 2B Tommy Edman 3B Jose Ramirez C Austin Hedges OF Jackson Chourio OF Michael Harris II OF Jo Adell P Jacob Misiorowski P Drew Rasmussen SS Cooper Pratt,,,
448,5279589407,rybutts13,0,76.1,1B Munetaka Murakami 2B Chase Meidroth 3B Miguel Vargas C Austin Wells OF Randal Grichuk OF Spencer Jones OF Tommy Pham P Jacob Misiorowski P Tarik Skubal SS George Lombard Jr.,,,
448,5279750194,kbadamsjr,0,76.1,1B David Fry 2B Tommy Edman 3B Jose Ramirez C William Contreras OF Chase DeLauter OF Victor Mesa Jr. OF Tommy Pham P Jacob Misiorowski P Tarik Skubal SS Colson Montgomery,,,
450,5278480836,rbird33,0,76,1B Freddie Freeman 2B Richie Palacios 3B Ryan McMahon C Will Smith OF Shohei Ohtani OF Kyle Tucker OF Teoscar Hernandez P Jacob Misiorowski P Davis Martin SS Mauricio Dubon,,,
451,5279675341,KomodoDragonz,0,75.85,1B Freddie Freeman 2B Chase Meidroth 3B Jose Ramirez C Will Smith OF Fernando Tatis Jr. OF Randal Grichuk OF Dustin Harris P Drew Rasmussen P Gerrit Cole SS Cooper Pratt,,,
452,5279655105,austin60915,0,75.8,1B Freddie Freeman 2B Ozzie Albies 3B Max Muncy C Drake Baldwin OF Michael Harris II OF Andy Pages OF Tommy Edman P Parker Messick P Gerrit Cole SS Mauricio Dubon,,,
453,5279009445,gleetghost77,0,75.75,1B Freddie Freeman 2B Ozzie Albies 3B Manny Machado C Ben Rice OF Shohei Ohtani OF Ronald Acuna Jr. OF Cody Bellinger P Dylan Dodd P Hagen Smith SS Mookie Betts,,,
454,5279124915,rbassett77,0,75.65,1B David Fry 2B Ozzie Albies 3B Colson Montgomery C Ben Rice OF Jackson Chourio OF Cody Bellinger OF Braden Montgomery P Jacob Misiorowski P Gerrit Cole SS Cooper Pratt,,,
454,5279475918,ghuru,0,75.65,1B Jonathan Aranda 2B Chase Meidroth 3B Austin Riley C Kyle Teel OF Teoscar Hernandez OF Michael Harris II OF Cody Bellinger P Jacob Misiorowski P Gerrit Cole SS Xander Bogaerts,,,
454,5279773887,pztyanks,0,75.65,1B Gavin Sheets 2B Tommy Edman 3B Jose Ramirez C Austin Wells OF Jackson Chourio OF Teoscar Hernandez OF Cody Bellinger P Jacob Misiorowski P Gerrit Cole SS George Lombard Jr.,,,
457,5279391159,cwcarroll2,0,75.600006,1B Matt Olson 2B Ozzie Albies 3B Junior Caminero C Will Smith OF Fernando Tatis Jr. OF Trent Grisham OF Chandler Simpson P Drew Rasmussen P Robbie Ray SS Colson Montgomery,,,
458,5279077454,cemorrow36,0,75.35,1B Ben Rice 2B Jazz Chisholm Jr. 3B Miguel Vargas C Drake Baldwin OF Chase DeLauter OF Chandler Simpson OF Josue De Paula P Drew Rasmussen P Parker Messick SS George Lombard Jr.,,,
459,5279256198,Bennyboy321,0,75.299995,1B Shohei Ohtani 2B Tommy Edman 3B Jose Ramirez C Will Smith OF Jackson Chourio OF Christian Yelich OF Chase DeLauter P Tarik Skubal P Hagen Smith SS Colson Montgomery,,,
460,5279780951,Russianduck,0,75.25,1B Shohei Ohtani 2B Richie Palacios 3B Yandy Diaz C Will Smith OF Teoscar Hernandez OF Jo Adell OF Steven Kwan P Parker Messick P Tarik Skubal SS George Lombard Jr.,,,
461,5278515015,relevanthought,0,75.2,1B Matt Olson 2B Chase Meidroth 3B Joey Ortiz C Sean Murphy OF Ronald Acuna Jr. OF Michael Harris II OF Randal Grichuk P Jacob Misiorowski P Drew Rasmussen SS Mauricio Dubon,,,
461,5278879761,jay279,0,75.2,1B Yandy Diaz 2B Chase Meidroth 3B Austin Riley C Austin Hedges OF Jackson Chourio OF Chase DeLauter OF Randal Grichuk P Jacob Misiorowski P Drew Rasmussen SS Cooper Pratt,,,
461,5279248546,Scottyj316,0,75.2,1B Yandy Diaz 2B Richie Palacios 3B Jose Ramirez C Liam Hicks OF Chase DeLauter OF Jo Adell OF Steven Kwan P Jacob Misiorowski P Drew Rasmussen SS Brayan Rocchio,,,
461,5279310145,CrypticalDevelopment,0,75.2,1B Freddie Freeman 2B Tommy Edman 3B Jake Cronenworth C Austin Wells OF Shohei Ohtani OF Andy Pages OF Tommy Pham P Jacob Misiorowski P Drew Rasmussen SS Cooper Pratt,,,
461,5279795449,dbass10,0,75.2,1B Yandy Diaz 2B Travis Bazzana 3B Junior Caminero C Liam Hicks OF Jo Adell OF Chandler Simpson OF Braden Montgomery P Jacob Misiorowski P Drew Rasmussen SS Brayan Rocchio,,,
466,5278955082,dext56ses,0,75.15,1B Jonathan Aranda 2B Travis Bazzana 3B Joey Ortiz C Will Smith OF Jackson Chourio OF Garrett Mitchell OF Jo Adell P Jacob Misiorowski P Parker Messick SS Cooper Pratt,,,
466,5279305840,Assy_Mcgee,0,75.15,1B David Fry 2B Travis Bazzana 3B Max Muncy C Will Smith OF Jackson Chourio OF Steven Kwan OF Chandler Simpson P Jacob Misiorowski P Parker Messick SS Colson Montgomery,,,
468,5278643492,bucksfreak34,0,75.1,1B David Fry 2B Chase Meidroth 3B Jake Cronenworth C William Contreras OF Jackson Chourio OF Brenton Doyle OF Braden Montgomery P Jacob Misiorowski P Tarik Skubal SS Cooper Pratt,,,
469,5279784853,soccerutd1,0,75.05,1B Munetaka Murakami 2B Chase Meidroth 3B Miguel Vargas C Ben Rice OF Fernando Tatis Jr. OF Kyle Tucker OF Tommy Pham P Gerrit Cole P Robbie Ray SS Luke Williams,,,
470,5279064622,NO87,0,74.8,1B Ben Rice 2B Travis Bazzana 3B Jose Ramirez C William Contreras OF Jackson Chourio OF Jo Adell OF Mauricio Dubon P Parker Messick P Gerrit Cole SS Brayan Rocchio,,,
471,5278970917,mgo14,0,74.65,1B David Fry 2B Tommy Edman 3B Miguel Vargas C William Contreras OF Jackson Chourio OF Randal Grichuk OF Tommy Pham P Jacob Misiorowski P Gerrit Cole SS Cooper Pratt,,,
471,5279311361,CrosseyedandPainless,0,74.65,1B Freddie Freeman 2B Tommy Edman 3B Ryan McMahon C William Contreras OF Jackson Chourio OF Jo Adell OF Mauricio Dubon P Jacob Misiorowski P Gerrit Cole SS Brayan Rocchio,,,
473,5279740319,kong542,0,74.35,1B Ben Rice 2B Richie Palacios 3B Yandy Diaz C Liam Hicks OF Fernando Tatis Jr. OF Michael Harris II OF Jo Adell P Drew Rasmussen P Parker Messick SS George Lombard Jr.,,,
473,5279759825,Etty022,0,74.35,1B Ben Rice 2B Fernando Tatis Jr. 3B Colson Montgomery C Will Smith OF Christian Yelich OF Jo Adell OF Chandler Simpson P Drew Rasmussen P Parker Messick SS Brayan Rocchio,,,
475,5278911926,renegadebaumers,0,74.25,1B Shohei Ohtani 2B Tommy Edman 3B Jose Ramirez C Dalton Rushing OF Kyle Tucker OF Josue De Paula OF Blake Perkins P Parker Messick P Tarik Skubal SS Brayan Rocchio,,,
475,5279793015,texascub,0,74.25,1B David Fry 2B Travis Bazzana 3B Jose Ramirez C Will Smith OF Teoscar Hernandez OF Jo Adell OF Chandler Simpson P Parker Messick P Tarik Skubal SS Mookie Betts,,,
477,5279095582,kgdbets,0,74.2,1B Matt Olson 2B Chase Meidroth 3B Amed Rosario C Kyle Teel OF Jackson Chourio OF Andy Pages OF Jo Adell P Jacob Misiorowski P Drew Rasmussen SS George Lombard Jr.,,,
478,5278639825,sportsfanatic89,0,74.15,1B Yandy Diaz 2B Richie Palacios 3B Max Muncy C Will Smith OF Kyle Tucker OF Andy Pages OF Spencer Jones P Jacob Misiorowski P Parker Messick SS George Lombard Jr.,,,
478,5279167290,awen419,0,74.15,1B Jake Bauers 2B Richie Palacios 3B Jose Ramirez C William Contreras OF Christian Yelich OF Garrett Mitchell OF Chandler Simpson P Jacob Misiorowski P Parker Messick SS Cooper Pratt,,,
478,5279247475,07km,0,74.15,1B Jake Bauers 2B Jazz Chisholm Jr. 3B Ryan McMahon C William Contreras OF Cody Bellinger OF Christian Yelich OF Garrett Mitchell P Jacob Misiorowski P Parker Messick SS Cooper Pratt,,,
478,5279319475,Foley1953,0,74.15,1B Ryan Vilade 2B Richie Palacios 3B Max Muncy C Ben Rice OF Teoscar Hernandez OF Tommy Edman OF Trent Grisham P Jacob Misiorowski P Parker Messick SS Brayan Rocchio,,,
482,5279003664,Tully936,0,74.1,1B David Fry 2B Travis Bazzana 3B Jose Ramirez C Will Smith OF Kyle Tucker OF Cody Bellinger OF Tommy Pham P Jacob Misiorowski P Tarik Skubal SS George Lombard Jr.,,,
482,5279333967,gbjb,0,74.1,1B David Fry 2B Travis Bazzana 3B Jose Ramirez C Will Smith OF Kyle Tucker OF Andy Pages OF Tommy Pham P Jacob Misiorowski P Tarik Skubal SS George Lombard Jr.,,,
482,5279589121,brd1480,0,74.1,1B Jake Bauers 2B Tommy Edman 3B Ryan McMahon C Will Smith OF Teoscar Hernandez OF Andy Pages OF Luis Lara P Jacob Misiorowski P Tarik Skubal SS George Lombard Jr.,,,
485,5279192524,andrewng19,0,74.05,1B Freddie Freeman 2B Chase Meidroth 3B Max Muncy C Will Smith OF Shohei Ohtani OF Kyle Tucker OF Randal Grichuk P Gerrit Cole P Robbie Ray SS Colson Montgomery,,,
486,5279410967,omegaxman,0,73.85,1B Matt Olson 2B Sam Antonacci 3B Colson Montgomery C Drake Baldwin OF Ronald Acuna Jr. OF Michael Harris II OF Andy Pages P Drew Rasmussen P Gerrit Cole SS Cooper Pratt,,,
487,5279682099,Marsharks,0,73.8,1B Matt Olson 2B Ozzie Albies 3B Austin Riley C Will Smith OF Teoscar Hernandez OF Michael Harris II OF Jo Adell P Parker Messick P Gerrit Cole SS Mookie Betts,,,
488,5279174160,GatorlandZoo,0,73.65,1B Yandy Diaz 2B Ozzie Albies 3B Jose Ramirez C Austin Wells OF Jackson Chourio OF Jackson Merrill OF Brenton Doyle P Jacob Misiorowski P Gerrit Cole SS George Lombard Jr.,,,
488,5279515015,atg19,0,73.65,1B Freddie Freeman 2B Travis Bazzana 3B Ryan McMahon C Austin Wells OF Shohei Ohtani OF Kyle Tucker OF Chase DeLauter P Jacob Misiorowski P Gerrit Cole SS George Lombard Jr.,,,
490,5279057382,Schoey17,0,73.35,1B Matt Olson 2B Richie Palacios 3B Junior Caminero C Drake Baldwin OF Shohei Ohtani OF Chandler Simpson OF Luis Lara P Drew Rasmussen P Parker Messick SS Ha-Seong Kim,,,
490,5279604446,RINO19,0,73.35,1B Matt Olson 2B Travis Bazzana 3B Jose Ramirez C Drake Baldwin OF Ronald Acuna Jr. OF Chase DeLauter OF Steven Kwan P Drew Rasmussen P Parker Messick SS Brayan Rocchio,,,
490,5279812906,kchoban,0,73.35,1B Shohei Ohtani 2B Travis Bazzana 3B Jose Ramirez C Liam Hicks OF Angel Martinez OF Chase DeLauter OF Steven Kwan P Drew Rasmussen P Parker Messick SS Taylor Walls,,,
493,5278971265,Birdsack,0,73.2,1B Yandy Diaz 2B Richie Palacios 3B Jose Ramirez C Liam Hicks OF Angel Martinez OF Chase DeLauter OF Jo Adell P Jacob Misiorowski P Drew Rasmussen SS Brayan Rocchio,,,
493,5279398852,cowboys767,0,73.2,1B Shohei Ohtani 2B Chase Meidroth 3B Jose Ramirez C Sean Murphy OF Jo Adell OF Randal Grichuk OF Brenton Doyle P Jacob Misiorowski P Drew Rasmussen SS Cooper Pratt,,,
493,5279712989,habcommander,0,73.2,1B Yandy Diaz 2B Chase Meidroth 3B Jose Ramirez C Kyle Teel OF Andy Pages OF Randal Grichuk OF Braden Montgomery P Jacob Misiorowski P Drew Rasmussen SS Colson Montgomery,,,
496,5278521858,csurunnerccr,0,73.15,1B Jake Bauers 2B Richie Palacios 3B Joey Ortiz C William Contreras OF Jackson Chourio OF Jonny DeLuca OF Chandler Simpson P Jacob Misiorowski P Parker Messick SS Cooper Pratt,,,
496,5279355515,datyoungreezy,0,73.15,1B Nathaniel Lowe 2B Richie Palacios 3B Austin Riley C Kyle Teel OF Shohei Ohtani OF Kyle Tucker OF Steven Kwan P Jacob Misiorowski P Parker Messick SS Taylor Walls,,,
496,5279408279,tampayardie,0,73.15,1B Jonathan Aranda 2B Jazz Chisholm Jr. 3B Yandy Diaz C Austin Wells OF Jackson Chourio OF Andy Pages OF Jo Adell P Jacob Misiorowski P Parker Messick SS Cooper Pratt,,,
499,5278570218,J-Law87,0,73.1,1B Gavin Sheets 2B Travis Bazzana 3B Miguel Vargas C Sean Murphy OF Andy Pages OF Tommy Edman OF Steven Kwan P Jacob Misiorowski P Tarik Skubal SS Cooper Pratt,,,
499,5279512386,wwaazz,0,73.1,1B Freddie Freeman 2B Travis Bazzana 3B Max Muncy C Will Smith OF Steven Kwan OF Brenton Doyle OF Tommy Pham P Jacob Misiorowski P Tarik Skubal SS Brayan Rocchio,,,
499,5279528289,mwr2001,0,73.1,1B Freddie Freeman 2B Tommy Edman 3B Ryan McMahon C Will Smith OF Teoscar Hernandez OF Jo Adell OF Steven Kwan P Jacob Misiorowski P Tarik Skubal SS George Lombard Jr.,,,
499,5279736565,beachbum954,0,73.1,1B Freddie Freeman 2B Tommy Edman 3B Ryan McMahon C Will Smith OF Teoscar Hernandez OF Andy Pages OF Spencer Jones P Jacob Misiorowski P Tarik Skubal SS Ha-Seong Kim,,,
499,5279793758,boardthecaptain27,0,73.1,1B Jonathan Aranda 2B Chase Meidroth 3B Miguel Vargas C Austin Wells OF Jo Adell OF Steven Kwan OF Chandler Simpson P Jacob Misiorowski P Tarik Skubal SS Brayan Rocchio,,,
504,5279710477,ZMAC987,0,72.8,1B Freddie Freeman 2B Jake Cronenworth 3B Ryan McMahon C Will Smith OF Shohei Ohtani OF Kyle Tucker OF Tommy Pham P Parker Messick P Gerrit Cole SS Mookie Betts,,,
505,5279282568,hopp365,0,72.75,1B Munetaka Murakami 2B Travis Bazzana 3B Jose Ramirez C Kyle Teel OF Cody Bellinger OF Angel Martinez OF Jo Adell P Gerrit Cole P Tarik Skubal SS George Lombard Jr.,,,
505,5279518247,stevenhenry43211,0,72.75,1B Ty France 2B Jake Cronenworth 3B Jose Ramirez C William Contreras OF Shohei Ohtani OF Trent Grisham OF Steven Kwan P Gerrit Cole P Tarik Skubal SS George Lombard Jr.,,,
507,5279470344,qbani2,0,72.600006,1B Yandy Diaz 2B Richie Palacios 3B Junior Caminero C Liam Hicks OF Fernando Tatis Jr. OF Jackson Merrill OF Victor Mesa Jr. P Drew Rasmussen P Robbie Ray SS Xander Bogaerts,,,
508,5278850965,west14,0,72.55,1B Matt Olson 2B Jazz Chisholm Jr. 3B Colson Montgomery C Ben Rice OF Jackson Chourio OF Teoscar Hernandez OF Angel Martinez P Parker Messick P Robbie Ray SS Brayan Rocchio,,,
509,5279502811,soonerdallas,0,72.25,1B Freddie Freeman 2B Tommy Edman 3B Max Muncy C Austin Wells OF Shohei Ohtani OF Andy Pages OF Ryan Vilade P Parker Messick P Tarik Skubal SS George Lombard Jr.,,,
509,5279665884,cpwhopper,0,72.25,1B Ben Rice 2B Richie Palacios 3B Max Muncy C Liam Hicks OF Michael Harris II OF Cody Bellinger OF Victor Mesa Jr. P Parker Messick P Tarik Skubal SS George Lombard Jr.,,,
511,5279755012,iceberg693,0,72.2,1B Luis Garcia Jr. 2B Chase Meidroth 3B Max Muncy C Ben Rice OF Jo Adell OF Spencer Jones OF Tommy Pham P Jacob Misiorowski P Drew Rasmussen SS George Lombard Jr.,,,
512,5278971845,nickenyon6,0,72.15,1B Shohei Ohtani 2B Ozzie Albies 3B Ryan McMahon C Will Smith OF Teoscar Hernandez OF Andy Pages OF Jo Adell P Jacob Misiorowski P Parker Messick SS Ha-Seong Kim,,,
512,5279717361,Branaman12,0,72.15,1B Luis Garcia Jr. 2B Ozzie Albies 3B Ryan McMahon C Ben Rice OF Kyle Tucker OF Cody Bellinger OF Chandler Simpson P Jacob Misiorowski P Parker Messick SS George Lombard Jr.,,,
512,5279744697,fritzruby1,0,72.15,1B Jonathan Aranda 2B Tommy Edman 3B Jose Ramirez C Will Smith OF Kyle Tucker OF Jo Adell OF Steven Kwan P Jacob Misiorowski P Parker Messick SS George Lombard Jr.,,,
515,5279213604,danooh,0,72.1,1B Jonathan Aranda 2B Tommy Edman 3B Joey Ortiz C Will Smith OF Christian Yelich OF Garrett Mitchell OF Jo Adell P Jacob Misiorowski P Tarik Skubal SS Cooper Pratt,,,
515,5279430633,WaitTilNextYear,0,72.1,1B Jonathan Aranda 2B Chase Meidroth 3B Yandy Diaz C Liam Hicks OF Victor Mesa Jr. OF Steven Kwan OF Chandler Simpson P Jacob Misiorowski P Tarik Skubal SS Brayan Rocchio,,,
517,5279392860,vin2x,0,72.05,1B Ben Rice 2B Jazz Chisholm Jr. 3B Jose Ramirez C William Contreras OF Ronald Acuna Jr. OF Kyle Tucker OF Cody Bellinger P Gerrit Cole P Robbie Ray SS George Lombard Jr.,,,
518,5278642126,Foreholestoplay,0,72,1B Nathaniel Lowe 2B Ozzie Albies 3B Jake Cronenworth C Liam Hicks OF Shohei Ohtani OF Jackson Chourio OF Ronald Acuna Jr. P Jacob Misiorowski P JR Ritchie SS Cooper Pratt,,,
519,5278945184,rjr56171,0,71.65,1B Jonathan Aranda 2B Travis Bazzana 3B Austin Riley C Liam Hicks OF Jackson Chourio OF Andy Pages OF Josue De Paula P Jacob Misiorowski P Gerrit Cole SS George Lombard Jr.,,,
519,5279460519,cheesegiez,0,71.65,1B Jake Bauers 2B Chase Meidroth 3B Max Muncy C Austin Hedges OF Jackson Chourio OF Andy Pages OF Tommy Pham P Jacob Misiorowski P Gerrit Cole SS Cooper Pratt,,,
521,5279335960,Stackhouse5310,0,71.4,1B Freddie Freeman 2B Chase Meidroth 3B Junior Caminero C Will Smith OF Fernando Tatis Jr. OF Angel Martinez OF Brenton Doyle P Drew Rasmussen P Hagen Smith SS Mookie Betts,,,
522,5279639954,sammagni1,0,71.25,1B Freddie Freeman 2B Tommy Edman 3B Yandy Diaz C Austin Hedges OF Jackson Chourio OF Angel Martinez OF Randal Grichuk P Parker Messick P Tarik Skubal SS Taylor Walls,,,
522,5279689845,thebigbmon,0,71.25,1B Ben Rice 2B Tommy Edman 3B Joey Ortiz C Austin Wells OF Jackson Chourio OF Cody Bellinger OF Christian Yelich P Parker Messick P Tarik Skubal SS Brayan Rocchio,,,
522,5279804460,endlessmike03,0,71.25,1B Freddie Freeman 2B Jazz Chisholm Jr. 3B Max Muncy C Will Smith OF Andy Pages OF Chase DeLauter OF Steven Kwan P Parker Messick P Tarik Skubal SS George Lombard Jr.,,,
525,5279028011,phatandy14,0,71.15,1B David Fry 2B Ozzie Albies 3B Jose Ramirez C Ethan Salas OF Jackson Chourio OF Angel Martinez OF Steven Kwan P Jacob Misiorowski P Parker Messick SS Joey Ortiz,,,
526,5279047146,DONSbaseball,0,71.1,1B David Fry 2B Richie Palacios 3B Jose Ramirez C Will Smith OF Teoscar Hernandez OF Jonny DeLuca OF Steven Kwan P Jacob Misiorowski P Tarik Skubal SS Cooper Pratt,,,
526,5279241692,icemike23,0,71.1,1B Freddie Freeman 2B Travis Bazzana 3B Max Muncy C Will Smith OF Randal Grichuk OF Steven Kwan OF Tommy Pham P Jacob Misiorowski P Tarik Skubal SS George Lombard Jr.,,,
526,5279292693,DaBigFella25,0,71.1,1B Yandy Diaz 2B Ozzie Albies 3B Kike Hernandez C Liam Hicks OF Andy Pages OF Cody Bellinger OF Chandler Simpson P Jacob Misiorowski P Tarik Skubal SS Mauricio Dubon,,,
526,5279315033,garryld1949,0,71.1,1B Nathaniel Lowe 2B Travis Bazzana 3B Max Muncy C Will Smith OF Tommy Edman OF Chase DeLauter OF Steven Kwan P Jacob Misiorowski P Tarik Skubal SS George Lombard Jr.,,,
526,5279360195,Bigb16,0,71.1,1B Jonathan Aranda 2B Jazz Chisholm Jr. 3B Junior Caminero C Austin Wells OF Trent Grisham OF Spencer Jones OF Chandler Simpson P Jacob Misiorowski P Tarik Skubal SS George Lombard Jr.,,,
526,5279400456,leester1966,0,71.1,1B Freddie Freeman 2B Travis Bazzana 3B Max Muncy C Austin Hedges OF Chase DeLauter OF Steven Kwan OF Chandler Simpson P Jacob Misiorowski P Tarik Skubal SS George Lombard Jr.,,,
526,5279555696,Hallbsure37,0,71.1,1B David Fry 2B Richie Palacios 3B Jose Ramirez C Will Smith OF Teoscar Hernandez OF Andy Pages OF Steven Kwan P Jacob Misiorowski P Tarik Skubal SS George Lombard Jr.,,,
526,5279763743,sclause1970,0,71.1,1B David Fry 2B Ozzie Albies 3B Jose Ramirez C Austin Wells OF Angel Martinez OF Jo Adell OF Braden Montgomery P Jacob Misiorowski P Tarik Skubal SS Mookie Betts,,,
526,5279783675,PatsiesNoMore,0,71.1,1B Jonathan Aranda 2B Travis Bazzana 3B Yandy Diaz C Kyle Teel OF Tommy Edman OF Jo Adell OF Josue De Paula P Jacob Misiorowski P Tarik Skubal SS Brayan Rocchio,,,
535,5279724222,crlarkin24,0,70.8,1B Luis Garcia Jr. 2B Brice Turang 3B Jose Ramirez C William Contreras OF Jackson Chourio OF Jo Adell OF Sal Frelick P Parker Messick P Gerrit Cole SS Cooper Pratt,,,
536,5279552375,rsr3883,0,70.75,1B Shohei Ohtani 2B Tommy Edman 3B Ryan McMahon C Will Smith OF Teoscar Hernandez OF Chase DeLauter OF Jo Adell P Gerrit Cole P Tarik Skubal SS Brayan Rocchio,,,
537,5279109006,s1t5oker,0,70.65,1B Ben Rice 2B Chase Meidroth 3B Ryan McMahon C William Contreras OF Teoscar Hernandez OF Angel Martinez OF Jo Adell P Jacob Misiorowski P Gerrit Cole SS Mauricio Dubon,,,
538,5279568297,Swidb,0,70.600006,1B Jonathan Aranda 2B Richie Palacios 3B Yandy Diaz C Will Smith OF Shohei Ohtani OF Jonny DeLuca OF Spencer Jones P Drew Rasmussen P Robbie Ray SS Mookie Betts,,,
539,5279279452,klavastj,0,70.35,1B David Fry 2B Richie Palacios 3B Junior Caminero C Will Smith OF Angel Martinez OF Tommy Edman OF Chase DeLauter P Drew Rasmussen P Parker Messick SS Mookie Betts,,,
540,5278689886,bradk1,0,70.2,1B Freddie Freeman 2B Richie Palacios 3B Jose Ramirez C Will Smith OF Andy Pages OF Steven Kwan OF Andrew Benintendi P Jacob Misiorowski P Drew Rasmussen SS Taylor Walls,,,
540,5279413991,Ammomaz,0,70.2,1B Munetaka Murakami 2B Jazz Chisholm Jr. 3B Miguel Vargas C Kyle Teel OF Ronald Acuna Jr. OF Michael Harris II OF Cody Bellinger P Jacob Misiorowski P Hagen Smith SS George Lombard Jr.,,,
540,5279543806,nwspring52,0,70.2,1B David Fry 2B Tommy Edman 3B Jose Ramirez C Austin Wells OF Andy Pages OF Chase DeLauter OF Steven Kwan P Jacob Misiorowski P Drew Rasmussen SS Mookie Betts,,,
540,5279808083,TwoLeggedLOTTO,0,70.2,1B Yandy Diaz 2B Chase Meidroth 3B Jake Cronenworth C Kyle Teel OF Randal Grichuk OF Chandler Simpson OF Luis Lara P Jacob Misiorowski P Drew Rasmussen SS Mookie Betts,,,
544,5278553756,srken,0,70.15,1B Ty France 2B Travis Bazzana 3B Austin Riley C Luis Campusano OF Jackson Chourio OF Trent Grisham OF Steven Kwan P Jacob Misiorowski P Parker Messick SS Xander Bogaerts,,,
544,5278746264,Dreammachine816,0,70.15,1B David Fry 2B Jazz Chisholm Jr. 3B Yandy Diaz C William Contreras OF Jackson Chourio OF Jo Adell OF Chandler Simpson P Jacob Misiorowski P Parker Messick SS Cooper Pratt,,,
544,5278772719,andrewran,0,70.15,1B Kike Hernandez 2B Ozzie Albies 3B Jake Cronenworth C Liam Hicks OF Ronald Acuna Jr. OF Cody Bellinger OF Angel Martinez P Jacob Misiorowski P Parker Messick SS Colson Montgomery,,,
544,5279350630,iceit519,0,70.15,1B Shohei Ohtani 2B Ozzie Albies 3B Ryan McMahon C Will Smith OF Teoscar Hernandez OF Jo Adell OF Spencer Jones P Jacob Misiorowski P Parker Messick SS George Lombard Jr.,,,
544,5279390551,kevinlxd88,0,70.15,1B Shohei Ohtani 2B Ozzie Albies 3B Ryan McMahon C Will Smith OF Teoscar Hernandez OF Jo Adell OF Spencer Jones P Jacob Misiorowski P Parker Messick SS George Lombard Jr.,,,
544,5279521367,bdgblitz,0,70.15,1B Shohei Ohtani 2B Ozzie Albies 3B Ryan McMahon C Will Smith OF Teoscar Hernandez OF Jo Adell OF Spencer Jones P Jacob Misiorowski P Parker Messick SS George Lombard Jr.,,,
544,5279569544,outlawpete5,0,70.15,1B Shohei Ohtani 2B Ozzie Albies 3B Ryan McMahon C Will Smith OF Teoscar Hernandez OF Jo Adell OF Spencer Jones P Jacob Misiorowski P Parker Messick SS George Lombard Jr.,,,
544,5279576464,L011ygagr,0,70.15,1B Yandy Diaz 2B Richie Palacios 3B Austin Riley C William Contreras OF Jackson Chourio OF Steven Kwan OF Chandler Simpson P Jacob Misiorowski P Parker Messick SS Cooper Pratt,,,
552,5279390532,tfos99,0,70.1,1B Jonathan Aranda 2B Chase Meidroth 3B Colson Montgomery C Gary Sanchez OF Cody Bellinger OF Tommy Edman OF Victor Mesa Jr. P Jacob Misiorowski P Tarik Skubal SS George Lombard Jr.,,,
552,5279548677,John.bohannon,0,70.1,1B Freddie Freeman 2B Tommy Edman 3B Max Muncy C Kyle Teel OF Chase DeLauter OF Steven Kwan OF Gavin Sheets P Jacob Misiorowski P Tarik Skubal SS George Lombard Jr.,,,
552,5279584527,jpligon75,0,70.1,1B Jonathan Aranda 2B Jazz Chisholm Jr. 3B Yandy Diaz C Austin Wells OF Cody Bellinger OF Chase DeLauter OF Trent Grisham P Jacob Misiorowski P Tarik Skubal SS George Lombard Jr.,,,
552,5279662645,phmboggs,0,70.1,1B Munetaka Murakami 2B Chase Meidroth 3B Jose Ramirez C Austin Hedges OF Randal Grichuk OF Steven Kwan OF Tommy Pham P Jacob Misiorowski P Tarik Skubal SS Brayan Rocchio,,,
552,5279731183,managyjr,0,70.1,1B Jake Bauers 2B Richie Palacios 3B Yandy Diaz C Liam Hicks OF Christian Yelich OF Victor Mesa Jr. OF Jo Adell P Jacob Misiorowski P Tarik Skubal SS George Lombard Jr.,,,
552,5279771452,lizardraftqueen,0,70.1,1B Munetaka Murakami 2B Travis Bazzana 3B Austin Riley C Austin Wells OF Andy Pages OF Chase DeLauter OF Trent Grisham P Jacob Misiorowski P Tarik Skubal SS George Lombard Jr.,,,
558,5278916170,Sanford71,0,69.75,1B Freddie Freeman 2B Chase Meidroth 3B Jose Ramirez C Austin Hedges OF Jackson Chourio OF Jo Adell OF Randal Grichuk P Gerrit Cole P Tarik Skubal SS Cooper Pratt,,,
558,5278973817,Ranch1966,0,69.75,1B Freddie Freeman 2B Chase Meidroth 3B Jose Ramirez C William Contreras OF Cody Bellinger OF Tommy Edman OF Jonny DeLuca P Gerrit Cole P Tarik Skubal SS George Lombard Jr.,,,
560,5278683570,Iceman45,0,69.35,1B Ben Rice 2B Chase Meidroth 3B Yandy Diaz C Will Smith OF Jackson Merrill OF Victor Mesa Jr. OF Randal Grichuk P Drew Rasmussen P Parker Messick SS Xander Bogaerts,,,
561,5279785802,Golfito2020,0,69.25,1B David Fry 2B Travis Bazzana 3B Jake Cronenworth C Will Smith OF Jackson Chourio OF Andy Pages OF Randal Grichuk P Parker Messick P Tarik Skubal SS Mookie Betts,,,
562,5278666055,gupsbroncos,0,69.15,1B David Fry 2B Richie Palacios 3B Jose Ramirez C William Contreras OF Jackson Chourio OF Tommy Edman OF Jo Adell P Jacob Misiorowski P Parker Messick SS Cooper Pratt,,,
562,5279151006,moldova,0,69.15,1B Munetaka Murakami 2B Ozzie Albies 3B Austin Riley C Ben Rice OF Cody Bellinger OF Spencer Jones OF Tommy Pham P Jacob Misiorowski P Parker Messick SS George Lombard Jr.,,,
562,5279430413,donjuan32,0,69.15,1B Yandy Diaz 2B Travis Bazzana 3B Jose Ramirez C Drake Baldwin OF Kyle Tucker OF Steven Kwan OF Tommy Pham P Jacob Misiorowski P Parker Messick SS George Lombard Jr.,,,
562,5279662859,olson1,0,69.15,1B Munetaka Murakami 2B Travis Bazzana 3B Colson Montgomery C Kyle Teel OF Andy Pages OF Christian Yelich OF Chase DeLauter P Jacob Misiorowski P Parker Messick SS George Lombard Jr.,,,
562,5279751144,Catblue1230,0,69.15,1B Jonathan Aranda 2B Tommy Edman 3B Austin Riley C William Contreras OF Steven Kwan OF Chandler Simpson OF Mauricio Dubon P Jacob Misiorowski P Parker Messick SS Mookie Betts,,,
562,5279761165,tdogg23,0,69.15,1B Matt Olson 2B Ozzie Albies 3B Jose Ramirez C Sean Murphy OF Ronald Acuna Jr. OF Spencer Jones OF Chandler Simpson P Jacob Misiorowski P Parker Messick SS Mauricio Dubon,,,
562,5279803949,Goodfella26,0,69.15,1B Jonathan Aranda 2B Chase Meidroth 3B Jose Ramirez C Kyle Teel OF Teoscar Hernandez OF Andy Pages OF Jose Caballero P Jacob Misiorowski P Parker Messick SS Cooper Pratt,,,
569,5278504252,CSTAR22,0,69.1,1B Jonathan Aranda 2B Travis Bazzana 3B Jake Cronenworth C Kyle Teel OF Jackson Merrill OF Andy Pages OF Victor Mesa Jr. P Jacob Misiorowski P Tarik Skubal SS Cooper Pratt,,,
569,5278581142,doubleday123,0,69.1,1B Luis Garcia Jr. 2B Jake Cronenworth 3B Miguel Vargas C Luis Campusano OF Fernando Tatis Jr. OF Teoscar Hernandez OF Spencer Jones P Tarik Skubal P David Sandlin SS George Lombard Jr.,,,
569,5278724066,butcha1111,0,69.1,1B Jonathan Aranda 2B Tommy Edman 3B Austin Riley C Liam Hicks OF Chase DeLauter OF Victor Mesa Jr. OF Trent Grisham P Jacob Misiorowski P Tarik Skubal SS Brayan Rocchio,,,
569,5279317838,mspozto,0,69.1,1B Freddie Freeman 2B Travis Bazzana 3B Max Muncy C Will Smith OF Chase DeLauter OF Brenton Doyle OF Tommy Pham P Jacob Misiorowski P Tarik Skubal SS George Lombard Jr.,,,
569,5279320149,zacsmith1,0,69.1,1B Yandy Diaz 2B Ozzie Albies 3B Jose Ramirez C Austin Wells OF Jo Adell OF Randal Grichuk OF Spencer Jones P Jacob Misiorowski P Tarik Skubal SS George Lombard Jr.,,,
569,5279426277,Grandpakids,0,69.1,1B Freddie Freeman 2B Travis Bazzana 3B Max Muncy C Will Smith OF Chase DeLauter OF Brenton Doyle OF Tommy Pham P Jacob Misiorowski P Tarik Skubal SS George Lombard Jr.,,,
569,5279459912,Richskin94,0,69.1,1B Jonathan Aranda 2B Jazz Chisholm Jr. 3B Joey Ortiz C Liam Hicks OF Cody Bellinger OF Cedric Mullins OF Chandler Simpson P Jacob Misiorowski P Tarik Skubal SS Taylor Walls,,,
569,5279501792,KGoetsch,0,69.1,1B David Fry 2B Chase Meidroth 3B Jose Ramirez C Will Smith OF Kyle Tucker OF Chase DeLauter OF Tommy Pham P Jacob Misiorowski P Tarik Skubal SS George Lombard Jr.,,,
569,5279698489,tjtjtj101,0,69.1,1B Freddie Freeman 2B Chase Meidroth 3B Ryan McMahon C Will Smith OF Teoscar Hernandez OF Andy Pages OF Sal Frelick P Jacob Misiorowski P Tarik Skubal SS George Lombard Jr.,,,
569,5279772817,timothyerdmann,0,69.1,1B Jake Bauers 2B Tommy Edman 3B Joey Ortiz C William Contreras OF Andy Pages OF Luis Lara OF Brenton Doyle P Jacob Misiorowski P Tarik Skubal SS Cooper Pratt,,,
579,5279389742,Jchyk12,0,69.05,1B Freddie Freeman 2B Chase Meidroth 3B Colson Montgomery C Luis Campusano OF Shohei Ohtani OF Kyle Tucker OF Michael Harris II P Gerrit Cole P Robbie Ray SS Mauricio Dubon,,,
579,5279524961,Shazzam47,0,69.05,1B Munetaka Murakami 2B Chase Meidroth 3B Miguel Vargas C Kyle Teel OF Fernando Tatis Jr. OF Jackson Merrill OF Dustin Harris P Gerrit Cole P Robbie Ray SS Colson Montgomery,,,
581,5278553715,Dethstar1972,0,68.75,1B Jake Bauers 2B Travis Bazzana 3B Jose Ramirez C Kyle Teel OF Chase DeLauter OF Jo Adell OF Tommy Pham P Gerrit Cole P Tarik Skubal SS Mookie Betts,,,
581,5278673272,FlameThrower4,0,68.75,1B Freddie Freeman 2B Travis Bazzana 3B Jose Ramirez C Will Smith OF Andy Pages OF Garrett Mitchell OF Jo Adell P Gerrit Cole P Tarik Skubal SS Cooper Pratt,,,
581,5279308738,foutah,0,68.75,1B Shohei Ohtani 2B Fernando Tatis Jr. 3B Junior Caminero C Ben Rice OF Kyle Tucker OF Jackson Merrill OF Luis Lara P Dylan Dodd P Hagen Smith SS Mookie Betts,,,
584,5279271362,madgreek895,0,68.25,1B David Fry 2B Jazz Chisholm Jr. 3B Jose Ramirez C Austin Hedges OF Jackson Chourio OF Michael Harris II OF Andy Pages P Parker Messick P Tarik Skubal SS Joey Ortiz,,,
584,5279498195,jbarcomb920,0,68.25,1B Jonathan Aranda 2B Tommy Edman 3B Jose Ramirez C Austin Hedges OF Shohei Ohtani OF Jo Adell OF Steven Kwan P Parker Messick P Tarik Skubal SS Brayan Rocchio,,,
584,5279807780,boys4,0,68.25,1B Munetaka Murakami 2B Chase Meidroth 3B Jose Ramirez C Austin Hedges OF Chase DeLauter OF Randal Grichuk OF Steven Kwan P Parker Messick P Tarik Skubal SS Brayan Rocchio,,,
587,5278976121,Katers2293,0,68.2,1B Ty France 2B Chase Meidroth 3B Austin Riley C Kyle Teel OF Ronald Acuna Jr. OF Chase DeLauter OF Spencer Jones P Jacob Misiorowski P Drew Rasmussen SS Cooper Pratt,,,
587,5279546774,Yappin01,0,68.2,1B Yandy Diaz 2B Chase Meidroth 3B Junior Caminero C Liam Hicks OF Randal Grichuk OF Chandler Simpson OF Brenton Doyle P Jacob Misiorowski P Drew Rasmussen SS Taylor Walls,,,
587,5279791384,SteelCurtain1234567,0,68.2,1B David Fry 2B Fernando Tatis Jr. 3B Jose Ramirez C Will Smith OF Angel Martinez OF Brenton Doyle OF Tommy Pham P Jacob Misiorowski P Drew Rasmussen SS Xander Bogaerts,,,
590,5278455106,madgreek12,0,68.15,1B Gavin Sheets 2B Travis Bazzana 3B Miguel Vargas C Austin Hedges OF Kyle Tucker OF Michael Harris II OF Angel Martinez P Jacob Misiorowski P Parker Messick SS George Lombard Jr.,,,
590,5279183545,poiSon52,0,68.15,1B Freddie Freeman 2B Tommy Edman 3B Colson Montgomery C Ethan Salas OF Jackson Chourio OF Jo Adell OF Braden Montgomery P Jacob Misiorowski P Parker Messick SS George Lombard Jr.,,,
590,5279425533,money95757,0,68.15,1B Shohei Ohtani 2B Alex Freeland 3B Ryan McMahon C Dalton Rushing OF Jackson Chourio OF Teoscar Hernandez OF Spencer Jones P Jacob Misiorowski P Parker Messick SS Cooper Pratt,,,
593,5278542062,chuckface8,0,68.1,1B Yandy Diaz 2B Chase Meidroth 3B Joey Ortiz C Austin Wells OF Garrett Mitchell OF Randal Grichuk OF Tommy Pham P Jacob Misiorowski P Tarik Skubal SS Mookie Betts,,,
593,5278936042,goofybh207,0,68.1,1B Freddie Freeman 2B Tommy Edman 3B Max Muncy C Will Smith OF Steven Kwan OF Brenton Doyle OF Tommy Pham P Jacob Misiorowski P Tarik Skubal SS Cooper Pratt,,,
593,5279539189,KenTasch,0,68.1,1B Nathaniel Lowe 2B Chase Meidroth 3B Miguel Vargas C Liam Hicks OF Randal Grichuk OF Brenton Doyle OF Tommy Pham P Jacob Misiorowski P Tarik Skubal SS Brayan Rocchio,,,
596,5279592799,jd2424,0,67.85,1B David Fry 2B Chase Meidroth 3B Jose Ramirez C Will Smith OF Shohei Ohtani OF Randal Grichuk OF Tommy Pham P Drew Rasmussen P Gerrit Cole SS Mookie Betts,,,
596,5279753395,Dark_Menton,0,67.85,1B Ty France 2B Chase Meidroth 3B Jose Ramirez C Will Smith OF Andy Pages OF Jo Adell OF Randal Grichuk P Drew Rasmussen P Gerrit Cole SS Mookie Betts,,,
598,5279389846,Blehar,0,67.75,1B Yandy Diaz 2B Jazz Chisholm Jr. 3B Jake Cronenworth C Austin Wells OF Shohei Ohtani OF Ronald Acuna Jr. OF Spencer Jones P Gerrit Cole P Tarik Skubal SS George Lombard Jr.,,,
599,5278623621,hammer6286,0,67.65,1B Ben Rice 2B Ozzie Albies 3B Austin Riley C Will Smith OF Jackson Chourio OF Brenton Doyle OF Tommy Pham P Jacob Misiorowski P Gerrit Cole SS Cooper Pratt,,,
599,5279003306,jsanders41,0,67.65,1B Luis Garcia Jr. 2B Chase Meidroth 3B Max Muncy C Gary Sanchez OF Kyle Tucker OF Randal Grichuk OF Spencer Jones P Jacob Misiorowski P Gerrit Cole SS Cooper Pratt,,,
599,5279377541,Nothingman11,0,67.65,1B Ben Rice 2B Jazz Chisholm Jr. 3B Austin Riley C Austin Wells OF Teoscar Hernandez OF Michael Harris II OF Christian Yelich P Jacob Misiorowski P Gerrit Cole SS George Lombard Jr.,,,
602,5279623290,daveytree3,0,67.5,1B Matt Olson 2B Ozzie Albies 3B Yandy Diaz C Kyle Teel OF Shohei Ohtani OF Christian Yelich OF Tommy Edman P Robbie Ray P Tarik Skubal SS Xander Bogaerts,,,
603,5279629409,Vanilla_Gorilla25,0,67.35,1B Yandy Diaz 2B Travis Bazzana 3B Jose Ramirez C Drake Baldwin OF Jackson Merrill OF Michael Harris II OF Angel Martinez P Drew Rasmussen P Parker Messick SS George Lombard Jr.,,,
604,5278877969,josephmolski,0,67.25,1B Yandy Diaz 2B Jazz Chisholm Jr. 3B Max Muncy C Will Smith OF Michael Harris II OF Cody Bellinger OF Brenton Doyle P Parker Messick P Tarik Skubal SS Brayan Rocchio,,,
604,5279800848,corn12365,0,67.25,1B Ben Rice 2B Jazz Chisholm Jr. 3B Jake Cronenworth C Austin Wells OF Fernando Tatis Jr. OF Cody Bellinger OF Spencer Jones P Parker Messick P Tarik Skubal SS Xander Bogaerts,,,
606,5279384263,Krcwiklik,0,67.2,1B Jake Bauers 2B Chase Meidroth 3B Yandy Diaz C Austin Hedges OF Andy Pages OF Angel Martinez OF Jo Adell P Jacob Misiorowski P Drew Rasmussen SS Cooper Pratt,,,
607,5279012700,modece,0,67.15,1B David Fry 2B Brice Turang 3B Joey Ortiz C Austin Hedges OF Jackson Chourio OF Garrett Mitchell OF Jo Adell P Jacob Misiorowski P Parker Messick SS Brayan Rocchio,,,
607,5279598752,TinyGiant99,0,67.15,1B Jonathan Aranda 2B Tommy Edman 3B Yandy Diaz C William Contreras OF Andy Pages OF Chase DeLauter OF Steven Kwan P Jacob Misiorowski P Parker Messick SS Brayan Rocchio,,,
609,5278723338,HardRocks,0,67.1,1B Nathaniel Lowe 2B Chase Meidroth 3B Max Muncy C Will Smith OF Tommy Edman OF Jo Adell OF Tristan Peters P Jacob Misiorowski P Tarik Skubal SS George Lombard Jr.,,,
609,5278770744,karleigh20,0,67.1,1B Ty France 2B Ozzie Albies 3B Austin Riley C Patrick Bailey OF Jackson Merrill OF Andy Pages OF Trent Grisham P Jacob Misiorowski P Tarik Skubal SS Taylor Walls,,,
609,5278988543,jacksonboy42,0,67.1,1B Ryan Vilade 2B Ozzie Albies 3B David Hamilton C Nick Fortes OF Andy Pages OF Victor Mesa Jr. OF Samad Taylor P Jacob Misiorowski P Tarik Skubal SS Mookie Betts,,,
609,5279218963,capitanfuton,0,67.1,1B Jake Bauers 2B Richie Palacios 3B Jose Ramirez C Liam Hicks OF Jo Adell OF Steven Kwan OF Luis Lara P Jacob Misiorowski P Tarik Skubal SS Cooper Pratt,,,
609,5279259668,mustangs2015,0,67.1,1B Jonathan Aranda 2B Jazz Chisholm Jr. 3B Ryan McMahon C Ben Rice OF Victor Mesa Jr. OF Trent Grisham OF Chandler Simpson P Jacob Misiorowski P Tarik Skubal SS George Lombard Jr.,,,
609,5279499822,RaffyJr1971,0,67.1,1B Yandy Diaz 2B Tommy Edman 3B Ryan McMahon C Will Smith OF Teoscar Hernandez OF Cody Bellinger OF Trent Grisham P Jacob Misiorowski P Tarik Skubal SS George Lombard Jr.,,,
609,5279550506,dingodan39,0,67.1,1B David Fry 2B Chase Meidroth 3B Max Muncy C Will Smith OF Christian Yelich OF Jonny DeLuca OF Steven Kwan P Jacob Misiorowski P Tarik Skubal SS Xander Bogaerts,,,
609,5279628031,josephc57,0,67.1,1B Jonathan Aranda 2B Chase Meidroth 3B Jose Ramirez C Austin Hedges OF Christian Yelich OF Victor Mesa Jr. OF Chandler Simpson P Jacob Misiorowski P Tarik Skubal SS Mauricio Dubon,,,
609,5279741999,ZachG4299,0,67.1,1B Jonathan Aranda 2B Chase Meidroth 3B Yandy Diaz C Liam Hicks OF Angel Martinez OF Jo Adell OF Steven Kwan P Jacob Misiorowski P Tarik Skubal SS George Lombard Jr.,,,
618,5279818778,firefighter1986,0,67.05,1B Shohei Ohtani 2B Ozzie Albies 3B Austin Riley C Kyle Teel OF Teoscar Hernandez OF Michael Harris II OF Cody Bellinger P Gerrit Cole P Robbie Ray SS Mookie Betts,,,
619,5278476815,cwiert17,0,66.8,1B Matt Olson 2B Jazz Chisholm Jr. 3B Max Muncy C Will Smith OF Jackson Chourio OF Andy Pages OF Jo Adell P Parker Messick P Gerrit Cole SS Cooper Pratt,,,
619,5279547195,jd_johnston11,0,66.8,1B Kike Hernandez 2B Tommy Edman 3B Max Muncy C Will Smith OF Shohei Ohtani OF Jackson Chourio OF Luis Lara P Parker Messick P Gerrit Cole SS Cooper Pratt,,,
621,5278893411,mikebkmm5,0,66.4,1B Jonathan Aranda 2B Ozzie Albies 3B Austin Riley C Liam Hicks OF Fernando Tatis Jr. OF Michael Harris II OF Angel Martinez P Jacob Misiorowski P Robbie Ray SS Colson Montgomery,,,
622,5279383442,knackermatt,0,66.25,1B Jonathan Aranda 2B Jazz Chisholm Jr. 3B Jose Ramirez C Ben Rice OF Chase DeLauter OF Trent Grisham OF Jo Adell P Parker Messick P Tarik Skubal SS George Lombard Jr.,,,
622,5279716520,EF20205555,0,66.25,1B David Fry 2B Brice Turang 3B Jose Ramirez C William Contreras OF Angel Martinez OF Chase DeLauter OF Jo Adell P Parker Messick P Tarik Skubal SS Cooper Pratt,,,
624,5278878159,629buc,0,66.15,1B Yandy Diaz 2B Tommy Edman 3B Jose Ramirez C Austin Hedges OF Kyle Tucker OF Victor Mesa Jr. OF Jo Adell P Jacob Misiorowski P Parker Messick SS Brayan Rocchio,,,
625,5278544528,paintgirl,0,66.1,1B Jonathan Aranda 2B Jazz Chisholm Jr. 3B Ryan McMahon C Ben Rice OF Cody Bellinger OF Steven Kwan OF Chandler Simpson P Jacob Misiorowski P Tarik Skubal SS George Lombard Jr.,,,
625,5279269255,Stagnet,0,66.1,1B Freddie Freeman 2B Chase Meidroth 3B Jose Ramirez C Sean Murphy OF Andy Pages OF Jo Adell OF Chandler Simpson P Jacob Misiorowski P Tarik Skubal SS Ha-Seong Kim,,,
625,5279601565,Szentiger,0,66.1,1B Jonathan Aranda 2B Chase Meidroth 3B Jose Ramirez C Liam Hicks OF Jonny DeLuca OF Chandler Simpson OF Brenton Doyle P Jacob Misiorowski P Tarik Skubal SS Brayan Rocchio,,,
625,5279733237,Whatevermane914,0,66.1,1B Jonathan Aranda 2B Travis Bazzana 3B Jose Ramirez C Will Smith OF Andy Pages OF Steven Kwan OF Tommy Pham P Jacob Misiorowski P Tarik Skubal SS George Lombard Jr.,,,
625,5279743838,oklablue,0,66.1,1B David Fry 2B Chase Meidroth 3B Max Muncy C Austin Hedges OF Tommy Edman OF Steven Kwan OF Braden Montgomery P Jacob Misiorowski P Tarik Skubal SS Mookie Betts,,,
630,5279115100,cpee15,0,65.25,1B Shohei Ohtani 2B Travis Bazzana 3B Max Muncy C Will Smith OF Jo Adell OF Steven Kwan OF Chandler Simpson P Parker Messick P Tarik Skubal SS Cooper Pratt,,,
630,5279299492,DUI-Guy,0,65.25,1B Luis Garcia Jr. 2B Jazz Chisholm Jr. 3B Ryan McMahon C Ben Rice OF Christian Yelich OF Chase DeLauter OF Garrett Mitchell P Parker Messick P Tarik Skubal SS George Lombard Jr.,,,
632,5278648849,cujo_61pez,0,65.2,1B David Fry 2B Chase Meidroth 3B Jose Ramirez C Austin Hedges OF Ronald Acuna Jr. OF Andy Pages OF Chase DeLauter P Jacob Misiorowski P Drew Rasmussen SS Brayan Rocchio,,,
632,5279787968,jboehm,0,65.2,1B Matt Olson 2B Travis Bazzana 3B Jose Ramirez C Will Smith OF Chase DeLauter OF Steven Kwan OF Braden Montgomery P Jacob Misiorowski P Drew Rasmussen SS Brayan Rocchio,,,
634,5279107695,knixon4201,0,65.15,1B Jonathan Aranda 2B Travis Bazzana 3B Joey Ortiz C Will Smith OF Jackson Chourio OF Andy Pages OF Steven Kwan P Jacob Misiorowski P Parker Messick SS George Lombard Jr.,,,
634,5279467414,rick7borrelli,0,65.15,1B Yandy Diaz 2B Tommy Edman 3B Jose Ramirez C Austin Hedges OF Teoscar Hernandez OF Christian Yelich OF Steven Kwan P Jacob Misiorowski P Parker Messick SS Brayan Rocchio,,,
634,5279679196,Opfor4481,0,65.15,1B David Fry 2B Travis Bazzana 3B Max Muncy C Will Smith OF Jackson Chourio OF Andy Pages OF Steven Kwan P Jacob Misiorowski P Parker Messick SS George Lombard Jr.,,,
637,5279265190,crick1295,0,65.1,1B David Fry 2B Chase Meidroth 3B Joey Ortiz C Will Smith OF Kyle Tucker OF Cody Bellinger OF Jo Adell P Jacob Misiorowski P Tarik Skubal SS Cooper Pratt,,,
637,5279301027,Millville27,0,65.1,1B Yandy Diaz 2B Chase Meidroth 3B Joey Ortiz C William Contreras OF Christian Yelich OF Randal Grichuk OF Tommy Pham P Jacob Misiorowski P Tarik Skubal SS Cooper Pratt,,,
637,5279328869,smw3184,0,65.1,1B Yandy Diaz 2B Richie Palacios 3B Max Muncy C Will Smith OF Tommy Edman OF Chase DeLauter OF Andrew Benintendi P Jacob Misiorowski P Tarik Skubal SS George Lombard Jr.,,,
637,5279396113,H.Stob4,0,65.1,1B Jonathan Aranda 2B Tommy Edman 3B David Hamilton C Kyle Teel OF Andy Pages OF Cody Bellinger OF Steven Kwan P Jacob Misiorowski P Tarik Skubal SS Brayan Rocchio,,,
637,5279610692,pohoiki,0,65.1,1B Jonathan Aranda 2B Travis Bazzana 3B Yandy Diaz C Austin Hedges OF Andy Pages OF Cody Bellinger OF Chandler Simpson P Jacob Misiorowski P Tarik Skubal SS George Lombard Jr.,,,
637,5279683138,zigzagman115,0,65.1,1B Jake Bauers 2B Chase Meidroth 3B Max Muncy C Will Smith OF Randal Grichuk OF Steven Kwan OF Brenton Doyle P Jacob Misiorowski P Tarik Skubal SS George Lombard Jr.,,,
643,5279429545,thunder6186,0,65.05,1B Freddie Freeman 2B Jake Cronenworth 3B Jose Ramirez C Sean Murphy OF Shohei Ohtani OF Jackson Chourio OF Braden Montgomery P Gerrit Cole P Robbie Ray SS Mookie Betts,,,
644,5279766713,rsanetra7,0,65,1B Munetaka Murakami 2B Ozzie Albies 3B Miguel Vargas C Austin Wells OF Michael Harris II OF Cody Bellinger OF Jo Adell P Jacob Misiorowski P David Sandlin SS George Lombard Jr.,,,
645,5279266207,davammi,0,64.85,1B Matt Olson 2B Chase Meidroth 3B Junior Caminero C Gary Sanchez OF Michael Harris II OF Christian Yelich OF Chase DeLauter P Drew Rasmussen P Gerrit Cole SS Mauricio Dubon,,,
646,5279402573,jables11b,0,64.65,1B Shohei Ohtani 2B Chase Meidroth 3B Max Muncy C William Contreras OF Randal Grichuk OF Brenton Doyle OF Tommy Pham P Jacob Misiorowski P Gerrit Cole SS George Lombard Jr.,,,
647,5279334290,az350z,0,64.25,1B Luis Garcia Jr. 2B Jazz Chisholm Jr. 3B Joey Ortiz C Will Smith OF Jackson Chourio OF Cody Bellinger OF Spencer Jones P Parker Messick P Tarik Skubal SS George Lombard Jr.,,,
647,5279455134,kozy6813,0,64.25,1B Jake Bauers 2B Brice Turang 3B Yandy Diaz C Will Smith OF Christian Yelich OF Jo Adell OF Luis Lara P Parker Messick P Tarik Skubal SS Cooper Pratt,,,
649,5279558735,ahtnap,0,64.2,1B Luis Garcia Jr. 2B Chase Meidroth 3B Miguel Vargas C Drake Baldwin OF Jackson Chourio OF Andy Pages OF Randal Grichuk P Jacob Misiorowski P Hagen Smith SS Colson Montgomery,,,
650,5278973123,harness21,0,64.15,1B Jonathan Aranda 2B Chase Meidroth 3B Jose Ramirez C William Contreras OF Chase DeLauter OF Jo Adell OF Steven Kwan P Jacob Misiorowski P Parker Messick SS Brayan Rocchio,,,
651,5279015689,rsivu1541,0,64.1,1B Jonathan Aranda 2B Chase Meidroth 3B Miguel Vargas C Dalton Rushing OF Randal Grichuk OF Chandler Simpson OF Braden Montgomery P Jacob Misiorowski P Tarik Skubal SS Cooper Pratt,,,
651,5279305642,bluester111,0,64.1,1B Ben Rice 2B Chase Meidroth 3B Ryan McMahon C Austin Wells OF Jackson Chourio OF Angel Martinez OF Brenton Doyle P Jacob Misiorowski P Tarik Skubal SS George Lombard Jr.,,,
651,5279406600,metroc710,0,64.1,1B Jonathan Aranda 2B Jazz Chisholm Jr. 3B Ryan McMahon C Ben Rice OF Trent Grisham OF Jo Adell OF Jonny DeLuca P Jacob Misiorowski P Tarik Skubal SS George Lombard Jr.,,,
651,5279515095,BigRobnAZ,0,64.1,1B Yandy Diaz 2B Ozzie Albies 3B Ryan McMahon C Ben Rice OF Chase DeLauter OF Jonny DeLuca OF Spencer Jones P Jacob Misiorowski P Tarik Skubal SS George Lombard Jr.,,,
651,5279563339,sharker311,0,64.1,1B Jonathan Aranda 2B Richie Palacios 3B Jose Ramirez C Will Smith OF Chase DeLauter OF Jo Adell OF Steven Kwan P Jacob Misiorowski P Tarik Skubal SS Taylor Walls,,,
651,5279628962,blacklabelkk,0,64.1,1B Kike Hernandez 2B Amed Rosario 3B Jose Ramirez C Will Smith OF Teoscar Hernandez OF Andy Pages OF Jo Adell P Jacob Misiorowski P Tarik Skubal SS George Lombard Jr.,,,
651,5279680502,Tessmer,0,64.1,1B Jonathan Aranda 2B Richie Palacios 3B Jose Ramirez C Will Smith OF Chase DeLauter OF Jo Adell OF Steven Kwan P Jacob Misiorowski P Tarik Skubal SS Taylor Walls,,,
651,5279681763,IhateHarry,0,64.1,1B Jonathan Aranda 2B Chase Meidroth 3B Joey Ortiz C Kyle Teel OF Randal Grichuk OF Brenton Doyle OF Braden Montgomery P Jacob Misiorowski P Tarik Skubal SS Mookie Betts,,,
651,5279757664,impeccablycomingup,0,64.1,1B David Fry 2B Tommy Edman 3B Max Muncy C Will Smith OF Jo Adell OF Braden Montgomery OF Tommy Pham P Jacob Misiorowski P Tarik Skubal SS Mookie Betts,,,
651,5279776698,phfact0r49,0,64.1,1B Gavin Sheets 2B Jake Cronenworth 3B Ryan McMahon C Freddy Fermin OF Fernando Tatis Jr. OF Jackson Chourio OF Jackson Merrill P Jacob Misiorowski P Tarik Skubal SS Mauricio Dubon,,,
651,5279805615,MisterFisher,0,64.1,1B David Fry 2B Travis Bazzana 3B Max Muncy C Will Smith OF Andy Pages OF Chase DeLauter OF Steven Kwan P Jacob Misiorowski P Tarik Skubal SS Brayan Rocchio,,,
662,5278788022,mikerugggolfpro,0,63.8,1B David Fry 2B Tommy Edman 3B Jake Cronenworth C Kyle Teel OF Shohei Ohtani OF Jackson Chourio OF Ronald Acuna Jr. P Parker Messick P Gerrit Cole SS Brayan Rocchio,,,
663,5278678107,Cam8800,0,63.75,1B Luis Garcia Jr. 2B Chase Meidroth 3B Manny Machado C Austin Wells OF Fernando Tatis Jr. OF Cody Bellinger OF Christian Yelich P Gerrit Cole P Tarik Skubal SS George Lombard Jr.,,,
663,5279113114,IKeelU,0,63.75,1B David Fry 2B Tommy Edman 3B Max Muncy C Will Smith OF Andy Pages OF Angel Martinez OF Jo Adell P Gerrit Cole P Tarik Skubal SS Mookie Betts,,,
663,5279157856,edith2419,0,63.75,1B Shohei Ohtani 2B Jake Cronenworth 3B Jose Ramirez C Austin Wells OF Cody Bellinger OF Trent Grisham OF Luis Lara P Gerrit Cole P Tarik Skubal SS Xander Bogaerts,,,
663,5279783179,PRozelle,0,63.75,1B Ben Rice 2B Chase Meidroth 3B Yandy Diaz C Liam Hicks OF Andy Pages OF Tommy Edman OF Jo Adell P Gerrit Cole P Tarik Skubal SS Xander Bogaerts,,,
667,5279473477,OllyOllyO,0,63.65,1B Gavin Sheets 2B Chase Meidroth 3B Jose Ramirez C William Contreras OF Jackson Chourio OF Jo Adell OF Spencer Jones P Jacob Misiorowski P Gerrit Cole SS Cooper Pratt,,,
668,5278618137,nibbish,0,63.4,1B Freddie Freeman 2B Richie Palacios 3B Ryan McMahon C Austin Wells OF Shohei Ohtani OF Kyle Tucker OF Brenton Doyle P Jacob Misiorowski P Robbie Ray SS Mookie Betts,,,
669,5278613227,mrbig91,0,63.35,1B Luis Garcia Jr. 2B Tommy Edman 3B Yandy Diaz C Ben Rice OF Michael Harris II OF Andy Pages OF Steven Kwan P Drew Rasmussen P Parker Messick SS George Lombard Jr.,,,
670,5279575205,jbird76,0,63.25,1B Shohei Ohtani 2B Travis Bazzana 3B Colson Montgomery C Austin Hedges OF Jackson Merrill OF Cody Bellinger OF Tommy Edman P Parker Messick P Tarik Skubal SS George Lombard Jr.,,,
671,5279571932,Robrent,0,63.2,1B Freddie Freeman 2B Chase Meidroth 3B Austin Riley C Will Smith OF Andy Pages OF Steven Kwan OF Chandler Simpson P Jacob Misiorowski P Drew Rasmussen SS Taylor Walls,,,
672,5278467612,garygs400,0,63.15,1B Yandy Diaz 2B Jazz Chisholm Jr. 3B Austin Riley C Gary Sanchez OF Teoscar Hernandez OF Tommy Edman OF Randal Grichuk P Jacob Misiorowski P Parker Messick SS Brayan Rocchio,,,
672,5279802336,Warr1013,0,63.15,1B Munetaka Murakami 2B Chase Meidroth 3B Jose Ramirez C Austin Wells OF Steven Kwan OF Brenton Doyle OF Tommy Pham P Jacob Misiorowski P Parker Messick SS Mookie Betts,,,
674,5278929269,REINY66,0,63.1,1B Jake Bauers 2B Tommy Edman 3B Yandy Diaz C Liam Hicks OF Jo Adell OF Randal Grichuk OF Luis Lara P Jacob Misiorowski P Tarik Skubal SS Cooper Pratt,,,
674,5279355140,TheBossinMyWorld,0,63.1,1B Shohei Ohtani 2B Chase Meidroth 3B Colson Montgomery C Austin Wells OF Steven Kwan OF Brenton Doyle OF Tommy Pham P Jacob Misiorowski P Tarik Skubal SS Cooper Pratt,,,
674,5279655816,Pbrain,0,63.1,1B Jonathan Aranda 2B Chase Meidroth 3B Jose Ramirez C Austin Hedges OF Angel Martinez OF Randal Grichuk OF Steven Kwan P Jacob Misiorowski P Tarik Skubal SS Brayan Rocchio,,,
674,5279700898,gtang001,0,63.1,1B Jake Bauers 2B Chase Meidroth 3B Max Muncy C Will Smith OF Randal Grichuk OF Spencer Jones OF Brenton Doyle P Jacob Misiorowski P Tarik Skubal SS George Lombard Jr.,,,
674,5279740090,pdmac23,0,63.1,1B Gavin Sheets 2B Chase Meidroth 3B Manny Machado C Liam Hicks OF Fernando Tatis Jr. OF Brenton Doyle OF Tommy Pham P Jacob Misiorowski P Tarik Skubal SS George Lombard Jr.,,,
679,5279757578,NO_REGERTZ,0,63.05,1B Freddie Freeman 2B Jazz Chisholm Jr. 3B Joey Ortiz C Austin Hedges OF Ronald Acuna Jr. OF Teoscar Hernandez OF Andy Pages P Gerrit Cole P Robbie Ray SS Mookie Betts,,,
680,5279799744,mcwhor,0,62.8,1B Dominic Smith 2B Fernando Tatis Jr. 3B Jose Ramirez C Will Smith OF Teoscar Hernandez OF Andy Pages OF Chase DeLauter P Parker Messick P Gerrit Cole SS Xander Bogaerts,,,
681,5278564620,nbarrjr,0,62.65,1B Munetaka Murakami 2B Chase Meidroth 3B Miguel Vargas C Austin Wells OF Trent Grisham OF Randal Grichuk OF Spencer Jones P Jacob Misiorowski P Gerrit Cole SS George Lombard Jr.,,,
681,5279302832,gmosk,0,62.65,1B Luis Garcia Jr. 2B Jazz Chisholm Jr. 3B Max Muncy C Austin Wells OF Ronald Acuna Jr. OF Cody Bellinger OF Jo Adell P Jacob Misiorowski P Gerrit Cole SS Mauricio Dubon,,,
683,5279405030,aquafinatim,0,62.25,1B Ty France 2B Fernando Tatis Jr. 3B Jose Ramirez C Luis Campusano OF Chase DeLauter OF Jo Adell OF Steven Kwan P Parker Messick P Tarik Skubal SS Brayan Rocchio,,,
683,5279801170,djdog09,0,62.25,1B David Fry 2B Jake Cronenworth 3B Yandy Diaz C Austin Wells OF Shohei Ohtani OF Andy Pages OF Victor Mesa Jr. P Parker Messick P Tarik Skubal SS Mookie Betts,,,
685,5279347189,brock196,0,62.15,1B David Fry 2B Richie Palacios 3B Junior Caminero C Austin Hedges OF Teoscar Hernandez OF Cody Bellinger OF Angel Martinez P Jacob Misiorowski P Parker Messick SS Brayan Rocchio,,,
686,5279110018,DMATH,0,62.1,1B Jonathan Aranda 2B Chase Meidroth 3B Jose Ramirez C Austin Wells OF Cody Bellinger OF Trent Grisham OF Jo Adell P Jacob Misiorowski P Tarik Skubal SS George Lombard Jr.,,,
686,5279175834,yougotcropdusted,0,62.1,1B Shohei Ohtani 2B Ozzie Albies 3B Ryan McMahon C Will Smith OF Jo Adell OF Randal Grichuk OF Braden Montgomery P Jacob Misiorowski P Tarik Skubal SS Cooper Pratt,,,
686,5279216744,dana522,0,62.1,1B Jonathan Aranda 2B Hyeseong Kim 3B Ryan McMahon C Austin Hedges OF Shohei Ohtani OF Cody Bellinger OF Tommy Edman P Jacob Misiorowski P Tarik Skubal SS Cooper Pratt,,,
686,5279222481,epot,0,62.1,1B Jake Bauers 2B Tommy Edman 3B Jose Ramirez C Liam Hicks OF Chase DeLauter OF Chandler Simpson OF Tommy Pham P Jacob Misiorowski P Tarik Skubal SS George Lombard Jr.,,,
686,5279668278,betto44,0,62.1,1B David Fry 2B Ozzie Albies 3B Kike Hernandez C Will Smith OF Fernando Tatis Jr. OF Trent Grisham OF Jo Adell P Jacob Misiorowski P Tarik Skubal SS Cooper Pratt,,,
691,5279208478,liltom17,0,61.8,1B Yandy Diaz 2B Richie Palacios 3B Jose Ramirez C William Contreras OF Shohei Ohtani OF Chase DeLauter OF Victor Mesa Jr. P Parker Messick P Gerrit Cole SS Cooper Pratt,,,
692,5279031763,bravesfan2366,0,61.65,1B David Fry 2B Chase Meidroth 3B Austin Riley C Drake Baldwin OF Ronald Acuna Jr. OF Kyle Tucker OF Andy Pages P Jacob Misiorowski P Gerrit Cole SS George Lombard Jr.,,,
692,5279330005,Draftmaster00,0,61.65,1B Freddie Freeman 2B Richie Palacios 3B Jose Ramirez C William Contreras OF Andy Pages OF Jo Adell OF Braden Montgomery P Jacob Misiorowski P Gerrit Cole SS Brayan Rocchio,,,
692,5279630766,MeanMachine590,0,61.65,1B Freddie Freeman 2B Jazz Chisholm Jr. 3B Austin Riley C William Contreras OF Andy Pages OF Spencer Jones OF Chandler Simpson P Jacob Misiorowski P Gerrit Cole SS Brayan Rocchio,,,
692,5279689342,jokerdpo,0,61.65,1B David Fry 2B Chase Meidroth 3B Miguel Vargas C William Contreras OF Jo Adell OF Brenton Doyle OF Tommy Pham P Jacob Misiorowski P Gerrit Cole SS Mookie Betts,,,
692,5279690884,BanjoPerson,0,61.65,1B Matt Olson 2B Ozzie Albies 3B Jake Cronenworth C Liam Hicks OF Cody Bellinger OF Jonny DeLuca OF Brenton Doyle P Jacob Misiorowski P Gerrit Cole SS Mookie Betts,,,
697,5278808311,kmclaugh84,0,61.600002,1B Ben Rice 2B Brice Turang 3B Jose Ramirez C Will Smith OF Jackson Merrill OF Michael Harris II OF Tyler Black P Drew Rasmussen P Robbie Ray SS Colson Montgomery,,,
698,5279596996,joeadig,0,61.55,1B Yandy Diaz 2B Tommy Edman 3B Max Muncy C Will Smith OF Jackson Chourio OF Ronald Acuna Jr. OF Jackson Merrill P Parker Messick P Robbie Ray SS Xander Bogaerts,,,
699,5279435060,acsmith,0,61.4,1B Freddie Freeman 2B Travis Bazzana 3B Max Muncy C Will Smith OF Teoscar Hernandez OF Andy Pages OF Chase DeLauter P Jacob Misiorowski P Robbie Ray SS George Lombard Jr.,,,
700,5278909904,jehoffman3,0,61.2,1B Ty France 2B Fernando Tatis Jr. 3B Miguel Vargas C Kyle Teel OF Jackson Merrill OF Cody Bellinger OF Spencer Jones P Drew Rasmussen P David Sandlin SS George Lombard Jr.,,,
700,5279639035,MartyG1948,0,61.2,1B Ben Rice 2B Chase Meidroth 3B Yandy Diaz C Austin Hedges OF Angel Martinez OF Chase DeLauter OF Cedric Mullins P Jacob Misiorowski P Drew Rasmussen SS George Lombard Jr.,,,
702,5278471357,tyschmidt22,0,61.15,1B Jake Bauers 2B Richie Palacios 3B Jose Ramirez C William Contreras OF Chase DeLauter OF Jo Adell OF Steven Kwan P Jacob Misiorowski P Parker Messick SS Joey Ortiz,,,
702,5278944936,blitzburgh07,0,61.15,1B David Fry 2B Richie Palacios 3B Jose Ramirez C Austin Wells OF Jackson Chourio OF Ronald Acuna Jr. OF Andy Pages P Jacob Misiorowski P Parker Messick SS Cooper Pratt,,,
702,5279597939,gitsum40,0,61.15,1B Yandy Diaz 2B Richie Palacios 3B Austin Riley C Liam Hicks OF Jackson Chourio OF Chase DeLauter OF Jo Adell P Jacob Misiorowski P Parker Messick SS Brayan Rocchio,,,
702,5279723748,gphill2323,0,61.15,1B Freddie Freeman 2B Travis Bazzana 3B Kike Hernandez C William Contreras OF Andy Pages OF Chase DeLauter OF Victor Mesa Jr. P Jacob Misiorowski P Parker Messick SS Brayan Rocchio,,,
702,5279804801,wstellian,0,61.15,1B Jake Bauers 2B Travis Bazzana 3B Jose Ramirez C William Contreras OF Chase DeLauter OF Steven Kwan OF Chandler Simpson P Jacob Misiorowski P Parker Messick SS Cooper Pratt,,,
707,5278829531,Whiskytown,0,61.1,1B Yandy Diaz 2B Richie Palacios 3B Max Muncy C Liam Hicks OF Fernando Tatis Jr. OF Andy Pages OF Chase DeLauter P Tarik Skubal P David Sandlin SS Brayan Rocchio,,,
707,5279351806,saranger,0,61.1,1B Ben Rice 2B David Hamilton 3B Max Muncy C Gary Sanchez OF Trent Grisham OF Steven Kwan OF Gavin Sheets P Jacob Misiorowski P Tarik Skubal SS Brayan Rocchio,,,
707,5279492110,Sceyenceguy,0,61.1,1B Freddie Freeman 2B Richie Palacios 3B Yandy Diaz C Austin Hedges OF Angel Martinez OF Victor Mesa Jr. OF Jonny DeLuca P Jacob Misiorowski P Tarik Skubal SS Cooper Pratt,,,
707,5279620959,charlesrayallday,0,61.1,1B Ben Rice 2B Ozzie Albies 3B Ryan McMahon C Will Smith OF Andy Pages OF Jo Adell OF Chandler Simpson P Jacob Misiorowski P Tarik Skubal SS George Lombard Jr.,,,
711,5279667522,geoffm33,0,60.8,1B Matt Olson 2B Fernando Tatis Jr. 3B Manny Machado C Drake Baldwin OF Michael Harris II OF Dustin Harris OF Austin Hays P Parker Messick P Gerrit Cole SS Xander Bogaerts,,,
711,5279789700,petemigs,0,60.8,1B Jonathan Aranda 2B Fernando Tatis Jr. 3B Manny Machado C Ben Rice OF Cody Bellinger OF Jo Adell OF Steven Kwan P Parker Messick P Gerrit Cole SS George Lombard Jr.,,,
713,5279052252,Banzai76,0,60.75,1B Luis Garcia Jr. 2B Jazz Chisholm Jr. 3B Miguel Vargas C Will Smith OF Cody Bellinger OF Randal Grichuk OF Luis Lara P Gerrit Cole P Tarik Skubal SS George Lombard Jr.,,,
714,5279759045,dob1105,0,60.600002,1B Shohei Ohtani 2B Brice Turang 3B Miguel Vargas C Will Smith OF Kyle Tucker OF Andy Pages OF Trent Grisham P Robbie Ray P Hagen Smith SS Mookie Betts,,,
715,5279786463,imthedraftking187,0,60.25,1B Ben Rice 2B Jake Cronenworth 3B Austin Riley C Austin Wells OF Shohei Ohtani OF Cody Bellinger OF Trent Grisham P Parker Messick P Tarik Skubal SS Xander Bogaerts,,,
716,5279463035,jayrwebb,0,60.2,1B David Fry 2B Chase Meidroth 3B Yandy Diaz C Drake Baldwin OF Michael Harris II OF Andy Pages OF Chase DeLauter P Jacob Misiorowski P Drew Rasmussen SS Cooper Pratt,,,
717,5279469911,oldzcool,0,60.15,1B Yandy Diaz 2B Ozzie Albies 3B Junior Caminero C Liam Hicks OF Trent Grisham OF Randal Grichuk OF Chandler Simpson P Jacob Misiorowski P Parker Messick SS George Lombard Jr.,,,
717,5279687562,Luiyopr,0,60.15,1B David Fry 2B Travis Bazzana 3B Jose Ramirez C Austin Hedges OF Jackson Chourio OF Chandler Simpson OF Tommy Pham P Jacob Misiorowski P Parker Messick SS Mookie Betts,,,
717,5279725069,bkayjac,0,60.15,1B Yandy Diaz 2B Travis Bazzana 3B Jose Ramirez C William Contreras OF Chase DeLauter OF Steven Kwan OF Luis Lara P Jacob Misiorowski P Parker Messick SS Brayan Rocchio,,,
720,5278481991,hespen2,0,60.1,1B Nathaniel Lowe 2B Richie Palacios 3B Jose Ramirez C Will Smith OF Andy Pages OF Christian Yelich OF Steven Kwan P Jacob Misiorowski P Tarik Skubal SS George Lombard Jr.,,,
720,5279265162,tonemfone,0,60.1,1B Jake Bauers 2B Richie Palacios 3B Yandy Diaz C Will Smith OF Christian Yelich OF Cedric Mullins OF Spencer Jones P Jacob Misiorowski P Tarik Skubal SS George Lombard Jr.,,,
720,5279332894,markandrewbray,0,60.1,1B David Fry 2B Travis Bazzana 3B Max Muncy C Gary Sanchez OF Andy Pages OF Cody Bellinger OF Chase DeLauter P Jacob Misiorowski P Tarik Skubal SS George Lombard Jr.,,,
720,5279496043,hbcards,0,60.1,1B Jonathan Aranda 2B Tommy Edman 3B Joey Ortiz C Will Smith OF Andy Pages OF Victor Mesa Jr. OF Chandler Simpson P Jacob Misiorowski P Tarik Skubal SS Cooper Pratt,,,
720,5279521202,briangile,0,60.1,1B Jake Bauers 2B Travis Bazzana 3B Jose Ramirez C Kyle Teel OF Jo Adell OF Randal Grichuk OF Braden Montgomery P Jacob Misiorowski P Tarik Skubal SS George Lombard Jr.,,,
725,5278932273,druble17,0,59.8,1B Freddie Freeman 2B Brice Turang 3B Yandy Diaz C Ethan Salas OF Christian Yelich OF Trent Grisham OF Randal Grichuk P Parker Messick P Gerrit Cole SS Mookie Betts,,,
726,5279172309,Grinder1961,0,59.65,1B David Fry 2B Tommy Edman 3B Austin Riley C Ben Rice OF Kyle Tucker OF Andy Pages OF Jo Adell P Jacob Misiorowski P Gerrit Cole SS Brayan Rocchio,,,
726,5279576071,ChevChelios,0,59.65,1B Ben Rice 2B Jazz Chisholm Jr. 3B Ryan McMahon C Sean Murphy OF Cody Bellinger OF Tommy Edman OF Spencer Jones P Jacob Misiorowski P Gerrit Cole SS Mookie Betts,,,
726,5279628451,Fishnaked,0,59.65,1B Luis Garcia Jr. 2B Chase Meidroth 3B Colson Montgomery C Austin Hedges OF Jackson Chourio OF Trent Grisham OF Jo Adell P Jacob Misiorowski P Gerrit Cole SS Brayan Rocchio,,,
726,5279656947,siahbabedblsiah,0,59.65,1B David Fry 2B Travis Bazzana 3B Colson Montgomery C Drake Baldwin OF Fernando Tatis Jr. OF Ronald Acuna Jr. OF Tommy Pham P Jacob Misiorowski P Gerrit Cole SS Brayan Rocchio,,,
726,5279796243,mattvons,0,59.65,1B David Fry 2B Jazz Chisholm Jr. 3B Jose Ramirez C Will Smith OF Teoscar Hernandez OF Andy Pages OF Cody Bellinger P Jacob Misiorowski P Gerrit Cole SS George Lombard Jr.,,,
731,5278499740,hart03,0,59.25,1B Luis Garcia Jr. 2B Tommy Edman 3B Max Muncy C Ben Rice OF Andy Pages OF Trent Grisham OF Spencer Jones P Parker Messick P Tarik Skubal SS George Lombard Jr.,,,
731,5279193425,Fronk,0,59.25,1B Freddie Freeman 2B Jazz Chisholm Jr. 3B Jose Ramirez C Will Smith OF Chase DeLauter OF Jo Adell OF Steven Kwan P Parker Messick P Tarik Skubal SS George Lombard Jr.,,,
731,5279536659,berniesbeerbelly,0,59.25,1B Freddie Freeman 2B Travis Bazzana 3B Jose Ramirez C Will Smith OF Andy Pages OF Jo Adell OF Steven Kwan P Parker Messick P Tarik Skubal SS Brayan Rocchio,,,
731,5279790939,lpryan,0,59.25,1B Freddie Freeman 2B Chase Meidroth 3B Jose Ramirez C Kyle Teel OF Angel Martinez OF Christian Yelich OF Randal Grichuk P Parker Messick P Tarik Skubal SS Brayan Rocchio,,,
735,5279686041,Bubba2057,0,59.15,1B Matt Olson 2B Ozzie Albies 3B Yandy Diaz C Drake Baldwin OF Ronald Acuna Jr. OF Jonny DeLuca OF Chandler Simpson P Jacob Misiorowski P Parker Messick SS Ha-Seong Kim,,,
736,5278528501,mathyewjoeza,0,59.1,1B Shohei Ohtani 2B Richie Palacios 3B Ryan McMahon C Liam Hicks OF Victor Mesa Jr. OF Jonny DeLuca OF Chandler Simpson P Jacob Misiorowski P Tarik Skubal SS George Lombard Jr.,,,
736,5279392036,titanhawks,0,59.1,1B Freddie Freeman 2B Travis Bazzana 3B Jose Ramirez C Will Smith OF Steven Kwan OF Brenton Doyle OF Tommy Pham P Jacob Misiorowski P Tarik Skubal SS George Lombard Jr.,,,
736,5279681454,Fishermanfuzz,0,59.1,1B Freddie Freeman 2B Travis Bazzana 3B Jose Ramirez C Will Smith OF Steven Kwan OF Brenton Doyle OF Tommy Pham P Jacob Misiorowski P Tarik Skubal SS George Lombard Jr.,,,
736,5279694013,DicVec,0,59.1,1B Freddie Freeman 2B Travis Bazzana 3B Jose Ramirez C Will Smith OF Steven Kwan OF Brenton Doyle OF Tommy Pham P Jacob Misiorowski P Tarik Skubal SS George Lombard Jr.,,,
736,5279778963,BamaRadiohead,0,59.1,1B Ben Rice 2B Travis Bazzana 3B Jose Ramirez C Austin Wells OF Jo Adell OF Steven Kwan OF Heliot Ramos P Jacob Misiorowski P Tarik Skubal SS Brayan Rocchio,,,
741,5279783642,winkler5432,0,59,1B Ben Rice 2B Travis Bazzana 3B Yandy Diaz C William Contreras OF Jackson Chourio OF Christian Yelich OF Chase DeLauter P Jacob Misiorowski P JR Ritchie SS Cooper Pratt,,,
742,5278480530,Dmerkel1980,0,58.65,1B Ben Rice 2B Brice Turang 3B Ryan McMahon C William Contreras OF Cody Bellinger OF Steven Kwan OF Luis Lara P Jacob Misiorowski P Gerrit Cole SS Cooper Pratt,,,
742,5279074082,lacavirma,0,58.65,1B Shohei Ohtani 2B Richie Palacios 3B Ryan McMahon C Austin Wells OF Jackson Chourio OF Cody Bellinger OF Chandler Simpson P Jacob Misiorowski P Gerrit Cole SS George Lombard Jr.,,,
742,5279203655,youngsaint94,0,58.65,1B Ben Rice 2B Tommy Edman 3B Jose Ramirez C Austin Wells OF Jackson Chourio OF Luis Lara OF Braden Montgomery P Jacob Misiorowski P Gerrit Cole SS Cooper Pratt,,,
745,5279762942,dwigtschrute6,0,58.600002,1B Shohei Ohtani 2B Tommy Edman 3B Junior Caminero C Austin Hedges OF Ronald Acuna Jr. OF Angel Martinez OF Randal Grichuk P Drew Rasmussen P Robbie Ray SS Mauricio Dubon,,,
746,5279653636,theblackhand666,0,58.25,1B Shohei Ohtani 2B Jazz Chisholm Jr. 3B Jose Ramirez C Austin Wells OF Cody Bellinger OF Trent Grisham OF Jo Adell P Parker Messick P Tarik Skubal SS George Lombard Jr.,,,
747,5279433588,garyjames147,0,58.15,1B Jonathan Aranda 2B Travis Bazzana 3B Jose Ramirez C Liam Hicks OF Andy Pages OF Angel Martinez OF Steven Kwan P Jacob Misiorowski P Parker Messick SS Cooper Pratt,,,
747,5279613294,JSANE,0,58.15,1B Freddie Freeman 2B Travis Bazzana 3B Colson Montgomery C Kyle Teel OF Angel Martinez OF Tommy Edman OF Chase DeLauter P Jacob Misiorowski P Parker Messick SS Brayan Rocchio,,,
749,5278670708,michaelshodson,0,58.1,1B David Fry 2B Travis Bazzana 3B Joey Ortiz C Austin Wells OF Chase DeLauter OF Jo Adell OF Steven Kwan P Jacob Misiorowski P Tarik Skubal SS Mookie Betts,,,
749,5279223805,Shane35678,0,58.1,1B Yandy Diaz 2B Travis Bazzana 3B Jake Cronenworth C Kyle Teel OF Shohei Ohtani OF Braden Montgomery OF Sal Frelick P Jacob Misiorowski P Tarik Skubal SS George Lombard Jr.,,,
749,5279456567,AverillsAvengers,0,58.1,1B Luis Garcia Jr. 2B Travis Bazzana 3B Colson Montgomery C Will Smith OF Angel Martinez OF Jo Adell OF Steven Kwan P Jacob Misiorowski P Tarik Skubal SS George Lombard Jr.,,,
749,5279673686,Tamptrio12,0,58.1,1B Ben Rice 2B Chase Meidroth 3B Yandy Diaz C Austin Wells OF Jackson Chourio OF Andy Pages OF Cody Bellinger P JR Ritchie P Tarik Skubal SS Mookie Betts,,,
753,5279725718,Robbie21bruin,0,57.8,1B Matt Olson 2B Ozzie Albies 3B Austin Riley C Austin Hedges OF Shohei Ohtani OF Ronald Acuna Jr. OF Michael Harris II P Parker Messick P Gerrit Cole SS Cooper Pratt,,,
753,5279746753,Retso,0,57.8,1B Luis Garcia Jr. 2B Travis Bazzana 3B Jose Ramirez C Austin Hedges OF Shohei Ohtani OF Jackson Chourio OF Braden Montgomery P Parker Messick P Gerrit Cole SS George Lombard Jr.,,,
755,5278492907,citizenkane,0,57.65,1B Freddie Freeman 2B Travis Bazzana 3B Max Muncy C Will Smith OF Tommy Edman OF Chase DeLauter OF Randal Grichuk P Jacob Misiorowski P Gerrit Cole SS George Lombard Jr.,,,
755,5279562321,rendonraiders,0,57.65,1B Yandy Diaz 2B Tommy Edman 3B Jose Ramirez C William Contreras OF Christian Yelich OF Jo Adell OF Randal Grichuk P Jacob Misiorowski P Gerrit Cole SS Mauricio Dubon,,,
757,5279676569,EKIM20SENOJ,0,57.55,1B Yandy Diaz 2B Ozzie Albies 3B Jose Ramirez C Ben Rice OF Jackson Chourio OF Andy Pages OF Angel Martinez P Parker Messick P Robbie Ray SS Brayan Rocchio,,,
758,5278926765,LUMBERJAX,0,57.25,1B Freddie Freeman 2B Richie Palacios 3B Junior Caminero C Dalton Rushing OF Andy Pages OF Angel Martinez OF Chandler Simpson P Parker Messick P Tarik Skubal SS Cooper Pratt,,,
758,5279784124,the--wolf,0,57.25,1B Freddie Freeman 2B Richie Palacios 3B Jose Ramirez C Will Smith OF Andy Pages OF Chase DeLauter OF Jo Adell P Parker Messick P Tarik Skubal SS Brayan Rocchio,,,
760,5279777115,kedmo506,0,57.2,1B Yandy Diaz 2B Jake Cronenworth 3B Miguel Vargas C Will Smith OF Shohei Ohtani OF Jackson Merrill OF Randal Grichuk P Drew Rasmussen P David Sandlin SS Sung-Mun Song,,,
761,5278509888,Tvideo87,0,57.15,1B Luis Garcia Jr. 2B Travis Bazzana 3B Yandy Diaz C Austin Wells OF Jackson Chourio OF Angel Martinez OF Chase DeLauter P Jacob Misiorowski P Parker Messick SS George Lombard Jr.,,,
761,5278713582,hippiephil74,0,57.15,1B Yandy Diaz 2B Travis Bazzana 3B Colson Montgomery C Patrick Bailey OF Ronald Acuna Jr. OF Cody Bellinger OF Christian Yelich P Jacob Misiorowski P Parker Messick SS Cooper Pratt,,,
761,5278838265,gcoz629,0,57.15,1B Yandy Diaz 2B Richie Palacios 3B Colson Montgomery C Ben Rice OF Chase DeLauter OF Jo Adell OF Steven Kwan P Jacob Misiorowski P Parker Messick SS Xander Bogaerts,,,
761,5279303125,jonchill,0,57.15,1B Freddie Freeman 2B Ozzie Albies 3B Jose Ramirez C Will Smith OF Jo Adell OF Steven Kwan OF Chandler Simpson P Jacob Misiorowski P Parker Messick SS Cooper Pratt,,,
761,5279309353,ghosey,0,57.15,1B David Fry 2B Richie Palacios 3B Junior Caminero C Austin Hedges OF Jackson Chourio OF Angel Martinez OF Jo Adell P Jacob Misiorowski P Parker Messick SS Brayan Rocchio,,,
761,5279506082,Booshea,0,57.15,1B Freddie Freeman 2B Ozzie Albies 3B Jose Ramirez C Will Smith OF Jo Adell OF Steven Kwan OF Chandler Simpson P Jacob Misiorowski P Parker Messick SS Cooper Pratt,,,
761,5279581502,gdubdk,0,57.15,1B Freddie Freeman 2B Ozzie Albies 3B Jose Ramirez C Will Smith OF Jo Adell OF Steven Kwan OF Chandler Simpson P Jacob Misiorowski P Parker Messick SS Cooper Pratt,,,
761,5279608617,bjnfan,0,57.15,1B David Fry 2B Travis Bazzana 3B Junior Caminero C William Contreras OF Angel Martinez OF Steven Kwan OF Chandler Simpson P Jacob Misiorowski P Parker Messick SS Brayan Rocchio,,,
761,5279787090,Bulldawg633,0,57.15,1B Freddie Freeman 2B Ozzie Albies 3B Jose Ramirez C Will Smith OF Jo Adell OF Steven Kwan OF Chandler Simpson P Jacob Misiorowski P Parker Messick SS Cooper Pratt,,,
761,5279810797,skinpie23,0,57.15,1B Freddie Freeman 2B Ozzie Albies 3B Jose Ramirez C Will Smith OF Jo Adell OF Steven Kwan OF Chandler Simpson P Jacob Misiorowski P Parker Messick SS Cooper Pratt,,,
771,5278447639,phuff12,0,57.1,1B Freddie Freeman 2B Richie Palacios 3B Jose Ramirez C Will Smith OF Steven Kwan OF Chandler Simpson OF Brenton Doyle P Jacob Misiorowski P Tarik Skubal SS George Lombard Jr.,,,
771,5279199554,aklease,0,57.1,1B Kike Hernandez 2B Travis Bazzana 3B Jose Ramirez C Liam Hicks OF Chase DeLauter OF Chandler Simpson OF Josue De Paula P Jacob Misiorowski P Tarik Skubal SS Brayan Rocchio,,,
771,5279349442,Johnnyw21,0,57.1,1B Freddie Freeman 2B Richie Palacios 3B Jose Ramirez C Will Smith OF Steven Kwan OF Chandler Simpson OF Brenton Doyle P Jacob Misiorowski P Tarik Skubal SS George Lombard Jr.,,,
771,5279768509,Musky4213,0,57.1,1B Ben Rice 2B Chase Meidroth 3B Colson Montgomery C Kyle Teel OF Randal Grichuk OF Spencer Jones OF Brenton Doyle P Jacob Misiorowski P Tarik Skubal SS George Lombard Jr.,,,
775,5279609966,yaymacc,0,57,1B Matt Olson 2B Ozzie Albies 3B Jose Ramirez C Austin Hedges OF Jackson Chourio OF Ronald Acuna Jr. OF Andy Pages P Jacob Misiorowski P JR Ritchie SS George Lombard Jr.,,,
776,5279593732,TigerEagle,0,56.75,1B Luis Garcia Jr. 2B Jake Cronenworth 3B Manny Machado C Ben Rice OF Jackson Merrill OF Cody Bellinger OF Jasson Dominguez P Gerrit Cole P Tarik Skubal SS George Lombard Jr.,,,
777,5279575100,zerowolfe,0,56.65,1B Jonathan Aranda 2B Tommy Edman 3B Miguel Vargas C Will Smith OF Angel Martinez OF Chase DeLauter OF Mauricio Dubon P Jacob Misiorowski P Gerrit Cole SS George Lombard Jr.,,,
778,5279041977,willypieface,0,56.4,1B Yandy Diaz 2B Chase Meidroth 3B Max Muncy C Ben Rice OF Teoscar Hernandez OF Cody Bellinger OF Braden Montgomery P Jacob Misiorowski P Robbie Ray SS Mauricio Dubon,,,
779,5278961963,kepenekela,0,56.25,1B David Fry 2B Travis Bazzana 3B Jose Ramirez C Will Smith OF Christian Yelich OF Chase DeLauter OF Jo Adell P Parker Messick P Tarik Skubal SS Mookie Betts,,,
780,5279793885,coquis81,0,56.2,1B Matt Olson 2B Chase Meidroth 3B Austin Riley C Ben Rice OF Jackson Merrill OF Braden Montgomery OF Ryan Vilade P Jacob Misiorowski P Drew Rasmussen SS George Lombard Jr.,,,
781,5278832920,billhill999,0,56.15,1B Freddie Freeman 2B Travis Bazzana 3B Max Muncy C Will Smith OF Chase DeLauter OF Jo Adell OF Steven Kwan P Jacob Misiorowski P Parker Messick SS George Lombard Jr.,,,
781,5279813462,Jbran1977,0,56.15,1B Jake Bauers 2B Travis Bazzana 3B Junior Caminero C Liam Hicks OF Jonny DeLuca OF Steven Kwan OF Brenton Doyle P Jacob Misiorowski P Parker Messick SS Mauricio Dubon,,,
783,5279142266,cellos213,0,56.1,1B Yandy Diaz 2B Travis Bazzana 3B Jose Ramirez C Austin Wells OF Trent Grisham OF Jo Adell OF Chandler Simpson P Jacob Misiorowski P Tarik Skubal SS George Lombard Jr.,,,
784,5278976478,johnrhight,0,55.8,1B Ben Rice 2B Tommy Edman 3B Jose Ramirez C Will Smith OF Jackson Chourio OF Trent Grisham OF Mauricio Dubon P Parker Messick P Gerrit Cole SS Brayan Rocchio,,,
784,5279074374,FarmHallFalls,0,55.8,1B Freddie Freeman 2B Jazz Chisholm Jr. 3B Jose Ramirez C Austin Wells OF Cody Bellinger OF Angel Martinez OF Jo Adell P Parker Messick P Gerrit Cole SS Mookie Betts,,,
786,5279570742,Bake3376,0,55.65,1B Shohei Ohtani 2B Tommy Edman 3B Max Muncy C Austin Wells OF Cody Bellinger OF Trent Grisham OF Luis Lara P Jacob Misiorowski P Gerrit Cole SS Cooper Pratt,,,
786,5279799426,sstrinni,0,55.65,1B Ben Rice 2B Tommy Edman 3B Colson Montgomery C Austin Wells OF Andy Pages OF Spencer Jones OF Tommy Pham P Jacob Misiorowski P Gerrit Cole SS Mookie Betts,,,
788,5279302951,lukecappo,0,55.25,1B Shohei Ohtani 2B Travis Bazzana 3B Jose Ramirez C Will Smith OF Steven Kwan OF Chandler Simpson OF Luis Lara P Parker Messick P Tarik Skubal SS Cooper Pratt,,,
789,5278883103,jc000000,0,55.2,1B Luis Garcia Jr. 2B Jazz Chisholm Jr. 3B Junior Caminero C Ben Rice OF Jackson Chourio OF Randal Grichuk OF Spencer Jones P Jacob Misiorowski P Hagen Smith SS George Lombard Jr.,,,
790,5278563883,Explosiveproton,0,55.15,1B Jake Bauers 2B Richie Palacios 3B Jose Ramirez C Will Smith OF Chase DeLauter OF Garrett Mitchell OF Jo Adell P Jacob Misiorowski P Parker Messick SS Cooper Pratt,,,
790,5278696942,papa-sports-39,0,55.15,1B Yandy Diaz 2B Tommy Edman 3B Austin Riley C Austin Hedges OF Jackson Chourio OF Cody Bellinger OF Steven Kwan P Jacob Misiorowski P Parker Messick SS Brayan Rocchio,,,
790,5279120212,Oxyfide,0,55.15,1B Freddie Freeman 2B Tommy Edman 3B Max Muncy C Will Smith OF Andy Pages OF Jo Adell OF Steven Kwan P Jacob Misiorowski P Parker Messick SS Ha-Seong Kim,,,
790,5279469982,THAKZZA,0,55.15,1B Munetaka Murakami 2B Chase Meidroth 3B Jose Ramirez C Austin Hedges OF Angel Martinez OF Randal Grichuk OF Steven Kwan P Jacob Misiorowski P Parker Messick SS Brayan Rocchio,,,
790,5279701796,Pontiac57,0,55.15,1B Jonathan Aranda 2B Jazz Chisholm Jr. 3B Jose Ramirez C Will Smith OF Chase DeLauter OF Jo Adell OF Steven Kwan P Jacob Misiorowski P Parker Messick SS Brayan Rocchio,,,
795,5278842952,Albqhokie,0,55.1,1B Shohei Ohtani 2B Brice Turang 3B Ryan McMahon C Gary Sanchez OF Steven Kwan OF Brenton Doyle OF Tommy Pham P Jacob Misiorowski P Tarik Skubal SS George Lombard Jr.,,,
795,5279223944,tbjones2121,0,55.1,1B Luis Garcia Jr. 2B Richie Palacios 3B Jose Ramirez C Liam Hicks OF Jonny DeLuca OF Spencer Jones OF Chandler Simpson P Jacob Misiorowski P Tarik Skubal SS George Lombard Jr.,,,
795,5279334080,MarcoRacin,0,55.1,1B Ben Rice 2B Brice Turang 3B Jake Cronenworth C Patrick Bailey OF Jo Adell OF Jonny DeLuca OF Andrew Benintendi P Jacob Misiorowski P Tarik Skubal SS George Lombard Jr.,,,
795,5279659466,Tmart2170,0,55.1,1B Yandy Diaz 2B Richie Palacios 3B Jose Ramirez C Austin Hedges OF Andy Pages OF Trent Grisham OF Jo Adell P Jacob Misiorowski P Tarik Skubal SS Brayan Rocchio,,,
795,5279679449,proKristonator,0,55.1,1B Yandy Diaz 2B Travis Bazzana 3B Jose Ramirez C Austin Hedges OF Chase DeLauter OF Steven Kwan OF Chandler Simpson P Jacob Misiorowski P Tarik Skubal SS Taylor Walls,,,
800,5279279224,jamj53,0,55,1B Jonathan Aranda 2B Chase Meidroth 3B Jake Cronenworth C Liam Hicks OF Jackson Chourio OF Michael Harris II OF Cody Bellinger P Jacob Misiorowski P David Sandlin SS Brayan Rocchio,,,
801,5279405399,whoadie50310,0,54.75,1B Gavin Sheets 2B Tommy Edman 3B Ryan McMahon C Will Smith OF Shohei Ohtani OF Andy Pages OF Luis Lara P Gerrit Cole P Tarik Skubal SS Mookie Betts,,,
801,5279521059,wp0384,0,54.75,1B Yandy Diaz 2B Travis Bazzana 3B Jose Ramirez C Ben Rice OF Angel Martinez OF Chase DeLauter OF Jo Adell P Gerrit Cole P Tarik Skubal SS George Lombard Jr.,,,
803,5279259286,BounceTheCat,0,54.55,1B Freddie Freeman 2B Richie Palacios 3B Junior Caminero C William Contreras OF Andy Pages OF Victor Mesa Jr. OF Chandler Simpson P Parker Messick P Robbie Ray SS Mookie Betts,,,
804,5279646302,jeffcarter11,0,54.4,1B Yandy Diaz 2B Chase Meidroth 3B Max Muncy C Will Smith OF Teoscar Hernandez OF Michael Harris II OF Andy Pages P Jacob Misiorowski P Robbie Ray SS Mauricio Dubon,,,
804,5279682482,krom0002,0,54.4,1B David Fry 2B Travis Bazzana 3B Jose Ramirez C Austin Hedges OF Shohei Ohtani OF Kyle Tucker OF Tommy Edman P Jacob Misiorowski P Robbie Ray SS Brayan Rocchio,,,
806,5279391160,BryantShuford,0,54.25,1B David Fry 2B Chase Meidroth 3B Junior Caminero C Ben Rice OF Brenton Doyle OF Braden Montgomery OF Tommy Pham P Parker Messick P Tarik Skubal SS Mookie Betts,,,
807,5278717986,devastato,0,54.15,1B Yandy Diaz 2B Chase Meidroth 3B Austin Riley C William Contreras OF Jackson Chourio OF Ronald Acuna Jr. OF Michael Harris II P Parker Messick P David Sandlin SS George Lombard Jr.,,,
807,5278871996,belch4me,0,54.15,1B Freddie Freeman 2B Richie Palacios 3B Max Muncy C Will Smith OF Andy Pages OF Jo Adell OF Josue De Paula P Jacob Misiorowski P Parker Messick SS Taylor Walls,,,
807,5279680572,slophound,0,54.15,1B Yandy Diaz 2B Brice Turang 3B Max Muncy C Gary Sanchez OF Trent Grisham OF Steven Kwan OF Chandler Simpson P Jacob Misiorowski P Parker Messick SS George Lombard Jr.,,,
810,5279633406,matthewwalsh,0,54.1,1B Yandy Diaz 2B Richie Palacios 3B Ryan McMahon C Ben Rice OF Cody Bellinger OF Victor Mesa Jr. OF Trent Grisham P Jacob Misiorowski P Tarik Skubal SS George Lombard Jr.,,,
811,5278889404,mikeslindy,0,54.05,1B Shohei Ohtani 2B Fernando Tatis Jr. 3B Kike Hernandez C Drake Baldwin OF Ronald Acuna Jr. OF Kyle Tucker OF Trent Grisham P Gerrit Cole P Robbie Ray SS George Lombard Jr.,,,
812,5279611028,Booker1981,0,53.8,1B Freddie Freeman 2B Chase Meidroth 3B Max Muncy C Will Smith OF Fernando Tatis Jr. OF Cody Bellinger OF Spencer Jones P Parker Messick P Gerrit Cole SS George Lombard Jr.,,,
813,5278990379,kgaah01,0,53.55,1B Freddie Freeman 2B Fernando Tatis Jr. 3B Yandy Diaz C Ethan Salas OF Shohei Ohtani OF Victor Mesa Jr. OF Dustin Harris P Parker Messick P Robbie Ray SS Xander Bogaerts,,,
814,5279301116,mgisigolf72,0,53.25,1B David Fry 2B Jazz Chisholm Jr. 3B Jose Ramirez C Will Smith OF Shohei Ohtani OF Trent Grisham OF Brenton Doyle P Parker Messick P Tarik Skubal SS Taylor Walls,,,
815,5279381288,Redsoxal,0,53.15,1B David Fry 2B Travis Bazzana 3B Jose Ramirez C Will Smith OF Jackson Chourio OF Chase DeLauter OF Steven Kwan P Jacob Misiorowski P Parker Messick SS George Lombard Jr.,,,
815,5279397975,Toppodogg,0,53.15,1B David Fry 2B Ozzie Albies 3B Jose Ramirez C Drake Baldwin OF Angel Martinez OF Chase DeLauter OF Jo Adell P Jacob Misiorowski P Parker Messick SS Mauricio Dubon,,,
815,5279487823,Sweetleaf22,0,53.15,1B Ben Rice 2B Travis Bazzana 3B Jose Ramirez C William Contreras OF Chase DeLauter OF Jo Adell OF Petey Halpin P Jacob Misiorowski P Parker Messick SS George Lombard Jr.,,,
815,5279701331,SupremeApex22,0,53.15,1B Jonathan Aranda 2B Tommy Edman 3B Jose Ramirez C Austin Hedges OF Ronald Acuna Jr. OF Andy Pages OF Jo Adell P Jacob Misiorowski P Parker Messick SS George Lombard Jr.,,,
815,5279774752,tngmtntnnjabortles,0,53.15,1B Jonathan Aranda 2B Richie Palacios 3B Junior Caminero C Will Smith OF Chase DeLauter OF Steven Kwan OF Chandler Simpson P Jacob Misiorowski P Parker Messick SS Cooper Pratt,,,
820,5278897368,moneymind6,0,53.1,1B David Fry 2B Chase Meidroth 3B Yandy Diaz C Liam Hicks OF Andy Pages OF Chase DeLauter OF Jo Adell P Jacob Misiorowski P Tarik Skubal SS Brayan Rocchio,,,
820,5278995919,hbuhler,0,53.1,1B Yandy Diaz 2B Travis Bazzana 3B Jose Ramirez C Will Smith OF Steven Kwan OF Chandler Simpson OF Andrew Benintendi P Jacob Misiorowski P Tarik Skubal SS George Lombard Jr.,,,
820,5279263131,jrchyu,0,53.1,1B Yandy Diaz 2B Travis Bazzana 3B Jose Ramirez C Will Smith OF Steven Kwan OF Chandler Simpson OF Andrew Benintendi P Jacob Misiorowski P Tarik Skubal SS George Lombard Jr.,,,
820,5279710847,salviareynier,0,53.1,1B Yandy Diaz 2B Richie Palacios 3B Jose Ramirez C Will Smith OF Jo Adell OF Steven Kwan OF Chandler Simpson P Jacob Misiorowski P Tarik Skubal SS Cooper Pratt,,,
824,5279797559,cornopolous,0,53.05,1B Shohei Ohtani 2B Richie Palacios 3B Yandy Diaz C Will Smith OF Jackson Chourio OF Michael Harris II OF Cody Bellinger P Gerrit Cole P Robbie Ray SS Colson Montgomery,,,
825,5279088156,nfuruoka,0,52.8,1B Luis Garcia Jr. 2B Tommy Edman 3B Austin Riley C Will Smith OF Jackson Chourio OF Ronald Acuna Jr. OF Angel Martinez P Parker Messick P Gerrit Cole SS Cooper Pratt,,,
825,5279795874,auweglman,0,52.8,1B Jonathan Aranda 2B Chase Meidroth 3B Jose Ramirez C Austin Hedges OF Shohei Ohtani OF Jackson Merrill OF Andy Pages P Parker Messick P Gerrit Cole SS Mauricio Dubon,,,
827,5279226527,Oscartino6,0,52.65,1B Jonathan Aranda 2B Travis Bazzana 3B Jose Ramirez C Ben Rice OF Chase DeLauter OF Jo Adell OF Spencer Jones P Jacob Misiorowski P Gerrit Cole SS George Lombard Jr.,,,
827,5279264281,Bdeezy12986,0,52.65,1B Luis Garcia Jr. 2B Jazz Chisholm Jr. 3B Manny Machado C Ben Rice OF Jackson Chourio OF Cody Bellinger OF Luis Lara P Gerrit Cole P David Sandlin SS George Lombard Jr.,,,
829,5279735733,bschaper23,0,52.55,1B Yandy Diaz 2B Tommy Edman 3B Junior Caminero C Will Smith OF Kyle Tucker OF Jo Adell OF Jonny DeLuca P Parker Messick P Robbie Ray SS Mookie Betts,,,
830,5279212073,villageid,0,52.25,1B David Fry 2B Tommy Edman 3B Jose Ramirez C Will Smith OF Angel Martinez OF Jo Adell OF Steven Kwan P Parker Messick P Tarik Skubal SS Mookie Betts,,,
830,5279221026,King_Cole22,0,52.25,1B Ben Rice 2B Richie Palacios 3B Jose Ramirez C Will Smith OF Andy Pages OF Tommy Edman OF Jo Adell P Parker Messick P Tarik Skubal SS Cooper Pratt,,,
832,5278750259,NewEngland,0,52.2,1B Munetaka Murakami 2B Chase Meidroth 3B Miguel Vargas C Kyle Teel OF Shohei Ohtani OF Andy Pages OF Sam Antonacci P David Sandlin P Hagen Smith SS Mookie Betts,,,
833,5278549262,TENACED,0,52.15,1B Jonathan Aranda 2B Travis Bazzana 3B Austin Riley C Drake Baldwin OF Michael Harris II OF Sam Antonacci OF Chase DeLauter P Jacob Misiorowski P Parker Messick SS Brayan Rocchio,,,
833,5278608889,kinglucci23,0,52.15,1B Shohei Ohtani 2B Travis Bazzana 3B Ryan McMahon C William Contreras OF Andy Pages OF Jo Adell OF Chandler Simpson P Jacob Misiorowski P Parker Messick SS Cooper Pratt,,,
833,5279158777,lickmymagicjohnson,0,52.15,1B Jonathan Aranda 2B Jazz Chisholm Jr. 3B Ryan McMahon C Will Smith OF Shohei Ohtani OF Jo Adell OF Spencer Jones P Jacob Misiorowski P Parker Messick SS George Lombard Jr.,,,
833,5279297388,OldEnglishChains,0,52.15,1B Munetaka Murakami 2B Tommy Edman 3B Yandy Diaz C Ben Rice OF Jackson Merrill OF Andy Pages OF Garrett Mitchell P Parker Messick P David Sandlin SS Cooper Pratt,,,
833,5279391180,pat_the_hat2,0,52.15,1B Luis Garcia Jr. 2B Ozzie Albies 3B Austin Riley C Drake Baldwin OF Cody Bellinger OF Victor Mesa Jr. OF Trent Grisham P Jacob Misiorowski P Parker Messick SS George Lombard Jr.,,,
833,5279587472,brandonbeene12,0,52.15,1B Shohei Ohtani 2B Richie Palacios 3B Max Muncy C Will Smith OF Andy Pages OF Brenton Doyle OF Tommy Pham P Jacob Misiorowski P Parker Messick SS Taylor Walls,,,
833,5279680178,lindseyb,0,52.15,1B David Fry 2B Tommy Edman 3B Jose Ramirez C Will Smith OF Jackson Chourio OF Steven Kwan OF Luis Lara P Jacob Misiorowski P Parker Messick SS Cooper Pratt,,,
840,5279597675,Webedawgs,0,52.1,1B Luis Garcia Jr. 2B Richie Palacios 3B Yandy Diaz C Will Smith OF Victor Mesa Jr. OF Jonny DeLuca OF Chandler Simpson P Jacob Misiorowski P Tarik Skubal SS George Lombard Jr.,,,
841,5279096845,Chadwick1025,0,52,1B Jonathan Aranda 2B Hyeseong Kim 3B Junior Caminero C Ben Rice OF Jackson Chourio OF Steven Kwan OF Alex Call P Jacob Misiorowski P David Sandlin SS George Lombard Jr.,,,
842,5279665748,Gingerbread2,0,51.8,1B Luis Garcia Jr. 2B Jazz Chisholm Jr. 3B Colson Montgomery C Will Smith OF Andy Pages OF Chase DeLauter OF Jo Adell P Parker Messick P Gerrit Cole SS Mookie Betts,,,
843,5279691773,canovsp,0,51.65,1B Jake Bauers 2B Tommy Edman 3B Austin Riley C Austin Hedges OF Ronald Acuna Jr. OF Andy Pages OF Christian Yelich P Jacob Misiorowski P Gerrit Cole SS Mauricio Dubon,,,
844,5278481688,doopdog,0,51.15,1B Munetaka Murakami 2B Chase Meidroth 3B Miguel Vargas C Liam Hicks OF Michael Harris II OF Angel Martinez OF Chase DeLauter P Parker Messick P David Sandlin SS Brayan Rocchio,,,
844,5279177231,NDSox12,0,51.15,1B Luis Garcia Jr. 2B Chase Meidroth 3B Austin Riley C Austin Hedges OF Jackson Chourio OF Christian Yelich OF Spencer Jones P Jacob Misiorowski P Parker Messick SS Brayan Rocchio,,,
844,5279739821,thegoodtk,0,51.15,1B Jake Bauers 2B Brice Turang 3B Jose Caballero C Kyle Teel OF Jackson Merrill OF Jo Adell OF Steven Kwan P Jacob Misiorowski P Parker Messick SS Mauricio Dubon,,,
847,5278468367,schalutz,0,51.1,1B Yandy Diaz 2B Richie Palacios 3B Jose Ramirez C Will Smith OF Jo Adell OF Randal Grichuk OF Chandler Simpson P Jacob Misiorowski P Tarik Skubal SS Taylor Walls,,,
847,5279405281,sm2147a,0,51.1,1B Shohei Ohtani 2B Richie Palacios 3B Joey Ortiz C Will Smith OF Luis Lara OF Alex Call OF Josue De Paula P Jacob Misiorowski P Tarik Skubal SS Cooper Pratt,,,
847,5279413076,defsoad,0,51.1,1B Shohei Ohtani 2B Tommy Edman 3B Ryan McMahon C Austin Wells OF Andy Pages OF Trent Grisham OF Spencer Jones P Jacob Misiorowski P Tarik Skubal SS George Lombard Jr.,,,
847,5279584451,starmap3333,0,51.1,1B David Fry 2B Tommy Edman 3B Jose Ramirez C Ben Rice OF Jo Adell OF Brenton Doyle OF Tommy Pham P Jacob Misiorowski P Tarik Skubal SS Brayan Rocchio,,,
847,5279742702,Mr.TD_AllDay,0,51.1,1B Yandy Diaz 2B Richie Palacios 3B Jose Ramirez C Gary Sanchez OF Chase DeLauter OF Jo Adell OF Chandler Simpson P Jacob Misiorowski P Tarik Skubal SS Taylor Walls,,,
852,5278973163,MattySB4,0,50.65,1B Nathaniel Lowe 2B Richie Palacios 3B Ryan McMahon C Ben Rice OF Shohei Ohtani OF Spencer Jones OF Mauricio Dubon P Jacob Misiorowski P Gerrit Cole SS Brayan Rocchio,,,
852,5279484593,Boneyball1018,0,50.65,1B Ben Rice 2B Travis Bazzana 3B Miguel Vargas C Austin Wells OF Cody Bellinger OF Jo Adell OF Randal Grichuk P Jacob Misiorowski P Gerrit Cole SS Cooper Pratt,,,
854,5278722624,winningfaith,0,50.55,1B Ben Rice 2B Ozzie Albies 3B Yandy Diaz C Drake Baldwin OF Ronald Acuna Jr. OF Trent Grisham OF Jo Adell P Parker Messick P Robbie Ray SS Mookie Betts,,,
855,5279811915,seth1374,0,50.4,1B Freddie Freeman 2B Tommy Edman 3B Ryan McMahon C Will Smith OF Shohei Ohtani OF Kyle Tucker OF Spencer Jones P Jacob Misiorowski P Robbie Ray SS George Lombard Jr.,,,
856,5279400516,hornsby101,0,50.25,1B David Fry 2B Tommy Edman 3B Jose Ramirez C Will Smith OF Angel Martinez OF Jonny DeLuca OF Spencer Jones P Parker Messick P Tarik Skubal SS Mookie Betts,,,
857,5278580012,cheezdawg,0,50.15,1B Yandy Diaz 2B Chase Meidroth 3B Max Muncy C Will Smith OF Michael Harris II OF Victor Mesa Jr. OF Steven Kwan P Jacob Misiorowski P Parker Messick SS George Lombard Jr.,,,
857,5279144423,felixmehrabian,0,50.15,1B Jake Bauers 2B Tommy Edman 3B Colson Montgomery C Will Smith OF Andy Pages OF Chase DeLauter OF Jo Adell P Jacob Misiorowski P Parker Messick SS Brayan Rocchio,,,
857,5279538434,bdoz1993,0,50.15,1B Luis Garcia Jr. 2B Ozzie Albies 3B Ryan McMahon C Ben Rice OF Michael Harris II OF Cody Bellinger OF Mauricio Dubon P Jacob Misiorowski P Parker Messick SS George Lombard Jr.,,,
860,5279700756,riverbandit1,0,50.1,1B David Fry 2B Chase Meidroth 3B Jose Ramirez C Liam Hicks OF Angel Martinez OF Jo Adell OF Chandler Simpson P Jacob Misiorowski P Tarik Skubal SS George Lombard Jr.,,,
860,5279727676,zagnuts,0,50.1,1B David Fry 2B Jazz Chisholm Jr. 3B Jose Ramirez C Will Smith OF Chase DeLauter OF Jo Adell OF Spencer Jones P Jacob Misiorowski P Tarik Skubal SS George Lombard Jr.,,,
860,5279784123,gbpackerfan55,0,50.1,1B Luis Garcia Jr. 2B Richie Palacios 3B Ryan McMahon C Will Smith OF Andy Pages OF Angel Martinez OF Tommy Edman P Jacob Misiorowski P Tarik Skubal SS Brayan Rocchio,,,
863,5278762285,wdm426,0,49.65,1B Ben Rice 2B Chase Meidroth 3B Austin Riley C Austin Hedges OF Jackson Chourio OF Jo Adell OF Randal Grichuk P Jacob Misiorowski P Gerrit Cole SS Cooper Pratt,,,
863,5278771307,sh-13,0,49.65,1B Luis Garcia Jr. 2B David Hamilton 3B Jose Caballero C Ben Rice OF Jackson Chourio OF Trent Grisham OF Luis Lara P Jacob Misiorowski P Gerrit Cole SS George Lombard Jr.,,,
863,5279398819,davidmn,0,49.65,1B Yandy Diaz 2B Chase Meidroth 3B Ryan McMahon C Will Smith OF Ronald Acuna Jr. OF Jackson Merrill OF Steven Kwan P Jacob Misiorowski P Gerrit Cole SS Colson Montgomery,,,
866,5279802567,bivona86,0,49.55,1B Ben Rice 2B Chase Meidroth 3B Manny Machado C William Contreras OF Jackson Merrill OF Michael Harris II OF Chase DeLauter P Parker Messick P Robbie Ray SS Xander Bogaerts,,,
867,5278612967,Byronn5,0,49.15,1B Yandy Diaz 2B Jazz Chisholm Jr. 3B Junior Caminero C Austin Wells OF Cody Bellinger OF Trent Grisham OF Steven Kwan P Jacob Misiorowski P Parker Messick SS George Lombard Jr.,,,
867,5279384053,trevluns,0,49.15,1B Luis Garcia Jr. 2B Ozzie Albies 3B Austin Riley C Will Smith OF Andy Pages OF Cody Bellinger OF Victor Mesa Jr. P Jacob Misiorowski P Parker Messick SS Cooper Pratt,,,
869,5278980413,mtlcpa,0,49.1,1B Yandy Diaz 2B Chase Meidroth 3B Joey Ortiz C Will Smith OF Tommy Edman OF Victor Mesa Jr. OF Jo Adell P Jacob Misiorowski P Tarik Skubal SS George Lombard Jr.,,,
870,5278954243,throwmoney,0,48.65,1B Ben Rice 2B Travis Bazzana 3B Austin Riley C Austin Wells OF Ronald Acuna Jr. OF Cody Bellinger OF Chase DeLauter P Jacob Misiorowski P Gerrit Cole SS Mauricio Dubon,,,
871,5279757451,INTULLYGENT,0,48.25,1B Paul Goldschmidt 2B Chase Meidroth 3B Jose Caballero C Ben Rice OF Fernando Tatis Jr. OF Spencer Jones OF Heliot Ramos P Parker Messick P Tarik Skubal SS Brayan Rocchio,,,
872,5279305651,Cantgetright510,0,48.15,1B Jonathan Aranda 2B Tommy Edman 3B Junior Caminero C Will Smith OF Chase DeLauter OF Jo Adell OF Heliot Ramos P Jacob Misiorowski P Parker Messick SS George Lombard Jr.,,,
873,5279599273,easton136,0,48.1,1B David Fry 2B Tommy Edman 3B Yandy Diaz C Will Smith OF Angel Martinez OF Chase DeLauter OF Jo Adell P Jacob Misiorowski P Tarik Skubal SS Brayan Rocchio,,,
873,5279789674,Rebels.1433,0,48.1,1B David Fry 2B Chase Meidroth 3B Yandy Diaz C Ben Rice OF Jo Adell OF Randal Grichuk OF Luis Lara P Jacob Misiorowski P Tarik Skubal SS George Lombard Jr.,,,
875,5278876888,nathanjames55,0,48.05,1B Ty France 2B Richie Palacios 3B Manny Machado C Ben Rice OF Fernando Tatis Jr. OF Jackson Merrill OF Andy Pages P Gerrit Cole P Robbie Ray SS Xander Bogaerts,,,
876,5279672620,willninho,0,47.65,1B Ben Rice 2B Travis Bazzana 3B Jose Ramirez C Liam Hicks OF Chase DeLauter OF Steven Kwan OF Spencer Jones P Jacob Misiorowski P Gerrit Cole SS George Lombard Jr.,,,
877,5279379136,drunkonpappy,0,47.55,1B Matt Olson 2B Ozzie Albies 3B Jose Ramirez C Drake Baldwin OF Fernando Tatis Jr. OF Ronald Acuna Jr. OF Jackson Merrill P Parker Messick P Robbie Ray SS Ha-Seong Kim,,,
878,5279653934,NikeGriffin32,0,47.5,1B Luis Garcia Jr. 2B Chase Meidroth 3B Jake Cronenworth C Ben Rice OF Jackson Chourio OF Jackson Merrill OF Angel Martinez P Robbie Ray P Tarik Skubal SS George Lombard Jr.,,,
879,5279632597,jfrey80,0,47.15,1B David Fry 2B Tommy Edman 3B Max Muncy C Will Smith OF Shohei Ohtani OF Andy Pages OF Gavin Sheets P Jacob Misiorowski P Parker Messick SS George Lombard Jr.,,,
879,5279800265,machoisABEEST,0,47.15,1B Ben Rice 2B Jazz Chisholm Jr. 3B Ryan McMahon C Austin Wells OF Angel Martinez OF Jo Adell OF Spencer Jones P Jacob Misiorowski P Parker Messick SS Mookie Betts,,,
881,5279490380,zona1011,0,47.1,1B David Fry 2B Tommy Edman 3B Jose Ramirez C Austin Hedges OF Andy Pages OF Angel Martinez OF Chase DeLauter P Jacob Misiorowski P Tarik Skubal SS Cooper Pratt,,,
881,5279684573,Hminn1,0,47.1,1B David Fry 2B Tommy Edman 3B Jose Ramirez C Will Smith OF Chase DeLauter OF Jo Adell OF Steven Kwan P Jacob Misiorowski P Tarik Skubal SS George Lombard Jr.,,,
881,5279790292,TheSkovietUnion,0,47.1,1B David Fry 2B Chase Meidroth 3B Jose Ramirez C Will Smith OF Chase DeLauter OF Randal Grichuk OF Steven Kwan P Jacob Misiorowski P Tarik Skubal SS Brayan Rocchio,,,
881,5279807221,nscoyner,0,47.1,1B David Fry 2B Tommy Edman 3B Jose Ramirez C Will Smith OF Chase DeLauter OF Jo Adell OF Steven Kwan P Jacob Misiorowski P Tarik Skubal SS Joey Ortiz,,,
881,5279814034,nymanluke,0,47.1,1B David Fry 2B Chase Meidroth 3B Jose Ramirez C Will Smith OF Chase DeLauter OF Randal Grichuk OF Steven Kwan P Jacob Misiorowski P Tarik Skubal SS Brayan Rocchio,,,
886,5279012005,Costanzuh,0,46.8,1B Jake Bauers 2B Brice Turang 3B Austin Riley C Ben Rice OF Cody Bellinger OF Trent Grisham OF Spencer Jones P Parker Messick P Gerrit Cole SS George Lombard Jr.,,,
887,5279354044,Cquick80,0,46.75,1B Ben Rice 2B Chase Meidroth 3B Jose Ramirez C Will Smith OF Andy Pages OF Jo Adell OF Brenton Doyle P Gerrit Cole P Tarik Skubal SS Cooper Pratt,,,
888,5278550236,biglas,0,46.65,1B Ty France 2B Jazz Chisholm Jr. 3B Ryan McMahon C Will Smith OF Cody Bellinger OF Trent Grisham OF Randal Grichuk P Jacob Misiorowski P Gerrit Cole SS Mookie Betts,,,
888,5278655130,Rwfsports,0,46.65,1B Ben Rice 2B Jazz Chisholm Jr. 3B Gage Workman C Austin Wells OF Fernando Tatis Jr. OF Andy Pages OF Cody Bellinger P Jacob Misiorowski P Gerrit Cole SS George Lombard Jr.,,,
888,5279655206,innercityyouth,0,46.65,1B Matt Olson 2B Chase Meidroth 3B Austin Riley C Liam Hicks OF Ronald Acuna Jr. OF Christian Yelich OF Braden Montgomery P Jacob Misiorowski P Gerrit Cole SS Brayan Rocchio,,,
891,5278570111,Moss_Boss.1,0,46.15,1B Matt Olson 2B Ozzie Albies 3B Junior Caminero C Drake Baldwin OF Shohei Ohtani OF Michael Harris II OF Steven Kwan P Parker Messick P JR Ritchie SS Brayan Rocchio,,,
891,5279416473,73pd2x,0,46.15,1B Luis Garcia Jr. 2B Jazz Chisholm Jr. 3B Junior Caminero C Austin Wells OF Cody Bellinger OF Steven Kwan OF Chandler Simpson P Jacob Misiorowski P Parker Messick SS George Lombard Jr.,,,
891,5279709701,Mazeblue30,0,46.15,1B David Fry 2B Richie Palacios 3B Yandy Diaz C Will Smith OF Christian Yelich OF Tommy Edman OF Jo Adell P Jacob Misiorowski P Parker Messick SS Mookie Betts,,,
894,5279398944,Walden521,0,45.65,1B Ben Rice 2B Jazz Chisholm Jr. 3B Jose Ramirez C Austin Wells OF Cody Bellinger OF Chase DeLauter OF Spencer Jones P Jacob Misiorowski P Gerrit Cole SS Cooper Pratt,,,
894,5279446664,SamScorch,0,45.65,1B Ben Rice 2B Jazz Chisholm Jr. 3B Jose Ramirez C Austin Wells OF Cody Bellinger OF Chase DeLauter OF Jo Adell P Jacob Misiorowski P Gerrit Cole SS George Lombard Jr.,,,
896,5278900373,jeepcj7642,0,45.4,1B Matt Olson 2B Jazz Chisholm Jr. 3B Max Muncy C Drake Baldwin OF Ronald Acuna Jr. OF Trent Grisham OF Jose Caballero P Jacob Misiorowski P Robbie Ray SS Mauricio Dubon,,,
897,5279659063,dougmich,0,45.2,1B Matt Olson 2B Jazz Chisholm Jr. 3B Max Muncy C Ben Rice OF Shohei Ohtani OF Tommy Edman OF Spencer Jones P David Sandlin P Hagen Smith SS Mookie Betts,,,
898,5279122963,marktupelo,0,45.15,1B Freddie Freeman 2B Travis Bazzana 3B Austin Riley C Austin Hedges OF Jackson Merrill OF Michael Harris II OF Christian Yelich P Jacob Misiorowski P Parker Messick SS George Lombard Jr.,,,
898,5279142797,ssz58,0,45.15,1B David Fry 2B Chase Meidroth 3B Jose Ramirez C Nick Fortes OF Ronald Acuna Jr. OF Cody Bellinger OF Chase DeLauter P Jacob Misiorowski P Parker Messick SS Colson Montgomery,,,
898,5279493405,TheAnswerII,0,45.15,1B Matt Olson 2B Richie Palacios 3B Junior Caminero C Drake Baldwin OF Victor Mesa Jr. OF Jonny DeLuca OF Chandler Simpson P Jacob Misiorowski P Parker Messick SS Ha-Seong Kim,,,
898,5279631985,JERKER19,0,45.15,1B Jake Bauers 2B Travis Bazzana 3B Jose Ramirez C Will Smith OF Chase DeLauter OF Jo Adell OF Steven Kwan P Jacob Misiorowski P Parker Messick SS Cooper Pratt,,,
898,5279794776,xxCaveman84xx,0,45.15,1B Ben Rice 2B Travis Bazzana 3B Jose Ramirez C Kyle Teel OF Steven Kwan OF Spencer Jones OF Chandler Simpson P Jacob Misiorowski P Parker Messick SS Brayan Rocchio,,,
903,5278940198,cubbie57,0,45.1,1B Luis Garcia Jr. 2B Chase Meidroth 3B Austin Riley C Kyle Teel OF Jo Adell OF Randal Grichuk OF Braden Montgomery P Jacob Misiorowski P Tarik Skubal SS George Lombard Jr.,,,
903,5279454490,Harp13,0,45.1,1B Luis Garcia Jr. 2B Chase Meidroth 3B Ryan McMahon C Ben Rice OF Cody Bellinger OF Randal Grichuk OF Tommy Pham P Jacob Misiorowski P Tarik Skubal SS George Lombard Jr.,,,
903,5279585233,dcexpress,0,45.1,1B Luis Garcia Jr. 2B Chase Meidroth 3B Ryan McMahon C Ben Rice OF Cody Bellinger OF Braden Montgomery OF Tommy Pham P Jacob Misiorowski P Tarik Skubal SS George Lombard Jr.,,,
906,5279285775,gyrogerg15,0,44.8,1B Ty France 2B Tommy Edman 3B Austin Riley C Gary Sanchez OF Fernando Tatis Jr. OF Ronald Acuna Jr. OF Jackson Merrill P Parker Messick P Gerrit Cole SS Cooper Pratt,,,
907,5279778902,Miguel311,0,44.65,1B Freddie Freeman 2B Tommy Edman 3B Jose Ramirez C Kyle Teel OF Andy Pages OF Samad Taylor OF Jo Adell P Jacob Misiorowski P Gerrit Cole SS George Lombard Jr.,,,
908,5279504078,betbetbet13,0,44.55,1B Matt Olson 2B Ozzie Albies 3B Yandy Diaz C Ben Rice OF Ronald Acuna Jr. OF Michael Harris II OF Cody Bellinger P Parker Messick P Robbie Ray SS Mauricio Dubon,,,
909,5278676116,mickey615,0,44.15,1B Freddie Freeman 2B Richie Palacios 3B Jose Ramirez C Will Smith OF Andy Pages OF Jo Adell OF Steven Kwan P Jacob Misiorowski P Parker Messick SS George Lombard Jr.,,,
909,5279657238,Grubic,0,44.15,1B Freddie Freeman 2B Richie Palacios 3B Jose Ramirez C Will Smith OF Andy Pages OF Steven Kwan OF Chandler Simpson P Jacob Misiorowski P Parker Messick SS Taylor Walls,,,
911,5279550323,Primetime2194,0,43.85,1B Ben Rice 2B Chase Meidroth 3B Miguel Vargas C Will Smith OF Michael Harris II OF Andy Pages OF Cody Bellinger P Gerrit Cole P Hagen Smith SS Mookie Betts,,,
912,5279586105,shmeyler,0,43.8,1B David Fry 2B Jazz Chisholm Jr. 3B Jose Ramirez C Will Smith OF Shohei Ohtani OF Jo Adell OF Steven Kwan P Parker Messick P Gerrit Cole SS George Lombard Jr.,,,
913,5279247318,PghSteele23,0,43.1,1B Gavin Sheets 2B Chase Meidroth 3B Austin Riley C Will Smith OF Chase DeLauter OF Trent Grisham OF Jo Adell P Jacob Misiorowski P Tarik Skubal SS Brayan Rocchio,,,
913,5279538005,stpetty3,0,43.1,1B David Fry 2B Chase Meidroth 3B Jose Ramirez C Will Smith OF Andy Pages OF Jo Adell OF Chandler Simpson P Jacob Misiorowski P Tarik Skubal SS Cooper Pratt,,,
915,5278994769,apollard5,0,43.05,1B Matt Olson 2B Jazz Chisholm Jr. 3B Jose Ramirez C Ben Rice OF Shohei Ohtani OF Christian Yelich OF Gavin Sheets P Gerrit Cole P Robbie Ray SS Colson Montgomery,,,
916,5278962286,vetterunner,0,42.65,1B Yandy Diaz 2B Travis Bazzana 3B Daniel Schneemann C Gary Sanchez OF Shohei Ohtani OF Michael Harris II OF Steven Kwan P Jacob Misiorowski P Gerrit Cole SS Cooper Pratt,,,
916,5279799200,cokerloc,0,42.65,1B Matt Olson 2B Amed Rosario 3B Yandy Diaz C Drake Baldwin OF Ronald Acuna Jr. OF Chase DeLauter OF Jo Adell P Jacob Misiorowski P Gerrit Cole SS Mauricio Dubon,,,
916,5279801108,jarbush,0,42.65,1B David Fry 2B Brice Turang 3B Jose Ramirez C Ben Rice OF Jo Adell OF Randal Grichuk OF Brenton Doyle P Jacob Misiorowski P Gerrit Cole SS Brayan Rocchio,,,
919,5278552425,batterylucy,0,42.55,1B Freddie Freeman 2B Travis Bazzana 3B Jose Ramirez C Austin Hedges OF Ronald Acuna Jr. OF Andy Pages OF Tommy Edman P Parker Messick P Robbie Ray SS Mookie Betts,,,
920,5279127189,martini13,0,42.4,1B Gavin Sheets 2B Ozzie Albies 3B Yandy Diaz C Ben Rice OF Ronald Acuna Jr. OF Michael Harris II OF Cody Bellinger P Jacob Misiorowski P Robbie Ray SS Cooper Pratt,,,
921,5278619057,mjgard64,0,42.15,1B Ben Rice 2B Jazz Chisholm Jr. 3B Ryan McMahon C Austin Hedges OF Michael Harris II OF Cody Bellinger OF Christian Yelich P Jacob Misiorowski P Parker Messick SS George Lombard Jr.,,,
921,5279320233,Wilson80,0,42.15,1B David Fry 2B Travis Bazzana 3B Jose Ramirez C Ben Rice OF Christian Yelich OF Chase DeLauter OF Chandler Simpson P Jacob Misiorowski P Parker Messick SS Brayan Rocchio,,,
921,5279354619,rsulzener,0,42.15,1B Freddie Freeman 2B Richie Palacios 3B Jose Ramirez C Will Smith OF Andy Pages OF Jo Adell OF Chandler Simpson P Jacob Misiorowski P Parker Messick SS Taylor Walls,,,
921,5279415313,XXX69,0,42.15,1B Jake Bauers 2B Tommy Edman 3B Jose Ramirez C Will Smith OF Chase DeLauter OF Steven Kwan OF Chandler Simpson P Jacob Misiorowski P Parker Messick SS Cooper Pratt,,,
921,5279475969,Kingvisions,0,42.15,1B David Fry 2B Richie Palacios 3B Jose Ramirez C Will Smith OF Chase DeLauter OF Jo Adell OF Steven Kwan P Jacob Misiorowski P Parker Messick SS Mookie Betts,,,
921,5279498175,TaTa2DayJr,0,42.15,1B Luis Garcia Jr. 2B Jazz Chisholm Jr. 3B Austin Riley C Austin Wells OF Michael Harris II OF Cody Bellinger OF Trent Grisham P Jacob Misiorowski P Parker Messick SS Mauricio Dubon,,,
921,5279749475,Johnny_Great,0,42.15,1B Ben Rice 2B Jazz Chisholm Jr. 3B Ryan McMahon C Drake Baldwin OF Cody Bellinger OF Spencer Jones OF Chandler Simpson P Jacob Misiorowski P Parker Messick SS Mauricio Dubon,,,
921,5279792491,jesse_akl,0,42.15,1B Freddie Freeman 2B Richie Palacios 3B Jose Ramirez C Will Smith OF Andy Pages OF Jo Adell OF Chandler Simpson P Jacob Misiorowski P Parker Messick SS Taylor Walls,,,
929,5279674498,Patsqueen_5,0,42,1B Matt Olson 2B Brice Turang 3B Max Muncy C Ben Rice OF Christian Yelich OF Chase DeLauter OF Jonny DeLuca P Jacob Misiorowski P JR Ritchie SS Brayan Rocchio,,,
930,5278635241,mpbeachem,0,41.65,1B David Fry 2B Chase Meidroth 3B Austin Riley C Austin Hedges OF Ronald Acuna Jr. OF Andy Pages OF Jo Adell P Jacob Misiorowski P Gerrit Cole SS Mookie Betts,,,
931,5279056627,cowboyz4life22,0,41.15,1B Jake Bauers 2B Chase Meidroth 3B Austin Riley C Patrick Bailey OF Michael Harris II OF Andy Pages OF Cody Bellinger P Jacob Misiorowski P Parker Messick SS Brayan Rocchio,,,
932,5278852043,SinMiedo,0,41.05,1B Matt Olson 2B Chase Meidroth 3B Manny Machado C Liam Hicks OF Fernando Tatis Jr. OF Ronald Acuna Jr. OF Jackson Merrill P Gerrit Cole P Robbie Ray SS George Lombard Jr.,,,
933,5279715933,cradraider247,0,40.55,1B Shohei Ohtani 2B Fernando Tatis Jr. 3B Yandy Diaz C Kyle Teel OF Andy Pages OF Christian Yelich OF Jo Adell P Parker Messick P Robbie Ray SS Colson Montgomery,,,
934,5278985811,steviereno,0,40.4,1B Freddie Freeman 2B Travis Bazzana 3B Jose Ramirez C Will Smith OF Andy Pages OF Chase DeLauter OF Steven Kwan P Jacob Misiorowski P Robbie Ray SS Colson Montgomery,,,
935,5279006447,bailey2290,0,40.15,1B Ben Rice 2B Tommy Edman 3B Yandy Diaz C Austin Wells OF Jackson Merrill OF Cody Bellinger OF Chandler Simpson P Jacob Misiorowski P Parker Messick SS George Lombard Jr.,,,
936,5279068381,Sprtsguy,0,40,1B Matt Olson 2B Brice Turang 3B Manny Machado C Kyle Teel OF Shohei Ohtani OF Jackson Chourio OF Jo Adell P JR Ritchie P David Sandlin SS Cooper Pratt,,,
937,5279596986,KarrosHair,0,39.65,1B Shohei Ohtani 2B Chase Meidroth 3B Max Muncy C Will Smith OF Tommy Edman OF Randal Grichuk OF Braden Montgomery P Gerrit Cole P David Sandlin SS Mookie Betts,,,
938,5279720884,raiderras,0,39.15,1B Ben Rice 2B Richie Palacios 3B Austin Riley C Austin Hedges OF Jackson Merrill OF Andy Pages OF Angel Martinez P Jacob Misiorowski P Parker Messick SS Brayan Rocchio,,,
939,5279063714,micahw4,0,38.15,1B David Fry 2B Richie Palacios 3B Jose Ramirez C Will Smith OF Shohei Ohtani OF Jo Adell OF Chandler Simpson P Jacob Misiorowski P Parker Messick SS Cooper Pratt,,,
939,5279227847,randomjank,0,38.15,1B Jake Bauers 2B Chase Meidroth 3B Jose Ramirez C Will Smith OF Andy Pages OF Jo Adell OF Braden Montgomery P Jacob Misiorowski P Parker Messick SS George Lombard Jr.,,,
939,5279254448,piejah,0,38.15,1B David Fry 2B Richie Palacios 3B Jose Ramirez C Will Smith OF Shohei Ohtani OF Jo Adell OF Chandler Simpson P Jacob Misiorowski P Parker Messick SS Cooper Pratt,,,
942,5279061665,blazer1sd,0,38,1B Shohei Ohtani 2B Travis Bazzana 3B Jose Ramirez C Ben Rice OF Jackson Chourio OF Andy Pages OF Chase DeLauter P JR Ritchie P David Sandlin SS Colson Montgomery,,,
943,5279736830,Mytoyoweta1966,0,37.65,1B Matt Olson 2B Chase Meidroth 3B Jose Ramirez C Austin Hedges OF Michael Harris II OF Angel Martinez OF Steven Kwan P Jacob Misiorowski P Gerrit Cole SS Brayan Rocchio,,,
944,5278715639,SandraHankpepe,0,37.4,1B Ben Rice 2B Fernando Tatis Jr. 3B Yandy Diaz C Luis Campusano OF Michael Harris II OF Trent Grisham OF Dustin Harris P Jacob Misiorowski P Robbie Ray SS George Lombard Jr.,,,
945,5279075931,jericho911,0,36.65,1B Luis Garcia Jr. 2B Tommy Edman 3B Yandy Diaz C Ben Rice OF Trent Grisham OF Jonny DeLuca OF Randal Grichuk P Jacob Misiorowski P Gerrit Cole SS Cooper Pratt,,,
946,5279715827,mattbpoole,0,35.4,1B Freddie Freeman 2B Travis Bazzana 3B Jose Ramirez C Will Smith OF Shohei Ohtani OF Steven Kwan OF Tommy Pham P Jacob Misiorowski P Robbie Ray SS George Lombard Jr.,,,
947,5278477818,Sabre1123,0,35.15,1B Luis Garcia Jr. 2B Chase Meidroth 3B Ryan McMahon C Ben Rice OF Ronald Acuna Jr. OF Cedric Mullins OF Randal Grichuk P Jacob Misiorowski P Parker Messick SS George Lombard Jr.,,,
947,5278487297,Monroe5,0,35.15,1B Shohei Ohtani 2B Tommy Edman 3B Max Muncy C Will Smith OF Jo Adell OF Petey Halpin OF Josue De Paula P Yoshinobu Yamamoto P Parker Messick SS Brayan Rocchio,,,
949,5279508711,bkcle,0,34.65,1B Luis Garcia Jr. 2B Chase Meidroth 3B Daniel Schneemann C Ben Rice OF Michael Harris II OF Cody Bellinger OF Christian Yelich P Jacob Misiorowski P Gerrit Cole SS George Lombard Jr.,,,
949,5279655380,OptimizerX,0,34.65,1B Luis Garcia Jr. 2B Chase Meidroth 3B Jose Ramirez C Will Smith OF Christian Yelich OF Trent Grisham OF Randal Grichuk P Jacob Misiorowski P Gerrit Cole SS Cooper Pratt,,,
951,5279613003,RunWired,0,34.4,1B Shohei Ohtani 2B Jazz Chisholm Jr. 3B Jose Ramirez C Ben Rice OF Cody Bellinger OF Chase DeLauter OF Spencer Jones P Jacob Misiorowski P Bradgley Rodriguez SS George Lombard Jr.,,,
952,5279538601,RenneBonin69,0,34.15,1B Ben Rice 2B Chase Meidroth 3B Jose Caballero C Kyle Teel OF Cody Bellinger OF Giancarlo Stanton OF Randal Grichuk P Jacob Misiorowski P Parker Messick SS George Lombard Jr.,,,
953,5279480080,dirtyred718,0,33.65,1B David Fry 2B Chase Meidroth 3B Jose Ramirez C Ben Rice OF Andy Pages OF Angel Martinez OF Jo Adell P Jacob Misiorowski P Gerrit Cole SS George Lombard Jr.,,,
954,5278839342,automatics,0,32.15,1B David Fry 2B Tommy Edman 3B Jose Ramirez C Will Smith OF Michael Harris II OF Cody Bellinger OF Chase DeLauter P Jacob Misiorowski P Parker Messick SS George Lombard Jr.,,,
955,5279555714,TheDCarman,0,32.05,1B Shohei Ohtani 2B Chase Meidroth 3B Manny Machado C Will Smith OF Fernando Tatis Jr. OF Andy Pages OF Spencer Jones P Gerrit Cole P Robbie Ray SS George Lombard Jr.,,,
956,5278892247,Mr.Jay17,0,31.55,1B Shohei Ohtani 2B Travis Bazzana 3B Jose Ramirez C Will Smith OF Chase DeLauter OF Jo Adell OF Steven Kwan P Parker Messick P Robbie Ray SS Mookie Betts,,,
957,5279809206,thatf1chitty,0,31.05,1B Luis Garcia Jr. 2B Fernando Tatis Jr. 3B Austin Riley C Austin Hedges OF Ronald Acuna Jr. OF Michael Harris II OF Cody Bellinger P Gerrit Cole P Robbie Ray SS Mookie Betts,,,
958,5278907739,Majik1016,0,27.4,1B Ben Rice 2B Chase Meidroth 3B Junior Caminero C Will Smith OF Trent Grisham OF Randal Grichuk OF Brenton Doyle P Jacob Misiorowski P Robbie Ray SS Xander Bogaerts,,,
958,5279756024,siranthonymason,0,27.4,1B Freddie Freeman 2B Chase Meidroth 3B Jose Ramirez C Ben Rice OF Chase DeLauter OF Jo Adell OF Braden Montgomery P Jacob Misiorowski P Robbie Ray SS Brayan Rocchio,,,
960,5279320153,nmcrae82,0,26.05,1B Matt Olson 2B Chase Meidroth 3B Austin Riley C Ben Rice OF Fernando Tatis Jr. OF Ronald Acuna Jr. OF Michael Harris II P Gerrit Cole P Robbie Ray SS George Lombard Jr.,,,
960,5279484941,Sims11,0,26.05,1B Ben Rice 2B Chase Meidroth 3B Austin Riley C Will Smith OF Fernando Tatis Jr. OF Ronald Acuna Jr. OF Jackson Merrill P Gerrit Cole P Robbie Ray SS Cooper Pratt,,,
962,5278628016,hondo777,0,25,1B Matt Olson 2B Jazz Chisholm Jr. 3B Jake Cronenworth C Ben Rice OF Andy Pages OF Cody Bellinger OF Spencer Jones P Jacob Misiorowski P David Sandlin SS George Lombard Jr.,,,
963,5279757286,Browndude70,0,23.65,1B Ben Rice 2B Chase Meidroth 3B Jose Ramirez C Kyle Teel OF Cody Bellinger OF Angel Martinez OF Giancarlo Stanton P Gerrit Cole P JR Ritchie SS George Lombard Jr.,,,
964,5279305685,stiggy24,0,22.4,1B Luis Garcia Jr. 2B Jake Cronenworth 3B Junior Caminero C Ben Rice OF Cody Bellinger OF Spencer Jones OF Chandler Simpson P Jacob Misiorowski P Robbie Ray SS George Lombard Jr.,,,
965,5278522910,drmny59,0,21,1B Shohei Ohtani 2B Hyeseong Kim 3B Jake Cronenworth C Ben Rice OF Cedric Mullins OF Chandler Simpson OF Kahlil Watson P Jacob Misiorowski P Yoshinobu Yamamoto SS George Lombard Jr.,,,
966,5279548294,bigdust34,0,20.4,1B Luis Garcia Jr. 2B David Hamilton 3B Jose Ramirez C Ben Rice OF Angel Martinez OF Chase DeLauter OF Jo Adell P Jacob Misiorowski P Robbie Ray SS Brayan Rocchio,,,
967,5278747648,jstoneuk1,0,0,,,,
967,5279166273,ed410912,0,0,,,,
967,5279353436,BallinIsAHabit83,0,0,,,,
