season,week,game_id,team,opp,is_home,off_plays,off_epa,off_pass_plays,off_pass_epa,off_rush_plays,off_rush_epa,off_success,off_plays_gt,off_epa_gt
2013,1,2013_01_ARI_STL,ARI,LA,0,70,3.6763,44,7.2727,26,-3.5964,34,70,3.6763
2013,1,2013_01_ARI_STL,LA,ARI,1,63,-2.3463,38,3.1558,25,-5.5021,28,63,-2.3463
2013,1,2013_01_ATL_NO,ATL,NO,0,55,-1.7127,41,-4.2748,14,2.5621,22,55,-1.7127
2013,1,2013_01_ATL_NO,NO,ATL,1,64,3.4657,37,12.5033,27,-9.0376,26,64,3.4657
2013,1,2013_01_BAL_DEN,BAL,DEN,0,87,-3.0335,66,3.3958,21,-6.4292,30,53,-3.983
2013,1,2013_01_BAL_DEN,DEN,BAL,1,66,22.9453,45,24.7401,21,-1.7949,32,45,15.8694
2013,1,2013_01_CIN_CHI,CHI,CIN,1,58,7.5314,32,8.2702,26,-0.7389,29,57,6.1091
2013,1,2013_01_CIN_CHI,CIN,CHI,0,54,3.2074,34,2.6149,20,0.5925,27,54,3.2074
2013,1,2013_01_GB_SF,GB,SF,0,57,10.272,38,12.7623,19,-2.4903,28,57,10.272
2013,1,2013_01_GB_SF,SF,GB,1,75,17.8703,41,25.442,34,-7.5717,35,74,17.6164
2013,1,2013_01_HOU_SD,HOU,LAC,0,75,8.1088,47,10.3471,28,-2.2383,36,73,3.239
2013,1,2013_01_HOU_SD,LAC,HOU,1,51,1.4608,31,2.1579,20,-0.6971,19,48,0.2233
2013,1,2013_01_KC_JAX,JAX,KC,1,70,-34.5945,47,-28.7408,23,-5.8538,19,32,-18.2396
2013,1,2013_01_KC_JAX,KC,JAX,0,61,-0.8283,35,-0.8028,26,-0.0255,26,36,7.9798
2013,1,2013_01_MIA_CLE,CLE,MIA,1,72,-12.5608,59,-11.0277,13,-1.5331,25,54,-9.568
2013,1,2013_01_MIA_CLE,MIA,CLE,0,62,-1.0957,42,7.673,20,-8.7687,23,59,0.3251
2013,1,2013_01_MIN_DET,DET,MIN,1,75,3.6844,43,5.4679,32,-1.7835,36,70,4.4742
2013,1,2013_01_MIN_DET,MIN,DET,0,52,-6.1457,31,-0.3398,21,-5.8059,21,40,-3.454
2013,1,2013_01_NE_BUF,BUF,NE,1,61,-6.078,27,-0.661,34,-5.417,26,61,-6.078
2013,1,2013_01_NE_BUF,NE,BUF,0,87,-10.5834,55,5.7925,32,-16.3759,37,87,-10.5834
2013,1,2013_01_NYG_DAL,DAL,NYG,1,74,-11.2962,52,-7.1031,22,-4.1931,30,73,-10.3492
2013,1,2013_01_NYG_DAL,NYG,DAL,0,58,-5.7422,45,7.9599,13,-13.7021,30,46,-15.7541
2013,1,2013_01_OAK_IND,IND,LV,1,51,9.2535,27,6.6362,24,2.6173,22,51,9.2535
2013,1,2013_01_OAK_IND,LV,IND,0,63,13.6524,30,8.4421,33,5.2103,32,63,13.6524
2013,1,2013_01_PHI_WAS,PHI,WAS,0,75,2.3596,28,1.7743,47,0.5853,36,53,6.0475
2013,1,2013_01_PHI_WAS,WAS,PHI,1,71,-1.3288,53,3.3083,18,-4.6371,36,32,-15.5021
2013,1,2013_01_SEA_CAR,CAR,SEA,1,50,1.3549,24,3.8536,26,-2.4987,25,50,1.3549
2013,1,2013_01_SEA_CAR,SEA,CAR,0,59,6.106,36,11.6889,23,-5.5829,31,59,6.106
2013,1,2013_01_TB_NYJ,NYJ,TB,1,72,-8.0708,43,-7.379,29,-0.6919,28,72,-8.0708
2013,1,2013_01_TB_NYJ,TB,NYJ,0,59,-5.33,34,0.4139,25,-5.744,16,59,-5.33
2013,1,2013_01_TEN_PIT,PIT,TEN,1,53,-11.4858,38,-1.1771,15,-10.3087,20,44,-17.6175
2013,1,2013_01_TEN_PIT,TEN,PIT,0,61,-3.4508,21,2.1897,40,-5.6405,25,58,-1.7861
2013,2,2013_02_CAR_BUF,BUF,CAR,1,73,3.5898,41,0.9098,32,2.68,37,73,3.5898
2013,2,2013_02_CAR_BUF,CAR,BUF,0,76,-4.4715,44,-3.324,32,-1.1476,29,76,-4.4715
2013,2,2013_02_CLE_BAL,BAL,CLE,1,68,-0.6501,35,4.9047,33,-5.5548,28,61,-0.5013
2013,2,2013_02_CLE_BAL,CLE,BAL,0,62,-11.5283,42,-8.3842,20,-3.1442,21,59,-8.7385
2013,2,2013_02_DAL_KC,DAL,KC,0,60,-3.9264,45,-0.3523,15,-3.5741,26,60,-3.9264
2013,2,2013_02_DAL_KC,KC,DAL,1,63,0.5364,38,0.3639,25,0.1724,24,63,0.5364
2013,2,2013_02_DEN_NYG,DEN,NYG,0,69,13.2546,43,21.4334,26,-8.1788,30,60,15.5211
2013,2,2013_02_DEN_NYG,NYG,DEN,1,69,-12.0592,50,-5.767,19,-6.2922,28,45,-9.2234
2013,2,2013_02_DET_ARI,ARI,DET,1,65,-10.7458,42,-10.3478,23,-0.3981,24,65,-10.7458
2013,2,2013_02_DET_ARI,DET,ARI,0,57,-2.4201,37,7.2144,20,-9.6345,24,57,-2.4201
2013,2,2013_02_JAX_OAK,JAX,LV,0,62,-7.0642,43,-1.6848,19,-5.3794,19,43,-10.3421
2013,2,2013_02_JAX_OAK,LV,JAX,1,60,-3.9684,26,-1.7056,34,-2.2628,19,47,-0.1185
2013,2,2013_02_MIA_IND,IND,MIA,1,72,4.5603,46,-1.8434,26,6.4038,37,72,4.5603
2013,2,2013_02_MIA_IND,MIA,IND,0,64,3.9064,38,4.7126,26,-0.8062,31,61,4.9023
2013,2,2013_02_MIN_CHI,CHI,MIN,1,64,-3.6447,38,-2.3819,26,-1.2628,36,64,-3.6447
2013,2,2013_02_MIN_CHI,MIN,CHI,0,64,-3.7304,31,0.2928,33,-4.0232,26,64,-3.7304
2013,2,2013_02_NO_TB,NO,TB,0,69,-6.7975,49,-1.2115,20,-5.5861,32,69,-6.7975
2013,2,2013_02_NO_TB,TB,NO,1,56,-7.4374,23,-10.0311,33,2.5937,24,56,-7.4374
2013,2,2013_02_NYJ_NE,NE,NYJ,1,63,-15.1972,40,-7.2629,23,-7.9343,20,63,-15.1972
2013,2,2013_02_NYJ_NE,NYJ,NE,0,71,-16.0691,39,-16.8775,32,0.8085,24,71,-16.0691
2013,2,2013_02_PIT_CIN,CIN,PIT,1,79,4.8851,45,3.9279,34,0.9573,36,71,5.1082
2013,2,2013_02_PIT_CIN,PIT,CIN,0,54,-12.6396,38,-6.8322,16,-5.8075,16,48,-12.1628
2013,2,2013_02_SD_PHI,LAC,PHI,0,78,21.7655,48,23.7629,30,-1.9974,44,78,21.7655
2013,2,2013_02_SD_PHI,PHI,LAC,1,58,20.5855,39,15.5298,19,5.0557,30,58,20.5855
2013,2,2013_02_SF_SEA,SEA,SF,1,68,-2.1569,23,1.0446,45,-3.2015,22,56,-0.0225
2013,2,2013_02_SF_SEA,SF,SEA,0,51,-25.3622,31,-24.8983,20,-0.4639,16,36,-13.0597
2013,2,2013_02_STL_ATL,ATL,LA,1,61,7.9374,45,13.353,16,-5.4156,27,37,14.668
2013,2,2013_02_STL_ATL,LA,ATL,0,72,3.8604,55,3.896,17,-0.0356,35,43,-4.8971
2013,2,2013_02_TEN_HOU,HOU,TEN,1,79,-1.2501,50,-6.6412,29,5.3911,32,77,0.2999
2013,2,2013_02_TEN_HOU,TEN,HOU,0,67,-4.5136,34,0.9121,33,-5.4257,25,66,-3.9076
2013,2,2013_02_WAS_GB,GB,WAS,1,67,25.6197,46,20.1457,21,5.474,39,34,17.1003
2013,2,2013_02_WAS_GB,WAS,GB,0,58,13.2228,42,10.7568,16,2.466,29,15,-3.2139
2013,3,2013_03_ARI_NO,ARI,NO,0,55,-13.2309,39,-16.9564,16,3.7255,23,46,-8.3167
2013,3,2013_03_ARI_NO,NO,ARI,1,71,13.0366,50,10.977,21,2.0596,35,54,5.2615
2013,3,2013_03_ATL_MIA,ATL,MIA,0,68,12.5413,38,10.4021,30,2.1391,36,68,12.5413
2013,3,2013_03_ATL_MIA,MIA,ATL,1,54,-0.0923,40,-1.8761,14,1.7838,23,54,-0.0923
2013,3,2013_03_BUF_NYJ,BUF,NYJ,0,75,-14.2844,50,-11.1775,25,-3.1069,23,73,-14.3785
2013,3,2013_03_BUF_NYJ,NYJ,BUF,1,70,1.7041,29,9.4045,41,-7.7004,27,67,3.2699
2013,3,2013_03_CHI_PIT,CHI,PIT,0,57,6.3096,32,3.6904,25,2.6192,20,54,7.698
2013,3,2013_03_CHI_PIT,PIT,CHI,1,65,-20.2338,44,-12.2312,21,-8.0026,30,56,-16.8188
2013,3,2013_03_CLE_MIN,CLE,MIN,0,75,-3.3926,58,-5.5694,17,2.1768,28,75,-3.3926
2013,3,2013_03_CLE_MIN,MIN,CLE,1,79,-11.5032,48,-14.7578,31,3.2546,30,79,-11.5032
2013,3,2013_03_DET_WAS,DET,WAS,0,66,9.2858,43,12.5339,23,-3.2481,29,63,11.3201
2013,3,2013_03_DET_WAS,WAS,DET,1,74,0.7741,52,3.8621,22,-3.088,31,72,0.4688
2013,3,2013_03_GB_CIN,CIN,GB,1,54,-7.6541,32,-2.1906,22,-5.4635,24,54,-7.6541
2013,3,2013_03_GB_CIN,GB,CIN,0,77,-9.8021,47,-6.9223,30,-2.8798,35,77,-9.8021
2013,3,2013_03_HOU_BAL,BAL,HOU,1,57,0.7596,26,7.5384,31,-6.7788,19,34,1.8523
2013,3,2013_03_HOU_BAL,HOU,BAL,0,61,-14.2758,38,-11.8217,23,-2.4541,28,50,-11.548
2013,3,2013_03_IND_SF,IND,SF,0,66,11.1864,27,4.8023,39,6.3841,32,62,10.3765
2013,3,2013_03_IND_SF,SF,IND,1,52,-9.0352,30,-9.6026,22,0.5674,21,39,-3.3789
2013,3,2013_03_JAX_SEA,JAX,SEA,0,66,-15.5704,41,-8.5999,25,-6.9705,22,28,-13.5158
2013,3,2013_03_JAX_SEA,SEA,JAX,1,65,12.9913,31,12.4943,34,0.497,37,35,4.8979
2013,3,2013_03_KC_PHI,KC,PHI,0,74,2.2132,39,9.2249,35,-7.0116,33,69,6.1892
2013,3,2013_03_KC_PHI,PHI,KC,1,64,-11.7651,36,-18.2876,28,6.5226,27,56,-6.0759
2013,3,2013_03_NYG_CAR,CAR,NYG,1,72,12.4111,28,7.4365,44,4.9746,33,42,5.7284
2013,3,2013_03_NYG_CAR,NYG,CAR,0,50,-23.5186,34,-20.7038,16,-2.8148,14,25,-13.0339
2013,3,2013_03_OAK_DEN,DEN,LV,1,71,18.7684,38,18.2549,33,0.5135,44,31,14.9093
2013,3,2013_03_OAK_DEN,LV,DEN,0,51,7.7752,34,12.231,17,-4.4558,20,22,-0.6453
2013,3,2013_03_SD_TEN,LAC,TEN,0,53,9.3666,26,7.5296,27,1.8371,29,53,9.3666
2013,3,2013_03_SD_TEN,TEN,LAC,1,67,9.8903,38,6.5019,29,3.3885,34,67,9.8903
2013,3,2013_03_STL_DAL,DAL,LA,1,59,13.7854,25,10.9951,34,2.7902,31,32,11.3506
2013,3,2013_03_STL_DAL,LA,DAL,0,67,-26.2073,55,-24.088,12,-2.1193,24,22,-16.2405
2013,3,2013_03_TB_NE,NE,TB,1,69,0.8738,39,3.1312,30,-2.2573,30,45,9.6039
2013,3,2013_03_TB_NE,TB,NE,0,66,-10.4852,44,-7.7164,22,-2.7688,26,44,-7.3366
2013,4,2013_04_ARI_TB,ARI,TB,0,57,-11.5641,39,-4.7383,18,-6.8258,21,57,-11.5641
2013,4,2013_04_ARI_TB,TB,ARI,1,75,-16.9793,45,-10.1941,30,-6.7853,25,75,-16.9793
2013,4,2013_04_BAL_BUF,BAL,BUF,0,63,-16.7102,54,-14.0813,9,-2.6289,17,63,-16.7102
2013,4,2013_04_BAL_BUF,BUF,BAL,1,74,-11.9251,24,-7.6371,50,-4.288,29,74,-11.9251
2013,4,2013_04_CHI_DET,CHI,DET,0,68,-3.5449,52,-7.9389,16,4.394,28,38,-10.1061
2013,4,2013_04_CHI_DET,DET,CHI,1,63,-3.4654,36,-4.0029,27,0.5375,31,42,5.6759
2013,4,2013_04_CIN_CLE,CIN,CLE,0,64,-17.0626,44,-10.3218,20,-6.7408,20,54,-11.3635
2013,4,2013_04_CIN_CLE,CLE,CIN,1,68,5.2103,41,8.6547,27,-3.4444,30,65,7.9466
2013,4,2013_04_DAL_SD,DAL,LAC,0,56,2.4201,40,-4.463,16,6.8831,32,52,2.4192
2013,4,2013_04_DAL_SD,LAC,DAL,1,70,8.8156,43,10.1283,27,-1.3127,37,65,10.2606
2013,4,2013_04_IND_JAX,IND,JAX,0,70,14.0152,40,10.9164,30,3.0988,29,42,7.0577
2013,4,2013_04_IND_JAX,JAX,IND,1,54,-29.6267,36,-23.1282,18,-6.4984,15,29,-21.7807
2013,4,2013_04_MIA_NO,MIA,NO,0,57,-7.524,39,-6.2472,18,-1.2768,26,31,-2.0989
2013,4,2013_04_MIA_NO,NO,MIA,1,62,16.8247,41,24.6567,21,-7.8319,34,39,13.206
2013,4,2013_04_NE_ATL,ATL,NE,1,71,3.8779,56,4.4404,15,-0.5625,34,63,-0.6477
2013,4,2013_04_NE_ATL,NE,ATL,0,59,19.2096,31,19.392,28,-0.1823,29,51,22.9508
2013,4,2013_04_NYG_KC,KC,NYG,1,67,0.8666,42,6.1702,25,-5.3035,27,58,-7.5148
2013,4,2013_04_NYG_KC,NYG,KC,0,61,-13.813,40,-6.8992,21,-6.9138,22,49,-10.2227
2013,4,2013_04_NYJ_TEN,NYJ,TEN,0,62,-16.1073,39,-8.0876,23,-8.0197,25,28,-10.5401
2013,4,2013_04_NYJ_TEN,TEN,NYJ,1,63,5.0331,34,13.1568,29,-8.1237,21,41,11.4697
2013,4,2013_04_PHI_DEN,DEN,PHI,1,70,22.3806,38,19.7373,32,2.6433,42,43,14.1078
2013,4,2013_04_PHI_DEN,PHI,DEN,0,68,14.4996,34,10.7475,34,3.7521,31,45,10.6161
2013,4,2013_04_PIT_MIN,MIN,PIT,1,50,21.6953,26,14.8862,24,6.809,23,41,25.4211
2013,4,2013_04_PIT_MIN,PIT,MIN,0,74,12.2164,53,10.5504,21,1.6659,40,62,7.1485
2013,4,2013_04_SEA_HOU,HOU,SEA,1,88,-13.0817,53,-5.5294,35,-7.5523,36,78,-5.406
2013,4,2013_04_SEA_HOU,SEA,HOU,0,57,-8.7624,28,-7.3618,29,-1.4006,22,52,-15.9508
2013,4,2013_04_SF_STL,LA,SF,1,63,-24.5857,46,-17.7812,17,-6.8045,19,41,-11.1884
2013,4,2013_04_SF_STL,SF,LA,0,65,1.4064,25,4.3064,40,-2.8999,25,43,7.0284
2013,4,2013_04_WAS_OAK,LV,WAS,1,65,-21.2919,39,-15.358,26,-5.9339,23,64,-21.1838
2013,4,2013_04_WAS_OAK,WAS,LV,0,64,-6.0159,32,-2.3313,32,-3.6845,23,58,-5.6283
2013,5,2013_05_BAL_MIA,BAL,MIA,0,73,-2.1641,34,4.2271,39,-6.3912,31,73,-2.1641
2013,5,2013_05_BAL_MIA,MIA,BAL,1,56,-7.5875,45,-0.5126,11,-7.0749,18,56,-7.5875
2013,5,2013_05_BUF_CLE,BUF,CLE,0,75,-7.369,44,-12.3222,31,4.9532,28,66,-6.9404
2013,5,2013_05_BUF_CLE,CLE,BUF,1,63,-1.1179,33,0.7995,30,-1.9174,22,63,-1.1179
2013,5,2013_05_CAR_ARI,ARI,CAR,1,55,-6.7585,30,-2.7011,25,-4.0574,24,52,-8.8351
2013,5,2013_05_CAR_ARI,CAR,ARI,0,66,-20.804,46,-19.9691,20,-0.8349,28,61,-18.6421
2013,5,2013_05_DEN_DAL,DAL,DEN,1,55,25.0348,40,26.1828,15,-1.1481,29,55,25.0348
2013,5,2013_05_DEN_DAL,DEN,DAL,0,71,30.3978,42,27.8658,29,2.532,45,71,30.3978
2013,5,2013_05_DET_GB,DET,GB,0,64,-2.1599,46,-1.0849,18,-1.075,25,45,-5.779
2013,5,2013_05_DET_GB,GB,DET,1,63,8.7674,31,6.3985,32,2.3689,26,46,6.4757
2013,5,2013_05_HOU_SF,HOU,SF,0,71,-21.0994,41,-14.4266,30,-6.6728,25,33,-9.2246
2013,5,2013_05_HOU_SF,SF,HOU,1,49,6.1701,16,3.4071,33,2.763,20,21,5.257
2013,5,2013_05_JAX_STL,JAX,LA,0,59,-17.5262,34,-13.6961,25,-3.8301,22,55,-13.049
2013,5,2013_05_JAX_STL,LA,JAX,1,69,1.7627,36,4.6038,33,-2.8411,30,64,3.1109
2013,5,2013_05_KC_TEN,KC,TEN,0,67,-6.1927,41,-6.1445,26,-0.0482,28,67,-6.1927
2013,5,2013_05_KC_TEN,TEN,KC,1,65,-10.4296,44,-8.4645,21,-1.9651,23,55,-12.3472
2013,5,2013_05_NE_CIN,CIN,NE,1,68,-1.5978,31,-1.436,37,-0.1618,27,68,-1.5978
2013,5,2013_05_NE_CIN,NE,CIN,0,59,-13.9053,41,-8.2131,18,-5.6922,21,59,-13.9053
2013,5,2013_05_NO_CHI,CHI,NO,1,55,3.0552,36,0.8985,19,2.1567,26,49,-4.2533
2013,5,2013_05_NO_CHI,NO,CHI,0,65,8.8248,36,16.2965,29,-7.4717,28,48,12.7247
2013,5,2013_05_NYJ_ATL,ATL,NYJ,1,69,6.7478,47,13.2473,22,-6.4994,35,68,6.1408
2013,5,2013_05_NYJ_ATL,NYJ,ATL,0,46,9.6115,24,9.6097,22,0.0018,21,46,9.6115
2013,5,2013_05_PHI_NYG,NYG,PHI,1,70,-8.2976,53,-2.5596,17,-5.738,31,59,-4.3981
2013,5,2013_05_PHI_NYG,PHI,NYG,0,75,10.4734,40,9.501,35,0.9724,33,69,11.2298
2013,5,2013_05_SD_OAK,LAC,LV,0,69,-0.0099,50,13.5764,19,-13.5863,34,60,-7.4437
2013,5,2013_05_SD_OAK,LV,LAC,1,53,4.2207,27,5.8031,26,-1.5825,24,45,8.2924
2013,5,2013_05_SEA_IND,IND,SEA,1,60,3.7875,33,2.79,27,0.9975,27,60,3.7875
2013,5,2013_05_SEA_IND,SEA,IND,0,67,13.7325,33,6.6766,34,7.0559,30,67,13.7325
2013,6,2013_06_ARI_SF,ARI,SF,0,64,-5.6528,43,-8.0944,21,2.4416,27,54,-3.7021
2013,6,2013_06_ARI_SF,SF,ARI,1,68,-0.3863,31,-1.1659,37,0.7796,31,62,2.927
2013,6,2013_06_CAR_MIN,CAR,MIN,0,63,23.2974,27,20.9249,36,2.3725,32,40,19.3438
2013,6,2013_06_CAR_MIN,MIN,CAR,1,60,-12.5129,47,-10.5455,13,-1.9674,24,31,-7.5512
2013,6,2013_06_CIN_BUF,BUF,CIN,1,68,3.5112,37,2.9551,31,0.5561,30,68,3.5112
2013,6,2013_06_CIN_BUF,CIN,BUF,0,82,16.0393,43,15.8078,39,0.2315,40,73,18.9851
2013,6,2013_06_DET_CLE,CLE,DET,1,65,-2.2081,44,-4.4924,21,2.2843,32,54,-1.7751
2013,6,2013_06_DET_CLE,DET,CLE,0,71,11.2585,44,10.1946,27,1.064,32,68,8.5894
2013,6,2013_06_GB_BAL,BAL,GB,1,61,-8.6924,39,3.1936,22,-11.8859,17,60,-13.2142
2013,6,2013_06_GB_BAL,GB,BAL,0,63,5.2592,35,3.8458,28,1.4134,28,63,5.2592
2013,6,2013_06_IND_SD,IND,LAC,0,48,-2.2252,31,-3.5128,17,1.2876,24,44,-1.2316
2013,6,2013_06_IND_SD,LAC,IND,1,72,4.8622,35,6.7784,37,-1.9162,31,67,6.9503
2013,6,2013_06_JAX_DEN,DEN,JAX,1,69,8.8258,42,10.805,27,-1.9792,31,62,10.6857
2013,6,2013_06_JAX_DEN,JAX,DEN,0,72,-8.984,45,1.1435,27,-10.1275,31,56,-7.616
2013,6,2013_06_NO_NE,NE,NO,1,82,2.1884,47,4.2721,35,-2.0837,33,82,2.1884
2013,6,2013_06_NO_NE,NO,NE,0,63,9.3299,37,6.5867,26,2.7432,27,63,9.3299
2013,6,2013_06_NYG_CHI,CHI,NYG,1,65,7.6637,36,8.5113,29,-0.8476,33,58,8.9627
2013,6,2013_06_NYG_CHI,NYG,CHI,0,53,1.4629,27,-0.8632,26,2.3261,22,53,1.4629
2013,6,2013_06_OAK_KC,KC,LV,1,61,-11.9616,34,-13.9785,27,2.0169,18,58,-10.4879
2013,6,2013_06_OAK_KC,LV,KC,0,71,-19.1416,43,-17.649,28,-1.4926,28,58,-11.1306
2013,6,2013_06_PHI_TB,PHI,TB,0,64,14.5612,32,19.0604,32,-4.4993,31,56,16.3841
2013,6,2013_06_PHI_TB,TB,PHI,1,66,0.0232,45,1.9934,21,-1.9702,25,58,2.585
2013,6,2013_06_PIT_NYJ,NYJ,PIT,1,57,-13.9342,37,-12.5649,20,-1.3693,23,49,-13.5908
2013,6,2013_06_PIT_NYJ,PIT,NYJ,0,61,5.5461,35,8.6887,26,-3.1426,20,49,9.2745
2013,6,2013_06_STL_HOU,HOU,LA,1,73,-9.9552,43,-14.1248,30,4.1697,30,32,-0.837
2013,6,2013_06_STL_HOU,LA,HOU,0,41,9.4305,16,11.5725,25,-2.142,20,35,11.5295
2013,6,2013_06_TEN_SEA,SEA,TEN,1,62,-3.279,32,-0.6228,30,-2.6562,31,58,-2.6497
2013,6,2013_06_TEN_SEA,TEN,SEA,0,52,-7.7311,32,-4.1969,20,-3.5342,20,51,-11.1185
2013,6,2013_06_WAS_DAL,DAL,WAS,1,50,-1.7643,31,-1.6744,19,-0.0899,23,41,-0.1896
2013,6,2013_06_WAS_DAL,WAS,DAL,0,75,1.1463,42,-6.6841,33,7.8303,33,61,4.6548
2013,7,2013_07_BAL_PIT,BAL,PIT,0,61,8.1277,35,10.3488,26,-2.2211,27,61,8.1277
2013,7,2013_07_BAL_PIT,PIT,BAL,1,54,6.0281,26,1.9328,28,4.0952,29,54,6.0281
2013,7,2013_07_BUF_MIA,BUF,MIA,0,65,-3.4183,36,-1.0383,29,-2.38,23,65,-3.4183
2013,7,2013_07_BUF_MIA,MIA,BUF,1,64,-8.9886,39,-9.1599,25,0.1712,25,64,-8.9886
2013,7,2013_07_CHI_WAS,CHI,WAS,0,51,8.0945,30,0.168,21,7.9265,25,51,8.0945
2013,7,2013_07_CHI_WAS,WAS,CHI,1,73,17.735,30,12.4328,43,5.3022,40,73,17.735
2013,7,2013_07_CIN_DET,CIN,DET,0,53,18.8706,35,24.9092,18,-6.0386,25,53,18.8706
2013,7,2013_07_CIN_DET,DET,CIN,1,76,14.7722,51,20.8736,25,-6.1014,29,76,14.7722
2013,7,2013_07_CLE_GB,CLE,GB,0,68,-10.1287,45,-12.5058,23,2.3771,27,50,-10.3983
2013,7,2013_07_CLE_GB,GB,CLE,1,65,15.3749,37,14.254,28,1.121,30,53,7.4438
2013,7,2013_07_DAL_PHI,DAL,PHI,0,73,-1.6942,49,2.9198,24,-4.614,33,67,1.9828
2013,7,2013_07_DAL_PHI,PHI,DAL,1,75,-23.6957,52,-22.005,23,-1.6906,23,58,-22.6858
2013,7,2013_07_DEN_IND,DEN,IND,0,73,3.5929,54,12.7044,19,-9.1115,27,54,-6.4038
2013,7,2013_07_DEN_IND,IND,DEN,1,70,-7.3066,40,-1.6303,30,-5.6763,28,58,-0.2774
2013,7,2013_07_HOU_KC,HOU,KC,0,54,-3.0475,30,0.5208,24,-3.5684,19,54,-3.0475
2013,7,2013_07_HOU_KC,KC,HOU,1,65,1.6289,36,4.818,29,-3.1892,27,65,1.6289
2013,7,2013_07_MIN_NYG,MIN,NYG,0,68,-24.2206,54,-19.8713,14,-4.3493,18,39,-16.4629
2013,7,2013_07_MIN_NYG,NYG,MIN,1,72,-9.6611,41,0.4217,31,-10.0828,22,63,-4.0702
2013,7,2013_07_NE_NYJ,NE,NYJ,0,70,-7.34,50,-9.8098,20,2.4698,27,70,-7.34
2013,7,2013_07_NE_NYJ,NYJ,NE,1,88,-7.7761,37,-4.016,51,-3.7601,33,88,-7.7761
2013,7,2013_07_SD_JAX,JAX,LAC,1,59,-7.0261,42,-7.8909,17,0.8648,31,35,0.3683
2013,7,2013_07_SD_JAX,LAC,JAX,0,64,20.5937,27,18.8796,37,1.7141,36,54,25.1548
2013,7,2013_07_SEA_ARI,ARI,SEA,1,71,-21.6919,53,-16.0623,18,-5.6296,26,41,-16.6275
2013,7,2013_07_SEA_ARI,SEA,ARI,0,63,1.0428,32,3.3637,31,-2.3209,31,48,8.083
2013,7,2013_07_SF_TEN,SF,TEN,0,61,14.4194,23,8.9585,38,5.4609,29,37,17.293
2013,7,2013_07_SF_TEN,TEN,SF,1,57,1.2419,44,0.9292,13,0.3127,23,26,-3.6852
2013,7,2013_07_STL_CAR,CAR,LA,1,53,3.046,19,12.0781,34,-9.0321,25,41,6.986
2013,7,2013_07_STL_CAR,LA,CAR,0,59,-11.8295,38,-5.2458,21,-6.5837,22,37,-3.4743
2013,7,2013_07_TB_ATL,ATL,TB,1,41,8.107,26,13.9557,15,-5.8487,16,38,10.245
2013,7,2013_07_TB_ATL,TB,ATL,0,75,-1.4676,47,-2.7566,28,1.289,33,65,-9.0875
2013,8,2013_08_ATL_ARI,ARI,ATL,1,51,4.8519,21,1.6324,30,3.2196,19,32,10.3086
2013,8,2013_08_ATL_ARI,ATL,ARI,0,78,-12.8167,64,-9.7178,14,-3.0989,27,39,-9.857
2013,8,2013_08_BUF_NO,BUF,NO,0,68,-11.8212,43,-5.6744,25,-6.1468,25,43,-13.1743
2013,8,2013_08_BUF_NO,NO,BUF,1,61,11.5282,38,12.4481,23,-0.9199,28,52,7.0696
2013,8,2013_08_CAR_TB,CAR,TB,0,60,12.8812,35,3.1957,25,9.6855,28,46,13.6437
2013,8,2013_08_CAR_TB,TB,CAR,1,68,-10.0528,54,-5.8496,14,-4.2032,28,36,-6.1272
2013,8,2013_08_CLE_KC,CLE,KC,0,52,5.5191,37,6.9193,15,-1.4001,18,51,5.5376
2013,8,2013_08_CLE_KC,KC,CLE,1,70,5.8955,42,2.1918,28,3.7037,33,69,5.8649
2013,8,2013_08_DAL_DET,DAL,DET,0,55,-3.943,30,-0.099,25,-3.8441,22,54,-2.4434
2013,8,2013_08_DAL_DET,DET,DAL,1,77,-0.4208,48,-0.7693,29,0.3485,40,77,-0.4208
2013,8,2013_08_GB_MIN,GB,MIN,0,71,29.8346,31,22.4891,40,7.3455,39,52,25.163
2013,8,2013_08_GB_MIN,MIN,GB,1,43,5.4824,24,-0.9658,19,6.4482,19,30,0.9692
2013,8,2013_08_MIA_NE,MIA,NE,0,79,-0.3037,48,-4.7822,31,4.4785,35,74,-2.6308
2013,8,2013_08_MIA_NE,NE,MIA,1,59,-4.3347,25,-8.5566,34,4.2219,26,56,-2.8219
2013,8,2013_08_NYG_PHI,NYG,PHI,0,70,-9.0957,40,1.2145,30,-10.3102,28,54,0.7606
2013,8,2013_08_NYG_PHI,PHI,NYG,1,58,-19.666,39,-16.3855,19,-3.2805,26,43,-16.7979
2013,8,2013_08_NYJ_CIN,CIN,NYJ,1,56,14.5595,31,22.0151,25,-7.4556,24,37,13.0304
2013,8,2013_08_NYJ_CIN,NYJ,CIN,0,65,-24.2867,41,-17.5994,24,-6.6872,24,25,-5.4665
2013,8,2013_08_PIT_OAK,LV,PIT,1,58,-9.6893,21,-11.9714,37,2.2822,19,38,4.3877
2013,8,2013_08_PIT_OAK,PIT,LV,0,69,-6.2515,49,-3.6036,20,-2.6479,28,53,-13.4422
2013,8,2013_08_SEA_STL,LA,SEA,1,71,-15.4444,34,-18.6905,37,3.2461,30,71,-15.4444
2013,8,2013_08_SEA_STL,SEA,LA,0,40,-10.5218,25,-6.1189,15,-4.4029,11,40,-10.5218
2013,8,2013_08_SF_JAX,JAX,SF,1,70,-6.0572,45,-3.5502,25,-2.507,30,15,-6.2463
2013,8,2013_08_SF_JAX,SF,JAX,0,55,24.9742,17,12.1954,38,12.7789,29,30,20.5283
2013,8,2013_08_WAS_DEN,DEN,WAS,1,76,3.6228,46,0.9382,30,2.6846,41,68,6.2698
2013,8,2013_08_WAS_DEN,WAS,DEN,0,70,-27.3768,42,-25.7997,28,-1.5771,27,56,-13.2709
2013,9,2013_09_ATL_CAR,ATL,CAR,0,47,-9.1105,28,-6.3583,19,-2.7522,20,37,1.6745
2013,9,2013_09_ATL_CAR,CAR,ATL,1,70,7.0257,37,5.6198,33,1.4059,31,61,5.8914
2013,9,2013_09_BAL_CLE,BAL,CLE,0,68,-1.9315,47,-0.466,21,-1.4655,24,67,-1.9698
2013,9,2013_09_BAL_CLE,CLE,BAL,1,68,0.5356,39,11.754,29,-11.2184,25,66,2.288
2013,9,2013_09_CHI_GB,CHI,GB,0,75,15.1096,42,10.4153,33,4.6943,31,72,15.7433
2013,9,2013_09_CHI_GB,GB,CHI,1,55,-2.8834,26,-12.3745,29,9.491,22,53,-3.2106
2013,9,2013_09_CIN_MIA,CIN,MIA,0,91,-2.7773,58,-10.3884,33,7.6111,40,91,-2.7773
2013,9,2013_09_CIN_MIA,MIA,CIN,1,61,-2.9649,31,0.6046,30,-3.5696,29,61,-2.9649
2013,9,2013_09_IND_HOU,HOU,IND,1,67,12.1764,34,15.665,33,-3.4886,34,57,13.6774
2013,9,2013_09_IND_HOU,IND,HOU,0,60,7.2337,46,6.8676,14,0.366,24,47,2.0312
2013,9,2013_09_KC_BUF,BUF,KC,1,77,-13.2294,39,-20.2204,38,6.991,32,70,-12.5711
2013,9,2013_09_KC_BUF,KC,BUF,0,51,-5.3432,31,-5.7778,20,0.4346,23,51,-5.3432
2013,9,2013_09_MIN_DAL,DAL,MIN,1,63,4.0674,54,6.3037,9,-2.2363,29,63,4.0674
2013,9,2013_09_MIN_DAL,MIN,DAL,0,68,2.2689,39,-0.4981,29,2.767,30,68,2.2689
2013,9,2013_09_NO_NYJ,NO,NYJ,0,65,1.7074,53,5.324,12,-3.6166,29,64,5.3652
2013,9,2013_09_NO_NYJ,NYJ,NO,1,57,3.2395,22,-1.4515,35,4.691,19,54,5.6499
2013,9,2013_09_PHI_OAK,LV,PHI,1,92,-2.4705,59,-9.3075,33,6.8369,39,40,2.9673
2013,9,2013_09_PHI_OAK,PHI,LV,0,55,35.1658,32,33.9571,23,1.2087,29,34,32.2678
2013,9,2013_09_PIT_NE,NE,PIT,1,70,27.7135,36,20.8349,34,6.8785,38,64,15.5595
2013,9,2013_09_PIT_NE,PIT,NE,0,72,8.0015,53,7.6804,19,0.3211,34,49,5.8669
2013,9,2013_09_SD_WAS,LAC,WAS,0,63,10.1133,47,9.182,16,0.9313,37,63,10.1133
2013,9,2013_09_SD_WAS,WAS,LAC,1,71,20.5411,32,11.9404,39,8.6008,33,71,20.5411
2013,9,2013_09_TB_SEA,SEA,TB,1,60,13.1723,26,5.6446,34,7.5277,30,60,13.1723
2013,9,2013_09_TB_SEA,TB,SEA,0,64,12.0075,27,7.5715,37,4.436,28,64,12.0075
2013,9,2013_09_TEN_STL,LA,TEN,1,68,0.2818,36,1.8279,32,-1.5461,28,68,0.2818
2013,9,2013_09_TEN_STL,TEN,LA,0,60,8.16,26,-3.0242,34,11.1842,28,57,9.7221
2013,10,2013_10_BUF_PIT,BUF,PIT,0,64,-14.2346,42,-14.9923,22,0.7577,23,45,-12.5352
2013,10,2013_10_BUF_PIT,PIT,BUF,1,67,-9.0981,34,-9.1878,33,0.0897,23,53,-3.2473
2013,10,2013_10_CAR_SF,CAR,SF,0,65,-9.7917,35,-6.2378,30,-3.5539,24,65,-9.7917
2013,10,2013_10_CAR_SF,SF,CAR,1,52,-18.8699,28,-9.7707,24,-9.0993,16,52,-18.8699
2013,10,2013_10_CIN_BAL,BAL,CIN,1,71,-21.6222,41,-16.0329,30,-5.5893,20,61,-15.733
2013,10,2013_10_CIN_BAL,CIN,BAL,0,85,-16.47,55,-16.1459,30,-0.3242,25,82,-23.659
2013,10,2013_10_DAL_NO,DAL,NO,0,43,-5.4161,27,-7.7624,16,2.3463,13,26,-1.6925
2013,10,2013_10_DAL_NO,NO,DAL,1,78,42.5672,42,24.2548,36,18.3124,50,46,21.4994
2013,10,2013_10_DEN_SD,DEN,LAC,0,60,12.681,38,14.6374,22,-1.9564,31,48,20.5308
2013,10,2013_10_DEN_SD,LAC,DEN,1,68,3.9758,33,5.0328,35,-1.057,29,62,-0.4123
2013,10,2013_10_DET_CHI,CHI,DET,1,72,-3.2986,51,8.0586,21,-11.3572,25,71,-3.3425
2013,10,2013_10_DET_CHI,DET,CHI,0,60,7.9038,35,5.1781,25,2.7257,27,60,7.9038
2013,10,2013_10_HOU_ARI,ARI,HOU,1,60,-6.7813,33,2.2383,27,-9.0196,26,59,-1.5097
2013,10,2013_10_HOU_ARI,HOU,ARI,0,67,-9.2319,46,-7.9651,21,-1.2668,29,67,-9.2319
2013,10,2013_10_JAX_TEN,JAX,TEN,0,55,-12.0896,26,-4.4103,29,-7.6793,17,55,-12.0896
2013,10,2013_10_JAX_TEN,TEN,JAX,1,70,-9.8584,43,1.5116,27,-11.37,31,62,-16.8842
2013,10,2013_10_MIA_TB,MIA,TB,0,59,-3.1227,45,3.3302,14,-6.453,21,59,-3.1227
2013,10,2013_10_MIA_TB,TB,MIA,1,58,-3.5565,23,-4.2095,35,0.653,23,58,-3.5565
2013,10,2013_10_OAK_NYG,LV,NYG,0,55,-16.8688,30,-20.4759,25,3.6072,22,55,-16.8688
2013,10,2013_10_OAK_NYG,NYG,LV,1,60,-12.5305,25,-10.6203,35,-1.9102,27,60,-12.5305
2013,10,2013_10_PHI_GB,GB,PHI,1,75,-7.6953,45,-6.1407,30,-1.5546,36,69,-9.2792
2013,10,2013_10_PHI_GB,PHI,GB,0,55,15.2474,21,8.0631,34,7.1843,26,40,16.5053
2013,10,2013_10_SEA_ATL,ATL,SEA,1,53,-6.4309,38,-5.6129,15,-0.818,18,26,-8.2165
2013,10,2013_10_SEA_ATL,SEA,ATL,0,69,24.187,27,20.3011,42,3.8859,35,39,17.7335
2013,10,2013_10_STL_IND,IND,LA,1,69,-24.3474,56,-14.6194,13,-9.728,29,28,-18.7059
2013,10,2013_10_STL_IND,LA,IND,0,54,4.9624,18,16.4209,36,-11.4584,15,19,5.8414
2013,10,2013_10_WAS_MIN,MIN,WAS,1,50,13.0673,28,9.2856,22,3.7817,23,50,13.0673
2013,10,2013_10_WAS_MIN,WAS,MIN,0,76,15.0184,40,10.6538,36,4.3646,38,76,15.0184
2013,11,2013_11_ARI_JAX,ARI,JAX,0,66,11.162,45,16.8905,21,-5.7285,29,59,14.4418
2013,11,2013_11_ARI_JAX,JAX,ARI,1,60,-11.2747,44,-8.1027,16,-3.1719,20,48,-8.3633
2013,11,2013_11_ATL_TB,ATL,TB,0,67,-0.1068,47,-10.4133,20,10.3065,31,39,-12.8273
2013,11,2013_11_ATL_TB,TB,ATL,1,65,11.158,27,6.5406,38,4.6174,29,37,9.9371
2013,11,2013_11_BAL_CHI,BAL,CHI,0,75,-5.1048,34,-6.3485,41,1.2437,30,75,-5.1048
2013,11,2013_11_BAL_CHI,CHI,BAL,1,58,3.7038,33,6.019,25,-2.3152,24,58,3.7038
2013,11,2013_11_CLE_CIN,CIN,CLE,1,56,-19.1744,28,-15.4131,28,-3.7613,16,44,-17.1351
2013,11,2013_11_CLE_CIN,CLE,CIN,0,79,-26.5559,60,-29.2487,19,2.6929,27,53,-24.9484
2013,11,2013_11_DET_PIT,DET,PIT,0,72,-1.5617,47,4.5534,25,-6.1151,27,64,2.5487
2013,11,2013_11_DET_PIT,PIT,DET,1,69,12.5214,46,22.1085,23,-9.5871,25,69,12.5214
2013,11,2013_11_GB_NYG,GB,NYG,0,52,-8.1634,32,-2.0934,20,-6.07,21,38,-6.4924
2013,11,2013_11_GB_NYG,NYG,GB,1,63,3.0434,39,-0.3315,24,3.3749,27,53,5.5847
2013,11,2013_11_IND_TEN,IND,TEN,0,66,14.6002,37,4.8542,29,9.7459,35,66,14.6002
2013,11,2013_11_IND_TEN,TEN,IND,1,54,15.3781,30,10.2078,24,5.1703,31,50,9.1408
2013,11,2013_11_KC_DEN,DEN,KC,1,76,4.2967,40,13.1487,36,-8.852,27,58,4.2983
2013,11,2013_11_KC_DEN,KC,DEN,0,73,-7.6452,48,-4.8587,25,-2.7865,25,57,-8.7377
2013,11,2013_11_MIN_SEA,MIN,SEA,0,69,-16.7038,37,-14.5129,32,-2.1909,26,48,-9.9493
2013,11,2013_11_MIN_SEA,SEA,MIN,1,48,7.9042,21,11.0777,27,-3.1735,25,37,9.5005
2013,11,2013_11_NE_CAR,CAR,NE,1,54,15.0174,31,11.4248,23,3.5926,24,54,15.0174
2013,11,2013_11_NE_CAR,NE,CAR,0,67,8.575,42,10.3602,25,-1.7852,37,67,8.575
2013,11,2013_11_NYJ_BUF,BUF,NYJ,1,64,2.2678,29,9.0948,35,-6.827,21,36,4.3104
2013,11,2013_11_NYJ_BUF,NYJ,BUF,0,56,-19.9919,33,-22.5857,23,2.5937,15,30,-15.611
2013,11,2013_11_OAK_HOU,HOU,LV,1,71,-19.6757,50,-14.7688,21,-4.9069,27,71,-19.6757
2013,11,2013_11_OAK_HOU,LV,HOU,0,62,-0.44,34,-1.2015,28,0.7615,21,62,-0.44
2013,11,2013_11_SD_MIA,LAC,MIA,0,62,4.6067,36,0.7315,26,3.8752,30,62,4.6067
2013,11,2013_11_SD_MIA,MIA,LAC,1,58,4.9312,39,1.4543,19,3.4769,27,58,4.9312
2013,11,2013_11_SF_NO,NO,SF,1,66,1.2548,44,0.0382,22,1.2166,35,66,1.2548
2013,11,2013_11_SF_NO,SF,NO,0,56,-7.2873,34,-0.8547,22,-6.4326,15,56,-7.2873
2013,11,2013_11_WAS_PHI,PHI,WAS,1,61,9.8897,29,13.7112,32,-3.8215,31,38,16.2624
2013,11,2013_11_WAS_PHI,WAS,PHI,0,78,3.3434,40,-3.7543,38,7.0977,38,48,-7.0012
2013,12,2013_12_CAR_MIA,CAR,MIA,0,68,-0.2141,40,-6.0203,28,5.8062,27,68,-0.2141
2013,12,2013_12_CAR_MIA,MIA,CAR,1,61,-7.1968,44,-1.6472,17,-5.5497,21,61,-7.1968
2013,12,2013_12_CHI_STL,CHI,LA,0,74,-2.8379,48,7.5623,26,-10.4002,37,66,7.7746
2013,12,2013_12_CHI_STL,LA,CHI,1,51,18.726,25,5.1938,26,13.5322,23,49,18.2249
2013,12,2013_12_DAL_NYG,DAL,NYG,0,60,2.9232,42,-0.6161,18,3.5393,27,60,2.9232
2013,12,2013_12_DAL_NYG,NYG,DAL,1,63,-7.3062,32,-13.3943,31,6.0881,26,63,-7.3062
2013,12,2013_12_DEN_NE,DEN,NE,0,86,0.0557,38,-10.0542,48,10.11,42,81,0.7849
2013,12,2013_12_DEN_NE,NE,DEN,1,84,-10.8977,53,6.5149,31,-17.4125,39,74,-13.9161
2013,12,2013_12_IND_ARI,ARI,IND,1,71,14.3608,41,18.8804,30,-4.5197,27,29,13.4314
2013,12,2013_12_IND_ARI,IND,ARI,0,56,-17.0176,41,-12.8086,15,-4.209,20,21,-14.5331
2013,12,2013_12_JAX_HOU,HOU,JAX,1,56,-15.0993,35,-10.9666,21,-4.1327,21,56,-15.0993
2013,12,2013_12_JAX_HOU,JAX,HOU,0,64,0.3009,37,1.182,27,-0.8811,26,64,0.3009
2013,12,2013_12_MIN_GB,GB,MIN,1,89,5.0641,56,-1.0662,33,6.1303,33,81,4.4827
2013,12,2013_12_MIN_GB,MIN,GB,0,79,7.8282,36,1.1748,43,6.6534,37,71,6.193
2013,12,2013_12_NO_ATL,ATL,NO,1,66,2.615,44,2.4594,22,0.1556,33,66,2.615
2013,12,2013_12_NO_ATL,NO,ATL,0,57,11.6307,34,12.6404,23,-1.0097,26,55,13.9935
2013,12,2013_12_NYJ_BAL,BAL,NYJ,1,62,-9.3773,31,0.1,31,-9.4774,19,46,-3.3612
2013,12,2013_12_NYJ_BAL,NYJ,BAL,0,55,-18.1807,27,-9.6419,28,-8.5388,16,39,-12.0887
2013,12,2013_12_PIT_CLE,CLE,PIT,1,73,-22.1201,58,-19.7236,15,-2.3966,24,48,-15.2247
2013,12,2013_12_PIT_CLE,PIT,CLE,0,65,0.0639,33,9.8743,32,-9.8104,27,42,5.438
2013,12,2013_12_SD_KC,KC,LAC,1,58,12.2842,41,8.758,17,3.5262,27,58,12.2842
2013,12,2013_12_SD_KC,LAC,KC,0,67,26.836,40,25.5121,27,1.3238,32,67,26.836
2013,12,2013_12_SF_WAS,SF,WAS,0,56,1.9955,26,9.6163,30,-7.6208,21,40,2.3461
2013,12,2013_12_SF_WAS,WAS,SF,1,58,-21.7206,32,-16.5859,26,-5.1346,19,46,-13.2707
2013,12,2013_12_TB_DET,DET,TB,1,72,-12.6184,48,-11.9283,24,-0.6901,29,72,-12.6184
2013,12,2013_12_TB_DET,TB,DET,0,45,2.3612,25,9.6205,20,-7.2593,13,45,2.3612
2013,12,2013_12_TEN_OAK,LV,TEN,1,55,0.5745,32,2.0254,23,-1.4509,24,55,0.5745
2013,12,2013_12_TEN_OAK,TEN,LV,0,73,15.4388,44,18.0609,29,-2.622,29,73,15.4388
2013,13,2013_13_ARI_PHI,ARI,PHI,0,67,-3.0706,46,-5.3004,21,2.2298,29,67,-3.0706
2013,13,2013_13_ARI_PHI,PHI,ARI,1,70,-3.9498,39,3.2495,31,-7.1992,27,68,-3.0821
2013,13,2013_13_ATL_BUF,ATL,BUF,0,83,1.6903,53,3.9535,30,-2.2632,36,83,1.6903
2013,13,2013_13_ATL_BUF,BUF,ATL,1,63,4.8572,32,-3.5994,31,8.4566,26,63,4.8572
2013,13,2013_13_CHI_MIN,CHI,MIN,0,65,3.9735,40,6.5588,25,-2.5853,29,65,3.9735
2013,13,2013_13_CHI_MIN,MIN,CHI,1,86,1.2723,46,-6.3327,40,7.605,36,86,1.2723
2013,13,2013_13_CIN_SD,CIN,LAC,0,61,2.0153,23,3.8024,38,-1.7871,36,52,11.0366
2013,13,2013_13_CIN_SD,LAC,CIN,1,63,-2.5801,39,-2.6371,24,0.057,23,63,-2.5801
2013,13,2013_13_DEN_KC,DEN,KC,0,63,25.679,35,28.2379,28,-2.5589,28,62,25.8604
2013,13,2013_13_DEN_KC,KC,DEN,1,67,12.5252,42,4.9218,25,7.6034,31,64,10.0044
2013,13,2013_13_GB_DET,DET,GB,1,76,10.6627,35,3.5027,41,7.16,42,54,1.5999
2013,13,2013_13_GB_DET,GB,DET,0,42,-22.7853,27,-10.3377,15,-12.4476,9,31,-18.1387
2013,13,2013_13_JAX_CLE,CLE,JAX,1,73,2.238,43,2.3834,30,-0.1454,33,73,2.238
2013,13,2013_13_JAX_CLE,JAX,CLE,0,72,2.7614,43,0.9106,29,1.8508,33,72,2.7614
2013,13,2013_13_MIA_NYJ,MIA,NYJ,0,79,6.4194,44,12.7901,35,-6.3707,39,61,8.0137
2013,13,2013_13_MIA_NYJ,NYJ,MIA,1,54,-23.1197,32,-17.1335,22,-5.9862,17,36,-13.0581
2013,13,2013_13_NE_HOU,HOU,NE,1,58,10.0762,31,3.731,27,6.3452,29,57,10.0023
2013,13,2013_13_NE_HOU,NE,HOU,0,69,14.2383,42,15.734,27,-1.4957,35,69,14.2383
2013,13,2013_13_NO_SEA,NO,SEA,0,55,-17.1268,39,-15.4457,16,-1.6811,20,25,-6.8704
2013,13,2013_13_NO_SEA,SEA,NO,1,68,11.1938,31,19.4756,37,-8.2818,29,36,14.6844
2013,13,2013_13_NYG_WAS,NYG,WAS,0,52,1.9457,31,3.8277,21,-1.8821,24,52,1.9457
2013,13,2013_13_NYG_WAS,WAS,NYG,1,68,-4.8894,37,-4.6492,31,-0.2403,26,68,-4.8894
2013,13,2013_13_OAK_DAL,DAL,LV,1,63,10.5162,34,5.2119,29,5.3043,31,59,12.4309
2013,13,2013_13_OAK_DAL,LV,DAL,0,54,-2.0911,30,7.1737,24,-9.2648,23,48,-3.8069
2013,13,2013_13_PIT_BAL,BAL,PIT,1,59,4.2157,37,7.3322,22,-3.1165,20,59,4.2157
2013,13,2013_13_PIT_BAL,PIT,BAL,0,63,11.6714,45,13.7063,18,-2.0349,28,63,11.6714
2013,13,2013_13_STL_SF,LA,SF,0,67,-8.3728,41,-4.8238,26,-3.549,29,37,-9.9193
2013,13,2013_13_STL_SF,SF,LA,1,61,3.1796,32,13.0703,29,-9.8907,23,51,7.9676
2013,13,2013_13_TB_CAR,CAR,TB,1,63,4.5221,29,7.0576,34,-2.5356,26,38,10.7299
2013,13,2013_13_TB_CAR,TB,CAR,0,45,-12.1282,26,-9.2138,19,-2.9144,16,31,-6.4428
2013,13,2013_13_TEN_IND,IND,TEN,1,60,-6.8189,37,-9.444,23,2.6252,23,60,-6.8189
2013,13,2013_13_TEN_IND,TEN,IND,0,74,-9.2874,38,-12.0901,36,2.8027,33,74,-9.2874
2013,14,2013_14_ATL_GB,ATL,GB,0,59,0.1378,36,0.6735,23,-0.5357,26,59,0.1378
2013,14,2013_14_ATL_GB,GB,ATL,1,70,-6.238,38,-7.3549,32,1.1169,29,70,-6.238
2013,14,2013_14_BUF_TB,BUF,TB,0,61,-28.7959,40,-23.4267,21,-5.3692,18,43,-20.5811
2013,14,2013_14_BUF_TB,TB,BUF,1,62,-17.8143,26,-11.711,36,-6.1033,11,39,-3.1229
2013,14,2013_14_CAR_NO,CAR,NO,0,62,-1.1747,39,-7.0605,23,5.8858,21,37,-1.1855
2013,14,2013_14_CAR_NO,NO,CAR,1,59,12.6071,44,13.455,15,-0.8479,28,37,15.7194
2013,14,2013_14_CLE_NE,CLE,NE,0,70,17.0283,44,19.8673,26,-2.839,30,70,17.0283
2013,14,2013_14_CLE_NE,NE,CLE,1,77,7.0067,56,4.9273,21,2.0795,40,68,-0.8512
2013,14,2013_14_DAL_CHI,CHI,DAL,1,69,34.5307,38,32.0234,31,2.5074,39,47,23.6779
2013,14,2013_14_DAL_CHI,DAL,CHI,0,54,15.8963,27,2.5747,27,13.3216,31,30,7.0386
2013,14,2013_14_DET_PHI,DET,PHI,0,59,-17.4589,27,3.2984,32,-20.7573,18,55,-13.346
2013,14,2013_14_DET_PHI,PHI,DET,1,71,7.0683,25,-1.5105,46,8.5788,30,61,2.5326
2013,14,2013_14_HOU_JAX,HOU,JAX,0,80,2.561,61,3.4014,19,-0.8403,32,79,2.595
2013,14,2013_14_HOU_JAX,JAX,HOU,1,57,4.1276,29,2.7825,28,1.3451,20,53,5.4464
2013,14,2013_14_IND_CIN,CIN,IND,1,67,24.0792,35,16.4112,32,7.668,34,51,16.9786
2013,14,2013_14_IND_CIN,IND,CIN,0,58,13.0543,46,13.6094,12,-0.5551,26,34,-3.7338
2013,14,2013_14_KC_WAS,KC,WAS,0,58,9.4848,23,4.8924,35,4.5924,25,20,11.0625
2013,14,2013_14_KC_WAS,WAS,KC,1,64,-24.8834,47,-19.1641,17,-5.7192,18,15,-8.6657
2013,14,2013_14_MIA_PIT,MIA,PIT,0,60,8.0696,35,3.8104,25,4.2592,26,60,8.0696
2013,14,2013_14_MIA_PIT,PIT,MIA,1,63,0.4511,42,4.4827,21,-4.0316,28,61,0.375
2013,14,2013_14_MIN_BAL,BAL,MIN,1,79,-11.5873,52,-6.1918,27,-5.3955,33,79,-11.5873
2013,14,2013_14_MIN_BAL,MIN,BAL,0,64,2.4014,39,8.0612,25,-5.6598,18,64,2.4014
2013,14,2013_14_NYG_SD,LAC,NYG,1,70,12.6175,30,14.8702,40,-2.2527,29,36,11.5662
2013,14,2013_14_NYG_SD,NYG,LAC,0,54,-6.7476,34,-6.7754,20,0.0278,26,22,-9.9341
2013,14,2013_14_OAK_NYJ,LV,NYJ,0,65,10.7476,39,7.8865,26,2.8611,25,47,8.5142
2013,14,2013_14_OAK_NYJ,NYJ,LV,1,58,7.8041,26,4.9153,32,2.8888,26,54,6.4358
2013,14,2013_14_SEA_SF,SEA,SF,0,50,4.1417,27,5.608,23,-1.4663,21,50,4.1417
2013,14,2013_14_SEA_SF,SF,SEA,1,63,-3.163,31,-1.1304,32,-2.0326,26,63,-3.163
2013,14,2013_14_STL_ARI,ARI,LA,1,64,6.7761,33,8.1289,31,-1.3528,28,30,10.6484
2013,14,2013_14_STL_ARI,LA,ARI,0,50,-15.0986,31,-14.8157,19,-0.2829,15,30,-8.9003
2013,14,2013_14_TEN_DEN,DEN,TEN,1,87,31.0194,58,21.8987,29,9.1208,46,77,26.6222
2013,14,2013_14_TEN_DEN,TEN,DEN,0,48,0.3149,26,-2.6398,22,2.9547,17,39,7.2659
2013,15,2013_15_ARI_TEN,ARI,TEN,0,67,12.5341,32,12.5889,35,-0.0548,30,64,13.7707
2013,15,2013_15_ARI_TEN,TEN,ARI,1,77,10.1191,58,9.3697,19,0.7494,40,61,1.9172
2013,15,2013_15_BAL_DET,BAL,DET,0,60,-7.4269,39,-1.9881,21,-5.4388,18,59,-5.9447
2013,15,2013_15_BAL_DET,DET,BAL,1,64,-3.642,36,-4.3153,28,0.6733,24,64,-3.642
2013,15,2013_15_BUF_JAX,BUF,JAX,0,70,2.303,28,-2.0511,42,4.3541,32,70,2.303
2013,15,2013_15_BUF_JAX,JAX,BUF,1,72,-14.1163,41,-10.8154,31,-3.3009,29,71,-11.6388
2013,15,2013_15_CHI_CLE,CHI,CLE,0,62,5.4162,33,0.4088,29,5.0074,30,61,0.2296
2013,15,2013_15_CHI_CLE,CLE,CHI,1,56,-2.0905,39,-5.0446,17,2.9541,26,51,-8.3143
2013,15,2013_15_CIN_PIT,CIN,PIT,0,68,-3.1038,46,2.1398,22,-5.2436,28,22,-12.175
2013,15,2013_15_CIN_PIT,PIT,CIN,1,62,2.7993,26,11.1266,36,-8.3272,25,27,8.5493
2013,15,2013_15_GB_DAL,DAL,GB,1,69,5.7089,51,1.0746,18,4.6343,37,64,7.7322
2013,15,2013_15_GB_DAL,GB,DAL,0,66,13.1352,42,7.406,24,5.7293,32,49,-0.4089
2013,15,2013_15_HOU_IND,HOU,IND,0,63,-23.1479,38,-23.7765,25,0.6285,19,37,-12.2881
2013,15,2013_15_HOU_IND,IND,HOU,1,68,-11.6509,33,-4.3014,35,-7.3495,24,36,2.3256
2013,15,2013_15_KC_OAK,KC,LV,0,50,21.2963,27,20.8155,23,0.4808,24,33,18.7136
2013,15,2013_15_KC_OAK,LV,KC,1,74,-9.8432,41,-6.8954,33,-2.9478,25,49,-2.3409
2013,15,2013_15_NE_MIA,MIA,NE,1,63,9.1847,41,13.899,22,-4.7143,29,63,9.1847
2013,15,2013_15_NE_MIA,NE,MIA,0,77,13.7384,55,12.3081,22,1.4302,40,77,13.7384
2013,15,2013_15_NO_STL,LA,NO,1,52,8.7093,20,8.3552,32,0.3541,22,31,12.9071
2013,15,2013_15_NO_STL,NO,LA,0,81,6.5421,60,5.2816,21,1.2604,41,41,-1.2722
2013,15,2013_15_NYJ_CAR,CAR,NYJ,1,60,11.5115,26,10.7007,34,0.8108,26,54,10.6312
2013,15,2013_15_NYJ_CAR,NYJ,CAR,0,60,0.556,32,-3.145,28,3.7009,23,48,-6.0822
2013,15,2013_15_PHI_MIN,MIN,PHI,1,73,12.6227,38,13.1218,35,-0.4991,37,55,12.0356
2013,15,2013_15_PHI_MIN,PHI,MIN,0,67,7.1771,54,9.4776,13,-2.3006,34,46,-4.517
2013,15,2013_15_SD_DEN,DEN,LAC,1,53,4.4747,42,8.7986,11,-4.3239,26,43,2.7992
2013,15,2013_15_SD_DEN,LAC,DEN,0,64,12.2341,22,13.9731,42,-1.739,26,61,14.2491
2013,15,2013_15_SEA_NYG,NYG,SEA,1,53,-25.657,39,-20.1299,14,-5.5271,18,32,-17.34
2013,15,2013_15_SEA_NYG,SEA,NYG,0,67,2.0335,33,1.7373,34,0.2962,30,42,6.2066
2013,15,2013_15_SF_TB,SF,TB,0,68,10.9978,31,7.0638,37,3.9339,32,65,12.1002
2013,15,2013_15_SF_TB,TB,SF,1,50,-10.6991,38,-8.139,12,-2.5601,19,42,-2.8805
2013,15,2013_15_WAS_ATL,ATL,WAS,1,61,-14.2963,41,-8.4496,20,-5.8467,23,61,-14.2963
2013,15,2013_15_WAS_ATL,WAS,ATL,0,67,-7.7637,46,3.5949,21,-11.3587,31,67,-7.7637
2013,16,2013_16_ARI_SEA,ARI,SEA,0,67,-13.5328,27,-9.7465,40,-3.7863,19,66,-13.1327
2013,16,2013_16_ARI_SEA,SEA,ARI,1,51,-15.8176,31,-12.9876,20,-2.8299,14,51,-15.8176
2013,16,2013_16_ATL_SF,ATL,SF,0,69,2.3653,49,5.3727,20,-3.0074,36,61,1.0004
2013,16,2013_16_ATL_SF,SF,ATL,1,54,14.0709,24,5.7245,30,8.3464,29,54,14.0709
2013,16,2013_16_CHI_PHI,CHI,PHI,0,62,-9.7158,43,-5.5232,19,-4.1926,22,20,-8.3421
2013,16,2013_16_CHI_PHI,PHI,CHI,1,61,27.5935,27,9.9126,34,17.6809,38,24,13.2913
2013,16,2013_16_CLE_NYJ,CLE,NYJ,0,64,-7.9313,43,-14.4121,21,6.4808,27,57,-5.4555
2013,16,2013_16_CLE_NYJ,NYJ,CLE,1,73,13.9216,37,10.7569,36,3.1647,35,73,13.9216
2013,16,2013_16_DAL_WAS,DAL,WAS,0,51,7.2117,29,8.8811,22,-1.6693,21,51,7.2117
2013,16,2013_16_DAL_WAS,WAS,DAL,1,64,0.6418,36,1.4402,28,-0.7984,26,64,0.6418
2013,16,2013_16_DEN_HOU,DEN,HOU,0,70,16.2726,52,15.0205,18,1.2521,33,60,11.7761
2013,16,2013_16_DEN_HOU,HOU,DEN,1,66,-16.1048,40,-13.4535,26,-2.6513,20,57,-12.0278
2013,16,2013_16_IND_KC,IND,KC,0,69,10.5139,38,11.1902,31,-0.6763,29,48,12.9716
2013,16,2013_16_IND_KC,KC,IND,1,52,-13.5233,32,-15.7035,20,2.1802,24,38,-10.0073
2013,16,2013_16_MIA_BUF,BUF,MIA,1,73,-1.0658,26,0.1106,47,-1.1764,33,61,2.8531
2013,16,2013_16_MIA_BUF,MIA,BUF,0,52,-26.4461,40,-21.9015,12,-4.5446,9,39,-21.6241
2013,16,2013_16_MIN_CIN,CIN,MIN,1,75,11.8595,40,18.3055,35,-6.446,31,36,3.666
2013,16,2013_16_MIN_CIN,MIN,CIN,0,48,-24.5725,31,-30.6057,17,6.0331,16,28,-21.1197
2013,16,2013_16_NE_BAL,BAL,NE,1,73,-29.1616,46,-19.3685,27,-9.7932,28,40,-15.3299
2013,16,2013_16_NE_BAL,NE,BAL,0,62,4.3819,28,1.6703,34,2.7116,27,41,3.1106
2013,16,2013_16_NO_CAR,CAR,NO,1,42,-4.8801,25,-5.7743,17,0.8942,12,42,-4.8801
2013,16,2013_16_NO_CAR,NO,CAR,0,81,-9.3949,51,-7.7217,30,-1.6732,34,81,-9.3949
2013,16,2013_16_NYG_DET,DET,NYG,1,80,-9.788,45,-5.4623,35,-4.3256,34,80,-9.788
2013,16,2013_16_NYG_DET,NYG,DET,0,65,-6.6301,44,7.7185,21,-14.3486,23,65,-6.6301
2013,16,2013_16_OAK_SD,LAC,LV,1,67,1.6891,30,4.2252,37,-2.5361,28,60,1.8742
2013,16,2013_16_OAK_SD,LV,LAC,0,54,-4.3223,37,-4.9376,17,0.6153,21,40,-5.3443
2013,16,2013_16_PIT_GB,GB,PIT,1,72,-4.1383,42,-8.7461,30,4.6079,33,72,-4.1383
2013,16,2013_16_PIT_GB,PIT,GB,0,59,4.1843,30,2.7057,29,1.4786,29,59,4.1843
2013,16,2013_16_TB_STL,LA,TB,1,60,-9.3665,21,4.4235,39,-13.79,24,55,-5.8899
2013,16,2013_16_TB_STL,TB,LA,0,56,-15.4943,33,-8.0195,23,-7.4748,19,48,-11.3166
2013,16,2013_16_TEN_JAX,JAX,TEN,1,57,-3.5972,36,2.1187,21,-5.716,26,57,-3.5972
2013,16,2013_16_TEN_JAX,TEN,JAX,0,71,6.1552,29,-0.4987,42,6.6539,29,71,6.1552
2013,17,2013_17_BAL_CIN,BAL,CIN,0,67,-20.42,52,-19.7753,15,-0.6447,26,54,-19.6497
2013,17,2013_17_BAL_CIN,CIN,BAL,1,64,-2.5293,36,-1.7767,28,-0.7526,31,58,5.1497
2013,17,2013_17_BUF_NE,BUF,NE,0,68,1.1026,33,4.0301,35,-2.9275,24,62,5.752
2013,17,2013_17_BUF_NE,NE,BUF,1,66,10.0255,26,-3.621,40,13.6464,33,62,8.3373
2013,17,2013_17_CAR_ATL,ATL,CAR,1,68,-4.8116,49,-3.8028,19,-1.0088,27,68,-4.8116
2013,17,2013_17_CAR_ATL,CAR,ATL,0,57,-2.9702,28,-4.4848,29,1.5147,21,57,-2.9702
2013,17,2013_17_CLE_PIT,CLE,PIT,0,64,-12.1535,44,-9.5835,20,-2.57,23,37,-12.4695
2013,17,2013_17_CLE_PIT,PIT,CLE,1,59,-2.0001,32,-1.4226,27,-0.5775,27,40,4.6594
2013,17,2013_17_DEN_OAK,DEN,LV,0,72,21.8071,44,20.7561,28,1.0511,42,32,17.3534
2013,17,2013_17_DEN_OAK,LV,DEN,1,59,-9.3739,40,2.1217,19,-11.4956,22,19,-10.8289
2013,17,2013_17_DET_MIN,DET,MIN,0,60,-8.0523,38,-4.9293,22,-3.123,23,60,-8.0523
2013,17,2013_17_DET_MIN,MIN,DET,1,53,-6.0436,36,-8.4745,17,2.4309,25,53,-6.0436
2013,17,2013_17_GB_CHI,CHI,GB,1,49,10.6768,25,6.6751,24,4.0017,21,49,10.6768
2013,17,2013_17_GB_CHI,GB,CHI,0,77,18.5689,43,15.3616,34,3.2073,39,77,18.5689
2013,17,2013_17_HOU_TEN,HOU,TEN,0,57,-9.1486,35,-4.0727,22,-5.076,22,57,-9.1486
2013,17,2013_17_HOU_TEN,TEN,HOU,1,59,-1.9618,25,0.6843,34,-2.6462,21,54,2.4647
2013,17,2013_17_JAX_IND,IND,JAX,1,69,8.3412,42,10.511,27,-2.1698,31,46,8.4823
2013,17,2013_17_JAX_IND,JAX,IND,0,70,-12.3422,54,-5.1105,16,-7.2318,26,32,-12.1916
2013,17,2013_17_KC_SD,KC,LAC,0,69,5.5375,32,3.7434,37,1.7941,29,69,5.5375
2013,17,2013_17_KC_SD,LAC,KC,1,72,8.0446,36,4.9078,36,3.1368,30,72,8.0446
2013,17,2013_17_NYJ_MIA,MIA,NYJ,1,60,-9.7504,39,-5.1257,21,-4.6248,21,54,-9.1356
2013,17,2013_17_NYJ_MIA,NYJ,MIA,0,67,8.875,28,8.0028,39,0.8722,26,64,10.726
2013,17,2013_17_PHI_DAL,DAL,PHI,1,65,-6.8346,47,-0.0993,18,-6.7352,29,65,-6.8346
2013,17,2013_17_PHI_DAL,PHI,DAL,0,63,3.3541,32,4.3328,31,-0.9787,30,63,3.3541
2013,17,2013_17_SF_ARI,ARI,SF,1,70,1.9888,49,7.344,21,-5.3551,29,70,1.9888
2013,17,2013_17_SF_ARI,SF,ARI,0,59,-0.9405,36,11.4199,23,-12.3604,24,59,-0.9405
2013,17,2013_17_STL_SEA,LA,SEA,0,50,-16.5804,33,-10.7541,17,-5.8263,18,30,-18.4296
2013,17,2013_17_STL_SEA,SEA,LA,1,60,2.188,27,1.5649,33,0.6231,27,49,-0.9246
2013,17,2013_17_TB_NO,NO,TB,1,60,23.0922,32,25.1713,28,-2.0791,27,44,28.5918
2013,17,2013_17_TB_NO,TB,NO,0,62,-7.5939,44,-3.0512,18,-4.5427,24,45,12.2915
2013,17,2013_17_WAS_NYG,NYG,WAS,1,67,-17.5527,33,-9.352,34,-8.2008,21,54,-15.6121
2013,17,2013_17_WAS_NYG,WAS,NYG,0,75,-32.9568,52,-22.4877,23,-10.4692,20,55,-29.8498
2014,1,2014_01_BUF_CHI,BUF,CHI,0,54,4.6837,23,0.3686,31,4.3151,24,54,4.6837
2014,1,2014_01_BUF_CHI,CHI,BUF,1,69,-6.8114,51,-6.7555,18,-0.0559,38,69,-6.8114
2014,1,2014_01_CAR_TB,CAR,TB,0,67,2.1756,34,8.4232,33,-6.2476,28,53,5.2622
2014,1,2014_01_CAR_TB,TB,CAR,1,55,-9.4123,38,-10.4377,17,1.0254,22,43,-13.0925
2014,1,2014_01_CIN_BAL,BAL,CIN,1,86,-4.9645,65,-4.8714,21,-0.0932,37,86,-4.9645
2014,1,2014_01_CIN_BAL,CIN,BAL,0,63,6.3639,39,11.2524,24,-4.8885,27,63,6.3639
2014,1,2014_01_CLE_PIT,CLE,PIT,0,64,11.6058,33,4.2878,31,7.3181,28,57,5.1309
2014,1,2014_01_CLE_PIT,PIT,CLE,1,64,10.5807,35,12.8414,29,-2.2607,31,54,9.4508
2014,1,2014_01_GB_SEA,GB,SEA,0,58,-4.663,37,-5.0431,21,0.3801,25,44,-10.8028
2014,1,2014_01_GB_SEA,SEA,GB,1,63,13.0607,29,5.6057,34,7.455,30,48,6.3526
2014,1,2014_01_IND_DEN,DEN,IND,1,65,13.8071,37,13.1392,28,0.6678,30,44,7.5468
2014,1,2014_01_IND_DEN,IND,DEN,0,70,3.6419,56,6.4309,14,-2.789,35,45,-14.0113
2014,1,2014_01_JAX_PHI,JAX,PHI,0,70,-18.5244,46,-11.9517,24,-6.5727,23,63,-10.8317
2014,1,2014_01_JAX_PHI,PHI,JAX,1,81,-11.6022,49,-10.9016,32,-0.7006,28,78,-10.0309
2014,1,2014_01_MIN_STL,LA,MIN,1,62,-19.5998,41,-18.0943,21,-1.5055,24,38,-10.1564
2014,1,2014_01_MIN_STL,MIN,LA,0,54,5.632,25,7.5308,29,-1.8988,21,42,6.1165
2014,1,2014_01_NE_MIA,MIA,NE,1,69,-2.175,33,-5.4837,36,3.3087,37,66,-0.2178
2014,1,2014_01_NE_MIA,NE,MIA,0,80,-9.152,60,-12.6573,20,3.5053,25,61,-2.6048
2014,1,2014_01_NO_ATL,ATL,NO,1,68,19.8134,43,17.254,25,2.5594,36,68,19.8134
2014,1,2014_01_NO_ATL,NO,ATL,0,70,13.4668,42,9.2026,28,4.2643,38,70,13.4668
2014,1,2014_01_NYG_DET,DET,NYG,1,61,17.7242,34,20.9162,27,-3.192,26,40,7.7767
2014,1,2014_01_NYG_DET,NYG,DET,0,57,-18.2292,35,-11.2475,22,-6.9818,17,38,-22.5049
2014,1,2014_01_OAK_NYJ,LV,NYJ,0,48,-11.594,34,-6.0541,14,-5.5399,14,38,-14.4188
2014,1,2014_01_OAK_NYJ,NYJ,LV,1,64,-0.6613,32,-2.2969,32,1.6356,29,60,1.6807
2014,1,2014_01_SD_ARI,ARI,LAC,1,66,-1.5989,40,6.0984,26,-7.6973,28,66,-1.5989
2014,1,2014_01_SD_ARI,LAC,ARI,0,60,-8.0056,36,0.7994,24,-8.8051,24,60,-8.0056
2014,1,2014_01_SF_DAL,DAL,SF,1,63,-7.591,40,-5.7032,23,-1.8877,35,32,-15.635
2014,1,2014_01_SF_DAL,SF,DAL,0,52,8.8275,24,12.314,28,-3.4865,24,20,9.0107
2014,1,2014_01_TEN_KC,KC,TEN,1,56,-10.954,39,-7.9787,17,-2.9752,19,38,-10.018
2014,1,2014_01_TEN_KC,TEN,KC,0,73,10.529,37,13.6191,36,-3.0902,33,48,9.1107
2014,1,2014_01_WAS_HOU,HOU,WAS,1,54,0.4836,22,9.6126,32,-9.129,25,45,0.3359
2014,1,2014_01_WAS_HOU,WAS,HOU,0,63,-8.4512,40,-5.1623,23,-3.2889,27,57,-7.8662
2014,2,2014_02_ARI_NYG,ARI,NYG,0,60,-3.8467,33,-3.912,27,0.0653,20,55,-1.6897
2014,2,2014_02_ARI_NYG,NYG,ARI,1,68,-5.8357,41,1.851,27,-7.6867,25,63,-1.8205
2014,2,2014_02_ATL_CIN,ATL,CIN,0,65,-11.6008,46,-15.4581,19,3.8573,25,30,-12.5973
2014,2,2014_02_ATL_CIN,CIN,ATL,1,68,13.9887,24,13.0149,44,0.9738,30,50,16.373
2014,2,2014_02_CHI_SF,CHI,SF,0,50,-0.2884,35,4.4751,15,-4.7635,20,50,-0.2884
2014,2,2014_02_CHI_SF,SF,CHI,1,65,-9.3454,38,-4.4505,27,-4.8949,28,65,-9.3454
2014,2,2014_02_DAL_TEN,DAL,TEN,0,76,6.167,33,6.4792,43,-0.3122,37,55,5.1677
2014,2,2014_02_DAL_TEN,TEN,DAL,1,49,-7.4868,36,-9.9792,13,2.4924,21,41,-6.3431
2014,2,2014_02_DET_CAR,CAR,DET,1,62,-0.9212,39,5.8079,23,-6.7291,26,55,1.4905
2014,2,2014_02_DET_CAR,DET,CAR,0,70,-5.5324,52,-1.1449,18,-4.3875,28,54,-2.7141
2014,2,2014_02_HOU_OAK,HOU,LV,0,64,14.011,19,12.2409,45,1.7701,25,41,13.4781
2014,2,2014_02_HOU_OAK,LV,HOU,1,59,-13.3496,42,-16.752,17,3.4024,24,31,-15.686
2014,2,2014_02_JAX_WAS,JAX,WAS,0,48,-21.4547,38,-18.3588,10,-3.096,10,31,-13.3925
2014,2,2014_02_JAX_WAS,WAS,JAX,1,80,16.012,39,14.1964,41,1.8156,37,49,14.2819
2014,2,2014_02_KC_DEN,DEN,KC,1,45,13.5628,27,11.9486,18,1.6142,24,45,13.5628
2014,2,2014_02_KC_DEN,KC,DEN,0,75,7.2733,44,11.2184,31,-3.9451,28,75,7.2733
2014,2,2014_02_MIA_BUF,BUF,MIA,1,58,-3.6084,26,7.423,32,-11.0314,17,42,2.6217
2014,2,2014_02_MIA_BUF,MIA,BUF,0,74,-13.1343,53,-7.4849,21,-5.6493,34,51,-5.8172
2014,2,2014_02_NE_MIN,MIN,NE,1,60,-23.2304,42,-20.7062,18,-2.5242,21,43,-9.0272
2014,2,2014_02_NE_MIN,NE,MIN,0,59,-0.7424,22,3.0878,37,-3.8302,28,36,4.1155
2014,2,2014_02_NO_CLE,CLE,NO,1,73,1.2881,42,0.5927,31,0.6955,30,73,1.2881
2014,2,2014_02_NO_CLE,NO,CLE,0,68,6.0831,41,-1.5609,27,7.644,37,68,6.0831
2014,2,2014_02_NYJ_GB,GB,NYJ,1,66,1.6243,46,9.6201,20,-7.9958,30,65,0.6587
2014,2,2014_02_NYJ_GB,NYJ,GB,0,70,2.1465,34,0.207,36,1.9395,29,70,2.1465
2014,2,2014_02_PHI_IND,IND,PHI,1,71,-2.2412,34,4.7308,37,-6.972,33,71,-2.2412
2014,2,2014_02_PHI_IND,PHI,IND,0,64,14.2161,37,12.0969,27,2.1192,28,64,14.2161
2014,2,2014_02_PIT_BAL,BAL,PIT,1,63,9.0342,29,8.0923,34,0.9418,26,50,7.4679
2014,2,2014_02_PIT_BAL,PIT,BAL,0,57,-12.5476,39,-13.2375,18,0.6899,26,42,-9.0484
2014,2,2014_02_SEA_SD,LAC,SEA,1,75,12.4204,38,16.9039,37,-4.4835,36,72,15.0905
2014,2,2014_02_SEA_SD,SEA,LAC,0,40,8.0691,27,3.004,13,5.0652,21,38,8.1504
2014,2,2014_02_STL_TB,LA,TB,0,60,6.5768,31,12.5998,29,-6.023,33,60,6.5768
2014,2,2014_02_STL_TB,TB,LA,1,51,3.8353,21,2.5627,30,1.2726,26,51,3.8353
2014,3,2014_03_BAL_CLE,BAL,CLE,0,62,3.6074,30,2.4374,32,1.17,30,62,3.6074
2014,3,2014_03_BAL_CLE,CLE,BAL,1,55,14.208,25,18.9572,30,-4.7492,26,55,14.208
2014,3,2014_03_CHI_NYJ,CHI,NYJ,0,60,-2.6744,42,-1.0811,18,-1.5933,26,60,-2.6744
2014,3,2014_03_CHI_NYJ,NYJ,CHI,1,72,-7.5883,46,-7.3217,26,-0.2666,28,71,-9.6067
2014,3,2014_03_DAL_STL,DAL,LA,0,50,1.2188,23,4.4291,27,-3.2103,21,50,1.2188
2014,3,2014_03_DAL_STL,LA,DAL,1,71,3.6893,42,10.0136,29,-6.3243,36,71,3.6893
2014,3,2014_03_DEN_SEA,DEN,SEA,0,69,-8.6609,50,4.7177,19,-13.3785,30,67,-10.3189
2014,3,2014_03_DEN_SEA,SEA,DEN,1,74,1.2171,38,-0.0568,36,1.2739,35,62,11.9047
2014,3,2014_03_GB_DET,DET,GB,1,71,-2.8378,36,-0.2708,35,-2.5669,32,62,-3.1829
2014,3,2014_03_GB_DET,GB,DET,0,51,-14.9604,29,-3.2192,22,-11.7412,22,48,-18.0755
2014,3,2014_03_HOU_NYG,HOU,NYG,0,61,-7.9329,36,-4.561,25,-3.3719,22,45,-11.7842
2014,3,2014_03_HOU_NYG,NYG,HOU,1,70,-0.8666,29,0.9593,41,-1.8259,36,55,5.3953
2014,3,2014_03_IND_JAX,IND,JAX,0,73,25.8598,45,28.6326,28,-2.7727,38,36,16.222
2014,3,2014_03_IND_JAX,JAX,IND,1,55,-6.9098,35,-6.044,20,-0.8659,22,15,-7.6798
2014,3,2014_03_KC_MIA,KC,MIA,0,72,5.5188,31,6.1004,41,-0.5816,30,63,7.009
2014,3,2014_03_KC_MIA,MIA,KC,1,67,-15.0093,47,-13.6893,20,-1.32,27,55,-8.6181
2014,3,2014_03_MIN_NO,MIN,NO,0,52,0.2292,32,1.9085,20,-1.6794,21,51,-0.9598
2014,3,2014_03_MIN_NO,NO,MIN,1,66,12.6832,36,20.0993,30,-7.4161,33,54,10.4904
2014,3,2014_03_OAK_NE,LV,NE,0,56,-6.0262,34,-0.3547,22,-5.6716,20,56,-6.0262
2014,3,2014_03_OAK_NE,NE,LV,1,68,1.7273,39,6.4094,29,-4.6821,30,67,1.4588
2014,3,2014_03_PIT_CAR,CAR,PIT,1,55,3.7846,45,4.9694,10,-1.1849,25,40,-4.4283
2014,3,2014_03_PIT_CAR,PIT,CAR,0,62,18.5749,30,4.8133,32,13.7617,28,50,8.6335
2014,3,2014_03_SD_BUF,BUF,LAC,1,65,-9.2977,43,-5.9424,22,-3.3553,30,50,-6.5879
2014,3,2014_03_SD_BUF,LAC,BUF,0,63,6.0569,27,11.0664,36,-5.0095,25,56,10.6303
2014,3,2014_03_SF_ARI,ARI,SF,1,58,10.3722,34,10.5241,24,-0.1519,22,57,8.1692
2014,3,2014_03_SF_ARI,SF,ARI,0,61,8.3555,38,10.0515,23,-1.6961,31,59,8.3448
2014,3,2014_03_TB_ATL,ATL,TB,1,65,7.9223,29,20.463,36,-12.5407,30,22,12.972
2014,3,2014_03_TB_ATL,TB,ATL,0,57,-28.9622,39,-16.8972,18,-12.065,18,8,-13.7671
2014,3,2014_03_TEN_CIN,CIN,TEN,1,56,0.3333,26,-3.2596,30,3.5928,29,22,2.2756
2014,3,2014_03_TEN_CIN,TEN,CIN,0,63,-7.83,36,-13.5332,27,5.7031,26,43,-7.5194
2014,3,2014_03_WAS_PHI,PHI,WAS,1,64,2.4562,41,13.5957,23,-11.1395,20,64,2.4562
2014,3,2014_03_WAS_PHI,WAS,PHI,0,75,15.4841,48,17.0882,27,-1.6042,38,75,15.4841
2014,4,2014_04_ATL_MIN,ATL,MIN,0,63,12.229,41,7.6765,22,4.5526,32,58,16.2348
2014,4,2014_04_ATL_MIN,MIN,ATL,1,75,21.5084,31,14.2372,44,7.2712,34,69,22.3172
2014,4,2014_04_BUF_HOU,BUF,HOU,0,68,-18.7191,45,-16.9021,23,-1.817,25,68,-18.7191
2014,4,2014_04_BUF_HOU,HOU,BUF,1,61,-17.4877,40,-10.8805,21,-6.6072,23,59,-15.3586
2014,4,2014_04_CAR_BAL,BAL,CAR,1,60,23.936,30,26.0868,30,-2.1509,30,40,19.5618
2014,4,2014_04_CAR_BAL,CAR,BAL,0,62,1.8209,36,14.9085,26,-13.0876,20,35,4.935
2014,4,2014_04_DET_NYJ,DET,NYJ,0,62,7.6024,38,9.4707,24,-1.8682,30,54,11.5354
2014,4,2014_04_DET_NYJ,NYJ,DET,1,62,-5.7834,35,-4.6037,27,-1.1797,28,58,-8.0378
2014,4,2014_04_GB_CHI,CHI,GB,1,77,-0.2302,36,-6.5825,41,6.3523,43,57,3.2153
2014,4,2014_04_GB_CHI,GB,CHI,0,47,26.4387,29,24.7158,18,1.7229,26,37,25.7747
2014,4,2014_04_JAX_SD,JAX,LAC,0,65,-11.4632,40,-2.9227,25,-8.5405,30,43,-3.3513
2014,4,2014_04_JAX_SD,LAC,JAX,1,61,14.3514,41,20.973,20,-6.6215,28,41,16.8162
2014,4,2014_04_MIA_OAK,LV,MIA,1,64,-25.2042,46,-11.8014,18,-13.4028,28,33,-8.0157
2014,4,2014_04_MIA_OAK,MIA,LV,0,66,4.7547,31,12.8203,35,-8.0657,30,38,27.3165
2014,4,2014_04_NE_KC,KC,NE,1,64,13.5155,28,13.8126,36,-0.2971,32,38,13.4073
2014,4,2014_04_NE_KC,NE,KC,0,49,-12.1119,33,-9.9811,16,-2.1309,22,26,-11.1167
2014,4,2014_04_NO_DAL,DAL,NO,1,62,20.0428,30,14.3629,32,5.6799,33,37,15.1427
2014,4,2014_04_NO_DAL,NO,DAL,0,59,2.8729,46,-0.014,13,2.8869,26,22,-4.7675
2014,4,2014_04_NYG_WAS,NYG,WAS,0,78,16.946,40,15.4908,38,1.4552,37,53,13.2384
2014,4,2014_04_NYG_WAS,WAS,NYG,1,52,-18.6963,35,-18.7913,17,0.095,16,38,-5.8021
2014,4,2014_04_PHI_SF,PHI,SF,0,56,-17.7797,44,-14.2837,12,-3.496,19,56,-17.7797
2014,4,2014_04_PHI_SF,SF,PHI,1,74,-2.5842,34,-6.2273,40,3.6431,30,74,-2.5842
2014,4,2014_04_TB_PIT,PIT,TB,1,72,9.0215,45,12.671,27,-3.6495,33,71,9.5316
2014,4,2014_04_TB_PIT,TB,PIT,0,62,7.456,43,5.6911,19,1.7649,26,62,7.456
2014,4,2014_04_TEN_IND,IND,TEN,1,78,18.4263,41,24.6079,37,-6.1816,38,54,12.5789
2014,4,2014_04_TEN_IND,TEN,IND,0,47,-7.1294,31,-9.7151,16,2.5857,20,31,-7.34
2014,5,2014_05_ARI_DEN,ARI,DEN,0,56,-11.8289,37,-4.6135,19,-7.2153,11,50,-6.9069
2014,5,2014_05_ARI_DEN,DEN,ARI,1,74,13.7115,48,14.9795,26,-1.268,33,64,8.711
2014,5,2014_05_ATL_NYG,ATL,NYG,0,66,-0.9254,45,2.0462,21,-2.9716,28,59,-1.4611
2014,5,2014_05_ATL_NYG,NYG,ATL,1,63,8.0923,31,7.4061,32,0.6861,28,60,10.104
2014,5,2014_05_BAL_IND,BAL,IND,0,56,-19.2603,41,-19.8284,15,0.5682,22,51,-22.5229
2014,5,2014_05_BAL_IND,IND,BAL,1,79,-7.5862,50,1.9939,29,-9.5801,34,75,-3.719
2014,5,2014_05_BUF_DET,BUF,DET,0,68,-9.3783,45,0.2333,23,-9.6116,26,68,-9.3783
2014,5,2014_05_BUF_DET,DET,BUF,1,56,-12.7261,37,-10.8503,19,-1.8757,21,56,-12.7261
2014,5,2014_05_CHI_CAR,CAR,CHI,1,61,-7.6079,37,-7.0651,24,-0.5428,24,61,-7.6079
2014,5,2014_05_CHI_CAR,CHI,CAR,0,61,-4.8051,40,1.6942,21,-6.4994,24,60,-1.6972
2014,5,2014_05_CIN_NE,CIN,NE,0,48,-5.8309,30,-3.522,18,-2.3089,21,29,-6.0025
2014,5,2014_05_CIN_NE,NE,CIN,1,79,12.8087,36,7.8203,43,4.9885,37,55,12.6883
2014,5,2014_05_CLE_TEN,CLE,TEN,0,74,12.1053,38,6.2706,36,5.8347,38,62,3.3948
2014,5,2014_05_CLE_TEN,TEN,CLE,1,64,8.1261,35,8.6316,29,-0.5055,24,58,10.9939
2014,5,2014_05_HOU_DAL,DAL,HOU,1,75,6.5174,42,10.8087,33,-4.2913,39,74,7.7706
2014,5,2014_05_HOU_DAL,HOU,DAL,0,55,0.8862,25,-4.7071,30,5.5933,22,55,0.8862
2014,5,2014_05_KC_SF,KC,SF,0,50,7.6349,30,4.5812,20,3.0537,22,50,7.6349
2014,5,2014_05_KC_SF,SF,KC,1,67,3.9004,30,2.3144,37,1.5861,31,67,3.9004
2014,5,2014_05_MIN_GB,GB,MIN,1,51,5.5363,24,3.4555,27,2.0808,18,20,0.8915
2014,5,2014_05_MIN_GB,MIN,GB,0,75,-20.4384,50,-19.1141,25,-1.3243,27,28,-20.7568
2014,5,2014_05_NYJ_SD,LAC,NYJ,1,71,10.1952,31,13.6804,40,-3.4852,27,40,13.7737
2014,5,2014_05_NYJ_SD,NYJ,LAC,0,54,-27.2968,33,-21.5911,21,-5.7057,20,21,-13.3692
2014,5,2014_05_PIT_JAX,JAX,PIT,1,52,-10.968,37,-11.0319,15,0.064,21,52,-10.968
2014,5,2014_05_PIT_JAX,PIT,JAX,0,65,3.902,40,4.3998,25,-0.4978,32,59,2.328
2014,5,2014_05_SEA_WAS,SEA,WAS,0,63,12.1904,27,1.1937,36,10.9967,28,60,13.867
2014,5,2014_05_SEA_WAS,WAS,SEA,1,54,-2.6595,37,6.207,17,-8.8665,16,45,-6.5711
2014,5,2014_05_STL_PHI,LA,PHI,0,76,-0.4615,53,2.5632,23,-3.0247,37,49,-7.0297
2014,5,2014_05_STL_PHI,PHI,LA,1,69,-6.2444,37,0.4804,32,-6.7248,28,45,-0.6797
2014,5,2014_05_TB_NO,NO,TB,1,86,2.1418,58,-1.7582,28,3.9,42,86,2.1418
2014,5,2014_05_TB_NO,TB,NO,0,54,5.9346,33,11.092,21,-5.1574,21,54,5.9346
2014,6,2014_06_BAL_TB,BAL,TB,0,59,25.5001,27,27.5009,32,-2.0009,29,22,20.9094
2014,6,2014_06_BAL_TB,TB,BAL,1,67,-6.8818,49,-7.9972,18,1.1154,30,12,-10.9105
2014,6,2014_06_CAR_CIN,CAR,CIN,0,79,17.889,45,12.0233,34,5.8657,41,79,17.889
2014,6,2014_06_CAR_CIN,CIN,CAR,1,75,14.8107,44,10.3572,31,4.4536,36,75,14.8107
2014,6,2014_06_CHI_ATL,ATL,CHI,1,53,-8.7246,41,-7.1095,12,-1.6151,21,40,-0.129
2014,6,2014_06_CHI_ATL,CHI,ATL,0,67,19.3056,41,19.3373,26,-0.0317,34,59,22.7034
2014,6,2014_06_DAL_SEA,DAL,SEA,0,68,11.0025,33,12.9889,35,-1.9864,27,66,11.1793
2014,6,2014_06_DAL_SEA,SEA,DAL,1,48,-7.3746,30,-7.1025,18,-0.2722,12,46,-7.1526
2014,6,2014_06_DEN_NYJ,DEN,NYJ,0,67,8.7957,34,9.9167,33,-1.1209,30,56,12.2846
2014,6,2014_06_DEN_NYJ,NYJ,DEN,1,62,-14.1358,47,-9.2079,15,-4.9278,17,58,-7.1961
2014,6,2014_06_DET_MIN,DET,MIN,0,65,-6.3561,37,-3.3505,28,-3.0056,26,54,1.2558
2014,6,2014_06_DET_MIN,MIN,DET,1,62,-26.3942,45,-25.7719,17,-0.6223,22,39,-21.4898
2014,6,2014_06_GB_MIA,GB,MIA,0,78,8.6894,45,10.219,33,-1.5296,35,78,8.6894
2014,6,2014_06_GB_MIA,MIA,GB,1,55,2.2004,32,6.4156,23,-4.2152,24,55,2.2004
2014,6,2014_06_IND_HOU,HOU,IND,1,52,-2.8432,28,-4.777,24,1.9338,23,44,-3.5155
2014,6,2014_06_IND_HOU,IND,HOU,0,80,-0.4064,47,14.7968,33,-15.2032,31,79,0.342
2014,6,2014_06_JAX_TEN,JAX,TEN,0,74,-2.9989,51,-3.8389,23,0.84,34,67,-11.5563
2014,6,2014_06_JAX_TEN,TEN,JAX,1,54,-3.6471,31,1.7956,23,-5.4427,18,50,0.2328
2014,6,2014_06_NE_BUF,BUF,NE,1,67,0.9534,44,6.0502,23,-5.0968,28,52,-0.8271
2014,6,2014_06_NE_BUF,NE,BUF,0,64,21.2023,39,27.9509,25,-6.7486,32,62,16.2454
2014,6,2014_06_NYG_PHI,NYG,PHI,0,60,-20.6323,36,-16.1399,24,-4.4924,20,29,-8.7966
2014,6,2014_06_NYG_PHI,PHI,NYG,1,71,-0.0379,35,-0.1651,36,0.1272,33,34,7.99
2014,6,2014_06_PIT_CLE,CLE,PIT,1,56,2.1121,18,7.8635,38,-5.7514,21,31,10.8009
2014,6,2014_06_PIT_CLE,PIT,CLE,0,76,-13.7878,44,-11.3435,32,-2.4443,33,47,-9.8597
2014,6,2014_06_SD_OAK,LAC,LV,0,66,17.6815,36,15.3528,30,2.3287,32,66,17.6815
2014,6,2014_06_SD_OAK,LV,LAC,1,54,14.1515,34,11.3516,20,2.7999,25,54,14.1515
2014,6,2014_06_SF_STL,LA,SF,1,68,-13.2913,45,-11.7914,23,-1.4999,25,60,-4.3225
2014,6,2014_06_SF_STL,SF,LA,0,65,-1.245,35,11.2658,30,-12.5108,28,51,9.9767
2014,6,2014_06_WAS_ARI,ARI,WAS,1,68,0.2082,45,6.0048,23,-5.7966,27,58,5.4586
2014,6,2014_06_WAS_ARI,WAS,ARI,0,57,-12.5481,40,-10.1175,17,-2.4306,25,56,-12.45
2014,7,2014_07_ARI_OAK,ARI,LV,0,69,4.9092,32,8.8609,37,-3.9518,32,63,5.6246
2014,7,2014_07_ARI_OAK,LV,ARI,1,47,-5.9363,29,-3.0823,18,-2.854,14,45,-5.9831
2014,7,2014_07_ATL_BAL,ATL,BAL,0,65,-15.3134,49,-12.5486,16,-2.7648,24,32,-14.3568
2014,7,2014_07_ATL_BAL,BAL,ATL,1,62,4.3985,26,10.2088,36,-5.8103,27,33,7.2921
2014,7,2014_07_CAR_GB,CAR,GB,0,67,-6.7614,42,-0.1938,25,-6.5676,35,17,-6.913
2014,7,2014_07_CAR_GB,GB,CAR,1,53,14.4904,26,9.142,27,5.3484,28,26,10.7609
2014,7,2014_07_CIN_IND,CIN,IND,0,54,-28.2932,42,-24.5978,12,-3.6955,12,37,-23.6878
2014,7,2014_07_CIN_IND,IND,CIN,1,78,4.2933,44,9.5067,34,-5.2134,41,54,-3.6578
2014,7,2014_07_CLE_JAX,CLE,JAX,0,73,-33.404,44,-22.3689,29,-11.0351,16,64,-23.7165
2014,7,2014_07_CLE_JAX,JAX,CLE,1,67,-15.2237,33,-19.9702,34,4.7465,25,61,-18.0887
2014,7,2014_07_HOU_PIT,HOU,PIT,0,62,-1.0438,33,2.4975,29,-3.5413,27,53,-3.742
2014,7,2014_07_HOU_PIT,PIT,HOU,1,59,1.7242,37,6.9305,22,-5.2064,25,53,3.173
2014,7,2014_07_KC_SD,KC,LAC,0,70,10.7136,31,8.4741,39,2.2396,33,69,11.7239
2014,7,2014_07_KC_SD,LAC,KC,1,49,-0.1666,33,1.3565,16,-1.5231,19,49,-0.1666
2014,7,2014_07_MIA_CHI,CHI,MIA,1,51,-13.7489,37,-14.7409,14,0.992,21,33,-10.2396
2014,7,2014_07_MIA_CHI,MIA,CHI,0,67,15.2393,36,13.7778,31,1.4615,35,46,16.5017
2014,7,2014_07_MIN_BUF,BUF,MIN,1,66,-8.3714,48,-7.7054,18,-0.6659,28,66,-8.3714
2014,7,2014_07_MIN_BUF,MIN,BUF,0,60,-10.3768,31,-7.6126,29,-2.7641,19,60,-10.3768
2014,7,2014_07_NO_DET,DET,NO,1,66,-6.866,43,-4.094,23,-2.7719,23,60,-14.3493
2014,7,2014_07_NO_DET,NO,DET,0,66,-3.2927,45,3.493,21,-6.7857,27,62,-2.919
2014,7,2014_07_NYG_DAL,DAL,NYG,1,59,17.298,25,18.3994,34,-1.1014,25,55,19.355
2014,7,2014_07_NYG_DAL,NYG,DAL,0,59,2.4472,33,6.2761,26,-3.8289,24,52,-1.4768
2014,7,2014_07_NYJ_NE,NE,NYJ,1,53,6.3918,38,8.0192,15,-1.6274,17,53,6.3918
2014,7,2014_07_NYJ_NE,NYJ,NE,0,80,10.4814,37,2.8078,43,7.6736,41,80,10.4814
2014,7,2014_07_SEA_STL,LA,SEA,1,46,5.745,21,9.1,25,-3.355,25,46,5.745
2014,7,2014_07_SEA_STL,SEA,LA,0,69,19.1092,40,15.273,29,3.8362,30,69,19.1092
2014,7,2014_07_SF_DEN,DEN,SF,1,53,21.0664,29,19.6795,24,1.3869,28,32,13.2049
2014,7,2014_07_SF_DEN,SF,DEN,0,70,-5.5626,52,-1.4133,18,-4.1493,28,36,-2.3221
2014,7,2014_07_TEN_WAS,TEN,WAS,0,49,1.2729,27,3.191,22,-1.9181,17,49,1.2729
2014,7,2014_07_TEN_WAS,WAS,TEN,1,56,-5.5819,31,-1.4466,25,-4.1353,22,56,-5.5819
2014,8,2014_08_BAL_CIN,BAL,CIN,0,61,-3.1365,35,-9.8282,26,6.6916,26,60,-1.2212
2014,8,2014_08_BAL_CIN,CIN,BAL,1,63,1.001,30,-1.7431,33,2.7441,29,63,1.001
2014,8,2014_08_BUF_NYJ,BUF,NYJ,0,52,2.6983,21,8.0752,31,-5.377,18,40,-6.2233
2014,8,2014_08_BUF_NYJ,NYJ,BUF,1,80,-21.4165,47,-25.0418,33,3.6253,30,59,-23.9528
2014,8,2014_08_CHI_NE,CHI,NE,0,66,4.7662,40,-2.3232,26,7.0893,36,22,0.2326
2014,8,2014_08_CHI_NE,NE,CHI,1,70,27.5936,39,32.5126,31,-4.919,40,41,19.6685
2014,8,2014_08_DET_ATL,ATL,DET,1,55,5.0976,29,7.802,26,-2.7044,27,50,8.4407
2014,8,2014_08_DET_ATL,DET,ATL,0,68,7.7756,45,10.8447,23,-3.0691,32,65,-2.4715
2014,8,2014_08_GB_NO,GB,NO,0,63,6.1821,44,7.1605,19,-0.9784,33,48,5.7832
2014,8,2014_08_GB_NO,NO,GB,1,65,17.5058,34,15.1034,31,2.4024,42,50,15.1834
2014,8,2014_08_HOU_TEN,HOU,TEN,0,78,10.3368,40,4.1917,38,6.1451,32,55,5.8052
2014,8,2014_08_HOU_TEN,TEN,HOU,1,56,-7.4893,43,-4.5562,13,-2.9331,21,30,-15.5004
2014,8,2014_08_IND_PIT,IND,PIT,0,56,10.5557,47,6.2419,9,4.3139,26,28,1.3555
2014,8,2014_08_IND_PIT,PIT,IND,1,81,27.5399,49,36.2061,32,-8.6662,44,54,23.8019
2014,8,2014_08_MIA_JAX,JAX,MIA,1,68,-16.4583,38,-17.6324,30,1.174,22,55,-18.2042
2014,8,2014_08_MIA_JAX,MIA,JAX,0,55,-0.7451,32,-7.343,23,6.5979,25,33,-2.5272
2014,8,2014_08_MIN_TB,MIN,TB,0,64,-2.6016,42,-2.2226,22,-0.379,26,64,-2.6016
2014,8,2014_08_MIN_TB,TB,MIN,1,56,-14.3335,33,-13.333,23,-1.0004,17,56,-14.3335
2014,8,2014_08_OAK_CLE,CLE,LV,1,53,-2.9446,29,4.6622,24,-7.6068,19,44,-1.6773
2014,8,2014_08_OAK_CLE,LV,CLE,0,78,-9.9023,57,0.2992,21,-10.2015,30,60,-10.8784
2014,8,2014_08_PHI_ARI,ARI,PHI,1,65,1.894,42,7.5653,23,-5.6712,22,65,1.894
2014,8,2014_08_PHI_ARI,PHI,ARI,0,87,-3.4587,62,-1.7949,25,-1.6638,39,87,-3.4587
2014,8,2014_08_SD_DEN,DEN,LAC,1,65,20.0186,35,18.4585,30,1.5601,35,41,15.4997
2014,8,2014_08_SD_DEN,LAC,DEN,0,58,3.8318,43,8.0471,15,-4.2153,22,35,-8.5679
2014,8,2014_08_SEA_CAR,CAR,SEA,1,55,-14.0953,25,-8.097,30,-5.9982,23,54,-10.108
2014,8,2014_08_SEA_CAR,SEA,CAR,0,58,-2.0598,33,0.1437,25,-2.2035,28,58,-2.0598
2014,8,2014_08_STL_KC,KC,LA,1,64,8.3535,31,9.9347,33,-1.5812,28,39,-0.5246
2014,8,2014_08_STL_KC,LA,KC,0,51,-11.7352,32,-9.3184,19,-2.4168,18,32,-9.157
2014,8,2014_08_WAS_DAL,DAL,WAS,1,64,-0.8101,39,-2.0151,25,1.205,30,64,-0.8101
2014,8,2014_08_WAS_DAL,WAS,DAL,0,63,8.8864,33,6.9202,30,1.9662,31,63,8.8864
2014,9,2014_09_ARI_DAL,ARI,DAL,0,63,5.885,36,6.1955,27,-0.3105,27,58,2.9803
2014,9,2014_09_ARI_DAL,DAL,ARI,1,59,-13.3326,34,-7.5596,25,-5.773,22,47,-19.747
2014,9,2014_09_BAL_PIT,BAL,PIT,0,66,-13.5939,48,-5.5231,18,-8.0708,31,46,-13.2647
2014,9,2014_09_BAL_PIT,PIT,BAL,1,66,13.7418,41,24.5872,25,-10.8454,28,52,9.8873
2014,9,2014_09_DEN_NE,DEN,NE,0,74,-7.209,58,-3.118,16,-4.091,29,45,-6.8898
2014,9,2014_09_DEN_NE,NE,DEN,1,80,2.3491,55,10.0104,25,-7.6614,36,46,5.1202
2014,9,2014_09_IND_NYG,IND,NYG,0,71,14.6609,47,12.8232,24,1.8376,30,53,16.7869
2014,9,2014_09_IND_NYG,NYG,IND,1,75,-1.3457,55,-0.827,20,-0.5188,27,42,-3.1548
2014,9,2014_09_JAX_CIN,CIN,JAX,1,67,7.291,33,3.3599,34,3.931,29,60,7.4657
2014,9,2014_09_JAX_CIN,JAX,CIN,0,61,1.2616,36,-1.6246,25,2.8862,25,52,-3.6467
2014,9,2014_09_NO_CAR,CAR,NO,1,54,-12.023,32,-17.6075,22,5.5845,20,51,-9.5634
2014,9,2014_09_NO_CAR,NO,CAR,0,72,6.6647,37,4.1519,35,2.5128,33,59,2.5204
2014,9,2014_09_NYJ_KC,KC,NYJ,1,56,11.5932,32,9.2022,24,2.391,27,44,16.6313
2014,9,2014_09_NYJ_KC,NYJ,KC,0,69,-5.1088,39,-5.8203,30,0.7115,31,43,-0.9156
2014,9,2014_09_OAK_SEA,LV,SEA,0,59,-12.9477,41,-6.2887,18,-6.659,22,47,-18.3367
2014,9,2014_09_OAK_SEA,SEA,LV,1,71,-1.693,36,-3.8745,35,2.1816,29,60,0.7923
2014,9,2014_09_PHI_HOU,HOU,PHI,1,59,-0.7876,31,-0.0421,28,-0.7454,21,55,3.1223
2014,9,2014_09_PHI_HOU,PHI,HOU,0,77,7.0611,38,-0.7939,39,7.855,43,74,7.6481
2014,9,2014_09_SD_MIA,LAC,MIA,0,49,-22.2445,30,-14.6069,19,-7.6376,16,22,-7.6239
2014,9,2014_09_SD_MIA,MIA,LAC,1,74,11.5623,39,18.9868,35,-7.4246,40,26,16.315
2014,9,2014_09_STL_SF,LA,SF,0,51,-12.121,25,-8.0099,26,-4.1112,17,51,-12.121
2014,9,2014_09_STL_SF,SF,LA,1,62,-12.5289,41,-6.2756,21,-6.2533,26,62,-12.5289
2014,9,2014_09_TB_CLE,CLE,TB,1,66,-12.5826,39,-5.6548,27,-6.9278,24,62,-10.7111
2014,9,2014_09_TB_CLE,TB,CLE,0,61,-5.3567,35,-3.1546,26,-2.2021,26,61,-5.3567
2014,9,2014_09_WAS_MIN,MIN,WAS,1,72,10.2869,44,8.9984,28,1.2885,32,69,11.7535
2014,9,2014_09_WAS_MIN,WAS,MIN,0,62,6.3715,33,5.8427,29,0.5287,29,62,6.3715
2014,10,2014_10_ATL_TB,ATL,TB,0,59,8.8531,32,9.7751,27,-0.922,28,56,9.9857
2014,10,2014_10_ATL_TB,TB,ATL,1,68,3.7477,45,6.1974,23,-2.4497,34,62,1.3503
2014,10,2014_10_CAR_PHI,CAR,PHI,0,81,-21.9578,49,-13.2473,32,-8.7105,31,35,-19.6273
2014,10,2014_10_CAR_PHI,PHI,CAR,1,58,1.7212,39,6.1907,19,-4.4695,24,28,5.0794
2014,10,2014_10_CHI_GB,CHI,GB,0,67,-28.0608,44,-21.2099,23,-6.8509,24,17,-9.1694
2014,10,2014_10_CHI_GB,GB,CHI,1,64,11.3469,32,17.1758,32,-5.8289,30,19,13.4918
2014,10,2014_10_CLE_CIN,CIN,CLE,1,63,-33.0928,41,-26.3968,22,-6.696,17,38,-22.9523
2014,10,2014_10_CLE_CIN,CLE,CIN,0,75,6.5905,23,10.0636,52,-3.4731,34,50,8.5678
2014,10,2014_10_DAL_JAX,DAL,JAX,0,59,8.4319,29,8.2381,30,0.1938,22,40,13.2521
2014,10,2014_10_DAL_JAX,JAX,DAL,1,66,-7.9868,42,0.527,24,-8.5139,24,35,-1.4646
2014,10,2014_10_DEN_OAK,DEN,LV,0,74,11.6843,49,11.6714,25,0.0129,37,54,12.1566
2014,10,2014_10_DEN_OAK,LV,DEN,1,62,-21.9225,47,-16.3065,15,-5.616,20,38,-16.9729
2014,10,2014_10_KC_BUF,BUF,KC,1,71,-6.421,49,-0.0521,22,-6.3689,31,71,-6.421
2014,10,2014_10_KC_BUF,KC,BUF,0,59,-3.0398,35,-6.5761,24,3.5363,23,58,-2.6828
2014,10,2014_10_MIA_DET,DET,MIA,1,63,0.1913,45,5.9228,18,-5.7315,27,63,0.1913
2014,10,2014_10_MIA_DET,MIA,DET,0,59,-15.5886,40,-4.9297,19,-10.6588,23,59,-15.5886
2014,10,2014_10_NYG_SEA,NYG,SEA,0,62,-5.7372,45,-3.6209,17,-2.1163,29,49,1.8445
2014,10,2014_10_NYG_SEA,SEA,NYG,1,62,20.3174,19,3.2458,43,17.0717,38,57,14.9903
2014,10,2014_10_PIT_NYJ,NYJ,PIT,1,55,0.4327,22,0.8756,33,-0.4429,21,38,11.1106
2014,10,2014_10_PIT_NYJ,PIT,NYJ,0,60,-7.7346,43,-1.3288,17,-6.4058,30,39,-16.4541
2014,10,2014_10_SF_NO,NO,SF,1,79,-3.2994,48,-2.466,31,-0.8334,30,79,-3.2994
2014,10,2014_10_SF_NO,SF,NO,0,67,-0.1381,36,-5.2174,31,5.0793,27,67,-0.1381
2014,10,2014_10_STL_ARI,ARI,LA,1,65,-6.8877,44,1.5312,21,-8.4188,24,64,-6.3764
2014,10,2014_10_STL_ARI,LA,ARI,0,57,-27.4502,36,-25.483,21,-1.9673,17,46,-25.4879
2014,10,2014_10_TEN_BAL,BAL,TEN,1,60,6.8283,28,4.3948,32,2.4336,22,48,3.2763
2014,10,2014_10_TEN_BAL,TEN,BAL,0,54,-12.5578,32,-5.0034,22,-7.5544,20,47,-7.9903
2014,11,2014_11_ATL_CAR,ATL,CAR,0,73,-4.4307,46,3.3835,27,-7.8143,26,66,0.7219
2014,11,2014_11_ATL_CAR,CAR,ATL,1,64,-5.1466,39,-5.1438,25,-0.0028,29,64,-5.1466
2014,11,2014_11_BUF_MIA,BUF,MIA,0,59,-8.5913,41,-4.7552,18,-3.8361,24,51,-0.1514
2014,11,2014_11_BUF_MIA,MIA,BUF,1,62,6.4001,39,8.1953,23,-1.7952,33,51,8.9381
2014,11,2014_11_CIN_NO,CIN,NO,0,56,19.1089,23,21.6325,33,-2.5236,28,48,20.7772
2014,11,2014_11_CIN_NO,NO,CIN,1,67,1.648,41,8.6805,26,-7.0325,28,53,2.7143
2014,11,2014_11_DEN_STL,DEN,LA,0,65,-9.6998,56,-8.7322,9,-0.9676,29,55,-5.1872
2014,11,2014_11_DEN_STL,LA,DEN,1,65,-7.0733,32,-0.418,33,-6.6553,22,54,-1.5173
2014,11,2014_11_DET_ARI,ARI,DET,1,54,-1.0619,32,5.7398,22,-6.8018,19,47,0.2559
2014,11,2014_11_DET_ARI,DET,ARI,0,53,-8.9276,34,-5.801,19,-3.1266,17,52,-8.2776
2014,11,2014_11_HOU_CLE,CLE,HOU,1,75,-18.5826,53,-11.2441,22,-7.3385,26,59,-14.1992
2014,11,2014_11_HOU_CLE,HOU,CLE,0,82,7.5376,30,8.5172,52,-0.9796,41,74,8.4113
2014,11,2014_11_MIN_CHI,CHI,MIN,1,73,10.8806,43,11.5302,30,-0.6497,35,68,11.9481
2014,11,2014_11_MIN_CHI,MIN,CHI,0,45,-1.1419,30,-4.2603,15,3.1184,13,44,-2.5565
2014,11,2014_11_NE_IND,IND,NE,1,56,-5.3016,40,0.9626,16,-6.2643,20,44,3.5486
2014,11,2014_11_NE_IND,NE,IND,0,70,29.3249,30,12.4269,40,16.898,43,61,24.29
2014,11,2014_11_OAK_SD,LAC,LV,1,68,-11.5549,36,-6.1956,32,-5.3593,25,66,-9.6303
2014,11,2014_11_OAK_SD,LV,LAC,0,54,-16.5422,35,-8.0522,19,-8.4901,14,49,-16.3777
2014,11,2014_11_PHI_GB,GB,PHI,1,61,18.9816,39,20.2109,22,-1.2294,30,26,16.2664
2014,11,2014_11_PHI_GB,PHI,GB,0,78,-20.3381,47,-0.3253,31,-20.0128,35,25,-3.9952
2014,11,2014_11_PIT_TEN,PIT,TEN,0,71,11.8363,37,4.6283,34,7.208,38,71,11.8363
2014,11,2014_11_PIT_TEN,TEN,PIT,1,39,3.589,24,4.629,15,-1.04,18,39,3.589
2014,11,2014_11_SEA_KC,KC,SEA,1,44,4.6482,16,1.2264,28,3.4218,29,44,4.6482
2014,11,2014_11_SEA_KC,SEA,KC,0,71,2.2654,34,0.3577,37,1.9077,33,71,2.2654
2014,11,2014_11_SF_NYG,NYG,SF,1,68,-21.9572,47,-14.7961,21,-7.1611,21,68,-21.9572
2014,11,2014_11_SF_NYG,SF,NYG,0,66,-4.8501,31,0.8015,35,-5.6515,27,65,-4.5118
2014,11,2014_11_TB_WAS,TB,WAS,0,45,12.7332,25,18.3057,20,-5.5726,17,35,7.3531
2014,11,2014_11_TB_WAS,WAS,TB,1,69,-17.096,38,-19.9242,31,2.8281,28,51,-13.3063
2014,12,2014_12_ARI_SEA,ARI,SEA,0,49,-13.2075,29,-10.1578,20,-3.0497,15,41,-13.3204
2014,12,2014_12_ARI_SEA,SEA,ARI,1,56,-0.7712,29,-1.1084,27,0.3372,20,39,-4.6875
2014,12,2014_12_BAL_NO,BAL,NO,0,56,19.229,25,11.8486,31,7.3804,26,55,16.4829
2014,12,2014_12_BAL_NO,NO,BAL,1,69,5.8577,48,8.5957,21,-2.738,37,58,-0.621
2014,12,2014_12_CIN_HOU,CIN,HOU,0,77,-3.5546,35,3.0064,42,-6.561,33,77,-3.5546
2014,12,2014_12_CIN_HOU,HOU,CIN,1,63,-13.8346,44,-12.8926,19,-0.942,21,49,-13.4497
2014,12,2014_12_CLE_ATL,ATL,CLE,1,69,-2.0983,46,0.4114,23,-2.5097,30,69,-2.0983
2014,12,2014_12_CLE_ATL,CLE,ATL,0,70,4.2035,41,-0.5894,29,4.7929,34,70,4.2035
2014,12,2014_12_DAL_NYG,DAL,NYG,0,51,17.2727,27,14.5034,24,2.7693,27,51,17.2727
2014,12,2014_12_DAL_NYG,NYG,DAL,1,74,10.3359,42,14.6048,32,-4.2689,33,74,10.3359
2014,12,2014_12_DET_NE,DET,NE,0,72,-10.5932,48,-6.803,24,-3.7901,24,37,-5.1582
2014,12,2014_12_DET_NE,NE,DET,1,73,6.4313,53,8.8992,20,-2.4679,34,37,13.6803
2014,12,2014_12_GB_MIN,GB,MIN,0,59,12.586,30,9.4689,29,3.1171,28,59,12.586
2014,12,2014_12_GB_MIN,MIN,GB,1,64,-2.0471,39,-3.1646,25,1.1176,31,64,-2.0471
2014,12,2014_12_JAX_IND,IND,JAX,1,70,-6.2358,37,-8.8507,33,2.6149,34,49,-7.1501
2014,12,2014_12_JAX_IND,JAX,IND,0,53,-25.3509,31,-19.8703,22,-5.4806,18,32,-21.3503
2014,12,2014_12_KC_OAK,KC,LV,0,62,-3.7032,38,-0.3694,24,-3.3338,23,62,-3.7032
2014,12,2014_12_KC_OAK,LV,KC,1,65,6.9226,36,0.6172,29,6.3054,27,65,6.9226
2014,12,2014_12_MIA_DEN,DEN,MIA,1,70,27.8875,37,18.8688,33,9.0188,38,68,26.6985
2014,12,2014_12_MIA_DEN,MIA,DEN,0,58,11.3022,37,7.043,21,4.2592,33,49,7.2341
2014,12,2014_12_NYJ_BUF,BUF,NYJ,1,62,9.8234,33,10.2873,29,-0.4639,30,47,5.4028
2014,12,2014_12_NYJ_BUF,NYJ,BUF,0,57,-22.6745,38,-21.1413,19,-1.5332,18,31,-14.2232
2014,12,2014_12_STL_SD,LA,LAC,0,61,-7.3514,37,-6.1904,24,-1.161,23,61,-7.3514
2014,12,2014_12_STL_SD,LAC,LA,1,59,-0.8892,37,-4.8271,22,3.9379,33,59,-0.8892
2014,12,2014_12_TB_CHI,CHI,TB,1,56,-14.0293,30,-13.3843,26,-0.6451,17,46,-10.4736
2014,12,2014_12_TB_CHI,TB,CHI,0,75,-19.4023,53,-12.5442,22,-6.8581,26,74,-19.3821
2014,12,2014_12_TEN_PHI,PHI,TEN,1,80,3.7502,45,6.4207,35,-2.6705,33,49,12.2126
2014,12,2014_12_TEN_PHI,TEN,PHI,0,61,-9.8442,44,-3.6689,17,-6.1754,23,38,-6.6831
2014,12,2014_12_WAS_SF,SF,WAS,1,58,-5.0393,31,10.7167,27,-15.756,25,58,-5.0393
2014,12,2014_12_WAS_SF,WAS,SF,0,52,-13.7749,25,-14.7327,27,0.9578,16,52,-13.7749
2014,13,2014_13_ARI_ATL,ARI,ATL,0,51,-8.7519,39,-8.5944,12,-0.1575,24,35,-9.4184
2014,13,2014_13_ARI_ATL,ATL,ARI,1,74,-0.5446,42,5.8299,32,-6.3745,35,53,1.5696
2014,13,2014_13_CAR_MIN,CAR,MIN,0,71,-1.9491,39,-9.5491,32,7.6001,33,46,-4.0529
2014,13,2014_13_CAR_MIN,MIN,CAR,1,47,-1.0995,23,1.9626,24,-3.0621,20,23,3.2026
2014,13,2014_13_CHI_DET,CHI,DET,0,58,-6.1556,51,-2.8069,7,-3.3487,22,45,2.5789
2014,13,2014_13_CHI_DET,DET,CHI,1,70,9.248,47,7.9656,23,1.2824,36,50,13.8456
2014,13,2014_13_CIN_TB,CIN,TB,0,57,-8.6406,30,-9.0653,27,0.4247,26,57,-8.6406
2014,13,2014_13_CIN_TB,TB,CIN,1,55,-9.2539,30,-3.9383,25,-5.3157,19,55,-9.2539
2014,13,2014_13_CLE_BUF,BUF,CLE,1,61,-14.977,31,-10.4375,30,-4.5395,22,48,-14.2282
2014,13,2014_13_CLE_BUF,CLE,BUF,0,66,-18.0521,40,-7.0604,26,-10.9918,21,52,-21.4246
2014,13,2014_13_DEN_KC,DEN,KC,0,79,3.2419,35,1.1367,44,2.1052,31,66,6.8017
2014,13,2014_13_DEN_KC,KC,DEN,1,44,-18.3329,30,-14.7933,14,-3.5397,17,30,-9.4366
2014,13,2014_13_MIA_NYJ,MIA,NYJ,0,54,-3.5366,37,-6.0841,17,2.5476,25,54,-3.5366
2014,13,2014_13_MIA_NYJ,NYJ,MIA,1,64,-1.5687,15,-4.8685,49,3.2997,27,64,-1.5687
2014,13,2014_13_NE_GB,GB,NE,1,67,16.4109,41,16.6932,26,-0.2823,27,67,16.4109
2014,13,2014_13_NE_GB,NE,GB,0,53,12.7805,36,12.3991,17,0.3814,24,53,12.7805
2014,13,2014_13_NO_PIT,NO,PIT,0,54,17.2102,28,16.938,26,0.2722,23,44,17.8293
2014,13,2014_13_NO_PIT,PIT,NO,1,83,10.8258,60,10.037,23,0.7888,41,58,-0.7435
2014,13,2014_13_NYG_JAX,JAX,NYG,1,65,-7.415,44,-6.7567,21,-0.6583,25,65,-7.415
2014,13,2014_13_NYG_JAX,NYG,JAX,0,73,-7.7925,38,-7.4235,35,-0.369,33,73,-7.7925
2014,13,2014_13_OAK_STL,LA,LV,1,48,6.6263,23,3.0556,25,3.5708,23,18,21.5642
2014,13,2014_13_OAK_STL,LV,LA,0,75,-42.326,54,-32.2195,21,-10.1065,29,19,-5.3228
2014,13,2014_13_PHI_DAL,DAL,PHI,1,57,-16.8833,33,-13.0398,24,-3.8434,23,36,-8.1074
2014,13,2014_13_PHI_DAL,PHI,DAL,0,73,11.2442,30,9.065,43,2.1792,37,49,13.1161
2014,13,2014_13_SD_BAL,BAL,LAC,1,63,7.0434,31,9.8012,32,-2.7578,28,63,7.0434
2014,13,2014_13_SD_BAL,LAC,BAL,0,65,15.6235,47,15.2348,18,0.3887,36,65,15.6235
2014,13,2014_13_SEA_SF,SEA,SF,0,60,3.8717,26,7.6172,34,-3.7456,21,39,4.2277
2014,13,2014_13_SEA_SF,SF,SEA,1,51,-18.9004,33,-15.9589,18,-2.9415,14,38,-14.3223
2014,13,2014_13_TEN_HOU,HOU,TEN,1,67,13.4509,33,21.1039,34,-7.653,28,49,20.925
2014,13,2014_13_TEN_HOU,TEN,HOU,0,56,-16.4816,34,-15.6384,22,-0.8432,25,29,-12.515
2014,13,2014_13_WAS_IND,IND,WAS,1,48,12.2294,28,11.6209,20,0.6085,24,37,9.1231
2014,13,2014_13_WAS_IND,WAS,IND,0,74,-7.1569,53,-0.2043,21,-6.9526,28,43,-9.5214
2014,14,2014_14_ATL_GB,ATL,GB,0,65,22.9123,40,22.7106,25,0.2016,35,38,-1.7224
2014,14,2014_14_ATL_GB,GB,ATL,1,66,25.5758,37,18.1927,29,7.3832,37,51,28.7753
2014,14,2014_14_BAL_MIA,BAL,MIA,0,61,20.4835,33,11.4435,28,9.04,35,57,15.6253
2014,14,2014_14_BAL_MIA,MIA,BAL,1,54,-4.498,39,-2.6798,15,-1.8182,22,49,-2.6591
2014,14,2014_14_BUF_DEN,BUF,DEN,0,77,0.8152,61,-2.317,16,3.1322,36,41,-18.1565
2014,14,2014_14_BUF_DEN,DEN,BUF,1,47,-2.398,20,-6.4218,27,4.0238,22,28,6.3748
2014,14,2014_14_CAR_NO,CAR,NO,0,72,20.324,32,10.5897,40,9.7343,35,47,18.5522
2014,14,2014_14_CAR_NO,NO,CAR,1,68,-17.6672,51,-19.6232,17,1.9561,28,25,-16.3091
2014,14,2014_14_DAL_CHI,CHI,DAL,1,61,6.4025,46,5.7688,15,0.6337,30,26,-5.5045
2014,14,2014_14_DAL_CHI,DAL,CHI,0,60,24.0086,27,16.1325,33,7.8762,32,44,20.1054
2014,14,2014_14_HOU_JAX,HOU,JAX,0,60,5.3256,20,1.6002,40,3.7254,24,51,8.7721
2014,14,2014_14_HOU_JAX,JAX,HOU,1,66,-15.9,44,-10.8102,22,-5.0898,19,57,-11.3376
2014,14,2014_14_IND_CLE,CLE,IND,1,62,-15.3617,31,-11.622,31,-3.7397,16,62,-15.3617
2014,14,2014_14_IND_CLE,IND,CLE,0,77,-19.7005,58,-26.4028,19,6.7022,31,77,-19.7005
2014,14,2014_14_KC_ARI,ARI,KC,1,65,3.993,33,5.9011,32,-1.9081,29,65,3.993
2014,14,2014_14_KC_ARI,KC,ARI,0,60,-0.6239,44,-7.8468,16,7.2229,22,60,-0.6239
2014,14,2014_14_NE_SD,LAC,NE,1,54,-10.8533,37,-7.1237,17,-3.7296,15,50,-7.6649
2014,14,2014_14_NE_SD,NE,LAC,0,73,-8.3633,45,-2.9967,28,-5.3666,31,66,-4.1048
2014,14,2014_14_NYG_TEN,NYG,TEN,0,71,1.4176,43,0.5841,28,0.8335,34,39,8.9212
2014,14,2014_14_NYG_TEN,TEN,NYG,1,56,-26.9776,43,-26.8735,13,-0.1041,18,20,-11.7685
2014,14,2014_14_NYJ_MIN,MIN,NYJ,1,58,12.5054,30,12.4164,28,0.089,29,58,12.5054
2014,14,2014_14_NYJ_MIN,NYJ,MIN,0,74,-5.8123,32,3.1558,42,-8.9681,31,74,-5.8123
2014,14,2014_14_PIT_CIN,CIN,PIT,1,58,0.2981,38,8.5962,20,-8.2982,25,46,4.7585
2014,14,2014_14_PIT_CIN,PIT,CIN,0,69,22.6166,39,18.4271,30,4.1895,34,60,19.544
2014,14,2014_14_SEA_PHI,PHI,SEA,1,45,-20.3653,23,-11.0444,22,-9.321,12,45,-20.3653
2014,14,2014_14_SEA_PHI,SEA,PHI,0,83,-0.2758,39,3.84,44,-4.1159,34,76,-1.5967
2014,14,2014_14_SF_OAK,LV,SF,1,60,3.6802,29,13.3644,31,-9.6842,24,51,9.9219
2014,14,2014_14_SF_OAK,SF,LV,0,56,-6.0391,38,-5.963,18,-0.0761,25,52,-1.721
2014,14,2014_14_STL_WAS,LA,WAS,0,56,9.3733,27,11.0242,29,-1.651,25,47,14.291
2014,14,2014_14_STL_WAS,WAS,LA,1,55,-18.2194,43,-12.4869,12,-5.7325,18,30,-13.8033
2014,14,2014_14_TB_DET,DET,TB,1,66,5.0754,38,15.4601,28,-10.3847,29,57,6.4606
2014,14,2014_14_TB_DET,TB,DET,0,59,-15.1039,45,-5.3958,14,-9.7081,19,44,-15.3401
2014,15,2014_15_ARI_STL,ARI,LA,0,63,-12.0078,31,-10.7907,32,-1.2171,18,60,-10.289
2014,15,2014_15_ARI_STL,LA,ARI,1,61,-20.1027,41,-8.6959,20,-11.4068,23,57,-20.0816
2014,15,2014_15_CIN_CLE,CIN,CLE,0,71,9.9831,26,-4.7143,45,14.6973,32,37,4.2457
2014,15,2014_15_CIN_CLE,CLE,CIN,1,38,-20.0827,21,-16.3361,17,-3.7466,12,25,-15.7316
2014,15,2014_15_DAL_PHI,DAL,PHI,0,73,10.5626,34,15.9281,39,-5.3656,33,69,13.589
2014,15,2014_15_DAL_PHI,PHI,DAL,1,53,-1.363,32,-1.5877,21,0.2247,21,48,2.8988
2014,15,2014_15_DEN_SD,DEN,LAC,0,61,2.5172,23,12.1988,38,-9.6816,26,55,4.0593
2014,15,2014_15_DEN_SD,LAC,DEN,1,61,-7.6179,41,-3.5022,20,-4.1157,25,51,-4.2531
2014,15,2014_15_GB_BUF,BUF,GB,1,60,-10.6293,30,-9.8447,30,-0.7846,20,58,-9.0009
2014,15,2014_15_GB_BUF,GB,BUF,0,67,-8.4944,43,-13.978,24,5.4836,25,67,-8.4944
2014,15,2014_15_HOU_IND,HOU,IND,0,67,-21.8194,26,-3.63,41,-18.1894,23,67,-21.8194
2014,15,2014_15_HOU_IND,IND,HOU,1,61,-15.7356,36,-14.5613,25,-1.1743,27,61,-15.7356
2014,15,2014_15_JAX_BAL,BAL,JAX,1,54,-2.1,30,1.8335,24,-3.9335,23,52,-1.2871
2014,15,2014_15_JAX_BAL,JAX,BAL,0,69,-12.6451,46,-7.887,23,-4.7581,24,65,-12.3814
2014,15,2014_15_MIA_NE,MIA,NE,0,74,-9.7607,51,-4.1236,23,-5.6371,31,44,-3.5535
2014,15,2014_15_MIA_NE,NE,MIA,1,63,11.1044,35,7.7441,28,3.3602,33,45,6.7366
2014,15,2014_15_MIN_DET,DET,MIN,1,50,-6.6376,28,-2.063,22,-4.5746,17,50,-6.6376
2014,15,2014_15_MIN_DET,MIN,DET,0,64,-2.7065,43,-5.192,21,2.4855,32,64,-2.7065
2014,15,2014_15_NO_CHI,CHI,NO,1,59,-13.9326,39,-15.8865,20,1.954,26,30,-15.7403
2014,15,2014_15_NO_CHI,NO,CHI,0,63,14.8087,38,18.3954,25,-3.5867,32,42,14.0889
2014,15,2014_15_NYJ_TEN,NYJ,TEN,0,61,-1.8968,32,1.1047,29,-3.0015,21,58,-0.5114
2014,15,2014_15_NYJ_TEN,TEN,NYJ,1,62,-10.4192,35,-5.8141,27,-4.6051,23,62,-10.4192
2014,15,2014_15_OAK_KC,KC,LV,1,58,-0.2051,32,5.9901,26,-6.1952,22,43,3.1407
2014,15,2014_15_OAK_KC,LV,KC,0,76,-21.7408,59,-16.6247,17,-5.1161,27,42,-16.3268
2014,15,2014_15_PIT_ATL,ATL,PIT,1,57,2.2425,37,3.3507,20,-1.1083,26,56,-0.5717
2014,15,2014_15_PIT_ATL,PIT,ATL,0,55,13.8537,35,17.5309,20,-3.6771,29,54,11.3754
2014,15,2014_15_SF_SEA,SEA,SF,1,59,7.0046,29,1.6599,30,5.3447,30,53,8.8959
2014,15,2014_15_SF_SEA,SF,SEA,0,57,-4.8941,25,-3.1572,32,-1.7369,21,55,-2.8849
2014,15,2014_15_TB_CAR,CAR,TB,1,74,0.0668,43,7.2113,31,-7.1445,36,74,0.0668
2014,15,2014_15_TB_CAR,TB,CAR,0,54,-1.8875,31,-8.0453,23,6.1578,20,54,-1.8875
2014,15,2014_15_WAS_NYG,NYG,WAS,1,57,2.5939,35,10.2411,22,-7.6472,21,54,4.5001
2014,15,2014_15_WAS_NYG,WAS,NYG,0,68,-2.9379,41,-3.1154,27,0.1775,24,61,0.5728
2014,16,2014_16_ATL_NO,ATL,NO,0,62,9.5228,40,17.6117,22,-8.0889,29,50,12.352
2014,16,2014_16_ATL_NO,NO,ATL,1,68,-18.1632,51,-15.967,17,-2.1962,29,56,-12.9536
2014,16,2014_16_BAL_HOU,BAL,HOU,0,69,-30.0966,53,-22.9697,16,-7.1269,19,44,-29.6052
2014,16,2014_16_BAL_HOU,HOU,BAL,1,81,-15.382,43,-9.5575,38,-5.8245,26,70,-9.4417
2014,16,2014_16_BUF_OAK,BUF,LV,0,64,-4.4688,51,2.5541,13,-7.0229,21,57,-6.1602
2014,16,2014_16_BUF_OAK,LV,BUF,1,69,-1.9168,35,1.531,34,-3.4478,25,66,-0.1428
2014,16,2014_16_CLE_CAR,CAR,CLE,1,75,6.1144,32,3.5897,43,2.5247,34,75,6.1144
2014,16,2014_16_CLE_CAR,CLE,CAR,0,46,-2.1622,24,2.1816,22,-4.3437,12,46,-2.1622
2014,16,2014_16_DEN_CIN,CIN,DEN,1,60,-7.7433,25,-7.5889,35,-0.1544,21,59,-7.7155
2014,16,2014_16_DEN_CIN,DEN,CIN,0,65,-9.5345,46,-9.2462,19,-0.2883,29,59,-13.372
2014,16,2014_16_DET_CHI,CHI,DET,1,63,-9.8996,41,-4.3959,22,-5.5037,23,63,-9.8996
2014,16,2014_16_DET_CHI,DET,CHI,0,66,5.585,43,-0.2521,23,5.8371,29,66,5.585
2014,16,2014_16_GB_TB,GB,TB,0,69,10.1641,41,11.7754,28,-1.6113,34,60,4.0097
2014,16,2014_16_GB_TB,TB,GB,1,47,-21.2732,33,-15.758,14,-5.5151,10,42,-15.8191
2014,16,2014_16_IND_DAL,DAL,IND,1,62,18.3066,22,26.7025,40,-8.3959,31,23,14.4994
2014,16,2014_16_IND_DAL,IND,DAL,0,56,-27.2258,46,-20.4503,10,-6.7756,20,10,-9.2935
2014,16,2014_16_KC_PIT,KC,PIT,0,66,1.4223,52,5.9851,14,-4.5628,30,62,0.153
2014,16,2014_16_KC_PIT,PIT,KC,1,48,8.6875,26,8.5695,22,0.1181,24,42,9.88
2014,16,2014_16_MIN_MIA,MIA,MIN,1,73,19.6477,48,19.2631,25,0.3845,46,73,19.6477
2014,16,2014_16_MIN_MIA,MIN,MIA,0,57,10.7954,29,9.7926,28,1.0028,29,57,10.7954
2014,16,2014_16_NE_NYJ,NE,NYJ,0,59,-1.2279,39,-4.4333,20,3.2053,29,59,-1.2279
2014,16,2014_16_NE_NYJ,NYJ,NE,1,61,-4.3242,29,2.1677,32,-6.4918,22,61,-4.3242
2014,16,2014_16_NYG_STL,LA,NYG,1,54,-1.0017,34,2.3933,20,-3.395,28,44,-0.4578
2014,16,2014_16_NYG_STL,NYG,LA,0,64,23.4575,33,27.0356,31,-3.5782,25,46,24.5524
2014,16,2014_16_PHI_WAS,PHI,WAS,0,84,15.723,53,16.9669,31,-1.2439,45,84,15.723
2014,16,2014_16_PHI_WAS,WAS,PHI,1,53,5.706,25,7.5027,28,-1.7966,24,53,5.706
2014,16,2014_16_SD_SF,LAC,SF,0,80,2.3858,56,2.4418,24,-0.056,36,73,-2.6951
2014,16,2014_16_SD_SF,SF,LAC,1,66,-3.5929,26,-8.6407,40,5.0478,27,49,7.0435
2014,16,2014_16_SEA_ARI,ARI,SEA,1,64,-23.6423,49,-18.803,15,-4.8393,19,43,-14.7371
2014,16,2014_16_SEA_ARI,SEA,ARI,0,66,25.6646,32,12.5604,34,13.1043,30,55,17.0878
2014,16,2014_16_TEN_JAX,JAX,TEN,1,56,4.0568,31,-5.0123,25,9.0691,20,49,6.2444
2014,16,2014_16_TEN_JAX,TEN,JAX,0,65,-0.2611,38,4.3335,27,-4.5945,30,62,-1.5718
2014,17,2014_17_ARI_SF,ARI,SF,0,67,7.1714,42,6.7931,25,0.3783,33,67,7.1714
2014,17,2014_17_ARI_SF,SF,ARI,1,57,10.3829,27,6.7742,30,3.6087,24,57,10.3829
2014,17,2014_17_BUF_NE,BUF,NE,0,56,0.9861,25,2.4018,31,-1.4158,34,51,3.6967
2014,17,2014_17_BUF_NE,NE,BUF,1,62,-12.2826,37,-11.8422,25,-0.4404,22,59,-9.7485
2014,17,2014_17_CAR_ATL,ATL,CAR,1,69,-35.2711,53,-29.2846,16,-5.9865,22,34,-22.6062
2014,17,2014_17_CAR_ATL,CAR,ATL,0,52,6.3308,17,1.9138,35,4.417,24,31,8.4523
2014,17,2014_17_CHI_MIN,CHI,MIN,0,59,-4.0031,38,-7.1745,21,3.1715,18,59,-4.0031
2014,17,2014_17_CHI_MIN,MIN,CHI,1,58,-5.1912,28,-0.9726,30,-4.2186,27,58,-5.1912
2014,17,2014_17_CIN_PIT,CIN,PIT,0,70,-6.3621,41,-4.9066,29,-1.4555,29,64,-1.5232
2014,17,2014_17_CIN_PIT,PIT,CIN,1,56,-5.3875,39,7.2115,17,-12.599,22,55,-3.6625
2014,17,2014_17_CLE_BAL,BAL,CLE,1,63,1.8503,37,6.3873,26,-4.537,25,59,-0.5048
2014,17,2014_17_CLE_BAL,CLE,BAL,0,59,-10.3457,32,-1.8128,27,-8.5329,17,54,-7.8179
2014,17,2014_17_DAL_WAS,DAL,WAS,0,61,13.185,34,8.0881,27,5.0969,28,42,20.2625
2014,17,2014_17_DAL_WAS,WAS,DAL,1,68,-18.3679,44,-14.2323,24,-4.1356,26,41,-10.5664
2014,17,2014_17_DET_GB,DET,GB,0,67,-4.798,43,-3.4175,24,-1.3805,29,54,-4.1626
2014,17,2014_17_DET_GB,GB,DET,1,62,3.477,24,15.1842,38,-11.7072,30,53,7.1895
2014,17,2014_17_IND_TEN,IND,TEN,0,63,5.8742,36,16.3796,27,-10.5054,25,55,2.8426
2014,17,2014_17_IND_TEN,TEN,IND,1,57,-20.9419,34,-18.0629,23,-2.879,18,53,-16.5811
2014,17,2014_17_JAX_HOU,HOU,JAX,1,75,-7.4583,38,-6.8305,37,-0.6279,32,75,-7.4583
2014,17,2014_17_JAX_HOU,JAX,HOU,0,53,-8.2804,39,-12.0704,14,3.79,18,53,-8.2804
2014,17,2014_17_NO_TB,NO,TB,0,61,4.8032,40,5.3981,21,-0.5949,26,60,5.3733
2014,17,2014_17_NO_TB,TB,NO,1,64,0.5774,25,0.9137,39,-0.3363,28,63,1.0311
2014,17,2014_17_NYJ_MIA,MIA,NYJ,1,66,-1.7284,46,-10.2223,20,8.4938,30,60,4.7874
2014,17,2014_17_NYJ_MIA,NYJ,MIA,0,62,14.7046,28,28.4417,34,-13.7371,26,59,15.3565
2014,17,2014_17_OAK_DEN,DEN,LV,1,73,6.5892,40,9.2975,33,-2.7083,34,42,2.6843
2014,17,2014_17_OAK_DEN,LV,DEN,0,57,-16.3888,39,-12.508,18,-3.8808,18,37,-6.18
2014,17,2014_17_PHI_NYG,NYG,PHI,1,78,0.3581,53,5.1979,25,-4.8398,30,78,0.3581
2014,17,2014_17_PHI_NYG,PHI,NYG,0,69,7.8409,40,4.9733,29,2.8675,34,66,7.4921
2014,17,2014_17_SD_KC,KC,LAC,1,56,-6.4484,31,-7.4866,25,1.0383,20,50,-2.8617
2014,17,2014_17_SD_KC,LAC,KC,0,66,-10.1335,41,-6.7265,25,-3.407,30,55,-7.0245
2014,17,2014_17_STL_SEA,LA,SEA,0,60,-24.1106,41,-17.8608,19,-6.2499,22,50,-22.838
2014,17,2014_17_STL_SEA,SEA,LA,1,59,-8.5099,28,-8.7745,31,0.2646,23,54,-7.2111
2015,1,2015_01_BAL_DEN,BAL,DEN,0,57,-21.9409,34,-17.5781,23,-4.3629,16,57,-21.9409
2015,1,2015_01_BAL_DEN,DEN,BAL,1,68,-16.8768,44,-12.0476,24,-4.8291,22,68,-16.8768
2015,1,2015_01_CAR_JAX,CAR,JAX,0,66,-4.625,33,-0.2794,33,-4.3456,24,58,-2.2327
2015,1,2015_01_CAR_JAX,JAX,CAR,1,65,-19.9844,44,-19.0876,21,-0.8968,25,57,-13.6685
2015,1,2015_01_CIN_OAK,CIN,LV,0,63,14.1953,34,13.9054,29,0.29,28,34,16.1303
2015,1,2015_01_CIN_OAK,LV,CIN,1,62,-11.0121,46,-3.7,16,-7.3122,22,26,-7.7228
2015,1,2015_01_CLE_NYJ,CLE,NYJ,0,63,-12.6714,35,-4.0412,28,-8.6302,25,49,-2.3053
2015,1,2015_01_CLE_NYJ,NYJ,CLE,1,59,8.7843,24,10.326,35,-1.5417,27,45,7.779
2015,1,2015_01_DET_SD,DET,LAC,0,47,0.1065,31,-1.2558,16,1.3622,21,40,-6.222
2015,1,2015_01_DET_SD,LAC,DET,1,72,6.6321,43,12.4089,29,-5.7768,37,72,6.6321
2015,1,2015_01_GB_CHI,CHI,GB,1,70,7.7763,37,0.2284,33,7.5479,32,64,1.781
2015,1,2015_01_GB_CHI,GB,CHI,0,51,20.0986,23,13.3897,28,6.7089,29,47,19.6447
2015,1,2015_01_IND_BUF,BUF,IND,1,52,9.0285,19,9.9726,33,-0.9442,20,29,14.5491
2015,1,2015_01_IND_BUF,IND,BUF,0,69,3.0619,53,2.2777,16,0.7843,29,31,-2.9461
2015,1,2015_01_KC_HOU,HOU,KC,1,74,-10.614,53,-6.4696,21,-4.1444,33,48,-13.6574
2015,1,2015_01_KC_HOU,KC,HOU,0,64,-0.8487,35,5.9532,29,-6.8019,27,40,5.8042
2015,1,2015_01_MIA_WAS,MIA,WAS,0,54,-5.4317,37,0.1454,17,-5.5771,23,49,-4.6351
2015,1,2015_01_MIA_WAS,WAS,MIA,1,68,-3.688,32,0.7191,36,-4.4071,32,68,-3.688
2015,1,2015_01_MIN_SF,MIN,SF,0,54,-17.5405,37,-18.145,17,0.6045,18,45,-15.0698
2015,1,2015_01_MIN_SF,SF,MIN,1,64,13.664,27,1.0529,37,12.6111,36,57,13.7894
2015,1,2015_01_NO_ARI,ARI,NO,1,56,9.7262,32,16.2506,24,-6.5244,24,54,4.3749
2015,1,2015_01_NO_ARI,NO,ARI,0,70,-1.9201,50,1.8298,20,-3.75,25,65,1.0684
2015,1,2015_01_NYG_DAL,DAL,NYG,1,67,-2.791,45,-0.3629,22,-2.4282,37,67,-2.791
2015,1,2015_01_NYG_DAL,NYG,DAL,0,61,2.859,37,-0.0253,24,2.8844,24,61,2.859
2015,1,2015_01_PHI_ATL,ATL,PHI,1,67,-3.9499,35,1.3143,32,-5.2643,28,67,-3.9499
2015,1,2015_01_PHI_ATL,PHI,ATL,0,68,5.4005,52,4.614,16,0.7864,34,67,5.3886
2015,1,2015_01_PIT_NE,NE,PIT,1,57,15.7087,34,15.9614,23,-0.2526,30,48,19.5419
2015,1,2015_01_PIT_NE,PIT,NE,0,67,18.8396,42,16.2355,25,2.604,36,50,11.2621
2015,1,2015_01_SEA_STL,LA,SEA,1,55,-6.1125,29,6.434,26,-12.5465,25,55,-6.1125
2015,1,2015_01_SEA_STL,SEA,LA,0,79,-6.3921,47,-7.4757,32,1.0837,37,79,-6.3921
2015,1,2015_01_TEN_TB,TB,TEN,1,63,-18.2989,37,-10.1809,26,-8.118,22,26,-14.4044
2015,1,2015_01_TEN_TB,TEN,TB,0,46,14.6757,17,19.1466,29,-4.4708,25,22,14.6961
2015,2,2015_02_ARI_CHI,ARI,CHI,0,50,12.9705,24,11.2733,26,1.6972,24,30,8.2431
2015,2,2015_02_ARI_CHI,CHI,ARI,1,62,-13.3441,34,-9.0787,28,-4.2654,21,43,-8.9328
2015,2,2015_02_ATL_NYG,ATL,NYG,0,69,16.9426,48,17.2218,21,-0.2792,32,69,16.9426
2015,2,2015_02_ATL_NYG,NYG,ATL,1,65,4.7623,42,9.7801,23,-5.0178,27,65,4.7623
2015,2,2015_02_BAL_OAK,BAL,LV,0,70,16.6195,45,12.0088,25,4.6107,38,70,16.6195
2015,2,2015_02_BAL_OAK,LV,BAL,1,65,15.5616,47,13.3155,18,2.246,37,65,15.5616
2015,2,2015_02_DAL_PHI,DAL,PHI,0,68,-4.7412,37,-2.0264,31,-2.7147,26,62,-2.7871
2015,2,2015_02_DAL_PHI,PHI,DAL,1,55,-20.1777,38,-8.0376,17,-12.1401,22,44,-29.0502
2015,2,2015_02_DEN_KC,DEN,KC,0,70,-12.2217,48,-2.2949,22,-9.9268,25,70,-12.2217
2015,2,2015_02_DEN_KC,KC,DEN,1,58,-13.6472,30,-11.9027,28,-1.7445,23,56,-13.5201
2015,2,2015_02_DET_MIN,DET,MIN,0,71,-10.5308,54,-1.8734,17,-8.6574,29,52,-13.1571
2015,2,2015_02_DET_MIN,MIN,DET,1,60,6.4323,19,6.5453,41,-0.113,25,40,6.2852
2015,2,2015_02_HOU_CAR,CAR,HOU,1,71,-4.5589,39,-7.3537,32,2.7947,26,71,-4.5589
2015,2,2015_02_HOU_CAR,HOU,CAR,0,82,-12.9458,59,-12.3935,23,-0.5522,25,79,-20.4656
2015,2,2015_02_MIA_JAX,JAX,MIA,1,65,4.4135,33,7.3678,32,-2.9543,27,65,4.4135
2015,2,2015_02_MIA_JAX,MIA,JAX,0,61,7.3827,45,13.3509,16,-5.9681,24,61,7.3827
2015,2,2015_02_NE_BUF,BUF,NE,1,67,0.3307,39,-7.1075,28,7.4381,31,44,-3.9179
2015,2,2015_02_NE_BUF,NE,BUF,0,73,7.9899,61,4.7901,12,3.1998,34,54,12.3691
2015,2,2015_02_NYJ_IND,IND,NYJ,1,61,-12.8472,37,-4.2662,24,-8.581,26,58,-12.5725
2015,2,2015_02_NYJ_IND,NYJ,IND,0,62,-0.6517,35,5.4691,27,-6.1207,27,55,-1.8662
2015,2,2015_02_SD_CIN,CIN,LAC,1,60,1.2559,26,10.0063,34,-8.7504,28,60,1.2559
2015,2,2015_02_SD_CIN,LAC,CIN,0,57,3.6287,32,2.2986,25,1.3302,29,55,1.7536
2015,2,2015_02_SEA_GB,GB,SEA,1,64,4.3572,36,6.3723,28,-2.0151,29,60,4.7614
2015,2,2015_02_SEA_GB,SEA,GB,0,56,-2.3931,31,-1.5149,25,-0.8782,28,51,-1.8047
2015,2,2015_02_SF_PIT,PIT,SF,1,50,27.6924,29,25.5728,21,2.1196,27,26,16.5448
2015,2,2015_02_SF_PIT,SF,PIT,0,83,5.7675,52,12.1362,31,-6.3687,40,29,-6.2404
2015,2,2015_02_STL_WAS,LA,WAS,0,46,-12.8415,33,-10.9753,13,-1.8661,12,38,-9.3941
2015,2,2015_02_STL_WAS,WAS,LA,1,66,3.0881,29,4.8442,37,-1.7561,24,61,4.802
2015,2,2015_02_TB_NO,NO,TB,1,69,-9.1291,43,-11.2858,26,2.1567,28,66,-11.6291
2015,2,2015_02_TB_NO,TB,NO,0,59,-5.4753,24,-0.0618,35,-5.4135,26,55,-6.7142
2015,2,2015_02_TEN_CLE,CLE,TEN,1,46,1.0349,17,3.7864,29,-2.7515,20,34,6.6111
2015,2,2015_02_TEN_CLE,TEN,CLE,0,74,-1.5679,44,-2.3715,30,0.8036,30,46,-11.6718
2015,3,2015_03_ATL_DAL,ATL,DAL,0,69,21.7108,38,13.926,31,7.7847,42,67,22.7354
2015,3,2015_03_ATL_DAL,DAL,ATL,1,49,5.1679,28,1.5962,21,3.5717,28,43,8.4212
2015,3,2015_03_BUF_MIA,BUF,MIA,0,62,17.6634,29,22.7792,33,-5.1158,27,32,11.9518
2015,3,2015_03_BUF_MIA,MIA,BUF,1,71,-11.0364,52,-14.8238,19,3.7874,35,26,-18.5262
2015,3,2015_03_CHI_SEA,CHI,SEA,0,46,-12.6799,19,-8.9652,27,-3.7147,13,37,-7.6781
2015,3,2015_03_CHI_SEA,SEA,CHI,1,61,4.8577,34,5.6189,27,-0.7612,27,34,1.9544
2015,3,2015_03_CIN_BAL,BAL,CIN,1,67,0.9453,49,6.4361,18,-5.4908,28,67,0.9453
2015,3,2015_03_CIN_BAL,CIN,BAL,0,63,1.9094,34,8.9021,29,-6.9927,27,61,4.4074
2015,3,2015_03_DEN_DET,DEN,DET,0,61,2.4918,43,5.6472,18,-3.1553,27,61,2.4918
2015,3,2015_03_DEN_DET,DET,DEN,1,68,-14.6995,49,-8.9687,19,-5.7309,31,56,-13.4834
2015,3,2015_03_IND_TEN,IND,TEN,0,53,4.4724,33,-3.4266,20,7.899,27,47,-4.4601
2015,3,2015_03_IND_TEN,TEN,IND,1,75,-2.2178,47,0.3294,28,-2.5471,33,68,-0.8671
2015,3,2015_03_JAX_NE,JAX,NE,0,55,-0.352,35,7.5054,20,-7.8575,22,32,-4.4656
2015,3,2015_03_JAX_NE,NE,JAX,1,74,30.2077,44,22.5693,30,7.6384,45,37,16.5857
2015,3,2015_03_KC_GB,GB,KC,1,68,13.265,36,15.9593,32,-2.6943,31,50,8.4936
2015,3,2015_03_KC_GB,KC,GB,0,67,1.1105,49,-0.0336,18,1.1441,24,27,-12.0438
2015,3,2015_03_NO_CAR,CAR,NO,1,62,17.7974,32,13.6495,30,4.1479,28,59,18.3626
2015,3,2015_03_NO_CAR,NO,CAR,0,65,7.6921,40,7.4264,25,0.2657,30,65,7.6921
2015,3,2015_03_OAK_CLE,CLE,LV,1,68,4.5074,54,9.3318,14,-4.8244,26,63,3.5012
2015,3,2015_03_OAK_CLE,LV,CLE,0,61,16.3823,32,13.1177,29,3.2646,27,57,19.1571
2015,3,2015_03_PHI_NYJ,NYJ,PHI,1,75,-19.9869,59,-18.5474,16,-1.4395,27,50,-26.9237
2015,3,2015_03_PHI_NYJ,PHI,NYJ,0,64,-12.3202,29,-3.6009,35,-8.7193,24,51,-0.0783
2015,3,2015_03_PIT_STL,LA,PIT,1,49,-13.5922,31,-9.7653,18,-3.8269,17,49,-13.5922
2015,3,2015_03_PIT_STL,PIT,LA,0,56,-3.6937,36,2.3271,20,-6.0208,26,56,-3.6937
2015,3,2015_03_SD_MIN,LAC,MIN,0,72,-9.0915,44,-4.9485,28,-4.143,30,40,-6.6765
2015,3,2015_03_SD_MIN,MIN,LAC,1,54,-0.9196,24,-4.4703,30,3.5506,21,51,1.1994
2015,3,2015_03_SF_ARI,ARI,SF,1,66,15.9693,32,10.9833,34,4.986,32,16,7.5629
2015,3,2015_03_SF_ARI,SF,ARI,0,50,-27.2875,21,-23.9202,29,-3.3672,20,19,-19.412
2015,3,2015_03_TB_HOU,HOU,TB,1,85,-2.4123,40,1.4522,45,-3.8645,39,80,-0.9506
2015,3,2015_03_TB_HOU,TB,HOU,0,56,-7.3839,36,-2.167,20,-5.2168,20,52,-8.5579
2015,3,2015_03_WAS_NYG,NYG,WAS,1,63,10.9116,32,16.9438,31,-6.0321,26,53,9.8101
2015,3,2015_03_WAS_NYG,WAS,NYG,0,71,-3.5499,51,4.1703,20,-7.7201,33,37,-5.4052
2015,4,2015_04_BAL_PIT,BAL,PIT,0,77,-15.1482,38,-13.072,39,-2.0762,34,77,-15.1482
2015,4,2015_04_BAL_PIT,PIT,BAL,1,62,-14.4865,30,-15.8463,32,1.3598,23,62,-14.4865
2015,4,2015_04_CAR_TB,CAR,TB,0,54,2.5209,24,-0.9223,30,3.4432,21,36,4.4834
2015,4,2015_04_CAR_TB,TB,CAR,1,75,-14.013,45,-14.9845,30,0.9715,36,50,-18.8929
2015,4,2015_04_CLE_SD,CLE,LAC,0,67,7.9716,46,9.6808,21,-1.7091,33,67,7.9716
2015,4,2015_04_CLE_SD,LAC,CLE,1,61,10.1301,40,13.024,21,-2.8939,23,61,10.1301
2015,4,2015_04_DAL_NO,DAL,NO,0,56,7.4769,29,10.8322,27,-3.3553,20,56,7.4769
2015,4,2015_04_DAL_NO,NO,DAL,1,69,7.5969,44,8.8341,25,-1.2372,28,69,7.5969
2015,4,2015_04_DET_SEA,DET,SEA,0,53,-9.2464,35,-5.7182,18,-3.5282,20,53,-9.2464
2015,4,2015_04_DET_SEA,SEA,DET,1,60,-7.6076,32,-2.5845,28,-5.0231,27,60,-7.6076
2015,4,2015_04_GB_SF,GB,SF,0,68,9.0886,35,4.8733,33,4.2153,34,52,12.2084
2015,4,2015_04_GB_SF,SF,GB,1,50,-12.8949,31,-8.0921,19,-4.8028,15,40,-8.6985
2015,4,2015_04_HOU_ATL,ATL,HOU,1,64,10.8501,29,9.6474,35,1.2027,26,24,2.0827
2015,4,2015_04_HOU_ATL,HOU,ATL,0,75,-15.6813,58,-6.6182,17,-9.0631,27,20,-17.5411
2015,4,2015_04_JAX_IND,IND,JAX,1,72,-10.2628,50,3.4196,22,-13.6824,29,72,-10.2628
2015,4,2015_04_JAX_IND,JAX,IND,0,78,-0.2012,50,1.0678,28,-1.269,35,78,-0.2012
2015,4,2015_04_KC_CIN,CIN,KC,1,51,24.7276,24,19.2883,27,5.4392,27,38,22.0475
2015,4,2015_04_KC_CIN,KC,CIN,0,73,6.7517,50,4.2707,23,2.4811,38,65,5.3091
2015,4,2015_04_MIN_DEN,DEN,MIN,1,51,-0.1087,29,-1.9692,22,1.8605,20,51,-0.1087
2015,4,2015_04_MIN_DEN,MIN,DEN,0,69,1.5293,48,-1.0808,21,2.6102,25,69,1.5293
2015,4,2015_04_NYG_BUF,BUF,NYG,1,68,-17.0263,44,-8.5622,24,-8.4641,21,51,-12.9897
2015,4,2015_04_NYG_BUF,NYG,BUF,0,63,-1.8237,36,-1.8875,27,0.0638,25,51,2.5665
2015,4,2015_04_NYJ_MIA,MIA,NYJ,1,58,-19.8054,47,-20.5678,11,0.7624,15,38,-8.0551
2015,4,2015_04_NYJ_MIA,NYJ,MIA,0,68,12.2191,29,7.0871,39,5.132,34,45,18.3928
2015,4,2015_04_OAK_CHI,CHI,LV,1,75,-4.3676,46,12.3326,29,-16.7003,32,75,-4.3676
2015,4,2015_04_OAK_CHI,LV,CHI,0,57,-10.1921,35,-0.7714,22,-9.4207,25,57,-10.1921
2015,4,2015_04_PHI_WAS,PHI,WAS,0,51,4.1038,33,8.8976,18,-4.7938,18,50,4.0337
2015,4,2015_04_PHI_WAS,WAS,PHI,1,79,3.5462,47,7.2178,32,-3.6716,32,79,3.5462
2015,4,2015_04_STL_ARI,ARI,LA,1,69,-0.4537,49,-0.6212,20,0.1675,34,69,-0.4537
2015,4,2015_04_STL_ARI,LA,ARI,0,50,7.1964,25,4.3136,25,2.8828,22,50,7.1964
2015,5,2015_05_ARI_DET,ARI,DET,0,41,14.8898,20,6.6282,21,8.2615,20,23,10.0364
2015,5,2015_05_ARI_DET,DET,ARI,1,89,-21.2391,71,-13.9873,18,-7.2519,38,49,-21.4729
2015,5,2015_05_BUF_TEN,BUF,TEN,0,47,1.1721,22,-3.0427,25,4.2148,16,47,1.1721
2015,5,2015_05_BUF_TEN,TEN,BUF,1,62,-4.8021,34,-1.9122,28,-2.89,22,62,-4.8021
2015,5,2015_05_CHI_KC,CHI,KC,0,74,-4.1814,49,-1.9485,25,-2.2329,30,72,-6.3438
2015,5,2015_05_CHI_KC,KC,CHI,1,58,-2.7057,33,-4.0998,25,1.3941,28,53,1.2547
2015,5,2015_05_CLE_BAL,BAL,CLE,1,68,9.4581,37,1.6191,31,7.8389,32,68,9.4581
2015,5,2015_05_CLE_BAL,CLE,BAL,0,82,14.5152,57,15.8328,25,-1.3176,36,82,14.5152
2015,5,2015_05_DEN_OAK,DEN,LV,0,55,-13.4658,37,-6.6326,18,-6.8332,18,49,-10.3222
2015,5,2015_05_DEN_OAK,LV,DEN,1,67,-16.204,43,-13.704,24,-2.5,22,66,-14.2626
2015,5,2015_05_IND_HOU,HOU,IND,1,70,7.4974,42,14.5945,28,-7.0971,36,70,7.4974
2015,5,2015_05_IND_HOU,IND,HOU,0,56,10.9423,29,10.849,27,0.0932,25,53,9.7251
2015,5,2015_05_JAX_TB,JAX,TB,0,56,1.0591,39,8.826,17,-7.7669,27,46,-3.3675
2015,5,2015_05_JAX_TB,TB,JAX,1,60,10.6813,22,13.9137,38,-3.2324,24,50,11.9183
2015,5,2015_05_NE_DAL,DAL,NE,1,65,-20.7774,42,-21.6605,23,0.883,26,41,-11.2825
2015,5,2015_05_NE_DAL,NE,DAL,0,53,9.2083,32,10.9046,21,-1.6963,30,42,6.086
2015,5,2015_05_NO_PHI,NO,PHI,0,68,-11.2657,48,-11.9554,20,0.6897,28,45,-8.1337
2015,5,2015_05_NO_PHI,PHI,NO,1,79,6.7068,45,2.1557,34,4.5511,40,55,3.335
2015,5,2015_05_PIT_SD,LAC,PIT,1,69,-3.9474,50,3.4574,19,-7.4048,31,69,-3.9474
2015,5,2015_05_PIT_SD,PIT,LAC,0,55,2.7761,28,-2.2806,27,5.0567,22,55,2.7761
2015,5,2015_05_SEA_CIN,CIN,SEA,1,79,-4.3326,48,7.2105,31,-11.543,36,75,-5.0387
2015,5,2015_05_SEA_CIN,SEA,CIN,0,57,4.7526,27,-2.1755,30,6.9281,28,50,9.4748
2015,5,2015_05_SF_NYG,NYG,SF,1,75,17.7558,54,21.8545,21,-4.0987,42,75,17.7558
2015,5,2015_05_SF_NYG,SF,NYG,0,63,15.6112,37,9.9828,26,5.6284,29,63,15.6112
2015,5,2015_05_STL_GB,GB,LA,1,58,-13.6305,32,-5.9766,26,-7.6539,21,48,-12.1433
2015,5,2015_05_STL_GB,LA,GB,0,69,-21.8287,33,-21.3567,36,-0.4719,24,65,-20.6069
2015,5,2015_05_WAS_ATL,ATL,WAS,1,78,-1.5426,46,-8.8549,32,7.3123,40,78,-1.5426
2015,5,2015_05_WAS_ATL,WAS,ATL,0,58,-12.4774,34,-8.0483,24,-4.4291,21,58,-12.4774
2015,6,2015_06_ARI_PIT,ARI,PIT,0,64,-1.9778,45,3.0523,19,-5.0301,30,56,-1.8941
2015,6,2015_06_ARI_PIT,PIT,ARI,1,53,0.4946,22,4.2282,31,-3.7336,22,53,0.4946
2015,6,2015_06_ATL_NO,ATL,NO,0,70,-0.7242,49,5.9265,21,-6.6507,34,45,-5.8607
2015,6,2015_06_ATL_NO,NO,ATL,1,71,9.2796,40,17.1016,31,-7.822,34,58,10.2819
2015,6,2015_06_BAL_SF,BAL,SF,0,74,1.871,52,4.533,22,-2.662,39,70,-4.6158
2015,6,2015_06_BAL_SF,SF,BAL,1,56,3.7314,31,10.7198,25,-6.9884,17,56,3.7314
2015,6,2015_06_CAR_SEA,CAR,SEA,0,70,6.0208,38,1.8765,32,4.1443,36,70,6.0208
2015,6,2015_06_CAR_SEA,SEA,CAR,1,60,-3.5026,34,1.3786,26,-4.8811,21,60,-3.5026
2015,6,2015_06_CHI_DET,CHI,DET,0,74,4.4634,43,8.2847,31,-3.8214,32,74,4.4634
2015,6,2015_06_CHI_DET,DET,CHI,1,76,12.6125,44,10.7461,32,1.8664,36,76,12.6125
2015,6,2015_06_CIN_BUF,BUF,CIN,1,66,5.5022,43,-0.0582,23,5.5603,34,44,2.4159
2015,6,2015_06_CIN_BUF,CIN,BUF,0,59,16.1476,33,15.8219,26,0.3257,33,44,16.1608
2015,6,2015_06_DEN_CLE,CLE,DEN,1,76,-27.3285,44,-23.227,32,-4.1015,28,76,-27.3285
2015,6,2015_06_DEN_CLE,DEN,CLE,0,80,-11.5013,47,-11.036,33,-0.4652,28,80,-11.5013
2015,6,2015_06_HOU_JAX,HOU,JAX,0,65,14.2991,37,17.383,28,-3.0839,30,62,16.2721
2015,6,2015_06_HOU_JAX,JAX,HOU,1,77,-4.5201,56,-3.5288,21,-0.9913,32,55,-8.6513
2015,6,2015_06_KC_MIN,KC,MIN,0,57,-5.7004,39,6.0523,18,-11.7527,27,57,-5.7004
2015,6,2015_06_KC_MIN,MIN,KC,1,65,-6.019,33,0.3819,32,-6.4009,21,63,-4.4336
2015,6,2015_06_MIA_TEN,MIA,TEN,0,63,14.9206,31,6.9503,32,7.9703,35,41,8.0061
2015,6,2015_06_MIA_TEN,TEN,MIA,1,64,-22.5636,46,-22.5591,18,-0.0045,28,42,-20.2166
2015,6,2015_06_NE_IND,IND,NE,1,74,1.5658,53,2.2297,21,-0.6639,33,51,-1.6032
2015,6,2015_06_NE_IND,NE,IND,0,62,10.3942,39,7.5655,23,2.8286,28,53,15.971
2015,6,2015_06_NYG_PHI,NYG,PHI,0,64,-25.8918,41,-19.254,23,-6.6379,25,48,-19.5709
2015,6,2015_06_NYG_PHI,PHI,NYG,1,73,-5.9543,38,-6.9594,35,1.0051,34,49,-2.9565
2015,6,2015_06_SD_GB,GB,LAC,1,48,9.7834,32,4.6658,16,5.1176,20,48,9.7834
2015,6,2015_06_SD_GB,LAC,GB,0,89,10.5718,68,19.9096,21,-9.3379,44,89,10.5718
2015,6,2015_06_WAS_NYJ,NYJ,WAS,1,65,4.0437,26,1.4181,39,2.6256,27,43,4.9475
2015,6,2015_06_WAS_NYJ,WAS,NYJ,0,62,-15.5296,45,-8.4727,17,-7.0568,22,47,-11.4578
2015,7,2015_07_ATL_TEN,ATL,TEN,0,67,-7.6399,38,-5.0022,29,-2.6377,31,67,-7.6399
2015,7,2015_07_ATL_TEN,TEN,ATL,1,52,-15.1011,36,-13.6832,16,-1.4179,21,52,-15.1011
2015,7,2015_07_BAL_ARI,ARI,BAL,1,58,9.8918,31,9.7164,27,0.1754,25,44,9.8383
2015,7,2015_07_BAL_ARI,BAL,ARI,0,59,2.8482,43,6.272,16,-3.4238,26,49,1.2754
2015,7,2015_07_BUF_JAX,BUF,JAX,0,75,-13.4572,46,-17.0718,29,3.6146,36,63,-20.1609
2015,7,2015_07_BUF_JAX,JAX,BUF,1,59,-3.6043,31,-0.6851,28,-2.9192,24,48,4.676
2015,7,2015_07_CLE_STL,CLE,LA,0,65,-20.9327,41,-15.3958,24,-5.537,25,51,-16.3354
2015,7,2015_07_CLE_STL,LA,CLE,1,49,-7.57,25,-10.3121,24,2.7421,19,39,-7.1593
2015,7,2015_07_DAL_NYG,DAL,NYG,0,69,4.0884,28,-8.1272,41,12.2155,37,69,4.0884
2015,7,2015_07_DAL_NYG,NYG,DAL,1,47,0.968,26,-0.3308,21,1.2988,19,44,2.3361
2015,7,2015_07_HOU_MIA,HOU,MIA,0,79,-8.2461,54,-3.4019,25,-4.8442,32,15,-13.5253
2015,7,2015_07_HOU_MIA,MIA,HOU,1,56,14.0402,24,13.5594,32,0.4807,28,14,13.0283
2015,7,2015_07_MIN_DET,DET,MIN,1,50,-7.2387,33,-5.6091,17,-1.6296,21,43,-3.9928
2015,7,2015_07_MIN_DET,MIN,DET,0,73,6.7975,39,15.6178,34,-8.8204,29,62,11.3932
2015,7,2015_07_NO_IND,IND,NO,1,61,-8.7806,48,-9.0356,13,0.255,18,43,-18.6569
2015,7,2015_07_NO_IND,NO,IND,0,79,4.8921,47,-0.4348,32,5.3269,27,50,5.2714
2015,7,2015_07_NYJ_NE,NE,NYJ,1,66,10.0608,57,7.7314,9,2.3294,27,65,7.7089
2015,7,2015_07_NYJ_NE,NYJ,NE,0,70,9.8872,41,11.0298,29,-1.1425,27,64,7.7757
2015,7,2015_07_OAK_SD,LAC,LV,1,82,1.088,61,-0.2477,21,1.3357,41,23,-13.2253
2015,7,2015_07_OAK_SD,LV,LAC,0,57,12.6968,32,12.56,25,0.1368,25,29,7.3827
2015,7,2015_07_PHI_CAR,CAR,PHI,1,57,0.8212,25,-4.5866,32,5.4078,29,50,3.2319
2015,7,2015_07_PHI_CAR,PHI,CAR,0,81,-9.3154,51,-14.5303,30,5.2149,27,72,-3.536
2015,7,2015_07_PIT_KC,KC,PIT,1,61,7.5112,34,6.7846,27,0.7266,26,58,7.709
2015,7,2015_07_PIT_KC,PIT,KC,0,54,-6.2259,31,-8.0406,23,1.8148,23,52,-5.2656
2015,7,2015_07_SEA_SF,SEA,SF,0,67,6.6551,29,4.104,38,2.5511,26,48,12.5671
2015,7,2015_07_SEA_SF,SF,SEA,1,45,-14.5569,30,-11.3141,15,-3.2428,14,32,-12.4018
2015,7,2015_07_TB_WAS,TB,WAS,0,60,18.9597,30,17.1777,30,1.7821,33,60,18.9597
2015,7,2015_07_TB_WAS,WAS,TB,1,59,6.4007,41,5.7756,18,0.6251,30,52,0.8582
2015,8,2015_08_ARI_CLE,ARI,CLE,0,74,7.956,38,20.1502,36,-12.1942,35,63,8.9929
2015,8,2015_08_ARI_CLE,CLE,ARI,1,61,-8.4992,41,1.1245,20,-9.6237,24,54,-5.3672
2015,8,2015_08_CIN_PIT,CIN,PIT,0,62,-5.6935,41,0.8303,21,-6.5237,26,62,-5.6935
2015,8,2015_08_CIN_PIT,PIT,CIN,1,67,-10.0188,48,-12.7305,19,2.7116,28,67,-10.0188
2015,8,2015_08_DET_KC,DET,KC,0,58,-10.8615,44,-12.0545,14,1.193,19,28,-9.0608
2015,8,2015_08_DET_KC,KC,DET,1,62,16.2332,31,4.0682,31,12.165,28,31,11.8604
2015,8,2015_08_GB_DEN,DEN,GB,1,63,18.0705,29,15.9861,34,2.0844,32,42,20.802
2015,8,2015_08_GB_DEN,GB,DEN,0,46,-9.8038,25,-11.7051,21,1.9013,16,40,-5.3215
2015,8,2015_08_IND_CAR,CAR,IND,1,73,-9.2996,37,-0.5837,36,-8.7159,25,68,-11.6046
2015,8,2015_08_IND_CAR,IND,CAR,0,82,-17.4231,47,-6.8724,35,-10.5507,29,74,-24.234
2015,8,2015_08_MIA_NE,MIA,NE,0,62,-14.9586,49,-9.715,13,-5.2437,23,36,-6.1321
2015,8,2015_08_MIA_NE,NE,MIA,1,66,14.3521,40,15.9676,26,-1.6154,33,48,9.2379
2015,8,2015_08_MIN_CHI,CHI,MIN,1,59,3.9621,34,4.5699,25,-0.6078,23,59,3.9621
2015,8,2015_08_MIN_CHI,MIN,CHI,0,56,2.9802,31,0.357,25,2.6233,25,56,2.9802
2015,8,2015_08_NYG_NO,NO,NYG,1,76,24.4406,50,23.264,26,1.1766,46,76,24.4406
2015,8,2015_08_NYG_NO,NYG,NO,0,65,19.7264,44,21.8684,21,-2.142,36,65,19.7264
2015,8,2015_08_NYJ_OAK,LV,NYJ,1,59,17.7235,36,16.6942,23,1.0292,29,37,22.8572
2015,8,2015_08_NYJ_OAK,NYJ,LV,0,71,1.6221,50,4.7454,21,-3.1233,37,28,-3.1861
2015,8,2015_08_SD_BAL,BAL,LAC,1,64,7.1776,40,10.8333,24,-3.6557,31,64,7.1776
2015,8,2015_08_SD_BAL,LAC,BAL,0,63,13.6901,37,16.9397,26,-3.2496,30,63,13.6901
2015,8,2015_08_SEA_DAL,DAL,SEA,1,56,-6.2937,27,-8.1491,29,1.8555,20,56,-6.2937
2015,8,2015_08_SEA_DAL,SEA,DAL,0,60,1.0733,30,1.4053,30,-0.3321,28,60,1.0733
2015,8,2015_08_SF_STL,LA,SF,1,62,-6.0515,24,-4.4881,38,-1.5634,22,45,-4.7496
2015,8,2015_08_SF_STL,SF,LA,0,64,-23.8391,44,-16.9064,20,-6.9326,17,49,-16.467
2015,8,2015_08_TB_ATL,ATL,TB,1,73,0.9515,46,13.9176,27,-12.9661,40,73,0.9515
2015,8,2015_08_TB_ATL,TB,ATL,0,62,-1.1177,31,2.358,31,-3.4756,24,61,0.9602
2015,8,2015_08_TEN_HOU,HOU,TEN,1,60,-11.155,38,-3.6667,22,-7.4884,19,45,-5.547
2015,8,2015_08_TEN_HOU,TEN,HOU,0,58,-23.8265,38,-22.6172,20,-1.2094,26,44,-20.3061
2015,9,2015_09_ATL_SF,ATL,SF,0,61,-4.8235,47,-0.3403,14,-4.4832,24,61,-4.8235
2015,9,2015_09_ATL_SF,SF,ATL,1,61,0.8036,26,3.4844,35,-2.6808,22,61,0.8036
2015,9,2015_09_CHI_SD,CHI,LAC,0,68,10.0991,41,7.595,27,2.504,36,68,10.0991
2015,9,2015_09_CHI_SD,LAC,CHI,1,63,-2.7151,44,-1.2863,19,-1.4288,26,63,-2.7151
2015,9,2015_09_CLE_CIN,CIN,CLE,1,63,14.9757,29,15.7875,34,-0.8118,30,49,11.3345
2015,9,2015_09_CLE_CIN,CLE,CIN,0,53,-5.7658,36,-4.8006,17,-0.9652,18,39,2.8271
2015,9,2015_09_DEN_IND,DEN,IND,0,51,-0.9083,37,3.6882,14,-4.5965,19,51,-0.9083
2015,9,2015_09_DEN_IND,IND,DEN,1,76,9.4193,37,11.3609,39,-1.9416,31,70,12.7943
2015,9,2015_09_GB_CAR,CAR,GB,1,66,2.1985,30,6.1335,36,-3.9349,27,42,12.2652
2015,9,2015_09_GB_CAR,GB,CAR,0,72,-2.2308,53,4.2311,19,-6.4619,25,48,-9.6226
2015,9,2015_09_JAX_NYJ,JAX,NYJ,0,65,-0.4169,46,0.1586,19,-0.5755,27,62,-6.3263
2015,9,2015_09_JAX_NYJ,NYJ,JAX,1,61,0.1281,36,8.3787,25,-8.2506,17,61,0.1281
2015,9,2015_09_MIA_BUF,BUF,MIA,1,48,22.8371,15,8.8848,33,13.9523,25,37,14.9787
2015,9,2015_09_MIA_BUF,MIA,BUF,0,62,6.4398,38,2.8816,24,3.5582,34,54,4.9558
2015,9,2015_09_NYG_TB,NYG,TB,0,73,-3.871,40,0.8645,33,-4.7355,32,70,-3.4234
2015,9,2015_09_NYG_TB,TB,NYG,1,60,-11.6053,37,-4.9768,23,-6.6285,25,58,-4.7672
2015,9,2015_09_OAK_PIT,LV,PIT,0,68,6.9487,44,7.4619,24,-0.5132,26,68,6.9487
2015,9,2015_09_OAK_PIT,PIT,LV,1,82,12.4982,52,6.8295,30,5.6687,35,82,12.4982
2015,9,2015_09_PHI_DAL,DAL,PHI,1,71,3.9437,42,1.1253,29,2.8184,37,71,3.9437
2015,9,2015_09_PHI_DAL,PHI,DAL,0,71,12.5359,37,1.5655,34,10.9704,30,71,12.5359
2015,9,2015_09_STL_MIN,LA,MIN,0,70,-9.4365,33,-8.0734,37,-1.3631,23,70,-9.4365
2015,9,2015_09_STL_MIN,MIN,LA,1,63,-7.038,28,-8.6283,35,1.5903,28,63,-7.038
2015,9,2015_09_TEN_NO,NO,TEN,1,68,9.7049,43,16.2008,25,-6.4959,30,68,9.7049
2015,9,2015_09_TEN_NO,TEN,NO,0,68,14.2879,40,22.9838,28,-8.6959,33,67,14.3658
2015,9,2015_09_WAS_NE,NE,WAS,1,74,9.8496,39,8.5378,35,1.3118,38,42,4.3256
2015,9,2015_09_WAS_NE,WAS,NE,0,56,-9.9961,41,-2.3486,15,-7.6475,19,33,-12.5847
2015,10,2015_10_ARI_SEA,ARI,SEA,0,80,-1.6159,50,0.3259,30,-1.9418,34,80,-1.6159
2015,10,2015_10_ARI_SEA,SEA,ARI,1,53,-1.3503,35,-7.2575,18,5.9072,22,48,-2.6957
2015,10,2015_10_BUF_NYJ,BUF,NYJ,0,63,-10.8923,31,-4.0669,32,-6.8254,24,61,-8.8423
2015,10,2015_10_BUF_NYJ,NYJ,BUF,1,59,-13.6364,35,-7.6698,24,-5.9666,20,59,-13.6364
2015,10,2015_10_CAR_TEN,CAR,TEN,0,62,11.6374,30,7.4302,32,4.2072,35,52,6.4372
2015,10,2015_10_CAR_TEN,TEN,CAR,1,46,-6.302,25,-0.2734,21,-6.0286,18,40,-5.5828
2015,10,2015_10_CHI_STL,CHI,LA,0,61,6.0468,26,11.1128,35,-5.066,26,50,12.782
2015,10,2015_10_CHI_STL,LA,CHI,1,59,-27.7955,38,-19.2824,21,-8.513,16,43,-7.94
2015,10,2015_10_CLE_PIT,CLE,PIT,0,65,-6.6161,51,-2.6068,14,-4.0094,26,35,-10.2609
2015,10,2015_10_CLE_PIT,PIT,CLE,1,58,4.8996,39,7.6972,19,-2.7976,27,37,3.4929
2015,10,2015_10_DAL_TB,DAL,TB,0,52,-7.9343,31,-0.9956,21,-6.9387,20,52,-7.9343
2015,10,2015_10_DAL_TB,TB,DAL,1,66,-4.3711,41,-4.5425,25,0.1714,27,66,-4.3711
2015,10,2015_10_DET_GB,DET,GB,0,64,-4.0412,38,3.5371,26,-7.5783,25,64,-4.0412
2015,10,2015_10_DET_GB,GB,DET,1,81,-0.5569,64,1.5812,17,-2.1381,33,81,-0.5569
2015,10,2015_10_HOU_CIN,CIN,HOU,1,62,-10.9423,42,-9.7886,20,-1.1537,26,62,-10.9423
2015,10,2015_10_HOU_CIN,HOU,CIN,0,59,-6.1427,36,0.9854,23,-7.1281,18,59,-6.1427
2015,10,2015_10_JAX_BAL,BAL,JAX,1,68,-5.5757,47,-4.8107,21,-0.7649,32,68,-5.5757
2015,10,2015_10_JAX_BAL,JAX,BAL,0,71,-9.3387,49,-5.9583,22,-3.3804,24,71,-9.3387
2015,10,2015_10_KC_DEN,DEN,KC,1,66,-23.9612,49,-22.0066,17,-1.9546,23,27,-25.2767
2015,10,2015_10_KC_DEN,KC,DEN,0,63,-4.9965,33,-3.4309,30,-1.5656,20,39,-0.1688
2015,10,2015_10_MIA_PHI,MIA,PHI,0,64,-0.2073,40,1.8624,24,-2.0697,21,64,-0.2073
2015,10,2015_10_MIA_PHI,PHI,MIA,1,87,-4.3177,52,0.598,35,-4.9157,34,87,-4.3177
2015,10,2015_10_MIN_OAK,LV,MIN,1,64,-4.3641,45,-3.962,19,-0.4022,27,54,-3.6922
2015,10,2015_10_MIN_OAK,MIN,LV,0,59,10.462,26,-2.4278,33,12.8898,31,58,4.1369
2015,10,2015_10_NE_NYG,NE,NYG,0,66,6.3362,44,5.1776,22,1.1586,29,66,6.3362
2015,10,2015_10_NE_NYG,NYG,NE,1,70,2.2103,47,5.8577,23,-3.6473,26,70,2.2103
2015,10,2015_10_NO_WAS,NO,WAS,0,55,-8.5237,30,-4.0959,25,-4.4278,25,30,6.1929
2015,10,2015_10_NO_WAS,WAS,NO,1,59,21.7769,28,17.2828,31,4.4941,27,39,21.5639
2015,11,2015_11_BUF_NE,BUF,NE,0,67,-4.2925,38,1.3468,29,-5.6392,25,65,-5.0623
2015,11,2015_11_BUF_NE,NE,BUF,1,62,-0.4477,40,2.9277,22,-3.3754,20,62,-0.4477
2015,11,2015_11_CIN_ARI,ARI,CIN,1,56,9.5532,32,12.5278,24,-2.9746,26,56,9.5532
2015,11,2015_11_CIN_ARI,CIN,ARI,0,71,5.4382,43,9.7163,28,-4.2782,33,71,5.4382
2015,11,2015_11_DAL_MIA,DAL,MIA,0,67,5.6104,30,3.9114,37,1.699,26,57,7.4589
2015,11,2015_11_DAL_MIA,MIA,DAL,1,41,-6.9015,27,-5.7091,14,-1.1924,12,37,-6.1946
2015,11,2015_11_DEN_CHI,CHI,DEN,1,60,-9.5341,34,-7.3222,26,-2.2119,23,60,-9.5341
2015,11,2015_11_DEN_CHI,DEN,CHI,0,67,5.9779,32,7.2999,35,-1.322,32,63,9.8127
2015,11,2015_11_GB_MIN,GB,MIN,0,69,3.7411,37,8.5817,32,-4.8406,28,56,9.6083
2015,11,2015_11_GB_MIN,MIN,GB,1,62,-6.5246,44,-4.2778,18,-2.2468,26,43,1.2482
2015,11,2015_11_IND_ATL,ATL,IND,1,71,-13.2572,47,-3.7147,24,-9.5426,25,71,-13.2572
2015,11,2015_11_IND_ATL,IND,ATL,0,61,-12.4636,34,-0.587,27,-11.8766,25,61,-12.4636
2015,11,2015_11_KC_SD,KC,LAC,0,59,9.7287,28,4.1913,31,5.5374,27,44,8.4875
2015,11,2015_11_KC_SD,LAC,KC,1,57,-20.332,33,-9.841,24,-10.491,21,40,-14.9532
2015,11,2015_11_NYJ_HOU,HOU,NYJ,1,70,-1.1621,36,2.74,34,-3.9022,25,64,2.1914
2015,11,2015_11_NYJ_HOU,NYJ,HOU,0,62,-12.6185,42,-10.2489,20,-2.3697,25,51,-15.3934
2015,11,2015_11_OAK_DET,DET,LV,1,68,3.2998,39,5.9806,29,-2.6808,30,66,1.5043
2015,11,2015_11_OAK_DET,LV,DET,0,47,-3.9779,26,-0.5657,21,-3.4122,19,47,-3.9779
2015,11,2015_11_SF_SEA,SEA,SF,1,71,24.7977,31,18.0741,40,6.7236,42,48,24.3452
2015,11,2015_11_SF_SEA,SF,SEA,0,52,0.3488,36,2.6742,16,-2.3255,18,33,2.3148
2015,11,2015_11_STL_BAL,BAL,LA,1,72,-16.8532,44,-9.5533,28,-7.2999,28,72,-16.8532
2015,11,2015_11_STL_BAL,LA,BAL,0,56,-21.2389,27,-5.0269,29,-16.2119,21,56,-21.2389
2015,11,2015_11_TB_PHI,PHI,TB,1,72,-6.542,44,-9.2395,28,2.6974,33,36,2.5163
2015,11,2015_11_TB_PHI,TB,PHI,0,69,28.3842,30,20.8883,39,7.4959,31,50,29.3802
2015,11,2015_11_TEN_JAX,JAX,TEN,1,58,-6.6976,35,1.4635,23,-8.1611,27,58,-6.6976
2015,11,2015_11_TEN_JAX,TEN,JAX,0,63,-8.4062,37,-5.554,26,-2.8522,22,63,-8.4062
2015,11,2015_11_WAS_CAR,CAR,WAS,1,75,7.3832,36,10.4644,39,-3.0812,33,43,10.5514
2015,11,2015_11_WAS_CAR,WAS,CAR,0,47,-24.0306,35,-14.6494,12,-9.3811,15,22,-14.2005
2015,12,2015_12_ARI_SF,ARI,SF,0,68,-1.454,41,4.9097,27,-6.3637,29,67,-0.7953
2015,12,2015_12_ARI_SF,SF,ARI,1,55,-0.0928,38,1.4266,17,-1.5194,23,55,-0.0928
2015,12,2015_12_BAL_CLE,BAL,CLE,0,58,1.0758,34,2.3762,24,-1.3003,25,57,2.0228
2015,12,2015_12_BAL_CLE,CLE,BAL,1,68,3.3822,50,3.6536,18,-0.2714,23,68,3.3822
2015,12,2015_12_BUF_KC,BUF,KC,0,68,4.7168,40,10.4313,28,-5.7145,28,65,7.2861
2015,12,2015_12_BUF_KC,KC,BUF,1,57,14.8216,31,7.7114,26,7.1102,29,54,14.0414
2015,12,2015_12_CAR_DAL,CAR,DAL,0,64,5.1373,28,6.4346,36,-1.2973,33,39,9.3858
2015,12,2015_12_CAR_DAL,DAL,CAR,1,56,-18.9715,42,-16.3998,14,-2.5717,21,31,-23.0375
2015,12,2015_12_CHI_GB,CHI,GB,0,62,-1.6918,32,3.8167,30,-5.5085,30,62,-1.6918
2015,12,2015_12_CHI_GB,GB,CHI,1,73,-15.8199,45,-14.3747,28,-1.4452,31,73,-15.8199
2015,12,2015_12_MIA_NYJ,MIA,NYJ,0,70,-4.8744,61,-0.5455,9,-4.3289,25,31,-14.7679
2015,12,2015_12_MIA_NYJ,NYJ,MIA,1,71,12.694,38,14.5279,33,-1.8338,30,45,7.0111
2015,12,2015_12_MIN_ATL,ATL,MIN,1,56,-10.1765,33,-0.8753,23,-9.3012,25,47,-12.8675
2015,12,2015_12_MIN_ATL,MIN,ATL,0,64,7.045,28,0.9029,36,6.1421,28,61,3.2595
2015,12,2015_12_NE_DEN,DEN,NE,1,77,1.3646,45,-5.2292,32,6.5937,30,77,1.3646
2015,12,2015_12_NE_DEN,NE,DEN,0,61,-2.2617,45,3.6688,16,-5.9305,17,61,-2.2617
2015,12,2015_12_NO_HOU,HOU,NO,1,63,4.7999,28,3.9868,35,0.8131,27,44,10.7965
2015,12,2015_12_NO_HOU,NO,HOU,0,56,-16.8771,46,-16.2614,10,-0.6156,21,32,-9.7357
2015,12,2015_12_NYG_WAS,NYG,WAS,0,67,-7.63,54,-4.8056,13,-2.8243,23,47,-12.3384
2015,12,2015_12_NYG_WAS,WAS,NYG,1,64,2.1774,29,10.6388,35,-8.4614,25,39,8.5398
2015,12,2015_12_OAK_TEN,LV,TEN,0,68,3.8935,39,13.6734,29,-9.7798,31,68,3.8935
2015,12,2015_12_OAK_TEN,TEN,LV,1,57,-9.9061,39,-7.274,18,-2.6321,21,57,-9.9061
2015,12,2015_12_PHI_DET,DET,PHI,1,70,20.2053,40,22.6246,30,-2.4193,36,43,15.4992
2015,12,2015_12_PHI_DET,PHI,DET,0,57,-8.9212,33,-2.257,24,-6.6643,21,29,-0.6688
2015,12,2015_12_PIT_SEA,PIT,SEA,0,76,7.021,63,2.5654,13,4.4556,40,73,7.7401
2015,12,2015_12_PIT_SEA,SEA,PIT,1,60,15.7291,33,20.3359,27,-4.6067,25,57,16.0749
2015,12,2015_12_SD_JAX,JAX,LAC,1,70,-1.537,51,0.9835,19,-2.5205,27,62,-3.8537
2015,12,2015_12_SD_JAX,LAC,JAX,0,69,11.8369,45,11.9145,24,-0.0776,33,65,12.3824
2015,12,2015_12_STL_CIN,CIN,LA,1,58,4.1338,28,4.2592,30,-0.1253,26,42,12.2727
2015,12,2015_12_STL_CIN,LA,CIN,0,71,-15.9012,54,-14.8604,17,-1.0408,30,33,-2.3594
2015,12,2015_12_TB_IND,IND,TB,1,68,2.1472,45,10.0528,23,-7.9056,28,63,2.2247
2015,12,2015_12_TB_IND,TB,IND,0,62,2.5991,41,1.1583,21,1.4408,26,52,6.7805
2015,13,2015_13_ARI_STL,ARI,LA,0,75,17.4872,42,15.5682,33,1.9189,35,55,14.1233
2015,13,2015_13_ARI_STL,LA,ARI,1,48,-18.6446,35,-14.6879,13,-3.9567,13,30,-13.5008
2015,13,2015_13_ATL_TB,ATL,TB,0,66,0.7922,48,-1.4828,18,2.2749,31,66,0.7922
2015,13,2015_13_ATL_TB,TB,ATL,1,63,11.0096,29,5.5847,34,5.425,33,63,11.0096
2015,13,2015_13_BAL_MIA,BAL,MIA,0,75,-12.3394,49,-7.062,26,-5.2773,30,75,-12.3394
2015,13,2015_13_BAL_MIA,MIA,BAL,1,47,-9.4294,20,-5.7086,27,-3.7207,12,47,-9.4294
2015,13,2015_13_CAR_NO,CAR,NO,0,74,11.2614,42,14.9293,32,-3.6679,39,74,11.2614
2015,13,2015_13_CAR_NO,NO,CAR,1,58,3.1083,43,-0.0269,15,3.1352,23,58,3.1083
2015,13,2015_13_CIN_CLE,CIN,CLE,0,56,18.0414,23,12.1796,33,5.8618,31,31,13.403
2015,13,2015_13_CIN_CLE,CLE,CIN,1,60,-19.7279,41,-12.4116,19,-7.3163,26,40,-10.1905
2015,13,2015_13_DAL_WAS,DAL,WAS,0,54,-12.9972,30,-1.1109,24,-11.8863,25,54,-12.9972
2015,13,2015_13_DAL_WAS,WAS,DAL,1,60,-4.3769,34,3.3166,26,-7.6935,24,60,-4.3769
2015,13,2015_13_DEN_SD,DEN,LAC,0,65,-4.8207,27,-1.6318,38,-3.1889,24,43,3.6075
2015,13,2015_13_DEN_SD,LAC,DEN,1,62,-25.1097,39,-16.9655,23,-8.1442,20,48,-17.4363
2015,13,2015_13_GB_DET,DET,GB,1,63,-6.4819,38,-4.1385,25,-2.3434,25,57,-5.2529
2015,13,2015_13_GB_DET,GB,DET,0,63,-1.5747,39,1.6103,24,-3.185,23,58,-4.4805
2015,13,2015_13_HOU_BUF,BUF,HOU,1,58,10.1619,22,6.4739,36,3.688,22,55,11.7456
2015,13,2015_13_HOU_BUF,HOU,BUF,0,71,5.3537,45,2.7064,26,2.6472,32,65,5.5175
2015,13,2015_13_IND_PIT,IND,PIT,0,56,-18.6084,39,-12.6501,17,-5.9583,23,36,-9.006
2015,13,2015_13_IND_PIT,PIT,IND,1,70,18.3637,39,19.2762,31,-0.9124,33,42,10.3519
2015,13,2015_13_JAX_TEN,JAX,TEN,0,59,11.3171,39,17.6323,20,-6.3152,28,59,11.3171
2015,13,2015_13_JAX_TEN,TEN,JAX,1,67,11.9876,33,7.5411,34,4.4465,31,64,14.4518
2015,13,2015_13_KC_OAK,KC,LV,0,48,-3.4035,28,-7.6714,20,4.2678,24,46,-4.2875
2015,13,2015_13_KC_OAK,LV,KC,1,76,-23.4044,52,-24.4902,24,1.0858,28,68,-19.4934
2015,13,2015_13_NYJ_NYG,NYG,NYJ,1,61,-6.5356,37,3.1211,24,-9.6567,20,61,-6.5356
2015,13,2015_13_NYJ_NYG,NYJ,NYG,0,77,6.3473,53,14.0457,24,-7.6984,34,77,6.3473
2015,13,2015_13_PHI_NE,NE,PHI,1,84,-4.7718,60,-4.482,24,-0.2898,34,61,-9.312
2015,13,2015_13_PHI_NE,PHI,NE,0,57,-2.1917,25,2.0849,32,-4.2765,24,42,-1.0183
2015,13,2015_13_SEA_MIN,MIN,SEA,1,48,-20.9829,32,-15.7669,16,-5.216,9,29,-14.2322
2015,13,2015_13_SEA_MIN,SEA,MIN,0,64,24.5298,30,20.9245,34,3.6052,36,34,14.4456
2015,13,2015_13_SF_CHI,CHI,SF,1,74,-8.2072,32,-8.8464,42,0.6392,33,74,-8.2072
2015,13,2015_13_SF_CHI,SF,CHI,0,59,0.3869,36,-4.5186,23,4.9055,23,59,0.3869
2015,14,2015_14_ATL_CAR,ATL,CAR,0,61,-22.5354,46,-19.88,15,-2.6554,21,28,-3.6875
2015,14,2015_14_ATL_CAR,CAR,ATL,1,59,15.3009,29,17.0995,30,-1.7987,29,20,19.0223
2015,14,2015_14_BUF_PHI,BUF,PHI,0,68,11.4074,37,7.7792,31,3.6283,28,68,11.4074
2015,14,2015_14_BUF_PHI,PHI,BUF,1,71,-4.2921,39,-4.9469,32,0.6548,28,71,-4.2921
2015,14,2015_14_DAL_GB,DAL,GB,0,51,-11.9817,31,-18.2492,20,6.2674,16,40,-5.0613
2015,14,2015_14_DAL_GB,GB,DAL,1,79,12.1773,37,4.518,42,7.6594,38,75,8.3309
2015,14,2015_14_DET_STL,DET,LA,0,69,-8.1402,50,-12.658,19,4.5178,30,50,-12.6861
2015,14,2015_14_DET_STL,LA,DET,1,51,0.487,23,-3.4132,28,3.9002,20,44,2.2427
2015,14,2015_14_IND_JAX,IND,JAX,0,69,-26.8553,46,-25.3223,23,-1.533,21,54,-15.5074
2015,14,2015_14_IND_JAX,JAX,IND,1,62,-1.3899,33,1.4827,29,-2.8726,23,41,-10.1424
2015,14,2015_14_MIN_ARI,ARI,MIN,1,64,11.073,37,13.2793,27,-2.2063,32,64,11.073
2015,14,2015_14_MIN_ARI,MIN,ARI,0,63,4.0314,39,12.1377,24,-8.1063,26,63,4.0314
2015,14,2015_14_NE_HOU,HOU,NE,1,51,-24.7749,30,-19.2233,21,-5.5516,15,41,-20.5719
2015,14,2015_14_NE_HOU,NE,HOU,0,61,4.2446,33,4.8419,28,-0.5972,30,45,5.2871
2015,14,2015_14_NO_TB,NO,TB,0,76,15.372,43,19.566,33,-4.194,31,70,17.092
2015,14,2015_14_NO_TB,TB,NO,1,51,5.4915,32,4.4688,19,1.0227,25,47,0.5102
2015,14,2015_14_NYG_MIA,MIA,NYG,1,63,2.1568,42,-4.1533,21,6.3101,27,63,2.1568
2015,14,2015_14_NYG_MIA,NYG,MIA,0,60,13.8369,31,23.3447,29,-9.5077,32,57,13.9014
2015,14,2015_14_OAK_DEN,DEN,LV,1,77,-17.5823,56,-10.2584,21,-7.3239,28,77,-17.5823
2015,14,2015_14_OAK_DEN,LV,DEN,0,52,-18.2042,33,-10.1515,19,-8.0527,11,52,-18.2042
2015,14,2015_14_PIT_CIN,CIN,PIT,1,55,-3.0432,40,-1.8631,15,-1.1801,25,36,-8.7272
2015,14,2015_14_PIT_CIN,PIT,CIN,0,67,10.8565,41,9.6898,26,1.1667,32,51,11.1942
2015,14,2015_14_SD_KC,KC,LAC,1,50,5.2726,25,3.7862,25,1.4864,22,50,5.2726
2015,14,2015_14_SD_KC,LAC,KC,0,66,-7.9727,48,0.3263,18,-8.299,17,66,-7.9727
2015,14,2015_14_SEA_BAL,BAL,SEA,1,54,-17.3849,41,-7.2494,13,-10.1355,20,37,-9.9729
2015,14,2015_14_SEA_BAL,SEA,BAL,0,66,26.705,33,29.711,33,-3.0059,37,47,14.8959
2015,14,2015_14_SF_CLE,CLE,SF,1,70,7.2784,33,6.5721,37,0.7062,33,55,4.3143
2015,14,2015_14_SF_CLE,SF,CLE,0,54,-13.2061,37,-14.4111,17,1.205,19,38,-17.0003
2015,14,2015_14_TEN_NYJ,NYJ,TEN,1,71,12.2636,37,10.9127,34,1.3509,32,43,9.6772
2015,14,2015_14_TEN_NYJ,TEN,NYJ,0,58,-11.3156,45,-5.2727,13,-6.0429,18,18,-12.2077
2015,14,2015_14_WAS_CHI,CHI,WAS,1,56,7.1707,34,5.2763,22,1.8944,25,56,7.1707
2015,14,2015_14_WAS_CHI,WAS,CHI,0,66,13.2668,34,13.7871,32,-0.5204,37,66,13.2668
2015,15,2015_15_ARI_PHI,ARI,PHI,0,72,21.3812,35,11.1256,37,10.2556,42,50,17.4171
2015,15,2015_15_ARI_PHI,PHI,ARI,1,63,-12.2035,43,-2.6665,20,-9.5369,27,50,-4.1305
2015,15,2015_15_ATL_JAX,ATL,JAX,0,67,-0.2675,36,6.1221,31,-6.3896,30,67,-0.2675
2015,15,2015_15_ATL_JAX,JAX,ATL,1,59,-6.9851,39,-5.5294,20,-1.4557,30,59,-6.9851
2015,15,2015_15_BUF_WAS,BUF,WAS,0,64,12.6538,32,0.5402,32,12.1136,33,38,-2.3866
2015,15,2015_15_BUF_WAS,WAS,BUF,1,54,22.0471,29,20.9994,25,1.0477,30,39,19.9569
2015,15,2015_15_CAR_NYG,CAR,NYG,0,76,12.8113,47,14.3943,29,-1.583,32,56,14.6834
2015,15,2015_15_CAR_NYG,NYG,CAR,1,73,3.3268,46,0.382,27,2.9447,32,56,-7.419
2015,15,2015_15_CHI_MIN,CHI,MIN,0,62,-9.888,42,-12.0801,20,2.1921,29,46,-9.0424
2015,15,2015_15_CHI_MIN,MIN,CHI,1,57,17.1696,21,19.1227,36,-1.9531,24,39,12.856
2015,15,2015_15_CIN_SF,CIN,SF,0,61,-10.6039,25,6.3252,36,-16.9292,19,34,-1.228
2015,15,2015_15_CIN_SF,SF,CIN,1,71,-19.0549,54,-19.2946,17,0.2397,27,32,-25.6666
2015,15,2015_15_CLE_SEA,CLE,SEA,0,52,2.6845,35,-0.5149,17,3.1994,20,39,1.902
2015,15,2015_15_CLE_SEA,SEA,CLE,1,67,18.8395,32,18.1704,35,0.6691,37,52,17.3048
2015,15,2015_15_DEN_PIT,DEN,PIT,0,70,-2.7408,46,1.9935,24,-4.7343,28,70,-2.7408
2015,15,2015_15_DEN_PIT,PIT,DEN,1,71,-2.732,57,1.5078,14,-4.2398,29,66,1.5885
2015,15,2015_15_DET_NO,DET,NO,0,49,18.0015,28,16.1311,21,1.8704,34,34,20.5917
2015,15,2015_15_DET_NO,NO,DET,1,71,8.9261,53,12.36,18,-3.4339,32,39,1.3167
2015,15,2015_15_GB_OAK,GB,LV,0,68,-12.202,41,-4.2418,27,-7.9602,26,63,-6.7545
2015,15,2015_15_GB_OAK,LV,GB,1,75,-18.2478,50,-20.5168,25,2.269,26,61,-11.6455
2015,15,2015_15_HOU_IND,HOU,IND,0,64,-7.2554,30,-6.1887,34,-1.0667,26,64,-7.2554
2015,15,2015_15_HOU_IND,IND,HOU,1,54,-18.4703,35,-10.4627,19,-8.0075,18,54,-18.4703
2015,15,2015_15_KC_BAL,BAL,KC,1,67,-22.0129,47,-8.4614,20,-13.5515,25,51,-17.8356
2015,15,2015_15_KC_BAL,KC,BAL,0,54,6.8164,28,4.5629,26,2.2535,24,47,9.7121
2015,15,2015_15_MIA_SD,LAC,MIA,1,72,15.4517,37,17.0565,35,-1.6048,33,31,9.7209
2015,15,2015_15_MIA_SD,MIA,LAC,0,55,-3.3463,36,1.5053,19,-4.8517,17,20,-8.2633
2015,15,2015_15_NYJ_DAL,DAL,NYJ,1,56,-14.8606,35,-16.3778,21,1.5173,23,56,-14.8606
2015,15,2015_15_NYJ_DAL,NYJ,DAL,0,66,0.3952,41,7.4468,25,-7.0516,28,66,0.3952
2015,15,2015_15_TB_STL,LA,TB,1,49,5.2993,19,12.134,30,-6.8347,21,32,12.1587
2015,15,2015_15_TB_STL,TB,LA,0,77,5.6457,50,7.7259,27,-2.0802,41,42,-3.2896
2015,15,2015_15_TEN_NE,NE,TEN,1,63,8.3416,37,12.5287,26,-4.1871,26,25,12.4731
2015,15,2015_15_TEN_NE,TEN,NE,0,60,-17.9853,39,-9.6057,21,-8.3796,22,33,-12.412
2015,16,2015_16_CAR_ATL,ATL,CAR,1,60,8.1,32,18.9407,28,-10.8407,25,57,8.7565
2015,16,2015_16_CAR_ATL,CAR,ATL,0,52,-2.8661,32,-13.9103,20,11.0442,28,52,-2.8661
2015,16,2015_16_CHI_TB,CHI,TB,0,67,4.9776,28,1.1611,39,3.8165,32,59,5.9252
2015,16,2015_16_CHI_TB,TB,CHI,1,53,0.1505,29,7.204,24,-7.0536,26,48,-6.4867
2015,16,2015_16_CIN_DEN,CIN,DEN,0,69,4.9795,37,8.3184,32,-3.3389,29,69,4.9795
2015,16,2015_16_CIN_DEN,DEN,CIN,1,63,4.6831,42,6.8382,21,-2.1551,33,63,4.6831
2015,16,2015_16_CLE_KC,CLE,KC,0,67,-3.451,31,-14.1099,36,10.6589,26,67,-3.451
2015,16,2015_16_CLE_KC,KC,CLE,1,50,-1.8509,23,-1.7736,27,-0.0773,20,50,-1.8509
2015,16,2015_16_DAL_BUF,BUF,DAL,1,58,2.1998,21,-6.0395,37,8.2393,25,56,1.5672
2015,16,2015_16_DAL_BUF,DAL,BUF,0,55,-3.8458,31,-3.9981,24,0.1523,21,55,-3.8458
2015,16,2015_16_GB_ARI,ARI,GB,1,54,0.4429,30,3.8461,24,-3.4033,26,33,4.3771
2015,16,2015_16_GB_ARI,GB,ARI,0,64,-33.9894,39,-28.4086,25,-5.5809,18,29,-15.1121
2015,16,2015_16_HOU_TEN,HOU,TEN,0,66,5.456,27,9.9806,39,-4.5246,26,43,5.7671
2015,16,2015_16_HOU_TEN,TEN,HOU,1,64,-23.213,53,-12.6737,11,-10.5393,23,31,-17.1762
2015,16,2015_16_IND_MIA,IND,MIA,0,53,4.2369,31,4.8235,22,-0.5866,22,53,4.2369
2015,16,2015_16_IND_MIA,MIA,IND,1,70,-1.1412,45,1.4808,25,-2.622,28,70,-1.1412
2015,16,2015_16_JAX_NO,JAX,NO,0,55,11.4736,40,14.0419,15,-2.5683,26,28,-11.5679
2015,16,2015_16_JAX_NO,NO,JAX,1,68,27.902,36,27.7679,32,0.1341,36,46,27.2328
2015,16,2015_16_NE_NYJ,NE,NYJ,0,54,-0.9173,33,4.9127,21,-5.83,20,54,-0.9173
2015,16,2015_16_NE_NYJ,NYJ,NE,1,69,4.7433,42,4.2033,27,0.5401,30,68,3.3367
2015,16,2015_16_NYG_MIN,MIN,NYG,1,65,5.3618,28,-2.1055,37,7.4673,26,40,-2.1258
2015,16,2015_16_NYG_MIN,NYG,MIN,0,58,-20.1086,38,-17.9415,20,-2.1671,23,32,-19.2069
2015,16,2015_16_PIT_BAL,BAL,PIT,1,73,4.689,42,8.5506,31,-3.8617,31,72,4.912
2015,16,2015_16_PIT_BAL,PIT,BAL,0,57,-5.208,37,-6.0488,20,0.8408,27,57,-5.208
2015,16,2015_16_SD_OAK,LAC,LV,0,75,-5.1618,50,-0.3172,25,-4.8446,30,75,-5.1618
2015,16,2015_16_SD_OAK,LV,LAC,1,66,-8.5722,42,-4.0315,24,-4.5407,26,66,-8.5722
2015,16,2015_16_SF_DET,DET,SF,1,65,5.724,40,5.2828,25,0.4413,32,56,6.1693
2015,16,2015_16_SF_DET,SF,DET,0,59,-5.9731,36,-6.7311,23,0.758,27,50,-0.9919
2015,16,2015_16_STL_SEA,LA,SEA,0,51,3.1752,23,0.6157,28,2.5595,22,43,6.0817
2015,16,2015_16_STL_SEA,SEA,LA,1,67,-11.4323,45,10.8317,22,-22.2641,27,55,-15.5416
2015,16,2015_16_WAS_PHI,PHI,WAS,1,77,-10.3563,61,-2.2675,16,-8.0888,32,55,-15.5895
2015,16,2015_16_WAS_PHI,WAS,PHI,0,71,15.6148,49,20.7267,22,-5.1119,31,55,11.4609
2015,17,2015_17_BAL_CIN,BAL,CIN,0,76,-12.6715,55,-8.6999,21,-3.9716,26,63,-12.9381
2015,17,2015_17_BAL_CIN,CIN,BAL,1,56,4.3493,30,1.0289,26,3.3204,23,43,8.1283
2015,17,2015_17_DET_CHI,CHI,DET,1,52,-0.4082,28,-0.8816,24,0.4734,23,52,-0.4082
2015,17,2015_17_DET_CHI,DET,CHI,0,61,11.8464,43,10.3443,18,1.5021,29,61,11.8464
2015,17,2015_17_JAX_HOU,HOU,JAX,1,74,1.1974,43,-2.0649,31,3.2623,32,45,5.8237
2015,17,2015_17_JAX_HOU,JAX,HOU,0,54,-34.757,40,-26.7357,14,-8.0212,14,39,-27.981
2015,17,2015_17_MIN_GB,GB,MIN,1,74,-14.6331,49,-12.623,25,-2.0101,26,68,-25.1978
2015,17,2015_17_MIN_GB,MIN,GB,0,49,-1.2096,22,-8.9166,27,7.707,17,46,-0.1212
2015,17,2015_17_NE_MIA,MIA,NE,1,71,3.6365,39,15.8025,32,-12.1661,29,67,6.6182
2015,17,2015_17_NE_MIA,NE,MIA,0,53,-11.554,27,-6.8975,26,-4.6565,14,49,-8.4409
2015,17,2015_17_NO_ATL,ATL,NO,1,63,3.6034,37,13.7443,26,-10.1409,32,63,3.6034
2015,17,2015_17_NO_ATL,NO,ATL,0,63,8.0863,43,11.9673,20,-3.8811,31,63,8.0863
2015,17,2015_17_NYJ_BUF,BUF,NYJ,1,72,-5.6105,30,4.0201,42,-9.6306,22,71,-5.2248
2015,17,2015_17_NYJ_BUF,NYJ,BUF,0,55,-1.3154,38,-5.7769,17,4.4616,20,55,-1.3154
2015,17,2015_17_OAK_KC,KC,LV,1,64,-5.7447,26,-9.3633,38,3.6186,27,43,0.457
2015,17,2015_17_OAK_KC,LV,KC,0,54,-9.5019,38,-7.4571,16,-2.0448,17,47,-17.1747
2015,17,2015_17_PHI_NYG,NYG,PHI,1,80,2.9543,44,-4.8093,36,7.7636,42,80,2.9543
2015,17,2015_17_PHI_NYG,PHI,NYG,0,63,15.7938,39,17.0775,24,-1.2837,33,63,15.7938
2015,17,2015_17_PIT_CLE,CLE,PIT,1,76,-27.7012,53,-26.6211,23,-1.0801,26,63,-20.9646
2015,17,2015_17_PIT_CLE,PIT,CLE,0,54,-1.3604,37,5.6225,17,-6.9829,23,46,1.8793
2015,17,2015_17_SD_DEN,DEN,LAC,1,63,-5.4353,33,-7.901,30,2.4658,28,60,-5.4385
2015,17,2015_17_SD_DEN,LAC,DEN,0,67,-11.7345,38,-6.4203,29,-5.3142,23,67,-11.7345
2015,17,2015_17_SEA_ARI,ARI,SEA,1,58,-11.8978,45,-10.534,13,-1.3637,22,27,-2.3989
2015,17,2015_17_SEA_ARI,SEA,ARI,0,67,16.8462,33,17.4837,34,-0.6375,32,29,18.5052
2015,17,2015_17_STL_SF,LA,SF,0,71,-0.7028,38,2.8051,33,-3.5079,30,71,-0.7028
2015,17,2015_17_STL_SF,SF,LA,1,74,-6.7831,45,-1.1224,29,-5.6607,26,74,-6.7831
2015,17,2015_17_TB_CAR,CAR,TB,1,60,10.3966,30,6.5708,30,3.8257,30,39,9.305
2015,17,2015_17_TB_CAR,TB,CAR,0,71,-9.3798,49,-6.8014,22,-2.5784,29,38,-15.0085
2015,17,2015_17_TEN_IND,IND,TEN,1,68,-3.0303,39,-2.0458,29,-0.9845,27,68,-3.0303
2015,17,2015_17_TEN_IND,TEN,IND,0,57,-8.6018,31,-14.1799,26,5.578,23,57,-8.6018
2015,17,2015_17_WAS_DAL,DAL,WAS,1,68,-1.3337,52,8.3225,16,-9.6563,34,33,-12.5237
2015,17,2015_17_WAS_DAL,WAS,DAL,0,60,17.9668,27,19.4168,33,-1.45,26,44,21.7446
2016,1,2016_01_BUF_BAL,BAL,BUF,1,62,-6.5684,37,3.0352,25,-9.6036,24,61,-6.2052
2016,1,2016_01_BUF_BAL,BUF,BAL,0,48,-6.6693,24,-1.9608,24,-4.7085,17,48,-6.6693
2016,1,2016_01_CAR_DEN,CAR,DEN,0,66,2.5517,34,1.123,32,1.4287,28,66,2.5517
2016,1,2016_01_CAR_DEN,DEN,CAR,1,55,0.1424,28,-2.8472,27,2.9896,27,55,0.1424
2016,1,2016_01_CHI_HOU,CHI,HOU,0,54,-11.4009,34,-5.538,20,-5.8629,21,46,-10.3068
2016,1,2016_01_CHI_HOU,HOU,CHI,1,70,1.4193,37,4.6438,33,-3.2245,28,64,2.2968
2016,1,2016_01_CIN_NYJ,CIN,NYJ,0,55,7.7119,37,7.5806,18,0.1313,26,55,7.7119
2016,1,2016_01_CIN_NYJ,NYJ,CIN,1,66,-1.31,36,-1.6878,30,0.3777,26,66,-1.31
2016,1,2016_01_CLE_PHI,CLE,PHI,0,50,-18.3918,29,-10.9872,21,-7.4046,16,40,-11.4554
2016,1,2016_01_CLE_PHI,PHI,CLE,1,73,3.3268,39,5.1317,34,-1.8049,32,60,0.8626
2016,1,2016_01_DET_IND,DET,IND,0,63,25.2851,40,21.6094,23,3.6757,39,63,25.2851
2016,1,2016_01_DET_IND,IND,DET,1,69,19.1004,50,17.3503,19,1.7502,35,69,19.1004
2016,1,2016_01_GB_JAX,GB,JAX,0,58,8.7951,34,7.206,24,1.5892,26,58,8.7951
2016,1,2016_01_GB_JAX,JAX,GB,1,67,-1.4925,42,4.3354,25,-5.8279,27,67,-1.4925
2016,1,2016_01_LA_SF,LA,SF,0,59,-27.6469,37,-20.5923,22,-7.0546,16,46,-23.8958
2016,1,2016_01_LA_SF,SF,LA,1,76,-0.0026,35,-6.2956,41,6.293,28,54,-8.129
2016,1,2016_01_MIA_SEA,MIA,SEA,0,54,-9.9921,34,-5.4732,20,-4.5189,16,54,-9.9921
2016,1,2016_01_MIA_SEA,SEA,MIA,1,78,-12.0713,46,-1.7184,32,-10.3529,38,78,-12.0713
2016,1,2016_01_MIN_TEN,MIN,TEN,0,60,1.6157,33,9.6994,27,-8.0837,24,51,3.3992
2016,1,2016_01_MIN_TEN,TEN,MIN,1,66,-17.9753,44,0.7593,22,-18.7346,33,53,-18.8731
2016,1,2016_01_NE_ARI,ARI,NE,1,59,10.3973,40,8.2986,19,2.0987,32,59,10.3973
2016,1,2016_01_NE_ARI,NE,ARI,0,65,7.5793,35,13.3175,30,-5.7382,29,65,7.5793
2016,1,2016_01_NYG_DAL,DAL,NYG,1,73,-0.4312,43,1.7243,30,-2.1555,29,73,-0.4312
2016,1,2016_01_NYG_DAL,NYG,DAL,0,54,5.3363,30,6.4732,24,-1.1368,25,54,5.3363
2016,1,2016_01_OAK_NO,LV,NO,0,65,18.1534,39,11.7345,26,6.4189,31,65,18.1534
2016,1,2016_01_OAK_NO,NO,LV,1,63,13.6514,41,15.5387,22,-1.8873,31,63,13.6514
2016,1,2016_01_PIT_WAS,PIT,WAS,0,67,21.0895,38,14.9465,29,6.143,39,57,16.5423
2016,1,2016_01_PIT_WAS,WAS,PIT,1,55,-1.9753,43,1.3445,12,-3.3198,32,44,5.3463
2016,1,2016_01_SD_KC,KC,LAC,1,70,8.6892,51,6.2297,19,2.4595,37,55,2.3735
2016,1,2016_01_SD_KC,LAC,KC,0,68,13.7144,37,9.1481,31,4.5663,37,54,19.9956
2016,1,2016_01_TB_ATL,ATL,TB,1,64,1.3365,43,8.9899,21,-7.6534,27,59,1.6252
2016,1,2016_01_TB_ATL,TB,ATL,0,58,7.6637,32,13.0836,26,-5.4199,26,58,7.6637
2016,2,2016_02_ATL_OAK,ATL,LV,0,65,22.4171,35,19.6877,30,2.7294,40,60,22.7922
2016,2,2016_02_ATL_OAK,LV,ATL,1,71,11.405,46,8.8142,25,2.5908,39,62,5.4299
2016,2,2016_02_BAL_CLE,BAL,CLE,0,71,-0.0235,45,7.8313,26,-7.8548,29,70,-0.1962
2016,2,2016_02_BAL_CLE,CLE,BAL,1,59,5.1814,36,8.8706,23,-3.6892,19,59,5.1814
2016,2,2016_02_CIN_PIT,CIN,PIT,0,73,-5.8194,55,0.2618,18,-6.0812,26,63,-12.3622
2016,2,2016_02_CIN_PIT,PIT,CIN,1,74,-0.8902,38,5.7265,36,-6.6167,30,65,1.7065
2016,2,2016_02_DAL_WAS,DAL,WAS,0,64,11.3303,34,15.9421,30,-4.6118,30,64,11.3303
2016,2,2016_02_DAL_WAS,WAS,DAL,1,64,3.8134,47,4.1656,17,-0.3522,31,64,3.8134
2016,2,2016_02_GB_MIN,GB,MIN,0,64,-12.1107,41,-9.9545,23,-2.1562,24,64,-12.1107
2016,2,2016_02_GB_MIN,MIN,GB,1,56,-3.923,35,5.809,21,-9.732,20,54,-2.8703
2016,2,2016_02_IND_DEN,DEN,IND,1,66,0.5351,35,2.1484,31,-1.6133,35,65,-0.5179
2016,2,2016_02_IND_DEN,IND,DEN,0,65,-13.3482,45,-15.7369,20,2.3886,25,59,-12.6427
2016,2,2016_02_JAX_SD,JAX,LAC,0,63,-5.6318,52,-8.7927,11,3.161,29,25,-12.5642
2016,2,2016_02_JAX_SD,LAC,JAX,1,63,6.6891,28,5.5306,35,1.1585,26,25,8.7967
2016,2,2016_02_KC_HOU,HOU,KC,1,67,-9.0911,35,1.3853,32,-10.4764,25,65,-7.4086
2016,2,2016_02_KC_HOU,KC,HOU,0,60,-23.3188,41,-9.0375,19,-14.2813,19,51,-25.7591
2016,2,2016_02_MIA_NE,MIA,NE,0,60,2.9739,44,10.3915,16,-7.4175,36,30,-11.8702
2016,2,2016_02_MIA_NE,NE,MIA,1,74,13.3046,37,12.8268,37,0.4777,35,34,20.133
2016,2,2016_02_NO_NYG,NO,NYG,0,59,-3.0897,46,-1.0085,13,-2.0812,26,59,-3.0897
2016,2,2016_02_NO_NYG,NYG,NO,1,71,-8.4029,43,1.0953,28,-9.4982,33,71,-8.4029
2016,2,2016_02_NYJ_BUF,BUF,NYJ,1,49,7.5476,30,11.9071,19,-4.3595,22,38,1.43
2016,2,2016_02_NYJ_BUF,NYJ,BUF,0,70,16.7442,35,15.521,35,1.2232,35,67,18.3603
2016,2,2016_02_PHI_CHI,CHI,PHI,1,50,-17.1086,32,-12.6302,18,-4.4784,25,40,-15.5133
2016,2,2016_02_PHI_CHI,PHI,CHI,0,64,4.2469,35,5.9195,29,-1.6726,27,49,2.4811
2016,2,2016_02_SEA_LA,LA,SEA,1,56,-5.6914,33,-1.4472,23,-4.2442,18,55,-5.0446
2016,2,2016_02_SEA_LA,SEA,LA,0,61,-4.2874,37,0.6834,24,-4.9708,23,61,-4.2874
2016,2,2016_02_SF_CAR,CAR,SF,1,77,6.184,40,10.8597,37,-4.6757,32,54,8.0618
2016,2,2016_02_SF_CAR,SF,CAR,0,64,-15.3638,38,-3.2758,26,-12.088,21,43,-16.2282
2016,2,2016_02_TB_ARI,ARI,TB,1,65,10.2395,35,13.519,30,-3.2796,24,42,12.7153
2016,2,2016_02_TB_ARI,TB,ARI,0,75,-21.6885,55,-20.2337,20,-1.4548,30,33,-16.6969
2016,2,2016_02_TEN_DET,DET,TEN,1,67,0.5981,44,-2.9583,23,3.5565,25,67,0.5981
2016,2,2016_02_TEN_DET,TEN,DET,0,60,8.6956,37,4.5982,23,4.0975,30,60,8.6956
2016,3,2016_03_ARI_BUF,ARI,BUF,0,78,-22.1264,56,-12.0429,22,-10.0834,31,48,-14.8898
2016,3,2016_03_ARI_BUF,BUF,ARI,1,59,-1.8343,29,-7.0373,30,5.203,24,42,7.4157
2016,3,2016_03_ATL_NO,ATL,NO,0,61,26.3462,32,10.7659,29,15.5803,33,52,24.5323
2016,3,2016_03_ATL_NO,NO,ATL,1,80,6.2233,56,0.8008,24,5.4225,42,61,1.8222
2016,3,2016_03_BAL_JAX,BAL,JAX,0,63,-10.0615,42,-12.3688,21,2.3073,27,63,-10.0615
2016,3,2016_03_BAL_JAX,JAX,BAL,1,63,-16.3738,42,-10.6685,21,-5.7053,22,63,-16.3738
2016,3,2016_03_CHI_DAL,CHI,DAL,0,62,-1.1529,48,0.1211,14,-1.274,27,38,-3.9085
2016,3,2016_03_CHI_DAL,DAL,CHI,1,65,14.1581,24,8.6399,41,5.5182,40,42,16.0656
2016,3,2016_03_CLE_MIA,CLE,MIA,0,74,3.7174,43,0.6837,31,3.0337,32,74,3.7174
2016,3,2016_03_CLE_MIA,MIA,CLE,1,64,-5.9804,39,-6.0904,25,0.1101,27,64,-5.9804
2016,3,2016_03_DEN_CIN,CIN,DEN,1,63,-1.7383,35,-5.7685,28,4.0302,25,51,2.2355
2016,3,2016_03_DEN_CIN,DEN,CIN,0,60,5.3171,37,13.5696,23,-8.2526,25,57,8.0634
2016,3,2016_03_DET_GB,DET,GB,0,67,15.2136,44,20.1603,23,-4.9466,34,47,2.1428
2016,3,2016_03_DET_GB,GB,DET,1,47,13.5711,26,11.131,21,2.4401,22,25,10.2485
2016,3,2016_03_HOU_NE,HOU,NE,0,70,-17.2127,43,-14.0621,27,-3.1506,32,34,-5.1662
2016,3,2016_03_HOU_NE,NE,HOU,1,57,-6.8947,20,-7.2647,37,0.3699,20,37,-0.5868
2016,3,2016_03_LA_TB,LA,TB,0,61,-3.7416,27,-7.0439,34,3.3024,24,60,-2.7946
2016,3,2016_03_LA_TB,TB,LA,1,83,0.4131,62,0.5823,21,-0.1692,40,78,-5.9882
2016,3,2016_03_MIN_CAR,CAR,MIN,1,72,-15.8079,44,-15.7109,28,-0.097,26,61,-13.7255
2016,3,2016_03_MIN_CAR,MIN,CAR,0,53,-4.6681,30,-0.7078,23,-3.9603,18,47,-1.187
2016,3,2016_03_NYJ_KC,KC,NYJ,1,59,-6.1785,35,8.841,24,-15.0195,22,44,5.6817
2016,3,2016_03_NYJ_KC,NYJ,KC,0,66,-27.2945,44,-30.1174,22,2.8229,26,49,-17.5799
2016,3,2016_03_OAK_TEN,LV,TEN,0,60,4.0357,36,6.1417,24,-2.106,23,59,4.9451
2016,3,2016_03_OAK_TEN,TEN,LV,1,63,-9.1253,34,-9.6323,29,0.507,25,63,-9.1253
2016,3,2016_03_PIT_PHI,PHI,PIT,1,61,17.8866,31,17.165,30,0.7216,26,36,13.8393
2016,3,2016_03_PIT_PHI,PIT,PHI,0,58,-15.7784,48,-15.0379,10,-0.7405,17,35,-2.7367
2016,3,2016_03_SD_IND,IND,LAC,1,66,-7.8288,40,-5.5264,26,-2.3024,30,63,-5.9791
2016,3,2016_03_SD_IND,LAC,IND,0,58,-1.1536,41,3.6298,17,-4.7834,24,58,-1.1536
2016,3,2016_03_SF_SEA,SEA,SF,1,64,4.9631,34,10.291,30,-5.328,27,32,15.3188
2016,3,2016_03_SF_SEA,SF,SEA,0,57,-6.3986,25,-10.5209,32,4.1224,19,29,-9.1313
2016,3,2016_03_WAS_NYG,NYG,WAS,1,61,4.8016,40,3.5157,21,1.2859,30,61,4.8016
2016,3,2016_03_WAS_NYG,WAS,NYG,0,65,9.0768,37,13.9959,28,-4.919,28,65,9.0768
2016,4,2016_04_BUF_NE,BUF,NE,0,73,11.7093,41,12.1779,32,-0.4686,34,52,10.2373
2016,4,2016_04_BUF_NE,NE,BUF,1,52,-8.8484,30,-1.7723,22,-7.0761,16,33,-6.7515
2016,4,2016_04_CAR_ATL,ATL,CAR,1,63,21.3146,40,24.654,23,-3.3394,32,45,18.1385
2016,4,2016_04_CAR_ATL,CAR,ATL,0,65,0.4235,50,5.785,15,-5.3615,29,32,-7.7786
2016,4,2016_04_CLE_WAS,CLE,WAS,0,68,-0.5257,40,5.6378,28,-6.1635,34,54,2.3899
2016,4,2016_04_CLE_WAS,WAS,CLE,1,56,7.6933,30,2.2577,26,5.4355,31,53,9.5162
2016,4,2016_04_DAL_SF,DAL,SF,0,70,18.2491,34,11.0663,36,7.1827,38,68,16.352
2016,4,2016_04_DAL_SF,SF,DAL,1,52,0.1511,24,-0.3293,28,0.4804,24,52,0.1511
2016,4,2016_04_DEN_TB,DEN,TB,0,64,1.9794,35,10.116,29,-8.1367,27,46,0.6759
2016,4,2016_04_DEN_TB,TB,DEN,1,65,-25.6249,40,-16.2442,25,-9.3807,18,51,-21.161
2016,4,2016_04_DET_CHI,CHI,DET,1,64,6.0923,38,13.4976,26,-7.4052,33,59,7.1042
2016,4,2016_04_DET_CHI,DET,CHI,0,57,-7.6552,39,-4.7088,18,-2.9464,26,57,-7.6552
2016,4,2016_04_IND_JAX,IND,JAX,0,72,-4.2163,47,-6.7806,25,2.5643,31,64,-13.6649
2016,4,2016_04_IND_JAX,JAX,IND,1,65,8.0823,36,6.0291,29,2.0532,29,59,13.1387
2016,4,2016_04_KC_PIT,KC,PIT,0,72,-7.5904,54,-2.7334,18,-4.857,27,15,-12.9417
2016,4,2016_04_KC_PIT,PIT,KC,1,54,22.9696,30,20.7655,24,2.2041,27,13,8.7846
2016,4,2016_04_LA_ARI,ARI,LA,1,74,-10.3501,49,-4.6855,25,-5.6647,31,74,-10.3501
2016,4,2016_04_LA_ARI,LA,ARI,0,54,-6.1552,32,3.2004,22,-9.3556,17,51,-4.2026
2016,4,2016_04_MIA_CIN,CIN,MIA,1,65,-1.7533,32,9.135,33,-10.8883,25,56,2.2137
2016,4,2016_04_MIA_CIN,MIA,CIN,0,43,-13.9983,30,-11.8404,13,-2.1579,12,30,-8.6498
2016,4,2016_04_NO_SD,LAC,NO,1,67,-2.5491,46,3.621,21,-6.1701,25,65,3.0625
2016,4,2016_04_NO_SD,NO,LAC,0,68,3.9371,38,8.4408,30,-4.5037,31,64,0.6358
2016,4,2016_04_NYG_MIN,MIN,NYG,1,67,1.518,36,7.3873,31,-5.8693,25,50,4.0447
2016,4,2016_04_NYG_MIN,NYG,MIN,0,63,-12.5727,45,-12.6963,18,0.1236,23,47,-8.8563
2016,4,2016_04_OAK_BAL,BAL,LV,1,80,-2.6349,54,-6.1817,26,3.5467,32,80,-2.6349
2016,4,2016_04_OAK_BAL,LV,BAL,0,51,-0.0597,35,8.2504,16,-8.31,17,51,-0.0597
2016,4,2016_04_SEA_NYJ,NYJ,SEA,1,65,-0.8469,45,4.9119,20,-5.7588,25,51,-2.0048
2016,4,2016_04_SEA_NYJ,SEA,NYJ,0,57,12.827,34,15.6782,23,-2.8512,26,41,18.1324
2016,4,2016_04_TEN_HOU,HOU,TEN,1,62,-3.0188,38,-0.2863,24,-2.7325,31,59,-2.0761
2016,4,2016_04_TEN_HOU,TEN,HOU,0,62,-2.103,30,-2.7034,32,0.6004,23,61,-2.0713
2016,5,2016_05_ARI_SF,ARI,SF,0,64,-0.4943,29,-5.9925,35,5.4983,26,54,-1.6397
2016,5,2016_05_ARI_SF,SF,ARI,1,74,-12.8631,38,-13.694,36,0.8309,30,59,-11.9784
2016,5,2016_05_ATL_DEN,ATL,DEN,0,61,4.8127,30,3.9285,31,0.8842,26,46,8.8579
2016,5,2016_05_ATL_DEN,DEN,ATL,1,64,-2.4239,40,-2.4502,24,0.0262,27,36,-9.3304
2016,5,2016_05_BUF_LA,BUF,LA,0,51,3.3699,25,-2.2149,26,5.5848,21,49,5.042
2016,5,2016_05_BUF_LA,LA,BUF,1,64,-14.6967,35,-9.7371,29,-4.9596,28,60,-9.336
2016,5,2016_05_CHI_IND,CHI,IND,0,61,16.326,43,12.9148,18,3.4112,32,61,16.326
2016,5,2016_05_CHI_IND,IND,CHI,1,63,4.2273,44,6.484,19,-2.2567,28,62,4.9552
2016,5,2016_05_CIN_DAL,CIN,DAL,0,64,8.1649,45,5.8607,19,2.3042,36,34,-0.7774
2016,5,2016_05_CIN_DAL,DAL,CIN,1,50,16.5308,25,9.8848,25,6.646,29,26,16.9662
2016,5,2016_05_HOU_MIN,HOU,MIN,0,60,-17.9669,46,-18.0319,14,0.065,20,28,-12.0038
2016,5,2016_05_HOU_MIN,MIN,HOU,1,67,5.0913,32,13.4222,35,-8.3309,29,38,5.2893
2016,5,2016_05_NE_CLE,CLE,NE,1,59,-8.8549,38,2.7495,21,-11.6045,18,29,-5.7729
2016,5,2016_05_NE_CLE,NE,CLE,0,75,18.2893,42,22.9225,33,-4.6332,30,49,21.1842
2016,5,2016_05_NYG_GB,GB,NYG,1,74,1.6415,45,-1.4622,29,3.1038,30,65,0.8824
2016,5,2016_05_NYG_GB,NYG,GB,0,54,-10.3402,39,-7.6473,15,-2.6928,19,44,-15.6468
2016,5,2016_05_NYJ_PIT,NYJ,PIT,0,58,-0.4771,41,-0.0073,17,-0.4697,29,52,1.9349
2016,5,2016_05_NYJ_PIT,PIT,NYJ,1,70,9.3942,48,17.2367,22,-7.8426,34,54,7.4712
2016,5,2016_05_PHI_DET,DET,PHI,1,54,0.3114,29,-0.3968,25,0.7082,21,54,0.3114
2016,5,2016_05_PHI_DET,PHI,DET,0,57,8.3305,36,7.9858,21,0.3447,30,57,8.3305
2016,5,2016_05_SD_OAK,LAC,LV,0,51,3.891,32,12.293,19,-8.402,24,51,3.891
2016,5,2016_05_SD_OAK,LV,LAC,1,69,5.6577,44,6.1984,25,-0.5408,34,69,5.6577
2016,5,2016_05_TB_CAR,CAR,TB,1,53,0.2049,28,-0.5162,25,0.7211,32,53,0.2049
2016,5,2016_05_TB_CAR,TB,CAR,0,69,3.974,33,4.9211,36,-0.9471,30,69,3.974
2016,5,2016_05_TEN_MIA,MIA,TEN,1,41,-10.2144,24,-10.2232,17,0.0088,16,36,-5.2269
2016,5,2016_05_TEN_MIA,TEN,MIA,0,68,15.0411,29,3.5342,39,11.5069,35,60,19.0026
2016,5,2016_05_WAS_BAL,BAL,WAS,1,69,-12.1089,50,-14.2912,19,2.1822,27,69,-12.1089
2016,5,2016_05_WAS_BAL,WAS,BAL,0,60,-4.6389,41,2.5089,19,-7.1478,30,60,-4.6389
2016,6,2016_06_ATL_SEA,ATL,SEA,0,64,3.4536,46,4.4765,18,-1.0229,27,64,3.4536
2016,6,2016_06_ATL_SEA,SEA,ATL,1,62,6.7799,38,7.9424,24,-1.1625,32,62,6.7799
2016,6,2016_06_BAL_NYG,BAL,NYG,0,76,-2.3538,50,-1.1032,26,-1.2507,29,76,-2.3538
2016,6,2016_06_BAL_NYG,NYG,BAL,1,64,3.1353,47,10.2542,17,-7.1189,25,64,3.1353
2016,6,2016_06_CAR_NO,CAR,NO,0,76,5.0709,50,4.9889,26,0.082,36,76,5.0709
2016,6,2016_06_CAR_NO,NO,CAR,1,70,15.9932,49,19.6162,21,-3.6231,33,62,17.529
2016,6,2016_06_CIN_NE,CIN,NE,0,65,9.0743,33,11.3976,32,-2.3233,29,60,10.9888
2016,6,2016_06_CIN_NE,NE,CIN,1,61,16.2444,38,18.6482,23,-2.4038,27,49,12.7507
2016,6,2016_06_CLE_TEN,CLE,TEN,0,64,6.3948,49,8.9524,15,-2.5576,24,47,-4.8933
2016,6,2016_06_CLE_TEN,TEN,CLE,1,56,11.0673,26,12.7364,30,-1.6691,26,54,8.9652
2016,6,2016_06_DAL_GB,DAL,GB,0,62,6.8263,29,6.8779,33,-0.0516,31,49,7.0781
2016,6,2016_06_DAL_GB,GB,DAL,1,67,-14.8797,43,-1.7847,24,-13.0951,27,55,-17.5189
2016,6,2016_06_DEN_SD,DEN,LAC,0,68,-7.9529,52,-10.2448,16,2.2919,29,43,-16.1773
2016,6,2016_06_DEN_SD,LAC,DEN,1,60,-4.9493,31,2.6459,29,-7.5951,21,43,5.8072
2016,6,2016_06_IND_HOU,HOU,IND,1,67,4.1706,40,4.2417,27,-0.0712,32,57,-1.841
2016,6,2016_06_IND_HOU,IND,HOU,0,67,3.141,35,0.4322,32,2.7088,32,62,4.1119
2016,6,2016_06_JAX_CHI,CHI,JAX,1,77,0.7182,50,2.4244,27,-1.7062,30,77,0.7182
2016,6,2016_06_JAX_CHI,JAX,CHI,0,54,-4.7569,35,-0.3059,19,-4.451,24,54,-4.7569
2016,6,2016_06_KC_OAK,KC,LV,0,62,16.9101,24,11.0322,38,5.878,30,42,15.5163
2016,6,2016_06_KC_OAK,LV,KC,1,52,-10.4432,35,-8.7591,17,-1.6841,25,42,-9.2239
2016,6,2016_06_LA_DET,DET,LA,1,56,15.6233,32,19.0479,24,-3.4245,27,56,15.6233
2016,6,2016_06_LA_DET,LA,DET,0,55,17.8447,33,21.0853,22,-3.2405,33,55,17.8447
2016,6,2016_06_NYJ_ARI,ARI,NYJ,1,68,12.4259,35,8.6449,33,3.781,35,48,3.9431
2016,6,2016_06_NYJ_ARI,NYJ,ARI,0,52,-13.8559,38,-11.2382,14,-2.6177,16,31,-10.2745
2016,6,2016_06_PHI_WAS,PHI,WAS,0,47,-3.9163,27,-4.3391,20,0.4228,18,47,-3.9163
2016,6,2016_06_PHI_WAS,WAS,PHI,1,66,7.3812,34,1.1329,32,6.2483,32,63,4.9001
2016,6,2016_06_PIT_MIA,MIA,PIT,1,67,17.6699,32,8.9173,35,8.7525,34,50,12.2555
2016,6,2016_06_PIT_MIA,PIT,MIA,0,53,-2.2953,38,-6.8369,15,4.5416,23,32,-3.5946
2016,6,2016_06_SF_BUF,BUF,SF,1,73,13.0259,30,5.0766,43,7.9493,37,61,14.0094
2016,6,2016_06_SF_BUF,SF,BUF,0,59,-6.0176,32,-3.77,27,-2.2477,24,46,2.8749
2016,7,2016_07_BAL_NYJ,BAL,NYJ,0,56,-21.5721,45,-16.1301,11,-5.442,16,55,-19.5048
2016,7,2016_07_BAL_NYJ,NYJ,BAL,1,65,-5.6138,27,0.0333,38,-5.6471,26,59,-1.895
2016,7,2016_07_BUF_MIA,BUF,MIA,0,55,3.6536,33,2.3384,22,1.3152,21,41,-2.9115
2016,7,2016_07_BUF_MIA,MIA,BUF,1,67,13.5027,27,6.3324,40,7.1703,28,67,13.5027
2016,7,2016_07_CHI_GB,CHI,GB,0,44,-10.9633,27,-8.936,17,-2.0273,13,35,-6.5661
2016,7,2016_07_CHI_GB,GB,CHI,1,80,8.9941,58,8.4844,22,0.5097,37,69,6.378
2016,7,2016_07_CLE_CIN,CIN,CLE,1,61,25.0083,31,12.4294,30,12.579,30,41,24.339
2016,7,2016_07_CLE_CIN,CLE,CIN,0,63,4.1586,37,-1.4068,26,5.5655,28,52,7.8162
2016,7,2016_07_HOU_DEN,DEN,HOU,1,59,5.7804,25,1.976,34,3.8045,28,45,9.9635
2016,7,2016_07_HOU_DEN,HOU,DEN,0,67,-17.6791,42,-17.438,25,-0.2412,26,47,-12.1609
2016,7,2016_07_IND_TEN,IND,TEN,0,63,17.2188,41,16.1675,22,1.0513,35,63,17.2188
2016,7,2016_07_IND_TEN,TEN,IND,1,68,0.6722,40,-1.3117,28,1.9838,35,63,-0.8102
2016,7,2016_07_MIN_PHI,MIN,PHI,0,73,-22.629,47,-19.2882,26,-3.3408,27,57,-25.8559
2016,7,2016_07_MIN_PHI,PHI,MIN,1,54,-18.8859,28,-6.5522,26,-12.3337,22,42,-11.9055
2016,7,2016_07_NE_PIT,NE,PIT,0,54,13.5427,26,8.6454,28,4.8973,29,48,16.9405
2016,7,2016_07_NE_PIT,PIT,NE,1,68,-1.1911,46,0.0965,22,-1.2876,29,55,-0.0339
2016,7,2016_07_NO_KC,KC,NO,1,50,9.3759,24,10.7923,26,-1.4165,24,45,11.778
2016,7,2016_07_NO_KC,NO,KC,0,70,8.8661,48,12.6569,22,-3.7908,41,69,7.3337
2016,7,2016_07_NYG_LA,LA,NYG,1,76,-16.259,56,-15.8317,20,-0.4273,30,76,-16.259
2016,7,2016_07_NYG_LA,NYG,LA,0,55,-9.0807,37,-6.8166,18,-2.2641,22,55,-9.0807
2016,7,2016_07_OAK_JAX,JAX,LV,1,59,-8.0576,44,-8.294,15,0.2364,19,39,-10.9972
2016,7,2016_07_OAK_JAX,LV,JAX,0,69,5.1186,37,1.9378,32,3.1808,29,52,2.0091
2016,7,2016_07_SD_ATL,ATL,LAC,1,63,1.6353,37,3.3123,26,-1.6771,30,63,1.6353
2016,7,2016_07_SD_ATL,LAC,ATL,0,74,6.7911,49,7.0758,25,-0.2847,37,74,6.7911
2016,7,2016_07_SEA_ARI,ARI,SEA,1,90,-8.8587,53,-0.6436,37,-8.2151,38,88,-8.8381
2016,7,2016_07_SEA_ARI,SEA,ARI,0,57,-11.1774,38,-5.8456,19,-5.3318,23,57,-11.1774
2016,7,2016_07_TB_SF,SF,TB,1,66,-8.2484,38,-14.2579,28,6.0095,27,57,-6.1568
2016,7,2016_07_TB_SF,TB,SF,0,72,15.4425,32,15.2837,40,0.1588,38,60,11.1629
2016,7,2016_07_WAS_DET,DET,WAS,1,51,8.4942,32,8.5256,19,-0.0314,24,51,8.4942
2016,7,2016_07_WAS_DET,WAS,DET,0,70,6.7082,41,12.0036,29,-5.2954,37,70,6.7082
2016,8,2016_08_ARI_CAR,ARI,CAR,0,65,-5.9382,55,-3.6309,10,-2.3073,29,21,-20.2646
2016,8,2016_08_ARI_CAR,CAR,ARI,1,64,-1.0704,28,2.5295,36,-3.5999,28,23,12.3325
2016,8,2016_08_DET_HOU,DET,HOU,0,56,-2.8125,42,-1.1767,14,-1.6357,23,56,-2.8125
2016,8,2016_08_DET_HOU,HOU,DET,1,60,-1.3529,32,-0.6808,28,-0.6721,26,57,-0.9579
2016,8,2016_08_GB_ATL,ATL,GB,1,56,15.0024,37,11.8777,19,3.1247,29,56,15.0024
2016,8,2016_08_GB_ATL,GB,ATL,0,61,14.0894,41,9.8908,20,4.1986,29,61,14.0894
2016,8,2016_08_JAX_TEN,JAX,TEN,0,68,8.1104,56,6.6567,12,1.4538,32,14,-7.6361
2016,8,2016_08_JAX_TEN,TEN,JAX,1,66,14.5634,23,15.4892,43,-0.9258,27,30,14.456
2016,8,2016_08_KC_IND,IND,KC,1,61,-11.7634,41,-9.165,20,-2.5985,25,47,-9.4528
2016,8,2016_08_KC_IND,KC,IND,0,70,9.3355,44,13.5752,26,-4.2397,27,60,13.2427
2016,8,2016_08_MIN_CHI,CHI,MIN,1,61,7.6059,32,8.4618,29,-0.8558,27,40,9.5824
2016,8,2016_08_MIN_CHI,MIN,CHI,0,60,-2.6064,42,0.7701,18,-3.3765,23,36,-7.8832
2016,8,2016_08_NE_BUF,BUF,NE,1,69,1.8838,43,-9.7367,26,11.6205,26,48,0.9597
2016,8,2016_08_NE_BUF,NE,BUF,0,60,17.1216,38,19.9967,22,-2.8751,25,38,17.7295
2016,8,2016_08_NYJ_CLE,CLE,NYJ,1,71,2.1786,53,5.0688,18,-2.8902,28,57,-6.2705
2016,8,2016_08_NYJ_CLE,NYJ,CLE,0,70,13.7041,36,6.422,34,7.2821,27,67,15.851
2016,8,2016_08_OAK_TB,LV,TB,0,85,16.2752,61,15.0333,24,1.2419,36,85,16.2752
2016,8,2016_08_OAK_TB,TB,LV,1,62,-0.3868,35,0.8275,27,-1.2142,23,62,-0.3868
2016,8,2016_08_PHI_DAL,DAL,PHI,1,76,6.7056,42,0.4379,34,6.2677,31,75,7.3215
2016,8,2016_08_PHI_DAL,PHI,DAL,0,71,-3.6365,47,3.123,24,-6.7595,32,71,-3.6365
2016,8,2016_08_SD_DEN,DEN,LAC,1,62,-15.08,39,-12.3383,23,-2.7417,22,58,-12.4462
2016,8,2016_08_SD_DEN,LAC,DEN,0,78,-22.271,52,-22.3141,26,0.0431,26,76,-18.8551
2016,8,2016_08_SEA_NO,NO,SEA,1,73,-4.2002,38,8.9944,35,-13.1945,32,73,-4.2002
2016,8,2016_08_SEA_NO,SEA,NO,0,52,-0.398,35,-1.2514,17,0.8534,25,52,-0.398
2016,8,2016_08_WAS_CIN,CIN,WAS,1,81,10.7728,45,4.3875,36,6.3854,43,81,10.7728
2016,8,2016_08_WAS_CIN,WAS,CIN,0,87,19.8305,57,23.6465,30,-3.816,40,87,19.8305
2016,9,2016_09_ATL_TB,ATL,TB,0,69,21.1455,37,18.9702,32,2.1753,36,55,17.7209
2016,9,2016_09_ATL_TB,TB,ATL,1,72,8.1609,51,20.8013,21,-12.6404,36,39,-4.0556
2016,9,2016_09_BUF_SEA,BUF,SEA,0,82,13.1174,43,7.1366,39,5.9808,43,82,13.1174
2016,9,2016_09_BUF_SEA,SEA,BUF,1,41,7.9921,30,7.832,11,0.1601,22,41,7.9921
2016,9,2016_09_CAR_LA,CAR,LA,0,61,-5.5243,37,-1.0533,24,-4.471,22,61,-5.5243
2016,9,2016_09_CAR_LA,LA,CAR,1,67,-7.7645,50,-3.0196,17,-4.7449,26,59,-17.2606
2016,9,2016_09_DAL_CLE,CLE,DAL,1,44,-1.3833,31,-0.9549,13,-0.4284,18,37,2.4795
2016,9,2016_09_DAL_CLE,DAL,CLE,0,67,29.1193,28,23.6249,39,5.4945,40,38,21.9448
2016,9,2016_09_DEN_OAK,DEN,LV,0,51,-5.4685,39,-2.2237,12,-3.2448,16,45,-9.3223
2016,9,2016_09_DEN_OAK,LV,DEN,1,73,4.4697,33,-1.3746,40,5.8443,34,62,5.4427
2016,9,2016_09_DET_MIN,DET,MIN,0,61,-6.3513,36,-3.2193,25,-3.1321,23,61,-6.3513
2016,9,2016_09_DET_MIN,MIN,DET,1,67,0.7439,42,5.3728,25,-4.6289,32,67,0.7439
2016,9,2016_09_IND_GB,GB,IND,1,65,6.3831,47,5.8994,18,0.4837,31,56,-0.4148
2016,9,2016_09_IND_GB,IND,GB,0,63,4.5565,38,4.5776,25,-0.0211,29,56,3.6081
2016,9,2016_09_JAX_KC,JAX,KC,0,75,-8.8701,43,-0.4644,32,-8.4057,34,75,-8.8701
2016,9,2016_09_JAX_KC,KC,JAX,1,54,-15.2595,35,-12.3902,19,-2.8693,16,51,-12.2647
2016,9,2016_09_NO_SF,NO,SF,0,80,29.545,40,17.9045,40,11.6405,42,64,27.4817
2016,9,2016_09_NO_SF,SF,NO,1,57,-7.5855,40,2.0522,17,-9.6378,24,43,0.6125
2016,9,2016_09_NYJ_MIA,MIA,NYJ,1,61,0.1799,30,0.8402,31,-0.6602,25,59,-0.1601
2016,9,2016_09_NYJ_MIA,NYJ,MIA,0,53,-3.0639,32,-7.3187,21,4.2548,23,53,-3.0639
2016,9,2016_09_PHI_NYG,NYG,PHI,1,59,-5.5863,37,-0.3437,22,-5.2426,23,59,-5.5863
2016,9,2016_09_PHI_NYG,PHI,NYG,0,74,-8.6087,49,-0.9998,25,-7.6089,28,74,-8.6087
2016,9,2016_09_PIT_BAL,BAL,PIT,1,61,-11.5751,34,-5.6276,27,-5.9475,21,48,-6.494
2016,9,2016_09_PIT_BAL,PIT,BAL,0,64,-12.4983,47,-7.4039,17,-5.0944,20,33,-22.9903
2016,9,2016_09_TEN_SD,LAC,TEN,1,70,16.6271,34,12.9476,36,3.6795,31,64,14.0653
2016,9,2016_09_TEN_SD,TEN,LAC,0,61,-0.4969,42,4.653,19,-5.1499,31,51,-5.0294
2016,10,2016_10_ATL_PHI,ATL,PHI,0,48,-3.0291,35,-1.4082,13,-1.6209,15,45,-2.1352
2016,10,2016_10_ATL_PHI,PHI,ATL,1,74,6.8196,38,1.4407,36,5.3789,39,71,8.2168
2016,10,2016_10_CHI_TB,CHI,TB,0,54,-22.5344,34,-19.9223,20,-2.6121,18,36,-17.963
2016,10,2016_10_CHI_TB,TB,CHI,1,68,4.4063,37,11.2252,31,-6.8189,28,44,8.2033
2016,10,2016_10_CIN_NYG,CIN,NYG,0,55,-7.2181,32,-4.5291,23,-2.689,17,55,-7.2181
2016,10,2016_10_CIN_NYG,NYG,CIN,1,70,-4.2924,45,-6.0233,25,1.7309,29,70,-4.2924
2016,10,2016_10_CLE_BAL,BAL,CLE,1,75,4.7159,43,7.1857,32,-2.4698,34,57,-0.3532
2016,10,2016_10_CLE_BAL,CLE,BAL,0,48,-20.4556,35,-16.4358,13,-4.0198,16,41,-13.7418
2016,10,2016_10_DAL_PIT,DAL,PIT,0,61,20.0919,36,12.8357,25,7.2562,33,61,20.0919
2016,10,2016_10_DAL_PIT,PIT,DAL,1,70,6.6915,51,12.0395,19,-5.3479,33,70,6.6915
2016,10,2016_10_DEN_NO,DEN,NO,0,81,-2.5611,46,4.7012,35,-7.2623,33,81,-2.5611
2016,10,2016_10_DEN_NO,NO,DEN,1,51,-8.5578,30,-5.7127,21,-2.8451,24,51,-8.5578
2016,10,2016_10_GB_TEN,GB,TEN,0,74,5.0191,60,3.1808,14,1.8383,31,40,-1.1501
2016,10,2016_10_GB_TEN,TEN,GB,1,59,18.802,29,22.5589,30,-3.7569,24,24,28.949
2016,10,2016_10_HOU_JAX,HOU,JAX,0,61,3.5602,28,-2.2585,33,5.8187,22,57,4.1341
2016,10,2016_10_HOU_JAX,JAX,HOU,1,74,-9.3497,52,0.0508,22,-9.4004,32,69,-10.3657
2016,10,2016_10_KC_CAR,CAR,KC,1,68,-2.225,40,-2.1146,28,-0.1105,29,61,3.3607
2016,10,2016_10_KC_CAR,KC,CAR,0,62,-1.2545,42,-5.6663,20,4.4118,27,62,-1.2545
2016,10,2016_10_LA_NYJ,LA,NYJ,0,64,-3.6018,33,-0.6961,31,-2.9058,22,64,-3.6018
2016,10,2016_10_LA_NYJ,NYJ,LA,1,58,-5.5252,33,-4.6614,25,-0.8638,19,58,-5.5252
2016,10,2016_10_MIA_SD,LAC,MIA,1,71,-16.4192,47,-9.1203,24,-7.2989,24,71,-16.4192
2016,10,2016_10_MIA_SD,MIA,LAC,0,49,12.208,25,12.3365,24,-0.1285,23,49,12.208
2016,10,2016_10_MIN_WAS,MIN,WAS,0,64,1.4676,43,8.5109,21,-7.0433,31,64,1.4676
2016,10,2016_10_MIN_WAS,WAS,MIN,1,61,7.8293,34,11.3976,27,-3.5683,28,61,7.8293
2016,10,2016_10_SEA_NE,NE,SEA,1,62,3.5756,34,7.5513,28,-3.9757,31,62,3.5756
2016,10,2016_10_SEA_NE,SEA,NE,0,67,16.8279,41,16.7142,26,0.1137,33,65,16.6603
2016,10,2016_10_SF_ARI,ARI,SF,1,73,-9.8912,50,-6.9539,23,-2.9373,33,73,-9.8912
2016,10,2016_10_SF_ARI,SF,ARI,0,61,-1.8572,33,4.7665,28,-6.6237,22,61,-1.8572
2016,11,2016_11_ARI_MIN,ARI,MIN,0,70,-16.2633,42,-18.1956,28,1.9323,29,70,-16.2633
2016,11,2016_11_ARI_MIN,MIN,ARI,1,53,-6.8614,30,-1.9963,23,-4.8651,21,45,-2.4082
2016,11,2016_11_BAL_DAL,BAL,DAL,0,52,6.6521,36,4.515,16,2.1371,27,43,5.4417
2016,11,2016_11_BAL_DAL,DAL,BAL,1,67,13.0263,37,17.6838,30,-4.6575,35,62,14.1345
2016,11,2016_11_BUF_CIN,BUF,CIN,0,63,-0.4343,29,-5.1719,34,4.7376,31,63,-0.4343
2016,11,2016_11_BUF_CIN,CIN,BUF,1,70,-9.0857,43,-9.6428,27,0.557,30,70,-9.0857
2016,11,2016_11_CHI_NYG,CHI,NYG,0,59,2.7672,34,3.6251,25,-0.8579,23,59,2.7672
2016,11,2016_11_CHI_NYG,NYG,CHI,1,62,8.0395,36,7.5882,26,0.4513,25,62,8.0395
2016,11,2016_11_GB_WAS,GB,WAS,0,65,10.9975,46,9.6697,19,1.3278,29,59,13.0565
2016,11,2016_11_GB_WAS,WAS,GB,1,62,26.3269,32,22.8102,30,3.5166,29,59,20.4631
2016,11,2016_11_HOU_OAK,HOU,LV,0,74,4.841,41,10.4116,33,-5.5706,31,74,4.841
2016,11,2016_11_HOU_OAK,LV,HOU,1,49,6.8707,31,11.8979,18,-5.0272,19,44,3.9726
2016,11,2016_11_JAX_DET,DET,JAX,1,56,-10.5396,36,4.3838,20,-14.9234,21,55,-11.2248
2016,11,2016_11_JAX_DET,JAX,DET,0,61,-13.8705,35,-1.5399,26,-12.3307,22,58,-12.1773
2016,11,2016_11_MIA_LA,LA,MIA,1,59,-15.2729,32,-12.6446,27,-2.6283,16,55,-14.224
2016,11,2016_11_MIA_LA,MIA,LA,0,57,-6.8304,38,-6.5392,19,-0.2912,23,57,-6.8304
2016,11,2016_11_NE_SF,NE,SF,0,69,12.8394,40,8.969,29,3.8704,30,56,10.2521
2016,11,2016_11_NE_SF,SF,NE,1,62,-1.6362,35,-0.5414,27,-1.0947,25,47,-5.6443
2016,11,2016_11_NO_CAR,CAR,NO,1,62,-6.3488,35,-2.0205,27,-4.3282,21,51,-1.5371
2016,11,2016_11_NO_CAR,NO,CAR,0,71,0.8322,47,-0.1163,24,0.9485,33,53,-3.7867
2016,11,2016_11_PHI_SEA,PHI,SEA,0,74,-7.5108,48,-7.137,26,-0.3738,30,45,-10.8542
2016,11,2016_11_PHI_SEA,SEA,PHI,1,60,8.1111,33,9.8519,27,-1.7408,21,41,13.5766
2016,11,2016_11_PIT_CLE,CLE,PIT,1,62,-12.6653,49,-7.7852,13,-4.8801,17,45,-9.7006
2016,11,2016_11_PIT_CLE,PIT,CLE,0,65,9.4159,37,3.6761,28,5.7397,32,65,9.4159
2016,11,2016_11_TB_KC,KC,TB,1,51,6.5311,31,6.1376,20,0.3936,29,51,6.5311
2016,11,2016_11_TB_KC,TB,KC,0,74,12.6137,40,16.6061,34,-3.9925,37,74,12.6137
2016,11,2016_11_TEN_IND,IND,TEN,1,54,4.0193,30,6.3904,24,-2.3712,20,44,2.8873
2016,11,2016_11_TEN_IND,TEN,IND,0,70,-3.6539,43,4.2956,27,-7.9495,30,70,-3.6539
2016,12,2016_12_ARI_ATL,ARI,ATL,0,62,-1.9565,48,1.2805,14,-3.237,25,43,-1.9552
2016,12,2016_12_ARI_ATL,ATL,ARI,1,65,7.9626,37,5.7587,28,2.2038,37,53,0.7014
2016,12,2016_12_CAR_OAK,CAR,LV,0,58,0.7239,33,-3.7064,25,4.4303,21,58,0.7239
2016,12,2016_12_CAR_OAK,LV,CAR,1,70,-0.2495,41,10.2198,29,-10.4693,32,70,-0.2495
2016,12,2016_12_CIN_BAL,BAL,CIN,1,67,-8.5553,37,-3.9537,30,-4.6015,28,63,-6.0192
2016,12,2016_12_CIN_BAL,CIN,BAL,0,71,-5.9099,51,2.9102,20,-8.8201,26,71,-5.9099
2016,12,2016_12_GB_PHI,GB,PHI,0,64,21.0083,39,23.0395,25,-2.0312,32,50,18.9425
2016,12,2016_12_GB_PHI,PHI,GB,1,58,1.4072,40,-3.5545,18,4.9617,29,53,4.0648
2016,12,2016_12_JAX_BUF,BUF,JAX,1,52,5.9278,23,1.0663,29,4.8615,22,49,5.3434
2016,12,2016_12_JAX_BUF,JAX,BUF,0,64,3.1374,28,-1.6557,36,4.7931,25,64,3.1374
2016,12,2016_12_KC_DEN,DEN,KC,1,76,10.6351,39,17.7476,37,-7.1124,29,76,10.6351
2016,12,2016_12_KC_DEN,KC,DEN,0,75,-5.1839,50,-5.3331,25,0.1492,31,72,-5.4726
2016,12,2016_12_LA_NO,LA,NO,0,51,-13.4808,34,-8.9391,17,-4.5417,21,36,-2.9747
2016,12,2016_12_LA_NO,NO,LA,1,70,19.1307,38,13.7348,32,5.3959,33,51,10.5868
2016,12,2016_12_MIN_DET,DET,MIN,1,58,-3.9784,40,-4.0466,18,0.0682,24,58,-3.9784
2016,12,2016_12_MIN_DET,MIN,DET,0,53,-3.1777,37,-5.4603,16,2.2826,23,53,-3.1777
2016,12,2016_12_NE_NYJ,NE,NYJ,0,69,7.4633,51,5.4045,18,2.0587,30,66,5.1281
2016,12,2016_12_NE_NYJ,NYJ,NE,1,55,-1.9115,33,-0.6487,22,-1.2628,25,55,-1.9115
2016,12,2016_12_NYG_CLE,CLE,NYG,1,71,-24.6294,50,-16.486,21,-8.1434,28,60,-19.6078
2016,12,2016_12_NYG_CLE,NYG,CLE,0,53,1.6877,28,7.5398,25,-5.8521,19,50,2.6818
2016,12,2016_12_PIT_IND,IND,PIT,1,63,-11.2815,40,-4.4507,23,-6.8308,20,52,-9.5933
2016,12,2016_12_PIT_IND,PIT,IND,0,50,20.5649,21,13.2591,29,7.3058,25,35,15.7453
2016,12,2016_12_SD_HOU,HOU,LAC,1,64,-12.8862,37,-2.4185,27,-10.4677,26,54,-10.8899
2016,12,2016_12_SD_HOU,LAC,HOU,0,49,4.9265,31,7.2887,18,-2.3622,23,41,7.5638
2016,12,2016_12_SEA_TB,SEA,TB,0,61,-21.0639,39,-24.0128,22,2.9489,22,58,-25.5029
2016,12,2016_12_SEA_TB,TB,SEA,1,60,-0.8467,28,6.963,32,-7.8097,28,55,3.0605
2016,12,2016_12_SF_MIA,MIA,SF,1,58,13.0963,32,13.4541,26,-0.3578,26,54,14.8453
2016,12,2016_12_SF_MIA,SF,MIA,0,72,9.4,47,4.6102,25,4.7898,34,61,-0.0841
2016,12,2016_12_TEN_CHI,CHI,TEN,1,76,-1.7972,54,2.7822,22,-4.5794,34,52,-12.6862
2016,12,2016_12_TEN_CHI,TEN,CHI,0,51,15.0785,23,13.4836,28,1.595,28,39,16.842
2016,12,2016_12_WAS_DAL,DAL,WAS,1,52,16.9827,25,10.3202,27,6.6625,28,49,17.7385
2016,12,2016_12_WAS_DAL,WAS,DAL,0,73,23.68,54,25.2079,19,-1.5279,35,61,10.5952
2016,13,2016_13_BUF_OAK,BUF,LV,0,69,5.4211,39,-9.0626,30,14.4837,36,55,7.665
2016,13,2016_13_BUF_OAK,LV,BUF,1,68,8.3936,36,8.8818,32,-0.4882,29,61,9.6531
2016,13,2016_13_CAR_SEA,CAR,SEA,0,54,-15.024,33,-6.9938,21,-8.0302,16,23,-11.2297
2016,13,2016_13_CAR_SEA,SEA,CAR,1,71,17.5367,42,7.8669,29,9.6698,36,44,9.746
2016,13,2016_13_DAL_MIN,DAL,MIN,0,48,-8.6843,21,-6.2997,27,-2.3846,19,46,-6.3595
2016,13,2016_13_DAL_MIN,MIN,DAL,1,70,-5.6648,51,-4.0357,19,-1.629,34,70,-5.6648
2016,13,2016_13_DEN_JAX,DEN,JAX,0,54,-15.3448,26,-10.6308,28,-4.714,16,48,-12.7831
2016,13,2016_13_DEN_JAX,JAX,DEN,1,81,-29.1075,43,-30.7875,38,1.68,22,79,-28.9288
2016,13,2016_13_DET_NO,DET,NO,0,68,13.873,45,14.6854,23,-0.8124,36,58,15.1888
2016,13,2016_13_DET_NO,NO,DET,1,56,-7.9247,44,-7.5962,12,-0.3285,23,41,-4.3334
2016,13,2016_13_HOU_GB,GB,HOU,1,57,-1.6495,31,6.5795,26,-8.229,24,53,-0.8084
2016,13,2016_13_HOU_GB,HOU,GB,0,64,-3.2305,37,-3.6542,27,0.4237,27,57,-10.1496
2016,13,2016_13_IND_NYJ,IND,NYJ,0,67,14.8111,30,20.4038,37,-5.5927,30,36,17.6628
2016,13,2016_13_IND_NYJ,NYJ,IND,1,51,-16.4076,38,-11.6178,13,-4.7898,19,24,-7.0433
2016,13,2016_13_KC_ATL,ATL,KC,1,68,-2.4358,38,-5.292,30,2.8562,38,68,-2.4358
2016,13,2016_13_KC_ATL,KC,ATL,0,45,16.2078,26,10.4879,19,5.7199,23,45,16.2078
2016,13,2016_13_LA_NE,LA,NE,0,48,-17.7697,36,-15.7983,12,-1.9714,10,27,-12.8568
2016,13,2016_13_LA_NE,NE,LA,1,73,4.6078,46,0.9025,27,3.7053,32,47,8.5042
2016,13,2016_13_MIA_BAL,BAL,MIA,1,66,13.8188,49,8.4688,17,5.3499,36,37,15.744
2016,13,2016_13_MIA_BAL,MIA,BAL,0,59,-14.3871,43,-11.6801,16,-2.707,24,24,-3.1337
2016,13,2016_13_NYG_PIT,NYG,PIT,0,54,-15.4908,41,-16.9833,13,1.4925,25,46,-15.4166
2016,13,2016_13_NYG_PIT,PIT,NYG,1,69,1.9018,40,10.9885,29,-9.0867,27,53,4.1411
2016,13,2016_13_PHI_CIN,CIN,PHI,1,63,10.4699,31,15.9159,32,-5.446,30,32,9.9588
2016,13,2016_13_PHI_CIN,PHI,CIN,0,79,-4.0413,61,-4.1118,18,0.0705,35,31,-2.9307
2016,13,2016_13_SF_CHI,CHI,SF,1,57,3.463,19,8.4397,38,-4.9767,22,36,9.6988
2016,13,2016_13_SF_CHI,SF,CHI,0,54,-15.8308,21,-15.8653,33,0.0345,17,39,-9.6469
2016,13,2016_13_TB_SD,LAC,TB,1,53,0.3908,28,-3.5921,25,3.9828,26,53,0.3908
2016,13,2016_13_TB_SD,TB,LAC,0,59,9.8231,32,10.5515,27,-0.7284,28,58,10.2277
2016,13,2016_13_WAS_ARI,ARI,WAS,1,70,14.7753,47,14.0324,23,0.7429,34,70,14.7753
2016,13,2016_13_WAS_ARI,WAS,ARI,0,56,3.3475,39,0.2902,17,3.0573,25,56,3.3475
2016,14,2016_14_ARI_MIA,ARI,MIA,0,63,-14.2902,37,-7.7538,26,-6.5364,28,63,-14.2902
2016,14,2016_14_ARI_MIA,MIA,ARI,1,57,-7.2882,26,8.2086,31,-15.4968,21,57,-7.2882
2016,14,2016_14_ATL_LA,ATL,LA,0,57,9.2394,32,13.5971,25,-4.3577,22,30,5.9209
2016,14,2016_14_ATL_LA,LA,ATL,1,67,-20.6119,44,-17.8253,23,-2.7866,27,31,-18.349
2016,14,2016_14_BAL_NE,BAL,NE,0,68,2.3307,54,4.7811,14,-2.4504,28,64,1.4292
2016,14,2016_14_BAL_NE,NE,BAL,1,64,11.1828,39,13.0451,25,-1.8624,30,55,11.2537
2016,14,2016_14_CHI_DET,CHI,DET,0,50,3.3769,33,3.827,17,-0.4501,22,50,3.3769
2016,14,2016_14_CHI_DET,DET,CHI,1,65,-4.7954,38,-4.7027,27,-0.0926,27,65,-4.7954
2016,14,2016_14_CIN_CLE,CIN,CLE,0,70,10.4935,32,3.8759,38,6.6176,39,58,14.8233
2016,14,2016_14_CIN_CLE,CLE,CIN,1,53,-5.9677,31,-11.9895,22,6.0218,18,46,-2.5729
2016,14,2016_14_DAL_NYG,DAL,NYG,0,65,-24.042,40,-25.6646,25,1.6226,16,65,-24.042
2016,14,2016_14_DAL_NYG,NYG,DAL,1,62,-20.7578,31,-11.9112,31,-8.8466,18,62,-20.7578
2016,14,2016_14_DEN_TEN,DEN,TEN,0,64,-8.02,55,2.1337,9,-10.1536,27,64,-8.02
2016,14,2016_14_DEN_TEN,TEN,DEN,1,62,-5.1281,23,-11.4932,39,6.3651,24,59,-2.5044
2016,14,2016_14_HOU_IND,HOU,IND,0,64,-2.3971,25,-5.4141,39,3.017,31,64,-2.3971
2016,14,2016_14_HOU_IND,IND,HOU,1,60,-7.1853,46,-9.3502,14,2.1648,25,60,-7.1853
2016,14,2016_14_MIN_JAX,JAX,MIN,1,65,-2.2604,41,-0.6066,24,-1.6538,21,57,-1.753
2016,14,2016_14_MIN_JAX,MIN,JAX,0,61,3.2917,34,15.1064,27,-11.8147,24,61,3.2917
2016,14,2016_14_NO_TB,NO,TB,0,58,-7.7104,42,-4.8159,16,-2.8944,23,58,-7.7104
2016,14,2016_14_NO_TB,TB,NO,1,61,-2.5786,28,2.8604,33,-5.4391,28,61,-2.5786
2016,14,2016_14_NYJ_SF,NYJ,SF,0,82,4.935,41,-2.8055,41,7.7405,36,82,4.935
2016,14,2016_14_NYJ_SF,SF,NYJ,1,55,-2.4431,28,-9.8572,27,7.4141,21,55,-2.4431
2016,14,2016_14_OAK_KC,KC,LV,1,51,-6.9334,27,-1.8307,24,-5.1027,18,48,-6.2178
2016,14,2016_14_OAK_KC,LV,KC,0,73,-16.4702,42,-17.5771,31,1.1069,24,73,-16.4702
2016,14,2016_14_PIT_BUF,BUF,PIT,1,48,-0.1097,30,3.1518,18,-3.2615,17,35,-12.2749
2016,14,2016_14_PIT_BUF,PIT,BUF,0,70,5.4708,31,-6.0617,39,11.5326,37,49,8.4187
2016,14,2016_14_SD_CAR,CAR,LAC,1,67,-11.4068,29,-7.9494,38,-3.4573,24,43,5.7281
2016,14,2016_14_SD_CAR,LAC,CAR,0,65,-12.5572,45,-8.9787,20,-3.5785,22,41,-14.3701
2016,14,2016_14_SEA_GB,GB,SEA,1,53,8.0667,26,12.1364,27,-4.0697,23,30,10.0633
2016,14,2016_14_SEA_GB,SEA,GB,0,68,-22.4483,42,-21.7698,26,-0.6785,32,41,-17.1814
2016,14,2016_14_WAS_PHI,PHI,WAS,1,77,-3.0621,51,3.572,26,-6.6341,34,77,-3.0621
2016,14,2016_14_WAS_PHI,WAS,PHI,0,45,8.7986,24,3.9193,21,4.8793,20,45,8.7986
2016,15,2016_15_CAR_WAS,CAR,WAS,0,71,3.9356,39,7.4586,32,-3.523,30,57,2.1115
2016,15,2016_15_CAR_WAS,WAS,CAR,1,60,-13.1678,48,-9.2977,12,-3.8701,26,57,-12.27
2016,15,2016_15_CLE_BUF,BUF,CLE,1,66,17.6348,26,8.3639,40,9.271,38,50,18.7666
2016,15,2016_15_CLE_BUF,CLE,BUF,0,54,0.7133,33,0.0474,21,0.6659,20,39,5.9274
2016,15,2016_15_DET_NYG,DET,NYG,0,59,-11.9449,40,-0.8664,19,-11.0785,21,50,-7.0574
2016,15,2016_15_DET_NYG,NYG,DET,1,62,0.9278,30,5.0918,32,-4.164,28,56,3.6687
2016,15,2016_15_GB_CHI,CHI,GB,1,63,5.5569,44,4.8198,19,0.7371,34,59,1.5205
2016,15,2016_15_GB_CHI,GB,CHI,0,57,12.5073,34,2.5816,23,9.9257,26,57,12.5073
2016,15,2016_15_IND_MIN,IND,MIN,0,68,11.7607,28,15.6483,40,-3.8876,33,46,12.9945
2016,15,2016_15_IND_MIN,MIN,IND,1,56,-19.5726,47,-12.1342,9,-7.4383,25,13,-12.3911
2016,15,2016_15_JAX_HOU,HOU,JAX,1,76,-14.6619,47,-7.41,29,-7.2519,30,76,-14.6619
2016,15,2016_15_JAX_HOU,JAX,HOU,0,50,-19.4656,30,-15.9273,20,-3.5383,13,50,-19.4656
2016,15,2016_15_LA_SEA,LA,SEA,0,56,-23.1785,39,-16.2754,17,-6.903,17,34,-16.8702
2016,15,2016_15_LA_SEA,SEA,LA,1,55,7.3815,28,9.3404,27,-1.9589,21,43,4.562
2016,15,2016_15_MIA_NYJ,MIA,NYJ,0,46,9.7172,19,14.9821,27,-5.2649,17,34,12.9833
2016,15,2016_15_MIA_NYJ,NYJ,MIA,1,72,-21.3652,49,-18.0122,23,-3.353,26,46,-14.2297
2016,15,2016_15_NE_DEN,DEN,NE,1,61,-19.6764,44,-16.2251,17,-3.4513,24,52,-17.1469
2016,15,2016_15_NE_DEN,NE,DEN,0,72,-5.3844,34,-0.3433,38,-5.0411,28,60,-0.6591
2016,15,2016_15_NO_ARI,ARI,NO,1,56,11.9583,41,5.9807,15,5.9776,33,49,5.2769
2016,15,2016_15_NO_ARI,NO,ARI,0,81,16.4567,51,13.1052,30,3.3515,41,74,14.7656
2016,15,2016_15_OAK_SD,LAC,LV,1,55,-6.1016,33,2.4253,22,-8.5269,21,55,-6.1016
2016,15,2016_15_OAK_SD,LV,LAC,0,58,-2.277,32,4.1285,26,-6.4056,25,58,-2.277
2016,15,2016_15_PHI_BAL,BAL,PHI,1,55,-3.9513,32,-6.6814,23,2.7301,20,48,1.3839
2016,15,2016_15_PHI_BAL,PHI,BAL,0,82,-4.8019,44,-9.8005,38,4.9986,35,82,-4.8019
2016,15,2016_15_PIT_CIN,CIN,PIT,1,56,-5.4844,28,-4.767,28,-0.7175,24,56,-5.4844
2016,15,2016_15_PIT_CIN,PIT,CIN,0,63,10.7648,37,13.7441,26,-2.9793,32,61,12.134
2016,15,2016_15_SF_ATL,ATL,SF,1,65,20.9584,25,22.5503,40,-1.5918,36,43,15.9822
2016,15,2016_15_SF_ATL,SF,ATL,0,55,-3.458,35,0.8027,20,-4.2607,22,30,-0.581
2016,15,2016_15_TB_DAL,DAL,TB,1,70,5.3931,39,2.7615,31,2.6316,36,66,7.0559
2016,15,2016_15_TB_DAL,TB,DAL,0,59,-7.9214,39,-3.0729,20,-4.8485,23,58,-8.0593
2016,15,2016_15_TEN_KC,KC,TEN,1,57,-3.4622,29,-3.8344,28,0.3722,22,57,-3.4622
2016,15,2016_15_TEN_KC,TEN,KC,0,62,-2.6362,34,-8.8908,28,6.2546,30,62,-2.6362
2016,16,2016_16_ARI_SEA,ARI,SEA,0,56,5.0903,28,9.2143,28,-4.124,25,53,6.5887
2016,16,2016_16_ARI_SEA,SEA,ARI,1,79,-1.0777,52,6.9973,27,-8.075,31,73,-7.1011
2016,16,2016_16_ATL_CAR,ATL,CAR,0,61,15.7743,37,10.2475,24,5.5267,31,49,18.7133
2016,16,2016_16_ATL_CAR,CAR,ATL,1,67,-11.6851,45,-15.2982,22,3.6131,25,44,-12.3146
2016,16,2016_16_BAL_PIT,BAL,PIT,0,73,6.3575,47,5.2194,26,1.1381,28,73,6.3575
2016,16,2016_16_BAL_PIT,PIT,BAL,1,52,9.3469,31,4.1843,21,5.1626,34,52,9.3469
2016,16,2016_16_CIN_HOU,CIN,HOU,0,63,-9.3952,44,-5.6803,19,-3.7149,27,63,-9.3952
2016,16,2016_16_CIN_HOU,HOU,CIN,1,57,-12.6168,33,-8.7927,24,-3.8242,18,57,-12.6168
2016,16,2016_16_DEN_KC,DEN,KC,0,57,-14.603,43,-13.6619,14,-0.9411,19,43,-9.5669
2016,16,2016_16_DEN_KC,KC,DEN,1,73,12.801,37,3.3528,36,9.4482,32,56,11.2001
2016,16,2016_16_DET_DAL,DAL,DET,1,52,21.9243,22,18.3495,30,3.5748,27,36,19.6539
2016,16,2016_16_DET_DAL,DET,DAL,0,70,2.2836,50,-2.9819,20,5.2654,32,53,8.4183
2016,16,2016_16_IND_OAK,IND,LV,0,53,4.8323,30,10.2572,23,-5.4248,31,31,-4.3117
2016,16,2016_16_IND_OAK,LV,IND,1,69,15.8556,35,11.0242,34,4.8314,34,42,18.9197
2016,16,2016_16_MIA_BUF,BUF,MIA,1,89,18.9069,41,18.5237,48,0.3832,48,89,18.9069
2016,16,2016_16_MIA_BUF,MIA,BUF,0,66,18.4456,29,7.25,37,11.1956,31,66,18.4456
2016,16,2016_16_MIN_GB,GB,MIN,1,58,9.6641,43,11.0417,15,-1.3776,25,36,11.6053
2016,16,2016_16_MIN_GB,MIN,GB,0,75,3.7213,54,8.7336,21,-5.0124,35,43,-1.3623
2016,16,2016_16_NYG_PHI,NYG,PHI,0,88,-3.09,63,-3.3115,25,0.2215,38,88,-3.09
2016,16,2016_16_NYG_PHI,PHI,NYG,1,53,-4.1313,24,0.6412,29,-4.7725,20,53,-4.1313
2016,16,2016_16_NYJ_NE,NE,NYJ,1,67,7.9322,30,12.228,37,-4.2957,28,33,3.2443
2016,16,2016_16_NYJ_NE,NYJ,NE,0,55,-20.0382,26,-15.2646,29,-4.7736,20,24,-14.7654
2016,16,2016_16_SD_CLE,CLE,LAC,1,66,-3.9239,37,-4.5291,29,0.6052,20,66,-3.9239
2016,16,2016_16_SD_CLE,LAC,CLE,0,64,4.5123,45,9.879,19,-5.3668,24,64,4.5123
2016,16,2016_16_SF_LA,LA,SF,1,56,-15.2077,28,-13.1117,28,-2.0961,16,56,-15.2077
2016,16,2016_16_SF_LA,SF,LA,0,68,-3.2792,41,0.141,27,-3.4202,29,62,-8.632
2016,16,2016_16_TB_NO,NO,TB,1,65,12.6199,36,8.0092,29,4.6107,36,58,14.4619
2016,16,2016_16_TB_NO,TB,NO,0,58,5.8332,37,7.0174,21,-1.1842,30,57,2.965
2016,16,2016_16_TEN_JAX,JAX,TEN,1,68,7.2162,41,15.7688,27,-8.5526,34,60,8.4585
2016,16,2016_16_TEN_JAX,TEN,JAX,0,64,-10.3183,45,-6.4308,19,-3.8875,26,43,-4.0488
2016,16,2016_16_WAS_CHI,CHI,WAS,1,67,-1.9023,41,-5.5171,26,3.6148,35,38,1.273
2016,16,2016_16_WAS_CHI,WAS,CHI,0,63,21.4969,29,5.9332,34,15.5637,34,48,23.0808
2016,17,2016_17_ARI_LA,ARI,LA,0,67,2.1826,43,5.4011,24,-3.2185,26,47,4.9072
2016,17,2016_17_ARI_LA,LA,ARI,1,57,-45.3878,35,-38.5718,22,-6.816,16,31,-25.1614
2016,17,2016_17_BAL_CIN,BAL,CIN,0,70,-10.0101,54,-14.0997,16,4.0896,32,55,-6.0437
2016,17,2016_17_BAL_CIN,CIN,BAL,1,64,7.8983,28,5.027,36,2.8713,31,40,13.2381
2016,17,2016_17_BUF_NYJ,BUF,NYJ,0,62,-25.2886,34,-14.1744,28,-11.1142,22,44,-17.8208
2016,17,2016_17_BUF_NYJ,NYJ,BUF,1,60,-5.9597,31,5.3488,29,-11.3085,22,47,0.9144
2016,17,2016_17_CAR_TB,CAR,TB,0,68,-9.0513,36,-6.4059,32,-2.6453,29,68,-9.0513
2016,17,2016_17_CAR_TB,TB,CAR,1,62,-10.6798,38,-10.7887,24,0.109,21,62,-10.6798
2016,17,2016_17_CHI_MIN,CHI,MIN,0,59,-15.5758,22,-8.9514,37,-6.6244,29,46,-4.3128
2016,17,2016_17_CHI_MIN,MIN,CHI,1,59,9.3379,34,9.7158,25,-0.3779,27,42,13.7193
2016,17,2016_17_CLE_PIT,CLE,PIT,0,77,2.3461,44,1.9199,33,0.4262,38,76,2.781
2016,17,2016_17_CLE_PIT,PIT,CLE,1,69,1.96,41,8.323,28,-6.363,26,69,1.96
2016,17,2016_17_DAL_PHI,DAL,PHI,0,52,-14.9676,32,-10.4878,20,-4.4799,20,47,-14.4283
2016,17,2016_17_DAL_PHI,PHI,DAL,1,75,0.9033,45,1.6765,30,-0.7732,36,72,-0.9119
2016,17,2016_17_GB_DET,DET,GB,1,64,9.0352,43,9.7911,21,-0.7559,30,56,5.7183
2016,17,2016_17_GB_DET,GB,DET,0,69,21.7793,41,16.6404,28,5.139,41,67,21.4905
2016,17,2016_17_HOU_TEN,HOU,TEN,0,72,-2.4924,51,-2.2674,21,-0.225,29,64,-9.1899
2016,17,2016_17_HOU_TEN,TEN,HOU,1,58,-4.4365,30,-2.3769,28,-2.0596,19,50,-1.5826
2016,17,2016_17_JAX_IND,IND,JAX,1,64,0.0928,42,5.2864,22,-5.1936,30,64,0.0928
2016,17,2016_17_JAX_IND,JAX,IND,0,71,3.5277,41,0.255,30,3.2727,35,71,3.5277
2016,17,2016_17_KC_SD,KC,LAC,0,60,6.6656,29,10.2353,31,-3.5697,30,48,8.8353
2016,17,2016_17_KC_SD,LAC,KC,1,64,5.53,38,2.7418,26,2.7882,31,40,-0.0374
2016,17,2016_17_NE_MIA,MIA,NE,1,57,-8.6323,34,-2.514,23,-6.1183,26,48,-3.8339
2016,17,2016_17_NE_MIA,NE,MIA,0,63,19.5742,34,14.5703,29,5.0039,36,52,20.5268
2016,17,2016_17_NO_ATL,ATL,NO,1,58,20.587,37,17.9792,21,2.6078,29,25,23.2034
2016,17,2016_17_NO_ATL,NO,ATL,0,76,12.4445,52,6.3776,24,6.067,34,33,4.375
2016,17,2016_17_NYG_WAS,NYG,WAS,0,69,-5.0667,28,-0.6864,41,-4.3804,24,67,-3.6951
2016,17,2016_17_NYG_WAS,WAS,NYG,1,54,-16.353,39,-11.3175,15,-5.0356,20,53,-9.5585
2016,17,2016_17_OAK_DEN,DEN,LV,1,65,-2.756,27,6.8652,38,-9.6212,21,35,13.9112
2016,17,2016_17_OAK_DEN,LV,DEN,0,51,-26.006,35,-17.7196,16,-8.2864,18,27,-11.0616
2016,17,2016_17_SEA_SF,SEA,SF,0,63,5.8395,40,7.1299,23,-1.2904,26,63,5.8395
2016,17,2016_17_SEA_SF,SF,SEA,1,57,-7.5726,27,4.2989,30,-11.8715,25,57,-7.5726
2017,1,2017_01_ARI_DET,ARI,DET,0,68,-19.3698,50,-10.9968,18,-8.3731,27,56,-16.3846
2017,1,2017_01_ARI_DET,DET,ARI,1,71,-9.7987,44,-2.8844,27,-6.9143,28,69,-9.2563
2017,1,2017_01_ATL_CHI,ATL,CHI,0,53,12.5841,32,13.5157,21,-0.9316,25,53,12.5841
2017,1,2017_01_ATL_CHI,CHI,ATL,1,63,0.8949,44,-6.9594,19,7.8543,24,63,0.8949
2017,1,2017_01_BAL_CIN,BAL,CIN,0,60,-4.349,18,-0.3362,42,-4.0128,20,35,1.1808
2017,1,2017_01_BAL_CIN,CIN,BAL,1,58,-30.3336,36,-29.3642,22,-0.9694,16,37,-20.3932
2017,1,2017_01_CAR_SF,CAR,SF,0,59,-2.2263,24,2.6765,35,-4.9028,22,36,-2.8892
2017,1,2017_01_CAR_SF,SF,CAR,1,54,-22.3174,39,-15.5657,15,-6.7517,21,35,-20.6968
2017,1,2017_01_IND_LA,IND,LA,0,48,-28.8535,25,-25.5452,23,-3.3083,15,26,-15.1305
2017,1,2017_01_IND_LA,LA,IND,1,61,4.4033,31,10.5291,30,-6.1258,24,27,5.9045
2017,1,2017_01_JAX_HOU,HOU,JAX,1,69,-38.8329,46,-38.5454,23,-0.2874,23,42,-21.5826
2017,1,2017_01_JAX_HOU,JAX,HOU,0,58,3.7183,21,1.9233,37,1.795,26,44,6.6129
2017,1,2017_01_KC_NE,KC,NE,0,62,22.2405,38,17.5607,24,4.6797,35,58,19.6571
2017,1,2017_01_KC_NE,NE,KC,1,73,-5.3032,39,1.7539,34,-7.0571,28,70,-2.8433
2017,1,2017_01_LAC_DEN,DEN,LAC,1,67,-0.5219,32,5.6489,35,-6.1708,28,53,12.7598
2017,1,2017_01_LAC_DEN,LAC,DEN,0,56,-3.902,34,2.6188,22,-6.5208,24,44,-4.4215
2017,1,2017_01_NO_MIN,MIN,NO,1,61,18.7568,33,21.0961,28,-2.3393,25,50,18.2178
2017,1,2017_01_NO_MIN,NO,MIN,0,59,6.479,38,9.7418,21,-3.2627,29,40,-1.5137
2017,1,2017_01_NYG_DAL,DAL,NYG,1,70,5.6692,39,6.024,31,-0.3548,34,48,7.8241
2017,1,2017_01_NYG_DAL,NYG,DAL,0,52,-7.4186,41,-6.144,11,-1.2746,24,42,-10.9158
2017,1,2017_01_NYJ_BUF,BUF,NYJ,1,69,5.6645,30,4.1057,39,1.5588,26,62,8.7988
2017,1,2017_01_NYJ_BUF,NYJ,BUF,0,55,-11.4145,41,-12.8479,14,1.4334,18,54,-8.4461
2017,1,2017_01_OAK_TEN,LV,TEN,0,62,9.4625,34,9.318,28,0.1445,28,57,12.0155
2017,1,2017_01_OAK_TEN,TEN,LV,1,63,3.1664,42,4.674,21,-1.5076,26,57,1.7696
2017,1,2017_01_PHI_WAS,PHI,WAS,0,65,-3.2827,42,9.5323,23,-12.8151,27,64,-4.3357
2017,1,2017_01_PHI_WAS,WAS,PHI,1,61,-15.9663,44,-14.4753,17,-1.4911,23,55,-14.9005
2017,1,2017_01_PIT_CLE,CLE,PIT,1,63,-8.7716,37,-2.4922,26,-6.2794,25,63,-8.7716
2017,1,2017_01_PIT_CLE,PIT,CLE,0,51,-0.6618,37,4.3663,14,-5.0281,19,47,-0.0945
2017,1,2017_01_SEA_GB,GB,SEA,1,71,0.5921,46,2.1717,25,-1.5796,31,64,0.4006
2017,1,2017_01_SEA_GB,SEA,GB,0,48,-12.4952,30,-10.328,18,-2.1672,19,48,-12.4952
2017,2,2017_02_ARI_IND,ARI,IND,0,64,-2.6999,40,1.3364,24,-4.0362,25,64,-2.6999
2017,2,2017_02_ARI_IND,IND,ARI,1,70,-10.5427,41,-6.0082,29,-4.5346,26,70,-10.5427
2017,2,2017_02_BUF_CAR,BUF,CAR,0,51,-13.4652,28,-5.8644,23,-7.6008,17,51,-13.4652
2017,2,2017_02_BUF_CAR,CAR,BUF,1,65,-7.3731,38,-0.9601,27,-6.4129,26,65,-7.3731
2017,2,2017_02_CHI_TB,CHI,TB,0,62,-15.1776,46,-6.6891,16,-8.4885,27,25,-13.3799
2017,2,2017_02_CHI_TB,TB,CHI,1,65,-0.6076,33,1.5493,32,-2.1568,28,25,1.7939
2017,2,2017_02_CLE_BAL,BAL,CLE,1,67,-2.3033,36,6.6689,31,-8.9723,29,52,4.0762
2017,2,2017_02_CLE_BAL,CLE,BAL,0,66,-14.2315,45,-13.4957,21,-0.7358,20,53,-10.6093
2017,2,2017_02_DAL_DEN,DAL,DEN,0,66,-22.7527,52,-18.6547,14,-4.098,26,26,-8.4605
2017,2,2017_02_DAL_DEN,DEN,DAL,1,72,5.4576,34,5.7062,38,-0.2486,38,57,13.5402
2017,2,2017_02_DET_NYG,DET,NYG,0,56,-4.3058,24,-0.9136,32,-3.3922,19,44,-0.4708
2017,2,2017_02_DET_NYG,NYG,DET,1,55,-14.234,37,-8.4491,18,-5.7849,18,39,-8.2616
2017,2,2017_02_GB_ATL,ATL,GB,1,58,11.3317,31,8.6312,27,2.7005,31,35,12.7962
2017,2,2017_02_GB_ATL,GB,ATL,0,68,5.4099,54,4.3986,14,1.0114,37,30,-11.1611
2017,2,2017_02_HOU_CIN,CIN,HOU,1,62,-19.348,38,-9.4058,24,-9.9422,19,62,-19.348
2017,2,2017_02_HOU_CIN,HOU,CIN,0,62,-8.5209,27,-4.7894,35,-3.7315,25,59,-6.7699
2017,2,2017_02_MIA_LAC,LAC,MIA,1,54,10.2827,40,11.5092,14,-1.2264,29,54,10.2827
2017,2,2017_02_MIA_LAC,MIA,LAC,0,67,8.651,36,8.2924,31,0.3586,28,67,8.651
2017,2,2017_02_MIN_PIT,MIN,PIT,0,60,-12.3562,40,-11.9452,20,-0.411,21,48,-5.5292
2017,2,2017_02_MIN_PIT,PIT,MIN,1,67,0.7755,37,4.2364,30,-3.4609,28,53,1.2507
2017,2,2017_02_NE_NO,NE,NO,0,72,23.4766,41,25.0897,31,-1.6131,38,49,18.5852
2017,2,2017_02_NE_NO,NO,NE,1,62,2.3884,45,2.5925,17,-0.2041,28,44,-1.5685
2017,2,2017_02_NYJ_OAK,LV,NYJ,1,55,22.893,28,16.9186,27,5.9744,28,39,16.3077
2017,2,2017_02_NYJ_OAK,NYJ,LV,0,52,3.0692,28,-1.0678,24,4.137,28,37,4.5664
2017,2,2017_02_PHI_KC,KC,PHI,1,51,8.1034,32,4.0833,19,4.0201,22,47,5.4531
2017,2,2017_02_PHI_KC,PHI,KC,0,69,7.0906,52,3.6658,17,3.4248,34,56,0.9872
2017,2,2017_02_SF_SEA,SEA,SF,1,75,-4.4085,42,-1.9908,33,-2.4176,26,75,-4.4085
2017,2,2017_02_SF_SEA,SF,SEA,0,48,-11.3025,29,-15.9088,19,4.6064,14,48,-11.3025
2017,2,2017_02_TEN_JAX,JAX,TEN,1,62,-8.2442,37,-10.5733,25,2.3291,28,42,-18.041
2017,2,2017_02_TEN_JAX,TEN,JAX,0,62,11.7343,28,3.5227,34,8.2116,32,42,-3.0018
2017,2,2017_02_WAS_LA,LA,WAS,1,48,-0.4753,27,4.8922,21,-5.3676,19,48,-0.4753
2017,2,2017_02_WAS_LA,WAS,LA,0,68,8.6838,29,5.3624,39,3.3214,31,65,12.687
2017,3,2017_03_ATL_DET,ATL,DET,0,64,-0.5169,37,-5.5984,27,5.0816,33,64,-0.5169
2017,3,2017_03_ATL_DET,DET,ATL,1,66,-8.8225,47,-4.9834,19,-3.8391,25,66,-8.8225
2017,3,2017_03_BAL_JAX,BAL,JAX,0,54,-24.8928,29,-18.1157,25,-6.7771,20,15,-15.7872
2017,3,2017_03_BAL_JAX,JAX,BAL,1,65,17.9163,33,13.9022,32,4.0141,30,34,12.5604
2017,3,2017_03_CIN_GB,CIN,GB,0,59,3.1156,30,6.1203,29,-3.0047,27,59,3.1156
2017,3,2017_03_CIN_GB,GB,CIN,1,65,-5.8167,48,-4.8484,17,-0.9683,27,65,-5.8167
2017,3,2017_03_CLE_IND,CLE,IND,0,69,-1.067,48,-6.517,21,5.45,29,54,-3.5188
2017,3,2017_03_CLE_IND,IND,CLE,1,62,-1.1962,27,2.6431,35,-3.8393,20,43,10.5347
2017,3,2017_03_DAL_ARI,ARI,DAL,1,75,-4.8076,54,1.2118,21,-6.0194,28,65,-0.698
2017,3,2017_03_DAL_ARI,DAL,ARI,0,44,4.2062,19,3.7009,25,0.5053,16,41,6.1364
2017,3,2017_03_DEN_BUF,BUF,DEN,1,60,-1.8352,30,5.6057,30,-7.4408,23,57,-0.7567
2017,3,2017_03_DEN_BUF,DEN,BUF,0,66,-5.524,43,-6.8113,23,1.2874,24,59,-4.6541
2017,3,2017_03_HOU_NE,HOU,NE,0,67,5.9368,35,6.6951,32,-0.7583,29,67,5.9368
2017,3,2017_03_HOU_NE,NE,HOU,1,61,5.3403,41,11.5749,20,-6.2346,26,61,5.3403
2017,3,2017_03_KC_LAC,KC,LAC,0,51,4.7258,26,-2.9775,25,7.7032,25,49,-1.6304
2017,3,2017_03_KC_LAC,LAC,KC,1,68,-11.4314,42,-10.3036,26,-1.1278,27,60,-9.1552
2017,3,2017_03_LA_SF,LA,SF,0,59,20.2696,28,22.5019,31,-2.2323,30,55,21.3524
2017,3,2017_03_LA_SF,SF,LA,1,75,2.3331,42,1.7134,33,0.6197,30,71,1.1368
2017,3,2017_03_MIA_NYJ,MIA,NYJ,0,63,-19.9349,48,-12.5829,15,-7.352,21,30,-16.778
2017,3,2017_03_MIA_NYJ,NYJ,MIA,1,58,-1.5604,25,10.5865,33,-12.1469,24,37,7.2954
2017,3,2017_03_NO_CAR,CAR,NO,1,59,-11.1071,37,-18.3836,22,7.2765,27,45,-6.564
2017,3,2017_03_NO_CAR,NO,CAR,0,57,16.0092,30,12.8568,27,3.1523,26,44,17.5208
2017,3,2017_03_NYG_PHI,NYG,PHI,0,64,1.1963,47,8.63,17,-7.4337,32,64,1.1963
2017,3,2017_03_NYG_PHI,PHI,NYG,1,72,-1.167,34,-8.8337,38,7.6666,34,70,0.7339
2017,3,2017_03_OAK_WAS,LV,WAS,0,47,-24.2793,35,-22.8689,12,-1.4104,12,20,-13.9876
2017,3,2017_03_OAK_WAS,WAS,LV,1,65,7.8281,31,20.0177,34,-12.1896,27,45,17.9015
2017,3,2017_03_PIT_CHI,CHI,PIT,1,62,-8.1249,24,-7.3489,38,-0.776,24,62,-8.1249
2017,3,2017_03_PIT_CHI,PIT,CHI,0,59,-1.3105,42,-3.8325,17,2.522,30,59,-1.3105
2017,3,2017_03_SEA_TEN,SEA,TEN,0,73,6.1175,51,10.3155,22,-4.198,33,50,-1.7602
2017,3,2017_03_SEA_TEN,TEN,SEA,1,65,1.6872,31,2.259,34,-0.5718,27,58,7.0165
2017,3,2017_03_TB_MIN,MIN,TB,1,67,18.0241,33,20.7756,34,-2.7515,30,38,12.9187
2017,3,2017_03_TB_MIN,TB,MIN,0,51,-2.4762,42,-0.3702,9,-2.106,26,30,-10.658
2017,4,2017_04_BUF_ATL,ATL,BUF,1,72,-9.1792,43,-11.0181,29,1.8389,30,72,-9.1792
2017,4,2017_04_BUF_ATL,BUF,ATL,0,57,2.4139,23,4.2875,34,-1.8736,25,57,2.4139
2017,4,2017_04_CAR_NE,CAR,NE,0,60,17.8716,31,20.4449,29,-2.5733,30,60,17.8716
2017,4,2017_04_CAR_NE,NE,CAR,1,67,12.6043,48,9.7585,19,2.8457,39,66,9.1913
2017,4,2017_04_CHI_GB,CHI,GB,0,64,-7.4105,34,-5.4505,30,-1.9601,24,38,-8.9967
2017,4,2017_04_CHI_GB,GB,CHI,1,52,11.1581,29,10.2576,23,0.9005,23,35,6.4742
2017,4,2017_04_CIN_CLE,CIN,CLE,0,63,8.259,33,12.6694,30,-4.4104,29,33,10.1509
2017,4,2017_04_CIN_CLE,CLE,CIN,1,61,-18.2959,44,-13.6453,17,-4.6506,17,29,-10.2425
2017,4,2017_04_DET_MIN,DET,MIN,0,66,-6.1848,38,-2.3203,28,-3.8644,25,65,-5.7411
2017,4,2017_04_DET_MIN,MIN,DET,1,54,-19.6613,32,-8.5278,22,-11.1335,20,54,-19.6613
2017,4,2017_04_IND_SEA,IND,SEA,0,58,-15.6167,33,-15.7669,25,0.1502,19,49,-13.2892
2017,4,2017_04_IND_SEA,SEA,IND,1,63,18.467,30,11.4396,33,7.0274,30,44,5.8799
2017,4,2017_04_JAX_NYJ,JAX,NYJ,0,74,-11.5459,36,-11.946,38,0.4001,31,74,-11.5459
2017,4,2017_04_JAX_NYJ,NYJ,JAX,1,68,-7.5307,36,-1.2595,32,-6.2712,27,68,-7.5307
2017,4,2017_04_LA_DAL,DAL,LA,1,65,10.6483,38,3.793,27,6.8553,24,65,10.6483
2017,4,2017_04_LA_DAL,LA,DAL,0,67,10.3137,37,6.8767,30,3.4369,34,67,10.3137
2017,4,2017_04_NO_MIA,MIA,NO,1,47,-12.9189,32,-9.6507,15,-3.2682,19,36,-9.4053
2017,4,2017_04_NO_MIA,NO,MIA,0,69,9.1799,41,15.1948,28,-6.0149,30,54,6.0002
2017,4,2017_04_NYG_TB,NYG,TB,0,77,2.7945,49,8.179,28,-5.3845,33,77,2.7945
2017,4,2017_04_NYG_TB,TB,NYG,1,61,5.3632,40,5.9296,21,-0.5664,27,61,5.3632
2017,4,2017_04_OAK_DEN,DEN,LV,1,59,-2.5903,30,0.9185,29,-3.5088,22,59,-2.5903
2017,4,2017_04_OAK_DEN,LV,DEN,0,53,-13.4029,38,-1.9272,15,-11.4757,16,53,-13.4029
2017,4,2017_04_PHI_LAC,LAC,PHI,1,53,10.4342,40,11.0794,13,-0.6453,22,53,10.4342
2017,4,2017_04_PHI_LAC,PHI,LAC,0,72,16.71,32,11.8159,40,4.8941,33,72,16.71
2017,4,2017_04_PIT_BAL,BAL,PIT,1,67,-18.7422,51,-11.611,16,-7.1311,30,53,-18.367
2017,4,2017_04_PIT_BAL,PIT,BAL,0,73,5.8588,32,3.8649,41,1.9939,32,66,1.5492
2017,4,2017_04_SF_ARI,ARI,SF,1,78,-7.6934,57,-2.3785,21,-5.3149,33,78,-7.6934
2017,4,2017_04_SF_ARI,SF,ARI,0,79,-9.9753,52,-7.1853,27,-2.79,28,79,-9.9753
2017,4,2017_04_TEN_HOU,HOU,TEN,1,78,17.4824,36,17.9855,42,-0.5031,37,47,21.4647
2017,4,2017_04_TEN_HOU,TEN,HOU,0,40,-22.3268,22,-23.5196,18,1.1929,16,22,2.2518
2017,4,2017_04_WAS_KC,KC,WAS,1,72,12.2965,40,7.744,32,4.5525,36,71,13.2435
2017,4,2017_04_WAS_KC,WAS,KC,0,49,3.4241,24,2.6076,25,0.8164,25,49,3.4241
2017,5,2017_05_ARI_PHI,ARI,PHI,0,60,-6.83,46,-4.1569,14,-2.6732,21,33,-2.2036
2017,5,2017_05_ARI_PHI,PHI,ARI,1,62,11.2325,31,17.5909,31,-6.3585,23,44,13.7364
2017,5,2017_05_BAL_OAK,BAL,LV,0,62,12.378,26,8.8784,36,3.4997,28,53,11.7114
2017,5,2017_05_BAL_OAK,LV,BAL,1,54,-9.1672,29,-10.7252,25,1.558,23,50,-4.8846
2017,5,2017_05_BUF_CIN,BUF,CIN,0,67,-9.5479,43,-6.2413,24,-3.3066,20,67,-9.5479
2017,5,2017_05_BUF_CIN,CIN,BUF,1,60,-2.8662,37,0.7488,23,-3.615,23,60,-2.8662
2017,5,2017_05_CAR_DET,CAR,DET,0,61,6.9863,36,17.2864,25,-10.3001,22,49,10.6338
2017,5,2017_05_CAR_DET,DET,CAR,1,56,-10.3155,41,-6.2225,15,-4.093,27,43,-8.1604
2017,5,2017_05_GB_DAL,DAL,GB,1,72,10.1377,37,5.2146,35,4.9231,33,72,10.1377
2017,5,2017_05_GB_DAL,GB,DAL,0,59,19.7632,34,10.4726,25,9.2906,35,59,19.7632
2017,5,2017_05_JAX_PIT,JAX,PIT,0,53,4.8821,16,-2.1216,37,7.0037,17,42,0.2825
2017,5,2017_05_JAX_PIT,PIT,JAX,1,76,-22.3498,56,-19.4938,20,-2.856,30,61,-18.2871
2017,5,2017_05_KC_HOU,HOU,KC,1,58,11.6066,34,12.3818,24,-0.7752,27,44,1.3816
2017,5,2017_05_KC_HOU,KC,HOU,0,74,20.1781,39,26.8623,35,-6.6842,34,67,20.2881
2017,5,2017_05_LAC_NYG,LAC,NYG,0,71,4.4145,44,4.3507,27,0.0638,29,71,4.4145
2017,5,2017_05_LAC_NYG,NYG,LAC,1,67,-5.7128,42,-9.5363,25,3.8235,31,67,-5.7128
2017,5,2017_05_MIN_CHI,CHI,MIN,1,57,-6.2455,27,-7.6908,30,1.4453,19,57,-6.2455
2017,5,2017_05_MIN_CHI,MIN,CHI,0,67,-1.8932,36,-3.4908,31,1.5976,24,67,-1.8932
2017,5,2017_05_NE_TB,NE,TB,0,66,1.8493,43,2.6532,23,-0.8039,33,65,2.6188
2017,5,2017_05_NE_TB,TB,NE,1,67,-0.8751,47,0.2341,20,-1.1093,32,67,-0.8751
2017,5,2017_05_NYJ_CLE,CLE,NYJ,1,70,-4.6864,37,0.6445,33,-5.3308,33,65,-11.0967
2017,5,2017_05_NYJ_CLE,NYJ,CLE,0,48,-5.6897,33,-0.4956,15,-5.194,20,44,-4.2468
2017,5,2017_05_SEA_LA,LA,SEA,1,70,-15.2248,48,-9.0382,22,-6.1866,24,70,-15.2248
2017,5,2017_05_SEA_LA,SEA,LA,0,64,-16.0113,40,-9.2415,24,-6.7697,23,64,-16.0113
2017,5,2017_05_SF_IND,IND,SF,1,71,1.3251,38,0.6709,33,0.6541,32,71,1.3251
2017,5,2017_05_SF_IND,SF,IND,0,70,6.4355,48,14.9662,22,-8.5307,29,68,1.9579
2017,5,2017_05_TEN_MIA,MIA,TEN,1,58,-21.8838,28,-12.8562,30,-9.0276,16,55,-20.9669
2017,5,2017_05_TEN_MIA,TEN,MIA,0,58,-23.3694,38,-15.8026,20,-7.5668,19,56,-23.4476
2017,6,2017_06_CHI_BAL,BAL,CHI,1,71,-29.2825,45,-29.1538,26,-0.1287,25,71,-29.2825
2017,6,2017_06_CHI_BAL,CHI,BAL,0,74,-9.4322,21,-1.3144,53,-8.1178,32,71,-7.8295
2017,6,2017_06_CLE_HOU,CLE,HOU,0,63,-20.9385,41,-25.0375,22,4.099,24,37,-17.4772
2017,6,2017_06_CLE_HOU,HOU,CLE,1,62,-6.8047,30,-1.0917,32,-5.713,23,26,7.4783
2017,6,2017_06_DET_NO,DET,NO,0,76,-30.5943,57,-25.0515,19,-5.5428,23,42,-20.6048
2017,6,2017_06_DET_NO,NO,DET,1,67,-10.2692,30,-12.3761,37,2.1069,25,38,6.1876
2017,6,2017_06_GB_MIN,GB,MIN,0,65,-24.3135,41,-15.0998,24,-9.2137,21,41,-19.2068
2017,6,2017_06_GB_MIN,MIN,GB,1,69,-14.5737,38,-1.3966,31,-13.1771,24,63,-9.2392
2017,6,2017_06_IND_TEN,IND,TEN,0,57,-5.6441,38,-4.7127,19,-0.9314,23,54,-5.2989
2017,6,2017_06_IND_TEN,TEN,IND,1,66,7.4495,33,3.9586,33,3.4909,32,61,1.0557
2017,6,2017_06_LAC_OAK,LAC,LV,0,63,1.8358,37,2.9339,26,-1.0981,25,63,1.8358
2017,6,2017_06_LAC_OAK,LV,LAC,1,53,-6.4374,31,-7.7879,22,1.3504,24,53,-6.4374
2017,6,2017_06_LA_JAX,JAX,LA,1,66,-3.9229,40,-7.515,26,3.5921,25,60,-4.2466
2017,6,2017_06_LA_JAX,LA,JAX,0,54,-9.0122,24,-8.7833,30,-0.2288,26,51,-7.2987
2017,6,2017_06_MIA_ATL,ATL,MIA,1,55,0.5872,36,3.9636,19,-3.3765,26,55,0.5872
2017,6,2017_06_MIA_ATL,MIA,ATL,0,63,0.171,33,1.4348,30,-1.2638,24,63,0.171
2017,6,2017_06_NE_NYJ,NE,NYJ,0,62,10.4924,38,12.7708,24,-2.2784,28,62,10.4924
2017,6,2017_06_NE_NYJ,NYJ,NE,1,73,1.3084,50,2.8438,23,-1.5353,32,71,-0.6691
2017,6,2017_06_NYG_DEN,DEN,NYG,1,73,-19.8325,57,-14.3424,16,-5.4901,23,52,-16.9486
2017,6,2017_06_NYG_DEN,NYG,DEN,0,54,-2.8726,22,0.8482,32,-3.7208,17,38,2.8433
2017,6,2017_06_PHI_CAR,CAR,PHI,1,79,-16.2871,54,-13.5355,25,-2.7516,31,79,-16.2871
2017,6,2017_06_PHI_CAR,PHI,CAR,0,59,-0.2898,33,0.5534,26,-0.8433,26,59,-0.2898
2017,6,2017_06_PIT_KC,KC,PIT,1,52,-7.2461,37,0.7453,15,-7.9914,15,52,-7.2461
2017,6,2017_06_PIT_KC,PIT,KC,0,61,11.034,26,3.5226,35,7.5114,32,61,11.034
2017,6,2017_06_SF_WAS,SF,WAS,0,70,3.5529,50,-0.7955,20,4.3484,29,68,2.4248
2017,6,2017_06_SF_WAS,WAS,SF,1,70,-0.1724,38,9.5437,32,-9.7161,32,70,-0.1724
2017,6,2017_06_TB_ARI,ARI,TB,1,55,1.7009,24,1.972,31,-0.2711,30,23,20.7083
2017,6,2017_06_TB_ARI,TB,ARI,0,68,5.1032,46,7.2967,22,-2.1935,30,16,-4.2024
2017,7,2017_07_ARI_LA,ARI,LA,0,47,-18.0272,35,-15.1492,12,-2.8781,13,32,-8.7189
2017,7,2017_07_ARI_LA,LA,ARI,1,77,14.5745,38,3.6364,39,10.938,34,35,8.7577
2017,7,2017_07_ATL_NE,ATL,NE,0,56,3.3009,34,0.2721,22,3.0288,29,35,-3.3237
2017,7,2017_07_ATL_NE,NE,ATL,1,64,14.9372,31,14.047,33,0.8902,34,42,11.6292
2017,7,2017_07_BAL_MIN,BAL,MIN,0,64,-10.4959,44,-5.7472,20,-4.7487,24,49,-19.789
2017,7,2017_07_BAL_MIN,MIN,BAL,1,64,-3.0989,31,-0.0425,33,-3.0564,29,53,-5.4182
2017,7,2017_07_CAR_CHI,CAR,CHI,0,69,-29.8307,39,-12.7506,30,-17.0801,23,60,-20.9181
2017,7,2017_07_CAR_CHI,CHI,CAR,1,34,-11.4217,11,-2.976,23,-8.4457,11,21,-5.7742
2017,7,2017_07_CIN_PIT,CIN,PIT,0,50,-9.9217,34,-9.2583,16,-0.6633,18,45,-4.4478
2017,7,2017_07_CIN_PIT,PIT,CIN,1,65,2.8201,25,10.6325,40,-7.8124,28,53,7.8001
2017,7,2017_07_DAL_SF,DAL,SF,0,70,24.1202,28,10.5431,42,13.5771,36,38,13.419
2017,7,2017_07_DAL_SF,SF,DAL,1,65,-14.2052,43,-17.9608,22,3.7556,29,40,-7.635
2017,7,2017_07_DEN_LAC,DEN,LAC,0,59,-21.7859,40,-19.8776,19,-1.9082,18,49,-19.4539
2017,7,2017_07_DEN_LAC,LAC,DEN,1,55,-7.1537,29,0.8682,26,-8.0219,15,40,-12.8896
2017,7,2017_07_JAX_IND,IND,JAX,1,67,-20.1457,47,-14.9324,20,-5.2133,23,31,-10.494
2017,7,2017_07_JAX_IND,JAX,IND,0,64,15.3752,28,17.7283,36,-2.3532,33,40,17.9271
2017,7,2017_07_KC_OAK,KC,LV,0,60,20.4552,37,22.0022,23,-1.547,30,60,20.4552
2017,7,2017_07_KC_OAK,LV,KC,1,73,18.0159,52,20.4282,21,-2.4124,31,73,18.0159
2017,7,2017_07_NO_GB,GB,NO,1,50,2.5526,26,-6.1391,24,8.6917,20,50,2.5526
2017,7,2017_07_NO_GB,NO,GB,0,72,17.9076,39,14.2603,33,3.6473,33,68,18.3014
2017,7,2017_07_NYJ_MIA,MIA,NYJ,1,65,-3.3064,40,3.4531,25,-6.7595,26,65,-3.3064
2017,7,2017_07_NYJ_MIA,NYJ,MIA,0,51,2.1829,30,4.6889,21,-2.506,18,48,3.5298
2017,7,2017_07_SEA_NYG,NYG,SEA,1,57,-18.7993,40,-17.5742,17,-1.2251,14,47,-14.8238
2017,7,2017_07_SEA_NYG,SEA,NYG,0,70,2.1485,40,12.2701,30,-10.1215,31,58,-2.3608
2017,7,2017_07_TB_BUF,BUF,TB,1,67,10.5748,34,11.2819,33,-0.7071,27,67,10.5748
2017,7,2017_07_TB_BUF,TB,BUF,0,70,9.9565,45,16.2941,25,-6.3376,32,70,9.9565
2017,7,2017_07_TEN_CLE,CLE,TEN,1,66,-18.2722,41,-10.385,25,-7.8871,23,66,-18.2722
2017,7,2017_07_TEN_CLE,TEN,CLE,0,68,-13.6696,36,-2.9825,32,-10.6871,25,68,-13.6696
2017,7,2017_07_WAS_PHI,PHI,WAS,1,60,12.1734,28,12.5103,32,-0.3369,25,52,14.6292
2017,7,2017_07_WAS_PHI,WAS,PHI,0,61,1.9428,44,1.8772,17,0.0656,30,42,5.2864
2017,8,2017_08_ATL_NYJ,ATL,NYJ,0,63,-2.528,30,9.7902,33,-12.3182,24,63,-2.528
2017,8,2017_08_ATL_NYJ,NYJ,ATL,1,57,-2.8108,35,6.2268,22,-9.0376,20,57,-2.8108
2017,8,2017_08_CAR_TB,CAR,TB,0,61,-5.0396,32,-2.2119,29,-2.8276,24,55,-2.7914
2017,8,2017_08_CAR_TB,TB,CAR,1,63,-16.8275,41,-16.6527,22,-0.1748,24,54,-12.643
2017,8,2017_08_CHI_NO,CHI,NO,0,66,-8.8163,35,-9.9147,31,1.0983,23,65,-12.8292
2017,8,2017_08_CHI_NO,NO,CHI,1,57,-4.3955,30,6.1215,27,-10.5169,23,48,1.4658
2017,8,2017_08_DAL_WAS,DAL,WAS,0,63,2.4896,24,0.4495,39,2.0401,28,59,3.1579
2017,8,2017_08_DAL_WAS,WAS,DAL,1,58,-9.7968,43,-6.4894,15,-3.3074,20,50,-3.2874
2017,8,2017_08_DEN_KC,DEN,KC,0,71,-15.5724,40,-13.2486,31,-2.3238,30,54,-14.7223
2017,8,2017_08_DEN_KC,KC,DEN,1,58,-17.0665,33,-11.6845,25,-5.3821,17,49,-9.7343
2017,8,2017_08_HOU_SEA,HOU,SEA,0,69,12.0979,35,9.2311,34,2.8668,31,69,12.0979
2017,8,2017_08_HOU_SEA,SEA,HOU,1,62,7.9016,43,14.5361,19,-6.6345,26,62,7.9016
2017,8,2017_08_IND_CIN,CIN,IND,1,51,-0.4583,32,2.9368,19,-3.3951,20,51,-0.4583
2017,8,2017_08_IND_CIN,IND,CIN,0,71,-3.6118,43,-4.3126,28,0.7008,28,71,-3.6118
2017,8,2017_08_LAC_NE,LAC,NE,0,52,7.6118,31,1.8997,21,5.712,27,46,7.7239
2017,8,2017_08_LAC_NE,NE,LAC,1,82,5.4934,50,9.1213,32,-3.6279,36,78,8.2903
2017,8,2017_08_MIA_BAL,BAL,MIA,1,60,3.1818,23,-1.3065,37,4.4883,26,29,3.9226
2017,8,2017_08_MIA_BAL,MIA,BAL,0,66,-35.7382,47,-31.4651,19,-4.2732,20,29,-9.4569
2017,8,2017_08_MIN_CLE,CLE,MIN,1,59,-9.7462,37,-11.8304,22,2.0843,21,42,-0.9228
2017,8,2017_08_MIN_CLE,MIN,CLE,0,79,0.254,44,6.2447,35,-5.9907,36,69,5.2763
2017,8,2017_08_OAK_BUF,BUF,LV,1,62,9.09,27,7.3445,35,1.7455,31,43,5.2831
2017,8,2017_08_OAK_BUF,LV,BUF,0,63,-7.8788,49,-8.31,14,0.4311,28,40,-8.9493
2017,8,2017_08_PIT_DET,DET,PIT,1,69,-5.4945,47,1.423,22,-6.9174,30,69,-5.4945
2017,8,2017_08_PIT_DET,PIT,DET,0,57,1.1731,31,10.894,26,-9.7209,18,55,2.1646
2017,8,2017_08_SF_PHI,PHI,SF,1,65,-3.747,36,-3.2416,29,-0.5054,30,39,-5.5584
2017,8,2017_08_SF_PHI,SF,PHI,0,64,-23.0236,40,-17.4621,24,-5.5614,23,33,-24.0392
2017,9,2017_09_ARI_SF,ARI,SF,0,70,-6.388,30,1.8933,40,-8.2813,25,64,-1.1995
2017,9,2017_09_ARI_SF,SF,ARI,1,73,-22.7882,56,-24.7404,17,1.9523,27,68,-16.8036
2017,9,2017_09_ATL_CAR,ATL,CAR,0,57,-7.2981,40,-1.4848,17,-5.8133,25,56,-7.8908
2017,9,2017_09_ATL_CAR,CAR,ATL,1,63,-6.3722,25,-2.5811,38,-3.7911,25,54,-0.4711
2017,9,2017_09_BAL_TEN,BAL,TEN,0,77,-1.867,55,4.3902,22,-6.2572,31,68,-7.0344
2017,9,2017_09_BAL_TEN,TEN,BAL,1,50,-2.1663,31,0.3477,19,-2.5141,23,50,-2.1663
2017,9,2017_09_BUF_NYJ,BUF,NYJ,0,69,-15.6203,47,-8.4213,22,-7.199,28,42,-10.0149
2017,9,2017_09_BUF_NYJ,NYJ,BUF,1,59,10.239,21,5.5072,38,4.7317,24,44,10.4621
2017,9,2017_09_CIN_JAX,CIN,JAX,0,35,-5.2302,20,-2.3274,15,-2.9028,10,28,-0.7339
2017,9,2017_09_CIN_JAX,JAX,CIN,1,77,8.2734,38,14.7503,39,-6.4768,38,57,7.1205
2017,9,2017_09_DEN_PHI,DEN,PHI,0,60,-14.1038,41,-7.6548,19,-6.4489,19,29,-8.0119
2017,9,2017_09_DEN_PHI,PHI,DEN,1,66,11.5451,30,12.1335,36,-0.5884,32,28,14.6757
2017,9,2017_09_DET_GB,DET,GB,0,67,17.1256,34,33.5485,33,-16.4229,29,46,23.6173
2017,9,2017_09_DET_GB,GB,DET,1,58,-3.1346,41,-8.8551,17,5.7205,30,40,-7.4004
2017,9,2017_09_IND_HOU,HOU,IND,1,67,-9.5502,46,-9.4323,21,-0.1179,20,64,-11.3928
2017,9,2017_09_IND_HOU,IND,HOU,0,60,-0.8892,33,0.9364,27,-1.8256,27,60,-0.8892
2017,9,2017_09_KC_DAL,DAL,KC,1,65,13.3739,34,8.5898,31,4.7841,33,59,15.223
2017,9,2017_09_KC_DAL,KC,DAL,0,55,2.2225,36,2.6506,19,-0.4281,27,48,3.9888
2017,9,2017_09_LA_NYG,LA,NYG,0,60,24.5857,22,25.0263,38,-0.4407,25,33,19.7713
2017,9,2017_09_LA_NYG,NYG,LA,1,65,-6.0017,40,-0.084,25,-5.9176,29,44,-5.7982
2017,9,2017_09_OAK_MIA,LV,MIA,0,55,11.5758,31,11.9936,24,-0.4178,23,52,14.316
2017,9,2017_09_OAK_MIA,MIA,LV,1,62,5.949,43,12.0432,19,-6.0942,29,55,1.3018
2017,9,2017_09_TB_NO,NO,TB,1,57,9.8682,28,12.1897,29,-2.3216,30,35,6.0743
2017,9,2017_09_TB_NO,TB,NO,0,57,-14.2646,32,-15.7393,25,1.4747,21,31,-7.6531
2017,9,2017_09_WAS_SEA,SEA,WAS,1,76,-2.3832,48,-2.7689,28,0.3857,34,76,-2.3832
2017,9,2017_09_WAS_SEA,WAS,SEA,0,60,-11.02,37,0.4446,23,-11.4646,19,60,-11.02
2017,10,2017_10_CIN_TEN,CIN,TEN,0,50,-9.3463,36,-3.3543,14,-5.992,19,49,-9.4841
2017,10,2017_10_CIN_TEN,TEN,CIN,1,84,-7.7477,48,-10.8459,36,3.0982,36,84,-7.7477
2017,10,2017_10_CLE_DET,CLE,DET,0,77,-7.5067,44,-16.3294,33,8.8226,32,64,-4.8502
2017,10,2017_10_CLE_DET,DET,CLE,1,47,4.4793,30,2.3069,17,2.1724,21,47,4.4793
2017,10,2017_10_DAL_ATL,ATL,DAL,1,64,3.7443,30,10.3871,34,-6.6428,24,48,8.9112
2017,10,2017_10_DAL_ATL,DAL,ATL,0,59,-10.742,38,-11.7631,21,1.0211,23,39,-0.8951
2017,10,2017_10_GB_CHI,CHI,GB,1,57,-7.8874,40,-2.6149,17,-5.2726,17,56,-6.801
2017,10,2017_10_GB_CHI,GB,CHI,0,64,8.1514,28,6.6508,36,1.5005,32,59,6.5737
2017,10,2017_10_HOU_LA,HOU,LA,0,63,-22.0353,39,-17.148,24,-4.8873,20,49,-12.1099
2017,10,2017_10_HOU_LA,LA,HOU,1,63,6.0716,41,6.9552,22,-0.8835,25,49,-0.4881
2017,10,2017_10_LAC_JAX,JAX,LAC,1,82,-9.7831,55,-8.5762,27,-1.2069,26,82,-9.7831
2017,10,2017_10_LAC_JAX,LAC,JAX,0,66,-9.0364,37,-0.2945,29,-8.7419,26,66,-9.0364
2017,10,2017_10_MIA_CAR,CAR,MIA,1,69,33.0172,35,19.6271,34,13.3901,38,47,15.8092
2017,10,2017_10_MIA_CAR,MIA,CAR,0,53,3.9986,37,5.4666,16,-1.468,23,34,-7.2411
2017,10,2017_10_MIN_WAS,MIN,WAS,0,58,15.1309,29,16.2671,29,-1.1362,31,48,27.4328
2017,10,2017_10_MIN_WAS,WAS,MIN,1,72,1.915,46,3.0849,26,-1.17,33,60,1.7135
2017,10,2017_10_NE_DEN,DEN,NE,1,60,-0.7851,33,-0.6812,27,-0.1038,23,43,7.6046
2017,10,2017_10_NE_DEN,NE,DEN,0,67,10.833,38,12.7834,29,-1.9504,39,38,12.8146
2017,10,2017_10_NO_BUF,BUF,NO,1,45,-13.1206,30,-8.8919,15,-4.2287,16,26,-4.7299
2017,10,2017_10_NO_BUF,NO,BUF,0,69,29.8556,25,9.6327,44,20.223,41,43,17.6477
2017,10,2017_10_NYG_SF,NYG,SF,0,64,9.2685,40,8.5792,24,0.6892,30,45,3.1241
2017,10,2017_10_NYG_SF,SF,NYG,1,55,16.3888,25,14.7251,30,1.6637,25,49,13.6824
2017,10,2017_10_NYJ_TB,NYJ,TB,0,64,-12.6733,45,-5.6954,19,-6.9779,18,47,-16.768
2017,10,2017_10_NYJ_TB,TB,NYJ,1,66,-9.9392,35,-0.9054,31,-9.0337,19,62,-7.2299
2017,10,2017_10_PIT_IND,IND,PIT,1,55,-7.3514,27,0.8964,28,-8.2478,20,55,-7.3514
2017,10,2017_10_PIT_IND,PIT,IND,0,63,1.6466,33,7.7346,30,-6.088,28,63,1.6466
2017,10,2017_10_SEA_ARI,ARI,SEA,1,73,-16.3227,49,-1.6395,24,-14.6832,24,58,-24.813
2017,10,2017_10_SEA_ARI,SEA,ARI,0,58,-1.2273,36,5.2269,22,-6.4542,19,53,1.9823
2017,11,2017_11_ARI_HOU,ARI,HOU,0,54,-9.6856,36,0.2391,18,-9.9246,20,49,-11.5777
2017,11,2017_11_ARI_HOU,HOU,ARI,1,67,0.1302,33,0.7884,34,-0.6582,29,61,3.0328
2017,11,2017_11_ATL_SEA,ATL,SEA,0,56,8.9105,28,12.4982,28,-3.5877,23,51,10.1378
2017,11,2017_11_ATL_SEA,SEA,ATL,1,69,2.7104,46,-3.5554,23,6.2658,37,67,1.2345
2017,11,2017_11_BAL_GB,BAL,GB,0,56,-10.2021,31,-6.2006,25,-4.0015,23,38,-5.5
2017,11,2017_11_BAL_GB,GB,BAL,1,67,-37.8354,42,-29.2962,25,-8.5392,25,52,-22.799
2017,11,2017_11_BUF_LAC,BUF,LAC,0,62,-12.8449,40,-18.2908,22,5.4459,28,20,-16.1432
2017,11,2017_11_BUF_LAC,LAC,BUF,1,69,15.8405,37,12.7535,32,3.087,34,27,7.4005
2017,11,2017_11_CIN_DEN,CIN,DEN,0,51,-3.555,27,4.9513,24,-8.5063,16,51,-3.555
2017,11,2017_11_CIN_DEN,DEN,CIN,1,79,-14.5079,45,-7.5218,34,-6.9861,32,79,-14.5079
2017,11,2017_11_DET_CHI,CHI,DET,1,61,6.1349,31,3.8761,30,2.2589,29,61,6.1349
2017,11,2017_11_DET_CHI,DET,CHI,0,57,6.4984,34,11.337,23,-4.8385,28,57,6.4984
2017,11,2017_11_JAX_CLE,CLE,JAX,1,54,-33.948,37,-31.4204,17,-2.5276,15,48,-32.7635
2017,11,2017_11_JAX_CLE,JAX,CLE,0,76,-15.3792,32,-6.4082,44,-8.9711,22,72,-13.0119
2017,11,2017_11_KC_NYG,KC,NYG,0,71,-10.7253,42,-13.2991,29,2.5738,28,71,-10.7253
2017,11,2017_11_KC_NYG,NYG,KC,1,67,-5.714,36,-3.9916,31,-1.7224,27,67,-5.714
2017,11,2017_11_LA_MIN,LA,MIN,0,54,-8.4551,38,-5.3916,16,-3.0634,23,41,-8.3363
2017,11,2017_11_LA_MIN,MIN,LA,1,72,13.39,38,12.2137,34,1.1762,34,61,12.4893
2017,11,2017_11_NE_OAK,LV,NE,1,72,-0.6219,51,-3.898,21,3.2761,37,29,-1.4544
2017,11,2017_11_NE_OAK,NE,LV,0,58,18.8862,38,19.6038,20,-0.7176,32,37,17.7736
2017,11,2017_11_PHI_DAL,DAL,PHI,1,62,-29.7418,36,-29.2902,26,-0.4516,20,48,-16.2651
2017,11,2017_11_PHI_DAL,PHI,DAL,0,59,16.6196,28,9.4924,31,7.1272,28,45,10.7048
2017,11,2017_11_TB_MIA,MIA,TB,1,60,-3.803,41,3.3432,19,-7.1462,20,60,-3.803
2017,11,2017_11_TB_MIA,TB,MIA,0,62,0.6278,38,6.3393,24,-5.7115,22,62,0.6278
2017,11,2017_11_TEN_PIT,PIT,TEN,1,66,10.2533,48,11.8422,18,-1.5889,36,53,6.5275
2017,11,2017_11_TEN_PIT,TEN,PIT,0,57,-9.4058,39,-11.1435,18,1.7377,26,42,0.7504
2017,11,2017_11_WAS_NO,NO,WAS,1,66,14.8976,42,10.0025,24,4.8952,36,56,6.9056
2017,11,2017_11_WAS_NO,WAS,NO,0,67,18.8957,34,13.9454,33,4.9503,28,61,17.7544
2017,12,2017_12_BUF_KC,BUF,KC,0,66,-6.0387,31,3.4911,35,-9.5298,25,66,-6.0387
2017,12,2017_12_BUF_KC,KC,BUF,1,56,-17.3991,38,-10.3376,18,-7.0615,21,56,-17.3991
2017,12,2017_12_CAR_NYJ,CAR,NYJ,0,67,-0.4394,33,-1.1329,34,0.6935,21,65,-0.9108
2017,12,2017_12_CAR_NYJ,NYJ,CAR,1,63,-6.3966,37,-4.8063,26,-1.5903,26,59,-8.0499
2017,12,2017_12_CHI_PHI,CHI,PHI,0,48,-21.4649,35,-12.2591,13,-9.2057,13,16,-8.8502
2017,12,2017_12_CHI_PHI,PHI,CHI,1,70,7.2573,40,7.002,30,0.2553,32,36,5.9374
2017,12,2017_12_CLE_CIN,CIN,CLE,1,57,9.0005,29,5.9899,28,3.0106,32,45,10.7761
2017,12,2017_12_CLE_CIN,CLE,CIN,0,66,9.3981,35,-0.0051,31,9.4033,29,53,4.1473
2017,12,2017_12_DEN_OAK,DEN,LV,0,57,-8.4539,40,-4.7707,17,-3.6831,14,29,-16.8144
2017,12,2017_12_DEN_OAK,LV,DEN,1,60,1.2287,26,5.9225,34,-4.6938,26,44,0.8964
2017,12,2017_12_GB_PIT,GB,PIT,0,54,10.2443,30,10.0784,24,0.1658,23,54,10.2443
2017,12,2017_12_GB_PIT,PIT,GB,1,71,10.5329,47,15.0749,24,-4.542,36,71,10.5329
2017,12,2017_12_HOU_BAL,BAL,HOU,1,63,-2.8685,34,-5.6898,29,2.8213,22,61,-4.5112
2017,12,2017_12_HOU_BAL,HOU,BAL,0,64,-8.7309,39,-3.9748,25,-4.756,24,64,-8.7309
2017,12,2017_12_JAX_ARI,ARI,JAX,1,70,-9.7171,40,-5.2728,30,-4.4443,26,70,-9.7171
2017,12,2017_12_JAX_ARI,JAX,ARI,0,57,-13.8636,35,-9.1686,22,-4.695,24,57,-13.8636
2017,12,2017_12_LAC_DAL,DAL,LAC,1,50,-13.6158,30,-15.7135,20,2.0977,26,41,-14.7815
2017,12,2017_12_LAC_DAL,LAC,DAL,0,62,24.8168,33,31.327,29,-6.5102,30,53,24.3621
2017,12,2017_12_MIA_NE,MIA,NE,0,59,-15.3302,40,-9.209,19,-6.1212,24,40,-12.6321
2017,12,2017_12_MIA_NE,NE,MIA,1,63,5.8271,29,8.5559,34,-2.7288,28,42,11.6118
2017,12,2017_12_MIN_DET,DET,MIN,1,53,-9.6836,38,-1.3114,15,-8.3722,17,53,-9.6836
2017,12,2017_12_MIN_DET,MIN,DET,0,70,13.0805,32,15.5888,38,-2.5083,29,67,14.816
2017,12,2017_12_NO_LA,LA,NO,1,70,4.4926,48,7.9702,22,-3.4775,28,58,6.0036
2017,12,2017_12_NO_LA,NO,LA,0,52,3.3704,35,-1.2751,17,4.6455,22,46,-3.0411
2017,12,2017_12_NYG_WAS,NYG,WAS,0,55,-19.7403,32,-17.5915,23,-2.1488,16,52,-18.8481
2017,12,2017_12_NYG_WAS,WAS,NYG,1,66,-12.8517,37,-10.0422,29,-2.8095,27,63,-11.3146
2017,12,2017_12_SEA_SF,SEA,SF,0,63,1.4766,34,7.1925,29,-5.7159,28,51,1.4375
2017,12,2017_12_SEA_SF,SF,SEA,1,66,-15.4373,42,-10.1011,24,-5.3363,22,50,-18.6186
2017,12,2017_12_TB_ATL,ATL,TB,1,63,17.4621,35,21.0092,28,-3.5471,32,55,12.257
2017,12,2017_12_TB_ATL,TB,ATL,0,68,3.8205,45,2.1234,23,1.6971,33,58,3.446
2017,12,2017_12_TEN_IND,IND,TEN,1,61,-11.8367,37,-5.1198,24,-6.7169,22,61,-11.8367
2017,12,2017_12_TEN_IND,TEN,IND,0,51,-2.2609,25,-2.3267,26,0.0658,21,51,-2.2609
2017,13,2017_13_CAR_NO,CAR,NO,0,53,-4.0315,30,-4.3131,23,0.2816,21,48,-9.8015
2017,13,2017_13_CAR_NO,NO,CAR,1,61,7.2803,36,1.8011,25,5.4792,26,46,12.9435
2017,13,2017_13_CLE_LAC,CLE,LAC,0,57,-7.0604,35,-3.6466,22,-3.4138,22,55,-6.3758
2017,13,2017_13_CLE_LAC,LAC,CLE,1,67,11.2885,44,15.2373,23,-3.9488,33,62,12.7913
2017,13,2017_13_DEN_MIA,DEN,MIA,0,68,-29.9145,45,-27.3244,23,-2.5901,25,42,-18.6047
2017,13,2017_13_DEN_MIA,MIA,DEN,1,64,-17.3131,34,-13.7993,30,-3.5138,25,41,3.6821
2017,13,2017_13_DET_BAL,BAL,DET,1,62,7.3082,36,5.9214,26,1.3868,32,58,5.795
2017,13,2017_13_DET_BAL,DET,BAL,0,61,-5.3808,37,1.2626,24,-6.6434,24,51,0.0933
2017,13,2017_13_HOU_TEN,HOU,TEN,0,73,5.3032,52,10.4509,21,-5.1477,31,69,5.7523
2017,13,2017_13_HOU_TEN,TEN,HOU,1,50,11.4152,25,1.3274,25,10.0877,21,47,5.0738
2017,13,2017_13_IND_JAX,IND,JAX,0,64,-4.7634,38,-5.9556,26,1.1922,31,34,-3.9983
2017,13,2017_13_IND_JAX,JAX,IND,1,66,18.2804,39,21.7419,27,-3.4615,30,45,18.4848
2017,13,2017_13_KC_NYJ,KC,NYJ,0,46,21.5197,35,17.0343,11,4.4854,22,46,21.5197
2017,13,2017_13_KC_NYJ,NYJ,KC,1,84,18.798,36,18.7423,48,0.0557,39,84,18.798
2017,13,2017_13_LA_ARI,ARI,LA,1,62,-14.8909,39,-15.7773,23,0.8865,23,52,-11.0186
2017,13,2017_13_LA_ARI,LA,ARI,0,56,-1.6713,32,3.6803,24,-5.3516,24,47,-0.6937
2017,13,2017_13_MIN_ATL,ATL,MIN,1,51,-4.4229,29,-0.1753,22,-4.2475,18,51,-4.4229
2017,13,2017_13_MIN_ATL,MIN,ATL,0,60,4.4171,32,5.8623,28,-1.4451,30,60,4.4171
2017,13,2017_13_NE_BUF,BUF,NE,1,64,-16.5259,38,-26.6679,26,10.142,23,37,-5.0583
2017,13,2017_13_NE_BUF,NE,BUF,0,66,17.3783,33,12.501,33,4.8773,32,47,13.1636
2017,13,2017_13_NYG_OAK,LV,NYG,1,65,-1.6343,37,7.0336,28,-8.6679,25,62,-1.2448
2017,13,2017_13_NYG_OAK,NYG,LV,0,61,-11.5896,37,-8.7201,24,-2.8695,25,54,-11.6715
2017,13,2017_13_PHI_SEA,PHI,SEA,0,74,-3.3992,48,1.2909,26,-4.69,34,59,-5.598
2017,13,2017_13_PHI_SEA,SEA,PHI,1,57,7.1161,33,10.2371,24,-3.121,20,46,12.6841
2017,13,2017_13_PIT_CIN,CIN,PIT,1,60,10.6664,38,6.7753,22,3.8911,29,60,10.6664
2017,13,2017_13_PIT_CIN,PIT,CIN,0,63,5.9291,41,2.2312,22,3.6979,29,63,5.9291
2017,13,2017_13_SF_CHI,CHI,SF,1,36,-5.3967,17,0.3777,19,-5.7744,10,36,-5.3967
2017,13,2017_13_SF_CHI,SF,CHI,0,72,7.917,39,9.6403,33,-1.7232,35,72,7.917
2017,13,2017_13_TB_GB,GB,TB,1,52,2.7449,24,-9.3896,28,12.1345,24,52,2.7449
2017,13,2017_13_TB_GB,TB,GB,0,74,0.8827,39,0.5587,35,0.324,34,74,0.8827
2017,13,2017_13_WAS_DAL,DAL,WAS,1,65,1.4148,23,-2.1832,42,3.598,26,54,-1.642
2017,13,2017_13_WAS_DAL,WAS,DAL,0,60,-8.9434,41,-5.9803,19,-2.9631,24,43,-9.0597
2017,14,2017_14_BAL_PIT,BAL,PIT,0,61,18.6226,35,7.8456,26,10.777,32,61,18.6226
2017,14,2017_14_BAL_PIT,PIT,BAL,1,84,18.145,67,16.2922,17,1.8528,45,84,18.145
2017,14,2017_14_CHI_CIN,CHI,CIN,0,71,19.3673,33,13.5594,38,5.8079,38,55,18.0591
2017,14,2017_14_CHI_CIN,CIN,CHI,1,53,-16.3828,40,-17.3733,13,0.9905,14,31,-7.3152
2017,14,2017_14_DAL_NYG,DAL,NYG,0,58,20.0268,30,16.8809,28,3.1459,28,55,17.1692
2017,14,2017_14_DAL_NYG,NYG,DAL,1,75,-8.9161,46,-8.9609,29,0.0448,34,64,-3.6177
2017,14,2017_14_DET_TB,DET,TB,0,62,6.6919,44,11.463,18,-4.7711,31,62,6.6919
2017,14,2017_14_DET_TB,TB,DET,1,68,-3.5907,41,-3.6646,27,0.0739,35,68,-3.5907
2017,14,2017_14_GB_CLE,CLE,GB,1,56,7.7984,30,6.348,26,1.4504,23,56,7.7984
2017,14,2017_14_GB_CLE,GB,CLE,0,73,13.8285,47,12.5969,26,1.2316,37,73,13.8285
2017,14,2017_14_IND_BUF,BUF,IND,1,64,-10.9697,14,-5.4664,50,-5.5033,19,64,-10.9697
2017,14,2017_14_IND_BUF,IND,BUF,0,67,-10.4642,22,-5.4715,45,-4.9927,19,67,-10.4642
2017,14,2017_14_MIN_CAR,CAR,MIN,1,60,5.3708,27,-2.4591,33,7.83,26,57,6.9922
2017,14,2017_14_MIN_CAR,MIN,CAR,0,72,-8.9683,51,-9.4802,21,0.5119,33,71,-5.2923
2017,14,2017_14_NE_MIA,MIA,NE,1,67,1.5258,40,2.9388,27,-1.413,28,54,7.3423
2017,14,2017_14_NE_MIA,NE,MIA,0,55,-8.842,45,-6.7077,10,-2.1343,20,43,-9.0762
2017,14,2017_14_NO_ATL,ATL,NO,1,63,-2.9815,28,-3.6794,35,0.698,32,63,-2.9815
2017,14,2017_14_NO_ATL,NO,ATL,0,52,1.3136,37,1.3807,15,-0.0671,26,52,1.3136
2017,14,2017_14_NYJ_DEN,DEN,NYJ,1,67,-4.5259,33,2.1482,34,-6.6742,19,43,1.6961
2017,14,2017_14_NYJ_DEN,NYJ,DEN,0,47,-25.8742,25,-23.1024,22,-2.7718,13,24,-13.6828
2017,14,2017_14_OAK_KC,KC,LV,1,70,6.2659,38,1.6526,32,4.6133,30,47,10.4627
2017,14,2017_14_OAK_KC,LV,KC,0,56,-8.8541,45,-11.236,11,2.3819,23,22,-11.4617
2017,14,2017_14_PHI_LA,LA,PHI,1,44,-0.6073,28,-6.484,16,5.8767,23,44,-0.6073
2017,14,2017_14_PHI_LA,PHI,LA,0,86,14.262,53,16.3147,33,-2.0527,35,85,15.209
2017,14,2017_14_SEA_JAX,JAX,SEA,1,61,11.1137,27,10.9476,34,0.1662,25,42,9.686
2017,14,2017_14_SEA_JAX,SEA,JAX,0,57,1.9653,33,-0.8319,24,2.7972,25,54,-9.3395
2017,14,2017_14_SF_HOU,HOU,SF,1,64,-9.056,41,-5.6304,23,-3.4256,28,58,-10.6953
2017,14,2017_14_SF_HOU,SF,HOU,0,62,2.8293,34,8.1829,28,-5.3536,23,62,2.8293
2017,14,2017_14_TEN_ARI,ARI,TEN,1,61,-11.3786,34,-7.884,27,-3.4946,23,61,-11.3786
2017,14,2017_14_TEN_ARI,TEN,ARI,0,56,-23.0085,34,-15.5858,22,-7.4227,19,56,-23.0085
2017,14,2017_14_WAS_LAC,LAC,WAS,1,71,-0.6735,36,-1.1051,35,0.4316,31,46,11.9197
2017,14,2017_14_WAS_LAC,WAS,LAC,0,50,-15.5918,29,-9.873,21,-5.7188,17,31,-4.7968
2017,15,2017_15_ARI_WAS,ARI,WAS,0,79,-22.377,45,-24.9367,34,2.5598,28,79,-22.377
2017,15,2017_15_ARI_WAS,WAS,ARI,1,46,-8.3447,27,-0.4318,19,-7.9129,16,46,-8.3447
2017,15,2017_15_ATL_TB,ATL,TB,0,67,17.3946,32,7.0292,35,10.3654,33,67,17.3946
2017,15,2017_15_ATL_TB,TB,ATL,1,53,9.7587,35,15.8381,18,-6.0794,28,53,9.7587
2017,15,2017_15_BAL_CLE,BAL,CLE,0,72,2.7983,43,5.5927,29,-2.7945,33,52,1.9722
2017,15,2017_15_BAL_CLE,CLE,BAL,1,58,-22.3718,39,-21.1929,19,-1.1789,18,45,-19.0092
2017,15,2017_15_CHI_DET,CHI,DET,0,63,-3.3785,48,-2.6629,15,-0.7156,28,34,-13.2701
2017,15,2017_15_CHI_DET,DET,CHI,1,56,-1.365,37,1.0709,19,-2.4359,20,44,4.6266
2017,15,2017_15_CIN_MIN,CIN,MIN,0,51,-29.727,31,-20.2743,20,-9.4527,13,17,-19.0013
2017,15,2017_15_CIN_MIN,MIN,CIN,1,58,-1.1958,27,-1.3453,31,0.1495,22,27,3.5741
2017,15,2017_15_DAL_OAK,DAL,LV,0,59,4.506,29,-1.1517,30,5.6577,28,59,4.506
2017,15,2017_15_DAL_OAK,LV,DAL,1,61,0.6234,38,2.1483,23,-1.5249,27,61,0.6234
2017,15,2017_15_DEN_IND,DEN,IND,0,74,16.097,29,13.7389,45,2.3581,34,61,19.4931
2017,15,2017_15_DEN_IND,IND,DEN,1,52,-4.3354,31,-2.429,21,-1.9064,19,45,-0.6578
2017,15,2017_15_GB_CAR,CAR,GB,1,67,10.6355,32,12.2929,35,-1.6573,30,64,12.941
2017,15,2017_15_GB_CAR,GB,CAR,0,66,3.8166,47,-2.6117,19,6.4284,31,53,-4.0301
2017,15,2017_15_HOU_JAX,HOU,JAX,0,56,-14.1924,35,-14.0108,21,-0.1816,15,22,-10.253
2017,15,2017_15_HOU_JAX,JAX,HOU,1,66,15.6926,30,18.6769,36,-2.9843,29,27,8.9761
2017,15,2017_15_LAC_KC,KC,LAC,1,63,11.003,31,6.1735,32,4.8295,31,53,9.116
2017,15,2017_15_LAC_KC,LAC,KC,0,60,-6.7511,38,-10.8177,22,4.0666,26,48,-3.4558
2017,15,2017_15_LA_SEA,LA,SEA,0,68,4.2081,25,-1.3782,43,5.5863,29,26,3.1798
2017,15,2017_15_LA_SEA,SEA,LA,1,54,-27.8819,37,-25.6454,17,-2.2364,15,21,-18.7568
2017,15,2017_15_MIA_BUF,BUF,MIA,1,60,4.575,31,2.0017,29,2.5733,27,40,9.3943
2017,15,2017_15_MIA_BUF,MIA,BUF,0,73,-4.7653,52,-9.6006,21,4.8352,34,41,-7.6997
2017,15,2017_15_NE_PIT,NE,PIT,0,55,12.4824,38,7.4309,17,5.0515,29,55,12.4824
2017,15,2017_15_NE_PIT,PIT,NE,1,63,12.4933,32,11.7486,31,0.7447,32,63,12.4933
2017,15,2017_15_NYJ_NO,NO,NYJ,1,63,0.8612,36,-1.869,27,2.7302,27,57,-3.5292
2017,15,2017_15_NYJ_NO,NYJ,NO,0,69,-8.411,41,-11.2148,28,2.8038,26,59,-10.6353
2017,15,2017_15_PHI_NYG,NYG,PHI,1,82,6.8707,59,10.0265,23,-3.1558,38,82,6.8707
2017,15,2017_15_PHI_NYG,PHI,NYG,0,65,9.1805,39,10.5072,26,-1.3267,27,62,9.4823
2017,15,2017_15_TEN_SF,SF,TEN,1,67,8.5919,45,15.16,22,-6.5681,32,67,8.5919
2017,15,2017_15_TEN_SF,TEN,SF,0,62,6.5924,34,8.8347,28,-2.2423,27,62,6.5924
2017,16,2017_16_ATL_NO,ATL,NO,0,60,-10.736,41,4.576,19,-15.3121,22,39,-10.0698
2017,16,2017_16_ATL_NO,NO,ATL,1,57,-7.149,29,-3.0043,28,-4.1447,20,43,-3.2026
2017,16,2017_16_BUF_NE,BUF,NE,0,68,-6.6359,44,-5.2538,24,-1.3821,26,55,-0.1026
2017,16,2017_16_BUF_NE,NE,BUF,1,66,11.7884,30,2.7852,36,9.0031,38,56,6.2534
2017,16,2017_16_CLE_CHI,CHI,CLE,1,59,-0.4377,28,-2.5575,31,2.1198,24,43,6.7886
2017,16,2017_16_CLE_CHI,CLE,CHI,0,57,-18.9498,37,-17.5653,20,-1.3845,22,38,-14.7469
2017,16,2017_16_DEN_WAS,DEN,WAS,0,71,-16.3114,42,-24.1279,29,7.8164,25,47,-11.7487
2017,16,2017_16_DEN_WAS,WAS,DEN,1,64,-1.7988,37,8.6317,27,-10.4305,23,53,2.9073
2017,16,2017_16_DET_CIN,CIN,DET,1,76,0.663,44,-1.0888,32,1.7518,33,76,0.663
2017,16,2017_16_DET_CIN,DET,CIN,0,59,-3.0048,37,-7.3914,22,4.3866,24,53,0.2979
2017,16,2017_16_IND_BAL,BAL,IND,1,68,7.1065,39,8.4731,29,-1.3666,30,68,7.1065
2017,16,2017_16_IND_BAL,IND,BAL,0,59,3.2595,35,4.336,24,-1.0765,25,59,3.2595
2017,16,2017_16_JAX_SF,JAX,SF,0,80,-0.1003,52,0.7003,28,-0.8006,38,54,-6.58
2017,16,2017_16_JAX_SF,SF,JAX,1,65,16.3719,31,11.4006,34,4.9713,35,56,12.5338
2017,16,2017_16_LAC_NYJ,LAC,NYJ,0,70,2.1638,40,6.8531,30,-4.6893,25,65,4.3071
2017,16,2017_16_LAC_NYJ,NYJ,LAC,1,61,-16.5259,31,-14.5375,30,-1.9884,21,60,-16.7123
2017,16,2017_16_LA_TEN,LA,TEN,0,65,5.9562,40,12.4457,25,-6.4895,29,62,7.6148
2017,16,2017_16_LA_TEN,TEN,LA,1,66,-4.7023,40,-2.604,26,-2.0984,24,66,-4.7023
2017,16,2017_16_MIA_KC,KC,MIA,1,72,8.3412,40,14.6634,32,-6.3222,29,60,9.6949
2017,16,2017_16_MIA_KC,MIA,KC,0,53,-6.821,38,-5.0708,15,-1.7502,21,41,-0.8813
2017,16,2017_16_MIN_GB,GB,MIN,1,65,-26.0759,41,-25.1638,24,-0.9121,19,51,-19.2779
2017,16,2017_16_MIN_GB,MIN,GB,0,58,-6.4991,28,-3.1143,30,-3.3847,19,45,-1.8828
2017,16,2017_16_NYG_ARI,ARI,NYG,1,63,-11.4094,37,-5.698,26,-5.7114,21,46,1.5332
2017,16,2017_16_NYG_ARI,NYG,ARI,0,67,-31.2775,47,-18.0644,20,-13.2131,26,42,-13.3022
2017,16,2017_16_OAK_PHI,LV,PHI,0,62,-31.2567,30,-20.3017,32,-10.955,16,62,-31.2567
2017,16,2017_16_OAK_PHI,PHI,LV,1,62,-23.5466,40,-16.2821,22,-7.2646,20,61,-22.5996
2017,16,2017_16_PIT_HOU,HOU,PIT,1,52,-14.8752,24,-18.2789,28,3.4037,20,31,-13.6848
2017,16,2017_16_PIT_HOU,PIT,HOU,0,55,11.5336,30,11.9849,25,-0.4513,23,35,8.8547
2017,16,2017_16_SEA_DAL,DAL,SEA,1,68,-16.7451,38,-18.4754,30,1.7303,31,61,-17.5885
2017,16,2017_16_SEA_DAL,SEA,DAL,0,51,-6.4678,24,-1.9294,27,-4.5384,21,48,-4.036
2017,16,2017_16_TB_CAR,CAR,TB,1,58,-9.1495,28,-10.3595,30,1.2101,23,58,-9.1495
2017,16,2017_16_TB_CAR,TB,CAR,0,57,-2.1397,33,9.0172,24,-11.1569,19,57,-2.1397
2017,17,2017_17_ARI_SEA,ARI,SEA,0,67,-6.1332,35,-4.9508,32,-1.1824,24,67,-6.1332
2017,17,2017_17_ARI_SEA,SEA,ARI,1,54,-2.9511,32,1.4533,22,-4.4044,19,54,-2.9511
2017,17,2017_17_BUF_MIA,BUF,MIA,0,62,6.1346,31,8.2121,31,-2.0776,26,49,5.7766
2017,17,2017_17_BUF_MIA,MIA,BUF,1,68,-2.2726,46,-2.2451,22,-0.0276,30,47,-13.9897
2017,17,2017_17_CAR_ATL,ATL,CAR,1,70,-1.4479,45,6.3533,25,-7.8012,25,64,2.1001
2017,17,2017_17_CAR_ATL,CAR,ATL,0,59,-17.8898,35,-14.7642,24,-3.1256,21,50,-18.0797
2017,17,2017_17_CHI_MIN,CHI,MIN,0,53,-23.615,38,-17.995,15,-5.62,14,38,-19.503
2017,17,2017_17_CHI_MIN,MIN,CHI,1,65,-2.8616,31,-0.9686,34,-1.893,25,54,0.8082
2017,17,2017_17_CIN_BAL,BAL,CIN,1,74,-16.7368,48,-18.0829,26,1.3461,30,74,-16.7368
2017,17,2017_17_CIN_BAL,CIN,BAL,0,72,-0.4579,44,2.675,28,-3.1329,30,72,-0.4579
2017,17,2017_17_CLE_PIT,CLE,PIT,0,63,0.279,36,1.842,27,-1.563,22,63,0.279
2017,17,2017_17_CLE_PIT,PIT,CLE,1,57,-4.9726,30,-2.7689,27,-2.2037,25,54,-2.5141
2017,17,2017_17_DAL_PHI,DAL,PHI,0,63,-6.4837,31,0.9051,32,-7.3889,21,58,-5.8585
2017,17,2017_17_DAL_PHI,PHI,DAL,1,55,-21.3709,37,-19.2638,18,-2.1071,19,53,-21.3974
2017,17,2017_17_GB_DET,DET,GB,1,54,5.3666,32,11.243,22,-5.8765,21,33,1.7039
2017,17,2017_17_GB_DET,GB,DET,0,64,-21.4837,37,-14.6531,27,-6.8306,23,39,-18.0327
2017,17,2017_17_HOU_IND,HOU,IND,0,53,-4.8442,26,-1.2735,27,-3.5707,18,50,-4.59
2017,17,2017_17_HOU_IND,IND,HOU,1,60,1.7896,26,-1.1446,34,2.9342,23,59,0.9999
2017,17,2017_17_JAX_TEN,JAX,TEN,0,60,-17.5369,36,-14.7112,24,-2.8257,21,60,-17.5369
2017,17,2017_17_JAX_TEN,TEN,JAX,1,62,-22.652,24,-3.1261,38,-19.5259,21,55,-10.6557
2017,17,2017_17_KC_DEN,DEN,KC,1,65,-6.9955,36,-4.846,29,-2.1495,32,61,-4.7587
2017,17,2017_17_KC_DEN,KC,DEN,0,64,0.1748,38,6.7328,26,-6.5579,30,59,10.4725
2017,17,2017_17_NO_TB,NO,TB,0,58,7.3709,32,8.9648,26,-1.5939,26,57,7.3956
2017,17,2017_17_NO_TB,TB,NO,1,82,11.3799,54,9.2906,28,2.0894,43,82,11.3799
2017,17,2017_17_NYJ_NE,NE,NYJ,1,80,-6.7275,42,-4.853,38,-1.8746,31,48,0.2315
2017,17,2017_17_NYJ_NE,NYJ,NE,0,58,-7.9796,40,-1.9055,18,-6.0741,17,32,-7.0407
2017,17,2017_17_OAK_LAC,LAC,LV,1,66,18.5998,38,18.9135,28,-0.3137,37,48,18.8252
2017,17,2017_17_OAK_LAC,LV,LAC,0,53,-7.5865,30,-0.4891,23,-7.0973,21,36,-0.515
2017,17,2017_17_SF_LA,LA,SF,1,63,-13.8843,37,-14.5175,26,0.6332,22,39,-14.6562
2017,17,2017_17_SF_LA,SF,LA,0,61,10.1864,33,8.7184,28,1.468,27,45,9.5581
2017,17,2017_17_WAS_NYG,NYG,WAS,1,72,-6.0031,31,-13.6487,41,7.6455,25,66,-7.2355
2017,17,2017_17_WAS_NYG,WAS,NYG,0,56,-21.4823,40,-22.484,16,1.0017,16,56,-21.4823
2018,1,2018_01_ATL_PHI,ATL,PHI,0,65,-14.3608,47,-11.7154,18,-2.6454,21,65,-14.3608
2018,1,2018_01_ATL_PHI,PHI,ATL,1,64,-5.2256,37,-9.2328,27,4.0073,24,64,-5.2256
2018,1,2018_01_BUF_BAL,BAL,BUF,1,75,3.4199,41,7.1388,34,-3.7189,30,36,-7.6447
2018,1,2018_01_BUF_BAL,BUF,BAL,0,61,-39.747,39,-27.8642,22,-11.8828,10,22,-18.4163
2018,1,2018_01_CHI_GB,CHI,GB,0,66,-2.501,39,-5.0104,27,2.5094,29,63,-0.7137
2018,1,2018_01_CHI_GB,GB,CHI,1,59,-1.3832,41,2.0231,18,-3.4063,25,51,-5.4057
2018,1,2018_01_CIN_IND,CIN,IND,0,50,0.8775,30,-2.6592,20,3.5368,27,50,0.8775
2018,1,2018_01_CIN_IND,IND,CIN,1,77,-7.0967,55,-2.5879,22,-4.5088,36,76,-6.9447
2018,1,2018_01_DAL_CAR,CAR,DAL,1,58,-2.0039,28,-0.614,30,-1.3899,29,53,0.5247
2018,1,2018_01_DAL_CAR,DAL,CAR,0,57,-7.7032,35,-8.96,22,1.2568,20,46,-7.2928
2018,1,2018_01_HOU_NE,HOU,NE,0,70,-11.8977,37,-9.5098,33,-2.3879,29,51,-16.7895
2018,1,2018_01_HOU_NE,NE,HOU,1,72,-0.8318,41,2.9226,31,-3.7544,27,56,4.406
2018,1,2018_01_JAX_NYG,JAX,NYG,0,60,-2.7332,34,-4.2752,26,1.542,24,59,-2.5306
2018,1,2018_01_JAX_NYG,NYG,JAX,1,63,-14.9175,39,-11.7982,24,-3.1193,19,63,-14.9175
2018,1,2018_01_KC_LAC,KC,LAC,0,55,11.5017,28,12.7521,27,-1.2504,24,46,14.2758
2018,1,2018_01_KC_LAC,LAC,KC,1,77,18.8319,54,16.118,23,2.7139,42,47,2.7116
2018,1,2018_01_LA_OAK,LA,LV,0,59,8.091,34,5.4769,25,2.6141,29,49,7.7069
2018,1,2018_01_LA_OAK,LV,LA,1,64,-12.6164,41,-12.6492,23,0.0328,30,54,-3.9406
2018,1,2018_01_NYJ_DET,DET,NYJ,1,66,-27.1821,52,-23.7699,14,-3.4123,26,39,-12.6709
2018,1,2018_01_NYJ_DET,NYJ,DET,0,54,6.5197,23,7.2839,31,-0.7642,25,38,2.2769
2018,1,2018_01_PIT_CLE,CLE,PIT,1,84,-13.5816,46,-19.018,38,5.4365,28,81,-12.4872
2018,1,2018_01_PIT_CLE,PIT,CLE,0,79,-11.8288,45,-6.6875,34,-5.1414,33,66,-2.3735
2018,1,2018_01_SEA_DEN,DEN,SEA,1,72,-7.8673,40,-3.8372,32,-4.0301,34,72,-7.8673
2018,1,2018_01_SEA_DEN,SEA,DEN,0,55,-3.8099,39,4.0964,16,-7.9063,21,55,-3.8099
2018,1,2018_01_SF_MIN,MIN,SF,1,71,-13.7865,39,0.2012,32,-13.9876,25,60,-6.1102
2018,1,2018_01_SF_MIN,SF,MIN,0,61,-22.1401,36,-13.5486,25,-8.5915,22,52,-23.3627
2018,1,2018_01_TB_NO,NO,TB,1,61,11.825,47,17.7031,14,-5.8781,37,41,2.6059
2018,1,2018_01_TB_NO,TB,NO,0,58,25.8406,28,29.1704,30,-3.3298,28,44,22.3354
2018,1,2018_01_TEN_MIA,MIA,TEN,1,56,-0.6693,29,2.2101,27,-2.8794,26,52,1.6709
2018,1,2018_01_TEN_MIA,TEN,MIA,0,67,-19.4582,38,-19.3143,29,-0.1439,27,59,-17.561
2018,1,2018_01_WAS_ARI,ARI,WAS,1,51,-12.1418,37,-14.8327,14,2.6909,20,20,-7.8441
2018,1,2018_01_WAS_ARI,WAS,ARI,0,74,12.5127,33,9.828,41,2.6848,40,46,16.6439
2018,2,2018_02_ARI_LA,ARI,LA,0,43,-16.7469,28,-13.0687,15,-3.6782,11,21,-6.6784
2018,2,2018_02_ARI_LA,LA,ARI,1,70,13.6585,35,16.0013,35,-2.3428,38,38,10.1794
2018,2,2018_02_BAL_CIN,BAL,CIN,0,80,-11.1597,58,-9.0558,22,-2.1039,38,66,-11.2653
2018,2,2018_02_BAL_CIN,CIN,BAL,1,70,5.1887,42,9.4046,28,-4.2159,29,64,7.622
2018,2,2018_02_CAR_ATL,ATL,CAR,1,60,12.9855,28,13.1882,32,-0.2026,33,50,16.5574
2018,2,2018_02_CAR_ATL,CAR,ATL,0,65,8.3261,47,2.6363,18,5.6898,33,57,-2.0614
2018,2,2018_02_CLE_NO,CLE,NO,0,60,-5.8015,33,-0.6375,27,-5.164,23,60,-5.8015
2018,2,2018_02_CLE_NO,NO,CLE,1,61,-9.9615,38,-5.096,23,-4.8655,26,61,-9.9615
2018,2,2018_02_DET_SF,DET,SF,0,73,5.9319,55,7.7383,18,-1.8064,31,67,1.7964
2018,2,2018_02_DET_SF,SF,DET,1,59,8.8894,32,4.3885,27,4.5009,28,53,8.6583
2018,2,2018_02_HOU_TEN,HOU,TEN,0,61,6.599,35,6.5509,26,0.0481,25,61,6.599
2018,2,2018_02_HOU_TEN,TEN,HOU,1,57,1.9548,23,7.5653,34,-5.6105,21,57,1.9548
2018,2,2018_02_IND_WAS,IND,WAS,0,58,1.596,32,0.7387,26,0.8573,26,54,2.3227
2018,2,2018_02_IND_WAS,WAS,IND,1,69,-9.8012,47,-5.3846,22,-4.4166,33,58,-10.2232
2018,2,2018_02_KC_PIT,KC,PIT,0,52,26.5517,29,24.1633,23,2.3884,29,41,30.4005
2018,2,2018_02_KC_PIT,PIT,KC,1,75,16.1754,62,15.1356,13,1.0398,37,72,9.0145
2018,2,2018_02_LAC_BUF,BUF,LAC,1,59,-4.7659,37,-2.3244,22,-2.4415,24,36,-9.9354
2018,2,2018_02_LAC_BUF,LAC,BUF,0,54,14.1353,29,17.6298,25,-3.4945,26,35,15.4795
2018,2,2018_02_MIA_NYJ,MIA,NYJ,0,55,-7.3326,27,-5.6374,28,-1.6951,27,45,-0.9818
2018,2,2018_02_MIA_NYJ,NYJ,MIA,1,63,-17.889,44,-10.5191,19,-7.3698,21,63,-17.889
2018,2,2018_02_MIN_GB,GB,MIN,1,69,0.6189,45,1.7199,24,-1.101,31,66,2.1524
2018,2,2018_02_MIN_GB,MIN,GB,0,69,13.434,51,16.0155,18,-2.5816,35,69,13.434
2018,2,2018_02_NE_JAX,JAX,NE,1,68,14.0307,45,13.9111,23,0.1196,32,43,16.272
2018,2,2018_02_NE_JAX,NE,JAX,0,60,0.8061,37,4.9456,23,-4.1395,24,40,-6.8606
2018,2,2018_02_NYG_DAL,DAL,NYG,1,48,5.3972,25,-2.1361,23,7.5333,20,42,1.5441
2018,2,2018_02_NYG_DAL,NYG,DAL,0,67,-6.8935,50,-6.9304,17,0.0369,27,49,-13.287
2018,2,2018_02_OAK_DEN,DEN,LV,1,64,5.9364,36,-0.7742,28,6.7105,28,64,5.9364
2018,2,2018_02_OAK_DEN,LV,DEN,0,60,5.5818,33,10.0274,27,-4.4455,32,60,5.5818
2018,2,2018_02_PHI_TB,PHI,TB,0,74,-0.1779,50,-4.8402,24,4.6623,32,56,-8.5128
2018,2,2018_02_PHI_TB,TB,PHI,1,57,5.9274,35,13.4433,22,-7.516,27,38,13.3389
2018,2,2018_02_SEA_CHI,CHI,SEA,1,62,-5.3049,36,-2.0539,26,-3.251,29,59,-2.1779
2018,2,2018_02_SEA_CHI,SEA,CHI,0,61,-12.4575,39,-10.6478,22,-1.8098,27,47,-16.4063
2018,3,2018_03_BUF_MIN,BUF,MIN,0,63,0.4345,25,3.0701,38,-2.6356,24,25,10.9021
2018,3,2018_03_BUF_MIN,MIN,BUF,1,66,-24.6409,60,-21.4133,6,-3.2276,24,11,-13.3916
2018,3,2018_03_CHI_ARI,ARI,CHI,1,48,-10.9806,30,-4.7865,18,-6.1941,14,48,-10.9806
2018,3,2018_03_CHI_ARI,CHI,ARI,0,69,-3.9707,38,-3.2481,31,-0.7225,29,69,-3.9707
2018,3,2018_03_CIN_CAR,CAR,CIN,1,65,8.1287,25,4.0838,40,4.0449,31,61,8.6273
2018,3,2018_03_CIN_CAR,CIN,CAR,0,60,4.7856,47,3.4709,13,1.3147,29,55,5.3295
2018,3,2018_03_DAL_SEA,DAL,SEA,0,58,-13.6199,39,-13.2095,19,-0.4104,21,40,-15.3489
2018,3,2018_03_DAL_SEA,SEA,DAL,1,66,1.0106,28,8.0129,38,-7.0023,22,49,2.8756
2018,3,2018_03_DEN_BAL,BAL,DEN,1,66,4.2036,41,6.4097,25,-2.2061,28,55,9.8748
2018,3,2018_03_DEN_BAL,DEN,BAL,0,61,-5.2429,37,-7.0773,24,1.8345,26,59,-2.9699
2018,3,2018_03_GB_WAS,GB,WAS,0,66,-6.3618,49,-9.7739,17,3.4121,28,62,-2.157
2018,3,2018_03_GB_WAS,WAS,GB,1,53,7.0346,20,6.0109,33,1.0237,21,44,8.3236
2018,3,2018_03_IND_PHI,IND,PHI,0,56,-10.4216,43,-12.5848,13,2.1632,18,56,-10.4216
2018,3,2018_03_IND_PHI,PHI,IND,1,77,-6.8028,42,-6.5726,35,-0.2302,37,75,-6.315
2018,3,2018_03_LAC_LA,LA,LAC,1,70,19.6254,37,16.2875,33,3.3378,41,60,19.1893
2018,3,2018_03_LAC_LA,LAC,LA,0,52,6.7415,32,1.9203,20,4.8213,22,51,9.2178
2018,3,2018_03_NE_DET,DET,NE,1,69,4.1536,36,5.9369,33,-1.7832,32,57,9.1377
2018,3,2018_03_NE_DET,NE,DET,0,47,-12.5634,28,-10.8699,19,-1.6935,22,32,-4.3461
2018,3,2018_03_NO_ATL,ATL,NO,1,61,14.6175,40,21.891,21,-7.2735,31,61,14.6175
2018,3,2018_03_NO_ATL,NO,ATL,0,76,23.66,50,19.1665,26,4.4935,40,76,23.66
2018,3,2018_03_NYG_HOU,HOU,NYG,1,61,4.804,42,9.0975,19,-4.2936,29,50,-1.569
2018,3,2018_03_NYG_HOU,NYG,HOU,0,59,12.2992,33,15.5347,26,-3.2355,28,59,12.2992
2018,3,2018_03_NYJ_CLE,CLE,NYJ,1,73,-4.0678,42,-1.5774,31,-2.4904,29,70,-1.9926
2018,3,2018_03_NYJ_CLE,NYJ,CLE,0,63,-8.9028,33,-8.4674,30,-0.4354,24,63,-8.9028
2018,3,2018_03_OAK_MIA,LV,MIA,0,72,5.2533,42,9.376,30,-4.1227,39,67,4.2244
2018,3,2018_03_OAK_MIA,MIA,LV,1,38,12.8822,25,16.0457,13,-3.1635,16,38,12.8822
2018,3,2018_03_PIT_TB,PIT,TB,0,60,9.0863,41,12.5207,19,-3.4344,26,53,10.7814
2018,3,2018_03_PIT_TB,TB,PIT,1,68,-0.404,53,0.0759,15,-0.4799,26,63,-4.732
2018,3,2018_03_SF_KC,KC,SF,1,66,20.6751,40,18.6127,26,2.0624,35,40,20.1162
2018,3,2018_03_SF_KC,SF,KC,0,64,15.6985,35,8.676,29,7.0225,36,41,1.9445
2018,3,2018_03_TEN_JAX,JAX,TEN,1,56,-9.0114,37,-6.0224,19,-2.9889,21,56,-9.0114
2018,3,2018_03_TEN_JAX,TEN,JAX,0,59,-7.8164,24,-3.0288,35,-4.7876,23,59,-7.8164
2018,4,2018_04_BAL_PIT,BAL,PIT,0,72,7.233,44,11.5362,28,-4.3032,35,68,8.1397
2018,4,2018_04_BAL_PIT,PIT,BAL,1,59,-12.9009,49,-8.816,10,-4.0849,23,55,-8.9865
2018,4,2018_04_BUF_GB,BUF,GB,0,56,-23.9855,40,-17.6638,16,-6.3217,17,32,-11.7094
2018,4,2018_04_BUF_GB,GB,BUF,1,74,-1.8355,42,-1.5981,32,-0.2374,37,45,10.5195
2018,4,2018_04_CIN_ATL,ATL,CIN,1,67,15.6555,43,16.9581,24,-1.3025,33,67,15.6555
2018,4,2018_04_CIN_ATL,CIN,ATL,0,68,17.6477,45,15.2553,23,2.3924,35,68,17.6477
2018,4,2018_04_CLE_OAK,CLE,LV,0,76,0.6062,44,-6.8071,32,7.4132,30,73,1.3283
2018,4,2018_04_CLE_OAK,LV,CLE,1,89,-0.1841,61,4.0696,28,-4.2537,39,89,-0.1841
2018,4,2018_04_DET_DAL,DAL,DET,1,64,13.4486,30,8.5396,34,4.909,36,64,13.4486
2018,4,2018_04_DET_DAL,DET,DAL,0,53,16.0794,33,16.5626,20,-0.4833,23,53,16.0794
2018,4,2018_04_HOU_IND,HOU,IND,0,82,6.729,47,9.7951,35,-3.0661,39,82,6.729
2018,4,2018_04_HOU_IND,IND,HOU,1,85,-1.9225,68,11.5911,17,-13.5136,38,85,-1.9225
2018,4,2018_04_KC_DEN,DEN,KC,1,59,2.361,37,-5.3686,22,7.7296,28,59,2.361
2018,4,2018_04_KC_DEN,KC,DEN,0,71,17.8117,46,8.3939,25,9.4178,38,71,17.8117
2018,4,2018_04_MIA_NE,MIA,NE,0,45,-18.4731,27,-5.5517,18,-12.9214,11,19,-17.7806
2018,4,2018_04_MIA_NE,NE,MIA,1,72,10.6457,35,11.9147,37,-1.269,31,33,6.855
2018,4,2018_04_MIN_LA,LA,MIN,1,54,25.9745,35,24.9231,19,1.0514,30,50,28.3907
2018,4,2018_04_MIN_LA,MIN,LA,0,72,13.9027,55,15.3943,17,-1.4915,35,72,13.9027
2018,4,2018_04_NO_NYG,NO,NYG,0,64,14.9739,35,7.7576,29,7.2163,28,55,8.0797
2018,4,2018_04_NO_NYG,NYG,NO,1,59,-0.8034,45,-0.8692,14,0.0658,29,42,-5.1561
2018,4,2018_04_NYJ_JAX,JAX,NYJ,1,75,2.5823,41,11.311,34,-8.7288,33,41,10.1578
2018,4,2018_04_NYJ_JAX,NYJ,JAX,0,52,-12.106,38,-8.4516,14,-3.6544,14,31,-7.2302
2018,4,2018_04_PHI_TEN,PHI,TEN,0,76,2.4767,54,3.8118,22,-1.3351,34,76,2.4767
2018,4,2018_04_PHI_TEN,TEN,PHI,1,67,5.5789,46,10.1184,21,-4.5395,30,67,5.5789
2018,4,2018_04_SEA_ARI,ARI,SEA,1,56,-6.5403,28,4.4645,28,-11.0048,22,56,-6.5403
2018,4,2018_04_SEA_ARI,SEA,ARI,0,61,1.7713,27,-1.4452,34,3.2165,30,61,1.7713
2018,4,2018_04_SF_LAC,LAC,SF,1,65,-0.2246,41,-1.05,24,0.8255,30,65,-0.2246
2018,4,2018_04_SF_LAC,SF,LAC,0,59,-4.1082,38,-1.8345,21,-2.2736,26,59,-4.1082
2018,4,2018_04_TB_CHI,CHI,TB,1,56,25.8366,27,23.282,29,2.5546,35,24,17.7246
2018,4,2018_04_TB_CHI,TB,CHI,0,60,-7.3819,42,-4.3224,18,-3.0596,24,17,-4.2213
2018,5,2018_05_ARI_SF,ARI,SF,0,45,-6.1879,25,-3.6386,20,-2.5494,16,40,-9.3962
2018,5,2018_05_ARI_SF,SF,ARI,1,95,-16.3572,60,-6.1503,35,-10.2069,43,82,-17.7996
2018,5,2018_05_ATL_PIT,ATL,PIT,0,70,-5.2214,51,-4.2016,19,-1.0197,27,44,-0.2577
2018,5,2018_05_ATL_PIT,PIT,ATL,1,57,15.514,29,10.3974,28,5.1166,29,50,12.8062
2018,5,2018_05_BAL_CLE,BAL,CLE,0,84,-14.7682,59,-15.2429,25,0.4747,33,84,-14.7682
2018,5,2018_05_BAL_CLE,CLE,BAL,1,75,-6.7393,47,-3.4463,28,-3.293,31,75,-6.7393
2018,5,2018_05_DAL_HOU,DAL,HOU,0,59,-8.7909,31,-4.3561,28,-4.4347,23,59,-8.7909
2018,5,2018_05_DAL_HOU,HOU,DAL,1,76,-10.1737,45,0.0851,31,-10.2589,35,76,-10.1737
2018,5,2018_05_DEN_NYJ,DEN,NYJ,0,73,-3.0939,56,-1.5008,17,-1.5931,33,44,-4.3075
2018,5,2018_05_DEN_NYJ,NYJ,DEN,1,60,9.7311,23,3.9209,37,5.8101,24,45,9.1062
2018,5,2018_05_GB_DET,DET,GB,1,56,3.8142,29,7.1104,27,-3.2962,18,43,5.6591
2018,5,2018_05_GB_DET,GB,DET,0,77,14.8013,58,10.1813,19,4.62,38,53,0.8404
2018,5,2018_05_IND_NE,IND,NE,0,81,-0.7612,60,0.4102,21,-1.1714,34,54,0.3724
2018,5,2018_05_IND_NE,NE,IND,1,65,13.5475,44,9.8798,21,3.6677,37,51,16.3331
2018,5,2018_05_JAX_KC,JAX,KC,0,83,-12.7953,66,-21.0137,17,8.2184,39,31,-21.4731
2018,5,2018_05_JAX_KC,KC,JAX,1,67,5.4264,39,10.1433,28,-4.7168,27,36,4.2875
2018,5,2018_05_LA_SEA,LA,SEA,0,61,13.0932,33,10.2236,28,2.8696,32,61,13.0932
2018,5,2018_05_LA_SEA,SEA,LA,1,55,13.438,23,8.2416,32,5.1964,25,55,13.438
2018,5,2018_05_MIA_CIN,CIN,MIA,1,57,-3.8793,32,1.4995,25,-5.3788,20,54,-2.4061
2018,5,2018_05_MIA_CIN,MIA,CIN,0,59,-12.5754,37,-14.6332,22,2.0578,28,50,-10.7162
2018,5,2018_05_MIN_PHI,MIN,PHI,0,59,4.0797,38,10.4195,21,-6.3397,31,59,4.0797
2018,5,2018_05_MIN_PHI,PHI,MIN,1,55,-4.4872,37,-0.3637,18,-4.1235,28,50,-7.5794
2018,5,2018_05_NYG_CAR,CAR,NYG,1,65,-7.4892,35,-2.02,30,-5.4692,27,62,-1.0787
2018,5,2018_05_NYG_CAR,NYG,CAR,0,55,4.5094,39,8.9375,16,-4.4281,23,55,4.5094
2018,5,2018_05_OAK_LAC,LAC,LV,1,56,17.2976,28,19.1448,28,-1.8472,26,39,6.9262
2018,5,2018_05_OAK_LAC,LV,LAC,0,47,-4.3949,34,-4.2429,13,-0.1521,22,35,-15.5088
2018,5,2018_05_TEN_BUF,BUF,TEN,1,64,-10.826,21,-11.1734,43,0.3474,26,64,-10.826
2018,5,2018_05_TEN_BUF,TEN,BUF,0,53,-14.2693,28,-8.6422,25,-5.6271,21,53,-14.2693
2018,5,2018_05_WAS_NO,NO,WAS,1,60,21.9096,31,19.4557,29,2.4539,33,37,25.0274
2018,5,2018_05_WAS_NO,WAS,NO,0,61,-9.2901,43,-10.3058,18,1.0157,25,35,-1.7685
2018,6,2018_06_ARI_MIN,ARI,MIN,0,55,-22.4356,35,-11.8584,20,-10.5772,20,35,-20.3775
2018,6,2018_06_ARI_MIN,MIN,ARI,1,68,-9.4553,37,-11.9228,31,2.4675,28,55,-4.7943
2018,6,2018_06_BAL_TEN,BAL,TEN,0,71,12.3553,37,10.2158,34,2.1395,29,49,14.4026
2018,6,2018_06_BAL_TEN,TEN,BAL,1,40,-14.5409,26,-11.7316,14,-2.8093,9,25,-6.5543
2018,6,2018_06_BUF_HOU,BUF,HOU,0,58,-15.1357,31,-11.176,27,-3.9597,16,57,-15.6598
2018,6,2018_06_BUF_HOU,HOU,BUF,1,56,-22.6257,33,-18.171,23,-4.4548,17,56,-22.6257
2018,6,2018_06_CAR_WAS,CAR,WAS,0,59,3.7676,42,3.4992,17,0.2683,31,59,3.7676
2018,6,2018_06_CAR_WAS,WAS,CAR,1,66,-2.424,39,-7.9258,27,5.5018,28,66,-2.424
2018,6,2018_06_CHI_MIA,CHI,MIA,0,63,6.6977,33,9.4653,30,-2.7676,33,63,6.6977
2018,6,2018_06_CHI_MIA,MIA,CHI,1,75,5.9295,44,9.5835,31,-3.6539,36,75,5.9295
2018,6,2018_06_IND_NYJ,IND,NYJ,0,66,-5.747,43,-4.4679,23,-1.279,33,54,-6.395
2018,6,2018_06_IND_NYJ,NYJ,IND,1,64,1.3735,31,7.9507,33,-6.5772,28,56,4.036
2018,6,2018_06_JAX_DAL,DAL,JAX,1,72,7.0874,30,1.9505,42,5.1369,29,28,13.0656
2018,6,2018_06_JAX_DAL,JAX,DAL,0,47,-21.4646,29,-19.0701,18,-2.3945,17,16,-7.8519
2018,6,2018_06_KC_NE,KC,NE,0,53,11.7254,36,8.2961,17,3.4293,26,53,11.7254
2018,6,2018_06_KC_NE,NE,KC,1,74,10.0729,37,2.1072,37,7.9657,38,74,10.0729
2018,6,2018_06_LAC_CLE,CLE,LAC,1,73,-24.2571,52,-22.1865,21,-2.0706,24,47,-17.8474
2018,6,2018_06_LAC_CLE,LAC,CLE,0,56,14.0703,22,4.8263,34,9.2439,31,29,12.2735
2018,6,2018_06_LA_DEN,DEN,LA,1,59,-0.4217,43,-0.1794,16,-0.2423,26,52,-2.5843
2018,6,2018_06_LA_DEN,LA,DEN,0,70,12.386,33,-4.8376,37,17.2235,37,65,18.7957
2018,6,2018_06_PHI_NYG,NYG,PHI,1,64,-9.7138,47,-15.4494,17,5.7356,21,35,-10.6861
2018,6,2018_06_PHI_NYG,PHI,NYG,0,68,15.7809,37,18.9812,31,-3.2003,30,37,13.0995
2018,6,2018_06_PIT_CIN,CIN,PIT,1,58,4.5512,45,4.6255,13,-0.0744,29,57,4.5159
2018,6,2018_06_PIT_CIN,PIT,CIN,0,67,21.6463,47,20.1018,20,1.5446,32,67,21.6463
2018,6,2018_06_SEA_OAK,LV,SEA,1,56,-15.4,37,-13.9368,19,-1.4632,23,40,-15.1852
2018,6,2018_06_SEA_OAK,SEA,LV,0,59,14.4787,24,12.0197,35,2.459,27,33,6.1751
2018,6,2018_06_SF_GB,GB,SF,1,69,8.4171,48,5.7926,21,2.6244,30,69,8.4171
2018,6,2018_06_SF_GB,SF,GB,0,55,11.649,25,4.8698,30,6.7792,30,55,11.649
2018,6,2018_06_TB_ATL,ATL,TB,1,64,14.7861,42,16.4509,22,-1.6648,32,64,14.7861
2018,6,2018_06_TB_ATL,TB,ATL,0,63,14.8896,43,13.6056,20,1.284,33,63,14.8896
2018,7,2018_07_BUF_IND,BUF,IND,0,55,-27.1843,33,-27.7878,22,0.6034,22,23,-11.8343
2018,7,2018_07_BUF_IND,IND,BUF,1,57,15.5504,23,9.287,34,6.2634,32,32,13.1436
2018,7,2018_07_CAR_PHI,CAR,PHI,0,58,14.6437,42,7.6594,16,6.9843,31,46,6.9069
2018,7,2018_07_CAR_PHI,PHI,CAR,1,65,6.6049,41,6.5003,24,0.1046,27,58,8.4852
2018,7,2018_07_CIN_KC,CIN,KC,0,54,-16.2489,35,-8.6542,19,-7.5947,19,29,-3.5939
2018,7,2018_07_CIN_KC,KC,CIN,1,70,26.6953,41,20.7934,29,5.9018,40,36,23.7043
2018,7,2018_07_CLE_TB,CLE,TB,0,62,-8.1284,39,-2.2181,23,-5.9103,25,62,-8.1284
2018,7,2018_07_CLE_TB,TB,CLE,1,87,-9.5504,56,-10.5597,31,1.0093,40,87,-9.5504
2018,7,2018_07_DAL_WAS,DAL,WAS,0,61,-3.4389,39,-0.478,22,-2.9608,26,58,-5.5306
2018,7,2018_07_DAL_WAS,WAS,DAL,1,58,-3.4014,26,6.7343,32,-10.1356,21,58,-3.4014
2018,7,2018_07_DEN_ARI,ARI,DEN,1,66,-42.525,45,-38.8966,21,-3.6284,25,19,-20.6911
2018,7,2018_07_DEN_ARI,DEN,ARI,0,52,2.5777,24,1.8011,28,0.7766,20,10,8.7937
2018,7,2018_07_DET_MIA,DET,MIA,0,57,20.8906,23,14.1119,34,6.7787,28,48,24.3285
2018,7,2018_07_DET_MIA,MIA,DET,1,54,8.3605,35,6.2622,19,2.0983,22,41,2.5954
2018,7,2018_07_HOU_JAX,HOU,JAX,0,60,-0.2279,25,2.6823,35,-2.9103,21,42,7.9957
2018,7,2018_07_HOU_JAX,JAX,HOU,1,68,-17.8013,46,-6.6533,22,-11.148,29,51,-18.269
2018,7,2018_07_LA_SF,LA,SF,0,58,8.327,25,8.894,33,-0.567,32,38,7.0014
2018,7,2018_07_LA_SF,SF,LA,1,58,-28.1643,34,-23.4026,24,-4.7617,23,35,-21.5422
2018,7,2018_07_MIN_NYJ,MIN,NYJ,0,64,-0.4168,41,2.2276,23,-2.6444,21,57,0.7551
2018,7,2018_07_MIN_NYJ,NYJ,MIN,1,69,-32.1813,45,-27.9814,24,-4.1999,20,48,-29.7844
2018,7,2018_07_NE_CHI,CHI,NE,1,76,-0.1609,51,-5.7731,25,5.6121,32,64,0.0052
2018,7,2018_07_NE_CHI,NE,CHI,0,64,8.6144,37,14.7056,27,-6.0912,33,57,14.6905
2018,7,2018_07_NO_BAL,BAL,NO,1,64,8.4737,41,7.3587,23,1.115,30,64,8.4737
2018,7,2018_07_NO_BAL,NO,BAL,0,69,11.2909,31,7.135,38,4.1559,35,69,11.2909
2018,7,2018_07_NYG_ATL,ATL,NYG,1,61,8.9383,42,11.846,19,-2.9077,27,54,7.1321
2018,7,2018_07_NYG_ATL,NYG,ATL,0,64,8.8236,43,10.9161,21,-2.0925,27,54,-0.6951
2018,7,2018_07_TEN_LAC,LAC,TEN,1,43,13.5463,28,15.8447,15,-2.2984,21,43,13.5463
2018,7,2018_07_TEN_LAC,TEN,LAC,0,68,10.6872,35,9.4183,33,1.2689,37,68,10.6872
2018,8,2018_08_BAL_CAR,BAL,CAR,0,64,2.1851,46,-3.6729,18,5.858,32,42,-7.2035
2018,8,2018_08_BAL_CAR,CAR,BAL,1,62,13.813,31,11.362,31,2.451,30,35,12.6331
2018,8,2018_08_CLE_PIT,CLE,PIT,0,60,-8.4424,39,-5.7747,21,-2.6677,21,45,-12.3731
2018,8,2018_08_CLE_PIT,PIT,CLE,1,67,8.259,37,2.9151,30,5.3439,35,54,4.7745
2018,8,2018_08_DEN_KC,DEN,KC,0,70,3.5231,39,0.584,31,2.9391,36,64,0.0813
2018,8,2018_08_DEN_KC,KC,DEN,1,54,8.1183,36,12.3126,18,-4.1944,24,47,11.6243
2018,8,2018_08_GB_LA,GB,LA,0,52,7.6032,33,6.3525,19,1.2507,23,52,7.6032
2018,8,2018_08_GB_LA,LA,GB,1,76,8.0005,42,11.3376,34,-3.3371,32,74,5.9057
2018,8,2018_08_IND_OAK,IND,LV,0,70,31.0847,32,17.6708,38,13.4139,44,66,29.3478
2018,8,2018_08_IND_OAK,LV,IND,1,46,9.9293,28,12.6514,18,-2.7221,24,40,12.5405
2018,8,2018_08_MIA_HOU,HOU,MIA,1,54,17.2513,20,15.4931,34,1.7583,23,39,16.974
2018,8,2018_08_MIA_HOU,MIA,HOU,0,65,-5.8907,40,-6.1131,25,0.2224,24,56,-5.8727
2018,8,2018_08_NE_BUF,BUF,NE,1,62,-22.819,44,-16.3868,18,-6.4322,21,47,-19.5046
2018,8,2018_08_NE_BUF,NE,BUF,0,70,5.31,47,7.7014,23,-2.3914,34,67,7.2232
2018,8,2018_08_NO_MIN,MIN,NO,1,66,-9.4135,44,-6.1021,22,-3.3114,30,49,-13.3039
2018,8,2018_08_NO_MIN,NO,MIN,0,53,0.2954,24,4.2744,29,-3.979,25,36,1.9163
2018,8,2018_08_NYJ_CHI,CHI,NYJ,1,65,10.9099,31,7.4621,34,3.4479,28,56,13.3755
2018,8,2018_08_NYJ_CHI,NYJ,CHI,0,54,-4.1385,30,1.3258,24,-5.4642,14,45,-2.6852
2018,8,2018_08_PHI_JAX,JAX,PHI,1,63,-4.3469,46,-7.034,17,2.6871,25,63,-4.3469
2018,8,2018_08_PHI_JAX,PHI,JAX,0,59,11.1297,34,7.7384,25,3.3914,28,59,11.1297
2018,8,2018_08_SEA_DET,DET,SEA,1,56,-1.2192,43,1.8704,13,-3.0896,25,41,-8.9427
2018,8,2018_08_SEA_DET,SEA,DET,0,61,14.5223,19,15.8241,42,-1.3018,28,42,16.702
2018,8,2018_08_SF_ARI,ARI,SF,1,65,-6.5161,44,-4.2923,21,-2.2238,24,65,-6.5161
2018,8,2018_08_SF_ARI,SF,ARI,0,63,-9.4486,32,-4.4116,31,-5.037,25,63,-9.4486
2018,8,2018_08_TB_CIN,CIN,TB,1,61,5.378,35,9.9581,26,-4.5801,28,51,9.9612
2018,8,2018_08_TB_CIN,TB,CIN,0,84,8.5014,57,2.0637,27,6.4377,37,73,-2.7022
2018,8,2018_08_WAS_NYG,NYG,WAS,1,67,-12.0428,53,-8.306,14,-3.7368,21,52,-18.9084
2018,8,2018_08_WAS_NYG,WAS,NYG,0,64,0.8292,32,4.6921,32,-3.8629,25,62,2.6961
2018,9,2018_09_ATL_WAS,ATL,WAS,0,64,24.5562,40,18.9238,24,5.6324,34,46,20.6781
2018,9,2018_09_ATL_WAS,WAS,ATL,1,64,-0.4401,49,-1.8825,15,1.4424,27,38,-3.1734
2018,9,2018_09_CHI_BUF,BUF,CHI,1,82,-29.4648,54,-24.3278,28,-5.1369,27,27,-27.7219
2018,9,2018_09_CHI_BUF,CHI,BUF,0,43,-6.0821,21,-2.3124,22,-3.7698,19,27,2.383
2018,9,2018_09_DET_MIN,DET,MIN,0,69,-15.6531,46,-8.9473,23,-6.7058,26,52,-17.9001
2018,9,2018_09_DET_MIN,MIN,DET,1,46,-4.9972,23,1.9269,23,-6.9241,21,40,2.5291
2018,9,2018_09_GB_NE,GB,NE,0,69,2.0593,44,5.3396,25,-3.2804,33,60,6.5197
2018,9,2018_09_GB_NE,NE,GB,1,65,11.3049,38,3.6074,27,7.6974,31,61,10.5954
2018,9,2018_09_HOU_DEN,DEN,HOU,1,64,-1.0498,44,2.5541,20,-3.6039,26,64,-1.0498
2018,9,2018_09_HOU_DEN,HOU,DEN,0,61,1.4854,28,7.231,33,-5.7456,31,61,1.4854
2018,9,2018_09_KC_CLE,CLE,KC,1,73,3.7955,48,2.3176,25,1.4779,31,55,2.1902
2018,9,2018_09_KC_CLE,KC,CLE,0,57,29.3922,33,24.3446,24,5.0476,34,36,31.3444
2018,9,2018_09_LAC_SEA,LAC,SEA,0,51,10.0446,29,6.5541,22,3.4905,21,48,12.4823
2018,9,2018_09_LAC_SEA,SEA,LAC,1,73,-5.6056,41,-10.8879,32,5.2823,36,56,-12.2682
2018,9,2018_09_LA_NO,LA,NO,0,60,11.6876,41,15.8221,19,-4.1345,29,59,14.387
2018,9,2018_09_LA_NO,NO,LA,1,68,20.0836,36,22.8028,32,-2.7191,33,64,20.4643
2018,9,2018_09_NYJ_MIA,MIA,NYJ,1,53,-16.3047,28,-7.664,25,-8.6407,16,50,-13.6865
2018,9,2018_09_NYJ_MIA,NYJ,MIA,0,64,-22.0688,43,-17.5048,21,-4.564,22,63,-21.8746
2018,9,2018_09_OAK_SF,LV,SF,0,54,-7.4291,32,-5.4237,22,-2.0054,18,28,0.4022
2018,9,2018_09_OAK_SF,SF,LV,1,51,15.9321,22,18.6139,29,-2.6818,23,32,14.522
2018,9,2018_09_PIT_BAL,BAL,PIT,1,56,-3.2335,40,-1.1386,16,-2.0948,24,52,-2.9409
2018,9,2018_09_PIT_BAL,PIT,BAL,0,76,16.8945,49,19.1472,27,-2.2527,35,72,18.1732
2018,9,2018_09_TB_CAR,CAR,TB,1,55,15.3107,27,8.5976,28,6.7132,30,33,19.6374
2018,9,2018_09_TB_CAR,TB,CAR,0,65,-1.7743,44,3.6482,21,-5.4225,24,37,-5.4103
2018,9,2018_09_TEN_DAL,DAL,TEN,1,56,-6.5851,37,-5.9402,19,-0.6449,24,42,-5.5092
2018,9,2018_09_TEN_DAL,TEN,DAL,0,67,7.6863,33,8.7652,34,-1.0789,32,63,6.0224
2018,10,2018_10_ARI_KC,ARI,KC,0,68,-9.836,44,-10.9792,24,1.1431,29,48,-4.0495
2018,10,2018_10_ARI_KC,KC,ARI,1,56,6.7674,34,5.8438,22,0.9236,26,49,12.0545
2018,10,2018_10_ATL_CLE,ATL,CLE,0,73,0.1035,54,5.2043,19,-5.1008,35,40,-2.4132
2018,10,2018_10_ATL_CLE,CLE,ATL,1,48,17.3172,21,12.5656,27,4.7516,29,35,19.5113
2018,10,2018_10_BUF_NYJ,BUF,NYJ,0,71,20.5151,27,18.159,44,2.3561,34,33,15.5282
2018,10,2018_10_BUF_NYJ,NYJ,BUF,1,55,-21.6515,37,-21.1787,18,-0.4728,21,13,-14.6102
2018,10,2018_10_CAR_PIT,CAR,PIT,0,56,-1.6012,34,-4.6399,22,3.0387,26,37,0.9365
2018,10,2018_10_CAR_PIT,PIT,CAR,1,57,26.0218,28,25.4501,29,0.5717,31,27,18.1595
2018,10,2018_10_DAL_PHI,DAL,PHI,0,68,15.9472,40,7.2051,28,8.7421,31,65,17.1694
2018,10,2018_10_DAL_PHI,PHI,DAL,1,61,-3.3816,45,-0.2369,16,-3.1447,31,60,-4.1374
2018,10,2018_10_DET_CHI,CHI,DET,1,54,15.8932,32,16.8906,22,-0.9974,22,26,17.4138
2018,10,2018_10_DET_CHI,DET,CHI,0,74,-11.0328,50,-4.8316,24,-6.2012,28,25,-15.8171
2018,10,2018_10_JAX_IND,IND,JAX,1,50,14.3593,29,13.6046,21,0.7548,23,50,14.3593
2018,10,2018_10_JAX_IND,JAX,IND,0,73,10.3729,39,17.0739,34,-6.701,33,73,10.3729
2018,10,2018_10_LAC_OAK,LAC,LV,0,53,5.7784,27,7.131,26,-1.3526,21,40,7.6924
2018,10,2018_10_LAC_OAK,LV,LAC,1,62,-10.0045,41,-11.6542,21,1.6497,26,51,-8.7989
2018,10,2018_10_MIA_GB,GB,MIA,1,52,13.7364,30,1.4339,22,12.3025,28,40,11.1277
2018,10,2018_10_MIA_GB,MIA,GB,0,66,-14.6238,43,-14.7236,23,0.0998,25,52,-20.1113
2018,10,2018_10_NE_TEN,NE,TEN,0,64,-9.6921,45,-4.2246,19,-5.4675,22,45,-4.4796
2018,10,2018_10_NE_TEN,TEN,NE,1,63,11.5652,27,10.5961,36,0.9692,29,44,11.1104
2018,10,2018_10_NO_CIN,CIN,NO,1,42,-6.9246,26,-11.8973,16,4.9727,22,19,0.4574
2018,10,2018_10_NO_CIN,NO,CIN,0,71,36.8222,27,22.0197,44,14.8025,47,39,24.878
2018,10,2018_10_NYG_SF,NYG,SF,0,55,1.366,32,5.5228,23,-4.1568,22,55,1.366
2018,10,2018_10_NYG_SF,SF,NYG,1,66,-0.9239,37,0.0954,29,-1.0193,26,66,-0.9239
2018,10,2018_10_SEA_LA,LA,SEA,1,63,21.0004,41,12.2232,22,8.7773,37,62,21.4572
2018,10,2018_10_SEA_LA,SEA,LA,0,63,15.0724,29,4.0464,34,11.026,36,57,9.689
2018,10,2018_10_WAS_TB,TB,WAS,1,67,-7.7378,43,-4.5192,24,-3.2186,33,62,-9.4606
2018,10,2018_10_WAS_TB,WAS,TB,0,55,4.4886,30,2.2854,25,2.2032,27,40,4.9269
2018,11,2018_11_CAR_DET,CAR,DET,0,58,10.1567,42,11.6188,16,-1.4621,28,58,10.1567
2018,11,2018_11_CAR_DET,DET,CAR,1,62,1.2939,38,3.0089,24,-1.7151,22,62,1.2939
2018,11,2018_11_CIN_BAL,BAL,CIN,1,73,2.9969,22,-4.5617,51,7.5585,40,73,2.9969
2018,11,2018_11_CIN_BAL,CIN,BAL,0,54,0.3408,38,3.1786,16,-2.8378,19,54,0.3408
2018,11,2018_11_DAL_ATL,ATL,DAL,1,55,0.4904,37,0.6264,18,-0.1361,28,55,0.4904
2018,11,2018_11_DAL_ATL,DAL,ATL,0,63,6.305,34,2.9638,29,3.3411,30,63,6.305
2018,11,2018_11_DEN_LAC,DEN,LAC,0,52,5.1385,32,2.3533,20,2.7852,24,52,5.1385
2018,11,2018_11_DEN_LAC,LAC,DEN,1,72,8.8311,46,14.0379,26,-5.2068,31,72,8.8311
2018,11,2018_11_GB_SEA,GB,SEA,0,48,8.7669,35,9.0129,13,-0.246,20,48,8.7669
2018,11,2018_11_GB_SEA,SEA,GB,1,66,1.5805,34,4.9521,32,-3.3716,29,66,1.5805
2018,11,2018_11_HOU_WAS,HOU,WAS,0,57,-7.8237,27,-6.6553,30,-1.1684,25,57,-7.8237
2018,11,2018_11_HOU_WAS,WAS,HOU,1,71,-14.5024,42,-20.7996,29,6.2972,26,71,-14.5024
2018,11,2018_11_KC_LA,KC,LA,0,69,6.7339,49,9.3521,20,-2.6182,34,69,6.7339
2018,11,2018_11_KC_LA,LA,KC,1,73,7.9188,54,9.3021,19,-1.3833,29,73,7.9188
2018,11,2018_11_MIN_CHI,CHI,MIN,1,70,-0.3079,34,1.0405,36,-1.3483,36,60,0.0211
2018,11,2018_11_MIN_CHI,MIN,CHI,0,64,-11.4853,50,-0.6067,14,-10.8787,31,43,-19.603
2018,11,2018_11_OAK_ARI,ARI,LV,1,52,-11.5015,21,-7.715,31,-3.7865,17,52,-11.5015
2018,11,2018_11_OAK_ARI,LV,ARI,0,66,-0.8666,33,0.2819,33,-1.1485,28,66,-0.8666
2018,11,2018_11_PHI_NO,NO,PHI,1,68,27.9202,32,28.9641,36,-1.0439,39,40,18.9554
2018,11,2018_11_PHI_NO,PHI,NO,0,48,-18.913,36,-19.6309,12,0.718,18,22,-3.6847
2018,11,2018_11_PIT_JAX,JAX,PIT,1,67,-8.7945,24,-6.9011,43,-1.8934,23,64,-6.12
2018,11,2018_11_PIT_JAX,PIT,JAX,0,59,-5.9986,48,-7.8981,11,1.8996,25,57,-13.0859
2018,11,2018_11_TB_NYG,NYG,TB,1,52,15.0854,22,9.772,30,5.3134,26,52,15.0854
2018,11,2018_11_TB_NYG,TB,NYG,0,68,13.9891,38,8.2655,30,5.7236,38,58,3.5528
2018,11,2018_11_TEN_IND,IND,TEN,1,57,19.7129,32,17.2674,25,2.4454,38,24,8.0076
2018,11,2018_11_TEN_IND,TEN,IND,0,59,-11.0404,34,-4.0079,25,-7.0325,25,25,-10.485
2018,12,2018_12_ARI_LAC,ARI,LAC,0,44,-14.1405,21,-9.8885,23,-4.252,14,28,-3.7156
2018,12,2018_12_ARI_LAC,LAC,ARI,1,64,22.649,36,10.8185,28,11.8305,39,34,13.4823
2018,12,2018_12_ATL_NO,ATL,NO,0,69,-11.5127,53,-5.1873,16,-6.3253,25,38,-19.8901
2018,12,2018_12_ATL_NO,NO,ATL,1,51,7.4051,24,3.8184,27,3.5867,26,38,6.46
2018,12,2018_12_CHI_DET,CHI,DET,0,57,-4.7816,43,-1.7783,14,-3.0032,25,54,-3.9923
2018,12,2018_12_CHI_DET,DET,CHI,1,65,-10.6095,41,-12.1998,24,1.5903,28,65,-10.6095
2018,12,2018_12_CLE_CIN,CIN,CLE,1,67,-1.814,47,2.9875,20,-4.8016,35,18,-11.0799
2018,12,2018_12_CLE_CIN,CLE,CIN,0,59,16.9811,26,22.392,33,-5.411,31,35,21.516
2018,12,2018_12_GB_MIN,GB,MIN,0,51,-7.497,32,-4.1445,19,-3.3524,23,48,-12.1876
2018,12,2018_12_GB_MIN,MIN,GB,1,66,2.7716,39,12.2788,27,-9.5072,31,54,10.2333
2018,12,2018_12_JAX_BUF,BUF,JAX,1,52,5.2461,19,4.5648,33,0.6813,22,48,7.0926
2018,12,2018_12_JAX_BUF,JAX,BUF,0,65,-0.6662,26,-8.6492,39,7.983,31,57,-5.989
2018,12,2018_12_MIA_IND,IND,MIA,1,65,7.3825,39,7.9651,26,-0.5826,33,65,7.3825
2018,12,2018_12_MIA_IND,MIA,IND,0,50,2.9722,26,1.9593,24,1.0129,21,50,2.9722
2018,12,2018_12_NE_NYJ,NE,NYJ,0,66,24.487,31,15.2408,35,9.2463,34,61,25.4449
2018,12,2018_12_NE_NYJ,NYJ,NE,1,61,-2.247,46,-3.5847,15,1.3377,22,45,1.3949
2018,12,2018_12_NYG_PHI,NYG,PHI,0,58,10.333,40,8.178,18,2.1549,25,58,10.333
2018,12,2018_12_NYG_PHI,PHI,NYG,1,61,8.8013,31,8.9374,30,-0.1361,32,61,8.8013
2018,12,2018_12_OAK_BAL,BAL,LV,1,67,9.764,26,-0.2639,41,10.0279,38,62,6.1811
2018,12,2018_12_OAK_BAL,LV,BAL,0,54,-5.4413,37,-3.9071,17,-1.5342,18,50,3.3629
2018,12,2018_12_PIT_DEN,DEN,PIT,1,50,5.1105,30,2.9398,20,2.1706,21,50,5.1105
2018,12,2018_12_PIT_DEN,PIT,DEN,0,76,3.4911,60,1.8518,16,1.6394,39,76,3.4911
2018,12,2018_12_SEA_CAR,CAR,SEA,1,57,11.5101,30,8.4755,27,3.0346,33,57,11.5101
2018,12,2018_12_SEA_CAR,SEA,CAR,0,58,16.6555,32,21.0846,26,-4.4291,23,58,16.6555
2018,12,2018_12_SF_TB,SF,TB,0,59,-5.3649,36,-8.3374,23,2.9725,26,43,0.114
2018,12,2018_12_SF_TB,TB,SF,1,68,10.064,39,16.3415,29,-6.2775,33,56,12.7498
2018,12,2018_12_TEN_HOU,HOU,TEN,1,60,15.2597,27,7.9469,33,7.3128,29,45,17.911
2018,12,2018_12_TEN_HOU,TEN,HOU,0,52,1.3599,29,5.6409,23,-4.281,23,38,0.7041
2018,12,2018_12_WAS_DAL,DAL,WAS,1,67,6.4968,35,7.8641,32,-1.3673,31,52,13.5413
2018,12,2018_12_WAS_DAL,WAS,DAL,0,60,-4.6305,41,-5.289,19,0.6585,28,47,-8.1895
2018,13,2018_13_ARI_GB,ARI,GB,0,56,4.1199,28,-2.0661,28,6.186,20,56,4.1199
2018,13,2018_13_ARI_GB,GB,ARI,1,74,0.3728,51,2.5203,23,-2.1475,34,74,0.3728
2018,13,2018_13_BAL_ATL,ATL,BAL,1,45,-22.3566,31,-15.5632,14,-6.7934,16,38,-24.0126
2018,13,2018_13_BAL_ATL,BAL,ATL,0,75,-7.5425,28,-8.0636,47,0.5211,33,69,-6.4802
2018,13,2018_13_BUF_MIA,BUF,MIA,0,67,4.0185,36,-1.8175,31,5.8361,30,67,4.0185
2018,13,2018_13_BUF_MIA,MIA,BUF,1,48,-5.5227,27,-0.6576,21,-4.8651,18,48,-5.5227
2018,13,2018_13_CAR_TB,CAR,TB,0,64,-2.7905,46,-10.2358,18,7.4453,33,61,-2.395
2018,13,2018_13_CAR_TB,TB,CAR,1,59,-0.8915,34,9.2769,25,-10.1684,24,56,0.8914
2018,13,2018_13_CHI_NYG,CHI,NYG,0,77,-9.46,45,-8.8382,32,-0.6218,31,72,-12.2603
2018,13,2018_13_CHI_NYG,NYG,CHI,1,68,-6.2026,39,-2.0711,29,-4.1315,24,65,-5.1946
2018,13,2018_13_CLE_HOU,CLE,HOU,0,51,-10.3804,42,-9.5556,9,-0.8248,25,18,-19.5553
2018,13,2018_13_CLE_HOU,HOU,CLE,1,73,5.6294,35,5.3922,38,0.2372,31,39,7.7033
2018,13,2018_13_DEN_CIN,CIN,DEN,1,64,-11.5622,41,-8.8216,23,-2.7407,21,60,-7.0662
2018,13,2018_13_DEN_CIN,DEN,CIN,0,56,3.2217,23,2.7695,33,0.4522,27,45,4.1169
2018,13,2018_13_IND_JAX,IND,JAX,0,71,-21.5299,55,-11.0007,16,-10.5293,25,71,-21.5299
2018,13,2018_13_IND_JAX,JAX,IND,1,54,-15.4044,27,-1.3264,27,-14.078,15,54,-15.4044
2018,13,2018_13_KC_OAK,KC,LV,0,65,18.6554,38,12.3726,27,6.2828,32,65,18.6554
2018,13,2018_13_KC_OAK,LV,KC,1,70,3.1974,41,12.4764,29,-9.279,34,56,-2.9523
2018,13,2018_13_LAC_PIT,LAC,PIT,0,62,17.1547,40,18.282,22,-1.1274,31,62,17.1547
2018,13,2018_13_LAC_PIT,PIT,LAC,1,63,6.9483,46,5.8762,17,1.0722,28,63,6.9483
2018,13,2018_13_LA_DET,DET,LA,1,64,-14.4387,38,-9.2944,26,-5.1444,25,57,-12.467
2018,13,2018_13_LA_DET,LA,DET,0,62,0.235,35,-5.0316,27,5.2667,26,60,-0.7899
2018,13,2018_13_MIN_NE,MIN,NE,0,59,-8.5559,46,-11.6061,13,3.0501,25,45,-2.0821
2018,13,2018_13_MIN_NE,NE,MIN,1,70,9.0175,32,9.3879,38,-0.3704,40,57,13.4026
2018,13,2018_13_NO_DAL,DAL,NO,1,63,-5.6533,35,-1.8091,28,-3.8442,27,63,-5.6533
2018,13,2018_13_NO_DAL,NO,DAL,0,49,-17.007,30,-9.376,19,-7.6309,16,49,-17.007
2018,13,2018_13_NYJ_TEN,NYJ,TEN,0,65,-8.3391,32,-6.8778,33,-1.4612,23,65,-8.3391
2018,13,2018_13_NYJ_TEN,TEN,NYJ,1,59,-5.2831,38,-8.2724,21,2.9893,22,59,-5.2831
2018,13,2018_13_SF_SEA,SEA,SF,1,48,17.2763,20,10.7467,28,6.5296,21,25,11.1392
2018,13,2018_13_SF_SEA,SF,SEA,0,73,-6.9668,49,5.5132,24,-12.48,30,32,-7.4545
2018,13,2018_13_WAS_PHI,PHI,WAS,1,69,7.9853,40,13.5597,29,-5.5743,35,57,8.4404
2018,13,2018_13_WAS_PHI,WAS,PHI,0,42,-6.0662,28,-8.3008,14,2.2346,15,34,-3.8044
2018,14,2018_14_ATL_GB,ATL,GB,0,68,0.5522,44,6.5771,24,-6.025,35,29,-4.722
2018,14,2018_14_ATL_GB,GB,ATL,1,60,7.4936,36,2.7931,24,4.7004,26,38,7.3554
2018,14,2018_14_BAL_KC,BAL,KC,0,68,5.397,28,6.1676,40,-0.7707,32,68,5.397
2018,14,2018_14_BAL_KC,KC,BAL,1,83,10.1041,56,11.8431,27,-1.739,38,83,10.1041
2018,14,2018_14_CAR_CLE,CAR,CLE,0,69,0.2907,44,-1.9365,25,2.2272,27,69,0.2907
2018,14,2018_14_CAR_CLE,CLE,CAR,1,43,1.5105,24,-1.5043,19,3.0148,17,42,1.7271
2018,14,2018_14_CIN_LAC,CIN,LAC,0,64,1.6966,32,3.3267,32,-1.6301,27,64,1.6966
2018,14,2018_14_CIN_LAC,LAC,CIN,1,56,3.7182,31,3.6071,25,0.1111,28,56,3.7182
2018,14,2018_14_DEN_SF,DEN,SF,0,70,-7.2315,44,-6.6912,26,-0.5403,22,59,-17.4917
2018,14,2018_14_DEN_SF,SF,DEN,1,62,3.3117,36,7.4607,26,-4.149,25,49,15.9395
2018,14,2018_14_DET_ARI,ARI,DET,1,65,-21.4223,44,-12.9901,21,-8.4322,19,53,-17.0105
2018,14,2018_14_DET_ARI,DET,ARI,0,55,-11.2772,24,-10.938,31,-0.3392,18,49,-10.5025
2018,14,2018_14_IND_HOU,HOU,IND,1,68,1.4716,43,3.6174,25,-2.1459,30,68,1.4716
2018,14,2018_14_IND_HOU,IND,HOU,0,63,7.9613,43,11.0741,20,-3.1128,32,60,10.7355
2018,14,2018_14_JAX_TEN,JAX,TEN,0,66,-13.6171,47,-9.6616,19,-3.9555,27,36,-8.98
2018,14,2018_14_JAX_TEN,TEN,JAX,1,55,13.2408,25,2.1726,30,11.0681,25,37,12.3785
2018,14,2018_14_LA_CHI,CHI,LA,1,64,-12.8234,31,-14.5116,33,1.6882,25,60,-11.2984
2018,14,2018_14_LA_CHI,LA,CHI,0,61,-20.2666,48,-19.7818,13,-0.4848,22,53,-14.5602
2018,14,2018_14_MIN_SEA,MIN,SEA,0,55,-16.665,35,-11.9275,20,-4.7375,24,47,-13.442
2018,14,2018_14_MIN_SEA,SEA,MIN,1,63,-4.8996,23,-13.0408,40,8.1412,26,61,-8.7379
2018,14,2018_14_NE_MIA,MIA,NE,1,45,20.4392,24,8.7988,21,11.6405,23,45,20.4392
2018,14,2018_14_NE_MIA,NE,MIA,0,75,13.1682,45,19.8459,30,-6.6777,32,74,13.4201
2018,14,2018_14_NO_TB,NO,TB,0,61,1.7003,32,1.3047,29,0.3956,29,51,-0.311
2018,14,2018_14_NO_TB,TB,NO,1,65,-3.7945,42,-3.5898,23,-0.2048,23,59,-3.7444
2018,14,2018_14_NYG_WAS,NYG,WAS,0,62,5.5364,29,1.2294,33,4.307,24,22,2.3395
2018,14,2018_14_NYG_WAS,WAS,NYG,1,59,-18.3332,37,-14.4882,22,-3.845,23,23,-21.8996
2018,14,2018_14_NYJ_BUF,BUF,NYJ,1,71,1.2184,40,-6.7756,31,7.994,28,71,1.2184
2018,14,2018_14_NYJ_BUF,NYJ,BUF,0,50,3.0767,25,5.3364,25,-2.2597,19,50,3.0767
2018,14,2018_14_PHI_DAL,DAL,PHI,1,93,5.9612,57,12.3479,36,-6.3867,46,93,5.9612
2018,14,2018_14_PHI_DAL,PHI,DAL,0,48,-3.0297,34,5.1368,14,-8.1665,23,48,-3.0297
2018,14,2018_14_PIT_OAK,LV,PIT,1,62,9.6463,38,12.6816,24,-3.0353,27,62,9.6463
2018,14,2018_14_PIT_OAK,PIT,LV,0,58,8.2382,39,10.7535,19,-2.5153,30,58,8.2382
2018,15,2018_15_ARI_ATL,ARI,ATL,0,64,-22.8851,43,-17.3718,21,-5.5133,22,36,-20.9885
2018,15,2018_15_ARI_ATL,ATL,ARI,1,66,11.0493,39,2.6096,27,8.4397,31,38,4.2967
2018,15,2018_15_CLE_DEN,CLE,DEN,0,60,-5.1872,33,-2.282,27,-2.9052,26,60,-5.1872
2018,15,2018_15_CLE_DEN,DEN,CLE,1,68,-5.8657,49,0.2349,19,-6.1005,30,68,-5.8657
2018,15,2018_15_DAL_IND,DAL,IND,0,64,-10.0866,42,-11.7486,22,1.662,30,45,0.3649
2018,15,2018_15_DAL_IND,IND,DAL,1,62,4.9103,26,6.6723,36,-1.7621,29,36,11.4075
2018,15,2018_15_DET_BUF,BUF,DET,1,62,-0.8461,27,2.6442,35,-3.4903,26,62,-0.8461
2018,15,2018_15_DET_BUF,DET,BUF,0,56,2.8285,30,2.1974,26,0.6311,24,56,2.8285
2018,15,2018_15_GB_CHI,CHI,GB,1,57,1.5474,29,12.7228,28,-11.1754,27,54,2.6574
2018,15,2018_15_GB_CHI,GB,CHI,0,67,-2.976,48,-1.2248,19,-1.7512,28,58,-3.618
2018,15,2018_15_HOU_NYJ,HOU,NYJ,0,50,2.4123,34,6.715,16,-4.3027,20,48,3.0821
2018,15,2018_15_HOU_NYJ,NYJ,HOU,1,72,-2.6864,41,5.5739,31,-8.2602,28,69,-1.0632
2018,15,2018_15_LAC_KC,KC,LAC,1,53,13.1625,36,10.1821,17,2.9804,27,53,13.1625
2018,15,2018_15_LAC_KC,LAC,KC,0,68,11.4975,44,6.6275,24,4.87,34,64,9.3123
2018,15,2018_15_MIA_MIN,MIA,MIN,0,53,-21.5899,33,-24.1386,20,2.5487,14,41,-11.4589
2018,15,2018_15_MIA_MIN,MIN,MIA,1,61,6.6635,23,-1.6194,38,8.2829,30,47,11.1353
2018,15,2018_15_NE_PIT,NE,PIT,0,56,3.3358,37,1.6708,19,1.665,28,56,3.3358
2018,15,2018_15_NE_PIT,PIT,NE,1,59,7.35,36,3.9539,23,3.3961,31,59,7.35
2018,15,2018_15_NO_CAR,CAR,NO,1,56,-8.6076,33,-4.8026,23,-3.805,19,56,-8.6076
2018,15,2018_15_NO_CAR,NO,CAR,0,68,-8.0644,38,-7.6273,30,-0.4371,30,68,-8.0644
2018,15,2018_15_OAK_CIN,CIN,LV,1,72,-2.5634,34,-5.7194,38,3.156,22,66,-4.6878
2018,15,2018_15_OAK_CIN,LV,CIN,0,57,-10.7585,41,-4.1536,16,-6.6049,24,54,-8.5325
2018,15,2018_15_PHI_LA,LA,PHI,1,73,-4.5342,55,-5.0343,18,0.5001,37,52,-7.7835
2018,15,2018_15_PHI_LA,PHI,LA,0,61,6.2356,31,7.7496,30,-1.514,25,50,12.9063
2018,15,2018_15_SEA_SF,SEA,SF,0,69,10.6221,34,8.6282,35,1.9939,29,69,10.6221
2018,15,2018_15_SEA_SF,SF,SEA,1,56,0.1198,32,9.2198,24,-9.1,22,56,0.1198
2018,15,2018_15_TB_BAL,BAL,TB,1,71,3.809,25,-0.0164,46,3.8254,32,64,1.5105
2018,15,2018_15_TB_BAL,TB,BAL,0,47,-8.7521,26,-9.0946,21,0.3426,17,47,-8.7521
2018,15,2018_15_TEN_NYG,NYG,TEN,1,63,-16.2056,47,-11.655,16,-4.5506,18,47,-12.46
2018,15,2018_15_TEN_NYG,TEN,NYG,0,64,4.2343,22,-3.2372,42,7.4715,30,52,4.8295
2018,15,2018_15_WAS_JAX,JAX,WAS,1,49,-14.8301,23,-21.3173,26,6.4872,15,49,-14.8301
2018,15,2018_15_WAS_JAX,WAS,JAX,0,60,-1.0823,28,2.6625,32,-3.7448,23,60,-1.0823
2018,16,2018_16_ATL_CAR,ATL,CAR,0,47,7.0105,27,6.0817,20,0.9288,21,37,10.2626
2018,16,2018_16_ATL_CAR,CAR,ATL,1,83,-13.6725,58,-19.0137,25,5.3412,38,73,-9.2469
2018,16,2018_16_BAL_LAC,BAL,LAC,0,59,-6.3431,25,2.736,34,-9.0791,20,57,-4.848
2018,16,2018_16_BAL_LAC,LAC,BAL,1,57,-22.8174,41,-19.6307,16,-3.1867,20,51,-21.4546
2018,16,2018_16_BUF_NE,BUF,NE,0,60,-20.7365,42,-17.7294,18,-3.0071,22,40,-19.3459
2018,16,2018_16_BUF_NE,NE,BUF,1,71,-13.4314,26,-19.3893,45,5.9579,28,48,-3.6114
2018,16,2018_16_CHI_SF,CHI,SF,0,58,4.5017,32,7.3012,26,-2.7995,32,58,4.5017
2018,16,2018_16_CHI_SF,SF,CHI,1,54,-5.2957,39,-2.1398,15,-3.1559,22,54,-5.2957
2018,16,2018_16_CIN_CLE,CIN,CLE,0,46,0.6218,23,2.0768,23,-1.455,20,27,-9.5754
2018,16,2018_16_CIN_CLE,CLE,CIN,1,63,24.3802,38,18.6822,25,5.698,35,38,13.9808
2018,16,2018_16_DEN_OAK,DEN,LV,0,62,0.3223,38,-2.7437,24,3.066,26,46,0.4645
2018,16,2018_16_DEN_OAK,LV,DEN,1,54,2.7982,27,4.1441,27,-1.3459,24,41,7.5448
2018,16,2018_16_GB_NYJ,GB,NYJ,0,79,27.1141,59,15.912,20,11.2021,45,75,18.0849
2018,16,2018_16_GB_NYJ,NYJ,GB,1,57,16.4888,37,20.1123,20,-3.6235,31,50,19.2178
2018,16,2018_16_HOU_PHI,HOU,PHI,0,63,8.7832,44,7.921,19,0.8623,29,56,6.7885
2018,16,2018_16_HOU_PHI,PHI,HOU,1,73,9.818,51,18.4563,22,-8.6383,32,70,12.8232
2018,16,2018_16_JAX_MIA,JAX,MIA,0,60,-1.9303,30,-2.5493,30,0.6189,30,52,-3.9689
2018,16,2018_16_JAX_MIA,MIA,JAX,1,43,-16.2911,25,-8.2785,18,-8.0126,16,43,-16.2911
2018,16,2018_16_KC_SEA,KC,SEA,0,61,11.593,41,6.8178,20,4.7752,33,59,12.7224
2018,16,2018_16_KC_SEA,SEA,KC,1,71,18.8541,32,13.0182,39,5.836,34,71,18.8541
2018,16,2018_16_LA_ARI,ARI,LA,1,53,-6.2606,35,-5.1866,18,-1.074,18,37,-3.9381
2018,16,2018_16_LA_ARI,LA,ARI,0,65,18.9015,26,4.2907,39,14.6108,43,50,16.2164
2018,16,2018_16_MIN_DET,DET,MIN,1,69,-28.1848,46,-21.3225,23,-6.8623,22,44,-15.5778
2018,16,2018_16_MIN_DET,MIN,DET,0,58,1.5129,30,9.8547,28,-8.3419,22,47,10.6945
2018,16,2018_16_NYG_IND,IND,NYG,1,62,13.0913,47,13.158,15,-0.0667,33,62,13.0913
2018,16,2018_16_NYG_IND,NYG,IND,0,61,15.7509,33,18.5036,28,-2.7528,29,61,15.7509
2018,16,2018_16_PIT_NO,NO,PIT,1,60,4.6716,42,4.1239,18,0.5477,28,60,4.6716
2018,16,2018_16_PIT_NO,PIT,NO,0,70,5.6284,53,14.6241,17,-8.9957,31,70,5.6284
2018,16,2018_16_TB_DAL,DAL,TB,1,48,-1.2823,26,2.4866,22,-3.7689,21,38,-1.6314
2018,16,2018_16_TB_DAL,TB,DAL,0,75,-7.3619,51,8.1084,24,-15.4703,34,66,-9.7946
2018,16,2018_16_WAS_TEN,TEN,WAS,1,55,4.0082,28,5.6807,27,-1.6726,24,55,4.0082
2018,16,2018_16_WAS_TEN,WAS,TEN,0,59,-1.1406,25,-2.7844,34,1.6438,32,59,-1.1406
2018,17,2018_17_ARI_SEA,ARI,SEA,0,65,-22.4148,40,-21.2201,25,-1.1947,19,65,-22.4148
2018,17,2018_17_ARI_SEA,SEA,ARI,1,60,-7.58,27,-10.088,33,2.508,22,60,-7.58
2018,17,2018_17_ATL_TB,ATL,TB,0,73,15.0407,46,16.9797,27,-1.939,37,73,15.0407
2018,17,2018_17_ATL_TB,TB,ATL,1,58,8.8262,38,8.5564,20,0.2698,30,58,8.8262
2018,17,2018_17_CAR_NO,CAR,NO,0,68,5.5387,31,10.5651,37,-5.0264,31,39,15.7337
2018,17,2018_17_CAR_NO,NO,CAR,1,51,-6.6401,24,-7.1145,27,0.4744,19,21,-5.132
2018,17,2018_17_CHI_MIN,CHI,MIN,0,63,4.6651,27,2.5609,36,2.1042,25,56,11.2417
2018,17,2018_17_CHI_MIN,MIN,CHI,1,52,-22.8986,37,-22.8924,15,-0.0063,17,41,-16.2849
2018,17,2018_17_CIN_PIT,CIN,PIT,0,46,-10.4492,28,-12.2809,18,1.8317,13,46,-10.4492
2018,17,2018_17_CIN_PIT,PIT,CIN,1,64,-5.7275,46,-3.2209,18,-2.5066,30,64,-5.7275
2018,17,2018_17_CLE_BAL,BAL,CLE,1,71,6.588,26,0.1188,45,6.4692,31,67,12.7082
2018,17,2018_17_CLE_BAL,CLE,BAL,0,56,5.6261,42,7.6727,14,-2.0466,23,56,5.6261
2018,17,2018_17_DAL_NYG,DAL,NYG,0,67,16.4731,48,19.6886,19,-3.2155,27,67,16.4731
2018,17,2018_17_DAL_NYG,NYG,DAL,1,68,11.7762,43,4.1728,25,7.6034,32,68,11.7762
2018,17,2018_17_DET_GB,DET,GB,0,70,20.9506,34,21.5898,36,-0.6391,33,44,17.9273
2018,17,2018_17_DET_GB,GB,DET,1,55,-19.9834,42,-23.4149,13,3.4315,15,29,-9.7181
2018,17,2018_17_IND_TEN,IND,TEN,0,69,5.8578,36,7.042,33,-1.1842,34,68,4.0434
2018,17,2018_17_IND_TEN,TEN,IND,1,45,-15.3111,29,-15.3421,16,0.0309,18,40,-6.2093
2018,17,2018_17_JAX_HOU,HOU,JAX,1,73,-4.0291,41,-2.3969,32,-1.6322,31,45,-0.2476
2018,17,2018_17_JAX_HOU,JAX,HOU,0,47,-21.5527,31,-14.2538,16,-7.2989,13,34,-17.1956
2018,17,2018_17_LAC_DEN,DEN,LAC,1,75,-18.2592,50,-8.2191,25,-10.0401,30,64,-15.4549
2018,17,2018_17_LAC_DEN,LAC,DEN,0,53,-10.2475,25,-4.2207,28,-6.0268,21,45,-3.5661
2018,17,2018_17_MIA_BUF,BUF,MIA,1,58,14.7944,27,6.2445,31,8.5499,28,49,6.1247
2018,17,2018_17_MIA_BUF,MIA,BUF,0,61,-22.9213,36,-15.5608,25,-7.3604,24,49,-16.5985
2018,17,2018_17_NYJ_NE,NE,NYJ,1,61,13.9037,34,12.9809,27,0.9228,33,38,7.8731
2018,17,2018_17_NYJ_NE,NYJ,NE,0,55,-25.6774,32,-10.0882,23,-15.5892,19,31,-19.6131
2018,17,2018_17_OAK_KC,KC,LV,1,53,14.7755,27,16.3399,26,-1.5644,24,22,8.687
2018,17,2018_17_OAK_KC,LV,KC,0,65,-21.7061,36,-16.2473,29,-5.4588,33,49,-17.222
2018,17,2018_17_PHI_WAS,PHI,WAS,0,69,12.305,37,9.0542,32,3.2508,38,58,10.4411
2018,17,2018_17_PHI_WAS,WAS,PHI,1,44,-22.0343,32,-15.8702,12,-6.1642,12,20,-12.2738
2018,17,2018_17_SF_LA,LA,SF,1,68,9.5473,28,15.1694,40,-5.6221,35,24,1.2021
2018,17,2018_17_SF_LA,SF,LA,0,58,-2.9744,37,1.888,21,-4.8624,25,26,-20.4701
2019,1,2019_01_ATL_MIN,ATL,MIN,0,69,-15.6747,52,-7.8801,17,-7.7946,27,31,-13.0062
2019,1,2019_01_ATL_MIN,MIN,ATL,1,47,9.5064,11,8.4189,36,1.0876,21,24,7.7917
2019,1,2019_01_BAL_MIA,BAL,MIA,0,71,46.8783,27,37.9897,44,8.8886,39,19,23.8746
2019,1,2019_01_BAL_MIA,MIA,BAL,1,47,-11.6443,35,-5.8251,12,-5.8192,16,14,-6.8383
2019,1,2019_01_BUF_NYJ,BUF,NYJ,0,62,-7.8009,38,-6.4908,24,-1.3101,31,62,-7.8009
2019,1,2019_01_BUF_NYJ,NYJ,BUF,1,67,-6.6878,46,-3.5578,21,-3.1301,29,62,-6.0255
2019,1,2019_01_CIN_SEA,CIN,SEA,0,70,0.076,56,8.6774,14,-8.6014,28,70,0.076
2019,1,2019_01_CIN_SEA,SEA,CIN,1,47,-8.0133,24,-2.102,23,-5.9113,15,47,-8.0133
2019,1,2019_01_DEN_OAK,DEN,LV,0,57,7.2977,34,7.5736,23,-0.2759,27,47,-2.4351
2019,1,2019_01_DEN_OAK,LV,DEN,1,53,16.3841,26,17.3034,27,-0.9193,29,44,16.8006
2019,1,2019_01_DET_ARI,ARI,DET,1,83,-7.6059,60,-7.4158,23,-0.1901,31,65,-16.4182
2019,1,2019_01_DET_ARI,DET,ARI,0,78,2.9617,46,11.5135,32,-8.5517,35,69,7.9379
2019,1,2019_01_GB_CHI,CHI,GB,1,65,-19.2065,50,-14.5811,15,-4.6253,23,64,-14.2471
2019,1,2019_01_GB_CHI,GB,CHI,0,55,-10.2685,35,-3.7905,20,-6.4779,19,52,-9.258
2019,1,2019_01_HOU_NO,HOU,NO,0,59,16.7232,36,7.5706,23,9.1526,27,59,16.7232
2019,1,2019_01_HOU_NO,NO,HOU,1,63,15.9584,42,13.5032,21,2.4553,37,63,15.9584
2019,1,2019_01_IND_LAC,IND,LAC,0,63,16.9025,29,6.5693,34,10.3332,36,63,16.9025
2019,1,2019_01_IND_LAC,LAC,IND,1,59,12.7411,38,7.9757,21,4.7653,29,59,12.7411
2019,1,2019_01_KC_JAX,JAX,KC,1,51,10.2253,35,10.7607,16,-0.5354,27,33,6.67
2019,1,2019_01_KC_JAX,KC,JAX,0,59,23.978,34,23.2586,25,0.7193,34,40,23.1689
2019,1,2019_01_LA_CAR,CAR,LA,1,63,-8.318,40,-8.6481,23,0.3301,29,63,-8.318
2019,1,2019_01_LA_CAR,LA,CAR,0,70,1.8071,40,-1.9011,30,3.7082,33,67,2.9554
2019,1,2019_01_NYG_DAL,DAL,NYG,1,60,24.5089,32,30.2175,28,-5.7087,31,42,23.5785
2019,1,2019_01_NYG_DAL,NYG,DAL,0,66,8.386,49,2.0288,17,6.3573,35,44,5.3774
2019,1,2019_01_PIT_NE,NE,PIT,1,67,15.8348,38,18.9242,29,-3.0893,29,41,11.8661
2019,1,2019_01_PIT_NE,PIT,NE,0,60,-13.5763,47,-8.1849,13,-5.3914,21,32,-11.8397
2019,1,2019_01_SF_TB,SF,TB,0,59,-9.2014,29,-2.1358,30,-7.0656,23,58,-10.2544
2019,1,2019_01_SF_TB,TB,SF,1,64,-24.1729,39,-25.6923,25,1.5193,26,56,-23.2719
2019,1,2019_01_TEN_CLE,CLE,TEN,1,63,-22.1683,43,-17.7846,20,-4.3837,25,47,-0.1644
2019,1,2019_01_TEN_CLE,TEN,CLE,0,54,7.2935,28,6.292,26,1.0015,22,46,6.8963
2019,1,2019_01_WAS_PHI,PHI,WAS,1,71,16.328,40,17.3898,31,-1.0619,31,61,15.3574
2019,1,2019_01_WAS_PHI,WAS,PHI,0,57,15.6612,44,22.1025,13,-6.4413,26,43,8.4935
2019,2,2019_02_ARI_BAL,ARI,BAL,0,54,5.9668,43,10.457,11,-4.4902,22,54,5.9668
2019,2,2019_02_ARI_BAL,BAL,ARI,1,70,11.7926,39,8.9326,31,2.8599,32,68,9.4796
2019,2,2019_02_BUF_NYG,BUF,NYG,0,65,10.8883,33,6.3233,32,4.565,28,56,11.4405
2019,2,2019_02_BUF_NYG,NYG,BUF,1,66,-4.3507,46,-8.6813,20,4.3306,29,53,0.5974
2019,2,2019_02_CHI_DEN,CHI,DEN,0,56,1.2189,27,-0.1226,29,1.3415,23,56,1.2189
2019,2,2019_02_CHI_DEN,DEN,CHI,1,77,3.4252,53,8.0558,24,-4.6306,34,77,3.4252
2019,2,2019_02_CLE_NYJ,CLE,NYJ,0,58,-2.5089,37,1.6445,21,-4.1534,19,41,3.7364
2019,2,2019_02_CLE_NYJ,NYJ,CLE,1,59,-21.492,35,-15.9729,24,-5.519,16,39,-14.4477
2019,2,2019_02_DAL_WAS,DAL,WAS,0,64,19.5693,31,12.4215,33,7.1478,36,54,16.2599
2019,2,2019_02_DAL_WAS,WAS,DAL,1,54,5.2398,38,6.979,16,-1.7393,26,43,-1.7702
2019,2,2019_02_IND_TEN,IND,TEN,0,63,-1.3294,30,-4.7492,33,3.4198,26,63,-1.3294
2019,2,2019_02_IND_TEN,TEN,IND,1,54,-4.1102,30,-3.1974,24,-0.9128,23,54,-4.1102
2019,2,2019_02_JAX_HOU,HOU,JAX,1,62,-5.4736,33,-5.8076,29,0.334,26,62,-5.4736
2019,2,2019_02_JAX_HOU,JAX,HOU,0,59,-5.3864,37,-6.4433,22,1.0569,23,59,-5.3864
2019,2,2019_02_KC_OAK,KC,LV,0,67,15.737,46,25.7527,21,-10.0158,29,44,22.3129
2019,2,2019_02_KC_OAK,LV,KC,1,60,-8.919,41,-12.779,19,3.86,26,42,-1.5428
2019,2,2019_02_LAC_DET,DET,LAC,1,57,0.3069,30,4.738,27,-4.4312,26,55,0.9973
2019,2,2019_02_LAC_DET,LAC,DET,0,62,-1.8949,37,0.9199,25,-2.8148,30,62,-1.8949
2019,2,2019_02_MIN_GB,GB,MIN,1,69,-8.4199,36,-0.0902,33,-8.3296,27,66,-6.9674
2019,2,2019_02_MIN_GB,MIN,GB,0,60,-4.1534,33,-13.4677,27,9.3143,23,60,-4.1534
2019,2,2019_02_NE_MIA,MIA,NE,1,61,-44.6523,46,-40.4754,15,-4.1769,17,25,-15.8301
2019,2,2019_02_NE_MIA,NE,MIA,0,64,12.2605,30,15.9714,34,-3.7109,32,48,8.1605
2019,2,2019_02_NO_LA,LA,NO,1,58,8.7972,31,7.715,27,1.0822,26,49,3.4236
2019,2,2019_02_NO_LA,NO,LA,0,57,-11.8958,37,-3.9114,20,-7.9844,22,46,-9.3907
2019,2,2019_02_PHI_ATL,ATL,PHI,1,60,-0.8518,44,1.7372,16,-2.589,23,60,-0.8518
2019,2,2019_02_PHI_ATL,PHI,ATL,0,74,-7.5086,52,-3.2432,22,-4.2654,29,74,-7.5086
2019,2,2019_02_SEA_PIT,PIT,SEA,1,52,-3.8898,36,-6.7362,16,2.8465,25,52,-3.8898
2019,2,2019_02_SEA_PIT,SEA,PIT,0,69,3.9906,39,13.4962,30,-9.5057,34,69,3.9906
2019,2,2019_02_SF_CIN,CIN,SF,1,65,-1.8274,46,5.9141,19,-7.7415,24,45,-3.2243
2019,2,2019_02_SF_CIN,SF,CIN,0,66,29.8333,26,17.8524,40,11.9809,40,40,21.6465
2019,2,2019_02_TB_CAR,CAR,TB,1,73,-17.1814,54,-4.1057,19,-13.0757,27,73,-17.1814
2019,2,2019_02_TB_CAR,TB,CAR,0,57,2.3903,28,4.6965,29,-2.3062,24,56,2.0924
2019,3,2019_03_ATL_IND,ATL,IND,0,53,21.5621,34,21.2982,19,0.2639,30,53,21.5621
2019,3,2019_03_ATL_IND,IND,ATL,1,60,15.5506,38,17.4653,22,-1.9147,31,60,15.5506
2019,3,2019_03_BAL_KC,BAL,KC,0,81,16.7001,47,0.6125,34,16.0876,37,66,7.3079
2019,3,2019_03_BAL_KC,KC,BAL,1,61,17.5286,38,16.3033,23,1.2253,34,55,19.0997
2019,3,2019_03_CAR_ARI,ARI,CAR,1,73,-6.4337,51,-15.1797,22,8.7459,33,61,4.6535
2019,3,2019_03_CAR_ARI,CAR,ARI,0,57,15.6705,28,13.6544,29,2.0162,27,45,22.0374
2019,3,2019_03_CHI_WAS,CHI,WAS,0,58,5.4462,34,8.874,24,-3.4277,26,33,8.788
2019,3,2019_03_CHI_WAS,WAS,CHI,1,69,-18.7917,48,-11.2946,21,-7.4971,32,32,-27.3772
2019,3,2019_03_CIN_BUF,BUF,CIN,1,72,-1.4956,37,0.7098,35,-2.2054,35,72,-1.4956
2019,3,2019_03_CIN_BUF,CIN,BUF,0,56,-10.8742,37,-9.4645,19,-1.4097,20,56,-10.8742
2019,3,2019_03_DEN_GB,DEN,GB,0,72,-7.9273,34,-11.7347,38,3.8073,32,64,-4.4592
2019,3,2019_03_DEN_GB,GB,DEN,1,51,8.3633,29,6.421,22,1.9423,21,47,8.8649
2019,3,2019_03_DET_PHI,DET,PHI,0,58,3.4493,32,5.2533,26,-1.804,21,58,3.4493
2019,3,2019_03_DET_PHI,PHI,DET,1,69,-10.6168,39,-3.646,30,-6.9709,26,69,-10.6168
2019,3,2019_03_HOU_LAC,HOU,LAC,0,54,12.365,36,20.5352,18,-8.1703,25,54,12.365
2019,3,2019_03_HOU_LAC,LAC,HOU,1,69,1.4075,51,4.1119,18,-2.7044,31,69,1.4075
2019,3,2019_03_LA_CLE,CLE,LA,1,63,-10.5333,39,-4.8619,24,-5.6714,23,63,-10.5333
2019,3,2019_03_LA_CLE,LA,CLE,0,63,2.7974,40,2.0981,23,0.6993,28,63,2.7974
2019,3,2019_03_MIA_DAL,DAL,MIA,1,66,14.8088,33,5.0362,33,9.7725,36,49,11.9013
2019,3,2019_03_MIA_DAL,MIA,DAL,0,68,-19.9436,44,-7.9758,24,-11.9678,25,43,-7.5009
2019,3,2019_03_NO_SEA,NO,SEA,0,51,5.1875,27,9.2421,24,-4.0546,25,30,9.782
2019,3,2019_03_NO_SEA,SEA,NO,1,75,-2.1474,49,10.0841,26,-12.2315,28,33,-9.5525
2019,3,2019_03_NYG_TB,NYG,TB,0,61,7.0264,42,4.7927,19,2.2337,22,61,7.0264
2019,3,2019_03_NYG_TB,TB,NYG,1,72,8.2838,40,9.6302,32,-1.3464,35,72,8.2838
2019,3,2019_03_NYJ_NE,NE,NYJ,1,71,-4.442,46,1.5241,25,-5.966,29,22,14.8836
2019,3,2019_03_NYJ_NE,NYJ,NE,0,47,-29.2522,27,-16.7999,20,-12.4523,10,18,-11.0677
2019,3,2019_03_OAK_MIN,LV,MIN,0,58,-2.7733,38,0.1235,20,-2.8968,24,29,-7.0991
2019,3,2019_03_OAK_MIN,MIN,LV,1,57,12.4935,21,8.0768,36,4.4167,28,44,10.8292
2019,3,2019_03_PIT_SF,PIT,SF,0,51,-13.9748,29,-6.5789,22,-7.3959,16,51,-13.9748
2019,3,2019_03_PIT_SF,SF,PIT,1,72,-8.7768,33,3.585,39,-12.3619,35,72,-8.7768
2019,3,2019_03_TEN_JAX,JAX,TEN,1,49,-4.5553,30,1.4991,19,-6.0544,17,40,-0.0108
2019,3,2019_03_TEN_JAX,TEN,JAX,0,75,-8.0413,49,-6.7157,26,-1.3256,25,47,-11.5644
2019,4,2019_04_CAR_HOU,CAR,HOU,0,65,-13.4756,37,-7.5152,28,-5.9604,25,64,-13.3391
2019,4,2019_04_CAR_HOU,HOU,CAR,1,61,-18.0733,39,-23.3171,22,5.2437,23,61,-18.0733
2019,4,2019_04_CIN_PIT,CIN,PIT,0,64,-25.0606,45,-26.1784,19,1.1179,21,33,-15.5488
2019,4,2019_04_CIN_PIT,PIT,CIN,1,53,5.0012,31,12.8855,22,-7.8843,29,42,6.5235
2019,4,2019_04_CLE_BAL,BAL,CLE,1,67,0.6282,38,-1.7552,29,2.3834,36,54,3.4659
2019,4,2019_04_CLE_BAL,CLE,BAL,0,61,23.6615,33,14.4365,28,9.225,27,49,22.7315
2019,4,2019_04_DAL_NO,DAL,NO,0,53,-9.1414,33,-3.1867,20,-5.9546,20,53,-9.1414
2019,4,2019_04_DAL_NO,NO,DAL,1,62,-8.5487,35,-7.7482,27,-0.8005,27,62,-8.5487
2019,4,2019_04_JAX_DEN,DEN,JAX,1,53,2.299,38,4.6812,15,-2.3822,22,53,2.299
2019,4,2019_04_JAX_DEN,JAX,DEN,0,76,12.6492,38,3.0753,38,9.5739,33,76,12.6492
2019,4,2019_04_KC_DET,DET,KC,1,73,-7.0747,38,4.8781,35,-11.9528,35,73,-7.0747
2019,4,2019_04_KC_DET,KC,DET,0,67,7.5013,42,3.4194,25,4.0819,30,67,7.5013
2019,4,2019_04_LAC_MIA,LAC,MIA,0,62,17.9487,32,21.5282,30,-3.5796,35,54,19.967
2019,4,2019_04_LAC_MIA,MIA,LAC,1,47,-5.9532,29,-4.7222,18,-1.231,22,39,-2.5033
2019,4,2019_04_MIN_CHI,CHI,MIN,1,67,-4.3222,34,6.9162,33,-11.2385,23,44,5.6142
2019,4,2019_04_MIN_CHI,MIN,CHI,0,59,-15.0778,43,-14.2831,16,-0.7947,18,31,-17.1201
2019,4,2019_04_NE_BUF,BUF,NE,1,70,-18.6629,48,-19.4926,22,0.8297,26,70,-18.6629
2019,4,2019_04_NE_BUF,NE,BUF,0,59,-16.3301,39,-15.8618,20,-0.4684,16,59,-16.3301
2019,4,2019_04_OAK_IND,IND,LV,1,68,-3.1826,46,-1.4749,22,-1.7077,25,54,-12.4412
2019,4,2019_04_OAK_IND,LV,IND,0,63,8.175,32,7.455,31,0.72,28,53,8.3824
2019,4,2019_04_PHI_GB,GB,PHI,1,73,12.5326,53,13.3436,20,-0.8111,38,73,12.5326
2019,4,2019_04_PHI_GB,PHI,GB,0,59,17.1882,28,7.4446,31,9.7435,31,59,17.1882
2019,4,2019_04_SEA_ARI,ARI,SEA,1,58,-6.5182,36,-8.2886,22,1.7704,27,40,-10.8695
2019,4,2019_04_SEA_ARI,SEA,ARI,0,59,9.2286,32,4.5221,27,4.7065,32,45,5.8889
2019,4,2019_04_TB_LA,LA,TB,1,82,-4.4411,71,-2.881,11,-1.5601,39,60,-15.7292
2019,4,2019_04_TB_LA,TB,LA,0,72,20.5918,43,23.5941,29,-3.0023,35,71,21.0223
2019,4,2019_04_TEN_ATL,ATL,TEN,1,75,-9.9336,58,-4.7346,17,-5.1989,31,65,-10.6897
2019,4,2019_04_TEN_ATL,TEN,ATL,0,61,3.508,27,7.9703,34,-4.4623,28,42,8.6857
2019,4,2019_04_WAS_NYG,NYG,WAS,1,66,-1.067,31,6.414,35,-7.481,33,45,8.0121
2019,4,2019_04_WAS_NYG,WAS,NYG,0,48,-26.3531,31,-22.1449,17,-4.2081,14,31,-19.862
2019,5,2019_05_ARI_CIN,ARI,CIN,0,70,19.784,32,10.0599,38,9.7241,36,70,19.784
2019,5,2019_05_ARI_CIN,CIN,ARI,1,62,6.0785,39,9.4187,23,-3.3402,33,56,1.244
2019,5,2019_05_ATL_HOU,ATL,HOU,0,68,5.7138,49,6.4504,19,-0.7365,30,49,5.0042
2019,5,2019_05_ATL_HOU,HOU,ATL,1,67,33.5674,33,32.197,34,1.3704,35,58,26.4984
2019,5,2019_05_BAL_PIT,BAL,PIT,0,73,-6.3656,33,-7.097,40,0.7314,28,73,-6.3656
2019,5,2019_05_BAL_PIT,PIT,BAL,1,50,-6.2369,32,-6.0583,18,-0.1786,20,50,-6.2369
2019,5,2019_05_BUF_TEN,BUF,TEN,0,61,-5.512,36,-3.8707,25,-1.6413,25,57,-6.2642
2019,5,2019_05_BUF_TEN,TEN,BUF,1,54,-4.4135,27,-1.1385,27,-3.275,21,54,-4.4135
2019,5,2019_05_CHI_OAK,CHI,LV,0,51,-0.6247,34,2.8957,17,-3.5204,20,51,-0.6247
2019,5,2019_05_CHI_OAK,LV,CHI,1,70,3.9448,32,1.6753,38,2.2695,36,70,3.9448
2019,5,2019_05_CLE_SF,CLE,SF,0,46,-23.6683,28,-22.9193,18,-0.749,12,32,-16.6646
2019,5,2019_05_CLE_SF,SF,CLE,1,68,15.2614,31,6.7557,37,8.5057,30,29,12.6558
2019,5,2019_05_DEN_LAC,DEN,LAC,0,54,0.6052,23,-5.35,31,5.9552,25,48,2.3208
2019,5,2019_05_DEN_LAC,LAC,DEN,1,63,-23.7047,47,-16.0085,16,-7.6962,22,58,-25.8588
2019,5,2019_05_GB_DAL,DAL,GB,1,68,3.9563,47,1.7205,21,2.2358,39,42,-14.2381
2019,5,2019_05_GB_DAL,GB,DAL,0,62,7.2704,36,2.1716,26,5.0988,31,41,12.0153
2019,5,2019_05_IND_KC,IND,KC,0,72,0.7288,29,-6.2848,43,7.0137,39,72,0.7288
2019,5,2019_05_IND_KC,KC,IND,1,56,-4.7905,43,-1.0232,13,-3.7673,20,55,-5.1673
2019,5,2019_05_JAX_CAR,CAR,JAX,1,61,11.2662,34,0.1309,27,11.1352,28,57,13.0204
2019,5,2019_05_JAX_CAR,JAX,CAR,0,76,-2.6282,46,-0.3759,30,-2.2522,36,74,-3.74
2019,5,2019_05_LA_SEA,LA,SEA,0,68,10.8957,49,14.95,19,-4.0543,30,68,10.8957
2019,5,2019_05_LA_SEA,SEA,LA,1,66,10.4806,25,12.3929,41,-1.9122,30,66,10.4806
2019,5,2019_05_MIN_NYG,MIN,NYG,0,63,21.2988,30,20.1589,33,1.1399,31,48,18.8427
2019,5,2019_05_MIN_NYG,NYG,MIN,1,62,-12.5876,42,-10.8379,20,-1.7496,23,55,-11.4785
2019,5,2019_05_NE_WAS,NE,WAS,0,74,9.861,47,12.2419,27,-2.3809,33,54,9.6157
2019,5,2019_05_NE_WAS,WAS,NE,1,53,-26.5664,33,-27.123,20,0.5566,13,31,-15.8578
2019,5,2019_05_NYJ_PHI,NYJ,PHI,0,56,-37.852,37,-34.9761,19,-2.8759,15,33,-22.9196
2019,5,2019_05_NYJ_PHI,PHI,NYJ,1,57,-7.4226,30,-0.0208,27,-7.4018,22,31,-3.3473
2019,5,2019_05_TB_NO,NO,TB,1,66,9.1763,36,11.8926,30,-2.7162,31,54,12.8225
2019,5,2019_05_TB_NO,TB,NO,0,55,1.2004,33,1.5246,22,-0.3242,23,41,0.723
2019,6,2019_06_ATL_ARI,ARI,ATL,1,62,16.2901,36,20.8496,26,-4.5595,29,62,16.2901
2019,6,2019_06_ATL_ARI,ATL,ARI,0,63,20.0903,38,19.5203,25,0.57,34,63,20.0903
2019,6,2019_06_CAR_TB,CAR,TB,0,62,-1.0087,34,5.5319,28,-6.5406,21,37,3.0655
2019,6,2019_06_CAR_TB,TB,CAR,1,77,-13.751,62,-13.7636,15,0.0126,33,43,-18.098
2019,6,2019_06_CIN_BAL,BAL,CIN,1,73,11.853,33,2.7096,40,9.1433,35,64,12.8716
2019,6,2019_06_CIN_BAL,CIN,BAL,0,55,-5.7573,41,-1.2793,14,-4.478,19,43,-7.5164
2019,6,2019_06_DAL_NYJ,DAL,NYJ,0,76,7.683,42,11.2091,34,-3.5261,39,76,7.683
2019,6,2019_06_DAL_NYJ,NYJ,DAL,1,51,9.6631,34,9.157,17,0.5061,20,49,11.5237
2019,6,2019_06_DET_GB,DET,GB,0,54,-0.1725,35,0.9878,19,-1.1603,19,54,-0.1725
2019,6,2019_06_DET_GB,GB,DET,1,67,-1.5139,40,-2.4029,27,0.889,30,67,-1.5139
2019,6,2019_06_HOU_KC,HOU,KC,0,82,19.2643,43,15.2652,39,3.9991,46,79,18.899
2019,6,2019_06_HOU_KC,KC,HOU,1,46,1.9889,36,1.5785,10,0.4104,19,46,1.9889
2019,6,2019_06_NO_JAX,JAX,NO,1,54,-14.3032,31,-8.2234,23,-6.0798,16,54,-14.3032
2019,6,2019_06_NO_JAX,NO,JAX,0,63,2.1903,39,2.5408,24,-0.3505,29,61,1.4087
2019,6,2019_06_NYG_NE,NE,NYG,1,76,-5.5453,44,-2.4698,32,-3.0755,36,67,-13.2551
2019,6,2019_06_NYG_NE,NYG,NE,0,47,-25.8616,32,-23.3069,15,-2.5548,15,38,-21.0639
2019,6,2019_06_PHI_MIN,MIN,PHI,1,64,7.608,30,16.5153,34,-8.9073,29,48,11.9047
2019,6,2019_06_PHI_MIN,PHI,MIN,0,65,-7.4282,43,-3.537,22,-3.8912,31,54,1.5081
2019,6,2019_06_PIT_LAC,LAC,PIT,1,59,-5.5886,45,5.735,14,-11.3236,24,26,-13.476
2019,6,2019_06_PIT_LAC,PIT,LAC,0,56,-3.3791,20,2.5958,36,-5.9749,22,25,9.1946
2019,6,2019_06_SEA_CLE,CLE,SEA,1,61,-2.9991,37,-5.6984,24,2.6993,28,61,-2.9991
2019,6,2019_06_SEA_CLE,SEA,CLE,0,73,14.0845,36,17.3811,37,-3.2966,36,71,12.1192
2019,6,2019_06_SF_LA,LA,SF,1,50,-29.2885,28,-18.1896,22,-11.0989,19,41,-20.9925
2019,6,2019_06_SF_LA,SF,LA,0,74,-6.143,35,-0.1373,39,-6.0057,32,62,4.1417
2019,6,2019_06_TEN_DEN,DEN,TEN,1,57,-8.9344,29,-3.3286,28,-5.6058,20,46,-6.7021
2019,6,2019_06_TEN_DEN,TEN,DEN,0,61,-24.6634,41,-16.5018,20,-8.1616,21,50,-25.7941
2019,6,2019_06_WAS_MIA,MIA,WAS,1,69,-12.9886,48,-16.0427,21,3.0541,25,69,-12.9886
2019,6,2019_06_WAS_MIA,WAS,MIA,0,57,-0.8813,25,1.0229,32,-1.9042,19,50,1.176
2019,7,2019_07_ARI_NYG,ARI,NYG,0,58,4.7651,23,4.3336,35,0.4315,21,58,4.7651
2019,7,2019_07_ARI_NYG,NYG,ARI,1,65,-12.6169,43,-14.8172,22,2.2003,26,64,-7.9386
2019,7,2019_07_BAL_SEA,BAL,SEA,0,53,8.7571,21,0.7134,32,8.0437,20,50,9.8692
2019,7,2019_07_BAL_SEA,SEA,BAL,1,68,-14.3405,42,-14.5383,26,0.1977,30,60,-16.3072
2019,7,2019_07_HOU_IND,HOU,IND,0,61,1.4633,37,1.9118,24,-0.4485,32,60,-1.0586
2019,7,2019_07_HOU_IND,IND,HOU,1,65,5.2395,41,17.7362,24,-12.4967,26,58,11.8639
2019,7,2019_07_JAX_CIN,CIN,JAX,1,65,-21.0504,45,-15.4103,20,-5.6401,23,55,-19.4313
2019,7,2019_07_JAX_CIN,JAX,CIN,0,77,1.9089,34,4.5508,43,-2.6418,32,71,3.2219
2019,7,2019_07_KC_DEN,DEN,KC,1,65,-25.7607,43,-23.5935,22,-2.1672,19,41,-15.0331
2019,7,2019_07_KC_DEN,KC,DEN,0,57,-0.493,31,2.0191,26,-2.5121,22,40,-0.1794
2019,7,2019_07_LAC_TEN,LAC,TEN,0,60,2.4763,39,14.098,21,-11.6217,28,60,2.4763
2019,7,2019_07_LAC_TEN,TEN,LAC,1,60,10.5516,32,15.0185,28,-4.4669,31,60,10.5516
2019,7,2019_07_LA_ATL,ATL,LA,1,52,-13.485,38,-11.4519,14,-2.0331,23,33,-12.9502
2019,7,2019_07_LA_ATL,LA,ATL,0,74,10.3441,38,18.3724,36,-8.0282,34,49,11.8114
2019,7,2019_07_MIA_BUF,BUF,MIA,1,52,10.8049,28,7.9552,24,2.8497,26,49,13.2028
2019,7,2019_07_MIA_BUF,MIA,BUF,0,65,2.9333,35,1.9752,30,0.9581,31,50,0.536
2019,7,2019_07_MIN_DET,DET,MIN,1,68,11.0221,48,11.8088,20,-0.7867,37,64,11.9236
2019,7,2019_07_MIN_DET,MIN,DET,0,67,30.0313,34,25.225,33,4.8063,36,65,29.0283
2019,7,2019_07_NE_NYJ,NE,NYJ,0,77,2.3587,45,4.3039,32,-1.9451,33,35,11.9146
2019,7,2019_07_NE_NYJ,NYJ,NE,1,52,-33.0569,33,-31.6615,19,-1.3954,15,15,-12.6491
2019,7,2019_07_NO_CHI,CHI,NO,1,64,-13.9612,57,-1.8209,7,-12.1403,25,34,-21.2211
2019,7,2019_07_NO_CHI,NO,CHI,0,72,16.1349,39,10.7723,33,5.3626,33,55,9.8797
2019,7,2019_07_OAK_GB,GB,LV,1,52,30.1592,32,31.8154,20,-1.6562,28,42,25.859
2019,7,2019_07_OAK_GB,LV,GB,0,61,13.1651,31,22.7872,30,-9.6221,30,39,13.946
2019,7,2019_07_PHI_DAL,DAL,PHI,1,66,9.1969,30,8.0832,36,1.1137,32,35,11.2644
2019,7,2019_07_PHI_DAL,PHI,DAL,0,57,-20.3644,29,-12.428,28,-7.9364,22,28,-12.1251
2019,7,2019_07_SF_WAS,SF,WAS,0,62,-4.3275,23,0.9336,39,-5.2611,23,60,-4.1686
2019,7,2019_07_SF_WAS,WAS,SF,1,41,-11.6624,15,-0.678,26,-10.9844,13,39,-11.6114
2019,8,2019_08_ARI_NO,ARI,NO,0,49,-16.0471,38,-10.6497,11,-5.3973,17,36,-8.547
2019,8,2019_08_ARI_NO,NO,ARI,1,70,15.934,43,13.7134,27,2.2206,34,61,10.0639
2019,8,2019_08_CAR_SF,CAR,SF,0,64,-31.6182,44,-31.1493,20,-0.4689,21,22,-8.9462
2019,8,2019_08_CAR_SF,SF,CAR,1,61,11.2862,26,4.1592,35,7.127,25,40,19.0708
2019,8,2019_08_CIN_LA,CIN,LA,0,76,2.9103,54,-0.6786,22,3.5889,29,54,-0.2469
2019,8,2019_08_CIN_LA,LA,CIN,1,57,21.6879,31,23.4864,26,-1.7985,24,41,29.1223
2019,8,2019_08_CLE_NE,CLE,NE,0,58,-15.5527,36,-9.1973,22,-6.3554,23,43,-12.7718
2019,8,2019_08_CLE_NE,NE,CLE,1,66,-2.0056,39,5.2037,27,-7.2093,24,45,2.8203
2019,8,2019_08_DEN_IND,DEN,IND,0,63,-8.4016,35,-7.1122,28,-1.2893,22,63,-8.4016
2019,8,2019_08_DEN_IND,IND,DEN,1,59,-6.2434,28,-5.441,31,-0.8024,26,59,-6.2434
2019,8,2019_08_GB_KC,GB,KC,0,61,17.885,38,13.7886,23,4.0964,31,60,17.971
2019,8,2019_08_GB_KC,KC,GB,1,58,5.1368,38,7.4009,20,-2.2641,27,58,5.1368
2019,8,2019_08_LAC_CHI,CHI,LAC,1,75,-8.2712,38,-3.7224,37,-4.5488,30,75,-8.2712
2019,8,2019_08_LAC_CHI,LAC,CHI,0,42,-3.2875,30,-0.5908,12,-2.6967,17,42,-3.2875
2019,8,2019_08_MIA_PIT,MIA,PIT,0,56,-13.4155,38,-7.6576,18,-5.7579,22,43,-10.2533
2019,8,2019_08_MIA_PIT,PIT,MIA,1,67,3.6413,38,3.6198,29,0.0215,23,61,7.0495
2019,8,2019_08_NYG_DET,DET,NYG,1,59,4.8378,36,14.0825,23,-9.2447,21,53,12.7305
2019,8,2019_08_NYG_DET,NYG,DET,0,68,-1.5536,45,0.8155,23,-2.3692,30,59,-2.1569
2019,8,2019_08_NYJ_JAX,JAX,NYJ,1,66,7.9273,36,12.3387,30,-4.4115,22,60,12.2459
2019,8,2019_08_NYJ_JAX,NYJ,JAX,0,52,-10.7399,39,-9.65,13,-1.0899,21,43,-4.9055
2019,8,2019_08_OAK_HOU,HOU,LV,1,71,12.9949,42,10.6159,29,2.379,38,71,12.9949
2019,8,2019_08_OAK_HOU,LV,HOU,0,53,12.087,30,14.7405,23,-2.6534,23,53,12.087
2019,8,2019_08_PHI_BUF,BUF,PHI,1,58,-10.1141,38,-4.97,20,-5.144,20,50,-4.748
2019,8,2019_08_PHI_BUF,PHI,BUF,0,65,9.9427,27,3.824,38,6.1187,29,50,9.8951
2019,8,2019_08_SEA_ATL,ATL,SEA,1,71,7.8427,54,11.5398,17,-3.697,38,44,-2.1927
2019,8,2019_08_SEA_ATL,SEA,ATL,0,53,10.8125,22,8.2257,31,2.5868,30,40,9.2646
2019,8,2019_08_TB_TEN,TB,TEN,0,77,-6.0526,47,2.782,30,-8.8346,33,77,-6.0526
2019,8,2019_08_TB_TEN,TEN,TB,1,55,-10.1299,36,3.2258,19,-13.3557,20,54,-9.5504
2019,8,2019_08_WAS_MIN,MIN,WAS,1,67,2.2562,29,6.2476,38,-3.9914,27,54,3.2663
2019,8,2019_08_WAS_MIN,WAS,MIN,0,41,-10.8174,25,-8.5613,16,-2.2561,18,40,-10.7542
2019,9,2019_09_CHI_PHI,CHI,PHI,0,42,-4.713,24,-6.4658,18,1.7527,14,41,-5.1116
2019,9,2019_09_CHI_PHI,PHI,CHI,1,77,4.9341,43,6.5344,34,-1.6003,34,75,4.487
2019,9,2019_09_CLE_DEN,CLE,DEN,0,73,-2.2563,44,7.056,29,-9.3123,28,73,-2.2563
2019,9,2019_09_CLE_DEN,DEN,CLE,1,40,1.2719,23,-1.8047,17,3.0766,16,40,1.2719
2019,9,2019_09_DAL_NYG,DAL,NYG,0,65,6.945,35,4.5804,30,2.3646,35,61,9.7748
2019,9,2019_09_DAL_NYG,NYG,DAL,1,68,-16.4642,46,-12.9241,22,-3.5401,28,51,-7.7997
2019,9,2019_09_DET_OAK,DET,LV,0,62,8.2445,43,12.5927,19,-4.3482,29,62,8.2445
2019,9,2019_09_DET_OAK,LV,DET,1,68,15.539,32,12.1861,36,3.3529,31,67,15.3723
2019,9,2019_09_GB_LAC,GB,LAC,0,50,-3.1606,38,-3.2627,12,0.1021,23,26,-7.305
2019,9,2019_09_GB_LAC,LAC,GB,1,66,16.7509,30,9.7932,36,6.9578,38,47,9.9634
2019,9,2019_09_HOU_JAX,HOU,JAX,0,63,13.2991,29,14.4305,34,-1.1314,32,51,18.3313
2019,9,2019_09_HOU_JAX,JAX,HOU,1,66,-18.4004,51,-16.1377,15,-2.2627,24,47,-10.1947
2019,9,2019_09_IND_PIT,IND,PIT,0,66,-4.0106,37,-6.2482,29,2.2376,29,66,-4.0106
2019,9,2019_09_IND_PIT,PIT,IND,1,59,-10.1761,36,-3.6684,23,-6.5077,19,59,-10.1761
2019,9,2019_09_MIN_KC,KC,MIN,1,57,7.975,39,2.5456,18,5.4294,29,57,7.975
2019,9,2019_09_MIN_KC,MIN,KC,0,66,3.739,39,10.4256,27,-6.6866,21,66,3.739
2019,9,2019_09_NE_BAL,BAL,NE,1,62,11.7343,24,12.7185,38,-0.9841,32,53,8.7757
2019,9,2019_09_NE_BAL,NE,BAL,0,65,-7.0451,48,-8.3495,17,1.3044,33,59,-5.728
2019,9,2019_09_NYJ_MIA,MIA,NYJ,1,62,6.5341,40,12.8726,22,-6.3385,27,56,9.5412
2019,9,2019_09_NYJ_MIA,NYJ,MIA,0,62,-0.3409,41,2.7565,21,-3.0974,27,50,-2.9418
2019,9,2019_09_SF_ARI,ARI,SF,1,51,10.7209,28,5.4149,23,5.3059,25,51,10.7209
2019,9,2019_09_SF_ARI,SF,ARI,0,67,14.828,38,21.8869,29,-7.0589,28,60,17.6061
2019,9,2019_09_TB_SEA,SEA,TB,1,69,14.4294,47,16.4723,22,-2.0428,35,69,14.4294
2019,9,2019_09_TB_SEA,TB,SEA,0,72,12.5845,46,10.7776,26,1.8069,34,72,12.5845
2019,9,2019_09_TEN_CAR,CAR,TEN,1,66,5.7494,35,4.2713,31,1.4781,28,56,12.1009
2019,9,2019_09_TEN_CAR,TEN,CAR,0,63,3.515,42,3.9945,21,-0.4795,32,28,-4.2641
2019,9,2019_09_WAS_BUF,BUF,WAS,1,58,5.1287,22,7.557,36,-2.4283,26,50,-0.255
2019,9,2019_09_WAS_BUF,WAS,BUF,0,49,-5.5781,26,-5.2985,23,-0.2796,18,44,-2.4943
2019,10,2019_10_ARI_TB,ARI,TB,0,64,3.4479,47,4.9228,17,-1.4748,23,64,3.4479
2019,10,2019_10_ARI_TB,TB,ARI,1,78,1.0133,52,-3.1523,26,4.1656,30,78,1.0133
2019,10,2019_10_ATL_NO,ATL,NO,0,70,0.2735,36,-0.6526,34,0.9261,25,60,9.3032
2019,10,2019_10_ATL_NO,NO,ATL,1,61,-15.9918,50,-16.4354,11,0.4436,23,41,-4.8683
2019,10,2019_10_BAL_CIN,BAL,CIN,0,44,23.7356,22,19.6507,22,4.085,27,27,19.7104
2019,10,2019_10_BAL_CIN,CIN,BAL,1,72,-25.781,32,-23.5272,40,-2.2539,32,32,-12.0804
2019,10,2019_10_BUF_CLE,BUF,CLE,0,62,1.9632,42,-2.6626,20,4.6258,25,62,1.9632
2019,10,2019_10_BUF_CLE,CLE,BUF,1,65,3.0069,40,5.021,25,-2.0141,28,65,3.0069
2019,10,2019_10_CAR_GB,CAR,GB,0,70,-1.3544,47,1.984,23,-3.3383,33,68,-2.1202
2019,10,2019_10_CAR_GB,GB,CAR,1,58,10.7593,31,4.1606,27,6.5987,28,54,11.2613
2019,10,2019_10_DET_CHI,CHI,DET,1,52,-3.6509,28,-1.2139,24,-2.437,20,39,1.4951
2019,10,2019_10_DET_CHI,DET,CHI,0,73,-11.4176,46,-10.6517,27,-0.7659,26,65,-11.715
2019,10,2019_10_KC_TEN,KC,TEN,0,78,11.1555,53,22.1453,25,-10.9898,43,74,15.7225
2019,10,2019_10_KC_TEN,TEN,KC,1,50,8.2721,23,-2.6765,27,10.9486,27,50,8.2721
2019,10,2019_10_LAC_OAK,LAC,LV,0,66,-8.921,36,-12.2203,30,3.2992,32,66,-8.921
2019,10,2019_10_LAC_OAK,LV,LAC,1,55,2.7688,34,4.6442,21,-1.8755,24,55,2.7688
2019,10,2019_10_LA_PIT,LA,PIT,0,69,-28.7952,46,-21.5768,23,-7.2184,25,69,-28.7952
2019,10,2019_10_LA_PIT,PIT,LA,1,67,-24.1884,41,-3.8414,26,-20.3471,19,64,-23.0401
2019,10,2019_10_MIA_IND,IND,MIA,1,68,-23.4699,40,-17.5051,28,-5.9648,26,68,-23.4699
2019,10,2019_10_MIA_IND,MIA,IND,0,61,-17.8117,36,-10.6555,25,-7.1562,17,61,-17.8117
2019,10,2019_10_MIN_DAL,DAL,MIN,1,70,11.9437,48,20.3389,22,-8.3952,30,70,11.9437
2019,10,2019_10_MIN_DAL,MIN,DAL,0,70,16.5729,34,11.7618,36,4.811,33,69,16.644
2019,10,2019_10_NYG_NYJ,NYG,NYJ,0,65,-4.1749,48,4.4712,17,-8.6462,19,62,-4.1695
2019,10,2019_10_NYG_NYJ,NYJ,NYG,1,60,0.3037,32,4.4335,28,-4.1298,19,57,1.4387
2019,10,2019_10_SEA_SF,SEA,SF,0,72,-21.4507,38,-19.2485,34,-2.2022,33,72,-21.4507
2019,10,2019_10_SEA_SF,SF,SEA,1,77,-27.3973,51,-20.7056,26,-6.6917,26,77,-27.3973
2019,11,2019_11_ARI_SF,ARI,SF,0,62,-5.3851,37,-7.8986,25,2.5136,29,62,-5.3851
2019,11,2019_11_ARI_SF,SF,ARI,1,67,3.85,48,12.3591,19,-8.5091,32,63,6.6666
2019,11,2019_11_ATL_CAR,ATL,CAR,0,60,9.8854,36,12.7638,24,-2.8784,26,32,7.1052
2019,11,2019_11_ATL_CAR,CAR,ATL,1,70,-20.4503,55,-17.9379,15,-2.5124,28,43,-16.057
2019,11,2019_11_BUF_MIA,BUF,MIA,0,66,18.1428,33,12.1092,33,6.0336,29,56,23.2162
2019,11,2019_11_BUF_MIA,MIA,BUF,1,66,-14.0601,53,-10.2778,13,-3.7824,25,44,-7.7265
2019,11,2019_11_CHI_LA,CHI,LA,0,74,-17.2156,50,-12.6878,24,-4.5278,23,67,-12.7898
2019,11,2019_11_CHI_LA,LA,CHI,1,50,-5.7811,18,5.1493,32,-10.9304,23,47,-6.1161
2019,11,2019_11_CIN_OAK,CIN,LV,0,58,-12.9314,36,-20.5337,22,7.6022,21,57,-11.175
2019,11,2019_11_CIN_OAK,LV,CIN,1,63,2.1503,32,6.9318,31,-4.7815,28,60,3.436
2019,11,2019_11_DAL_DET,DAL,DET,0,69,18.7492,47,21.1578,22,-2.4085,38,64,19.4814
2019,11,2019_11_DAL_DET,DET,DAL,1,57,4.0261,30,4.5329,27,-0.5068,25,55,2.5487
2019,11,2019_11_DEN_MIN,DEN,MIN,0,75,-4.3132,42,-3.5995,33,-0.7137,31,72,1.9549
2019,11,2019_11_DEN_MIN,MIN,DEN,1,59,3.4487,41,6.8499,18,-3.4012,28,59,3.4487
2019,11,2019_11_HOU_BAL,BAL,HOU,1,62,25.6508,27,18.3514,35,7.2994,30,36,11.2564
2019,11,2019_11_HOU_BAL,HOU,BAL,0,57,-23.2558,37,-22.2749,20,-0.9809,22,34,-14.6341
2019,11,2019_11_JAX_IND,IND,JAX,1,61,13.1996,27,-0.3232,34,13.5228,29,50,8.8029
2019,11,2019_11_JAX_IND,JAX,IND,0,59,-7.8352,50,-5.6757,9,-2.1596,21,37,-7.7963
2019,11,2019_11_KC_LAC,KC,LAC,0,59,3.0924,33,-1.7647,26,4.8571,24,59,3.0924
2019,11,2019_11_KC_LAC,LAC,KC,1,72,-2.6108,53,-2.317,19,-0.2938,29,70,-6.9121
2019,11,2019_11_NE_PHI,NE,PHI,0,71,-5.6205,49,-2.2906,22,-3.3299,25,68,-4.7741
2019,11,2019_11_NE_PHI,PHI,NE,1,65,-15.8991,44,-15.843,21,-0.0561,26,63,-15.85
2019,11,2019_11_NO_TB,NO,TB,0,62,11.9941,36,9.5057,26,2.4884,30,57,14.5373
2019,11,2019_11_NO_TB,TB,NO,1,61,-11.6636,53,-10.2011,8,-1.4625,24,50,-1.6219
2019,11,2019_11_NYJ_WAS,NYJ,WAS,0,64,11.5064,33,10.5877,31,0.9187,30,40,6.205
2019,11,2019_11_NYJ_WAS,WAS,NYJ,1,63,-17.9036,43,-13.573,20,-4.3306,20,41,-19.3098
2019,11,2019_11_PIT_CLE,CLE,PIT,1,67,-7.213,33,1.0832,34,-8.2963,23,61,-5.0987
2019,11,2019_11_PIT_CLE,PIT,CLE,0,64,-33.4176,48,-29.0768,16,-4.3408,25,51,-28.7872
2019,12,2019_12_BAL_LA,BAL,LA,0,71,35.2475,26,24.3396,45,10.9079,39,31,22.3119
2019,12,2019_12_BAL_LA,LA,BAL,1,47,-10.2505,39,-9.2733,8,-0.9771,17,25,-3.2679
2019,12,2019_12_CAR_NO,CAR,NO,0,70,8.8552,41,12.5271,29,-3.6719,34,70,8.8552
2019,12,2019_12_CAR_NO,NO,CAR,1,58,6.9025,40,8.7797,18,-1.8772,29,58,6.9025
2019,12,2019_12_DAL_NE,DAL,NE,0,59,-7.791,33,-6.4862,26,-1.3048,24,59,-7.791
2019,12,2019_12_DAL_NE,NE,DAL,1,64,-8.9741,39,-6.4275,25,-2.5467,25,60,-6.7351
2019,12,2019_12_DEN_BUF,BUF,DEN,1,71,6.2114,25,3.2646,46,2.9468,33,59,7.9199
2019,12,2019_12_DEN_BUF,DEN,BUF,0,46,-15.3754,29,-17.4653,17,2.0899,15,40,-11.7105
2019,12,2019_12_DET_WAS,DET,WAS,0,71,-6.3649,39,-3.061,32,-3.304,28,71,-6.3649
2019,12,2019_12_DET_WAS,WAS,DET,1,55,-13.7815,33,-13.4639,22,-0.3176,19,55,-13.7815
2019,12,2019_12_GB_SF,GB,SF,0,71,-22.4272,43,-17.4861,28,-4.9412,23,31,-18.2581
2019,12,2019_12_GB_SF,SF,GB,1,44,7.6178,22,8.1719,22,-0.5541,19,27,-1.8047
2019,12,2019_12_IND_HOU,HOU,IND,1,55,3.7279,31,7.4967,24,-3.7688,22,53,5.3795
2019,12,2019_12_IND_HOU,IND,HOU,0,64,1.7761,25,-0.8763,39,2.6524,30,64,1.7761
2019,12,2019_12_JAX_TEN,JAX,TEN,0,80,2.5848,53,-0.3292,27,2.914,32,35,-4.961
2019,12,2019_12_JAX_TEN,TEN,JAX,1,48,17.2912,19,12.1577,29,5.1336,27,31,11.1332
2019,12,2019_12_MIA_CLE,CLE,MIA,1,66,16.1506,35,13.6425,31,2.5081,37,32,11.9924
2019,12,2019_12_MIA_CLE,MIA,CLE,0,62,-3.3874,42,-4.8059,20,1.4185,24,23,-12.365
2019,12,2019_12_NYG_CHI,CHI,NYG,1,66,-9.4988,43,-5.5234,23,-3.9754,26,60,-7.8889
2019,12,2019_12_NYG_CHI,NYG,CHI,0,58,-14.8551,37,-14.1286,21,-0.7265,19,54,-21.8083
2019,12,2019_12_OAK_NYJ,LV,NYJ,0,56,-17.6761,34,-10.8566,22,-6.8195,20,33,-3.8992
2019,12,2019_12_OAK_NYJ,NYJ,LV,1,59,11.6102,30,15.2956,29,-3.6854,26,37,14.7578
2019,12,2019_12_PIT_CIN,CIN,PIT,1,51,-19.2775,30,-15.2232,21,-4.0543,14,51,-19.2775
2019,12,2019_12_PIT_CIN,PIT,CIN,0,65,-4.5083,30,-5.5803,35,1.072,23,64,-6.4878
2019,12,2019_12_SEA_PHI,PHI,SEA,1,72,-22.2454,48,-14.9472,24,-7.2982,36,55,-23.4018
2019,12,2019_12_SEA_PHI,SEA,PHI,0,56,-5.3879,31,-3.7125,25,-1.6754,17,44,1.631
2019,12,2019_12_TB_ATL,ATL,TB,1,81,-12.5055,62,-10.9632,19,-1.5423,30,59,-7.7904
2019,12,2019_12_TB_ATL,TB,ATL,0,58,11.3205,28,13.7165,30,-2.396,26,49,15.3035
2019,13,2019_13_BUF_DAL,BUF,DAL,0,62,10.4956,29,13.7421,33,-3.2465,30,43,11.4672
2019,13,2019_13_BUF_DAL,DAL,BUF,1,73,-2.9408,54,-5.236,19,2.2952,34,56,-5.9147
2019,13,2019_13_CHI_DET,CHI,DET,0,61,6.8693,39,11.1454,22,-4.2761,35,61,6.8693
2019,13,2019_13_CHI_DET,DET,CHI,1,67,-1.189,40,4.3543,27,-5.5434,25,67,-1.189
2019,13,2019_13_CLE_PIT,CLE,PIT,0,63,-4.0068,39,-4.627,24,0.6202,25,63,-4.0068
2019,13,2019_13_CLE_PIT,PIT,CLE,1,52,1.5198,22,4.4551,30,-2.9352,21,50,3.0591
2019,13,2019_13_GB_NYG,GB,NYG,0,57,14.823,33,18.3546,24,-3.5316,24,44,14.7967
2019,13,2019_13_GB_NYG,NYG,GB,1,64,-6.8717,37,-4.1733,27,-2.6984,28,54,-4.2119
2019,13,2019_13_LAC_DEN,DEN,LAC,1,53,-10.6977,28,-2.5018,25,-8.196,18,53,-10.6977
2019,13,2019_13_LAC_DEN,LAC,DEN,0,61,0.5857,32,3.9528,29,-3.3671,25,61,0.5857
2019,13,2019_13_LA_ARI,ARI,LA,1,61,-29.5117,40,-24.7361,21,-4.7755,16,23,-10.8717
2019,13,2019_13_LA_ARI,LA,ARI,0,75,16.5508,45,22.2218,30,-5.6709,37,48,20.6865
2019,13,2019_13_MIN_SEA,MIN,SEA,0,52,-0.8732,38,1.1533,14,-2.0265,22,49,-6.7154
2019,13,2019_13_MIN_SEA,SEA,MIN,1,75,7.4374,33,-1.963,42,9.4004,40,72,8.5983
2019,13,2019_13_NE_HOU,HOU,NE,1,49,7.6704,29,12.5659,20,-4.8955,20,41,6.2958
2019,13,2019_13_NE_HOU,NE,HOU,0,80,4.2932,51,2.359,29,1.9343,32,48,-12.9525
2019,13,2019_13_NO_ATL,ATL,NO,1,85,-22.0383,59,-15.7993,26,-6.239,35,65,-20.1724
2019,13,2019_13_NO_ATL,NO,ATL,0,48,-0.3906,31,-1.2427,17,0.8521,21,42,1.6206
2019,13,2019_13_NYJ_CIN,CIN,NYJ,1,59,-1.4807,38,1.9381,21,-3.4188,24,42,7.1328
2019,13,2019_13_NYJ_CIN,NYJ,CIN,0,69,-10.7643,52,-9.571,17,-1.1934,25,42,-4.8142
2019,13,2019_13_OAK_KC,KC,LV,1,58,2.1126,30,4.8205,28,-2.7079,27,30,0.1718
2019,13,2019_13_OAK_KC,LV,KC,0,57,-4.908,32,-4.7189,25,-0.189,31,30,-10.5874
2019,13,2019_13_PHI_MIA,MIA,PHI,1,64,12.2785,45,15.9187,19,-3.6402,32,61,13.4013
2019,13,2019_13_PHI_MIA,PHI,MIA,0,67,8.7981,48,9.6457,19,-0.8476,30,67,8.7981
2019,13,2019_13_SF_BAL,BAL,SF,1,62,-0.3968,24,-1.7514,38,1.3547,30,62,-0.3968
2019,13,2019_13_SF_BAL,SF,BAL,0,52,4.9502,23,2.095,29,2.8552,22,52,4.9502
2019,13,2019_13_TB_JAX,JAX,TB,1,64,-30.4435,47,-27.0275,17,-3.416,20,32,-20.1124
2019,13,2019_13_TB_JAX,TB,JAX,0,66,-3.2603,37,-0.6322,29,-2.6281,26,27,9.9863
2019,13,2019_13_TEN_IND,IND,TEN,1,66,-5.1058,43,-3.0355,23,-2.0704,29,59,-4.0018
2019,13,2019_13_TEN_IND,TEN,IND,0,55,-4.8931,28,-5.286,27,0.3929,24,53,-4.4714
2019,13,2019_13_WAS_CAR,CAR,WAS,1,73,-7.5906,53,-4.9279,20,-2.6627,29,61,-13.6864
2019,13,2019_13_WAS_CAR,WAS,CAR,0,60,5.1799,31,-7.4548,29,12.6348,27,57,3.9357
2019,14,2019_14_BAL_BUF,BAL,BUF,0,57,-0.4552,26,0.8848,31,-1.3401,22,57,-0.4552
2019,14,2019_14_BAL_BUF,BUF,BAL,1,69,-21.9152,46,-21.1655,23,-0.7497,21,65,-27.2783
2019,14,2019_14_CAR_ATL,ATL,CAR,1,66,10.6334,35,6.0216,31,4.6118,27,47,13.6469
2019,14,2019_14_CAR_ATL,CAR,ATL,0,68,-3.2036,46,-7.0631,22,3.8595,39,41,-4.2532
2019,14,2019_14_CIN_CLE,CIN,CLE,0,70,-0.7921,39,-3.6648,31,2.8728,35,67,-2.6438
2019,14,2019_14_CIN_CLE,CLE,CIN,1,51,2.7408,25,-2.0526,26,4.7934,20,44,2.3025
2019,14,2019_14_DAL_CHI,CHI,DAL,1,66,3.0142,33,6.3253,33,-3.311,33,48,17.1874
2019,14,2019_14_DAL_CHI,DAL,CHI,0,72,5.7751,51,3.321,21,2.4541,31,39,-0.7162
2019,14,2019_14_DEN_HOU,DEN,HOU,0,54,13.7158,28,18.0622,26,-4.3464,22,23,15.0791
2019,14,2019_14_DEN_HOU,HOU,DEN,1,74,-4.3921,52,-13.9955,22,9.6033,31,33,-15.5426
2019,14,2019_14_DET_MIN,DET,MIN,0,67,-15.1513,45,-9.5118,22,-5.6394,24,38,-18.308
2019,14,2019_14_DET_MIN,MIN,DET,1,69,-3.5737,31,5.6613,38,-9.235,29,45,4.6284
2019,14,2019_14_IND_TB,IND,TB,0,60,-0.0302,38,0.0174,22,-0.0476,19,60,-0.0302
2019,14,2019_14_IND_TB,TB,IND,1,75,2.4009,50,7.9273,25,-5.5264,39,75,2.4009
2019,14,2019_14_KC_NE,KC,NE,0,67,0.5987,41,1.863,26,-1.2643,25,66,1.1182
2019,14,2019_14_KC_NE,NE,KC,1,63,-17.2964,40,-17.5515,23,0.2551,22,63,-17.2964
2019,14,2019_14_LAC_JAX,JAX,LAC,1,63,-10.0851,40,-11.0315,23,0.9463,23,30,-2.441
2019,14,2019_14_LAC_JAX,LAC,JAX,0,56,36.487,28,27.672,28,8.815,33,31,26.241
2019,14,2019_14_MIA_NYJ,MIA,NYJ,0,65,-2.3141,39,-0.1468,26,-2.1673,28,65,-2.3141
2019,14,2019_14_MIA_NYJ,NYJ,MIA,1,67,-1.39,36,7.1505,31,-8.5405,27,67,-1.39
2019,14,2019_14_NYG_PHI,NYG,PHI,0,51,-5.2768,32,-1.831,19,-3.4458,18,51,-5.2768
2019,14,2019_14_NYG_PHI,PHI,NYG,1,85,-0.4418,53,4.1409,32,-4.5828,39,85,-0.4418
2019,14,2019_14_PIT_ARI,ARI,PIT,1,57,-8.9155,35,-6.1941,22,-2.7214,23,56,-7.7853
2019,14,2019_14_PIT_ARI,PIT,ARI,0,56,-3.6927,22,6.4242,34,-10.1169,25,56,-3.6927
2019,14,2019_14_SEA_LA,LA,SEA,1,66,7.3461,32,6.4839,34,0.8622,34,54,8.5755
2019,14,2019_14_SEA_LA,SEA,LA,0,62,-7.5356,41,-6.8521,21,-0.6835,28,41,-9.8038
2019,14,2019_14_SF_NO,NO,SF,1,70,8.4601,42,14.8403,28,-6.3802,35,70,8.4601
2019,14,2019_14_SF_NO,SF,NO,0,62,21.8492,39,19.3975,23,2.4517,30,62,21.8492
2019,14,2019_14_TEN_OAK,LV,TEN,1,60,-4.0844,36,-2.9295,24,-1.1549,27,45,-1.6136
2019,14,2019_14_TEN_OAK,TEN,LV,0,58,26.4208,27,20.8976,31,5.5232,33,49,28.425
2019,14,2019_14_WAS_GB,GB,WAS,1,57,3.8597,32,-4.4394,25,8.2992,23,49,2.219
2019,14,2019_14_WAS_GB,WAS,GB,0,59,-3.3362,30,-1.2483,29,-2.0879,23,51,-8.4435
2019,15,2019_15_ATL_SF,ATL,SF,0,61,4.6217,41,6.3931,20,-1.7715,29,61,4.6217
2019,15,2019_15_ATL_SF,SF,ATL,1,62,-3.5766,35,1.9091,27,-5.4857,27,62,-3.5766
2019,15,2019_15_BUF_PIT,BUF,PIT,0,63,-9.6945,26,-2.1775,37,-7.5171,23,60,-8.6736
2019,15,2019_15_BUF_PIT,PIT,BUF,1,56,-22.4537,42,-15.7774,14,-6.6763,21,56,-22.4537
2019,15,2019_15_CHI_GB,CHI,GB,0,82,-9.713,55,-6.021,27,-3.692,34,55,-19.5814
2019,15,2019_15_CHI_GB,GB,CHI,1,58,-5.7988,34,-4.5781,24,-1.2207,19,43,3.5363
2019,15,2019_15_CLE_ARI,ARI,CLE,1,59,16.8651,25,8.266,34,8.5991,34,47,14.2478
2019,15,2019_15_CLE_ARI,CLE,ARI,0,66,6.8699,43,-1.111,23,7.9809,34,47,4.2372
2019,15,2019_15_DEN_KC,DEN,KC,0,57,-14.9318,42,-11.6844,15,-3.2474,17,25,-3.2396
2019,15,2019_15_DEN_KC,KC,DEN,1,63,8.3535,39,10.1558,24,-1.8023,31,43,11.6231
2019,15,2019_15_HOU_TEN,HOU,TEN,0,63,7.8281,28,4.8431,35,2.985,28,59,10.7109
2019,15,2019_15_HOU_TEN,TEN,HOU,1,65,6.3189,38,1.0467,27,5.2722,29,58,0.2997
2019,15,2019_15_IND_NO,IND,NO,0,52,-11.0614,35,-9.2985,17,-1.7629,17,25,-6.6661
2019,15,2019_15_IND_NO,NO,IND,1,60,15.3924,30,21.4534,30,-6.0609,33,30,10.3275
2019,15,2019_15_JAX_OAK,JAX,LV,0,53,0.5816,31,5.1977,22,-4.6162,20,53,0.5816
2019,15,2019_15_JAX_OAK,LV,JAX,1,72,2.9689,40,4.5409,32,-1.572,33,72,2.9689
2019,15,2019_15_LA_DAL,DAL,LA,1,67,20.892,23,7.5467,44,13.3453,36,38,17.2054
2019,15,2019_15_LA_DAL,LA,DAL,0,69,-6.5015,55,-4.1841,14,-2.3174,32,26,-6.6147
2019,15,2019_15_MIA_NYG,MIA,NYG,0,69,-4.7995,44,0.8965,25,-5.696,28,50,-5.1579
2019,15,2019_15_MIA_NYG,NYG,MIA,1,63,4.01,30,1.7793,33,2.2307,31,49,2.3415
2019,15,2019_15_MIN_LAC,LAC,MIN,1,61,-27.7103,42,-17.3957,19,-10.3146,28,49,-19.014
2019,15,2019_15_MIN_LAC,MIN,LAC,0,59,5.5635,25,6.1978,34,-0.6343,24,41,-3.6379
2019,15,2019_15_NE_CIN,CIN,NE,1,62,-14.6459,31,-12.4726,31,-2.1733,26,44,-9.16
2019,15,2019_15_NE_CIN,NE,CIN,0,61,2.5178,31,-2.4328,30,4.9507,25,42,3.0324
2019,15,2019_15_NYJ_BAL,BAL,NYJ,1,59,24.4228,25,16.2547,34,8.1681,30,33,12.0147
2019,15,2019_15_NYJ_BAL,NYJ,BAL,0,58,-8.9364,34,-6.9406,24,-1.9958,25,42,-7.3059
2019,15,2019_15_PHI_WAS,PHI,WAS,0,73,15.5151,45,8.3435,28,7.1716,39,73,15.5151
2019,15,2019_15_PHI_WAS,WAS,PHI,1,51,0.6905,29,2.3106,22,-1.6202,23,51,0.6905
2019,15,2019_15_SEA_CAR,CAR,SEA,1,71,1.0118,42,-3.9304,29,4.9422,38,60,-7.1004
2019,15,2019_15_SEA_CAR,SEA,CAR,0,61,16.7731,29,15.3284,32,1.4447,29,45,12.9005
2019,15,2019_15_TB_DET,DET,TB,1,62,-22.9596,45,-22.4013,17,-0.5583,22,54,-14.2634
2019,15,2019_15_TB_DET,TB,DET,0,69,17.6287,44,25.1975,25,-7.5688,30,63,13.9456
2019,16,2019_16_ARI_SEA,ARI,SEA,0,67,10.205,29,0.134,38,10.071,30,57,9.179
2019,16,2019_16_ARI_SEA,SEA,ARI,1,56,-13.8317,36,-9.7249,20,-4.1068,20,50,-9.6662
2019,16,2019_16_BAL_CLE,BAL,CLE,0,69,19.0313,31,11.638,38,7.3934,38,56,15.7929
2019,16,2019_16_BAL_CLE,CLE,BAL,1,53,-7.2144,35,-0.428,18,-6.7863,20,47,-8.8883
2019,16,2019_16_BUF_NE,BUF,NE,0,53,0.7742,30,2.7944,23,-2.0202,20,53,0.7742
2019,16,2019_16_BUF_NE,NE,BUF,1,67,6.7462,34,6.0868,33,0.6594,36,67,6.7462
2019,16,2019_16_CAR_IND,CAR,IND,0,71,-13.4466,50,-9.5539,21,-3.8927,26,41,-6.7168
2019,16,2019_16_CAR_IND,IND,CAR,1,59,6.289,30,-7.468,29,13.757,29,24,7.1448
2019,16,2019_16_CIN_MIA,CIN,MIA,0,87,4.855,61,12.6345,26,-7.7794,33,47,-12.8825
2019,16,2019_16_CIN_MIA,MIA,CIN,1,84,15.0761,54,18.0736,30,-2.9975,36,58,11.2172
2019,16,2019_16_DAL_PHI,DAL,PHI,0,62,-9.84,46,-4.595,16,-5.2449,28,61,-13.6734
2019,16,2019_16_DAL_PHI,PHI,DAL,1,70,3.4124,41,8.3129,29,-4.9004,33,64,3.1121
2019,16,2019_16_DET_DEN,DEN,DET,1,65,10.1598,34,7.3425,31,2.8174,29,59,10.9615
2019,16,2019_16_DET_DEN,DET,DEN,0,49,-4.4727,28,-5.2028,21,0.7301,19,43,-0.6179
2019,16,2019_16_GB_MIN,GB,MIN,0,73,-11.723,44,-16.7669,29,5.0439,36,70,-9.9806
2019,16,2019_16_GB_MIN,MIN,GB,1,53,-29.0258,37,-24.7054,16,-4.3203,14,42,-22.5816
2019,16,2019_16_HOU_TB,HOU,TB,0,62,-15.1638,37,-7.3869,25,-7.777,20,59,-12.8128
2019,16,2019_16_HOU_TB,TB,HOU,1,72,-14.7362,51,-5.35,21,-9.3862,29,72,-14.7362
2019,16,2019_16_JAX_ATL,ATL,JAX,1,70,12.8975,46,10.3044,24,2.5931,36,57,16.0099
2019,16,2019_16_JAX_ATL,JAX,ATL,0,59,-2.2029,36,-2.6796,23,0.4767,22,48,-11.4601
2019,16,2019_16_KC_CHI,CHI,KC,1,58,-14.4045,36,-13.8787,22,-0.5258,19,41,-7.582
2019,16,2019_16_KC_CHI,KC,CHI,0,62,12.0074,34,13.7316,28,-1.7242,28,39,7.4807
2019,16,2019_16_LA_SF,LA,SF,0,70,3.351,46,3.813,24,-0.462,31,70,3.351
2019,16,2019_16_LA_SF,SF,LA,1,54,-3.6981,33,-7.0112,21,3.3131,22,54,-3.6981
2019,16,2019_16_NO_TEN,NO,TEN,0,63,10.402,43,7.8743,20,2.5277,28,63,10.402
2019,16,2019_16_NO_TEN,TEN,NO,1,58,2.811,32,0.5455,26,2.2655,26,53,4.0496
2019,16,2019_16_NYG_WAS,NYG,WAS,0,69,31.6496,43,25.3746,26,6.275,36,67,33.5161
2019,16,2019_16_NYG_WAS,WAS,NYG,1,67,10.0116,41,14.1422,26,-4.1306,29,67,10.0116
2019,16,2019_16_OAK_LAC,LAC,LV,1,55,1.4036,40,4.6298,15,-3.2262,24,50,-1.9592
2019,16,2019_16_OAK_LAC,LV,LAC,0,62,9.7044,33,14.5176,29,-4.8132,28,55,14.3755
2019,16,2019_16_PIT_NYJ,NYJ,PIT,1,59,-12.1552,28,-5.2456,31,-6.9096,19,56,-10.3635
2019,16,2019_16_PIT_NYJ,PIT,NYJ,0,66,-11.6305,41,-4.4954,25,-7.1351,19,66,-11.6305
2019,17,2019_17_ARI_LA,ARI,LA,0,60,-1.4062,43,7.4179,17,-8.8241,27,55,-3.7341
2019,17,2019_17_ARI_LA,LA,ARI,1,78,7.455,46,14.8377,32,-7.3826,34,75,8.7829
2019,17,2019_17_ATL_TB,ATL,TB,0,86,-14.9367,57,-6.2568,29,-8.6799,36,86,-14.9367
2019,17,2019_17_ATL_TB,TB,ATL,1,47,-9.4496,25,-6.6493,22,-2.8003,19,47,-9.4496
2019,17,2019_17_CHI_MIN,CHI,MIN,0,75,-2.2451,41,-1.7912,34,-0.4539,35,75,-2.2451
2019,17,2019_17_CHI_MIN,MIN,CHI,1,47,-6.436,21,-4.0609,26,-2.3751,18,47,-6.436
2019,17,2019_17_CLE_CIN,CIN,CLE,1,65,9.3219,29,6.0864,36,3.2354,29,63,10.328
2019,17,2019_17_CLE_CIN,CLE,CIN,0,53,1.2459,33,2.1773,20,-0.9314,21,46,-1.7612
2019,17,2019_17_GB_DET,DET,GB,1,56,-8.1127,31,-13.5724,25,5.4597,22,56,-8.1127
2019,17,2019_17_GB_DET,GB,DET,0,85,5.7917,56,7.5782,29,-1.7865,34,85,5.7917
2019,17,2019_17_IND_JAX,IND,JAX,0,55,-7.7044,28,-6.353,27,-1.3514,24,51,-2.7055
2019,17,2019_17_IND_JAX,JAX,IND,1,64,9.1864,43,10.1255,21,-0.9391,34,55,5.291
2019,17,2019_17_LAC_KC,KC,LAC,1,46,9.4155,25,-2.1406,21,11.5561,20,46,9.4155
2019,17,2019_17_LAC_KC,LAC,KC,0,74,9.5634,49,8.9804,25,0.583,35,67,12.2518
2019,17,2019_17_MIA_NE,MIA,NE,0,68,9.5008,46,10.1985,22,-0.6977,33,68,9.5008
2019,17,2019_17_MIA_NE,NE,MIA,1,57,2.0861,30,0.1522,27,1.934,24,57,2.0861
2019,17,2019_17_NO_CAR,CAR,NO,1,69,-23.5,51,-12.0975,18,-11.4024,27,16,-23.3078
2019,17,2019_17_NO_CAR,NO,CAR,0,63,16.6406,32,19.5206,31,-2.88,32,32,7.0786
2019,17,2019_17_NYJ_BUF,BUF,NYJ,1,60,-15.2572,40,-11.5876,20,-3.6695,22,54,-18.0078
2019,17,2019_17_NYJ_BUF,NYJ,BUF,0,63,-6.8604,38,1.8269,25,-8.6873,25,63,-6.8604
2019,17,2019_17_OAK_DEN,DEN,LV,1,56,-6.7587,30,4.858,26,-11.6166,26,49,-0.2361
2019,17,2019_17_OAK_DEN,LV,DEN,0,70,-1.7532,48,4.4969,22,-6.2501,24,69,-6.1817
2019,17,2019_17_PHI_NYG,NYG,PHI,1,72,-17.9056,51,-8.7341,21,-9.1716,27,53,-15.1966
2019,17,2019_17_PHI_NYG,PHI,NYG,0,72,4.8596,41,5.7563,31,-0.8966,28,66,7.4665
2019,17,2019_17_PIT_BAL,BAL,PIT,1,68,-7.3661,24,-7.2721,44,-0.094,29,60,-4.7354
2019,17,2019_17_PIT_BAL,PIT,BAL,0,49,-20.686,27,-13.8919,22,-6.7941,14,44,-11.4463
2019,17,2019_17_SF_SEA,SEA,SF,1,70,7.4571,40,11.3154,30,-3.8583,32,70,7.4571
2019,17,2019_17_SF_SEA,SF,SEA,0,49,18.3743,25,14.2766,24,4.0977,27,48,18.265
2019,17,2019_17_TEN_HOU,HOU,TEN,1,65,-2.2497,40,-3.6367,25,1.387,28,51,4.2977
2019,17,2019_17_TEN_HOU,TEN,HOU,0,57,28.5849,21,15.5601,36,13.0248,35,47,24.9717
2019,17,2019_17_WAS_DAL,DAL,WAS,1,71,14.3078,36,8.374,35,5.9338,31,50,3.8608
2019,17,2019_17_WAS_DAL,WAS,DAL,0,59,-26.6046,39,-23.8989,20,-2.7057,20,48,-19.3937
2020,1,2020_01_ARI_SF,ARI,SF,0,75,5.506,41,-3.575,34,9.081,35,73,5.5828
2020,1,2020_01_ARI_SF,SF,ARI,1,61,-2.8327,36,0.377,25,-3.2097,29,61,-2.8327
2020,1,2020_01_CHI_DET,CHI,DET,0,65,7.2382,37,2.5097,28,4.7285,33,59,2.1853
2020,1,2020_01_CHI_DET,DET,CHI,1,71,-0.9085,42,2.1113,29,-3.0198,29,60,1.4137
2020,1,2020_01_CLE_BAL,BAL,CLE,1,57,11.6343,28,13.7606,29,-2.1264,27,33,11.4508
2020,1,2020_01_CLE_BAL,CLE,BAL,0,67,-16.4293,41,-10.6468,26,-5.7825,25,42,-5.9866
2020,1,2020_01_DAL_LA,DAL,LA,0,69,-1.3687,42,-5.0305,27,3.6617,32,69,-1.3687
2020,1,2020_01_DAL_LA,LA,DAL,1,71,4.1317,32,4.943,39,-0.8113,31,71,4.1317
2020,1,2020_01_GB_MIN,GB,MIN,0,74,23.5101,44,17.968,30,5.5421,40,64,16.1783
2020,1,2020_01_GB_MIN,MIN,GB,1,51,15.066,27,6.6637,24,8.4023,32,30,-3.4726
2020,1,2020_01_HOU_KC,HOU,KC,0,58,8.837,37,3.5179,21,5.3191,30,34,3.202
2020,1,2020_01_HOU_KC,KC,HOU,1,67,14.3226,33,13.9878,34,0.3348,35,45,17.7543
2020,1,2020_01_IND_JAX,IND,JAX,0,69,1.7786,47,7.9283,22,-6.1497,33,69,1.7786
2020,1,2020_01_IND_JAX,JAX,IND,1,46,6.1541,24,8.4922,22,-2.3381,23,46,6.1541
2020,1,2020_01_LAC_CIN,CIN,LAC,1,66,-14.2999,38,-5.8202,28,-8.4796,28,66,-14.2999
2020,1,2020_01_LAC_CIN,LAC,CIN,0,70,-6.2188,32,-0.1912,38,-6.0276,26,70,-6.2188
2020,1,2020_01_LV_CAR,CAR,LV,1,66,8.015,36,6.3769,30,1.638,30,66,8.015
2020,1,2020_01_LV_CAR,LV,CAR,0,61,15.0757,30,10.7775,31,4.2982,34,58,16.6553
2020,1,2020_01_MIA_NE,MIA,NE,0,58,-9.9986,31,-8.4276,27,-1.571,29,58,-9.9986
2020,1,2020_01_MIA_NE,NE,MIA,1,62,10.1845,21,-3.4059,41,13.5904,38,59,16.6908
2020,1,2020_01_NYJ_BUF,BUF,NYJ,1,79,2.6629,49,13.801,30,-11.1382,37,44,6.037
2020,1,2020_01_NYJ_BUF,NYJ,BUF,0,51,-8.8427,36,-9.061,15,0.2183,19,31,-16.3084
2020,1,2020_01_PHI_WAS,PHI,WAS,0,67,-20.4909,50,-19.576,17,-0.9149,25,64,-20.4927
2020,1,2020_01_PHI_WAS,WAS,PHI,1,67,-10.5058,34,-3.4586,33,-7.0473,19,61,-6.0179
2020,1,2020_01_PIT_NYG,NYG,PIT,1,64,-9.1826,45,-1.2848,19,-7.8977,25,50,-13.9061
2020,1,2020_01_PIT_NYG,PIT,NYG,0,63,11.6301,34,15.101,29,-3.4709,25,56,10.0758
2020,1,2020_01_SEA_ATL,ATL,SEA,1,78,-0.9112,57,6.0938,21,-7.0051,36,57,-6.6039
2020,1,2020_01_SEA_ATL,SEA,ATL,0,57,18.4017,38,19.5702,19,-1.1685,27,40,11.8914
2020,1,2020_01_TB_NO,NO,TB,1,65,-14.2161,32,-0.639,33,-13.5771,20,50,-7.1134
2020,1,2020_01_TB_NO,TB,NO,0,66,-10.3543,40,-10.4439,26,0.0895,28,50,-13.532
2020,1,2020_01_TEN_DEN,DEN,TEN,1,59,-5.0069,33,-6.8716,26,1.8647,24,59,-5.0069
2020,1,2020_01_TEN_DEN,TEN,DEN,0,78,8.1722,44,9.9008,34,-1.7286,41,78,8.1722
2020,2,2020_02_ATL_DAL,ATL,DAL,0,73,8.2068,39,12.1678,34,-3.9609,31,62,11.4257
2020,2,2020_02_ATL_DAL,DAL,ATL,1,81,5.4632,49,8.6257,32,-3.1625,43,70,0.7386
2020,2,2020_02_BAL_HOU,BAL,HOU,0,62,13.053,28,5.5736,34,7.4794,28,49,9.863
2020,2,2020_02_BAL_HOU,HOU,BAL,1,56,-11.4785,39,-6.9791,17,-4.4994,23,44,-10.5331
2020,2,2020_02_BUF_MIA,BUF,MIA,0,57,22.4487,36,23.4383,21,-0.9896,28,57,22.4487
2020,2,2020_02_BUF_MIA,MIA,BUF,1,72,11.28,50,7.31,22,3.97,36,64,5.8861
2020,2,2020_02_CAR_TB,CAR,TB,0,71,-10.2921,47,-8.2408,24,-2.0513,33,59,-7.2914
2020,2,2020_02_CAR_TB,TB,CAR,1,57,-1.1244,35,0.5244,22,-1.6488,23,54,1.5373
2020,2,2020_02_CIN_CLE,CIN,CLE,0,87,6.1856,63,10.864,24,-4.6785,40,70,-2.7717
2020,2,2020_02_CIN_CLE,CLE,CIN,1,56,19.2562,23,10.9916,33,8.2646,30,53,22.9177
2020,2,2020_02_DEN_PIT,DEN,PIT,0,73,-13.6425,47,-11.0602,26,-2.5823,26,73,-13.6425
2020,2,2020_02_DEN_PIT,PIT,DEN,1,62,-6.6036,42,1.1079,20,-7.7115,26,59,-0.3722
2020,2,2020_02_DET_GB,DET,GB,0,58,-2.0625,37,-6.0248,21,3.9623,27,42,-1.7463
2020,2,2020_02_DET_GB,GB,DET,1,65,26.3632,31,14.7732,34,11.59,34,40,19.1739
2020,2,2020_02_JAX_TEN,JAX,TEN,0,74,18.8273,47,11.3792,27,7.4481,41,74,18.8273
2020,2,2020_02_JAX_TEN,TEN,JAX,1,57,15.3119,25,18.0335,32,-2.7216,32,57,15.3119
2020,2,2020_02_KC_LAC,KC,LAC,0,71,8.3905,49,3.6993,22,4.6912,30,71,8.3905
2020,2,2020_02_KC_LAC,LAC,KC,1,78,3.1334,34,2.717,44,0.4164,38,78,3.1334
2020,2,2020_02_LA_PHI,LA,PHI,0,64,28.0169,28,21.1968,36,6.8201,36,52,22.8896
2020,2,2020_02_LA_PHI,PHI,LA,1,70,-6.4832,43,-9.3058,27,2.8226,34,67,-6.0701
2020,2,2020_02_MIN_IND,IND,MIN,1,64,4.2329,27,2.8611,37,1.3718,32,44,-3.171
2020,2,2020_02_MIN_IND,MIN,IND,0,47,-13.3633,28,-13.0466,19,-0.3167,15,35,-17.2758
2020,2,2020_02_NE_SEA,NE,SEA,0,70,13.4128,45,20.7895,25,-7.3767,34,65,8.9711
2020,2,2020_02_NE_SEA,SEA,NE,1,60,13.028,30,10.462,30,2.566,35,60,13.028
2020,2,2020_02_NO_LV,LV,NO,1,76,8.8137,41,14.4086,35,-5.595,37,73,9.9897
2020,2,2020_02_NO_LV,NO,LV,0,57,10.2066,38,3.8463,19,6.3602,32,47,9.0392
2020,2,2020_02_NYG_CHI,CHI,NYG,1,64,-0.9804,32,1.774,32,-2.7544,25,61,1.9539
2020,2,2020_02_NYG_CHI,NYG,CHI,0,60,-6.1939,42,-8.6789,18,2.485,31,59,-7.7474
2020,2,2020_02_SF_NYJ,NYJ,SF,1,61,-12.1214,33,-2.7484,28,-9.3731,23,38,-6.8634
2020,2,2020_02_SF_NYJ,SF,NYJ,0,57,10.3634,30,7.5516,27,2.8117,23,35,18.2514
2020,2,2020_02_WAS_ARI,ARI,WAS,1,73,8.2692,41,3.7619,32,4.5072,29,31,3.7953
2020,2,2020_02_WAS_ARI,WAS,ARI,0,62,-4.4482,38,-8.5263,24,4.0782,28,30,-12.0295
2020,3,2020_03_CAR_LAC,CAR,LAC,0,51,-5.1548,30,2.7246,21,-7.8793,20,51,-5.1548
2020,3,2020_03_CAR_LAC,LAC,CAR,1,74,-8.9469,51,-2.294,23,-6.6529,34,74,-8.9469
2020,3,2020_03_CHI_ATL,ATL,CHI,1,64,-1.9226,40,-7.0755,24,5.1529,25,47,3.6732
2020,3,2020_03_CHI_ATL,CHI,ATL,0,76,2.0239,54,-0.7517,22,2.7756,34,59,-1.6219
2020,3,2020_03_CIN_PHI,CIN,PHI,0,69,-0.0952,52,3.7585,17,-3.8537,30,68,-0.1218
2020,3,2020_03_CIN_PHI,PHI,CIN,1,86,-3.3454,50,-8.4016,36,5.0562,31,86,-3.3454
2020,3,2020_03_DAL_SEA,DAL,SEA,0,80,10.7405,60,7.7523,20,2.9882,37,80,10.7405
2020,3,2020_03_DAL_SEA,SEA,DAL,1,70,5.0943,45,6.3904,25,-1.2961,27,70,5.0943
2020,3,2020_03_DET_ARI,ARI,DET,1,63,-0.2123,36,-4.1496,27,3.9373,34,63,-0.2123
2020,3,2020_03_DET_ARI,DET,ARI,0,62,1.9825,35,6.2532,27,-4.2707,26,62,1.9825
2020,3,2020_03_GB_NO,GB,NO,0,58,11.5034,33,10.8885,25,0.615,30,58,11.5034
2020,3,2020_03_GB_NO,NO,GB,1,57,7.1539,37,11.0261,20,-3.8722,26,50,5.1555
2020,3,2020_03_HOU_PIT,HOU,PIT,0,47,2.0613,32,7.0137,15,-4.9524,17,47,2.0613
2020,3,2020_03_HOU_PIT,PIT,HOU,1,73,11.3434,39,9.644,34,1.6993,37,70,9.4318
2020,3,2020_03_KC_BAL,BAL,KC,1,52,-6.1522,32,-14.926,20,8.7738,21,50,-4.6522
2020,3,2020_03_KC_BAL,KC,BAL,0,73,23.5058,42,31.3778,31,-7.872,40,61,26.7323
2020,3,2020_03_LA_BUF,BUF,LA,1,58,11.3122,37,8.4551,21,2.8571,30,49,9.9794
2020,3,2020_03_LA_BUF,LA,BUF,0,67,22.2403,35,12.6792,32,9.5612,40,56,10.1809
2020,3,2020_03_LV_NE,LV,NE,0,56,-4.1919,34,-2.2535,22,-1.9383,29,45,-3.5286
2020,3,2020_03_LV_NE,NE,LV,1,65,9.0685,30,-4.4618,35,13.5303,32,58,6.4065
2020,3,2020_03_MIA_JAX,JAX,MIA,1,63,-10.0295,46,-9.5699,17,-0.4595,29,37,-5.8046
2020,3,2020_03_MIA_JAX,MIA,JAX,0,56,9.9681,21,8.7245,35,1.2436,25,39,16.2516
2020,3,2020_03_NYJ_IND,IND,NYJ,1,54,7.0171,25,9.5308,29,-2.5137,24,40,10.284
2020,3,2020_03_NYJ_IND,NYJ,IND,0,60,-25.4693,31,-22.881,29,-2.5883,21,40,-10.033
2020,3,2020_03_SF_NYG,NYG,SF,1,49,-15.7662,34,-6.7254,15,-9.0408,16,36,-14.0859
2020,3,2020_03_SF_NYG,SF,NYG,0,71,22.3517,39,24.0023,32,-1.6506,35,51,12.9792
2020,3,2020_03_TB_DEN,DEN,TB,1,59,-16.2522,45,-13.5305,14,-2.7217,18,40,-12.3704
2020,3,2020_03_TB_DEN,TB,DEN,0,62,11.7554,40,11.5597,22,0.1957,30,48,10.379
2020,3,2020_03_TEN_MIN,MIN,TEN,1,63,2.7342,30,3.1809,33,-0.4467,28,63,2.7342
2020,3,2020_03_TEN_MIN,TEN,MIN,0,72,0.5028,40,-2.013,32,2.5158,36,72,0.5028
2020,3,2020_03_WAS_CLE,CLE,WAS,1,62,4.5741,25,8.5491,37,-3.975,26,53,6.026
2020,3,2020_03_WAS_CLE,WAS,CLE,0,62,-7.1555,40,-6.5557,22,-0.5998,25,59,-8.7272
2020,4,2020_04_ARI_CAR,ARI,CAR,0,55,4.3765,32,1.2152,23,3.1613,27,38,-3.9851
2020,4,2020_04_ARI_CAR,CAR,ARI,1,69,20.1646,37,12.5813,32,7.5833,33,44,16.4016
2020,4,2020_04_ATL_GB,ATL,GB,0,68,2.6123,43,1.5016,25,1.1107,33,40,1.0462
2020,4,2020_04_ATL_GB,GB,ATL,1,59,16.9658,34,25.9076,25,-8.9418,33,47,19.6051
2020,4,2020_04_BAL_WAS,BAL,WAS,0,54,14.8434,24,11.9561,30,2.8874,24,36,15.8535
2020,4,2020_04_BAL_WAS,WAS,BAL,1,70,-2.1561,48,-4.613,22,2.4569,32,45,-5.5573
2020,4,2020_04_BUF_LV,BUF,LV,0,57,15.455,35,18.5737,22,-3.1187,27,48,20.9468
2020,4,2020_04_BUF_LV,LV,BUF,1,68,-1.4104,45,5.9981,23,-7.4085,34,54,-2.6152
2020,4,2020_04_CLE_DAL,CLE,DAL,0,70,26.9979,32,10.112,38,16.8859,40,49,32.5733
2020,4,2020_04_CLE_DAL,DAL,CLE,1,82,12.3889,62,11.3408,20,1.0481,48,42,1.9922
2020,4,2020_04_DEN_NYJ,DEN,NYJ,0,58,2.3051,31,1.2041,27,1.101,24,58,2.3051
2020,4,2020_04_DEN_NYJ,NYJ,DEN,1,75,-13.1929,51,-14.7359,24,1.543,26,71,-9.0769
2020,4,2020_04_IND_CHI,CHI,IND,1,59,-8.8849,43,-4.5633,16,-4.3216,19,50,-16.7304
2020,4,2020_04_IND_CHI,IND,CHI,0,65,-0.0834,30,6.719,35,-6.8024,23,49,1.2163
2020,4,2020_04_JAX_CIN,CIN,JAX,1,69,17.0975,37,8.8908,32,8.2067,36,59,17.768
2020,4,2020_04_JAX_CIN,JAX,CIN,0,63,10.3656,43,11.477,20,-1.1114,30,54,6.6988
2020,4,2020_04_LAC_TB,LAC,TB,0,49,5.8706,27,13.6532,22,-7.7826,17,49,5.8706
2020,4,2020_04_LAC_TB,TB,LAC,1,70,12.1826,46,12.6856,24,-0.503,37,68,12.5039
2020,4,2020_04_MIN_HOU,HOU,MIN,1,62,1.518,36,7.3879,26,-5.8699,30,51,-7.1513
2020,4,2020_04_MIN_HOU,MIN,HOU,0,63,16.0567,25,9.8716,38,6.1851,35,58,18.2672
2020,4,2020_04_NE_KC,KC,NE,1,52,2.8553,30,1.9264,22,0.9289,23,49,4.4327
2020,4,2020_04_NE_KC,NE,KC,0,74,-15.6065,39,-18.936,35,3.3295,30,57,-12.4028
2020,4,2020_04_NO_DET,DET,NO,1,57,3.7015,35,2.1837,22,1.5177,24,44,-3.9234
2020,4,2020_04_NO_DET,NO,DET,0,66,19.1751,27,10.5548,39,8.6203,39,56,23.5196
2020,4,2020_04_NYG_LA,LA,NYG,1,54,-5.4171,34,-5.7968,20,0.3798,23,51,-3.2098
2020,4,2020_04_NYG_LA,NYG,LA,0,66,-11.6071,41,-12.5093,25,0.9022,24,66,-11.6071
2020,4,2020_04_PHI_SF,PHI,SF,0,60,-4.5409,32,-2.1495,28,-2.3915,26,59,-4.1199
2020,4,2020_04_PHI_SF,SF,PHI,1,70,-6.0092,50,-9.4663,20,3.4571,31,70,-6.0092
2020,4,2020_04_SEA_MIA,MIA,SEA,1,69,4.5603,47,3.6403,22,0.92,38,60,-2.5665
2020,4,2020_04_SEA_MIA,SEA,MIA,0,59,13.9009,36,10.8542,23,3.0467,34,54,10.2623
2020,5,2020_05_ARI_NYJ,ARI,NYJ,0,65,16.7483,38,12.5556,27,4.1927,34,54,9.6566
2020,5,2020_05_ARI_NYJ,NYJ,ARI,1,64,-8.6095,36,-4.6095,28,-4.0,25,51,-5.6388
2020,5,2020_05_BUF_TEN,BUF,TEN,0,69,1.4386,48,-1.1179,21,2.5565,35,47,-5.4129
2020,5,2020_05_BUF_TEN,TEN,BUF,1,62,17.8071,28,13.8888,34,3.9183,31,44,9.5546
2020,5,2020_05_CAR_ATL,ATL,CAR,1,61,3.1942,38,-3.9689,23,7.1631,29,55,2.1185
2020,5,2020_05_CAR_ATL,CAR,ATL,0,62,15.5644,36,16.7852,26,-1.2208,34,57,17.4226
2020,5,2020_05_CIN_BAL,BAL,CIN,1,61,-4.2293,38,-5.0722,23,0.8428,24,43,1.3384
2020,5,2020_05_CIN_BAL,CIN,BAL,0,65,-32.2882,37,-23.6775,28,-8.6107,18,37,-22.5445
2020,5,2020_05_IND_CLE,CLE,IND,1,72,2.6545,39,4.0224,33,-1.3679,32,68,8.2261
2020,5,2020_05_IND_CLE,IND,CLE,0,51,-2.2733,34,-6.8628,17,4.5895,24,49,-2.2347
2020,5,2020_05_JAX_HOU,HOU,JAX,1,58,11.6455,36,11.2487,22,0.3968,29,52,14.4191
2020,5,2020_05_JAX_HOU,JAX,HOU,0,73,-3.8116,53,-3.8825,20,0.0709,30,60,-5.4119
2020,5,2020_05_LAC_NO,LAC,NO,0,68,1.0322,37,6.5131,31,-5.4809,27,68,1.0322
2020,5,2020_05_LAC_NO,NO,LAC,1,75,-2.9807,50,-0.7095,25,-2.2712,34,75,-2.9807
2020,5,2020_05_LA_WAS,LA,WAS,0,64,6.752,31,12.4816,33,-5.7296,27,48,7.0269
2020,5,2020_05_LA_WAS,WAS,LA,1,52,-22.8926,38,-23.2942,14,0.4016,13,43,-15.976
2020,5,2020_05_LV_KC,KC,LV,1,67,11.069,47,11.4974,20,-0.4284,27,58,4.0077
2020,5,2020_05_LV_KC,LV,KC,0,65,20.5592,32,16.9309,33,3.6283,31,58,19.5924
2020,5,2020_05_MIA_SF,MIA,SF,0,61,20.4899,30,23.5286,31,-3.0387,30,35,17.9003
2020,5,2020_05_MIA_SF,SF,MIA,1,59,-17.9316,40,-20.5345,19,2.6029,26,29,-7.8649
2020,5,2020_05_MIN_SEA,MIN,SEA,0,84,7.8299,42,11.7041,42,-3.8742,40,83,11.4395
2020,5,2020_05_MIN_SEA,SEA,MIN,1,53,3.5969,37,0.851,16,2.7459,22,53,3.5969
2020,5,2020_05_NYG_DAL,DAL,NYG,1,64,1.8695,35,3.7896,29,-1.9201,37,64,1.8695
2020,5,2020_05_NYG_DAL,NYG,DAL,0,62,0.1531,36,-0.9282,26,1.0813,27,62,0.1531
2020,5,2020_05_PHI_PIT,PHI,PIT,0,58,8.3139,42,6.4291,16,1.8848,24,54,5.2162
2020,5,2020_05_PHI_PIT,PIT,PHI,1,65,14.0285,35,13.1516,30,0.8769,26,62,14.9428
2020,5,2020_05_TB_CHI,CHI,TB,1,58,-7.0741,45,-4.6268,13,-2.4473,23,58,-7.0741
2020,5,2020_05_TB_CHI,TB,CHI,0,63,-0.8311,44,-2.6236,19,1.7925,22,63,-0.8311
2020,6,2020_06_ARI_DAL,ARI,DAL,0,59,19.1369,25,1.427,34,17.7099,27,37,12.0454
2020,6,2020_06_ARI_DAL,DAL,ARI,1,84,-14.8382,57,-8.7473,27,-6.0908,33,42,-13.8737
2020,6,2020_06_ATL_MIN,ATL,MIN,0,78,14.2656,42,30.4416,36,-16.176,36,45,8.9513
2020,6,2020_06_ATL_MIN,MIN,ATL,1,52,-5.7023,39,1.3309,13,-7.0332,25,24,-19.2365
2020,6,2020_06_BAL_PHI,BAL,PHI,0,65,5.2765,30,1.9189,35,3.3576,26,58,8.7737
2020,6,2020_06_BAL_PHI,PHI,BAL,1,68,-6.6768,48,-5.3743,20,-1.3026,25,39,-12.8644
2020,6,2020_06_CHI_CAR,CAR,CHI,1,62,-17.4687,33,-9.1135,29,-8.3551,19,62,-17.4687
2020,6,2020_06_CHI_CAR,CHI,CAR,0,60,0.1125,38,0.9274,22,-0.8149,24,57,1.2145
2020,6,2020_06_CIN_IND,CIN,IND,0,72,14.5567,41,14.3935,31,0.1632,33,72,14.5567
2020,6,2020_06_CIN_IND,IND,CIN,1,59,12.837,45,13.4301,14,-0.5931,30,59,12.837
2020,6,2020_06_CLE_PIT,CLE,PIT,0,54,-27.8056,32,-17.6379,22,-10.1677,20,28,-19.7541
2020,6,2020_06_CLE_PIT,PIT,CLE,1,58,7.4224,25,0.4937,33,6.9287,28,32,5.4138
2020,6,2020_06_DEN_NE,DEN,NE,0,60,-8.0818,26,-4.9887,34,-3.0931,22,53,-2.944
2020,6,2020_06_DEN_NE,NE,DEN,1,56,-15.5669,31,-15.707,25,0.1401,24,52,-15.4135
2020,6,2020_06_DET_JAX,DET,JAX,0,67,11.6344,31,4.1489,36,7.4855,30,46,9.5839
2020,6,2020_06_DET_JAX,JAX,DET,1,61,-7.7609,46,-6.6363,15,-1.1246,20,38,-13.0738
2020,6,2020_06_GB_TB,GB,TB,0,61,-18.2488,40,-17.3512,21,-0.8976,21,38,-9.3335
2020,6,2020_06_GB_TB,TB,GB,1,61,7.4137,28,6.0041,33,1.4096,25,31,11.1103
2020,6,2020_06_HOU_TEN,HOU,TEN,0,67,18.6554,40,20.0174,27,-1.362,32,67,18.6554
2020,6,2020_06_HOU_TEN,TEN,HOU,1,71,29.2549,44,17.3985,27,11.8564,37,71,29.2549
2020,6,2020_06_KC_BUF,BUF,KC,1,50,-1.3688,27,-3.1108,23,1.742,21,47,0.5919
2020,6,2020_06_KC_BUF,KC,BUF,0,71,23.5901,27,15.133,44,8.4571,44,69,25.1075
2020,6,2020_06_LA_SF,LA,SF,0,57,1.0643,38,-3.3469,19,4.4112,24,44,-3.9917
2020,6,2020_06_LA_SF,SF,LA,1,68,7.7676,33,12.8066,35,-5.039,28,52,11.4503
2020,6,2020_06_NYJ_MIA,MIA,NYJ,1,56,-4.1477,31,-4.4815,25,0.3338,26,26,5.0883
2020,6,2020_06_NYJ_MIA,NYJ,MIA,0,69,-22.5138,47,-18.1575,22,-4.3563,23,29,-15.4291
2020,6,2020_06_WAS_NYG,NYG,WAS,1,44,-0.1093,20,-0.3075,24,0.1982,18,44,-0.1093
2020,6,2020_06_WAS_NYG,WAS,NYG,0,70,-0.39,46,-0.7792,24,0.3892,31,70,-0.39
2020,7,2020_07_BUF_NYJ,BUF,NYJ,0,70,9.2329,45,6.2628,25,2.9701,40,70,9.2329
2020,7,2020_07_BUF_NYJ,NYJ,BUF,1,51,-13.1929,29,-12.3617,22,-0.8312,22,49,-8.5922
2020,7,2020_07_CAR_NO,CAR,NO,0,43,12.7855,29,14.0692,14,-1.2837,25,43,12.7855
2020,7,2020_07_CAR_NO,NO,CAR,1,65,16.292,37,14.473,28,1.819,34,64,15.706
2020,7,2020_07_CHI_LA,CHI,LA,0,61,-23.4929,44,-17.9263,17,-5.5666,19,34,-8.9538
2020,7,2020_07_CHI_LA,LA,CHI,1,66,-6.6133,34,3.5032,32,-10.1165,31,48,6.1201
2020,7,2020_07_CLE_CIN,CIN,CLE,1,73,18.7312,52,18.3915,21,0.3397,42,73,18.7312
2020,7,2020_07_CLE_CIN,CLE,CIN,0,49,21.7795,28,23.262,21,-1.4825,28,49,21.7795
2020,7,2020_07_DAL_WAS,DAL,WAS,0,54,-16.1205,28,-12.2094,26,-3.9111,20,40,-11.7673
2020,7,2020_07_DAL_WAS,WAS,DAL,1,65,7.3077,28,7.3717,37,-0.0639,26,34,8.8925
2020,7,2020_07_DET_ATL,ATL,DET,1,71,5.6013,45,10.7349,26,-5.1336,34,71,5.6013
2020,7,2020_07_DET_ATL,DET,ATL,0,55,6.5049,34,12.4006,21,-5.8957,24,55,6.5049
2020,7,2020_07_GB_HOU,GB,HOU,0,59,17.3138,34,17.9924,25,-0.6785,33,42,21.5943
2020,7,2020_07_GB_HOU,HOU,GB,1,64,-1.4424,42,4.8034,22,-6.2458,29,35,3.2381
2020,7,2020_07_JAX_LAC,JAX,LAC,0,62,-4.6852,34,-0.4428,28,-4.2424,24,60,-4.5857
2020,7,2020_07_JAX_LAC,LAC,JAX,1,74,13.9897,45,14.4048,29,-0.4152,37,68,13.7937
2020,7,2020_07_KC_DEN,DEN,KC,1,76,-19.1888,43,-18.5039,33,-0.6848,34,54,-20.6516
2020,7,2020_07_KC_DEN,KC,DEN,0,48,3.0626,29,-0.2102,19,3.2728,22,28,-5.467
2020,7,2020_07_NYG_PHI,NYG,PHI,0,54,-2.9163,33,-3.4908,21,0.5744,21,54,-2.9163
2020,7,2020_07_NYG_PHI,PHI,NYG,1,73,2.5819,47,5.4035,26,-2.8216,33,73,2.5819
2020,7,2020_07_PIT_TEN,PIT,TEN,0,73,8.8563,49,6.0701,24,2.7862,37,72,9.8376
2020,7,2020_07_PIT_TEN,TEN,PIT,1,56,2.2161,33,4.9127,23,-2.6966,21,54,-3.6508
2020,7,2020_07_SEA_ARI,ARI,SEA,1,77,5.5432,44,7.3062,33,-1.7631,41,77,5.5432
2020,7,2020_07_SEA_ARI,SEA,ARI,0,82,9.3229,52,0.1584,30,9.1646,48,82,9.3229
2020,7,2020_07_SF_NE,NE,SF,1,49,-16.2706,27,-15.2918,22,-0.9788,22,23,-9.5885
2020,7,2020_07_SF_NE,SF,NE,0,63,24.6607,26,15.6797,37,8.9811,39,45,22.5703
2020,7,2020_07_TB_LV,LV,TB,1,63,-6.7642,39,-6.1062,24,-0.658,26,53,-1.1175
2020,7,2020_07_TB_LV,TB,LV,0,68,24.1668,43,27.0565,25,-2.8897,36,60,18.3241
2020,8,2020_08_ATL_CAR,ATL,CAR,0,66,13.4383,32,9.8741,34,3.5642,34,63,13.8312
2020,8,2020_08_ATL_CAR,CAR,ATL,1,52,-2.6124,30,-3.9673,22,1.3549,22,51,-5.889
2020,8,2020_08_DAL_PHI,DAL,PHI,0,78,-26.8616,43,-24.9151,35,-1.9464,32,63,-23.1185
2020,8,2020_08_DAL_PHI,PHI,DAL,1,59,-18.1793,33,-14.8294,26,-3.3499,23,52,-13.0533
2020,8,2020_08_IND_DET,DET,IND,1,59,-12.7728,46,-7.1181,13,-5.6547,22,42,-15.6227
2020,8,2020_08_IND_DET,IND,DET,0,74,14.046,36,17.1221,38,-3.0762,34,57,7.0716
2020,8,2020_08_LAC_DEN,DEN,LAC,1,57,4.6194,42,3.3612,15,1.2583,21,54,-1.9319
2020,8,2020_08_LAC_DEN,LAC,DEN,0,84,3.0564,46,4.5141,38,-1.4577,37,75,10.392
2020,8,2020_08_LA_MIA,LA,MIA,0,91,-23.2008,62,-25.4523,29,2.2515,43,63,-30.1696
2020,8,2020_08_LA_MIA,MIA,LA,1,47,-23.1835,23,-10.1613,24,-13.0222,16,23,-16.051
2020,8,2020_08_LV_CLE,CLE,LV,1,47,-1.3656,25,-5.9102,22,4.5446,17,46,-3.0463
2020,8,2020_08_LV_CLE,LV,CLE,0,69,10.432,25,0.4562,44,9.9757,36,63,10.3087
2020,8,2020_08_MIN_GB,GB,MIN,1,66,12.6328,41,10.3248,25,2.3079,31,56,9.2928
2020,8,2020_08_MIN_GB,MIN,GB,0,49,18.8787,15,12.0135,34,6.8652,26,37,21.1265
2020,8,2020_08_NE_BUF,BUF,NE,1,53,9.0939,19,-1.1309,34,10.2248,28,53,9.0939
2020,8,2020_08_NE_BUF,NE,BUF,0,62,6.0604,28,3.2914,34,2.7691,32,62,6.0604
2020,8,2020_08_NO_CHI,CHI,NO,1,69,-5.5575,46,-1.9172,23,-3.6404,25,69,-5.5575
2020,8,2020_08_NO_CHI,NO,CHI,0,71,4.6292,42,8.2389,29,-3.6097,27,71,4.6292
2020,8,2020_08_NYJ_KC,KC,NYJ,1,67,19.869,47,30.0141,20,-10.1451,33,46,19.2596
2020,8,2020_08_NYJ_KC,NYJ,KC,0,55,-13.8554,30,-9.6173,25,-4.238,23,42,-4.6563
2020,8,2020_08_PIT_BAL,BAL,PIT,1,78,-6.1309,31,-9.4677,47,3.3367,32,78,-6.1309
2020,8,2020_08_PIT_BAL,PIT,BAL,0,50,-0.7734,34,0.2749,16,-1.0482,22,50,-0.7734
2020,8,2020_08_SF_SEA,SEA,SF,1,64,17.3538,39,16.451,25,0.9028,29,36,11.4086
2020,8,2020_08_SF_SEA,SF,SEA,0,66,12.9225,45,11.6187,21,1.3038,33,36,-3.1605
2020,8,2020_08_TB_NYG,NYG,TB,1,69,2.3798,46,2.1238,23,0.256,30,64,-2.7292
2020,8,2020_08_TB_NYG,TB,NYG,0,66,1.801,43,5.5064,23,-3.7054,29,66,1.801
2020,8,2020_08_TEN_CIN,CIN,TEN,1,69,18.4312,37,18.2254,32,0.2059,35,54,18.7631
2020,8,2020_08_TEN_CIN,TEN,CIN,0,61,14.3801,32,-0.7333,29,15.1134,36,44,4.0686
2020,9,2020_09_BAL_IND,BAL,IND,0,63,-0.0195,25,7.4293,38,-7.4488,31,57,2.2931
2020,9,2020_09_BAL_IND,IND,BAL,1,63,-23.463,42,-14.1183,21,-9.3447,22,50,-18.3191
2020,9,2020_09_CAR_KC,CAR,KC,0,75,24.1462,51,18.3317,24,5.8145,38,75,24.1462
2020,9,2020_09_CAR_KC,KC,CAR,1,57,14.5424,46,13.5104,11,1.0319,30,57,14.5424
2020,9,2020_09_CHI_TEN,CHI,TEN,0,75,-12.1592,55,-5.9736,20,-6.1856,29,50,-19.3776
2020,9,2020_09_CHI_TEN,TEN,CHI,1,53,-5.0689,24,-1.0481,29,-4.0208,16,39,-6.9361
2020,9,2020_09_DEN_ATL,ATL,DEN,1,67,4.2613,37,10.9758,30,-6.7145,28,45,11.9484
2020,9,2020_09_DEN_ATL,DEN,ATL,0,71,-2.3627,49,1.3542,22,-3.7169,24,33,-5.1184
2020,9,2020_09_DET_MIN,DET,MIN,0,73,-6.9873,46,-6.0656,27,-0.9217,39,54,-4.9419
2020,9,2020_09_DET_MIN,MIN,DET,1,55,15.2219,21,6.3355,34,8.8864,29,35,17.2692
2020,9,2020_09_GB_SF,GB,SF,0,62,17.6739,32,19.749,30,-2.0751,27,37,13.4934
2020,9,2020_09_GB_SF,SF,GB,1,53,-3.8674,36,-2.9536,17,-0.9139,24,29,-9.7316
2020,9,2020_09_HOU_JAX,HOU,JAX,0,59,5.8433,34,7.1223,25,-1.279,28,54,7.8234
2020,9,2020_09_HOU_JAX,JAX,HOU,1,68,0.5824,41,2.2782,27,-1.6958,29,66,-1.0053
2020,9,2020_09_LV_LAC,LAC,LV,1,75,9.2025,43,10.4858,32,-1.2834,33,75,9.2025
2020,9,2020_09_LV_LAC,LV,LAC,0,50,9.0,24,1.2696,26,7.7303,22,50,9.0
2020,9,2020_09_MIA_ARI,ARI,MIA,1,64,9.6911,27,9.6477,37,0.0434,29,64,9.6911
2020,9,2020_09_MIA_ARI,MIA,ARI,0,53,7.7109,30,10.1402,23,-2.4293,24,53,7.7109
2020,9,2020_09_NE_NYJ,NE,NYJ,0,74,16.7544,34,14.0106,40,2.7438,37,74,16.7544
2020,9,2020_09_NE_NYJ,NYJ,NE,1,44,13.3368,26,14.2374,18,-0.9006,24,44,13.3368
2020,9,2020_09_NO_TB,NO,TB,0,68,15.392,36,12.2729,32,3.1192,36,30,14.5244
2020,9,2020_09_NO_TB,TB,NO,1,45,-24.5692,41,-23.3233,4,-1.2458,15,14,-13.3896
2020,9,2020_09_NYG_WAS,NYG,WAS,0,71,3.1597,39,2.6041,32,0.5556,32,71,3.1597
2020,9,2020_09_NYG_WAS,WAS,NYG,1,50,-0.4959,41,0.4504,9,-0.9463,26,50,-0.4959
2020,9,2020_09_PIT_DAL,DAL,PIT,1,70,-9.0138,39,-9.0352,31,0.0213,29,70,-9.0138
2020,9,2020_09_PIT_DAL,PIT,DAL,0,64,1.5583,46,9.7273,18,-8.169,29,60,5.8993
2020,9,2020_09_SEA_BUF,BUF,SEA,1,61,15.5002,45,16.4707,16,-0.9705,34,49,20.9445
2020,9,2020_09_SEA_BUF,SEA,BUF,0,63,1.5257,46,2.2759,17,-0.7502,31,47,1.9845
2020,10,2020_10_BAL_NE,BAL,NE,0,64,3.0298,36,4.2749,28,-1.2451,35,62,5.0024
2020,10,2020_10_BAL_NE,NE,BAL,1,56,10.8575,19,6.7785,37,4.0791,29,55,11.2526
2020,10,2020_10_BUF_ARI,ARI,BUF,1,71,3.9063,35,2.9288,36,0.9775,35,71,3.9063
2020,10,2020_10_BUF_ARI,BUF,ARI,0,68,-0.6381,50,1.7405,18,-2.3786,34,68,-0.6381
2020,10,2020_10_CIN_PIT,CIN,PIT,0,64,-13.4999,43,-16.3246,21,2.8247,22,41,-7.3012
2020,10,2020_10_CIN_PIT,PIT,CIN,1,67,3.3801,47,10.6107,20,-7.2306,27,43,1.7806
2020,10,2020_10_DEN_LV,DEN,LV,0,69,-21.8712,50,-18.8743,19,-2.9969,26,45,-16.7141
2020,10,2020_10_DEN_LV,LV,DEN,1,64,6.3603,25,3.0191,39,3.3413,26,50,5.1646
2020,10,2020_10_HOU_CLE,CLE,HOU,1,60,3.0297,21,-3.2691,39,6.2988,28,57,5.235
2020,10,2020_10_HOU_CLE,HOU,CLE,0,53,0.6926,32,0.6793,21,0.0133,23,53,0.6926
2020,10,2020_10_IND_TEN,IND,TEN,0,68,14.027,39,15.0442,29,-1.0172,36,62,12.7205
2020,10,2020_10_IND_TEN,TEN,IND,1,60,-3.9088,28,-4.4428,32,0.534,30,44,-0.1627
2020,10,2020_10_JAX_GB,GB,JAX,1,58,-2.5696,35,0.4078,23,-2.9774,24,58,-2.5696
2020,10,2020_10_JAX_GB,JAX,GB,0,61,-11.8962,38,-12.1481,23,0.2519,24,61,-11.8962
2020,10,2020_10_LAC_MIA,LAC,MIA,0,62,-2.3513,34,-5.4132,28,3.062,30,52,-4.7472
2020,10,2020_10_LAC_MIA,MIA,LAC,1,55,-2.2724,26,7.9615,29,-10.2339,26,46,0.3228
2020,10,2020_10_MIN_CHI,CHI,MIN,1,49,-21.3799,32,-15.725,17,-5.6549,15,48,-20.3825
2020,10,2020_10_MIN_CHI,MIN,CHI,0,70,-2.3485,38,4.875,32,-7.2235,26,65,-1.4805
2020,10,2020_10_PHI_NYG,NYG,PHI,1,65,13.2932,31,7.1993,34,6.094,32,61,12.9524
2020,10,2020_10_PHI_NYG,PHI,NYG,0,65,4.4628,41,-5.0185,24,9.4812,32,60,7.0492
2020,10,2020_10_SEA_LA,LA,SEA,1,67,5.7618,40,5.2575,27,0.5043,33,60,8.1251
2020,10,2020_10_SEA_LA,SEA,LA,0,65,-11.9678,43,-7.2751,22,-4.6927,29,55,-13.8749
2020,10,2020_10_SF_NO,NO,SF,1,52,-5.994,26,-3.0409,26,-2.9531,23,41,-5.1201
2020,10,2020_10_SF_NO,SF,NO,0,66,-12.7159,41,-0.8331,25,-11.8828,26,56,-9.1193
2020,10,2020_10_TB_CAR,CAR,TB,1,48,-11.3832,32,-11.495,16,0.1118,21,40,-4.8093
2020,10,2020_10_TB_CAR,TB,CAR,0,74,27.4324,40,23.4636,34,3.9688,34,65,22.4277
2020,10,2020_10_WAS_DET,DET,WAS,1,55,10.4403,34,11.1712,21,-0.7309,26,50,13.4331
2020,10,2020_10_WAS_DET,WAS,DET,0,82,13.089,57,11.7712,25,1.3178,42,71,7.1238
2020,11,2020_11_ARI_SEA,ARI,SEA,0,63,8.4032,45,10.6401,18,-2.237,30,63,8.4032
2020,11,2020_11_ARI_SEA,SEA,ARI,1,61,12.5306,31,10.0199,30,2.5107,35,61,12.5306
2020,11,2020_11_ATL_NO,ATL,NO,0,59,-18.4149,45,-15.5923,14,-2.8227,15,41,-12.6011
2020,11,2020_11_ATL_NO,NO,ATL,1,62,2.3399,26,1.7652,36,0.5747,29,48,7.1569
2020,11,2020_11_CIN_WAS,CIN,WAS,0,66,-12.1992,48,-8.034,18,-4.1651,28,60,-5.2636
2020,11,2020_11_CIN_WAS,WAS,CIN,1,58,-2.1526,27,-3.5345,31,1.3819,25,49,1.1947
2020,11,2020_11_DAL_MIN,DAL,MIN,0,63,10.2183,33,-0.1642,30,10.3825,33,63,10.2183
2020,11,2020_11_DAL_MIN,MIN,DAL,1,61,5.4151,32,2.6953,29,2.7198,30,61,5.4151
2020,11,2020_11_DET_CAR,CAR,DET,1,67,-3.4585,36,-0.9535,31,-2.505,26,49,2.3392
2020,11,2020_11_DET_CAR,DET,CAR,0,54,-20.4719,38,-11.0729,16,-9.399,16,34,-14.3243
2020,11,2020_11_GB_IND,GB,IND,0,55,-2.4554,37,1.7595,18,-4.2149,30,55,-2.4554
2020,11,2020_11_GB_IND,IND,GB,1,73,0.7112,37,3.362,36,-2.6508,34,73,0.7112
2020,11,2020_11_KC_LV,KC,LV,0,71,25.1917,46,21.8286,25,3.3631,44,71,25.1917
2020,11,2020_11_KC_LV,LV,KC,1,56,13.4971,31,16.2515,25,-2.7544,31,56,13.4971
2020,11,2020_11_LA_TB,LA,TB,0,70,0.7587,50,9.7312,20,-8.9725,32,70,0.7587
2020,11,2020_11_LA_TB,TB,LA,1,67,-13.5035,49,-9.6282,18,-3.8753,23,67,-13.5035
2020,11,2020_11_MIA_DEN,DEN,MIA,1,63,-2.634,30,1.5133,33,-4.1473,25,58,2.2314
2020,11,2020_11_MIA_DEN,MIA,DEN,0,61,-9.9749,44,-8.3492,17,-1.6258,21,61,-9.9749
2020,11,2020_11_NE_HOU,HOU,NE,1,56,15.9349,37,20.1245,19,-4.1896,25,53,16.9524
2020,11,2020_11_NE_HOU,NE,HOU,0,65,10.6442,42,11.0213,23,-0.3771,31,63,10.7224
2020,11,2020_11_NYJ_LAC,LAC,NYJ,1,78,3.2923,52,11.3137,26,-8.0214,30,63,9.2242
2020,11,2020_11_NYJ_LAC,NYJ,LAC,0,55,-2.2975,31,-1.6109,24,-0.6866,21,37,-9.7482
2020,11,2020_11_PHI_CLE,CLE,PHI,1,63,-11.4425,24,0.1102,39,-11.5527,21,54,-10.2066
2020,11,2020_11_PHI_CLE,PHI,CLE,0,65,-15.5197,40,-9.5923,25,-5.9274,27,49,-16.7863
2020,11,2020_11_PIT_JAX,JAX,PIT,1,56,-24.6795,39,-26.2581,17,1.5786,17,43,-14.6596
2020,11,2020_11_PIT_JAX,PIT,JAX,0,70,6.4966,46,6.6817,24,-0.1851,29,54,5.3882
2020,11,2020_11_TEN_BAL,BAL,TEN,1,64,7.3257,31,6.5806,33,0.745,27,64,7.3257
2020,11,2020_11_TEN_BAL,TEN,BAL,0,68,12.191,34,11.4841,34,0.7069,33,68,12.191
2020,12,2020_12_ARI_NE,ARI,NE,0,70,-4.4167,36,-1.9804,34,-2.4363,30,70,-4.4167
2020,12,2020_12_ARI_NE,NE,ARI,1,50,-11.4315,20,-11.8358,30,0.4043,19,50,-11.4315
2020,12,2020_12_BAL_PIT,BAL,PIT,0,49,-18.6349,21,-14.9028,28,-3.7322,15,40,-23.3181
2020,12,2020_12_BAL_PIT,PIT,BAL,1,70,-7.1231,51,-4.7196,19,-2.4035,33,58,-5.2997
2020,12,2020_12_CAR_MIN,CAR,MIN,0,63,1.8801,35,3.1417,28,-1.2616,31,63,1.8801
2020,12,2020_12_CAR_MIN,MIN,CAR,1,70,-0.4126,47,6.5502,23,-6.9628,36,70,-0.4126
2020,12,2020_12_CHI_GB,CHI,GB,0,66,2.533,50,-2.3377,16,4.8707,32,21,-12.1023
2020,12,2020_12_CHI_GB,GB,CHI,1,66,22.5631,29,15.3471,37,7.216,33,42,14.3087
2020,12,2020_12_CLE_JAX,CLE,JAX,0,61,12.7771,31,7.4806,30,5.2965,32,59,14.2544
2020,12,2020_12_CLE_JAX,JAX,CLE,1,61,8.8266,36,3.27,25,5.5566,29,61,8.8266
2020,12,2020_12_HOU_DET,DET,HOU,1,77,-13.7421,48,-0.9817,29,-12.7604,37,51,-13.9632
2020,12,2020_12_HOU_DET,HOU,DET,0,47,13.5394,28,18.9097,19,-5.3703,26,42,10.5928
2020,12,2020_12_KC_TB,KC,TB,0,71,19.019,52,20.913,19,-1.894,35,66,22.225
2020,12,2020_12_KC_TB,TB,KC,1,54,8.0028,42,7.2311,12,0.7717,27,46,-1.9476
2020,12,2020_12_LAC_BUF,BUF,LAC,1,57,-2.0955,28,2.3593,29,-4.4548,26,57,-2.0955
2020,12,2020_12_LAC_BUF,LAC,BUF,0,80,-5.2846,56,6.1821,24,-11.4667,32,66,-11.2716
2020,12,2020_12_LV_ATL,ATL,LV,1,69,-5.8282,40,-3.4253,29,-2.4029,25,43,-9.3146
2020,12,2020_12_LV_ATL,LV,ATL,0,58,-41.9345,44,-29.8003,14,-12.1343,15,39,-31.9613
2020,12,2020_12_MIA_NYJ,MIA,NYJ,0,66,-2.7922,43,6.0769,23,-8.8691,28,55,-5.865
2020,12,2020_12_MIA_NYJ,NYJ,MIA,1,53,-18.1545,30,-11.9077,23,-6.2468,16,51,-13.2633
2020,12,2020_12_NO_DEN,DEN,NO,1,43,-30.9791,10,-11.9305,33,-19.0486,8,30,-27.1389
2020,12,2020_12_NO_DEN,NO,DEN,0,63,3.0328,19,-8.2207,44,11.2535,27,44,-7.0659
2020,12,2020_12_NYG_CIN,CIN,NYG,1,45,-17.3639,31,-17.5851,14,0.2212,15,45,-17.3639
2020,12,2020_12_NYG_CIN,NYG,CIN,0,78,2.4122,38,1.6973,40,0.7149,33,78,2.4122
2020,12,2020_12_SEA_PHI,PHI,SEA,1,66,-10.7878,51,-13.0522,15,2.2644,24,56,-15.6345
2020,12,2020_12_SEA_PHI,SEA,PHI,0,61,-3.6571,33,-1.1247,28,-2.5324,26,51,0.9758
2020,12,2020_12_SF_LA,LA,SF,1,60,-28.5098,33,-21.0925,27,-7.4173,24,60,-28.5098
2020,12,2020_12_SF_LA,SF,LA,0,70,-22.0878,37,-4.8782,33,-17.2096,27,70,-22.0878
2020,12,2020_12_TEN_IND,IND,TEN,1,68,-0.9119,47,-0.2772,21,-0.6347,28,38,-1.214
2020,12,2020_12_TEN_IND,TEN,IND,0,65,22.3459,23,10.5592,42,11.7867,34,40,24.8458
2020,12,2020_12_WAS_DAL,DAL,WAS,1,57,-28.1639,39,-22.9352,18,-5.2287,25,50,-16.295
2020,12,2020_12_WAS_DAL,WAS,DAL,0,64,5.6379,30,-5.2021,34,10.84,33,51,-0.731
2020,13,2020_13_BUF_SF,BUF,SF,0,67,13.949,41,22.4967,26,-8.5477,41,59,15.3764
2020,13,2020_13_BUF_SF,SF,BUF,1,60,5.1788,39,11.0844,21,-5.9055,30,39,-1.8643
2020,13,2020_13_CIN_MIA,CIN,MIA,0,50,-12.1618,33,-11.2091,17,-0.9527,16,37,-6.9394
2020,13,2020_13_CIN_MIA,MIA,CIN,1,65,-0.9099,38,7.0198,27,-7.9297,30,55,4.7345
2020,13,2020_13_CLE_TEN,CLE,TEN,0,69,18.3991,34,26.6341,35,-8.235,33,38,25.2523
2020,13,2020_13_CLE_TEN,TEN,CLE,1,68,2.7272,48,12.1731,20,-9.4459,32,14,-5.7161
2020,13,2020_13_DAL_BAL,BAL,DAL,1,54,14.6717,17,-4.6097,37,19.2813,28,38,9.3382
2020,13,2020_13_DAL_BAL,DAL,BAL,0,77,2.4445,49,8.0652,28,-5.6207,31,55,-1.5483
2020,13,2020_13_DEN_KC,DEN,KC,0,62,5.6518,29,3.1334,33,2.5184,25,62,5.6518
2020,13,2020_13_DEN_KC,KC,DEN,1,62,10.3336,41,6.0598,21,4.2738,31,62,10.3336
2020,13,2020_13_DET_CHI,CHI,DET,1,67,6.1913,36,6.4836,31,-0.2923,33,62,10.325
2020,13,2020_13_DET_CHI,DET,CHI,0,65,14.6451,44,17.3618,21,-2.7167,28,63,14.0417
2020,13,2020_13_IND_HOU,HOU,IND,1,62,-1.5154,43,1.1388,19,-2.6543,26,62,-1.5154
2020,13,2020_13_IND_HOU,IND,HOU,0,64,5.7721,38,9.9969,26,-4.2248,32,64,5.7721
2020,13,2020_13_JAX_MIN,JAX,MIN,0,69,-6.255,44,-2.4817,25,-3.7732,33,69,-6.255
2020,13,2020_13_JAX_MIN,MIN,JAX,1,85,-9.8923,47,-1.7274,38,-8.1649,38,85,-9.8923
2020,13,2020_13_LA_ARI,ARI,LA,1,61,-11.2078,40,-11.3745,21,0.1668,23,53,-15.4643
2020,13,2020_13_LA_ARI,LA,ARI,0,77,15.0018,48,18.2002,29,-3.1984,42,69,17.6163
2020,13,2020_13_LV_NYJ,LV,NYJ,0,73,2.8376,48,5.8052,25,-2.9676,29,73,2.8376
2020,13,2020_13_LV_NYJ,NYJ,LV,1,61,6.0837,27,-1.906,34,7.9898,31,61,6.0837
2020,13,2020_13_NE_LAC,LAC,NE,1,70,-26.9468,55,-28.0814,15,1.1346,22,26,-6.4318
2020,13,2020_13_NE_LAC,NE,LAC,0,64,6.3972,23,0.4543,41,5.9429,28,38,7.2418
2020,13,2020_13_NO_ATL,ATL,NO,1,63,-12.7201,42,-10.7395,21,-1.9806,22,63,-12.7201
2020,13,2020_13_NO_ATL,NO,ATL,0,75,5.6594,39,2.4867,36,3.1727,36,68,12.4214
2020,13,2020_13_NYG_SEA,NYG,SEA,0,55,-2.5115,25,-6.5991,30,4.0877,20,55,-2.5115
2020,13,2020_13_NYG_SEA,SEA,NYG,1,70,-17.0218,48,-10.7338,22,-6.2881,30,67,-17.8344
2020,13,2020_13_PHI_GB,GB,PHI,1,58,18.2948,36,15.4438,22,2.8511,28,39,19.2184
2020,13,2020_13_PHI_GB,PHI,GB,0,59,-6.1699,34,-3.9127,25,-2.2572,21,45,-8.3296
2020,13,2020_13_WAS_PIT,PIT,WAS,1,67,-10.418,53,-2.3492,14,-8.0688,25,65,-10.3093
2020,13,2020_13_WAS_PIT,WAS,PIT,0,70,-5.7644,49,0.3477,21,-6.1121,24,69,-6.5978
2020,14,2020_14_ARI_NYG,ARI,NYG,0,76,3.5535,36,4.7989,40,-1.2455,32,53,5.1331
2020,14,2020_14_ARI_NYG,NYG,ARI,1,49,-18.2173,32,-17.3637,17,-0.8536,15,35,-10.9991
2020,14,2020_14_ATL_LAC,ATL,LAC,0,55,0.3441,35,0.7158,20,-0.3716,27,55,0.3441
2020,14,2020_14_ATL_LAC,LAC,ATL,1,71,3.6354,45,5.2089,26,-1.5736,35,71,3.6354
2020,14,2020_14_BAL_CLE,BAL,CLE,0,57,22.1267,24,6.0794,33,16.0473,26,57,22.1267
2020,14,2020_14_BAL_CLE,CLE,BAL,1,77,19.028,49,12.4538,28,6.5743,37,77,19.028
2020,14,2020_14_DAL_CIN,CIN,DAL,1,70,-18.1339,40,6.5165,30,-24.6504,33,63,-12.1244
2020,14,2020_14_DAL_CIN,DAL,CIN,0,49,8.0566,25,12.631,24,-4.5744,21,34,3.4579
2020,14,2020_14_DEN_CAR,CAR,DEN,1,65,3.809,44,-1.9159,21,5.7249,27,64,2.6855
2020,14,2020_14_DEN_CAR,DEN,CAR,0,56,8.2399,29,9.043,27,-0.8031,29,56,8.2399
2020,14,2020_14_GB_DET,DET,GB,1,58,8.7569,43,6.0099,15,2.747,27,55,7.8578
2020,14,2020_14_GB_DET,GB,DET,0,62,21.9713,33,17.8612,29,4.1102,36,59,22.5116
2020,14,2020_14_HOU_CHI,CHI,HOU,1,59,15.4074,36,9.861,23,5.5464,33,29,15.6583
2020,14,2020_14_HOU_CHI,HOU,CHI,0,63,-10.4008,37,-5.5267,26,-4.8741,29,29,-0.9226
2020,14,2020_14_IND_LV,IND,LV,0,57,22.4589,28,16.3096,29,6.1493,25,54,23.2454
2020,14,2020_14_IND_LV,LV,IND,1,68,0.1943,46,0.697,22,-0.5027,33,50,8.4258
2020,14,2020_14_KC_MIA,KC,MIA,0,60,1.6135,37,2.236,23,-0.6226,29,41,10.6577
2020,14,2020_14_KC_MIA,MIA,KC,1,76,-0.5474,52,2.1726,24,-2.72,36,56,-4.2325
2020,14,2020_14_MIN_TB,MIN,TB,0,77,12.2735,44,4.2253,33,8.0482,39,64,13.2316
2020,14,2020_14_MIN_TB,TB,MIN,1,45,9.7911,22,8.7279,23,1.0633,21,39,10.4061
2020,14,2020_14_NE_LA,LA,NE,1,61,-1.7615,26,-4.5145,35,2.753,25,41,4.4456
2020,14,2020_14_NE_LA,NE,LA,0,58,-31.8722,29,-24.792,29,-7.0801,20,38,-16.9118
2020,14,2020_14_NO_PHI,NO,PHI,0,63,3.5318,43,3.0988,20,0.433,28,60,0.1131
2020,14,2020_14_NO_PHI,PHI,NO,1,62,4.1308,29,0.7585,33,3.3724,28,56,5.5458
2020,14,2020_14_NYJ_SEA,NYJ,SEA,0,52,-17.4347,29,-5.6694,23,-11.7653,16,33,-10.3697
2020,14,2020_14_NYJ_SEA,SEA,NYJ,1,68,14.1225,33,14.7956,35,-0.6732,37,31,7.0683
2020,14,2020_14_PIT_BUF,BUF,PIT,1,69,-5.9849,44,-4.2799,25,-1.705,25,52,-7.5627
2020,14,2020_14_PIT_BUF,PIT,BUF,0,56,-16.0591,39,-12.8318,17,-3.2273,21,52,-18.3598
2020,14,2020_14_TEN_JAX,JAX,TEN,1,69,-8.9182,54,-9.0407,15,0.1225,22,32,-11.9105
2020,14,2020_14_TEN_JAX,TEN,JAX,0,65,13.1597,25,4.9789,40,8.1808,35,39,12.2207
2020,14,2020_14_WAS_SF,SF,WAS,1,77,-27.311,50,-23.3473,27,-3.9637,34,70,-28.2694
2020,14,2020_14_WAS_SF,WAS,SF,0,58,-17.8293,34,-17.2592,24,-0.5701,19,58,-17.8293
2020,15,2020_15_BUF_DEN,BUF,DEN,0,65,32.3969,41,25.6638,24,6.7332,35,39,22.8936
2020,15,2020_15_BUF_DEN,DEN,BUF,1,63,-8.3348,35,-13.4991,28,5.1643,27,36,-6.266
2020,15,2020_15_CAR_GB,CAR,GB,0,65,-1.2823,38,1.3468,27,-2.6291,33,56,-0.9855
2020,15,2020_15_CAR_GB,GB,CAR,1,60,4.6543,34,-7.0556,26,11.71,28,45,13.703
2020,15,2020_15_CHI_MIN,CHI,MIN,0,64,8.7084,22,4.9021,42,3.8063,37,64,8.7084
2020,15,2020_15_CHI_MIN,MIN,CHI,1,65,1.658,37,3.319,28,-1.661,35,65,1.658
2020,15,2020_15_CLE_NYG,CLE,NYG,0,63,16.4708,33,20.4387,30,-3.9679,34,51,19.6756
2020,15,2020_15_CLE_NYG,NYG,CLE,1,53,-3.2964,33,1.6329,20,-4.9293,20,36,-3.71
2020,15,2020_15_DET_TEN,DET,TEN,0,65,8.6426,38,15.856,27,-7.2134,37,53,8.8395
2020,15,2020_15_DET_TEN,TEN,DET,1,64,31.6521,28,23.8077,36,7.8444,41,48,23.4215
2020,15,2020_15_HOU_IND,HOU,IND,0,67,10.1721,46,7.6137,21,2.5584,38,67,10.1721
2020,15,2020_15_HOU_IND,IND,HOU,1,52,14.7784,30,9.2213,22,5.5571,29,52,14.7784
2020,15,2020_15_JAX_BAL,BAL,JAX,1,62,18.2342,27,11.2788,35,6.9554,31,24,5.3667
2020,15,2020_15_JAX_BAL,JAX,BAL,0,56,-1.7834,34,4.559,22,-6.3425,20,25,-10.045
2020,15,2020_15_KC_NO,KC,NO,0,90,4.9001,52,0.9411,38,3.9591,43,84,11.6998
2020,15,2020_15_KC_NO,NO,KC,1,53,-7.0647,36,-4.017,17,-3.0477,19,52,-10.5204
2020,15,2020_15_LAC_LV,LAC,LV,0,62,15.3822,33,22.0693,29,-6.687,28,62,15.3822
2020,15,2020_15_LAC_LV,LV,LAC,1,74,8.9513,33,8.0559,41,0.8954,35,74,8.9513
2020,15,2020_15_NE_MIA,MIA,NE,1,71,13.5822,29,-1.9203,42,15.5025,35,69,14.3782
2020,15,2020_15_NE_MIA,NE,MIA,0,52,-5.1562,30,-5.9534,22,0.7972,22,48,-3.3775
2020,15,2020_15_NYJ_LA,LA,NYJ,1,56,-14.7865,37,-11.1401,19,-3.6464,19,56,-14.7865
2020,15,2020_15_NYJ_LA,NYJ,LA,0,61,0.7387,33,3.6488,28,-2.9102,26,61,0.7387
2020,15,2020_15_PHI_ARI,ARI,PHI,1,68,1.1444,38,6.6878,30,-5.5434,33,65,2.2806
2020,15,2020_15_PHI_ARI,PHI,ARI,0,81,1.486,50,5.5869,31,-4.1009,30,79,-0.5673
2020,15,2020_15_PIT_CIN,CIN,PIT,1,55,-6.371,15,-0.6165,40,-5.7545,22,52,-5.7641
2020,15,2020_15_PIT_CIN,PIT,CIN,0,61,-20.4226,39,-12.5713,22,-7.8513,24,57,-21.8403
2020,15,2020_15_SEA_WAS,SEA,WAS,0,50,3.7696,27,-5.7467,23,9.5162,24,48,9.4786
2020,15,2020_15_SEA_WAS,WAS,SEA,1,80,0.2621,59,-0.1976,21,0.4597,35,77,-1.4753
2020,15,2020_15_SF_DAL,DAL,SF,1,58,0.2629,36,1.2287,22,-0.9658,19,58,0.2629
2020,15,2020_15_SF_DAL,SF,DAL,0,81,6.8543,45,6.2789,36,0.5754,37,70,-2.9143
2020,15,2020_15_TB_ATL,ATL,TB,1,65,1.8245,52,4.4672,13,-2.6427,26,65,1.8245
2020,15,2020_15_TB_ATL,TB,ATL,0,64,14.447,48,14.3202,16,0.1268,32,61,13.9048
2020,16,2020_16_ATL_KC,ATL,KC,0,61,3.4478,39,4.9398,22,-1.492,30,61,3.4478
2020,16,2020_16_ATL_KC,KC,ATL,1,65,0.8315,45,-1.81,20,2.6415,31,65,0.8315
2020,16,2020_16_BUF_NE,BUF,NE,0,67,26.7265,40,21.563,27,5.1635,34,42,23.2972
2020,16,2020_16_BUF_NE,NE,BUF,1,48,-7.4011,24,-10.3011,24,2.9,16,29,0.0072
2020,16,2020_16_CAR_WAS,CAR,WAS,0,63,-7.0458,32,-7.6516,31,0.6057,24,51,5.1525
2020,16,2020_16_CAR_WAS,WAS,CAR,1,69,-9.4876,50,-13.9513,19,4.4637,29,50,-19.7014
2020,16,2020_16_CHI_JAX,CHI,JAX,0,68,17.5152,37,13.0983,31,4.4169,33,51,13.1653
2020,16,2020_16_CHI_JAX,JAX,CHI,1,54,-6.9432,38,-5.0252,16,-1.918,19,34,-0.4966
2020,16,2020_16_CIN_HOU,CIN,HOU,0,70,24.5227,38,22.2563,32,2.2664,39,67,25.778
2020,16,2020_16_CIN_HOU,HOU,CIN,1,51,12.4346,34,3.4711,17,8.9635,28,49,12.4795
2020,16,2020_16_CLE_NYJ,CLE,NYJ,0,73,-10.0746,55,-9.0029,18,-1.0717,34,71,-10.5314
2020,16,2020_16_CLE_NYJ,NYJ,CLE,1,66,-1.1067,35,3.8564,31,-4.9631,26,59,3.8757
2020,16,2020_16_DEN_LAC,DEN,LAC,0,76,1.5188,48,-0.4202,28,1.939,34,76,1.5188
2020,16,2020_16_DEN_LAC,LAC,DEN,1,55,-1.1847,35,-1.4254,20,0.2407,21,55,-1.1847
2020,16,2020_16_IND_PIT,IND,PIT,0,67,0.2103,39,-6.403,28,6.6133,33,66,1.5656
2020,16,2020_16_IND_PIT,PIT,IND,1,62,-0.524,50,2.966,12,-3.49,30,62,-0.524
2020,16,2020_16_LA_SEA,LA,SEA,0,75,-10.079,46,-2.3863,29,-7.6927,25,68,-5.9197
2020,16,2020_16_LA_SEA,SEA,LA,1,59,2.0194,36,3.3229,23,-1.3035,20,57,2.7885
2020,16,2020_16_MIA_LV,LV,MIA,1,59,0.6893,36,0.1934,23,0.4959,27,59,0.6893
2020,16,2020_16_MIA_LV,MIA,LV,0,62,6.9731,38,3.6977,24,3.2755,28,62,6.9731
2020,16,2020_16_MIN_NO,MIN,NO,0,61,9.848,44,5.9769,17,3.8712,31,47,7.5914
2020,16,2020_16_MIN_NO,NO,MIN,1,70,28.3745,28,10.7953,42,17.5791,46,57,19.55
2020,16,2020_16_NYG_BAL,BAL,NYG,1,64,16.9117,25,11.3315,39,5.5802,37,45,17.3417
2020,16,2020_16_NYG_BAL,NYG,BAL,0,59,-3.1738,47,-5.0409,12,1.8671,26,33,1.3599
2020,16,2020_16_PHI_DAL,DAL,PHI,1,65,10.244,32,11.9019,33,-1.658,32,48,14.7218
2020,16,2020_16_PHI_DAL,PHI,DAL,0,71,-4.7352,42,-2.3457,29,-2.3895,31,58,-8.2372
2020,16,2020_16_SF_ARI,ARI,SF,1,80,-14.339,53,-22.2734,27,7.9344,28,76,-12.4789
2020,16,2020_16_SF_ARI,SF,ARI,0,54,9.5616,25,2.2821,29,7.2795,28,48,9.2158
2020,16,2020_16_TB_DET,DET,TB,1,50,-29.547,35,-23.4533,15,-6.0938,14,17,-7.9022
2020,16,2020_16_TB_DET,TB,DET,0,69,26.6567,44,26.4645,25,0.1921,37,29,19.9959
2020,16,2020_16_TEN_GB,GB,TEN,1,61,20.3568,26,9.6117,35,10.7452,37,40,21.2192
2020,16,2020_16_TEN_GB,TEN,GB,0,55,-5.9259,28,-9.7849,27,3.8589,22,32,0.87
2020,17,2020_17_ARI_LA,ARI,LA,0,48,-15.2967,31,-10.609,17,-4.6877,18,45,-15.2356
2020,17,2020_17_ARI_LA,LA,ARI,1,70,-9.6213,40,-3.3463,30,-6.275,21,61,-6.3373
2020,17,2020_17_ATL_TB,ATL,TB,0,71,4.7491,45,8.5578,26,-3.8087,31,66,7.268
2020,17,2020_17_ATL_TB,TB,ATL,1,60,24.7943,41,22.2584,19,2.536,36,54,20.4975
2020,17,2020_17_BAL_CIN,BAL,CIN,0,73,25.4827,19,7.5034,54,17.9792,36,46,19.2302
2020,17,2020_17_BAL_CIN,CIN,BAL,1,40,-23.3739,21,-24.3061,19,0.9321,12,22,-8.679
2020,17,2020_17_DAL_NYG,DAL,NYG,0,80,-8.077,53,-9.7087,27,1.6317,36,80,-8.077
2020,17,2020_17_DAL_NYG,NYG,DAL,1,52,-1.4452,27,3.0038,25,-4.449,25,51,-1.546
2020,17,2020_17_GB_CHI,CHI,GB,1,74,-8.6206,43,-7.8721,31,-0.7485,37,61,-2.8671
2020,17,2020_17_GB_CHI,GB,CHI,0,44,21.2069,25,20.7725,19,0.4344,26,41,18.0719
2020,17,2020_17_JAX_IND,IND,JAX,1,63,8.3389,28,0.9767,35,7.3622,32,53,9.0763
2020,17,2020_17_JAX_IND,JAX,IND,0,65,-16.8572,48,-12.6,17,-4.2571,25,58,-13.5665
2020,17,2020_17_LAC_KC,KC,LAC,1,50,8.3135,33,12.9325,17,-4.619,25,40,2.5826
2020,17,2020_17_LAC_KC,LAC,KC,0,67,22.3307,35,20.8164,32,1.5143,36,59,15.9686
2020,17,2020_17_LV_DEN,DEN,LV,1,76,-0.2632,44,4.9311,32,-5.1943,29,75,0.335
2020,17,2020_17_LV_DEN,LV,DEN,0,64,4.2615,42,3.403,22,0.8585,31,64,4.2615
2020,17,2020_17_MIA_BUF,BUF,MIA,1,60,15.148,39,16.5824,21,-1.4344,31,40,8.4687
2020,17,2020_17_MIA_BUF,MIA,BUF,0,81,-13.5721,61,-16.0594,20,2.4873,36,29,-12.1221
2020,17,2020_17_MIN_DET,DET,MIN,1,56,15.5375,34,8.1314,22,7.4061,29,56,15.5375
2020,17,2020_17_MIN_DET,MIN,DET,0,71,23.831,43,18.6751,28,5.1559,39,71,23.831
2020,17,2020_17_NO_CAR,CAR,NO,1,60,-24.1238,40,-24.3553,20,0.2315,26,41,-16.4203
2020,17,2020_17_NO_CAR,NO,CAR,0,63,10.3278,34,5.193,29,5.1348,32,44,8.4183
2020,17,2020_17_NYJ_NE,NE,NYJ,1,63,15.724,34,12.6768,29,3.0471,32,55,16.2326
2020,17,2020_17_NYJ_NE,NYJ,NE,0,62,2.2094,37,-0.3978,25,2.6072,36,52,1.5861
2020,17,2020_17_PIT_CLE,CLE,PIT,1,61,10.6242,31,5.369,30,5.2552,31,57,15.4532
2020,17,2020_17_PIT_CLE,PIT,CLE,0,66,7.3539,46,8.4622,20,-1.1083,25,57,0.1426
2020,17,2020_17_SEA_SF,SEA,SF,0,64,5.461,38,1.3467,26,4.1143,31,63,5.3462
2020,17,2020_17_SEA_SF,SF,SEA,1,64,1.4458,40,6.6577,24,-5.212,28,60,-1.4816
2020,17,2020_17_TEN_HOU,HOU,TEN,1,62,15.4148,45,12.5734,17,2.8414,31,62,15.4148
2020,17,2020_17_TEN_HOU,TEN,HOU,0,69,19.8105,29,8.8903,40,10.9201,36,69,19.8105
2020,17,2020_17_WAS_PHI,PHI,WAS,1,65,-19.6182,36,-16.43,29,-3.1882,22,61,-19.8381
2020,17,2020_17_WAS_PHI,WAS,PHI,0,62,-13.1441,35,-8.2477,27,-4.8964,22,59,-11.3544
2021,1,2021_01_ARI_TEN,ARI,TEN,0,67,12.4017,34,11.812,33,0.5897,27,48,10.3619
2021,1,2021_01_ARI_TEN,TEN,ARI,1,64,-20.8422,42,-16.6335,22,-4.2087,27,43,-14.5901
2021,1,2021_01_BAL_LV,BAL,LV,0,66,-3.1652,33,2.3546,33,-5.5198,27,66,-3.1652
2021,1,2021_01_BAL_LV,LV,BAL,1,78,1.3289,57,9.4137,21,-8.0847,34,77,1.5982
2021,1,2021_01_CHI_LA,CHI,LA,0,69,-6.606,43,-10.5217,26,3.9157,37,62,1.4591
2021,1,2021_01_CHI_LA,LA,CHI,1,46,20.4461,27,18.8486,19,1.5976,23,32,11.6405
2021,1,2021_01_CLE_KC,CLE,KC,0,57,15.6847,30,10.77,27,4.9147,34,57,15.6847
2021,1,2021_01_CLE_KC,KC,CLE,1,60,20.3437,39,19.3995,21,0.9442,29,60,20.3437
2021,1,2021_01_DAL_TB,DAL,TB,0,77,9.4727,59,14.2062,18,-4.7335,39,77,9.4727
2021,1,2021_01_DAL_TB,TB,DAL,1,64,3.1737,50,7.7776,14,-4.6039,33,64,3.1737
2021,1,2021_01_DEN_NYG,DEN,NYG,0,66,18.575,38,18.2585,28,0.3165,30,59,13.1499
2021,1,2021_01_DEN_NYG,NYG,DEN,1,57,-1.6447,38,-1.3879,19,-0.2568,25,41,-4.9466
2021,1,2021_01_GB_NO,GB,NO,0,52,-20.2483,37,-17.8595,15,-2.3888,19,30,-12.3369
2021,1,2021_01_GB_NO,NO,GB,1,58,18.6328,21,16.8673,37,1.7655,31,44,10.7707
2021,1,2021_01_JAX_HOU,HOU,JAX,1,74,11.5939,34,14.0536,40,-2.4597,31,41,11.8445
2021,1,2021_01_JAX_HOU,JAX,HOU,0,67,-2.8438,52,-3.838,15,0.9942,31,32,-6.3888
2021,1,2021_01_LAC_WAS,LAC,WAS,0,75,8.3631,49,10.3843,26,-2.0211,36,74,9.9201
2021,1,2021_01_LAC_WAS,WAS,LAC,1,49,-4.839,22,0.5525,27,-5.3915,20,49,-4.839
2021,1,2021_01_MIA_NE,MIA,NE,0,49,1.5989,29,1.3421,20,0.2568,23,49,1.5989
2021,1,2021_01_MIA_NE,NE,MIA,1,70,1.8459,40,6.8323,30,-4.9864,34,70,1.8459
2021,1,2021_01_MIN_CIN,CIN,MIN,1,67,-2.0008,31,3.9808,36,-5.9815,26,67,-2.0008
2021,1,2021_01_MIN_CIN,MIN,CIN,0,74,3.5083,52,11.1245,22,-7.6161,31,74,3.5083
2021,1,2021_01_NYJ_CAR,CAR,NYJ,1,60,-0.9148,36,2.8723,24,-3.7871,26,52,2.1335
2021,1,2021_01_NYJ_CAR,NYJ,CAR,0,62,-11.4822,44,-7.6983,18,-3.784,22,52,-20.8811
2021,1,2021_01_PHI_ATL,ATL,PHI,1,64,-17.8809,38,-15.9753,26,-1.9056,22,47,-4.7374
2021,1,2021_01_PHI_ATL,PHI,ATL,0,67,14.7707,35,12.5107,32,2.26,40,53,15.1394
2021,1,2021_01_PIT_BUF,BUF,PIT,1,79,-7.7679,54,-6.0918,25,-1.6761,32,70,-10.0663
2021,1,2021_01_PIT_BUF,PIT,BUF,0,52,-3.1661,34,-0.8279,18,-2.3382,20,51,-2.0959
2021,1,2021_01_SEA_IND,IND,SEA,1,72,-6.9287,41,0.3033,31,-7.232,32,55,-11.5918
2021,1,2021_01_SEA_IND,SEA,IND,0,53,10.4803,26,12.1149,27,-1.6346,26,43,7.175
2021,1,2021_01_SF_DET,DET,SF,1,86,-6.5802,62,-6.8489,24,0.2687,39,49,-14.4402
2021,1,2021_01_SF_DET,SF,DET,0,53,13.2695,26,19.0066,27,-5.7371,27,24,16.0587
2021,2,2021_02_ATL_TB,ATL,TB,0,70,-19.0316,49,-9.1301,21,-9.9014,31,58,-2.6444
2021,2,2021_02_ATL_TB,TB,ATL,1,57,3.6469,39,1.8544,18,1.7925,28,53,8.1062
2021,2,2021_02_BUF_MIA,BUF,MIA,0,62,9.9876,34,-0.7504,28,10.738,27,38,2.3008
2021,2,2021_02_BUF_MIA,MIA,BUF,1,69,-31.3973,50,-24.9244,19,-6.4729,22,47,-20.5851
2021,2,2021_02_CIN_CHI,CHI,CIN,1,58,-13.7107,27,-7.0575,31,-6.6532,21,49,-3.5837
2021,2,2021_02_CIN_CHI,CIN,CHI,0,55,-18.9374,35,-15.0786,20,-3.8588,23,46,-14.4728
2021,2,2021_02_DAL_LAC,DAL,LAC,0,60,6.1742,29,-1.6676,31,7.8418,35,60,6.1742
2021,2,2021_02_DAL_LAC,LAC,DAL,1,63,5.943,43,3.6222,20,2.3208,31,63,5.943
2021,2,2021_02_DEN_JAX,DEN,JAX,0,65,9.2669,37,8.9522,28,0.3147,31,47,7.1465
2021,2,2021_02_DEN_JAX,JAX,DEN,1,51,-12.8743,35,-14.1787,16,1.3045,18,50,-11.9273
2021,2,2021_02_DET_GB,DET,GB,0,56,-0.4679,37,-0.5682,19,0.1003,31,39,3.9124
2021,2,2021_02_DET_GB,GB,DET,1,57,16.9203,30,17.5705,27,-0.6502,30,45,20.7439
2021,2,2021_02_HOU_CLE,CLE,HOU,1,54,8.0536,23,2.6616,31,5.392,31,51,10.0523
2021,2,2021_02_HOU_CLE,HOU,CLE,0,58,5.5809,30,9.3526,28,-3.7717,23,50,4.0401
2021,2,2021_02_KC_BAL,BAL,KC,1,68,12.0141,28,-1.1584,40,13.1725,42,68,12.0141
2021,2,2021_02_KC_BAL,KC,BAL,0,49,14.2738,31,17.1982,18,-2.9244,28,49,14.2738
2021,2,2021_02_LA_IND,IND,LA,1,66,-5.2879,40,-4.3744,26,-0.9135,29,66,-5.2879
2021,2,2021_02_LA_IND,LA,IND,0,60,4.5633,31,11.9336,29,-7.3703,28,60,4.5633
2021,2,2021_02_LV_PIT,LV,PIT,0,64,13.926,39,20.6227,25,-6.6968,33,60,13.7333
2021,2,2021_02_LV_PIT,PIT,LV,1,56,0.0914,42,2.707,14,-2.6157,18,55,0.1974
2021,2,2021_02_MIN_ARI,ARI,MIN,1,60,6.9889,39,4.5778,21,2.4111,31,60,6.9889
2021,2,2021_02_MIN_ARI,MIN,ARI,0,60,11.5565,33,6.9798,27,4.5767,31,60,11.5565
2021,2,2021_02_NE_NYJ,NE,NYJ,0,57,-3.0869,33,-4.3784,24,1.2915,23,38,1.269
2021,2,2021_02_NE_NYJ,NYJ,NE,1,67,-21.473,37,-23.7022,30,2.2292,26,37,-14.1313
2021,2,2021_02_NO_CAR,CAR,NO,1,73,4.7704,40,10.9161,33,-6.1458,33,49,14.8797
2021,2,2021_02_NO_CAR,NO,CAR,0,42,-22.4155,26,-18.6449,16,-3.7705,11,32,-17.5645
2021,2,2021_02_NYG_WAS,NYG,WAS,0,63,5.0487,36,2.8206,27,2.2281,27,63,5.0487
2021,2,2021_02_NYG_WAS,WAS,NYG,1,68,6.7395,46,0.7827,22,5.9568,34,68,6.7395
2021,2,2021_02_SF_PHI,PHI,SF,1,55,-0.7669,26,-2.1225,29,1.3556,26,51,-5.9306
2021,2,2021_02_SF_PHI,SF,PHI,0,65,6.3167,30,6.4933,35,-0.1765,28,57,4.7745
2021,2,2021_02_TEN_SEA,SEA,TEN,1,52,8.0389,34,8.28,18,-0.2411,21,52,8.0389
2021,2,2021_02_TEN_SEA,TEN,SEA,0,82,13.3617,43,7.4362,39,5.9255,42,82,13.3617
2021,3,2021_03_ARI_JAX,ARI,JAX,0,64,13.8306,34,11.8649,30,1.9657,34,59,14.6114
2021,3,2021_03_ARI_JAX,JAX,ARI,1,65,-10.2242,36,-12.9823,29,2.758,35,55,-11.8513
2021,3,2021_03_ATL_NYG,ATL,NYG,0,59,1.95,39,5.1524,20,-3.2024,22,59,1.95
2021,3,2021_03_ATL_NYG,NYG,ATL,1,64,2.7122,37,4.7617,27,-2.0495,30,64,2.7122
2021,3,2021_03_BAL_DET,BAL,DET,0,56,3.3806,34,7.412,22,-4.0314,24,56,3.3806
2021,3,2021_03_BAL_DET,DET,BAL,1,60,-2.5051,33,2.2269,27,-4.732,23,60,-2.5051
2021,3,2021_03_CAR_HOU,CAR,HOU,0,67,12.9766,37,11.9963,30,0.9804,31,59,9.4542
2021,3,2021_03_CAR_HOU,HOU,CAR,1,48,-13.9764,31,-7.2302,17,-6.7463,17,43,-10.0427
2021,3,2021_03_CHI_CLE,CHI,CLE,0,42,-25.4679,29,-21.8393,13,-3.6287,10,34,-17.4052
2021,3,2021_03_CHI_CLE,CLE,CHI,1,75,3.1943,35,-1.998,40,5.1923,34,58,2.5932
2021,3,2021_03_CIN_PIT,CIN,PIT,0,39,5.523,18,8.3035,21,-2.7805,18,30,9.5991
2021,3,2021_03_CIN_PIT,PIT,CIN,1,77,-12.8612,62,-8.9434,15,-3.9178,26,49,-14.0115
2021,3,2021_03_GB_SF,GB,SF,0,57,6.9119,32,7.227,25,-0.315,27,57,6.9119
2021,3,2021_03_GB_SF,SF,GB,1,65,2.7719,44,0.6683,21,2.1036,31,65,2.7719
2021,3,2021_03_IND_TEN,IND,TEN,0,57,-2.5818,39,-8.5595,18,5.9778,22,49,-1.7686
2021,3,2021_03_IND_TEN,TEN,IND,1,64,0.8176,28,-2.7874,36,3.605,28,64,0.8176
2021,3,2021_03_LAC_KC,KC,LAC,1,76,5.2669,46,3.9523,30,1.3147,41,76,5.2669
2021,3,2021_03_LAC_KC,LAC,KC,0,61,14.2629,40,16.2202,21,-1.9573,33,61,14.2629
2021,3,2021_03_MIA_LV,LV,MIA,1,79,1.2041,46,6.625,33,-5.4209,36,78,2.1185
2021,3,2021_03_MIA_LV,MIA,LV,0,78,-5.5669,51,-2.7167,27,-2.8503,29,77,-8.0082
2021,3,2021_03_NO_NE,NE,NO,1,70,-18.6892,53,-16.8824,17,-1.8069,26,52,-16.6199
2021,3,2021_03_NO_NE,NO,NE,0,60,3.9415,24,5.2669,36,-1.3254,32,47,5.7639
2021,3,2021_03_NYJ_DEN,DEN,NYJ,1,63,-0.8772,27,11.934,36,-12.8112,29,35,9.5966
2021,3,2021_03_NYJ_DEN,NYJ,DEN,0,53,-27.0921,40,-24.1054,13,-2.9867,18,29,-10.8672
2021,3,2021_03_PHI_DAL,DAL,PHI,1,68,6.6864,30,11.5716,38,-4.8853,40,46,5.3801
2021,3,2021_03_PHI_DAL,PHI,DAL,0,53,-10.8212,41,-6.2284,12,-4.5928,21,27,-9.7729
2021,3,2021_03_SEA_MIN,MIN,SEA,1,73,16.8733,39,19.2169,34,-2.3436,35,60,18.7114
2021,3,2021_03_SEA_MIN,SEA,MIN,0,52,5.0052,34,0.711,18,4.2943,27,43,9.1439
2021,3,2021_03_TB_LA,LA,TB,1,61,13.7757,39,17.6688,22,-3.893,26,42,16.8771
2021,3,2021_03_TB_LA,TB,LA,0,71,13.0038,58,13.1633,13,-0.1595,37,50,7.6009
2021,3,2021_03_WAS_BUF,BUF,WAS,1,75,17.6383,45,17.0759,30,0.5624,37,53,15.1514
2021,3,2021_03_WAS_BUF,WAS,BUF,0,50,-9.6036,25,-0.563,25,-9.0406,17,27,-4.1607
2021,4,2021_04_ARI_LA,ARI,LA,0,73,22.3349,35,13.9257,38,8.4092,41,57,15.356
2021,4,2021_04_ARI_LA,LA,ARI,1,63,0.5935,41,2.3852,22,-1.7918,37,41,-4.3475
2021,4,2021_04_BAL_DEN,BAL,DEN,0,70,7.1307,40,10.4185,30,-3.2878,34,52,5.2526
2021,4,2021_04_BAL_DEN,DEN,BAL,1,59,-13.0111,42,-16.4272,17,3.4161,21,50,-11.1336
2021,4,2021_04_CAR_DAL,CAR,DAL,0,68,5.4502,44,-1.5771,24,7.0274,33,48,0.1054
2021,4,2021_04_CAR_DAL,DAL,CAR,1,56,14.5032,24,6.6211,32,7.8821,31,43,17.3463
2021,4,2021_04_CLE_MIN,CLE,MIN,0,75,-5.2399,37,-6.0629,38,0.823,29,72,-4.013
2021,4,2021_04_CLE_MIN,MIN,CLE,1,62,-16.2312,40,-9.8194,22,-6.4118,19,62,-16.2312
2021,4,2021_04_DET_CHI,CHI,DET,1,55,10.6283,18,3.2153,37,7.413,25,39,11.4907
2021,4,2021_04_DET_CHI,DET,CHI,0,67,-3.3759,42,4.784,25,-8.1598,32,50,-12.8997
2021,4,2021_04_HOU_BUF,BUF,HOU,1,70,8.166,32,2.4667,38,5.6993,42,38,-2.657
2021,4,2021_04_HOU_BUF,HOU,BUF,0,42,-34.9317,24,-28.3343,18,-6.5974,9,23,-22.2396
2021,4,2021_04_IND_MIA,IND,MIA,0,64,11.8945,34,9.9146,30,1.9799,27,47,9.3544
2021,4,2021_04_IND_MIA,MIA,IND,1,49,-4.769,33,-0.5593,16,-4.2097,18,37,-15.7703
2021,4,2021_04_JAX_CIN,CIN,JAX,1,55,17.9949,33,17.5895,22,0.4054,30,55,17.9949
2021,4,2021_04_JAX_CIN,JAX,CIN,0,55,10.0832,25,6.4064,30,3.6767,30,55,10.0832
2021,4,2021_04_KC_PHI,KC,PHI,0,62,32.9535,31,22.7329,31,10.2206,40,56,26.9431
2021,4,2021_04_KC_PHI,PHI,KC,1,70,17.8781,51,13.8205,19,4.0576,36,57,11.7105
2021,4,2021_04_LV_LAC,LAC,LV,1,73,3.4282,41,2.2882,32,1.1399,33,67,3.1078
2021,4,2021_04_LV_LAC,LV,LAC,0,56,-13.0515,38,-7.575,18,-5.4765,20,44,-5.6048
2021,4,2021_04_NYG_NO,NO,NYG,1,65,8.1926,26,8.6489,39,-0.4563,35,62,10.0056
2021,4,2021_04_NYG_NO,NYG,NO,0,61,14.4382,40,16.3787,21,-1.9404,27,61,14.4382
2021,4,2021_04_PIT_GB,GB,PIT,1,70,2.7427,39,3.5787,31,-0.836,34,52,13.7297
2021,4,2021_04_PIT_GB,PIT,GB,0,58,-8.2538,42,-10.5165,16,2.2627,22,33,-3.5697
2021,4,2021_04_SEA_SF,SEA,SF,0,52,-3.5964,26,-4.5667,26,0.9702,19,46,0.7493
2021,4,2021_04_SEA_SF,SF,SEA,1,73,5.9597,43,6.6407,30,-0.681,36,48,3.0259
2021,4,2021_04_TB_NE,NE,TB,1,53,-4.4428,46,-1.0174,7,-3.4253,25,53,-4.4428
2021,4,2021_04_TB_NE,TB,NE,0,71,7.1395,44,2.2452,27,4.8943,31,71,7.1395
2021,4,2021_04_TEN_NYJ,NYJ,TEN,1,59,1.7357,35,9.0913,24,-7.3556,26,59,1.7357
2021,4,2021_04_TEN_NYJ,TEN,NYJ,0,94,2.05,57,0.2581,37,1.7919,43,94,2.05
2021,4,2021_04_WAS_ATL,ATL,WAS,1,71,7.5122,43,12.4066,28,-4.8945,31,71,7.5122
2021,4,2021_04_WAS_ATL,WAS,ATL,0,63,15.3391,35,18.078,28,-2.7389,32,63,15.3391
2021,5,2021_05_BUF_KC,BUF,KC,0,51,17.9481,26,14.4347,25,3.5134,25,35,14.424
2021,5,2021_05_BUF_KC,KC,BUF,1,79,-12.4592,56,-9.875,23,-2.5842,40,63,-10.1792
2021,5,2021_05_CHI_LV,CHI,LV,0,59,0.2242,22,6.3502,37,-6.126,27,56,1.9634
2021,5,2021_05_CHI_LV,LV,CHI,1,61,-10.8831,39,-9.2957,22,-1.5874,23,56,-7.2566
2021,5,2021_05_CLE_LAC,CLE,LAC,0,68,20.618,33,11.0817,35,9.5363,34,68,20.618
2021,5,2021_05_CLE_LAC,LAC,CLE,1,69,21.0697,46,12.6507,23,8.419,31,69,21.0697
2021,5,2021_05_DEN_PIT,DEN,PIT,0,59,7.8922,41,7.2723,18,0.62,29,43,-0.748
2021,5,2021_05_DEN_PIT,PIT,DEN,1,60,8.2535,26,9.3485,34,-1.095,28,58,9.4906
2021,5,2021_05_DET_MIN,DET,MIN,0,64,-13.0147,40,-14.082,24,1.0673,23,62,-8.7938
2021,5,2021_05_DET_MIN,MIN,DET,1,63,-3.8972,35,5.1107,28,-9.0079,24,59,2.2605
2021,5,2021_05_GB_CIN,CIN,GB,1,66,0.8056,42,2.4002,24,-1.5945,32,66,0.8056
2021,5,2021_05_GB_CIN,GB,CIN,0,62,8.5288,40,8.6874,22,-0.1586,28,62,8.5288
2021,5,2021_05_IND_BAL,BAL,IND,1,73,21.216,47,32.4743,26,-11.2582,45,65,11.5247
2021,5,2021_05_IND_BAL,IND,BAL,0,64,19.9302,38,16.5193,26,3.411,31,47,18.3636
2021,5,2021_05_LA_SEA,LA,SEA,0,66,14.1908,38,14.0556,28,0.1352,34,63,14.5232
2021,5,2021_05_LA_SEA,SEA,LA,1,60,-5.0207,35,2.2065,25,-7.2272,25,57,-4.9515
2021,5,2021_05_MIA_TB,MIA,TB,0,51,-1.3882,42,-1.0712,9,-0.317,23,41,6.537
2021,5,2021_05_MIA_TB,TB,MIA,1,67,35.0935,45,32.2731,22,2.8204,41,53,21.3166
2021,5,2021_05_NE_HOU,HOU,NE,1,56,10.7599,32,17.8188,24,-7.0589,22,56,10.7599
2021,5,2021_05_NE_HOU,NE,HOU,0,60,0.9427,30,8.9579,30,-8.0152,29,60,0.9427
2021,5,2021_05_NO_WAS,NO,WAS,0,54,7.274,32,7.1784,22,0.0956,21,49,8.2034
2021,5,2021_05_NO_WAS,WAS,NO,1,77,-11.1719,44,-13.3093,33,2.1373,35,73,-8.5564
2021,5,2021_05_NYG_DAL,DAL,NYG,1,74,13.078,35,11.6006,39,1.4774,36,58,5.9712
2021,5,2021_05_NYG_DAL,NYG,DAL,0,64,-8.3002,39,-2.7174,25,-5.5827,25,47,-6.2579
2021,5,2021_05_NYJ_ATL,ATL,NYJ,1,74,14.5288,46,15.6622,28,-1.1334,37,74,14.5288
2021,5,2021_05_NYJ_ATL,NYJ,ATL,0,53,-1.6631,35,-4.8024,18,3.1393,25,43,-3.155
2021,5,2021_05_PHI_CAR,CAR,PHI,1,70,-20.9173,40,-17.9498,30,-2.9674,28,70,-20.9173
2021,5,2021_05_PHI_CAR,PHI,CAR,0,60,-15.3494,40,-16.1454,20,0.796,21,59,-15.1639
2021,5,2021_05_SF_ARI,ARI,SF,1,57,-0.6886,33,-0.0926,24,-0.5959,26,56,-1.0005
2021,5,2021_05_SF_ARI,SF,ARI,0,59,-10.252,31,-6.802,28,-3.4499,23,59,-10.252
2021,5,2021_05_TEN_JAX,JAX,TEN,1,67,-4.2557,36,-7.7513,31,3.4955,37,43,-5.2658
2021,5,2021_05_TEN_JAX,TEN,JAX,0,61,15.9313,25,6.579,36,9.3523,30,49,18.4876
2021,6,2021_06_ARI_CLE,ARI,CLE,0,66,14.7689,32,14.5769,34,0.192,29,51,7.2034
2021,6,2021_06_ARI_CLE,CLE,ARI,1,55,-14.8637,36,-9.9796,19,-4.8841,18,49,-10.1516
2021,6,2021_06_BUF_TEN,BUF,TEN,0,74,8.9664,51,15.01,23,-6.0436,35,74,8.9664
2021,6,2021_06_BUF_TEN,TEN,BUF,1,50,12.606,29,7.0081,21,5.5979,23,50,12.606
2021,6,2021_06_CIN_DET,CIN,DET,0,65,13.0014,32,12.1569,33,0.8445,29,43,5.6898
2021,6,2021_06_CIN_DET,DET,CIN,1,61,-10.0353,43,-6.4874,18,-3.5479,22,32,-17.7718
2021,6,2021_06_DAL_NE,DAL,NE,0,83,13.4013,52,22.4956,31,-9.0944,41,83,13.4013
2021,6,2021_06_DAL_NE,NE,DAL,1,49,-0.6279,24,-3.245,25,2.6171,24,49,-0.6279
2021,6,2021_06_GB_CHI,CHI,GB,1,57,1.1348,31,-4.2248,26,5.3595,26,56,3.172
2021,6,2021_06_GB_CHI,GB,CHI,0,53,12.8697,26,6.7924,27,6.0773,29,49,12.9396
2021,6,2021_06_HOU_IND,HOU,IND,0,74,-16.5531,45,-8.9994,29,-7.5538,30,45,-8.2687
2021,6,2021_06_HOU_IND,IND,HOU,1,47,13.2927,22,6.6618,25,6.6309,19,29,10.7168
2021,6,2021_06_KC_WAS,KC,WAS,0,78,9.8463,50,12.3344,28,-2.4881,39,62,7.1944
2021,6,2021_06_KC_WAS,WAS,KC,1,58,-9.7612,39,-5.7161,19,-4.0452,23,55,-5.1442
2021,6,2021_06_LAC_BAL,BAL,LAC,1,66,3.8325,30,-3.3858,36,7.2183,37,45,11.4206
2021,6,2021_06_LAC_BAL,LAC,BAL,0,53,-17.3771,41,-14.143,12,-3.2341,18,28,-7.4041
2021,6,2021_06_LA_NYG,LA,NYG,0,65,10.7691,32,14.9842,33,-4.2151,32,31,7.4603
2021,6,2021_06_LA_NYG,NYG,LA,1,74,-19.5203,56,-14.7017,18,-4.8186,28,39,-16.2842
2021,6,2021_06_LV_DEN,DEN,LV,1,77,-0.123,54,3.8611,23,-3.9841,35,49,-6.228
2021,6,2021_06_LV_DEN,LV,DEN,0,51,16.5274,29,16.4943,22,0.0331,24,39,16.1125
2021,6,2021_06_MIA_JAX,JAX,MIA,1,62,5.4921,43,9.3864,19,-3.8943,28,62,5.4921
2021,6,2021_06_MIA_JAX,MIA,JAX,0,67,8.9993,47,10.982,20,-1.9827,32,67,8.9993
2021,6,2021_06_MIN_CAR,CAR,MIN,1,68,-18.63,46,-21.6581,22,3.0281,26,64,-20.3282
2021,6,2021_06_MIN_CAR,MIN,CAR,0,85,6.5601,48,7.8641,37,-1.3041,36,79,11.5289
2021,6,2021_06_SEA_PIT,PIT,SEA,1,70,0.0458,41,-1.0961,29,1.142,29,70,0.0458
2021,6,2021_06_SEA_PIT,SEA,PIT,0,62,-3.1803,36,-8.4266,26,5.2463,29,62,-3.1803
2021,6,2021_06_TB_PHI,PHI,TB,1,48,1.006,29,-6.5758,19,7.5819,20,44,-0.7377
2021,6,2021_06_TB_PHI,TB,PHI,0,70,18.5369,42,13.4958,28,5.0412,38,61,19.5814
2021,7,2021_07_ATL_MIA,ATL,MIA,0,61,7.0906,41,11.1772,20,-4.0865,27,61,7.0906
2021,7,2021_07_ATL_MIA,MIA,ATL,1,70,7.3843,41,5.6024,29,1.7819,38,70,7.3843
2021,7,2021_07_CAR_NYG,CAR,NYG,0,62,-22.0028,45,-23.8313,17,1.8285,22,46,-13.0316
2021,7,2021_07_CAR_NYG,NYG,CAR,1,64,-6.9346,36,-1.0198,28,-5.9148,24,51,-7.8706
2021,7,2021_07_CHI_TB,CHI,TB,0,65,-28.3696,36,-25.4893,29,-2.8803,27,31,-19.5271
2021,7,2021_07_CHI_TB,TB,CHI,1,70,9.817,39,8.6099,31,1.2071,34,17,6.4409
2021,7,2021_07_CIN_BAL,BAL,CIN,1,71,-9.9722,47,-13.5508,24,3.5786,25,54,-1.3882
2021,7,2021_07_CIN_BAL,CIN,BAL,0,62,18.736,38,19.6944,24,-0.9584,27,51,15.956
2021,7,2021_07_DEN_CLE,CLE,DEN,1,66,15.3827,34,4.7644,32,10.6183,39,65,14.1753
2021,7,2021_07_DEN_CLE,DEN,CLE,0,49,5.4054,35,6.3266,14,-0.9212,23,49,5.4054
2021,7,2021_07_DET_LA,DET,LA,0,65,4.8149,37,3.1276,28,1.6873,31,62,6.9066
2021,7,2021_07_DET_LA,LA,DET,1,60,10.6486,43,15.0916,17,-4.443,27,56,11.5378
2021,7,2021_07_HOU_ARI,ARI,HOU,1,67,9.1752,32,8.6268,35,0.5483,33,43,11.2486
2021,7,2021_07_HOU_ARI,HOU,ARI,0,49,-22.5336,34,-16.396,15,-6.1376,14,29,-7.8731
2021,7,2021_07_IND_SF,IND,SF,0,61,-5.9034,28,-4.174,33,-1.7294,19,58,-5.7333
2021,7,2021_07_IND_SF,SF,IND,1,53,-14.6466,30,-13.4254,23,-1.2212,18,48,-12.1019
2021,7,2021_07_KC_TEN,KC,TEN,0,67,-6.7587,55,-6.5214,12,-0.2374,33,12,-7.0077
2021,7,2021_07_KC_TEN,TEN,KC,1,62,11.7188,28,14.9767,34,-3.258,33,34,15.1082
2021,7,2021_07_NO_SEA,NO,SEA,0,66,-9.8183,37,-6.2063,29,-3.612,25,66,-9.8183
2021,7,2021_07_NO_SEA,SEA,NO,1,54,-6.5937,27,-3.9411,27,-2.6526,19,54,-6.5937
2021,7,2021_07_NYJ_NE,NE,NYJ,1,71,33.8005,42,25.8866,29,7.9139,38,39,17.8795
2021,7,2021_07_NYJ_NE,NYJ,NE,0,62,-7.2158,44,-2.4759,18,-4.7398,29,29,-2.1173
2021,7,2021_07_PHI_LV,LV,PHI,1,62,15.826,34,18.3428,28,-2.5168,36,42,15.8341
2021,7,2021_07_PHI_LV,PHI,LV,0,68,1.9399,37,4.161,31,-2.2211,35,30,-4.3325
2021,7,2021_07_WAS_GB,GB,WAS,1,53,4.9513,38,10.8926,15,-5.9414,23,40,9.3191
2021,7,2021_07_WAS_GB,WAS,GB,0,68,-7.1008,40,-10.5425,28,3.4416,35,41,-3.9025
2021,8,2021_08_CAR_ATL,ATL,CAR,1,50,-11.2844,30,-8.3012,20,-2.9831,19,49,-11.4663
2021,8,2021_08_CAR_ATL,CAR,ATL,0,71,4.2874,25,1.0652,46,3.2222,35,66,6.0964
2021,8,2021_08_CIN_NYJ,CIN,NYJ,0,53,1.2024,38,2.8757,15,-1.6733,25,53,1.2024
2021,8,2021_08_CIN_NYJ,NYJ,CIN,1,77,3.9284,53,3.3757,24,0.5528,44,77,3.9284
2021,8,2021_08_DAL_MIN,DAL,MIN,0,68,1.7263,44,4.7996,24,-3.0733,27,68,1.7263
2021,8,2021_08_DAL_MIN,MIN,DAL,1,60,-13.8229,37,-10.6727,23,-3.1502,18,60,-13.8229
2021,8,2021_08_GB_ARI,ARI,GB,1,55,2.7658,35,0.638,20,2.1278,28,55,2.7658
2021,8,2021_08_GB_ARI,GB,ARI,0,71,6.0174,38,1.4297,33,4.5878,33,71,6.0174
2021,8,2021_08_JAX_SEA,JAX,SEA,0,73,-10.9269,55,-7.6999,18,-3.227,32,28,-12.3399
2021,8,2021_08_JAX_SEA,SEA,JAX,1,52,1.6681,27,6.3084,25,-4.6402,25,31,8.443
2021,8,2021_08_LA_HOU,HOU,LA,1,59,-6.9182,44,-7.3619,15,0.4437,26,19,-8.796
2021,8,2021_08_LA_HOU,LA,HOU,0,66,14.3344,35,13.4167,31,0.9177,34,41,10.6269
2021,8,2021_08_MIA_BUF,BUF,MIA,1,66,2.9558,43,5.1274,23,-2.1715,28,61,1.7914
2021,8,2021_08_MIA_BUF,MIA,BUF,0,65,-7.7155,42,-1.5883,23,-6.1272,26,58,-11.5639
2021,8,2021_08_NE_LAC,LAC,NE,1,57,-1.6494,38,-7.7347,19,6.0853,21,47,-7.5856
2021,8,2021_08_NE_LAC,NE,LAC,0,75,-2.1927,37,-4.385,38,2.1923,35,72,0.6012
2021,8,2021_08_NYG_KC,KC,NYG,1,76,1.1098,50,-1.7179,26,2.8277,37,76,1.1098
2021,8,2021_08_NYG_KC,NYG,KC,0,55,-3.1086,36,-0.4677,19,-2.6409,22,55,-3.1086
2021,8,2021_08_PHI_DET,DET,PHI,1,59,-23.9028,41,-21.5938,18,-2.309,21,33,-10.2824
2021,8,2021_08_PHI_DET,PHI,DET,0,61,14.241,16,1.4714,45,12.7696,31,35,12.2964
2021,8,2021_08_PIT_CLE,CLE,PIT,1,58,-5.9183,35,-1.9415,23,-3.9768,24,58,-5.9183
2021,8,2021_08_PIT_CLE,PIT,CLE,0,70,4.0497,39,2.6479,31,1.4018,27,66,7.353
2021,8,2021_08_SF_CHI,CHI,SF,1,67,6.065,31,2.7154,36,3.3496,28,66,8.4039
2021,8,2021_08_SF_CHI,SF,CHI,0,51,23.9515,28,15.79,23,8.1614,26,45,22.8359
2021,8,2021_08_TB_NO,NO,TB,1,71,3.2823,40,0.1226,31,3.1598,27,71,3.2823
2021,8,2021_08_TB_NO,TB,NO,0,59,-1.8064,44,0.2994,15,-2.1058,28,55,2.5478
2021,8,2021_08_TEN_IND,IND,TEN,1,72,-10.1243,52,-13.0084,20,2.8842,35,71,-12.5007
2021,8,2021_08_TEN_IND,TEN,IND,0,67,6.6182,37,7.3243,30,-0.7061,29,67,6.6182
2021,8,2021_08_WAS_DEN,DEN,WAS,1,51,4.0221,30,3.6068,21,0.4153,23,48,7.3271
2021,8,2021_08_WAS_DEN,WAS,DEN,0,68,-1.144,44,-2.6341,24,1.4901,27,68,-1.144
2021,9,2021_09_ARI_SF,ARI,SF,0,67,16.4098,29,16.3523,38,0.0575,30,45,21.7405
2021,9,2021_09_ARI_SF,SF,ARI,1,56,-6.4056,45,-4.4215,11,-1.9841,25,29,-8.1268
2021,9,2021_09_ATL_NO,ATL,NO,0,55,5.278,32,17.3262,23,-12.0482,21,51,6.6387
2021,9,2021_09_ATL_NO,NO,ATL,1,71,-5.1882,45,-3.3352,26,-1.853,31,63,-10.2354
2021,9,2021_09_BUF_JAX,BUF,JAX,0,65,-10.8012,51,-8.6971,14,-2.1041,26,65,-10.8012
2021,9,2021_09_BUF_JAX,JAX,BUF,1,56,-11.6912,30,-2.0844,26,-9.6068,20,53,-10.0252
2021,9,2021_09_CHI_PIT,CHI,PIT,0,58,6.9366,32,4.4908,26,2.4458,26,58,6.9366
2021,9,2021_09_CHI_PIT,PIT,CHI,1,64,1.1274,33,4.2038,31,-3.0764,24,63,2.6569
2021,9,2021_09_CLE_CIN,CIN,CLE,1,71,-22.5774,47,-19.8681,24,-2.7092,31,48,-11.4257
2021,9,2021_09_CLE_CIN,CLE,CIN,0,46,14.3434,23,10.4408,23,3.9026,18,23,13.4037
2021,9,2021_09_DEN_DAL,DAL,DEN,1,59,-9.493,41,-8.3224,18,-1.1706,23,31,-18.8106
2021,9,2021_09_DEN_DAL,DEN,DAL,0,72,11.7356,33,9.056,39,2.6796,32,48,8.2116
2021,9,2021_09_GB_KC,GB,KC,0,60,-0.3357,35,-0.797,25,0.4613,23,55,-7.7938
2021,9,2021_09_GB_KC,KC,GB,1,61,-9.4467,38,-8.9517,23,-0.495,23,55,-9.6733
2021,9,2021_09_HOU_MIA,HOU,MIA,0,66,-20.192,48,-17.9356,18,-2.2564,22,62,-20.8376
2021,9,2021_09_HOU_MIA,MIA,HOU,1,72,-13.8199,47,-3.2086,25,-10.6113,27,66,-11.3079
2021,9,2021_09_LAC_PHI,LAC,PHI,0,65,19.0162,38,22.4422,27,-3.426,34,65,19.0162
2021,9,2021_09_LAC_PHI,PHI,LAC,1,57,12.7168,18,5.6133,39,7.1035,29,57,12.7168
2021,9,2021_09_LV_NYG,LV,NYG,0,67,-3.1777,47,-7.3401,20,4.1624,37,67,-3.1777
2021,9,2021_09_LV_NYG,NYG,LV,1,53,-2.5545,23,-2.0597,30,-0.4949,26,53,-2.5545
2021,9,2021_09_MIN_BAL,BAL,MIN,1,89,9.3697,44,-1.769,45,11.1387,46,89,9.3697
2021,9,2021_09_MIN_BAL,MIN,BAL,0,52,9.0279,28,7.6666,24,1.3613,20,52,9.0279
2021,9,2021_09_NE_CAR,CAR,NE,1,57,-28.1052,34,-24.5028,23,-3.6024,17,40,-24.4022
2021,9,2021_09_NE_CAR,NE,CAR,0,56,-2.5124,20,-3.6108,36,1.0984,25,38,-1.9968
2021,9,2021_09_NYJ_IND,IND,NYJ,1,60,26.4318,31,15.9122,29,10.5196,33,39,24.79
2021,9,2021_09_NYJ_IND,NYJ,IND,0,75,15.2916,54,20.7711,21,-5.4795,35,26,3.3008
2021,9,2021_09_TEN_LA,LA,TEN,1,74,-17.9433,53,-20.0037,21,2.0604,30,59,-25.4754
2021,9,2021_09_TEN_LA,TEN,LA,0,55,-4.2578,30,-4.2389,25,-0.0189,23,47,-5.4754
2021,10,2021_10_ATL_DAL,ATL,DAL,0,53,-24.4169,29,-22.5683,24,-1.8486,17,20,-7.3819
2021,10,2021_10_ATL_DAL,DAL,ATL,1,70,12.9928,35,20.7958,35,-7.803,29,38,15.0208
2021,10,2021_10_BAL_MIA,BAL,MIA,0,67,-18.3598,45,-15.037,22,-3.3228,28,56,-20.7799
2021,10,2021_10_BAL_MIA,MIA,BAL,1,61,-3.4131,41,-0.7894,20,-2.6237,22,56,-4.4984
2021,10,2021_10_BUF_NYJ,BUF,NYJ,0,51,23.5177,30,18.9563,21,4.5613,31,35,15.9998
2021,10,2021_10_BUF_NYJ,NYJ,BUF,1,70,-11.7304,48,-9.1918,22,-2.5386,27,31,-9.5623
2021,10,2021_10_CAR_ARI,ARI,CAR,1,53,-30.683,33,-19.6964,20,-10.9866,15,24,-22.402
2021,10,2021_10_CAR_ARI,CAR,ARI,0,70,0.2616,33,4.4029,37,-4.1413,34,36,6.9924
2021,10,2021_10_CLE_NE,CLE,NE,0,58,-10.4155,38,-9.5122,20,-0.9033,23,28,-5.8887
2021,10,2021_10_CLE_NE,NE,CLE,1,60,29.7139,28,23.8904,32,5.8235,34,42,15.4866
2021,10,2021_10_DET_PIT,DET,PIT,0,68,-7.1783,29,-12.1568,39,4.9785,19,67,-7.0821
2021,10,2021_10_DET_PIT,PIT,DET,1,80,-10.7158,50,-12.7356,30,2.0198,32,80,-10.7158
2021,10,2021_10_JAX_IND,IND,JAX,1,59,-2.7711,35,-3.1666,24,0.3955,23,59,-2.7711
2021,10,2021_10_JAX_IND,JAX,IND,0,63,-0.8674,39,-6.5553,24,5.6879,26,63,-0.8674
2021,10,2021_10_KC_LV,KC,LV,0,74,28.8626,51,28.9236,23,-0.061,40,61,21.7039
2021,10,2021_10_KC_LV,LV,KC,1,51,-8.3562,37,-6.229,14,-2.1272,17,32,-5.4735
2021,10,2021_10_LA_SF,LA,SF,0,54,-11.6536,44,-11.3718,10,-0.2817,20,27,-4.9054
2021,10,2021_10_LA_SF,SF,LA,1,63,9.9182,20,15.4101,43,-5.4919,28,40,11.3375
2021,10,2021_10_MIN_LAC,LAC,MIN,1,55,-6.8398,36,-6.6985,19,-0.1413,24,55,-6.8398
2021,10,2021_10_MIN_LAC,MIN,LAC,0,69,9.3007,39,6.6415,30,2.6592,34,69,9.3007
2021,10,2021_10_NO_TEN,NO,TEN,0,62,6.9357,41,6.1498,21,0.7858,26,62,6.9357
2021,10,2021_10_NO_TEN,TEN,NO,1,56,-3.72,29,2.4384,27,-6.1584,22,55,-2.8994
2021,10,2021_10_PHI_DEN,DEN,PHI,1,55,-14.3525,37,-5.2648,18,-9.0877,21,44,-8.4041
2021,10,2021_10_PHI_DEN,PHI,DEN,0,61,8.1937,25,5.0715,36,3.1222,30,48,8.0756
2021,10,2021_10_SEA_GB,GB,SEA,1,70,4.4972,38,1.7057,32,2.7914,32,61,-1.1137
2021,10,2021_10_SEA_GB,SEA,GB,0,59,-17.8933,43,-20.467,16,2.5737,25,46,-17.1857
2021,10,2021_10_TB_WAS,TB,WAS,0,47,-0.8749,34,-2.8937,13,2.0188,22,45,-0.6957
2021,10,2021_10_TB_WAS,WAS,TB,1,72,3.0223,37,5.8395,35,-2.8172,31,68,1.5758
2021,11,2021_11_ARI_SEA,ARI,SEA,0,77,13.8702,46,15.7743,31,-1.9041,42,76,13.7864
2021,11,2021_11_ARI_SEA,SEA,ARI,1,49,-5.6845,30,-4.8678,19,-0.8168,18,43,-1.7703
2021,11,2021_11_BAL_CHI,BAL,CHI,0,76,-6.6563,42,-6.9402,34,0.2839,31,76,-6.6563
2021,11,2021_11_BAL_CHI,CHI,BAL,1,58,-2.1678,38,1.0601,20,-3.2279,20,58,-2.1678
2021,11,2021_11_CIN_LV,CIN,LV,0,70,1.302,32,2.7873,38,-1.4853,33,65,-0.1625
2021,11,2021_11_CIN_LV,LV,CIN,1,47,-12.9373,29,-8.8954,18,-4.0419,22,36,-6.9822
2021,11,2021_11_DAL_KC,DAL,KC,0,64,-16.6842,48,-15.4374,16,-1.2468,23,55,-16.0419
2021,11,2021_11_DAL_KC,KC,DAL,1,64,-4.6059,40,-7.5709,24,2.965,30,54,-3.562
2021,11,2021_11_DET_CLE,CLE,DET,1,64,-3.9615,30,-7.1423,34,3.1808,25,62,-4.204
2021,11,2021_11_DET_CLE,DET,CLE,0,46,-11.1605,23,-12.219,23,1.0585,14,46,-11.1605
2021,11,2021_11_GB_MIN,GB,MIN,0,53,23.9273,35,23.2604,18,0.667,26,53,23.9273
2021,11,2021_11_GB_MIN,MIN,GB,1,65,18.5137,37,20.6934,28,-2.1797,33,65,18.5137
2021,11,2021_11_HOU_TEN,HOU,TEN,0,62,-5.0169,24,-0.2966,38,-4.7203,20,52,0.4057
2021,11,2021_11_HOU_TEN,TEN,HOU,1,79,-14.7501,54,-9.989,25,-4.7611,39,71,-22.0452
2021,11,2021_11_IND_BUF,BUF,IND,1,55,0.6841,41,-4.5586,14,5.2427,30,35,2.8265
2021,11,2021_11_IND_BUF,IND,BUF,0,66,17.6283,20,5.5451,46,12.0832,35,42,10.881
2021,11,2021_11_MIA_NYJ,MIA,NYJ,0,66,11.9959,34,15.5216,32,-3.5256,31,61,12.2421
2021,11,2021_11_MIA_NYJ,NYJ,MIA,1,59,4.1118,41,0.9352,18,3.1766,30,52,2.3938
2021,11,2021_11_NE_ATL,ATL,NE,1,52,-31.7666,36,-24.2796,16,-7.487,18,45,-15.7434
2021,11,2021_11_NE_ATL,NE,ATL,0,57,-3.3445,29,-2.6483,28,-0.6962,29,41,3.47
2021,11,2021_11_NO_PHI,NO,PHI,0,62,-10.7748,41,-8.2551,21,-2.5197,24,35,-19.0171
2021,11,2021_11_NO_PHI,PHI,NO,1,75,0.4607,27,0.5287,48,-0.0679,31,43,3.669
2021,11,2021_11_NYG_TB,NYG,TB,0,54,-20.6966,41,-22.0341,13,1.3376,18,34,-9.1711
2021,11,2021_11_NYG_TB,TB,NYG,1,74,7.9114,49,6.6865,25,1.225,39,54,12.255
2021,11,2021_11_PIT_LAC,LAC,PIT,1,66,22.3683,43,15.1151,23,7.2532,36,60,25.9959
2021,11,2021_11_PIT_LAC,PIT,LAC,0,65,-1.3448,47,0.5242,18,-1.869,29,53,-6.3269
2021,11,2021_11_SF_JAX,JAX,SF,1,44,-4.2944,28,-3.1155,16,-1.1789,19,18,-7.2321
2021,11,2021_11_SF_JAX,SF,JAX,0,64,12.8824,24,10.0378,40,2.8446,31,46,16.861
2021,11,2021_11_WAS_CAR,CAR,WAS,1,48,7.209,28,2.6438,20,4.5652,23,48,7.209
2021,11,2021_11_WAS_CAR,WAS,CAR,0,63,12.5238,25,13.5353,38,-1.0115,30,63,12.5238
2021,12,2021_12_ATL_JAX,ATL,JAX,0,57,6.1822,30,4.8738,27,1.3084,27,54,7.5572
2021,12,2021_12_ATL_JAX,JAX,ATL,1,72,-0.9728,44,-2.0399,28,1.0671,35,64,-7.2889
2021,12,2021_12_BUF_NO,BUF,NO,0,62,9.1859,30,11.4161,32,-2.2302,33,45,3.793
2021,12,2021_12_BUF_NO,NO,BUF,1,57,-19.4163,33,-7.4695,24,-11.9468,16,29,-17.2385
2021,12,2021_12_CAR_MIA,CAR,MIA,0,54,-16.9357,36,-18.3918,18,1.4561,17,36,-9.0707
2021,12,2021_12_CAR_MIA,MIA,CAR,1,70,4.8073,33,6.3996,37,-1.5923,31,52,5.5992
2021,12,2021_12_CHI_DET,CHI,DET,0,66,3.2084,40,11.9544,26,-8.7461,24,66,3.2084
2021,12,2021_12_CHI_DET,DET,CHI,1,45,-1.4948,26,0.9617,19,-2.4565,18,45,-1.4948
2021,12,2021_12_CLE_BAL,BAL,CLE,1,74,-9.6844,34,-10.9553,40,1.271,31,74,-9.6844
2021,12,2021_12_CLE_BAL,CLE,BAL,0,57,-11.3614,40,-6.9116,17,-4.4497,19,57,-11.3614
2021,12,2021_12_LAC_DEN,DEN,LAC,1,57,7.0256,25,2.5707,32,4.4549,23,50,6.4619
2021,12,2021_12_LAC_DEN,LAC,DEN,0,65,-0.3906,48,-1.9597,17,1.5692,33,51,-7.8287
2021,12,2021_12_LA_GB,GB,LA,1,78,5.8028,47,8.4027,31,-2.5999,31,64,8.4807
2021,12,2021_12_LA_GB,LA,GB,0,61,-7.1751,42,-2.7274,19,-4.4477,27,44,-15.1808
2021,12,2021_12_LV_DAL,DAL,LV,1,70,5.8895,49,8.0963,21,-2.2069,31,70,5.8895
2021,12,2021_12_LV_DAL,LV,DAL,0,76,5.4073,42,7.7705,34,-2.3633,27,76,5.4073
2021,12,2021_12_MIN_SF,MIN,SF,0,53,-7.229,35,0.356,18,-7.585,21,51,-7.8622
2021,12,2021_12_MIN_SF,SF,MIN,1,65,7.9201,28,3.2568,37,4.6633,30,59,7.9242
2021,12,2021_12_NYJ_HOU,HOU,NYJ,1,55,-15.2377,31,-12.8804,24,-2.3572,15,52,-15.1355
2021,12,2021_12_NYJ_HOU,NYJ,HOU,0,62,-3.0353,28,-9.3778,34,6.3425,26,59,-2.1239
2021,12,2021_12_PHI_NYG,NYG,PHI,1,57,-3.1154,31,3.5756,26,-6.691,24,54,-1.1156
2021,12,2021_12_PHI_NYG,PHI,NYG,0,64,-12.1347,31,-17.3934,33,5.2587,29,64,-12.1347
2021,12,2021_12_PIT_CIN,CIN,PIT,1,65,12.4909,27,1.1956,38,11.2952,36,33,13.5973
2021,12,2021_12_PIT_CIN,PIT,CIN,0,59,-18.2977,44,-14.6179,15,-3.6798,20,21,-14.5827
2021,12,2021_12_SEA_WAS,SEA,WAS,0,46,-4.2798,34,-0.3336,12,-3.9462,15,42,-4.317
2021,12,2021_12_SEA_WAS,WAS,SEA,1,78,1.9511,36,6.2888,42,-4.3377,42,68,4.5848
2021,12,2021_12_TB_IND,IND,TB,1,67,-1.1576,47,-5.015,20,3.8574,31,67,-1.1576
2021,12,2021_12_TB_IND,TB,IND,0,62,5.8835,36,-3.2586,26,9.1421,39,62,5.8835
2021,12,2021_12_TEN_NE,NE,TEN,1,57,13.3712,34,14.3416,23,-0.9704,26,46,10.6636
2021,12,2021_12_TEN_NE,TEN,NE,0,61,-5.4483,23,-9.4111,38,3.9628,28,50,1.0165
2021,13,2021_13_ARI_CHI,ARI,CHI,0,52,6.3025,17,6.7071,35,-0.4046,24,40,11.1594
2021,13,2021_13_ARI_CHI,CHI,ARI,1,72,-12.1817,45,-15.3016,27,3.1199,30,56,-13.1077
2021,13,2021_13_BAL_PIT,BAL,PIT,0,70,3.8404,45,2.6045,25,1.2358,27,70,3.8404
2021,13,2021_13_BAL_PIT,PIT,BAL,1,57,6.4427,33,9.2838,24,-2.8411,28,57,6.4427
2021,13,2021_13_DAL_NO,DAL,NO,0,62,-6.6441,41,-8.3563,21,1.7122,19,55,-2.7761
2021,13,2021_13_DAL_NO,NO,DAL,1,69,-18.5911,43,-22.0992,26,3.5081,27,63,-16.1692
2021,13,2021_13_DEN_KC,DEN,KC,0,73,-9.8688,42,-10.9303,31,1.0615,36,53,-6.9268
2021,13,2021_13_DEN_KC,KC,DEN,1,52,-2.085,30,-2.5852,22,0.5002,23,47,0.3768
2021,13,2021_13_IND_HOU,HOU,IND,1,50,-31.166,31,-27.6422,19,-3.5238,14,27,-17.2321
2021,13,2021_13_IND_HOU,IND,HOU,0,69,11.5715,23,2.6086,46,8.9629,39,44,11.0672
2021,13,2021_13_JAX_LA,JAX,LA,0,55,-21.0011,30,-2.9207,25,-18.0804,17,37,-14.7041
2021,13,2021_13_JAX_LA,LA,JAX,1,66,15.8414,39,13.036,27,2.8054,34,45,7.8804
2021,13,2021_13_LAC_CIN,CIN,LAC,1,72,-20.6562,46,-5.9917,26,-14.6645,26,56,-18.1356
2021,13,2021_13_LAC_CIN,LAC,CIN,0,62,1.0158,40,1.6136,22,-0.5978,29,52,2.1503
2021,13,2021_13_MIN_DET,DET,MIN,1,69,-5.0439,42,4.0534,27,-9.0973,32,69,-5.0439
2021,13,2021_13_MIN_DET,MIN,DET,0,73,3.448,45,3.9874,28,-0.5394,35,73,3.448
2021,13,2021_13_NE_BUF,BUF,NE,1,57,-10.9261,32,-7.0569,25,-3.8692,20,57,-10.9261
2021,13,2021_13_NE_BUF,NE,BUF,0,48,0.2788,3,0.0356,45,0.2432,19,48,0.2788
2021,13,2021_13_NYG_MIA,MIA,NYG,1,67,-2.1992,43,4.146,24,-6.3452,29,55,-0.2869
2021,13,2021_13_NYG_MIA,NYG,MIA,0,62,-10.1662,45,-12.4143,17,2.2482,20,59,-10.8054
2021,13,2021_13_PHI_NYJ,NYJ,PHI,1,56,0.3874,40,1.0516,16,-0.6642,24,39,3.7595
2021,13,2021_13_PHI_NYJ,PHI,NYJ,0,68,15.5523,27,14.2011,41,1.3512,33,58,19.2541
2021,13,2021_13_SF_SEA,SEA,SF,1,67,-4.0365,41,-6.4484,26,2.412,26,64,1.9628
2021,13,2021_13_SF_SEA,SF,SEA,0,55,0.045,31,1.7457,24,-1.7007,26,55,0.045
2021,13,2021_13_TB_ATL,ATL,TB,1,69,-3.617,46,-5.861,23,2.244,32,60,-2.4899
2021,13,2021_13_TB_ATL,TB,ATL,0,67,13.8772,51,15.6789,16,-1.8017,31,58,11.8752
2021,13,2021_13_WAS_LV,LV,WAS,1,57,-1.1824,41,-0.6047,16,-0.5777,26,57,-1.1824
2021,13,2021_13_WAS_LV,WAS,LV,0,60,1.251,31,5.5297,29,-4.2787,26,60,1.251
2021,14,2021_14_ATL_CAR,ATL,CAR,0,63,2.3134,29,5.2012,34,-2.8879,23,52,6.43
2021,14,2021_14_ATL_CAR,CAR,ATL,1,62,-10.8576,36,-4.5309,26,-6.3267,30,50,-10.4493
2021,14,2021_14_BAL_CLE,BAL,CLE,0,69,-7.2302,46,-5.8884,23,-1.3418,32,51,-21.2101
2021,14,2021_14_BAL_CLE,CLE,BAL,1,59,-4.0732,32,-1.8694,27,-2.2037,23,39,0.0764
2021,14,2021_14_BUF_TB,BUF,TB,0,76,5.7462,57,-3.4017,19,9.1479,37,66,0.8213
2021,14,2021_14_BUF_TB,TB,BUF,1,75,12.7642,48,10.0039,27,2.7603,36,57,16.4182
2021,14,2021_14_CHI_GB,CHI,GB,0,58,-7.45,35,-11.2882,23,3.8382,21,44,-8.517
2021,14,2021_14_CHI_GB,GB,CHI,1,62,19.9116,40,15.8452,22,4.0664,36,52,15.1415
2021,14,2021_14_DAL_WAS,DAL,WAS,0,76,-10.9551,43,-11.2661,33,0.311,31,45,2.978
2021,14,2021_14_DAL_WAS,WAS,DAL,1,63,-28.8266,40,-33.0743,23,4.2477,21,31,-34.0812
2021,14,2021_14_DET_DEN,DEN,DET,1,65,16.557,26,8.9016,39,7.6554,35,46,9.6682
2021,14,2021_14_DET_DEN,DET,DEN,0,62,-8.1552,41,-8.5488,21,0.3936,28,32,-5.6871
2021,14,2021_14_JAX_TEN,JAX,TEN,0,51,-21.9959,43,-16.2658,8,-5.7301,15,30,-8.9819
2021,14,2021_14_JAX_TEN,TEN,JAX,1,66,2.4605,35,0.7565,31,1.7039,26,50,9.0647
2021,14,2021_14_LA_ARI,ARI,LA,1,75,-4.5285,53,-1.3022,22,-3.2263,34,64,-5.3363
2021,14,2021_14_LA_ARI,LA,ARI,0,54,11.7841,33,14.5401,21,-2.7559,25,49,14.2266
2021,14,2021_14_LV_KC,KC,LV,1,54,18.8918,27,15.4989,27,3.3929,31,15,9.4235
2021,14,2021_14_LV_KC,LV,KC,0,61,-18.1838,49,-11.4521,12,-6.7317,25,19,-16.9371
2021,14,2021_14_NO_NYJ,NO,NYJ,0,68,10.1115,24,3.794,44,6.3175,32,56,2.4401
2021,14,2021_14_NO_NYJ,NYJ,NO,1,62,-20.6468,45,-15.4054,17,-5.2415,16,44,-17.4841
2021,14,2021_14_NYG_LAC,LAC,NYG,1,68,15.082,33,14.3394,35,0.7426,35,43,18.4565
2021,14,2021_14_NYG_LAC,NYG,LAC,0,66,-4.7183,39,-13.9149,27,9.1966,31,28,-3.3007
2021,14,2021_14_PIT_MIN,MIN,PIT,1,67,0.1689,31,-9.6775,36,9.8464,29,37,18.5083
2021,14,2021_14_PIT_MIN,PIT,MIN,0,70,-5.6582,46,-7.8243,24,2.1661,31,30,-9.9358
2021,14,2021_14_SEA_HOU,HOU,SEA,1,75,-10.5357,50,-2.0048,25,-8.5308,35,56,-2.6705
2021,14,2021_14_SEA_HOU,SEA,HOU,0,58,19.9362,29,15.8563,29,4.0799,27,49,17.0838
2021,14,2021_14_SF_CIN,CIN,SF,1,64,7.3404,39,10.8519,25,-3.5115,26,64,7.3404
2021,14,2021_14_SF_CIN,SF,CIN,0,69,8.0734,46,6.7426,23,1.3308,29,63,10.6262
2021,15,2021_15_ARI_DET,ARI,DET,0,73,-15.1934,53,-13.7378,20,-1.4555,30,33,-15.5124
2021,15,2021_15_ARI_DET,DET,ARI,1,62,3.0714,28,13.5376,34,-10.4662,28,42,6.9092
2021,15,2021_15_ATL_SF,ATL,SF,0,58,-13.4916,35,-6.9207,23,-6.5709,19,39,-6.804
2021,15,2021_15_ATL_SF,SF,ATL,1,56,16.1348,24,11.6132,32,4.5215,28,40,17.2765
2021,15,2021_15_CAR_BUF,BUF,CAR,1,63,7.1777,38,6.8908,25,0.287,29,50,5.6589
2021,15,2021_15_CAR_BUF,CAR,BUF,0,73,-14.1689,43,-15.1644,30,0.9955,28,64,-19.3824
2021,15,2021_15_CIN_DEN,CIN,DEN,0,51,-1.749,26,-5.724,25,3.975,18,51,-1.749
2021,15,2021_15_CIN_DEN,DEN,CIN,1,71,-11.2818,37,-8.0967,34,-3.1851,30,69,-8.938
2021,15,2021_15_DAL_NYG,DAL,NYG,0,68,2.0121,40,0.3544,28,1.6577,32,55,8.9864
2021,15,2021_15_DAL_NYG,NYG,DAL,1,61,-19.1397,37,-15.0392,24,-4.1005,22,41,-16.642
2021,15,2021_15_GB_BAL,BAL,GB,1,67,13.9695,42,3.8481,25,10.1214,33,66,10.8371
2021,15,2021_15_GB_BAL,GB,BAL,0,57,20.3905,34,19.1742,23,1.2163,34,54,22.9499
2021,15,2021_15_HOU_JAX,HOU,JAX,0,57,-1.0251,31,3.5035,26,-4.5286,20,57,-1.0251
2021,15,2021_15_HOU_JAX,JAX,HOU,1,65,-4.9414,40,-5.0838,25,0.1423,25,55,-4.5287
2021,15,2021_15_KC_LAC,KC,LAC,0,67,11.2027,48,9.3329,19,1.8698,32,67,11.2027
2021,15,2021_15_KC_LAC,LAC,KC,1,78,-1.2798,39,-4.2141,39,2.9343,37,78,-1.2798
2021,15,2021_15_LV_CLE,CLE,LV,1,53,-1.0614,29,2.303,24,-3.3644,18,53,-1.0614
2021,15,2021_15_LV_CLE,LV,CLE,0,64,-0.5746,39,-1.0271,25,0.4525,33,64,-0.5746
2021,15,2021_15_MIN_CHI,CHI,MIN,1,69,-11.2124,41,-2.8718,28,-8.3406,31,55,-14.9678
2021,15,2021_15_MIN_CHI,MIN,CHI,0,60,-5.7131,27,-6.6404,33,0.9273,21,47,-0.0499
2021,15,2021_15_NE_IND,IND,NE,1,50,0.137,13,-7.869,37,8.006,21,31,12.8751
2021,15,2021_15_NE_IND,NE,IND,0,65,-5.3062,46,-0.7569,19,-4.5493,28,43,-7.7929
2021,15,2021_15_NO_TB,NO,TB,0,60,-17.2793,29,-3.7011,31,-13.5782,20,52,-11.1232
2021,15,2021_15_NO_TB,TB,NO,1,73,-21.9968,52,-16.3912,21,-5.6055,26,67,-20.7154
2021,15,2021_15_NYJ_MIA,MIA,NYJ,1,67,-1.7351,28,-1.7591,39,0.024,32,64,-0.2713
2021,15,2021_15_NYJ_MIA,NYJ,MIA,0,54,-9.3206,30,-12.3808,24,3.0602,21,53,-7.7583
2021,15,2021_15_SEA_LA,LA,SEA,1,59,-4.8974,33,-2.4433,26,-2.4541,22,55,-4.3023
2021,15,2021_15_SEA_LA,SEA,LA,0,53,-12.0095,34,-11.6127,19,-0.3968,21,47,-10.8837
2021,15,2021_15_TEN_PIT,PIT,TEN,1,44,-10.6549,28,-7.6499,16,-3.0051,16,44,-10.6549
2021,15,2021_15_TEN_PIT,TEN,PIT,0,78,-15.8749,36,-16.0878,42,0.2129,35,78,-15.8749
2021,15,2021_15_WAS_PHI,PHI,WAS,1,70,8.592,29,6.0129,41,2.5791,36,63,10.7513
2021,15,2021_15_WAS_PHI,WAS,PHI,0,54,-7.0086,33,-2.7504,21,-4.2582,20,52,-4.4694
2021,16,2021_16_BAL_CIN,BAL,CIN,0,57,5.6202,41,14.3012,16,-8.681,27,42,7.5034
2021,16,2021_16_BAL_CIN,CIN,BAL,1,69,34.4404,49,32.4623,20,1.978,34,38,24.7844
2021,16,2021_16_BUF_NE,BUF,NE,0,74,22.9288,48,20.626,26,2.3028,40,74,22.9288
2021,16,2021_16_BUF_NE,NE,BUF,1,60,5.5605,33,-3.097,27,8.6575,27,51,6.3228
2021,16,2021_16_CHI_SEA,CHI,SEA,0,69,5.0861,40,5.5392,29,-0.4531,31,69,5.0861
2021,16,2021_16_CHI_SEA,SEA,CHI,1,53,8.1833,29,1.8351,24,6.3482,21,53,8.1833
2021,16,2021_16_CLE_GB,CLE,GB,0,66,10.0636,42,-1.8508,24,11.9144,36,66,10.0636
2021,16,2021_16_CLE_GB,GB,CLE,1,57,9.2714,34,5.7199,23,3.5516,28,55,9.1272
2021,16,2021_16_DEN_LV,DEN,LV,0,40,-10.148,24,-2.2669,16,-7.8812,11,40,-10.148
2021,16,2021_16_DEN_LV,LV,DEN,1,63,-5.8021,27,-5.208,36,-0.5941,31,63,-5.8021
2021,16,2021_16_DET_ATL,ATL,DET,1,44,3.6777,27,5.6602,17,-1.9825,19,44,3.6777
2021,16,2021_16_DET_ATL,DET,ATL,0,68,5.7977,35,4.96,33,0.8377,29,68,5.7977
2021,16,2021_16_IND_ARI,ARI,IND,1,64,3.7998,43,-3.7674,21,7.5672,30,64,3.7998
2021,16,2021_16_IND_ARI,IND,ARI,0,62,4.4431,30,8.9608,32,-4.5177,22,60,6.2067
2021,16,2021_16_JAX_NYJ,JAX,NYJ,0,71,6.4938,40,4.1086,31,2.3851,37,71,6.4938
2021,16,2021_16_JAX_NYJ,NYJ,JAX,1,59,8.5591,23,-0.7609,36,9.32,29,58,8.4036
2021,16,2021_16_LAC_HOU,HOU,LAC,1,63,19.8014,28,16.0254,35,3.776,28,63,19.8014
2021,16,2021_16_LAC_HOU,LAC,HOU,0,60,2.9852,38,9.0695,22,-6.0843,35,48,6.0556
2021,16,2021_16_LA_MIN,LA,MIN,0,69,-2.9104,37,-9.7717,32,6.8613,32,65,0.1297
2021,16,2021_16_LA_MIN,MIN,LA,1,62,-3.7924,40,3.1155,22,-6.9078,24,55,-6.5597
2021,16,2021_16_MIA_NO,MIA,NO,0,59,-6.3575,29,3.1585,30,-9.516,22,47,-1.1501
2021,16,2021_16_MIA_NO,NO,MIA,1,51,-34.5882,28,-29.7298,23,-4.8584,12,36,-29.7113
2021,16,2021_16_NYG_PHI,NYG,PHI,0,73,-26.2572,46,-20.1042,27,-6.153,24,43,-22.6215
2021,16,2021_16_NYG_PHI,PHI,NYG,1,60,1.3465,30,1.3048,30,0.0416,24,43,-0.8007
2021,16,2021_16_PIT_KC,KC,PIT,1,67,15.1636,32,15.893,35,-0.7294,33,30,10.0894
2021,16,2021_16_PIT_KC,PIT,KC,0,69,-19.3035,44,-17.703,25,-1.6004,29,19,-5.803
2021,16,2021_16_SF_TEN,SF,TEN,0,58,4.4685,37,3.3738,21,1.0947,26,58,4.4685
2021,16,2021_16_SF_TEN,TEN,SF,1,58,3.3268,34,7.0151,24,-3.6883,22,58,3.3268
2021,16,2021_16_TB_CAR,CAR,TB,1,67,-22.2454,52,-21.2192,15,-1.0261,19,34,-10.6737
2021,16,2021_16_TB_CAR,TB,CAR,0,63,11.5338,32,8.9417,31,2.5921,26,42,10.3384
2021,16,2021_16_WAS_DAL,DAL,WAS,1,72,24.6895,45,24.9426,27,-0.2531,36,31,13.7199
2021,16,2021_16_WAS_DAL,WAS,DAL,0,56,-18.9669,37,-18.0075,19,-0.9594,17,19,-10.0509
2021,17,2021_17_ARI_DAL,ARI,DAL,0,70,11.3775,41,13.153,29,-1.7755,32,68,12.7141
2021,17,2021_17_ARI_DAL,DAL,ARI,1,58,5.0085,41,14.9021,17,-9.8936,29,58,5.0085
2021,17,2021_17_ATL_BUF,ATL,BUF,0,50,-10.732,28,-9.7119,22,-1.02,22,44,-9.0439
2021,17,2021_17_ATL_BUF,BUF,ATL,1,69,5.9983,28,-7.6329,41,13.6312,34,62,6.3636
2021,17,2021_17_CAR_NO,CAR,NO,0,59,-17.874,33,-16.2197,26,-1.6543,20,58,-13.7884
2021,17,2021_17_CAR_NO,NO,CAR,1,54,-7.2222,28,1.056,26,-8.2782,19,53,-5.8446
2021,17,2021_17_CLE_PIT,CLE,PIT,0,67,-16.3195,47,-15.7458,20,-0.5738,19,47,-15.4034
2021,17,2021_17_CLE_PIT,PIT,CLE,1,78,-7.1517,48,-17.4631,30,10.3114,25,72,-10.1374
2021,17,2021_17_DEN_LAC,DEN,LAC,0,56,-7.6251,29,-2.9456,27,-4.6795,26,43,-8.8305
2021,17,2021_17_DEN_LAC,LAC,DEN,1,64,9.264,31,14.8816,33,-5.6176,32,46,5.7704
2021,17,2021_17_DET_SEA,DET,SEA,0,60,1.9378,38,7.3972,22,-5.4594,26,24,-3.9002
2021,17,2021_17_DET_SEA,SEA,DET,1,69,28.346,30,15.2365,39,13.1094,40,41,17.7182
2021,17,2021_17_HOU_SF,HOU,SF,0,62,-18.8826,35,-16.0367,27,-2.8459,24,52,-14.5544
2021,17,2021_17_HOU_SF,SF,HOU,1,61,1.927,24,8.458,37,-6.531,26,49,-1.5053
2021,17,2021_17_JAX_NE,JAX,NE,0,46,-11.4925,29,-12.0752,17,0.5827,18,21,-7.2255
2021,17,2021_17_JAX_NE,NE,JAX,1,70,29.4348,34,22.2872,36,7.1476,46,27,14.8969
2021,17,2021_17_KC_CIN,CIN,KC,1,61,21.5306,43,23.9092,18,-2.3786,29,61,21.5306
2021,17,2021_17_KC_CIN,KC,CIN,0,58,21.2045,35,11.3428,23,9.8617,34,58,21.2045
2021,17,2021_17_LA_BAL,BAL,LA,1,67,-2.325,35,-3.8686,32,1.5436,30,67,-2.325
2021,17,2021_17_LA_BAL,LA,BAL,0,56,5.0843,37,6.035,19,-0.9507,29,56,5.0843
2021,17,2021_17_LV_IND,IND,LV,1,54,-0.9692,28,-5.4027,26,4.4335,22,54,-0.9692
2021,17,2021_17_LV_IND,LV,IND,0,61,4.6267,34,5.0962,27,-0.4695,29,61,4.6267
2021,17,2021_17_MIA_TEN,MIA,TEN,0,59,-21.0957,43,-15.6799,16,-5.4159,16,43,-9.7724
2021,17,2021_17_MIA_TEN,TEN,MIA,1,59,3.6815,19,1.5084,40,2.1731,21,39,-0.7541
2021,17,2021_17_MIN_GB,GB,MIN,1,73,16.9383,42,9.8618,31,7.0766,42,37,8.6664
2021,17,2021_17_MIN_GB,MIN,GB,0,52,-14.5715,41,-12.6691,11,-1.9024,16,25,-14.9452
2021,17,2021_17_NYG_CHI,CHI,NYG,1,64,-10.7102,37,-8.1562,27,-2.554,22,29,2.0552
2021,17,2021_17_NYG_CHI,NYG,CHI,0,55,-37.4056,15,-35.5648,40,-1.8408,20,27,-17.9771
2021,17,2021_17_PHI_WAS,PHI,WAS,0,60,9.6644,27,7.5494,33,2.115,29,60,9.6644
2021,17,2021_17_PHI_WAS,WAS,PHI,1,60,-1.5206,38,-4.4684,22,2.9478,30,60,-1.5206
2021,17,2021_17_TB_NYJ,NYJ,TB,1,60,7.9953,34,8.2923,26,-0.297,26,60,7.9953
2021,17,2021_17_TB_NYJ,TB,NYJ,0,72,18.0451,50,22.1786,22,-4.1336,37,72,18.0451
2021,18,2021_18_CAR_TB,CAR,TB,0,70,-13.7395,45,-6.776,25,-6.9636,28,58,4.0167
2021,18,2021_18_CAR_TB,TB,CAR,1,59,17.4812,40,15.6723,19,1.8089,28,50,16.9399
2021,18,2021_18_CHI_MIN,CHI,MIN,0,81,-22.3244,56,-21.1001,25,-1.2243,34,72,-15.1997
2021,18,2021_18_CHI_MIN,MIN,CHI,1,46,4.7087,25,8.1216,21,-3.4129,19,42,7.2057
2021,18,2021_18_CIN_CLE,CIN,CLE,0,52,-9.4941,34,-11.2609,18,1.7668,15,48,-17.6157
2021,18,2021_18_CIN_CLE,CLE,CIN,1,65,-0.5184,25,-4.7812,40,4.2628,34,64,-0.9846
2021,18,2021_18_DAL_PHI,DAL,PHI,0,58,37.4263,29,25.9789,29,11.4474,35,50,30.0029
2021,18,2021_18_DAL_PHI,PHI,DAL,1,70,6.9192,38,1.8041,32,5.1151,29,51,10.3314
2021,18,2021_18_GB_DET,DET,GB,1,58,10.4426,33,12.7226,25,-2.28,28,55,10.9732
2021,18,2021_18_GB_DET,GB,DET,0,67,1.3283,40,-3.2647,27,4.593,36,65,1.0535
2021,18,2021_18_IND_JAX,IND,JAX,0,54,-15.8584,36,-10.9028,18,-4.9555,22,30,-14.9671
2021,18,2021_18_IND_JAX,JAX,IND,1,61,5.7293,33,8.1125,28,-2.3832,27,43,3.1879
2021,18,2021_18_KC_DEN,DEN,KC,1,54,2.0704,26,3.8224,28,-1.752,26,54,2.0704
2021,18,2021_18_KC_DEN,KC,DEN,0,72,17.1413,45,12.1329,27,5.0085,37,72,17.1413
2021,18,2021_18_LAC_LV,LAC,LV,0,89,10.8477,68,15.8911,21,-5.0434,37,76,4.9885
2021,18,2021_18_LAC_LV,LV,LAC,1,74,-5.1527,41,-5.3678,33,0.2152,28,68,-4.4466
2021,18,2021_18_NE_MIA,MIA,NE,1,66,0.8568,23,-2.7533,43,3.6101,27,54,4.3906
2021,18,2021_18_NE_MIA,NE,MIA,0,59,-3.65,32,-5.3616,27,1.7116,34,48,-3.076
2021,18,2021_18_NO_ATL,ATL,NO,1,48,-13.7906,36,-14.8283,12,1.0377,16,31,-20.2156
2021,18,2021_18_NO_ATL,NO,ATL,0,70,9.9955,25,12.4431,45,-2.4476,33,57,14.2965
2021,18,2021_18_NYJ_BUF,BUF,NYJ,1,76,2.1563,46,-0.3244,30,2.4807,31,67,-3.1131
2021,18,2021_18_NYJ_BUF,NYJ,BUF,0,46,-23.8634,29,-18.2236,17,-5.6398,7,43,-21.3143
2021,18,2021_18_PIT_BAL,BAL,PIT,1,71,-17.0714,35,-17.4734,36,0.402,27,71,-17.0714
2021,18,2021_18_PIT_BAL,PIT,BAL,0,72,-4.5375,45,2.8853,27,-7.4228,27,72,-4.5375
2021,18,2021_18_SEA_ARI,ARI,SEA,1,72,-1.6459,44,-3.556,28,1.9102,34,67,-3.4238
2021,18,2021_18_SEA_ARI,SEA,ARI,0,56,10.1787,27,2.6251,29,7.5536,25,54,9.976
2021,18,2021_18_SF_LA,LA,SF,1,64,2.6138,37,12.5733,27,-9.9595,24,61,4.5555
2021,18,2021_18_SF_LA,SF,LA,0,66,7.3319,35,5.8633,31,1.4685,34,65,6.8155
2021,18,2021_18_TEN_HOU,HOU,TEN,1,56,10.1765,36,10.6691,20,-0.4926,26,56,10.1765
2021,18,2021_18_TEN_HOU,TEN,HOU,0,63,16.4456,33,18.7355,30,-2.2899,28,63,16.4456
2021,18,2021_18_WAS_NYG,NYG,WAS,1,59,-26.753,34,-19.2817,25,-7.4712,16,47,-22.3613
2021,18,2021_18_WAS_NYG,WAS,NYG,0,59,-1.6607,22,-8.2974,37,6.6367,28,50,2.5275
2022,1,2022_01_BAL_NYJ,BAL,NYJ,0,51,2.8078,32,4.2397,19,-1.4319,20,41,-0.9857
2022,1,2022_01_BAL_NYJ,NYJ,BAL,1,79,-15.9018,62,-11.9021,17,-3.9997,30,43,-18.8918
2022,1,2022_01_BUF_LA,BUF,LA,0,57,9.9948,33,13.6465,24,-3.6516,30,51,9.2437
2022,1,2022_01_BUF_LA,LA,BUF,1,66,-18.0136,48,-16.7455,18,-1.2681,26,45,-13.3442
2022,1,2022_01_CLE_CAR,CAR,CLE,1,49,0.773,31,-1.6186,18,2.3916,17,49,0.773
2022,1,2022_01_CLE_CAR,CLE,CAR,0,72,1.1127,33,-7.3293,39,8.442,30,72,1.1127
2022,1,2022_01_DEN_SEA,DEN,SEA,0,64,5.3779,44,15.1619,20,-9.784,31,64,5.3779
2022,1,2022_01_DEN_SEA,SEA,DEN,1,46,0.9277,30,2.2177,16,-1.29,19,46,0.9277
2022,1,2022_01_GB_MIN,GB,MIN,0,59,-11.3007,42,-11.948,17,0.6473,27,42,-11.3513
2022,1,2022_01_GB_MIN,MIN,GB,1,61,7.8429,33,9.2722,28,-1.4293,26,38,8.7352
2022,1,2022_01_IND_HOU,HOU,IND,1,67,-11.7676,40,-6.4648,27,-5.3028,30,53,-2.9579
2022,1,2022_01_IND_HOU,IND,HOU,0,90,-0.8104,52,3.0048,38,-3.8152,44,76,-1.8667
2022,1,2022_01_JAX_WAS,JAX,WAS,0,63,3.474,45,-0.8247,18,4.2987,29,63,3.474
2022,1,2022_01_JAX_WAS,WAS,JAX,1,69,3.2838,44,8.6498,25,-5.3661,28,67,3.6967
2022,1,2022_01_KC_ARI,ARI,KC,1,64,0.4511,43,-1.1582,21,1.6093,26,31,-6.1361
2022,1,2022_01_KC_ARI,KC,ARI,0,66,27.8486,39,28.8971,27,-1.0485,38,43,17.0943
2022,1,2022_01_LV_LAC,LAC,LV,1,63,5.3477,34,14.9436,29,-9.5958,29,54,6.668
2022,1,2022_01_LV_LAC,LV,LAC,0,57,-7.9545,44,-7.2975,13,-0.657,24,57,-7.9545
2022,1,2022_01_NE_MIA,MIA,NE,1,57,2.2463,36,5.8563,21,-3.61,27,40,4.2404
2022,1,2022_01_NE_MIA,NE,MIA,0,53,-13.0705,32,-8.4311,21,-4.6393,24,47,-7.7033
2022,1,2022_01_NO_ATL,ATL,NO,1,70,-1.7334,32,-1.0254,38,-0.708,36,57,0.3908
2022,1,2022_01_NO_ATL,NO,ATL,0,57,6.5844,37,0.7202,20,5.8642,29,52,3.2142
2022,1,2022_01_NYG_TEN,NYG,TEN,0,60,1.133,27,-6.8318,33,7.9647,27,60,1.133
2022,1,2022_01_NYG_TEN,TEN,NYG,1,59,1.6712,33,7.6252,26,-5.954,25,59,1.6712
2022,1,2022_01_PHI_DET,DET,PHI,1,65,8.0988,38,-2.1121,27,10.2109,28,63,6.3205
2022,1,2022_01_PHI_DET,PHI,DET,0,71,19.9528,33,3.5803,38,16.3724,38,71,19.9528
2022,1,2022_01_PIT_CIN,CIN,PIT,1,95,-20.6779,61,-16.1257,34,-4.5522,35,95,-20.6779
2022,1,2022_01_PIT_CIN,PIT,CIN,0,59,-7.8285,38,-5.523,21,-2.3055,20,56,-6.7694
2022,1,2022_01_SF_CHI,CHI,SF,1,53,-2.6411,19,-1.6957,34,-0.9454,16,50,0.2821
2022,1,2022_01_SF_CHI,SF,CHI,0,67,-11.0213,30,-9.1223,37,-1.899,28,61,-3.8109
2022,1,2022_01_TB_DAL,DAL,TB,1,63,-21.5941,46,-20.0433,17,-1.5508,24,38,-12.8064
2022,1,2022_01_TB_DAL,TB,DAL,0,60,0.8207,29,1.0509,31,-0.2301,30,47,8.9988
2022,2,2022_02_ARI_LV,ARI,LV,0,80,2.5216,51,-7.8647,29,10.3863,40,55,-9.8671
2022,2,2022_02_ARI_LV,LV,ARI,1,61,-4.8817,40,-3.6687,21,-1.213,28,50,2.0069
2022,2,2022_02_ATL_LA,ATL,LA,0,57,-8.6186,30,-1.6672,27,-6.9514,25,41,-14.1921
2022,2,2022_02_ATL_LA,LA,ATL,1,63,0.7172,37,1.3792,26,-0.662,35,30,5.6374
2022,2,2022_02_CAR_NYG,CAR,NYG,0,54,-2.5854,31,-10.1777,23,7.5923,24,54,-2.5854
2022,2,2022_02_CAR_NYG,NYG,CAR,1,68,-9.382,37,-2.6626,31,-6.7193,22,67,-8.5369
2022,2,2022_02_CHI_GB,CHI,GB,0,41,-3.1379,14,-6.4241,27,3.2862,17,35,-1.2815
2022,2,2022_02_CHI_GB,GB,CHI,1,65,13.5869,28,11.5321,37,2.0548,36,45,16.9609
2022,2,2022_02_CIN_DAL,CIN,DAL,0,67,2.9579,43,0.9299,24,2.028,26,67,2.9579
2022,2,2022_02_CIN_DAL,DAL,CIN,1,58,-0.1683,31,2.6464,27,-2.8147,23,58,-0.1683
2022,2,2022_02_HOU_DEN,DEN,HOU,1,64,-1.301,34,0.3099,30,-1.6109,23,61,-0.3167
2022,2,2022_02_HOU_DEN,HOU,DEN,0,58,-10.5434,41,-11.4549,17,0.9115,21,55,-8.6053
2022,2,2022_02_IND_JAX,IND,JAX,0,48,-20.9805,35,-20.3492,13,-0.6313,13,26,-10.6527
2022,2,2022_02_IND_JAX,JAX,IND,1,66,7.3209,30,17.5571,36,-10.2362,29,38,9.3724
2022,2,2022_02_LAC_KC,KC,LAC,1,52,4.3723,36,4.843,16,-0.4707,23,50,5.5705
2022,2,2022_02_LAC_KC,LAC,KC,0,73,0.664,50,-0.9219,23,1.5859,36,68,-5.4251
2022,2,2022_02_MIA_BAL,BAL,MIA,1,54,14.4374,29,17.8305,25,-3.3932,24,46,11.018
2022,2,2022_02_MIA_BAL,MIA,BAL,0,69,30.9329,51,26.8935,18,4.0394,37,56,18.8728
2022,2,2022_02_MIN_PHI,MIN,PHI,0,59,-12.6049,48,-14.0121,11,1.4072,28,33,-6.6686
2022,2,2022_02_MIN_PHI,PHI,MIN,1,68,16.7835,34,11.8502,34,4.9333,35,43,22.6037
2022,2,2022_02_NE_PIT,NE,PIT,0,63,8.9261,35,5.1739,28,3.7522,31,63,8.9261
2022,2,2022_02_NE_PIT,PIT,NE,1,59,-3.6933,37,-4.7746,22,1.0812,26,59,-3.6933
2022,2,2022_02_NYJ_CLE,CLE,NYJ,1,64,18.8067,28,13.8518,36,4.9549,33,60,15.2896
2022,2,2022_02_NYJ_CLE,NYJ,CLE,0,66,18.1322,47,16.1542,19,1.978,30,64,12.1769
2022,2,2022_02_SEA_SF,SEA,SF,0,47,-16.5799,33,-12.785,14,-3.7949,19,27,-14.7257
2022,2,2022_02_SEA_SF,SF,SEA,1,70,1.9729,25,1.6111,45,0.3618,27,36,3.6519
2022,2,2022_02_TB_NO,NO,TB,1,66,-26.7229,46,-20.9483,20,-5.7745,26,55,-26.2037
2022,2,2022_02_TB_NO,TB,NO,0,63,-16.5478,35,2.4287,28,-18.9765,18,57,-12.5071
2022,2,2022_02_TEN_BUF,BUF,TEN,1,63,14.2491,41,14.3302,22,-0.0811,28,39,15.5686
2022,2,2022_02_TEN_BUF,TEN,BUF,0,53,-20.1531,26,-13.4743,27,-6.6788,21,31,-1.2165
2022,2,2022_02_WAS_DET,DET,WAS,1,59,3.5054,37,1.2205,22,2.2848,22,48,8.3156
2022,2,2022_02_WAS_DET,WAS,DET,0,74,3.7448,53,2.4471,21,1.2978,30,37,-4.9381
2022,3,2022_03_ATL_SEA,ATL,SEA,0,52,16.6175,23,14.9317,29,1.6858,27,51,16.6351
2022,3,2022_03_ATL_SEA,SEA,ATL,1,69,13.2758,46,11.8825,23,1.3932,39,69,13.2758
2022,3,2022_03_BAL_NE,BAL,NE,0,56,12.4449,33,1.3901,23,11.0548,28,56,12.4449
2022,3,2022_03_BAL_NE,NE,BAL,1,64,0.2756,36,-4.1442,28,4.4198,29,60,1.3433
2022,3,2022_03_BUF_MIA,BUF,MIA,0,89,9.6552,66,6.3513,23,3.3039,46,89,9.6552
2022,3,2022_03_BUF_MIA,MIA,BUF,1,39,5.2265,22,6.8042,17,-1.5777,17,39,5.2265
2022,3,2022_03_CIN_NYJ,CIN,NYJ,0,64,3.7416,38,11.848,26,-8.1063,29,40,9.535
2022,3,2022_03_CIN_NYJ,NYJ,CIN,1,76,-24.4078,56,-23.4387,20,-0.9691,28,60,-24.347
2022,3,2022_03_DAL_NYG,DAL,NYG,0,59,10.7942,31,3.3871,28,7.4071,29,58,11.2471
2022,3,2022_03_DAL_NYG,NYG,DAL,1,67,-4.576,42,-11.6883,25,7.1123,30,67,-4.576
2022,3,2022_03_DET_MIN,DET,MIN,0,75,3.2939,40,7.7713,35,-4.4774,32,75,3.2939
2022,3,2022_03_DET_MIN,MIN,DET,1,65,-1.0947,41,-0.7378,24,-0.3569,35,65,-1.0947
2022,3,2022_03_GB_TB,GB,TB,0,60,-6.0024,36,0.7306,24,-6.733,24,57,-6.8078
2022,3,2022_03_GB_TB,TB,GB,1,59,-12.0321,46,-7.7655,13,-4.2666,24,59,-12.0321
2022,3,2022_03_HOU_CHI,CHI,HOU,1,60,-1.7102,22,-7.7251,38,6.0149,24,60,-1.7102
2022,3,2022_03_HOU_CHI,HOU,CHI,0,57,-5.4108,33,-5.7389,24,0.3281,23,57,-5.4108
2022,3,2022_03_JAX_LAC,JAX,LAC,0,74,16.0768,40,14.7266,34,1.3502,37,52,8.5123
2022,3,2022_03_JAX_LAC,LAC,JAX,1,58,-14.8324,46,-9.0578,12,-5.7746,22,37,-11.6104
2022,3,2022_03_KC_IND,IND,KC,1,68,-10.9333,42,-4.036,26,-6.8973,29,68,-10.9333
2022,3,2022_03_KC_IND,KC,IND,0,61,2.1597,38,4.2028,23,-2.0432,25,61,2.1597
2022,3,2022_03_LA_ARI,ARI,LA,1,81,-2.9754,60,-4.8474,21,1.872,32,73,-6.2725
2022,3,2022_03_LA_ARI,LA,ARI,0,44,9.8373,26,10.1047,18,-0.2674,23,38,11.1095
2022,3,2022_03_LV_TEN,LV,TEN,0,66,6.6203,47,5.4272,19,1.193,28,62,3.1152
2022,3,2022_03_LV_TEN,TEN,LV,1,53,9.9086,28,12.1998,25,-2.2911,27,46,11.0957
2022,3,2022_03_NO_CAR,CAR,NO,1,59,-7.5712,28,-4.7845,31,-2.7867,19,37,-5.135
2022,3,2022_03_NO_CAR,NO,CAR,0,64,-3.9338,42,7.9251,22,-11.8589,30,55,-9.5794
2022,3,2022_03_PHI_WAS,PHI,WAS,0,66,1.9502,38,15.4061,28,-13.4559,24,39,9.5759
2022,3,2022_03_PHI_WAS,WAS,PHI,1,75,-23.2699,53,-21.6392,22,-1.6308,27,28,-17.6271
2022,3,2022_03_PIT_CLE,CLE,PIT,1,71,7.9225,33,1.4553,38,6.4671,34,63,13.8552
2022,3,2022_03_PIT_CLE,PIT,CLE,0,55,-2.0228,33,-8.2835,22,6.2606,27,54,4.9133
2022,3,2022_03_SF_DEN,DEN,SF,1,68,-16.678,38,-11.7699,30,-4.9081,20,68,-16.678
2022,3,2022_03_SF_DEN,SF,DEN,0,52,-15.7442,33,-9.2337,19,-6.5105,21,52,-15.7442
2022,4,2022_04_ARI_CAR,ARI,CAR,0,68,-4.1667,34,-1.5254,34,-2.6413,31,59,-6.6576
2022,4,2022_04_ARI_CAR,CAR,ARI,1,52,-24.4566,39,-13.313,13,-11.1437,19,42,-29.2363
2022,4,2022_04_BUF_BAL,BAL,BUF,1,63,-2.5808,31,-9.2156,32,6.6348,30,63,-2.5808
2022,4,2022_04_BUF_BAL,BUF,BAL,0,60,1.5094,37,2.0572,23,-0.5478,30,60,1.5094
2022,4,2022_04_CHI_NYG,CHI,NYG,0,60,-5.362,28,-5.8406,32,0.4786,19,57,-5.2622
2022,4,2022_04_CHI_NYG,NYG,CHI,1,61,4.3296,17,-2.6799,44,7.0095,25,57,4.088
2022,4,2022_04_CLE_ATL,ATL,CLE,1,52,1.9079,20,-5.1343,32,7.0422,24,52,1.9079
2022,4,2022_04_CLE_ATL,CLE,ATL,0,71,3.719,36,-5.9411,35,9.6601,32,71,3.719
2022,4,2022_04_DEN_LV,DEN,LV,0,48,-9.1748,28,-1.0258,20,-8.149,15,44,-4.2952
2022,4,2022_04_DEN_LV,LV,DEN,1,72,2.7564,36,-3.3127,36,6.0691,33,69,3.1481
2022,4,2022_04_JAX_PHI,JAX,PHI,0,46,-15.2165,27,-8.8923,19,-6.3242,19,40,-14.7279
2022,4,2022_04_JAX_PHI,PHI,JAX,1,75,-2.5952,28,-12.0903,47,9.4951,34,65,2.4907
2022,4,2022_04_KC_TB,KC,TB,0,77,19.2407,40,8.5959,37,10.6449,42,56,22.4141
2022,4,2022_04_KC_TB,TB,KC,1,59,8.2819,53,9.5113,6,-1.2295,33,33,0.0967
2022,4,2022_04_LAC_HOU,HOU,LAC,1,53,-3.595,39,-8.714,14,5.119,17,37,-4.9612
2022,4,2022_04_LAC_HOU,LAC,HOU,0,63,15.7437,40,16.7202,23,-0.9765,27,51,19.653
2022,4,2022_04_LA_SF,LA,SF,0,73,-16.032,55,-12.8356,18,-3.1965,31,57,-13.6563
2022,4,2022_04_LA_SF,SF,LA,1,49,9.6015,27,10.7097,22,-1.1082,17,46,10.4853
2022,4,2022_04_MIA_CIN,CIN,MIA,1,60,6.8319,33,16.3741,27,-9.5422,26,57,5.1688
2022,4,2022_04_MIA_CIN,MIA,CIN,0,60,-2.2851,38,-1.2711,22,-1.0141,25,54,-1.4699
2022,4,2022_04_MIN_NO,MIN,NO,0,67,-1.0406,42,1.9076,25,-2.9482,28,67,-1.0406
2022,4,2022_04_MIN_NO,NO,MIN,1,58,10.2162,31,7.587,27,2.6292,35,58,10.2162
2022,4,2022_04_NE_GB,GB,NE,1,71,0.848,36,-4.5461,35,5.3941,33,71,0.848
2022,4,2022_04_NE_GB,NE,GB,0,58,1.3067,25,-6.8855,33,8.1923,31,58,1.3067
2022,4,2022_04_NYJ_PIT,NYJ,PIT,0,67,2.511,38,2.3473,29,0.1637,26,67,2.511
2022,4,2022_04_NYJ_PIT,PIT,NYJ,1,60,-4.8235,29,-5.2074,31,0.3839,26,60,-4.8235
2022,4,2022_04_SEA_DET,DET,SEA,1,68,18.0469,42,12.1566,26,5.8904,30,61,7.0172
2022,4,2022_04_SEA_DET,SEA,DET,0,61,36.5463,30,21.018,31,15.5283,35,60,36.6696
2022,4,2022_04_TEN_IND,IND,TEN,1,63,-5.0668,40,8.7514,23,-13.8183,23,63,-5.0668
2022,4,2022_04_TEN_IND,TEN,IND,0,49,2.0757,24,-0.2551,25,2.3308,23,46,2.5994
2022,4,2022_04_WAS_DAL,DAL,WAS,1,57,-10.4431,28,1.6457,29,-12.0888,19,47,-2.2134
2022,4,2022_04_WAS_DAL,WAS,DAL,0,71,-18.8481,44,-17.3981,27,-1.4499,21,54,-6.3416
2022,5,2022_05_ATL_TB,ATL,TB,0,62,5.1492,31,-1.427,31,6.5763,26,42,2.0579
2022,5,2022_05_ATL_TB,TB,ATL,1,73,10.71,53,14.0426,20,-3.3325,39,61,12.2061
2022,5,2022_05_CHI_MIN,CHI,MIN,0,48,0.5135,24,2.1171,24,-1.6036,18,48,0.5135
2022,5,2022_05_CHI_MIN,MIN,CHI,1,72,16.8418,43,14.0699,29,2.7719,42,72,16.8418
2022,5,2022_05_CIN_BAL,BAL,CIN,1,60,-2.664,33,-5.6733,27,3.0094,28,60,-2.664
2022,5,2022_05_CIN_BAL,CIN,BAL,0,59,-3.8641,38,-6.9588,21,3.0947,27,59,-3.8641
2022,5,2022_05_DAL_LA,DAL,LA,0,51,-6.0692,19,-6.6676,32,0.5984,19,47,-3.3783
2022,5,2022_05_DAL_LA,LA,DAL,1,64,-17.427,49,-12.2346,15,-5.1924,22,58,-16.3093
2022,5,2022_05_DET_NE,DET,NE,0,63,-27.4933,37,-20.696,26,-6.7973,24,37,-18.8292
2022,5,2022_05_DET_NE,NE,DET,1,54,4.241,21,6.5563,33,-2.3153,23,30,0.9767
2022,5,2022_05_HOU_JAX,HOU,JAX,0,55,-3.457,25,-2.519,30,-0.938,22,52,-1.3514
2022,5,2022_05_HOU_JAX,JAX,HOU,1,72,-7.9556,46,-7.7778,26,-0.1778,30,66,-7.923
2022,5,2022_05_IND_DEN,DEN,IND,1,69,-14.5474,43,-13.0049,26,-1.5424,28,69,-14.5474
2022,5,2022_05_IND_DEN,IND,DEN,0,72,-14.6763,46,-11.0347,26,-3.6415,27,72,-14.6763
2022,5,2022_05_LAC_CLE,CLE,LAC,1,65,11.4039,34,6.9875,31,4.4164,32,65,11.4039
2022,5,2022_05_LAC_CLE,LAC,CLE,0,67,19.5999,35,4.4252,32,15.1747,31,67,19.5999
2022,5,2022_05_LV_KC,KC,LV,1,69,14.0807,47,13.8777,22,0.203,35,69,14.0807
2022,5,2022_05_LV_KC,LV,KC,0,57,9.542,32,6.7837,25,2.7583,24,57,9.542
2022,5,2022_05_MIA_NYJ,MIA,NYJ,0,62,-13.4384,36,-17.9013,26,4.4629,31,49,-8.0252
2022,5,2022_05_MIA_NYJ,NYJ,MIA,1,53,7.23,23,0.8782,30,6.3518,25,47,2.5851
2022,5,2022_05_NYG_GB,GB,NYG,1,61,3.972,41,2.8205,20,1.1515,31,61,3.972
2022,5,2022_05_NYG_GB,NYG,GB,0,56,15.871,28,13.387,28,2.484,29,55,17.5942
2022,5,2022_05_PHI_ARI,ARI,PHI,1,67,6.7748,41,6.8987,26,-0.1238,32,67,6.7748
2022,5,2022_05_PHI_ARI,PHI,ARI,0,70,9.9814,38,3.7543,32,6.227,42,70,9.9814
2022,5,2022_05_PIT_BUF,BUF,PIT,1,51,20.5585,36,13.8536,15,6.7049,25,24,14.9925
2022,5,2022_05_PIT_BUF,PIT,BUF,0,72,-8.7873,55,-2.2376,17,-6.5497,30,28,-1.9255
2022,5,2022_05_SEA_NO,NO,SEA,1,70,6.5176,26,-0.6196,44,7.1372,32,68,6.8459
2022,5,2022_05_SEA_NO,SEA,NO,0,50,-0.1253,29,2.0722,21,-2.1975,18,50,-0.1253
2022,5,2022_05_SF_CAR,CAR,SF,1,66,-11.5332,48,-11.8722,18,0.339,24,43,-5.0336
2022,5,2022_05_SF_CAR,SF,CAR,0,59,15.7997,32,13.6174,27,2.1822,29,52,12.6842
2022,5,2022_05_TEN_WAS,TEN,WAS,0,62,-1.057,30,-0.5835,32,-0.4735,25,61,-1.1539
2022,5,2022_05_TEN_WAS,WAS,TEN,1,57,-2.6145,41,0.6537,16,-3.2682,23,57,-2.6145
2022,6,2022_06_ARI_SEA,ARI,SEA,0,71,-14.4335,43,-11.6728,28,-2.7607,23,63,-14.8223
2022,6,2022_06_ARI_SEA,SEA,ARI,1,66,-12.5785,36,-6.3047,30,-6.2737,27,56,-8.9166
2022,6,2022_06_BAL_NYG,BAL,NYG,0,58,7.1415,34,-1.5919,24,8.7334,28,58,7.1415
2022,6,2022_06_BAL_NYG,NYG,BAL,1,59,7.5015,31,10.1903,28,-2.6888,28,57,6.394
2022,6,2022_06_BUF_KC,BUF,KC,0,70,8.3969,41,11.1602,29,-2.7633,34,69,8.4635
2022,6,2022_06_BUF_KC,KC,BUF,1,61,2.8792,43,4.3807,18,-1.5015,23,61,2.8792
2022,6,2022_06_CAR_LA,CAR,LA,0,43,-15.1225,23,-12.9475,20,-2.1749,14,33,-10.0176
2022,6,2022_06_CAR_LA,LA,CAR,1,61,0.492,34,3.0502,27,-2.5581,27,55,2.5876
2022,6,2022_06_CIN_NO,CIN,NO,0,54,15.2835,41,9.7915,13,5.492,32,54,15.2835
2022,6,2022_06_CIN_NO,NO,CIN,1,71,7.7071,37,3.7093,34,3.9978,33,71,7.7071
2022,6,2022_06_DAL_PHI,DAL,PHI,0,64,-4.1237,38,-8.382,26,4.2583,28,50,-4.5832
2022,6,2022_06_DAL_PHI,PHI,DAL,1,67,1.0543,29,3.2379,38,-2.1836,30,54,2.6794
2022,6,2022_06_DEN_LAC,DEN,LAC,0,55,-8.4258,32,-6.8266,23,-1.5992,19,55,-8.4258
2022,6,2022_06_DEN_LAC,LAC,DEN,1,83,-13.3214,59,-15.7272,24,2.4058,30,83,-13.3214
2022,6,2022_06_JAX_IND,IND,JAX,1,76,15.7052,59,16.7104,17,-1.0052,36,76,15.7052
2022,6,2022_06_JAX_IND,JAX,IND,0,59,11.6732,27,0.3286,32,11.3446,33,57,11.782
2022,6,2022_06_MIN_MIA,MIA,MIN,1,74,-9.5083,54,-4.8342,20,-4.6741,31,65,-12.2208
2022,6,2022_06_MIN_MIA,MIN,MIA,0,49,-5.3296,34,-4.4745,15,-0.8551,18,45,-3.9593
2022,6,2022_06_NE_CLE,CLE,NE,1,68,-19.2036,50,-11.6116,18,-7.592,21,42,-18.2009
2022,6,2022_06_NE_CLE,NE,CLE,0,62,10.3108,36,8.4088,26,1.902,24,43,8.9468
2022,6,2022_06_NYJ_GB,GB,NYJ,1,69,-23.5958,49,-16.3596,20,-7.2361,30,63,-17.746
2022,6,2022_06_NYJ_GB,NYJ,GB,0,50,1.4777,20,-3.8183,30,5.2961,20,38,-0.4661
2022,6,2022_06_SF_ATL,ATL,SF,1,56,6.8507,16,5.2091,40,1.6416,28,45,10.004
2022,6,2022_06_SF_ATL,SF,ATL,0,57,-6.879,41,3.5642,16,-10.4432,30,38,-9.5118
2022,6,2022_06_TB_PIT,PIT,TB,1,59,1.7718,32,7.5769,27,-5.8051,25,59,1.7718
2022,6,2022_06_TB_PIT,TB,PIT,0,68,4.8587,42,7.8659,26,-3.0073,34,68,4.8587
2022,6,2022_06_WAS_CHI,CHI,WAS,1,69,-7.7075,32,-14.379,37,6.6715,29,69,-7.7075
2022,6,2022_06_WAS_CHI,WAS,CHI,0,54,-5.853,26,-8.9188,28,3.0658,21,53,-6.0201
2022,7,2022_07_ATL_CIN,ATL,CIN,0,45,0.6639,16,1.1048,29,-0.4409,17,31,4.0365
2022,7,2022_07_ATL_CIN,CIN,ATL,1,65,27.385,45,27.0256,20,0.3593,37,44,26.2289
2022,7,2022_07_CHI_NE,CHI,NE,0,69,9.4934,25,2.3913,44,7.1021,37,60,10.4464
2022,7,2022_07_CHI_NE,NE,CHI,1,47,-11.648,29,-8.1437,18,-3.5043,19,32,-5.0036
2022,7,2022_07_CLE_BAL,BAL,CLE,1,62,-4.4762,19,-4.2713,43,-0.2049,27,61,-4.0326
2022,7,2022_07_CLE_BAL,CLE,BAL,0,56,4.2724,32,0.3828,24,3.8896,27,56,4.2724
2022,7,2022_07_DET_DAL,DAL,DET,1,57,1.5437,27,4.4406,30,-2.8968,30,53,-1.3081
2022,7,2022_07_DET_DAL,DET,DAL,0,56,-16.134,31,-6.6372,25,-9.4967,27,49,-8.0737
2022,7,2022_07_GB_WAS,GB,WAS,0,46,-4.4489,34,-2.8317,12,-1.6172,18,46,-4.4489
2022,7,2022_07_GB_WAS,WAS,GB,1,72,-4.1892,34,-1.0927,38,-3.0965,25,72,-4.1892
2022,7,2022_07_HOU_LV,HOU,LV,0,65,3.7396,42,3.0725,23,0.6671,30,52,2.9048
2022,7,2022_07_HOU_LV,LV,HOU,1,53,17.1845,28,12.19,25,4.9945,31,53,17.1845
2022,7,2022_07_IND_TEN,IND,TEN,0,64,-13.8234,47,-12.8207,17,-1.0026,31,64,-13.8234
2022,7,2022_07_IND_TEN,TEN,IND,1,55,-6.4797,22,3.5132,33,-9.9929,21,52,-8.3245
2022,7,2022_07_KC_SF,KC,SF,0,55,33.2126,37,27.936,18,5.2766,32,47,28.8238
2022,7,2022_07_KC_SF,SF,KC,1,71,3.8611,51,2.5239,20,1.3373,34,51,8.5226
2022,7,2022_07_NO_ARI,ARI,NO,1,61,8.7385,32,2.8525,29,5.886,28,44,9.3687
2022,7,2022_07_NO_ARI,NO,ARI,0,70,2.1913,49,2.7648,21,-0.5735,38,42,-6.0822
2022,7,2022_07_NYG_JAX,JAX,NYG,1,66,9.2129,44,11.0176,22,-1.8047,30,66,9.2129
2022,7,2022_07_NYG_JAX,NYG,JAX,0,70,11.8706,31,1.8463,39,10.0243,37,69,11.2334
2022,7,2022_07_NYJ_DEN,DEN,NYJ,1,75,-12.2999,47,-12.7807,28,0.4808,25,74,-11.9433
2022,7,2022_07_NYJ_DEN,NYJ,DEN,0,52,-7.2699,29,-10.7122,23,3.4424,17,49,-6.0222
2022,7,2022_07_PIT_MIA,MIA,PIT,1,61,-1.9814,35,5.5719,26,-7.5533,26,61,-1.9814
2022,7,2022_07_PIT_MIA,PIT,MIA,0,68,-6.5845,45,-5.5731,23,-1.0114,28,68,-6.5845
2022,7,2022_07_SEA_LAC,LAC,SEA,1,69,-16.8183,54,-10.3894,15,-6.429,25,56,-20.3909
2022,7,2022_07_SEA_LAC,SEA,LAC,0,61,7.8097,29,4.5664,32,3.2433,27,53,3.5368
2022,7,2022_07_TB_CAR,CAR,TB,1,50,6.7842,23,5.2689,27,1.5153,19,39,6.4024
2022,7,2022_07_TB_CAR,TB,CAR,0,66,-10.2175,50,-2.3755,16,-7.842,25,59,-8.2068
2022,8,2022_08_ARI_MIN,ARI,MIN,0,70,-4.9833,48,-2.0224,22,-2.961,31,65,-6.0837
2022,8,2022_08_ARI_MIN,MIN,ARI,1,68,0.7031,39,-3.191,29,3.8941,34,64,3.2491
2022,8,2022_08_BAL_TB,BAL,TB,0,71,10.1299,40,0.9624,31,9.1676,37,67,9.0606
2022,8,2022_08_BAL_TB,TB,BAL,1,62,4.2174,46,5.439,16,-1.2216,28,51,-0.5819
2022,8,2022_08_CAR_ATL,ATL,CAR,1,66,2.3129,30,6.2341,36,-3.9212,30,63,4.345
2022,8,2022_08_CAR_ATL,CAR,ATL,0,74,6.8156,37,1.3539,37,5.4617,33,74,6.8156
2022,8,2022_08_CHI_DAL,CHI,DAL,0,73,0.5806,30,-10.9149,43,11.4955,30,45,-1.3274
2022,8,2022_08_CHI_DAL,DAL,CHI,1,55,24.5689,28,14.7257,27,9.8433,31,44,20.1699
2022,8,2022_08_CIN_CLE,CIN,CLE,0,50,-8.743,40,-9.2479,10,0.5049,22,30,-12.8956
2022,8,2022_08_CIN_CLE,CLE,CIN,1,67,14.0885,24,8.994,43,5.0944,38,43,5.1955
2022,8,2022_08_DEN_JAX,DEN,JAX,0,60,1.1913,32,2.766,28,-1.5747,27,56,4.2777
2022,8,2022_08_DEN_JAX,JAX,DEN,1,65,-6.3641,33,-13.9485,32,7.5844,30,65,-6.3641
2022,8,2022_08_GB_BUF,BUF,GB,1,53,6.5778,27,0.6106,26,5.9672,27,33,16.9618
2022,8,2022_08_GB_BUF,GB,BUF,0,63,3.8581,32,-1.4,31,5.2582,30,39,3.216
2022,8,2022_08_LV_NO,LV,NO,0,55,-20.7824,43,-13.7619,12,-7.0205,18,27,-16.9921
2022,8,2022_08_LV_NO,NO,LV,1,63,9.2324,31,9.4371,32,-0.2047,33,30,7.1
2022,8,2022_08_MIA_DET,DET,MIA,1,57,10.9212,38,8.691,19,2.2302,31,57,10.9212
2022,8,2022_08_MIA_DET,MIA,DET,0,61,21.152,38,19.0985,23,2.0535,31,61,21.152
2022,8,2022_08_NE_NYJ,NE,NYJ,0,72,-8.675,41,-7.0442,31,-1.6308,27,64,-5.0519
2022,8,2022_08_NE_NYJ,NYJ,NE,1,58,-6.78,43,-2.3101,15,-4.4699,20,50,-11.5947
2022,8,2022_08_NYG_SEA,NYG,SEA,0,64,-6.5183,36,0.1014,28,-6.6197,20,49,-4.1616
2022,8,2022_08_NYG_SEA,SEA,NYG,1,61,-5.7596,37,-2.5556,24,-3.204,22,55,-4.1052
2022,8,2022_08_PIT_PHI,PHI,PIT,1,52,20.9253,33,16.8565,19,4.0687,26,35,17.2324
2022,8,2022_08_PIT_PHI,PIT,PHI,0,70,-3.8759,46,-13.209,24,9.3331,29,54,-0.6325
2022,8,2022_08_SF_LA,LA,SF,1,55,-4.543,35,0.433,20,-4.976,21,48,-1.6108
2022,8,2022_08_SF_LA,SF,LA,0,52,17.7524,29,18.3209,23,-0.5685,28,46,17.6479
2022,8,2022_08_TEN_HOU,HOU,TEN,1,50,-17.3011,33,-12.5396,17,-4.7615,12,32,-19.789
2022,8,2022_08_TEN_HOU,TEN,HOU,0,57,2.5269,13,-10.6183,44,13.1451,27,50,8.0614
2022,8,2022_08_WAS_IND,IND,WAS,1,53,-7.7435,25,1.2021,28,-8.9456,21,53,-7.7435
2022,8,2022_08_WAS_IND,WAS,IND,0,61,-4.0254,33,1.6814,28,-5.7068,27,61,-4.0254
2022,9,2022_09_BAL_NO,BAL,NO,0,65,10.272,25,4.4592,40,5.8128,33,50,8.8209
2022,9,2022_09_BAL_NO,NO,BAL,1,49,-7.804,34,-3.7601,15,-4.0439,21,38,-8.1589
2022,9,2022_09_BUF_NYJ,BUF,NYJ,0,61,-1.455,39,-12.6992,22,11.2442,29,61,-1.455
2022,9,2022_09_BUF_NYJ,NYJ,BUF,1,60,3.9312,27,-1.784,33,5.7152,34,60,3.9312
2022,9,2022_09_CAR_CIN,CAR,CIN,0,48,-1.3,30,-1.5549,18,0.2549,19,11,-10.083
2022,9,2022_09_CAR_CIN,CIN,CAR,1,70,27.0317,33,10.0494,37,16.9823,45,31,14.4132
2022,9,2022_09_GB_DET,DET,GB,1,57,-7.1251,26,-1.4638,31,-5.6614,26,57,-7.1251
2022,9,2022_09_GB_DET,GB,DET,0,69,-8.3426,45,-13.5426,24,5.2,28,69,-8.3426
2022,9,2022_09_IND_NE,IND,NE,0,60,-37.9108,38,-29.4292,22,-8.4816,14,47,-24.7373
2022,9,2022_09_IND_NE,NE,IND,1,61,-19.6473,34,-12.8281,27,-6.8192,18,41,-15.3621
2022,9,2022_09_LAC_ATL,ATL,LAC,1,60,0.0082,25,-8.9827,35,8.9909,32,60,0.0082
2022,9,2022_09_LAC_ATL,LAC,ATL,0,67,2.0702,43,4.9787,24,-2.9085,30,67,2.0702
2022,9,2022_09_LA_TB,LA,TB,0,54,-10.1861,31,-4.6822,23,-5.5038,11,54,-10.1861
2022,9,2022_09_LA_TB,TB,LA,1,78,-12.4886,58,-4.6425,20,-7.8461,30,78,-12.4886
2022,9,2022_09_LV_JAX,JAX,LV,1,66,12.3643,30,13.4328,36,-1.0685,37,65,11.5765
2022,9,2022_09_LV_JAX,LV,JAX,0,57,3.3943,38,7.9401,19,-4.5457,21,55,6.1017
2022,9,2022_09_MIA_CHI,CHI,MIA,1,70,12.6733,31,0.4234,39,12.2499,31,70,12.6733
2022,9,2022_09_MIA_CHI,MIA,CHI,0,50,15.1227,30,18.9764,20,-3.8537,24,50,15.1227
2022,9,2022_09_MIN_WAS,MIN,WAS,0,65,-6.0126,43,-0.1266,22,-5.8859,22,65,-6.0126
2022,9,2022_09_MIN_WAS,WAS,MIN,1,60,-9.7948,31,-11.0058,29,1.2111,23,60,-9.7948
2022,9,2022_09_PHI_HOU,HOU,PHI,1,57,-6.6094,25,-7.146,32,0.5366,25,55,-4.9507
2022,9,2022_09_PHI_HOU,PHI,HOU,0,61,11.9256,31,7.0712,30,4.8544,36,56,13.5447
2022,9,2022_09_SEA_ARI,ARI,SEA,1,61,-9.3247,40,-7.6452,21,-1.6795,20,57,-4.5941
2022,9,2022_09_SEA_ARI,SEA,ARI,0,68,6.0413,36,-1.2604,32,7.3017,32,68,6.0413
2022,9,2022_09_TEN_KC,KC,TEN,1,92,6.146,72,1.6704,20,4.4756,39,92,6.146
2022,9,2022_09_TEN_KC,TEN,KC,0,47,-3.6601,19,-5.5611,28,1.901,13,47,-3.6601
2022,10,2022_10_ARI_LA,ARI,LA,0,64,3.066,39,2.8018,25,0.2642,27,61,4.6698
2022,10,2022_10_ARI_LA,LA,ARI,1,59,-11.5726,40,-12.8978,19,1.3252,26,43,-18.0909
2022,10,2022_10_ATL_CAR,ATL,CAR,0,59,-6.5768,34,-7.7251,25,1.1483,24,47,-12.1133
2022,10,2022_10_ATL_CAR,CAR,ATL,1,64,5.2538,17,-1.4368,47,6.6906,28,58,7.8352
2022,10,2022_10_CLE_MIA,CLE,MIA,0,61,-5.5547,38,-5.9996,23,0.4449,28,39,-4.7662
2022,10,2022_10_CLE_MIA,MIA,CLE,1,64,25.4699,34,17.6157,30,7.8541,39,42,17.1948
2022,10,2022_10_DAL_GB,DAL,GB,0,79,0.5929,48,-6.6973,31,7.2902,36,79,0.5929
2022,10,2022_10_DAL_GB,GB,DAL,1,60,13.9234,22,6.8773,38,7.0461,28,60,13.9234
2022,10,2022_10_DEN_TEN,DEN,TEN,0,72,-9.0084,48,-6.2719,24,-2.7365,24,72,-9.0084
2022,10,2022_10_DEN_TEN,TEN,DEN,1,60,-5.0749,37,4.7925,23,-9.8674,24,59,-5.2287
2022,10,2022_10_DET_CHI,CHI,DET,1,58,4.3126,23,-3.7486,35,8.0611,29,55,6.4064
2022,10,2022_10_DET_CHI,DET,CHI,0,58,10.6137,28,17.6367,30,-7.023,29,58,10.6137
2022,10,2022_10_HOU_NYG,HOU,NYG,0,60,0.5725,41,5.2106,19,-4.6381,27,53,-2.0059
2022,10,2022_10_HOU_NYG,NYG,HOU,1,66,9.518,20,11.8776,46,-2.3596,28,56,12.3372
2022,10,2022_10_IND_LV,IND,LV,0,59,9.0049,31,2.0059,28,6.9989,30,59,9.0049
2022,10,2022_10_IND_LV,LV,IND,1,65,-4.313,41,1.9862,24,-6.2992,25,65,-4.313
2022,10,2022_10_JAX_KC,JAX,KC,0,61,5.3668,45,7.0335,16,-1.6667,27,45,-0.1607
2022,10,2022_10_JAX_KC,KC,JAX,1,61,16.7158,35,20.0449,26,-3.3291,33,44,16.6284
2022,10,2022_10_LAC_SF,LAC,SF,0,56,-8.4598,40,-7.9783,16,-0.4815,16,56,-8.4598
2022,10,2022_10_LAC_SF,SF,LAC,1,69,4.125,29,4.5253,40,-0.4003,37,66,6.2695
2022,10,2022_10_MIN_BUF,BUF,MIN,1,72,-4.1241,45,2.762,27,-6.8862,39,65,-2.0996
2022,10,2022_10_MIN_BUF,MIN,BUF,0,78,5.4137,54,4.8568,24,0.5569,35,77,-1.4815
2022,10,2022_10_NO_PIT,NO,PIT,0,45,-13.0779,30,-2.164,15,-10.9139,12,45,-13.0779
2022,10,2022_10_NO_PIT,PIT,NO,1,78,1.3048,36,-2.628,42,3.9328,34,66,2.3585
2022,10,2022_10_SEA_TB,SEA,TB,0,51,0.5233,37,3.9341,14,-3.4108,27,44,-7.4595
2022,10,2022_10_SEA_TB,TB,SEA,1,68,11.2911,30,10.5824,38,0.7087,33,58,13.1307
2022,10,2022_10_WAS_PHI,PHI,WAS,1,47,-5.8393,27,-10.1392,20,4.3,24,46,1.0951
2022,10,2022_10_WAS_PHI,WAS,PHI,0,77,5.8864,30,2.8151,47,3.0713,41,75,7.6291
2022,11,2022_11_CAR_BAL,BAL,CAR,1,65,-7.6783,36,-5.4572,29,-2.2212,31,58,-1.6508
2022,11,2022_11_CAR_BAL,CAR,BAL,0,54,-22.264,37,-18.3263,17,-3.9377,16,47,-18.8249
2022,11,2022_11_CHI_ATL,ATL,CHI,1,48,-0.6204,18,1.476,30,-2.0964,23,46,-2.4207
2022,11,2022_11_CHI_ATL,CHI,ATL,0,66,1.7381,25,1.4723,41,0.2658,29,66,1.7381
2022,11,2022_11_CIN_PIT,CIN,PIT,0,63,9.8123,41,12.7163,22,-2.9039,30,60,11.1756
2022,11,2022_11_CIN_PIT,PIT,CIN,1,68,-2.6265,44,-2.2171,24,-0.4094,26,55,-3.9909
2022,11,2022_11_CLE_BUF,BUF,CLE,1,62,7.1415,29,6.9557,33,0.1858,31,48,6.7116
2022,11,2022_11_CLE_BUF,CLE,BUF,0,67,5.4868,42,17.7662,25,-12.2794,33,47,-1.1571
2022,11,2022_11_DAL_MIN,DAL,MIN,0,70,20.2329,30,19.6575,40,0.5754,34,45,19.0485
2022,11,2022_11_DAL_MIN,MIN,DAL,1,54,-19.9596,37,-16.0998,17,-3.8598,14,27,-10.428
2022,11,2022_11_DET_NYG,DET,NYG,0,60,6.7512,26,2.7966,34,3.9546,27,41,11.921
2022,11,2022_11_DET_NYG,NYG,DET,1,73,-1.6024,47,-2.0348,26,0.4325,33,48,-13.2482
2022,11,2022_11_KC_LAC,KC,LAC,0,61,15.3826,35,13.8536,26,1.5291,31,61,15.3826
2022,11,2022_11_KC_LAC,LAC,KC,1,65,5.5461,35,1.7575,30,3.7886,35,65,5.5461
2022,11,2022_11_LA_NO,LA,NO,0,61,-0.0843,31,0.0162,30,-0.1004,24,55,2.0829
2022,11,2022_11_LA_NO,NO,LA,1,54,4.8222,32,9.0598,22,-4.2377,27,50,8.1099
2022,11,2022_11_LV_DEN,DEN,LV,1,62,-0.4972,34,1.4626,28,-1.9597,28,62,-0.4972
2022,11,2022_11_LV_DEN,LV,DEN,0,62,6.4542,38,7.1071,24,-0.6529,26,62,6.4542
2022,11,2022_11_NYJ_NE,NE,NYJ,1,59,-7.7245,33,-1.2873,26,-6.4371,24,59,-7.7245
2022,11,2022_11_NYJ_NE,NYJ,NE,0,49,-20.5795,26,-12.3969,23,-8.1826,10,49,-20.5795
2022,11,2022_11_PHI_IND,IND,PHI,1,62,-9.0432,36,-3.3372,26,-5.7061,22,62,-9.0432
2022,11,2022_11_PHI_IND,PHI,IND,0,59,-7.9154,28,-10.8934,31,2.978,29,59,-7.9154
2022,11,2022_11_SF_ARI,ARI,SF,1,71,-11.7351,47,-6.7402,24,-4.995,28,50,-5.9392
2022,11,2022_11_SF_ARI,SF,ARI,0,55,20.4501,29,16.2386,26,4.2116,31,40,14.4376
2022,11,2022_11_TEN_GB,GB,TEN,1,60,-1.5513,41,2.7101,19,-4.2614,21,54,-0.6896
2022,11,2022_11_TEN_GB,TEN,GB,0,61,14.6913,32,17.3326,29,-2.6414,30,57,13.1784
2022,11,2022_11_WAS_HOU,HOU,WAS,1,53,-21.2624,38,-18.6373,15,-2.6251,15,33,-23.0689
2022,11,2022_11_WAS_HOU,WAS,HOU,0,67,-4.2779,27,1.143,40,-5.4209,28,44,2.9886
2022,12,2022_12_ATL_WAS,ATL,WAS,0,55,0.9972,26,-4.7203,29,5.7175,26,55,0.9972
2022,12,2022_12_ATL_WAS,WAS,ATL,1,59,7.2841,23,2.3664,36,4.9177,31,56,7.8122
2022,12,2022_12_BAL_JAX,BAL,JAX,0,68,7.6071,34,8.05,34,-0.4429,33,68,7.6071
2022,12,2022_12_BAL_JAX,JAX,BAL,1,62,2.9935,42,14.8545,20,-11.8611,25,62,2.9935
2022,12,2022_12_BUF_DET,BUF,DET,0,74,7.3949,45,-0.7384,29,8.1333,36,74,7.3949
2022,12,2022_12_BUF_DET,DET,BUF,1,68,2.3834,39,5.6612,29,-3.2779,31,68,2.3834
2022,12,2022_12_CHI_NYJ,CHI,NYJ,0,55,-3.4782,27,-7.0488,28,3.5707,21,34,-0.4725
2022,12,2022_12_CHI_NYJ,NYJ,CHI,1,60,14.7308,30,14.5543,30,0.1766,30,44,11.9179
2022,12,2022_12_CIN_TEN,CIN,TEN,0,62,8.4694,38,5.7199,24,2.7495,28,62,8.4694
2022,12,2022_12_CIN_TEN,TEN,CIN,1,56,3.3622,35,6.6584,21,-3.2961,23,56,3.3622
2022,12,2022_12_DEN_CAR,CAR,DEN,1,64,5.3121,19,5.2227,45,0.0895,27,46,3.9592
2022,12,2022_12_DEN_CAR,DEN,CAR,0,57,-15.2347,38,-14.1914,19,-1.0433,19,37,-12.6749
2022,12,2022_12_GB_PHI,GB,PHI,0,48,9.0879,28,7.543,20,1.5449,24,42,1.948
2022,12,2022_12_GB_PHI,PHI,GB,1,78,15.6122,30,-5.7204,48,21.3327,40,73,16.9959
2022,12,2022_12_HOU_MIA,HOU,MIA,0,60,-23.28,45,-22.044,15,-1.236,17,18,-17.0216
2022,12,2022_12_HOU_MIA,MIA,HOU,1,68,-7.2265,45,4.647,23,-11.8735,25,28,9.2978
2022,12,2022_12_LAC_ARI,ARI,LAC,1,64,3.7159,30,7.6763,34,-3.9604,27,64,3.7159
2022,12,2022_12_LAC_ARI,LAC,ARI,0,64,4.4222,52,3.162,12,1.2601,30,64,4.4222
2022,12,2022_12_LA_KC,KC,LA,1,72,9.2192,42,7.4354,30,1.7838,37,57,19.6012
2022,12,2022_12_LA_KC,LA,KC,0,54,-12.2803,27,-10.3293,27,-1.9509,17,41,-13.5522
2022,12,2022_12_LV_SEA,LV,SEA,0,77,16.008,37,13.6287,40,2.3793,39,77,16.008
2022,12,2022_12_LV_SEA,SEA,LV,1,62,2.0935,40,8.0427,22,-5.9492,33,62,2.0935
2022,12,2022_12_NE_MIN,MIN,NE,1,65,4.1593,39,12.2714,26,-8.1121,30,62,6.2235
2022,12,2022_12_NE_MIN,NE,MIN,0,54,3.8382,41,6.0552,13,-2.217,23,51,4.1412
2022,12,2022_12_NO_SF,NO,SF,0,53,-14.2377,31,-5.5034,22,-8.7343,19,52,-11.2132
2022,12,2022_12_NO_SF,SF,NO,1,65,-1.3398,38,1.2984,27,-2.6382,26,50,1.7103
2022,12,2022_12_NYG_DAL,DAL,NYG,1,68,9.6809,30,11.6516,38,-1.9707,31,61,11.0348
2022,12,2022_12_NYG_DAL,NYG,DAL,0,56,-3.8691,35,-4.3162,21,0.4471,23,40,-7.9938
2022,12,2022_12_PIT_IND,IND,PIT,1,62,-10.036,37,-5.0693,25,-4.9667,26,62,-10.036
2022,12,2022_12_PIT_IND,PIT,IND,0,67,7.8972,32,-0.0058,35,7.903,36,67,7.8972
2022,12,2022_12_TB_CLE,CLE,TB,1,75,1.8739,41,-5.779,34,7.6529,28,75,1.8739
2022,12,2022_12_TB_CLE,TB,CLE,0,66,-2.2,46,-1.7076,20,-0.4923,25,66,-2.2
2022,13,2022_13_BUF_NE,BUF,NE,0,68,11.5456,35,11.7516,33,-0.206,31,62,12.0785
2022,13,2022_13_BUF_NE,NE,BUF,1,51,-1.3222,37,0.7694,14,-2.0916,20,31,-0.4149
2022,13,2022_13_CLE_HOU,CLE,HOU,0,58,-13.4609,23,-10.84,35,-2.6209,22,52,-9.746
2022,13,2022_13_CLE_HOU,HOU,CLE,1,62,-27.5016,40,-19.1788,22,-8.3228,25,49,-30.2949
2022,13,2022_13_DEN_BAL,BAL,DEN,1,68,-9.5782,40,-10.6467,28,1.0684,26,68,-9.5782
2022,13,2022_13_DEN_BAL,DEN,BAL,0,52,-7.0269,24,0.7977,28,-7.8245,18,52,-7.0269
2022,13,2022_13_GB_CHI,CHI,GB,1,49,6.0595,25,-0.6383,24,6.6978,22,46,4.7449
2022,13,2022_13_GB_CHI,GB,CHI,0,62,11.3936,32,4.586,30,6.8076,30,62,11.3936
2022,13,2022_13_IND_DAL,DAL,IND,1,66,14.0962,32,2.4561,34,11.64,30,54,6.1376
2022,13,2022_13_IND_DAL,IND,DAL,0,69,-20.5799,41,-17.4466,28,-3.1332,26,50,-8.5938
2022,13,2022_13_JAX_DET,DET,JAX,1,72,20.6268,43,21.6165,29,-0.9897,39,41,10.7511
2022,13,2022_13_JAX_DET,JAX,DET,0,56,-4.9672,37,-5.4251,19,0.4579,23,32,-5.2019
2022,13,2022_13_KC_CIN,CIN,KC,1,64,16.6972,32,19.7534,32,-3.0562,36,64,16.6972
2022,13,2022_13_KC_CIN,KC,CIN,0,54,12.9065,29,2.7316,25,10.1749,29,54,12.9065
2022,13,2022_13_LAC_LV,LAC,LV,0,73,-7.6734,52,-6.4624,21,-1.211,28,63,-17.2246
2022,13,2022_13_LAC_LV,LV,LAC,1,59,-5.2467,30,-7.8903,29,2.6436,24,54,-1.3494
2022,13,2022_13_MIA_SF,MIA,SF,0,45,-14.7679,37,-14.3121,8,-0.4557,19,43,-3.7704
2022,13,2022_13_MIA_SF,SF,MIA,1,76,-0.1699,45,2.436,31,-2.6058,32,76,-0.1699
2022,13,2022_13_NO_TB,NO,TB,0,56,-1.6764,31,5.1662,25,-6.8425,22,50,1.235
2022,13,2022_13_NO_TB,TB,NO,1,74,-1.9613,55,-0.9339,19,-1.0274,34,62,-2.2363
2022,13,2022_13_NYJ_MIN,MIN,NYJ,1,64,0.8107,37,-1.8873,27,2.698,26,64,0.8107
2022,13,2022_13_NYJ_MIN,NYJ,MIN,0,83,-4.248,59,-8.5485,24,4.3006,34,82,-7.0885
2022,13,2022_13_PIT_ATL,ATL,PIT,1,53,-0.4652,25,-4.9904,28,4.5251,27,53,-0.4652
2022,13,2022_13_PIT_ATL,PIT,ATL,0,64,11.5256,28,9.1269,36,2.3987,35,64,11.5256
2022,13,2022_13_SEA_LA,LA,SEA,1,63,-2.8587,30,-7.9709,33,5.1122,28,62,-0.7134
2022,13,2022_13_SEA_LA,SEA,LA,0,64,9.3256,43,10.5615,21,-1.2358,34,64,9.3256
2022,13,2022_13_TEN_PHI,PHI,TEN,1,67,21.4643,43,19.0957,24,2.3686,35,39,19.9705
2022,13,2022_13_TEN_PHI,TEN,PHI,0,53,-12.2903,32,-11.8147,21,-0.4756,15,36,-3.5868
2022,13,2022_13_WAS_NYG,NYG,WAS,1,62,-6.2157,33,-2.2723,29,-3.9434,28,62,-6.2157
2022,13,2022_13_WAS_NYG,WAS,NYG,0,81,3.4638,46,-0.3067,35,3.7705,36,81,3.4638
2022,14,2022_14_BAL_PIT,BAL,PIT,0,57,2.8677,19,0.241,38,2.6268,25,57,2.8677
2022,14,2022_14_BAL_PIT,PIT,BAL,1,53,0.9642,33,2.6894,20,-1.7252,25,53,0.9642
2022,14,2022_14_CAR_SEA,CAR,SEA,0,71,11.8856,26,-2.6763,45,14.5619,37,63,10.2965
2022,14,2022_14_CAR_SEA,SEA,CAR,1,53,-4.1845,39,-0.46,14,-3.7245,20,47,-10.2132
2022,14,2022_14_CLE_CIN,CIN,CLE,1,58,2.1217,35,-3.0944,23,5.2161,25,46,6.5171
2022,14,2022_14_CLE_CIN,CLE,CIN,0,69,-9.6208,44,-9.0512,25,-0.5696,30,52,-11.6372
2022,14,2022_14_HOU_DAL,DAL,HOU,1,70,-1.7096,40,-3.6638,30,1.9543,33,70,-1.7096
2022,14,2022_14_HOU_DAL,HOU,DAL,0,63,-11.7442,26,7.3543,37,-19.0985,25,63,-11.7442
2022,14,2022_14_JAX_TEN,JAX,TEN,0,67,11.4805,43,18.1617,24,-6.6812,32,45,15.8812
2022,14,2022_14_JAX_TEN,TEN,JAX,1,63,-8.2657,43,-8.2862,20,0.0205,30,35,-7.0915
2022,14,2022_14_KC_DEN,DEN,KC,1,69,-6.6367,50,-8.785,19,2.1484,22,62,-8.8896
2022,14,2022_14_KC_DEN,KC,DEN,0,64,6.4724,44,5.7668,20,0.7056,31,59,10.0206
2022,14,2022_14_LV_LA,LA,LV,1,59,-6.8155,38,1.9738,21,-8.7892,23,55,-10.5346
2022,14,2022_14_LV_LA,LV,LA,0,58,1.4063,20,-0.8324,38,2.2387,26,58,1.4063
2022,14,2022_14_MIA_LAC,LAC,MIA,1,76,2.1088,55,1.6881,21,0.4207,30,75,3.154
2022,14,2022_14_MIA_LAC,MIA,LAC,0,49,-4.048,30,-7.9322,19,3.8842,16,43,-3.4499
2022,14,2022_14_MIN_DET,DET,MIN,1,69,15.9872,39,14.2893,30,1.6979,31,52,15.9131
2022,14,2022_14_MIN_DET,MIN,DET,0,63,3.7415,46,14.5101,17,-10.7686,27,53,-4.2094
2022,14,2022_14_NE_ARI,ARI,NE,1,69,-26.3589,47,-27.4938,22,1.1349,29,53,-18.1477
2022,14,2022_14_NE_ARI,NE,ARI,0,54,0.9852,36,-2.2351,18,3.2203,22,47,4.072
2022,14,2022_14_NYJ_BUF,BUF,NYJ,1,53,-5.52,30,-4.7834,23,-0.7367,18,44,-0.929
2022,14,2022_14_NYJ_BUF,NYJ,BUF,0,73,-12.3123,51,-5.359,22,-6.9533,28,60,-10.2481
2022,14,2022_14_PHI_NYG,NYG,PHI,1,64,-3.8065,40,-7.6796,24,3.8731,31,39,-2.2006
2022,14,2022_14_PHI_NYG,PHI,NYG,0,65,25.9039,35,5.4865,30,20.4174,33,46,15.4763
2022,14,2022_14_TB_SF,SF,TB,1,58,9.6616,23,7.7193,35,1.9423,30,25,9.9295
2022,14,2022_14_TB_SF,TB,SF,0,73,-13.0688,55,-9.4667,18,-3.6021,32,26,-6.7439
2022,15,2022_15_ARI_DEN,ARI,DEN,0,60,-18.2732,40,-17.5016,20,-0.7716,18,53,-19.5529
2022,15,2022_15_ARI_DEN,DEN,ARI,1,65,-3.2099,33,-6.004,32,2.7941,33,57,-2.0036
2022,15,2022_15_ATL_NO,ATL,NO,0,70,-0.3061,30,-10.9563,40,10.6502,32,70,-0.3061
2022,15,2022_15_ATL_NO,NO,ATL,1,54,2.8253,21,11.873,33,-9.0477,28,52,5.1139
2022,15,2022_15_BAL_CLE,BAL,CLE,0,61,-13.5491,33,-17.0084,28,3.4593,29,58,-10.8847
2022,15,2022_15_BAL_CLE,CLE,BAL,1,61,1.8467,31,-2.8437,30,4.6905,31,50,1.1364
2022,15,2022_15_CIN_TB,CIN,TB,0,61,-1.0655,42,2.3457,19,-3.4112,30,50,-4.6996
2022,15,2022_15_CIN_TB,TB,CIN,1,71,-7.5011,46,4.5211,25,-12.0222,31,61,-12.8714
2022,15,2022_15_DAL_JAX,DAL,JAX,0,74,3.3373,33,4.0234,41,-0.6861,41,74,3.3373
2022,15,2022_15_DAL_JAX,JAX,DAL,1,70,8.1406,43,10.6679,27,-2.5274,40,70,8.1406
2022,15,2022_15_DET_NYJ,DET,NYJ,0,66,2.3066,38,11.719,28,-9.4123,27,66,2.3066
2022,15,2022_15_DET_NYJ,NYJ,DET,1,61,-4.0621,39,0.7246,22,-4.7868,24,61,-4.0621
2022,15,2022_15_IND_MIN,IND,MIN,0,78,-14.0521,36,-2.1719,42,-11.8802,32,38,0.971
2022,15,2022_15_IND_MIN,MIN,IND,1,86,-11.039,63,2.3785,23,-13.4175,38,41,-18.7901
2022,15,2022_15_KC_HOU,HOU,KC,1,56,-7.9798,30,-0.6126,26,-7.3672,18,56,-7.9798
2022,15,2022_15_KC_HOU,KC,HOU,0,77,10.4506,44,11.4877,33,-1.0371,47,77,10.4506
2022,15,2022_15_LA_GB,GB,LA,1,65,3.9901,33,1.0241,32,2.966,33,51,2.4853
2022,15,2022_15_LA_GB,LA,GB,0,43,-4.6654,26,-3.4412,17,-1.2242,16,35,-7.572
2022,15,2022_15_MIA_BUF,BUF,MIA,1,71,13.6863,42,12.6179,29,1.0685,38,71,13.6863
2022,15,2022_15_MIA_BUF,MIA,BUF,0,58,9.2527,33,-1.9655,25,11.2182,26,58,9.2527
2022,15,2022_15_NE_LV,LV,NE,1,64,-4.1871,41,-3.9132,23,-0.274,25,63,-5.9085
2022,15,2022_15_NE_LV,NE,LV,0,63,-7.0323,32,-9.4095,31,2.3772,24,63,-7.0323
2022,15,2022_15_NYG_WAS,NYG,WAS,0,59,4.2373,32,1.1476,27,3.0897,28,59,4.2373
2022,15,2022_15_NYG_WAS,WAS,NYG,1,58,-5.5573,32,-10.5217,26,4.9644,25,58,-5.5573
2022,15,2022_15_PHI_CHI,CHI,PHI,1,57,-7.0944,28,-4.6354,29,-2.459,26,52,-13.071
2022,15,2022_15_PHI_CHI,PHI,CHI,0,70,1.0194,38,-4.3471,32,5.3665,30,70,1.0194
2022,15,2022_15_PIT_CAR,CAR,PIT,1,42,1.6434,26,10.1579,16,-8.5145,13,39,0.3594
2022,15,2022_15_PIT_CAR,PIT,CAR,0,67,15.3773,23,10.3636,44,5.0138,35,58,15.2392
2022,15,2022_15_SF_SEA,SEA,SF,1,61,-14.7151,47,-15.0487,14,0.3336,24,50,-17.4149
2022,15,2022_15_SF_SEA,SF,SEA,0,58,11.9332,27,6.7036,31,5.2296,24,35,10.5111
2022,15,2022_15_TEN_LAC,LAC,TEN,1,67,-4.3581,43,-7.4374,24,3.0792,35,67,-4.3581
2022,15,2022_15_TEN_LAC,TEN,LAC,0,56,-3.0232,30,-6.7771,26,3.754,24,56,-3.0232
2022,16,2022_16_ATL_BAL,ATL,BAL,0,68,-10.114,35,-1.6223,33,-8.4917,25,67,-10.8877
2022,16,2022_16_ATL_BAL,BAL,ATL,1,49,0.614,17,-0.6896,32,1.3036,22,43,2.7338
2022,16,2022_16_BUF_CHI,BUF,CHI,0,59,12.8081,28,-2.7921,31,15.6001,30,49,6.8816
2022,16,2022_16_BUF_CHI,CHI,BUF,1,58,-24.9092,29,-8.9427,29,-15.9665,17,50,-19.6318
2022,16,2022_16_CIN_NE,CIN,NE,0,78,6.2765,54,6.9692,24,-0.6927,40,61,15.6207
2022,16,2022_16_CIN_NE,NE,CIN,1,52,-4.5583,37,1.581,15,-6.1393,19,44,-2.6649
2022,16,2022_16_DEN_LA,DEN,LA,0,62,-17.1626,41,-17.4799,21,0.3173,25,18,-10.8711
2022,16,2022_16_DEN_LA,LA,DEN,1,63,17.9737,28,13.9382,35,4.0355,35,28,11.4925
2022,16,2022_16_DET_CAR,CAR,DET,1,64,26.0561,22,14.3057,42,11.7504,35,36,27.1281
2022,16,2022_16_DET_CAR,DET,CAR,0,62,4.0737,44,13.7229,18,-9.6492,22,30,-1.7201
2022,16,2022_16_GB_MIA,GB,MIA,0,62,-0.0143,40,2.1156,22,-2.1299,26,62,-0.0143
2022,16,2022_16_GB_MIA,MIA,GB,1,45,-1.0888,27,0.9524,18,-2.0412,20,45,-1.0888
2022,16,2022_16_HOU_TEN,HOU,TEN,0,63,-6.5452,34,-0.339,29,-6.2062,25,60,-4.2848
2022,16,2022_16_HOU_TEN,TEN,HOU,1,58,-15.1669,27,-17.2245,31,2.0576,24,58,-15.1669
2022,16,2022_16_JAX_NYJ,JAX,NYJ,0,68,5.0339,32,1.9854,36,3.0485,29,54,8.0676
2022,16,2022_16_JAX_NYJ,NYJ,JAX,1,56,-16.143,36,-11.9199,20,-4.2231,19,43,-11.1938
2022,16,2022_16_LAC_IND,IND,LAC,1,50,-28.6194,36,-24.711,14,-3.9084,17,38,-23.5477
2022,16,2022_16_LAC_IND,LAC,IND,0,64,-3.2494,35,-2.9543,29,-0.2951,32,58,-3.7532
2022,16,2022_16_LV_PIT,LV,PIT,0,52,-9.0643,33,-5.2537,19,-3.8105,19,52,-9.0643
2022,16,2022_16_LV_PIT,PIT,LV,1,66,-1.3423,39,1.3715,27,-2.7138,29,66,-1.3423
2022,16,2022_16_NO_CLE,CLE,NO,1,67,-17.0337,33,-15.4725,34,-1.5611,21,67,-17.0337
2022,16,2022_16_NO_CLE,NO,CLE,0,53,-6.0812,15,-5.0125,38,-1.0687,20,53,-6.0812
2022,16,2022_16_NYG_MIN,MIN,NYG,1,70,-1.2337,51,-1.1651,19,-0.0686,32,70,-1.2337
2022,16,2022_16_NYG_MIN,NYG,MIN,0,67,1.6316,46,-3.2288,21,4.8604,34,67,1.6316
2022,16,2022_16_PHI_DAL,DAL,PHI,1,70,4.0954,41,5.7114,29,-1.616,33,70,4.0954
2022,16,2022_16_PHI_DAL,PHI,DAL,0,68,2.8365,39,17.1546,29,-14.3181,33,68,2.8365
2022,16,2022_16_SEA_KC,KC,SEA,1,51,0.7603,29,2.1858,22,-1.4255,22,37,1.6321
2022,16,2022_16_SEA_KC,SEA,KC,0,73,-16.3508,42,-18.1712,31,1.8204,24,58,-23.7964
2022,16,2022_16_TB_ARI,ARI,TB,1,73,-17.2253,46,-12.0887,27,-5.1366,22,73,-17.2253
2022,16,2022_16_TB_ARI,TB,ARI,0,77,-7.567,48,-1.856,29,-5.7111,31,77,-7.567
2022,16,2022_16_WAS_SF,SF,WAS,1,51,6.0566,25,6.7265,26,-0.6699,18,40,4.2111
2022,16,2022_16_WAS_SF,WAS,SF,0,70,-9.3893,37,6.7886,33,-16.1778,27,50,-9.8516
2022,17,2022_17_ARI_ATL,ARI,ATL,0,69,1.3146,42,1.7516,27,-0.437,31,69,1.3146
2022,17,2022_17_ARI_ATL,ATL,ARI,1,60,-4.6666,27,-0.1822,33,-4.4844,25,60,-4.6666
2022,17,2022_17_CAR_TB,CAR,TB,0,59,-0.6623,37,7.7054,22,-8.3677,27,53,-3.8041
2022,17,2022_17_CAR_TB,TB,CAR,1,75,8.9667,50,12.1913,25,-3.2246,36,71,10.3802
2022,17,2022_17_CHI_DET,CHI,DET,0,50,-16.8596,28,-26.9952,22,10.1356,18,28,-1.4184
2022,17,2022_17_CHI_DET,DET,CHI,1,67,12.4996,31,4.8517,36,7.6479,35,38,13.027
2022,17,2022_17_CLE_WAS,CLE,WAS,0,50,8.8667,23,7.915,27,0.9516,20,46,10.9493
2022,17,2022_17_CLE_WAS,WAS,CLE,1,68,-12.0174,31,-8.0933,37,-3.9241,24,55,-7.5537
2022,17,2022_17_DAL_TEN,DAL,TEN,0,74,0.17,42,10.4992,32,-10.3292,32,63,6.1208
2022,17,2022_17_DAL_TEN,TEN,DAL,1,65,-10.6592,41,-8.4097,24,-2.2495,19,51,-3.3708
2022,17,2022_17_DEN_KC,DEN,KC,0,66,-10.8377,42,-12.5005,24,1.6627,24,66,-10.8377
2022,17,2022_17_DEN_KC,KC,DEN,1,58,5.4006,42,10.6442,16,-5.2436,30,55,6.3805
2022,17,2022_17_IND_NYG,IND,NYG,0,56,-9.4455,29,-8.8088,27,-0.6368,18,30,-13.3747
2022,17,2022_17_IND_NYG,NYG,IND,1,61,12.6904,24,6.5197,37,6.1708,36,28,10.0545
2022,17,2022_17_JAX_HOU,HOU,JAX,1,67,-33.939,46,-26.284,21,-7.655,18,33,-25.0412
2022,17,2022_17_JAX_HOU,JAX,HOU,0,60,-4.5625,31,-5.889,29,1.3265,26,30,1.8288
2022,17,2022_17_LA_LAC,LA,LAC,0,47,-4.8148,22,-11.5626,25,6.7478,20,39,0.2575
2022,17,2022_17_LA_LAC,LAC,LA,1,62,17.7143,31,11.5912,31,6.123,35,40,15.5714
2022,17,2022_17_MIA_NE,MIA,NE,0,69,-2.5178,42,-0.9194,27,-1.5983,27,62,-3.9199
2022,17,2022_17_MIA_NE,NE,MIA,1,55,-7.0769,36,-3.1916,19,-3.8853,15,51,-1.8146
2022,17,2022_17_MIN_GB,GB,MIN,1,59,6.5757,27,1.3187,32,5.257,29,26,0.1606
2022,17,2022_17_MIN_GB,MIN,GB,0,57,-10.9261,37,-11.4978,20,0.5717,26,32,-19.437
2022,17,2022_17_NO_PHI,NO,PHI,0,64,-4.1199,31,-4.5295,33,0.4096,28,58,-5.4951
2022,17,2022_17_NO_PHI,PHI,NO,1,53,-14.4068,38,-11.3475,15,-3.0593,17,52,-12.9605
2022,17,2022_17_NYJ_SEA,NYJ,SEA,0,67,-21.6401,50,-18.903,17,-2.737,23,47,-8.7002
2022,17,2022_17_NYJ_SEA,SEA,NYJ,1,71,-2.1406,33,-2.4602,38,0.3197,28,41,5.9514
2022,17,2022_17_PIT_BAL,BAL,PIT,1,49,0.0654,21,4.6845,28,-4.6191,21,49,0.0654
2022,17,2022_17_PIT_BAL,PIT,BAL,0,68,10.4315,29,4.1591,39,6.2723,38,68,10.4315
2022,17,2022_17_SF_LV,LV,SF,1,66,4.0943,34,6.2326,32,-2.1383,35,66,4.0943
2022,17,2022_17_SF_LV,SF,LV,0,60,18.3548,35,7.8458,25,10.509,35,60,18.3548
2022,18,2022_18_ARI_SF,ARI,SF,0,49,-17.7221,30,-15.637,19,-2.0852,19,30,-4.3498
2022,18,2022_18_ARI_SF,SF,ARI,1,61,3.1142,24,5.9739,37,-2.8597,29,37,8.759
2022,18,2022_18_BAL_CIN,BAL,CIN,0,73,-23.3088,46,-19.3321,27,-3.9767,25,59,-20.5725
2022,18,2022_18_BAL_CIN,CIN,BAL,1,64,-12.75,44,-7.9891,20,-4.7609,21,49,-1.3525
2022,18,2022_18_CAR_NO,CAR,NO,0,58,-12.5377,17,-12.8957,41,0.3579,24,58,-12.5377
2022,18,2022_18_CAR_NO,NO,CAR,1,58,-10.6099,26,-8.1407,32,-2.4692,26,58,-10.6099
2022,18,2022_18_CLE_PIT,CLE,PIT,0,57,-0.8443,35,-3.815,22,2.9706,24,44,-1.6743
2022,18,2022_18_CLE_PIT,PIT,CLE,1,68,5.2663,31,10.1636,37,-4.8973,27,65,4.5372
2022,18,2022_18_DAL_WAS,DAL,WAS,0,66,-31.8017,39,-14.5034,27,-17.2983,18,48,-24.8081
2022,18,2022_18_DAL_WAS,WAS,DAL,1,62,-12.0096,22,-7.4618,40,-4.5478,21,47,-9.8605
2022,18,2022_18_DET_GB,DET,GB,0,59,9.1108,35,7.4911,24,1.6197,32,58,6.6097
2022,18,2022_18_DET_GB,GB,DET,1,57,-8.7676,29,-5.4047,28,-3.3629,26,57,-8.7676
2022,18,2022_18_HOU_IND,HOU,IND,0,65,-4.3637,42,7.6529,23,-12.0165,23,65,-4.3637
2022,18,2022_18_HOU_IND,IND,HOU,1,70,-5.8562,37,-13.0081,33,7.1519,29,70,-5.8562
2022,18,2022_18_KC_LV,KC,LV,0,54,14.0975,28,1.0106,26,13.0869,30,30,12.0809
2022,18,2022_18_KC_LV,LV,KC,1,67,-10.6064,42,-9.4711,25,-1.1353,26,44,-7.8416
2022,18,2022_18_LAC_DEN,DEN,LAC,1,62,9.1053,26,4.0527,36,5.0526,27,60,10.8912
2022,18,2022_18_LAC_DEN,LAC,DEN,0,67,3.5202,46,12.6546,21,-9.1344,30,67,3.5202
2022,18,2022_18_LA_SEA,LA,SEA,0,58,-6.9466,31,-11.4758,27,4.5291,20,58,-6.9466
2022,18,2022_18_LA_SEA,SEA,LA,1,69,-7.1039,33,-7.7653,36,0.6614,29,69,-7.1039
2022,18,2022_18_MIN_CHI,CHI,MIN,1,49,-7.6857,29,-9.145,20,1.4593,16,42,-1.8559
2022,18,2022_18_MIN_CHI,MIN,CHI,0,71,17.874,33,22.1933,38,-4.3193,39,56,19.9071
2022,18,2022_18_NE_BUF,BUF,NE,1,55,5.4827,33,8.4486,22,-2.9659,27,48,6.9339
2022,18,2022_18_NE_BUF,NE,BUF,0,64,-2.3588,42,-1.7151,22,-0.6436,30,58,3.8414
2022,18,2022_18_NYG_PHI,NYG,PHI,0,64,-0.11,43,-7.22,21,7.11,24,42,-14.3882
2022,18,2022_18_NYG_PHI,PHI,NYG,1,68,-0.0199,38,-4.5725,30,4.5527,28,44,13.3221
2022,18,2022_18_NYJ_MIA,MIA,NYJ,1,64,-5.7003,32,-7.0852,32,1.3849,22,64,-5.7003
2022,18,2022_18_NYJ_MIA,NYJ,MIA,0,53,-7.6763,33,0.0637,20,-7.7399,16,53,-7.6763
2022,18,2022_18_TB_ATL,ATL,TB,1,67,3.4932,32,6.6038,35,-3.1106,28,55,8.1583
2022,18,2022_18_TB_ATL,TB,ATL,0,54,-9.1152,34,-6.5247,20,-2.5905,19,47,-5.9809
2022,18,2022_18_TEN_JAX,JAX,TEN,1,45,-4.7861,33,4.3476,12,-9.1337,18,45,-4.7861
2022,18,2022_18_TEN_JAX,TEN,JAX,0,72,-6.6929,33,-0.565,39,-6.128,31,72,-6.6929
2023,1,2023_01_ARI_WAS,ARI,WAS,0,58,-20.419,33,-9.2397,25,-11.1793,18,58,-20.419
2023,1,2023_01_ARI_WAS,WAS,ARI,1,65,-19.1219,37,-13.4131,28,-5.7089,25,61,-17.122
2023,1,2023_01_BUF_NYJ,BUF,NYJ,0,67,-4.5414,45,-1.3728,22,-3.1686,33,67,-4.5414
2023,1,2023_01_BUF_NYJ,NYJ,BUF,1,51,-2.4181,25,-5.2215,26,2.8034,20,51,-2.4181
2023,1,2023_01_CAR_ATL,ATL,CAR,1,47,-5.0462,22,-4.4504,25,-0.5958,18,42,-4.5412
2023,1,2023_01_CAR_ATL,CAR,ATL,0,72,-19.426,40,-10.5286,32,-8.8974,28,57,-15.4775
2023,1,2023_01_CIN_CLE,CIN,CLE,0,52,-24.199,34,-19.8827,18,-4.3164,11,43,-14.65
2023,1,2023_01_CIN_CLE,CLE,CIN,1,73,-10.1673,32,-10.8713,41,0.704,30,60,-10.39
2023,1,2023_01_DAL_NYG,DAL,NYG,0,55,3.295,25,1.5768,30,1.7182,24,18,-0.7866
2023,1,2023_01_DAL_NYG,NYG,DAL,1,65,-29.9691,37,-27.7013,28,-2.2678,21,20,-17.4862
2023,1,2023_01_DET_KC,DET,KC,0,66,3.0899,35,3.8921,31,-0.8022,27,66,3.0899
2023,1,2023_01_DET_KC,KC,DET,1,62,-9.0355,39,-6.4536,23,-2.5819,25,62,-9.0355
2023,1,2023_01_GB_CHI,CHI,GB,1,72,-12.7301,42,-11.9457,30,-0.7843,30,40,-4.4082
2023,1,2023_01_GB_CHI,GB,CHI,0,60,9.3421,28,17.7957,32,-8.4536,22,45,16.5687
2023,1,2023_01_HOU_BAL,BAL,HOU,1,59,-3.2075,26,-4.4157,33,1.2082,24,40,4.1535
2023,1,2023_01_HOU_BAL,HOU,BAL,0,71,-19.519,48,-11.3939,23,-8.1251,22,52,-17.7254
2023,1,2023_01_JAX_IND,IND,JAX,1,69,-27.512,43,-14.2027,26,-13.3093,23,66,-25.4053
2023,1,2023_01_JAX_IND,JAX,IND,0,68,-15.8816,34,-9.0019,34,-6.8797,34,67,-16.0853
2023,1,2023_01_LA_SEA,LA,SEA,0,78,21.3743,38,20.68,40,0.6943,39,63,21.55
2023,1,2023_01_LA_SEA,SEA,LA,1,46,-4.9452,28,-4.3891,18,-0.5561,20,42,-3.5308
2023,1,2023_01_LV_DEN,DEN,LV,1,57,-0.098,35,3.1477,22,-3.2456,26,57,-0.098
2023,1,2023_01_LV_DEN,LV,DEN,0,51,8.6524,26,13.0861,25,-4.4337,19,51,8.6524
2023,1,2023_01_MIA_LAC,LAC,MIA,1,76,11.5998,36,-1.2411,40,12.8409,44,76,11.5998
2023,1,2023_01_MIA_LAC,MIA,LAC,0,63,19.378,45,27.0783,18,-7.7004,32,63,19.378
2023,1,2023_01_PHI_NE,NE,PHI,1,79,-16.1019,57,-12.5405,22,-3.5614,32,79,-16.1019
2023,1,2023_01_PHI_NE,PHI,NE,0,60,-8.9457,36,-4.8595,24,-4.0861,21,60,-8.9457
2023,1,2023_01_SF_PIT,PIT,SF,1,60,-20.5552,50,-19.7727,10,-0.7824,24,29,-12.5823
2023,1,2023_01_SF_PIT,SF,PIT,0,63,10.016,32,6.5279,31,3.4881,27,34,19.0524
2023,1,2023_01_TB_MIN,MIN,TB,1,63,-8.3188,46,0.3237,17,-8.6425,25,63,-8.3188
2023,1,2023_01_TB_MIN,TB,MIN,0,65,-6.7901,35,0.911,30,-7.7011,22,65,-6.7901
2023,1,2023_01_TEN_NO,NO,TEN,1,62,-5.8221,37,3.6705,25,-9.4926,22,62,-5.8221
2023,1,2023_01_TEN_NO,TEN,NO,0,59,-13.13,37,-12.043,22,-1.087,17,59,-13.13
2023,2,2023_02_BAL_CIN,BAL,CIN,0,69,16.6551,33,12.3929,36,4.2622,40,69,16.6551
2023,2,2023_02_BAL_CIN,CIN,BAL,1,57,3.4723,42,1.5723,15,1.9,28,57,3.4723
2023,2,2023_02_CHI_TB,CHI,TB,0,51,-8.4025,35,-8.6203,16,0.2179,21,48,-4.0343
2023,2,2023_02_CHI_TB,TB,CHI,1,66,15.3878,34,13.2585,32,2.1293,29,66,15.3878
2023,2,2023_02_CLE_PIT,CLE,PIT,0,83,-17.2836,46,-18.022,37,0.7384,34,83,-17.2836
2023,2,2023_02_CLE_PIT,PIT,CLE,1,51,-19.9903,32,-13.4526,19,-6.5376,14,51,-19.9903
2023,2,2023_02_GB_ATL,ATL,GB,1,77,8.8607,33,3.1194,44,5.7413,38,77,8.8607
2023,2,2023_02_GB_ATL,GB,ATL,0,46,2.3866,26,2.6311,20,-0.2445,22,46,2.3866
2023,2,2023_02_IND_HOU,HOU,IND,1,76,-1.1783,51,7.5778,25,-8.7561,30,45,-10.9449
2023,2,2023_02_IND_HOU,IND,HOU,0,56,14.3687,33,10.6401,23,3.7287,29,39,19.0333
2023,2,2023_02_KC_JAX,JAX,KC,1,64,-21.4521,46,-13.8658,18,-7.5863,24,64,-21.4521
2023,2,2023_02_KC_JAX,KC,JAX,0,61,8.831,42,4.3546,19,4.4764,24,56,4.2765
2023,2,2023_02_LAC_TEN,LAC,TEN,0,66,6.0872,45,10.3179,21,-4.2307,28,66,6.0872
2023,2,2023_02_LAC_TEN,TEN,LAC,1,63,0.6703,29,1.4568,34,-0.7864,27,63,0.6703
2023,2,2023_02_LV_BUF,BUF,LV,1,72,22.0935,39,13.2176,33,8.8759,43,51,13.2138
2023,2,2023_02_LV_BUF,LV,BUF,0,39,-10.1852,24,-2.0071,15,-8.1781,17,26,-1.2721
2023,2,2023_02_MIA_NE,MIA,NE,0,60,11.9007,31,11.2666,29,0.6341,32,58,12.1787
2023,2,2023_02_MIA_NE,NE,MIA,1,70,-5.5723,46,-7.506,24,1.9337,37,66,-6.761
2023,2,2023_02_MIN_PHI,MIN,PHI,0,55,4.4571,46,11.0277,9,-6.5707,25,34,-12.0667
2023,2,2023_02_MIN_PHI,PHI,MIN,1,75,10.6966,27,1.1132,48,9.5834,38,58,12.1414
2023,2,2023_02_NO_CAR,CAR,NO,1,57,-8.3521,38,-11.2744,19,2.9223,25,47,-13.2522
2023,2,2023_02_NO_CAR,NO,CAR,0,71,2.8147,41,-1.6088,30,4.4235,34,70,2.4387
2023,2,2023_02_NYG_ARI,ARI,NYG,1,61,10.8501,31,7.4309,30,3.4192,27,50,11.4794
2023,2,2023_02_NYG_ARI,NYG,ARI,0,67,14.9001,40,8.1803,27,6.7197,36,55,11.3456
2023,2,2023_02_NYJ_DAL,DAL,NYJ,1,80,4.5613,39,10.0779,41,-5.5166,34,60,4.9201
2023,2,2023_02_NYJ_DAL,NYJ,DAL,0,45,-26.215,29,-18.3992,16,-7.8158,16,31,-9.1154
2023,2,2023_02_SEA_DET,DET,SEA,1,64,-2.7123,37,5.9311,27,-8.6434,32,64,-2.7123
2023,2,2023_02_SEA_DET,SEA,DET,0,66,16.0665,41,14.4917,25,1.5748,36,66,16.0665
2023,2,2023_02_SF_LA,LA,SF,1,77,-3.3933,55,-5.4315,22,2.0382,36,64,0.2885
2023,2,2023_02_SF_LA,SF,LA,0,54,7.5048,26,3.2599,28,4.2449,26,48,11.4818
2023,2,2023_02_WAS_DEN,DEN,WAS,1,62,8.2954,39,2.4066,23,5.8888,28,55,1.1923
2023,2,2023_02_WAS_DEN,WAS,DEN,0,67,13.4703,43,7.2494,24,6.2209,32,64,15.2929
2023,3,2023_03_ATL_DET,ATL,DET,0,65,-21.867,45,-14.691,20,-7.176,20,46,-17.7835
2023,3,2023_03_ATL_DET,DET,ATL,1,61,-0.9463,33,2.7207,28,-3.667,24,55,-1.5739
2023,3,2023_03_BUF_WAS,BUF,WAS,0,63,13.6872,32,5.211,31,8.4761,28,41,8.9165
2023,3,2023_03_BUF_WAS,WAS,BUF,1,51,-30.5373,38,-31.1885,13,0.6513,20,37,-18.5065
2023,3,2023_03_CAR_SEA,CAR,SEA,0,75,3.4362,61,4.5483,14,-1.1121,29,63,2.1187
2023,3,2023_03_CAR_SEA,SEA,CAR,1,68,14.2264,39,6.3265,29,7.8999,37,62,9.9776
2023,3,2023_03_CHI_KC,CHI,KC,0,51,-15.3855,25,-17.4367,26,2.0512,19,17,-8.0266
2023,3,2023_03_CHI_KC,KC,CHI,1,73,17.2259,38,14.2113,35,3.0146,38,34,16.4464
2023,3,2023_03_DAL_ARI,ARI,DAL,1,53,11.5892,24,3.6136,29,7.9756,29,47,10.4284
2023,3,2023_03_DAL_ARI,DAL,ARI,0,75,4.655,42,-3.6596,33,8.3146,36,74,3.9254
2023,3,2023_03_DEN_MIA,DEN,MIA,0,59,-15.6352,39,-9.6355,20,-5.9996,20,25,-2.409
2023,3,2023_03_DEN_MIA,MIA,DEN,1,70,46.0532,28,31.0624,42,14.9908,44,33,19.0128
2023,3,2023_03_HOU_JAX,HOU,JAX,0,56,12.3272,30,14.3484,26,-2.0211,27,42,13.0358
2023,3,2023_03_HOU_JAX,JAX,HOU,1,69,-3.5003,42,-1.7513,27,-1.7489,32,50,-4.5185
2023,3,2023_03_IND_BAL,BAL,IND,1,72,-10.4252,35,-12.5256,37,2.1004,35,72,-10.4252
2023,3,2023_03_IND_BAL,IND,BAL,0,84,-12.957,49,-8.4183,35,-4.5387,33,84,-12.957
2023,3,2023_03_LAC_MIN,LAC,MIN,0,63,12.2943,49,20.5074,14,-8.2131,32,63,12.2943
2023,3,2023_03_LAC_MIN,MIN,LAC,1,78,-0.01,54,-4.4965,24,4.4865,37,78,-0.01
2023,3,2023_03_LA_CIN,CIN,LA,1,70,-6.7681,50,-6.5534,20,-0.2148,23,68,-5.6236
2023,3,2023_03_LA_CIN,LA,CIN,0,52,-6.7833,39,-8.4048,13,1.6215,20,50,-13.1857
2023,3,2023_03_NE_NYJ,NE,NYJ,0,69,-0.4812,29,5.4376,40,-5.9189,26,66,1.5038
2023,3,2023_03_NE_NYJ,NYJ,NE,1,60,-22.3914,38,-15.2386,22,-7.1528,17,60,-22.3914
2023,3,2023_03_NO_GB,GB,NO,1,68,-0.5455,46,-1.9114,22,1.3659,28,61,1.9759
2023,3,2023_03_NO_GB,NO,GB,0,60,-3.3098,38,-2.445,22,-0.8648,26,51,-0.21
2023,3,2023_03_NYG_SF,NYG,SF,0,47,-10.8973,36,-9.7824,11,-1.1149,16,38,-6.765
2023,3,2023_03_NYG_SF,SF,NYG,1,75,13.9459,39,16.4625,36,-2.5166,34,61,9.9985
2023,3,2023_03_PHI_TB,PHI,TB,0,78,7.1341,38,1.7554,40,5.3788,42,50,7.4062
2023,3,2023_03_PHI_TB,TB,PHI,1,45,-8.9587,28,-1.0068,17,-7.9518,18,34,-14.5267
2023,3,2023_03_PIT_LV,LV,PIT,1,68,-9.8159,49,-7.2995,19,-2.5164,34,57,-11.6265
2023,3,2023_03_PIT_LV,PIT,LV,0,59,1.0486,29,5.9216,30,-4.873,22,55,3.0221
2023,3,2023_03_TEN_CLE,CLE,TEN,1,67,1.4582,36,7.5669,31,-6.1087,31,44,-1.4569
2023,3,2023_03_TEN_CLE,TEN,CLE,0,45,-19.7092,30,-14.0256,15,-5.6836,12,33,-12.8946
2023,4,2023_04_ARI_SF,ARI,SF,0,68,8.4298,42,3.8983,26,4.5315,32,57,9.5539
2023,4,2023_04_ARI_SF,SF,ARI,1,51,25.5199,22,22.8441,29,2.6758,33,37,21.0372
2023,4,2023_04_ATL_JAX,ATL,JAX,0,57,-17.1232,35,-19.3193,22,2.1961,24,49,-12.8194
2023,4,2023_04_ATL_JAX,JAX,ATL,1,61,0.4031,32,4.4045,29,-4.0014,23,51,1.7556
2023,4,2023_04_BAL_CLE,BAL,CLE,0,55,1.9246,22,6.8725,33,-4.9479,23,38,6.9298
2023,4,2023_04_BAL_CLE,CLE,BAL,1,64,-32.9022,40,-27.3617,24,-5.5405,21,37,-23.8703
2023,4,2023_04_CIN_TEN,CIN,TEN,0,50,-11.4943,33,-8.8057,17,-2.6886,26,29,-4.2386
2023,4,2023_04_CIN_TEN,TEN,CIN,1,61,12.3297,29,10.2679,32,2.0618,29,31,11.8322
2023,4,2023_04_DEN_CHI,CHI,DEN,1,70,6.857,39,7.1423,31,-0.2853,34,63,8.212
2023,4,2023_04_DEN_CHI,DEN,CHI,0,47,16.4108,29,14.2181,18,2.1927,25,40,9.477
2023,4,2023_04_DET_GB,DET,GB,0,72,9.925,30,2.4591,42,7.4659,35,49,9.8526
2023,4,2023_04_DET_GB,GB,DET,1,55,-12.164,42,-11.6402,13,-0.5238,21,32,-17.8351
2023,4,2023_04_KC_NYJ,KC,NYJ,0,64,10.7917,31,0.6327,33,10.159,31,64,10.7917
2023,4,2023_04_KC_NYJ,NYJ,KC,1,58,1.1734,41,3.6089,17,-2.4355,23,58,1.1734
2023,4,2023_04_LA_IND,IND,LA,1,59,1.3539,29,7.2119,30,-5.858,24,51,-7.1876
2023,4,2023_04_LA_IND,LA,IND,0,78,13.6695,42,11.3744,36,2.2951,36,62,17.4778
2023,4,2023_04_LV_LAC,LAC,LV,1,59,-2.0232,26,-3.6767,33,1.6535,20,50,2.6855
2023,4,2023_04_LV_LAC,LV,LAC,0,69,-11.5165,46,-11.7656,23,0.2491,31,64,-15.2833
2023,4,2023_04_MIA_BUF,BUF,MIA,1,52,22.7225,27,22.1973,25,0.5252,30,38,19.5393
2023,4,2023_04_MIA_BUF,MIA,BUF,0,59,-0.7008,40,-4.4311,19,3.7303,28,40,4.4189
2023,4,2023_04_MIN_CAR,CAR,MIN,1,68,-17.4317,37,-13.0208,31,-4.4109,26,68,-17.4317
2023,4,2023_04_MIN_CAR,MIN,CAR,0,44,-6.7828,21,-10.8781,23,4.0953,23,40,-6.2389
2023,4,2023_04_NE_DAL,DAL,NE,1,66,7.5258,40,6.5632,26,0.9626,32,33,6.2336
2023,4,2023_04_NE_DAL,NE,DAL,0,55,-26.292,32,-15.837,23,-10.455,17,27,-15.5335
2023,4,2023_04_PIT_HOU,HOU,PIT,1,67,9.3828,29,11.4639,38,-2.0811,30,56,2.5
2023,4,2023_04_PIT_HOU,PIT,HOU,0,56,-15.794,31,-14.7563,25,-1.0377,19,46,-13.2313
2023,4,2023_04_SEA_NYG,NYG,SEA,1,74,-33.5425,45,-30.5405,29,-3.002,26,51,-24.4973
2023,4,2023_04_SEA_NYG,SEA,NYG,0,51,-5.8592,28,-7.3278,23,1.4686,20,39,-0.2265
2023,4,2023_04_TB_NO,NO,TB,1,60,-21.9424,42,-15.8937,18,-6.0487,17,55,-13.5844
2023,4,2023_04_TB_NO,TB,NO,0,65,3.2214,35,7.1902,30,-3.9688,28,56,5.7134
2023,4,2023_04_WAS_PHI,PHI,WAS,1,68,12.0677,40,10.5669,28,1.5008,33,68,12.0677
2023,4,2023_04_WAS_PHI,WAS,PHI,0,74,15.0691,46,7.7244,28,7.3447,30,74,15.0691
2023,5,2023_05_BAL_PIT,BAL,PIT,0,67,-15.2729,42,-17.7651,25,2.4922,28,64,-14.0264
2023,5,2023_05_BAL_PIT,PIT,BAL,1,61,-1.7234,36,3.1015,25,-4.825,21,61,-1.7234
2023,5,2023_05_CAR_DET,CAR,DET,0,65,-5.1812,42,-0.0113,23,-5.1699,31,37,-11.1615
2023,5,2023_05_CAR_DET,DET,CAR,1,57,14.4124,30,5.7717,27,8.6407,31,30,12.2091
2023,5,2023_05_CHI_WAS,CHI,WAS,0,64,19.7726,32,11.5088,32,8.2638,27,53,15.1323
2023,5,2023_05_CHI_WAS,WAS,CHI,1,68,-7.0296,57,-2.7818,11,-4.2477,28,45,-7.9976
2023,5,2023_05_CIN_ARI,ARI,CIN,1,57,-16.8045,35,-15.6515,22,-1.1529,19,45,-10.1176
2023,5,2023_05_CIN_ARI,CIN,ARI,0,78,0.6051,49,9.4984,29,-8.8933,41,67,6.5053
2023,5,2023_05_DAL_SF,DAL,SF,0,48,-21.4406,30,-13.6105,18,-7.8301,17,32,-11.2829
2023,5,2023_05_DAL_SF,SF,DAL,1,66,13.3049,26,17.4864,40,-4.1815,40,43,11.0722
2023,5,2023_05_GB_LV,GB,LV,0,57,-10.6796,32,-14.7671,25,4.0875,26,57,-10.6796
2023,5,2023_05_GB_LV,LV,GB,1,61,-4.8783,34,-1.4969,27,-3.3815,29,61,-4.8783
2023,5,2023_05_HOU_ATL,ATL,HOU,1,73,-0.7382,39,10.3448,34,-11.0831,35,73,-0.7382
2023,5,2023_05_HOU_ATL,HOU,ATL,0,58,-3.8542,35,3.2934,23,-7.1476,22,58,-3.8542
2023,5,2023_05_JAX_BUF,BUF,JAX,1,54,10.1882,41,11.4078,13,-1.2196,28,50,4.5115
2023,5,2023_05_JAX_BUF,JAX,BUF,0,82,11.0006,42,8.3574,40,2.6432,38,81,11.2878
2023,5,2023_05_KC_MIN,KC,MIN,0,63,10.8323,42,14.7784,21,-3.9461,28,62,11.2213
2023,5,2023_05_KC_MIN,MIN,KC,1,67,0.0209,49,-3.048,18,3.0689,29,65,-0.9092
2023,5,2023_05_NO_NE,NE,NO,1,51,-39.9266,33,-26.2447,18,-13.6819,10,29,-20.554
2023,5,2023_05_NO_NE,NO,NE,0,66,1.5538,28,3.4478,38,-1.894,25,33,7.8923
2023,5,2023_05_NYG_MIA,MIA,NYG,1,52,5.0686,30,-2.0328,22,7.1014,31,39,7.1894
2023,5,2023_05_NYG_MIA,NYG,MIA,0,68,-11.1693,39,-2.1547,29,-9.0146,26,43,-6.1152
2023,5,2023_05_NYJ_DEN,DEN,NYJ,1,57,-12.5151,34,-10.4216,23,-2.0936,22,53,-12.2372
2023,5,2023_05_NYJ_DEN,NYJ,DEN,0,62,0.1622,30,-7.1689,32,7.3311,28,62,0.1622
2023,5,2023_05_PHI_LA,LA,PHI,1,55,-0.148,41,-2.5363,14,2.3883,22,49,3.3785
2023,5,2023_05_PHI_LA,PHI,LA,0,78,11.5951,39,7.7844,39,3.8107,38,71,15.8195
2023,5,2023_05_TEN_IND,IND,TEN,1,60,12.3909,27,9.5439,33,2.847,25,57,14.1677
2023,5,2023_05_TEN_IND,TEN,IND,0,56,5.5834,35,8.9703,21,-3.3869,24,53,6.1211
2023,6,2023_06_ARI_LA,ARI,LA,0,72,-18.8475,43,-17.4622,29,-1.3854,26,50,-10.7144
2023,6,2023_06_ARI_LA,LA,ARI,1,53,7.4194,25,3.4968,28,3.9226,26,47,11.0711
2023,6,2023_06_BAL_TEN,BAL,TEN,0,69,1.5584,31,5.8466,38,-4.2883,34,64,3.6386
2023,6,2023_06_BAL_TEN,TEN,BAL,1,46,-9.0638,27,-10.5763,19,1.5125,18,37,-9.0379
2023,6,2023_06_CAR_MIA,CAR,MIA,0,68,-9.7079,43,-12.9072,25,3.1993,24,53,-0.2476
2023,6,2023_06_CAR_MIA,MIA,CAR,1,62,11.0943,32,7.1478,30,3.9464,29,38,14.2514
2023,6,2023_06_DAL_LAC,DAL,LAC,0,59,4.4073,35,6.7782,24,-2.3709,24,59,4.4073
2023,6,2023_06_DAL_LAC,LAC,DAL,1,61,-6.6482,38,-0.2059,23,-6.4422,21,61,-6.6482
2023,6,2023_06_DEN_KC,DEN,KC,0,50,-16.0228,26,-21.7878,24,5.765,21,33,-15.628
2023,6,2023_06_DEN_KC,KC,DEN,1,67,-1.8909,43,4.1251,24,-6.016,34,47,1.6286
2023,6,2023_06_DET_TB,DET,TB,0,68,10.0857,47,17.9258,21,-7.8401,32,56,10.438
2023,6,2023_06_DET_TB,TB,DET,1,54,-13.1328,38,-8.3001,16,-4.8327,19,40,-13.1078
2023,6,2023_06_IND_JAX,IND,JAX,0,75,-15.5654,58,-11.5615,17,-4.004,27,41,-14.0477
2023,6,2023_06_IND_JAX,JAX,IND,1,58,-4.3808,33,-3.6709,25,-0.7099,24,37,3.9508
2023,6,2023_06_MIN_CHI,CHI,MIN,1,64,-23.2726,29,-25.1972,35,1.9247,31,64,-23.2726
2023,6,2023_06_MIN_CHI,MIN,CHI,0,54,-10.4933,33,-6.1697,21,-4.3236,22,42,-7.4771
2023,6,2023_06_NE_LV,LV,NE,1,62,0.7255,32,9.8826,30,-9.1571,23,62,0.7255
2023,6,2023_06_NE_LV,NE,LV,0,55,-0.3071,37,-4.4718,18,4.1648,28,55,-0.3071
2023,6,2023_06_NO_HOU,HOU,NO,1,59,-2.0783,29,-0.3157,30,-1.7626,25,58,-2.1713
2023,6,2023_06_NO_HOU,NO,HOU,0,78,2.7708,53,5.3007,25,-2.5299,39,78,2.7708
2023,6,2023_06_NYG_BUF,BUF,NYG,1,59,-1.0212,30,-3.8007,29,2.7795,29,56,0.7712
2023,6,2023_06_NYG_BUF,NYG,BUF,0,71,-11.1002,37,-1.7874,34,-9.3128,31,71,-11.1002
2023,6,2023_06_PHI_NYJ,NYJ,PHI,1,58,-7.978,39,-8.8322,19,0.8542,22,58,-7.978
2023,6,2023_06_PHI_NYJ,PHI,NYJ,0,69,-8.4107,47,-10.9842,22,2.5734,29,69,-8.4107
2023,6,2023_06_SEA_CIN,CIN,SEA,1,52,-5.2395,38,-3.3124,14,-1.927,24,52,-5.2395
2023,6,2023_06_SEA_CIN,SEA,CIN,0,70,-4.7326,45,-3.616,25,-1.1166,32,70,-4.7326
2023,6,2023_06_SF_CLE,CLE,SF,1,69,-13.4735,36,-14.2644,33,0.7909,23,69,-13.4735
2023,6,2023_06_SF_CLE,SF,CLE,0,53,-10.2884,29,-10.5888,24,0.3004,16,53,-10.2884
2023,6,2023_06_WAS_ATL,ATL,WAS,1,79,-13.5903,49,-7.971,30,-5.6193,30,77,-11.5729
2023,6,2023_06_WAS_ATL,WAS,ATL,0,48,-1.5539,28,-0.1997,20,-1.3542,17,45,1.0079
2023,7,2023_07_ARI_SEA,ARI,SEA,0,63,-13.5476,38,-14.3386,25,0.791,21,57,-10.8855
2023,7,2023_07_ARI_SEA,SEA,ARI,1,56,1.1982,26,7.2817,30,-6.0834,26,52,2.1371
2023,7,2023_07_ATL_TB,ATL,TB,0,64,-3.031,26,7.0592,38,-10.0902,28,64,-3.031
2023,7,2023_07_ATL_TB,TB,ATL,1,64,-8.4837,45,-4.6423,19,-3.8414,22,64,-8.4837
2023,7,2023_07_BUF_NE,BUF,NE,0,66,10.4915,42,8.5795,24,1.912,34,66,10.4915
2023,7,2023_07_BUF_NE,NE,BUF,1,56,8.7883,31,9.3824,25,-0.5941,29,55,9.7353
2023,7,2023_07_CLE_IND,CLE,IND,0,71,-11.612,38,-9.1196,33,-2.4924,24,71,-11.612
2023,7,2023_07_CLE_IND,IND,CLE,1,67,-3.418,27,0.7342,40,-4.1522,27,67,-3.418
2023,7,2023_07_DET_BAL,BAL,DET,1,54,25.5544,28,24.3348,26,1.2196,28,26,18.5095
2023,7,2023_07_DET_BAL,DET,BAL,0,73,-11.492,59,-13.3264,14,1.8344,31,9,-6.5263
2023,7,2023_07_GB_DEN,DEN,GB,1,55,5.0463,30,4.0957,25,0.9506,24,55,5.0463
2023,7,2023_07_GB_DEN,GB,DEN,0,61,8.1765,32,8.4558,29,-0.2793,27,61,8.1765
2023,7,2023_07_JAX_NO,JAX,NO,0,53,-2.226,30,1.2187,23,-3.4447,22,53,-2.226
2023,7,2023_07_JAX_NO,NO,JAX,1,88,-11.1733,57,-15.7977,31,4.6244,33,88,-11.1733
2023,7,2023_07_LAC_KC,KC,LAC,1,62,15.898,43,17.0474,19,-1.1494,32,61,13.9249
2023,7,2023_07_LAC_KC,LAC,KC,0,60,2.8224,35,0.5402,25,2.2822,22,51,3.2909
2023,7,2023_07_LV_CHI,CHI,LV,1,67,12.7112,31,5.4144,36,7.2967,35,53,13.7915
2023,7,2023_07_LV_CHI,LV,CHI,0,61,-14.5708,47,-10.4877,14,-4.0831,23,32,-6.9194
2023,7,2023_07_MIA_PHI,MIA,PHI,0,48,-7.2484,36,-5.1977,12,-2.0507,21,44,-3.4765
2023,7,2023_07_MIA_PHI,PHI,MIA,1,65,6.954,34,2.1726,31,4.7814,30,61,3.1811
2023,7,2023_07_PIT_LA,LA,PIT,1,63,-2.7233,32,-2.5378,31,-0.1854,26,63,-2.7233
2023,7,2023_07_PIT_LA,PIT,LA,0,52,3.1316,27,0.6386,25,2.4931,27,52,3.1316
2023,7,2023_07_SF_MIN,MIN,SF,1,64,10.5397,44,13.0557,20,-2.516,27,64,10.5397
2023,7,2023_07_SF_MIN,SF,MIN,0,51,3.9954,30,8.4511,21,-4.4557,29,51,3.9954
2023,7,2023_07_WAS_NYG,NYG,WAS,1,62,-3.1729,33,4.9307,29,-8.1036,28,62,-3.1729
2023,7,2023_07_WAS_NYG,WAS,NYG,0,67,-15.4215,48,-14.6972,19,-0.7242,24,67,-15.4215
2023,8,2023_08_ATL_TEN,ATL,TEN,0,65,-3.2581,40,-5.5528,25,2.2947,27,60,-5.1923
2023,8,2023_08_ATL_TEN,TEN,ATL,1,64,4.2482,31,5.9367,33,-1.6885,27,64,4.2482
2023,8,2023_08_BAL_ARI,ARI,BAL,1,72,-13.877,40,-9.6917,32,-4.1853,34,47,-24.3411
2023,8,2023_08_BAL_ARI,BAL,ARI,0,59,1.9529,31,-4.9844,28,6.9373,27,45,-0.9934
2023,8,2023_08_CHI_LAC,CHI,LAC,0,62,-9.5106,39,-9.5719,23,0.0613,27,28,0.8614
2023,8,2023_08_CHI_LAC,LAC,CHI,1,65,-1.3662,40,12.8413,25,-14.2075,25,39,16.9042
2023,8,2023_08_CIN_SF,CIN,SF,0,61,13.9097,35,8.4669,26,5.4428,34,56,13.4245
2023,8,2023_08_CIN_SF,SF,CIN,1,56,-1.7762,33,-2.8519,23,1.0757,30,49,2.0779
2023,8,2023_08_CLE_SEA,CLE,SEA,0,74,-6.3492,35,-4.9938,39,-1.3554,31,73,-3.4095
2023,8,2023_08_CLE_SEA,SEA,CLE,1,54,3.7346,38,2.6246,16,1.11,25,54,3.7346
2023,8,2023_08_HOU_CAR,CAR,HOU,1,61,-9.4652,37,-0.3341,24,-9.1311,20,61,-9.4652
2023,8,2023_08_HOU_CAR,HOU,CAR,0,57,-1.9801,27,-4.0603,30,2.0802,23,57,-1.9801
2023,8,2023_08_JAX_PIT,JAX,PIT,0,66,-6.0443,35,2.4846,31,-8.5289,32,63,-3.0665
2023,8,2023_08_JAX_PIT,PIT,JAX,1,63,-15.2111,45,-13.6431,18,-1.568,24,51,-11.0148
2023,8,2023_08_KC_DEN,DEN,KC,1,65,-4.426,25,-4.8448,40,0.4188,26,56,0.0227
2023,8,2023_08_KC_DEN,KC,DEN,0,57,-18.0866,41,-16.5221,16,-1.5645,22,49,-14.2397
2023,8,2023_08_LA_DAL,DAL,LA,1,60,9.779,37,9.2763,23,0.5027,30,25,5.234
2023,8,2023_08_LA_DAL,LA,DAL,0,60,-9.4065,36,-10.0022,24,0.5956,25,14,-8.3873
2023,8,2023_08_LV_DET,DET,LV,1,79,-10.5767,38,-5.9119,41,-4.6648,33,70,-10.1259
2023,8,2023_08_LV_DET,LV,DET,0,45,-23.5487,27,-24.1565,18,0.6078,20,34,-14.7099
2023,8,2023_08_MIN_GB,GB,MIN,1,62,-15.0131,45,-7.906,17,-7.1071,23,49,-12.0488
2023,8,2023_08_MIN_GB,MIN,GB,0,67,12.4781,38,16.9191,29,-4.441,28,48,16.52
2023,8,2023_08_NE_MIA,MIA,NE,1,70,5.7725,47,12.5819,23,-6.8094,30,62,11.0828
2023,8,2023_08_NE_MIA,NE,MIA,0,50,-9.4313,32,-9.1273,18,-0.3039,20,41,-8.6594
2023,8,2023_08_NO_IND,IND,NO,1,67,3.2022,43,-2.038,24,5.2402,25,59,-1.6224
2023,8,2023_08_NO_IND,NO,IND,0,65,21.6466,30,16.1207,35,5.5258,34,59,23.0556
2023,8,2023_08_NYJ_NYG,NYG,NYJ,1,70,-26.0765,18,-17.2965,52,-8.78,16,67,-25.1536
2023,8,2023_08_NYJ_NYG,NYJ,NYG,0,61,-25.2145,39,-14.6632,22,-10.5513,19,61,-25.2145
2023,8,2023_08_PHI_WAS,PHI,WAS,0,60,11.0693,40,23.6113,20,-12.5421,25,57,8.2928
2023,8,2023_08_PHI_WAS,WAS,PHI,1,69,4.7414,53,3.5826,16,1.1588,35,65,-1.2841
2023,8,2023_08_TB_BUF,BUF,TB,1,67,6.6621,42,1.8202,25,4.8419,36,48,9.9919
2023,8,2023_08_TB_BUF,TB,BUF,0,62,-4.6009,45,-1.0802,17,-3.5207,23,41,-4.7487
2023,9,2023_09_ARI_CLE,ARI,CLE,0,48,-38.6087,27,-32.7691,21,-5.8397,7,24,-23.1105
2023,9,2023_09_ARI_CLE,CLE,ARI,1,70,-5.4579,30,1.0012,40,-6.4591,21,45,-6.1682
2023,9,2023_09_BUF_CIN,BUF,CIN,0,56,2.3559,40,-0.8823,16,3.2382,31,53,1.2501
2023,9,2023_09_BUF_CIN,CIN,BUF,1,64,11.9625,45,12.6587,19,-0.6962,30,57,12.108
2023,9,2023_09_CHI_NO,CHI,NO,0,64,-6.126,32,-9.6003,32,3.4743,28,64,-6.126
2023,9,2023_09_CHI_NO,NO,CHI,1,61,-3.8549,35,3.5195,26,-7.3744,28,57,-4.7571
2023,9,2023_09_DAL_PHI,DAL,PHI,0,70,8.4559,49,10.3944,21,-1.9386,33,70,8.4559
2023,9,2023_09_DAL_PHI,PHI,DAL,1,59,11.419,26,8.435,33,2.984,29,55,12.4464
2023,9,2023_09_IND_CAR,CAR,IND,1,71,-21.198,43,-24.6528,28,3.4548,26,50,-16.1305
2023,9,2023_09_IND_CAR,IND,CAR,0,54,-5.6094,27,-1.0497,27,-4.5597,20,46,0.0864
2023,9,2023_09_LAC_NYJ,LAC,NYJ,0,55,-6.5428,35,-6.6116,20,0.0688,18,50,-4.5136
2023,9,2023_09_LAC_NYJ,NYJ,LAC,1,77,-28.5953,57,-23.9419,20,-4.6533,26,55,-18.6446
2023,9,2023_09_LA_GB,GB,LA,1,65,-0.7628,29,2.6386,36,-3.4015,30,52,-9.149
2023,9,2023_09_LA_GB,LA,GB,0,55,-24.6901,29,-14.5959,26,-10.0942,16,49,-21.7707
2023,9,2023_09_MIA_KC,KC,MIA,1,53,0.971,32,1.3612,21,-0.3902,23,44,1.0808
2023,9,2023_09_MIA_KC,MIA,KC,0,58,-7.584,37,-8.1504,21,0.5664,24,51,-11.3042
2023,9,2023_09_MIN_ATL,ATL,MIN,1,66,-7.7498,38,-1.3047,28,-6.4451,23,66,-7.7498
2023,9,2023_09_MIN_ATL,MIN,ATL,0,73,-2.6704,41,-0.5389,32,-2.1316,29,73,-2.6704
2023,9,2023_09_NYG_LV,LV,NYG,1,59,0.1206,25,7.603,34,-7.4825,28,24,10.7361
2023,9,2023_09_NYG_LV,NYG,LV,0,63,-24.5797,38,-19.9741,25,-4.6056,24,29,-16.2143
2023,9,2023_09_SEA_BAL,BAL,SEA,1,72,13.6933,33,-1.6094,39,15.3028,35,41,2.2359
2023,9,2023_09_SEA_BAL,SEA,BAL,0,46,-20.4969,32,-14.662,14,-5.835,11,32,-14.9597
2023,9,2023_09_TB_HOU,HOU,TB,1,64,19.1253,45,24.5504,19,-5.4251,29,64,19.1253
2023,9,2023_09_TB_HOU,TB,HOU,0,63,9.4661,32,10.4573,31,-0.9912,25,63,9.4661
2023,9,2023_09_TEN_PIT,PIT,TEN,1,59,7.4769,30,3.354,29,4.123,29,59,7.4769
2023,9,2023_09_TEN_PIT,TEN,PIT,0,67,-0.169,42,-3.5354,25,3.3664,27,67,-0.169
2023,9,2023_09_WAS_NE,NE,WAS,1,62,-5.5565,44,-6.0302,18,0.4737,22,62,-5.5565
2023,9,2023_09_WAS_NE,WAS,NE,0,76,2.8389,48,5.0397,28,-2.2008,32,76,2.8389
2023,10,2023_10_ATL_ARI,ARI,ATL,1,60,-0.2063,35,-6.4573,25,6.251,30,60,-0.2063
2023,10,2023_10_ATL_ARI,ATL,ARI,0,65,-2.0639,25,-5.9917,40,3.9278,26,65,-2.0639
2023,10,2023_10_CAR_CHI,CAR,CHI,0,57,-7.8627,41,-8.2504,16,0.3878,15,57,-7.8627
2023,10,2023_10_CAR_CHI,CHI,CAR,1,69,-4.0703,33,-2.0196,36,-2.0507,30,67,-2.3225
2023,10,2023_10_CLE_BAL,BAL,CLE,1,50,-8.4865,26,-5.8934,24,-2.5931,21,50,-8.4865
2023,10,2023_10_CLE_BAL,CLE,BAL,0,75,6.5201,39,-0.4718,36,6.9919,34,72,3.3168
2023,10,2023_10_DEN_BUF,BUF,DEN,1,53,-3.3505,27,-9.0755,26,5.725,27,53,-3.3505
2023,10,2023_10_DEN_BUF,DEN,BUF,0,69,-0.1997,33,3.3269,36,-3.5267,27,69,-0.1997
2023,10,2023_10_DET_LAC,DET,LAC,0,61,27.218,33,14.8267,28,12.3912,34,61,27.218
2023,10,2023_10_DET_LAC,LAC,DET,1,68,13.7184,40,14.588,28,-0.8696,32,68,13.7184
2023,10,2023_10_GB_PIT,GB,PIT,0,64,4.1207,40,5.3128,24,-1.1921,24,64,4.1207
2023,10,2023_10_GB_PIT,PIT,GB,1,60,2.5433,24,-5.6876,36,8.231,29,60,2.5433
2023,10,2023_10_HOU_CIN,CIN,HOU,1,59,0.0336,44,3.1983,15,-3.1646,22,59,0.0336
2023,10,2023_10_HOU_CIN,HOU,CIN,0,74,7.5019,40,5.1379,34,2.364,33,68,16.4114
2023,10,2023_10_IND_NE,IND,NE,0,53,-0.9482,28,2.4175,25,-3.3658,23,53,-0.9482
2023,10,2023_10_IND_NE,NE,IND,1,68,0.0541,32,-4.4485,36,4.5025,36,68,0.0541
2023,10,2023_10_NO_MIN,MIN,NO,1,68,6.7884,35,8.3146,33,-1.5262,30,46,14.4011
2023,10,2023_10_NO_MIN,NO,MIN,0,63,-3.0899,46,-6.8737,17,3.7839,23,41,-10.929
2023,10,2023_10_NYG_DAL,DAL,NYG,1,76,23.5498,44,15.8379,32,7.7119,40,35,5.133
2023,10,2023_10_NYG_DAL,NYG,DAL,0,54,-13.5222,32,-11.9079,22,-1.6143,17,21,-15.9053
2023,10,2023_10_NYJ_LV,LV,NYJ,1,62,-11.4447,30,-9.8074,32,-1.6373,27,59,-9.8744
2023,10,2023_10_NYJ_LV,NYJ,LV,0,63,-8.2872,42,-4.5567,21,-3.7305,25,63,-8.2872
2023,10,2023_10_SF_JAX,JAX,SF,1,54,-25.46,37,-23.2637,17,-2.1963,15,43,-15.2937
2023,10,2023_10_SF_JAX,SF,JAX,0,57,18.355,30,14.7004,27,3.6546,28,35,11.0161
2023,10,2023_10_TEN_TB,TB,TEN,1,60,3.1951,32,7.8654,28,-4.6704,21,47,6.7111
2023,10,2023_10_TEN_TB,TEN,TB,0,59,-15.9065,43,-11.5633,16,-4.3431,20,43,-6.386
2023,10,2023_10_WAS_SEA,SEA,WAS,1,73,7.1411,47,4.8172,26,2.3238,34,73,7.1411
2023,10,2023_10_WAS_SEA,WAS,SEA,0,61,6.6585,47,11.6584,14,-4.9999,25,61,6.6585
2023,11,2023_11_ARI_HOU,ARI,HOU,0,59,-3.3589,33,-6.8267,26,3.4678,25,59,-3.3589
2023,11,2023_11_ARI_HOU,HOU,ARI,1,66,-3.4901,42,2.0659,24,-5.556,30,66,-3.4901
2023,11,2023_11_CHI_DET,CHI,DET,0,70,1.3208,25,0.6682,45,0.6526,33,67,3.1692
2023,11,2023_11_CHI_DET,DET,CHI,1,59,4.3753,38,-1.0921,21,5.4674,33,55,-0.344
2023,11,2023_11_CIN_BAL,BAL,CIN,1,60,10.2424,29,8.2431,31,1.9993,29,46,7.108
2023,11,2023_11_CIN_BAL,CIN,BAL,0,59,3.1142,36,-2.4595,23,5.5736,28,47,0.3728
2023,11,2023_11_DAL_CAR,CAR,DAL,1,58,-17.1426,36,-18.7324,22,1.5898,21,49,-9.3109
2023,11,2023_11_DAL_CAR,DAL,CAR,0,65,11.8179,41,6.5475,24,5.2704,29,53,14.0093
2023,11,2023_11_LAC_GB,GB,LAC,1,70,5.9705,43,10.751,27,-4.7805,31,70,5.9705
2023,11,2023_11_LAC_GB,LAC,GB,0,61,3.9838,38,5.0601,23,-1.0763,25,61,3.9838
2023,11,2023_11_LV_MIA,LV,MIA,0,59,-14.9814,43,-9.5766,16,-5.4048,21,59,-14.9814
2023,11,2023_11_LV_MIA,MIA,LV,1,67,-6.9567,40,0.7171,27,-7.6738,25,64,-4.5133
2023,11,2023_11_MIN_DEN,DEN,MIN,1,52,-2.1799,37,1.4861,15,-3.666,21,52,-2.1799
2023,11,2023_11_MIN_DEN,MIN,DEN,0,70,-1.4172,34,1.0615,36,-2.4787,34,70,-1.4172
2023,11,2023_11_NYG_WAS,NYG,WAS,0,54,-1.2361,35,3.8082,19,-5.0443,19,54,-1.2361
2023,11,2023_11_NYG_WAS,WAS,NYG,1,77,-13.1526,49,-14.5504,28,1.3978,35,72,-14.8516
2023,11,2023_11_NYJ_BUF,BUF,NYJ,1,69,6.4912,33,12.0009,36,-5.5097,25,52,5.6864
2023,11,2023_11_NYJ_BUF,NYJ,BUF,0,55,-20.7681,37,-18.5701,18,-2.198,14,31,-9.5308
2023,11,2023_11_PHI_KC,KC,PHI,1,73,-9.6298,43,-12.997,30,3.3672,25,73,-9.6298
2023,11,2023_11_PHI_KC,PHI,KC,0,51,-1.0064,27,-3.4149,24,2.4085,20,51,-1.0064
2023,11,2023_11_PIT_CLE,CLE,PIT,1,71,-9.8338,42,-9.2675,29,-0.5663,26,71,-9.8338
2023,11,2023_11_PIT_CLE,PIT,CLE,0,56,-6.006,31,-11.8915,25,5.8856,20,56,-6.006
2023,11,2023_11_SEA_LA,LA,SEA,1,58,-9.4717,32,-4.5748,26,-4.8969,23,58,-9.4717
2023,11,2023_11_SEA_LA,SEA,LA,0,61,-0.5102,41,-0.3438,20,-0.1664,22,61,-0.5102
2023,11,2023_11_TB_SF,SF,TB,1,57,12.0854,29,15.8704,28,-3.785,30,38,17.6699
2023,11,2023_11_TB_SF,TB,SF,0,66,-7.6149,49,-9.1887,17,1.5738,31,51,-9.4692
2023,11,2023_11_TEN_JAX,JAX,TEN,1,69,13.3825,33,16.5106,36,-3.1281,28,41,7.1114
2023,11,2023_11_TEN_JAX,TEN,JAX,0,36,1.3673,19,2.963,17,-1.5957,15,23,-8.8682
2023,12,2023_12_BAL_LAC,BAL,LAC,0,67,1.7855,34,-3.5584,33,5.344,33,67,1.7855
2023,12,2023_12_BAL_LAC,LAC,BAL,1,66,-19.9103,47,-19.5695,19,-0.3408,24,61,-15.8325
2023,12,2023_12_BUF_PHI,BUF,PHI,0,91,15.0489,52,7.6605,39,7.3884,41,91,15.0489
2023,12,2023_12_BUF_PHI,PHI,BUF,1,64,2.2705,33,0.0872,31,2.1833,29,64,2.2705
2023,12,2023_12_CAR_TEN,CAR,TEN,0,67,-9.2904,35,-4.8673,32,-4.4231,23,67,-9.2904
2023,12,2023_12_CAR_TEN,TEN,CAR,1,49,2.0136,28,-0.4363,21,2.4498,23,49,2.0136
2023,12,2023_12_CHI_MIN,CHI,MIN,0,65,-7.86,40,-5.5873,25,-2.2727,24,65,-7.86
2023,12,2023_12_CHI_MIN,MIN,CHI,1,51,-26.0871,34,-23.7905,17,-2.2966,15,51,-26.0871
2023,12,2023_12_CLE_DEN,CLE,DEN,0,70,-19.7568,47,-12.3513,23,-7.4055,25,59,-11.5984
2023,12,2023_12_CLE_DEN,DEN,CLE,1,58,-1.586,23,4.4542,35,-6.0403,24,48,1.9845
2023,12,2023_12_GB_DET,DET,GB,1,79,-10.9834,48,-4.3875,31,-6.5959,33,58,-17.1343
2023,12,2023_12_GB_DET,GB,DET,0,54,7.8577,33,11.8124,21,-3.9547,25,43,9.8316
2023,12,2023_12_JAX_HOU,HOU,JAX,1,58,3.3149,40,0.7591,18,2.5557,26,58,3.3149
2023,12,2023_12_JAX_HOU,JAX,HOU,0,68,2.5431,39,12.4902,29,-9.9471,30,66,3.1007
2023,12,2023_12_KC_LV,KC,LV,0,56,14.801,35,12.5874,21,2.2136,29,47,17.2674
2023,12,2023_12_KC_LV,LV,KC,1,58,-1.5324,35,3.4993,23,-5.0317,19,51,6.9143
2023,12,2023_12_LA_ARI,ARI,LA,1,66,-9.138,50,-14.264,16,5.126,25,41,-4.5626
2023,12,2023_12_LA_ARI,LA,ARI,0,66,22.1008,33,13.2042,33,8.8965,37,45,16.1408
2023,12,2023_12_MIA_NYJ,MIA,NYJ,0,67,2.7887,31,4.4671,36,-1.6784,30,55,-0.7296
2023,12,2023_12_MIA_NYJ,NYJ,MIA,1,55,-21.1528,45,-18.6676,10,-2.4853,19,22,-19.7577
2023,12,2023_12_NE_NYG,NE,NYG,0,68,-11.1465,37,-16.3251,31,5.1786,28,68,-11.1465
2023,12,2023_12_NE_NYG,NYG,NE,1,49,-11.874,31,-1.824,18,-10.0499,15,49,-11.874
2023,12,2023_12_NO_ATL,ATL,NO,1,61,3.114,21,-2.7463,40,5.8603,29,58,4.7199
2023,12,2023_12_NO_ATL,NO,ATL,0,66,-2.9374,39,-1.2685,27,-1.6689,31,59,-3.816
2023,12,2023_12_PIT_CIN,CIN,PIT,1,40,-6.2456,30,-2.7479,10,-3.4977,14,39,-8.0975
2023,12,2023_12_PIT_CIN,PIT,CIN,0,65,5.1652,35,11.777,30,-6.6118,30,65,5.1652
2023,12,2023_12_SF_SEA,SEA,SF,1,54,-14.3052,33,-11.9407,21,-2.3645,24,43,-11.6323
2023,12,2023_12_SF_SEA,SF,SEA,0,63,6.9013,32,0.305,31,6.5962,30,52,5.9135
2023,12,2023_12_TB_IND,IND,TB,1,69,5.5859,43,-0.0971,26,5.683,34,67,5.1206
2023,12,2023_12_TB_IND,TB,IND,0,56,-4.717,37,-9.3902,19,4.6732,26,56,-4.717
2023,12,2023_12_WAS_DAL,DAL,WAS,1,51,23.34,33,19.2452,18,4.0948,27,42,14.7089
2023,12,2023_12_WAS_DAL,WAS,DAL,0,75,-17.0143,48,-12.3488,27,-4.6654,35,54,-0.943
2023,13,2023_13_ARI_PIT,ARI,PIT,0,60,2.2857,25,1.1447,35,1.1411,21,43,-0.4737
2023,13,2023_13_ARI_PIT,PIT,ARI,1,57,-5.2563,27,7.5486,30,-12.8048,27,44,-8.7713
2023,13,2023_13_ATL_NYJ,ATL,NYJ,0,63,-14.344,30,-3.7788,33,-10.5652,19,63,-14.344
2023,13,2023_13_ATL_NYJ,NYJ,ATL,1,67,-23.3994,42,-12.2414,25,-11.1581,17,67,-23.3994
2023,13,2023_13_CAR_TB,CAR,TB,0,70,-5.9913,35,-5.071,35,-0.9203,32,70,-5.9913
2023,13,2023_13_CAR_TB,TB,CAR,1,56,-2.5396,30,-3.7011,26,1.1616,17,56,-2.5396
2023,13,2023_13_CIN_JAX,CIN,JAX,0,72,14.002,41,10.8751,31,3.1269,37,72,14.002
2023,13,2023_13_CIN_JAX,JAX,CIN,1,68,12.6509,43,11.3774,25,1.2735,33,68,12.6509
2023,13,2023_13_CLE_LA,CLE,LA,0,69,-6.6215,46,-7.7916,23,1.1701,29,64,-0.5291
2023,13,2023_13_CLE_LA,LA,CLE,1,61,7.1963,37,5.3191,24,1.8772,26,56,3.8816
2023,13,2023_13_DEN_HOU,DEN,HOU,0,58,-12.5425,29,-14.9681,29,2.4257,25,58,-12.5425
2023,13,2023_13_DEN_HOU,HOU,DEN,1,63,-3.4128,34,1.8446,29,-5.2574,22,63,-3.4128
2023,13,2023_13_DET_NO,DET,NO,0,55,8.4714,27,7.4924,28,0.979,21,54,8.875
2023,13,2023_13_DET_NO,NO,DET,1,66,-2.3907,31,6.0189,35,-8.4096,30,66,-2.3907
2023,13,2023_13_IND_TEN,IND,TEN,0,68,-0.7418,46,2.0438,22,-2.7855,29,68,-0.7418
2023,13,2023_13_IND_TEN,TEN,IND,1,80,2.4648,39,0.1449,41,2.3199,33,80,2.4648
2023,13,2023_13_KC_GB,GB,KC,1,63,19.0762,38,15.3921,25,3.6841,31,63,19.0762
2023,13,2023_13_KC_GB,KC,GB,0,61,10.5879,36,3.9477,25,6.6402,30,57,10.2477
2023,13,2023_13_LAC_NE,LAC,NE,0,59,-8.7241,37,2.0079,22,-10.7319,24,56,-9.1534
2023,13,2023_13_LAC_NE,NE,LAC,1,62,-17.0271,30,-15.7198,32,-1.3072,24,62,-17.0271
2023,13,2023_13_MIA_WAS,MIA,WAS,0,59,24.1424,25,18.6139,34,5.5284,30,27,14.0923
2023,13,2023_13_MIA_WAS,WAS,MIA,1,55,-9.7151,27,-13.0213,28,3.3061,16,31,-11.8826
2023,13,2023_13_SEA_DAL,DAL,SEA,1,78,13.8255,46,14.8235,32,-0.998,39,78,13.8255
2023,13,2023_13_SEA_DAL,SEA,DAL,0,63,8.3153,41,11.2375,22,-2.9222,28,63,8.3153
2023,13,2023_13_SF_PHI,PHI,SF,1,70,4.2277,52,8.9659,18,-4.7383,24,46,1.8654
2023,13,2023_13_SF_PHI,SF,PHI,0,56,29.6646,29,22.3297,27,7.3348,34,39,19.7396
2023,14,2023_14_BUF_KC,BUF,KC,0,70,1.2645,44,-1.9784,26,3.243,29,70,1.2645
2023,14,2023_14_BUF_KC,KC,BUF,1,62,-3.5425,44,-7.377,18,3.8345,31,62,-3.5425
2023,14,2023_14_CAR_NO,CAR,NO,0,79,-25.8112,40,-31.2917,39,5.4805,28,64,-19.9031
2023,14,2023_14_CAR_NO,NO,CAR,1,50,-9.5469,27,-9.5636,23,0.0168,22,42,-14.4597
2023,14,2023_14_DEN_LAC,DEN,LAC,0,63,-3.1083,35,-2.2156,28,-0.8927,26,45,-3.0827
2023,14,2023_14_DEN_LAC,LAC,DEN,1,67,-31.5564,48,-26.7183,19,-4.8381,25,45,-29.3243
2023,14,2023_14_DET_CHI,CHI,DET,1,65,2.7611,37,1.9989,28,0.7622,21,54,5.2734
2023,14,2023_14_DET_CHI,DET,CHI,0,63,-9.3023,39,-6.3356,24,-2.9668,26,47,-5.9529
2023,14,2023_14_GB_NYG,GB,NYG,0,67,-2.6295,41,-0.2179,26,-2.4116,27,67,-2.6295
2023,14,2023_14_GB_NYG,NYG,GB,1,54,0.5365,21,5.1812,33,-4.6446,29,54,0.5365
2023,14,2023_14_HOU_NYJ,HOU,NYJ,0,52,-27.4181,33,-25.5027,19,-1.9155,13,38,-12.2694
2023,14,2023_14_HOU_NYJ,NYJ,HOU,1,65,-0.4444,40,7.8298,25,-8.2742,25,53,10.299
2023,14,2023_14_IND_CIN,CIN,IND,1,57,4.141,25,6.2865,32,-2.1455,23,41,8.6197
2023,14,2023_14_IND_CIN,IND,CIN,0,60,-2.6623,43,0.6185,17,-3.2809,28,44,1.9073
2023,14,2023_14_JAX_CLE,CLE,JAX,1,71,-8.3837,46,-7.3393,25,-1.0444,30,70,-7.2481
2023,14,2023_14_JAX_CLE,JAX,CLE,0,74,-13.9351,55,-9.7764,19,-4.1587,26,66,-17.7746
2023,14,2023_14_LA_BAL,BAL,LA,1,71,11.9553,46,12.6128,25,-0.6575,31,71,11.9553
2023,14,2023_14_LA_BAL,LA,BAL,0,73,7.4946,44,5.6017,29,1.8928,31,73,7.4946
2023,14,2023_14_MIN_LV,LV,MIN,1,53,-24.6105,36,-23.7642,17,-0.8462,12,53,-24.6105
2023,14,2023_14_MIN_LV,MIN,LV,0,71,-14.4204,41,-12.1214,30,-2.299,28,71,-14.4204
2023,14,2023_14_NE_PIT,NE,PIT,0,55,-3.2631,30,1.2989,25,-4.562,18,55,-3.2631
2023,14,2023_14_NE_PIT,PIT,NE,1,66,-20.19,39,-15.7074,27,-4.4826,26,66,-20.19
2023,14,2023_14_PHI_DAL,DAL,PHI,1,74,2.7896,42,-0.055,32,2.8446,34,52,6.1962
2023,14,2023_14_PHI_DAL,PHI,DAL,0,52,-9.243,29,-3.828,23,-5.415,23,43,-7.8891
2023,14,2023_14_SEA_SF,SEA,SF,0,56,-6.8584,36,-1.1833,20,-5.6751,19,53,-5.8859
2023,14,2023_14_SEA_SF,SF,SEA,1,52,13.677,30,7.8569,22,5.8201,23,42,14.9495
2023,14,2023_14_TB_ATL,ATL,TB,1,69,-1.0821,43,-2.373,26,1.291,30,69,-1.0821
2023,14,2023_14_TB_ATL,TB,ATL,0,67,-2.1526,30,2.4492,37,-4.6018,25,67,-2.1526
2023,14,2023_14_TEN_MIA,MIA,TEN,1,69,-2.6495,38,-7.438,31,4.7885,34,68,-4.3589
2023,14,2023_14_TEN_MIA,TEN,MIA,0,68,4.5562,40,8.7651,28,-4.2089,31,59,-2.0089
2023,15,2023_15_ATL_CAR,ATL,CAR,0,50,-15.1365,20,3.1206,30,-18.2571,18,50,-15.1365
2023,15,2023_15_ATL_CAR,CAR,ATL,1,60,-11.7407,27,-3.8839,33,-7.8568,22,60,-11.7407
2023,15,2023_15_BAL_JAX,BAL,JAX,0,69,1.8019,27,-3.565,42,5.367,37,55,6.5863
2023,15,2023_15_BAL_JAX,JAX,BAL,1,61,-13.77,44,-12.1363,17,-1.6337,22,46,-6.7943
2023,15,2023_15_CHI_CLE,CHI,CLE,0,70,-21.7817,43,-15.48,27,-6.3017,19,70,-21.7817
2023,15,2023_15_CHI_CLE,CLE,CHI,1,67,-24.8137,49,-15.3279,18,-9.4858,23,67,-24.8137
2023,15,2023_15_DAL_BUF,BUF,DAL,1,62,11.5644,16,-0.461,46,12.0254,33,37,8.9476
2023,15,2023_15_DAL_BUF,DAL,BUF,0,57,-5.3683,37,-12.449,20,7.0807,25,32,-5.0623
2023,15,2023_15_DEN_DET,DEN,DET,0,61,-7.8221,34,-2.393,27,-5.4291,25,33,-13.1098
2023,15,2023_15_DEN_DET,DET,DEN,1,64,21.1239,36,15.2317,28,5.8921,32,44,15.6182
2023,15,2023_15_HOU_TEN,HOU,TEN,0,72,-7.9447,40,-2.717,32,-5.2277,32,72,-7.9447
2023,15,2023_15_HOU_TEN,TEN,HOU,1,63,-11.4594,33,-5.7305,30,-5.7288,17,63,-11.4594
2023,15,2023_15_KC_NE,KC,NE,0,58,-1.1807,41,3.2147,17,-4.3954,20,42,10.59
2023,15,2023_15_KC_NE,NE,KC,1,51,-16.1801,35,-12.9183,16,-3.2618,18,37,-9.793
2023,15,2023_15_LAC_LV,LAC,LV,0,63,-23.6163,35,-10.3205,28,-13.2958,26,17,-14.1606
2023,15,2023_15_LAC_LV,LV,LAC,1,63,15.9053,37,12.3239,26,3.5814,31,21,9.4234
2023,15,2023_15_MIN_CIN,CIN,MIN,1,67,9.9155,47,7.9887,20,1.9268,34,67,9.9155
2023,15,2023_15_MIN_CIN,MIN,CIN,0,67,9.4404,37,11.3468,30,-1.9065,33,67,9.4404
2023,15,2023_15_NYG_NO,NO,NYG,1,55,4.8223,30,9.3486,25,-4.5263,24,45,6.555
2023,15,2023_15_NYG_NO,NYG,NO,0,60,-18.0655,44,-14.5438,16,-3.5218,15,40,-14.3476
2023,15,2023_15_NYJ_MIA,MIA,NYJ,1,55,5.9387,29,7.3333,26,-1.3946,20,30,8.5181
2023,15,2023_15_NYJ_MIA,NYJ,MIA,0,55,-31.1509,43,-23.2706,12,-7.8802,11,23,-19.3265
2023,15,2023_15_PHI_SEA,PHI,SEA,0,69,7.8885,31,1.7164,38,6.1721,35,69,7.8885
2023,15,2023_15_PHI_SEA,SEA,PHI,1,58,3.3436,35,3.2654,23,0.0782,24,58,3.3436
2023,15,2023_15_PIT_IND,IND,PIT,1,64,3.4303,31,-0.6966,33,4.1269,27,52,6.9116
2023,15,2023_15_PIT_IND,PIT,IND,0,54,-17.2777,30,-8.0836,24,-9.194,18,41,-7.1894
2023,15,2023_15_SF_ARI,ARI,SF,1,73,0.2765,43,-7.3552,30,7.6316,29,47,-5.9567
2023,15,2023_15_SF_ARI,SF,ARI,0,51,21.7404,27,18.2758,24,3.4645,27,38,16.2604
2023,15,2023_15_TB_GB,GB,TB,1,57,1.8036,41,3.9261,16,-2.1225,26,49,5.6346
2023,15,2023_15_TB_GB,TB,GB,0,58,21.1406,33,23.4666,25,-2.326,30,52,19.7725
2023,15,2023_15_WAS_LA,LA,WAS,1,74,-1.3215,36,3.2415,38,-4.563,32,46,5.6088
2023,15,2023_15_WAS_LA,WAS,LA,0,58,-8.3777,37,-3.1502,21,-5.2274,22,39,-11.9214
2023,16,2023_16_ARI_CHI,ARI,CHI,0,60,-9.4494,40,-6.5976,20,-2.8518,19,49,-5.5283
2023,16,2023_16_ARI_CHI,CHI,ARI,1,67,7.8064,28,-3.621,39,11.4274,29,52,11.1659
2023,16,2023_16_BAL_SF,BAL,SF,0,62,3.9089,37,4.9203,25,-1.0115,28,45,5.9313
2023,16,2023_16_BAL_SF,SF,BAL,1,68,-15.5675,50,-18.7173,18,3.1498,29,36,-14.6999
2023,16,2023_16_BUF_LAC,BUF,LAC,0,52,3.5814,22,10.0333,30,-6.4519,21,52,3.5814
2023,16,2023_16_BUF_LAC,LAC,BUF,1,65,-6.1684,38,-1.0849,27,-5.0835,23,65,-6.1684
2023,16,2023_16_CIN_PIT,CIN,PIT,0,62,-12.959,46,-7.5862,16,-5.3728,26,31,-13.0594
2023,16,2023_16_CIN_PIT,PIT,CIN,1,58,12.787,28,8.3352,30,4.4519,27,24,17.8097
2023,16,2023_16_CLE_HOU,CLE,HOU,0,77,8.7318,46,15.7924,31,-7.0606,32,44,15.3089
2023,16,2023_16_CLE_HOU,HOU,CLE,1,68,-18.2119,52,-14.4851,16,-3.7268,21,32,-17.3087
2023,16,2023_16_DAL_MIA,DAL,MIA,0,60,3.6063,36,8.4325,24,-4.8262,28,60,3.6063
2023,16,2023_16_DAL_MIA,MIA,DAL,1,62,2.2244,38,7.2944,24,-5.0699,32,62,2.2244
2023,16,2023_16_DET_MIN,DET,MIN,0,75,13.565,41,14.2743,34,-0.7093,38,75,13.565
2023,16,2023_16_DET_MIN,MIN,DET,1,50,1.6105,39,5.9619,11,-4.3515,20,50,1.6105
2023,16,2023_16_GB_CAR,CAR,GB,1,63,11.5266,37,12.2281,26,-0.7016,30,60,7.2333
2023,16,2023_16_GB_CAR,GB,CAR,0,63,16.4605,29,11.2829,34,5.1776,31,60,18.7183
2023,16,2023_16_IND_ATL,ATL,IND,1,63,8.2448,33,7.692,30,0.5528,32,50,12.3188
2023,16,2023_16_IND_ATL,IND,ATL,0,67,-16.0775,43,-8.0854,24,-7.9921,23,53,-2.8806
2023,16,2023_16_JAX_TB,JAX,TB,0,63,-12.8427,50,-11.732,13,-1.1108,28,26,-12.9034
2023,16,2023_16_JAX_TB,TB,JAX,1,70,3.6693,37,12.9431,33,-9.2738,28,39,8.9727
2023,16,2023_16_LV_KC,KC,LV,1,74,-18.5458,49,-11.8921,25,-6.6537,30,67,-25.5933
2023,16,2023_16_LV_KC,LV,KC,0,50,-8.9821,23,-12.9689,27,3.9869,17,44,-8.147
2023,16,2023_16_NE_DEN,DEN,NE,1,66,-6.1186,43,-3.6814,23,-2.4373,31,57,-8.6989
2023,16,2023_16_NE_DEN,NE,DEN,0,55,-4.1446,34,2.9295,21,-7.074,19,52,-1.905
2023,16,2023_16_NO_LA,LA,NO,1,66,13.7347,35,15.0345,31,-1.2998,32,45,9.9146
2023,16,2023_16_NO_LA,NO,LA,0,58,-3.0468,43,1.7587,15,-4.8055,22,36,-9.9022
2023,16,2023_16_NYG_PHI,NYG,PHI,0,58,-3.7298,31,-5.9754,27,2.2457,19,52,-10.1505
2023,16,2023_16_NYG_PHI,PHI,NYG,1,74,9.6307,39,7.3838,35,2.2468,40,69,10.7366
2023,16,2023_16_SEA_TEN,SEA,TEN,0,59,7.7403,39,11.0522,20,-3.3119,25,59,7.7403
2023,16,2023_16_SEA_TEN,TEN,SEA,1,63,5.9567,32,-0.6853,31,6.642,32,63,5.9567
2023,16,2023_16_WAS_NYJ,NYJ,WAS,1,85,-20.3985,49,-15.9729,36,-4.4256,37,60,-5.0835
2023,16,2023_16_WAS_NYJ,WAS,NYJ,0,58,-10.5992,36,-16.5425,22,5.9433,21,39,-8.5769
2023,17,2023_17_ARI_PHI,ARI,PHI,0,72,18.419,32,9.1164,40,9.3026,42,72,18.419
2023,17,2023_17_ARI_PHI,PHI,ARI,1,47,10.6924,24,12.7845,23,-2.0921,24,47,10.6924
2023,17,2023_17_ATL_CHI,ATL,CHI,0,59,-4.2912,35,-9.0737,24,4.7825,23,37,-4.7302
2023,17,2023_17_ATL_CHI,CHI,ATL,1,72,9.1746,35,5.368,37,3.8067,28,51,12.2344
2023,17,2023_17_CAR_JAX,CAR,JAX,0,53,-24.1233,38,-21.4651,15,-2.6581,18,31,-13.7458
2023,17,2023_17_CAR_JAX,JAX,CAR,1,58,6.1506,27,5.1911,31,0.9595,21,41,4.6779
2023,17,2023_17_CIN_KC,CIN,KC,0,71,-5.3894,39,0.0673,32,-5.4566,24,67,-5.584
2023,17,2023_17_CIN_KC,KC,CIN,1,51,2.4284,31,-0.0302,20,2.4587,19,51,2.4284
2023,17,2023_17_DET_DAL,DAL,DET,1,61,-2.4978,41,4.0425,20,-6.5403,28,61,-2.4978
2023,17,2023_17_DET_DAL,DET,DAL,0,65,-2.9253,34,2.5681,31,-5.4934,29,65,-2.9253
2023,17,2023_17_GB_MIN,GB,MIN,0,71,19.4115,34,16.157,37,3.2545,38,40,8.856
2023,17,2023_17_GB_MIN,MIN,GB,1,51,-17.2861,36,-19.1884,15,1.9023,19,33,-16.1868
2023,17,2023_17_LAC_DEN,DEN,LAC,1,65,-3.1152,34,4.7002,31,-7.8154,27,58,-0.4098
2023,17,2023_17_LAC_DEN,LAC,DEN,0,62,-8.5224,38,1.2128,24,-9.7353,24,55,-9.4757
2023,17,2023_17_LA_NYG,LA,NYG,0,60,1.0986,38,-3.0553,22,4.1539,29,60,1.0986
2023,17,2023_17_LA_NYG,NYG,LA,1,67,-4.5497,47,-2.7928,20,-1.757,26,67,-4.5497
2023,17,2023_17_LV_IND,IND,LV,1,52,7.2127,24,11.4922,28,-4.2796,21,51,9.059
2023,17,2023_17_LV_IND,LV,IND,0,74,5.6234,49,8.4769,25,-2.8535,32,67,1.5574
2023,17,2023_17_MIA_BAL,BAL,MIA,1,53,32.1639,23,33.2219,30,-1.058,30,27,23.3496
2023,17,2023_17_MIA_BAL,MIA,BAL,0,67,-10.1691,42,-1.3889,25,-8.7801,26,38,4.454
2023,17,2023_17_NE_BUF,BUF,NE,1,66,-4.315,31,-4.9451,35,0.6301,31,58,-1.8769
2023,17,2023_17_NE_BUF,NE,BUF,0,52,-14.705,29,-16.3085,23,1.6035,20,52,-14.705
2023,17,2023_17_NO_TB,NO,TB,0,67,4.9201,35,9.7384,32,-4.8182,24,41,8.3349
2023,17,2023_17_NO_TB,TB,NO,1,50,-8.3432,36,1.82,14,-10.1632,18,28,-13.1546
2023,17,2023_17_NYJ_CLE,CLE,NYJ,1,58,-3.3196,30,1.7366,28,-5.0562,26,36,15.175
2023,17,2023_17_NYJ_CLE,NYJ,CLE,0,68,-12.0427,47,-10.638,21,-1.4047,27,36,-2.4566
2023,17,2023_17_PIT_SEA,PIT,SEA,0,70,19.8582,25,11.0976,45,8.7606,36,65,19.6035
2023,17,2023_17_PIT_SEA,SEA,PIT,1,49,6.0081,34,7.2239,15,-1.2158,23,49,6.0081
2023,17,2023_17_SF_WAS,SF,WAS,0,66,15.0591,29,10.7422,37,4.3169,42,55,20.2137
2023,17,2023_17_SF_WAS,WAS,SF,1,43,-7.8765,29,-9.6326,14,1.756,21,34,1.5449
2023,17,2023_17_TEN_HOU,HOU,TEN,1,61,0.1543,33,4.0861,28,-3.9317,29,30,7.3141
2023,17,2023_17_TEN_HOU,TEN,HOU,0,53,-22.7537,32,-12.0821,21,-10.6716,15,18,-14.4611
2023,18,2023_18_ATL_NO,ATL,NO,0,60,-18.0021,35,-3.2118,25,-14.7903,25,44,2.8845
2023,18,2023_18_ATL_NO,NO,ATL,1,66,13.5619,31,14.2217,35,-0.6598,30,49,16.5505
2023,18,2023_18_BUF_MIA,BUF,MIA,0,75,5.5564,41,3.9358,34,1.6206,37,73,7.2782
2023,18,2023_18_BUF_MIA,MIA,BUF,1,48,1.8381,28,-0.1799,20,2.018,21,48,1.8381
2023,18,2023_18_CHI_GB,CHI,GB,0,46,-4.3966,21,-1.2932,25,-3.1034,19,46,-4.3966
2023,18,2023_18_CHI_GB,GB,CHI,1,58,13.6823,33,15.0738,25,-1.3915,32,51,12.6334
2023,18,2023_18_CLE_CIN,CIN,CLE,1,61,0.6577,31,-1.0547,30,1.7125,29,28,10.6482
2023,18,2023_18_CLE_CIN,CLE,CIN,0,52,-13.2234,29,-10.9572,23,-2.2662,19,17,-16.6488
2023,18,2023_18_DAL_WAS,DAL,WAS,0,69,25.0989,40,23.0056,29,2.0933,43,47,18.7482
2023,18,2023_18_DAL_WAS,WAS,DAL,1,48,-14.3748,32,-7.1285,16,-7.2462,17,36,-9.2814
2023,18,2023_18_DEN_LV,DEN,LV,0,58,-2.5985,39,0.3532,19,-2.9517,24,45,-7.2163
2023,18,2023_18_DEN_LV,LV,DEN,1,63,8.2742,34,9.53,29,-1.2558,28,52,7.3744
2023,18,2023_18_HOU_IND,HOU,IND,0,56,6.7169,28,12.0629,28,-5.346,27,52,9.1072
2023,18,2023_18_HOU_IND,IND,HOU,1,63,-0.6403,26,-3.5128,37,2.8725,26,63,-0.6403
2023,18,2023_18_JAX_TEN,JAX,TEN,0,66,-4.1429,43,1.6499,23,-5.7927,32,64,-2.2109
2023,18,2023_18_JAX_TEN,TEN,JAX,1,52,6.5585,29,0.4632,23,6.0953,24,46,9.996
2023,18,2023_18_KC_LAC,KC,LAC,0,58,-8.3338,31,-9.4372,27,1.1035,20,58,-8.3338
2023,18,2023_18_KC_LAC,LAC,KC,1,80,-18.6581,50,-15.1864,30,-3.4717,36,80,-18.6581
2023,18,2023_18_LA_SF,LA,SF,0,62,6.2341,27,8.1179,35,-1.8838,32,62,6.2341
2023,18,2023_18_LA_SF,SF,LA,1,57,8.9655,28,5.6542,29,3.3113,31,57,8.9655
2023,18,2023_18_MIN_DET,DET,MIN,1,56,7.8886,33,10.8741,23,-2.9855,24,46,14.3976
2023,18,2023_18_MIN_DET,MIN,DET,0,70,-1.0243,48,-2.6158,22,1.5915,27,67,1.8776
2023,18,2023_18_NYJ_NE,NE,NYJ,1,58,-32.4497,37,-27.749,21,-4.7007,11,52,-29.9601
2023,18,2023_18_NYJ_NE,NYJ,NE,0,64,-14.7711,21,-11.0076,43,-3.7635,21,60,-19.6542
2023,18,2023_18_PHI_NYG,NYG,PHI,1,66,5.8303,36,8.1022,30,-2.2719,33,34,12.8133
2023,18,2023_18_PHI_NYG,PHI,NYG,0,65,-18.3389,41,-21.8646,24,3.5258,27,27,-12.4034
2023,18,2023_18_PIT_BAL,BAL,PIT,1,56,-16.0604,32,-4.6743,24,-11.3862,21,45,-17.5943
2023,18,2023_18_PIT_BAL,PIT,BAL,0,61,-4.1397,23,-2.4062,38,-1.7335,30,58,-1.476
2023,18,2023_18_SEA_ARI,ARI,SEA,1,69,16.049,31,14.6975,38,1.3515,30,69,16.049
2023,18,2023_18_SEA_ARI,SEA,ARI,0,54,6.0782,29,6.7078,25,-0.6297,26,54,6.0782
2023,18,2023_18_TB_CAR,CAR,TB,1,50,-15.5147,21,-13.0879,29,-2.4268,13,50,-15.5147
2023,18,2023_18_TB_CAR,TB,CAR,0,61,-5.7412,35,-7.9913,26,2.25,25,52,-7.4405
2024,1,2024_01_ARI_BUF,ARI,BUF,0,60,3.8001,35,-1.1848,25,4.9849,23,60,3.8001
2024,1,2024_01_ARI_BUF,BUF,ARI,1,57,12.6588,25,9.1611,32,3.4977,33,57,12.6588
2024,1,2024_01_BAL_KC,BAL,KC,0,74,5.968,42,-2.4912,32,8.4592,40,74,5.968
2024,1,2024_01_BAL_KC,KC,BAL,1,49,10.2119,30,11.0844,19,-0.8725,22,49,10.2119
2024,1,2024_01_CAR_NO,CAR,NO,0,55,-26.6979,35,-18.4673,20,-8.2306,16,14,-12.5933
2024,1,2024_01_CAR_NO,NO,CAR,1,62,12.7608,25,7.9935,37,4.7673,29,27,9.0394
2024,1,2024_01_DAL_CLE,CLE,DAL,1,70,-19.0305,51,-23.1157,19,4.0851,18,31,-21.2779
2024,1,2024_01_DAL_CLE,DAL,CLE,0,59,-6.5458,35,-6.6673,24,0.1216,21,46,-2.0107
2024,1,2024_01_DEN_SEA,DEN,SEA,0,69,-21.4643,44,-20.8582,25,-0.6061,19,58,-24.163
2024,1,2024_01_DEN_SEA,SEA,DEN,1,58,-4.6335,28,-5.7397,30,1.1062,25,46,-0.0533
2024,1,2024_01_GB_PHI,GB,PHI,0,59,10.7644,37,2.3737,22,8.3907,25,59,10.7644
2024,1,2024_01_GB_PHI,PHI,GB,1,73,4.116,35,10.702,38,-6.586,34,72,6.0568
2024,1,2024_01_HOU_IND,HOU,IND,0,75,10.5559,36,7.5077,39,3.0482,36,75,10.5559
2024,1,2024_01_HOU_IND,IND,HOU,1,44,2.2831,21,-3.0331,23,5.3162,19,44,2.2831
2024,1,2024_01_JAX_MIA,JAX,MIA,0,50,-7.3982,24,1.7066,26,-9.1047,20,50,-7.3982
2024,1,2024_01_JAX_MIA,MIA,JAX,1,65,1.5648,40,4.3236,25,-2.7588,26,65,1.5648
2024,1,2024_01_LA_DET,DET,LA,1,61,6.4524,30,-4.8085,31,11.2608,31,60,5.7732
2024,1,2024_01_LA_DET,LA,DET,0,74,3.2473,51,4.5364,23,-1.2891,35,74,3.2473
2024,1,2024_01_LV_LAC,LAC,LV,1,52,-4.6044,27,-4.8759,25,0.2715,19,51,-3.6574
2024,1,2024_01_LV_LAC,LV,LAC,0,59,-19.7555,37,-1.2427,22,-18.5128,19,53,-17.2724
2024,1,2024_01_MIN_NYG,MIN,NYG,0,50,7.7777,25,6.9711,25,0.8066,24,32,13.6998
2024,1,2024_01_MIN_NYG,NYG,MIN,1,68,-24.2925,47,-22.5938,21,-1.6986,21,41,-15.7949
2024,1,2024_01_NE_CIN,CIN,NE,1,48,-8.5896,32,-10.7671,16,2.1775,20,48,-8.5896
2024,1,2024_01_NE_CIN,NE,CIN,0,61,-0.4209,25,-1.9694,36,1.5485,27,58,-0.2808
2024,1,2024_01_NYJ_SF,NYJ,SF,0,50,-2.4682,31,0.5688,19,-3.0369,22,26,-9.9148
2024,1,2024_01_NYJ_SF,SF,NYJ,1,69,6.9413,32,4.4116,37,2.5298,31,48,8.8346
2024,1,2024_01_PIT_ATL,ATL,PIT,1,49,-17.2179,27,-10.9931,22,-6.2248,21,47,-17.0138
2024,1,2024_01_PIT_ATL,PIT,ATL,0,66,-6.5864,25,-1.3523,41,-5.2342,26,63,-4.503
2024,1,2024_01_TEN_CHI,CHI,TEN,1,52,-12.9426,32,-12.1467,20,-0.7959,20,52,-12.9426
2024,1,2024_01_TEN_CHI,TEN,CHI,0,61,-16.1128,35,-18.1712,26,2.0584,23,61,-16.1128
2024,1,2024_01_WAS_TB,TB,WAS,1,59,15.7154,31,20.5918,28,-4.8764,31,45,12.0081
2024,1,2024_01_WAS_TB,WAS,TB,0,56,6.7553,27,-1.7389,29,8.4942,27,40,3.7418
2024,2,2024_02_ATL_PHI,ATL,PHI,0,57,8.6472,31,9.0831,26,-0.4359,27,57,8.6472
2024,2,2024_02_ATL_PHI,PHI,ATL,1,68,8.1137,31,1.8038,37,6.3099,32,67,8.3415
2024,2,2024_02_BUF_MIA,BUF,MIA,0,42,9.6901,19,11.1514,23,-1.4613,18,29,12.7031
2024,2,2024_02_BUF_MIA,MIA,BUF,1,75,-20.0047,41,-16.4038,34,-3.6009,33,53,-12.0498
2024,2,2024_02_CHI_HOU,CHI,HOU,0,66,-20.7002,44,-21.5614,22,0.8612,21,65,-23.4265
2024,2,2024_02_CHI_HOU,HOU,CHI,1,60,-8.9808,39,1.6089,21,-10.5896,21,54,-3.6297
2024,2,2024_02_CIN_KC,CIN,KC,0,61,2.7981,39,3.9209,22,-1.1229,32,61,2.7981
2024,2,2024_02_CIN_KC,KC,CIN,1,60,-5.077,28,-9.6685,32,4.5914,28,60,-5.077
2024,2,2024_02_CLE_JAX,CLE,JAX,0,65,1.452,36,1.246,29,0.2061,26,61,5.0859
2024,2,2024_02_CLE_JAX,JAX,CLE,1,54,-1.8356,33,-6.0182,21,4.1826,22,54,-1.8356
2024,2,2024_02_IND_GB,GB,IND,1,67,-0.1395,14,8.9868,53,-9.1263,24,54,0.7655
2024,2,2024_02_IND_GB,IND,GB,0,52,-4.9761,34,-8.036,18,3.0599,22,39,-11.0327
2024,2,2024_02_LAC_CAR,CAR,LAC,1,46,-22.5679,28,-22.0529,18,-0.515,11,27,-15.8823
2024,2,2024_02_LAC_CAR,LAC,CAR,0,62,6.9037,21,1.4337,41,5.4701,33,38,8.1323
2024,2,2024_02_LA_ARI,ARI,LA,1,62,21.5034,22,18.1011,40,3.4024,34,21,17.2558
2024,2,2024_02_LA_ARI,LA,ARI,0,52,-13.6782,32,-11.1596,20,-2.5186,23,28,-13.2829
2024,2,2024_02_LV_BAL,BAL,LV,1,61,-0.6615,34,0.9742,27,-1.6357,27,61,-0.6615
2024,2,2024_02_LV_BAL,LV,BAL,0,59,-9.7487,43,-2.4161,16,-7.3326,24,59,-9.7487
2024,2,2024_02_NO_DAL,DAL,NO,1,65,-11.1707,44,-10.6203,21,-0.5504,25,45,3.1874
2024,2,2024_02_NO_DAL,NO,DAL,0,53,24.4464,17,14.0258,36,10.4206,31,30,28.7541
2024,2,2024_02_NYG_WAS,NYG,WAS,0,53,5.2388,31,6.825,22,-1.5861,23,53,5.2388
2024,2,2024_02_NYG_WAS,WAS,NYG,1,67,10.4847,34,4.7078,33,5.7769,30,67,10.4847
2024,2,2024_02_NYJ_TEN,NYJ,TEN,0,55,1.9607,32,1.6538,23,0.3069,23,55,1.9607
2024,2,2024_02_NYJ_TEN,TEN,NYJ,1,60,-5.3725,32,-6.4454,28,1.0729,22,60,-5.3725
2024,2,2024_02_PIT_DEN,DEN,PIT,1,56,-13.6146,37,-8.6248,19,-4.9897,19,54,-13.599
2024,2,2024_02_PIT_DEN,PIT,DEN,0,58,-6.9964,22,2.2097,36,-9.2061,17,50,-3.0049
2024,2,2024_02_SEA_NE,NE,SEA,1,66,3.7247,30,-0.1701,36,3.8948,29,66,3.7247
2024,2,2024_02_SEA_NE,SEA,NE,0,64,1.4227,46,8.9756,18,-7.5529,30,64,1.4227
2024,2,2024_02_SF_MIN,MIN,SF,1,51,-2.1529,29,-7.0753,22,4.9224,25,46,0.4032
2024,2,2024_02_SF_MIN,SF,MIN,0,67,-4.9904,42,0.5646,25,-5.555,33,64,-7.0348
2024,2,2024_02_TB_DET,DET,TB,1,82,-5.6968,55,-10.0135,27,4.3168,35,82,-5.6968
2024,2,2024_02_TB_DET,TB,DET,0,46,-4.5989,24,-3.4362,22,-1.1627,17,46,-4.5989
2024,3,2024_03_BAL_DAL,BAL,DAL,0,58,21.6604,15,10.6709,43,10.9896,29,41,23.345
2024,3,2024_03_BAL_DAL,DAL,BAL,1,72,0.445,56,1.3269,16,-0.8819,26,45,-0.4037
2024,3,2024_03_CAR_LV,CAR,LV,0,69,13.9284,40,12.3548,29,1.5737,35,44,12.2853
2024,3,2024_03_CAR_LV,LV,CAR,1,60,-4.9837,44,1.2588,16,-6.2424,28,34,-10.568
2024,3,2024_03_CHI_IND,CHI,IND,0,84,-16.9323,56,-7.3103,28,-9.622,30,78,-23.4899
2024,3,2024_03_CHI_IND,IND,CHI,1,51,-10.8674,21,-10.293,30,-0.5744,18,51,-10.8674
2024,3,2024_03_DEN_TB,DEN,TB,0,63,5.3258,36,2.1159,27,3.21,33,47,5.7469
2024,3,2024_03_DEN_TB,TB,DEN,1,56,-21.0699,40,-23.0903,16,2.0205,25,39,-14.1126
2024,3,2024_03_DET_ARI,ARI,DET,1,53,-12.6355,35,-5.6319,18,-7.0036,22,53,-12.6355
2024,3,2024_03_DET_ARI,DET,ARI,0,66,2.9555,25,5.8692,41,-2.9137,37,62,5.1768
2024,3,2024_03_GB_TEN,GB,TEN,0,59,6.8486,22,3.5208,37,3.3278,23,41,11.7988
2024,3,2024_03_GB_TEN,TEN,GB,1,53,-19.4625,42,-16.9799,11,-2.4827,23,37,-15.0082
2024,3,2024_03_HOU_MIN,HOU,MIN,0,62,-13.563,48,-7.3179,14,-6.2451,19,32,-8.2333
2024,3,2024_03_HOU_MIN,MIN,HOU,1,59,6.4202,32,5.2526,27,1.1676,28,33,5.5418
2024,3,2024_03_JAX_BUF,BUF,JAX,1,59,26.3452,31,21.3812,28,4.964,29,34,20.6866
2024,3,2024_03_JAX_BUF,JAX,BUF,0,68,-16.5521,51,-26.1358,17,9.5837,25,21,-6.2244
2024,3,2024_03_KC_ATL,ATL,KC,1,55,-5.4731,31,2.7967,24,-8.2698,22,55,-5.4731
2024,3,2024_03_KC_ATL,KC,ATL,0,69,6.8646,39,2.4129,30,4.4517,41,69,6.8646
2024,3,2024_03_LAC_PIT,LAC,PIT,0,45,-7.4107,25,-2.0476,20,-5.3631,15,44,-6.0856
2024,3,2024_03_LAC_PIT,PIT,LAC,1,63,8.2912,34,8.2055,29,0.0858,29,55,3.8032
2024,3,2024_03_MIA_SEA,MIA,SEA,0,56,-24.1125,38,-17.3224,18,-6.79,19,50,-22.7103
2024,3,2024_03_MIA_SEA,SEA,MIA,1,58,-0.2692,37,-0.8127,21,0.5435,26,37,-7.192
2024,3,2024_03_NE_NYJ,NE,NYJ,0,48,-19.184,33,-16.3764,15,-2.8076,16,24,-8.4759
2024,3,2024_03_NE_NYJ,NYJ,NE,1,70,17.9519,37,18.2048,33,-0.2529,40,50,19.7382
2024,3,2024_03_NYG_CLE,CLE,NYG,1,63,-23.775,46,-19.519,17,-4.256,23,63,-23.775
2024,3,2024_03_NYG_CLE,NYG,CLE,0,66,2.9276,37,8.884,29,-5.9564,29,62,0.5649
2024,3,2024_03_PHI_NO,NO,PHI,1,55,-11.1357,27,0.5845,28,-11.7203,16,55,-11.1357
2024,3,2024_03_PHI_NO,PHI,NO,0,65,2.1066,42,-5.0486,23,7.1551,28,65,2.1066
2024,3,2024_03_SF_LA,LA,SF,1,55,6.5764,29,2.897,26,3.6793,24,55,6.5764
2024,3,2024_03_SF_LA,SF,LA,0,65,13.0204,31,14.3221,34,-1.3017,31,65,13.0204
2024,3,2024_03_WAS_CIN,CIN,WAS,1,61,22.4995,41,16.028,20,6.4716,34,55,20.0002
2024,3,2024_03_WAS_CIN,WAS,CIN,0,55,28.3437,25,21.6119,30,6.7318,33,55,28.3437
2024,4,2024_04_BUF_BAL,BAL,BUF,1,54,15.8581,20,7.7768,34,8.0814,27,35,18.472
2024,4,2024_04_BUF_BAL,BUF,BAL,0,57,-7.7303,34,-8.3186,23,0.5883,20,39,-2.8777
2024,4,2024_04_CIN_CAR,CAR,CIN,1,69,0.2544,41,0.0705,28,0.1839,33,64,0.7857
2024,4,2024_04_CIN_CAR,CIN,CAR,0,62,10.3635,31,8.9882,31,1.3754,27,58,13.0152
2024,4,2024_04_CLE_LV,CLE,LV,0,57,-6.7229,35,-6.9224,22,0.1995,21,57,-6.7229
2024,4,2024_04_CLE_LV,LV,CLE,1,53,-8.4454,26,-3.7752,27,-4.6703,21,53,-8.4454
2024,4,2024_04_DAL_NYG,DAL,NYG,0,50,10.3958,28,10.9523,22,-0.5565,27,48,9.569
2024,4,2024_04_DAL_NYG,NYG,DAL,1,64,-2.8762,41,4.4396,23,-7.3158,23,64,-2.8762
2024,4,2024_04_DEN_NYJ,DEN,NYJ,0,54,-15.3858,25,-15.8029,29,0.4172,17,54,-15.3858
2024,4,2024_04_DEN_NYJ,NYJ,DEN,1,70,-19.9367,47,-14.9456,23,-4.991,21,70,-19.9367
2024,4,2024_04_JAX_HOU,HOU,JAX,1,68,10.6726,42,14.3056,26,-3.633,32,68,10.6726
2024,4,2024_04_JAX_HOU,JAX,HOU,0,57,-0.7668,34,-1.3805,23,0.6137,25,55,-0.7855
2024,4,2024_04_KC_LAC,KC,LAC,0,55,-4.8394,32,-1.6065,23,-3.2329,26,55,-4.8394
2024,4,2024_04_KC_LAC,LAC,KC,1,53,-11.3434,29,-2.05,24,-9.2934,15,53,-11.3434
2024,4,2024_04_LA_CHI,CHI,LA,1,52,4.3295,26,2.0835,26,2.246,26,51,4.7961
2024,4,2024_04_LA_CHI,LA,CHI,0,58,2.2078,33,-2.2876,25,4.4954,30,58,2.2078
2024,4,2024_04_MIN_GB,GB,MIN,1,75,-9.3058,56,-9.019,19,-0.2868,30,31,-16.9582
2024,4,2024_04_MIN_GB,MIN,GB,0,61,2.0403,30,8.1268,31,-6.0866,31,35,19.0134
2024,4,2024_04_NE_SF,NE,SF,0,62,-29.5188,38,-15.7684,24,-13.7505,20,34,-16.7236
2024,4,2024_04_NE_SF,SF,NE,1,59,7.8794,28,6.955,31,0.9243,24,35,14.8437
2024,4,2024_04_NO_ATL,ATL,NO,1,51,1.0045,36,-1.0692,15,2.0737,21,51,1.0045
2024,4,2024_04_NO_ATL,NO,ATL,0,70,4.2104,37,-0.1087,33,4.3191,35,70,4.2104
2024,4,2024_04_PHI_TB,PHI,TB,0,55,-3.6213,36,-10.5924,19,6.9711,24,25,-4.6318
2024,4,2024_04_PHI_TB,TB,PHI,1,73,15.239,49,9.3531,24,5.8859,37,48,16.7889
2024,4,2024_04_PIT_IND,IND,PIT,1,63,7.1594,32,12.0359,31,-4.8765,26,63,7.1594
2024,4,2024_04_PIT_IND,PIT,IND,0,67,-3.9538,37,-2.3834,30,-1.5704,31,67,-3.9538
2024,4,2024_04_SEA_DET,DET,SEA,1,48,21.97,22,19.6225,26,2.3475,27,43,21.2699
2024,4,2024_04_SEA_DET,SEA,DET,0,79,6.8043,60,-0.03,19,6.8343,40,63,12.1912
2024,4,2024_04_TEN_MIA,MIA,TEN,1,55,-24.4102,25,-11.7627,30,-12.6475,15,42,-27.9293
2024,4,2024_04_TEN_MIA,TEN,MIA,0,61,-7.5051,21,-7.4195,40,-0.0856,21,47,-7.2839
2024,4,2024_04_WAS_ARI,ARI,WAS,1,58,-5.0002,26,-6.0341,32,1.0339,27,34,-6.9959
2024,4,2024_04_WAS_ARI,WAS,ARI,0,68,28.2668,31,14.1613,37,14.1055,40,45,17.1023
2024,5,2024_05_ARI_SF,ARI,SF,0,56,6.9201,31,-1.8273,25,8.7475,25,56,6.9201
2024,5,2024_05_ARI_SF,SF,ARI,1,63,-2.6315,37,-0.8968,26,-1.7347,27,63,-2.6315
2024,5,2024_05_BAL_CIN,BAL,CIN,0,76,22.0741,43,21.2482,33,0.8259,42,76,22.0741
2024,5,2024_05_BAL_CIN,CIN,BAL,1,66,17.5711,42,23.6111,24,-6.04,30,66,17.5711
2024,5,2024_05_BUF_HOU,BUF,HOU,0,59,-0.8884,31,-5.1319,28,4.2435,18,59,-0.8884
2024,5,2024_05_BUF_HOU,HOU,BUF,1,67,-3.8839,39,6.2263,28,-10.1102,26,67,-3.8839
2024,5,2024_05_CAR_CHI,CAR,CHI,0,58,-15.0784,39,-19.2606,19,4.1823,20,26,-8.7193
2024,5,2024_05_CAR_CHI,CHI,CAR,1,67,14.3623,31,14.1429,36,0.2194,30,40,15.4415
2024,5,2024_05_CLE_WAS,CLE,WAS,0,59,-18.0356,36,-14.2647,23,-3.7709,18,31,-16.5493
2024,5,2024_05_CLE_WAS,WAS,CLE,1,65,5.4923,31,-0.9224,34,6.4147,23,40,9.5077
2024,5,2024_05_DAL_PIT,DAL,PIT,0,75,8.4882,44,10.6773,31,-2.1892,36,75,8.4882
2024,5,2024_05_DAL_PIT,PIT,DAL,1,57,2.5892,31,-1.9768,26,4.566,28,57,2.5892
2024,5,2024_05_GB_LA,GB,LA,0,56,1.0525,28,-0.7491,28,1.8016,24,49,3.9135
2024,5,2024_05_GB_LA,LA,GB,1,77,-7.4798,48,-8.9556,29,1.4758,41,77,-7.4798
2024,5,2024_05_IND_JAX,IND,JAX,0,68,17.4674,49,12.8505,19,4.6168,30,66,12.4734
2024,5,2024_05_IND_JAX,JAX,IND,1,57,15.8804,34,13.4772,23,2.4032,24,57,15.8804
2024,5,2024_05_LV_DEN,DEN,LV,1,54,3.7299,29,2.4994,25,1.2305,26,46,1.6703
2024,5,2024_05_LV_DEN,LV,DEN,0,66,-13.1215,40,-15.7005,26,2.579,25,45,-11.2637
2024,5,2024_05_MIA_NE,MIA,NE,0,76,-5.6053,35,-3.4954,41,-2.1099,28,73,-5.0782
2024,5,2024_05_MIA_NE,NE,MIA,1,54,-4.4078,35,-8.7967,19,4.389,23,54,-4.4078
2024,5,2024_05_NO_KC,KC,NO,1,77,11.3416,41,2.9501,36,8.3915,45,68,10.8008
2024,5,2024_05_NO_KC,NO,KC,0,51,-5.0849,36,-2.6563,15,-2.4286,18,42,-2.5969
2024,5,2024_05_NYG_SEA,NYG,SEA,0,70,0.9105,37,7.5902,33,-6.6797,34,67,3.4521
2024,5,2024_05_NYG_SEA,SEA,NYG,1,58,-5.5345,47,-9.624,11,4.0894,28,54,-3.0553
2024,5,2024_05_NYJ_MIN,MIN,NYJ,1,64,-17.7104,36,-9.4367,28,-8.2738,23,64,-17.7104
2024,5,2024_05_NYJ_MIN,NYJ,MIN,0,71,-23.8275,57,-16.1563,14,-7.6712,25,71,-23.8275
2024,5,2024_05_TB_ATL,ATL,TB,1,79,18.3443,61,21.7095,18,-3.3652,37,79,18.3443
2024,5,2024_05_TB_ATL,TB,ATL,0,50,8.6612,25,9.3876,25,-0.7264,25,50,8.6612
2024,6,2024_06_ARI_GB,ARI,GB,0,55,-6.8487,32,-1.6989,23,-5.1499,25,30,-3.1396
2024,6,2024_06_ARI_GB,GB,ARI,1,68,19.4652,32,14.8547,36,4.6106,36,46,15.7887
2024,6,2024_06_ATL_CAR,ATL,CAR,0,65,18.1839,30,6.962,35,11.2219,34,57,16.161
2024,6,2024_06_ATL_CAR,CAR,ATL,1,62,-6.1096,38,-4.9068,24,-1.2028,25,55,3.5542
2024,6,2024_06_BUF_NYJ,BUF,NYJ,0,57,16.0788,27,10.8479,30,5.2309,31,57,16.0788
2024,6,2024_06_BUF_NYJ,NYJ,BUF,1,59,11.1338,38,11.1571,21,-0.0232,22,59,11.1338
2024,6,2024_06_CIN_NYG,CIN,NYG,0,50,1.6707,32,-0.5127,18,2.1834,22,50,1.6707
2024,6,2024_06_CIN_NYG,NYG,CIN,1,71,-9.7579,41,-13.6699,30,3.9119,33,66,-10.8401
2024,6,2024_06_CLE_PHI,CLE,PHI,0,53,-1.0852,28,1.516,25,-2.6012,19,53,-1.0852
2024,6,2024_06_CLE_PHI,PHI,CLE,1,58,9.934,26,7.1437,32,2.7903,29,58,9.934
2024,6,2024_06_DET_DAL,DAL,DET,1,65,-35.4814,48,-32.7282,17,-2.7531,19,27,-14.1599
2024,6,2024_06_DET_DAL,DET,DAL,0,64,23.9306,30,16.2058,34,7.7248,30,33,14.3309
2024,6,2024_06_HOU_NE,HOU,NE,0,61,7.0502,34,1.8557,27,5.1945,24,45,5.1993
2024,6,2024_06_HOU_NE,NE,HOU,1,63,-19.2854,37,-15.033,26,-4.2524,24,33,-25.7123
2024,6,2024_06_IND_TEN,IND,TEN,0,66,-6.2643,38,1.5734,28,-7.8377,22,66,-6.2643
2024,6,2024_06_IND_TEN,TEN,IND,1,55,-1.4264,27,-5.6849,28,4.2585,21,54,-1.4946
2024,6,2024_06_JAX_CHI,CHI,JAX,1,58,16.9794,32,14.273,26,2.7063,29,46,12.6694
2024,6,2024_06_JAX_CHI,JAX,CHI,0,60,-0.3929,41,0.7782,19,-1.1711,24,36,1.5772
2024,6,2024_06_LAC_DEN,DEN,LAC,1,54,-3.3052,36,-3.4613,18,0.1561,23,24,-12.5266
2024,6,2024_06_LAC_DEN,LAC,DEN,0,72,6.1591,37,8.1157,35,-1.9567,31,45,13.6355
2024,6,2024_06_PIT_LV,LV,PIT,1,61,-14.8823,42,-3.8166,19,-11.0656,27,43,-9.7657
2024,6,2024_06_PIT_LV,PIT,LV,0,61,5.9216,28,-0.4327,33,6.3542,25,45,4.6275
2024,6,2024_06_SF_SEA,SEA,SF,1,72,0.9819,52,4.4433,20,-3.4614,29,58,-7.121
2024,6,2024_06_SF_SEA,SF,SEA,0,61,20.7703,28,11.726,33,9.0443,32,57,15.2895
2024,6,2024_06_TB_NO,NO,TB,1,66,-27.12,45,-22.9076,21,-4.2124,24,53,-21.6689
2024,6,2024_06_TB_NO,TB,NO,0,73,16.0863,38,3.2093,35,12.877,40,62,11.2927
2024,6,2024_06_WAS_BAL,BAL,WAS,1,63,10.6586,28,11.0016,35,-0.343,32,60,10.772
2024,6,2024_06_WAS_BAL,WAS,BAL,0,56,5.7297,38,9.4931,18,-3.7634,25,55,6.1968
2024,7,2024_07_BAL_TB,BAL,TB,0,54,25.495,24,25.117,30,0.378,28,33,20.1828
2024,7,2024_07_BAL_TB,TB,BAL,1,79,9.7102,50,12.246,29,-2.5359,39,43,-0.4239
2024,7,2024_07_CAR_WAS,CAR,WAS,0,42,-19.9078,20,-18.3261,22,-1.5817,18,26,-20.2162
2024,7,2024_07_CAR_WAS,WAS,CAR,1,61,16.4228,26,10.5921,35,5.8307,34,18,2.4209
2024,7,2024_07_CIN_CLE,CIN,CLE,0,50,-9.7308,28,-1.7719,22,-7.9589,15,36,-5.3028
2024,7,2024_07_CIN_CLE,CLE,CIN,1,77,-11.9098,57,-11.9612,20,0.0515,29,53,-11.8553
2024,7,2024_07_DEN_NO,DEN,NO,0,59,7.3559,26,1.1637,33,6.1921,33,48,10.6529
2024,7,2024_07_DEN_NO,NO,DEN,1,65,-23.1789,45,-24.3663,20,1.1874,25,29,-11.242
2024,7,2024_07_DET_MIN,DET,MIN,0,54,7.0704,29,14.9179,25,-7.8475,23,54,7.0704
2024,7,2024_07_DET_MIN,MIN,DET,1,53,2.8262,32,-0.767,21,3.5932,19,53,2.8262
2024,7,2024_07_HOU_GB,GB,HOU,1,56,-4.38,36,-0.6216,20,-3.7584,21,56,-4.38
2024,7,2024_07_HOU_GB,HOU,GB,0,58,-10.1874,25,-11.3635,33,1.1761,21,58,-10.1874
2024,7,2024_07_KC_SF,KC,SF,0,66,1.4359,29,-5.7232,37,7.1592,33,58,-3.7865
2024,7,2024_07_KC_SF,SF,KC,1,57,-10.259,33,-10.6954,24,0.4364,24,48,-14.7828
2024,7,2024_07_LAC_ARI,ARI,LAC,1,53,1.9033,26,-0.3421,27,2.2454,26,53,1.9033
2024,7,2024_07_LAC_ARI,LAC,ARI,0,63,3.1165,41,5.6611,22,-2.5447,27,63,3.1165
2024,7,2024_07_LV_LA,LA,LV,1,50,-14.3861,24,-7.2529,26,-7.1332,21,50,-14.3861
2024,7,2024_07_LV_LA,LV,LA,0,75,-25.538,46,-24.2965,29,-1.2415,25,75,-25.538
2024,7,2024_07_MIA_IND,IND,MIA,1,60,-11.676,24,-5.3293,36,-6.3467,21,60,-11.676
2024,7,2024_07_MIA_IND,MIA,IND,0,67,-17.2346,27,-2.2504,40,-14.9842,29,67,-17.2346
2024,7,2024_07_NE_JAX,JAX,NE,1,60,14.4564,21,11.1889,39,3.2675,32,36,14.1459
2024,7,2024_07_NE_JAX,NE,JAX,0,55,4.0635,40,6.8638,15,-2.8003,18,40,-1.3289
2024,7,2024_07_NYJ_PIT,NYJ,PIT,0,56,-1.3041,41,0.0847,15,-1.3888,25,46,-0.2305
2024,7,2024_07_NYJ_PIT,PIT,NYJ,1,66,10.3384,30,8.7613,36,1.577,25,53,4.4624
2024,7,2024_07_PHI_NYG,NYG,PHI,1,54,-23.0372,36,-22.2656,18,-0.7715,16,40,-14.1921
2024,7,2024_07_PHI_NYG,PHI,NYG,0,64,9.3785,20,-3.7485,44,13.1271,26,42,7.4857
2024,7,2024_07_SEA_ATL,ATL,SEA,1,70,-6.914,39,-8.0534,31,1.1395,37,52,-0.0089
2024,7,2024_07_SEA_ATL,SEA,ATL,0,56,6.3354,30,9.3738,26,-3.0384,22,47,9.933
2024,7,2024_07_TEN_BUF,BUF,TEN,1,54,11.8599,34,12.8519,20,-0.992,24,40,3.7869
2024,7,2024_07_TEN_BUF,TEN,BUF,0,66,-14.7658,42,-3.6496,24,-11.1162,24,51,-12.1997
2024,8,2024_08_ARI_MIA,ARI,MIA,0,62,17.2756,36,18.3335,26,-1.058,33,62,17.2756
2024,8,2024_08_ARI_MIA,MIA,ARI,1,64,12.344,39,8.732,25,3.612,32,64,12.344
2024,8,2024_08_ATL_TB,ATL,TB,0,60,15.599,31,15.1421,29,0.4569,32,56,19.851
2024,8,2024_08_ATL_TB,TB,ATL,1,70,6.1461,49,8.8517,21,-2.7055,36,70,6.1461
2024,8,2024_08_BAL_CLE,BAL,CLE,0,60,5.8311,39,7.7688,21,-1.9377,30,60,5.8311
2024,8,2024_08_BAL_CLE,CLE,BAL,1,67,8.8246,44,11.8996,23,-3.075,32,67,8.8246
2024,8,2024_08_BUF_SEA,BUF,SEA,0,66,20.7131,35,12.4954,31,8.2177,36,49,15.758
2024,8,2024_08_BUF_SEA,SEA,BUF,1,46,-9.729,30,1.1531,16,-10.8821,21,28,-12.7775
2024,8,2024_08_CAR_DEN,CAR,DEN,0,60,-8.7394,40,-5.4848,20,-3.2546,24,32,-9.2162
2024,8,2024_08_CAR_DEN,DEN,CAR,1,71,2.5113,41,3.9343,30,-1.4231,31,46,6.9019
2024,8,2024_08_CHI_WAS,CHI,WAS,0,61,-7.8943,28,-8.2847,33,0.3905,26,61,-7.8943
2024,8,2024_08_CHI_WAS,WAS,CHI,1,72,5.404,40,6.4381,32,-1.0341,32,72,5.404
2024,8,2024_08_DAL_SF,DAL,SF,0,58,-1.0425,40,0.9262,18,-1.9686,24,42,-5.1398
2024,8,2024_08_DAL_SF,SF,DAL,1,63,15.8432,28,7.322,35,8.5212,33,53,12.4976
2024,8,2024_08_GB_JAX,GB,JAX,0,64,7.0153,28,6.0284,36,0.9869,29,64,7.0153
2024,8,2024_08_GB_JAX,JAX,GB,1,56,3.4297,33,5.369,23,-1.9393,27,56,3.4297
2024,8,2024_08_IND_HOU,HOU,IND,1,68,-4.7207,39,5.5037,29,-10.2244,28,68,-4.7207
2024,8,2024_08_IND_HOU,IND,HOU,0,61,-5.655,36,-8.0757,25,2.4207,18,61,-5.655
2024,8,2024_08_KC_LV,KC,LV,0,64,11.2075,38,10.5888,26,0.6187,35,62,9.5922
2024,8,2024_08_KC_LV,LV,KC,1,53,-3.0662,33,6.8462,20,-9.9124,26,42,-10.2328
2024,8,2024_08_MIN_LA,LA,MIN,1,63,11.7492,34,15.8903,29,-4.141,30,59,13.6078
2024,8,2024_08_MIN_LA,MIN,LA,0,49,5.2914,28,8.4682,21,-3.1768,22,47,7.5772
2024,8,2024_08_NO_LAC,LAC,NO,1,63,-0.1321,35,2.1494,28,-2.2815,20,54,-5.3558
2024,8,2024_08_NO_LAC,NO,LAC,0,68,-13.5528,47,-10.843,21,-2.7098,22,57,-10.9874
2024,8,2024_08_NYG_PIT,NYG,PIT,0,68,2.9576,43,-1.2034,25,4.1611,28,63,-1.0448
2024,8,2024_08_NYG_PIT,PIT,NYG,1,61,5.127,31,3.7648,30,1.3622,28,54,11.1974
2024,8,2024_08_NYJ_NE,NE,NYJ,1,64,2.3617,33,-0.0581,31,2.4199,26,64,2.3617
2024,8,2024_08_NYJ_NE,NYJ,NE,0,58,5.8123,30,4.2157,28,1.5966,28,58,5.8123
2024,8,2024_08_PHI_CIN,CIN,PHI,1,57,-0.0531,38,2.4057,19,-2.4589,23,53,4.8658
2024,8,2024_08_PHI_CIN,PHI,CIN,0,59,19.9383,20,14.4046,39,5.5338,29,48,17.055
2024,8,2024_08_TEN_DET,DET,TEN,1,47,1.1839,23,-4.3778,24,5.5618,21,23,4.4232
2024,8,2024_08_TEN_DET,TEN,DET,0,71,-20.619,39,-17.1266,32,-3.4924,30,40,-5.771
2024,9,2024_09_CHI_ARI,ARI,CHI,1,57,-3.9612,23,-7.3006,34,3.3395,24,42,5.3907
2024,9,2024_09_CHI_ARI,CHI,ARI,0,69,-15.7372,47,-10.9119,22,-4.8252,20,48,-7.8321
2024,9,2024_09_DAL_ATL,ATL,DAL,1,54,5.8857,27,7.4543,27,-1.5687,26,47,11.2026
2024,9,2024_09_DAL_ATL,DAL,ATL,0,74,-0.4722,53,-4.9882,21,4.516,32,50,-3.6986
2024,9,2024_09_DEN_BAL,BAL,DEN,1,53,22.0255,20,19.339,33,2.6865,28,31,15.9897
2024,9,2024_09_DEN_BAL,DEN,BAL,0,67,-10.7751,38,-7.5623,29,-3.2127,21,42,-1.2802
2024,9,2024_09_DET_GB,DET,GB,0,52,6.585,23,5.943,29,0.642,23,35,10.6739
2024,9,2024_09_DET_GB,GB,DET,1,63,-0.9897,40,-3.0813,23,2.0915,29,33,-7.6611
2024,9,2024_09_HOU_NYJ,HOU,NYJ,0,74,-5.5735,39,-14.1638,35,8.5903,25,62,-8.6117
2024,9,2024_09_HOU_NYJ,NYJ,HOU,1,54,2.5687,34,8.6055,20,-6.0369,21,54,2.5687
2024,9,2024_09_IND_MIN,IND,MIN,0,48,-15.6584,30,-8.7754,18,-6.8831,17,43,-14.1917
2024,9,2024_09_IND_MIN,MIN,IND,1,70,-2.9462,39,-3.1344,31,0.1882,35,70,-2.9462
2024,9,2024_09_JAX_PHI,JAX,PHI,0,52,-9.2878,35,-8.7853,17,-0.5025,18,40,-19.1718
2024,9,2024_09_JAX_PHI,PHI,JAX,1,73,1.381,28,4.1837,45,-2.8027,32,68,0.3712
2024,9,2024_09_LAC_CLE,CLE,LAC,1,76,-20.58,52,-20.9643,24,0.3844,29,49,-18.0242
2024,9,2024_09_LAC_CLE,LAC,CLE,0,54,1.7006,33,1.3242,21,0.3764,16,37,4.1847
2024,9,2024_09_LA_SEA,LA,SEA,0,68,-1.8851,44,3.8734,24,-5.7586,28,68,-1.8851
2024,9,2024_09_LA_SEA,SEA,LA,1,73,-18.1431,41,-5.4653,32,-12.6778,29,73,-18.1431
2024,9,2024_09_LV_CIN,CIN,LV,1,69,6.1133,40,7.0167,29,-0.9034,37,41,19.0324
2024,9,2024_09_LV_CIN,LV,CIN,0,59,-16.7885,38,-9.5877,21,-7.2007,20,41,-5.4556
2024,9,2024_09_MIA_BUF,BUF,MIA,1,59,9.813,40,9.0806,19,0.7324,31,59,9.813
2024,9,2024_09_MIA_BUF,MIA,BUF,0,59,18.0285,29,17.5443,30,0.4842,34,59,18.0285
2024,9,2024_09_NE_TEN,NE,TEN,0,64,-5.6762,44,-11.0484,20,5.3722,28,64,-5.6762
2024,9,2024_09_NE_TEN,TEN,NE,1,73,0.8137,34,5.1748,39,-4.3612,31,73,0.8137
2024,9,2024_09_NO_CAR,CAR,NO,1,49,-0.3849,28,-0.559,21,0.1741,19,49,-0.3849
2024,9,2024_09_NO_CAR,NO,CAR,0,75,9.619,34,2.2607,41,7.3584,34,75,9.619
2024,9,2024_09_TB_KC,KC,TB,1,83,11.6493,48,12.4305,35,-0.7812,40,83,11.6493
2024,9,2024_09_TB_KC,TB,KC,0,52,9.8563,33,7.6389,19,2.2174,22,52,9.8563
2024,9,2024_09_WAS_NYG,NYG,WAS,1,61,6.4055,30,-1.968,31,8.3735,28,60,5.7211
2024,9,2024_09_WAS_NYG,WAS,NYG,0,57,17.7601,22,9.8097,35,7.9503,31,48,16.1874
2024,10,2024_10_ATL_NO,ATL,NO,0,73,5.3829,41,-1.2454,32,6.6284,38,73,5.3829
2024,10,2024_10_ATL_NO,NO,ATL,1,51,0.1965,25,6.2229,26,-6.0264,19,51,0.1965
2024,10,2024_10_BUF_IND,BUF,IND,0,69,1.3793,39,-6.4635,30,7.8428,32,61,-2.2378
2024,10,2024_10_BUF_IND,IND,BUF,1,61,-15.327,39,-12.4512,22,-2.8759,25,51,-21.2544
2024,10,2024_10_CIN_BAL,BAL,CIN,1,58,18.6789,33,19.6599,25,-0.981,29,58,18.6789
2024,10,2024_10_CIN_BAL,CIN,BAL,0,76,7.5548,60,12.2342,16,-4.6794,34,76,7.5548
2024,10,2024_10_DEN_KC,DEN,KC,0,55,4.006,32,7.6963,23,-3.6904,23,55,4.006
2024,10,2024_10_DEN_KC,KC,DEN,1,65,0.2097,46,3.878,19,-3.6683,23,65,0.2097
2024,10,2024_10_DET_HOU,DET,HOU,0,63,-7.4547,30,-1.8688,33,-5.5859,25,63,-7.4547
2024,10,2024_10_DET_HOU,HOU,DET,1,65,-14.7279,37,-5.8745,28,-8.8534,21,65,-14.7279
2024,10,2024_10_MIA_LA,LA,MIA,1,67,-16.3321,49,-7.4552,18,-8.8769,30,56,-18.4472
2024,10,2024_10_MIA_LA,MIA,LA,0,52,-6.2763,31,-1.5313,21,-4.7451,20,48,-5.7216
2024,10,2024_10_MIN_JAX,JAX,MIN,1,43,-14.5797,25,-8.9977,18,-5.582,13,43,-14.5797
2024,10,2024_10_MIN_JAX,MIN,JAX,0,80,-0.2844,39,-2.4224,41,2.138,38,80,-0.2844
2024,10,2024_10_NE_CHI,CHI,NE,1,59,-23.71,39,-22.3575,20,-1.3525,19,46,-18.045
2024,10,2024_10_NE_CHI,NE,CHI,0,60,0.2989,26,-1.3342,34,1.6332,26,51,1.9927
2024,10,2024_10_NYG_CAR,CAR,NYG,1,58,-0.9971,26,-6.8415,32,5.8444,25,58,-0.9971
2024,10,2024_10_NYG_CAR,NYG,CAR,0,71,-8.8027,38,-10.3681,33,1.5654,36,71,-8.8027
2024,10,2024_10_NYJ_ARI,ARI,NYJ,1,56,21.0014,25,17.9806,31,3.0209,33,35,16.246
2024,10,2024_10_NYJ_ARI,NYJ,ARI,0,55,-8.6485,38,-10.8933,17,2.2448,25,34,-5.6452
2024,10,2024_10_PHI_DAL,DAL,PHI,1,56,-39.6815,32,-28.3595,24,-11.322,17,40,-23.1394
2024,10,2024_10_PHI_DAL,PHI,DAL,0,64,-3.2075,27,-6.1199,37,2.9125,30,41,-0.168
2024,10,2024_10_PIT_WAS,PIT,WAS,0,72,-1.6308,32,4.6517,40,-6.2825,26,72,-1.6308
2024,10,2024_10_PIT_WAS,WAS,PIT,1,59,-8.0511,37,-9.262,22,1.2109,25,59,-8.0511
2024,10,2024_10_SF_TB,SF,TB,0,59,14.1666,38,16.8254,21,-2.6588,31,59,14.1666
2024,10,2024_10_SF_TB,TB,SF,1,58,-3.2322,31,-1.5207,27,-1.7114,23,58,-3.2322
2024,10,2024_10_TEN_LAC,LAC,TEN,1,55,11.1156,18,9.6689,37,1.4467,27,48,12.2783
2024,10,2024_10_TEN_LAC,TEN,LAC,0,51,5.9615,30,1.3635,21,4.598,23,37,3.1029
2024,11,2024_11_ATL_DEN,ATL,DEN,0,55,-15.065,34,-5.314,21,-9.7509,20,30,-1.7079
2024,11,2024_11_ATL_DEN,DEN,ATL,1,60,22.6317,34,22.7214,26,-0.0897,32,37,19.7217
2024,11,2024_11_BAL_PIT,BAL,PIT,0,54,-5.7242,36,-6.4498,18,0.7256,22,54,-5.7242
2024,11,2024_11_BAL_PIT,PIT,BAL,1,72,-18.0522,40,-11.5912,32,-6.461,23,72,-18.0522
2024,11,2024_11_CIN_LAC,CIN,LAC,0,78,8.05,53,6.4362,25,1.6138,29,74,1.5718
2024,11,2024_11_CIN_LAC,LAC,CIN,1,62,2.9146,37,2.2899,25,0.6247,26,55,8.4714
2024,11,2024_11_CLE_NO,CLE,NO,0,71,2.1454,51,9.0084,20,-6.8631,27,58,6.4893
2024,11,2024_11_CLE_NO,NO,CLE,1,56,17.4332,30,5.1014,26,12.3317,28,52,10.7857
2024,11,2024_11_GB_CHI,CHI,GB,1,69,13.8285,35,3.1933,34,10.6351,35,69,13.8285
2024,11,2024_11_GB_CHI,GB,CHI,0,43,11.4591,18,13.0757,25,-1.6167,22,43,11.4591
2024,11,2024_11_HOU_DAL,DAL,HOU,1,79,-24.1224,61,-16.3893,18,-7.7331,28,57,-16.6367
2024,11,2024_11_HOU_DAL,HOU,DAL,0,60,11.6302,35,6.418,25,5.2122,26,50,9.7046
2024,11,2024_11_IND_NYJ,IND,NYJ,0,69,1.2655,33,8.6907,36,-7.4252,27,69,1.2655
2024,11,2024_11_IND_NYJ,NYJ,IND,1,52,-5.2526,32,-0.4482,20,-4.8044,18,52,-5.2526
2024,11,2024_11_JAX_DET,DET,JAX,1,74,42.1076,33,36.5998,41,5.5078,50,31,19.1031
2024,11,2024_11_JAX_DET,JAX,DET,0,47,-17.4695,30,-11.8685,17,-5.601,14,19,-7.6702
2024,11,2024_11_KC_BUF,BUF,KC,1,69,7.2335,40,5.9618,29,1.2718,30,69,7.2335
2024,11,2024_11_KC_BUF,KC,BUF,0,52,6.135,35,5.5998,17,0.5352,27,48,7.1645
2024,11,2024_11_LA_NE,LA,NE,0,48,19.3747,27,16.0018,21,3.3729,25,48,19.3747
2024,11,2024_11_LA_NE,NE,LA,1,72,7.3486,42,11.094,30,-3.7454,37,72,7.3486
2024,11,2024_11_LV_MIA,LV,MIA,0,63,4.9958,46,4.9227,17,0.0731,27,50,5.5071
2024,11,2024_11_LV_MIA,MIA,LV,1,63,19.813,37,24.5388,26,-4.7258,32,60,20.9817
2024,11,2024_11_MIN_TEN,MIN,TEN,0,66,-3.5352,34,7.447,32,-10.9822,25,56,2.2855
2024,11,2024_11_MIN_TEN,TEN,MIN,1,55,-7.8434,36,1.8665,19,-9.7099,15,52,-3.1508
2024,11,2024_11_SEA_SF,SEA,SF,0,59,0.2041,36,-0.7549,23,0.959,28,59,0.2041
2024,11,2024_11_SEA_SF,SF,SEA,1,57,5.8687,30,0.767,27,5.1016,27,57,5.8687
2024,11,2024_11_WAS_PHI,PHI,WAS,1,69,13.8685,30,0.8737,39,12.9948,32,67,9.6962
2024,11,2024_11_WAS_PHI,WAS,PHI,0,64,-7.5166,36,1.3963,28,-8.9129,28,48,-13.1129
2024,12,2024_12_ARI_SEA,ARI,SEA,0,56,-10.3436,42,-5.3124,14,-5.0312,20,49,-12.1021
2024,12,2024_12_ARI_SEA,SEA,ARI,1,59,-3.8622,36,2.1307,23,-5.9929,23,59,-3.8622
2024,12,2024_12_BAL_LAC,BAL,LAC,0,59,19.1845,24,8.1234,35,11.0611,27,53,19.4634
2024,12,2024_12_BAL_LAC,LAC,BAL,1,60,0.4535,40,-1.8392,20,2.2927,25,48,1.3943
2024,12,2024_12_DAL_WAS,DAL,WAS,0,61,-3.3691,33,8.5396,28,-11.9087,28,58,-1.0608
2024,12,2024_12_DAL_WAS,WAS,DAL,1,67,-1.9563,41,-9.6778,26,7.7215,27,61,-10.9353
2024,12,2024_12_DEN_LV,DEN,LV,0,65,2.5363,43,8.3375,22,-5.8013,26,62,4.4935
2024,12,2024_12_DEN_LV,LV,DEN,1,73,-15.482,57,-14.1246,16,-1.3574,29,66,-20.6143
2024,12,2024_12_DET_IND,DET,IND,0,71,10.9039,39,9.3112,32,1.5927,37,51,12.9852
2024,12,2024_12_DET_IND,IND,DET,1,48,-6.84,28,-2.5916,20,-4.2484,16,36,0.8653
2024,12,2024_12_KC_CAR,CAR,KC,1,59,11.3915,37,6.349,22,5.0425,28,59,11.3915
2024,12,2024_12_KC_CAR,KC,CAR,0,68,19.1875,42,9.1692,26,10.0182,38,68,19.1875
2024,12,2024_12_MIN_CHI,CHI,MIN,1,74,4.4607,52,3.4597,22,1.001,32,65,-2.2991
2024,12,2024_12_MIN_CHI,MIN,CHI,0,65,4.6558,38,12.4509,27,-7.795,30,56,9.2703
2024,12,2024_12_NE_MIA,MIA,NE,1,63,0.1367,42,13.0618,21,-12.9251,29,30,11.3299
2024,12,2024_12_NE_MIA,NE,MIA,0,63,-12.3941,43,-12.6691,20,0.2751,25,20,-1.1416
2024,12,2024_12_PHI_LA,LA,PHI,1,60,-1.0819,42,4.1466,18,-5.2286,28,42,-4.9193
2024,12,2024_12_PHI_LA,PHI,LA,0,66,22.4433,23,7.4715,43,14.9719,33,49,16.3534
2024,12,2024_12_PIT_CLE,CLE,PIT,1,57,0.2979,30,-5.8082,27,6.106,28,57,0.2979
2024,12,2024_12_PIT_CLE,PIT,CLE,0,68,-2.4965,34,6.6914,34,-9.188,25,68,-2.4965
2024,12,2024_12_SF_GB,GB,SF,1,67,8.3885,25,6.6313,42,1.7573,32,46,8.3031
2024,12,2024_12_SF_GB,SF,GB,0,46,-19.3506,31,-15.786,15,-3.5646,14,35,-4.2894
2024,12,2024_12_TB_NYG,NYG,TB,1,55,-13.8945,36,-6.5515,19,-7.343,21,21,-15.677
2024,12,2024_12_TB_NYG,TB,NYG,0,62,16.2711,30,16.7159,32,-0.4448,31,39,17.6717
2024,12,2024_12_TEN_HOU,HOU,TEN,1,54,-12.2576,37,-6.3654,17,-5.8922,18,54,-12.2576
2024,12,2024_12_TEN_HOU,TEN,HOU,0,64,-6.1677,33,-2.409,31,-3.7587,24,64,-6.1677
2024,13,2024_13_ARI_MIN,ARI,MIN,0,76,2.7769,45,0.7464,31,2.0305,36,76,2.7769
2024,13,2024_13_ARI_MIN,MIN,ARI,1,50,-3.2913,36,-4.4586,14,1.1673,26,50,-3.2913
2024,13,2024_13_CHI_DET,CHI,DET,0,59,-0.5458,44,-1.2646,15,0.7188,23,59,-0.5458
2024,13,2024_13_CHI_DET,DET,CHI,1,69,5.1028,36,1.004,33,4.0988,32,68,6.9242
2024,13,2024_13_CLE_DEN,CLE,DEN,0,85,-5.1993,62,-2.3393,23,-2.8601,34,79,-6.9238
2024,13,2024_13_CLE_DEN,DEN,CLE,1,59,4.0663,35,3.2979,24,0.7685,25,59,4.0663
2024,13,2024_13_HOU_JAX,HOU,JAX,0,58,4.254,36,2.8302,22,1.4238,23,55,5.6032
2024,13,2024_13_HOU_JAX,JAX,HOU,1,69,5.7974,44,9.2229,25,-3.4255,28,56,0.8192
2024,13,2024_13_IND_NE,IND,NE,0,58,5.2451,24,-1.4226,34,6.6677,31,58,5.2451
2024,13,2024_13_IND_NE,NE,IND,1,66,12.2,35,7.794,31,4.406,35,66,12.2
2024,13,2024_13_LAC_ATL,ATL,LAC,1,77,-18.3083,40,-11.6336,37,-6.6748,32,77,-18.3083
2024,13,2024_13_LAC_ATL,LAC,ATL,0,44,-12.5948,30,-7.9048,14,-4.69,14,44,-12.5948
2024,13,2024_13_LA_NO,LA,NO,0,53,6.7195,26,0.299,27,6.4205,26,52,7.1249
2024,13,2024_13_LA_NO,NO,LA,1,69,-3.9148,38,-1.6041,31,-2.3107,27,69,-3.9148
2024,13,2024_13_LV_KC,KC,LV,1,65,-2.8019,50,1.2064,15,-4.0083,22,65,-2.8019
2024,13,2024_13_LV_KC,LV,KC,0,62,4.8625,37,9.2665,25,-4.404,27,62,4.8625
2024,13,2024_13_MIA_GB,GB,MIA,1,53,11.1832,28,12.6674,25,-1.4841,25,29,10.1624
2024,13,2024_13_MIA_GB,MIA,GB,0,67,5.6937,53,11.9431,14,-6.2495,34,33,-2.1643
2024,13,2024_13_NYG_DAL,DAL,NYG,1,66,-9.3358,36,-2.7194,30,-6.6164,23,52,-4.477
2024,13,2024_13_NYG_DAL,NYG,DAL,0,59,-13.4794,38,-20.7709,21,7.2915,23,44,-18.581
2024,13,2024_13_PHI_BAL,BAL,PHI,1,71,-0.1252,39,-0.9727,32,0.8474,28,64,-6.4762
2024,13,2024_13_PHI_BAL,PHI,BAL,0,52,2.3432,21,-1.5674,31,3.9105,23,42,3.4517
2024,13,2024_13_PIT_CIN,CIN,PIT,1,57,-0.0281,42,-1.1945,15,1.1664,30,47,-6.8597
2024,13,2024_13_PIT_CIN,PIT,CIN,0,64,17.6725,40,15.5157,24,2.1568,37,55,21.3605
2024,13,2024_13_SEA_NYJ,NYJ,SEA,1,62,-16.7499,41,-14.039,21,-2.7109,23,62,-16.7499
2024,13,2024_13_SEA_NYJ,SEA,NYJ,0,56,-0.894,34,-1.5587,22,0.6647,19,56,-0.894
2024,13,2024_13_SF_BUF,BUF,SF,1,53,18.3276,18,7.3189,35,11.0087,28,26,14.6876
2024,13,2024_13_SF_BUF,SF,BUF,0,46,-11.3671,19,-6.4783,27,-4.8888,15,31,-5.2205
2024,13,2024_13_TB_CAR,CAR,TB,1,68,0.1421,47,4.5183,21,-4.3762,33,68,0.1421
2024,13,2024_13_TB_CAR,TB,CAR,0,76,-2.3485,38,-8.1211,38,5.7726,34,76,-2.3485
2024,13,2024_13_TEN_WAS,TEN,WAS,0,51,-5.179,40,1.9232,11,-7.1023,15,21,-11.589
2024,13,2024_13_TEN_WAS,WAS,TEN,1,76,22.2159,32,10.1279,44,12.088,45,17,12.8737
2024,14,2024_14_ATL_MIN,ATL,MIN,0,71,7.093,38,0.7158,33,6.3773,39,58,6.7568
2024,14,2024_14_ATL_MIN,MIN,ATL,1,53,24.2543,32,23.6048,21,0.6494,27,46,17.5295
2024,14,2024_14_BUF_LA,BUF,LA,0,54,24.1673,37,16.8236,17,7.3437,27,43,9.7036
2024,14,2024_14_BUF_LA,LA,BUF,1,72,20.5657,30,24.5641,42,-3.9984,37,69,22.3382
2024,14,2024_14_CAR_PHI,CAR,PHI,0,68,1.2949,35,2.7833,33,-1.4884,26,68,1.2949
2024,14,2024_14_CAR_PHI,PHI,CAR,1,56,7.9733,25,-1.7948,31,9.7681,27,56,7.9733
2024,14,2024_14_CHI_SF,CHI,SF,0,53,-8.1997,32,-7.1314,21,-1.0683,21,14,-10.4083
2024,14,2024_14_CHI_SF,SF,CHI,1,60,24.4204,27,21.0942,33,3.3262,30,30,17.7322
2024,14,2024_14_CIN_DAL,CIN,DAL,0,63,9.8658,46,10.5753,17,-0.7095,33,63,9.8658
2024,14,2024_14_CIN_DAL,DAL,CIN,1,59,-0.9725,34,-5.9636,25,4.991,26,58,0.3023
2024,14,2024_14_CLE_PIT,CLE,PIT,0,69,-11.1924,44,-10.0374,25,-1.155,27,44,-19.2635
2024,14,2024_14_CLE_PIT,PIT,CLE,1,60,-6.3256,27,-0.5608,33,-5.7648,22,43,-1.032
2024,14,2024_14_GB_DET,DET,GB,1,76,4.6584,42,11.8486,34,-7.1902,37,76,4.6584
2024,14,2024_14_GB_DET,GB,DET,0,44,5.8026,21,1.7322,23,4.0704,20,44,5.8026
2024,14,2024_14_JAX_TEN,JAX,TEN,0,57,1.7559,32,5.3443,25,-3.5884,24,57,1.7559
2024,14,2024_14_JAX_TEN,TEN,JAX,1,62,-9.8347,34,-10.7577,28,0.923,23,62,-9.8347
2024,14,2024_14_LAC_KC,KC,LAC,1,63,1.0398,40,0.6303,23,0.4095,33,63,1.0398
2024,14,2024_14_LAC_KC,LAC,KC,0,57,4.9461,33,8.1557,24,-3.2096,23,57,4.9461
2024,14,2024_14_LV_TB,LV,TB,0,63,-9.3391,39,-6.5896,24,-2.7495,26,53,-8.0362
2024,14,2024_14_LV_TB,TB,LV,1,59,7.3207,33,4.7327,26,2.588,30,54,0.9533
2024,14,2024_14_NO_NYG,NO,NYG,0,65,-5.3282,33,2.9249,32,-8.2531,27,65,-5.3282
2024,14,2024_14_NO_NYG,NYG,NO,1,74,-9.8502,51,-10.8691,23,1.0188,26,74,-9.8502
2024,14,2024_14_NYJ_MIA,MIA,NYJ,1,66,15.3196,47,20.8802,19,-5.5606,38,66,15.3196
2024,14,2024_14_NYJ_MIA,NYJ,MIA,0,63,14.6446,42,14.7997,21,-0.1551,33,63,14.6446
2024,14,2024_14_SEA_ARI,ARI,SEA,1,63,-4.2371,40,-4.4312,23,0.194,29,53,-6.2992
2024,14,2024_14_SEA_ARI,SEA,ARI,0,61,9.4708,30,7.1611,31,2.3097,30,53,9.7187
2024,15,2024_15_ATL_LV,ATL,LV,0,57,-11.9609,20,-7.512,37,-4.4489,19,49,-10.4085
2024,15,2024_15_ATL_LV,LV,ATL,1,64,-16.944,42,-9.0095,22,-7.9346,26,60,-16.0626
2024,15,2024_15_BAL_NYG,BAL,NYG,0,58,25.7093,28,23.4467,30,2.2626,35,37,15.2243
2024,15,2024_15_BAL_NYG,NYG,BAL,1,59,-13.4636,40,-9.1177,19,-4.3459,19,34,-7.734
2024,15,2024_15_BUF_DET,BUF,DET,0,67,32.1543,34,19.8858,33,12.2684,38,48,26.9686
2024,15,2024_15_BUF_DET,DET,BUF,1,75,19.3288,60,21.6024,15,-2.2736,37,42,-1.6201
2024,15,2024_15_CHI_MIN,CHI,MIN,0,63,-13.2414,35,-4.4204,28,-8.821,24,41,-12.4929
2024,15,2024_15_CHI_MIN,MIN,CHI,1,71,2.2834,42,2.8865,29,-0.603,36,52,1.4666
2024,15,2024_15_CIN_TEN,CIN,TEN,0,63,12.279,37,7.8444,26,4.4346,30,44,6.8373
2024,15,2024_15_CIN_TEN,TEN,CIN,1,64,-7.382,38,-2.6425,26,-4.7395,34,42,-15.5828
2024,15,2024_15_DAL_CAR,CAR,DAL,1,50,-16.4451,34,-10.2851,16,-6.16,18,32,-14.2063
2024,15,2024_15_DAL_CAR,DAL,CAR,0,68,13.8583,29,11.2828,39,2.5755,38,46,11.0415
2024,15,2024_15_GB_SEA,GB,SEA,0,61,4.1133,27,10.7823,34,-6.669,30,42,9.8633
2024,15,2024_15_GB_SEA,SEA,GB,1,56,-19.0068,40,-20.7785,16,1.7717,18,39,-14.4083
2024,15,2024_15_IND_DEN,DEN,IND,1,58,-18.2337,34,-14.8256,24,-3.4081,19,48,-16.5306
2024,15,2024_15_IND_DEN,IND,DEN,0,72,-32.5469,40,-20.7507,32,-11.7962,21,61,-30.9313
2024,15,2024_15_KC_CLE,CLE,KC,1,59,-30.8121,39,-27.6687,20,-3.1434,22,45,-32.1577
2024,15,2024_15_KC_CLE,KC,CLE,0,73,-5.6521,40,-2.4621,33,-3.1899,30,45,4.3694
2024,15,2024_15_LA_SF,LA,SF,0,65,-6.2133,27,-5.8965,38,-0.3168,26,64,-6.4171
2024,15,2024_15_LA_SF,SF,LA,1,53,-15.1018,34,-10.5665,19,-4.5353,16,53,-15.1018
2024,15,2024_15_MIA_HOU,HOU,MIA,1,46,-14.4905,30,-6.6882,16,-7.8023,18,40,-11.6837
2024,15,2024_15_MIA_HOU,MIA,HOU,0,62,-13.435,43,-8.8547,19,-4.5803,27,59,-11.7433
2024,15,2024_15_NE_ARI,ARI,NE,1,63,11.5669,32,10.4027,31,1.1642,27,39,4.7809
2024,15,2024_15_NE_ARI,NE,ARI,0,49,2.1865,25,3.4369,24,-1.2504,27,37,-9.1215
2024,15,2024_15_NYJ_JAX,JAX,NYJ,1,78,9.3233,49,4.5604,29,4.763,42,78,9.3233
2024,15,2024_15_NYJ_JAX,NYJ,JAX,0,54,21.4649,32,13.7743,22,7.6906,22,54,21.4649
2024,15,2024_15_PIT_PHI,PHI,PIT,1,74,14.7036,35,21.3115,39,-6.608,35,56,8.8761
2024,15,2024_15_PIT_PHI,PIT,PHI,0,41,-11.3905,24,-5.8632,17,-5.5273,15,39,-10.1502
2024,15,2024_15_TB_LAC,LAC,TB,1,48,-17.7523,37,-14.9834,11,-2.769,18,43,-8.7555
2024,15,2024_15_TB_LAC,TB,LAC,0,67,15.0357,28,17.8619,39,-2.8263,35,46,11.8032
2024,15,2024_15_WAS_NO,NO,WAS,1,51,-4.462,35,-1.1062,16,-3.3558,18,51,-4.462
2024,15,2024_15_WAS_NO,WAS,NO,0,74,5.3008,39,1.1065,35,4.1943,37,70,9.6349
2024,16,2024_16_ARI_CAR,ARI,CAR,0,64,10.4537,35,1.3398,29,9.1138,33,64,10.4537
2024,16,2024_16_ARI_CAR,CAR,ARI,1,64,15.7717,29,1.0899,35,14.6818,29,64,15.7717
2024,16,2024_16_CLE_CIN,CIN,CLE,1,55,6.2728,34,3.0537,21,3.2191,30,44,5.0976
2024,16,2024_16_CLE_CIN,CLE,CIN,0,63,-17.6627,39,-17.846,24,0.1834,22,50,-12.2688
2024,16,2024_16_DEN_LAC,DEN,LAC,0,63,12.1902,42,7.1279,21,5.0623,28,57,11.0539
2024,16,2024_16_DEN_LAC,LAC,DEN,1,60,13.1301,34,12.3183,26,0.8118,31,59,13.0253
2024,16,2024_16_DET_CHI,CHI,DET,1,59,0.8364,42,11.121,17,-10.2846,25,36,-4.3464
2024,16,2024_16_DET_CHI,DET,CHI,0,64,20.6894,33,15.4907,31,5.1987,36,44,23.4567
2024,16,2024_16_HOU_KC,HOU,KC,0,58,5.3585,41,6.0359,17,-0.6774,22,58,5.3585
2024,16,2024_16_HOU_KC,KC,HOU,1,68,10.1522,42,9.4903,26,0.662,32,63,7.9224
2024,16,2024_16_JAX_LV,JAX,LV,0,61,-12.9112,40,-7.3885,21,-5.5228,18,61,-12.9112
2024,16,2024_16_JAX_LV,LV,JAX,1,65,-4.7111,41,-0.2411,24,-4.47,26,64,-4.2595
2024,16,2024_16_LA_NYJ,LA,NYJ,0,47,5.0474,19,3.1868,28,1.8606,24,44,6.9889
2024,16,2024_16_LA_NYJ,NYJ,LA,1,63,-2.0568,43,2.758,20,-4.8148,29,63,-2.0568
2024,16,2024_16_MIN_SEA,MIN,SEA,0,59,5.6081,38,8.3554,21,-2.7473,27,59,5.6081
2024,16,2024_16_MIN_SEA,SEA,MIN,1,60,2.2915,45,0.3034,15,1.9881,30,60,2.2915
2024,16,2024_16_NE_BUF,BUF,NE,1,58,1.9831,30,1.5288,28,0.4543,27,49,5.3048
2024,16,2024_16_NE_BUF,NE,BUF,0,68,-1.7133,38,4.1843,30,-5.8976,31,66,-7.446
2024,16,2024_16_NO_GB,GB,NO,1,67,17.6837,30,6.0911,37,11.5926,34,33,15.0909
2024,16,2024_16_NO_GB,NO,GB,0,53,-18.5217,33,-17.4232,20,-1.0984,17,27,-8.3961
2024,16,2024_16_NYG_ATL,ATL,NYG,1,63,5.0307,27,6.5477,36,-1.517,32,36,0.8841
2024,16,2024_16_NYG_ATL,NYG,ATL,0,55,-23.6026,42,-21.455,13,-2.1477,25,35,-22.276
2024,16,2024_16_PHI_WAS,PHI,WAS,0,71,1.8633,32,-4.3459,39,6.2092,26,71,1.8633
2024,16,2024_16_PHI_WAS,WAS,PHI,1,64,-4.2486,39,1.6335,25,-5.8821,26,64,-4.2486
2024,16,2024_16_PIT_BAL,BAL,PIT,1,59,10.508,24,7.0823,35,3.4257,31,49,8.5814
2024,16,2024_16_PIT_BAL,PIT,BAL,0,59,-10.5587,35,-6.5672,24,-3.9914,22,52,-7.0106
2024,16,2024_16_SF_MIA,MIA,SF,1,63,10.3914,34,5.6524,29,4.739,32,61,5.1194
2024,16,2024_16_SF_MIA,SF,MIA,0,59,3.5412,41,5.7013,18,-2.16,29,52,4.0451
2024,16,2024_16_TB_DAL,DAL,TB,1,53,0.71,36,9.2545,17,-8.5445,20,52,1.227
2024,16,2024_16_TB_DAL,TB,DAL,0,70,5.8353,47,-1.4096,23,7.2449,38,70,5.8353
2024,16,2024_16_TEN_IND,IND,TEN,1,62,13.5296,12,2.4244,50,11.1052,31,33,16.2803
2024,16,2024_16_TEN_IND,TEN,IND,0,58,4.1884,36,3.6188,22,0.5696,28,26,-4.1079
2024,17,2024_17_ARI_LA,ARI,LA,0,74,-0.6761,52,2.2235,22,-2.8996,39,74,-0.6761
2024,17,2024_17_ARI_LA,LA,ARI,1,53,-1.6383,32,-0.4823,21,-1.156,24,53,-1.6383
2024,17,2024_17_ATL_WAS,ATL,WAS,0,60,3.9525,37,-0.643,23,4.5955,31,60,3.9525
2024,17,2024_17_ATL_WAS,WAS,ATL,1,76,16.8343,41,4.9719,35,11.8624,40,76,16.8343
2024,17,2024_17_BAL_HOU,BAL,HOU,0,61,18.9763,18,9.2079,43,9.7684,36,33,15.8502
2024,17,2024_17_BAL_HOU,HOU,BAL,1,54,-22.3994,37,-18.3008,17,-4.0986,17,34,-14.4189
2024,17,2024_17_CAR_TB,CAR,TB,0,46,-4.7299,33,-2.5021,13,-2.2278,16,27,3.1308
2024,17,2024_17_CAR_TB,TB,CAR,1,71,32.2617,34,25.2053,37,7.0564,43,49,21.9261
2024,17,2024_17_DAL_PHI,DAL,PHI,0,60,-18.2426,30,-13.9497,30,-4.2929,24,35,-11.3854
2024,17,2024_17_DAL_PHI,PHI,DAL,1,59,16.0141,19,14.2016,40,1.8125,28,32,6.3142
2024,17,2024_17_DEN_CIN,CIN,DEN,1,83,11.7844,56,14.0823,27,-2.2979,45,83,11.7844
2024,17,2024_17_DEN_CIN,DEN,CIN,0,60,10.3005,33,9.4965,27,0.804,27,60,10.3005
2024,17,2024_17_DET_SF,DET,SF,0,67,25.8422,37,21.9211,30,3.9211,38,67,25.8422
2024,17,2024_17_DET_SF,SF,DET,1,59,20.3005,41,15.6422,18,4.6582,36,48,14.3873
2024,17,2024_17_GB_MIN,GB,MIN,0,58,-1.7119,34,0.7545,24,-2.4664,28,42,-6.7133
2024,17,2024_17_GB_MIN,MIN,GB,1,67,6.1965,44,12.1913,23,-5.9948,35,57,13.4772
2024,17,2024_17_IND_NYG,IND,NYG,0,74,3.2145,41,7.2377,33,-4.0232,35,72,7.0601
2024,17,2024_17_IND_NYG,NYG,IND,1,49,18.4634,23,27.631,26,-9.1677,20,46,20.0347
2024,17,2024_17_KC_PIT,KC,PIT,0,59,18.5868,39,19.1515,20,-0.5646,30,49,18.5975
2024,17,2024_17_KC_PIT,PIT,KC,1,73,-8.0982,42,-18.1158,31,10.0177,32,49,-7.7922
2024,17,2024_17_LAC_NE,LAC,NE,0,77,22.4149,40,17.5686,37,4.8462,40,54,21.3276
2024,17,2024_17_LAC_NE,NE,LAC,1,48,-26.4888,28,-17.2215,20,-9.2673,16,21,-7.4075
2024,17,2024_17_LV_NO,LV,NO,0,72,7.372,36,9.656,36,-2.284,31,64,11.9075
2024,17,2024_17_LV_NO,NO,LV,1,53,-14.8532,40,-16.527,13,1.6738,21,37,-6.9365
2024,17,2024_17_MIA_CLE,CLE,MIA,1,76,-27.7377,48,-25.1616,28,-2.576,26,61,-24.4128
2024,17,2024_17_MIA_CLE,MIA,CLE,0,55,-5.3901,29,4.6357,26,-10.0257,20,50,-7.3182
2024,17,2024_17_NYJ_BUF,BUF,NYJ,1,60,9.996,28,16.864,32,-6.868,28,44,5.0958
2024,17,2024_17_NYJ_BUF,NYJ,BUF,0,59,-12.3386,38,-11.5641,21,-0.7745,28,29,-11.4507
2024,17,2024_17_SEA_CHI,CHI,SEA,1,58,-12.0935,35,-10.2257,23,-1.8678,20,58,-12.0935
2024,17,2024_17_SEA_CHI,SEA,CHI,0,50,-8.5408,26,-8.4969,24,-0.0439,21,50,-8.5408
2024,17,2024_17_TEN_JAX,JAX,TEN,1,56,8.5871,24,7.6081,32,0.979,27,53,10.222
2024,17,2024_17_TEN_JAX,TEN,JAX,0,64,2.3864,34,0.2342,30,2.1523,32,64,2.3864
2024,18,2024_18_BUF_NE,BUF,NE,0,65,-4.3645,32,-2.6125,33,-1.752,27,65,-4.3645
2024,18,2024_18_BUF_NE,NE,BUF,1,58,1.941,31,9.0772,27,-7.1362,25,58,1.941
2024,18,2024_18_CAR_ATL,ATL,CAR,1,77,22.5077,39,5.4669,38,17.0409,48,77,22.5077
2024,18,2024_18_CAR_ATL,CAR,ATL,0,64,26.3881,35,21.3498,29,5.0383,32,63,25.8564
2024,18,2024_18_CHI_GB,CHI,GB,0,56,-9.5396,30,-5.3016,26,-4.238,21,56,-9.5396
2024,18,2024_18_CHI_GB,GB,CHI,1,62,-6.5642,29,-5.5603,33,-1.0039,27,62,-6.5642
2024,18,2024_18_CIN_PIT,CIN,PIT,0,70,-2.021,50,-1.4262,20,-0.5948,34,70,-2.021
2024,18,2024_18_CIN_PIT,PIT,CIN,1,58,-10.1362,35,-5.4047,23,-4.7315,20,58,-10.1362
2024,18,2024_18_CLE_BAL,BAL,CLE,1,66,10.4026,31,5.2735,35,5.1291,29,42,6.5158
2024,18,2024_18_CLE_BAL,CLE,BAL,0,54,-24.4777,36,-17.7164,18,-6.7613,14,30,-19.4263
2024,18,2024_18_HOU_TEN,HOU,TEN,0,57,3.5701,29,-3.6612,28,7.2313,28,43,5.8178
2024,18,2024_18_HOU_TEN,TEN,HOU,1,61,-11.2631,29,5.2542,32,-16.5173,22,41,-13.4992
2024,18,2024_18_JAX_IND,IND,JAX,1,77,0.8863,43,-3.695,34,4.5813,37,77,0.8863
2024,18,2024_18_JAX_IND,JAX,IND,0,66,2.0026,34,2.7284,32,-0.7258,28,66,2.0026
2024,18,2024_18_KC_DEN,DEN,KC,1,71,29.1525,29,25.9577,42,3.1948,41,34,19.5367
2024,18,2024_18_KC_DEN,KC,DEN,0,33,-14.8142,22,-10.1747,11,-4.6395,4,16,-3.9826
2024,18,2024_18_LAC_LV,LAC,LV,0,71,20.3916,37,18.4221,34,1.9695,39,59,14.1582
2024,18,2024_18_LAC_LV,LV,LAC,1,47,-4.8143,36,-3.5745,11,-1.2398,20,35,-10.6052
2024,18,2024_18_MIA_NYJ,MIA,NYJ,0,68,-8.7109,45,-10.6268,23,1.9159,29,57,-9.787
2024,18,2024_18_MIA_NYJ,NYJ,MIA,1,63,3.7888,40,1.0172,23,2.7716,27,63,3.7888
2024,18,2024_18_MIN_DET,DET,MIN,1,66,0.9777,35,1.5882,31,-0.6104,32,53,0.4581
2024,18,2024_18_MIN_DET,MIN,DET,0,61,-20.6295,43,-24.8123,18,4.1828,18,49,-12.1844
2024,18,2024_18_NO_TB,NO,TB,0,63,0.1319,44,-1.0725,19,1.2044,26,63,0.1319
2024,18,2024_18_NO_TB,TB,NO,1,63,14.1479,33,9.412,30,4.7359,30,62,14.7428
2024,18,2024_18_NYG_PHI,NYG,PHI,0,54,-6.4122,29,-8.6753,25,2.2631,21,52,-13.0044
2024,18,2024_18_NYG_PHI,PHI,NYG,1,67,-2.7074,43,7.5167,24,-10.2241,27,64,-1.1489
2024,18,2024_18_SEA_LA,LA,SEA,1,66,1.5903,45,2.0776,21,-0.4873,29,66,1.5903
2024,18,2024_18_SEA_LA,SEA,LA,0,53,12.7228,30,9.8389,23,2.884,28,53,12.7228
2024,18,2024_18_SF_ARI,ARI,SF,1,63,15.6614,35,8.0108,28,7.6505,32,55,10.8907
2024,18,2024_18_SF_ARI,SF,ARI,0,71,0.6555,44,3.3097,27,-2.6542,34,61,5.5652
2024,18,2024_18_WAS_DAL,DAL,WAS,1,75,-3.2815,36,-2.5587,39,-0.7228,31,75,-3.2815
2024,18,2024_18_WAS_DAL,WAS,DAL,0,54,4.7029,37,-1.0905,17,5.7933,26,54,4.7029
