season,week,home_team,away_team,home_rest,away_rest,div_game,roof,surface,temp,wind,weekday,gametime,location,home_qb_name,away_qb_name,referee,stadium_id,overtime,home_spread_odds,away_spread_odds
2014,1,SEA,GB,7,7,0,outdoors,fieldturf,71,11,Thursday,20:30,Home,Russell Wilson,Aaron Rodgers,John Parry,SEA00,0,-108,-102
2014,1,DEN,IND,7,7,0,outdoors,grass,75,6,Sunday,20:30,Home,Peyton Manning,Andrew Luck,Tony Corrente,DEN00,0,-105,-105
2014,1,DAL,SF,7,7,0,closed,matrixturf,,,Sunday,16:25,Home,Tony Romo,Colin Kaepernick,Terry McAulay,DAL00,0,-125,113
2014,1,TB,CAR,7,7,1,outdoors,grass,88,6,Sunday,16:25,Home,Josh McCown,Derek Anderson,Peter Morelli,TAM00,0,-104,-106
2014,1,ATL,NO,7,7,1,dome,fieldturf,,,Sunday,13:00,Home,Matt Ryan,Drew Brees,Bill Leavy,ATL00,1,-104,-106
2014,1,BAL,CIN,7,7,1,outdoors,sportturf,74,8,Sunday,13:00,Home,Joe Flacco,Andy Dalton,Gene Stetatore,BAL00,0,-106,-104
2014,1,CHI,BUF,7,7,0,outdoors,grass,74,3,Sunday,13:00,Home,Jay Cutler,EJ Manuel,Brad Allen,CHI98,1,113,-125
2014,1,HOU,WAS,7,7,0,closed,grass,,,Sunday,13:00,Home,Ryan Fitzpatrick,Robert Griffin,Jerome Boger,HOU00,0,-123,111
2014,1,KC,TEN,7,7,0,outdoors,grass,69,7,Sunday,13:00,Home,Alex Smith,Jake Locker,Ronald Torbert,KAN00,0,-107,-103
2014,1,MIA,NE,7,7,1,outdoors,grass,89,0,Sunday,13:00,Home,Ryan Tannehill,Tom Brady,Walt Anderson,MIA00,0,-113,102
2014,1,NYJ,OAK,7,7,0,outdoors,fieldturf,76,12,Sunday,13:00,Home,Geno Smith,Derek Carr,Craig Wrolstad,NYC01,0,-108,-102
2014,1,PHI,JAX,7,7,0,outdoors,grass,75,9,Sunday,13:00,Home,Nick Foles,Chad Henne,Jeff Triplette,PHI00,0,102,-113
2014,1,PIT,CLE,7,7,1,outdoors,grass,71,6,Sunday,13:00,Home,Ben Roethlisberger,Brian Hoyer,Carl Cheffers,PIT00,0,-107,-103
2014,1,STL,MIN,7,7,0,dome,astroplay,,,Sunday,13:00,Home,Shaun Hill,Matt Cassel,Ed Hochuli,STL00,0,102,-113
2014,1,ARI,SD,7,7,0,closed,grass,,,Monday,21:20,Home,Carson Palmer,Philip Rivers,Bill Vinovich,PHO00,0,-102,-108
2014,1,DET,NYG,7,7,0,dome,fieldturf,,,Monday,19:10,Home,Matthew Stafford,Eli Manning,Clete Blakeman,DET00,0,-110,100
2014,10,CIN,CLE,4,4,1,outdoors,fieldturf,42,17,Thursday,20:25,Home,Andy Dalton,Brian Hoyer,Jeff Triplette,CIN00,0,103,-114
2014,10,GB,CHI,14,14,1,outdoors,grass,34,5,Sunday,20:30,Home,Aaron Rodgers,Jay Cutler,Craig Wrolstad,GNB00,0,-103,-107
2014,10,ARI,STL,7,7,1,closed,grass,,,Sunday,16:25,Home,Carson Palmer,Austin Davis,Ronald Torbert,PHO00,0,-110,100
2014,10,SEA,NYG,7,6,0,outdoors,fieldturf,50,0,Sunday,16:25,Home,Russell Wilson,Eli Manning,Peter Morelli,SEA00,0,-113,102
2014,10,OAK,DEN,7,7,1,outdoors,grass,68,6,Sunday,16:05,Home,Derek Carr,Peyton Manning,Carl Cheffers,OAK00,0,-108,-102
2014,10,BAL,TEN,7,14,0,outdoors,sportturf,57,7,Sunday,13:00,Home,Joe Flacco,Zach Mettenberger,Walt Coleman,BAL00,0,107,-118
2014,10,BUF,KC,14,7,0,outdoors,a_turf,42,10,Sunday,13:00,Home,Kyle Orton,Alex Smith,Brad Allen,BUF00,0,-103,-107
2014,10,DET,MIA,14,7,0,dome,fieldturf,,,Sunday,13:00,Home,Matthew Stafford,Ryan Tannehill,Bill Leavy,DET00,0,104,-115
2014,10,JAX,DAL,7,7,0,outdoors,grass,50,3,Sunday,13:00,Neutral,Blake Bortles,Tony Romo,John Parry,LON00,0,-113,102
2014,10,NO,SF,10,7,0,dome,sportturf,,,Sunday,13:00,Home,Drew Brees,Colin Kaepernick,Bill Vinovich,NOR00,1,-110,100
2014,10,NYJ,PIT,7,7,0,outdoors,fieldturf,58,8,Sunday,13:00,Home,Michael Vick,Ben Roethlisberger,Terry McAulay,NYC01,0,-104,-106
2014,10,TB,ATL,7,14,1,outdoors,grass,64,5,Sunday,13:00,Home,Josh McCown,Matt Ryan,Clete Blakeman,TAM00,0,-117,106
2014,10,PHI,CAR,8,11,0,outdoors,grass,52,5,Monday,20:30,Home,Mark Sanchez,Cam Newton,Gene Steratore,PHI00,0,-118,107
2014,11,MIA,BUF,4,4,1,outdoors,grass,74,4,Thursday,20:25,Home,Ryan Tannehill,Kyle Orton,Walt Coleman,MIA00,0,103,-114
2014,11,IND,NE,13,14,0,closed,fieldturf,,,Sunday,20:30,Home,Andrew Luck,Tom Brady,Peter Morelli,IND00,0,-113,102
2014,11,ARI,DET,7,7,0,closed,grass,,,Sunday,16:25,Home,Drew Stanton,Matthew Stafford,Jerome Boger,PHO00,0,-102,-108
2014,11,GB,PHI,7,6,0,outdoors,grass,28,13,Sunday,16:25,Home,Aaron Rodgers,Mark Sanchez,Carl Cheffers,GNB00,0,106,-117
2014,11,SD,OAK,14,7,1,outdoors,grass,72,13,Sunday,16:05,Home,Philip Rivers,Derek Carr,Jeff Triplette,SDG00,0,111,-123
2014,11,CAR,ATL,6,7,1,outdoors,grass,48,3,Sunday,13:00,Home,Cam Newton,Matt Ryan,Walt Anderson,CAR00,0,100,-110
2014,11,CHI,MIN,7,14,1,outdoors,grass,31,12,Sunday,13:00,Home,Jay Cutler,Teddy Bridgewater,Ronald Torbert,CHI98,0,-107,-103
2014,11,CLE,HOU,10,14,0,outdoors,grass,34,9,Sunday,13:00,Home,Brian Hoyer,Ryan Mallett,Ed Hochuli,CLE00,0,-103,-107
2014,11,KC,SEA,7,7,0,outdoors,grass,21,8,Sunday,13:00,Home,Alex Smith,Russell Wilson,Bill Leavy,KAN00,0,-103,-107
2014,11,NO,CIN,7,10,0,dome,sportturf,,,Sunday,13:00,Home,Drew Brees,Andy Dalton,Craig Wrolstad,NOR00,0,-115,104
2014,11,NYG,SF,7,7,0,outdoors,fieldturf,42,0,Sunday,13:00,Home,Eli Manning,Colin Kaepernick,Gene Steratore,NYC01,0,-112,102
2014,11,STL,DEN,7,7,0,dome,astroplay,,,Sunday,13:00,Home,Shaun Hill,Peyton Manning,Tony Corrente,STL00,0,-105,-105
2014,11,WAS,TB,14,7,0,outdoors,grass,45,6,Sunday,13:00,Home,Robert Griffin,Josh McCown,Bill Vinovich,WAS00,0,-113,102
2014,11,TEN,PIT,8,8,0,outdoors,grass,25,9,Monday,20:30,Home,Zach Mettenberger,Ben Roethlisberger,Brad Allen,NAS00,0,-110,100
2014,12,OAK,KC,4,4,1,outdoors,grass,57,6,Thursday,20:25,Home,Derek Carr,Alex Smith,John Parry,OAK00,0,-118,107
2014,12,NYG,DAL,7,14,1,outdoors,fieldturf,51,2,Sunday,20:30,Home,Eli Manning,Tony Romo,Bill Vinovich,NYC01,0,100,-110
2014,12,DEN,MIA,7,10,0,outdoors,grass,39,6,Sunday,16:25,Home,Peyton Manning,Ryan Tannehill,Jeff Triplette,DEN00,0,-115,104
2014,12,SF,WAS,7,7,0,outdoors,grass,62,9,Sunday,16:25,Home,Colin Kaepernick,Robert Griffin,Walt Anderson,SFO01,0,-110,100
2014,12,SD,STL,7,7,0,outdoors,grass,72,5,Sunday,16:05,Home,Philip Rivers,Shaun Hill,Carl Cheffers,SDG00,0,-101,-109
2014,12,SEA,ARI,7,7,1,outdoors,fieldturf,51,10,Sunday,16:05,Home,Russell Wilson,Drew Stanton,Gene Steratore,SEA00,0,-110,100
2014,12,ATL,CLE,7,7,0,dome,fieldturf,,,Sunday,13:00,Home,Matt Ryan,Brian Hoyer,Brad Allen,ATL00,0,108,-119
2014,12,CHI,TB,7,7,0,outdoors,grass,54,12,Sunday,13:00,Home,Jay Cutler,Josh McCown,Walt Coleman,CHI98,0,-110,100
2014,12,HOU,CIN,7,7,0,closed,grass,,,Sunday,13:00,Home,Ryan Mallett,Andy Dalton,Terry McAulay,HOU00,0,100,-110
2014,12,IND,JAX,7,14,1,closed,fieldturf,,,Sunday,13:00,Home,Andrew Luck,Blake Bortles,Ed Hochuli,IND00,0,102,-113
2014,12,MIN,GB,7,7,1,outdoors,fieldturf,49,0,Sunday,13:00,Home,Teddy Bridgewater,Aaron Rodgers,Clete Blakeman,MIN98,0,-113,102
2014,12,NE,DET,7,7,0,outdoors,fieldturf,58,7,Sunday,13:00,Home,Tom Brady,Matthew Stafford,Tony Corrente,BOS00,0,111,-123
2014,12,PHI,TEN,7,6,0,outdoors,grass,54,7,Sunday,13:00,Home,Mark Sanchez,Zach Mettenberger,Jerome Boger,PHI00,0,-102,-108
2014,12,NO,BAL,8,15,0,dome,sportturf,,,Monday,20:30,Home,Drew Brees,Joe Flacco,Bill Leavy,NOR00,0,-109,-101
2014,12,BUF,NYJ,11,15,1,dome,fieldturf,,,Monday,19:00,Neutral,Kyle Orton,Michael Vick,Peter Morelli,DET00,0,-118,107
2014,13,SF,SEA,4,4,1,outdoors,grass,68,0,Thursday,20:30,Home,Colin Kaepernick,Russell Wilson,Tony Corrente,SFO01,0,-107,-103
2014,13,DAL,PHI,4,4,1,closed,matrixturf,,,Thursday,16:30,Home,Tony Romo,Mark Sanchez,Clete Blakeman,DAL00,0,-110,100
2014,13,DET,CHI,4,4,1,dome,fieldturf,,,Thursday,12:30,Home,Matthew Stafford,Jay Cutler,Bill Vinovich,DET00,0,-103,-107
2014,13,KC,DEN,10,7,1,outdoors,grass,27,18,Sunday,20:30,Home,Alex Smith,Peyton Manning,Walt Coleman,KAN00,0,-102,-108
2014,13,GB,NE,7,7,0,outdoors,grass,28,14,Sunday,16:25,Home,Aaron Rodgers,Tom Brady,Ed Hochuli,GNB00,0,-110,100
2014,13,ATL,ARI,7,7,0,dome,fieldturf,,,Sunday,16:05,Home,Matt Ryan,Drew Stanton,Terry McAulay,ATL00,0,-108,-102
2014,13,BAL,SD,6,7,0,outdoors,sportturf,54,8,Sunday,13:00,Home,Joe Flacco,Philip Rivers,Walt Anderson,BAL00,0,-115,104
2014,13,BUF,CLE,6,7,0,outdoors,a_turf,57,17,Sunday,13:00,Home,Kyle Orton,Brian Hoyer,Jerome Boger,BUF00,0,-119,108
2014,13,HOU,TEN,7,7,1,closed,grass,,,Sunday,13:00,Home,Ryan Fitzpatrick,Zach Mettenberger,Jeff Triplette,HOU00,0,106,-117
2014,13,IND,WAS,7,7,0,closed,fieldturf,,,Sunday,13:00,Home,Andrew Luck,Colt McCoy,John Parry,IND00,0,-106,-104
2014,13,JAX,NYG,7,7,0,outdoors,grass,71,5,Sunday,13:00,Home,Blake Bortles,Eli Manning,Craig Wrolstad,JAX00,0,-110,100
2014,13,MIN,CAR,7,14,0,outdoors,fieldturf,12,17,Sunday,13:00,Home,Teddy Bridgewater,Cam Newton,Brad Allen,MIN98,0,-119,108
2014,13,PIT,NO,13,6,0,outdoors,grass,63,15,Sunday,13:00,Home,Ben Roethlisberger,Drew Brees,Peter Morelli,PIT00,0,-110,100
2014,13,STL,OAK,7,10,0,dome,astroplay,,,Sunday,13:00,Home,Shaun Hill,Derek Carr,Gene Steratore,STL00,0,-113,102
2014,13,TB,CIN,7,7,0,outdoors,grass,77,7,Sunday,13:00,Home,Josh McCown,Andy Dalton,Bill Leavy,TAM00,0,-113,102
2014,13,NYJ,MIA,7,8,1,outdoors,fieldturf,42,6,Monday,20:30,Home,Geno Smith,Ryan Tannehill,Ronald Torbert,NYC01,0,105,-116
2014,14,CHI,DAL,7,7,0,outdoors,grass,35,5,Thursday,20:25,Home,Jay Cutler,Tony Romo,Ed Hochuli,CHI98,0,-105,-105
2014,14,SD,NE,7,7,0,outdoors,grass,67,7,Sunday,20:30,Home,Philip Rivers,Tom Brady,Bill Leavy,SDG00,0,-101,-109
2014,14,OAK,SF,7,10,0,outdoors,grass,63,0,Sunday,16:25,Home,Derek Carr,Colin Kaepernick,Terry McAulay,OAK00,0,-106,-104
2014,14,PHI,SEA,10,10,0,outdoors,grass,45,15,Sunday,16:25,Home,Mark Sanchez,Russell Wilson,Bill Vinovich,PHI00,0,-102,-108
2014,14,ARI,KC,7,7,0,closed,grass,,,Sunday,16:05,Home,Drew Stanton,Alex Smith,Craig Wrolstad,PHO00,0,111,-123
2014,14,DEN,BUF,7,7,0,outdoors,grass,63,3,Sunday,16:05,Home,Peyton Manning,Kyle Orton,Ronald Torbert,DEN00,0,-102,-108
2014,14,CIN,PIT,7,7,1,outdoors,fieldturf,39,8,Sunday,13:00,Home,Andy Dalton,Ben Roethlisberger,Tony Corrente,CIN00,0,106,-117
2014,14,CLE,IND,7,7,0,outdoors,grass,37,10,Sunday,13:00,Home,Brian Hoyer,Andrew Luck,Clete Blakeman,CLE00,0,-105,-105
2014,14,DET,TB,10,7,0,dome,fieldturf,,,Sunday,13:00,Home,Matthew Stafford,Josh McCown,Jeff Triplette,DET00,0,104,-115
2014,14,JAX,HOU,7,7,1,outdoors,grass,61,15,Sunday,13:00,Home,Blake Bortles,Ryan Fitzpatrick,Carl Cheffers,JAX00,0,100,-110
2014,14,MIA,BAL,6,7,0,outdoors,grass,76,10,Sunday,13:00,Home,Ryan Tannehill,Joe Flacco,John Parry,MIA00,0,-115,104
2014,14,MIN,NYJ,7,6,0,outdoors,fieldturf,32,17,Sunday,13:00,Home,Teddy Bridgewater,Geno Smith,Jerome Boger,MIN98,1,-105,-105
2014,14,NO,CAR,7,7,1,dome,sportturf,,,Sunday,13:00,Home,Drew Brees,Cam Newton,Walt Coleman,NOR00,0,-105,-105
2014,14,TEN,NYG,7,7,0,outdoors,grass,45,6,Sunday,13:00,Home,Zach Mettenberger,Eli Manning,Walt Anderson,NAS00,0,-113,102
2014,14,WAS,STL,7,7,0,outdoors,grass,45,8,Sunday,13:00,Home,Colt McCoy,Shaun Hill,Brad Allen,WAS00,0,-105,-105
2014,14,GB,ATL,8,8,0,outdoors,grass,33,0,Monday,20:30,Home,Aaron Rodgers,Matt Ryan,Peter Morelli,GNB00,0,-107,-103
2014,15,STL,ARI,4,4,1,dome,astroplay,,,Thursday,20:25,Home,Shaun Hill,Drew Stanton,Walt Coleman,STL00,0,-109,-101
2014,15,PHI,DAL,7,10,1,outdoors,grass,41,9,Sunday,20:30,Home,Mark Sanchez,Tony Romo,Terry McAulay,PHI00,0,111,-123
2014,15,DET,MIN,7,7,1,dome,fieldturf,,,Sunday,16:25,Home,Matthew Stafford,Teddy Bridgewater,Peter Morelli,DET00,0,-101,-109
2014,15,SEA,SF,7,7,1,outdoors,fieldturf,46,4,Sunday,16:25,Home,Russell Wilson,Colin Kaepernick,Ed Hochuli,SEA00,0,109,-120
2014,15,SD,DEN,7,7,1,outdoors,grass,64,6,Sunday,16:05,Home,Philip Rivers,Peyton Manning,Craig Wrolstad,SDG00,0,-102,-108
2014,15,TEN,NYJ,7,7,0,outdoors,grass,54,6,Sunday,16:05,Home,Jake Locker,Geno Smith,John Parry,NAS00,0,-113,102
2014,15,ATL,PIT,6,7,0,dome,fieldturf,,,Sunday,13:00,Home,Matt Ryan,Ben Roethlisberger,Clete Blakeman,ATL00,0,-113,102
2014,15,BAL,JAX,7,7,0,outdoors,sportturf,47,3,Sunday,13:00,Home,Joe Flacco,Blake Bortles,Tony Corrente,BAL00,0,-105,-105
2014,15,BUF,GB,7,6,0,outdoors,a_turf,38,10,Sunday,13:00,Home,Kyle Orton,Aaron Rodgers,Bill Leavy,BUF00,0,-115,104
2014,15,CAR,TB,7,7,1,outdoors,grass,60,0,Sunday,13:00,Home,Derek Anderson,Josh McCown,Ronald Torbert,CAR00,0,-103,-107
2014,15,CLE,CIN,7,7,1,outdoors,grass,43,7,Sunday,13:00,Home,Johnny Manziel,Andy Dalton,Walt Anderson,CLE00,0,-113,102
2014,15,IND,HOU,7,7,1,closed,fieldturf,,,Sunday,13:00,Home,Andrew Luck,Ryan Fitzpatrick,Gene Steratore,IND00,0,-108,-102
2014,15,KC,OAK,7,7,1,outdoors,grass,58,16,Sunday,13:00,Home,Alex Smith,Derek Carr,Jerome Boger,KAN00,0,100,-110
2014,15,NE,MIA,7,7,1,outdoors,fieldturf,43,9,Sunday,13:00,Home,Tom Brady,Ryan Tannehill,Bill Vinovich,BOS00,0,-105,-105
2014,15,NYG,WAS,7,7,1,outdoors,fieldturf,43,9,Sunday,13:00,Home,Eli Manning,Colt McCoy,Jeff Triplette,NYC01,0,105,-116
2014,15,CHI,NO,11,8,0,outdoors,grass,44,5,Monday,20:30,Home,Jay Cutler,Drew Brees,Carl Cheffers,CHI98,0,111,-123
2014,16,JAX,TEN,4,4,1,outdoors,grass,58,2,Thursday,20:25,Home,Blake Bortles,Charlie Whitehurst,Clete Blakeman,JAX00,0,-103,-107
2014,16,SF,SD,6,6,0,outdoors,grass,61,5,Saturday,20:25,Home,Colin Kaepernick,Philip Rivers,Jeff Triplette,SFO01,1,-110,100
2014,16,WAS,PHI,6,6,1,outdoors,grass,37,0,Saturday,16:25,Home,Robert Griffin,Mark Sanchez,Carl Cheffers,WAS00,0,-105,-105
2014,16,ARI,SEA,10,7,1,closed,grass,,,Sunday,20:30,Home,Ryan Lindley,Russell Wilson,Walt Anderson,PHO00,0,-108,-102
2014,16,DAL,IND,7,7,0,closed,matrixturf,,,Sunday,16:25,Home,Tony Romo,Andrew Luck,Bill Leavy,DAL00,0,-101,-109
2014,16,OAK,BUF,7,7,0,outdoors,grass,64,10,Sunday,16:25,Home,Derek Carr,Kyle Orton,Craig Wrolstad,OAK00,0,-113,102
2014,16,STL,NYG,10,7,0,dome,astroplay,,,Sunday,16:05,Home,Shaun Hill,Eli Manning,Peter Morelli,STL00,0,104,-115
2014,16,CAR,CLE,7,7,0,outdoors,grass,48,3,Sunday,13:00,Home,Cam Newton,Johnny Manziel,Ed Hochuli,CAR00,0,-108,-102
2014,16,CHI,DET,6,7,1,outdoors,grass,36,13,Sunday,13:00,Home,Jimmy Clausen,Matthew Stafford,Gene Steratore,CHI98,0,-110,100
2014,16,HOU,BAL,7,7,0,closed,grass,,,Sunday,13:00,Home,Case Keenum,Joe Flacco,Walt Coleman,HOU00,0,-105,-105
2014,16,MIA,MIN,7,7,0,outdoors,grass,80,9,Sunday,13:00,Home,Ryan Tannehill,Teddy Bridgewater,Tony Corrente,MIA00,0,-106,-104
2014,16,NO,ATL,6,7,1,dome,sportturf,,,Sunday,13:00,Home,Drew Brees,Matt Ryan,John Parry,NOR00,0,-103,-107
2014,16,NYJ,NE,7,7,1,outdoors,fieldturf,34,9,Sunday,13:00,Home,Geno Smith,Tom Brady,Brad Allen,NYC01,0,-118,107
2014,16,PIT,KC,7,7,0,outdoors,grass,36,1,Sunday,13:00,Home,Ben Roethlisberger,Alex Smith,Ronald Torbert,PIT00,0,-107,-103
2014,16,TB,GB,7,7,0,outdoors,grass,75,7,Sunday,13:00,Home,Josh McCown,Aaron Rodgers,Terry McAulay,TAM00,0,-113,102
2014,16,CIN,DEN,8,8,0,outdoors,fieldturf,47,8,Monday,20:30,Home,Andy Dalton,Peyton Manning,Bill Vinovich,CIN00,0,-105,-105
2014,17,PIT,CIN,7,6,1,outdoors,grass,37,5,Sunday,20:30,Home,Ben Roethlisberger,Andy Dalton,Ed Hochuli,PIT00,0,100,-110
2014,17,DEN,OAK,6,7,1,outdoors,grass,40,7,Sunday,16:25,Home,Peyton Manning,Derek Carr,Clete Blakeman,DEN00,0,-110,100
2014,17,SF,ARI,8,7,1,outdoors,grass,51,3,Sunday,16:25,Home,Colin Kaepernick,Ryan Lindley,Carl Cheffers,SFO01,0,100,-110
2014,17,SEA,STL,7,7,1,outdoors,fieldturf,43,5,Sunday,16:25,Home,Russell Wilson,Shaun Hill,Ronald Torbert,SEA00,0,100,-110
2014,17,ATL,CAR,7,7,1,dome,fieldturf,,,Sunday,16:25,Home,Matt Ryan,Cam Newton,Bill Leavy,ATL00,0,-102,-108
2014,17,BAL,CLE,7,7,1,outdoors,sportturf,54,5,Sunday,13:00,Home,Joe Flacco,Connor Shaw,Gene Steratore,BAL00,0,102,-113
2014,17,GB,DET,7,7,1,outdoors,grass,27,5,Sunday,16:25,Home,Aaron Rodgers,Matthew Stafford,Walt Anderson,GNB00,0,100,-110
2014,17,HOU,JAX,7,10,1,closed,grass,,,Sunday,13:00,Home,Case Keenum,Blake Bortles,John Parry,HOU00,0,-104,-106
2014,17,KC,SD,7,8,1,outdoors,grass,31,7,Sunday,13:00,Home,Chase Daniel,Philip Rivers,Peter Morelli,KAN00,0,-106,-104
2014,17,MIA,NYJ,7,7,1,outdoors,grass,80,12,Sunday,13:00,Home,Ryan Tannehill,Geno Smith,Craig Wrolstad,MIA00,0,-110,100
2014,17,MIN,CHI,7,7,1,outdoors,fieldturf,15,0,Sunday,13:00,Home,Teddy Bridgewater,Jay Cutler,Jeff Triplette,MIN98,0,-110,100
2014,17,NE,BUF,7,7,1,outdoors,fieldturf,49,9,Sunday,13:00,Home,Jimmy Garoppolo,Kyle Orton,Terry McAulay,BOS00,0,-110,100
2014,17,NYG,PHI,7,8,1,outdoors,fieldturf,48,8,Sunday,13:00,Home,Eli Manning,Mark Sanchez,Walt Coleman,NYC01,0,-115,104
2014,17,TB,NO,7,7,1,outdoors,grass,79,6,Sunday,13:00,Home,Josh McCown,Drew Brees,Brad Allen,TAM00,0,-108,-102
2014,17,TEN,IND,10,7,1,outdoors,grass,40,6,Sunday,13:00,Home,Charlie Whitehurst,Andrew Luck,Tony Corrente,NAS00,0,-113,102
2014,17,WAS,DAL,8,7,1,outdoors,grass,58,0,Sunday,13:00,Home,Robert Griffin,Tony Romo,Jerome Boger,WAS00,0,-103,-107
2014,2,BAL,PIT,4,4,1,outdoors,sportturf,82,6,Thursday,20:25,Home,Joe Flacco,Ben Roethlisberger,Ed Hochuli,BAL00,0,-120,109
2014,2,SF,CHI,7,7,0,outdoors,grass,78,10,Sunday,20:30,Home,Colin Kaepernick,Jay Cutler,Carl Cheffers,SFO01,0,102,-113
2014,2,DEN,KC,7,7,1,outdoors,grass,85,7,Sunday,16:25,Home,Peyton Manning,Alex Smith,Gene Steratore,DEN00,0,-113,102
2014,2,GB,NYJ,10,7,0,outdoors,grass,63,15,Sunday,16:25,Home,Aaron Rodgers,Geno Smith,Walt Anderson,GNB00,0,-104,-106
2014,2,OAK,HOU,7,7,0,outdoors,grass,67,16,Sunday,16:25,Home,Derek Carr,Ryan Fitzpatrick,Brad Allen,OAK00,0,-105,-105
2014,2,SD,SEA,6,10,0,outdoors,grass,94,8,Sunday,16:05,Home,Philip Rivers,Russell Wilson,Peter Morelli,SDG00,0,-101,-109
2014,2,TB,STL,7,7,0,outdoors,grass,88,8,Sunday,16:05,Home,Josh McCown,Austin Davis,Jeff Triplette,TAM00,0,-105,-105
2014,2,BUF,MIA,7,7,1,outdoors,a_turf,58,4,Sunday,13:00,Home,EJ Manuel,Ryan Tannehill,Clete Blakeman,BUF00,0,-105,-105
2014,2,CAR,DET,7,6,0,outdoors,grass,70,9,Sunday,13:00,Home,Cam Newton,Matthew Stafford,Jerome Boger,CAR00,0,-105,-105
2014,2,CIN,ATL,7,7,0,outdoors,fieldturf,66,4,Sunday,13:00,Home,Andy Dalton,Matt Ryan,Bill Vinovich,CIN00,0,-102,-108
2014,2,CLE,NO,7,7,0,outdoors,grass,61,6,Sunday,13:00,Home,Brian Hoyer,Drew Brees,Craig Wrolstad,CLE00,0,100,-110
2014,2,MIN,NE,7,7,0,outdoors,fieldturf,58,0,Sunday,13:00,Home,Matt Cassel,Tom Brady,Tony Corrente,MIN98,0,-130,118
2014,2,NYG,ARI,6,6,0,outdoors,fieldturf,66,1,Sunday,13:00,Home,Eli Manning,Drew Stanton,John Parry,NYC01,0,-108,-102
2014,2,TEN,DAL,7,7,0,outdoors,grass,75,2,Sunday,13:00,Home,Jake Locker,Tony Romo,Walt Coleman,NAS00,0,-113,102
2014,2,WAS,JAX,7,7,0,outdoors,grass,65,6,Sunday,13:00,Home,Robert Griffin,Chad Henne,Ronald Torbert,WAS00,0,102,-113
2014,2,IND,PHI,8,8,0,closed,fieldturf,,,Monday,20:30,Home,Andrew Luck,Nick Foles,Terry McAulay,IND00,0,106,-117
2014,3,ATL,TB,4,4,1,dome,fieldturf,,,Thursday,20:25,Home,Matt Ryan,Josh McCown,Craig Wrolstad,ATL00,0,-108,-102
2014,3,CAR,PIT,7,10,0,outdoors,grass,79,7,Sunday,20:30,Home,Cam Newton,Ben Roethlisberger,Ronald Torbert,CAR00,0,-127,115
2014,3,MIA,KC,7,7,0,outdoors,grass,88,4,Sunday,16:25,Home,Ryan Tannehill,Alex Smith,Jeff Triplette,MIA00,0,100,-110
2014,3,SEA,DEN,7,7,0,outdoors,fieldturf,70,7,Sunday,16:25,Home,Russell Wilson,Peyton Manning,Bill Vinovich,SEA00,1,-105,-105
2014,3,ARI,SF,7,7,1,closed,grass,,,Sunday,16:05,Home,Drew Stanton,Colin Kaepernick,Gene Steratore,PHO00,0,-117,106
2014,3,BUF,SD,7,7,0,outdoors,a_turf,72,24,Sunday,13:00,Home,EJ Manuel,Philip Rivers,John Parry,BUF00,0,-105,-105
2014,3,CIN,TEN,7,7,0,outdoors,fieldturf,74,20,Sunday,13:00,Home,Andy Dalton,Jake Locker,Brad Allen,CIN00,0,-105,-105
2014,3,CLE,BAL,7,10,1,outdoors,grass,71,23,Sunday,13:00,Home,Brian Hoyer,Joe Flacco,Bill Leavy,CLE00,0,-105,-105
2014,3,DET,GB,7,7,1,dome,fieldturf,,,Sunday,13:00,Home,Matthew Stafford,Aaron Rodgers,Carl Cheffers,DET00,0,-109,-101
2014,3,JAX,IND,7,6,1,outdoors,grass,85,5,Sunday,13:00,Home,Chad Henne,Andrew Luck,Walt Coleman,JAX00,0,100,-110
2014,3,NE,OAK,7,7,0,outdoors,fieldturf,78,11,Sunday,13:00,Home,Tom Brady,Derek Carr,Peter Morelli,BOS00,0,108,-119
2014,3,NO,MIN,7,7,0,dome,sportturf,,,Sunday,13:00,Home,Drew Brees,Matt Cassel,Walt Anderson,NOR00,0,-102,-108
2014,3,NYG,HOU,7,7,0,outdoors,fieldturf,70,4,Sunday,13:00,Home,Eli Manning,Ryan Fitzpatrick,Terry McAulay,NYC01,0,-107,-103
2014,3,PHI,WAS,6,7,1,outdoors,grass,79,4,Sunday,13:00,Home,Nick Foles,Kirk Cousins,Tony Corrente,PHI00,0,-107,-103
2014,3,STL,DAL,7,7,0,dome,astroplay,,,Sunday,13:00,Home,Austin Davis,Tony Romo,Clete Blakeman,STL00,0,-105,-105
2014,3,NYJ,CHI,8,8,0,outdoors,fieldturf,60,10,Monday,20:30,Home,Geno Smith,Jay Cutler,Jerome Boger,NYC01,0,-105,-105
2014,4,WAS,NYG,4,4,1,outdoors,grass,64,4,Thursday,20:25,Home,Kirk Cousins,Eli Manning,Carl Cheffers,WAS00,0,-119,108
2014,4,DAL,NO,7,7,0,closed,matrixturf,,,Sunday,20:30,Home,Tony Romo,Drew Brees,Gene Steratore,DAL00,0,-123,111
2014,4,MIN,ATL,7,10,0,outdoors,fieldturf,82,0,Sunday,16:25,Home,Teddy Bridgewater,Matt Ryan,Ronald Torbert,MIN98,0,-101,-109
2014,4,SF,PHI,7,7,0,outdoors,grass,72,4,Sunday,16:25,Home,Colin Kaepernick,Nick Foles,Ed Hochuli,SFO01,0,-110,100
2014,4,SD,JAX,7,7,0,outdoors,grass,73,8,Sunday,16:05,Home,Philip Rivers,Blake Bortles,Clete Blakeman,SDG00,0,111,-123
2014,4,BAL,CAR,7,7,0,outdoors,sportturf,78,4,Sunday,13:00,Home,Joe Flacco,Cam Newton,Craig Wrolstad,BAL00,0,118,-130
2014,4,CHI,GB,6,7,1,outdoors,grass,70,3,Sunday,13:00,Home,Jay Cutler,Aaron Rodgers,Terry McAulay,CHI98,0,-105,-105
2014,4,HOU,BUF,7,7,0,closed,grass,,,Sunday,13:00,Home,Ryan Fitzpatrick,EJ Manuel,Bill Vinovich,HOU00,0,113,-125
2014,4,IND,TEN,7,7,1,open,fieldturf,,,Sunday,13:00,Home,Andrew Luck,Charlie Whitehurst,Jerome Boger,IND00,0,106,-117
2014,4,NYJ,DET,6,7,0,outdoors,fieldturf,80,0,Sunday,13:00,Home,Geno Smith,Matthew Stafford,Walt Coleman,NYC01,0,-101,-109
2014,4,OAK,MIA,7,7,0,outdoors,grass,74,6,Sunday,13:00,Neutral,Derek Carr,Ryan Tannehill,Bill Leavy,LON00,0,-110,100
2014,4,PIT,TB,7,10,0,outdoors,grass,74,3,Sunday,13:00,Home,Ben Roethlisberger,Mike Glennon,Walt Anderson,PIT00,0,109,-120
2014,4,KC,NE,8,8,0,outdoors,grass,82,3,Monday,20:30,Home,Alex Smith,Tom Brady,John Parry,KAN00,0,-123,111
2014,5,GB,MIN,4,4,1,outdoors,grass,62,6,Thursday,20:25,Home,Aaron Rodgers,Christian Ponder,Brad Allen,GNB00,0,-110,100
2014,5,NE,CIN,6,14,0,outdoors,fieldturf,47,2,Sunday,20:30,Home,Tom Brady,Andy Dalton,Jerome Boger,BOS00,0,-102,-108
2014,5,SD,NYJ,7,7,0,outdoors,grass,91,8,Sunday,16:25,Home,Philip Rivers,Geno Smith,Ronald Torbert,SDG00,0,106,-117
2014,5,SF,KC,7,6,0,outdoors,grass,85,1,Sunday,16:25,Home,Colin Kaepernick,Alex Smith,Walt Coleman,SFO01,0,-108,-102
2014,5,DEN,ARI,14,14,0,outdoors,grass,71,10,Sunday,16:05,Home,Peyton Manning,Drew Stanton,Bill Leavy,DEN00,0,-106,-104
2014,5,CAR,CHI,7,7,0,outdoors,grass,60,7,Sunday,13:00,Home,Cam Newton,Jay Cutler,Tony Corrente,CAR00,0,-105,-105
2014,5,DAL,HOU,7,7,0,closed,matrixturf,,,Sunday,13:00,Home,Tony Romo,Ryan Fitzpatrick,Peter Morelli,DAL00,1,-104,-106
2014,5,DET,BUF,7,7,0,dome,fieldturf,,,Sunday,13:00,Home,Matthew Stafford,Kyle Orton,Craig Wrolstad,DET00,0,-102,-108
2014,5,IND,BAL,7,7,0,open,fieldturf,,,Sunday,13:00,Home,Andrew Luck,Joe Flacco,Walt Anderson,IND00,0,-113,102
2014,5,JAX,PIT,7,7,0,outdoors,grass,71,10,Sunday,13:00,Home,Blake Bortles,Ben Roethlisberger,Terry McAulay,JAX00,0,-110,100
2014,5,NO,TB,7,7,1,dome,sportturf,,,Sunday,13:00,Home,Drew Brees,Mike Glennon,Carl Cheffers,NOR00,1,-103,-107
2014,5,NYG,ATL,10,7,0,outdoors,fieldturf,55,9,Sunday,13:00,Home,Eli Manning,Matt Ryan,Ed Hochuli,NYC01,0,-103,-107
2014,5,PHI,STL,7,14,0,outdoors,grass,59,16,Sunday,13:00,Home,Nick Foles,Austin Davis,Bill Vinovich,PHI00,0,-108,-102
2014,5,TEN,CLE,7,14,0,outdoors,grass,67,13,Sunday,13:00,Home,Jake Locker,Brian Hoyer,Gene Steratore,NAS00,0,-103,-107
2014,5,WAS,SEA,11,15,0,outdoors,grass,67,4,Monday,20:30,Home,Kirk Cousins,Russell Wilson,Jeff Triplette,WAS00,0,-108,-102
2014,6,HOU,IND,4,4,1,closed,grass,,,Thursday,20:25,Home,Ryan Fitzpatrick,Andrew Luck,Ronald Torbert,HOU00,0,-108,-102
2014,6,PHI,NYG,7,7,1,outdoors,grass,57,5,Sunday,20:30,Home,Nick Foles,Eli Manning,Clete Blakeman,PHI00,0,-110,100
2014,6,ARI,WAS,7,6,0,closed,grass,,,Sunday,16:25,Home,Carson Palmer,Kirk Cousins,Ed Hochuli,PHO00,0,-109,-101
2014,6,SEA,DAL,6,7,0,outdoors,fieldturf,60,6,Sunday,16:25,Home,Russell Wilson,Tony Romo,Bill Leavy,SEA00,0,-102,-108
2014,6,OAK,SD,14,7,1,outdoors,grass,77,5,Sunday,16:05,Home,Derek Carr,Philip Rivers,Tony Corrente,OAK00,0,-102,-108
2014,6,ATL,CHI,7,7,0,dome,fieldturf,,,Sunday,16:25,Home,Matt Ryan,Jay Cutler,Walt Anderson,ATL00,0,-110,100
2014,6,BUF,NE,7,7,1,outdoors,a_turf,55,6,Sunday,13:00,Home,Kyle Orton,Tom Brady,Walt Coleman,BUF00,0,-110,100
2014,6,CIN,CAR,7,7,0,outdoors,fieldturf,60,5,Sunday,13:00,Home,Andy Dalton,Cam Newton,Carl Cheffers,CIN00,1,-110,100
2014,6,CLE,PIT,7,7,1,outdoors,grass,58,13,Sunday,13:00,Home,Brian Hoyer,Ben Roethlisberger,Peter Morelli,CLE00,0,100,-110
2014,6,MIA,GB,14,10,0,outdoors,grass,86,13,Sunday,13:00,Home,Ryan Tannehill,Aaron Rodgers,Bill Vinovich,MIA00,0,-110,100
2014,6,MIN,DET,10,7,1,outdoors,fieldturf,53,0,Sunday,13:00,Home,Teddy Bridgewater,Matthew Stafford,John Parry,MIN98,0,-105,-105
2014,6,NYJ,DEN,7,7,0,outdoors,fieldturf,61,5,Sunday,13:00,Home,Geno Smith,Peyton Manning,Brad Allen,NYC01,0,-123,111
2014,6,TB,BAL,7,7,0,outdoors,grass,84,6,Sunday,13:00,Home,Mike Glennon,Joe Flacco,Jerome Boger,TAM00,0,-115,104
2014,6,TEN,JAX,7,7,1,outdoors,grass,67,7,Sunday,13:00,Home,Charlie Whitehurst,Blake Bortles,Jeff Triplette,NAS00,0,-108,-102
2014,6,STL,SF,8,8,1,dome,astroplay,,,Monday,20:30,Home,Austin Davis,Colin Kaepernick,Craig Wrolstad,STL00,0,-114,103
2014,7,NE,NYJ,4,4,1,outdoors,fieldturf,64,9,Thursday,20:25,Home,Tom Brady,Geno Smith,Bill Leavy,BOS00,0,104,-115
2014,7,DEN,SF,7,6,0,outdoors,grass,67,4,Sunday,20:30,Home,Peyton Manning,Colin Kaepernick,John Parry,DEN00,0,100,-110
2014,7,DAL,NYG,7,7,1,closed,matrixturf,,,Sunday,16:25,Home,Tony Romo,Eli Manning,Jerome Boger,DAL00,0,-105,-105
2014,7,OAK,ARI,7,7,0,outdoors,grass,69,6,Sunday,16:25,Home,Derek Carr,Carson Palmer,Clete Blakeman,OAK00,0,-104,-106
2014,7,SD,KC,7,14,1,outdoors,grass,75,2,Sunday,16:05,Home,Philip Rivers,Alex Smith,Bill Vinovich,SDG00,0,-105,-105
2014,7,BAL,ATL,7,7,0,outdoors,sportturf,54,14,Sunday,13:00,Home,Joe Flacco,Matt Ryan,Carl Cheffers,BAL00,0,102,-113
2014,7,BUF,MIN,7,7,0,outdoors,a_turf,41,9,Sunday,13:00,Home,Kyle Orton,Teddy Bridgewater,Ed Hochuli,BUF00,0,100,-110
2014,7,CHI,MIA,7,7,0,outdoors,grass,50,10,Sunday,13:00,Home,Jay Cutler,Ryan Tannehill,Peter Morelli,CHI98,0,-117,106
2014,7,DET,NO,7,14,0,dome,fieldturf,,,Sunday,13:00,Home,Matthew Stafford,Drew Brees,Terry McAulay,DET00,0,-107,-103
2014,7,GB,CAR,7,7,0,outdoors,grass,48,12,Sunday,13:00,Home,Aaron Rodgers,Cam Newton,Jeff Triplette,GNB00,0,-105,-105
2014,7,IND,CIN,10,7,0,open,fieldturf,,,Sunday,13:00,Home,Andrew Luck,Andy Dalton,Gene Steratore,IND00,0,-128,116
2014,7,JAX,CLE,7,7,0,outdoors,grass,76,8,Sunday,13:00,Home,Blake Bortles,Brian Hoyer,Tony Corrente,JAX00,0,-106,-104
2014,7,STL,SEA,6,7,1,dome,astroplay,,,Sunday,13:00,Home,Austin Davis,Russell Wilson,Brad Allen,STL00,0,-110,100
2014,7,WAS,TEN,7,7,0,outdoors,grass,55,13,Sunday,13:00,Home,Kirk Cousins,Charlie Whitehurst,Walt Anderson,WAS00,0,100,-110
2014,7,PIT,HOU,8,11,0,outdoors,grass,57,6,Monday,20:30,Home,Ben Roethlisberger,Ryan Fitzpatrick,Walt Coleman,PIT00,0,-106,-104
2014,8,DEN,SD,4,4,1,outdoors,grass,68,3,Thursday,20:25,Home,Peyton Manning,Philip Rivers,Terry McAulay,DEN00,0,-104,-106
2014,8,NO,GB,7,7,0,dome,sportturf,,,Sunday,20:30,Home,Drew Brees,Aaron Rodgers,Ed Hochuli,NOR00,0,-108,-102
2014,8,CLE,OAK,7,7,0,outdoors,grass,55,20,Sunday,16:25,Home,Brian Hoyer,Derek Carr,Ronald Torbert,CLE00,0,100,-110
2014,8,PIT,IND,6,7,0,outdoors,grass,62,12,Sunday,16:25,Home,Ben Roethlisberger,Andrew Luck,John Parry,PIT00,0,-103,-107
2014,8,ARI,PHI,7,14,0,closed,grass,,,Sunday,16:05,Home,Carson Palmer,Nick Foles,Walt Anderson,PHO00,0,102,-113
2014,8,CAR,SEA,7,7,0,outdoors,grass,77,9,Sunday,13:00,Home,Cam Newton,Russell Wilson,Walt Coleman,CAR00,0,-110,100
2014,8,CIN,BAL,7,7,1,outdoors,fieldturf,62,6,Sunday,13:00,Home,Andy Dalton,Joe Flacco,Clete Blakeman,CIN00,0,116,-128
2014,8,JAX,MIA,7,7,0,outdoors,grass,76,6,Sunday,13:00,Home,Blake Bortles,Ryan Tannehill,Jerome Boger,JAX00,0,-107,-103
2014,8,KC,STL,7,7,0,outdoors,grass,70,8,Sunday,13:00,Home,Alex Smith,Austin Davis,Jeff Triplette,KAN00,0,100,-110
2014,8,NE,CHI,10,7,0,outdoors,fieldturf,54,14,Sunday,13:00,Home,Tom Brady,Jay Cutler,Brad Allen,BOS00,0,-106,-104
2014,8,NYJ,BUF,10,7,1,outdoors,fieldturf,59,16,Sunday,13:00,Home,Geno Smith,Kyle Orton,Gene Steratore,NYC01,0,104,-115
2014,8,TB,MIN,14,7,0,outdoors,grass,77,5,Sunday,13:00,Home,Mike Glennon,Teddy Bridgewater,Craig Wrolstad,TAM00,1,-108,-102
2014,8,TEN,HOU,7,6,1,outdoors,grass,73,2,Sunday,13:00,Home,Zach Mettenberger,Ryan Fitzpatrick,Bill Leavy,NAS00,0,-108,-102
2014,8,ATL,DET,7,7,0,outdoors,fieldturf,59,13,Sunday,09:30,Neutral,Matt Ryan,Matthew Stafford,Peter Morelli,LON00,0,-118,107
2014,8,DAL,WAS,8,8,1,closed,matrixturf,,,Monday,20:30,Home,Tony Romo,Colt McCoy,Tony Corrente,DAL00,1,-110,100
2014,9,CAR,NO,4,4,1,outdoors,grass,58,3,Thursday,20:25,Home,Cam Newton,Drew Brees,Clete Blakeman,CAR00,0,102,-113
2014,9,PIT,BAL,7,7,1,outdoors,grass,38,6,Sunday,20:30,Home,Ben Roethlisberger,Joe Flacco,Bill Vinovich,PIT00,0,-102,-108
2014,9,NE,DEN,7,10,0,outdoors,fieldturf,35,19,Sunday,16:25,Home,Tom Brady,Peyton Manning,Walt Anderson,BOS00,0,-106,-104
2014,9,SEA,OAK,7,7,0,outdoors,fieldturf,54,9,Sunday,16:25,Home,Russell Wilson,Derek Carr,Ed Hochuli,SEA00,0,102,-113
2014,9,SF,STL,14,7,1,outdoors,grass,61,8,Sunday,16:05,Home,Colin Kaepernick,Austin Davis,Jerome Boger,SFO01,0,-104,-106
2014,9,CIN,JAX,7,7,0,outdoors,fieldturf,42,3,Sunday,13:00,Home,Andy Dalton,Blake Bortles,Ronald Torbert,CIN00,0,-103,-107
2014,9,CLE,TB,7,7,0,outdoors,grass,42,8,Sunday,13:00,Home,Brian Hoyer,Mike Glennon,Terry McAulay,CLE00,0,-105,-105
2014,9,DAL,ARI,6,7,0,closed,matrixturf,,,Sunday,13:00,Home,Brandon Weeden,Carson Palmer,Craig Wrolstad,DAL00,0,-105,-105
2014,9,HOU,PHI,7,7,0,closed,grass,,,Sunday,13:00,Home,Ryan Fitzpatrick,Nick Foles,John Parry,HOU00,0,-108,-102
2014,9,KC,NYJ,7,7,0,outdoors,grass,57,20,Sunday,13:00,Home,Alex Smith,Michael Vick,Tony Corrente,KAN00,0,-105,-105
2014,9,MIA,SD,7,10,0,outdoors,grass,70,16,Sunday,13:00,Home,Ryan Tannehill,Philip Rivers,Brad Allen,MIA00,0,103,-114
2014,9,MIN,WAS,7,6,0,outdoors,fieldturf,50,10,Sunday,13:00,Home,Teddy Bridgewater,Robert Griffin,Gene Steratore,MIN98,0,-105,-105
2014,9,NYG,IND,15,8,0,outdoors,fieldturf,55,6,Monday,20:30,Home,Eli Manning,Andrew Luck,Carl Cheffers,NYC01,0,-113,102
2015,1,NE,PIT,7,7,0,outdoors,fieldturf,65,7,Thursday,20:30,Home,Tom Brady,Ben Roethlisberger,Carl Cheffers,BOS00,0,101,-111
2015,1,DAL,NYG,7,7,1,closed,matrixturf,,,Sunday,20:30,Home,Tony Romo,Eli Manning,Bill Vinovich,DAL00,0,-102,-108
2015,1,DEN,BAL,7,7,0,outdoors,grass,88,13,Sunday,16:25,Home,Peyton Manning,Joe Flacco,Gene Steratore,DEN00,0,-109,-101
2015,1,OAK,CIN,7,7,0,outdoors,grass,73,9,Sunday,16:25,Home,Derek Carr,Andy Dalton,Brad Allen,OAK00,0,-110,-100
2015,1,TB,TEN,7,7,0,outdoors,grass,84,8,Sunday,16:25,Home,Jameis Winston,Marcus Mariota,John Hussey,TAM00,0,-106,-104
2015,1,ARI,NO,7,7,0,closed,grass,,,Sunday,16:05,Home,Carson Palmer,Drew Brees,Walt Anderson,PHO00,0,-110,100
2015,1,SD,DET,7,7,0,outdoors,grass,84,10,Sunday,16:05,Home,Philip Rivers,Matthew Stafford,Clete Blakeman,SDG00,0,-102,-108
2015,1,BUF,IND,7,7,0,outdoors,a_turf,56,15,Sunday,13:00,Home,Tyrod Taylor,Andrew Luck,John Parry,BUF00,0,-107,-103
2015,1,CHI,GB,7,7,1,outdoors,grass,72,11,Sunday,13:00,Home,Jay Cutler,Aaron Rodgers,Craig Wrolstad,CHI98,0,100,-110
2015,1,HOU,KC,7,7,0,closed,grass,,,Sunday,13:00,Home,Brian Hoyer,Alex Smith,Peter Morelli,HOU00,0,-110,100
2015,1,JAX,CAR,7,7,0,outdoors,grass,77,7,Sunday,13:00,Home,Blake Bortles,Cam Newton,Ron Torbert,JAX00,0,-110,-100
2015,1,NYJ,CLE,7,7,0,outdoors,fieldturf,77,8,Sunday,13:00,Home,Ryan Fitzpatrick,Josh McCown,Jerome Boger,NYC01,0,-108,-102
2015,1,STL,SEA,7,7,1,dome,astroplay,,,Sunday,13:00,Home,Nick Foles,Russell Wilson,Jeff Triplette,STL00,1,-109,-101
2015,1,WAS,MIA,7,7,0,outdoors,grass,69,10,Sunday,13:00,Home,Kirk Cousins,Ryan Tannehill,Walt Coleman,WAS00,0,100,-110
2015,1,SF,MIN,7,7,0,outdoors,grass,70,5,Monday,22:20,Home,Colin Kaepernick,Teddy Bridgewater,Ed Hochuli,SFO01,0,121,-134
2015,1,ATL,PHI,7,7,0,dome,fieldturf,,,Monday,19:10,Home,Matt Ryan,Sam Bradford,Terry McAulay,ATL00,0,-110,100
2015,10,NYJ,BUF,4,4,1,outdoors,fieldturf,60,16,Thursday,20:25,Home,Ryan Fitzpatrick,Tyrod Taylor,Brad Allen,NYC01,0,-101,-109
2015,10,SEA,ARI,14,14,1,outdoors,fieldturf,49,0,Sunday,20:30,Home,Russell Wilson,Carson Palmer,Clete Blakeman,SEA00,0,102,-113
2015,10,DEN,KC,7,14,1,outdoors,grass,64,5,Sunday,16:25,Home,Peyton Manning,Alex Smith,Gene Steratore,DEN00,0,102,-113
2015,10,NYG,NE,7,7,0,outdoors,fieldturf,60,8,Sunday,16:25,Home,Eli Manning,Tom Brady,Ed Hochuli,NYC01,0,-106,-104
2015,10,OAK,MIN,7,7,0,outdoors,grass,62,31,Sunday,16:05,Home,Derek Carr,Teddy Bridgewater,Tony Corrente,OAK00,0,-113,102
2015,10,BAL,JAX,14,7,0,outdoors,sportturf,60,10,Sunday,13:00,Home,Joe Flacco,Blake Bortles,Peter Morelli,BAL00,0,-105,-105
2015,10,GB,DET,7,14,1,outdoors,grass,55,7,Sunday,13:00,Home,Aaron Rodgers,Matthew Stafford,John Hussey,GNB00,0,102,-113
2015,10,PHI,MIA,7,7,0,outdoors,grass,59,13,Sunday,13:00,Home,Sam Bradford,Ryan Tannehill,Terry McAulay,PHI00,0,-102,-108
2015,10,PIT,CLE,7,10,1,outdoors,grass,61,12,Sunday,13:00,Home,Landry Jones,Johnny Manziel,Ron Torbert,PIT00,0,-105,-105
2015,10,STL,CHI,7,6,0,dome,astroplay,,,Sunday,13:00,Home,Nick Foles,Jay Cutler,Jeff Triplette,STL00,0,-108,-102
2015,10,TB,DAL,7,7,0,outdoors,grass,79,13,Sunday,13:00,Home,Jameis Winston,Matt Cassel,Bill Vinovich,TAM00,0,-108,-102
2015,10,TEN,CAR,7,7,0,outdoors,grass,57,2,Sunday,13:00,Home,Marcus Mariota,Cam Newton,Walt Anderson,NAS00,0,-105,-105
2015,10,WAS,NO,7,7,0,outdoors,grass,61,5,Sunday,13:00,Home,Kirk Cousins,Drew Brees,John Parry,WAS00,0,-105,-105
2015,10,CIN,HOU,11,15,0,outdoors,fieldturf,53,4,Monday,20:30,Home,Andy Dalton,Brian Hoyer,Walt Coleman,CIN00,0,-105,-105
2015,11,JAX,TEN,4,4,1,outdoors,grass,75,5,Thursday,20:25,Home,Blake Bortles,Marcus Mariota,Craig Wrolstad,JAX00,0,109,-120
2015,11,ARI,CIN,7,6,0,closed,grass,,,Sunday,20:30,Home,Carson Palmer,Andy Dalton,Terry McAulay,PHO00,0,102,-113
2015,11,MIN,GB,7,7,1,outdoors,fieldturf,30,8,Sunday,16:25,Home,Teddy Bridgewater,Aaron Rodgers,Walt Coleman,MIN98,0,-105,-105
2015,11,SEA,SF,7,14,1,outdoors,fieldturf,46,6,Sunday,16:25,Home,Russell Wilson,Blaine Gabbert,Ed Hochuli,SEA00,0,-102,-108
2015,11,SD,KC,13,7,1,outdoors,grass,87,4,Sunday,16:05,Home,Philip Rivers,Alex Smith,Carl Cheffers,SDG00,0,107,-118
2015,11,ATL,IND,14,14,0,dome,fieldturf,,,Sunday,13:00,Home,Matt Ryan,Matt Hasselbeck,Walt Anderson,ATL00,0,103,-114
2015,11,BAL,STL,7,7,0,outdoors,sportturf,47,14,Sunday,13:00,Home,Joe Flacco,Case Keenum,Tony Corrente,BAL00,0,100,-110
2015,11,CAR,WAS,7,7,0,outdoors,grass,50,8,Sunday,13:00,Home,Cam Newton,Kirk Cousins,Jerome Boger,CAR00,0,-106,-104
2015,11,CHI,DEN,7,7,0,outdoors,grass,29,9,Sunday,13:00,Home,Jay Cutler,Brock Osweiler,Peter Morelli,CHI98,0,-108,-102
2015,11,DET,OAK,7,7,0,dome,fieldturf,,,Sunday,13:00,Home,Matthew Stafford,Derek Carr,Clete Blakeman,DET00,0,100,-110
2015,11,HOU,NYJ,6,10,0,closed,fieldturf,,,Sunday,13:00,Home,T.J. Yates,Ryan Fitzpatrick,John Parry,HOU00,0,-107,-103
2015,11,MIA,DAL,7,7,0,outdoors,grass,74,10,Sunday,13:00,Home,Ryan Tannehill,Tony Romo,Jeff Triplette,MIA00,0,100,-110
2015,11,PHI,TB,7,7,0,outdoors,grass,48,15,Sunday,13:00,Home,Mark Sanchez,Jameis Winston,Brad Allen,PHI00,0,102,-113
2015,11,NE,BUF,8,11,1,outdoors,fieldturf,29,8,Monday,20:30,Home,Tom Brady,Tyrod Taylor,Gene Steratore,BOS00,0,-102,-108
2015,12,GB,CHI,4,4,1,outdoors,grass,39,19,Thursday,20:30,Home,Aaron Rodgers,Jay Cutler,Ed Hochuli,GNB00,0,-110,100
2015,12,DAL,CAR,4,4,0,closed,matrixturf,,,Thursday,16:30,Home,Tony Romo,Cam Newton,Ron Torbert,DAL00,0,-105,-105
2015,12,DET,PHI,4,4,0,dome,fieldturf,,,Thursday,12:30,Home,Matthew Stafford,Mark Sanchez,John Parry,DET00,0,-101,-109
2015,12,DEN,NE,7,6,0,outdoors,grass,23,3,Sunday,20:30,Home,Brock Osweiler,Tom Brady,Tony Corrente,DEN00,1,-107,-103
2015,12,SEA,PIT,7,14,0,outdoors,fieldturf,38,2,Sunday,16:25,Home,Russell Wilson,Ben Roethlisberger,Walt Anderson,SEA00,0,113,-125
2015,12,SF,ARI,7,7,1,outdoors,grass,54,4,Sunday,16:05,Home,Blaine Gabbert,Carson Palmer,Peter Morelli,SFO01,0,-104,-106
2015,12,ATL,MIN,7,7,0,dome,fieldturf,,,Sunday,13:00,Home,Matt Ryan,Teddy Bridgewater,Clete Blakeman,ATL00,0,-110,100
2015,12,CIN,STL,7,7,0,outdoors,fieldturf,41,8,Sunday,13:00,Home,Andy Dalton,Nick Foles,Craig Wrolstad,CIN00,0,113,-125
2015,12,HOU,NO,7,14,0,closed,fieldturf,,,Sunday,13:00,Home,Brian Hoyer,Drew Brees,John Hussey,HOU00,0,-112,102
2015,12,IND,TB,7,7,0,closed,fieldturf,,,Sunday,13:00,Home,Matt Hasselbeck,Jameis Winston,Walt Coleman,IND00,0,115,-127
2015,12,JAX,SD,10,7,0,outdoors,grass,75,8,Sunday,13:00,Home,Blake Bortles,Philip Rivers,Jerome Boger,JAX00,0,-116,105
2015,12,KC,BUF,7,6,0,outdoors,grass,35,7,Sunday,13:00,Home,Alex Smith,Tyrod Taylor,Terry McAulay,KAN00,0,-110,100
2015,12,NYJ,MIA,7,7,1,outdoors,fieldturf,45,5,Sunday,13:00,Home,Ryan Fitzpatrick,Ryan Tannehill,Bill Vinovich,NYC01,0,-110,100
2015,12,TEN,OAK,10,7,0,outdoors,grass,56,4,Sunday,13:00,Home,Marcus Mariota,Derek Carr,Jeff Triplette,NAS00,0,-103,-107
2015,12,WAS,NYG,7,14,1,outdoors,grass,46,5,Sunday,13:00,Home,Kirk Cousins,Eli Manning,Carl Cheffers,WAS00,0,-109,-101
2015,12,CLE,BAL,15,8,1,outdoors,grass,45,9,Monday,20:30,Home,Josh McCown,Matt Schaub,Brad Allen,CLE00,0,-111,101
2015,13,DET,GB,7,7,1,dome,fieldturf,,,Thursday,20:25,Home,Matthew Stafford,Aaron Rodgers,Carl Cheffers,DET00,0,-115,104
2015,13,PIT,IND,7,7,0,outdoors,grass,37,2,Sunday,20:30,Home,Ben Roethlisberger,Matt Hasselbeck,Ron Torbert,PIT00,0,-108,-102
2015,13,NE,PHI,7,10,0,outdoors,fieldturf,52,5,Sunday,16:25,Home,Tom Brady,Sam Bradford,Peter Morelli,BOS00,0,-107,-103
2015,13,NO,CAR,7,10,1,dome,sportturf,,,Sunday,16:25,Home,Drew Brees,Cam Newton,Brad Allen,NOR00,0,-110,100
2015,13,OAK,KC,7,7,1,outdoors,grass,57,3,Sunday,16:05,Home,Derek Carr,Alex Smith,Craig Wrolstad,OAK00,0,-104,-106
2015,13,SD,DEN,7,7,1,outdoors,grass,78,4,Sunday,16:05,Home,Philip Rivers,Brock Osweiler,Walt Coleman,SDG00,0,-113,102
2015,13,BUF,HOU,7,7,0,outdoors,a_turf,47,8,Sunday,13:00,Home,Tyrod Taylor,Brian Hoyer,Tony Corrente,BUF00,0,106,-117
2015,13,CHI,SF,10,7,0,outdoors,grass,50,5,Sunday,13:00,Home,Jay Cutler,Blaine Gabbert,Jerome Boger,CHI98,1,-105,-105
2015,13,CLE,CIN,6,7,1,outdoors,grass,45,12,Sunday,13:00,Home,Austin Davis,Andy Dalton,Jeff Triplette,CLE00,0,-115,104
2015,13,MIA,BAL,7,6,0,outdoors,grass,80,21,Sunday,13:00,Home,Ryan Tannehill,Matt Schaub,John Parry,MIA00,0,108,-119
2015,13,MIN,SEA,7,7,0,outdoors,fieldturf,37,3,Sunday,13:00,Home,Teddy Bridgewater,Russell Wilson,Terry McAulay,MIN98,0,109,-120
2015,13,NYG,NYJ,7,7,0,outdoors,fieldturf,51,8,Sunday,13:00,Home,Eli Manning,Ryan Fitzpatrick,John Hussey,NYC01,1,-105,-105
2015,13,STL,ARI,7,7,1,dome,astroplay,,,Sunday,13:00,Home,Nick Foles,Carson Palmer,Bill Vinovich,STL00,0,-110,100
2015,13,TB,ATL,7,7,1,outdoors,grass,79,18,Sunday,13:00,Home,Jameis Winston,Matt Ryan,Ed Hochuli,TAM00,0,-109,-101
2015,13,TEN,JAX,7,7,1,outdoors,grass,56,1,Sunday,13:00,Home,Marcus Mariota,Blake Bortles,Gene Steratore,NAS00,0,111,-123
2015,13,WAS,DAL,8,11,1,outdoors,grass,41,0,Monday,20:30,Home,Kirk Cousins,Matt Cassel,Walt Anderson,WAS00,0,100,-110
2015,14,ARI,MIN,4,4,0,open,grass,,,Thursday,20:25,Home,Carson Palmer,Teddy Bridgewater,Gene Steratore,PHO00,0,-105,-105
2015,14,BAL,SEA,7,7,0,outdoors,sportturf,65,2,Sunday,13:00,Home,Jimmy Clausen,Russell Wilson,Walt Coleman,BAL00,0,-118,107
2015,14,GB,DAL,10,6,0,outdoors,grass,53,10,Sunday,16:25,Home,Aaron Rodgers,Matt Cassel,Brad Allen,GNB00,0,-110,100
2015,14,DEN,OAK,7,7,1,outdoors,grass,45,2,Sunday,16:05,Home,Brock Osweiler,Derek Carr,Bill Vinovich,DEN00,0,-108,-102
2015,14,CAR,ATL,7,7,1,outdoors,grass,63,6,Sunday,13:00,Home,Cam Newton,Matt Ryan,Tony Corrente,CAR00,0,-109,-101
2015,14,CHI,WAS,7,6,0,outdoors,grass,62,12,Sunday,13:00,Home,Jay Cutler,Kirk Cousins,Ron Torbert,CHI98,0,-109,-101
2015,14,CIN,PIT,7,7,1,outdoors,fieldturf,63,8,Sunday,13:00,Home,Andy Dalton,Ben Roethlisberger,John Parry,CIN00,0,100,-110
2015,14,CLE,SF,7,7,0,outdoors,grass,63,11,Sunday,13:00,Home,Johnny Manziel,Blaine Gabbert,John Hussey,CLE00,0,-107,-103
2015,14,HOU,NE,7,7,0,closed,fieldturf,,,Sunday,20:30,Home,Brian Hoyer,Tom Brady,Jeff Triplette,HOU00,0,-106,-104
2015,14,JAX,IND,7,7,1,outdoors,grass,79,5,Sunday,13:00,Home,Blake Bortles,Matt Hasselbeck,Carl Cheffers,JAX00,0,-106,-104
2015,14,KC,SD,7,7,1,outdoors,grass,61,14,Sunday,13:00,Home,Alex Smith,Philip Rivers,Peter Morelli,KAN00,0,-111,101
2015,14,NYJ,TEN,7,7,0,outdoors,fieldturf,67,5,Sunday,13:00,Home,Ryan Fitzpatrick,Marcus Mariota,Jerome Boger,NYC01,0,102,-113
2015,14,PHI,BUF,7,7,0,outdoors,grass,66,3,Sunday,13:00,Home,Sam Bradford,Tyrod Taylor,Ed Hochuli,PHI00,0,-107,-103
2015,14,STL,DET,7,10,0,dome,astroplay,,,Sunday,13:00,Home,Case Keenum,Matthew Stafford,Walt Anderson,STL00,0,-105,-105
2015,14,TB,NO,7,7,1,outdoors,grass,81,15,Sunday,13:00,Home,Jameis Winston,Drew Brees,Clete Blakeman,TAM00,0,-108,-102
2015,14,MIA,NYG,8,8,0,outdoors,grass,77,6,Monday,20:30,Home,Ryan Tannehill,Eli Manning,Craig Wrolstad,MIA00,0,-109,-101
2015,15,STL,TB,4,4,0,dome,astroplay,,,Thursday,20:25,Home,Case Keenum,Jameis Winston,Jerome Boger,STL00,0,102,-113
2015,15,DAL,NYJ,6,6,0,closed,matrixturf,,,Saturday,20:25,Home,Matt Cassel,Ryan Fitzpatrick,Craig Wrolstad,DAL00,0,-107,-103
2015,15,PHI,ARI,7,10,0,outdoors,grass,37,4,Sunday,20:30,Home,Sam Bradford,Carson Palmer,Tony Corrente,PHI00,0,-115,104
2015,15,PIT,DEN,7,7,0,outdoors,grass,41,8,Sunday,16:25,Home,Ben Roethlisberger,Brock Osweiler,Carl Cheffers,PIT00,0,-107,-103
2015,15,SD,MIA,7,6,0,outdoors,grass,61,11,Sunday,16:25,Home,Philip Rivers,Ryan Tannehill,John Hussey,SDG00,0,103,-114
2015,15,SF,CIN,7,7,0,outdoors,grass,52,14,Sunday,16:25,Home,Blaine Gabbert,A.J. McCarron,Ron Torbert,SFO01,0,-114,103
2015,15,OAK,GB,7,7,0,outdoors,grass,54,18,Sunday,16:05,Home,Derek Carr,Aaron Rodgers,Walt Anderson,OAK00,0,-104,-106
2015,15,SEA,CLE,7,7,0,outdoors,fieldturf,47,10,Sunday,16:05,Home,Russell Wilson,Johnny Manziel,Gene Steratore,SEA00,0,-105,-105
2015,15,BAL,KC,7,7,0,outdoors,sportturf,41,5,Sunday,13:00,Home,Jimmy Clausen,Alex Smith,Jeff Triplette,BAL00,0,-105,-105
2015,15,IND,HOU,7,7,1,closed,fieldturf,,,Sunday,13:00,Home,Matt Hasselbeck,T.J. Yates,Ed Hochuli,IND00,0,-105,-105
2015,15,JAX,ATL,7,7,0,outdoors,grass,65,8,Sunday,13:00,Home,Blake Bortles,Matt Ryan,Bill Vinovich,JAX00,0,-107,-103
2015,15,MIN,CHI,10,7,1,outdoors,fieldturf,36,3,Sunday,13:00,Home,Teddy Bridgewater,Jay Cutler,Brad Allen,MIN98,0,-105,-105
2015,15,NE,TEN,7,7,0,outdoors,fieldturf,40,12,Sunday,13:00,Home,Tom Brady,Marcus Mariota,Walt Coleman,BOS00,0,106,-117
2015,15,NYG,CAR,6,7,0,outdoors,fieldturf,41,8,Sunday,13:00,Home,Eli Manning,Cam Newton,Terry McAulay,NYC01,0,-101,-109
2015,15,WAS,BUF,7,7,0,outdoors,grass,43,3,Sunday,13:00,Home,Kirk Cousins,Tyrod Taylor,Clete Blakeman,WAS00,0,-113,102
2015,15,NO,DET,8,8,0,dome,sportturf,,,Monday,20:30,Home,Drew Brees,Matthew Stafford,Peter Morelli,NOR00,0,100,-110
2015,16,OAK,SD,4,4,1,outdoors,grass,47,25,Thursday,20:25,Home,Derek Carr,Philip Rivers,Carl Cheffers,OAK00,1,-105,-105
2015,16,PHI,WAS,6,6,1,outdoors,grass,52,6,Saturday,20:25,Home,Sam Bradford,Kirk Cousins,Walt Coleman,PHI00,0,-109,-101
2015,16,ARI,GB,7,7,0,closed,grass,,,Sunday,16:25,Home,Carson Palmer,Aaron Rodgers,Terry McAulay,PHO00,0,-108,-102
2015,16,SEA,STL,7,10,1,outdoors,fieldturf,37,0,Sunday,16:25,Home,Russell Wilson,Case Keenum,John Hussey,SEA00,0,100,-110
2015,16,NO,JAX,6,7,0,dome,sportturf,,,Sunday,16:05,Home,Drew Brees,Blake Bortles,Ron Torbert,NOR00,0,-107,-103
2015,16,ATL,CAR,7,7,1,dome,fieldturf,,,Sunday,13:00,Home,Matt Ryan,Cam Newton,John Parry,ATL00,0,-113,102
2015,16,BAL,PIT,7,7,1,outdoors,sportturf,64,9,Sunday,13:00,Home,Ryan Mallett,Ben Roethlisberger,Craig Wrolstad,BAL00,0,-101,-109
2015,16,BUF,DAL,7,8,0,outdoors,a_turf,39,11,Sunday,13:00,Home,Tyrod Taylor,Kellen Moore,Jeff Triplette,BUF00,0,-103,-107
2015,16,DET,SF,6,7,0,dome,fieldturf,,,Sunday,13:00,Home,Matthew Stafford,Blaine Gabbert,Bill Vinovich,DET00,0,-115,104
2015,16,KC,CLE,7,7,0,outdoors,grass,36,16,Sunday,13:00,Home,Alex Smith,Johnny Manziel,Walt Anderson,KAN00,0,-107,-103
2015,16,MIA,IND,7,7,0,outdoors,grass,82,15,Sunday,13:00,Home,Ryan Tannehill,Matt Hasselbeck,Gene Steratore,MIA00,0,-111,101
2015,16,MIN,NYG,7,7,0,outdoors,fieldturf,13,8,Sunday,20:30,Home,Teddy Bridgewater,Eli Manning,Tony Corrente,MIN98,0,100,-110
2015,16,NYJ,NE,8,7,1,outdoors,fieldturf,57,11,Sunday,13:00,Home,Ryan Fitzpatrick,Tom Brady,Clete Blakeman,NYC01,1,100,-110
2015,16,TB,CHI,10,7,0,outdoors,grass,83,13,Sunday,13:00,Home,Jameis Winston,Jay Cutler,Peter Morelli,TAM00,0,-123,111
2015,16,TEN,HOU,7,7,1,outdoors,grass,73,15,Sunday,13:00,Home,Zach Mettenberger,Brandon Weeden,Brad Allen,NAS00,0,-123,111
2015,16,DEN,CIN,8,8,0,outdoors,grass,16,6,Monday,20:30,Home,Brock Osweiler,A.J. McCarron,Ed Hochuli,DEN00,1,-102,-108
2015,17,ARI,SEA,7,7,1,closed,grass,,,Sunday,16:25,Home,Carson Palmer,Russell Wilson,Brad Allen,PHO00,0,-101,-109
2015,17,DEN,SD,6,10,1,outdoors,grass,50,5,Sunday,16:25,Home,Brock Osweiler,Philip Rivers,Ron Torbert,DEN00,0,-113,102
2015,17,SF,STL,7,7,1,outdoors,grass,53,6,Sunday,16:25,Home,Blaine Gabbert,Case Keenum,Walt Coleman,SFO01,1,104,-115
2015,17,ATL,NO,7,7,1,dome,fieldturf,,,Sunday,13:00,Home,Matt Ryan,Drew Brees,Craig Wrolstad,ATL00,0,-104,-106
2015,17,BUF,NYJ,7,7,1,outdoors,a_turf,35,21,Sunday,13:00,Home,Tyrod Taylor,Ryan Fitzpatrick,Walt Anderson,BUF00,0,108,-119
2015,17,CAR,TB,7,7,1,outdoors,grass,54,4,Sunday,16:25,Home,Cam Newton,Jameis Winston,Jerome Boger,CAR00,0,107,-118
2015,17,CHI,DET,7,7,1,outdoors,grass,31,15,Sunday,13:00,Home,Jay Cutler,Matthew Stafford,John Hussey,CHI98,0,-107,-103
2015,17,CIN,BAL,6,7,1,outdoors,fieldturf,35,7,Sunday,13:00,Home,A.J. McCarron,Ryan Mallett,Carl Cheffers,CIN00,0,111,-123
2015,17,CLE,PIT,7,7,1,outdoors,grass,34,18,Sunday,13:00,Home,Austin Davis,Ben Roethlisberger,Peter Morelli,CLE00,0,-114,103
2015,17,DAL,WAS,7,8,1,closed,matrixturf,,,Sunday,13:00,Home,Kellen Moore,Kirk Cousins,John Parry,DAL00,0,-122,111
2015,17,GB,MIN,7,7,1,outdoors,grass,24,11,Sunday,20:30,Home,Aaron Rodgers,Teddy Bridgewater,Bill Vinovich,GNB00,0,104,-115
2015,17,HOU,JAX,7,7,1,closed,fieldturf,,,Sunday,13:00,Home,Brian Hoyer,Blake Bortles,Terry McAulay,HOU00,0,-108,-102
2015,17,IND,TEN,7,7,1,closed,fieldturf,,,Sunday,13:00,Home,Josh Freeman,Zach Mettenberger,Clete Blakeman,IND00,0,-105,-105
2015,17,KC,OAK,7,10,1,outdoors,grass,37,9,Sunday,16:25,Home,Alex Smith,Derek Carr,Tony Corrente,KAN00,0,-106,-104
2015,17,MIA,NE,7,7,1,outdoors,grass,80,7,Sunday,13:00,Home,Ryan Tannehill,Tom Brady,Ed Hochuli,MIA00,0,-115,104
2015,17,NYG,PHI,7,8,1,outdoors,fieldturf,45,17,Sunday,13:00,Home,Eli Manning,Sam Bradford,Gene Steratore,NYC01,0,-110,100
2015,2,KC,DEN,4,4,1,outdoors,grass,87,13,Thursday,20:25,Home,Alex Smith,Peyton Manning,Walt Anderson,KAN00,0,-113,102
2015,2,GB,SEA,7,7,0,outdoors,grass,62,9,Sunday,20:30,Home,Aaron Rodgers,Russell Wilson,Gene Steratore,GNB00,0,-101,-109
2015,2,PHI,DAL,6,7,1,outdoors,grass,77,15,Sunday,16:25,Home,Sam Bradford,Tony Romo,Tony Corrente,PHI00,0,100,-110
2015,2,JAX,MIA,7,7,0,outdoors,grass,87,5,Sunday,16:05,Home,Blake Bortles,Ryan Tannehill,John Parry,JAX00,0,100,-110
2015,2,OAK,BAL,7,7,0,outdoors,grass,80,8,Sunday,16:05,Home,Derek Carr,Joe Flacco,Peter Morelli,OAK00,0,103,-114
2015,2,BUF,NE,7,10,1,outdoors,a_turf,62,7,Sunday,13:00,Home,Tyrod Taylor,Tom Brady,Ron Torbert,BUF00,0,-107,-103
2015,2,CAR,HOU,7,7,0,outdoors,grass,88,6,Sunday,13:00,Home,Cam Newton,Ryan Mallett,Clete Blakeman,CAR00,0,106,-117
2015,2,CHI,ARI,7,7,0,outdoors,grass,70,6,Sunday,13:00,Home,Jay Cutler,Carson Palmer,Jerome Boger,CHI98,0,-107,-103
2015,2,CIN,SD,7,7,0,outdoors,fieldturf,69,6,Sunday,13:00,Home,Andy Dalton,Philip Rivers,Jeff Triplette,CIN00,0,100,-110
2015,2,CLE,TEN,7,7,0,outdoors,grass,64,12,Sunday,13:00,Home,Johnny Manziel,Marcus Mariota,Terry McAulay,CLE00,0,-105,-105
2015,2,MIN,DET,6,7,1,outdoors,fieldturf,67,0,Sunday,13:00,Home,Teddy Bridgewater,Matthew Stafford,Bill Vinovich,MIN98,0,-115,104
2015,2,NO,TB,7,7,1,dome,sportturf,,,Sunday,13:00,Home,Drew Brees,Jameis Winston,Carl Cheffers,NOR00,0,100,-110
2015,2,NYG,ATL,7,6,0,outdoors,fieldturf,73,9,Sunday,13:00,Home,Eli Manning,Matt Ryan,Brad Allen,NYC01,0,-107,-103
2015,2,PIT,SF,10,6,0,outdoors,grass,66,10,Sunday,13:00,Home,Ben Roethlisberger,Colin Kaepernick,Craig Wrolstad,PIT00,0,-103,-107
2015,2,WAS,STL,7,7,0,outdoors,grass,72,9,Sunday,13:00,Home,Kirk Cousins,Nick Foles,Ed Hochuli,WAS00,0,109,-120
2015,2,IND,NYJ,8,8,0,closed,fieldturf,,,Monday,20:30,Home,Andrew Luck,Ryan Fitzpatrick,John Hussey,IND00,0,-102,-108
2015,3,NYG,WAS,4,4,1,outdoors,fieldturf,71,4,Thursday,20:25,Home,Eli Manning,Kirk Cousins,Ron Torbert,NYC01,0,-115,104
2015,3,DET,DEN,7,10,0,dome,fieldturf,,,Sunday,20:30,Home,Matthew Stafford,Peyton Manning,Jeff Triplette,DET00,0,-119,108
2015,3,MIA,BUF,7,7,1,outdoors,grass,87,6,Sunday,16:25,Home,Ryan Tannehill,Tyrod Taylor,Jerome Boger,MIA00,0,100,-110
2015,3,SEA,CHI,7,7,0,outdoors,fieldturf,60,5,Sunday,16:25,Home,Russell Wilson,Jimmy Clausen,Carl Cheffers,SEA00,0,100,-110
2015,3,ARI,SF,7,7,1,closed,grass,,,Sunday,16:05,Home,Carson Palmer,Colin Kaepernick,Tony Corrente,PHO00,0,-101,-109
2015,3,BAL,CIN,7,7,1,outdoors,sportturf,70,12,Sunday,13:00,Home,Joe Flacco,Andy Dalton,Walt Anderson,BAL00,0,-115,104
2015,3,CAR,NO,7,7,1,outdoors,grass,69,9,Sunday,13:00,Home,Cam Newton,Luke McCown,Ed Hochuli,CAR00,0,102,-113
2015,3,CLE,OAK,7,7,0,outdoors,grass,75,16,Sunday,13:00,Home,Josh McCown,Derek Carr,Clete Blakeman,CLE00,0,-102,-108
2015,3,DAL,ATL,7,7,0,closed,matrixturf,,,Sunday,13:00,Home,Brandon Weeden,Matt Ryan,Peter Morelli,DAL00,0,-108,-102
2015,3,HOU,TB,7,7,0,closed,fieldturf,,,Sunday,13:00,Home,Ryan Mallett,Jameis Winston,Bill Vinovich,HOU00,0,-105,-105
2015,3,MIN,SD,7,7,0,outdoors,fieldturf,75,12,Sunday,13:00,Home,Teddy Bridgewater,Philip Rivers,Terry McAulay,MIN98,0,100,-110
2015,3,NE,JAX,7,7,0,outdoors,fieldturf,68,6,Sunday,13:00,Home,Tom Brady,Blake Bortles,Walt Coleman,BOS00,0,-102,-108
2015,3,NYJ,PHI,6,7,0,outdoors,fieldturf,66,7,Sunday,13:00,Home,Ryan Fitzpatrick,Sam Bradford,Gene Steratore,NYC01,0,-113,102
2015,3,STL,PIT,7,7,0,dome,astroplay,,,Sunday,13:00,Home,Nick Foles,Ben Roethlisberger,John Hussey,STL00,0,-108,-102
2015,3,TEN,IND,7,6,1,outdoors,grass,74,3,Sunday,13:00,Home,Marcus Mariota,Andrew Luck,Craig Wrolstad,NAS00,0,111,-123
2015,3,GB,KC,8,11,0,outdoors,grass,67,5,Monday,20:30,Home,Aaron Rodgers,Alex Smith,John Parry,GNB00,0,-109,-101
2015,4,PIT,BAL,4,4,1,outdoors,grass,63,8,Thursday,20:25,Home,Michael Vick,Joe Flacco,Clete Blakeman,PIT00,1,-117,106
2015,4,NO,DAL,7,7,0,dome,sportturf,,,Sunday,20:30,Home,Drew Brees,Brandon Weeden,Brad Allen,NOR00,1,106,-117
2015,4,ARI,STL,7,7,1,closed,grass,,,Sunday,16:25,Home,Carson Palmer,Nick Foles,John Parry,PHO00,0,104,-115
2015,4,DEN,MIN,7,7,0,outdoors,grass,61,9,Sunday,16:25,Home,Peyton Manning,Teddy Bridgewater,Walt Coleman,DEN00,0,106,-117
2015,4,SF,GB,7,6,0,outdoors,grass,74,5,Sunday,16:25,Home,Colin Kaepernick,Aaron Rodgers,Terry McAulay,SFO01,0,-113,102
2015,4,SD,CLE,7,7,0,outdoors,grass,68,11,Sunday,16:05,Home,Philip Rivers,Josh McCown,Bill Vinovich,SDG00,0,-110,100
2015,4,ATL,HOU,7,7,0,dome,fieldturf,,,Sunday,13:00,Home,Matt Ryan,Ryan Mallett,Carl Cheffers,ATL00,0,-102,-108
2015,4,BUF,NYG,7,10,0,outdoors,a_turf,60,8,Sunday,13:00,Home,Tyrod Taylor,Eli Manning,John Hussey,BUF00,0,-105,-105
2015,4,CHI,OAK,7,7,0,outdoors,grass,55,12,Sunday,13:00,Home,Jay Cutler,Derek Carr,Jeff Triplette,CHI98,0,113,-125
2015,4,CIN,KC,7,6,0,outdoors,fieldturf,68,5,Sunday,13:00,Home,Andy Dalton,Alex Smith,Ron Torbert,CIN00,0,104,-115
2015,4,IND,JAX,7,7,1,open,fieldturf,,,Sunday,13:00,Home,Matt Hasselbeck,Blake Bortles,Ed Hochuli,IND00,1,-110,100
2015,4,TB,CAR,7,7,1,outdoors,grass,74,5,Sunday,13:00,Home,Jameis Winston,Cam Newton,Gene Steratore,TAM00,0,-110,100
2015,4,WAS,PHI,10,7,1,outdoors,grass,58,13,Sunday,13:00,Home,Kirk Cousins,Sam Bradford,Jerome Boger,WAS00,0,-113,102
2015,4,MIA,NYJ,7,7,1,outdoors,grass,59,5,Sunday,09:30,Neutral,Ryan Tannehill,Ryan Fitzpatrick,Craig Wrolstad,LON00,0,105,-116
2015,4,SEA,DET,8,8,0,outdoors,fieldturf,74,8,Monday,20:30,Home,Russell Wilson,Matthew Stafford,Tony Corrente,SEA00,0,102,-113
2015,5,HOU,IND,4,4,1,closed,fieldturf,,,Thursday,20:25,Home,Ryan Mallett,Matt Hasselbeck,Terry McAulay,HOU00,0,101,-111
2015,5,NYG,SF,7,7,0,outdoors,fieldturf,61,4,Sunday,20:30,Home,Eli Manning,Colin Kaepernick,Walt Coleman,NYC01,0,-105,-105
2015,5,DAL,NE,7,14,0,closed,matrixturf,,,Sunday,16:25,Home,Brandon Weeden,Tom Brady,Clete Blakeman,DAL00,0,-102,-108
2015,5,OAK,DEN,7,7,1,outdoors,grass,72,10,Sunday,16:25,Home,Derek Carr,Peyton Manning,John Hussey,OAK00,0,-103,-107
2015,5,DET,ARI,6,7,0,dome,fieldturf,,,Sunday,16:05,Home,Matthew Stafford,Carson Palmer,Gene Steratore,DET00,0,-105,-105
2015,5,ATL,WAS,7,7,0,dome,fieldturf,,,Sunday,13:00,Home,Matt Ryan,Kirk Cousins,Bill Vinovich,ATL00,1,109,-120
2015,5,BAL,CLE,10,7,1,outdoors,sportturf,65,2,Sunday,13:00,Home,Joe Flacco,Josh McCown,Jeff Triplette,BAL00,1,-110,100
2015,5,CIN,SEA,7,6,0,outdoors,fieldturf,66,3,Sunday,13:00,Home,Andy Dalton,Russell Wilson,John Parry,CIN00,1,-101,-109
2015,5,GB,STL,7,7,0,outdoors,grass,67,14,Sunday,13:00,Home,Aaron Rodgers,Nick Foles,Brad Allen,GNB00,0,100,-110
2015,5,KC,CHI,7,7,0,outdoors,grass,72,10,Sunday,13:00,Home,Alex Smith,Jay Cutler,Tony Corrente,KAN00,0,104,-115
2015,5,PHI,NO,7,7,0,outdoors,grass,67,6,Sunday,13:00,Home,Sam Bradford,Drew Brees,Ron Torbert,PHI00,0,-116,105
2015,5,TB,JAX,7,7,0,outdoors,grass,84,9,Sunday,13:00,Home,Jameis Winston,Blake Bortles,Jerome Boger,TAM00,0,-107,-103
2015,5,TEN,BUF,14,7,0,outdoors,grass,67,5,Sunday,13:00,Home,Marcus Mariota,Tyrod Taylor,Walt Anderson,NAS00,0,-103,-107
2015,5,SD,PIT,8,11,0,outdoors,grass,93,10,Monday,20:30,Home,Philip Rivers,Michael Vick,Peter Morelli,SDG00,0,-104,-106
2015,6,NO,ATL,4,4,1,dome,sportturf,,,Thursday,20:25,Home,Drew Brees,Matt Ryan,Gene Steratore,NOR00,0,-110,100
2015,6,IND,NE,10,7,0,closed,fieldturf,,,Sunday,20:30,Home,Andrew Luck,Tom Brady,Tony Corrente,IND00,0,-106,-104
2015,6,GB,SD,7,6,0,outdoors,grass,54,12,Sunday,16:25,Home,Aaron Rodgers,Philip Rivers,Walt Anderson,GNB00,0,-101,-109
2015,6,SF,BAL,7,7,0,outdoors,grass,69,7,Sunday,16:25,Home,Colin Kaepernick,Joe Flacco,John Parry,SFO01,0,105,-116
2015,6,SEA,CAR,7,14,0,outdoors,fieldturf,61,5,Sunday,16:05,Home,Russell Wilson,Cam Newton,Terry McAulay,SEA00,0,-105,-105
2015,6,BUF,CIN,7,7,0,outdoors,a_turf,40,4,Sunday,13:00,Home,EJ Manuel,Andy Dalton,Clete Blakeman,BUF00,0,-101,-109
2015,6,CLE,DEN,7,7,0,outdoors,grass,47,20,Sunday,13:00,Home,Josh McCown,Peyton Manning,Craig Wrolstad,CLE00,1,-127,115
2015,6,DET,CHI,7,7,1,dome,fieldturf,,,Sunday,13:00,Home,Matthew Stafford,Jay Cutler,Walt Coleman,DET00,1,-113,102
2015,6,JAX,HOU,7,10,1,outdoors,grass,73,18,Sunday,13:00,Home,Blake Bortles,Brian Hoyer,Brad Allen,JAX00,0,-133,120
2015,6,MIN,KC,14,7,0,outdoors,fieldturf,54,10,Sunday,13:00,Home,Teddy Bridgewater,Alex Smith,Jerome Boger,MIN98,0,111,-123
2015,6,NYJ,WAS,14,7,0,outdoors,fieldturf,49,16,Sunday,13:00,Home,Ryan Fitzpatrick,Kirk Cousins,Peter Morelli,NYC01,0,-110,100
2015,6,PIT,ARI,6,7,0,outdoors,grass,45,12,Sunday,13:00,Home,Michael Vick,Carson Palmer,Ed Hochuli,PIT00,0,-108,-102
2015,6,TEN,MIA,7,14,0,outdoors,grass,56,8,Sunday,13:00,Home,Marcus Mariota,Ryan Tannehill,Jeff Triplette,NAS00,0,-107,-103
2015,6,PHI,NYG,8,8,1,outdoors,grass,44,6,Monday,20:30,Home,Sam Bradford,Eli Manning,Carl Cheffers,PHI00,0,-110,100
2015,7,SF,SEA,4,4,1,outdoors,grass,75,8,Thursday,20:25,Home,Colin Kaepernick,Russell Wilson,Walt Anderson,SFO01,0,-103,-107
2015,7,CAR,PHI,7,6,0,outdoors,grass,71,0,Sunday,20:30,Home,Cam Newton,Sam Bradford,Craig Wrolstad,CAR00,0,111,-123
2015,7,NYG,DAL,6,14,1,outdoors,fieldturf,71,14,Sunday,16:25,Home,Eli Manning,Matt Cassel,John Parry,NYC01,0,100,-110
2015,7,SD,OAK,7,14,1,outdoors,grass,77,4,Sunday,16:05,Home,Philip Rivers,Derek Carr,Jerome Boger,SDG00,0,-102,-108
2015,7,DET,MIN,7,7,1,dome,fieldturf,,,Sunday,13:00,Home,Matthew Stafford,Teddy Bridgewater,Ed Hochuli,DET00,0,-108,-102
2015,7,IND,NO,7,10,0,open,fieldturf,,,Sunday,13:00,Home,Andrew Luck,Drew Brees,Carl Cheffers,IND00,0,-108,-102
2015,7,KC,PIT,7,7,0,outdoors,grass,58,7,Sunday,13:00,Home,Alex Smith,Landry Jones,Walt Coleman,KAN00,0,-107,-103
2015,7,MIA,HOU,7,7,0,outdoors,grass,84,13,Sunday,13:00,Home,Ryan Tannehill,Brian Hoyer,John Hussey,MIA00,0,-113,102
2015,7,NE,NYJ,7,7,1,outdoors,fieldturf,58,9,Sunday,13:00,Home,Tom Brady,Ryan Fitzpatrick,Bill Vinovich,BOS00,0,109,-120
2015,7,STL,CLE,14,7,0,dome,astroplay,,,Sunday,13:00,Home,Nick Foles,Josh McCown,Peter Morelli,STL00,0,-113,102
2015,7,TEN,ATL,7,10,0,outdoors,grass,59,8,Sunday,13:00,Home,Zach Mettenberger,Matt Ryan,Brad Allen,NAS00,0,-102,-108
2015,7,WAS,TB,7,14,0,outdoors,grass,64,5,Sunday,13:00,Home,Kirk Cousins,Jameis Winston,Jeff Triplette,WAS00,0,100,-110
2015,7,JAX,BUF,7,7,0,outdoors,grass,48,2,Sunday,09:30,Neutral,Blake Bortles,EJ Manuel,Terry McAulay,LON00,0,-115,104
2015,7,ARI,BAL,8,8,0,closed,grass,,,Monday,20:30,Home,Carson Palmer,Joe Flacco,Ron Torbert,PHO00,0,-102,-108
2015,8,NE,MIA,4,4,1,outdoors,fieldturf,58,10,Thursday,20:25,Home,Tom Brady,Ryan Tannehill,Peter Morelli,BOS00,0,-113,102
2015,8,DEN,GB,14,14,0,outdoors,grass,61,9,Sunday,20:30,Home,Peyton Manning,Aaron Rodgers,John Parry,DEN00,0,100,-110
2015,8,DAL,SEA,7,10,0,closed,matrixturf,,,Sunday,16:25,Home,Matt Cassel,Russell Wilson,Carl Cheffers,DAL00,0,-106,-104
2015,8,OAK,NYJ,7,7,0,outdoors,grass,68,8,Sunday,16:05,Home,Derek Carr,Ryan Fitzpatrick,Ed Hochuli,OAK00,0,109,-120
2015,8,ATL,TB,7,7,1,dome,fieldturf,,,Sunday,13:00,Home,Matt Ryan,Jameis Winston,Ron Torbert,ATL00,1,103,-114
2015,8,BAL,SD,6,7,0,outdoors,sportturf,63,10,Sunday,13:00,Home,Joe Flacco,Philip Rivers,Gene Steratore,BAL00,0,-105,-105
2015,8,CHI,MIN,14,7,1,outdoors,grass,62,11,Sunday,13:00,Home,Jay Cutler,Teddy Bridgewater,John Hussey,CHI98,0,100,-110
2015,8,CLE,ARI,7,6,0,outdoors,grass,58,21,Sunday,13:00,Home,Josh McCown,Carson Palmer,Walt Coleman,CLE00,0,-110,100
2015,8,HOU,TEN,7,7,1,closed,fieldturf,,,Sunday,13:00,Home,Brian Hoyer,Zach Mettenberger,Clete Blakeman,HOU00,0,-103,-107
2015,8,NO,NYG,7,7,0,dome,sportturf,,,Sunday,13:00,Home,Drew Brees,Eli Manning,Craig Wrolstad,NOR00,0,-117,106
2015,8,PIT,CIN,7,14,1,outdoors,grass,62,11,Sunday,13:00,Home,Ben Roethlisberger,Andy Dalton,Tony Corrente,PIT00,0,-110,100
2015,8,STL,SF,7,10,1,dome,astroplay,,,Sunday,13:00,Home,Nick Foles,Colin Kaepernick,Jerome Boger,STL00,0,-110,100
2015,8,KC,DET,7,7,0,outdoors,grass,50,2,Sunday,09:30,Neutral,Alex Smith,Matthew Stafford,Jeff Triplette,LON00,0,-123,111
2015,8,CAR,IND,8,8,0,outdoors,grass,60,7,Monday,20:30,Home,Cam Newton,Andrew Luck,Bill Vinovich,CAR00,1,100,-110
2015,9,CIN,CLE,4,4,1,outdoors,fieldturf,71,4,Thursday,20:25,Home,Andy Dalton,Johnny Manziel,John Hussey,CIN00,0,-120,109
2015,9,DAL,PHI,7,14,1,closed,matrixturf,,,Sunday,20:30,Home,Matt Cassel,Sam Bradford,Ed Hochuli,DAL00,1,107,-118
2015,9,IND,DEN,6,7,0,open,fieldturf,,,Sunday,16:25,Home,Andrew Luck,Peyton Manning,Brad Allen,IND00,0,-123,111
2015,9,SF,ATL,7,7,0,outdoors,grass,58,0,Sunday,16:05,Home,Blaine Gabbert,Matt Ryan,Tony Corrente,SFO01,0,-105,-105
2015,9,TB,NYG,7,7,0,outdoors,grass,80,3,Sunday,16:05,Home,Jameis Winston,Eli Manning,Clete Blakeman,TAM00,0,-108,-102
2015,9,BUF,MIA,14,10,1,outdoors,a_turf,49,7,Sunday,13:00,Home,Tyrod Taylor,Ryan Tannehill,Carl Cheffers,BUF00,0,-103,-107
2015,9,CAR,GB,6,7,0,outdoors,grass,57,10,Sunday,13:00,Home,Cam Newton,Aaron Rodgers,Gene Steratore,CAR00,0,-107,-103
2015,9,MIN,STL,7,7,0,outdoors,fieldturf,51,14,Sunday,13:00,Home,Teddy Bridgewater,Nick Foles,Ron Torbert,MIN98,1,-103,-107
2015,9,NE,WAS,10,14,0,outdoors,fieldturf,54,12,Sunday,13:00,Home,Tom Brady,Kirk Cousins,Terry McAulay,BOS00,0,-110,-100
2015,9,NO,TEN,7,7,0,dome,sportturf,,,Sunday,13:00,Home,Drew Brees,Marcus Mariota,Jerome Boger,NOR00,1,100,-110
2015,9,NYJ,JAX,7,14,0,outdoors,fieldturf,56,10,Sunday,13:00,Home,Ryan Fitzpatrick,Blake Bortles,Walt Coleman,NYC01,0,-104,-106
2015,9,PIT,OAK,7,7,0,outdoors,grass,54,5,Sunday,13:00,Home,Ben Roethlisberger,Derek Carr,Bill Vinovich,PIT00,0,-106,-104
2015,9,SD,CHI,8,8,0,outdoors,grass,63,9,Monday,20:30,Home,Philip Rivers,Jay Cutler,Craig Wrolstad,SDG00,0,-102,-108
2016,1,DEN,CAR,7,7,0,outdoors,grass,85,10,Thursday,20:30,Home,Trevor Siemian,Cam Newton,Gene Steratore,DEN00,0,-111,101
2016,1,ARI,NE,7,7,0,closed,grass,,,Sunday,20:30,Home,Carson Palmer,Jimmy Garoppolo,Tony Corrente,PHO00,0,-107,-103
2016,1,DAL,NYG,7,7,1,closed,matrixturf,,,Sunday,16:25,Home,Dak Prescott,Eli Manning,Ron Torbert,DAL00,0,-105,-105
2016,1,IND,DET,7,7,0,open,fieldturf,,,Sunday,16:25,Home,Andrew Luck,Matthew Stafford,Ed Hochuli,IND00,0,-118,107
2016,1,SEA,MIA,7,7,0,outdoors,fieldturf,61,2,Sunday,16:05,Home,Russell Wilson,Ryan Tannehill,John Hussey,SEA00,0,-100,-110
2016,1,ATL,TB,7,7,1,dome,fieldturf,,,Sunday,13:00,Home,Matt Ryan,Jameis Winston,Jeff Triplette,ATL00,0,-108,-102
2016,1,BAL,BUF,7,7,0,outdoors,grass,84,8,Sunday,13:00,Home,Joe Flacco,Tyrod Taylor,Brad Allen,BAL00,0,-116,105
2016,1,HOU,CHI,7,7,0,closed,fieldturf,,,Sunday,13:00,Home,Brock Osweiler,Jay Cutler,Peter Morelli,HOU00,0,-103,-107
2016,1,JAX,GB,7,7,0,outdoors,grass,90,3,Sunday,13:00,Home,Blake Bortles,Aaron Rodgers,Carl Cheffers,JAX00,0,-110,-100
2016,1,KC,SD,7,7,1,outdoors,grass,74,9,Sunday,13:00,Home,Alex Smith,Philip Rivers,Jerome Boger,KAN00,1,-105,-105
2016,1,NO,OAK,7,7,0,dome,sportturf,,,Sunday,13:00,Home,Drew Brees,Derek Carr,John Parry,NOR00,0,-123,111
2016,1,NYJ,CIN,7,7,0,outdoors,fieldturf,79,17,Sunday,13:00,Home,Ryan Fitzpatrick,Andy Dalton,Clete Blakeman,NYC01,0,-110,-100
2016,1,PHI,CLE,7,7,0,outdoors,grass,85,14,Sunday,13:00,Home,Carson Wentz,Robert Griffin,Walt Anderson,PHI00,0,-105,-105
2016,1,TEN,MIN,7,7,0,outdoors,grass,76,5,Sunday,13:00,Home,Marcus Mariota,Shaun Hill,Walt Coleman,NAS00,0,-110,-100
2016,1,SF,LA,7,7,1,outdoors,grass,66,17,Monday,22:20,Home,Blaine Gabbert,Case Keenum,Bill Vinovich,SFO01,0,-107,-103
2016,1,WAS,PIT,7,7,0,outdoors,grass,79,4,Monday,19:10,Home,Kirk Cousins,Ben Roethlisberger,Craig Wrolstad,WAS00,0,-100,-110
2016,10,BAL,CLE,4,4,1,outdoors,grass,54,3,Thursday,20:25,Home,Joe Flacco,Cody Kessler,Jerome Boger,BAL00,0,-100,-110
2016,10,NE,SEA,14,6,0,outdoors,fieldturf,43,3,Sunday,20:30,Home,Tom Brady,Russell Wilson,Gene Steratore,BOS00,0,102,-113
2016,10,ARI,SF,14,7,1,closed,grass,,,Sunday,16:25,Home,Carson Palmer,Colin Kaepernick,Brad Allen,PHO00,0,-105,-105
2016,10,PIT,DAL,7,7,0,outdoors,grass,56,7,Sunday,16:25,Home,Ben Roethlisberger,Dak Prescott,Clete Blakeman,PIT00,0,-123,111
2016,10,SD,MIA,7,7,0,outdoors,grass,85,11,Sunday,16:05,Home,Philip Rivers,Ryan Tannehill,Terry McAulay,SDG00,0,-100,-110
2016,10,CAR,KC,7,7,0,outdoors,grass,45,6,Sunday,13:00,Home,Cam Newton,Alex Smith,Carl Cheffers,CAR00,0,-123,111
2016,10,JAX,HOU,7,14,1,outdoors,grass,69,10,Sunday,13:00,Home,Blake Bortles,Brock Osweiler,Ron Torbert,JAX00,0,-108,-102
2016,10,NO,DEN,7,7,0,dome,sportturf,,,Sunday,13:00,Home,Drew Brees,Trevor Siemian,Bill Vinovich,NOR00,0,-100,-110
2016,10,NYJ,LA,7,7,0,outdoors,fieldturf,62,7,Sunday,13:00,Home,Bryce Petty,Case Keenum,Ed Hochuli,NYC01,0,-102,-108
2016,10,PHI,ATL,7,10,0,outdoors,grass,58,10,Sunday,13:00,Home,Carson Wentz,Matt Ryan,Craig Wrolstad,PHI00,0,-105,-105
2016,10,TB,CHI,10,13,0,outdoors,grass,81,4,Sunday,13:00,Home,Jameis Winston,Jay Cutler,Walt Coleman,TAM00,0,106,-117
2016,10,TEN,GB,7,7,0,outdoors,grass,56,3,Sunday,13:00,Home,Marcus Mariota,Aaron Rodgers,Jeff Triplette,NAS00,0,-117,106
2016,10,WAS,MIN,14,7,0,outdoors,grass,58,7,Sunday,13:00,Home,Kirk Cousins,Sam Bradford,Peter Morelli,WAS00,0,-117,106
2016,10,NYG,CIN,8,15,0,outdoors,fieldturf,56,2,Monday,20:30,Home,Eli Manning,Andy Dalton,John Parry,NYC01,0,-105,-105
2016,11,CAR,NO,4,4,1,outdoors,grass,63,6,Thursday,20:25,Home,Cam Newton,Drew Brees,Peter Morelli,CAR00,0,-104,-106
2016,11,WAS,GB,7,7,0,outdoors,grass,38,23,Sunday,20:30,Home,Kirk Cousins,Aaron Rodgers,John Hussey,WAS00,0,-110,-100
2016,11,SF,NE,7,7,0,outdoors,grass,64,6,Sunday,16:25,Home,Colin Kaepernick,Tom Brady,Jeff Triplette,SFO01,0,-110,-100
2016,11,SEA,PHI,7,7,0,outdoors,fieldturf,54,5,Sunday,16:25,Home,Russell Wilson,Carson Wentz,Carl Cheffers,SEA00,0,-110,-100
2016,11,LA,MIA,7,7,0,outdoors,grass,63,3,Sunday,16:05,Home,Jared Goff,Ryan Tannehill,Gene Steratore,LAX99,0,101,-111
2016,11,CIN,BUF,6,13,0,outdoors,fieldturf,36,8,Sunday,13:00,Home,Andy Dalton,Tyrod Taylor,Terry McAulay,CIN00,0,-110,-100
2016,11,CLE,PIT,10,7,1,outdoors,grass,36,27,Sunday,13:00,Home,Cody Kessler,Ben Roethlisberger,Brad Allen,CLE00,0,-119,108
2016,11,DAL,BAL,7,10,0,closed,matrixturf,,,Sunday,13:00,Home,Dak Prescott,Joe Flacco,John Parry,DAL00,0,-108,-102
2016,11,DET,JAX,14,7,0,dome,fieldturf,,,Sunday,13:00,Home,Matthew Stafford,Blake Bortles,Bill Vinovich,DET00,0,102,-113
2016,11,IND,TEN,14,7,1,closed,fieldturf,,,Sunday,13:00,Home,Andrew Luck,Marcus Mariota,Walt Anderson,IND00,0,111,-123
2016,11,KC,TB,7,7,0,outdoors,grass,46,9,Sunday,13:00,Home,Alex Smith,Jameis Winston,Ed Hochuli,KAN00,0,106,-117
2016,11,MIN,ARI,7,7,0,dome,sportturf,,,Sunday,13:00,Home,Sam Bradford,Carson Palmer,Clete Blakeman,MIN01,0,-102,-108
2016,11,NYG,CHI,6,7,0,outdoors,fieldturf,41,10,Sunday,13:00,Home,Eli Manning,Jay Cutler,Craig Wrolstad,NYC01,0,-100,-110
2016,11,OAK,HOU,15,8,0,outdoors,grass,63,6,Monday,20:30,Neutral,Derek Carr,Brock Osweiler,Tony Corrente,MEX00,0,-106,-104
2016,12,IND,PIT,4,4,0,closed,fieldturf,,,Thursday,20:30,Home,Scott Tolzien,Ben Roethlisberger,Walt Coleman,IND00,0,-109,-101
2016,12,DAL,WAS,4,4,1,closed,matrixturf,,,Thursday,16:30,Home,Dak Prescott,Kirk Cousins,Craig Wrolstad,DAL00,0,-105,-105
2016,12,DET,MIN,4,4,1,dome,fieldturf,,,Thursday,12:30,Home,Matthew Stafford,Sam Bradford,Carl Cheffers,DET00,0,-102,-108
2016,12,DEN,KC,14,7,1,outdoors,grass,44,21,Sunday,20:30,Home,Trevor Siemian,Alex Smith,Peter Morelli,DEN00,1,102,-113
2016,12,NYJ,NE,14,7,1,outdoors,fieldturf,47,10,Sunday,16:25,Home,Ryan Fitzpatrick,Tom Brady,Brad Allen,NYC01,0,-110,-100
2016,12,OAK,CAR,6,10,0,outdoors,grass,59,12,Sunday,16:25,Home,Derek Carr,Cam Newton,Jerome Boger,OAK00,0,111,-123
2016,12,TB,SEA,7,7,0,outdoors,grass,81,6,Sunday,16:05,Home,Jameis Winston,Russell Wilson,Bill Vinovich,TAM00,0,-110,-100
2016,12,ATL,ARI,14,7,0,dome,fieldturf,,,Sunday,13:00,Home,Matt Ryan,Carson Palmer,John Parry,ATL00,0,-107,-103
2016,12,BAL,CIN,7,7,1,outdoors,grass,50,12,Sunday,13:00,Home,Joe Flacco,Andy Dalton,Clete Blakeman,BAL00,0,-105,-105
2016,12,BUF,JAX,7,7,0,outdoors,a_turf,42,13,Sunday,13:00,Home,Tyrod Taylor,Blake Bortles,Tony Corrente,BUF00,0,102,-113
2016,12,CHI,TEN,7,7,0,outdoors,grass,40,11,Sunday,13:00,Home,Matt Barkley,Marcus Mariota,Ed Hochuli,CHI98,0,106,-117
2016,12,CLE,NYG,7,7,0,outdoors,grass,48,10,Sunday,13:00,Home,Josh McCown,Eli Manning,Walt Anderson,CLE00,0,-105,-105
2016,12,HOU,SD,6,14,0,closed,fieldturf,,,Sunday,13:00,Home,Brock Osweiler,Philip Rivers,Jeff Triplette,HOU00,0,-105,-105
2016,12,MIA,SF,7,7,0,outdoors,grass,79,13,Sunday,13:00,Home,Ryan Tannehill,Colin Kaepernick,Ron Torbert,MIA00,0,-105,-105
2016,12,NO,LA,10,7,0,dome,sportturf,,,Sunday,13:00,Home,Drew Brees,Jared Goff,John Hussey,NOR00,0,102,-113
2016,12,PHI,GB,8,8,0,outdoors,grass,47,7,Monday,20:30,Home,Carson Wentz,Aaron Rodgers,Terry McAulay,PHI00,0,-105,-105
2016,13,MIN,DAL,7,7,0,dome,sportturf,,,Thursday,20:25,Home,Sam Bradford,Dak Prescott,Tony Corrente,MIN01,0,-110,-100
2016,13,SEA,CAR,7,7,0,outdoors,fieldturf,37,4,Sunday,20:30,Home,Russell Wilson,Cam Newton,John Parry,SEA00,0,-115,104
2016,13,ARI,WAS,7,10,0,closed,grass,,,Sunday,16:25,Home,Carson Palmer,Kirk Cousins,Walt Anderson,PHO00,0,-109,-101
2016,13,PIT,NYG,10,7,0,outdoors,grass,43,71,Sunday,16:25,Home,Ben Roethlisberger,Eli Manning,Terry McAulay,PIT00,0,-105,-105
2016,13,SD,TB,7,7,0,outdoors,grass,72,7,Sunday,16:25,Home,Philip Rivers,Jameis Winston,John Hussey,SDG00,0,102,-113
2016,13,OAK,BUF,7,7,0,outdoors,grass,59,4,Sunday,16:05,Home,Derek Carr,Tyrod Taylor,Bill Vinovich,OAK00,0,104,-115
2016,13,ATL,KC,7,7,0,dome,fieldturf,,,Sunday,13:00,Home,Matt Ryan,Alex Smith,Walt Coleman,ATL00,0,-106,-104
2016,13,BAL,MIA,7,7,0,outdoors,grass,47,3,Sunday,13:00,Home,Joe Flacco,Ryan Tannehill,Carl Cheffers,BAL00,0,102,-113
2016,13,CHI,SF,7,7,0,outdoors,grass,33,5,Sunday,13:00,Home,Matt Barkley,Colin Kaepernick,Peter Morelli,CHI98,0,102,-113
2016,13,CIN,PHI,7,6,0,outdoors,fieldturf,42,10,Sunday,13:00,Home,Andy Dalton,Carson Wentz,Jeff Triplette,CIN00,0,-110,-100
2016,13,GB,HOU,6,7,0,outdoors,grass,32,8,Sunday,13:00,Home,Aaron Rodgers,Brock Osweiler,Gene Steratore,GNB00,0,-104,-106
2016,13,JAX,DEN,7,7,0,outdoors,grass,70,10,Sunday,13:00,Home,Blake Bortles,Paxton Lynch,Craig Wrolstad,JAX00,0,-108,-102
2016,13,NE,LA,7,7,0,outdoors,fieldturf,39,8,Sunday,13:00,Home,Tom Brady,Jared Goff,Jerome Boger,BOS00,0,-108,-102
2016,13,NO,DET,7,10,0,dome,sportturf,,,Sunday,13:00,Home,Drew Brees,Matthew Stafford,Clete Blakeman,NOR00,0,-108,-102
2016,13,NYJ,IND,8,11,0,outdoors,fieldturf,45,6,Monday,20:30,Home,Ryan Fitzpatrick,Andrew Luck,Ron Torbert,NYC01,0,-113,102
2016,14,KC,OAK,4,4,1,outdoors,grass,21,7,Thursday,20:25,Home,Alex Smith,Derek Carr,Terry McAulay,KAN00,0,-114,103
2016,14,NYG,DAL,7,10,1,outdoors,fieldturf,32,0,Sunday,20:30,Home,Eli Manning,Dak Prescott,Carl Cheffers,NYC01,0,-103,-107
2016,14,GB,SEA,7,7,0,outdoors,grass,26,5,Sunday,16:25,Home,Aaron Rodgers,Russell Wilson,Walt Coleman,GNB00,0,-115,104
2016,14,LA,ATL,7,7,0,outdoors,grass,65,1,Sunday,16:25,Home,Jared Goff,Matt Ryan,Clete Blakeman,LAX99,0,-110,-100
2016,14,SF,NYJ,7,6,0,outdoors,grass,54,8,Sunday,16:05,Home,Colin Kaepernick,Bryce Petty,Craig Wrolstad,SFO01,1,106,-117
2016,14,BUF,PIT,7,7,0,outdoors,a_turf,27,9,Sunday,13:00,Home,Tyrod Taylor,Ben Roethlisberger,Peter Morelli,BUF00,0,-102,-108
2016,14,CAR,SD,7,7,0,outdoors,grass,37,6,Sunday,13:00,Home,Cam Newton,Philip Rivers,Ron Torbert,CAR00,0,-105,-105
2016,14,CLE,CIN,14,7,1,outdoors,grass,28,15,Sunday,13:00,Home,Robert Griffin,Andy Dalton,Gene Steratore,CLE00,0,-113,102
2016,14,DET,CHI,7,7,1,dome,fieldturf,,,Sunday,13:00,Home,Matthew Stafford,Matt Barkley,Jeff Triplette,DET00,0,111,-123
2016,14,IND,HOU,6,7,1,closed,fieldturf,,,Sunday,13:00,Home,Andrew Luck,Brock Osweiler,Brad Allen,IND00,0,-103,-107
2016,14,JAX,MIN,7,10,0,outdoors,grass,71,5,Sunday,13:00,Home,Blake Bortles,Sam Bradford,John Hussey,JAX00,0,109,-120
2016,14,MIA,ARI,7,7,0,outdoors,grass,77,18,Sunday,13:00,Home,Ryan Tannehill,Carson Palmer,Jerome Boger,MIA00,0,-105,-105
2016,14,PHI,WAS,7,7,1,outdoors,grass,35,3,Sunday,13:00,Home,Carson Wentz,Kirk Cousins,Tony Corrente,PHI00,0,-102,-108
2016,14,TB,NO,7,7,1,outdoors,grass,79,9,Sunday,16:25,Home,Jameis Winston,Drew Brees,Walt Anderson,TAM00,0,-110,-100
2016,14,TEN,DEN,14,7,0,outdoors,grass,50,5,Sunday,13:00,Home,Marcus Mariota,Trevor Siemian,John Parry,NAS00,0,-110,-100
2016,14,NE,BAL,8,8,0,outdoors,fieldturf,31,3,Monday,20:30,Home,Tom Brady,Joe Flacco,Ed Hochuli,BOS00,0,-100,-110
2016,15,SEA,LA,4,4,1,outdoors,fieldturf,36,5,Thursday,20:25,Home,Russell Wilson,Jared Goff,Brad Allen,SEA00,0,-117,106
2016,15,NYJ,MIA,6,6,1,outdoors,fieldturf,35,5,Saturday,20:25,Home,Bryce Petty,Matt Moore,Peter Morelli,NYC01,0,105,-116
2016,15,CIN,PIT,7,7,1,outdoors,fieldturf,24,8,Sunday,13:00,Home,Andy Dalton,Ben Roethlisberger,Bill Vinovich,CIN00,0,-110,-100
2016,15,DEN,NE,7,6,0,outdoors,grass,18,9,Sunday,16:25,Home,Trevor Siemian,Tom Brady,Walt Anderson,DEN00,0,-113,102
2016,15,SD,OAK,7,10,1,outdoors,grass,62,5,Sunday,16:25,Home,Philip Rivers,Derek Carr,John Parry,SDG00,0,-106,-104
2016,15,ARI,NO,7,7,0,closed,grass,,,Sunday,16:05,Home,Carson Palmer,Drew Brees,Carl Cheffers,PHO00,0,-105,-105
2016,15,ATL,SF,7,7,0,dome,fieldturf,,,Sunday,16:05,Home,Matt Ryan,Colin Kaepernick,Gene Steratore,ATL00,0,-110,-100
2016,15,BAL,PHI,6,7,0,outdoors,grass,62,9,Sunday,13:00,Home,Joe Flacco,Carson Wentz,Craig Wrolstad,BAL00,0,-105,-105
2016,15,BUF,CLE,7,7,0,outdoors,a_turf,26,15,Sunday,13:00,Home,Tyrod Taylor,Robert Griffin,Clete Blakeman,BUF00,0,-103,-107
2016,15,CHI,GB,7,7,1,outdoors,grass,11,12,Sunday,13:00,Home,Matt Barkley,Aaron Rodgers,Ron Torbert,CHI98,0,104,-115
2016,15,DAL,TB,7,7,0,closed,matrixturf,,,Sunday,20:30,Home,Dak Prescott,Jameis Winston,Terry McAulay,DAL00,0,102,-113
2016,15,HOU,JAX,7,7,1,closed,fieldturf,,,Sunday,13:00,Home,Brock Osweiler,Blake Bortles,Ed Hochuli,HOU00,0,-108,-102
2016,15,KC,TEN,10,7,0,outdoors,grass,1,5,Sunday,13:00,Home,Alex Smith,Marcus Mariota,John Hussey,KAN00,0,-102,-108
2016,15,MIN,IND,7,7,0,dome,sportturf,,,Sunday,13:00,Home,Sam Bradford,Andrew Luck,Jerome Boger,MIN01,0,-108,-102
2016,15,NYG,DET,7,7,0,outdoors,fieldturf,55,1,Sunday,13:00,Home,Eli Manning,Matthew Stafford,Tony Corrente,NYC01,0,-105,-105
2016,15,WAS,CAR,8,8,0,outdoors,grass,32,8,Monday,20:30,Home,Kirk Cousins,Cam Newton,Walt Coleman,WAS00,0,-101,-109
2016,16,PHI,NYG,4,4,1,outdoors,grass,40,10,Thursday,20:25,Home,Carson Wentz,Eli Manning,Clete Blakeman,PHI00,0,-104,-106
2016,16,HOU,CIN,6,6,0,closed,fieldturf,,,Saturday,20:25,Home,Tom Savage,Andy Dalton,Carl Cheffers,HOU00,0,-100,-110
2016,16,LA,SF,9,6,1,outdoors,grass,59,6,Saturday,16:25,Home,Jared Goff,Colin Kaepernick,Walt Anderson,LAX99,0,-113,102
2016,16,SEA,ARI,9,6,1,outdoors,fieldturf,39,2,Saturday,16:25,Home,Russell Wilson,Carson Palmer,Ron Torbert,SEA00,0,102,-113
2016,16,OAK,IND,6,6,0,outdoors,grass,50,9,Saturday,16:05,Home,Derek Carr,Andrew Luck,Ed Hochuli,OAK00,0,-102,-108
2016,16,BUF,MIA,6,7,1,outdoors,a_turf,38,13,Saturday,13:00,Home,Tyrod Taylor,Matt Moore,Craig Wrolstad,BUF00,1,-108,-102
2016,16,CAR,ATL,5,6,1,outdoors,grass,56,5,Saturday,13:00,Home,Cam Newton,Matt Ryan,Bill Vinovich,CAR00,0,-107,-103
2016,16,CHI,WAS,6,5,0,outdoors,grass,37,1,Saturday,13:00,Home,Matt Barkley,Kirk Cousins,Brad Allen,CHI98,0,-108,-102
2016,16,CLE,SD,6,6,0,outdoors,grass,38,13,Saturday,13:00,Home,Robert Griffin,Philip Rivers,Walt Coleman,CLE00,0,-107,-103
2016,16,GB,MIN,6,6,1,outdoors,grass,37,8,Saturday,13:00,Home,Aaron Rodgers,Sam Bradford,Jeff Triplette,GNB00,0,-105,-105
2016,16,JAX,TEN,6,6,1,outdoors,grass,67,5,Saturday,13:00,Home,Blake Bortles,Marcus Mariota,Peter Morelli,JAX00,0,-105,-105
2016,16,NE,NYJ,6,7,1,outdoors,fieldturf,40,6,Saturday,13:00,Home,Tom Brady,Bryce Petty,Gene Steratore,BOS00,0,-105,-105
2016,16,NO,TB,6,6,1,dome,sportturf,,,Saturday,16:25,Home,Drew Brees,Jameis Winston,Jerome Boger,NOR00,0,-117,106
2016,16,KC,DEN,7,7,1,outdoors,grass,53,9,Sunday,20:30,Home,Alex Smith,Trevor Siemian,Tony Corrente,KAN00,0,-108,-102
2016,16,PIT,BAL,7,7,1,outdoors,grass,41,9,Sunday,16:30,Home,Ben Roethlisberger,Joe Flacco,John Parry,PIT00,0,-107,-103
2016,16,DAL,DET,8,8,0,closed,matrixturf,,,Monday,20:30,Home,Dak Prescott,Matthew Stafford,John Hussey,DAL00,0,-114,103
2016,17,DEN,OAK,7,8,1,outdoors,grass,45,9,Sunday,16:25,Home,Trevor Siemian,Matt McGloin,Brad Allen,DEN00,0,-114,103
2016,17,LA,ARI,8,8,1,outdoors,grass,59,0,Sunday,16:25,Home,Jared Goff,Carson Palmer,Craig Wrolstad,LAX99,0,-113,102
2016,17,SD,KC,8,7,1,outdoors,grass,59,10,Sunday,16:25,Home,Philip Rivers,Alex Smith,Walt Anderson,SDG00,0,-103,-107
2016,17,SF,SEA,8,8,1,outdoors,grass,54,5,Sunday,16:25,Home,Colin Kaepernick,Russell Wilson,Tony Corrente,SFO01,0,-113,102
2016,17,WAS,NYG,8,10,1,outdoors,grass,53,1,Sunday,16:25,Home,Kirk Cousins,Eli Manning,Gene Steratore,WAS00,0,-110,-100
2016,17,ATL,NO,8,8,1,dome,fieldturf,,,Sunday,16:25,Home,Matt Ryan,Drew Brees,Ron Torbert,ATL00,0,-103,-107
2016,17,CIN,BAL,8,7,1,outdoors,fieldturf,40,6,Sunday,13:00,Home,Andy Dalton,Joe Flacco,Peter Morelli,CIN00,0,102,-113
2016,17,DET,GB,6,8,1,dome,fieldturf,,,Sunday,20:30,Home,Matthew Stafford,Aaron Rodgers,Jerome Boger,DET00,0,-102,-108
2016,17,IND,JAX,8,8,1,closed,fieldturf,,,Sunday,13:00,Home,Andrew Luck,Blake Bortles,Clete Blakeman,IND00,0,-107,-103
2016,17,MIA,NE,8,8,1,outdoors,grass,80,15,Sunday,13:00,Home,Matt Moore,Tom Brady,John Parry,MIA00,0,102,-113
2016,17,MIN,CHI,8,8,1,dome,sportturf,,,Sunday,13:00,Home,Sam Bradford,Matt Barkley,Terry McAulay,MIN01,0,-114,103
2016,17,NYJ,BUF,8,8,1,outdoors,fieldturf,42,11,Sunday,13:00,Home,Ryan Fitzpatrick,EJ Manuel,Jeff Triplette,NYC01,0,-102,-108
2016,17,PHI,DAL,10,6,1,outdoors,grass,50,10,Sunday,13:00,Home,Carson Wentz,Mark Sanchez,Walt Coleman,PHI00,0,103,-114
2016,17,PIT,CLE,7,8,1,outdoors,grass,41,1,Sunday,13:00,Home,Landry Jones,Robert Griffin,John Hussey,PIT00,1,-110,-100
2016,17,TB,CAR,8,8,1,outdoors,grass,81,6,Sunday,13:00,Home,Jameis Winston,Cam Newton,Carl Cheffers,TAM00,0,-110,-100
2016,17,TEN,HOU,8,8,1,outdoors,grass,52,7,Sunday,13:00,Home,Matt Cassel,Brock Osweiler,Bill Vinovich,NAS00,0,-114,103
2016,2,BUF,NYJ,4,4,1,outdoors,a_turf,60,11,Thursday,20:25,Home,Tyrod Taylor,Ryan Fitzpatrick,Ed Hochuli,BUF00,0,-110,-100
2016,2,MIN,GB,7,7,1,dome,sportturf,,,Sunday,20:30,Home,Sam Bradford,Aaron Rodgers,Walt Anderson,MIN01,0,-103,-107
2016,2,DEN,IND,10,7,0,outdoors,grass,85,4,Sunday,16:25,Home,Trevor Siemian,Andrew Luck,Walt Coleman,DEN00,0,-105,-105
2016,2,OAK,ATL,7,7,0,outdoors,grass,79,7,Sunday,16:25,Home,Derek Carr,Matt Ryan,Clete Blakeman,OAK00,0,-106,-104
2016,2,SD,JAX,7,7,0,outdoors,grass,82,7,Sunday,16:25,Home,Philip Rivers,Blake Bortles,Carl Cheffers,SDG00,0,104,-115
2016,2,ARI,TB,7,7,0,closed,grass,,,Sunday,13:00,Home,Carson Palmer,Jameis Winston,Ron Torbert,PHO00,0,108,-119
2016,2,LA,SEA,6,7,1,outdoors,grass,88,3,Sunday,16:05,Home,Case Keenum,Russell Wilson,Jerome Boger,LAX99,0,-107,-103
2016,2,CAR,SF,10,6,0,outdoors,grass,82,4,Sunday,13:00,Home,Cam Newton,Blaine Gabbert,John Parry,CAR00,0,-101,-109
2016,2,CLE,BAL,7,7,1,outdoors,grass,74,7,Sunday,13:00,Home,Josh McCown,Joe Flacco,John Hussey,CLE00,0,-113,102
2016,2,DET,TEN,7,7,0,dome,fieldturf,,,Sunday,13:00,Home,Matthew Stafford,Marcus Mariota,Brad Allen,DET00,0,-108,-102
2016,2,HOU,KC,7,7,0,closed,fieldturf,,,Sunday,13:00,Home,Brock Osweiler,Alex Smith,Tony Corrente,HOU00,0,-110,-100
2016,2,NE,MIA,7,7,1,outdoors,fieldturf,79,10,Sunday,13:00,Home,Jimmy Garoppolo,Ryan Tannehill,Craig Wrolstad,BOS00,0,-102,-108
2016,2,NYG,NO,7,7,0,outdoors,fieldturf,80,5,Sunday,13:00,Home,Eli Manning,Drew Brees,Gene Steratore,NYC01,0,-109,-101
2016,2,PIT,CIN,6,7,1,outdoors,grass,72,4,Sunday,13:00,Home,Ben Roethlisberger,Andy Dalton,Peter Morelli,PIT00,0,-107,-103
2016,2,WAS,DAL,6,7,1,outdoors,grass,81,6,Sunday,13:00,Home,Kirk Cousins,Dak Prescott,Bill Vinovich,WAS00,0,-102,-108
2016,2,CHI,PHI,8,8,0,outdoors,grass,84,5,Monday,20:30,Home,Jay Cutler,Carson Wentz,Jeff Triplette,CHI98,0,-110,-100
2016,3,NE,HOU,4,4,0,outdoors,fieldturf,68,4,Thursday,20:25,Home,Jacoby Brissett,Brock Osweiler,Walt Coleman,BOS00,0,-111,101
2016,3,DAL,CHI,7,6,0,closed,matrixturf,,,Sunday,20:30,Home,Dak Prescott,Brian Hoyer,Craig Wrolstad,DAL00,0,-103,-107
2016,3,IND,SD,7,7,0,closed,fieldturf,,,Sunday,16:25,Home,Andrew Luck,Philip Rivers,Ron Torbert,IND00,0,-113,102
2016,3,KC,NYJ,7,10,0,outdoors,grass,65,9,Sunday,16:25,Home,Alex Smith,Ryan Fitzpatrick,Bill Vinovich,KAN00,0,-117,106
2016,3,PHI,PIT,6,7,0,outdoors,grass,73,7,Sunday,16:25,Home,Carson Wentz,Ben Roethlisberger,Brad Allen,PHI00,0,-105,-105
2016,3,SEA,SF,7,7,1,outdoors,fieldturf,66,6,Sunday,16:05,Home,Russell Wilson,Blaine Gabbert,Jeff Triplette,SEA00,0,-101,-109
2016,3,TB,LA,7,7,0,outdoors,grass,91,4,Sunday,16:05,Home,Jameis Winston,Case Keenum,Ed Hochuli,TAM00,0,-107,-103
2016,3,BUF,ARI,10,7,0,outdoors,a_turf,64,8,Sunday,13:00,Home,Tyrod Taylor,Carson Palmer,Walt Anderson,BUF00,0,-106,-104
2016,3,CAR,MIN,7,7,0,outdoors,grass,80,0,Sunday,13:00,Home,Cam Newton,Sam Bradford,Jerome Boger,CAR00,0,-102,-108
2016,3,CIN,DEN,7,7,0,outdoors,fieldturf,81,3,Sunday,13:00,Home,Andy Dalton,Trevor Siemian,John Parry,CIN00,0,-101,-109
2016,3,GB,DET,7,7,1,outdoors,grass,72,17,Sunday,13:00,Home,Aaron Rodgers,Matthew Stafford,Carl Cheffers,GNB00,0,-108,-102
2016,3,JAX,BAL,7,7,0,outdoors,grass,88,8,Sunday,13:00,Home,Blake Bortles,Joe Flacco,Gene Steratore,JAX00,0,-101,-109
2016,3,MIA,CLE,7,7,0,outdoors,grass,86,16,Sunday,13:00,Home,Ryan Tannehill,Cody Kessler,Clete Blakeman,MIA00,1,-105,-105
2016,3,NYG,WAS,7,7,1,outdoors,fieldturf,67,2,Sunday,13:00,Home,Eli Manning,Kirk Cousins,John Hussey,NYC01,0,102,-113
2016,3,TEN,OAK,7,7,0,outdoors,grass,89,2,Sunday,13:00,Home,Marcus Mariota,Derek Carr,Tony Corrente,NAS00,0,-103,-107
2016,3,NO,ATL,8,8,1,dome,sportturf,,,Monday,20:30,Home,Drew Brees,Matt Ryan,Peter Morelli,NOR00,0,-127,115
2016,4,CIN,MIA,4,4,0,outdoors,fieldturf,62,2,Thursday,20:25,Home,Andy Dalton,Ryan Tannehill,Bill Vinovich,CIN00,0,102,-113
2016,4,PIT,KC,7,7,0,outdoors,grass,59,6,Sunday,20:30,Home,Ben Roethlisberger,Alex Smith,Ron Torbert,PIT00,0,-123,111
2016,4,SD,NO,7,6,0,outdoors,grass,74,8,Sunday,16:25,Home,Philip Rivers,Drew Brees,Walt Coleman,SDG00,0,-108,-102
2016,4,SF,DAL,7,7,0,outdoors,grass,68,10,Sunday,16:25,Home,Blaine Gabbert,Dak Prescott,Terry McAulay,SFO01,0,105,-116
2016,4,TB,DEN,7,7,0,outdoors,grass,88,7,Sunday,16:05,Home,Jameis Winston,Trevor Siemian,Jerome Boger,TAM00,0,-113,102
2016,4,ATL,CAR,6,7,1,dome,fieldturf,,,Sunday,13:00,Home,Matt Ryan,Cam Newton,John Hussey,ATL00,0,103,-114
2016,4,BAL,OAK,7,7,0,outdoors,grass,65,2,Sunday,13:00,Home,Joe Flacco,Derek Carr,Ed Hochuli,BAL00,0,-100,-110
2016,4,CHI,DET,7,7,1,outdoors,grass,62,6,Sunday,13:00,Home,Brian Hoyer,Matthew Stafford,Tony Corrente,CHI98,0,112,-124
2016,4,HOU,TEN,10,7,1,closed,fieldturf,,,Sunday,13:00,Home,Brock Osweiler,Marcus Mariota,Clete Blakeman,HOU00,0,-105,-105
2016,4,NE,BUF,10,7,1,outdoors,fieldturf,56,7,Sunday,13:00,Home,Jacoby Brissett,Tyrod Taylor,Peter Morelli,BOS00,0,104,-115
2016,4,NYJ,SEA,7,7,0,outdoors,fieldturf,61,0,Sunday,13:00,Home,Ryan Fitzpatrick,Russell Wilson,Carl Cheffers,NYC01,0,-105,-105
2016,4,WAS,CLE,7,7,0,outdoors,grass,67,1,Sunday,13:00,Home,Kirk Cousins,Cody Kessler,Jeff Triplette,WAS00,0,-110,-100
2016,4,ARI,LA,7,7,1,closed,grass,,,Sunday,16:25,Home,Carson Palmer,Case Keenum,Gene Steratore,PHO00,0,103,-114
2016,4,JAX,IND,7,7,1,outdoors,grass,59,7,Sunday,09:30,Neutral,Blake Bortles,Andrew Luck,Walt Anderson,LON00,0,102,-113
2016,4,MIN,NYG,8,8,0,dome,sportturf,,,Monday,20:30,Home,Sam Bradford,Eli Manning,Brad Allen,MIN01,0,-113,102
2016,5,SF,ARI,4,4,1,outdoors,grass,75,16,Thursday,20:25,Home,Blaine Gabbert,Drew Stanton,Carl Cheffers,SFO01,0,-104,-106
2016,5,GB,NYG,14,6,0,outdoors,grass,49,7,Sunday,20:30,Home,Aaron Rodgers,Eli Manning,Ed Hochuli,GNB00,0,-100,-110
2016,5,DAL,CIN,7,10,0,closed,matrixturf,,,Sunday,16:25,Home,Dak Prescott,Andy Dalton,Tony Corrente,DAL00,0,-106,-104
2016,5,LA,BUF,7,7,0,outdoors,grass,91,5,Sunday,16:25,Home,Case Keenum,Tyrod Taylor,Walt Coleman,LAX99,0,-105,-105
2016,5,OAK,SD,7,7,1,outdoors,grass,75,7,Sunday,16:25,Home,Derek Carr,Philip Rivers,Gene Steratore,OAK00,0,-109,-101
2016,5,DEN,ATL,7,7,0,outdoors,grass,72,5,Sunday,16:05,Home,Paxton Lynch,Matt Ryan,Terry McAulay,DEN00,0,-113,102
2016,5,BAL,WAS,7,7,0,outdoors,grass,62,16,Sunday,13:00,Home,Joe Flacco,Kirk Cousins,Ron Torbert,BAL00,0,-102,-108
2016,5,CLE,NE,7,7,0,outdoors,grass,58,13,Sunday,13:00,Home,Cody Kessler,Tom Brady,Bill Vinovich,CLE00,0,-110,-100
2016,5,DET,PHI,7,14,0,dome,fieldturf,,,Sunday,13:00,Home,Matthew Stafford,Carson Wentz,Peter Morelli,DET00,0,-108,-102
2016,5,IND,CHI,7,7,0,open,fieldturf,,,Sunday,13:00,Home,Andrew Luck,Brian Hoyer,John Hussey,IND00,0,-105,-105
2016,5,MIA,TEN,10,7,0,outdoors,grass,88,15,Sunday,13:00,Home,Ryan Tannehill,Marcus Mariota,Craig Wrolstad,MIA00,0,-108,-102
2016,5,MIN,HOU,6,7,0,dome,sportturf,,,Sunday,13:00,Home,Sam Bradford,Brock Osweiler,Jeff Triplette,MIN01,0,-105,-105
2016,5,PIT,NYJ,7,7,0,outdoors,grass,57,9,Sunday,13:00,Home,Ben Roethlisberger,Ryan Fitzpatrick,John Parry,PIT00,0,111,-123
2016,5,CAR,TB,8,8,1,outdoors,grass,66,7,Monday,20:30,Home,Derek Anderson,Jameis Winston,Clete Blakeman,CAR00,0,-103,-107
2016,6,SD,DEN,4,4,1,outdoors,grass,70,9,Thursday,20:25,Home,Philip Rivers,Trevor Siemian,Craig Wrolstad,SDG00,0,-110,-100
2016,6,HOU,IND,7,7,1,closed,fieldturf,,,Sunday,20:30,Home,Brock Osweiler,Andrew Luck,Bill Vinovich,HOU00,1,-110,-100
2016,6,GB,DAL,7,7,0,outdoors,grass,69,8,Sunday,16:25,Home,Aaron Rodgers,Dak Prescott,Brad Allen,GNB00,0,-108,-102
2016,6,SEA,ATL,14,7,0,outdoors,fieldturf,54,10,Sunday,16:25,Home,Russell Wilson,Matt Ryan,Tony Corrente,SEA00,0,-103,-107
2016,6,OAK,KC,7,14,1,outdoors,grass,61,6,Sunday,16:05,Home,Derek Carr,Alex Smith,Peter Morelli,OAK00,0,104,-115
2016,6,BUF,SF,7,10,0,outdoors,a_turf,72,22,Sunday,13:00,Home,Tyrod Taylor,Colin Kaepernick,Gene Steratore,BUF00,0,102,-113
2016,6,CHI,JAX,7,14,0,outdoors,grass,69,7,Sunday,13:00,Home,Brian Hoyer,Blake Bortles,Clete Blakeman,CHI98,0,-117,106
2016,6,DET,LA,7,7,0,dome,fieldturf,,,Sunday,13:00,Home,Matthew Stafford,Case Keenum,John Hussey,DET00,0,-123,111
2016,6,MIA,PIT,7,7,0,outdoors,grass,81,15,Sunday,13:00,Home,Ryan Tannehill,Ben Roethlisberger,Ed Hochuli,MIA00,0,-117,106
2016,6,NE,CIN,7,7,0,outdoors,fieldturf,66,14,Sunday,13:00,Home,Tom Brady,Andy Dalton,Ron Torbert,BOS00,0,106,-117
2016,6,NO,CAR,14,6,1,dome,sportturf,,,Sunday,13:00,Home,Drew Brees,Cam Newton,Walt Anderson,NOR00,0,106,-117
2016,6,NYG,BAL,7,7,0,outdoors,fieldturf,66,6,Sunday,13:00,Home,Eli Manning,Joe Flacco,Jeff Triplette,NYC01,0,-113,102
2016,6,TEN,CLE,7,7,0,outdoors,grass,75,10,Sunday,13:00,Home,Marcus Mariota,Cody Kessler,Carl Cheffers,NAS00,0,-102,-108
2016,6,WAS,PHI,7,7,1,outdoors,grass,69,13,Sunday,13:00,Home,Kirk Cousins,Carson Wentz,John Parry,WAS00,0,-109,-101
2016,6,ARI,NYJ,11,8,0,closed,grass,,,Monday,20:30,Home,Carson Palmer,Ryan Fitzpatrick,Jerome Boger,PHO00,0,-108,-102
2016,7,GB,CHI,4,4,1,outdoors,grass,47,10,Thursday,20:25,Home,Aaron Rodgers,Brian Hoyer,John Parry,GNB00,0,106,-117
2016,7,ARI,SEA,6,7,1,closed,grass,,,Sunday,20:30,Home,Carson Palmer,Russell Wilson,Terry McAulay,PHO00,1,-110,-100
2016,7,PIT,NE,7,7,0,outdoors,grass,63,13,Sunday,16:25,Home,Landry Jones,Tom Brady,Craig Wrolstad,PIT00,0,-123,111
2016,7,ATL,SD,7,10,0,dome,fieldturf,,,Sunday,16:05,Home,Matt Ryan,Philip Rivers,Bill Vinovich,ATL00,1,-107,-103
2016,7,SF,TB,7,13,0,outdoors,grass,68,5,Sunday,16:05,Home,Colin Kaepernick,Jameis Winston,Peter Morelli,SFO01,0,-107,-103
2016,7,CIN,CLE,7,7,1,outdoors,fieldturf,65,5,Sunday,13:00,Home,Andy Dalton,Cody Kessler,Ed Hochuli,CIN00,0,-105,-105
2016,7,DET,WAS,7,7,0,dome,fieldturf,,,Sunday,13:00,Home,Matthew Stafford,Kirk Cousins,Walt Coleman,DET00,0,-111,101
2016,7,JAX,OAK,7,7,0,outdoors,grass,70,6,Sunday,13:00,Home,Blake Bortles,Derek Carr,Jeff Triplette,JAX00,0,-110,-100
2016,7,KC,NO,7,7,0,outdoors,grass,68,9,Sunday,13:00,Home,Alex Smith,Drew Brees,Clete Blakeman,KAN00,0,-103,-107
2016,7,MIA,BUF,7,7,1,outdoors,grass,81,11,Sunday,13:00,Home,Ryan Tannehill,Tyrod Taylor,Brad Allen,MIA00,0,-101,-109
2016,7,NYJ,BAL,6,7,0,outdoors,fieldturf,58,36,Sunday,13:00,Home,Geno Smith,Joe Flacco,Walt Anderson,NYC01,0,-107,-103
2016,7,PHI,MIN,7,14,0,outdoors,grass,62,20,Sunday,13:00,Home,Carson Wentz,Sam Bradford,John Hussey,PHI00,0,-102,-108
2016,7,TEN,IND,7,7,1,outdoors,grass,68,5,Sunday,13:00,Home,Marcus Mariota,Andrew Luck,Jerome Boger,NAS00,0,-106,-104
2016,7,LA,NYG,7,7,0,outdoors,grass,55,12,Sunday,09:30,Neutral,Case Keenum,Eli Manning,Ron Torbert,LON01,0,-115,104
2016,7,DEN,HOU,11,8,0,outdoors,grass,71,5,Monday,20:30,Home,Trevor Siemian,Brock Osweiler,Carl Cheffers,DEN00,0,-103,-107
2016,8,TEN,JAX,4,4,1,outdoors,grass,71,3,Thursday,20:25,Home,Marcus Mariota,Blake Bortles,John Hussey,NAS00,0,107,-118
2016,8,DAL,PHI,14,7,1,closed,matrixturf,,,Sunday,20:30,Home,Dak Prescott,Carson Wentz,Jerome Boger,DAL00,1,-108,-102
2016,8,CAR,ARI,14,7,0,outdoors,grass,85,5,Sunday,13:00,Home,Cam Newton,Carson Palmer,Walt Coleman,CAR00,0,-110,-100
2016,8,DEN,SD,6,7,1,outdoors,grass,76,6,Sunday,16:05,Home,Trevor Siemian,Philip Rivers,Tony Corrente,DEN00,0,102,-113
2016,8,ATL,GB,7,10,0,dome,fieldturf,,,Sunday,16:25,Home,Matt Ryan,Aaron Rodgers,Walt Anderson,ATL00,0,-104,-106
2016,8,BUF,NE,7,7,1,outdoors,a_turf,49,9,Sunday,13:00,Home,Tyrod Taylor,Tom Brady,John Parry,BUF00,0,-105,-105
2016,8,CLE,NYJ,7,7,0,outdoors,grass,53,15,Sunday,13:00,Home,Josh McCown,Ryan Fitzpatrick,Peter Morelli,CLE00,0,-100,-110
2016,8,HOU,DET,6,7,0,closed,fieldturf,,,Sunday,13:00,Home,Brock Osweiler,Matthew Stafford,Brad Allen,HOU00,0,-101,-109
2016,8,IND,KC,7,7,0,closed,fieldturf,,,Sunday,13:00,Home,Andrew Luck,Alex Smith,Craig Wrolstad,IND00,0,-119,108
2016,8,NO,SEA,7,7,0,dome,sportturf,,,Sunday,13:00,Home,Drew Brees,Russell Wilson,Ed Hochuli,NOR00,0,-113,102
2016,8,TB,OAK,7,7,0,outdoors,grass,86,15,Sunday,13:00,Home,Jameis Winston,Derek Carr,Terry McAulay,TAM00,1,-110,-100
2016,8,CIN,WAS,7,7,0,outdoors,grass,54,2,Sunday,09:30,Neutral,Andy Dalton,Kirk Cousins,Carl Cheffers,LON00,1,-105,-105
2016,8,CHI,MIN,11,8,1,outdoors,grass,58,12,Monday,20:30,Home,Jay Cutler,Sam Bradford,Gene Steratore,CHI98,0,-106,-104
2016,9,TB,ATL,4,4,1,outdoors,grass,76,2,Thursday,20:25,Home,Jameis Winston,Matt Ryan,Ron Torbert,TAM00,0,-107,-103
2016,9,OAK,DEN,7,7,1,outdoors,grass,65,6,Sunday,20:30,Home,Derek Carr,Trevor Siemian,Clete Blakeman,OAK00,0,104,-115
2016,9,GB,IND,7,7,0,outdoors,grass,68,7,Sunday,16:25,Home,Aaron Rodgers,Andrew Luck,Tony Corrente,GNB00,0,-103,-107
2016,9,SD,TEN,7,10,0,outdoors,grass,76,6,Sunday,16:25,Home,Philip Rivers,Marcus Mariota,Brad Allen,SDG00,0,-103,-107
2016,9,LA,CAR,14,7,0,outdoors,grass,75,2,Sunday,16:05,Home,Case Keenum,Cam Newton,Terry McAulay,LAX99,0,-119,108
2016,9,SF,NO,14,7,0,outdoors,grass,70,0,Sunday,16:05,Home,Colin Kaepernick,Drew Brees,Jerome Boger,SFO01,0,-107,-103
2016,9,BAL,PIT,14,14,1,outdoors,grass,65,15,Sunday,13:00,Home,Joe Flacco,Ben Roethlisberger,John Hussey,BAL00,0,-133,120
2016,9,CLE,DAL,7,7,0,outdoors,grass,58,4,Sunday,13:00,Home,Cody Kessler,Dak Prescott,Jeff Triplette,CLE00,0,-110,-100
2016,9,KC,JAX,7,10,0,outdoors,grass,62,7,Sunday,13:00,Home,Nick Foles,Blake Bortles,Gene Steratore,KAN00,0,106,-117
2016,9,MIA,NYJ,14,7,1,outdoors,grass,80,14,Sunday,13:00,Home,Ryan Tannehill,Ryan Fitzpatrick,Walt Coleman,MIA00,0,-110,-100
2016,9,MIN,DET,6,7,1,dome,sportturf,,,Sunday,13:00,Home,Sam Bradford,Matthew Stafford,Ed Hochuli,MIN01,1,-100,-110
2016,9,NYG,PHI,14,7,1,outdoors,fieldturf,56,9,Sunday,13:00,Home,Eli Manning,Carson Wentz,Bill Vinovich,NYC01,0,-100,-110
2016,9,SEA,BUF,8,8,0,outdoors,fieldturf,61,4,Monday,20:30,Home,Russell Wilson,Tyrod Taylor,Walt Anderson,SEA00,0,-100,-110
2017,1,NE,KC,7,7,0,outdoors,fieldturf,63,8,Thursday,20:30,Home,Tom Brady,Alex Smith,Bill Vinovich,BOS00,0,-114,103
2017,1,DAL,NYG,7,7,1,closed,matrixturf,,,Sunday,20:30,Home,Dak Prescott,Eli Manning,Carl Cheffers,DAL00,0,-105,-105
2017,1,GB,SEA,7,7,0,outdoors,grass,71,11,Sunday,16:25,Home,Aaron Rodgers,Russell Wilson,John Parry,GNB00,0,-110,-100
2017,1,SF,CAR,7,7,0,outdoors,grass,87,8,Sunday,16:25,Home,Brian Hoyer,Cam Newton,Clete Blakeman,SFO01,0,-103,-107
2017,1,LA,IND,7,7,0,outdoors,grass,90,2,Sunday,16:05,Home,Jared Goff,Scott Tolzien,Ron Torbert,LAX99,0,-108,-102
2017,1,BUF,NYJ,7,7,1,outdoors,a_turf,65,6,Sunday,13:00,Home,Tyrod Taylor,Josh McCown,John Hussey,BUF00,0,-123,111
2017,1,CHI,ATL,7,7,0,outdoors,grass,64,10,Sunday,13:00,Home,Mike Glennon,Matt Ryan,Jeff Triplette,CHI98,0,-103,-107
2017,1,CIN,BAL,7,7,1,outdoors,fieldturf,68,9,Sunday,13:00,Home,Andy Dalton,Joe Flacco,Walt Coleman,CIN00,0,-114,103
2017,1,CLE,PIT,7,7,1,outdoors,grass,63,11,Sunday,13:00,Home,DeShone Kizer,Ben Roethlisberger,Craig Wrolstad,CLE00,0,-108,-102
2017,1,DET,ARI,7,7,0,dome,fieldturf,,,Sunday,13:00,Home,Matthew Stafford,Carson Palmer,Walt Anderson,DET00,0,-117,106
2017,1,HOU,JAX,7,7,1,open,astroturf,,,Sunday,13:00,Home,Tom Savage,Blake Bortles,Tony Corrente,HOU00,0,-105,-105
2017,1,TEN,OAK,7,7,0,outdoors,grass,72,7,Sunday,13:00,Home,Marcus Mariota,Derek Carr,Jerome Boger,NAS00,0,-113,102
2017,1,WAS,PHI,7,7,1,outdoors,grass,67,5,Sunday,13:00,Home,Kirk Cousins,Carson Wentz,Brad Allen,WAS00,0,-105,-105
2017,1,DEN,LAC,7,7,1,outdoors,grass,73,12,Monday,22:20,Home,Trevor Siemian,Philip Rivers,Terry McAulay,DEN00,0,104,-115
2017,1,MIN,NO,7,7,0,dome,sportturf,,,Monday,19:10,Home,Sam Bradford,Drew Brees,Gene Steratore,MIN01,0,-116,105
2017,10,ARI,SEA,4,4,1,open,grass,,,Thursday,20:25,Home,Drew Stanton,Russell Wilson,Walt Anderson,PHO00,0,-109,-101
2017,10,DEN,NE,7,14,0,outdoors,grass,48,5,Sunday,20:30,Home,Brock Osweiler,Tom Brady,Walt Coleman,DEN00,0,-123,111
2017,10,ATL,DAL,7,7,0,closed,fieldturf,,,Sunday,16:25,Home,Matt Ryan,Dak Prescott,Ed Hochuli,ATL97,0,-105,-105
2017,10,SF,NYG,7,7,0,outdoors,grass,68,5,Sunday,16:25,Home,C.J. Beathard,Eli Manning,Jerome Boger,SFO01,0,102,-113
2017,10,LA,HOU,7,7,0,outdoors,grass,68,0,Sunday,16:05,Home,Jared Goff,Tom Savage,Peter Morelli,LAX99,0,-109,-101
2017,10,BUF,NO,10,7,0,outdoors,a_turf,42,2,Sunday,13:00,Home,Tyrod Taylor,Drew Brees,Terry McAulay,BUF00,0,-103,-107
2017,10,CHI,GB,14,6,1,outdoors,grass,40,6,Sunday,13:00,Home,Mitch Trubisky,Brett Hundley,Tony Corrente,CHI98,0,-115,104
2017,10,DET,CLE,6,14,0,dome,fieldturf,,,Sunday,13:00,Home,Matthew Stafford,DeShone Kizer,Carl Cheffers,DET00,0,108,-119
2017,10,IND,PIT,7,14,0,closed,fieldturf,,,Sunday,13:00,Home,Jacoby Brissett,Ben Roethlisberger,Clete Blakeman,IND00,0,-100,-110
2017,10,JAX,LAC,7,14,0,outdoors,grass,76,5,Sunday,13:00,Home,Blake Bortles,Philip Rivers,Ron Torbert,JAX00,1,-108,-102
2017,10,TB,NYJ,7,10,0,outdoors,grass,79,16,Sunday,13:00,Home,Ryan Fitzpatrick,Josh McCown,Brad Allen,TAM00,0,-117,106
2017,10,TEN,CIN,7,7,0,outdoors,grass,53,4,Sunday,13:00,Home,Marcus Mariota,Andy Dalton,Jeff Triplette,NAS00,0,-110,-100
2017,10,WAS,MIN,7,14,0,outdoors,grass,44,4,Sunday,13:00,Home,Kirk Cousins,Case Keenum,Bill Vinovich,WAS00,0,-114,103
2017,10,CAR,MIA,8,8,0,outdoors,grass,49,6,Monday,20:30,Home,Cam Newton,Jay Cutler,Gene Steratore,CAR00,0,-100,-110
2017,11,PIT,TEN,4,4,0,outdoors,grass,40,17,Thursday,20:25,Home,Ben Roethlisberger,Marcus Mariota,Ron Torbert,PIT00,0,102,-113
2017,11,DAL,PHI,7,14,1,closed,matrixturf,,,Sunday,20:30,Home,Dak Prescott,Carson Wentz,Bill Vinovich,DAL00,0,-110,-100
2017,11,DEN,CIN,7,7,0,outdoors,grass,60,7,Sunday,16:25,Home,Brock Osweiler,Andy Dalton,Craig Wrolstad,DEN00,0,-128,116
2017,11,OAK,NE,14,7,0,outdoors,grass,66,0,Sunday,16:25,Neutral,Derek Carr,Tom Brady,John Hussey,MEX00,0,-109,-101
2017,11,LAC,BUF,7,7,0,outdoors,grass,76,6,Sunday,16:05,Home,Philip Rivers,Nathan Peterman,John Parry,LAX97,0,-101,-109
2017,11,CHI,DET,7,7,1,outdoors,grass,33,16,Sunday,13:00,Home,Mitch Trubisky,Matthew Stafford,Gene Steratore,CHI98,0,-107,-103
2017,11,CLE,JAX,7,7,0,outdoors,grass,38,16,Sunday,13:00,Home,DeShone Kizer,Blake Bortles,Peter Morelli,CLE00,0,-113,102
2017,11,GB,BAL,7,14,0,outdoors,grass,28,14,Sunday,13:00,Home,Brett Hundley,Joe Flacco,Jeff Triplette,GNB00,0,-102,-108
2017,11,HOU,ARI,7,10,0,closed,astroturf,,,Sunday,13:00,Home,Tom Savage,Blaine Gabbert,Ed Hochuli,HOU00,0,-103,-107
2017,11,MIA,TB,6,7,0,outdoors,grass,81,9,Sunday,13:00,Home,Jay Cutler,Ryan Fitzpatrick,Tony Corrente,MIA00,0,102,-113
2017,11,MIN,LA,7,7,0,dome,sportturf,,,Sunday,13:00,Home,Case Keenum,Jared Goff,Walt Anderson,MIN01,0,-107,-103
2017,11,NO,WAS,7,7,0,dome,sportturf,,,Sunday,13:00,Home,Drew Brees,Kirk Cousins,Walt Coleman,NOR00,1,102,-113
2017,11,NYG,KC,7,14,0,outdoors,fieldturf,50,23,Sunday,13:00,Home,Eli Manning,Alex Smith,Brad Allen,NYC01,1,-119,108
2017,11,SEA,ATL,11,8,0,outdoors,fieldturf,45,6,Monday,20:30,Home,Russell Wilson,Matt Ryan,Carl Cheffers,SEA00,0,-106,-104
2017,12,WAS,NYG,4,4,1,outdoors,grass,33,0,Thursday,20:30,Home,Kirk Cousins,Eli Manning,Terry McAulay,WAS00,0,-108,-102
2017,12,DAL,LAC,4,4,0,closed,matrixturf,,,Thursday,16:30,Home,Dak Prescott,Philip Rivers,Jerome Boger,DAL00,0,-100,-110
2017,12,DET,MIN,4,4,1,dome,fieldturf,,,Thursday,12:30,Home,Matthew Stafford,Case Keenum,Tony Corrente,DET00,0,100,-110
2017,12,PIT,GB,10,7,0,outdoors,grass,38,7,Sunday,20:30,Home,Ben Roethlisberger,Brett Hundley,Ed Hochuli,PIT00,0,-106,-104
2017,12,ARI,JAX,7,7,0,closed,grass,,,Sunday,16:25,Home,Blaine Gabbert,Blake Bortles,Clete Blakeman,PHO00,0,-110,100
2017,12,OAK,DEN,7,7,1,outdoors,grass,61,13,Sunday,16:25,Home,Derek Carr,Paxton Lynch,Walt Anderson,OAK00,0,-111,101
2017,12,LA,NO,7,7,0,outdoors,grass,72,1,Sunday,16:25,Home,Jared Goff,Drew Brees,John Parry,LAX99,0,-118,107
2017,12,SF,SEA,14,6,1,outdoors,grass,66,12,Sunday,16:05,Home,C.J. Beathard,Russell Wilson,Peter Morelli,SFO01,0,-117,106
2017,12,ATL,TB,6,7,1,closed,fieldturf,,,Sunday,13:00,Home,Matt Ryan,Ryan Fitzpatrick,Jeff Triplette,ATL97,0,106,-117
2017,12,CIN,CLE,7,7,1,outdoors,fieldturf,46,3,Sunday,13:00,Home,Andy Dalton,DeShone Kizer,John Hussey,CIN00,0,102,-113
2017,12,IND,TEN,14,10,1,open,fieldturf,,,Sunday,13:00,Home,Jacoby Brissett,Marcus Mariota,Craig Wrolstad,IND00,0,111,-123
2017,12,KC,BUF,7,7,0,outdoors,grass,62,9,Sunday,13:00,Home,Alex Smith,Tyrod Taylor,Bill Vinovich,KAN00,0,104,-115
2017,12,NE,MIA,7,7,1,outdoors,fieldturf,47,17,Sunday,13:00,Home,Tom Brady,Matt Moore,Ron Torbert,BOS00,0,113,-125
2017,12,NYJ,CAR,14,13,0,outdoors,fieldturf,47,23,Sunday,13:00,Home,Josh McCown,Cam Newton,Carl Cheffers,NYC01,0,-100,-110
2017,12,PHI,CHI,7,7,0,outdoors,grass,49,17,Sunday,13:00,Home,Carson Wentz,Mitch Trubisky,Walt Coleman,PHI00,0,111,-123
2017,12,BAL,HOU,8,8,0,outdoors,grass,50,1,Monday,20:30,Home,Joe Flacco,Tom Savage,Brad Allen,BAL00,0,-107,-103
2017,13,DAL,WAS,7,7,1,closed,matrixturf,,,Thursday,20:25,Home,Dak Prescott,Kirk Cousins,Craig Wrolstad,DAL00,0,-103,-107
2017,13,SEA,PHI,7,7,0,outdoors,fieldturf,44,3,Sunday,20:30,Home,Russell Wilson,Carson Wentz,Tony Corrente,SEA00,0,-100,-110
2017,13,ARI,LA,7,7,1,closed,grass,,,Sunday,16:25,Home,Blaine Gabbert,Jared Goff,Ron Torbert,PHO00,0,-117,106
2017,13,OAK,NYG,7,10,0,outdoors,grass,58,11,Sunday,16:25,Home,Derek Carr,Geno Smith,Peter Morelli,OAK00,0,-103,-107
2017,13,LAC,CLE,10,7,0,outdoors,grass,68,7,Sunday,16:05,Home,Philip Rivers,DeShone Kizer,Walt Coleman,LAX97,0,106,-117
2017,13,ATL,MIN,7,10,0,closed,fieldturf,,,Sunday,13:00,Home,Matt Ryan,Case Keenum,Brad Allen,ATL97,0,100,-110
2017,13,BAL,DET,6,10,0,outdoors,grass,53,4,Sunday,13:00,Home,Joe Flacco,Matthew Stafford,Jerome Boger,BAL00,0,-104,-106
2017,13,BUF,NE,7,7,1,outdoors,a_turf,48,13,Sunday,13:00,Home,Tyrod Taylor,Tom Brady,Gene Steratore,BUF00,0,-115,104
2017,13,CHI,SF,7,7,0,outdoors,grass,54,6,Sunday,13:00,Home,Mitch Trubisky,Jimmy Garoppolo,Ed Hochuli,CHI98,0,-114,103
2017,13,GB,TB,7,7,0,outdoors,grass,42,8,Sunday,13:00,Home,Brett Hundley,Jameis Winston,Terry McAulay,GNB00,1,-115,104
2017,13,JAX,IND,7,7,1,outdoors,grass,70,7,Sunday,13:00,Home,Blake Bortles,Jacoby Brissett,Bill Vinovich,JAX00,0,103,-114
2017,13,MIA,DEN,7,7,0,outdoors,grass,80,11,Sunday,13:00,Home,Jay Cutler,Trevor Siemian,Carl Cheffers,MIA00,0,100,-110
2017,13,NO,CAR,7,7,1,dome,sportturf,,,Sunday,16:25,Home,Drew Brees,Cam Newton,John Hussey,NOR00,0,-108,-102
2017,13,NYJ,KC,7,7,0,outdoors,fieldturf,48,0,Sunday,13:00,Home,Josh McCown,Alex Smith,John Parry,NYC01,0,-102,-108
2017,13,TEN,HOU,7,6,1,outdoors,grass,60,4,Sunday,13:00,Home,Marcus Mariota,Tom Savage,Clete Blakeman,NAS00,0,-102,-108
2017,13,CIN,PIT,8,8,1,outdoors,fieldturf,61,9,Monday,20:30,Home,Andy Dalton,Ben Roethlisberger,Walt Anderson,CIN00,0,-108,-102
2017,14,ATL,NO,4,4,1,closed,fieldturf,,,Thursday,20:25,Home,Matt Ryan,Drew Brees,Clete Blakeman,ATL97,0,-105,-105
2017,14,PIT,BAL,6,7,1,outdoors,grass,33,12,Sunday,20:30,Home,Ben Roethlisberger,Joe Flacco,Walt Coleman,PIT00,0,-100,-110
2017,14,LA,PHI,7,7,0,outdoors,grass,83,0,Sunday,16:25,Home,Jared Goff,Carson Wentz,Craig Wrolstad,LAX99,0,-102,-108
2017,14,NYG,DAL,7,10,1,outdoors,fieldturf,39,11,Sunday,13:00,Home,Eli Manning,Dak Prescott,Walt Anderson,NYC01,0,-109,-101
2017,14,ARI,TEN,7,7,0,closed,grass,,,Sunday,16:05,Home,Blaine Gabbert,Marcus Mariota,Jerome Boger,PHO00,0,104,-115
2017,14,DEN,NYJ,7,7,0,outdoors,grass,60,3,Sunday,16:05,Home,Trevor Siemian,Josh McCown,Tony Corrente,DEN00,0,-111,101
2017,14,LAC,WAS,7,10,0,outdoors,grass,81,4,Sunday,16:05,Home,Philip Rivers,Kirk Cousins,Jeff Triplette,LAX97,0,-108,-102
2017,14,BUF,IND,7,7,0,outdoors,a_turf,32,15,Sunday,13:00,Home,Nathan Peterman,Jacoby Brissett,Brad Allen,BUF00,1,104,-115
2017,14,CAR,MIN,7,7,0,outdoors,grass,41,5,Sunday,13:00,Home,Cam Newton,Case Keenum,Terry McAulay,CAR00,0,-108,-102
2017,14,CIN,CHI,6,7,0,outdoors,fieldturf,31,11,Sunday,13:00,Home,Andy Dalton,Mitch Trubisky,John Parry,CIN00,0,-109,-101
2017,14,CLE,GB,7,7,0,outdoors,grass,29,24,Sunday,13:00,Home,DeShone Kizer,Brett Hundley,Bill Vinovich,CLE00,1,-104,-106
2017,14,HOU,SF,7,7,0,closed,astroturf,,,Sunday,13:00,Home,Tom Savage,Jimmy Garoppolo,John Hussey,HOU00,0,-115,104
2017,14,JAX,SEA,7,7,0,outdoors,grass,54,5,Sunday,16:25,Home,Blake Bortles,Russell Wilson,Gene Steratore,JAX00,0,113,-125
2017,14,KC,OAK,7,7,1,outdoors,grass,46,13,Sunday,13:00,Home,Alex Smith,Derek Carr,Carl Cheffers,KAN00,0,102,-113
2017,14,TB,DET,7,7,0,outdoors,grass,55,9,Sunday,13:00,Home,Jameis Winston,Matthew Stafford,Ed Hochuli,TAM00,0,-108,-102
2017,14,MIA,NE,8,8,1,outdoors,grass,55,7,Monday,20:30,Home,Jay Cutler,Tom Brady,Peter Morelli,MIA00,0,-106,-104
2017,15,IND,DEN,4,4,0,closed,fieldturf,,,Thursday,20:25,Home,Jacoby Brissett,Trevor Siemian,Terry McAulay,IND00,0,-115,104
2017,15,KC,LAC,6,6,1,outdoors,grass,53,9,Saturday,20:25,Home,Alex Smith,Philip Rivers,Walt Anderson,KAN00,0,-106,-104
2017,15,DET,CHI,6,6,1,dome,fieldturf,,,Saturday,16:30,Home,Matthew Stafford,Mitch Trubisky,Jeff Triplette,DET00,0,-109,-101
2017,15,OAK,DAL,7,7,0,outdoors,grass,57,4,Sunday,20:30,Home,Derek Carr,Dak Prescott,Gene Steratore,OAK00,0,-115,104
2017,15,PIT,NE,7,6,0,outdoors,grass,42,4,Sunday,16:25,Home,Ben Roethlisberger,Tom Brady,Tony Corrente,PIT00,0,102,-113
2017,15,SF,TEN,7,7,0,outdoors,grass,65,17,Sunday,16:25,Home,Jimmy Garoppolo,Marcus Mariota,John Parry,SFO01,0,102,-113
2017,15,SEA,LA,7,7,1,outdoors,fieldturf,47,15,Sunday,16:05,Home,Russell Wilson,Jared Goff,Ed Hochuli,SEA00,0,-110,-100
2017,15,BUF,MIA,7,6,1,outdoors,a_turf,22,8,Sunday,13:00,Home,Tyrod Taylor,Jay Cutler,Jerome Boger,BUF00,0,-103,-107
2017,15,CAR,GB,7,7,0,outdoors,grass,51,5,Sunday,13:00,Home,Cam Newton,Aaron Rodgers,Craig Wrolstad,CAR00,0,-100,-110
2017,15,CLE,BAL,7,7,1,outdoors,grass,36,0,Sunday,13:00,Home,DeShone Kizer,Joe Flacco,Clete Blakeman,CLE00,0,-108,-102
2017,15,JAX,HOU,7,7,1,outdoors,grass,72,5,Sunday,13:00,Home,Blake Bortles,T.J. Yates,Carl Cheffers,JAX00,0,102,-113
2017,15,MIN,CIN,7,7,0,dome,sportturf,,,Sunday,13:00,Home,Case Keenum,Andy Dalton,Walt Coleman,MIN01,0,-110,-100
2017,15,NO,NYJ,10,7,0,dome,sportturf,,,Sunday,13:00,Home,Drew Brees,Bryce Petty,Ron Torbert,NOR00,0,102,-113
2017,15,NYG,PHI,7,7,1,outdoors,fieldturf,35,0,Sunday,13:00,Home,Eli Manning,Nick Foles,Brad Allen,NYC01,0,-119,108
2017,15,WAS,ARI,7,7,0,outdoors,grass,50,1,Sunday,13:00,Home,Kirk Cousins,Blaine Gabbert,Peter Morelli,WAS00,0,-110,-100
2017,15,TB,ATL,8,11,1,outdoors,grass,71,2,Monday,20:30,Home,Jameis Winston,Matt Ryan,John Hussey,TAM00,0,-105,-105
2017,16,GB,MIN,6,6,1,outdoors,grass,10,6,Saturday,20:30,Home,Brett Hundley,Case Keenum,Carl Cheffers,GNB00,0,-110,-100
2017,16,BAL,IND,6,9,0,outdoors,grass,63,14,Saturday,16:30,Home,Joe Flacco,Jacoby Brissett,Tony Corrente,BAL00,0,-102,-108
2017,16,ARI,NYG,7,7,0,closed,grass,,,Sunday,16:25,Home,Drew Stanton,Eli Manning,John Parry,PHO00,0,-116,105
2017,16,DAL,SEA,7,7,0,closed,matrixturf,,,Sunday,16:25,Home,Dak Prescott,Russell Wilson,John Hussey,DAL00,0,-105,-105
2017,16,SF,JAX,7,7,0,outdoors,grass,52,0,Sunday,16:05,Home,Jimmy Garoppolo,Blake Bortles,Jeff Triplette,SFO01,0,-108,-102
2017,16,CAR,TB,7,6,1,outdoors,grass,55,6,Sunday,13:00,Home,Cam Newton,Jameis Winston,Jerome Boger,CAR00,0,-102,-108
2017,16,CHI,CLE,8,7,0,outdoors,grass,24,8,Sunday,13:00,Home,Mitch Trubisky,DeShone Kizer,Terry McAulay,CHI98,0,-106,-104
2017,16,CIN,DET,7,8,0,outdoors,fieldturf,35,2,Sunday,13:00,Home,Andy Dalton,Matthew Stafford,Gene Steratore,CIN00,0,-106,-104
2017,16,KC,MIA,8,7,0,outdoors,grass,23,15,Sunday,13:00,Home,Alex Smith,Jay Cutler,Brad Allen,KAN00,0,-100,-110
2017,16,NE,BUF,7,7,1,outdoors,fieldturf,35,7,Sunday,13:00,Home,Tom Brady,Tyrod Taylor,Craig Wrolstad,BOS00,0,-107,-103
2017,16,NO,ATL,7,6,1,dome,sportturf,,,Sunday,13:00,Home,Drew Brees,Matt Ryan,Peter Morelli,NOR00,0,-108,-102
2017,16,NYJ,LAC,7,8,0,outdoors,fieldturf,40,6,Sunday,13:00,Home,Bryce Petty,Philip Rivers,Clete Blakeman,NYC01,0,-117,106
2017,16,TEN,LA,7,7,0,outdoors,grass,39,11,Sunday,13:00,Home,Marcus Mariota,Jared Goff,Walt Anderson,NAS00,0,-105,-105
2017,16,WAS,DEN,7,10,0,outdoors,grass,43,7,Sunday,13:00,Home,Kirk Cousins,Brock Osweiler,Ed Hochuli,WAS00,0,-110,100
2017,16,PHI,OAK,8,8,0,outdoors,grass,29,15,Monday,20:30,Home,Nick Foles,Derek Carr,Ron Torbert,PHI00,0,-103,-107
2017,16,HOU,PIT,8,8,0,closed,astroturf,,,Monday,16:30,Home,T.J. Yates,Ben Roethlisberger,Bill Vinovich,HOU00,0,-107,-103
2017,17,DEN,KC,7,7,1,outdoors,grass,17,4,Sunday,16:25,Home,Paxton Lynch,Patrick Mahomes,Clete Blakeman,DEN00,0,-112,102
2017,17,LAC,OAK,7,6,1,outdoors,grass,62,2,Sunday,16:25,Home,Philip Rivers,Derek Carr,Ed Hochuli,LAX97,0,104,-115
2017,17,LA,SF,7,7,1,outdoors,grass,67,3,Sunday,16:25,Home,Sean Mannion,Jimmy Garoppolo,Terry McAulay,LAX99,0,102,-113
2017,17,SEA,ARI,7,7,1,outdoors,fieldturf,40,7,Sunday,16:25,Home,Russell Wilson,Drew Stanton,Walt Coleman,SEA00,0,101,-111
2017,17,ATL,CAR,7,7,1,closed,fieldturf,,,Sunday,16:25,Home,Matt Ryan,Cam Newton,Bill Vinovich,ATL97,0,-110,-100
2017,17,BAL,CIN,8,7,1,outdoors,grass,19,12,Sunday,16:25,Home,Joe Flacco,Andy Dalton,Ron Torbert,BAL00,0,102,-113
2017,17,DET,GB,7,8,1,dome,fieldturf,,,Sunday,13:00,Home,Matthew Stafford,Brett Hundley,Peter Morelli,DET00,0,103,-114
2017,17,IND,HOU,8,6,1,closed,fieldturf,,,Sunday,13:00,Home,Jacoby Brissett,T.J. Yates,Gene Steratore,IND00,0,-102,-108
2017,17,MIA,BUF,7,7,1,outdoors,grass,71,9,Sunday,16:25,Home,Jay Cutler,Tyrod Taylor,Jeff Triplette,MIA00,0,-108,-102
2017,17,MIN,CHI,8,7,1,dome,sportturf,,,Sunday,13:00,Home,Case Keenum,Mitch Trubisky,Craig Wrolstad,MIN01,0,111,-123
2017,17,NE,NYJ,7,7,1,outdoors,fieldturf,13,14,Sunday,13:00,Home,Tom Brady,Bryce Petty,Brad Allen,BOS00,0,109,-120
2017,17,NYG,WAS,7,7,1,outdoors,fieldturf,16,16,Sunday,13:00,Home,Eli Manning,Kirk Cousins,John Hussey,NYC01,0,102,-113
2017,17,PHI,DAL,6,7,1,outdoors,grass,19,17,Sunday,13:00,Home,Nick Foles,Dak Prescott,John Parry,PHI00,0,102,-113
2017,17,PIT,CLE,6,7,1,outdoors,grass,11,3,Sunday,13:00,Home,Landry Jones,DeShone Kizer,Jerome Boger,PIT00,0,102,-113
2017,17,TB,NO,7,7,1,outdoors,grass,71,3,Sunday,16:25,Home,Jameis Winston,Drew Brees,Walt Anderson,TAM00,0,-108,-102
2017,17,TEN,JAX,7,7,1,outdoors,grass,23,5,Sunday,16:25,Home,Marcus Mariota,Blake Bortles,Tony Corrente,NAS00,0,-113,102
2017,2,CIN,HOU,4,4,0,outdoors,fieldturf,69,2,Thursday,20:25,Home,Andy Dalton,Deshaun Watson,Clete Blakeman,CIN00,0,-105,-105
2017,2,ATL,GB,7,7,0,open,fieldturf,,,Sunday,20:30,Home,Matt Ryan,Aaron Rodgers,Walt Anderson,ATL97,0,-100,-110
2017,2,DEN,DAL,6,7,0,outdoors,grass,72,5,Sunday,16:25,Home,Trevor Siemian,Dak Prescott,Brad Allen,DEN00,0,-110,-100
2017,2,LA,WAS,7,7,0,outdoors,grass,74,3,Sunday,16:25,Home,Jared Goff,Kirk Cousins,Jerome Boger,LAX99,0,-104,-106
2017,2,SEA,SF,7,7,1,outdoors,fieldturf,65,12,Sunday,16:25,Home,Russell Wilson,Brian Hoyer,Bill Vinovich,SEA00,0,-100,-110
2017,2,LAC,MIA,6,14,0,outdoors,grass,71,7,Sunday,16:05,Home,Philip Rivers,Jay Cutler,Tony Corrente,LAX97,0,-105,-105
2017,2,OAK,NYJ,7,7,0,outdoors,grass,70,6,Sunday,16:05,Home,Derek Carr,Josh McCown,Jeff Triplette,OAK00,0,-110,-100
2017,2,BAL,CLE,7,7,1,outdoors,grass,80,2,Sunday,13:00,Home,Joe Flacco,DeShone Kizer,Gene Steratore,BAL00,0,104,-115
2017,2,CAR,BUF,7,7,0,outdoors,grass,83,5,Sunday,13:00,Home,Cam Newton,Tyrod Taylor,Walt Coleman,CAR00,0,-106,-104
2017,2,IND,ARI,7,7,0,closed,fieldturf,,,Sunday,13:00,Home,Jacoby Brissett,Carson Palmer,Carl Cheffers,IND00,1,-117,106
2017,2,JAX,TEN,7,7,1,outdoors,grass,84,10,Sunday,13:00,Home,Blake Bortles,Marcus Mariota,Ed Hochuli,JAX00,0,-104,-106
2017,2,KC,PHI,10,7,0,outdoors,grass,68,7,Sunday,13:00,Home,Alex Smith,Carson Wentz,Terry McAulay,KAN00,0,-105,-105
2017,2,NO,NE,6,10,0,dome,sportturf,,,Sunday,13:00,Home,Drew Brees,Tom Brady,Craig Wrolstad,NOR00,0,-114,103
2017,2,PIT,MIN,7,6,0,outdoors,grass,78,1,Sunday,13:00,Home,Ben Roethlisberger,Case Keenum,Peter Morelli,PIT00,0,-106,-104
2017,2,TB,CHI,14,7,0,outdoors,grass,88,7,Sunday,13:00,Home,Jameis Winston,Mike Glennon,Ron Torbert,TAM00,0,-110,-100
2017,2,NYG,DET,8,8,0,outdoors,fieldturf,72,5,Monday,20:30,Home,Eli Manning,Matthew Stafford,John Parry,NYC01,0,-118,107
2017,3,SF,LA,4,4,1,outdoors,grass,68,13,Thursday,20:25,Home,Brian Hoyer,Jared Goff,Jeff Triplette,SFO01,0,-117,106
2017,3,WAS,OAK,7,7,0,outdoors,grass,76,0,Sunday,20:30,Home,Kirk Cousins,Derek Carr,Tony Corrente,WAS00,0,-107,-103
2017,3,GB,CIN,7,10,0,outdoors,grass,89,8,Sunday,16:25,Home,Aaron Rodgers,Andy Dalton,Gene Steratore,GNB00,1,-106,-104
2017,3,LAC,KC,7,7,1,outdoors,grass,84,5,Sunday,16:25,Home,Philip Rivers,Alex Smith,Walt Anderson,LAX97,0,-118,107
2017,3,TEN,SEA,7,7,0,outdoors,grass,88,4,Sunday,16:05,Home,Marcus Mariota,Russell Wilson,Ron Torbert,NAS00,0,-116,105
2017,3,BUF,DEN,7,7,0,outdoors,a_turf,83,5,Sunday,13:00,Home,Tyrod Taylor,Trevor Siemian,Carl Cheffers,BUF00,0,-108,-102
2017,3,CAR,NO,7,7,1,outdoors,grass,82,6,Sunday,13:00,Home,Cam Newton,Drew Brees,Bill Vinovich,CAR00,0,-110,-100
2017,3,CHI,PIT,7,7,0,outdoors,grass,89,5,Sunday,13:00,Home,Mike Glennon,Ben Roethlisberger,Clete Blakeman,CHI98,1,-117,106
2017,3,DET,ATL,6,7,0,dome,fieldturf,,,Sunday,13:00,Home,Matthew Stafford,Matt Ryan,Walt Coleman,DET00,0,105,-116
2017,3,IND,CLE,7,7,0,closed,fieldturf,,,Sunday,13:00,Home,Jacoby Brissett,DeShone Kizer,Ed Hochuli,IND00,0,-110,-100
2017,3,MIN,TB,7,7,0,dome,sportturf,,,Sunday,13:00,Home,Case Keenum,Jameis Winston,John Hussey,MIN01,0,-110,-100
2017,3,NE,HOU,7,10,0,outdoors,fieldturf,84,4,Sunday,13:00,Home,Tom Brady,Deshaun Watson,John Parry,BOS00,0,100,-110
2017,3,NYJ,MIA,7,7,1,outdoors,fieldturf,88,5,Sunday,13:00,Home,Josh McCown,Jay Cutler,Terry McAulay,NYC01,0,-107,-103
2017,3,PHI,NYG,7,6,1,outdoors,grass,89,6,Sunday,13:00,Home,Carson Wentz,Eli Manning,Jerome Boger,PHI00,0,-106,-104
2017,3,JAX,BAL,7,7,0,outdoors,grass,70,10,Sunday,21:30,Neutral,Blake Bortles,Joe Flacco,Peter Morelli,LON00,0,-100,-110
2017,3,ARI,DAL,8,8,0,closed,grass,,,Monday,20:30,Home,Carson Palmer,Dak Prescott,Craig Wrolstad,PHO00,0,-115,104
2017,4,GB,CHI,4,4,1,outdoors,grass,65,5,Thursday,20:25,Home,Aaron Rodgers,Mike Glennon,John Hussey,GNB00,0,,
2017,4,SEA,IND,7,7,0,outdoors,fieldturf,61,8,Sunday,20:30,Home,Russell Wilson,Jacoby Brissett,Brad Allen,SEA00,0,-100,-110
2017,4,DEN,OAK,7,7,1,outdoors,grass,72,7,Sunday,16:25,Home,Trevor Siemian,Derek Carr,John Perry,DEN00,0,-108,-102
2017,4,ARI,SF,6,10,1,closed,grass,,,Sunday,16:05,Home,Carson Palmer,Brian Hoyer,Tony Corrente,PHO00,1,-106,-104
2017,4,LAC,PHI,7,7,0,outdoors,grass,72,6,Sunday,16:05,Home,Philip Rivers,Carson Wentz,Carl Cheffers,LAX97,0,-105,-105
2017,4,TB,NYG,7,7,0,outdoors,grass,91,8,Sunday,16:05,Home,Jameis Winston,Eli Manning,Craig Wrolstad,TAM00,0,-107,-103
2017,4,ATL,BUF,7,7,0,closed,fieldturf,,,Sunday,13:00,Home,Matt Ryan,Tyrod Taylor,Terry McAulay,ATL97,0,-105,-105
2017,4,BAL,PIT,7,7,1,outdoors,grass,64,6,Sunday,13:00,Home,Joe Flacco,Ben Roethlisberger,Walt Anderson,BAL00,0,-110,100
2017,4,CLE,CIN,7,7,1,outdoors,grass,63,6,Sunday,13:00,Home,DeShone Kizer,Andy Dalton,Ron Torbert,CLE00,0,104,-115
2017,4,DAL,LA,6,10,0,closed,matrixturf,,,Sunday,13:00,Home,Dak Prescott,Jared Goff,Clete Blakeman,DAL00,0,-105,-105
2017,4,HOU,TEN,7,7,1,open,astroturf,,,Sunday,13:00,Home,Deshaun Watson,Marcus Mariota,Jeff Triplette,HOU00,0,102,-113
2017,4,MIN,DET,7,7,1,dome,sportturf,,,Sunday,13:00,Home,Case Keenum,Matthew Stafford,Bill Vinovich,MIN01,0,-127,115
2017,4,NE,CAR,7,7,0,outdoors,fieldturf,61,6,Sunday,13:00,Home,Tom Brady,Cam Newton,Jerome Boger,BOS00,0,-100,-110
2017,4,NYJ,JAX,7,7,0,outdoors,fieldturf,64,5,Sunday,13:00,Home,Josh McCown,Blake Bortles,Gene Steratore,NYC01,1,-110,-100
2017,4,MIA,NO,7,7,0,outdoors,grass,63,13,Sunday,21:30,Neutral,Jay Cutler,Drew Brees,Ed Hochuli,LON00,0,-104,-106
2017,4,KC,WAS,8,8,0,outdoors,grass,82,14,Monday,20:30,Home,Alex Smith,Kirk Cousins,Walt Coleman,KAN00,0,-100,-110
2017,5,TB,NE,4,4,0,outdoors,grass,76,9,Thursday,20:25,Home,Jameis Winston,Tom Brady,Carl Cheffers,TAM00,0,-110,-100
2017,5,HOU,KC,7,6,0,closed,astroturf,,,Sunday,20:30,Home,Deshaun Watson,Alex Smith,Ron Torbert,HOU00,0,-101,-109
2017,5,DAL,GB,7,10,0,closed,matrixturf,,,Sunday,16:25,Home,Dak Prescott,Aaron Rodgers,Terry McAulay,DAL00,0,-115,104
2017,5,LA,SEA,7,7,1,outdoors,grass,78,0,Sunday,16:05,Home,Jared Goff,Russell Wilson,Gene Steratore,LAX99,0,-113,102
2017,5,OAK,BAL,7,7,0,outdoors,grass,72,8,Sunday,16:05,Home,EJ Manuel,Joe Flacco,Brad Allen,OAK00,0,-105,-105
2017,5,CIN,BUF,7,7,0,outdoors,fieldturf,63,10,Sunday,13:00,Home,Andy Dalton,Tyrod Taylor,Peter Morelli,CIN00,0,-102,-108
2017,5,CLE,NYJ,7,7,0,outdoors,grass,67,8,Sunday,13:00,Home,DeShone Kizer,Josh McCown,Walt Anderson,CLE00,0,-103,-107
2017,5,DET,CAR,7,7,0,dome,fieldturf,,,Sunday,13:00,Home,Matthew Stafford,Cam Newton,Craig Wrolstad,DET00,0,-105,-105
2017,5,IND,SF,7,7,0,closed,fieldturf,,,Sunday,13:00,Home,Jacoby Brissett,Brian Hoyer,Walt Coleman,IND00,1,-113,102
2017,5,MIA,TEN,7,7,0,outdoors,grass,89,9,Sunday,13:00,Home,Jay Cutler,Matt Cassel,Bill Vinovich,MIA00,0,-110,-100
2017,5,NYG,LAC,7,7,0,outdoors,fieldturf,76,7,Sunday,13:00,Home,Eli Manning,Philip Rivers,Jeff Triplette,NYC01,0,-106,-104
2017,5,PHI,ARI,7,7,0,outdoors,grass,77,10,Sunday,13:00,Home,Carson Wentz,Carson Palmer,John Hussey,PHI00,0,-110,100
2017,5,PIT,JAX,7,7,0,outdoors,grass,73,9,Sunday,13:00,Home,Ben Roethlisberger,Blake Bortles,John Parry,PIT00,0,111,-123
2017,5,CHI,MIN,11,8,1,outdoors,grass,70,10,Monday,20:30,Home,Mitch Trubisky,Sam Bradford,Jerome Boger,CHI98,0,-114,103
2017,6,CAR,PHI,4,4,0,outdoors,grass,72,6,Thursday,20:25,Home,Cam Newton,Carson Wentz,Peter Morelli,CAR00,0,102,-113
2017,6,DEN,NYG,14,7,0,outdoors,grass,61,4,Sunday,20:30,Home,Trevor Siemian,Eli Manning,Bill Vinovich,DEN00,0,102,-113
2017,6,KC,PIT,7,7,0,outdoors,grass,60,14,Sunday,16:25,Home,Alex Smith,Ben Roethlisberger,Carl Cheffers,KAN00,0,111,-123
2017,6,OAK,LAC,7,7,1,outdoors,grass,76,9,Sunday,16:25,Home,Derek Carr,Philip Rivers,Clete Blakeman,OAK00,0,-106,-104
2017,6,ARI,TB,7,10,0,closed,grass,,,Sunday,16:05,Home,Carson Palmer,Jameis Winston,Tony Steratore,PHO00,0,104,-115
2017,6,JAX,LA,7,7,0,outdoors,grass,88,10,Sunday,16:05,Home,Blake Bortles,Jared Goff,Walt Coleman,JAX00,0,-108,-102
2017,6,ATL,MIA,14,7,0,closed,fieldturf,,,Sunday,13:00,Home,Matt Ryan,Jay Cutler,John Hussey,ATL97,0,100,-110
2017,6,BAL,CHI,7,6,0,outdoors,grass,69,7,Sunday,13:00,Home,Joe Flacco,Mitch Trubisky,Ed Hochuli,BAL00,1,-101,-109
2017,6,HOU,CLE,7,7,0,closed,astroturf,,,Sunday,13:00,Home,Deshaun Watson,Kevin Hogan,Brad Allen,HOU00,0,102,-113
2017,6,MIN,GB,6,7,1,dome,sportturf,,,Sunday,13:00,Home,Case Keenum,Aaron Rodgers,Ron Torbert,MIN01,0,-113,102
2017,6,NO,DET,14,7,0,dome,sportturf,,,Sunday,13:00,Home,Drew Brees,Matthew Stafford,Jeff Triplette,NOR00,0,104,-115
2017,6,NYJ,NE,7,10,1,outdoors,fieldturf,73,13,Sunday,13:00,Home,Josh McCown,Tom Brady,Tony Corrente,NYC01,0,-105,-105
2017,6,WAS,SF,13,7,0,outdoors,grass,68,4,Sunday,13:00,Home,Kirk Cousins,Brian Hoyer,John Parry,WAS00,0,108,-119
2017,6,TEN,IND,8,8,1,outdoors,grass,57,7,Monday,20:30,Home,Marcus Mariota,Jacoby Brissett,Walt Anderson,NAS00,0,-101,-109
2017,7,OAK,KC,4,4,1,outdoors,grass,62,1,Thursday,20:25,Home,Derek Carr,Alex Smith,Craig Wrolstad,OAK00,0,-104,-106
2017,7,NE,ATL,7,7,0,outdoors,fieldturf,56,2,Sunday,20:30,Home,Tom Brady,Matt Ryan,Gene Steratore,BOS00,0,104,-115
2017,7,LAC,DEN,7,7,1,outdoors,grass,90,4,Sunday,16:25,Home,Philip Rivers,Trevor Siemian,John Hussey,LAX97,0,-110,-100
2017,7,NYG,SEA,7,14,0,outdoors,fieldturf,75,7,Sunday,16:25,Home,Eli Manning,Russell Wilson,Tony Corrente,NYC01,0,-100,-110
2017,7,SF,DAL,7,14,0,outdoors,grass,68,10,Sunday,16:05,Home,C.J. Beathard,Dak Prescott,Ron Torbert,SFO01,0,-107,-103
2017,7,BUF,TB,14,7,0,outdoors,a_turf,74,9,Sunday,13:00,Home,Tyrod Taylor,Jameis Winston,Clete Blakeman,BUF00,0,-116,105
2017,7,CHI,CAR,7,10,0,outdoors,grass,70,15,Sunday,13:00,Home,Mitch Trubisky,Cam Newton,Walt Anderson,CHI98,0,103,-114
2017,7,CLE,TEN,7,6,0,outdoors,grass,74,12,Sunday,13:00,Home,DeShone Kizer,Marcus Mariota,Terry McAulay,CLE00,1,-105,-105
2017,7,GB,NO,7,7,0,outdoors,grass,52,10,Sunday,13:00,Home,Brett Hundley,Drew Brees,Jerome Boger,GNB00,0,102,-113
2017,7,IND,JAX,6,7,1,closed,fieldturf,,,Sunday,13:00,Home,Jacoby Brissett,Blake Bortles,Jeff Triplette,IND00,0,-100,-110
2017,7,LA,ARI,7,7,1,outdoors,grass,54,10,Sunday,13:00,Neutral,Jared Goff,Carson Palmer,Brad Allen,LON01,0,-117,106
2017,7,MIA,NYJ,7,7,1,outdoors,grass,86,18,Sunday,13:00,Home,Jay Cutler,Josh McCown,Walt Coleman,MIA00,0,-106,-104
2017,7,MIN,BAL,7,7,0,dome,sportturf,,,Sunday,13:00,Home,Case Keenum,Joe Flacco,Carl Cheffers,MIN01,0,-106,-104
2017,7,PIT,CIN,7,14,1,outdoors,grass,79,6,Sunday,16:25,Home,Ben Roethlisberger,Andy Dalton,Bill Vinovich,PIT00,0,-110,-100
2017,7,PHI,WAS,11,8,1,outdoors,grass,70,9,Monday,20:30,Home,Carson Wentz,Kirk Cousins,Ed Hochuli,PHI00,0,-103,-107
2017,8,BAL,MIA,4,4,0,outdoors,grass,56,9,Thursday,20:25,Home,Joe Flacco,Matt Moore,John Parry,BAL00,0,-107,-103
2017,8,DET,PIT,14,7,0,dome,fieldturf,,,Sunday,20:30,Home,Matthew Stafford,Ben Roethlisberger,John Hussey,DET00,0,109,-120
2017,8,WAS,DAL,6,7,1,outdoors,grass,60,4,Sunday,16:25,Home,Kirk Cousins,Dak Prescott,Walt Anderson,WAS00,0,104,-115
2017,8,SEA,HOU,7,14,0,outdoors,fieldturf,50,2,Sunday,16:05,Home,Russell Wilson,Deshaun Watson,Terry McAulay,SEA00,0,-102,-108
2017,8,BUF,OAK,7,10,0,outdoors,a_turf,42,7,Sunday,13:00,Home,Tyrod Taylor,Derek Carr,Ed Hochuli,BUF00,0,-106,-104
2017,8,CIN,IND,7,7,0,outdoors,fieldturf,39,9,Sunday,13:00,Home,Andy Dalton,Jacoby Brissett,Jerome Boger,CIN00,0,-100,-110
2017,8,NE,LAC,7,7,0,outdoors,fieldturf,62,8,Sunday,13:00,Home,Tom Brady,Philip Rivers,Peter Morelli,BOS00,0,-110,-100
2017,8,NO,CHI,7,7,0,dome,sportturf,,,Sunday,13:00,Home,Drew Brees,Mitch Trubisky,Carl Cheffers,NOR00,0,-106,-104
2017,8,NYJ,ATL,7,7,0,outdoors,fieldturf,63,5,Sunday,13:00,Home,Josh McCown,Matt Ryan,Craig Wrolstad,NYC01,0,102,-113
2017,8,PHI,SF,6,7,0,outdoors,grass,67,12,Sunday,13:00,Home,Carson Wentz,C.J. Beathard,Clete Blakeman,PHI00,0,-110,-100
2017,8,TB,CAR,7,7,1,outdoors,grass,63,13,Sunday,13:00,Home,Jameis Winston,Cam Newton,Walt Coleman,TAM00,0,-110,-100
2017,8,CLE,MIN,7,7,0,outdoors,grass,56,11,Sunday,21:30,Neutral,DeShone Kizer,Case Keenum,Jeff Triplette,LON01,0,-102,-108
2017,8,KC,DEN,11,8,1,outdoors,grass,44,12,Monday,20:30,Home,Alex Smith,Trevor Siemian,Tony Corrente,KAN00,0,-103,-107
2017,9,NYJ,BUF,4,4,1,outdoors,fieldturf,68,11,Thursday,20:25,Home,Josh McCown,Tyrod Taylor,Jerome Boger,NYC01,0,112,-124
2017,9,MIA,OAK,10,7,0,outdoors,grass,77,2,Sunday,20:30,Home,Jay Cutler,Derek Carr,Terry McAulay,MIA00,0,100,-110
2017,9,DAL,KC,7,6,0,closed,matrixturf,,,Sunday,16:25,Home,Dak Prescott,Alex Smith,Peter Morelli,DAL00,0,-107,-103
2017,9,SF,ARI,7,14,1,outdoors,grass,61,8,Sunday,16:05,Home,C.J. Beathard,Drew Stanton,Craig Wrolstad,SFO01,0,-108,-102
2017,9,SEA,WAS,7,7,0,outdoors,fieldturf,36,11,Sunday,16:05,Home,Russell Wilson,Kirk Cousins,Ron Torbert,SEA00,0,-105,-105
2017,9,CAR,ATL,7,7,1,outdoors,grass,61,4,Sunday,13:00,Home,Cam Newton,Matt Ryan,Tony Corrente,CAR00,0,-115,104
2017,9,HOU,IND,7,7,1,closed,astroturf,,,Sunday,13:00,Home,Tom Savage,Jacoby Brissett,John Parry,HOU00,0,-110,-100
2017,9,JAX,CIN,14,7,0,outdoors,grass,78,12,Sunday,13:00,Home,Blake Bortles,Andy Dalton,Brad Allen,JAX00,0,-100,-110
2017,9,NO,TB,7,7,1,dome,sportturf,,,Sunday,13:00,Home,Drew Brees,Jameis Winston,Bill Vinovich,NOR00,0,-101,-109
2017,9,NYG,LA,14,14,0,outdoors,fieldturf,56,6,Sunday,13:00,Home,Eli Manning,Jared Goff,Ed Hochuli,NYC01,0,102,-113
2017,9,PHI,DEN,7,6,0,outdoors,grass,61,5,Sunday,13:00,Home,Carson Wentz,Brock Osweiler,Gene Steratore,PHI00,0,103,-114
2017,9,TEN,BAL,14,10,0,outdoors,grass,75,10,Sunday,13:00,Home,Marcus Mariota,Joe Flacco,John Hussey,NAS00,0,-118,107
2017,9,GB,DET,15,8,1,outdoors,grass,35,3,Monday,20:30,Home,Brett Hundley,Matthew Stafford,Clete Blakeman,GNB00,0,-102,-108
2018,1,PHI,ATL,7,7,0,outdoors,grass,81,8,Thursday,20:20,Home,Nick Foles,Matt Ryan,John Hussey,PHI00,0,101,-111
2018,1,GB,CHI,7,7,1,outdoors,grass,62,10,Sunday,20:20,Home,Aaron Rodgers,Mitch Trubisky,Carl Cheffers,GNB00,0,-100,-110
2018,1,ARI,WAS,7,7,0,closed,grass,,,Sunday,16:25,Home,Sam Bradford,Alex Smith,Walt Coleman,PHO00,0,-106,-104
2018,1,CAR,DAL,7,7,0,outdoors,grass,81,9,Sunday,16:25,Home,Cam Newton,Dak Prescott,Walt Anderson,CAR00,0,-121,110
2018,1,DEN,SEA,7,7,0,outdoors,grass,84,5,Sunday,16:25,Home,Case Keenum,Russell Wilson,Brad Allen,DEN00,0,-120,109
2018,1,LAC,KC,7,7,1,outdoors,grass,84,8,Sunday,16:05,Home,Philip Rivers,Patrick Mahomes,Clete Blakeman,LAX97,0,-106,-104
2018,1,BAL,BUF,7,7,0,outdoors,grass,61,12,Sunday,13:00,Home,Joe Flacco,Nathan Peterman,Shawn Hochuli,BAL00,0,-104,-106
2018,1,CLE,PIT,7,7,1,outdoors,grass,58,11,Sunday,13:00,Home,Tyrod Taylor,Ben Roethlisberger,Shawn Smith,CLE00,1,-116,105
2018,1,IND,CIN,7,7,0,closed,fieldturf,,,Sunday,13:00,Home,Andrew Luck,Andy Dalton,Peter Morelli,IND00,0,-113,102
2018,1,MIA,TEN,7,7,0,outdoors,grass,89,7,Sunday,13:00,Home,Ryan Tannehill,Marcus Mariota,Jerome Boger,MIA00,0,-103,-107
2018,1,MIN,SF,7,7,0,dome,sportturf,,,Sunday,13:00,Home,Kirk Cousins,Jimmy Garoppolo,Clay Martin,MIN01,0,-108,-102
2018,1,NE,HOU,7,7,0,outdoors,fieldturf,62,10,Sunday,13:00,Home,Tom Brady,Deshaun Watson,Tony Corrente,BOS00,0,-105,-105
2018,1,NO,TB,7,7,1,dome,sportturf,,,Sunday,13:00,Home,Drew Brees,Ryan Fitzpatrick,John Parry,NOR00,0,-102,-108
2018,1,NYG,JAX,7,7,0,outdoors,fieldturf,59,7,Sunday,13:00,Home,Eli Manning,Blake Bortles,Craig Wrolstad,NYC01,0,106,-117
2018,1,OAK,LA,7,7,0,outdoors,grass,69,10,Monday,22:20,Home,Derek Carr,Jared Goff,Ron Torbert,OAK00,0,-106,-104
2018,1,DET,NYJ,7,7,0,dome,fieldturf,,,Monday,19:10,Home,Matthew Stafford,Sam Darnold,Bill Vinovich,DET00,0,-114,103
2018,10,PIT,CAR,4,4,0,outdoors,grass,40,4,Thursday,20:20,Home,Ben Roethlisberger,Cam Newton,Walt Coleman,PIT00,0,-104,-106
2018,10,PHI,DAL,14,6,1,outdoors,grass,38,5,Sunday,20:20,Home,Carson Wentz,Dak Prescott,John Parry,PHI00,0,-103,-108
2018,10,GB,MIA,7,7,0,outdoors,grass,33,6,Sunday,16:25,Home,Aaron Rodgers,Brock Osweiler,Clay Martin,GNB00,0,102,-114
2018,10,LA,SEA,7,7,1,outdoors,grass,75,1,Sunday,16:25,Home,Jared Goff,Russell Wilson,John Hussey,LAX99,0,102,-114
2018,10,OAK,LAC,10,7,1,outdoors,grass,69,16,Sunday,16:05,Home,Derek Carr,Philip Rivers,Craig Wrolstad,OAK00,0,-116,104
2018,10,CHI,DET,7,7,1,outdoors,grass,37,12,Sunday,13:00,Home,Mitch Trubisky,Matthew Stafford,Alex Kemp,CHI98,0,102,-114
2018,10,CIN,NO,14,7,0,outdoors,fieldturf,39,6,Sunday,13:00,Home,Andy Dalton,Drew Brees,Tony Corrente,CIN00,0,-103,-108
2018,10,CLE,ATL,7,7,0,outdoors,grass,36,9,Sunday,13:00,Home,Baker Mayfield,Matt Ryan,Peter Morelli,CLE00,0,-108,-103
2018,10,IND,JAX,14,14,1,closed,fieldturf,,,Sunday,13:00,Home,Andrew Luck,Blake Bortles,Jerome Boger,IND00,0,-105,-105
2018,10,KC,ARI,7,14,0,outdoors,grass,43,5,Sunday,13:00,Home,Patrick Mahomes,Josh Rosen,Carl Cheffers,KAN00,0,-104,-106
2018,10,NYJ,BUF,7,7,1,outdoors,fieldturf,46,10,Sunday,13:00,Home,Josh McCown,Matt Barkley,Ron Torbert,NYC01,0,-103,-108
2018,10,TB,WAS,7,7,0,outdoors,grass,82,3,Sunday,13:00,Home,Ryan Fitzpatrick,Alex Smith,Brad Allen,TAM00,0,-103,-108
2018,10,TEN,NE,6,7,0,outdoors,grass,46,4,Sunday,13:00,Home,Marcus Mariota,Tom Brady,Bill Vinovich,NAS00,0,-112,101
2018,10,SF,NYG,11,15,0,outdoors,grass,62,0,Monday,20:15,Home,Nick Mullens,Eli Manning,Shawn Hochuli,SFO01,0,-123,110
2018,11,SEA,GB,4,4,0,outdoors,fieldturf,54,6,Thursday,20:20,Home,Russell Wilson,Aaron Rodgers,Tony Corrente,SEA00,0,-109,-102
2018,11,CHI,MIN,7,14,1,outdoors,grass,33,6,Sunday,20:20,Home,Mitch Trubisky,Kirk Cousins,John Perry,CHI98,0,-110,-101
2018,11,NO,PHI,7,7,0,dome,sportturf,,,Sunday,16:25,Home,Drew Brees,Carson Wentz,Carl Cheffers,NOR00,0,-105,-105
2018,11,ARI,OAK,7,7,0,closed,grass,,,Sunday,16:05,Home,Josh Rosen,Derek Carr,Jerome Boger,PHO00,0,-103,-108
2018,11,LAC,DEN,7,14,1,outdoors,grass,69,4,Sunday,16:05,Home,Philip Rivers,Case Keenum,Peter Morelli,LAX97,0,104,-116
2018,11,ATL,DAL,7,7,0,open,fieldturf,,,Sunday,13:00,Home,Matt Ryan,Dak Prescott,Craig Wrolstad,ATL97,0,-103,-108
2018,11,BAL,CIN,14,7,1,outdoors,grass,48,8,Sunday,13:00,Home,Lamar Jackson,Andy Dalton,Walt Coleman,BAL00,0,-101,-110
2018,11,DET,CAR,7,10,0,dome,fieldturf,,,Sunday,13:00,Home,Matthew Stafford,Cam Newton,Clay Martin,DET00,0,-115,103
2018,11,IND,TEN,7,7,1,closed,fieldturf,,,Sunday,13:00,Home,Andrew Luck,Marcus Mariota,John Hussey,IND00,0,-108,-103
2018,11,JAX,PIT,7,10,0,outdoors,grass,73,8,Sunday,13:00,Home,Blake Bortles,Ben Roethlisberger,Walt Anderson,JAX00,0,-102,-109
2018,11,NYG,TB,6,7,0,outdoors,fieldturf,42,1,Sunday,13:00,Home,Eli Manning,Ryan Fitzpatrick,Shawn Smith,NYC01,0,-114,102
2018,11,WAS,HOU,7,14,0,outdoors,grass,48,6,Sunday,13:00,Home,Alex Smith,Deshaun Watson,Alex Kemp,WAS00,0,102,-114
2018,11,LA,KC,8,8,0,outdoors,grass,65,0,Monday,20:15,Home,Jared Goff,Patrick Mahomes,Clete Blakeman,LAX99,0,-119,106
2018,12,NO,ATL,4,4,1,dome,sportturf,,,Thursday,20:20,Home,Drew Brees,Matt Ryan,John Hussey,NOR00,0,-110,-101
2018,12,DAL,WAS,4,4,1,closed,matrixturf,,,Thursday,16:30,Home,Dak Prescott,Colt McCoy,Ron Torbert,DAL00,0,-103,-108
2018,12,DET,CHI,4,4,1,dome,fieldturf,,,Thursday,12:30,Home,Matthew Stafford,Chase Daniel,Brad Allen,DET00,0,102,-114
2018,12,MIN,GB,7,10,1,dome,sportturf,,,Sunday,20:20,Home,Kirk Cousins,Aaron Rodgers,Bill Vinovich,MIN01,0,-103,-108
2018,12,DEN,PIT,7,7,0,outdoors,grass,41,7,Sunday,16:25,Home,Case Keenum,Ben Roethlisberger,Tony Corrente,DEN00,0,-101,-110
2018,12,IND,MIA,7,14,0,closed,fieldturf,,,Sunday,16:25,Home,Andrew Luck,Ryan Tannehill,Clete Blakeman,IND00,0,-108,-103
2018,12,LAC,ARI,7,7,0,outdoors,grass,74,3,Sunday,16:05,Home,Philip Rivers,Josh Rosen,Alex Kemp,LAX97,0,-108,-103
2018,12,BAL,OAK,7,7,0,outdoors,grass,60,7,Sunday,13:00,Home,Lamar Jackson,Derek Carr,Clay Martin,BAL00,0,103,-115
2018,12,BUF,JAX,14,7,0,outdoors,a_turf,44,12,Sunday,13:00,Home,Josh Allen,Blake Bortles,Walt Coleman,BUF00,0,-106,-104
2018,12,CAR,SEA,7,10,0,outdoors,grass,57,1,Sunday,13:00,Home,Cam Newton,Russell Wilson,Shawn Smith,CAR00,0,-112,101
2018,12,CIN,CLE,7,14,1,outdoors,fieldturf,44,4,Sunday,13:00,Home,Andy Dalton,Baker Mayfield,Jerome Boger,CIN00,0,-105,-105
2018,12,NYJ,NE,14,14,1,outdoors,fieldturf,54,8,Sunday,13:00,Home,Josh McCown,Tom Brady,Shawn Hochuli,NYC01,0,-121,108
2018,12,PHI,NYG,7,7,1,outdoors,grass,56,10,Sunday,13:00,Home,Carson Wentz,Eli Manning,Walt Anderson,PHI00,0,-108,-103
2018,12,TB,SF,7,13,0,outdoors,grass,77,7,Sunday,13:00,Home,Jameis Winston,Nick Mullens,John Parry,TAM00,0,-110,-101
2018,12,HOU,TEN,8,8,1,closed,astroturf,,,Monday,20:15,Home,Deshaun Watson,Marcus Mariota,Craig Wrolstad,HOU00,0,102,-114
2018,13,DAL,NO,7,7,0,closed,matrixturf,,,Thursday,20:20,Home,Dak Prescott,Drew Brees,Walt Anderson,DAL00,0,-103,-108
2018,13,PIT,LAC,7,7,0,outdoors,grass,57,8,Sunday,20:20,Home,Ben Roethlisberger,Philip Rivers,Bill Vinovich,PIT00,0,101,-112
2018,13,NE,MIN,7,7,0,outdoors,fieldturf,53,6,Sunday,16:25,Home,Tom Brady,Kirk Cousins,Craig Wrolstad,BOS00,0,102,-114
2018,13,SEA,SF,7,7,1,outdoors,fieldturf,45,2,Sunday,16:25,Home,Russell Wilson,Nick Mullens,Clete Blakeman,SEA00,0,102,-114
2018,13,OAK,KC,7,13,1,outdoors,grass,57,6,Sunday,16:05,Home,Derek Carr,Patrick Mahomes,Shawn Smith,OAK00,0,-112,101
2018,13,TEN,NYJ,6,7,0,outdoors,grass,70,13,Sunday,16:05,Home,Marcus Mariota,Josh McCown,Jerome Boger,NAS00,0,113,-127
2018,13,ATL,BAL,10,7,0,open,fieldturf,,,Sunday,13:00,Home,Matt Ryan,Lamar Jackson,Brad Allen,ATL97,0,-114,102
2018,13,CIN,DEN,7,7,0,outdoors,fieldturf,63,12,Sunday,13:00,Home,Jeff Driskel,Case Keenum,Ron Torbert,CIN00,0,-113,102
2018,13,DET,LA,10,13,0,dome,fieldturf,,,Sunday,13:00,Home,Matthew Stafford,Jared Goff,John Parry,DET00,0,-114,102
2018,13,GB,ARI,7,7,0,outdoors,grass,34,20,Sunday,13:00,Home,Aaron Rodgers,Josh Rosen,Peter Morelli,GNB00,0,-103,-107
2018,13,HOU,CLE,6,7,0,closed,astroturf,,,Sunday,13:00,Home,Deshaun Watson,Baker Mayfield,Walt Coleman,HOU00,0,-112,101
2018,13,JAX,IND,7,7,1,outdoors,grass,78,13,Sunday,13:00,Home,Cody Kessler,Andrew Luck,Alex Kemp,JAX00,0,-103,-108
2018,13,MIA,BUF,7,7,1,outdoors,grass,86,15,Sunday,13:00,Home,Ryan Tannehill,Josh Allen,Shawn Hochuli,MIA00,0,-103,-108
2018,13,NYG,CHI,7,10,0,outdoors,fieldturf,52,3,Sunday,13:00,Home,Eli Manning,Chase Daniel,Clay Martin,NYC01,1,-109,-102
2018,13,TB,CAR,7,7,1,outdoors,grass,81,15,Sunday,13:00,Home,Jameis Winston,Cam Newton,Carl Cheffers,TAM00,0,-110,-101
2018,13,PHI,WAS,8,11,1,outdoors,grass,36,15,Monday,20:15,Home,Carson Wentz,Colt McCoy,Tony Corrente,PHI00,0,-105,-105
2018,14,TEN,JAX,4,4,1,outdoors,grass,44,5,Thursday,20:20,Home,Marcus Mariota,Cody Kessler,John Parry,NAS00,0,-107,-103
2018,14,CHI,LA,7,7,0,outdoors,grass,29,4,Sunday,20:20,Home,Mitch Trubisky,Jared Goff,Craig Wrolstad,CHI98,0,-120,107
2018,14,ARI,DET,7,7,0,closed,grass,,,Sunday,16:25,Home,Josh Rosen,Matthew Stafford,Shawn Hochuli,PHO00,0,-101,-110
2018,14,DAL,PHI,10,6,1,closed,matrixturf,,,Sunday,16:25,Home,Dak Prescott,Carson Wentz,Clete Blakeman,DAL00,1,-101,-110
2018,14,OAK,PIT,7,7,0,outdoors,grass,55,8,Sunday,16:25,Home,Derek Carr,Ben Roethlisberger,Ron Torbert,OAK00,0,-133,117
2018,14,LAC,CIN,7,7,0,outdoors,grass,,,Sunday,16:05,Home,Philip Rivers,Jeff Driskel,John Hussey,LAX97,0,-102,-109
2018,14,SF,DEN,7,7,0,outdoors,grass,54,3,Sunday,16:05,Home,Nick Mullens,Case Keenum,Shawn Smith,SFO01,0,101,-112
2018,14,BUF,NYJ,7,7,1,outdoors,a_turf,31,12,Sunday,13:00,Home,Josh Allen,Sam Darnold,Alex Kemp,BUF00,0,-105,-105
2018,14,CLE,CAR,7,7,0,outdoors,grass,28,4,Sunday,13:00,Home,Baker Mayfield,Cam Newton,Walt Anderson,CLE00,0,-103,-108
2018,14,GB,ATL,7,7,0,outdoors,grass,25,10,Sunday,13:00,Home,Aaron Rodgers,Matt Ryan,Walt Coleman,GNB00,0,104,-116
2018,14,HOU,IND,7,7,1,closed,astroturf,,,Sunday,13:00,Home,Deshaun Watson,Andrew Luck,Bill Vinovich,HOU00,0,-103,-108
2018,14,KC,BAL,7,7,0,outdoors,grass,27,0,Sunday,13:00,Home,Patrick Mahomes,Lamar Jackson,Tony Corrente,KAN00,1,-105,-105
2018,14,MIA,NE,7,7,1,outdoors,grass,82,13,Sunday,13:00,Home,Ryan Tannehill,Tom Brady,Peter Morelli,MIA00,0,-108,-103
2018,14,TB,NO,7,10,1,outdoors,grass,71,7,Sunday,13:00,Home,Jameis Winston,Drew Brees,Jerome Boger,TAM00,0,-108,-103
2018,14,WAS,NYG,6,7,1,outdoors,grass,33,6,Sunday,13:00,Home,Mark Sanchez,Eli Manning,Carl Cheffers,WAS00,0,106,-119
2018,14,SEA,MIN,8,8,0,outdoors,fieldturf,48,9,Monday,20:15,Home,Russell Wilson,Kirk Cousins,Brad Allen,SEA00,0,-117,105
2018,15,KC,LAC,4,4,1,outdoors,grass,39,5,Thursday,20:20,Home,Patrick Mahomes,Philip Rivers,Walt Anderson,KAN00,0,-111,-100
2018,15,DEN,CLE,6,6,0,outdoors,grass,46,0,Saturday,20:20,Home,Case Keenum,Baker Mayfield,Clay Martin,DEN00,0,-119,106
2018,15,NYJ,HOU,6,6,0,outdoors,fieldturf,51,8,Saturday,16:30,Home,Sam Darnold,Deshaun Watson,Brad Allen,NYC01,0,-119,106
2018,15,LA,PHI,7,7,0,outdoors,grass,60,5,Sunday,20:20,Home,Jared Goff,Nick Foles,Bill Vinovich,LAX99,0,-107,-103
2018,15,PIT,NE,7,7,0,outdoors,grass,42,5,Sunday,16:25,Home,Ben Roethlisberger,Tom Brady,John Parry,PIT00,0,-105,-105
2018,15,SF,SEA,7,6,1,outdoors,grass,61,11,Sunday,16:05,Home,Nick Mullens,Russell Wilson,Peter Morelli,SFO01,1,101,-112
2018,15,ATL,ARI,7,7,0,closed,fieldturf,,,Sunday,13:00,Home,Matt Ryan,Josh Rosen,Shawn Smith,ATL97,0,114,-129
2018,15,BAL,TB,7,7,0,outdoors,grass,43,10,Sunday,13:00,Home,Lamar Jackson,Jameis Winston,Ron Torbert,BAL00,0,-107,-103
2018,15,BUF,DET,7,7,0,outdoors,a_turf,39,7,Sunday,13:00,Home,Josh Allen,Matthew Stafford,Jerome Boger,BUF00,0,-119,106
2018,15,CHI,GB,7,7,1,outdoors,grass,45,10,Sunday,13:00,Home,Mitch Trubisky,Aaron Rodgers,John Hussey,CHI98,0,-114,102
2018,15,CIN,OAK,7,7,0,outdoors,fieldturf,43,2,Sunday,13:00,Home,Jeff Driskel,Derek Carr,Alex Kemp,CIN00,0,-101,-110
2018,15,IND,DAL,7,7,0,closed,fieldturf,,,Sunday,13:00,Home,Andrew Luck,Dak Prescott,Carl Cheffers,IND00,0,-119,106
2018,15,JAX,WAS,10,7,0,outdoors,grass,64,12,Sunday,13:00,Home,Cody Kessler,Josh Johnson,Clete Blakeman,JAX00,0,102,-114
2018,15,MIN,MIA,6,7,0,dome,sportturf,,,Sunday,13:00,Home,Kirk Cousins,Ryan Tannehill,Walt Coleman,MIN01,0,-103,-107
2018,15,NYG,TEN,7,10,0,outdoors,fieldturf,40,6,Sunday,13:00,Home,Eli Manning,Marcus Mariota,Shawn Hochuli,NYC01,0,-110,-101
2018,15,CAR,NO,8,8,1,outdoors,grass,48,3,Monday,20:15,Home,Cam Newton,Drew Brees,Tony Corrente,CAR00,0,-106,-104
2018,16,LAC,BAL,9,6,0,outdoors,grass,60,5,Saturday,20:20,Home,Philip Rivers,Lamar Jackson,Clete Blakeman,LAX97,0,-101,-110
2018,16,TEN,WAS,6,6,0,outdoors,grass,51,9,Saturday,16:30,Home,Marcus Mariota,Josh Johnson,John Hussey,NAS00,0,-101,-110
2018,16,SEA,KC,7,10,0,outdoors,fieldturf,43,8,Sunday,20:20,Home,Russell Wilson,Patrick Mahomes,Bill Vinovich,SEA00,0,-101,-110
2018,16,NO,PIT,6,7,0,dome,sportturf,,,Sunday,16:25,Home,Drew Brees,Ben Roethlisberger,Craig Wrolstad,NOR00,0,-108,-103
2018,16,ARI,LA,7,7,1,closed,grass,,,Sunday,16:05,Home,Josh Rosen,Jared Goff,Walt Coleman,PHO00,0,-130,115
2018,16,SF,CHI,7,7,0,outdoors,grass,50,5,Sunday,16:05,Home,Nick Mullens,Mitch Trubisky,Alex Kemp,SFO01,0,-108,-103
2018,16,CAR,ATL,6,7,1,outdoors,grass,52,7,Sunday,13:00,Home,Taylor Heinicke,Matt Ryan,Peter Morelli,CAR00,0,106,-119
2018,16,CLE,CIN,8,7,1,outdoors,grass,37,9,Sunday,13:00,Home,Baker Mayfield,Jeff Driskel,Tony Corrente,CLE00,0,102,-113
2018,16,DAL,TB,7,7,0,closed,matrixturf,,,Sunday,13:00,Home,Dak Prescott,Jameis Winston,Shawn Hochuli,DAL00,0,-101,-110
2018,16,DET,MIN,7,7,1,dome,fieldturf,,,Sunday,13:00,Home,Matthew Stafford,Kirk Cousins,Walt Anderson,DET00,0,-114,102
2018,16,IND,NYG,7,7,0,closed,fieldturf,,,Sunday,13:00,Home,Andrew Luck,Eli Manning,Brad Allen,IND00,0,103,-115
2018,16,MIA,JAX,7,7,0,outdoors,grass,73,9,Sunday,13:00,Home,Ryan Tannehill,Cody Kessler,Clay Martin,MIA00,0,-105,-105
2018,16,NE,BUF,7,7,1,outdoors,fieldturf,40,12,Sunday,13:00,Home,Tom Brady,Josh Allen,Shawn Smith,BOS00,0,102,-114
2018,16,NYJ,GB,8,7,0,outdoors,fieldturf,43,8,Sunday,13:00,Home,Sam Darnold,Aaron Rodgers,Ron Torbert,NYC01,1,-119,106
2018,16,PHI,HOU,7,8,0,outdoors,grass,44,5,Sunday,13:00,Home,Nick Foles,Deshaun Watson,John Parry,PHI00,0,-114,102
2018,16,OAK,DEN,8,9,1,outdoors,grass,58,14,Monday,20:15,Home,Derek Carr,Case Keenum,Carl Cheffers,OAK00,0,-105,-105
2018,17,TEN,IND,8,7,1,outdoors,grass,53,4,Sunday,20:20,Home,Blaine Gabbert,Andrew Luck,Walt Anderson,NAS00,0,-114,102
2018,17,BAL,CLE,8,7,1,outdoors,grass,48,2,Sunday,16:25,Home,Lamar Jackson,Baker Mayfield,Shawn Smith,BAL00,0,-108,-103
2018,17,DEN,LAC,6,8,1,outdoors,grass,51,6,Sunday,16:25,Home,Case Keenum,Philip Rivers,John Parry,DEN00,0,-119,106
2018,17,LA,SF,7,7,1,outdoors,grass,65,3,Sunday,16:25,Home,Jared Goff,Nick Mullens,Jerome Boger,LAX99,0,-110,-101
2018,17,MIN,CHI,7,7,1,dome,sportturf,,,Sunday,16:25,Home,Kirk Cousins,Mitch Trubisky,Clete Blakeman,MIN01,0,106,-119
2018,17,PIT,CIN,7,7,1,outdoors,grass,42,9,Sunday,16:25,Home,Ben Roethlisberger,Jeff Driskel,Carl Cheffers,PIT00,0,102,-114
2018,17,SEA,ARI,7,7,1,outdoors,fieldturf,45,5,Sunday,16:25,Home,Russell Wilson,Josh Rosen,Ron Torbert,SEA00,0,-112,101
2018,17,WAS,PHI,8,7,1,outdoors,grass,46,3,Sunday,16:25,Home,Josh Johnson,Nick Foles,Craig Wrolstad,WAS00,0,-110,-101
2018,17,BUF,MIA,7,7,1,outdoors,a_turf,33,9,Sunday,13:00,Home,Josh Allen,Ryan Tannehill,John Hussey,BUF00,0,-109,-102
2018,17,GB,DET,7,7,1,outdoors,grass,26,15,Sunday,13:00,Home,DeShone Kizer,Matthew Stafford,Alex Kemp,GNB00,0,-108,-103
2018,17,HOU,JAX,7,7,1,closed,astroturf,,,Sunday,13:00,Home,Deshaun Watson,Blake Bortles,Peter Morelli,HOU00,0,-103,-107
2018,17,KC,OAK,7,6,1,outdoors,grass,45,15,Sunday,16:25,Home,Patrick Mahomes,Derek Carr,Shawn Hochuli,KAN00,0,103,-115
2018,17,NE,NYJ,7,7,1,outdoors,fieldturf,33,2,Sunday,13:00,Home,Tom Brady,Sam Darnold,Walt Coleman,BOS00,0,-110,-101
2018,17,NO,CAR,7,7,1,dome,sportturf,,,Sunday,13:00,Home,Teddy Bridgewater,Kyle Allen,Bill Vinovich,NOR00,0,103,-115
2018,17,NYG,DAL,7,7,1,outdoors,fieldturf,37,2,Sunday,13:00,Home,Eli Manning,Dak Prescott,Clay Martin,NYC01,0,-114,102
2018,17,TB,ATL,7,7,1,outdoors,grass,80,5,Sunday,13:00,Home,Jameis Winston,Matt Ryan,Brad Allen,TAM00,0,-103,-108
2018,2,CIN,BAL,4,4,1,outdoors,fieldturf,82,3,Thursday,20:20,Home,Andy Dalton,Joe Flacco,Walt Anderson,CIN00,0,-109,-101
2018,2,DAL,NYG,7,7,1,closed,matrixturf,,,Sunday,20:20,Home,Dak Prescott,Eli Manning,John Parry,DAL00,0,-102,-108
2018,2,DEN,OAK,7,6,1,outdoors,grass,92,4,Sunday,16:25,Home,Case Keenum,Derek Carr,John Hussey,DEN00,0,-106,-104
2018,2,JAX,NE,7,7,0,outdoors,grass,97,15,Sunday,16:25,Home,Blake Bortles,Tom Brady,Carl Cheffers,JAX00,0,-100,-110
2018,2,LA,ARI,6,7,1,outdoors,grass,86,2,Sunday,16:05,Home,Jared Goff,Sam Bradford,Craig Wrolstad,LAX99,0,-100,-110
2018,2,SF,DET,7,6,0,outdoors,grass,73,12,Sunday,16:05,Home,Jimmy Garoppolo,Matthew Stafford,Shawn Hochuli,SFO01,0,101,-111
2018,2,ATL,CAR,10,7,1,closed,fieldturf,,,Sunday,13:00,Home,Matt Ryan,Cam Newton,Bill Vinovich,ATL97,0,-108,-102
2018,2,BUF,LAC,7,7,0,outdoors,a_turf,83,6,Sunday,13:00,Home,Josh Allen,Philip Rivers,Clay Martin,BUF00,0,-115,104
2018,2,GB,MIN,7,7,1,outdoors,grass,80,5,Sunday,13:00,Home,Aaron Rodgers,Kirk Cousins,Tony Corrente,GNB00,1,-110,100
2018,2,NO,CLE,7,7,0,dome,sportturf,,,Sunday,13:00,Home,Drew Brees,Tyrod Taylor,Ron Torbert,NOR00,0,-102,-108
2018,2,NYJ,MIA,6,7,1,outdoors,fieldturf,80,4,Sunday,13:00,Home,Sam Darnold,Ryan Tannehill,Brad Allen,NYC01,0,-114,103
2018,2,PIT,KC,7,7,0,outdoors,grass,80,10,Sunday,13:00,Home,Ben Roethlisberger,Patrick Mahomes,Jerome Boger,PIT00,0,-102,-108
2018,2,TB,PHI,7,10,0,outdoors,grass,91,9,Sunday,13:00,Home,Ryan Fitzpatrick,Nick Foles,Alex Kemp,TAM00,0,-117,106
2018,2,TEN,HOU,7,7,1,outdoors,grass,81,12,Sunday,13:00,Home,Blaine Gabbert,Deshaun Watson,Peter Morelli,NAS00,0,-114,103
2018,2,WAS,IND,7,7,0,outdoors,grass,71,5,Sunday,13:00,Home,Alex Smith,Andrew Luck,Clete Blakeman,WAS00,0,-102,-108
2018,2,CHI,SEA,8,8,0,outdoors,grass,79,2,Monday,20:15,Home,Mitch Trubisky,Russell Wilson,Walt Coleman,CHI98,0,-108,-102
2018,3,CLE,NYJ,4,4,0,outdoors,grass,83,11,Thursday,20:20,Home,Tyrod Taylor,Sam Darnold,Jerome Boger,CLE00,0,-115,103
2018,3,DET,NE,7,7,0,dome,fieldturf,,,Sunday,20:20,Home,Matthew Stafford,Tom Brady,Clete Blakeman,DET00,0,-120,107
2018,3,ARI,CHI,7,6,0,closed,grass,,,Sunday,16:25,Home,Sam Bradford,Mitch Trubisky,Bill Vinovich,PHO00,0,-111,-100
2018,3,SEA,DAL,6,7,0,outdoors,fieldturf,61,4,Sunday,16:25,Home,Russell Wilson,Dak Prescott,Carl Cheffers,SEA00,0,-108,-103
2018,3,LA,LAC,7,7,0,outdoors,grass,80,5,Sunday,16:05,Home,Jared Goff,Philip Rivers,John Hussey,LAX99,0,111,-125
2018,3,ATL,NO,7,7,1,closed,fieldturf,,,Sunday,13:00,Home,Matt Ryan,Drew Brees,Walt Anderson,ATL97,1,-110,-101
2018,3,BAL,DEN,10,7,0,outdoors,grass,61,5,Sunday,13:00,Home,Joe Flacco,Case Keenum,Ron Torbert,BAL00,0,-104,-106
2018,3,CAR,CIN,7,10,0,outdoors,grass,80,3,Sunday,13:00,Home,Cam Newton,Andy Dalton,John Parry,CAR00,0,-118,106
2018,3,HOU,NYG,7,7,0,closed,astroturf,,,Sunday,13:00,Home,Deshaun Watson,Eli Manning,Walt Coleman,HOU00,0,-102,-109
2018,3,JAX,TEN,7,7,1,outdoors,grass,89,10,Sunday,13:00,Home,Blake Bortles,Blaine Gabbert,Shawn Smith,JAX00,0,100,-111
2018,3,KC,SF,7,7,0,outdoors,grass,70,4,Sunday,13:00,Home,Patrick Mahomes,Jimmy Garoppolo,Tony Corrente,KAN00,0,-108,-103
2018,3,MIA,OAK,7,7,0,outdoors,grass,90,7,Sunday,13:00,Home,Ryan Tannehill,Derek Carr,Shawn Hochuli,MIA00,0,111,-125
2018,3,MIN,BUF,7,7,0,dome,sportturf,,,Sunday,13:00,Home,Kirk Cousins,Josh Allen,Alex Kemp,MIN01,0,-103,-108
2018,3,PHI,IND,7,7,0,outdoors,grass,61,5,Sunday,13:00,Home,Carson Wentz,Andrew Luck,Clay Martin,PHI00,0,-108,-103
2018,3,WAS,GB,7,7,0,outdoors,grass,62,6,Sunday,13:00,Home,Alex Smith,Aaron Rodgers,Craig Wrolstad,WAS00,0,-101,-110
2018,3,TB,PIT,8,8,0,outdoors,grass,77,5,Monday,20:15,Home,Ryan Fitzpatrick,Ben Roethlisberger,Peter Morelli,TAM00,0,-112,101
2018,4,LA,MIN,4,4,0,outdoors,grass,75,3,Thursday,20:20,Home,Jared Goff,Kirk Cousins,Brad Allen,LAX99,0,104,-116
2018,4,PIT,BAL,6,7,1,outdoors,grass,69,2,Sunday,20:20,Home,Ben Roethlisberger,Joe Flacco,Tony Corrente,PIT00,0,-115,103
2018,4,LAC,SF,7,7,0,outdoors,grass,78,9,Sunday,16:25,Home,Philip Rivers,C.J. Beathard,Ron Torbert,LAX97,0,106,-118
2018,4,NYG,NO,7,7,0,outdoors,fieldturf,71,7,Sunday,16:25,Home,Eli Manning,Drew Brees,Peter Morelli,NYC01,0,-122,109
2018,4,ARI,SEA,7,7,1,closed,grass,,,Sunday,16:05,Home,Josh Rosen,Russell Wilson,John Hussey,PHO00,0,100,-111
2018,4,OAK,CLE,7,10,0,outdoors,grass,71,8,Sunday,16:05,Home,Derek Carr,Baker Mayfield,Walt Anderson,OAK00,1,-111,100
2018,4,ATL,CIN,7,7,0,closed,fieldturf,,,Sunday,13:00,Home,Matt Ryan,Andy Dalton,Shawn Smith,ATL97,0,102,-114
2018,4,CHI,TB,7,6,0,outdoors,grass,66,5,Sunday,13:00,Home,Mitch Trubisky,Ryan Fitzpatrick,Jerome Boger,CHI98,0,113,-127
2018,4,DAL,DET,7,7,0,closed,matrixturf,,,Sunday,13:00,Home,Dak Prescott,Matthew Stafford,Walt Coleman,DAL00,0,-113,102
2018,4,GB,BUF,7,7,0,outdoors,grass,49,9,Sunday,13:00,Home,Aaron Rodgers,Josh Allen,Bill Vinovich,GNB00,0,-108,-103
2018,4,IND,HOU,7,7,1,closed,fieldturf,,,Sunday,13:00,Home,Andrew Luck,Deshaun Watson,Carl Cheffers,IND00,1,-103,-107
2018,4,JAX,NYJ,7,10,0,outdoors,grass,86,10,Sunday,13:00,Home,Blake Bortles,Sam Darnold,Clay Martin,JAX00,0,108,-121
2018,4,NE,MIA,7,7,1,outdoors,fieldturf,65,6,Sunday,13:00,Home,Tom Brady,Ryan Tannehill,Alex Kemp,BOS00,0,-108,-103
2018,4,TEN,PHI,7,7,0,outdoors,grass,80,4,Sunday,13:00,Home,Marcus Mariota,Carson Wentz,Shawn Hochuli,NAS00,1,-115,103
2018,4,DEN,KC,8,8,1,outdoors,grass,65,5,Monday,20:15,Home,Case Keenum,Patrick Mahomes,Craig Wrolstad,DEN00,0,-113,102
2018,5,NE,IND,4,4,0,outdoors,fieldturf,66,6,Thursday,20:20,Home,Tom Brady,Andrew Luck,Shawn Hochuli,BOS00,0,-101,-110
2018,5,HOU,DAL,7,7,0,closed,astroturf,,,Sunday,20:20,Home,Deshaun Watson,Dak Prescott,Bill Vinovich,HOU00,1,102,-114
2018,5,PHI,MIN,7,10,0,outdoors,grass,79,6,Sunday,16:25,Home,Carson Wentz,Kirk Cousins,Walt Coleman,PHI00,0,-104,-106
2018,5,SEA,LA,7,10,1,outdoors,fieldturf,53,5,Sunday,16:25,Home,Russell Wilson,Jared Goff,Clete Blakeman,SEA00,0,-113,102
2018,5,SF,ARI,7,7,1,outdoors,grass,79,15,Sunday,16:25,Home,C.J. Beathard,Josh Rosen,Shawn Smith,SFO01,0,-108,-103
2018,5,LAC,OAK,7,7,1,outdoors,grass,75,10,Sunday,16:05,Home,Philip Rivers,Derek Carr,Alex Kemp,LAX97,0,-105,-105
2018,5,BUF,TEN,7,7,0,outdoors,a_turf,62,8,Sunday,13:00,Home,Josh Allen,Marcus Mariota,Tony Corrente,BUF00,0,101,-112
2018,5,CAR,NYG,14,7,0,outdoors,grass,80,3,Sunday,13:00,Home,Cam Newton,Eli Manning,Jerome Boger,CAR00,0,111,-125
2018,5,CIN,MIA,7,7,0,outdoors,fieldturf,87,4,Sunday,13:00,Home,Andy Dalton,Ryan Tannehill,Craig Wrolstad,CIN00,0,-103,-107
2018,5,CLE,BAL,7,7,1,outdoors,grass,72,5,Sunday,13:00,Home,Baker Mayfield,Joe Flacco,Clay Martin,CLE00,1,106,-119
2018,5,DET,GB,7,7,1,dome,fieldturf,,,Sunday,13:00,Home,Matthew Stafford,Aaron Rodgers,John Hussey,DET00,0,-117,105
2018,5,KC,JAX,6,7,0,outdoors,grass,58,5,Sunday,13:00,Home,Patrick Mahomes,Blake Bortles,Brad Allen,KAN00,0,103,-115
2018,5,NYJ,DEN,7,6,0,outdoors,fieldturf,77,7,Sunday,13:00,Home,Sam Darnold,Case Keenum,Peter Morelli,NYC01,0,-110,-101
2018,5,PIT,ATL,7,7,0,outdoors,grass,83,5,Sunday,13:00,Home,Ben Roethlisberger,Matt Ryan,John Parry,PIT00,0,-103,-108
2018,5,NO,WAS,8,15,0,dome,sportturf,,,Monday,20:15,Home,Drew Brees,Alex Smith,Carl Cheffers,NOR00,0,-108,-103
2018,6,NYG,PHI,4,4,1,outdoors,fieldturf,70,3,Thursday,20:20,Home,Eli Manning,Carson Wentz,Ron Torbert,NYC01,0,-100,-111
2018,6,NE,KC,10,7,0,outdoors,fieldturf,45,0,Sunday,20:20,Home,Tom Brady,Patrick Mahomes,John Hussey,BOS00,0,-107,-103
2018,6,DAL,JAX,7,7,0,closed,matrixturf,,,Sunday,16:25,Home,Dak Prescott,Blake Bortles,Tony Corrente,DAL00,0,106,-119
2018,6,TEN,BAL,7,7,0,outdoors,grass,66,4,Sunday,16:25,Home,Marcus Mariota,Joe Flacco,Carl Cheffers,NAS00,0,-103,-108
2018,6,DEN,LA,7,7,0,outdoors,grass,25,6,Sunday,16:05,Home,Case Keenum,Jared Goff,Shawn Smith,DEN00,0,-108,-103
2018,6,OAK,SEA,7,7,0,outdoors,grass,52,10,Sunday,13:00,Neutral,Derek Carr,Russell Wilson,Peter Morelli,LON00,0,-110,-101
2018,6,ATL,TB,7,14,1,open,fieldturf,,,Sunday,13:00,Home,Matt Ryan,Jameis Winston,Walt Coleman,ATL97,0,-107,-103
2018,6,CIN,PIT,7,7,1,outdoors,fieldturf,51,6,Sunday,13:00,Home,Andy Dalton,Ben Roethlisberger,Clete Blakeman,CIN00,0,-108,-103
2018,6,CLE,LAC,7,7,0,outdoors,grass,51,9,Sunday,13:00,Home,Baker Mayfield,Philip Rivers,Brad Allen,CLE00,0,101,-112
2018,6,HOU,BUF,7,7,0,closed,astroturf,,,Sunday,13:00,Home,Deshaun Watson,Josh Allen,Craig Wrolstad,HOU00,0,106,-119
2018,6,MIA,CHI,7,14,0,outdoors,grass,89,8,Sunday,13:00,Home,Brock Osweiler,Mitch Trubisky,Walt Anderson,MIA00,1,-123,110
2018,6,MIN,ARI,7,7,0,dome,sportturf,,,Sunday,13:00,Home,Kirk Cousins,Josh Rosen,Jerome Boger,MIN01,0,112,-126
2018,6,NYJ,IND,7,10,0,outdoors,fieldturf,60,7,Sunday,13:00,Home,Sam Darnold,Andrew Luck,Alex Kemp,NYC01,0,-119,106
2018,6,WAS,CAR,6,7,0,outdoors,grass,52,0,Sunday,13:00,Home,Alex Smith,Cam Newton,Clay Martin,WAS00,0,-102,-109
2018,6,GB,SF,8,8,0,outdoors,grass,37,5,Monday,20:15,Home,Aaron Rodgers,C.J. Beathard,John Parry,GNB00,0,-103,-108
2018,7,ARI,DEN,4,4,0,closed,grass,,,Thursday,20:20,Home,Josh Rosen,Case Keenum,Alex Kemp,PHO00,0,-110,-101
2018,7,SF,LA,6,7,1,outdoors,grass,62,5,Sunday,16:25,Home,C.J. Beathard,Jared Goff,Walt Anderson,SFO01,0,-101,-110
2018,7,WAS,DAL,7,7,1,outdoors,grass,52,12,Sunday,16:25,Home,Alex Smith,Dak Prescott,John Hussey,WAS00,0,101,-112
2018,7,BAL,NO,7,13,0,outdoors,grass,54,15,Sunday,16:05,Home,Joe Flacco,Drew Brees,John Parry,BAL00,0,-114,102
2018,7,CHI,NE,7,7,0,outdoors,grass,44,9,Sunday,13:00,Home,Mitch Trubisky,Tom Brady,Clay Martin,CHI98,0,107,-120
2018,7,IND,BUF,7,7,0,closed,fieldturf,,,Sunday,13:00,Home,Andrew Luck,Derek Anderson,Brad Allen,IND00,0,101,-112
2018,7,JAX,HOU,7,7,1,outdoors,grass,68,15,Sunday,13:00,Home,Blake Bortles,Deshaun Watson,Ron Torbert,JAX00,0,-110,-101
2018,7,KC,CIN,7,7,0,outdoors,grass,59,10,Sunday,20:20,Home,Patrick Mahomes,Andy Dalton,Bill Vinovich,KAN00,0,-106,-104
2018,7,MIA,DET,7,14,0,outdoors,grass,89,8,Sunday,13:00,Home,Brock Osweiler,Matthew Stafford,Jerome Boger,MIA00,0,110,-124
2018,7,NYJ,MIN,7,7,0,outdoors,fieldturf,46,16,Sunday,13:00,Home,Sam Darnold,Kirk Cousins,Shawn Smith,NYC01,0,-119,106
2018,7,PHI,CAR,10,7,0,outdoors,grass,49,19,Sunday,13:00,Home,Carson Wentz,Cam Newton,Clete Blakeman,PHI00,0,-109,-102
2018,7,TB,CLE,7,7,0,outdoors,grass,79,7,Sunday,13:00,Home,Jameis Winston,Baker Mayfield,Shawn Hochuli,TAM00,1,-105,-105
2018,7,LAC,TEN,7,7,0,outdoors,grass,66,6,Sunday,21:30,Neutral,Philip Rivers,Marcus Mariota,Walt Coleman,LON00,0,-108,-103
2018,7,ATL,NYG,8,11,0,open,fieldturf,,,Monday,20:15,Home,Matt Ryan,Eli Manning,Tony Corrente,ATL97,0,-101,-110
2018,8,HOU,MIA,4,4,0,closed,astroturf,,,Thursday,20:20,Home,Deshaun Watson,Brock Osweiler,Shawn Smith,HOU00,0,101,-112
2018,8,MIN,NO,7,7,0,dome,sportturf,,,Sunday,20:20,Home,Kirk Cousins,Drew Brees,Craig Wrolstad,MIN01,0,-103,-108
2018,8,ARI,SF,10,7,1,closed,grass,,,Sunday,16:25,Home,Josh Rosen,C.J. Beathard,Brad Allen,PHO00,0,104,-116
2018,8,LA,GB,7,13,0,outdoors,grass,82,1,Sunday,16:25,Home,Jared Goff,Aaron Rodgers,Ron Torbert,LAX99,0,-105,-105
2018,8,OAK,IND,14,7,0,outdoors,grass,69,8,Sunday,16:05,Home,Derek Carr,Andrew Luck,John Parry,OAK00,0,-109,-102
2018,8,CAR,BAL,7,7,0,outdoors,grass,61,10,Sunday,13:00,Home,Cam Newton,Joe Flacco,Peter Morelli,CAR00,0,102,-114
2018,8,CHI,NYJ,7,7,0,outdoors,grass,48,18,Sunday,13:00,Home,Mitch Trubisky,Sam Darnold,Clete Blakeman,CHI98,0,106,-119
2018,8,CIN,TB,7,7,0,outdoors,fieldturf,55,7,Sunday,13:00,Home,Andy Dalton,Jameis Winston,Alex Kemp,CIN00,0,-108,-103
2018,8,DET,SEA,7,14,0,dome,fieldturf,,,Sunday,13:00,Home,Matthew Stafford,Russell Wilson,Walt Anderson,DET00,0,-110,-101
2018,8,KC,DEN,7,10,1,outdoors,grass,56,12,Sunday,13:00,Home,Patrick Mahomes,Case Keenum,Shawn Hochuli,KAN00,0,-109,-102
2018,8,NYG,WAS,6,7,1,outdoors,fieldturf,51,11,Sunday,13:00,Home,Eli Manning,Alex Smith,Bill Vinovich,NYC01,0,-110,-101
2018,8,PIT,CLE,14,7,1,outdoors,grass,47,11,Sunday,13:00,Home,Ben Roethlisberger,Baker Mayfield,Carl Cheffers,PIT00,0,-103,-108
2018,8,JAX,PHI,7,7,0,outdoors,grass,48,12,Sunday,21:30,Neutral,Blake Bortles,Carson Wentz,John Hussey,LON00,0,-108,-103
2018,8,BUF,NE,8,8,1,outdoors,a_turf,46,16,Monday,20:15,Home,Derek Anderson,Tom Brady,Jerome Boger,BUF00,0,-103,-107
2018,9,SF,OAK,4,4,0,outdoors,grass,82,8,Thursday,20:20,Home,Nick Mullens,Derek Carr,Carl Cheffers,SFO01,0,-108,-103
2018,9,NE,GB,6,7,0,outdoors,fieldturf,40,2,Sunday,20:20,Home,Tom Brady,Aaron Rodgers,Brad Allen,BOS00,0,-108,-103
2018,9,NO,LA,7,7,0,dome,sportturf,,,Sunday,16:25,Home,Drew Brees,Jared Goff,Bill Vinovich,NOR00,0,-108,-103
2018,9,DEN,HOU,7,10,0,outdoors,grass,53,3,Sunday,16:05,Home,Case Keenum,Deshaun Watson,Clay Martin,DEN00,0,-115,103
2018,9,SEA,LAC,7,14,0,outdoors,fieldturf,56,4,Sunday,16:05,Home,Russell Wilson,Philip Rivers,Shawn Hochuli,SEA00,0,102,-114
2018,9,BAL,PIT,7,7,1,outdoors,grass,55,6,Sunday,13:00,Home,Joe Flacco,Ben Roethlisberger,Craig Wrolstad,BAL00,0,-114,102
2018,9,BUF,CHI,6,7,0,outdoors,a_turf,49,12,Sunday,13:00,Home,Nathan Peterman,Mitch Trubisky,Shawn Smith,BUF00,0,-125,111
2018,9,CAR,TB,7,7,1,outdoors,grass,62,8,Sunday,13:00,Home,Cam Newton,Ryan Fitzpatrick,Tony Corrente,CAR00,0,-111,100
2018,9,CLE,KC,7,7,0,outdoors,grass,53,16,Sunday,13:00,Home,Baker Mayfield,Patrick Mahomes,Ron Torbert,CLE00,0,-101,-110
2018,9,MIA,NYJ,10,7,1,outdoors,grass,87,16,Sunday,13:00,Home,Brock Osweiler,Sam Darnold,Walt Coleman,MIA00,0,-103,-108
2018,9,MIN,DET,7,7,1,dome,sportturf,,,Sunday,13:00,Home,Kirk Cousins,Matthew Stafford,Peter Morelli,MIN01,0,-110,-101
2018,9,WAS,ATL,7,13,0,outdoors,grass,55,5,Sunday,13:00,Home,Alex Smith,Matt Ryan,Walt Anderson,WAS00,0,-114,102
2018,9,DAL,TEN,15,15,0,closed,matrixturf,,,Monday,20:15,Home,Dak Prescott,Marcus Mariota,Clete Blakeman,DAL00,0,-112,101
2019,1,CHI,GB,7,7,1,outdoors,grass,65,10,Thursday,20:20,Home,Mitch Trubisky,Aaron Rodgers,Tony Corrente,CHI98,0,103,-113
2019,1,NE,PIT,7,7,0,outdoors,grass,66,2,Sunday,20:20,Home,Tom Brady,Ben Roethlisberger,Clete Blakeman,BOS00,0,101,-111
2019,1,ARI,DET,7,7,0,closed,grass,,,Sunday,16:25,Home,Kyler Murray,Matthew Stafford,Scott Novak,PHO00,1,108,-121
2019,1,DAL,NYG,7,7,1,closed,fieldturf,,,Sunday,16:25,Home,Dak Prescott,Eli Manning,Walt Anderson,DAL00,0,100,-111
2019,1,TB,SF,7,7,0,outdoors,grass,93,9,Sunday,16:25,Home,Jameis Winston,Jimmy Garoppolo,Alex Kemp,TAM00,0,-104,-106
2019,1,LAC,IND,7,7,0,outdoors,grass,77,10,Sunday,16:05,Home,Philip Rivers,Jacoby Brissett,Shawn Smith,LAX97,1,-103,-107
2019,1,SEA,CIN,7,7,0,outdoors,fieldturf,64,7,Sunday,16:05,Home,Russell Wilson,Andy Dalton,Bradley Rogers,SEA00,0,104,-115
2019,1,CAR,LA,7,7,0,outdoors,grass,87,3,Sunday,13:00,Home,Cam Newton,Jared Goff,Shawn Hochuli,CAR00,0,-104,-106
2019,1,CLE,TEN,7,7,0,outdoors,grass,71,10,Sunday,13:00,Home,Baker Mayfield,Marcus Mariota,Brad Allen,CLE00,0,103,-113
2019,1,JAX,KC,7,7,0,outdoors,grass,91,6,Sunday,13:00,Home,Nick Foles,Patrick Mahomes,Carl Cheffers,JAX00,0,-110,-101
2019,1,MIA,BAL,7,7,0,outdoors,grass,91,8,Sunday,13:00,Home,Ryan Fitzpatrick,Lamar Jackson,Jerome Boger,MIA00,0,-112,102
2019,1,MIN,ATL,7,7,0,dome,sportturf,,,Sunday,13:00,Home,Kirk Cousins,Matt Ryan,Bill Vinovich,MIN01,0,104,-115
2019,1,NYJ,BUF,7,7,1,outdoors,fieldturf,77,6,Sunday,13:00,Home,Sam Darnold,Josh Allen,Clay Martin,NYC01,0,-110,-101
2019,1,PHI,WAS,7,7,1,outdoors,grass,79,4,Sunday,13:00,Home,Carson Wentz,Case Keenum,Ronald Torbert,PHI00,0,103,-114
2019,1,OAK,DEN,7,7,1,outdoors,grass,68,15,Monday,22:20,Home,Derek Carr,Joe Flacco,Craig Wrolstad,OAK00,0,-121,108
2019,1,NO,HOU,7,7,0,dome,astroturf,,,Monday,19:10,Home,Drew Brees,Deshaun Watson,John Hussey,NOR00,0,-113,103
2019,10,OAK,LAC,4,4,1,outdoors,grass,54,9,Thursday,20:20,Home,Derek Carr,Philip Rivers,Walt Anderson,OAK00,0,-100,-110
2019,10,DAL,MIN,6,7,0,closed,fieldturf,,,Sunday,20:20,Home,Dak Prescott,Kirk Cousins,Shawn Hochuli,DAL00,0,103,-113
2019,10,GB,CAR,7,7,0,outdoors,grass,34,6,Sunday,16:25,Home,Aaron Rodgers,Kyle Allen,Jerome Boger,GNB00,0,-110,-100
2019,10,PIT,LA,7,14,0,outdoors,grass,55,12,Sunday,16:25,Home,Mason Rudolph,Jared Goff,Shawn Smith,PIT00,0,103,-113
2019,10,IND,MIA,7,7,0,closed,fieldturf,,,Sunday,16:05,Home,Brian Hoyer,Ryan Fitzpatrick,Clay Martin,IND00,0,-101,-109
2019,10,CHI,DET,7,7,1,outdoors,grass,40,12,Sunday,13:00,Home,Mitch Trubisky,Jeff Driskel,Carl Cheffers,CHI98,0,-111,101
2019,10,CIN,BAL,14,7,1,outdoors,grass,56,9,Sunday,13:00,Home,Ryan Finley,Lamar Jackson,Scott Novak,CIN00,0,-114,104
2019,10,CLE,BUF,7,7,0,outdoors,grass,50,10,Sunday,13:00,Home,Baker Mayfield,Josh Allen,Ronald Torbert,CLE00,0,-102,-108
2019,10,NO,ATL,14,14,1,dome,astroturf,,,Sunday,13:00,Home,Drew Brees,Matt Ryan,Brad Allen,NOR00,0,103,-114
2019,10,NYJ,NYG,7,6,0,outdoors,fieldturf,48,8,Sunday,13:00,Home,Sam Darnold,Daniel Jones,John Hussey,NYC01,0,-115,104
2019,10,TB,ARI,7,10,0,outdoors,grass,77,8,Sunday,13:00,Home,Jameis Winston,Kyler Murray,Craig Wrolstad,TAM00,0,-110,100
2019,10,TEN,KC,7,7,0,outdoors,grass,63,9,Sunday,13:00,Home,Ryan Tannehill,Patrick Mahomes,Tony Corrente,NAS00,0,-102,-108
2019,10,SF,SEA,11,8,1,outdoors,grass,77,3,Monday,20:15,Home,Jimmy Garoppolo,Russell Wilson,Alex Kemp,SFO01,1,-106,-104
2019,11,CLE,PIT,4,4,1,outdoors,grass,36,10,Thursday,20:20,Home,Baker Mayfield,Mason Rudolph,Clete Blakeman,CLE00,0,-112,101
2019,11,LA,CHI,7,7,0,outdoors,grass,79,0,Sunday,20:20,Home,Jared Goff,Mitch Trubisky,John Hussey,LAX99,0,-103,-107
2019,11,OAK,CIN,10,7,0,outdoors,grass,76,13,Sunday,16:25,Home,Derek Carr,Ryan Finley,Shawn Smith,OAK00,0,-102,-108
2019,11,PHI,NE,14,14,0,outdoors,grass,42,13,Sunday,16:25,Home,Carson Wentz,Tom Brady,Bill Vinovich,PHI00,0,-112,101
2019,11,SF,ARI,6,7,1,outdoors,grass,72,0,Sunday,16:05,Home,Jimmy Garoppolo,Kyler Murray,Walt Anderson,SFO01,0,103,-113
2019,11,BAL,HOU,7,14,0,outdoors,grass,44,10,Sunday,13:00,Home,Lamar Jackson,Deshaun Watson,Alex Kemp,BAL00,0,-108,-102
2019,11,CAR,ATL,7,7,1,outdoors,grass,51,11,Sunday,13:00,Home,Kyle Allen,Matt Ryan,Adrian Hill,CAR00,0,-110,-100
2019,11,DET,DAL,7,7,0,dome,fieldturf,,,Sunday,13:00,Home,Jeff Driskel,Dak Prescott,Tony Corrente,DET00,0,-113,102
2019,11,IND,JAX,7,14,1,closed,fieldturf,,,Sunday,13:00,Home,Jacoby Brissett,Nick Foles,Shawn Hochuli,IND00,0,-108,-103
2019,11,MIA,BUF,7,7,1,outdoors,grass,62,13,Sunday,13:00,Home,Ryan Fitzpatrick,Josh Allen,Scott Novak,MIA00,0,-101,-109
2019,11,MIN,DEN,7,14,0,dome,sportturf,,,Sunday,13:00,Home,Kirk Cousins,Brandon Allen,Clay Martin,MIN01,0,107,-119
2019,11,TB,NO,7,7,1,outdoors,grass,55,4,Sunday,13:00,Home,Jameis Winston,Drew Brees,Bradley Rogers,TAM00,0,-102,-108
2019,11,WAS,NYJ,14,7,0,outdoors,grass,43,8,Sunday,13:00,Home,Dwayne Haskins,Sam Darnold,Jerome Boger,WAS00,0,-114,104
2019,11,LAC,KC,11,8,1,outdoors,grass,67,7,Monday,20:15,Neutral,Philip Rivers,Patrick Mahomes,Brad Allen,MEX00,0,-104,-106
2019,12,HOU,IND,4,4,1,closed,grass,,,Thursday,20:20,Home,Deshaun Watson,Jacoby Brissett,Ronald Torbert,HOU00,0,-105,-105
2019,12,SF,GB,7,14,0,outdoors,grass,63,7,Sunday,20:20,Home,Jimmy Garoppolo,Aaron Rodgers,Carl Cheffers,SFO01,0,-122,111
2019,12,NE,DAL,7,7,0,outdoors,grass,38,16,Sunday,16:25,Home,Tom Brady,Dak Prescott,Scott Novak,BOS00,0,-102,-108
2019,12,TEN,JAX,14,7,1,outdoors,grass,52,9,Sunday,16:05,Home,Ryan Tannehill,Nick Foles,Shawn Smith,NAS00,0,-114,103
2019,12,ATL,TB,7,7,1,closed,fieldturf,,,Sunday,13:00,Home,Matt Ryan,Jameis Winston,Clay Martin,ATL97,0,-100,-110
2019,12,BUF,DEN,7,7,0,outdoors,astroturf,40,17,Sunday,13:00,Home,Josh Allen,Brandon Allen,Jerome Boger,BUF00,0,-104,-106
2019,12,CHI,NYG,7,14,0,outdoors,grass,48,12,Sunday,13:00,Home,Mitch Trubisky,Daniel Jones,Shawn Hochuli,CHI98,0,-100,-110
2019,12,CIN,PIT,7,10,1,outdoors,grass,46,10,Sunday,13:00,Home,Ryan Finley,Mason Rudolph,Adrian Hill,CIN00,0,-104,-106
2019,12,CLE,MIA,10,7,0,outdoors,grass,39,14,Sunday,13:00,Home,Baker Mayfield,Ryan Fitzpatrick,Bradley Rogers,CLE00,0,103,-113
2019,12,NO,CAR,7,7,1,dome,astroturf,,,Sunday,13:00,Home,Drew Brees,Kyle Allen,Alex Kemp,NOR00,0,-102,-108
2019,12,NYJ,OAK,7,7,0,outdoors,fieldturf,43,12,Sunday,13:00,Home,Sam Darnold,Derek Carr,Clete Blakeman,NYC01,0,-112,102
2019,12,PHI,SEA,7,13,0,outdoors,grass,40,17,Sunday,13:00,Home,Carson Wentz,Russell Wilson,Walt Anderson,PHI00,0,-112,102
2019,12,WAS,DET,7,7,0,outdoors,grass,46,17,Sunday,13:00,Home,Dwayne Haskins,Jeff Driskel,Bill Vinovich,WAS00,0,-109,-102
2019,12,LA,BAL,8,8,0,outdoors,grass,62,5,Monday,20:15,Home,Jared Goff,Lamar Jackson,Craig Wrolstad,LAX99,0,-124,112
2019,13,ATL,NO,4,4,1,closed,fieldturf,,,Thursday,20:20,Home,Matt Ryan,Drew Brees,Shawn Smith,ATL97,0,-104,-106
2019,13,DAL,BUF,4,4,0,closed,fieldturf,,,Thursday,16:30,Home,Dak Prescott,Josh Allen,Bill Vinovich,DAL00,0,-115,104
2019,13,DET,CHI,4,4,1,dome,fieldturf,,,Thursday,12:30,Home,David Blough,Mitch Trubisky,Jerome Boger,DET00,0,-106,-104
2019,13,HOU,NE,10,7,0,closed,grass,,,Sunday,20:20,Home,Deshaun Watson,Tom Brady,Tony Corrente,HOU00,0,-117,106
2019,13,DEN,LAC,7,13,1,outdoors,grass,33,7,Sunday,16:25,Home,Drew Lock,Philip Rivers,Bradley Rogers,DEN00,0,-107,-103
2019,13,KC,OAK,13,7,1,outdoors,astroturf,36,20,Sunday,16:25,Home,Patrick Mahomes,Derek Carr,John Hussey,KAN00,0,106,-116
2019,13,ARI,LA,14,6,1,closed,grass,,,Sunday,16:05,Home,Kyler Murray,Jared Goff,Alex Kemp,PHO00,0,-100,-110
2019,13,BAL,SF,6,7,0,outdoors,grass,40,13,Sunday,13:00,Home,Lamar Jackson,Jimmy Garoppolo,Brad Allen,BAL00,0,-110,-100
2019,13,CAR,WAS,7,7,0,outdoors,grass,64,16,Sunday,13:00,Home,Kyle Allen,Dwayne Haskins,Scott Novak,CAR00,0,-100,-110
2019,13,CIN,NYJ,7,7,0,outdoors,grass,46,15,Sunday,13:00,Home,Andy Dalton,Sam Darnold,Ronald Torbert,CIN00,0,-112,102
2019,13,IND,TEN,10,7,1,closed,fieldturf,,,Sunday,13:00,Home,Jacoby Brissett,Ryan Tannehill,Carl Cheffers,IND00,0,-108,-102
2019,13,JAX,TB,7,7,0,outdoors,grass,77,15,Sunday,13:00,Home,Nick Foles,Jameis Winston,Walt Anderson,JAX00,0,-105,-105
2019,13,MIA,PHI,7,7,0,outdoors,grass,82,15,Sunday,13:00,Home,Ryan Fitzpatrick,Carson Wentz,Adrian Hill,MIA00,0,-110,-100
2019,13,NYG,GB,7,7,0,outdoors,fieldturf,32,10,Sunday,13:00,Home,Daniel Jones,Aaron Rodgers,Craig Wrolstad,NYC01,0,-113,103
2019,13,PIT,CLE,7,7,1,outdoors,grass,46,6,Sunday,13:00,Home,Devlin Hodges,Baker Mayfield,Clay Martin,PIT00,0,-103,-107
2019,13,SEA,MIN,8,15,0,outdoors,fieldturf,51,1,Monday,20:15,Home,Russell Wilson,Kirk Cousins,Clete Blakeman,SEA00,0,-124,112
2019,14,CHI,DAL,7,7,0,outdoors,grass,44,9,Thursday,20:20,Home,Mitch Trubisky,Dak Prescott,Bradley Rogers,CHI98,0,-101,-109
2019,14,LA,SEA,7,6,1,outdoors,grass,60,4,Sunday,20:20,Home,Jared Goff,Russell Wilson,Shawn Hochuli,LAX99,0,-112,102
2019,14,ARI,PIT,7,7,0,closed,grass,,,Sunday,16:25,Home,Kyler Murray,Devlin Hodges,Ronald Torbert,PHO00,0,-110,-100
2019,14,NE,KC,7,7,0,outdoors,grass,32,8,Sunday,16:25,Home,Tom Brady,Patrick Mahomes,Jerome Boger,BOS00,0,-103,-107
2019,14,OAK,TEN,7,7,0,outdoors,grass,59,5,Sunday,16:25,Home,Derek Carr,Ryan Tannehill,Brad Allen,OAK00,0,-111,100
2019,14,JAX,LAC,7,7,0,outdoors,grass,62,7,Sunday,16:05,Home,Gardner Minshew,Philip Rivers,Bill Vinovich,JAX00,0,-110,-101
2019,14,ATL,CAR,10,7,1,closed,fieldturf,,,Sunday,13:00,Home,Matt Ryan,Kyle Allen,Clete Blakeman,ATL97,0,100,-110
2019,14,BUF,BAL,10,7,0,outdoors,astroturf,43,18,Sunday,13:00,Home,Josh Allen,Lamar Jackson,Shawn Smith,BUF00,0,-110,100
2019,14,CLE,CIN,7,7,1,outdoors,grass,48,16,Sunday,13:00,Home,Baker Mayfield,Andy Dalton,Carl Cheffers,CLE00,0,101,-112
2019,14,GB,WAS,7,7,0,outdoors,grass,37,10,Sunday,13:00,Home,Aaron Rodgers,Dwayne Haskins,Clay Martin,GNB00,0,-104,-106
2019,14,HOU,DEN,7,7,0,closed,grass,,,Sunday,13:00,Home,Deshaun Watson,Drew Lock,Adrian Hill,HOU00,0,-107,-103
2019,14,MIN,DET,6,10,1,dome,sportturf,,,Sunday,13:00,Home,Kirk Cousins,David Blough,Walt Anderson,MIN01,0,106,-117
2019,14,NO,SF,10,7,0,dome,astroturf,,,Sunday,13:00,Home,Drew Brees,Jimmy Garoppolo,John Hussey,NOR00,0,-109,-101
2019,14,NYJ,MIA,7,7,1,outdoors,fieldturf,41,9,Sunday,13:00,Home,Sam Darnold,Ryan Fitzpatrick,Craig Wrolstad,NYC01,0,100,-110
2019,14,TB,IND,7,7,0,outdoors,grass,78,9,Sunday,13:00,Home,Jameis Winston,Jacoby Brissett,Tony Corrente,TAM00,0,-111,101
2019,14,PHI,NYG,8,8,1,outdoors,grass,53,11,Monday,20:15,Home,Carson Wentz,Eli Manning,Scott Novak,PHI00,1,-104,-106
2019,15,BAL,NYJ,4,4,0,outdoors,grass,33,3,Thursday,20:20,Home,Lamar Jackson,Sam Darnold,John Hussey,BAL00,0,-105,-105
2019,15,PIT,BUF,7,7,0,outdoors,grass,31,6,Sunday,20:20,Home,Devlin Hodges,Josh Allen,Tony Corrente,PIT00,0,-105,-105
2019,15,DAL,LA,10,7,0,closed,fieldturf,,,Sunday,16:25,Home,Dak Prescott,Jared Goff,Walt Anderson,DAL00,0,-102,-108
2019,15,SF,ATL,7,7,0,outdoors,grass,55,6,Sunday,16:25,Home,Jimmy Garoppolo,Matt Ryan,Craig Wrolstad,SFO01,0,106,-117
2019,15,ARI,CLE,7,7,0,closed,grass,,,Sunday,16:05,Home,Kyler Murray,Baker Mayfield,Brad Allen,PHO00,0,-103,-107
2019,15,LAC,MIN,7,7,0,outdoors,grass,64,14,Sunday,16:05,Home,Philip Rivers,Kirk Cousins,Ronald Torbert,LAX97,0,101,-111
2019,15,OAK,JAX,7,7,0,outdoors,grass,59,7,Sunday,16:05,Home,Derek Carr,Gardner Minshew,Bradley Rogers,OAK00,0,103,-114
2019,15,CAR,SEA,7,7,0,outdoors,grass,56,5,Sunday,13:00,Home,Kyle Allen,Russell Wilson,Carl Cheffers,CAR00,0,-106,-104
2019,15,CIN,NE,7,7,0,outdoors,grass,36,6,Sunday,13:00,Home,Andy Dalton,Tom Brady,Alex Kemp,CIN00,0,-110,-101
2019,15,DET,TB,7,7,0,dome,fieldturf,,,Sunday,13:00,Home,David Blough,Jameis Winston,Adrian Hill,DET00,0,101,-111
2019,15,GB,CHI,7,10,1,outdoors,grass,11,7,Sunday,13:00,Home,Aaron Rodgers,Mitch Trubisky,Scott Novak,GNB00,0,-118,107
2019,15,KC,DEN,7,7,1,outdoors,astroturf,24,8,Sunday,13:00,Home,Patrick Mahomes,Drew Lock,Clete Blakeman,KAN00,0,113,-125
2019,15,NYG,MIA,6,7,0,outdoors,fieldturf,48,19,Sunday,13:00,Home,Eli Manning,Ryan Fitzpatrick,Jerome Boger,NYC01,0,-102,-108
2019,15,TEN,HOU,7,7,1,outdoors,grass,45,4,Sunday,13:00,Home,Ryan Tannehill,Deshaun Watson,Bill Vinovich,NAS00,0,-113,103
2019,15,WAS,PHI,7,6,1,outdoors,grass,52,13,Sunday,13:00,Home,Dwayne Haskins,Carson Wentz,Shawn Smith,WAS00,0,-116,105
2019,15,NO,IND,8,8,0,dome,astroturf,,,Monday,20:15,Home,Drew Brees,Jacoby Brissett,Shawn Hochuli,NOR00,0,-104,-106
2019,16,SF,LA,7,7,1,outdoors,grass,58,12,Saturday,20:15,Home,Jimmy Garoppolo,Jared Goff,Clete Blakeman,SFO01,0,-110,100
2019,16,NE,BUF,7,7,1,outdoors,grass,33,2,Saturday,16:30,Home,Tom Brady,Josh Allen,John Hussey,BOS00,0,101,-111
2019,16,TB,HOU,7,7,0,outdoors,grass,73,11,Saturday,13:00,Home,Jameis Winston,Deshaun Watson,Scott Novak,TAM00,0,-112,102
2019,16,CHI,KC,7,7,0,outdoors,grass,45,10,Sunday,20:20,Home,Mitch Trubisky,Patrick Mahomes,Carl Cheffers,CHI98,0,-101,-109
2019,16,PHI,DAL,7,7,1,outdoors,grass,47,7,Sunday,16:25,Home,Carson Wentz,Dak Prescott,Tony Corrente,PHI00,0,-112,101
2019,16,SEA,ARI,7,7,1,outdoors,fieldturf,43,7,Sunday,16:25,Home,Russell Wilson,Kyler Murray,Bradley Rogers,SEA00,0,101,-111
2019,16,DEN,DET,7,7,0,outdoors,grass,67,3,Sunday,16:05,Home,Drew Lock,David Blough,Craig Wrolstad,DEN00,0,-112,102
2019,16,LAC,OAK,7,7,1,outdoors,grass,64,10,Sunday,16:05,Home,Philip Rivers,Derek Carr,Clay Martin,LAX97,0,103,-113
2019,16,ATL,JAX,7,7,0,closed,fieldturf,,,Sunday,13:00,Home,Matt Ryan,Gardner Minshew,Adrian Hill,ATL97,0,103,-114
2019,16,CLE,BAL,7,10,1,outdoors,grass,49,10,Sunday,13:00,Home,Baker Mayfield,Lamar Jackson,Alex Kemp,CLE00,0,-106,-104
2019,16,IND,CAR,6,7,0,closed,fieldturf,,,Sunday,13:00,Home,Jacoby Brissett,Will Grier,Walt Anderson,IND00,0,110,-122
2019,16,MIA,CIN,7,7,0,outdoors,grass,76,15,Sunday,13:00,Home,Ryan Fitzpatrick,Andy Dalton,Brad Allen,MIA00,1,-104,-106
2019,16,NYJ,PIT,10,7,0,outdoors,fieldturf,45,6,Sunday,13:00,Home,Sam Darnold,Devlin Hodges,Shawn Hochuli,NYC01,0,105,-116
2019,16,TEN,NO,7,6,0,outdoors,grass,50,4,Sunday,13:00,Home,Ryan Tannehill,Drew Brees,Jerome Boger,NAS00,0,-113,103
2019,16,WAS,NYG,7,7,1,outdoors,grass,44,6,Sunday,13:00,Home,Dwayne Haskins,Daniel Jones,Ronald Torbert,WAS00,1,-104,-106
2019,16,MIN,GB,8,8,1,dome,sportturf,,,Monday,20:15,Home,Kirk Cousins,Aaron Rodgers,Bill Vinovich,MIN01,0,-108,-102
2019,17,SEA,SF,7,7,1,outdoors,fieldturf,51,3,Sunday,20:20,Home,Russell Wilson,Jimmy Garoppolo,Tony Corrente,SEA00,0,-112,101
2019,17,DEN,OAK,7,7,1,outdoors,grass,31,6,Sunday,16:25,Home,Drew Lock,Derek Carr,Shawn Smith,DEN00,0,-101,-110
2019,17,LA,ARI,7,7,1,outdoors,grass,62,0,Sunday,16:25,Home,Jared Goff,Kyler Murray,Jerome Boger,LAX99,0,107,-118
2019,17,BAL,PIT,7,7,1,outdoors,grass,46,7,Sunday,16:25,Home,Robert Griffin,Devlin Hodges,Bill Vinovich,BAL00,0,102,-113
2019,17,BUF,NYJ,7,7,1,outdoors,astroturf,43,7,Sunday,13:00,Home,Matt Barkley,Sam Darnold,Bradley Rogers,BUF00,0,-100,-110
2019,17,CAR,NO,7,7,1,outdoors,grass,63,9,Sunday,13:00,Home,Will Grier,Drew Brees,Ronald Torbert,CAR00,0,-104,-106
2019,17,CIN,CLE,7,7,1,outdoors,grass,64,7,Sunday,13:00,Home,Andy Dalton,Baker Mayfield,Adrian Hill,CIN00,0,-103,-107
2019,17,DAL,WAS,7,7,1,closed,fieldturf,,,Sunday,16:25,Home,Dak Prescott,Case Keenum,Craig Wrolstad,DAL00,0,-105,-105
2019,17,DET,GB,7,6,1,dome,fieldturf,,,Sunday,13:00,Home,David Blough,Aaron Rodgers,Shawn Hochuli,DET00,0,-114,103
2019,17,HOU,TEN,7,7,1,closed,grass,,,Sunday,16:25,Home,A.J. McCarron,Ryan Tannehill,Clete Blakeman,HOU00,0,-117,106
2019,17,JAX,IND,7,7,1,outdoors,grass,,,Sunday,16:25,Home,Gardner Minshew,Jacoby Brissett,Brad Allen,JAX00,0,-101,-109
2019,17,KC,LAC,7,7,1,outdoors,astroturf,40,16,Sunday,13:00,Home,Patrick Mahomes,Philip Rivers,Walt Anderson,KAN00,0,-100,-110
2019,17,MIN,CHI,6,7,1,dome,sportturf,,,Sunday,13:00,Home,Sean Mannion,Mitch Trubisky,John Hussey,MIN01,0,-100,-110
2019,17,NE,MIA,7,7,1,outdoors,grass,43,2,Sunday,13:00,Home,Tom Brady,Ryan Fitzpatrick,Clay Martin,BOS00,0,-102,-109
2019,17,NYG,PHI,7,7,1,outdoors,fieldturf,42,5,Sunday,16:25,Home,Daniel Jones,Carson Wentz,Alex Kemp,NYC01,0,-108,-102
2019,17,TB,ATL,7,7,1,outdoors,grass,78,12,Sunday,13:00,Home,Jameis Winston,Matt Ryan,Carl Cheffers,TAM00,1,-111,101
2019,2,CAR,TB,4,4,1,outdoors,grass,85,3,Thursday,20:20,Home,Cam Newton,Jameis Winston,Jerome Boger,CAR00,0,-100,-110
2019,2,ATL,PHI,7,7,0,open,fieldturf,,,Sunday,20:20,Home,Matt Ryan,Carson Wentz,Brad Allen,ATL97,0,-112,102
2019,2,DEN,CHI,6,10,0,outdoors,grass,87,3,Sunday,16:25,Home,Joe Flacco,Mitch Trubisky,Adrian Hill,DEN00,0,-114,103
2019,2,LA,NO,7,6,0,outdoors,grass,85,4,Sunday,16:25,Home,Jared Goff,Drew Brees,Walt Anderson,LAX99,0,103,-114
2019,2,OAK,KC,6,7,1,outdoors,grass,70,13,Sunday,16:05,Home,Derek Carr,Patrick Mahomes,Clay Martin,OAK00,0,-119,108
2019,2,BAL,ARI,7,7,0,outdoors,grass,82,8,Sunday,13:00,Home,Lamar Jackson,Kyler Murray,Ronald Torbert,BAL00,0,-100,-110
2019,2,CIN,SF,7,7,0,outdoors,grass,81,5,Sunday,13:00,Home,Andy Dalton,Jimmy Garoppolo,Tony Corrente,CIN00,0,100,-111
2019,2,DET,LAC,7,7,0,dome,fieldturf,,,Sunday,13:00,Home,Matthew Stafford,Philip Rivers,Craig Wrolstad,DET00,0,-113,102
2019,2,GB,MIN,10,7,1,outdoors,grass,72,5,Sunday,13:00,Home,Aaron Rodgers,Kirk Cousins,John Hussey,GNB00,0,-108,-102
2019,2,HOU,JAX,6,7,1,closed,grass,,,Sunday,13:00,Home,Deshaun Watson,Gardner Minshew,Scott Novak,HOU00,0,111,-122
2019,2,MIA,NE,7,7,1,outdoors,grass,87,4,Sunday,13:00,Home,Ryan Fitzpatrick,Tom Brady,Bill Vinovich,MIA00,0,-109,-101
2019,2,NYG,BUF,7,7,0,outdoors,fieldturf,79,5,Sunday,13:00,Home,Eli Manning,Josh Allen,Shawn Smith,NYC01,0,-103,-108
2019,2,PIT,SEA,7,7,0,outdoors,grass,81,3,Sunday,13:00,Home,Ben Roethlisberger,Russell Wilson,Carl Cheffers,PIT00,0,-101,-109
2019,2,TEN,IND,7,7,1,outdoors,grass,93,1,Sunday,13:00,Home,Marcus Mariota,Jacoby Brissett,Clete Blakeman,NAS00,0,-120,108
2019,2,WAS,DAL,7,7,1,outdoors,grass,80,7,Sunday,13:00,Home,Case Keenum,Dak Prescott,Shawn Hochuli,WAS00,0,104,-115
2019,2,NYJ,CLE,8,8,0,outdoors,fieldturf,72,3,Monday,20:15,Home,Trevor Siemian,Baker Mayfield,Alex Kemp,NYC01,0,-105,-105
2019,3,JAX,TEN,4,4,1,outdoors,grass,73,9,Thursday,20:20,Home,Gardner Minshew,Marcus Mariota,Shawn Hochuli,JAX00,0,-101,-109
2019,3,CLE,LA,6,7,0,outdoors,grass,83,12,Sunday,20:20,Home,Baker Mayfield,Jared Goff,Shawn Smith,CLE00,0,101,-111
2019,3,LAC,HOU,7,7,0,outdoors,grass,87,4,Sunday,16:25,Home,Philip Rivers,Deshaun Watson,Clay Martin,LAX97,0,-115,104
2019,3,SEA,NO,7,7,0,outdoors,fieldturf,63,8,Sunday,16:25,Home,Russell Wilson,Teddy Bridgewater,Ronald Torbert,SEA00,0,-105,-106
2019,3,SF,PIT,7,7,0,outdoors,grass,79,3,Sunday,16:25,Home,Jimmy Garoppolo,Mason Rudolph,Scott Novak,SFO01,0,-107,-104
2019,3,TB,NYG,10,7,0,outdoors,grass,88,11,Sunday,16:05,Home,Jameis Winston,Daniel Jones,Bill Vinovich,TAM00,0,-107,-103
2019,3,ARI,CAR,7,10,0,closed,grass,,,Sunday,16:05,Home,Kyler Murray,Kyle Allen,Craig Wrolstad,PHO00,0,103,-114
2019,3,BUF,CIN,7,7,0,outdoors,astroturf,83,13,Sunday,13:00,Home,Josh Allen,Andy Dalton,Clete Blakeman,BUF00,0,-106,-104
2019,3,DAL,MIA,7,7,0,closed,fieldturf,,,Sunday,13:00,Home,Dak Prescott,Josh Rosen,Adrian Hill,DAL00,0,-112,102
2019,3,GB,DEN,7,7,0,outdoors,grass,69,7,Sunday,13:00,Home,Aaron Rodgers,Joe Flacco,Bradley Rogers,GNB00,0,-102,-108
2019,3,IND,ATL,7,7,0,closed,fieldturf,,,Sunday,13:00,Home,Jacoby Brissett,Matt Ryan,Alex Kemp,IND00,0,-111,100
2019,3,KC,BAL,7,7,0,outdoors,astroturf,,,Sunday,13:00,Home,Patrick Mahomes,Lamar Jackson,John Hussey,KAN00,0,-102,-108
2019,3,MIN,OAK,7,7,0,dome,sportturf,,,Sunday,13:00,Home,Kirk Cousins,Derek Carr,Jerome Boger,MIN01,0,-105,-105
2019,3,NE,NYJ,7,6,1,outdoors,grass,81,10,Sunday,13:00,Home,Tom Brady,Luke Falk,Carl Cheffers,BOS00,0,-101,-109
2019,3,PHI,DET,7,7,0,outdoors,grass,84,7,Sunday,13:00,Home,Carson Wentz,Matthew Stafford,Tony Corrente,PHI00,0,-106,-104
2019,3,WAS,CHI,8,8,0,outdoors,grass,87,5,Monday,20:15,Home,Case Keenum,Mitch Trubisky,Walt Anderson,WAS00,0,-107,-103
2019,4,GB,PHI,4,4,0,outdoors,grass,60,3,Thursday,20:20,Home,Aaron Rodgers,Carson Wentz,Clay Martin,GNB00,0,-100,-110
2019,4,NO,DAL,7,7,0,dome,astroturf,,,Sunday,20:20,Home,Teddy Bridgewater,Dak Prescott,Carl Cheffers,NOR00,0,-105,-105
2019,4,CHI,MIN,6,7,1,outdoors,grass,67,8,Sunday,16:25,Home,Mitch Trubisky,Kirk Cousins,Brad Allen,CHI98,0,-109,-101
2019,4,DEN,JAX,7,10,0,outdoors,grass,87,14,Sunday,16:25,Home,Joe Flacco,Gardner Minshew,Ronald Torbert,DEN00,0,-109,-102
2019,4,ARI,SEA,7,7,1,closed,grass,,,Sunday,16:05,Home,Kyler Murray,Russell Wilson,Shawn Smith,PHO00,0,-103,-107
2019,4,LA,TB,7,7,0,outdoors,grass,74,2,Sunday,16:05,Home,Jared Goff,Jameis Winston,Bradley Rogers,LAX99,0,-106,-104
2019,4,ATL,TEN,7,10,0,closed,fieldturf,,,Sunday,13:00,Home,Matt Ryan,Marcus Mariota,John Hussey,ATL97,0,102,-113
2019,4,BAL,CLE,7,7,1,outdoors,grass,83,8,Sunday,13:00,Home,Lamar Jackson,Baker Mayfield,Shawn Hochuli,BAL00,0,106,-117
2019,4,BUF,NE,7,7,1,outdoors,astroturf,58,10,Sunday,13:00,Home,Josh Allen,Tom Brady,Craig Wrolstad,BUF00,0,-108,-102
2019,4,DET,KC,7,7,0,dome,fieldturf,,,Sunday,13:00,Home,Matthew Stafford,Patrick Mahomes,Walt Anderson,DET00,0,-116,105
2019,4,HOU,CAR,7,7,0,closed,grass,,,Sunday,13:00,Home,Deshaun Watson,Kyle Allen,Adrian Hill,HOU00,0,-110,-100
2019,4,IND,OAK,7,7,0,closed,fieldturf,,,Sunday,13:00,Home,Jacoby Brissett,Derek Carr,Scott Novak,IND00,0,-104,-106
2019,4,MIA,LAC,7,7,0,outdoors,grass,88,15,Sunday,13:00,Home,Josh Rosen,Philip Rivers,Tony Corrente,MIA00,0,-107,-103
2019,4,NYG,WAS,7,6,1,outdoors,fieldturf,77,11,Sunday,13:00,Home,Daniel Jones,Case Keenum,Alex Kemp,NYC01,0,-109,-101
2019,4,PIT,CIN,8,8,1,outdoors,grass,76,1,Monday,20:15,Home,Mason Rudolph,Andy Dalton,Bill Vinovich,PIT00,0,101,-112
2019,5,SEA,LA,4,4,1,outdoors,fieldturf,57,7,Thursday,20:20,Home,Russell Wilson,Jared Goff,Scott Novak,SEA00,0,-106,-104
2019,5,KC,IND,7,7,0,outdoors,astroturf,59,3,Sunday,20:20,Home,Patrick Mahomes,Jacoby Brissett,Craig Wrolstad,KAN00,0,101,-111
2019,5,DAL,GB,7,10,0,closed,fieldturf,,,Sunday,16:25,Home,Dak Prescott,Aaron Rodgers,Ronald Torbert,DAL00,0,102,-113
2019,5,LAC,DEN,7,7,1,outdoors,grass,85,12,Sunday,16:05,Home,Philip Rivers,Joe Flacco,Shawn Hochuli,LAX97,0,-113,102
2019,5,CAR,JAX,7,7,0,outdoors,grass,72,4,Sunday,13:00,Home,Kyle Allen,Gardner Minshew,Alex Kemp,CAR00,0,-131,119
2019,5,CIN,ARI,6,7,0,outdoors,grass,76,6,Sunday,13:00,Home,Andy Dalton,Kyler Murray,John Hussey,CIN00,0,-104,-106
2019,5,HOU,ATL,7,7,0,closed,grass,,,Sunday,13:00,Home,Deshaun Watson,Matt Ryan,Shawn Smith,HOU00,0,-109,-101
2019,5,NO,TB,7,7,1,dome,astroturf,,,Sunday,13:00,Home,Teddy Bridgewater,Jameis Winston,Brad Allen,NOR00,0,107,-118
2019,5,NYG,MIN,7,7,0,outdoors,fieldturf,66,10,Sunday,13:00,Home,Daniel Jones,Kirk Cousins,Clete Blakeman,NYC01,0,105,-116
2019,5,OAK,CHI,7,7,0,outdoors,grass,59,15,Sunday,13:00,Neutral,Derek Carr,Chase Daniel,Tony Corrente,LON02,0,-110,-101
2019,5,PHI,NYJ,10,14,0,outdoors,grass,68,10,Sunday,13:00,Home,Carson Wentz,Luke Falk,Adrian Hill,PHI00,0,-101,-109
2019,5,PIT,BAL,6,7,1,outdoors,grass,70,7,Sunday,13:00,Home,Mason Rudolph,Lamar Jackson,Walt Anderson,PIT00,1,-113,102
2019,5,TEN,BUF,7,7,0,outdoors,grass,77,13,Sunday,13:00,Home,Marcus Mariota,Josh Allen,Bradley Rogers,NAS00,0,-101,-110
2019,5,WAS,NE,7,7,0,outdoors,grass,70,8,Sunday,13:00,Home,Colt McCoy,Tom Brady,Clay Martin,WAS00,0,101,-112
2019,5,SF,CLE,15,8,0,outdoors,grass,87,8,Monday,20:15,Home,Jimmy Garoppolo,Baker Mayfield,Jerome Boger,SFO01,0,-111,101
2019,6,NE,NYG,4,4,0,outdoors,grass,54,13,Thursday,20:20,Home,Tom Brady,Daniel Jones,Brad Allen,BOS00,0,-104,-106
2019,6,LAC,PIT,7,7,0,outdoors,grass,71,9,Sunday,20:20,Home,Philip Rivers,Devlin Hodges,John Hussey,LAX97,0,104,-115
2019,6,DEN,TEN,7,7,0,outdoors,grass,69,7,Sunday,16:25,Home,Joe Flacco,Marcus Mariota,Alex Kemp,DEN00,0,-113,103
2019,6,NYJ,DAL,7,7,0,outdoors,fieldturf,66,7,Sunday,16:25,Home,Sam Darnold,Dak Prescott,Bradley Rogers,NYC01,0,-110,-100
2019,6,ARI,ATL,7,7,0,closed,grass,,,Sunday,16:05,Home,Kyler Murray,Matt Ryan,Carl Cheffers,PHO00,0,-102,-108
2019,6,LA,SF,10,6,1,outdoors,grass,77,2,Sunday,16:05,Home,Jared Goff,Jimmy Garoppolo,Bill Vinovich,LAX99,0,-100,-110
2019,6,BAL,CIN,7,7,1,outdoors,grass,64,7,Sunday,13:00,Home,Lamar Jackson,Andy Dalton,Clay Martin,BAL00,0,-104,-106
2019,6,CLE,SEA,6,10,0,outdoors,grass,58,20,Sunday,13:00,Home,Baker Mayfield,Russell Wilson,Adrian Hill,CLE00,0,-106,-104
2019,6,JAX,NO,7,7,0,outdoors,grass,81,3,Sunday,13:00,Home,Gardner Minshew,Teddy Bridgewater,Jerome Boger,JAX00,0,-110,100
2019,6,KC,HOU,7,7,0,outdoors,astroturf,56,2,Sunday,13:00,Home,Patrick Mahomes,Deshaun Watson,Shawn Hochuli,KAN00,0,-103,-108
2019,6,MIA,WAS,14,7,0,outdoors,grass,84,13,Sunday,13:00,Home,Josh Rosen,Case Keenum,Shawn Smith,MIA00,0,-109,-101
2019,6,MIN,PHI,7,7,0,dome,sportturf,,,Sunday,13:00,Home,Kirk Cousins,Carson Wentz,Scott Novak,MIN01,0,105,-115
2019,6,TB,CAR,7,7,1,outdoors,grass,61,14,Sunday,09:30,Neutral,Jameis Winston,Kyle Allen,Walt Anderson,LON02,0,-110,-100
2019,6,GB,DET,8,15,1,outdoors,grass,43,5,Monday,20:15,Home,Aaron Rodgers,Matthew Stafford,Clete Blakeman,GNB00,0,-108,-102
2019,7,DEN,KC,4,4,1,outdoors,grass,75,6,Thursday,20:20,Home,Joe Flacco,Patrick Mahomes,Shawn Smith,DEN00,0,-115,104
2019,7,DAL,PHI,7,7,1,closed,fieldturf,,,Sunday,20:20,Home,Dak Prescott,Carson Wentz,Jerome Boger,DAL00,0,-111,101
2019,7,CHI,NO,14,7,0,outdoors,grass,54,6,Sunday,16:25,Home,Mitch Trubisky,Teddy Bridgewater,Scott Novak,CHI98,0,-110,100
2019,7,SEA,BAL,7,7,0,outdoors,fieldturf,50,8,Sunday,16:25,Home,Russell Wilson,Lamar Jackson,Brad Allen,SEA00,0,-106,-104
2019,7,TEN,LAC,7,7,0,outdoors,grass,77,2,Sunday,16:05,Home,Ryan Tannehill,Philip Rivers,Bill Vinovich,NAS00,0,-103,-107
2019,7,ATL,LA,7,7,0,open,fieldturf,,,Sunday,13:00,Home,Matt Ryan,Jared Goff,Ronald Torbert,ATL97,0,-105,-105
2019,7,BUF,MIA,14,7,1,outdoors,astroturf,65,7,Sunday,13:00,Home,Josh Allen,Ryan Fitzpatrick,Carl Cheffers,BUF00,0,-108,-103
2019,7,CIN,JAX,7,7,0,outdoors,grass,70,2,Sunday,13:00,Home,Andy Dalton,Gardner Minshew,Craig Wrolstad,CIN00,0,105,-116
2019,7,DET,MIN,6,7,1,dome,fieldturf,,,Sunday,13:00,Home,Matthew Stafford,Kirk Cousins,Bradley Rogers,DET00,0,-100,-110
2019,7,GB,OAK,6,14,0,outdoors,grass,55,6,Sunday,13:00,Home,Aaron Rodgers,Derek Carr,Alex Kemp,GNB00,0,-107,-103
2019,7,IND,HOU,14,7,1,open,fieldturf,,,Sunday,13:00,Home,Jacoby Brissett,Deshaun Watson,Tony Corrente,IND00,0,-106,-104
2019,7,NYG,ARI,10,7,0,outdoors,fieldturf,56,3,Sunday,13:00,Home,Daniel Jones,Kyler Murray,Adrian Hill,NYC01,0,-104,-106
2019,7,WAS,SF,7,7,0,outdoors,grass,55,12,Sunday,13:00,Home,Case Keenum,Jimmy Garoppolo,Clete Blakeman,WAS00,0,-106,-104
2019,7,NYJ,NE,8,11,1,outdoors,fieldturf,58,0,Monday,20:15,Home,Sam Darnold,Tom Brady,Shawn Hochuli,NYC01,0,-104,-106
2019,8,MIN,WAS,4,4,0,dome,sportturf,,,Thursday,20:20,Home,Kirk Cousins,Case Keenum,Carl Cheffers,MIN01,0,-106,-104
2019,8,KC,GB,10,7,0,outdoors,astroturf,54,5,Sunday,20:20,Home,Matt Moore,Aaron Rodgers,Bill Vinovich,KAN00,0,-102,-108
2019,8,IND,DEN,7,10,0,open,fieldturf,,,Sunday,13:00,Home,Jacoby Brissett,Joe Flacco,Walt Anderson,IND00,0,106,-117
2019,8,NE,CLE,6,14,0,outdoors,grass,49,11,Sunday,16:25,Home,Tom Brady,Baker Mayfield,Tony Corrente,BOS00,0,-103,-107
2019,8,SF,CAR,7,14,0,outdoors,grass,66,19,Sunday,16:05,Home,Jimmy Garoppolo,Cam Newton,Shawn Smith,SFO01,0,102,-112
2019,8,ATL,SEA,7,7,0,open,fieldturf,,,Sunday,13:00,Home,Matt Schaub,Russell Wilson,Clete Blakeman,ATL97,0,-117,106
2019,8,BUF,PHI,7,7,0,outdoors,astroturf,54,23,Sunday,13:00,Home,Josh Allen,Carson Wentz,John Hussey,BUF00,0,-113,102
2019,8,CHI,LAC,7,7,0,outdoors,grass,52,9,Sunday,13:00,Home,Mitch Trubisky,Philip Rivers,Bradley Rogers,CHI98,0,-103,-107
2019,8,DET,NYG,7,7,0,dome,fieldturf,,,Sunday,13:00,Home,Matthew Stafford,Daniel Jones,Scott Novak,DET00,0,102,-113
2019,8,HOU,OAK,7,7,0,closed,grass,,,Sunday,16:25,Home,Deshaun Watson,Derek Carr,Craig Wrolstad,HOU00,0,-103,-107
2019,8,JAX,NYJ,7,6,0,outdoors,grass,79,11,Sunday,13:00,Home,Gardner Minshew,Sam Darnold,Brad Allen,JAX00,0,105,-115
2019,8,LA,CIN,7,7,0,outdoors,grass,48,5,Sunday,13:00,Neutral,Jared Goff,Andy Dalton,Jerome Boger,LON00,0,102,-112
2019,8,NO,ARI,7,7,0,dome,astroturf,,,Sunday,13:00,Home,Drew Brees,Kyler Murray,Clay Martin,NOR00,0,-102,-108
2019,8,TEN,TB,7,14,0,outdoors,grass,59,3,Sunday,13:00,Home,Ryan Tannehill,Jameis Winston,Adrian Hill,NAS00,0,-100,-110
2019,8,PIT,MIA,15,8,0,outdoors,grass,59,2,Monday,20:15,Home,Mason Rudolph,Ryan Fitzpatrick,Ronald Torbert,PIT00,0,-103,-107
2019,9,ARI,SF,4,4,1,closed,grass,,,Thursday,20:20,Home,Kyler Murray,Jimmy Garoppolo,Bradley Rogers,PHO00,0,-111,100
2019,9,BAL,NE,14,7,0,outdoors,grass,48,1,Sunday,20:20,Home,Lamar Jackson,Tom Brady,Carl Cheffers,BAL00,0,-110,100
2019,9,DEN,CLE,7,7,0,outdoors,grass,55,4,Sunday,16:25,Home,Brandon Allen,Baker Mayfield,Bill Vinovich,DEN00,0,-108,-102
2019,9,LAC,GB,7,7,0,outdoors,grass,79,2,Sunday,16:25,Home,Philip Rivers,Aaron Rodgers,Adrian Hill,LAX97,0,100,-111
2019,9,OAK,DET,7,7,0,outdoors,grass,71,6,Sunday,16:05,Home,Derek Carr,Matthew Stafford,Shawn Hochuli,OAK00,0,-115,104
2019,9,SEA,TB,7,7,0,outdoors,fieldturf,54,6,Sunday,16:05,Home,Russell Wilson,Jameis Winston,John Hussey,SEA00,1,-105,-105
2019,9,BUF,WAS,7,10,0,outdoors,astroturf,42,18,Sunday,13:00,Home,Josh Allen,Dwayne Haskins,Tony Corrente,BUF00,0,102,-112
2019,9,CAR,TEN,7,7,0,outdoors,grass,58,5,Sunday,13:00,Home,Cam Newton,Ryan Tannehill,Ronald Torbert,CAR00,0,-101,-109
2019,9,KC,MIN,7,10,0,outdoors,astroturf,54,15,Sunday,13:00,Home,Matt Moore,Kirk Cousins,Alex Kemp,KAN00,0,-109,-101
2019,9,MIA,NYJ,6,7,1,outdoors,grass,85,11,Sunday,13:00,Home,Ryan Fitzpatrick,Sam Darnold,Walt Anderson,MIA00,0,-107,-103
2019,9,PHI,CHI,7,7,0,outdoors,grass,52,13,Sunday,13:00,Home,Carson Wentz,Mitch Trubisky,Craig Wrolstad,PHI00,0,-104,-106
2019,9,PIT,IND,6,7,0,outdoors,grass,48,12,Sunday,13:00,Home,Mason Rudolph,Jacoby Brissett,Brad Allen,PIT00,0,-111,101
2019,9,JAX,HOU,7,7,1,outdoors,grass,53,6,Sunday,09:30,Neutral,Gardner Minshew,Deshaun Watson,Clete Blakeman,LON00,0,-106,-104
2019,9,NYG,DAL,8,15,1,outdoors,fieldturf,51,10,Monday,20:15,Home,Daniel Jones,Dak Prescott,Clay Martin,NYC01,0,-109,-101
2020,1,KC,HOU,7,7,0,outdoors,grass,56,7,Thursday,20:20,Home,Patrick Mahomes,Deshaun Watson,Clete Blakeman,KAN00,0,-105,-105
2020,1,LA,DAL,7,7,0,dome,matrixturf,,,Sunday,20:20,Home,Jared Goff,Dak Prescott,Tony Corrente,LAX01,0,-107,-103
2020,1,NO,TB,7,7,1,dome,astroturf,,,Sunday,16:25,Home,Drew Brees,Tom Brady,Jerome Boger,NOR00,0,-113,102
2020,1,SF,ARI,7,7,1,outdoors,grass,66,6,Sunday,16:25,Home,Jimmy Garoppolo,Kyler Murray,Carl Cheffers,SFO01,0,111,-123
2020,1,CIN,LAC,7,7,0,outdoors,grass,83,6,Sunday,16:05,Home,Joe Burrow,Tyrod Taylor,Clay Martin,CIN00,0,-110,-100
2020,1,ATL,SEA,7,7,0,closed,fieldturf,,,Sunday,13:00,Home,Matt Ryan,Russell Wilson,Shawn Hochuli,ATL97,0,-105,-105
2020,1,BAL,CLE,7,7,1,outdoors,grass,76,5,Sunday,13:00,Home,Lamar Jackson,Baker Mayfield,Ronald Torbert,BAL00,0,-103,-107
2020,1,BUF,NYJ,7,7,1,outdoors,astroturf,67,15,Sunday,13:00,Home,Josh Allen,Sam Darnold,Shawn Smith,BUF00,0,100,-110
2020,1,CAR,LV,7,7,0,outdoors,grass,81,5,Sunday,13:00,Home,Teddy Bridgewater,Derek Carr,Brad Allen,CAR00,0,-113,-112
2020,1,DET,CHI,7,7,1,dome,fieldturf,,,Sunday,13:00,Home,Matthew Stafford,Mitch Trubisky,Alex Kemp,DET00,0,-102,-108
2020,1,JAX,IND,7,7,1,outdoors,grass,80,3,Sunday,13:00,Home,Gardner Minshew,Philip Rivers,John Hussey,JAX00,0,-102,-108
2020,1,MIN,GB,7,7,1,dome,sportturf,,,Sunday,13:00,Home,Kirk Cousins,Aaron Rodgers,Bill Vinovich,MIN01,0,-107,-103
2020,1,NE,MIA,7,7,1,outdoors,grass,70,8,Sunday,13:00,Home,Cam Newton,Ryan Fitzpatrick,Adrian Hill,BOS00,0,102,-112
2020,1,WAS,PHI,7,7,1,outdoors,grass,76,5,Sunday,13:00,Home,Dwayne Haskins,Carson Wentz,Brad Rogers,WAS00,0,-104,-106
2020,1,DEN,TEN,7,7,0,outdoors,grass,79,10,Monday,22:10,Home,Drew Lock,Ryan Tannehill,Scott Novak,DEN00,0,109,-121
2020,1,NYG,PIT,7,7,0,outdoors,fieldturf,71,5,Monday,19:15,Home,Daniel Jones,Ben Roethlisberger,Craig Wrolstad,NYC01,0,-105,-105
2020,10,TEN,IND,4,4,1,outdoors,grass,56,6,Thursday,20:20,Home,Ryan Tannehill,Philip Rivers,Brad Allen,NAS00,0,-103,-107
2020,10,NE,BAL,6,7,0,outdoors,grass,52,13,Sunday,20:20,Home,Cam Newton,Lamar Jackson,Shawn Hochuli,BOS00,0,-110,100
2020,10,LA,SEA,14,7,1,dome,matrixturf,,,Sunday,16:25,Home,Jared Goff,Russell Wilson,Clete Blakeman,LAX01,0,104,-115
2020,10,NO,SF,7,10,0,dome,astroturf,,,Sunday,16:25,Home,Drew Brees,Nick Mullens,Brad Rogers,NOR00,0,-101,-110
2020,10,ARI,BUF,7,7,0,closed,grass,,,Sunday,16:05,Home,Kyler Murray,Josh Allen,Craig Wrolstad,PHO00,0,-102,-108
2020,10,LV,DEN,7,7,1,dome,grass,,,Sunday,16:05,Home,Derek Carr,Drew Lock,Tony Corrente,VEG00,0,-104,-106
2020,10,MIA,LAC,7,7,0,outdoors,grass,83,7,Sunday,16:05,Home,Tua Tagovailoa,Justin Herbert,Jerome Boger,MIA00,0,-110,-100
2020,10,CAR,TB,7,7,1,outdoors,grass,65,15,Sunday,13:00,Home,Teddy Bridgewater,Tom Brady,Land Clark,CAR00,0,-102,-108
2020,10,CLE,HOU,14,7,0,outdoors,grass,59,25,Sunday,13:00,Home,Baker Mayfield,Deshaun Watson,Ronald Torbert,CLE00,0,-104,-106
2020,10,DET,WAS,7,7,0,dome,fieldturf,,,Sunday,13:00,Home,Matthew Stafford,Alex Smith,Alex Kemp,DET00,0,-110,100
2020,10,GB,JAX,10,7,0,outdoors,grass,38,23,Sunday,13:00,Home,Aaron Rodgers,Jake Luton,Shawn Smith,GNB00,0,-105,-105
2020,10,NYG,PHI,7,14,1,outdoors,fieldturf,56,18,Sunday,13:00,Home,Daniel Jones,Carson Wentz,Clay Martin,NYC01,0,-104,-106
2020,10,PIT,CIN,7,14,1,outdoors,grass,52,21,Sunday,16:25,Home,Ben Roethlisberger,Joe Burrow,Adrian Hill,PIT00,0,-109,-101
2020,10,CHI,MIN,8,8,1,outdoors,grass,44,11,Monday,20:15,Home,Nick Foles,Kirk Cousins,Scott Novak,CHI98,0,-119,108
2020,11,SEA,ARI,4,4,1,outdoors,fieldturf,48,11,Thursday,20:20,Home,Russell Wilson,Kyler Murray,Tony Corrente,SEA00,0,-105,-105
2020,11,LV,KC,7,14,1,dome,grass,,,Sunday,20:20,Home,Derek Carr,Patrick Mahomes,Carl Cheffers,VEG00,0,-102,-108
2020,11,IND,GB,10,7,0,closed,fieldturf,,,Sunday,16:25,Home,Philip Rivers,Aaron Rodgers,Shawn Hochuli,IND00,1,-106,-104
2020,11,MIN,DAL,6,14,0,dome,sportturf,,,Sunday,16:25,Home,Kirk Cousins,Andy Dalton,Bill Vinovich,MIN01,0,-100,-110
2020,11,DEN,MIA,7,7,0,outdoors,grass,45,7,Sunday,16:05,Home,Drew Lock,Tua Tagovailoa,Land Clark,DEN00,0,-105,-105
2020,11,LAC,NYJ,7,13,0,dome,matrixturf,,,Sunday,16:05,Home,Justin Herbert,Joe Flacco,Craig Wrolstad,LAX01,0,-101,-110
2020,11,BAL,TEN,7,10,0,outdoors,grass,53,6,Sunday,13:00,Home,Lamar Jackson,Ryan Tannehill,Alex Kemp,BAL00,1,-107,-103
2020,11,CAR,DET,7,7,0,outdoors,grass,65,7,Sunday,13:00,Home,Phillip Walker,Matthew Stafford,Ronald Torbert,CAR00,0,108,-119
2020,11,CLE,PHI,7,7,0,outdoors,grass,38,8,Sunday,13:00,Home,Baker Mayfield,Carson Wentz,Adrian Hill,CLE00,0,-106,-104
2020,11,HOU,NE,7,7,0,closed,grass,,,Sunday,13:00,Home,Deshaun Watson,Cam Newton,John Hussey,HOU00,0,106,-117
2020,11,JAX,PIT,7,7,0,outdoors,grass,72,3,Sunday,13:00,Home,Jake Luton,Ben Roethlisberger,Scott Novak,JAX00,0,-107,-103
2020,11,NO,ATL,7,14,1,dome,astroturf,,,Sunday,13:00,Home,Taysom Hill,Matt Ryan,Brad Allen,NOR00,0,-101,-109
2020,11,WAS,CIN,7,7,0,outdoors,grass,57,7,Sunday,13:00,Home,Alex Smith,Joe Burrow,Shawn Smith,WAS00,0,-101,-109
2020,11,TB,LA,8,8,0,outdoors,grass,69,5,Monday,20:15,Home,Tom Brady,Jared Goff,Jerome Boger,TAM00,0,-102,-109
2020,12,DAL,WAS,4,4,1,closed,fieldturf,,,Thursday,16:30,Home,Andy Dalton,Alex Smith,Clay Martin,DAL00,0,-106,-104
2020,12,DET,HOU,4,4,0,dome,fieldturf,,,Thursday,12:30,Home,Matthew Stafford,Deshaun Watson,Shawn Smith,DET00,0,-106,-104
2020,12,GB,CHI,7,13,1,outdoors,grass,37,13,Sunday,20:20,Home,Aaron Rodgers,Mitch Trubisky,Clete Blakeman,GNB00,0,105,-116
2020,12,TB,KC,6,7,0,outdoors,grass,81,5,Sunday,16:25,Home,Tom Brady,Patrick Mahomes,Shawn Hochuli,TAM00,0,-124,112
2020,12,DEN,NO,7,7,0,outdoors,grass,38,6,Sunday,16:05,Home,Kendall Hinton,Taysom Hill,Craig Wrolstad,DEN00,0,-107,-103
2020,12,LA,SF,6,14,1,dome,matrixturf,,,Sunday,16:05,Home,Jared Goff,Nick Mullens,Scott Novak,LAX01,0,101,-112
2020,12,ATL,LV,7,7,0,closed,fieldturf,,,Sunday,13:00,Home,Matt Ryan,Derek Carr,Land Clark,ATL97,0,-105,-105
2020,12,BUF,LAC,14,7,0,outdoors,astroturf,48,7,Sunday,13:00,Home,Josh Allen,Justin Herbert,Alex Kemp,BUF00,0,-103,-107
2020,12,CIN,NYG,7,14,0,outdoors,grass,52,4,Sunday,13:00,Home,Brandon Allen,Daniel Jones,Carl Cheffers,CIN00,0,-107,-103
2020,12,IND,TEN,7,7,1,closed,fieldturf,,,Sunday,13:00,Home,Philip Rivers,Ryan Tannehill,John Hussey,IND00,0,103,-114
2020,12,JAX,CLE,7,7,0,outdoors,grass,70,1,Sunday,13:00,Home,Mike Glennon,Baker Mayfield,Jerome Boger,JAX00,0,-112,102
2020,12,MIN,CAR,7,7,0,dome,sportturf,,,Sunday,13:00,Home,Kirk Cousins,Teddy Bridgewater,Brad Rogers,MIN01,0,104,-115
2020,12,NE,ARI,7,10,0,outdoors,grass,52,8,Sunday,13:00,Home,Cam Newton,Kyler Murray,Bill Vinovich,BOS00,0,-103,-107
2020,12,NYJ,MIA,7,7,1,outdoors,fieldturf,54,2,Sunday,13:00,Home,Sam Darnold,Ryan Fitzpatrick,Adrian Hill,NYC01,0,-104,-106
2020,12,PHI,SEA,8,11,0,outdoors,grass,60,16,Monday,20:15,Home,Carson Wentz,Russell Wilson,Brad Allen,PHI00,0,-104,-106
2020,12,PIT,BAL,10,10,1,outdoors,grass,36,14,Wednesday,15:40,Home,Ben Roethlisberger,Robert Griffin,Ronald Torbert,PIT00,0,-101,-109
2020,13,KC,DEN,7,7,1,outdoors,astroturf,41,9,Sunday,20:20,Home,Patrick Mahomes,Drew Lock,Alex Kemp,KAN00,0,108,-120
2020,13,GB,PHI,7,6,0,outdoors,grass,34,9,Sunday,16:25,Home,Aaron Rodgers,Carson Wentz,Bill Vinovich,GNB00,0,-108,-102
2020,13,LAC,NE,7,7,0,dome,matrixturf,,,Sunday,16:25,Home,Justin Herbert,Cam Newton,Carl Cheffers,LAX01,0,-102,-109
2020,13,ARI,LA,7,7,1,closed,grass,,,Sunday,16:05,Home,Kyler Murray,Jared Goff,Jerome Boger,PHO00,0,103,-114
2020,13,SEA,NYG,6,7,0,outdoors,fieldturf,51,4,Sunday,16:05,Home,Russell Wilson,Colt McCoy,Craig Wrolstad,SEA00,0,104,-114
2020,13,ATL,NO,7,7,1,closed,fieldturf,,,Sunday,13:00,Home,Matt Ryan,Taysom Hill,Adrian Hill,ATL97,0,102,-113
2020,13,CHI,DET,7,10,1,outdoors,grass,35,5,Sunday,13:00,Home,Mitch Trubisky,Matthew Stafford,Clay Martin,CHI98,0,-110,-100
2020,13,HOU,IND,10,7,1,closed,grass,,,Sunday,13:00,Home,Deshaun Watson,Philip Rivers,Scott Novak,HOU00,0,-112,101
2020,13,MIA,CIN,7,7,0,outdoors,grass,81,5,Sunday,13:00,Home,Tua Tagovailoa,Brandon Allen,Ronald Torbert,MIA00,0,105,-115
2020,13,MIN,JAX,7,7,0,dome,sportturf,,,Sunday,13:00,Home,Kirk Cousins,Mike Glennon,Land Clark,MIN01,1,107,-118
2020,13,NYJ,LV,7,7,0,outdoors,fieldturf,39,18,Sunday,13:00,Home,Sam Darnold,Derek Carr,Shawn Smith,NYC01,0,-113,103
2020,13,TEN,CLE,7,7,0,outdoors,grass,52,1,Sunday,13:00,Home,Ryan Tannehill,Baker Mayfield,Clete Blakeman,NAS00,0,101,-111
2020,13,SF,BUF,8,8,0,closed,grass,,,Monday,20:15,Neutral,Nick Mullens,Josh Allen,Tony Corrente,PHO00,0,-107,-103
2020,13,PIT,WAS,5,11,0,outdoors,grass,34,10,Monday,17:00,Home,Ben Roethlisberger,Alex Smith,John Hussey,PIT00,0,-110,-100
2020,13,BAL,DAL,6,12,0,outdoors,grass,38,9,Tuesday,20:05,Home,Lamar Jackson,Andy Dalton,Brad Allen,BAL00,0,-108,-103
2020,14,LA,NE,4,4,0,dome,matrixturf,,,Thursday,20:20,Home,Jared Goff,Cam Newton,Craig Wrolstad,LAX01,0,-107,-103
2020,14,BUF,PIT,6,6,0,outdoors,astroturf,35,11,Sunday,20:20,Home,Josh Allen,Ben Roethlisberger,Shawn Smith,BUF00,0,-102,-109
2020,14,LAC,ATL,7,7,0,dome,matrixturf,,,Sunday,16:25,Home,Justin Herbert,Matt Ryan,Tony Corrente,LAX01,0,-110,100
2020,14,PHI,NO,7,7,0,outdoors,grass,57,10,Sunday,16:25,Home,Jalen Hurts,Taysom Hill,Jerome Boger,PHI00,0,-106,-104
2020,14,SF,WAS,6,6,0,closed,grass,,,Sunday,16:25,Neutral,Nick Mullens,Alex Smith,Carl Cheffers,PHO00,0,101,-111
2020,14,LV,IND,7,7,0,dome,grass,,,Sunday,16:05,Home,Derek Carr,Philip Rivers,Clete Blakeman,VEG00,0,-106,-104
2020,14,SEA,NYJ,7,7,0,outdoors,fieldturf,43,8,Sunday,16:05,Home,Russell Wilson,Sam Darnold,Scott Novak,SEA00,0,-100,-110
2020,14,CAR,DEN,14,7,0,outdoors,grass,70,7,Sunday,13:00,Home,Teddy Bridgewater,Drew Lock,Shawn Hochuli,CAR00,0,-109,-101
2020,14,CHI,HOU,7,7,0,outdoors,grass,34,1,Sunday,13:00,Home,Mitch Trubisky,Deshaun Watson,Land Clark,CHI98,0,-103,-107
2020,14,CIN,DAL,7,5,0,outdoors,grass,44,5,Sunday,13:00,Home,Brandon Allen,Andy Dalton,John Hussey,CIN00,0,103,-114
2020,14,DET,GB,7,7,1,dome,fieldturf,,,Sunday,16:25,Home,Matthew Stafford,Aaron Rodgers,Alex Kemp,DET00,0,-117,106
2020,14,JAX,TEN,7,7,1,outdoors,grass,69,2,Sunday,13:00,Home,Mike Glennon,Ryan Tannehill,Adrian Hill,JAX00,0,-104,-106
2020,14,MIA,KC,7,7,0,outdoors,grass,81,8,Sunday,13:00,Home,Tua Tagovailoa,Patrick Mahomes,Clay Martin,MIA00,0,-121,109
2020,14,NYG,ARI,7,7,0,outdoors,fieldturf,59,15,Sunday,13:00,Home,Daniel Jones,Kyler Murray,Ronald Torbert,NYC01,0,-104,-106
2020,14,TB,MIN,14,7,0,outdoors,grass,78,5,Sunday,13:00,Home,Tom Brady,Kirk Cousins,Brad Allen,TAM00,0,-104,-106
2020,14,CLE,BAL,8,6,1,outdoors,grass,34,18,Monday,20:15,Home,Baker Mayfield,Lamar Jackson,Bill Vinovich,CLE00,0,105,-116
2020,15,LV,LAC,4,4,1,dome,grass,,,Thursday,20:20,Home,Derek Carr,Justin Herbert,John Hussey,VEG00,1,111,-123
2020,15,GB,CAR,6,6,0,outdoors,grass,33,5,Saturday,20:15,Home,Aaron Rodgers,Teddy Bridgewater,Alex Kemp,GNB00,0,-107,-103
2020,15,DEN,BUF,6,6,0,outdoors,grass,47,24,Saturday,16:30,Home,Drew Lock,Josh Allen,Clete Blakeman,DEN00,0,-105,-105
2020,15,NYG,CLE,7,6,0,outdoors,fieldturf,36,0,Sunday,20:20,Home,Colt McCoy,Baker Mayfield,Shawn Hochuli,NYC01,0,-102,-108
2020,15,NO,KC,7,7,0,dome,astroturf,,,Sunday,16:25,Home,Drew Brees,Patrick Mahomes,Scott Novak,NOR00,0,102,-113
2020,15,ARI,PHI,7,7,0,closed,grass,,,Sunday,16:05,Home,Kyler Murray,Jalen Hurts,Craig Wrolstad,PHO00,0,103,-114
2020,15,LA,NYJ,10,7,0,dome,matrixturf,,,Sunday,16:05,Home,Jared Goff,Sam Darnold,Tony Corrente,LAX01,0,104,-115
2020,15,ATL,TB,7,7,1,closed,fieldturf,,,Sunday,13:00,Home,Matt Ryan,Tom Brady,Brad Rogers,ATL97,0,-106,-104
2020,15,BAL,JAX,6,7,0,outdoors,grass,39,3,Sunday,13:00,Home,Lamar Jackson,Gardner Minshew II,Ronald Torbert,BAL00,0,107,-118
2020,15,DAL,SF,7,7,0,closed,fieldturf,,,Sunday,13:00,Home,Andy Dalton,Nick Mullens,Land Clark,DAL00,0,-104,-106
2020,15,IND,HOU,7,7,1,closed,fieldturf,,,Sunday,13:00,Home,Philip Rivers,Deshaun Watson,Bill Vinovich,IND00,0,-102,-108
2020,15,MIA,NE,7,10,1,outdoors,grass,79,9,Sunday,13:00,Home,Tua Tagovailoa,Cam Newton,Brad Allen,MIA00,0,-104,-106
2020,15,MIN,CHI,7,7,1,dome,sportturf,,,Sunday,13:00,Home,Kirk Cousins,Mitch Trubisky,Shawn Smith,MIN01,0,-123,111
2020,15,TEN,DET,7,7,0,outdoors,grass,46,5,Sunday,13:00,Home,Ryan Tannehill,Matthew Stafford,Jerome Boger,NAS00,0,102,-113
2020,15,WAS,SEA,7,7,0,outdoors,grass,43,8,Sunday,13:00,Home,Dwayne Haskins,Russell Wilson,Adrian Hill,WAS00,0,-107,-103
2020,15,CIN,PIT,8,8,1,outdoors,grass,43,10,Monday,20:15,Home,Ryan Finley,Ben Roethlisberger,John Hussey,CIN00,0,-109,-101
2020,16,NO,MIN,5,5,0,dome,astroturf,,,Friday,16:30,Home,Drew Brees,Kirk Cousins,Adrian Hill,NOR00,0,-102,-109
2020,16,LV,MIA,9,6,0,dome,grass,,,Saturday,20:15,Home,Derek Carr,Tua Tagovailoa,Tony Corrente,VEG00,0,-106,-104
2020,16,ARI,SF,6,6,1,closed,grass,,,Saturday,16:30,Home,Kyler Murray,C.J. Beathard,Clete Blakeman,PHO00,0,-102,-108
2020,16,DET,TB,6,6,0,dome,fieldturf,,,Saturday,13:00,Home,Matthew Stafford,Tom Brady,Scott Novak,DET00,0,-111,101
2020,16,GB,TEN,8,7,0,outdoors,grass,28,15,Sunday,20:20,Home,Aaron Rodgers,Ryan Tannehill,Brad Allen,GNB00,0,-118,107
2020,16,DAL,PHI,7,7,1,closed,fieldturf,,,Sunday,16:25,Home,Andy Dalton,Jalen Hurts,Adrian Hill,DAL00,0,104,-115
2020,16,LAC,DEN,10,8,1,dome,matrixturf,,,Sunday,16:05,Home,Justin Herbert,Drew Lock,Shawn Hochuli,LAX01,0,100,-111
2020,16,SEA,LA,7,7,1,outdoors,fieldturf,45,2,Sunday,16:25,Home,Russell Wilson,Jared Goff,Bill Vinovich,SEA00,0,-114,103
2020,16,BAL,NYG,7,7,0,outdoors,grass,38,3,Sunday,13:00,Home,Lamar Jackson,Daniel Jones,John Hussey,BAL00,0,105,-116
2020,16,HOU,CIN,7,6,0,closed,grass,,,Sunday,13:00,Home,Deshaun Watson,Brandon Allen,Brad Rogers,HOU00,0,102,-113
2020,16,JAX,CHI,7,7,0,outdoors,grass,55,5,Sunday,13:00,Home,Mike Glennon,Mitch Trubisky,Jerome Boger,JAX00,0,-103,-108
2020,16,KC,ATL,7,7,0,outdoors,astroturf,49,8,Sunday,13:00,Home,Patrick Mahomes,Matt Ryan,Craig Wrolstad,KAN00,0,-100,-110
2020,16,NYJ,CLE,7,7,0,outdoors,fieldturf,37,5,Sunday,13:00,Home,Sam Darnold,Baker Mayfield,Land Clark,NYC01,0,103,-114
2020,16,PIT,IND,6,7,0,outdoors,grass,37,6,Sunday,13:00,Home,Ben Roethlisberger,Philip Rivers,Alex Kemp,PIT00,0,-111,100
2020,16,WAS,CAR,7,8,0,outdoors,grass,41,6,Sunday,16:05,Home,Dwayne Haskins,Teddy Bridgewater,Carl Cheffers,WAS00,0,-105,-105
2020,16,NE,BUF,8,9,1,outdoors,grass,41,4,Monday,20:15,Home,Cam Newton,Josh Allen,Ronald Torbert,BOS00,0,-108,-102
2020,17,PHI,WAS,7,7,1,outdoors,grass,38,10,Sunday,20:20,Home,Jalen Hurts,Alex Smith,Ronald Torbert,PHI00,0,-101,-109
2020,17,CHI,GB,7,7,1,outdoors,grass,32,7,Sunday,16:25,Home,Mitch Trubisky,Aaron Rodgers,Craig Wrolstad,CHI98,0,-107,-103
2020,17,DEN,LV,7,8,1,outdoors,grass,53,10,Sunday,16:25,Home,Drew Lock,Derek Carr,Scott Novak,DEN00,0,104,-115
2020,17,KC,LAC,7,7,1,outdoors,astroturf,35,6,Sunday,16:25,Home,Chad Henne,Justin Herbert,Clete Blakeman,KAN00,0,-117,106
2020,17,LA,ARI,7,8,1,dome,matrixturf,,,Sunday,16:25,Home,John Wolford,Kyler Murray,Carl Cheffers,LAX01,0,-116,105
2020,17,SF,SEA,8,7,1,closed,grass,,,Sunday,16:25,Neutral,C.J. Beathard,Russell Wilson,Tony Corrente,PHO00,0,-112,101
2020,17,BUF,MIA,6,8,1,outdoors,astroturf,35,1,Sunday,13:00,Home,Josh Allen,Tua Tagovailoa,Bill Vinovich,BUF00,0,-125,113
2020,17,CAR,NO,7,9,1,outdoors,grass,57,2,Sunday,16:25,Home,Teddy Bridgewater,Drew Brees,John Hussey,CAR00,0,-110,100
2020,17,CIN,BAL,7,7,1,outdoors,grass,39,10,Sunday,13:00,Home,Brandon Allen,Lamar Jackson,Land Clark,CIN00,0,-117,106
2020,17,CLE,PIT,7,7,1,outdoors,grass,38,7,Sunday,13:00,Home,Baker Mayfield,Mason Rudolph,Jerome Boger,CLE00,0,100,-111
2020,17,DET,MIN,8,9,1,dome,fieldturf,,,Sunday,13:00,Home,Matthew Stafford,Kirk Cousins,Adrian Hill,DET00,0,-100,-110
2020,17,HOU,TEN,7,7,1,closed,grass,,,Sunday,16:25,Home,Deshaun Watson,Ryan Tannehill,Shawn Hochuli,HOU00,0,-111,101
2020,17,IND,JAX,7,7,1,closed,fieldturf,,,Sunday,16:25,Home,Philip Rivers,Mike Glennon,Shawn Smith,IND00,0,-115,104
2020,17,NE,NYJ,6,7,1,outdoors,grass,33,5,Sunday,13:00,Home,Cam Newton,Sam Darnold,Brad Rogers,BOS00,0,-110,-101
2020,17,NYG,DAL,7,7,1,outdoors,fieldturf,33,6,Sunday,13:00,Home,Daniel Jones,Andy Dalton,Brad Allen,NYC01,0,-104,-106
2020,17,TB,ATL,8,7,1,outdoors,grass,65,4,Sunday,13:00,Home,Tom Brady,Matt Ryan,Alex Kemp,TAM00,0,111,-123
2020,2,CLE,CIN,4,4,1,outdoors,grass,65,8,Thursday,20:20,Home,Baker Mayfield,Joe Burrow,Shawn Smith,CLE00,0,100,-111
2020,2,SEA,NE,7,7,0,outdoors,fieldturf,70,5,Sunday,20:20,Home,Russell Wilson,Cam Newton,Craig Wrolstad,SEA00,0,-108,-102
2020,2,HOU,BAL,10,7,0,closed,grass,,,Sunday,16:25,Home,Deshaun Watson,Lamar Jackson,Tony Corrente,HOU00,0,-108,-102
2020,2,LAC,KC,7,10,1,dome,matrixturf,,,Sunday,16:25,Home,Justin Herbert,Patrick Mahomes,Carl Cheffers,LAX01,1,-106,-104
2020,2,ARI,WAS,7,7,0,closed,grass,,,Sunday,16:05,Home,Kyler Murray,Dwayne Haskins,Land Clark,PHO00,0,109,-120
2020,2,CHI,NYG,7,6,0,outdoors,grass,66,12,Sunday,13:00,Home,Mitch Trubisky,Daniel Jones,Bill Vinovich,CHI98,0,-105,-105
2020,2,DAL,ATL,7,7,0,closed,fieldturf,,,Sunday,13:00,Home,Dak Prescott,Matt Ryan,Brad Rogers,DAL00,0,108,-119
2020,2,GB,DET,7,7,1,outdoors,grass,66,12,Sunday,13:00,Home,Aaron Rodgers,Matthew Stafford,Clete Blakeman,GNB00,0,102,-113
2020,2,IND,MIN,7,7,0,closed,fieldturf,,,Sunday,13:00,Home,Philip Rivers,Kirk Cousins,Alex Kemp,IND00,0,101,-111
2020,2,MIA,BUF,7,7,1,outdoors,grass,90,5,Sunday,13:00,Home,Ryan Fitzpatrick,Josh Allen,Jerome Boger,MIA00,0,-101,-109
2020,2,NYJ,SF,7,7,0,outdoors,fieldturf,61,7,Sunday,13:00,Home,Sam Darnold,Jimmy Garoppolo,Ronald Torbert,NYC01,0,-111,101
2020,2,PHI,LA,7,7,0,outdoors,grass,62,12,Sunday,13:00,Home,Carson Wentz,Jared Goff,Brad Allen,PHI00,0,-103,-107
2020,2,PIT,DEN,6,6,0,outdoors,grass,64,5,Sunday,13:00,Home,Ben Roethlisberger,Drew Lock,Adrian Hill,PIT00,0,-110,-100
2020,2,TB,CAR,7,7,1,outdoors,grass,85,17,Sunday,13:00,Home,Tom Brady,Teddy Bridgewater,John Hussey,TAM00,0,-104,-106
2020,2,TEN,JAX,6,7,1,outdoors,grass,72,5,Sunday,13:00,Home,Ryan Tannehill,Gardner Minshew,Clay Martin,NAS00,0,105,-116
2020,2,LV,NO,8,8,0,dome,grass,,,Monday,20:15,Home,Derek Carr,Drew Brees,Shawn Hochuli,VEG00,0,-107,-102
2020,3,JAX,MIA,4,4,0,outdoors,grass,81,12,Thursday,20:20,Home,Gardner Minshew,Ryan Fitzpatrick,Brad Allen,JAX00,0,114,-126
2020,3,NO,GB,6,7,0,dome,astroturf,,,Sunday,20:20,Home,Drew Brees,Aaron Rodgers,Brad Rogers,NOR00,0,102,-112
2020,3,ARI,DET,7,7,0,closed,grass,,,Sunday,16:25,Home,Kyler Murray,Matthew Stafford,Scott Novak,PHO00,0,-105,-105
2020,3,DEN,TB,7,7,0,outdoors,grass,55,7,Sunday,16:25,Home,Jeff Driskel,Tom Brady,Land Clark,DEN00,0,-105,-105
2020,3,SEA,DAL,7,7,0,outdoors,fieldturf,63,3,Sunday,16:25,Home,Russell Wilson,Dak Prescott,Carl Cheffers,SEA00,0,-106,-104
2020,3,IND,NYJ,7,7,0,closed,fieldturf,,,Sunday,16:05,Home,Philip Rivers,Sam Darnold,Craig Wrolstad,IND00,0,-101,-109
2020,3,LAC,CAR,7,7,0,dome,matrixturf,,,Sunday,16:05,Home,Justin Herbert,Teddy Bridgewater,Tony Corrente,LAX01,0,-103,-107
2020,3,ATL,CHI,7,7,0,closed,fieldturf,,,Sunday,13:00,Home,Matt Ryan,Mitch Trubisky,Jerome Boger,ATL97,0,-111,101
2020,3,BUF,LA,7,7,0,outdoors,astroturf,79,16,Sunday,13:00,Home,Josh Allen,Jared Goff,Alex Kemp,BUF00,0,-110,-100
2020,3,CLE,WAS,10,7,0,outdoors,grass,73,18,Sunday,13:00,Home,Baker Mayfield,Dwayne Haskins,Shawn Hochuli,CLE00,0,104,-115
2020,3,MIN,TEN,7,7,0,dome,sportturf,,,Sunday,13:00,Home,Kirk Cousins,Ryan Tannehill,Clete Blakeman,MIN01,0,-109,-101
2020,3,NE,LV,7,6,0,outdoors,grass,73,8,Sunday,13:00,Home,Cam Newton,Derek Carr,Ronald Torbert,BOS00,0,-105,-105
2020,3,NYG,SF,7,7,0,outdoors,fieldturf,75,2,Sunday,13:00,Home,Daniel Jones,Nick Mullens,Clay Martin,NYC01,0,-109,-101
2020,3,PHI,CIN,7,10,0,outdoors,grass,76,5,Sunday,13:00,Home,Carson Wentz,Joe Burrow,Adrian Hill,PHI00,1,-105,-105
2020,3,PIT,HOU,7,7,0,outdoors,grass,79,6,Sunday,13:00,Home,Ben Roethlisberger,Deshaun Watson,Shawn Smith,PIT00,0,-100,-110
2020,3,BAL,KC,8,8,0,outdoors,grass,73,8,Monday,20:15,Home,Lamar Jackson,Patrick Mahomes,John Hussey,BAL00,0,102,-112
2020,4,NYJ,DEN,4,4,0,outdoors,fieldturf,64,6,Thursday,20:20,Home,Sam Darnold,Brett Rypien,Jerome Boger,NYC01,0,-108,-102
2020,4,SF,PHI,7,7,0,outdoors,grass,84,12,Sunday,20:20,Home,Nick Mullens,Carson Wentz,Bill Vinovich,SFO01,0,105,-116
2020,4,LV,BUF,7,7,0,dome,grass,,,Sunday,16:25,Home,Derek Carr,Josh Allen,Land Clark,VEG00,0,104,-115
2020,4,LA,NYG,7,7,0,dome,matrixturf,,,Sunday,16:05,Home,Jared Goff,Daniel Jones,John Hussey,LAX01,0,-107,-103
2020,4,CAR,ARI,7,7,0,outdoors,grass,68,8,Sunday,13:00,Home,Teddy Bridgewater,Kyler Murray,Ronald Torbert,CAR00,0,-105,-105
2020,4,CHI,IND,7,7,0,outdoors,grass,52,10,Sunday,16:25,Home,Nick Foles,Philip Rivers,Craig Wrolstad,CHI98,0,-112,102
2020,4,CIN,JAX,7,10,0,outdoors,grass,64,6,Sunday,13:00,Home,Joe Burrow,Gardner Minshew II,Alex Kemp,CIN00,0,-104,-106
2020,4,DAL,CLE,7,7,0,closed,fieldturf,,,Sunday,13:00,Home,Dak Prescott,Baker Mayfield,Clay Martin,DAL00,0,101,-111
2020,4,DET,NO,7,7,0,dome,fieldturf,,,Sunday,13:00,Home,Matthew Stafford,Drew Brees,Shawn Smith,DET00,0,-107,-103
2020,4,HOU,MIN,7,7,0,closed,grass,,,Sunday,13:00,Home,Deshaun Watson,Kirk Cousins,Brad Rogers,HOU00,0,104,-114
2020,4,MIA,SEA,10,7,0,outdoors,grass,86,13,Sunday,13:00,Home,Ryan Fitzpatrick,Russell Wilson,Scott Novak,MIA00,0,-104,-106
2020,4,TB,LAC,7,7,0,outdoors,grass,75,6,Sunday,13:00,Home,Tom Brady,Justin Herbert,Brad Allen,TAM00,0,103,-114
2020,4,WAS,BAL,7,6,0,outdoors,grass,65,5,Sunday,13:00,Home,Dwayne Haskins,Lamar Jackson,Adrian Hill,WAS00,0,-115,104
2020,4,GB,ATL,8,8,0,outdoors,grass,53,9,Monday,21:00,Home,Aaron Rodgers,Matt Ryan,Carl Cheffers,GNB00,0,-100,-110
2020,4,KC,NE,7,8,0,outdoors,astroturf,73,14,Monday,19:05,Home,Patrick Mahomes,Brian Hoyer,Tony Corrente,KAN00,0,103,-114
2020,5,CHI,TB,4,4,0,outdoors,grass,57,7,Thursday,20:20,Home,Nick Foles,Tom Brady,Alex Kemp,CHI98,0,-108,-102
2020,5,SEA,MIN,7,7,0,outdoors,fieldturf,54,10,Sunday,20:20,Home,Russell Wilson,Kirk Cousins,Tony Corrente,SEA00,0,-105,-105
2020,5,CLE,IND,7,7,0,outdoors,grass,64,16,Sunday,16:25,Home,Baker Mayfield,Philip Rivers,Scott Novak,CLE00,0,-103,-107
2020,5,DAL,NYG,7,7,1,closed,fieldturf,,,Sunday,16:25,Home,Dak Prescott,Daniel Jones,Craig Wrolstad,DAL00,0,103,-114
2020,5,SF,MIA,7,7,0,outdoors,grass,73,6,Sunday,16:05,Home,Jimmy Garoppolo,Ryan Fitzpatrick,Land Clark,SFO01,0,108,-119
2020,5,ATL,CAR,6,7,1,closed,fieldturf,,,Sunday,13:00,Home,Matt Ryan,Teddy Bridgewater,Brad Allen,ATL97,0,-109,-101
2020,5,BAL,CIN,7,7,1,outdoors,grass,69,3,Sunday,13:00,Home,Lamar Jackson,Joe Burrow,Jerome Boger,BAL00,0,-105,-105
2020,5,HOU,JAX,7,7,1,closed,grass,,,Sunday,13:00,Home,Deshaun Watson,Gardner Minshew II,Bill Vinovich,HOU00,0,-110,100
2020,5,KC,LV,6,7,1,outdoors,astroturf,80,16,Sunday,13:00,Home,Patrick Mahomes,Derek Carr,Clete Blakeman,KAN00,0,104,-114
2020,5,NYJ,ARI,10,7,0,outdoors,fieldturf,64,8,Sunday,13:00,Home,Joe Flacco,Kyler Murray,Adrian Hill,NYC01,0,-117,106
2020,5,PIT,PHI,14,7,0,outdoors,grass,70,4,Sunday,13:00,Home,Ben Roethlisberger,Carson Wentz,Ronald Torbert,PIT00,0,-107,-103
2020,5,WAS,LA,7,7,0,outdoors,grass,69,2,Sunday,13:00,Home,Kyle Allen,Jared Goff,Shawn Smith,WAS00,0,-109,-101
2020,5,NO,LAC,8,8,0,dome,astroturf,,,Monday,20:15,Home,Drew Brees,Justin Herbert,Clay Martin,NOR00,1,-104,-106
2020,5,TEN,BUF,16,9,0,outdoors,grass,73,3,Tuesday,19:00,Home,Ryan Tannehill,Josh Allen,Carl Cheffers,NAS00,0,-102,-108
2020,6,SF,LA,7,7,1,outdoors,grass,86,10,Sunday,20:20,Home,Jimmy Garoppolo,Jared Goff,Carl Cheffers,SFO01,0,-107,-103
2020,6,TB,GB,10,13,0,outdoors,grass,88,12,Sunday,16:25,Home,Tom Brady,Aaron Rodgers,Jerome Boger,TAM00,0,-121,109
2020,6,MIA,NYJ,7,7,1,outdoors,grass,85,15,Sunday,16:05,Home,Ryan Fitzpatrick,Joe Flacco,Bill Vinovich,MIA00,0,-113,103
2020,6,CAR,CHI,7,10,0,outdoors,grass,63,6,Sunday,13:00,Home,Teddy Bridgewater,Nick Foles,Adrian Hall,CAR00,0,-103,-107
2020,6,IND,CIN,7,7,0,closed,fieldturf,,,Sunday,13:00,Home,Philip Rivers,Joe Burrow,Land Clark,IND00,0,-102,-108
2020,6,JAX,DET,7,14,0,outdoors,grass,78,10,Sunday,13:00,Home,Gardner Minshew II,Matthew Stafford,Shawn Hochuli,JAX00,0,-105,-105
2020,6,MIN,ATL,7,7,0,dome,sportturf,,,Sunday,13:00,Home,Kirk Cousins,Matt Ryan,Craig Wrolstad,MIN01,0,-108,-102
2020,6,NE,DEN,13,17,0,outdoors,grass,58,7,Sunday,13:00,Home,Cam Newton,Drew Lock,Scott Novak,BOS00,0,-107,-103
2020,6,NYG,WAS,7,7,1,outdoors,fieldturf,62,0,Sunday,13:00,Home,Daniel Jones,Kyle Allen,Brad Allen,NYC01,0,-107,-103
2020,6,PHI,BAL,7,7,0,outdoors,grass,61,7,Sunday,13:00,Home,Carson Wentz,Lamar Jackson,Shawn Smith,PHI00,0,-119,108
2020,6,PIT,CLE,7,7,1,outdoors,grass,61,9,Sunday,13:00,Home,Ben Roethlisberger,Baker Mayfield,John Hussey,PIT00,0,-108,-102
2020,6,TEN,HOU,5,7,1,outdoors,grass,61,10,Sunday,13:00,Home,Ryan Tannehill,Deshaun Watson,Alex Kemp,NAS00,1,100,-110
2020,6,DAL,ARI,8,8,0,closed,fieldturf,,,Monday,20:15,Home,Andy Dalton,Kyler Murray,Clete Blakeman,DAL00,0,-106,-104
2020,6,BUF,KC,6,8,0,outdoors,astroturf,51,6,Monday,17:00,Home,Josh Allen,Patrick Mahomes,Ronald Torbert,BUF00,0,-106,-104
2020,7,PHI,NYG,4,4,1,outdoors,grass,70,4,Thursday,20:20,Home,Carson Wentz,Daniel Jones,Adrian Hill,PHI00,0,-101,-109
2020,7,LV,TB,14,7,0,dome,grass,,,Sunday,16:05,Home,Derek Carr,Tom Brady,Scott Novak,VEG00,0,-102,-108
2020,7,LAC,JAX,13,7,0,dome,matrixturf,,,Sunday,16:25,Home,Justin Herbert,Gardner Minshew II,Clete Blakeman,LAX01,0,-102,-108
2020,7,DEN,KC,7,6,1,outdoors,grass,14,11,Sunday,16:25,Home,Drew Lock,Patrick Mahomes,Brad Rogers,DEN00,0,-113,103
2020,7,NE,SF,7,7,0,outdoors,grass,49,7,Sunday,16:25,Home,Cam Newton,Jimmy Garoppolo,Shawn Smith,BOS00,0,-113,102
2020,7,ARI,SEA,6,14,1,closed,grass,,,Sunday,20:20,Home,Kyler Murray,Russell Wilson,John Hussey,PHO00,1,-108,-102
2020,7,ATL,DET,7,7,0,closed,fieldturf,,,Sunday,13:00,Home,Matt Ryan,Matthew Stafford,Land Clark,ATL97,0,-104,-106
2020,7,CIN,CLE,7,7,1,outdoors,grass,48,8,Sunday,13:00,Home,Joe Burrow,Baker Mayfield,Tony Corrente,CIN00,0,-114,103
2020,7,HOU,GB,7,7,0,closed,grass,,,Sunday,13:00,Home,Deshaun Watson,Aaron Rodgers,Clay Martin,HOU00,0,102,-113
2020,7,NO,CAR,13,7,1,dome,astroturf,,,Sunday,13:00,Home,Drew Brees,Teddy Bridgewater,Craig Wrolstad,NOR00,0,-103,-107
2020,7,TEN,PIT,7,7,0,outdoors,grass,55,3,Sunday,13:00,Home,Ryan Tannehill,Ben Roethlisberger,Shawn Hochuli,NAS00,0,-108,-102
2020,7,NYJ,BUF,7,6,1,outdoors,fieldturf,52,8,Sunday,13:00,Home,Sam Darnold,Josh Allen,Carl Cheffers,NYC01,0,-111,101
2020,7,WAS,DAL,7,6,1,outdoors,grass,46,5,Sunday,13:00,Home,Kyle Allen,Andy Dalton,Ronald Torbert,WAS00,0,-107,-103
2020,7,LA,CHI,8,8,0,dome,matrixturf,,,Monday,20:15,Home,Jared Goff,Nick Foles,Bill Vinovich,LAX01,0,-112,101
2020,8,CAR,ATL,4,4,1,outdoors,grass,76,8,Thursday,20:20,Home,Teddy Bridgewater,Matt Ryan,Shawn Hochuli,CAR00,0,-102,-109
2020,8,PHI,DAL,10,7,1,outdoors,grass,49,17,Sunday,20:20,Home,Carson Wentz,Ben DiNucci,Jerome Boger,PHI00,0,-110,-100
2020,8,CHI,NO,6,7,0,outdoors,grass,40,20,Sunday,16:25,Home,Nick Foles,Drew Brees,Tony Corrente,CHI98,1,-110,100
2020,8,SEA,SF,7,7,1,outdoors,fieldturf,55,4,Sunday,16:25,Home,Russell Wilson,Jimmy Garoppolo,Craig Wrolstad,SEA00,0,-102,-108
2020,8,DEN,LAC,7,7,1,outdoors,grass,64,10,Sunday,16:05,Home,Drew Lock,Justin Herbert,Carl Cheffers,DEN00,0,-114,103
2020,8,BAL,PIT,14,7,1,outdoors,grass,52,7,Sunday,13:00,Home,Lamar Jackson,Ben Roethlisberger,Brad Allen,BAL00,0,-102,-109
2020,8,BUF,NE,7,7,1,outdoors,astroturf,41,17,Sunday,13:00,Home,Josh Allen,Cam Newton,Clete Blakeman,BUF00,0,-105,-105
2020,8,CIN,TEN,7,7,0,outdoors,grass,48,24,Sunday,13:00,Home,Joe Burrow,Ryan Tannehill,Scott Novak,CIN00,0,-118,107
2020,8,CLE,LV,7,7,0,outdoors,grass,49,35,Sunday,13:00,Home,Baker Mayfield,Derek Carr,Bill Vinovich,CLE00,0,-123,111
2020,8,DET,IND,7,14,0,dome,fieldturf,,,Sunday,13:00,Home,Matthew Stafford,Philip Rivers,Clay Martin,DET00,0,-107,-103
2020,8,GB,MIN,7,14,1,outdoors,grass,34,23,Sunday,13:00,Home,Aaron Rodgers,Kirk Cousins,Alex Kemp,GNB00,0,-109,-101
2020,8,KC,NYJ,7,7,0,outdoors,astroturf,52,11,Sunday,13:00,Home,Patrick Mahomes,Sam Darnold,Land Clark,KAN00,0,-108,-102
2020,8,MIA,LA,14,6,0,outdoors,grass,86,10,Sunday,13:00,Home,Tua Tagovailoa,Jared Goff,John Hussey,MIA00,0,-111,101
2020,8,NYG,TB,11,8,0,outdoors,fieldturf,39,8,Monday,20:15,Home,Daniel Jones,Tom Brady,Brad Rogers,NYC01,0,-115,105
2020,9,SF,GB,4,4,0,outdoors,grass,78,5,Thursday,20:20,Home,Nick Mullens,Aaron Rodgers,Bill Vinovich,SFO01,0,-110,100
2020,9,TB,NO,6,7,1,outdoors,grass,77,17,Sunday,20:20,Home,Tom Brady,Drew Brees,John Hussey,TAM00,0,-118,107
2020,9,ARI,MIA,14,7,0,closed,grass,,,Sunday,16:25,Home,Kyler Murray,Tua Tagovailoa,Carl Cheffers,PHO00,0,102,-112
2020,9,DAL,PIT,7,7,0,closed,fieldturf,,,Sunday,16:25,Home,Garrett Gilbert,Ben Roethlisberger,Tony Corrente,DAL00,0,-110,-100
2020,9,LAC,LV,7,7,1,dome,matrixturf,,,Sunday,16:05,Home,Justin Herbert,Derek Carr,Brad Rogers,LAX01,0,-105,-105
2020,9,ATL,DEN,10,7,0,closed,fieldturf,,,Sunday,13:00,Home,Matt Ryan,Drew Lock,Jerome Boger,ATL97,0,-102,-108
2020,9,BUF,SEA,7,7,0,outdoors,astroturf,69,4,Sunday,13:00,Home,Josh Allen,Russell Wilson,Shawn Smith,BUF00,0,-101,-109
2020,9,IND,BAL,7,7,0,closed,fieldturf,,,Sunday,13:00,Home,Philip Rivers,Lamar Jackson,Adrian Hill,IND00,0,102,-113
2020,9,JAX,HOU,14,14,1,outdoors,grass,79,14,Sunday,13:00,Home,Jake Luton,Deshaun Watson,Brad Allen,JAX00,0,-117,106
2020,9,KC,CAR,7,10,0,outdoors,astroturf,71,19,Sunday,13:00,Home,Patrick Mahomes,Teddy Bridgewater,Clay Martin,KAN00,0,-104,-106
2020,9,MIN,DET,7,7,1,dome,sportturf,,,Sunday,13:00,Home,Kirk Cousins,Matthew Stafford,Clete Blakeman,MIN01,0,-117,106
2020,9,TEN,CHI,7,7,0,outdoors,grass,77,14,Sunday,13:00,Home,Ryan Tannehill,Nick Foles,Ronald Torbert,NAS00,0,-103,-107
2020,9,WAS,NYG,14,6,1,outdoors,grass,75,1,Sunday,13:00,Home,Kyle Allen,Daniel Jones,Shawn Hochuli,WAS00,0,-105,-105
2020,9,NYJ,NE,8,8,1,outdoors,fieldturf,61,2,Monday,20:15,Home,Joe Flacco,Cam Newton,Alex Kemp,NYC01,0,-113,102
2021,1,TB,DAL,7,7,0,outdoors,grass ,82,9,Thursday,20:20,Home,Tom Brady,Dak Prescott,Shawn Hochuli,TAM00,0,110,-121
2021,1,LA,CHI,7,7,0,dome,matrixturf,,,Sunday,20:20,Home,Matthew Stafford,Andy Dalton,Brad Allen,LAX01,0,-102,-108
2021,1,KC,CLE,7,7,0,outdoors,grass ,88,8,Sunday,16:25,Home,Patrick Mahomes,Baker Mayfield,Bill Vinovich,KAN00,0,-110,-101
2021,1,NE,MIA,7,7,1,outdoors,fieldturf,81,15,Sunday,16:25,Home,Mac Jones,Tua Tagovailoa,Clete Blakeman,BOS00,0,102,-113
2021,1,NO,GB,7,7,0,outdoors,grass ,86,9,Sunday,16:25,Neutral,Jameis Winston,Aaron Rodgers,Carl Cheffers,JAX00,0,-114,103
2021,1,NYG,DEN,7,7,0,outdoors,fieldturf,82,19,Sunday,16:25,Home,Daniel Jones,Teddy Bridgewater,Ron Torbert,NYC01,0,-120,109
2021,1,ATL,PHI,7,7,0,open,fieldturf,,,Sunday,13:00,Home,Matt Ryan,Jalen Hurts,Scott Novak,ATL97,0,-101,-109
2021,1,BUF,PIT,7,7,0,outdoors,a_turf,73,17,Sunday,13:00,Home,Josh Allen,Ben Roethlisberger,John Hussey,BUF00,0,-100,-110
2021,1,CAR,NYJ,7,7,0,outdoors,grass ,81,0,Sunday,13:00,Home,Sam Darnold,Zach Wilson,Clay Martin,CAR00,0,-102,-108
2021,1,CIN,MIN,7,7,0,outdoors,fieldturf,81,15,Sunday,13:00,Home,Joe Burrow,Kirk Cousins,Adrian Hill,CIN00,1,-120,109
2021,1,DET,SF,7,7,0,dome,fieldturf,,,Sunday,13:00,Home,Jared Goff,Jimmy Garoppolo,Brad Rogers,DET00,0,-105,-105
2021,1,HOU,JAX,7,7,1,closed,astroturf,,,Sunday,13:00,Home,Tyrod Taylor,Trevor Lawrence,Land Clark,HOU00,0,-113,103
2021,1,IND,SEA,7,7,0,closed,fieldturf,,,Sunday,13:00,Home,Carson Wentz,Russell Wilson,Tony Corrente,IND00,0,-117,106
2021,1,TEN,ARI,7,7,0,outdoors,grass ,82,8,Sunday,13:00,Home,Ryan Tannehill,Kyler Murray,Jerome Boger,NAS00,0,-116,105
2021,1,WAS,LAC,7,7,0,outdoors,grass ,81,4,Sunday,13:00,Home,Ryan Fitzpatrick,Justin Herbert,Alex Kemp,WAS00,0,-101,-109
2021,1,LV,BAL,7,7,0,dome,grass,,,Monday,20:15,Home,Derek Carr,Lamar Jackson,Shawn Smith,VEG00,1,105,-116
2021,10,MIA,BAL,4,4,0,outdoors,grass ,77,4,Thursday,20:20,Home,Jacoby Brissett,Lamar Jackson,Ron Torbert,MIA00,0,-104,-106
2021,10,LV,KC,7,7,1,dome,grass,,,Sunday,20:20,Home,Derek Carr,Patrick Mahomes,Bill Vinovich,VEG00,0,111,-123
2021,10,DEN,PHI,7,7,0,outdoors,grass ,57,19,Sunday,16:25,Home,Teddy Bridgewater,Jalen Hurts,Shawn Hochuli,DEN00,0,-102,-108
2021,10,GB,SEA,7,14,0,outdoors,grass ,35,11,Sunday,16:25,Home,Aaron Rodgers,Russell Wilson,Brad Allen,GNB00,0,-115,104
2021,10,ARI,CAR,7,7,0,closed,grass ,,,Sunday,16:05,Home,Colt McCoy,Phillip Walker,Adrian Hill,PHO00,0,-107,-103
2021,10,LAC,MIN,7,7,0,dome,matrixturf,,,Sunday,16:05,Home,Justin Herbert,Kirk Cousins,Clay Martin,LAX01,0,-123,111
2021,10,DAL,ATL,7,7,0,closed,matrixturf,,,Sunday,13:00,Home,Dak Prescott,Matt Ryan,Craig Wrolstad,DAL00,0,-105,-105
2021,10,IND,JAX,10,7,1,closed,fieldturf,,,Sunday,13:00,Home,Carson Wentz,Trevor Lawrence,Tony Corrente,IND00,0,104,-115
2021,10,NE,CLE,7,7,0,outdoors,fieldturf,48,6,Sunday,13:00,Home,Mac Jones,Baker Mayfield,John Hussey,BOS00,0,-106,-104
2021,10,NYJ,BUF,10,7,1,outdoors,fieldturf,47,4,Sunday,13:00,Home,Mike White,Josh Allen,Scott Novak,NYC01,0,-111,101
2021,10,PIT,DET,6,14,0,outdoors,grass ,37,12,Sunday,13:00,Home,Mason Rudolph,Jared Goff,Land Clark,PIT00,1,110,-121
2021,10,TEN,NO,7,7,0,outdoors,grass ,53,12,Sunday,13:00,Home,Ryan Tannehill,Trevor Siemian,Jerome Boger,NAS00,0,103,-114
2021,10,WAS,TB,14,14,0,outdoors,grass ,47,8,Sunday,13:00,Home,Taylor Heinicke,Tom Brady,Brad Rogers,WAS00,0,-117,106
2021,10,SF,LA,8,8,1,outdoors,grass,59,0,Monday,20:15,Home,Jimmy Garoppolo,Matthew Stafford,Shawn Smith,SFO01,0,-110,-100
2021,11,ATL,NE,4,4,0,closed,fieldturf,,,Thursday,20:20,Home,Matt Ryan,Mac Jones,Land Clark,ATL97,0,101,-111
2021,11,LAC,PIT,7,7,0,dome,matrixturf,,,Sunday,20:20,Home,Justin Herbert,Ben Roethlisberger,Carl Cheffers,LAX01,0,-114,103
2021,11,KC,DAL,7,7,0,outdoors,grass ,57,17,Sunday,16:25,Home,Patrick Mahomes,Dak Prescott,John Hussey,KAN00,0,-110,-101
2021,11,SEA,ARI,7,7,1,outdoors,fieldturf,46,0,Sunday,16:25,Home,Russell Wilson,Colt McCoy,Clete Blakeman,SEA00,0,-122,111
2021,11,LV,CIN,7,14,0,dome,grass,,,Sunday,16:05,Home,Derek Carr,Joe Burrow,Jerome Boger,VEG00,0,105,-115
2021,11,BUF,IND,7,7,0,outdoors,a_turf,49,12,Sunday,13:00,Home,Josh Allen,Carson Wentz,Brad Rogers,BUF00,0,105,-116
2021,11,CAR,WAS,7,7,0,outdoors,grass ,54,0,Sunday,13:00,Home,Cam Newton,Taylor Heinicke,Bill Vinovich,CAR00,0,103,-114
2021,11,CHI,BAL,13,10,0,outdoors,grass ,46,9,Sunday,13:00,Home,Justin Fields,Tyler Huntley,Shawn Smith,CHI98,0,-107,-103
2021,11,CLE,DET,7,7,0,outdoors,grass ,42,7,Sunday,13:00,Home,Baker Mayfield,Tim Boyle,Clay Martin,CLE00,0,-104,-106
2021,11,JAX,SF,7,6,0,outdoors,grass ,68,17,Sunday,13:00,Home,Trevor Lawrence,Jimmy Garoppolo,Ron Torbert,JAX00,0,-104,-106
2021,11,MIN,GB,7,7,1,dome,sportturf,,,Sunday,13:00,Home,Kirk Cousins,Aaron Rodgers,Shawn Hochuli,MIN01,0,-105,-105
2021,11,NYJ,MIA,7,10,1,outdoors,fieldturf,52,4,Sunday,13:00,Home,Joe Flacco,Tua Tagovailoa,Alex Kemp,NYC01,0,-107,-103
2021,11,PHI,NO,7,7,0,outdoors,grass ,51,4,Sunday,13:00,Home,Jalen Hurts,Trevor Siemian,Scott Novak,PHI00,0,-117,106
2021,11,TEN,HOU,7,14,1,outdoors,grass ,59,8,Sunday,13:00,Home,Ryan Tannehill,Tyrod Taylor,Tony Corrente,NAS00,0,-100,-110
2021,11,TB,NYG,8,15,0,outdoors,grass ,68,6,Monday,20:15,Home,Tom Brady,Daniel Jones,Craig Wrolstad,TAM00,0,102,-113
2021,12,NO,BUF,4,4,0,dome,sportturf,,,Thursday,20:20,Home,Trevor Siemian,Josh Allen,Brad Allen,NOR00,0,-112,100
2021,12,DAL,LV,4,4,0,closed,matrixturf,,,Thursday,16:30,Home,Dak Prescott,Derek Carr,Shawn Hochuli,DAL00,0,-105,-106
2021,12,DET,CHI,4,4,1,dome,fieldturf,,,Thursday,12:30,Home,Jared Goff,Andy Dalton,Adrian Hill,DET00,0,-104,-107
2021,12,BAL,CLE,7,7,1,outdoors,grass,43,0,Sunday,20:20,Home,Lamar Jackson,Baker Mayfield,Jerome Boger,BAL00,0,-102,-110
2021,12,GB,LA,7,13,0,outdoors,grass ,37,14,Sunday,16:25,Home,Aaron Rodgers,Matthew Stafford,Craig Wrolstad,GNB00,0,-110,-100
2021,12,SF,MIN,7,7,0,outdoors,grass,68,7,Sunday,16:25,Home,Jimmy Garoppolo,Kirk Cousins,Brad Rogers,SFO01,0,-102,-108
2021,12,DEN,LAC,14,7,1,outdoors,grass ,62,0,Sunday,16:05,Home,Teddy Bridgewater,Justin Herbert,Land Clark,DEN00,0,103,-114
2021,12,CIN,PIT,7,7,1,outdoors,fieldturf,43,12,Sunday,13:00,Home,Joe Burrow,Ben Roethlisberger,Bill Vinovich,CIN00,0,-100,-111
2021,12,HOU,NYJ,7,7,0,closed,astroturf,,,Sunday,13:00,Home,Tyrod Taylor,Zach Wilson,Clete Blakeman,HOU00,0,111,-124
2021,12,IND,TB,7,6,0,closed,fieldturf,,,Sunday,13:00,Home,Carson Wentz,Tom Brady,Shawn Smith,IND00,0,-112,101
2021,12,JAX,ATL,7,10,0,outdoors,grass ,61,4,Sunday,13:00,Home,Trevor Lawrence,Matt Ryan,Carl Cheffers,JAX00,0,-108,-102
2021,12,MIA,CAR,7,7,0,outdoors,grass ,74,4,Sunday,13:00,Home,Tua Tagovailoa,Cam Newton,John Hussey,MIA00,0,-101,-110
2021,12,NE,TEN,10,7,0,outdoors,fieldturf,33,6,Sunday,13:00,Home,Mac Jones,Ryan Tannehill,Alex Kemp,BOS00,0,106,-118
2021,12,NYG,PHI,6,7,1,outdoors,fieldturf,39,4,Sunday,13:00,Home,Daniel Jones,Jalen Hurts,Ron Torbert,NYC01,0,-110,100
2021,12,WAS,SEA,8,8,0,outdoors,grass ,41,9,Monday,20:15,Home,Taylor Heinicke,Russell Wilson,Clay Martin,WAS00,0,108,-121
2021,13,NO,DAL,7,7,0,dome,sportturf,,,Thursday,20:20,Home,Taysom Hill,Dak Prescott,Brad Rogers,NOR00,0,100,-110
2021,13,KC,DEN,14,7,1,outdoors,grass ,58,22,Sunday,20:20,Home,Patrick Mahomes,Teddy Bridgewater,Carl Cheffers,KAN00,0,-105,-106
2021,13,LA,JAX,7,7,0,dome,matrixturf,,,Sunday,16:05,Home,Matthew Stafford,Trevor Lawrence,Clete Blakeman,LAX01,0,-108,-103
2021,13,PIT,BAL,7,7,1,outdoors,grass ,50,7,Sunday,16:25,Home,Ben Roethlisberger,Lamar Jackson,Scott Novak,PIT00,0,-107,-104
2021,13,SEA,SF,6,7,1,outdoors,fieldturf,41,4,Sunday,16:25,Home,Russell Wilson,Jimmy Garoppolo,Alex Kemp,SEA00,0,-120,108
2021,13,LV,WAS,10,6,0,dome,grass,,,Sunday,16:05,Home,Derek Carr,Taylor Heinicke,Adrian Hill,VEG00,0,-121,108
2021,13,ATL,TB,7,7,1,closed,fieldturf,,,Sunday,13:00,Home,Matt Ryan,Tom Brady,Tony Corrente,ATL97,0,-108,-103
2021,13,CHI,ARI,10,14,0,outdoors,grass ,34,8,Sunday,13:00,Home,Andy Dalton,Taysom Kyler Murray,Jerome Boger,CHI98,0,104,-116
2021,13,CIN,LAC,7,7,0,outdoors,fieldturf,48,11,Sunday,13:00,Home,Joe Burrow,Justin Herbert,Shawn Hochuli,CIN00,0,-116,104
2021,13,DET,MIN,10,7,1,dome,fieldturf,,,Sunday,13:00,Home,Jared Goff,Kirk Cousins,Craig Wrolstad,DET00,0,-107,-104
2021,13,HOU,IND,7,7,1,closed,astroturf,,,Sunday,13:00,Home,Tyrod Taylor,Carson Wentz,Ron Torbert,HOU00,0,-106,-105
2021,13,MIA,NYG,7,7,0,outdoors,grass ,80,11,Sunday,13:00,Home,Tua Tagovailoa,Mike Glennon,Brad Allen,MIA00,0,-120,108
2021,13,NYJ,PHI,7,7,0,outdoors,fieldturf,45,0,Sunday,13:00,Home,Zach Wilson,Gardner Minshew,Clay Martin,NYC01,0,-113,102
2021,13,BUF,NE,11,8,1,outdoors,a_turf,36,27,Monday,20:15,Home,Josh Allen,Mac Jones,Bill Vinovich,BUF00,0,104,-116
2021,14,MIN,PIT,4,4,0,dome,sportturf,,,Thursday,20:20,Home,Kirk Cousins,Ben Roethlisberger,Clete Blakeman,MIN01,0,105,-117
2021,14,GB,CHI,14,7,1,outdoors,grass ,36,8,Sunday,20:20,Home,Aaron Rodgers,Justin Fields,Ron Torbert,GNB00,0,-109,-102
2021,14,CIN,SF,7,7,0,outdoors,fieldturf,48,9,Sunday,16:25,Home,Joe Burrow,Jimmy Garoppolo,Craig Wrolstad,CIN00,1,-108,-103
2021,14,TB,BUF,7,6,0,outdoors,grass ,82,4,Sunday,16:25,Home,Tom Brady,Josh Allen,Scott Novak,TAM00,1,-105,-106
2021,14,DEN,DET,7,7,0,outdoors,grass ,63,8,Sunday,16:05,Home,Teddy Bridgewater,Jared Goff,John Hussey,DEN00,0,-102,-109
2021,14,LAC,NYG,7,7,0,dome,matrixturf,,,Sunday,16:05,Home,Justin Herbert,Mike Glennon,Tony Corrente,LAX01,0,106,-118
2021,14,CAR,ATL,14,7,1,outdoors,grass ,48,9,Sunday,13:00,Home,Cam Newton,Matt Ryan,Shawn Smith,CAR00,0,-107,-104
2021,14,CLE,BAL,14,7,1,outdoors,grass ,46,14,Sunday,13:00,Home,Baker Mayfield,Lamar Jackson,Brad Rogers,CLE00,0,-107,-104
2021,14,HOU,SEA,7,7,0,open,astroturf,,,Sunday,13:00,Home,Davis Mills,Russell Wilson,Adrian Hill,HOU00,0,-116,104
2021,14,KC,LV,7,7,1,outdoors,grass ,47,19,Sunday,13:00,Home,Patrick Mahomes,Derek Carr,Brad Allen,KAN00,0,-103,-108
2021,14,NYJ,NO,7,10,0,outdoors,fieldturf,46,13,Sunday,13:00,Home,Zach Wilson,Taysom Hill,Land Clark,NYC01,0,-114,103
2021,14,TEN,JAX,14,7,1,outdoors,grass ,45,0,Sunday,13:00,Home,Ryan Tannehill,Trevor Lawrence,Bill Vinovich,NAS00,0,-103,-108
2021,14,WAS,DAL,7,10,1,outdoors,grass ,48,17,Sunday,13:00,Home,Taylor Heinicke,Dak Prescott,Alex Kemp,WAS00,0,103,-115
2021,14,ARI,LA,8,8,1,open,grass ,,,Monday,20:15,Home,Kyler Murray,Matthew Stafford,Carl Cheffers,PHO00,0,-116,104
2021,15,LAC,KC,4,4,1,dome,matrixturf,,,Thursday,20:20,Home,Justin Herbert,Patrick Mahomes,Shawn Smith,LAX01,1,105,-117
2021,15,IND,NE,14,13,0,closed,fieldturf,,,Saturday,20:20,Home,Carson Wentz,Mac Jones,,IND00,0,-110,-101
2021,15,TB,NO,7,7,1,outdoors,grass,75,0,Sunday,20:20,Home,Tom Brady,Taysom Hill,John Hussey,TAM00,0,-110,-101
2021,15,BAL,GB,7,7,0,outdoors,grass,43,11,Sunday,16:25,Home,Tyler Huntley,Aaron Rodgers,Brad Allen,BAL00,0,-116,104
2021,15,DEN,CIN,7,7,0,outdoors,grass,61,19,Sunday,16:05,Home,Teddy Bridgewater,Joe Burrow,Adrian Hill,DEN00,0,-101,-110
2021,15,SF,ATL,7,7,0,outdoors,grass,46,0,Sunday,16:05,Home,Jimmy Garoppolo,Matt Ryan,Clay Martin,SFO01,0,102,-114
2021,15,BUF,CAR,7,7,0,outdoors,a_turf,30,8,Sunday,13:00,Home,Josh Allen,Cam Newton,Clete Blakeman,BUF00,0,-114,102
2021,15,DET,ARI,7,6,0,dome,fieldturf,,,Sunday,13:00,Home,Jared Goff,Kyler Murray,Land Clark,DET00,0,-109,-102
2021,15,JAX,HOU,7,7,1,outdoors,grass,80,12,Sunday,13:00,Home,Trevor Lawrence,Davis Mills,Alex Kemp,JAX00,0,-101,-111
2021,15,MIA,NYJ,14,7,1,outdoors,grass,82,9,Sunday,13:00,Home,Tua Tagovailoa,Zach Wilson,Ron Torbert,MIA00,0,102,-114
2021,15,NYG,DAL,7,7,1,outdoors,fieldturf,37,8,Sunday,13:00,Home,Mike Glennon,Dak Prescott,Jerome Boger,NYC01,0,108,-120
2021,15,PIT,TEN,10,7,0,outdoors,grass,32,11,Sunday,13:00,Home,Ben Roethlisberger,Ryan Tannehill,Brad Rogers,PIT00,0,-114,102
2021,15,CHI,MIN,8,11,1,outdoors,grass,37,8,Monday,20:15,Home,Justin Fields,Kirk Cousins,Scott Novak,CHI98,0,102,-114
2021,15,CLE,LV,7,7,0,outdoors,grass,40,8,Monday,17:00,Home,Nick Mullens,Derek Carr,Craig Wrolstad,CLE00,0,-109,-102
2021,15,LA,SEA,6,7,1,dome,matrixturf,,,Tuesday,19:00,Home,Matthew Stafford,Russell Wilson,Shawn Hochuli,LAX01,0,108,-120
2021,15,PHI,WAS,14,7,1,outdoors,grass,42,7,Tuesday,19:00,Home,Jalen Hurts,Garrett Gilbert,Tony Corrente,PHI00,0,-110,-101
2021,16,TEN,SF,4,4,0,outdoors,grass,48,7,Thursday,20:20,Home,Ryan Tannehill,Jimmy Garoppolo,Shawn Hochuli,NAS00,0,-120,108
2021,16,ARI,IND,6,6,0,closed,grass,,,Saturday,20:15,Home,Kyler Murray,Carson Wentz,Craig Wrolstad,PHO00,0,-114,102
2021,16,GB,CLE,6,6,0,outdoors,grass,35,11,Saturday,16:30,Home,Aaron Rodgers,Baker Mayfield,Alex Kemp,GNB00,0,-112,101
2021,16,DAL,WAS,7,7,1,closed,matrixturf,,,Sunday,20:20,Home,Dak Prescott,Taylor Heinicke,Bill Vinovich,DAL00,0,101,-113
2021,16,KC,PIT,10,7,0,outdoors,grass,60,22,Sunday,16:25,Home,Patrick Mahomes,Ben Roethlisberger,Jerome Boger,KAN00,0,102,-114
2021,16,LV,DEN,7,7,1,dome,grass,,,Sunday,16:25,Home,Derek Carr,Drew Lock,Scott Novak,VEG00,0,-110,-101
2021,16,SEA,CHI,7,6,0,outdoors,fieldturf,25,11,Sunday,16:05,Home,Russell Wilson,Nick Foles,Carl Cheffers,SEA00,0,-108,-103
2021,16,ATL,DET,7,7,0,open,fieldturf,,,Sunday,13:00,Home,Matt Ryan,Tim Boyle,Ron Torbert,ATL97,0,-105,-106
2021,16,CAR,TB,7,7,1,outdoors,grass,73,8,Sunday,13:00,Home,Sam Darnold,Tom Brady,Brad Allen,CAR00,0,-117,105
2021,16,CIN,BAL,7,7,1,outdoors,fieldturf,52,0,Sunday,13:00,Home,Joe Burrow,Josh Johnson,Clete Blakeman,CIN00,0,-109,-102
2021,16,HOU,LAC,7,10,0,closed,astroturf,,,Sunday,13:00,Home,Davis Mills,Justin Herbert,Clay Martin,HOU00,0,-114,102
2021,16,MIN,LA,6,7,0,dome,sportturf,,,Sunday,13:00,Home,Kirk Cousins,Matthew Stafford,John Hussey,MIN01,0,-108,-103
2021,16,NE,BUF,7,7,1,outdoors,fieldturf,38,13,Sunday,13:00,Home,Mac Jones,Josh Allen,Shawn Smith,BOS00,0,-105,-106
2021,16,NYJ,JAX,7,7,0,outdoors,fieldturf,47,0,Sunday,13:00,Home,Zach Wilson,Trevor Lawrence,Tony Corrente,NYC01,0,100,-111
2021,16,PHI,NYG,7,7,1,outdoors,grass,53,9,Sunday,13:00,Home,Jalen Hurts,Jake Fromm,Land Clark,PHI00,0,-103,-108
2021,16,NO,MIA,8,8,0,dome,sportturf,,,Monday,20:15,Home,Ian Book,Tua Tagovailoa,Adrian Hill,NOR00,0,-101,-110
2021,17,GB,MIN,8,7,1,outdoors,grass,11,9,Sunday,20:20,Home,Aaron Rodgers,Sean Mannion,Clay Martin,GNB00,0,105,-116
2021,17,BAL,LA,7,7,0,outdoors,grass,59,6,Sunday,13:00,Home,Tyler Huntley,Matthew Stafford,Bill Vinovich,BAL00,0,-101,-110
2021,17,DAL,ARI,7,8,0,closed,matrixturf,,,Sunday,16:25,Home,Dak Prescott,Kyler Murray,Scott Novak,DAL00,0,-108,-103
2021,17,SEA,DET,7,7,0,outdoors,fieldturf,37,0,Sunday,16:25,Home,Russell Wilson,Tim Boyle,Tony Corrente,SEA00,0,-114,103
2021,17,LAC,DEN,7,7,1,dome,matrixturf,,,Sunday,16:05,Home,Justin Herbert,Drew Lock,Craig Wrolstad,LAX01,0,105,-117
2021,17,SF,HOU,10,7,0,outdoors,grass,50,6,Sunday,16:05,Home,Trey Lance,Davis Mills,Carl Cheffers,SFO01,0,101,-113
2021,17,BUF,ATL,7,7,0,outdoors,a_turf,26,11,Sunday,13:00,Home,Josh Allen,Matt Ryan,Land Clark,BUF00,0,-111,-101
2021,17,CHI,NYG,7,7,0,outdoors,grass,25,13,Sunday,13:00,Home,Andy Dalton,Mike Glennon,Shawn Hochuli,CHI98,0,104,-115
2021,17,CIN,KC,7,7,0,outdoors,fieldturf,33,13,Sunday,13:00,Home,Joe Burrow,Patrick Mahomes,John Hussey,CIN00,0,-108,-103
2021,17,IND,LV,8,7,0,closed,fieldturf,,,Sunday,13:00,Home,Carson Wentz,Derek Carr,Brad Rogers,IND00,0,-112,100
2021,17,NE,JAX,7,7,0,outdoors,fieldturf,46,4,Sunday,13:00,Home,Mac Jones,Trevor Lawrence,Adrian Hill,BOS00,0,-102,-109
2021,17,NO,CAR,6,7,1,dome,sportturf,,,Sunday,16:25,Home,Taysom Hill,Sam Darnold,Jerome Boger,NOR00,0,-101,-110
2021,17,NYJ,TB,7,7,0,outdoors,fieldturf,57,9,Sunday,13:00,Home,Zach Wilson,Tom Brady,Alex Kemp,NYC01,0,-110,-101
2021,17,TEN,MIA,10,6,0,outdoors,grass,43,13,Sunday,13:00,Home,Ryan Tannehill,Tua Tagovailoa,Shawn Smith,NAS00,0,-118,106
2021,17,WAS,PHI,7,7,1,outdoors,grass,62,4,Sunday,13:00,Home,Taylor Heinicke,Jalen Hurts,Clete Blakeman,WAS00,0,-115,103
2021,17,PIT,CLE,8,9,1,outdoors,grass,25,12,Monday,20:15,Home,Ben Roethlisberger,Baker Mayfield,Brad Allen,PIT00,0,-101,-110
2021,18,PHI,DAL,7,7,1,outdoors,grass,31,8,Saturday,20:15,Home,Gardner Minshew,Dak Prescott,Ron Torbert,PHI00,0,-110,-110
2021,18,DEN,KC,7,7,1,outdoors,grass,41,4,Saturday,16:30,Home,Drew Lock,Patrick Mahomes,Brad Rogers,DEN00,0,-110,-110
2021,18,LV,LAC,7,7,1,dome,grass,,,Sunday,20:20,Home,Derek Carr,Justin Herbert,Clete Blakeman,VEG00,1,-110,-110
2021,18,ARI,SEA,7,7,1,open,grass,,,Sunday,16:25,Home,Kyler Murray,Russell Wilson,Shawn Smith,PHO00,0,-110,-110
2021,18,LA,SF,7,7,1,dome,matrixturf,,,Sunday,16:25,Home,Matthew Stafford,Jimmy Garoppolo,Jerome Boger,LAX01,1,-115,-105
2021,18,ATL,NO,7,7,1,closed,fieldturf,,,Sunday,16:25,Home,Matt Ryan,Taysom Hill,Craig Wrolstad,ATL97,0,-100,-111
2021,18,BAL,PIT,7,6,1,outdoors,grass,36,0,Sunday,13:00,Home,Tyler Huntley,Ben Roethlisberger,Shawn Hochuli,BAL00,1,-110,-110
2021,18,BUF,NYJ,7,7,1,outdoors,a_turf,36,19,Sunday,16:25,Home,Josh Allen,Zach Wilson,John Hussey,BUF00,0,-110,-110
2021,18,CLE,CIN,6,7,1,outdoors,grass,38,22,Sunday,13:00,Home,Case Keenum,Brandon Allen,Bill Vinovich,CLE00,0,-110,-110
2021,18,DET,GB,7,7,1,dome,fieldturf,,,Sunday,13:00,Home,Jared Goff,Aaron Rodgers,Scott Novak,DET00,0,-110,-110
2021,18,HOU,TEN,7,7,1,closed,astroturf,,,Sunday,13:00,Home,Davis Mills,Ryan Tannehill,Land Clark,HOU00,0,-115,-105
2021,18,JAX,IND,7,7,1,outdoors,grass,76,19,Sunday,13:00,Home,Trevor Lawrence,Carson Wentz,Clay Martin,JAX00,0,-110,-110
2021,18,MIA,NE,7,7,1,outdoors,grass,75,8,Sunday,16:25,Home,Tua Tagovailoa,Mac Jones,Alex Kemp,MIA00,0,-110,-110
2021,18,MIN,CHI,7,7,1,dome,sportturf,,,Sunday,13:00,Home,Kirk Cousins,Andy Dalton,Brad Allen,MIN01,0,-110,-110
2021,18,NYG,WAS,7,7,1,outdoors,fieldturf,38,0,Sunday,13:00,Home,Jake Fromm,Taylor Heinicke,Adrian Hill,NYC01,0,-109,-102
2021,18,TB,CAR,7,7,1,outdoors,grass,80,4,Sunday,16:25,Home,Tom Brady,Sam Darnold,Tony Corrente,TAM00,0,-110,-110
2021,2,WAS,NYG,4,4,1,outdoors,grass ,71,0,Thursday,20:20,Home,Taylor Heinicke,Daniel Jones,Scott Novak,WAS00,0,-107,-103
2021,2,BAL,KC,6,7,0,outdoors,grass,82,8,Sunday,20:20,Home,Lamar Jackson,Patrick Mahomes,Clete Blakeman,BAL00,0,-118,107
2021,2,LAC,DAL,7,10,0,dome,matrixturf,,,Sunday,16:25,Home,Justin Herbert,Dak Prescott,Tony Corrente,LAX01,0,-101,-109
2021,2,SEA,TEN,7,7,0,outdoors,fieldturf,62,14,Sunday,16:25,Home,Russell Wilson,Ryan Tannehill,John Hussey,SEA00,1,-110,-100
2021,2,ARI,MIN,7,7,0,closed,grass ,,,Sunday,16:05,Home,Kyler Murray,Kirk Cousins,Bill Vinovich,PHO00,0,101,-111
2021,2,TB,ATL,10,7,1,outdoors,grass ,85,0,Sunday,16:05,Home,Tom Brady,Matt Ryan,Carl Cheffers,TAM00,0,-102,-108
2021,2,CAR,NO,7,7,1,outdoors,grass ,83,4,Sunday,13:00,Home,Sam Darnold,Jameis Winston,Ron Torbert,CAR00,0,-113,102
2021,2,CHI,CIN,7,7,0,outdoors,grass ,80,0,Sunday,13:00,Home,Andy Dalton,Joe Burrow,Land Clark,CHI98,0,-105,-105
2021,2,CLE,HOU,7,7,0,outdoors,grass ,75,12,Sunday,13:00,Home,Baker Mayfield,Tyrod Taylor,Brad Rogers,CLE00,0,-107,-103
2021,2,IND,LA,7,7,0,closed,fieldturf,,,Sunday,13:00,Home,Carson Wentz,Matthew Stafford,Shawn Smith,IND00,0,-100,-110
2021,2,JAX,DEN,7,7,0,outdoors,grass ,80,7,Sunday,13:00,Home,Trevor Lawrence,Teddy Bridgewater,Clay Martin,JAX00,0,-115,104
2021,2,MIA,BUF,7,7,1,outdoors,grass ,89,7,Sunday,13:00,Home,Tua Tagovailoa,Josh Allen,Craig Wrolstad,MIA00,0,-113,103
2021,2,NYJ,NE,7,7,1,outdoors,fieldturf,72,13,Sunday,13:00,Home,Zach Wilson,Mac Jones,Shawn Hochuli,NYC01,0,-105,-105
2021,2,PHI,SF,7,7,0,outdoors,grass ,76,13,Sunday,13:00,Home,Jalen Hurts,Jimmy Garoppolo,Brad Allen,PHI00,0,-115,104
2021,2,PIT,LV,7,6,0,outdoors,grass ,77,4,Sunday,13:00,Home,Ben Roethlisberger,Derek Carr,Jerome Boger,PIT00,0,-102,-109
2021,2,GB,DET,8,8,1,outdoors,grass ,73,12,Monday,20:15,Home,Aaron Rodgers,Jared Goff,Adrian Hill,GNB00,0,102,-112
2021,3,HOU,CAR,4,4,0,closed,astroturf,,,Thursday,20:20,Home,Davis Mills,Sam Darnold,Alex Kemp,HOU00,0,104,-115
2021,3,SF,GB,7,6,0,outdoors,grass,69,15,Sunday,20:20,Home,Jimmy Garoppolo,Aaron Rodgers,Jerome Boger,SFO01,0,103,-113
2021,3,LA,TB,7,7,0,dome,matrixturf,,,Sunday,16:25,Home,Matthew Stafford,Tom Brady,Craig Wrolstad,LAX01,0,-110,100
2021,3,MIN,SEA,7,7,0,dome,sportturf,,,Sunday,16:25,Home,Kirk Cousins,Russell Wilson,Clay Martin,MIN01,0,-109,-101
2021,3,DEN,NYJ,7,7,0,outdoors,grass ,82,6,Sunday,16:05,Home,Teddy Bridgewater,Zach Wilson,Land Clark,DEN00,0,-101,-109
2021,3,LV,MIA,7,7,0,dome,grass,,,Sunday,16:05,Home,Derek Carr,Jacoby Brissett,Carl Cheffers,VEG00,1,-103,-107
2021,3,BUF,WAS,7,10,0,outdoors,a_turf,67,21,Sunday,13:00,Home,Josh Allen,Taylor Heinicke,Tony Corrente,BUF00,0,103,-114
2021,3,CLE,CHI,7,7,0,outdoors,grass ,70,22,Sunday,13:00,Home,Baker Mayfield,Justin Fields,Ron Torbert,CLE00,0,-108,-102
2021,3,DET,BAL,6,7,0,dome,fieldturf,,,Sunday,13:00,Home,Jared Goff,Lamar Jackson,Scott Novak,DET00,0,-110,-100
2021,3,JAX,ARI,7,7,0,outdoors,grass ,81,4,Sunday,13:00,Home,Trevor Lawrence,Kyler Murray,Shawn Smith,JAX00,0,-110,-101
2021,3,KC,LAC,7,7,1,outdoors,grass ,81,19,Sunday,13:00,Home,Patrick Mahomes,Justin Herbert,Shawn Hochuli,KAN00,0,-110,-100
2021,3,NE,NO,7,7,0,outdoors,fieldturf,73,11,Sunday,13:00,Home,Mac Jones,Jameis Winston,John Hussey,BOS00,0,106,-117
2021,3,NYG,ATL,10,7,0,outdoors,fieldturf,69,13,Sunday,13:00,Home,Daniel Jones,Matt Ryan,Adrian Hill,NYC01,0,105,-115
2021,3,PIT,CIN,7,7,1,outdoors,grass ,67,9,Sunday,13:00,Home,Ben Roethlisberger,Joe Burrow,Clete Blakeman,PIT00,0,-114,103
2021,3,TEN,IND,7,7,1,outdoors,grass ,72,4,Sunday,13:00,Home,Ryan Tannehill,Carson Wentz,Bill Vinovich,NAS00,0,103,-113
2021,3,DAL,PHI,8,8,1,open,matrixturf,,,Monday,20:15,Home,Dak Prescott,Jalen Hurts,Brad Rogers,DAL00,0,-107,-103
2021,4,CIN,JAX,4,4,0,outdoors,fieldturf,65,0,Thursday,20:20,Home,Joe Burrow,Trevor Lawrence,Brad Allen,CIN00,0,-116,105
2021,4,NE,TB,7,7,0,outdoors,fieldturf,62,4,Sunday,20:20,Home,Mac Jones,Tom Brady,Bill Vinovich,BOS00,0,-105,-105
2021,4,DEN,BAL,7,7,0,outdoors,grass ,77,11,Sunday,16:25,Home,Teddy Bridgewater,Lamar Jackson,Craig Wrolstad,DEN00,0,-111,101
2021,4,GB,PIT,7,7,0,outdoors,grass ,67,4,Sunday,16:25,Home,Aaron Rodgers,Ben Roethlisberger,Scott Novak,GNB00,0,-106,-104
2021,4,LA,ARI,7,7,1,dome,matrixturf,,,Sunday,16:05,Home,Matthew Stafford,Kyler Murray,Shawn Hochuli,LAX01,0,-111,100
2021,4,SF,SEA,7,7,1,outdoors,grass,80,0,Sunday,16:05,Home,Jimmy Garoppolo,Russell Wilson,Carl Cheffers,SFO01,0,-107,-103
2021,4,ATL,WAS,7,7,0,open,fieldturf,,,Sunday,13:00,Home,Matt Ryan,Taylor Heinicke,Clay Martin,ATL97,0,100,-111
2021,4,BUF,HOU,7,10,0,outdoors,a_turf,67,12,Sunday,13:00,Home,Josh Allen,Davis Mills,Ron Torbert,BUF00,0,-102,-108
2021,4,CHI,DET,7,7,1,outdoors,grass ,72,4,Sunday,13:00,Home,Justin Fields,Jared Goff,Shawn Smith,CHI98,0,-101,-109
2021,4,DAL,CAR,6,10,0,closed,matrixturf,,,Sunday,13:00,Home,Dak Prescott,Sam Darnold,Jerome Boger,DAL00,0,-104,-106
2021,4,MIA,IND,7,7,0,outdoors,grass ,85,16,Sunday,13:00,Home,Jacoby Brissett,Carson Wentz,Alex Kemp,MIA00,0,-113,102
2021,4,MIN,CLE,7,7,0,dome,sportturf,,,Sunday,13:00,Home,Kirk Cousins,Baker Mayfield,Tony Corrente,MIN01,0,-113,102
2021,4,NO,NYG,7,7,0,dome,sportturf,,,Sunday,13:00,Home,Jameis Winston,Daniel Jones,Brad Rogers,NOR00,1,107,-118
2021,4,NYJ,TEN,7,7,0,outdoors,fieldturf,78,9,Sunday,13:00,Home,Zach Wilson,Ryan Tannehill,Adrian Hill,NYC01,1,-106,-104
2021,4,PHI,KC,6,7,0,outdoors,grass ,73,8,Sunday,13:00,Home,Jalen Hurts,Patrick Mahomes,Land Clark,PHI00,0,-112,101
2021,4,LAC,LV,8,8,1,dome,matrixturf,,,Monday,20:15,Home,Justin Herbert,Derek Carr,John Hussey,LAX01,0,-109,-101
2021,5,SEA,LA,4,4,1,outdoors,fieldturf,56,8,Thursday,20:20,Home,Russell Wilson,Matthew Stafford,Ron Torbert,SEA00,0,105,-116
2021,5,KC,BUF,7,7,0,outdoors,grass ,76,0,Sunday,20:20,Home,Patrick Mahomes,Josh Allen,Carl Cheffers,KAN00,0,-109,-101
2021,5,ARI,SF,7,7,1,closed,grass ,,,Sunday,16:25,Home,Kyler Murray,Trey Lance,Clay Martin,PHO00,0,-100,-110
2021,5,DAL,NYG,7,7,1,closed,matrixturf,,,Sunday,16:25,Home,Dak Prescott,Daniel Jones,John Hussey,DAL00,0,102,-112
2021,5,LAC,CLE,6,7,0,dome,matrixturf,,,Sunday,16:05,Home,Justin Herbert,Baker Mayfield,Brad Allen,LAX01,0,-104,-106
2021,5,LV,CHI,6,7,0,dome,grass,,,Sunday,16:05,Home,Derek Carr,Justin Fields,Craig Wrolstad,VEG00,0,-108,-102
2021,5,CAR,PHI,7,7,0,outdoors,grass ,76,13,Sunday,13:00,Home,Sam Darnold,Jalen Hurts,Shawn Hochuli,CAR00,0,-114,104
2021,5,CIN,GB,10,7,0,outdoors,fieldturf,76,12,Sunday,13:00,Home,Joe Burrow,Aaron Rodgers,Bill Vinovich,CIN00,1,-106,-104
2021,5,HOU,NE,7,7,0,closed,astroturf,,,Sunday,13:00,Home,Davis Mills,Mac Jones,Scott Novak,HOU00,0,-112,102
2021,5,JAX,TEN,10,7,1,outdoors,grass ,78,11,Sunday,13:00,Home,Trevor Lawrence,Ryan Tannehill,Alex Kemp,JAX00,0,-110,-100
2021,5,MIN,DET,7,7,1,dome,sportturf,,,Sunday,13:00,Home,Kirk Cousins,Jared Goff,Clete Blakeman,MIN01,0,-100,-110
2021,5,PIT,DEN,7,7,0,outdoors,grass ,71,9,Sunday,13:00,Home,Ben Roethlisberger,Teddy Bridgewater,Brad Rogers,PIT00,0,-104,-106
2021,5,TB,MIA,7,7,0,outdoors,grass ,84,7,Sunday,13:00,Home,Tom Brady,Jacoby Brissett,Jerome Boger,TAM00,0,-110,-100
2021,5,WAS,NO,7,7,0,outdoors,grass ,70,12,Sunday,13:00,Home,Taylor Heinicke,Jameis Winston,Shawn Smith,WAS00,0,-104,-106
2021,5,ATL,NYJ,7,7,0,outdoors,grass,63,8,Sunday,09:30,Neutral,Matt Ryan,Zach Wilson,Tony Corrente,LON02,0,-103,-107
2021,5,BAL,IND,8,8,0,outdoors,grass,69,6,Monday,20:15,Home,Lamar Jackson,Carson Wentz,Land Clark,BAL00,1,-105,-105
2021,6,PHI,TB,4,4,0,outdoors,grass ,74,8,Thursday,20:20,Home,Jalen Hurts,Tom Brady,Clay Martin,PHI00,0,-114,103
2021,6,PIT,SEA,7,10,0,outdoors,grass ,49,6,Sunday,20:20,Home,Ben Roethlisberger,Geno Smith,Shawn Smith,PIT00,1,-106,-104
2021,6,DEN,LV,7,7,1,outdoors,grass ,76,8,Sunday,16:25,Home,Teddy Bridgewater,Derek Carr,Ron Torbert,DEN00,0,101,-111
2021,6,NE,DAL,7,7,0,outdoors,fieldturf,62,11,Sunday,16:25,Home,Mac Jones,Dak Prescott,Brad Allen,BOS00,1,-102,-108
2021,6,CLE,ARI,7,7,0,outdoors,grass ,58,23,Sunday,16:05,Home,Baker Mayfield,Kyler Murray,Carl Cheffers,CLE00,0,106,-117
2021,6,BAL,LAC,6,7,0,outdoors,grass,63,15,Sunday,13:00,Home,Lamar Jackson,Justin Herbert,Bill Vinovich,BAL00,0,-116,106
2021,6,CAR,MIN,7,7,0,outdoors,grass ,62,7,Sunday,13:00,Home,Sam Darnold,Kirk Cousins,Craig Wrolstad,CAR00,1,-100,-110
2021,6,CHI,GB,7,7,1,outdoors,grass ,59,6,Sunday,13:00,Home,Justin Fields,Aaron Rodgers,Brad Rogers,CHI98,0,-104,-106
2021,6,DET,CIN,7,7,0,dome,fieldturf,,,Sunday,13:00,Home,Jared Goff,Joe Burrow,Shawn Hochuli,DET00,0,-100,-110
2021,6,IND,HOU,6,7,1,open,fieldturf,,,Sunday,13:00,Home,Carson Wentz,Davis Mills,Jerome Boger,IND00,0,106,-117
2021,6,NYG,LA,7,10,0,outdoors,fieldturf,61,13,Sunday,13:00,Home,Daniel Jones,Matthew Stafford,Alex Kemp,NYC01,0,-118,107
2021,6,WAS,KC,7,7,0,outdoors,grass ,62,13,Sunday,13:00,Home,Taylor Heinicke,Patrick Mahomes,Adrian Hill,WAS00,0,-105,-105
2021,6,JAX,MIA,7,7,0,outdoors,grass,63,11,Sunday,09:30,Neutral,Trevor Lawrence,Tua Tagovailoa,John Hussey,LON02,0,-115,104
2021,6,TEN,BUF,8,8,0,outdoors,grass ,66,6,Monday,20:15,Home,Ryan Tannehill,Josh Allen,Clete Blakeman,NAS00,0,-108,-102
2021,7,CLE,DEN,4,4,0,outdoors,grass ,59,27,Thursday,20:20,Home,Case Keenum,Teddy Bridgewater,Adrian Hill,CLE00,0,-103,-107
2021,7,SF,IND,14,7,0,outdoors,grass,64,16,Sunday,20:20,Home,Jimmy Garoppolo,Carson Wentz,Craig Wrolstad,SFO01,0,106,-117
2021,7,ARI,HOU,7,7,0,closed,grass ,,,Sunday,16:25,Home,Kyler Murray,Davis Mills,Land Clark,PHO00,0,100,-111
2021,7,TB,CHI,10,7,0,outdoors,grass ,83,7,Sunday,16:25,Home,Tom Brady,Justin Fields,Alex Kemp,TAM00,0,103,-114
2021,7,LA,DET,7,7,0,dome,matrixturf,,,Sunday,16:05,Home,Matthew Stafford,Jared Goff,Bill Vinovich,LAX01,0,105,-116
2021,7,LV,PHI,7,10,0,dome,grass,,,Sunday,16:05,Home,Derek Carr,Jalen Hurts,Clete Blakeman,VEG00,0,-101,-109
2021,7,BAL,CIN,7,7,1,outdoors,grass,61,6,Sunday,13:00,Home,Lamar Jackson,Joe Burrow,Tony Corrente,BAL00,0,-101,-109
2021,7,GB,WAS,7,7,0,outdoors,grass ,49,11,Sunday,13:00,Home,Aaron Rodgers,Taylor Heinicke,Ron Torbert,GNB00,0,-105,-105
2021,7,MIA,ATL,7,14,0,outdoors,grass ,85,9,Sunday,13:00,Home,Tua Tagovailoa,Matt Ryan,Scott Novak,MIA00,0,103,-113
2021,7,NE,NYJ,7,14,1,outdoors,fieldturf,52,0,Sunday,13:00,Home,Mac Jones,Zach Wilson,Brad Rogers,BOS00,0,-102,-108
2021,7,NYG,CAR,7,7,0,outdoors,fieldturf,57,0,Sunday,13:00,Home,Daniel Jones,Sam Darnold,Carl Cheffers,NYC01,0,-107,-103
2021,7,TEN,KC,6,7,0,outdoors,grass ,74,14,Sunday,13:00,Home,Ryan Tannehill,Patrick Mahomes,Brad Allen,NAS00,0,-100,-110
2021,7,SEA,NO,8,15,0,outdoors,fieldturf,54,16,Monday,20:15,Home,Geno Smith,Jameis Winston,Shawn Hochuli,SEA00,0,-106,-104
2021,8,ARI,GB,4,4,0,open,grass ,,,Thursday,20:20,Home,Kyler Murray,Aaron Rodgers,Alex Kemp,PHO00,0,-106,-104
2021,8,MIN,DAL,14,14,0,dome,sportturf,,,Sunday,20:20,Home,Kirk Cousins,Cooper Rush,Scott Novak,MIN01,0,-101,-109
2021,8,DEN,WAS,10,7,0,outdoors,grass ,41,4,Sunday,16:25,Home,Teddy Bridgewater,Taylor Heinicke,John Hussey,DEN00,0,-102,-108
2021,8,NO,TB,6,7,1,dome,sportturf,,,Sunday,16:25,Home,Jameis Winston,Tom Brady,Clete Blakeman,NOR00,0,-109,-101
2021,8,LAC,NE,14,7,0,dome,matrixturf,,,Sunday,16:05,Home,Justin Herbert,Mac Jones,Ron Torbert,LAX01,0,-109,-101
2021,8,SEA,JAX,6,14,0,outdoors,fieldturf,54,8,Sunday,16:05,Home,Geno Smith,Trevor Lawrence,Adrian Hill,SEA00,0,-105,-105
2021,8,ATL,CAR,7,7,1,open,fieldturf,,,Sunday,13:00,Home,Matt Ryan,Sam Darnold,Brad Allen,ATL97,0,-101,-109
2021,8,BUF,MIA,13,7,1,outdoors,a_turf,54,9,Sunday,13:00,Home,Josh Allen,Tua Tagovailoa,Shawn Smith,BUF00,0,-102,-108
2021,8,CHI,SF,7,7,0,outdoors,grass ,53,12,Sunday,13:00,Home,Justin Fields,Jimmy Garoppolo,Land Clark,CHI98,0,-107,-103
2021,8,CLE,PIT,10,14,1,outdoors,grass ,57,13,Sunday,13:00,Home,Baker Mayfield,Ben Roethlisberger,Shawn Hochuli,CLE00,0,-102,-108
2021,8,DET,PHI,7,7,0,dome,fieldturf,,,Sunday,13:00,Home,Jared Goff,Jalen Hurts,Tony Corrente,DET00,0,105,-116
2021,8,HOU,LA,7,7,0,closed,astroturf,,,Sunday,13:00,Home,Davis Mills,Matthew Stafford,Clay Martin,HOU00,0,-118,107
2021,8,IND,TEN,7,7,1,open,fieldturf,,,Sunday,13:00,Home,Carson Wentz,Ryan Tannehill,Carl Cheffers,IND00,1,-108,-102
2021,8,NYJ,CIN,7,7,0,outdoors,fieldturf,63,11,Sunday,13:00,Home,Mike White,Joe Burrow,Craig Wrolstad,NYC01,0,-105,-105
2021,8,KC,NYG,8,8,0,outdoors,grass ,39,4,Monday,20:15,Home,Patrick Mahomes,Daniel Jones,Jerome Boger,KAN00,0,-103,-107
2021,9,IND,NYJ,4,4,0,closed,fieldturf,,,Thursday,20:20,Home,Carson Wentz,Mike White,John Hussey,IND00,0,-102,-108
2021,9,LA,TEN,7,7,0,dome,matrixturf,,,Sunday,20:20,Home,Matthew Stafford,Ryan Tannehill,Brad Rogers,LAX01,0,-114,103
2021,9,KC,GB,6,10,0,outdoors,grass ,51,12,Sunday,16:25,Home,Patrick Mahomes,Jordan Love,Shawn Smith,KAN00,0,-104,-107
2021,9,SF,ARI,7,10,1,outdoors,grass,57,8,Sunday,16:25,Home,Jimmy Garoppolo,Colt McCoy,Brad Allen,SFO01,0,-105,-105
2021,9,PHI,LAC,7,7,0,outdoors,grass ,54,11,Sunday,16:05,Home,Jalen Hurts,Justin Herbert,Jerome Boger,PHI00,0,-110,-101
2021,9,BAL,MIN,14,7,0,outdoors,grass,56,8,Sunday,13:00,Home,Lamar Jackson,Kirk Cousins,Carl Cheffers,BAL00,1,106,-117
2021,9,CAR,NE,7,7,0,outdoors,grass ,61,16,Sunday,13:00,Home,Sam Darnold,Mac Jones,Clete Blakeman,CAR00,0,-109,-101
2021,9,CIN,CLE,7,7,1,outdoors,fieldturf,56,0,Sunday,13:00,Home,Joe Burrow,Baker Mayfield,Scott Novak,CIN00,0,-105,-105
2021,9,DAL,DEN,7,7,0,closed,matrixturf,,,Sunday,13:00,Home,Dak Prescott,Teddy Bridgewater,Bill Vinovich,DAL00,0,-103,-107
2021,9,JAX,BUF,7,7,0,outdoors,grass ,59,16,Sunday,13:00,Home,Trevor Lawrence,Josh Allen,Land Clark,JAX00,0,109,-120
2021,9,MIA,HOU,7,7,0,outdoors,grass ,72,19,Sunday,13:00,Home,Jacoby Brissett,Tyrod Taylor,Adrian Hill,MIA00,0,101,-112
2021,9,NO,ATL,7,7,1,dome,sportturf,,,Sunday,13:00,Home,Trevor Siemian,Matt Ryan,Alex Kemp,NOR00,0,106,-117
2021,9,NYG,LV,6,14,0,outdoors,fieldturf,54,4,Sunday,13:00,Home,Daniel Jones,Derek Carr,Clay Martin,NYC01,0,-108,-102
2021,9,PIT,CHI,8,8,0,outdoors,grass ,55,7,Monday,20:15,Home,Ben Roethlisberger,Justin Fields,Tony Corrente,PIT00,0,-101,-109
2022,1,LA,BUF,7,7,0,dome,matrixturf,,,Thursday,20:20,Home,Matthew Stafford,Josh Allen,Carl Cheffers,LAX01,0,101,-112
2022,1,DAL,TB,7,7,0,closed,matrixturf,,,Sunday,20:20,Home,Dak Prescott,Tom Brady,Ron Torbert,DAL00,0,-102,-108
2022,1,ARI,KC,7,7,0,closed,grass,,,Sunday,16:25,Home,Kyler Murray,Patrick Mahomes,Scott Novak,PHO00,0,-104,-107
2022,1,LAC,LV,7,7,1,dome,matrixturf,,,Sunday,16:25,Home,Justin Herbert,Derek Carr,Shawn Smith,LAX01,0,-104,-106
2022,1,MIN,GB,7,7,1,dome,sportturf,,,Sunday,16:25,Home,Kirk Cousins,Aaron Rodgers,Bill Vinovich,MIN01,0,105,-116
2022,1,TEN,NYG,7,7,0,outdoors,grass,,,Sunday,16:25,Home,Ryan Tannehill,Daniel Jones,Jerome Boger,NAS00,0,-102,-108
2022,1,ATL,NO,7,7,1,closed,fieldturf,,,Sunday,13:00,Home,Marcus Mariota,Jameis Winston,Alex Kemp,ATL97,0,-107,-103
2022,1,CAR,CLE,7,7,0,outdoors,grass,,,Sunday,13:00,Home,Baker Mayfield,Jacoby Brissett,Brad Rogers,CAR00,0,102,-112
2022,1,CHI,SF,7,7,0,outdoors,grass,,,Sunday,13:00,Home,Justin Fields,Trey Lance,Clay Martin,CHI98,0,-111,100
2022,1,CIN,PIT,7,7,1,outdoors,fieldturf,,,Sunday,13:00,Home,Joe Burrow,Mitch Trubisky,Shawn Hochuli,CIN00,1,107,-119
2022,1,DET,PHI,7,7,0,dome,fieldturf,,,Sunday,13:00,Home,Jared Goff,Jalen Hurts,Brad Allen,DET00,0,-100,-110
2022,1,HOU,IND,7,7,1,closed,astroturf,,,Sunday,13:00,Home,Davis Mills,Matt Ryan,Land Clark,HOU00,1,-107,-103
2022,1,MIA,NE,7,7,1,outdoors,grass,,,Sunday,13:00,Home,Tua Tagovailoa,Mac Jones,John Hussey,MIA00,0,-106,-104
2022,1,NYJ,BAL,7,7,0,outdoors,fieldturf,,,Sunday,13:00,Home,Joe Flacco,Lamar Jackson,Craig Wrolstad,NYC01,0,-107,-103
2022,1,WAS,JAX,7,7,0,outdoors,grass,,,Sunday,13:00,Home,Carson Wentz,Trevor Lawrence,Tra Blake,WAS00,0,-110,-101
2022,1,SEA,DEN,7,7,0,outdoors,fieldturf,,,Monday,20:15,Home,Geno Smith,Russell Wilson,Clete Blakeman,SEA00,0,-103,-107
2022,10,CAR,ATL,4,4,1,outdoors,grass,61,12,Thursday,20:15,Home,Phillip Walker,Marcus Mariota,Adrian Hill,CAR00,0,-107,-103
2022,10,SF,LAC,14,7,0,outdoors,grass,57,6,Sunday,20:20,Home,Jimmy Garoppolo,Justin Herbert,Shawn Smith,SFO01,0,-105,-105
2022,10,GB,DAL,7,14,0,outdoors,grass,33,8,Sunday,16:25,Home,Aaron Rodgers,Dak Prescott,Brad Allen,GNB00,1,102,-113
2022,10,LA,ARI,7,7,1,dome,matrixturf,,,Sunday,16:25,Home,John Wolford,Colt McCoy,Clete Blakeman,LAX01,0,-102,-110
2022,10,LV,IND,7,7,0,dome,grass,,,Sunday,16:05,Home,Derek Carr,Matt Ryan,Tra Blake,VEG00,0,101,-112
2022,10,BUF,MIN,7,7,0,outdoors,a_turf,38,11,Sunday,13:00,Home,Josh Allen,Kirk Cousins,Craig Wrolstad,BUF00,1,-106,-104
2022,10,CHI,DET,7,7,1,outdoors,grass,34,13,Sunday,13:00,Home,Justin Fields,Jared Goff,Land Clark,CHI98,0,-105,-105
2022,10,KC,JAX,7,7,0,outdoors,grass,33,7,Sunday,13:00,Home,Patrick Mahomes,Trevor Lawrence,Brad Rogers,KAN00,0,109,-120
2022,10,MIA,CLE,7,13,0,outdoors,grass,85,7,Sunday,13:00,Home,Tua Tagovailoa,Jacoby Brissett,Shawn Hochuli,MIA00,0,-123,112
2022,10,NYG,HOU,14,10,0,outdoors,fieldturf,50,15,Sunday,13:00,Home,Daniel Jones,Davis Mills,Bill Vinovich,NYC01,0,102,-112
2022,10,PIT,NO,14,6,0,outdoors,grass,37,15,Sunday,13:00,Home,Kenny Pickett,Andy Dalton,Carl Cheffers,PIT00,0,-107,-103
2022,10,TEN,DEN,7,14,0,outdoors,grass,36,9,Sunday,13:00,Home,Ryan Tannehill,Russell Wilson,Scott Novak,NAS00,0,-105,-105
2022,10,TB,SEA,7,7,0,outdoors,,,,Sunday,09:30,Neutral,Tom Brady,Geno Smith,John Hussey,GER00,0,-114,103
2022,10,PHI,WAS,11,8,1,outdoors,grass,43,6,Monday,20:15,Home,Jalen Hurts,Taylor Heinicke,Alex Kemp,PHI00,0,-103,-107
2022,11,GB,TEN,4,4,0,outdoors,grass,25,11,Thursday,20:15,Home,Aaron Rodgers,Ryan Tannehill,Bill Vinovich,GNB00,0,-117,106
2022,11,LAC,KC,7,7,1,dome,matrixturf,,,Sunday,20:20,Home,Justin Herbert,Patrick Mahomes,Shawn Hochuli,LAX01,0,-108,-102
2022,11,MIN,DAL,7,7,0,dome,sportturf,,,Sunday,16:25,Home,Kirk Cousins,Dak Prescott,Clay Martin,MIN01,0,104,-115
2022,11,PIT,CIN,7,14,1,outdoors,grass,27,12,Sunday,16:25,Home,Kenny Pickett,Joe Burrow,Brad Allen,PIT00,0,-111,101
2022,11,DEN,LV,7,7,1,outdoors,grass,49,11,Sunday,16:05,Home,Russell Wilson,Derek Carr,Shawn Smith,DEN00,1,-117,106
2022,11,ATL,CHI,10,7,0,closed,fieldturf,,,Sunday,13:00,Home,Marcus Mariota,Justin Fields,Tra Blake,ATL97,0,110,-122
2022,11,BAL,CAR,13,10,0,outdoors,grass,36,2,Sunday,13:00,Home,Lamar Jackson,Phillip Walker,Jerome Boger,BAL00,0,106,-117
2022,11,BUF,CLE,7,7,0,dome,fieldturf,,,Sunday,13:00,Neutral,Josh Allen,Jacoby Brissett,Adrian Hill,DET00,0,-108,-103
2022,11,HOU,WAS,7,6,0,closed,astroturf,,,Sunday,13:00,Home,Davis Mills,Taylor Heinicke,Scott Novak,HOU00,0,-110,-100
2022,11,IND,PHI,7,6,0,closed,fieldturf,,,Sunday,13:00,Home,Sam Ehlinger,Jalen Hurts,Land Clark,IND00,0,-102,-108
2022,11,NE,NYJ,14,14,1,outdoors,fieldturf,42,2,Sunday,13:00,Home,Mac Jones,Zach Wilson,Carl Cheffers,BOS00,0,-102,-109
2022,11,NO,LA,7,7,0,dome,sportturf,,,Sunday,13:00,Home,Andy Dalton,Matthew Stafford,Ron Torbert,NOR00,0,104,-115
2022,11,NYG,DET,7,7,0,outdoors,fieldturf,35,21,Sunday,13:00,Home,Daniel Jones,Jared Goff,Brad Rogers,NYC01,0,-107,-104
2022,11,ARI,SF,8,8,1,outdoors,,,,Monday,20:15,Neutral,Colt McCoy,Jimmy Garoppolo,Craig Wrolstad,MEX00,0,-113,103
2022,12,MIN,NE,4,4,0,dome,sportturf,,,Thursday,20:20,Home,Kirk Cousins,Mac Jones,Alex Kemp,MIN01,0,-108,-102
2022,12,DAL,NYG,4,4,1,closed,matrixturf,,,Thursday,16:30,Home,Dak Prescott,Daniel Jones,Scott Novak,DAL00,0,104,-114
2022,12,DET,BUF,4,4,0,dome,fieldturf,,,Thursday,12:30,Home,Jared Goff,Josh Allen,Clete Blakeman,DET00,0,-116,105
2022,12,PHI,GB,7,10,0,outdoors,grass,62,24,Sunday,20:20,Home,Jalen Hurts,Aaron Rodgers,Shawn Smith,PHI00,0,-105,-105
2022,12,KC,LA,7,7,0,outdoors,grass,44,6,Sunday,16:25,Home,Patrick Mahomes,Bryce Perkins,Adrian Hill,KAN00,0,105,-115
2022,12,SF,NO,6,7,0,outdoors,grass,59,2,Sunday,16:25,Home,Jimmy Garoppolo,Andy Dalton,Shawn Hochuli,SFO01,0,103,-113
2022,12,ARI,LAC,6,7,0,closed,grass,,,Sunday,16:05,Home,Kyler Murray,Justin Herbert,Ron Torbert,PHO00,0,-102,-108
2022,12,SEA,LV,14,7,0,outdoors,fieldturf,44,8,Sunday,16:05,Home,Geno Smith,Derek Carr,Brad Allen,SEA00,1,-103,-107
2022,12,CAR,DEN,7,7,0,outdoors,grass,66,15,Sunday,13:00,Home,Sam Darnold,Russell Wilson,Clay Martin,CAR00,0,-101,-109
2022,12,CLE,TB,7,14,0,outdoors,grass,56,14,Sunday,13:00,Home,Jacoby Brissett,Tom Brady,Tra Blake,CLE00,1,107,-118
2022,12,JAX,BAL,14,7,0,outdoors,grass,77,19,Sunday,13:00,Home,Trevor Lawrence,Lamar Jackson,Land Clark,JAX00,0,-123,111
2022,12,MIA,HOU,14,7,0,outdoors,grass,84,13,Sunday,13:00,Home,Tua Tagovailoa,Kyle Allen,Jerome Boger,MIA00,0,-109,-101
2022,12,NYJ,CHI,7,7,0,outdoors,fieldturf,50,9,Sunday,13:00,Home,Mike White,Trevor Siemian,John Hussey,NYC01,0,-103,-107
2022,12,TEN,CIN,10,7,0,outdoors,grass,56,14,Sunday,13:00,Home,Ryan Tannehill,Joe Burrow,Carl Cheffers,NAS00,0,-113,102
2022,12,WAS,ATL,7,7,0,outdoors,grass,46,9,Sunday,13:00,Home,Taylor Heinicke,Marcus Mariota,Brad Rogers,WAS00,0,-100,-110
2022,12,IND,PIT,8,8,0,closed,fieldturf,,,Monday,20:15,Home,Matt Ryan,Kenny Pickett,Bill Vinovich,IND00,0,-100,-110
2022,13,NE,BUF,7,7,1,outdoors,fieldturf,35,2,Thursday,20:15,Home,Mac Jones,Josh Allen,Shawn Hochuli,BOS00,0,-105,-105
2022,13,DAL,IND,10,6,0,closed,matrixturf,,,Sunday,20:20,Home,Dak Prescott,Matt Ryan,Carl Cheffers,DAL00,0,-101,-109
2022,13,CIN,KC,7,7,0,outdoors,fieldturf,57,2,Sunday,16:25,Home,Joe Burrow,Patrick Mahomes,John Hussey,CIN00,0,-102,-108
2022,13,LV,LAC,7,7,1,dome,grass,,,Sunday,16:25,Home,Derek Carr,Justin Herbert,Craig Wrolstad,VEG00,0,-109,-102
2022,13,LA,SEA,7,7,1,dome,matrixturf,,,Sunday,16:05,Home,John Wolford,Geno Smith,Shawn Smith,LAX01,0,-118,107
2022,13,SF,MIA,7,7,0,outdoors,grass,38,6,Sunday,16:05,Home,Jimmy Garoppolo,Tua Tagovailoa,Tra Blake,SFO01,0,-111,101
2022,13,ATL,PIT,7,6,0,closed,fieldturf,,,Sunday,13:00,Home,Marcus Mariota,Kenny Pickett,Ron Torbert,ATL97,0,-105,-105
2022,13,BAL,DEN,7,7,0,outdoors,grass,63,8,Sunday,13:00,Home,Lamar Jackson,Russell Wilson,Alex Kemp,BAL00,0,112,-124
2022,13,CHI,GB,7,7,1,outdoors,grass,38,12,Sunday,13:00,Home,Justin Fields,Aaron Rodgers,Scott Novak,CHI98,0,-116,105
2022,13,DET,JAX,10,7,0,dome,fieldturf,,,Sunday,13:00,Home,Jared Goff,Trevor Lawrence,Jerome Boger,DET00,0,-110,-100
2022,13,HOU,CLE,7,7,0,closed,astroturf,,,Sunday,13:00,Home,Kyle Allen,Deshaun Watson,Land Clark,HOU00,0,-102,-108
2022,13,MIN,NYJ,10,7,0,dome,sportturf,,,Sunday,13:00,Home,Kirk Cousins,Mike White,Clete Blakeman,MIN01,0,106,-117
2022,13,NYG,WAS,10,7,1,outdoors,fieldturf,40,9,Sunday,13:00,Home,Daniel Jones,Taylor Heinicke,Brad Allen,NYC01,1,-116,105
2022,13,PHI,TEN,7,7,0,outdoors,grass,60,7,Sunday,13:00,Home,Jalen Hurts,Ryan Tannehill,Adrian Hill,PHI00,0,-101,-109
2022,13,TB,NO,8,8,1,outdoors,grass,69,2,Monday,20:15,Home,Tom Brady,Andy Dalton,Clay Martin,TAM00,0,-105,-105
2022,14,LA,LV,4,4,0,dome,matrixturf,,,Thursday,20:15,Home,Baker Mayfield,Derek Carr,Brad Rogers,LAX01,0,101,-112
2022,14,LAC,MIA,7,7,0,dome,matrixturf,,,Sunday,20:20,Home,Justin Herbert,Tua Tagovailoa,Scott Novak,LAX01,0,102,-113
2022,14,SEA,CAR,7,14,0,outdoors,fieldturf,45,4,Sunday,16:25,Home,Geno Smith,Sam Darnold,Bill Vinovich,SEA00,0,-117,106
2022,14,SF,TB,7,6,0,outdoors,grass,54,8,Sunday,16:25,Home,Brock Purdy,Tom Brady,Brad Allen,SFO01,0,-103,-107
2022,14,DEN,KC,7,7,1,outdoors,grass,55,4,Sunday,16:05,Home,Russell Wilson,Patrick Mahomes,Craig Wrolstad,DEN00,0,-103,-108
2022,14,BUF,NYJ,10,7,1,outdoors,a_turf,36,11,Sunday,13:00,Home,Josh Allen,Mike White,Alex Kemp,BUF00,0,-102,-108
2022,14,CIN,CLE,7,7,1,outdoors,fieldturf,47,8,Sunday,13:00,Home,Joe Burrow,Deshaun Watson,Jerome Boger,CIN00,0,-102,-108
2022,14,DAL,HOU,7,7,0,closed,matrixturf,,,Sunday,13:00,Home,Dak Prescott,Davis Mills,John Hussey,DAL00,0,-115,104
2022,14,DET,MIN,7,7,1,dome,fieldturf,,,Sunday,13:00,Home,Jared Goff,Kirk Cousins,Ron Torbert,DET00,0,-102,-108
2022,14,NYG,PHI,7,7,1,outdoors,fieldturf,37,6,Sunday,13:00,Home,Daniel Jones,Jalen Hurts,Clete Blakeman,NYC01,0,-115,104
2022,14,PIT,BAL,7,7,1,outdoors,grass,42,12,Sunday,13:00,Home,Kenny Pickett,Tyler Huntley,Adrian Hill,PIT00,0,-109,-101
2022,14,TEN,JAX,7,7,1,outdoors,grass,54,8,Sunday,13:00,Home,Ryan Tannehill,Trevor Lawrence,Clay Martin,NAS00,0,-117,106
2022,14,ARI,NE,15,11,0,closed,grass,,,Monday,20:15,Home,Kyler Murray,Mac Jones,Shawn Smith,PHO00,0,-106,-104
2022,15,SEA,SF,4,4,1,outdoors,fieldturf,,,Thursday,20:15,Home,Geno Smith,Brock Purdy,Alex Kemp,SEA00,0,104,-115
2022,15,BUF,MIA,6,6,1,outdoors,a_turf,29,4,Saturday,20:15,Home,Josh Allen,Tua Tagovailoa,Bill Vinovich,BUF00,0,-106,-104
2022,15,CLE,BAL,6,6,1,outdoors,grass,34,12,Saturday,16:30,Home,Deshaun Watson,Tyler Huntley,Brad Allen,CLE00,0,-125,113
2022,15,MIN,IND,6,13,0,dome,sportturf,,,Saturday,13:00,Home,Kirk Cousins,Matt Ryan,Tra Blake,MIN01,1,-107,-103
2022,15,WAS,NYG,14,7,1,outdoors,grass,35,13,Sunday,20:20,Home,Taylor Heinicke,Daniel Jones,John Hussey,WAS00,0,103,-114
2022,15,LAC,TEN,7,7,0,dome,matrixturf,,,Sunday,16:25,Home,Justin Herbert,Ryan Tannehill,Land Clark,LAX01,0,-102,-108
2022,15,TB,CIN,7,7,0,outdoors,grass,66,6,Sunday,16:25,Home,Tom Brady,Joe Burrow,Adrian Hill,TAM00,0,-120,108
2022,15,DEN,ARI,7,6,0,outdoors,grass,37,4,Sunday,16:05,Home,Brett Rypien,Colt McCoy,Jerome Boger,DEN00,0,-106,-104
2022,15,LV,NE,10,6,0,dome,grass,,,Sunday,16:05,Home,Derek Carr,Mac Jones,Ron Torbert,VEG00,0,-122,111
2022,15,CAR,PIT,7,7,0,outdoors,grass,47,7,Sunday,13:00,Home,Sam Darnold,Kenny Pickett,Scott Novak,CAR00,0,-110,-100
2022,15,CHI,PHI,14,7,0,outdoors,grass,17,17,Sunday,13:00,Home,Justin Fields,Jalen Hurts,Brad Rogers,CHI98,0,-106,-104
2022,15,HOU,KC,7,7,0,closed,astroturf,,,Sunday,13:00,Home,Davis Mills,Patrick Mahomes,Carl Cheffers,HOU00,1,-120,109
2022,15,JAX,DAL,7,7,0,outdoors,grass,54,9,Sunday,13:00,Home,Trevor Lawrence,Dak Prescott,Shawn Smith,JAX00,1,-110,100
2022,15,NO,ATL,13,14,1,dome,sportturf,,,Sunday,13:00,Home,Andy Dalton,Desmond Ridder,Clete Blakeman,NOR00,0,-113,103
2022,15,NYJ,DET,7,7,0,outdoors,fieldturf,38,13,Sunday,13:00,Home,Zach Wilson,Jared Goff,Craig Wrolstad,NYC01,0,-110,-100
2022,15,GB,LA,15,11,0,outdoors,grass,15,4,Monday,20:15,Home,Aaron Rodgers,Baker Mayfield,Shawn Hochuli,GNB00,0,101,-111
2022,16,NYJ,JAX,4,4,0,outdoors,fieldturf,43,17,Thursday,20:15,Home,Zach Wilson,Trevor Lawrence,Brad Allen,NYC01,0,-106,-104
2022,16,PIT,LV,6,6,0,outdoors,grass,9,21,Saturday,20:15,Home,Kenny Pickett,Derek Carr,Tra Blake,PIT00,0,-102,-108
2022,16,DAL,PHI,6,6,1,closed,matrixturf,,,Saturday,16:25,Home,Dak Prescott,Gardner Minshew,Alex Kemp,DAL00,0,-106,-104
2022,16,SF,WAS,9,6,0,outdoors,grass,54,2,Saturday,16:05,Home,Brock Purdy,Taylor Heinicke,Jerome Boger,SFO01,0,-103,-107
2022,16,BAL,ATL,7,6,0,outdoors,grass,17,9,Saturday,13:00,Home,Tyler Huntley,Desmond Ridder,Bill Vinovich,BAL00,0,-102,-108
2022,16,CAR,DET,6,6,0,outdoors,grass,20,12,Saturday,13:00,Home,Sam Darnold,Jared Goff,Shawn Hochuli,CAR00,0,-111,101
2022,16,CHI,BUF,6,7,0,outdoors,grass,7,17,Saturday,13:00,Home,Justin Fields,Josh Allen,Carl Cheffers,CHI98,0,-100,-110
2022,16,CLE,NO,7,6,0,outdoors,grass,6,27,Saturday,13:00,Home,Deshaun Watson,Andy Dalton,Brad Rogers,CLE00,0,-123,111
2022,16,KC,SEA,6,9,0,outdoors,grass,12,9,Saturday,13:00,Home,Patrick Mahomes,Geno Smith,Clete Blakeman,KAN00,0,-103,-107
2022,16,MIN,NYG,7,6,0,dome,sportturf,,,Saturday,13:00,Home,Kirk Cousins,Daniel Jones,Adrian Hill,MIN01,0,-108,-102
2022,16,NE,CIN,6,6,0,outdoors,fieldturf,21,2,Saturday,13:00,Home,Mac Jones,Joe Burrow,Craig Wrolstad,BOS00,0,-110,100
2022,16,TEN,HOU,6,6,1,outdoors,grass,22,14,Saturday,14:00,Home,Malik Willis,Davis Mills,Shawn Smith,NAS00,0,-113,103
2022,16,ARI,TB,7,7,0,open,grass,,,Sunday,20:20,Home,Trace McSorley,Tom Brady,John Hussey,PHO00,1,-113,102
2022,16,LA,DEN,6,7,0,dome,matrixturf,,,Sunday,16:30,Home,Baker Mayfield,Russell Wilson,Ron Torbert,LAX01,0,105,-116
2022,16,MIA,GB,8,6,0,outdoors,grass,45,14,Sunday,13:00,Home,Tua Tagovailoa,Aaron Rodgers,Land Clark,MIA00,0,-103,-107
2022,16,IND,LAC,9,8,0,closed,fieldturf,,,Monday,20:15,Home,Nick Foles,Justin Herbert,Clay Martin,IND00,0,-108,-102
2022,17,TEN,DAL,5,5,0,outdoors,grass,56,4,Thursday,20:15,Home,Joshua Dobbs,Dak Prescott,Shawn Hochuli,NAS00,0,-110,-100
2022,17,BAL,PIT,8,8,1,outdoors,grass,44,2,Sunday,20:20,Home,Tyler Huntley,Kenny Pickett,Land Clark,BAL00,0,-113,102
2022,17,GB,MIN,7,8,1,outdoors,grass,39,7,Sunday,16:25,Home,Aaron Rodgers,Kirk Cousins,Carl Cheffers,GNB00,0,-117,106
2022,17,LAC,LA,6,7,0,dome,matrixturf,,,Sunday,16:25,Home,Justin Herbert,Baker Mayfield,Clete Blakeman,LAX01,0,-108,-102
2022,17,LV,SF,8,8,0,dome,grass,,,Sunday,16:05,Home,Jarrett Stidham,Brock Purdy,Clay Martin,VEG00,1,-107,-103
2022,17,SEA,NYJ,8,10,0,outdoors,fieldturf,45,2,Sunday,16:05,Home,Geno Smith,Mike White,Ron Torbert,SEA00,0,-105,-105
2022,17,ATL,ARI,8,7,0,closed,fieldturf,,,Sunday,13:00,Home,Desmond Ridder,David Blough,Alex Kemp,ATL97,0,108,-119
2022,17,DET,CHI,8,8,1,dome,fieldturf,,,Sunday,13:00,Home,Jared Goff,Justin Fields,Adrian Hill,DET00,0,-105,-105
2022,17,HOU,JAX,8,10,1,closed,astroturf,,,Sunday,13:00,Home,Davis Mills,Trevor Lawrence,Scott Novak,HOU00,0,-106,-104
2022,17,KC,DEN,8,7,1,outdoors,grass,47,2,Sunday,13:00,Home,Patrick Mahomes,Russell Wilson,Tra Blake,KAN00,0,104,-114
2022,17,NE,MIA,8,7,1,outdoors,fieldturf,53,2,Sunday,13:00,Home,Mac Jones,Teddy Bridgewater,Brad Allen,BOS00,0,-104,-106
2022,17,NYG,IND,8,6,0,outdoors,fieldturf,52,14,Sunday,13:00,Home,Daniel Jones,Nick Foles,Craig Wrolstad,NYC01,0,-105,-105
2022,17,PHI,NO,8,8,0,outdoors,grass,54,11,Sunday,13:00,Home,Gardner Minshew,Andy Dalton,Jerome Boger,PHI00,0,-100,-110
2022,17,TB,CAR,7,8,1,outdoors,grass,75,2,Sunday,13:00,Home,Tom Brady,Sam Darnold,Brad Rogers,TAM00,0,-100,-110
2022,17,WAS,CLE,8,8,0,outdoors,grass,59,9,Sunday,13:00,Home,Carson Wentz,Deshaun Watson,Bill Vinovich,WAS00,0,-110,-101
2022,18,LV,KC,6,6,1,dome,grass,,,Saturday,16:30,Home,Jarrett Stidham,Patrick Mahomes,Scott Novak,VEG00,0,-105,-105
2022,18,GB,DET,7,7,1,outdoors,grass,21,4,Sunday,20:20,Home,Aaron Rodgers,Jared Goff,Brad Rogers,GNB00,0,-100,-110
2022,18,ATL,TB,7,7,1,closed,fieldturf,,,Sunday,13:00,Home,Desmond Ridder,Blaine Gabbert,Land Clark,ATL97,0,100,-110
2022,18,BUF,NE,6,7,1,outdoors,a_turf,30,6,Sunday,13:00,Home,Josh Allen,Mac Jones,Clay Martin,BUF00,0,-115,104
2022,18,CHI,MIN,7,7,1,outdoors,grass,32,2,Sunday,13:00,Home,Nathan Peterman,Kirk Cousins,Brad Allen,CHI98,0,-106,-104
2022,18,CIN,BAL,6,7,1,outdoors,fieldturf,38,7,Sunday,13:00,Home,Joe Burrow,Anthony Brown,Ron Torbert,CIN00,0,-116,105
2022,18,DEN,LAC,7,7,1,outdoors,grass,43,4,Sunday,16:25,Home,Russell Wilson,Justin Herbert,Shawn Hochuli,DEN00,0,-106,-104
2022,18,IND,HOU,7,7,1,closed,fieldturf,,,Sunday,13:00,Home,Sam Ehlinger,Davis Mills,Jerome Boger,IND00,0,108,-119
2022,18,JAX,TEN,6,9,1,outdoors,grass,56,4,Saturday,20:15,Home,Trevor Lawrence,Joshua Dobbs,Bill Vinovich,JAX00,0,-104,-106
2022,18,MIA,NYJ,7,7,1,outdoors,grass,75,9,Sunday,13:00,Home,Skylar Thompson,Joe Flacco,John Hussey,MIA00,0,-107,-103
2022,18,NO,CAR,7,7,1,dome,sportturf,,,Sunday,13:00,Home,Andy Dalton,Sam Darnold,Alex Kemp,NOR00,0,103,-114
2022,18,PHI,NYG,7,7,1,outdoors,grass,43,12,Sunday,16:25,Home,Jalen Hurts,Davis Webb,Carl Cheffers,PHI00,0,-107,-103
2022,18,PIT,CLE,7,7,1,outdoors,grass,36,8,Sunday,13:00,Home,Kenny Pickett,Deshaun Watson,Clete Blakeman,PIT00,0,-109,-101
2022,18,SEA,LA,7,7,1,outdoors,fieldturf,45,4,Sunday,16:25,Home,Geno Smith,Baker Mayfield,Craig Wrolstad,SEA00,1,102,-112
2022,18,SF,ARI,7,7,1,outdoors,grass,57,2,Sunday,16:25,Home,Brock Purdy,David Blough,Adrian Hill,SFO01,0,-111,100
2022,18,WAS,DAL,7,10,1,outdoors,grass,42,7,Sunday,16:25,Home,Sam Howell,Dak Prescott,Tra Blake,WAS00,0,-110,-100
2022,2,KC,LAC,4,4,1,outdoors,grass,,,Thursday,20:15,Home,Patrick Mahomes,Justin Herbert,John Hussey,KAN00,0,102,-113
2022,2,GB,CHI,7,7,1,outdoors,grass,,,Sunday,20:20,Home,Aaron Rodgers,Justin Fields,Craig Wrolstad,GNB00,0,100,-111
2022,2,DAL,CIN,7,7,0,closed,matrixturf,,,Sunday,16:25,Home,Cooper Rush,Joe Burrow,Brad Allen,DAL00,0,-122,110
2022,2,DEN,HOU,6,7,0,outdoors,grass,,,Sunday,16:25,Home,Russell Wilson,Davis Mills,Carl Cheffers,DEN00,0,103,-114
2022,2,LV,ARI,7,7,0,dome,grass,,,Sunday,16:25,Home,Derek Carr,Kyler Murray,Clete Blakeman,VEG00,1,100,-110
2022,2,LA,ATL,10,7,0,dome,matrixturf,,,Sunday,16:05,Home,Matthew Stafford,Marcus Mariota,Clay Martin,LAX01,0,103,-113
2022,2,SF,SEA,7,6,1,outdoors,grass,,,Sunday,16:05,Home,Trey Lance,Geno Smith,Brad Rogers,SFO01,0,102,-113
2022,2,BAL,MIA,7,7,0,outdoors,grass,,,Sunday,13:00,Home,Lamar Jackson,Tua Tagovailoa,Adrian Hill,BAL00,0,-114,103
2022,2,CLE,NYJ,7,7,0,outdoors,grass,,,Sunday,13:00,Home,Jacoby Brissett,Joe Flacco,Tra Blake,CLE00,0,100,-111
2022,2,DET,WAS,7,7,0,dome,fieldturf,,,Sunday,13:00,Home,Jared Goff,Carson Wentz,Bill Vinovich,DET00,0,-103,-107
2022,2,JAX,IND,7,7,1,outdoors,grass,,,Sunday,13:00,Home,Trevor Lawrence,Matt Ryan,Alex Kemp,JAX00,0,-103,-107
2022,2,NO,TB,7,7,1,dome,sportturf,,,Sunday,13:00,Home,Jameis Winston,Tom Brady,Shawn Hochuli,NOR00,0,-102,-109
2022,2,NYG,CAR,7,7,0,outdoors,fieldturf,,,Sunday,13:00,Home,Daniel Jones,Baker Mayfield,Ron Torbert,NYC01,0,-104,-106
2022,2,PIT,NE,7,7,0,outdoors,grass,,,Sunday,13:00,Home,Mitch Trubisky,Mac Jones,Land Clark,PIT00,0,-109,-102
2022,2,PHI,MIN,8,8,0,outdoors,grass,,,Monday,20:30,Home,Jalen Hurts,Kirk Cousins,Scott Novak,PHI00,0,-117,106
2022,2,BUF,TEN,11,8,0,outdoors,a_turf,,,Monday,19:15,Home,Josh Allen,Ryan Tannehill,Shawn Smith,BUF00,0,104,-115
2022,3,CLE,PIT,4,4,1,outdoors,grass,,,Thursday,20:15,Home,Jacoby Brissett,Mitch Trubisky,Clay Martin,CLE00,0,101,-111
2022,3,DEN,SF,7,7,0,outdoors,grass,,,Sunday,20:20,Home,Russell Wilson,Jimmy Garoppolo,Shawn Hochuli,DEN00,0,-108,-102
2022,3,ARI,LA,7,7,1,closed,grass,,,Sunday,16:25,Home,Kyler Murray,Matthew Stafford,Adrian Hill,PHO00,0,-115,104
2022,3,SEA,ATL,7,7,0,outdoors,fieldturf,,,Sunday,16:25,Home,Geno Smith,Marcus Mariota,Tra Blake,SEA00,0,102,-112
2022,3,TB,GB,7,7,0,outdoors,grass,,,Sunday,16:25,Home,Tom Brady,Aaron Rodgers,Scott Novak,TAM00,0,-115,105
2022,3,LAC,JAX,10,7,0,dome,matrixturf,,,Sunday,16:05,Home,Justin Herbery,Trevor Lawrence,Craig Wrolstad,LAX01,0,-104,-106
2022,3,CAR,NO,7,7,1,outdoors,grass,,,Sunday,13:00,Home,Baker Mayfield,Jameis Winston,Carl Cheffers,CAR00,0,-109,-102
2022,3,CHI,HOU,7,7,0,outdoors,grass,,,Sunday,13:00,Home,Justin Fields,Davis Mills,Clete Blakeman,CHI98,0,-103,-107
2022,3,IND,KC,7,10,0,open,fieldturf,,,Sunday,13:00,Home,Matt Ryan,Patrick Mahomes,Shawn Smith,IND00,0,-114,103
2022,3,MIA,BUF,7,6,1,outdoors,grass,,,Sunday,13:00,Home,Tua Tagovailoa,Josh Allen,Alex Kemp,MIA00,0,-106,-104
2022,3,MIN,DET,6,7,1,dome,sportturf,,,Sunday,13:00,Home,Kirk Cousins,Jared Goff,John Hussey,MIN01,0,-110,-101
2022,3,NE,BAL,7,7,0,outdoors,fieldturf,,,Sunday,13:00,Home,Mac Jones,Lamar Jackson,Bill Vinovich,BOS00,0,104,-114
2022,3,NYJ,CIN,7,7,0,outdoors,fieldturf,,,Sunday,13:00,Home,Joe Flacco,Joe Burrow,Jerome Boger,NYC01,0,-115,104
2022,3,TEN,LV,6,7,0,outdoors,grass,,,Sunday,13:00,Home,Ryan Tannehill,Derek Carr,Brad Rogers,NAS00,0,103,-113
2022,3,WAS,PHI,7,6,1,outdoors,grass,,,Sunday,13:00,Home,Carson Wentz,Jalen Hurts,Ron Torbert,WAS00,0,-112,102
2022,3,NYG,DAL,8,8,1,outdoors,fieldturf,,,Monday,20:15,Home,Daniel Jones,Cooper Rush,Land Clark,NYC01,0,-113,103
2022,4,CIN,MIA,4,4,0,outdoors,fieldturf,,,Thursday,20:15,Home,Joe Burrow,Tua Tagovailoa,Tra Blake,CIN00,0,-103,-107
2022,4,TB,KC,7,7,0,outdoors,grass,,,Sunday,20:20,Home,Tom Brady,Patrick Mahomes,Bill Vinovich,TAM00,0,-118,107
2022,4,GB,NE,7,7,0,outdoors,grass,,,Sunday,16:25,Home,Aaron Rodgers,Brian Hoyer,Adrian Hill,GNB00,1,109,-120
2022,4,LV,DEN,7,7,1,dome,grass,,,Sunday,16:25,Home,Derek Carr,Russell Wilson,Land Clark,VEG00,0,-109,-101
2022,4,CAR,ARI,7,7,0,outdoors,grass,,,Sunday,16:05,Home,Baker Mayfield,Kyler Murray,John Hussey,CAR00,0,-106,-104
2022,4,ATL,CLE,7,10,0,open,fieldturf,,,Sunday,13:00,Home,Marcus Mariota,Jacoby Brissett,Craig Wrolstad,ATL97,0,-109,-101
2022,4,BAL,BUF,7,7,0,outdoors,grass,,,Sunday,13:00,Home,Lamar Jackson,Josh Allen,Jerome Boger,BAL00,0,106,-117
2022,4,DAL,WAS,6,7,1,closed,matrixturf,,,Sunday,13:00,Home,Cooper Rush,Carson Wentz,Shawn Smith,DAL00,0,-101,-110
2022,4,DET,SEA,7,7,0,dome,fieldturf,,,Sunday,13:00,Home,Jared Goff,Geno Smith,Clay Martin,DET00,0,-113,103
2022,4,HOU,LAC,7,7,0,closed,astroturf,,,Sunday,13:00,Home,Davis Mills,Justin Herbert,Alex Kemp,HOU00,0,-104,-106
2022,4,IND,TEN,7,7,1,open,fieldturf,,,Sunday,13:00,Home,Matt Ryan,Ryan Tannehill,Scott Novak,IND00,0,-105,-105
2022,4,NYG,CHI,6,7,0,outdoors,fieldturf,,,Sunday,13:00,Home,Daniel Jones,Justin Fields,Carl Cheffers,NYC01,0,109,-120
2022,4,PHI,JAX,7,7,0,outdoors,grass,,,Sunday,13:00,Home,Jalen Hurts,Trevor Lawrence,Shawn Hochuli,PHI00,0,-102,-109
2022,4,PIT,NYJ,10,7,0,outdoors,grass,,,Sunday,13:00,Home,Mitch Trubisky,Zach Wilson,Brad Rogers,PIT00,0,-108,-102
2022,4,NO,MIN,7,7,0,outdoors,,,,Sunday,09:30,Neutral,Andy Dalton,Kirk Cousins,Clete Blakeman,LON02,0,-107,-103
2022,4,SF,LA,8,8,1,outdoors,grass,,,Monday,20:15,Home,Jimmy Garoppolo,Matthew Stafford,Brad Allen,SFO01,0,-116,106
2022,5,DEN,IND,4,4,0,outdoors,grass,,,Thursday,20:15,Home,Russell Wilson,Matt Ryan,Brad Rogers,DEN00,1,104,-114
2022,5,BAL,CIN,7,10,1,outdoors,grass,,,Sunday,20:20,Home,Lamar Jackson,Joe Burrow,Scott Novak,BAL00,0,-114,103
2022,5,ARI,PHI,7,7,0,closed,grass,,,Sunday,16:25,Home,Kyler Murray,Jalen Hurts,Tra Blake,PHO00,0,-111,101
2022,5,LA,DAL,6,7,0,dome,matrixturf,,,Sunday,16:25,Home,Matthew Stafford,Cooper Rush,Bill Vinovich,LAX01,0,102,-112
2022,5,CAR,SF,7,6,0,outdoors,grass,,,Sunday,16:05,Home,Baker Mayfield,Jimmy Garoppolo,Shawn Smith,CAR00,0,-109,-102
2022,5,BUF,PIT,7,7,0,outdoors,a_turf,,,Sunday,13:00,Home,Josh Allen,Kenny Pickett,John Hussey,BUF00,0,-102,-108
2022,5,CLE,LAC,7,7,0,outdoors,grass,,,Sunday,13:00,Home,Jacoby Brissett,Justin Herbert,Adrian Hill,CLE00,0,-104,-106
2022,5,JAX,HOU,7,7,1,outdoors,grass,,,Sunday,13:00,Home,Trevor Lawrence,Davis Mills,Ron Torbert,JAX00,0,102,-113
2022,5,MIN,CHI,7,7,1,dome,sportturf,,,Sunday,13:00,Home,Kirk Cousins,Justin Fields,Shawn Hochuli,MIN01,0,105,-116
2022,5,NE,DET,7,7,0,outdoors,fieldturf,,,Sunday,13:00,Home,Bailey Zappe,Jared Goff,Craig Wrolstad,BOS00,0,102,-113
2022,5,NO,SEA,7,7,0,dome,sportturf,,,Sunday,13:00,Home,Andy Dalton,Geno Smith,Brad Allen,NOR00,0,-104,-106
2022,5,NYJ,MIA,7,10,1,outdoors,fieldturf,,,Sunday,13:00,Home,Zach Wilson,Teddy Bridgewater,Clay Martin,NYC01,0,100,-110
2022,5,TB,ATL,7,7,1,outdoors,grass,,,Sunday,13:00,Home,Tom Brady,Marcus Mariota,Jerome Boger,TAM00,0,102,-113
2022,5,WAS,TEN,7,7,0,outdoors,grass,,,Sunday,13:00,Home,Carson Wentz,Ryan Tannehill,Land Clark,WAS00,0,-108,-102
2022,5,GB,NYG,7,7,0,outdoors,,,,Sunday,09:30,Neutral,Aaron Rodgers,Daniel Jones,Alex Kemp,LON02,0,-115,104
2022,5,KC,LV,8,8,1,outdoors,grass,,,Monday,20:15,Home,Patrick Mahomes,Derek Carr,Carl Cheffers,KAN00,0,113,-125
2022,6,CHI,WAS,4,4,0,outdoors,grass,,,Thursday,20:15,Home,Justin Fields,Carson Wentz,Adrian Hill,CHI98,0,102,-112
2022,6,PHI,DAL,7,7,1,outdoors,grass,,,Sunday,20:20,Home,Jalen Hurts,Cooper Rush,John Hussey,PHI00,0,-120,109
2022,6,KC,BUF,6,7,0,outdoors,grass,,,Sunday,16:25,Home,Patrick Mahomes,Josh Allen,Brad Allen,KAN00,0,105,-116
2022,6,LA,CAR,7,7,0,dome,matrixturf,,,Sunday,16:05,Home,Matthew Stafford,Phillip Walker,Tra Blake,LAX01,0,102,-112
2022,6,SEA,ARI,7,7,1,outdoors,fieldturf,,,Sunday,16:05,Home,Geno Smith,Kyler Murray,Shawn Hochuli,SEA00,0,-104,-106
2022,6,ATL,SF,7,7,0,open,fieldturf,,,Sunday,13:00,Home,Marcus Mariota,Jimmy Garoppolo,Carl Cheffers,ATL97,0,-110,-100
2022,6,CLE,NE,7,7,0,outdoors,grass,,,Sunday,13:00,Home,Jacoby Brissett,Bailey Zappe,Scott Novak,CLE00,0,-111,101
2022,6,GB,NYJ,7,7,0,outdoors,grass,,,Sunday,13:00,Home,Aaron Rodgers,Zach Wilson,Clete Blakeman,GNB00,0,-109,-101
2022,6,IND,JAX,10,7,1,open,fieldturf,,,Sunday,13:00,Home,Matt Ryan,Trevor Lawrence,Jerome Boger,IND00,0,-114,103
2022,6,MIA,MIN,7,7,0,outdoors,grass,,,Sunday,13:00,Home,Teddy Bridgewater,Kirk Cousins,Brad Rogers,MIA00,0,109,-120
2022,6,NO,CIN,7,7,0,dome,sportturf,,,Sunday,13:00,Home,Andy Dalton,Joe Burrow,Land Clark,NOR00,0,100,-110
2022,6,NYG,BAL,7,7,0,outdoors,fieldturf,,,Sunday,13:00,Home,Daniel Jones,Lamar Jackson,Clay Martin,NYC01,0,-103,-107
2022,6,PIT,TB,7,7,0,outdoors,grass,,,Sunday,13:00,Home,Kenny Pickett,Tom Brady,Shawn Smith,PIT00,0,-113,103
2022,6,LAC,DEN,8,11,1,dome,matrixturf,,,Monday,20:15,Home,Justin Herbert,Russell Wilson,Ron Torbert,LAX01,1,-107,-103
2022,7,ARI,NO,4,4,0,open,grass,,,Thursday,20:15,Home,Kyler Murray,Andy Dalton,Jerome Boger,PHO00,0,-109,-101
2022,7,MIA,PIT,7,7,0,outdoors,grass,,,Sunday,20:20,Home,Tua Tagovailoa,Kenny Pickett,Scott Novak,MIA00,0,108,-119
2022,7,LAC,SEA,6,7,0,dome,matrixturf,,,Sunday,16:25,Home,Justin Herbert,Geno Smith,Land Clark,LAX01,0,101,-111
2022,7,SF,KC,7,7,0,outdoors,,,,Sunday,16:25,Home,Jimmy Garoppolo,Patrick Mahomes,Alex Kemp,SFO01,0,-112,102
2022,7,DEN,NYJ,6,7,0,outdoors,grass,,,Sunday,16:05,Home,Brett Rypien,Zach Wilson,Bill Vinovich,DEN00,0,-104,-106
2022,7,LV,HOU,13,14,0,dome,grass,,,Sunday,16:05,Home,Derek Carr,Davis Mills,John Hussey,VEG00,0,-115,104
2022,7,BAL,CLE,7,7,1,outdoors,grass,,,Sunday,13:00,Home,Lamar Jackson,Jacoby Brissett,Shawn Smith,BAL00,0,-110,100
2022,7,CAR,TB,7,7,1,outdoors,grass,,,Sunday,13:00,Home,Phillip Walker,Tom Brady,Craig Wrolstad,CAR00,0,-107,-103
2022,7,CIN,ATL,7,7,0,outdoors,fieldturf,,,Sunday,13:00,Home,Joe Burrow,Marcus Mariota,Clete Blakeman,CIN00,0,-110,-100
2022,7,DAL,DET,7,14,0,closed,matrixturf,,,Sunday,13:00,Home,Dak Prescott,Jared Goff,Adrian Hill,DAL00,0,102,-112
2022,7,JAX,NYG,7,7,0,outdoors,grass,,,Sunday,13:00,Home,Trevor Lawrence,Daniel Jones,Tra Blake,JAX00,0,-112,102
2022,7,TEN,IND,14,7,1,outdoors,grass,,,Sunday,13:00,Home,Ryan Tannehill,Matt Ryan,Ron Torbert,NAS00,0,-108,-102
2022,7,WAS,GB,10,7,0,outdoors,grass,,,Sunday,13:00,Home,Taylor Heinicke,Aaron Rodgers,Clay Martin,WAS00,0,-108,-102
2022,7,NE,CHI,8,11,0,outdoors,fieldturf,,,Monday,20:15,Home,Mac Jones,Justin Fields,Brad Allen,BOS00,0,-100,-110
2022,8,TB,BAL,4,4,0,outdoors,grass,,,Thursday,20:15,Home,Tom Brady,Lamar Jackson,Carl Cheffers,TAM00,0,-106,-104
2022,8,BUF,GB,14,7,0,outdoors,a_turf,,,Sunday,20:20,Home,Josh Allen,Aaron Rodgers,Ron Torbert,BUF00,0,100,-110
2022,8,IND,WAS,7,7,0,closed,fieldturf,,,Sunday,16:25,Home,Sam Ehlinger,Taylor Heinicke,Craig Wrolstad,IND00,0,103,-114
2022,8,LA,SF,14,7,1,dome,matrixturf,,,Sunday,16:25,Home,Matthew Stafford,Jimmy Garoppolo,John Hussey,LAX01,0,-114,103
2022,8,SEA,NYG,7,7,0,outdoors,fieldturf,,,Sunday,16:25,Home,Geno Smith,Daniel Jones,Jerome Boger,SEA00,0,-110,-100
2022,8,HOU,TEN,7,7,1,closed,astroturf,,,Sunday,16:05,Home,Davis Mills,Malik Willis,Clay Martin,HOU00,0,-103,-107
2022,8,ATL,CAR,7,7,1,closed,fieldturf,,,Sunday,13:00,Home,Marcus Mariota,Phillip Walker,Shawn Hochuli,ATL97,1,-100,-110
2022,8,DAL,CHI,7,6,0,open,matrixturf,,,Sunday,13:00,Home,Dak Prescott,Justin Fields,Brad Rogers,DAL00,0,109,-121
2022,8,DET,MIA,7,7,0,dome,fieldturf,,,Sunday,13:00,Home,Jared Goff,Tua Tagovailoa,Alex Kemp,DET00,0,102,-112
2022,8,MIN,ARI,14,10,0,dome,sportturf,,,Sunday,13:00,Home,Kirk Cousins,Kyler Murray,Brad Allen,MIN01,0,-105,-105
2022,8,NO,LV,10,7,0,dome,sportturf,,,Sunday,13:00,Home,Jameis Winston,Derek Carr,Scott Novak,NOR00,0,101,-111
2022,8,NYJ,NE,7,6,1,outdoors,fieldturf,,,Sunday,13:00,Home,Zach Wilson,Mac Jones,Shawn Smith,NYC01,0,-107,-103
2022,8,PHI,PIT,14,7,0,outdoors,grass,,,Sunday,13:00,Home,Jalen Hurts,Kenny Pickett,Clete Blakeman,PHI00,0,-112,102
2022,8,JAX,DEN,7,7,0,outdoors,,,,Sunday,09:30,Neutral,Trevor Lawrence,Russell Wilson,Adrian Hill,LON00,0,101,-112
2022,8,CLE,CIN,8,8,1,outdoors,grass,66,9,Monday,20:15,Home,Jacoby Brissett,Joe Burrow,Bill Vinovich,CLE00,0,102,-112
2022,9,HOU,PHI,4,4,0,closed,astroturf,,,Thursday,20:15,Home,Davis Mills,Jalen Hurts,Craig Wrolstad,HOU00,0,-113,102
2022,9,KC,TEN,14,7,0,outdoors,grass,54,7,Sunday,20:20,Home,Patrick Mahomes,Malik Willis,Clete Blakeman,KAN00,1,-103,-107
2022,9,TB,LA,10,7,0,outdoors,grass,88,2,Sunday,16:25,Home,Tom Brady,Matthew Stafford,Shawn Hochuli,TAM00,0,-106,-104
2022,9,ARI,SEA,7,7,1,open,grass,,,Sunday,16:05,Home,Kyler Murray,Geno Smith,Carl Cheffers,PHO00,0,-113,102
2022,9,ATL,LAC,7,14,0,open,fieldturf,,,Sunday,13:00,Home,Marcus Mariota,Justin Herbert,John Hussey,ATL97,0,103,-114
2022,9,CHI,MIA,7,7,0,outdoors,grass,58,17,Sunday,13:00,Home,Justin Fields,Tua Tagovailoa,Ron Torbert,CHI98,0,-107,-103
2022,9,CIN,CAR,6,7,0,outdoors,fieldturf,68,11,Sunday,13:00,Home,Joe Burrow,Phillip Walker,Alex Kemp,CIN00,0,-110,-100
2022,9,DET,GB,7,7,1,dome,fieldturf,,,Sunday,13:00,Home,Jared Goff,Aaron Rodgers,Tra Blake,DET00,0,-103,-107
2022,9,JAX,LV,7,7,0,outdoors,grass,81,14,Sunday,13:00,Home,Trevor Lawrence,Derek Carr,Bill Vinovich,JAX00,0,-108,-102
2022,9,NE,IND,7,7,0,outdoors,fieldturf,78,13,Sunday,13:00,Home,Mac Jones,Sam Ehlinger,Clay Martin,BOS00,0,104,-115
2022,9,NYJ,BUF,7,7,1,outdoors,fieldturf,69,17,Sunday,13:00,Home,Zach Wilson,Josh Allen,Land Clark,NYC01,0,-114,103
2022,9,WAS,MIN,7,7,0,outdoors,grass,71,11,Sunday,13:00,Home,Taylor Heinicke,Kirk Cousins,Jerome Boger,WAS00,0,108,-119
2022,9,NO,BAL,8,11,0,dome,sportturf,,,Monday,20:15,Home,Andy Dalton,Lamar Jackson,Brad Rogers,NOR00,0,106,-117
2023,1,KC,DET,7,7,0,outdoors,,,,Thursday,20:20,Home,Patrick Mahomes,Jared Goff,John Hussey,KAN00,0,-110,-110
2023,1,NYG,DAL,7,7,1,outdoors,,,,Sunday,20:20,Home,Daniel Jones,Dak Prescott,Adrian Hill,NYC01,0,-120,100
2023,1,CHI,GB,7,7,1,outdoors,,,,Sunday,16:25,Home,Justin Fields,Jordan Love,Craig Wrolstad,CHI98,0,-110,-110
2023,1,DEN,LV,7,7,1,outdoors,,,,Sunday,16:25,Home,Russell Wilson,Jimmy Garoppolo,Bill Vinovich,DEN00,0,-115,-105
2023,1,LAC,MIA,7,7,0,dome,,,,Sunday,16:25,Home,Justin Herbert,Tua Tagovailoa,Brad Allen,LAX01,0,-110,-110
2023,1,NE,PHI,7,7,0,outdoors,,,,Sunday,16:25,Home,Mac Jones,Jalen Hurts,Shawn Hochuli,BOS00,0,-110,-110
2023,1,SEA,LA,7,7,1,outdoors,,,,Sunday,16:25,Home,Geno Smith,Matthew Stafford,Shawn Smith,SEA00,0,-110,-110
2023,1,ATL,CAR,7,7,1,closed,,,,Sunday,13:00,Home,Desmond Ridder,Bryce Young,Brad Rogers,ATL97,0,-112,-108
2023,1,BAL,HOU,7,7,0,outdoors,,,,Sunday,13:00,Home,Lamar Jackson,C.J. Stroud,Tra Blake,BAL00,0,-110,-110
2023,1,CLE,CIN,7,7,1,outdoors,,,,Sunday,13:00,Home,Deshaun Watson,Joe Burrow,Clete Blakeman,CLE00,0,-115,-105
2023,1,IND,JAX,7,7,1,closed,,,,Sunday,13:00,Home,Anthony Richardson,Trevor Lawrence,Clay Martin,IND00,0,-112,-108
2023,1,MIN,TB,7,7,0,dome,,,,Sunday,13:00,Home,Kirk Cousins,Baker Mayfield,Scott Novak,MIN01,0,-110,-110
2023,1,NO,TEN,7,7,0,dome,,,,Sunday,13:00,Home,Derek Carr,Ryan Tannehill,Ron Torbert,NOR00,0,-102,-118
2023,1,PIT,SF,7,7,0,outdoors,,,,Sunday,13:00,Home,Kenny Pickett,Brock Purdy,Alex Kemp,PIT00,0,-112,-108
2023,1,WAS,ARI,7,7,0,outdoors,,,,Sunday,13:00,Home,Sam Howell,Joshua Dobbs,Alan Eck,WAS00,0,-112,-108
2023,1,NYJ,BUF,7,7,1,outdoors,,,,Monday,20:15,Home,Aaron Rodgers,Josh Allen,Carl Cheffers,NYC01,1,-110,-110
2023,10,CHI,CAR,4,4,0,outdoors,grass,51,8,Thursday,20:15,Home,Tyson Bagent,Bryce Young,Clete Blakeman,CHI98,0,-120,100
2023,10,LV,NYJ,7,6,0,dome,grass,,,Sunday,20:20,Home,Aidan O'Connell,Zach Wilson,Shawn Hochuli,VEG00,0,-112,-108
2023,10,DAL,NYG,7,7,1,closed,matrixturf,,,Sunday,16:25,Home,Dak Prescott,Tommy DeVito,Brad Rogers,DAL00,0,-112,-108
2023,10,SEA,WAS,7,7,0,outdoors,fieldturf,52,4,Sunday,16:25,Home,Geno Smith,Sam Howell,Alex Kemp,SEA00,0,-110,-110
2023,10,ARI,ATL,7,7,0,closed,grass,,,Sunday,16:05,Home,Kyler Murray,Taylor Heinicke,Craig Wrolstad,PHO00,0,-110,-110
2023,10,LAC,DET,6,13,0,dome,matrixturf,,,Sunday,16:05,Home,Justin Herbert,Jared Goff,Shawn Smith,LAX01,0,-110,-110
2023,10,BAL,CLE,7,7,1,outdoors,grass,49,4,Sunday,13:00,Home,Lamar Jackson,Deshaun Watson,Land Clark,BAL00,0,-108,-112
2023,10,CIN,HOU,7,7,0,outdoors,fieldturf,56,6,Sunday,13:00,Home,Joe Burrow,C.J. Stroud,Carl Cheffers,CIN00,0,-110,-110
2023,10,JAX,SF,14,14,0,outdoors,grass,59,11,Sunday,13:00,Home,Trevor Lawrence,Brock Purdy,Brad Allen,JAX00,0,-108,-112
2023,10,MIN,NO,7,7,0,dome,sportturf,,,Sunday,13:00,Home,Joshua Dobbs,Derek Carr,Adrian Hill,MIN01,0,-115,-105
2023,10,PIT,GB,10,7,0,outdoors,grass,50,5,Sunday,13:00,Home,Kenny Pickett,Jordan Love,Scott Novak,PIT00,0,-120,100
2023,10,TB,TEN,7,10,0,outdoors,grass,85,6,Sunday,13:00,Home,Baker Mayfield,Will Levis,Alan Eck,TAM00,0,-115,-105
2023,10,NE,IND,7,7,0,outdoors,grass,,,Sunday,09:30,Neutral,Mac Jones,Gardner Minshew,Tra Blake,FRA00,0,-110,-110
2023,10,BUF,DEN,8,15,0,outdoors,a_turf,49,10,Monday,20:15,Home,Josh Allen,Russell Wilson,Bill Vinovich,BUF00,0,-108,-112
2023,11,BAL,CIN,4,4,1,outdoors,grass,56,1,Thursday,20:15,Home,Lamar Jackson,Joe Burrow,Adrian Hill,BAL00,0,-108,-112
2023,11,DEN,MIN,6,7,0,outdoors,grass,53,3,Sunday,20:20,Home,Russell Wilson,Joshua Dobbs,Ron Torbert,DEN00,0,-118,-102
2023,11,BUF,NYJ,6,7,1,outdoors,a_turf,40,9,Sunday,16:25,Home,Josh Allen,Zach Wilson,Alan Eck,BUF00,0,-112,-108
2023,11,LA,SEA,14,7,1,dome,matrixturf,,,Sunday,16:25,Home,Matthew Stafford,Geno Smith,Carl Cheffers,LAX01,0,-110,-110
2023,11,SF,TB,7,7,0,outdoors,grass,65,10,Sunday,16:05,Home,Brock Purdy,Baker Mayfield,Craig Wrolstad,SFO01,0,-110,-110
2023,11,CAR,DAL,10,7,0,outdoors,grass,65,2,Sunday,13:00,Home,Bryce Young,Dak Prescott,Clay Martin,CAR00,0,-110,-110
2023,11,CLE,PIT,7,7,1,outdoors,grass,48,11,Sunday,13:00,Home,Dorian Thompson-Robinson,Kenny Pickett,Shawn Hochuli,CLE00,0,-115,-105
2023,11,DET,CHI,7,10,1,dome,fieldturf,,,Sunday,13:00,Home,Jared Goff,Justin Fields,Scott Novak,DET00,0,-110,-110
2023,11,GB,LAC,7,7,0,outdoors,grass,45,5,Sunday,13:00,Home,Jordan Love,Justin Herbert,John Hussey,GNB00,0,-110,-110
2023,11,HOU,ARI,7,7,0,closed,astroturf,,,Sunday,13:00,Home,C.J. Stroud,Kyler Murray,Alex Kemp,HOU00,0,-112,-108
2023,11,JAX,TEN,7,7,1,outdoors,grass,75,3,Sunday,13:00,Home,Trevor Lawrence,Will Levis,Brad Rogers,JAX00,0,-115,-105
2023,11,MIA,LV,14,7,0,outdoors,grass,82,7,Sunday,13:00,Home,Tua Tagovailoa,Aidan O'Connell,Bill Vinovich,MIA00,0,-110,-110
2023,11,WAS,NYG,7,7,1,outdoors,grass,56,7,Sunday,13:00,Home,Sam Howell,Tommy DeVito,Brad Allen,WAS00,0,-110,-110
2023,11,KC,PHI,15,15,0,outdoors,grass,45,12,Monday,20:15,Home,Patrick Mahomes,Jalen Hurts,Shawn Smith,KAN00,0,-120,100
2023,12,SEA,SF,4,4,1,outdoors,fieldturf,39,4,Thursday,20:20,Home,Geno Smith,Brock Purdy,Tra Blake,SEA00,0,-108,-112
2023,12,DAL,WAS,4,4,1,closed,matrixturf,,,Thursday,16:30,Home,Dak Prescott,Sam Howell,Bill Vinovich,DAL00,0,-110,-110
2023,12,DET,GB,4,4,1,dome,fieldturf,,,Thursday,12:30,Home,Jared Goff,Jordan Love,Carl Cheffers,DET00,0,-115,-105
2023,12,NYJ,MIA,5,5,1,outdoors,fieldturf,48,11,Friday,15:00,Home,Tim Boyle,Tua Tagovailoa,John Hussey,NYC01,0,100,-120
2023,12,LAC,BAL,7,10,0,dome,matrixturf,,,Sunday,20:20,Home,Justin Herbert,Lamar Jackson,Alan Eck,LAX01,0,-105,-115
2023,12,LV,KC,7,6,1,dome,grass,,,Sunday,16:25,Home,Aidan O'Connell,Patrick Mahomes,Land Clark,VEG00,0,-110,-110
2023,12,PHI,BUF,6,7,0,outdoors,grass,47,6,Sunday,16:25,Home,Jalen Hurts,Josh Allen,Shawn Hochuli,PHI00,1,-115,-105
2023,12,ARI,LA,7,7,1,closed,grass,,,Sunday,16:05,Home,Kyler Murray,Matthew Stafford,Shawn Smith,PHO00,0,-115,-105
2023,12,DEN,CLE,7,7,0,outdoors,grass,40,5,Sunday,16:05,Home,Russell Wilson,Dorian Thompson-Robinson,Adrian Hill,DEN00,0,-110,-110
2023,12,ATL,NO,14,14,1,closed,fieldturf,,,Sunday,13:00,Home,Desmond Ridder,Derek Carr,Brad Allen,ATL97,0,-110,-110
2023,12,CIN,PIT,10,7,1,outdoors,fieldturf,48,9,Sunday,13:00,Home,Jake Browning,Kenny Pickett,Brad Rogers,CIN00,0,-108,-112
2023,12,HOU,JAX,7,7,1,closed,astroturf,,,Sunday,13:00,Home,C.J. Stroud,Trevor Lawrence,Clay Martin,HOU00,0,-110,-110
2023,12,IND,TB,14,7,0,closed,fieldturf,,,Sunday,13:00,Home,Gardner Minshew,Baker Mayfield,Clete Blakeman,IND00,0,-115,-105
2023,12,NYG,NE,7,14,0,outdoors,fieldturf,43,6,Sunday,13:00,Home,Tommy DeVito,Mac Jones,Scott Novak,NYC01,0,-112,-108
2023,12,TEN,CAR,7,7,0,outdoors,grass,51,13,Sunday,13:00,Home,Will Levis,Bryce Young,Ron Torbert,NAS00,0,-105,-112
2023,12,MIN,CHI,8,8,1,dome,sportturf,,,Monday,20:15,Home,Joshua Dobbs,Justin Fields,Alex Kemp,MIN01,0,-115,-105
2023,13,DAL,SEA,7,7,0,closed,matrixturf,,,Thursday,20:15,Home,Dak Prescott,Geno Smith,Clete Blakeman,DAL00,0,-118,-102
2023,13,GB,KC,10,7,0,outdoors,grass,31,9,Sunday,20:20,Home,Jordan Love,Patrick Mahomes,Brad Allen,GNB00,0,-102,-118
2023,13,LA,CLE,7,7,0,dome,matrixturf,,,Sunday,16:25,Home,Matthew Stafford,Joe Flacco,John Hussey,LAX01,0,-110,-110
2023,13,HOU,DEN,7,7,0,closed,astroturf,,,Sunday,13:00,Home,C.J. Stroud,Russell Wilson,Shawn Smith,HOU00,0,102,-122
2023,13,PHI,SF,7,10,0,outdoors,grass,52,44,Sunday,16:25,Home,Jalen Hurts,Brock Purdy,Alex Kemp,PHI00,0,-115,-105
2023,13,NE,LAC,7,7,0,outdoors,fieldturf,44,8,Sunday,13:00,Home,Bailey Zappe,Justin Herbert,Bill Vinovich,BOS00,0,-110,-110
2023,13,NO,DET,7,10,0,dome,sportturf,,,Sunday,13:00,Home,Derek Carr,Jared Goff,Clay Martin,NOR00,0,-110,-110
2023,13,NYJ,ATL,9,7,0,outdoors,fieldturf,50,8,Sunday,13:00,Home,Tim Boyle,Desmond Ridder,Ron Torbert,NYC01,0,-112,-108
2023,13,PIT,ARI,7,7,0,outdoors,grass,56,12,Sunday,13:00,Home,Kenny Pickett,Kyler Murray,Land Clark,PIT00,0,-115,-105
2023,13,TEN,IND,7,7,1,outdoors,grass,53,13,Sunday,13:00,Home,Will Levis,Gardner Minshew,Craig Wrolstad,NAS00,1,-110,-110
2023,13,WAS,MIA,10,9,0,outdoors,grass,53,2,Sunday,13:00,Home,Sam Howell,Tua Tagovailoa,Tra Blake,WAS00,0,-108,-112
2023,13,JAX,CIN,8,8,0,outdoors,grass,61,4,Monday,20:15,Home,Trevor Lawrence,Jake Browning,Scott Novak,JAX00,1,-115,-105
2023,14,PIT,NE,4,4,0,outdoors,grass,42,5,Thursday,20:15,Home,Mitchell Trubisky,Bailey Zappe,Clay Martin,PIT00,0,-102,-118
2023,14,DAL,PHI,10,7,1,closed,matrixturf,,,Sunday,20:20,Home,Dak Prescott,Jalen Hurts,John Hussey,DAL00,0,-102,-118
2023,14,KC,BUF,7,14,0,outdoors,grass,45,5,Sunday,16:25,Home,Patrick Mahomes,Josh Allen,Carl Cheffers,KAN00,0,-110,-110
2023,14,LAC,DEN,7,7,1,dome,matrixturf,,,Sunday,16:25,Home,Justin Herbert,Russell Wilson,Clete Blakeman,LAX01,0,-108,-112
2023,14,LV,MIN,14,13,0,dome,grass,,,Sunday,16:05,Home,Aidan O'Connell,Joshua Dobbs,Craig Wrolstad,VEG00,0,-112,-108
2023,14,SF,SEA,7,10,1,outdoors,grass,63,5,Sunday,16:05,Home,Brock Purdy,Drew Lock,Brad Rogers,SFO01,0,-110,-110
2023,14,ATL,TB,7,7,1,closed,fieldturf,,,Sunday,13:00,Home,Desmond Ridder,Baker Mayfield,Alex Kemp,ATL97,0,-112,-108
2023,14,BAL,LA,14,7,0,outdoors,grass,57,5,Sunday,13:00,Home,Lamar Jackson,Matthew Stafford,Scott Novak,BAL00,1,-105,-115
2023,14,CHI,DET,13,7,1,outdoors,grass,36,12,Sunday,13:00,Home,Justin Fields,Jared Goff,Tra Blake,CHI98,0,100,-120
2023,14,CIN,IND,6,7,0,outdoors,fieldturf,40,9,Sunday,13:00,Home,Jake Browning,Gardner Minshew,Shawn Hochuli,CIN00,0,-102,-118
2023,14,CLE,JAX,7,6,0,outdoors,grass,39,11,Sunday,13:00,Home,Joe Flacco,Trevor Lawrence,Ron Torbert,CLE00,0,-112,-108
2023,14,NO,CAR,7,7,1,dome,sportturf,,,Sunday,13:00,Home,Derek Carr,Bryce Young,Alan Eck,NOR00,0,-110,-110
2023,14,NYJ,HOU,7,7,0,outdoors,fieldturf,58,7,Sunday,13:00,Home,Zach Wilson,C.J. Stroud,Brad Allen,NYC01,0,-112,-108
2023,14,MIA,TEN,8,8,0,outdoors,grass,64,9,Monday,20:15,Home,Tua Tagovailoa,Will Levis,Adrian Hill,MIA00,0,-110,-110
2023,14,NYG,GB,15,8,0,outdoors,fieldturf,39,14,Monday,20:15,Home,Tommy DeVito,Jordan Love,Land Clark,NYC01,0,-108,-112
2023,15,LV,LAC,4,4,1,dome,grass,,,Thursday,20:15,Home,Aidan O'Connell,Easton Stick,Ron Torbert,VEG00,0,-110,-110
2023,15,DET,DEN,6,6,0,dome,fieldturf,,,Saturday,20:15,Home,Jared Goff,Russell Wilson,John Hussey,DET00,0,-112,-108
2023,15,IND,PIT,6,9,0,closed,fieldturf,,,Saturday,16:30,Home,Gardner Minshew,Mitchell Trubisky,Adrian Hill,IND00,0,-110,-110
2023,15,CIN,MIN,6,6,0,outdoors,fieldturf,53,5,Saturday,13:00,Home,Jake Browning,Nick Mullens,Bill Vinovich,CIN00,1,-115,-105
2023,15,JAX,BAL,7,7,0,outdoors,grass,58,13,Sunday,20:20,Home,Trevor Lawrence,Lamar Jackson,Shawn Smith,JAX00,0,-110,-110
2023,15,BUF,DAL,7,7,0,outdoors,a_turf,48,9,Sunday,16:25,Home,Josh Allen,Dak Prescott,Craig Wrolstad,BUF00,0,-112,-108
2023,15,ARI,SF,14,7,1,open,grass,,,Sunday,16:05,Home,Kyler Murray,Brock Purdy,Scott Novak,PHO00,0,-110,-110
2023,15,LA,WAS,7,14,0,dome,matrixturf,,,Sunday,16:05,Home,Matthew Stafford,Sam Howell,Alan Eck,LAX01,0,-112,-108
2023,15,CAR,ATL,7,7,1,outdoors,grass,47,11,Sunday,13:00,Home,Bryce Young,Desmond Ridder,Land Clark,CAR00,0,-118,-102
2023,15,CLE,CHI,7,7,0,outdoors,grass,45,15,Sunday,13:00,Home,Joe Flacco,Justin Fields,Brad Allen,CLE00,0,100,-120
2023,15,GB,TB,6,7,0,outdoors,grass,42,8,Sunday,13:00,Home,Jordan Love,Baker Mayfield,Tra Blake,GNB00,0,-110,-110
2023,15,MIA,NYJ,6,7,1,outdoors,grass,76,15,Sunday,13:00,Home,Tua Tagovailoa,Zach Wilson,Brad Rogers,MIA00,0,-105,-115
2023,15,NE,KC,10,7,0,outdoors,fieldturf,53,7,Sunday,13:00,Home,Bailey Zappe,Patrick Mahomes,Shawn Hochuli,BOS00,0,-108,-112
2023,15,NO,NYG,7,6,0,dome,sportturf,,,Sunday,13:00,Home,Derek Carr,Tommy DeVito,Carl Cheffers,NOR00,0,-112,-108
2023,15,TEN,HOU,6,7,1,outdoors,grass,48,9,Sunday,13:00,Home,Will Levis,Case Keenum,Clete Blakeman,NAS00,1,-120,100
2023,15,SEA,PHI,8,8,0,outdoors,fieldturf,46,2,Monday,20:15,Home,Drew Lock,Jalen Hurts,Clay Martin,SEA00,0,100,-120
2023,16,LA,NO,4,4,0,dome,matrixturf,,,Thursday,20:15,Home,Matthew Stafford,Derek Carr,Brad Rogers,LAX01,0,-120,100
2023,16,LAC,BUF,9,6,0,dome,matrixturf,,,Saturday,20:00,Home,Easton Stick,Josh Allen,Adrian Hill,LAX01,0,-115,-105
2023,16,PIT,CIN,7,7,1,outdoors,grass,49,5,Saturday,16:30,Home,Mason Rudolph,Jake Browning,Craig Wrolstad,PIT00,0,-115,-105
2023,16,DEN,NE,8,7,0,outdoors,grass,28,9,Sunday,20:15,Home,Russell Wilson,Bailey Zappe,Carl Cheffers,DEN00,0,-110,-110
2023,16,CHI,ARI,7,7,0,outdoors,grass,52,4,Sunday,16:25,Home,Justin Fields,Kyler Murray,John Hussey,CHI98,0,-110,-110
2023,16,MIA,DAL,7,7,0,outdoors,grass,75,15,Sunday,16:25,Home,Tua Tagovailoa,Dak Prescott,Shawn Hochuli,MIA00,0,-110,-110
2023,16,TB,JAX,7,7,0,outdoors,grass,72,11,Sunday,16:05,Home,Baker Mayfield,Trevor Lawrence,Brad Allen,TAM00,0,-110,-110
2023,16,ATL,IND,7,8,0,closed,fieldturf,,,Sunday,13:00,Home,Taylor Heinicke,Gardner Minshew,Alan Eck,ATL97,0,-105,-115
2023,16,CAR,GB,7,7,0,outdoors,grass,67,1,Sunday,13:00,Home,Bryce Young,Jordan Love,Alex Kemp,CAR00,0,-108,-112
2023,16,HOU,CLE,7,7,0,closed,astroturf,,,Sunday,13:00,Home,Case Keenum,Joe Flacco,Tra Blake,HOU00,0,-110,-110
2023,16,MIN,DET,8,8,1,dome,sportturf,,,Sunday,13:00,Home,Nick Mullens,Jared Goff,Land Clark,MIN01,0,105,-125
2023,16,NYJ,WAS,7,7,0,outdoors,fieldturf,45,2,Sunday,13:00,Home,Trevor Siemian,Sam Howell,Clay Martin,NYC01,0,-112,-108
2023,16,TEN,SEA,7,6,0,outdoors,grass,61,4,Sunday,13:00,Home,Ryan Tannehill,Geno Smith,Shawn Smith,NAS00,0,-110,-110
2023,16,SF,BAL,8,8,0,outdoors,grass,56,8,Monday,20:15,Home,Brock Purdy,Lamar Jackson,Bill Vinovich,SFO01,0,-115,-105
2023,16,PHI,NYG,7,8,1,outdoors,grass,51,5,Monday,16:30,Home,Jalen Hurts,Tommy DeVito,Ron Torbert,PHI00,0,-108,-112
2023,16,KC,LV,8,11,1,outdoors,grass,38,11,Monday,13:00,Home,Patrick Mahomes,Aidan O'Connell,Clete Blakeman,KAN00,0,-118,-102
2023,17,CLE,NYJ,4,4,0,outdoors,grass,47,6,Thursday,20:15,Home,Joe Flacco,Trevor Siemian,Alex Kemp,CLE00,0,-115,-105
2023,17,DAL,DET,6,6,0,closed,matrixturf,,,Saturday,20:15,Home,Dak Prescott,Jared Goff,Brad Allen,DAL00,0,-110,-110
2023,17,MIN,GB,7,7,1,dome,sportturf,,,Sunday,20:20,Home,Jaren Hall,Jordan Love,Clay Martin,MIN01,0,-108,-112
2023,17,DEN,LAC,7,8,1,outdoors,grass,41,6,Sunday,16:25,Home,Jarrett Stidham,Easton Stick,Craig Wrolstad,DEN00,0,-112,-108
2023,17,SEA,PIT,7,8,0,outdoors,fieldturf,47,4,Sunday,16:05,Home,Geno Smith,Mason Rudolph,Shawn Hochuli,SEA00,0,-110,-110
2023,17,KC,CIN,6,8,0,outdoors,grass,36,12,Sunday,16:25,Home,Patrick Mahomes,Jake Browning,John Hussey,KAN00,0,-105,-115
2023,17,BAL,MIA,6,7,0,outdoors,grass,50,7,Sunday,13:00,Home,Lamar Jackson,Tua Tagovailoa,Clete Blakeman,BAL00,0,-120,100
2023,17,BUF,NE,8,7,1,outdoors,a_turf,35,4,Sunday,13:00,Home,Josh Allen,Bailey Zappe,Alan Eck,BUF00,0,-110,-110
2023,17,CHI,ATL,7,7,0,outdoors,grass,32,5,Sunday,13:00,Home,Justin Fields,Taylor Heinicke,Adrian Hill,CHI98,0,-105,-115
2023,17,HOU,TEN,7,7,1,closed,astroturf,,,Sunday,13:00,Home,C.J. Stroud,Will Levis,Scott Novak,HOU00,0,-115,-105
2023,17,IND,LV,7,6,0,closed,fieldturf,,,Sunday,13:00,Home,Gardner Minshew,Aidan O'Connell,Shawn Smith,IND00,0,-110,-110
2023,17,JAX,CAR,7,7,0,outdoors,grass,56,8,Sunday,13:00,Home,C.J. Beathard,Bryce Young,Carl Cheffers,JAX00,0,-110,-110
2023,17,NYG,LA,6,10,0,outdoors,fieldturf,41,10,Sunday,13:00,Home,Tyrod Taylor,Matthew Stafford,Tra Blake,NYC01,0,-108,-112
2023,17,PHI,ARI,6,7,0,outdoors,grass,45,9,Sunday,13:00,Home,Jalen Hurts,Kyler Murray,Bill Vinovich,PHI00,0,-110,-110
2023,17,TB,NO,7,10,1,outdoors,grass,66,5,Sunday,13:00,Home,Baker Mayfield,Derek Carr,Land Clark,TAM00,0,-120,100
2023,17,WAS,SF,7,6,0,outdoors,grass,48,7,Sunday,13:00,Home,Sam Howell,Brock Purdy,Ron Torbert,WAS00,0,-105,-115
2023,18,BAL,PIT,6,6,1,outdoors,grass,38,15,Saturday,16:30,Home,Tyler Huntley,Mason Rudolph,Brad Allen,BAL00,0,-115,-105
2023,18,MIA,BUF,7,7,1,outdoors,grass,63,6,Sunday,20:20,Home,Tua Tagovailoa,Josh Allen,Alex Kemp,MIA00,0,105,-125
2023,18,ARI,SEA,7,7,1,closed,grass,,,Sunday,16:25,Home,Kyler Murray,Geno Smith,Adrian Hill,PHO00,0,102,-122
2023,18,CAR,TB,7,7,1,outdoors,grass,54,19,Sunday,13:00,Home,Bryce Young,Baker Mayfield,Clete Blakeman,CAR00,0,-115,-105
2023,18,CIN,CLE,7,10,1,outdoors,fieldturf,38,12,Sunday,13:00,Home,Jake Browning,Jeff Driskel,Alan Eck,CIN00,0,-105,-115
2023,18,DET,MIN,8,7,1,dome,fieldturf,,,Sunday,13:00,Home,Jared Goff,Nick Mullens,Brad Rogers,DET00,0,-118,-102
2023,18,GB,CHI,7,7,1,outdoors,grass,34,7,Sunday,16:25,Home,Jordan Love,Justin Fields,Carl Cheffers,GNB00,0,-118,-102
2023,18,IND,HOU,6,6,1,closed,fieldturf,,,Saturday,20:15,Home,Gardner Minshew,C.J. Stroud,Bill Vinovich,IND00,0,-110,-110
2023,18,LAC,KC,7,7,1,dome,matrixturf,,,Sunday,16:25,Home,Easton Stick,Blaine Gabbert,Scott Novak,LAX01,0,-105,-115
2023,18,LV,DEN,7,7,1,dome,grass,,,Sunday,16:25,Home,Aidan O'Connell,Jarrett Stidham,Shawn Hochuli,VEG00,0,-102,-118
2023,18,NE,NYJ,7,10,1,outdoors,fieldturf,33,14,Sunday,13:00,Home,Bailey Zappe,Trevor Siemian,Land Clark,BOS00,0,-108,-112
2023,18,NO,ATL,7,7,1,dome,sportturf,,,Sunday,13:00,Home,Derek Carr,Desmond Ridder,John Hussey,NOR00,0,102,-122
2023,18,NYG,PHI,7,7,1,outdoors,fieldturf,36,12,Sunday,16:25,Home,Tyrod Taylor,Jalen Hurts,Craig Wrolstad,NYC01,0,-108,-112
2023,18,SF,LA,7,7,1,outdoors,grass,52,11,Sunday,16:25,Home,Sam Darnold,Carson Wentz,Clay Martin,SFO01,0,-112,-108
2023,18,TEN,JAX,7,7,1,outdoors,grass,41,11,Sunday,13:00,Home,Ryan Tannehill,Trevor Lawrence,Tra Blake,NAS00,0,-118,-102
2023,18,WAS,DAL,7,8,1,outdoors,grass,48,13,Sunday,16:25,Home,Sam Howell,Dak Prescott,Shawn Smith,WAS00,0,-105,-115
2023,2,PHI,MIN,4,4,0,outdoors,,,,Thursday,20:15,Home,Jalen Hurts,Kirk Cousins,Clay Martin,PHI00,0,-110,-110
2023,2,NE,MIA,7,7,1,outdoors,,,,Sunday,20:20,Home,Mac Jones,Tua Tagovailoa,Shawn Smith,BOS00,0,-108,-112
2023,2,DAL,NYJ,7,6,0,open,,,,Sunday,16:25,Home,Dak Prescott,Zach Wilson,Clete Blakeman,DAL00,0,-110,-110
2023,2,DEN,WAS,7,7,0,outdoors,,,,Sunday,16:25,Home,Russell Wilson,Sam Howell,Brad Rogers,DEN00,0,-110,-110
2023,2,ARI,NYG,7,7,0,closed,,,,Sunday,16:05,Home,Joshua Dobbs,Daniel Jones,Land Clark,PHO00,0,-110,-110
2023,2,LA,SF,7,7,1,dome,,,,Sunday,16:05,Home,Matthew Stafford,Brock Purdy,Brad Allen,LAX01,0,-115,-105
2023,2,ATL,GB,7,7,0,open,,,,Sunday,13:00,Home,Desmond Ridder,Jordan Love,Tra Blake,ATL97,0,-105,-115
2023,2,BUF,LV,6,7,0,outdoors,,,,Sunday,13:00,Home,Josh Allen,Jimmy Garoppolo,Craig Wrolstad,BUF00,0,-110,-110
2023,2,CIN,BAL,7,7,1,outdoors,,,,Sunday,13:00,Home,Joe Burrow,Lamar Jackson,Shawn Hochuli,CIN00,0,-102,-118
2023,2,DET,SEA,10,7,0,dome,,,,Sunday,13:00,Home,Jared Goff,Geno Smith,Alex Kemp,DET00,1,-110,-110
2023,2,HOU,IND,7,7,1,open,,,,Sunday,13:00,Home,C.J. Stroud,Anthony Richardson,Carl Cheffers,HOU00,0,-115,-105
2023,2,JAX,KC,7,10,0,outdoors,,,,Sunday,13:00,Home,Trevor Lawrence,Patrick Mahomes,Adrian Hill,JAX00,0,-118,-102
2023,2,TB,CHI,7,7,0,outdoors,,,,Sunday,13:00,Home,Baker Mayfield,Justin Fields,Bill Vinovich,TAM00,0,-110,-110
2023,2,TEN,LAC,7,7,0,outdoors,,,,Sunday,13:00,Home,Ryan Tannehill,Justin Herbert,Alan Eck,NAS00,1,-102,-118
2023,2,PIT,CLE,8,8,1,outdoors,,,,Monday,20:15,Home,Kenny Pickett,Deshaun Watson,Ron Torbert,PIT00,0,-105,-115
2023,2,CAR,NO,8,8,1,outdoors,,,,Monday,19:15,Home,Bryce Young,Derek Carr,Scott Novak,CAR00,0,-102,-118
2023,3,SF,NYG,4,4,0,outdoors,grass,77,13,Thursday,20:15,Home,Brock Purdy,Daniel Jones,Shawn Hochuli,SFO01,0,-115,-105
2023,3,LV,PIT,7,6,0,dome,grass,,,Sunday,20:20,Home,Jimmy Garoppolo,Kenny Pickett,Tra Blake,VEG00,0,-110,-110
2023,3,ARI,DAL,7,7,0,open,grass,,,Sunday,16:25,Home,Joshua Dobbs,Dak Prescott,Alex Kemp,PHO00,0,-110,-110
2023,3,KC,CHI,7,7,0,outdoors,grass,,,Sunday,16:25,Home,Patrick Mahomes,Justin Fields,Alan Eck,KAN00,0,-110,-110
2023,3,SEA,CAR,7,6,0,outdoors,fieldturf,61,2,Sunday,16:05,Home,Geno Smith,Andy Dalton,Ron Torbert,SEA00,0,-110,-110
2023,3,BAL,IND,7,7,0,outdoors,grass,68,3,Sunday,13:00,Home,Lamar Jackson,Gardner Minshew,Clete Blakeman,BAL00,1,-110,-110
2023,3,CLE,TEN,6,7,0,outdoors,grass,68,5,Sunday,13:00,Home,Deshaun Watson,Ryan Tannehill,Craig Wrolstad,CLE00,0,-110,-110
2023,3,DET,ATL,7,7,0,dome,fieldturf,,,Sunday,13:00,Home,Jared Goff,Desmond Ridder,Carl Cheffers,DET00,0,-120,100
2023,3,GB,NO,7,6,0,outdoors,grass,68,10,Sunday,13:00,Home,Jordan Love,Derek Carr,Brad Rogers,GNB00,0,-110,-110
2023,3,JAX,HOU,7,7,1,outdoors,grass,84,6,Sunday,13:00,Home,Trevor Lawrence,C.J. Stroud,Scott Novak,JAX00,0,-110,-110
2023,3,MIA,DEN,7,7,0,outdoors,grass,86,5,Sunday,13:00,Home,Tua Tagovailoa,Russell Wilson,Clay Martin,MIA00,0,-110,-110
2023,3,MIN,LAC,10,7,0,dome,sportturf,,,Sunday,13:00,Home,Kirk Cousins,Justin Herbert,Shawn Smith,MIN01,0,-105,-115
2023,3,NYJ,NE,7,7,1,outdoors,fieldturf,64,14,Sunday,13:00,Home,Zach Wilson,Mac Jones,Bill Vinovich,NYC01,0,-108,-112
2023,3,WAS,BUF,7,7,0,outdoors,grass,65,1,Sunday,13:00,Home,Sam Howell,Josh Allen,Land Clark,WAS00,0,-105,-115
2023,3,CIN,LA,8,8,0,outdoors,fieldturf,74,7,Monday,20:15,Home,Joe Burrow,Matthew Stafford,John Hussey,CIN00,0,-120,100
2023,3,TB,PHI,8,11,0,outdoors,grass,90,4,Monday,19:15,Home,Baker Mayfield,Jalen Hurts,Adrian Hill,TAM00,0,-110,-110
2023,4,GB,DET,4,4,1,outdoors,grass,64,8,Thursday,20:15,Home,Jordan Love,Jared Goff,Alan Eck,GNB00,0,-102,-118
2023,4,NYJ,KC,7,7,0,outdoors,fieldturf,69,5,Sunday,20:20,Home,Zach Wilson,Patrick Mahomes,Alex Kemp,NYC01,0,-110,-110
2023,4,DAL,NE,7,7,0,closed,matrixturf,,,Sunday,16:25,Home,Dak Prescott,Mac Jones,Scott Novak,DAL00,0,-112,-108
2023,4,SF,ARI,10,7,1,outdoors,grass,75,9,Sunday,16:25,Home,Brock Purdy,Joshua Dobbs,Clete Blakeman,SFO01,0,-112,-108
2023,4,LAC,LV,7,7,1,dome,matrixturf,,,Sunday,16:05,Home,Justin Herbert,Aidan O'Connell,John Hussey,LAX01,0,-105,-115
2023,4,BUF,MIA,7,7,1,outdoors,a_turf,70,2,Sunday,13:00,Home,Josh Allen,Tua Tagovailoa,Adrian Hill,BUF00,0,-120,100
2023,4,CAR,MIN,7,7,0,outdoors,grass,78,7,Sunday,13:00,Home,Bryce Young,Kirk Cousins,Tra Blake,CAR00,0,-108,-112
2023,4,CHI,DEN,7,7,0,outdoors,grass,80,2,Sunday,13:00,Home,Justin Fields,Russell Wilson,Carl Cheffers,CHI98,0,-108,-112
2023,4,CLE,BAL,7,7,1,outdoors,grass,71,7,Sunday,13:00,Home,Dorian Thompson-Robinson,Lamar Jackson,Brad Allen,CLE00,0,-110,-110
2023,4,HOU,PIT,7,7,0,open,astroturf,,,Sunday,13:00,Home,C.J. Stroud,Kenny Pickett,Bill Vinovich,HOU00,0,-110,-110
2023,4,IND,LA,7,6,0,open,fieldturf,,,Sunday,13:00,Home,Anthony Richardson,Matthew Stafford,Land Clark,IND00,1,-110,-110
2023,4,NO,TB,7,6,1,dome,sportturf,,,Sunday,13:00,Home,Derek Carr,Baker Mayfield,Shawn Hochuli,NOR00,0,-110,-110
2023,4,PHI,WAS,6,7,1,outdoors,grass,,,Sunday,13:00,Home,Jalen Hurts,Sam Howell,Ron Torbert,PHI00,1,-110,-110
2023,4,TEN,CIN,7,6,0,outdoors,grass,82,4,Sunday,13:00,Home,Ryan Tannehill,Joe Burrow,Shawn Smith,NAS00,0,100,-120
2023,4,JAX,ATL,7,7,0,outdoors,,,,Sunday,09:30,Neutral,Trevor Lawrence,Desmond Ridder,Craig Wrolstad,LON00,0,-110,-110
2023,4,NYG,SEA,11,8,0,outdoors,fieldturf,67,8,Monday,20:15,Home,Daniel Jones,Geno Smith,Brad Rogers,NYC01,0,-105,-115
2023,5,WAS,CHI,4,4,0,outdoors,grass,70,1,Thursday,20:15,Home,Sam Howell,Justin Fields,Scott Novak,WAS00,0,-110,-110
2023,5,SF,DAL,7,7,0,outdoors,grass,78,10,Sunday,20:20,Home,Brock Purdy,Dak Prescott,Alan Eck,SFO01,0,-105,-115
2023,5,DEN,NYJ,7,7,0,outdoors,grass,73,9,Sunday,16:25,Home,Russell Wilson,Zach Wilson,John Hussey,DEN00,0,-110,-110
2023,5,MIN,KC,7,7,0,dome,sportturf,,,Sunday,16:25,Home,Kirk Cousins,Patrick Mahomes,Land Clark,MIN01,0,-115,-105
2023,5,ARI,CIN,7,7,0,closed,grass,,,Sunday,16:05,Home,Joshua Dobbs,Joe Burrow,Clay Martin,PHO00,0,100,-120
2023,5,LA,PHI,7,7,0,dome,matrixturf,,,Sunday,16:05,Home,Matthew Stafford,Jalen Hurts,Bill Vinovich,LAX01,0,-110,-110
2023,5,ATL,HOU,7,7,0,open,fieldturf,,,Sunday,13:00,Home,Desmond Ridder,C.J. Stroud,Shawn Hochuli,ATL97,0,-110,-110
2023,5,DET,CAR,10,7,0,dome,fieldturf,,,Sunday,13:00,Home,Jared Goff,Bryce Young,Adrian Hill,DET00,0,-110,-110
2023,5,IND,TEN,7,7,1,open,fieldturf,,,Sunday,13:00,Home,Anthony Richardson,Ryan Tannehill,Brad Rogers,IND00,0,-110,-110
2023,5,MIA,NYG,7,6,0,outdoors,grass,88,8,Sunday,13:00,Home,Tua Tagovailoa,Daniel Jones,Ron Torbert,MIA00,0,-110,-110
2023,5,NE,NO,7,7,0,outdoors,fieldturf,61,10,Sunday,13:00,Home,Mac Jones,Derek Carr,Alex Kemp,BOS00,0,-110,-110
2023,5,PIT,BAL,7,7,1,outdoors,grass,53,13,Sunday,13:00,Home,Kenny Pickett,Lamar Jackson,Carl Cheffers,PIT00,0,-108,-112
2023,5,BUF,JAX,7,7,0,outdoors,,,,Sunday,09:30,Neutral,Josh Allen,Trevor Lawrence,Shawn Smith,LON02,0,-110,-110
2023,5,LV,GB,8,11,0,dome,grass,,,Monday,20:15,Home,Jimmy Garoppolo,Jordan Love,Alan Eck,VEG00,0,-110,-110
2023,6,KC,DEN,4,4,1,outdoors,grass,,,Thursday,20:15,Home,Patrick Mahomes,Russell Wilson,Shawn Hochuli,KAN00,0,-112,-108
2023,6,BUF,NYG,7,7,0,outdoors,a_turf,46,7,Sunday,20:20,Home,Josh Allen,Tyrod Taylor,Tra Blake,BUF00,0,-110,-110
2023,6,LA,ARI,7,7,1,dome,matrixturf,,,Sunday,16:25,Home,Matthew Stafford,Joshua Dobbs,Ron Torbert,LAX01,0,-115,-105
2023,6,NYJ,PHI,7,7,0,outdoors,fieldturf,59,11,Sunday,16:25,Home,Zach Wilson,Jalen Hurts,Scott Novak,NYC01,0,-105,-115
2023,6,TB,DET,14,7,0,outdoors,grass,77,13,Sunday,16:25,Home,Baker Mayfield,Jared Goff,Clay Martin,TAM00,0,-105,-115
2023,6,LV,NE,6,7,0,dome,grass,,,Sunday,16:05,Home,Jimmy Garoppolo,Mac Jones,Brad Rogers,VEG00,0,-102,-118
2023,6,ATL,WAS,7,10,0,closed,fieldturf,,,Sunday,13:00,Home,Desmond Ridder,Sam Howell,Clete Blakeman,ATL97,0,-112,-108
2023,6,CHI,MIN,10,7,1,outdoors,grass,53,16,Sunday,13:00,Home,Justin Fields,Kirk Cousins,Brad Allen,CHI98,0,-105,-115
2023,6,CIN,SEA,7,13,0,outdoors,fieldturf,57,15,Sunday,13:00,Home,Joe Burrow,Geno Smith,Adrian Hill,CIN00,0,-108,-112
2023,6,CLE,SF,14,7,0,outdoors,grass,53,15,Sunday,13:00,Home,Phillip Walker,Brock Purdy,John Hussey,CLE00,0,-105,-115
2023,6,HOU,NO,7,7,0,closed,astroturf,,,Sunday,13:00,Home,C.J. Stroud,Derek Carr,Alan Eck,HOU00,0,-110,-110
2023,6,JAX,IND,7,7,1,outdoors,grass,,,Sunday,13:00,Home,Trevor Lawrence,Gardner Minshew,Alex Kemp,JAX00,0,-110,-110
2023,6,MIA,CAR,7,7,0,outdoors,grass,87,12,Sunday,13:00,Home,Tua Tagovailoa,Bryce Young,Craig Wrolstad,MIA00,0,-110,-110
2023,6,TEN,BAL,7,7,0,outdoors,,,,Sunday,09:30,Neutral,Ryan Tannehill,Lamar Jackson,Bill Vinovich,LON02,0,-108,-112
2023,6,LAC,DAL,15,8,0,dome,matrixturf,,,Monday,20:15,Home,Justin Herbert,Dak Prescott,Land Clark,LAX01,0,-108,-112
2023,7,NO,JAX,4,4,0,dome,sportturf,,,Thursday,20:15,Home,Derek Carr,Trevor Lawrence,Land Clark,NOR00,0,-112,-108
2023,7,PHI,MIA,7,7,0,outdoors,grass,55,17,Sunday,20:20,Home,Jalen Hurts,Tua Tagovailoa,Brad Allen,PHI00,0,-108,-112
2023,7,DEN,GB,10,13,0,outdoors,grass,72,9,Sunday,16:25,Home,Russell Wilson,Jordan Love,Alex Kemp,DEN00,0,-108,-112
2023,7,KC,LAC,10,6,1,outdoors,grass,72,10,Sunday,16:25,Home,Patrick Mahomes,Justin Herbert,Tra Blake,KAN00,0,-115,-105
2023,7,LA,PIT,7,14,0,dome,matrixturf,,,Sunday,16:05,Home,Matthew Stafford,Kenny Pickett,Craig Wrolstad,LAX01,0,-102,-118
2023,7,SEA,ARI,7,7,1,outdoors,fieldturf,56,5,Sunday,16:05,Home,Geno Smith,Joshua Dobbs,Scott Novak,SEA00,0,-108,-112
2023,7,BAL,DET,7,7,0,outdoors,grass,62,16,Sunday,13:00,Home,Lamar Jackson,Jared Goff,Brad Rogers,BAL00,0,-115,-105
2023,7,CHI,LV,7,7,0,outdoors,grass,52,8,Sunday,13:00,Home,Tyson Bagent,Brian Hoyer,Clay Martin,CHI98,0,-110,-110
2023,7,IND,CLE,7,7,0,open,fieldturf,,,Sunday,13:00,Home,Gardner Minshew,Deshaun Watson,Shawn Smith,IND00,0,-112,-108
2023,7,NE,BUF,7,7,1,outdoors,fieldturf,55,13,Sunday,13:00,Home,Mac Jones,Josh Allen,Clete Blakeman,BOS00,0,-110,-110
2023,7,NYG,WAS,7,7,1,outdoors,fieldturf,54,14,Sunday,13:00,Home,Tyrod Taylor,Sam Howell,John Hussey,NYC01,0,-112,-108
2023,7,TB,ATL,7,7,1,outdoors,grass,79,3,Sunday,13:00,Home,Baker Mayfield,Desmond Ridder,Ron Torbert,TAM00,0,-105,-115
2023,7,MIN,SF,8,8,0,dome,sportturf,,,Monday,20:15,Home,Kirk Cousins,Brock Purdy,Carl Cheffers,MIN01,0,-115,-105
2023,8,BUF,TB,4,4,0,outdoors,a_turf,66,10,Thursday,20:15,Home,Josh Allen,Baker Mayfield,Scott Novak,BUF00,0,-108,-112
2023,8,LAC,CHI,7,7,0,dome,matrixturf,,,Sunday,20:20,Home,Justin Herbert,Tyson Bagent,Brad Rogers,LAX01,0,-112,-108
2023,8,ARI,BAL,7,7,0,closed,grass,,,Sunday,16:25,Home,Joshua Dobbs,Lamar Jackson,Tra Blake,PHO00,0,-110,-110
2023,8,DEN,KC,7,7,1,outdoors,grass,26,7,Sunday,16:25,Home,Russell Wilson,Patrick Mahomes,Brad Allen,DEN00,0,-118,-102
2023,8,SF,CIN,6,14,0,outdoors,grass,74,10,Sunday,16:25,Home,Brock Purdy,Joe Burrow,Ron Torbert,SFO01,0,-115,-105
2023,8,SEA,CLE,7,7,0,outdoors,fieldturf,47,3,Sunday,16:05,Home,Geno Smith,Phillip Walker,Bill Vinovich,SEA00,0,-110,-110
2023,8,CAR,HOU,14,14,0,outdoors,grass,77,14,Sunday,13:00,Home,Bryce Young,C.J. Stroud,John Hussey,CAR00,0,-102,-118
2023,8,DAL,LA,13,7,0,closed,matrixturf,,,Sunday,13:00,Home,Dak Prescott,Matthew Stafford,Adrian Hill,DAL00,0,-115,-105
2023,8,GB,MIN,7,6,1,outdoors,grass,39,8,Sunday,13:00,Home,Jordan Love,Kirk Cousins,Shawn Hochuli,GNB00,0,-112,-108
2023,8,IND,NO,7,10,0,closed,fieldturf,,,Sunday,13:00,Home,Gardner Minshew,Derek Carr,Craig Wrolstad,IND00,0,-110,-110
2023,8,MIA,NE,7,7,1,outdoors,grass,83,17,Sunday,13:00,Home,Tua Tagovailoa,Mac Jones,Land Clark,MIA00,0,-110,-110
2023,8,NYG,NYJ,7,14,0,outdoors,fieldturf,52,6,Sunday,13:00,Home,Tyrod Taylor,Zach Wilson,Shawn Smith,NYC01,1,-105,-115
2023,8,PIT,JAX,7,10,0,outdoors,grass,58,2,Sunday,13:00,Home,Kenny Pickett,Trevor Lawrence,Alan Eck,PIT00,0,-110,-110
2023,8,TEN,ATL,14,7,0,outdoors,grass,77,7,Sunday,13:00,Home,Will Levis,Desmond Ridder,Clay Martin,NAS00,0,-110,-110
2023,8,WAS,PHI,7,7,1,outdoors,grass,69,4,Sunday,13:00,Home,Sam Howell,Jalen Hurts,Carl Cheffers,WAS00,0,-110,-110
2023,8,DET,LV,8,8,0,dome,fieldturf,,,Monday,20:15,Home,Jared Goff,Jimmy Garoppolo,Clete Blakeman,DET00,0,-110,-110
2023,9,PIT,TEN,4,4,0,outdoors,grass,40,5,Thursday,20:15,Home,Kenny Pickett,Will Levis,John Hussey,PIT00,0,100,-120
2023,9,CIN,BUF,7,10,0,outdoors,fieldturf,51,5,Sunday,20:20,Home,Joe Burrow,Josh Allen,Alex Kemp,CIN00,0,-112,-108
2023,9,LV,NYG,6,7,0,dome,grass,,,Sunday,16:25,Home,Aidan O'Connell,Daniel Jones,Alan Eck,VEG00,0,-110,-110
2023,9,PHI,DAL,7,7,1,outdoors,grass,64,6,Sunday,16:25,Home,Jalen Hurts,Dak Prescott,Tra Blake,PHI00,0,-102,-118
2023,9,CAR,IND,7,7,0,outdoors,grass,75,2,Sunday,16:05,Home,Bryce Young,Gardner Minshew,Bill Vinovich,CAR00,0,-112,-108
2023,9,ATL,MIN,7,7,0,open,fieldturf,,,Sunday,13:00,Home,Taylor Heinicke,Jaren Hall,Shawn Smith,ATL97,0,-112,-108
2023,9,BAL,SEA,7,7,0,outdoors,grass,70,6,Sunday,13:00,Home,Lamar Jackson,Geno Smith,Shawn Hochuli,BAL00,0,-110,-110
2023,9,CLE,ARI,7,7,0,outdoors,grass,56,7,Sunday,13:00,Home,Deshaun Watson,Clayton Tune,Carl Cheffers,CLE00,0,-108,-112
2023,9,GB,LA,7,7,0,outdoors,grass,51,8,Sunday,13:00,Home,Jordan Love,Brett Rypien,Clete Blakeman,GNB00,0,-112,-108
2023,9,HOU,TB,7,10,0,closed,astroturf,,,Sunday,13:00,Home,C.J. Stroud,Baker Mayfield,Land Clark,HOU00,0,-120,100
2023,9,NE,WAS,7,7,0,outdoors,fieldturf,62,6,Sunday,13:00,Home,Mac Jones,Sam Howell,Adrian Hill,BOS00,0,-120,100
2023,9,NO,CHI,7,7,0,dome,sportturf,,,Sunday,13:00,Home,Derek Carr,Tyson Bagent,Ron Torbert,NOR00,0,-112,-108
2023,9,KC,MIA,7,7,0,outdoors,grass,,,Sunday,09:30,Neutral,Patrick Mahomes,Tua Tagovailoa,Clay Martin,FRA00,0,-108,-112
2023,9,NYJ,LAC,8,8,0,outdoors,fieldturf,48,4,Monday,20:15,Home,Zach Wilson,Justin Herbert,Craig Wrolstad,NYC01,0,-102,-118
2024,1,KC,BAL,7,7,0,outdoors,grass,67,8,Thursday,20:20,Home,Patrick Mahomes,Lamar Jackson,Shawn Hochuli,KAN00,0,-102,-118
2024,1,PHI,GB,7,7,0,outdoors,,,,Friday,20:15,Neutral,Jalen Hurts,Jordan Love,Ron Torbert,SAO00,0,-110,-110
2024,1,DET,LA,7,7,0,dome,fieldturf,,,Sunday,20:20,Home,Jared Goff,Matthew Stafford,Adrian Hill,DET00,1,-112,-108
2024,1,CLE,DAL,7,7,0,outdoors,grass,69,17,Sunday,16:25,Home,Deshaun Watson,Dak Prescott,Clete Blakeman,CLE00,0,-108,-112
2024,1,TB,WAS,7,7,0,outdoors,grass,93,6,Sunday,16:25,Home,Baker Mayfield,Jayden Daniels,Bill Vinovich,TAM00,0,-108,-112
2024,1,LAC,LV,7,7,1,dome,matrixturf,,,Sunday,16:05,Home,Justin Herbert,Gardner Minshew,Scott Novak,LAX01,0,-102,-118
2024,1,SEA,DEN,7,7,0,outdoors,fieldturf,65,7,Sunday,16:05,Home,Geno Smith,Bo Nix,Brad Allen,SEA00,0,-110,-110
2024,1,ATL,PIT,7,7,0,closed,fieldturf,,,Sunday,13:00,Home,Kirk Cousins,Justin Fields,Brad Rogers,ATL97,0,-110,-110
2024,1,BUF,ARI,7,7,0,outdoors,a_turf,61,20,Sunday,13:00,Home,Josh Allen,Kyler Murray,Tra Blake,BUF00,0,-115,-105
2024,1,CHI,TEN,7,7,0,outdoors,grass,67,8,Sunday,13:00,Home,Caleb Williams,Will Levis,Shawn Smith,CHI98,0,-112,-108
2024,1,CIN,NE,7,7,0,outdoors,fieldturf,66,5,Sunday,13:00,Home,Joe Burrow,Jacoby Brissett,Land Clark,CIN00,0,-110,-110
2024,1,IND,HOU,7,7,1,closed,fieldturf,,,Sunday,13:00,Home,Anthony Richardson,C.J. Stroud,John Hussey,IND00,0,-112,-108
2024,1,MIA,JAX,7,7,0,outdoors,grass,91,10,Sunday,13:00,Home,Tua Tagovailoa,Trevor Lawrence,Craig Wrolstad,MIA00,0,-110,-110
2024,1,NO,CAR,7,7,1,dome,sportturf,,,Sunday,13:00,Home,Derek Carr,Bryce Young,Alan Eck,NOR00,0,-112,-108
2024,1,NYG,MIN,7,7,0,outdoors,fieldturf,64,10,Sunday,13:00,Home,Daniel Jones,Sam Darnold,Alex Kemp,NYC01,0,-112,-108
2024,1,SF,NYJ,7,7,0,outdoors,grass,76,10,Monday,20:15,Home,Brock Purdy,Aaron Rodgers,Carl Cheffers,SFO01,0,-105,-115
2024,10,BAL,CIN,4,4,1,outdoors,grass,69,6,Thursday,20:15,Home,Lamar Jackson,Joe Burrow,Clete Blakeman,BAL00,0,-112,-108
2024,10,HOU,DET,10,7,0,closed,astroturf,,,Sunday,20:20,Home,C.J. Stroud,Jared Goff,Bill Vinovich,HOU00,0,-110,-110
2024,10,ARI,NYJ,7,10,0,closed,grass,,,Sunday,16:25,Home,Kyler Murray,Aaron Rodgers,John Hussey,PHO00,0,-110,-110
2024,10,DAL,PHI,7,7,1,closed,matrixturf,,,Sunday,16:25,Home,Cooper Rush,Jalen Hurts,Alex Kemp,DAL00,0,-112,-108
2024,10,LAC,TEN,7,7,0,dome,matrixturf,,,Sunday,16:05,Home,Justin Herbert,Mason Rudolph,Craig Wrolstad,LAX01,0,-112,-108
2024,10,CHI,NE,7,7,0,outdoors,grass,60,6,Sunday,13:00,Home,Caleb Williams,Drake Maye,Land Clark,CHI98,0,-110,-110
2024,10,IND,BUF,7,7,0,closed,fieldturf,,,Sunday,13:00,Home,Joe Flacco,Josh Allen,Scott Novak,IND00,0,-105,-115
2024,10,JAX,MIN,7,7,0,outdoors,grass,79,7,Sunday,13:00,Home,Mac Jones,Sam Darnold,Adrian Hill,JAX00,0,100,-120
2024,10,KC,DEN,6,7,1,outdoors,grass,57,12,Sunday,13:00,Home,Patrick Mahomes,Bo Nix,Brad Allen,KAN00,0,-105,-115
2024,10,NO,ATL,7,7,1,dome,sportturf,,,Sunday,13:00,Home,Derek Carr,Kirk Cousins,Carl Cheffers,NOR00,0,-108,-112
2024,10,TB,SF,6,14,0,outdoors,grass,85,9,Sunday,13:00,Home,Baker Mayfield,Brock Purdy,Shawn Smith,TAM00,0,-102,-118
2024,10,WAS,PIT,7,13,0,outdoors,grass,57,9,Sunday,13:00,Home,Marcus Mariota,Russell Wilson,Brad Rogers,WAS00,0,-110,-110
2024,10,CAR,NYG,7,7,0,outdoors,,,,Sunday,09:30,Neutral,Andy Dalton,Daniel Jones,Shawn Hochuli,GER00,1,-102,-118
2024,10,LA,MIA,8,8,0,dome,matrixturf,,,Monday,20:15,Home,Matthew Stafford,Tua Tagovailoa,Ron Torbert,LAX01,0,-118,-102
2024,11,PHI,WAS,4,4,1,outdoors,grass,46,9,Thursday,20:15,Home,Jalen Hurts,Marcus Mariota,Adrian Hill,PHI00,0,-110,-110
2024,11,LAC,CIN,7,10,0,dome,matrixturf,,,Sunday,20:20,Home,Justin Herbert,Joe Burrow,Brad Allen,LAX01,0,-102,-118
2024,11,DEN,ATL,7,7,0,outdoors,grass,55,9,Sunday,16:05,Home,Bo Nix,Kirk Cousins,Alan Eck,DEN00,0,-112,-108
2024,11,SF,SEA,7,14,1,outdoors,grass,59,4,Sunday,16:05,Home,Brock Purdy,Geno Smith,Brad Rogers,SFO01,0,-110,-110
2024,11,BUF,KC,7,7,0,outdoors,a_turf,50,3,Sunday,16:25,Home,Josh Allen,Patrick Mahomes,Land Clark,BUF00,0,-112,-108
2024,11,CHI,GB,7,14,1,outdoors,grass,54,5,Sunday,13:00,Home,Caleb Williams,Jordan Love,Bill Vinovich,CHI98,0,-105,-115
2024,11,DET,JAX,7,7,0,dome,fieldturf,,,Sunday,13:00,Home,Jared Goff,Mac Jones,Scott Novak,DET00,0,-115,-105
2024,11,MIA,LV,6,14,0,outdoors,grass,80,16,Sunday,13:00,Home,Tua Tagovailoa,Gardner Minshew,John Hussey,MIA00,0,-115,-105
2024,11,NE,LA,7,6,0,outdoors,fieldturf,59,9,Sunday,13:00,Home,Drake Maye,Matthew Stafford,Shawn Smith,BOS00,0,-112,-108
2024,11,NO,CLE,7,14,0,dome,sportturf,,,Sunday,13:00,Home,Derek Carr,Jameis Winston,Alex Kemp,NOR00,0,-110,-110
2024,11,NYJ,IND,7,7,0,outdoors,fieldturf,62,4,Sunday,13:00,Home,Aaron Rodgers,Joe Flacco,Tra Blake,NYC01,0,-110,-110
2024,11,PIT,BAL,7,10,1,outdoors,grass,52,5,Sunday,13:00,Home,Russell Wilson,Lamar Jackson,Clay Martin,PIT00,0,100,-120
2024,11,TEN,MIN,7,7,0,outdoors,grass,66,7,Sunday,13:00,Home,Mason Rudolph,Sam Darnold,Clete Blakeman,NAS00,0,-102,-118
2024,11,DAL,HOU,8,8,0,closed,matrixturf,,,Monday,20:15,Home,Cooper Rush,C.J. Stroud,Craig Wrolstad,DAL00,0,-120,100
2024,12,CLE,PIT,4,4,1,outdoors,grass,36,13,Thursday,20:15,Home,Jameis Winston,Russell Wilson,Brad Allen,CLE00,0,-105,-115
2024,12,LA,PHI,7,10,0,dome,matrixturf,,,Sunday,20:20,Home,Matthew Stafford,Jalen Hurts,Land Clark,LAX01,0,-108,-112
2024,12,GB,SF,7,7,0,outdoors,grass,43,11,Sunday,16:25,Home,Jordan Love,Brandon Allen,Craig Wrolstad,GNB00,0,-108,-112
2024,12,SEA,ARI,7,14,1,outdoors,fieldturf,45,5,Sunday,16:25,Home,Geno Smith,Kyler Murray,Scott Novak,SEA00,0,-110,-110
2024,12,LV,DEN,7,7,1,dome,grass,,,Sunday,16:05,Home,Gardner Minshew,Bo Nix,Ron Torbert,VEG00,0,-115,-105
2024,12,CAR,KC,14,7,0,outdoors,grass,61,5,Sunday,13:00,Home,Andy Dalton,Patrick Mahomes,Shawn Smith,CAR00,0,-108,-112
2024,12,CHI,MIN,7,7,1,outdoors,grass,47,5,Sunday,13:00,Home,Caleb Williams,Sam Darnold,Clay Martin,CHI98,1,100,-120
2024,12,HOU,TEN,6,7,1,closed,astroturf,,,Sunday,13:00,Home,C.J. Stroud,Mason Rudolph,Brad Rogers,HOU00,0,-108,-112
2024,12,IND,DET,7,7,0,closed,fieldturf,,,Sunday,13:00,Home,Joe Flacco,Jared Goff,Shawn Hochuli,IND00,0,102,-122
2024,12,MIA,NE,7,7,1,outdoors,grass,77,6,Sunday,13:00,Home,Tua Tagovailoa,Drake Maye,Alan Eck,MIA00,0,-105,-115
2024,12,NYG,TB,14,14,0,outdoors,fieldturf,50,13,Sunday,13:00,Home,Tommy DeVito,Baker Mayfield,Adrian Hill,NYC01,0,-112,-108
2024,12,WAS,DAL,10,6,1,outdoors,grass,55,5,Sunday,13:00,Home,Marcus Mariota,Cooper Rush,Tra Blake,WAS00,0,-108,-112
2024,12,LAC,BAL,8,8,0,dome,matrixturf,,,Monday,20:15,Home,Justin Herbert,Lamar Jackson,Craig Wrolstad,LAX01,0,-110,-110
2024,13,GB,MIA,4,4,0,outdoors,grass,27,10,Thursday,20:20,Home,Jordan Love,Tua Tagovailoa,Shawn Smith,GNB00,0,-105,-115
2024,13,DAL,NYG,4,4,1,closed,matrixturf,,,Thursday,16:30,Home,Cooper Rush,Drew Lock,Brad Rogers,DAL00,0,-110,-110
2024,13,DET,CHI,4,4,1,dome,fieldturf,,,Thursday,12:30,Home,Jared Goff,Caleb Williams,Alan Eck,DET00,0,-118,-102
2024,13,KC,LV,5,5,1,outdoors,grass,37,5,Friday,15:00,Home,Patrick Mahomes,Gardner Minshew,Clay Martin,KAN00,0,-112,-108
2024,13,BUF,SF,14,7,0,outdoors,a_turf,28,11,Sunday,20:20,Home,Josh Allen,Brock Purdy,Alex Kemp,BUF00,0,-118,-102
2024,13,BAL,PHI,6,7,0,outdoors,grass,41,7,Sunday,16:25,Home,Lamar Jackson,Jalen Hurts,Craig Wrolstad,BAL00,0,-110,-110
2024,13,CAR,TB,7,7,1,outdoors,grass,51,7,Sunday,16:05,Home,Andy Dalton,Baker Mayfield,Tra Blake,CAR00,1,-105,-115
2024,13,NO,LA,14,7,0,dome,sportturf,,,Sunday,16:05,Home,Derek Carr,Matthew Stafford,Brad Allen,NOR00,0,-105,-115
2024,13,ATL,LAC,14,6,0,closed,fieldturf,,,Sunday,13:00,Home,Kirk Cousins,Justin Herbert,Clete Blakeman,ATL97,0,-112,-108
2024,13,CIN,PIT,14,10,1,outdoors,fieldturf,32,9,Sunday,13:00,Home,Joe Burrow,Russell Wilson,Shawn Hochuli,CIN00,0,-110,-110
2024,13,JAX,HOU,14,7,1,outdoors,grass,,,Sunday,13:00,Home,Trevor Lawrence,C.J. Stroud,Land Clark,JAX00,0,-110,-110
2024,13,MIN,ARI,7,7,0,dome,sportturf,,,Sunday,13:00,Home,Sam Darnold,Kyler Murray,Bill Vinovich,MIN01,0,-110,-110
2024,13,NE,IND,7,7,0,outdoors,fieldturf,36,9,Sunday,13:00,Home,Drake Maye,Joe Flacco,Adrian Hill,BOS00,0,-105,-115
2024,13,NYJ,SEA,14,7,0,outdoors,fieldturf,37,12,Sunday,13:00,Home,Aaron Rodgers,Geno Smith,Carl Cheffers,NYC01,0,-110,-110
2024,13,WAS,TEN,7,7,0,outdoors,grass,42,6,Sunday,13:00,Home,Marcus Mariota,Mason Rudolph,Ron Torbert,WAS00,0,-108,-112
2024,13,DEN,CLE,8,11,0,outdoors,grass,48,4,Monday,20:15,Home,Bo Nix,Jameis Winston,John Hussey,DEN00,0,-112,-108
2024,14,DET,GB,7,7,1,dome,fieldturf,,,Thursday,20:15,Home,Jared Goff,Jordan Love,John Hussey,DET00,0,-120,100
2024,14,KC,LAC,9,7,1,outdoors,grass,50,10,Sunday,20:20,Home,Patrick Mahomes,Justin Herbert,Bill Vinovich,KAN00,0,-105,-115
2024,14,LA,BUF,7,7,0,dome,matrixturf,,,Sunday,16:25,Home,Matthew Stafford,Josh Allen,Craig Wrolstad,LAX01,0,-102,-118
2024,14,SF,CHI,7,10,0,outdoors,grass,65,4,Sunday,16:25,Home,Brock Purdy,Caleb Williams,Ron Torbert,SFO01,0,-110,-110
2024,14,ARI,SEA,7,7,1,closed,grass,,,Sunday,16:05,Home,Kyler Murray,Geno Smith,Clay Martin,PHO00,0,-115,-105
2024,14,MIA,NYJ,10,7,1,outdoors,grass,77,12,Sunday,13:00,Home,Tua Tagovailoa,Aaron Rodgers,Shawn Hochuli,MIA00,1,-112,-108
2024,14,MIN,ATL,7,7,0,dome,sportturf,,,Sunday,13:00,Home,Sam Darnold,Kirk Cousins,Alex Kemp,MIN01,0,-110,-110
2024,14,NYG,NO,10,7,0,outdoors,fieldturf,54,13,Sunday,13:00,Home,Tommy DeVito,Derek Carr,Clete Blakeman,NYC01,0,-105,-115
2024,14,PHI,CAR,7,7,0,outdoors,grass,55,16,Sunday,13:00,Home,Jalen Hurts,Andy Dalton,Carl Cheffers,PHI00,0,-108,-112
2024,14,PIT,CLE,7,6,1,outdoors,grass,49,12,Sunday,13:00,Home,Russell Wilson,Jameis Winston,Land Clark,PIT00,0,-108,-112
2024,14,TB,LV,7,9,0,outdoors,grass,71,4,Sunday,13:00,Home,Baker Mayfield,Gardner Minshew,Alan Eck,TAM00,0,-105,-115
2024,14,TEN,JAX,7,7,1,outdoors,grass,53,9,Sunday,13:00,Home,Mason Rudolph,Mac Jones,Tra Blake,NAS00,0,-115,-105
2024,14,DAL,CIN,11,8,0,closed,matrixturf,,,Monday,20:15,Home,Cooper Rush,Joe Burrow,Scott Novak,DAL00,0,-110,-110
2024,15,SF,LA,4,4,1,outdoors,grass,53,4,Thursday,20:15,Home,Brock Purdy,Matthew Stafford,Clay Martin,SFO01,0,-102,-118
2024,15,SEA,GB,7,10,0,outdoors,fieldturf,43,3,Sunday,20:20,Home,Geno Smith,Jordan Love,Clete Blakeman,SEA00,0,-110,-110
2024,15,ARI,NE,7,14,0,closed,grass,,,Sunday,16:25,Home,Kyler Murray,Drake Maye,Ron Torbert,PHO00,0,-112,-108
2024,15,DEN,IND,13,14,0,outdoors,grass,55,15,Sunday,16:25,Home,Bo Nix,Anthony Richardson,Carl Cheffers,DEN00,0,-115,-105
2024,15,DET,BUF,10,7,0,dome,fieldturf,,,Sunday,16:25,Home,Jared Goff,Josh Allen,Adrian Hill,DET00,0,-110,-110
2024,15,LAC,TB,7,7,0,dome,matrixturf,,,Sunday,16:25,Home,Justin Herbert,Baker Mayfield,Scott Novak,LAX01,0,-115,-105
2024,15,PHI,PIT,7,7,0,outdoors,grass,37,5,Sunday,16:25,Home,Jalen Hurts,Russell Wilson,Alan Eck,PHI00,0,-110,-110
2024,15,CAR,DAL,7,6,0,outdoors,grass,45,7,Sunday,13:00,Home,Bryce Young,Cooper Rush,Bill Vinovich,CAR00,0,-120,100
2024,15,CLE,KC,7,7,0,outdoors,grass,40,18,Sunday,13:00,Home,Jameis Winston,Patrick Mahomes,Tra Blake,CLE00,0,-110,-110
2024,15,HOU,MIA,14,7,0,closed,astroturf,,,Sunday,13:00,Home,C.J. Stroud,Tua Tagovailoa,Alex Kemp,HOU00,0,-115,-105
2024,15,JAX,NYJ,7,7,0,outdoors,grass,,,Sunday,13:00,Home,Mac Jones,Aaron Rodgers,Brad Rogers,JAX00,0,-118,-102
2024,15,NO,WAS,7,14,0,dome,sportturf,,,Sunday,13:00,Home,Jake Haener,Jayden Daniels,Shawn Hochuli,NOR00,0,-108,-112
2024,15,NYG,BAL,7,14,0,outdoors,fieldturf,36,6,Sunday,13:00,Home,Tommy DeVito,Lamar Jackson,Brad Allen,NYC01,0,-108,-112
2024,15,TEN,CIN,7,6,0,outdoors,grass,52,12,Sunday,13:00,Home,Will Levis,Joe Burrow,Craig Wrolstad,NAS00,0,-110,-110
2024,15,LV,ATL,8,8,0,dome,grass,,,Monday,20:30,Home,Aidan O'Connell,Kirk Cousins,Shawn Smith,VEG00,0,-110,-110
2024,15,MIN,CHI,8,8,1,dome,sportturf,,,Monday,20:00,Home,Sam Darnold,Caleb Williams,John Hussey,MIN01,0,-105,-115
2024,16,LAC,DEN,4,4,1,dome,matrixturf,,,Thursday,20:15,Home,Justin Herbert,Bo Nix,Clay Martin,LAX01,0,100,-120
2024,16,BAL,PIT,6,6,1,outdoors,grass,35,15,Saturday,16:30,Home,Lamar Jackson,Russell Wilson,Bill Vinovich,BAL00,0,-105,-115
2024,16,KC,HOU,6,6,0,outdoors,grass,30,5,Saturday,13:00,Home,Patrick Mahomes,C.J. Stroud,Carl Cheffers,KAN00,0,100,-120
2024,16,DAL,TB,7,7,0,closed,matrixturf,,,Sunday,20:20,Home,Cooper Rush,Baker Mayfield,Land Clark,DAL00,0,-115,-105
2024,16,LV,JAX,6,7,0,dome,grass,,,Sunday,16:25,Home,Aidan O'Connell,Mac Jones,Shawn Hochuli,VEG00,0,-110,-110
2024,16,MIA,SF,7,10,0,outdoors,grass,73,12,Sunday,16:25,Home,Tua Tagovailoa,Brock Purdy,Scott Novak,MIA00,0,-112,-108
2024,16,SEA,MIN,7,6,0,outdoors,fieldturf,48,5,Sunday,16:05,Home,Geno Smith,Sam Darnold,Craig Wrolstad,SEA00,0,-105,-115
2024,16,ATL,NYG,6,7,0,closed,fieldturf,,,Sunday,13:00,Home,Michael Penix Jr.,Tommy DeVito,Tra Blake,ATL97,0,-110,-110
2024,16,BUF,NE,7,7,1,outdoors,a_turf,14,2,Sunday,16:25,Home,Josh Allen,Drake Maye,Brad Allen,BUF00,0,-110,-110
2024,16,CAR,ARI,7,7,0,outdoors,grass,37,10,Sunday,13:00,Home,Bryce Young,Kyler Murray,Adrian Hill,CAR00,1,-110,-110
2024,16,CHI,DET,6,7,1,outdoors,grass,29,7,Sunday,13:00,Home,Caleb Williams,Jared Goff,Clete Blakeman,CHI98,0,-110,-110
2024,16,CIN,CLE,7,7,1,outdoors,fieldturf,33,6,Sunday,13:00,Home,Joe Burrow,Jameis Winston,Brad Rogers,CIN00,0,-112,-108
2024,16,IND,TEN,7,7,1,closed,fieldturf,,,Sunday,13:00,Home,Joe Flacco,Mason Rudolph,John Hussey,IND00,0,-108,-112
2024,16,NYJ,LA,7,10,0,outdoors,fieldturf,23,8,Sunday,13:00,Home,Aaron Rodgers,Matthew Stafford,Ron Torbert,NYC01,0,-115,-105
2024,16,WAS,PHI,7,7,1,outdoors,grass,32,8,Sunday,13:00,Home,Jayden Daniels,Jalen Hurts,Shawn Smith,WAS00,0,-105,-115
2024,16,GB,NO,8,8,0,outdoors,grass,34,12,Monday,20:15,Home,Jordan Love,Jake Haener,Alex Kemp,GNB00,0,-115,-105
2024,17,HOU,BAL,4,4,0,closed,astroturf,,,Wednesday,16:30,Home,C.J. Stroud,Lamar Jackson,Alan Eck,HOU00,0,-112,-108
2024,17,PIT,KC,4,4,0,outdoors,grass,39,2,Wednesday,13:00,Home,Russell Wilson,Patrick Mahomes,Craig Wrolstad,PIT00,0,-115,-105
2024,17,CHI,SEA,4,4,0,outdoors,grass,47,5,Thursday,20:15,Home,Caleb Williams,Geno Smith,Scott Novak,CHI98,0,-102,-118
2024,17,LA,ARI,6,6,1,dome,matrixturf,,,Saturday,20:15,Home,Matthew Stafford,Kyler Murray,Brad Rogers,LAX01,0,-120,100
2024,17,NYG,IND,7,7,0,outdoors,fieldturf,54,0,Sunday,13:00,Home,Tommy DeVito,Joe Flacco,Bill Vinovich,NYC01,0,-108,-112
2024,17,CIN,DEN,6,9,0,outdoors,fieldturf,60,8,Saturday,16:30,Home,Joe Burrow,Bo Nix,Adrian Hill,CIN00,1,-105,-115
2024,17,NE,LAC,6,9,0,outdoors,fieldturf,40,4,Saturday,13:00,Home,Drake Maye,Justin Herbert,John Hussey,BOS00,0,-102,-118
2024,17,WAS,ATL,7,7,0,outdoors,grass,58,10,Sunday,20:20,Home,Jayden Daniels,Michael Penix Jr.,Alex Kemp,WAS00,1,-105,-115
2024,17,PHI,DAL,7,7,1,outdoors,grass,62,10,Sunday,13:00,Home,Jalen Hurts,Cooper Rush,Brad Allen,PHI00,0,-108,-112
2024,17,CLE,MIA,7,7,0,outdoors,grass,54,15,Sunday,16:05,Home,Jameis Winston,Tyler Huntley,Ron Torbert,CLE00,0,-105,-115
2024,17,BUF,NYJ,7,7,1,outdoors,a_turf,54,15,Sunday,13:00,Home,Josh Allen,Aaron Rodgers,Clete Blakeman,BUF00,0,-115,-105
2024,17,JAX,TEN,7,7,1,outdoors,grass,72,16,Sunday,13:00,Home,Mac Jones,Mason Rudolph,Shawn Smith,JAX00,0,-115,-105
2024,17,MIN,GB,7,6,1,dome,sportturf,,,Sunday,16:25,Home,Sam Darnold,Jordan Love,Carl Cheffers,MIN01,0,-115,-105
2024,17,NO,LV,6,7,0,dome,sportturf,,,Sunday,13:00,Home,Jake Haener,Aidan O'Connell,Land Clark,NOR00,0,-110,-110
2024,17,TB,CAR,7,7,1,outdoors,grass,76,8,Sunday,13:00,Home,Baker Mayfield,Bryce Young,Clay Martin,TAM00,0,-115,-105
2024,17,SF,DET,8,8,0,outdoors,grass,,,Monday,20:15,Home,Brock Purdy,Jared Goff,Shawn Hochuli,SFO01,0,-108,-112
2024,18,BAL,CLE,10,6,1,outdoors,grass,31,16,Saturday,16:30,Home,Lamar Jackson,Bailey Zappe,Scott Novak,BAL00,0,-115,-105
2024,18,DET,MIN,6,7,1,dome,fieldturf,,,Sunday,20:20,Home,Jared Goff,Sam Darnold,Brad Rogers,DET00,0,-102,-118
2024,18,ARI,SF,8,6,1,closed,grass,,,Sunday,16:25,Home,Kyler Murray,Joshua Dobbs,Shawn Smith,PHO00,0,-110,-110
2024,18,ATL,CAR,7,7,1,closed,fieldturf,,,Sunday,13:00,Home,Michael Penix Jr.,Bryce Young,Land Clark,ATL97,1,-115,-105
2024,18,DAL,WAS,7,7,1,closed,matrixturf,,,Sunday,13:00,Home,Trey Lance,Jayden Daniels,Clete Blakeman,DAL00,0,-112,-108
2024,18,DEN,KC,8,11,1,outdoors,grass,28,5,Sunday,16:25,Home,Bo Nix,Carson Wentz,Shawn Hochuli,DEN00,0,-105,-115
2024,18,GB,CHI,7,10,1,outdoors,grass,16,13,Sunday,13:00,Home,Jordan Love,Caleb Williams,Clay Martin,GNB00,0,-105,-115
2024,18,IND,JAX,7,7,1,closed,fieldturf,,,Sunday,13:00,Home,Joe Flacco,Mac Jones,Alex Kemp,IND00,1,-110,-110
2024,18,LA,SEA,8,10,1,dome,matrixturf,,,Sunday,16:25,Home,Jimmy Garoppolo,Geno Smith,Bill Vinovich,LAX01,0,-110,-110
2024,18,LV,LAC,7,8,1,dome,grass,,,Sunday,16:25,Home,Aidan O'Connell,Justin Herbert,Carl Cheffers,VEG00,0,-102,-118
2024,18,NE,BUF,8,7,1,outdoors,fieldturf,33,14,Sunday,13:00,Home,Joe Milton III,Mitchell Trubisky,Alan Eck,BOS00,0,-108,-112
2024,18,NYJ,MIA,7,7,1,outdoors,fieldturf,34,10,Sunday,16:25,Home,Aaron Rodgers,Tua Tagovailoa,Tra Blake,NYC01,0,-110,-110
2024,18,PHI,NYG,7,7,1,outdoors,grass,31,19,Sunday,13:00,Home,Tanner McKee,Drew Lock,Ron Torbert,PHI00,0,-110,-110
2024,18,PIT,CIN,10,7,1,outdoors,grass,19,10,Saturday,20:00,Home,Russell Wilson,Joe Burrow,John Hussey,PIT00,0,-102,-118
2024,18,TB,NO,7,7,1,outdoors,grass,68,6,Sunday,13:00,Home,Baker Mayfield,Spencer Rattler,Adrian Hill,TAM00,0,-118,-102
2024,18,TEN,HOU,7,11,1,outdoors,grass,35,10,Sunday,13:00,Home,Mason Rudolph,Davis Mills,Brad Allen,NAS00,0,-112,-108
2024,2,MIA,BUF,4,4,1,outdoors,grass,86,3,Thursday,20:15,Home,Tua Tagovailoa,Josh Allen,Bill Vinovich,MIA00,0,-110,-110
2024,2,HOU,CHI,7,7,0,closed,astroturf,,,Sunday,20:20,Home,C.J. Stroud,Caleb Williams,Land Clark,HOU00,0,-112,-108
2024,2,DEN,PIT,7,7,0,outdoors,grass,83,4,Sunday,16:25,Home,Bo Nix,Justin Fields,Clete Blakeman,DEN00,0,-118,-102
2024,2,KC,CIN,10,7,0,outdoors,grass,89,8,Sunday,16:25,Home,Patrick Mahomes,Joe Burrow,Alex Kemp,KAN00,0,-115,-105
2024,2,ARI,LA,7,7,1,closed,grass,,,Sunday,16:05,Home,Kyler Murray,Matthew Stafford,John Hussey,PHO00,0,-115,-105
2024,2,BAL,LV,10,7,0,outdoors,grass,76,10,Sunday,13:00,Home,Lamar Jackson,Gardner Minshew,Tra Blake,BAL00,0,-108,-112
2024,2,CAR,LAC,7,7,0,outdoors,grass,78,13,Sunday,13:00,Home,Bryce Young,Justin Herbert,Brad Rogers,CAR00,0,-110,-110
2024,2,DAL,NO,7,7,0,closed,matrixturf,,,Sunday,13:00,Home,Dak Prescott,Derek Carr,Adrian Hill,DAL00,0,-108,-112
2024,2,DET,TB,7,7,0,dome,fieldturf,,,Sunday,13:00,Home,Jared Goff,Baker Mayfield,Clay Martin,DET00,0,-112,-108
2024,2,GB,IND,9,7,0,outdoors,grass,85,7,Sunday,13:00,Home,Malik Willis,Anthony Richardson,Shawn Hochuli,GNB00,0,-118,-102
2024,2,JAX,CLE,7,7,0,outdoors,grass,80,12,Sunday,13:00,Home,Trevor Lawrence,Deshaun Watson,Adrian Hill,JAX00,0,-120,100
2024,2,MIN,SF,7,6,0,dome,sportturf,,,Sunday,13:00,Home,Sam Darnold,Brock Purdy,Brad Allen,MIN01,0,-108,-112
2024,2,NE,SEA,7,7,0,outdoors,fieldturf,77,5,Sunday,13:00,Home,Jacoby Brissett,Geno Smith,Carl Cheffers,BOS00,1,-118,-102
2024,2,TEN,NYJ,7,6,0,outdoors,grass,80,13,Sunday,13:00,Home,Will Levis,Aaron Rodgers,Alan Eck,NAS00,0,-108,-112
2024,2,WAS,NYG,7,7,1,outdoors,grass,82,11,Sunday,13:00,Home,Jayden Daniels,Daniel Jones,Scott Novak,WAS00,0,-112,-108
2024,2,PHI,ATL,10,8,0,outdoors,grass,71,9,Monday,20:15,Home,Jalen Hurts,Kirk Cousins,Craig Wrolstad,PHI00,0,-115,-105
2024,3,NYJ,NE,4,4,1,outdoors,fieldturf,75,5,Thursday,20:15,Home,Aaron Rodgers,Jacoby Brissett,John Hussey,NYC01,0,-110,-110
2024,3,ATL,KC,6,7,0,closed,fieldturf,,,Sunday,20:20,Home,Kirk Cousins,Patrick Mahomes,Tra Blake,ATL97,0,-102,-118
2024,3,ARI,DET,7,7,0,closed,grass,,,Sunday,16:25,Home,Kyler Murray,Jared Goff,Brad Rogers,PHO00,0,-118,-102
2024,3,DAL,BAL,7,7,0,closed,matrixturf,,,Sunday,16:25,Home,Dak Prescott,Lamar Jackson,Ron Torbert,DAL00,0,-110,-110
2024,3,LA,SF,7,7,1,dome,matrixturf,,,Sunday,16:25,Home,Matthew Stafford,Brock Purdy,Clete Blakeman,LAX01,0,-112,-108
2024,3,LV,CAR,7,7,0,dome,grass,,,Sunday,16:05,Home,Gardner Minshew,Andy Dalton,Bill Vinovich,VEG00,0,-110,-110
2024,3,SEA,MIA,7,10,0,outdoors,fieldturf,64,2,Sunday,16:05,Home,Geno Smith,Skylar Thompson,Land Clark,SEA00,0,-110,-110
2024,3,CLE,NYG,7,7,0,outdoors,grass,76,4,Sunday,13:00,Home,Deshaun Watson,Daniel Jones,Craig Wrolstad,CLE00,0,-108,-112
2024,3,IND,CHI,7,7,0,closed,fieldturf,,,Sunday,13:00,Home,Anthony Richardson,Caleb Williams,Adrian Hill,IND00,0,-112,-108
2024,3,MIN,HOU,7,7,0,dome,sportturf,,,Sunday,13:00,Home,Sam Darnold,C.J. Stroud,Shawn Hochuli,MIN01,0,-108,-112
2024,3,NO,PHI,7,6,0,dome,sportturf,,,Sunday,13:00,Home,Derek Carr,Jalen Hurts,Scott Novak,NOR00,0,-115,-105
2024,3,PIT,LAC,7,7,0,outdoors,grass,72,2,Sunday,13:00,Home,Justin Fields,Justin Herbert,Alex Kemp,PIT00,0,-102,-118
2024,3,TB,DEN,7,7,0,outdoors,grass,85,6,Sunday,13:00,Home,Baker Mayfield,Bo Nix,Alan Eck,TAM00,0,-108,-112
2024,3,TEN,GB,7,7,0,outdoors,grass,87,7,Sunday,13:00,Home,Will Levis,Malik Willis,Clay Martin,NAS00,0,-108,-112
2024,3,CIN,WAS,8,8,0,outdoors,fieldturf,69,5,Monday,20:15,Home,Joe Burrow,Jayden Daniels,Brad Allen,CIN00,0,-105,-115
2024,3,BUF,JAX,11,8,0,outdoors,a_turf,68,5,Monday,19:30,Home,Josh Allen,Trevor Lawrence,Shawn Smith,BUF00,0,-112,-108
2024,4,NYG,DAL,4,4,1,outdoors,fieldturf,74,3,Thursday,20:15,Home,Daniel Jones,Dak Prescott,Clay Martin,NYC01,0,-105,-115
2024,4,BAL,BUF,7,6,0,outdoors,grass,68,8,Sunday,20:20,Home,Lamar Jackson,Josh Allen,Alan Eck,BAL00,0,-112,-108
2024,4,LAC,KC,7,7,1,dome,matrixturf,,,Sunday,16:25,Home,Justin Herbert,Patrick Mahomes,Shawn Smith,LAX01,0,-112,-108
2024,4,LV,CLE,7,7,0,dome,grass,,,Sunday,16:25,Home,Gardner Minshew,Deshaun Watson,Brad Allen,VEG00,0,-105,-115
2024,4,ARI,WAS,7,6,0,closed,grass,,,Sunday,16:05,Home,Kyler Murray,Jayden Daniels,Craig Wrolstad,PHO00,0,-105,-115
2024,4,SF,NE,7,10,0,outdoors,grass,71,5,Sunday,16:05,Home,Brock Purdy,Jacoby Brissett,Scott Novak,SFO01,0,-108,-112
2024,4,ATL,NO,7,7,1,closed,fieldturf,,,Sunday,13:00,Home,Kirk Cousins,Derek Carr,John Hussey,ATL97,0,-115,-105
2024,4,CAR,CIN,7,6,0,outdoors,grass,78,6,Sunday,13:00,Home,Andy Dalton,Joe Burrow,Adrian Hill,CAR00,0,-108,-112
2024,4,CHI,LA,7,7,0,outdoors,grass,70,16,Sunday,13:00,Home,Caleb Williams,Matthew Stafford,Brad Rogers,CHI98,0,-108,-112
2024,4,GB,MIN,7,7,1,outdoors,grass,71,15,Sunday,13:00,Home,Jordan Love,Sam Darnold,Bill Vinovich,GNB00,0,-118,-102
2024,4,HOU,JAX,7,6,1,closed,astroturf,,,Sunday,13:00,Home,C.J. Stroud,Trevor Lawrence,Tra Blake,HOU00,0,-112,-108
2024,4,IND,PIT,7,7,0,closed,fieldturf,,,Sunday,13:00,Home,Anthony Richardson,Justin Fields,Land Clark,IND00,0,-112,-108
2024,4,NYJ,DEN,10,7,0,outdoors,fieldturf,67,8,Sunday,13:00,Home,Aaron Rodgers,Bo Nix,Ron Torbert,NYC01,0,-112,-108
2024,4,TB,PHI,7,7,0,outdoors,grass,88,9,Sunday,13:00,Home,Baker Mayfield,Jalen Hurts,Carl Cheffers,TAM00,0,-110,-110
2024,4,DET,SEA,8,8,0,dome,fieldturf,,,Monday,20:15,Home,Jared Goff,Geno Smith,Alex Kemp,DET00,0,-112,-108
2024,4,MIA,TEN,8,8,0,outdoors,grass,86,9,Monday,19:30,Home,Tyler Huntley,Will Levis,Clete Blakeman,MIA00,0,-112,-108
2024,5,ATL,TB,4,4,1,closed,fieldturf,,,Thursday,20:15,Home,Kirk Cousins,Baker Mayfield,Ron Torbert,ATL97,1,-118,-102
2024,5,PIT,DAL,7,10,0,outdoors,grass,67,6,Sunday,20:20,Home,Justin Fields,Dak Prescott,Shawn Hochuli,PIT00,0,-112,-108
2024,5,LA,GB,7,7,0,dome,matrixturf,,,Sunday,16:25,Home,Matthew Stafford,Jordan Love,Brad Allen,LAX01,0,-108,-112
2024,5,SEA,NYG,6,10,0,outdoors,fieldturf,61,3,Sunday,16:25,Home,Geno Smith,Daniel Jones,Shawn Smith,SEA00,0,-108,-112
2024,5,DEN,LV,7,7,1,outdoors,grass,73,7,Sunday,16:05,Home,Bo Nix,Gardner Minshew,Craig Wrolstad,DEN00,0,-108,-112
2024,5,SF,ARI,7,7,1,outdoors,grass,89,3,Sunday,16:05,Home,Brock Purdy,Kyler Murray,Land Clark,SFO01,0,-115,-105
2024,5,CHI,CAR,7,7,0,outdoors,grass,74,7,Sunday,13:00,Home,Caleb Williams,Andy Dalton,Tra Blake,CHI98,0,-112,-108
2024,5,CIN,BAL,7,7,1,outdoors,fieldturf,81,10,Sunday,13:00,Home,Joe Burrow,Lamar Jackson,Bill Vinovich,CIN00,1,-102,-118
2024,5,HOU,BUF,7,7,0,closed,astroturf,,,Sunday,13:00,Home,C.J. Stroud,Josh Allen,Clay Martin,HOU00,0,-112,-108
2024,5,JAX,IND,7,7,1,outdoors,grass,74,4,Sunday,13:00,Home,Trevor Lawrence,Joe Flacco,Carl Cheffers,JAX00,0,-110,-110
2024,5,NE,MIA,7,6,1,outdoors,fieldturf,65,2,Sunday,13:00,Home,Jacoby Brissett,Tyler Huntley,Adrian Hill,BOS00,0,-108,-112
2024,5,WAS,CLE,7,7,0,outdoors,grass,73,5,Sunday,13:00,Home,Jayden Daniels,Deshaun Watson,Alan Eck,WAS00,0,-108,-112
2024,5,MIN,NYJ,7,7,0,outdoors,grass,59,8,Sunday,09:30,Neutral,Sam Darnold,Aaron Rodgers,Scott Novak,LON02,0,-115,-105
2024,5,KC,NO,8,8,0,outdoors,grass,70,1,Monday,20:15,Home,Patrick Mahomes,Derek Carr,Brad Rogers,KAN00,0,-108,-112
2024,6,SEA,SF,4,4,1,outdoors,fieldturf,59,10,Thursday,20:15,Home,Geno Smith,Brock Purdy,Craig Wrolstad,SEA00,0,-102,-118
2024,6,NYG,CIN,7,7,0,outdoors,fieldturf,63,2,Sunday,20:20,Home,Daniel Jones,Joe Burrow,Carl Cheffers,NYC01,0,-108,-112
2024,6,CAR,ATL,7,10,1,outdoors,grass,79,9,Sunday,16:25,Home,Andy Dalton,Kirk Cousins,Clay Martin,CAR00,0,-108,-112
2024,6,DAL,DET,7,13,0,closed,matrixturf,,,Sunday,16:25,Home,Dak Prescott,Jared Goff,John Hussey,DAL00,0,-115,-105
2024,6,DEN,LAC,7,14,1,outdoors,grass,65,7,Sunday,16:05,Home,Bo Nix,Justin Herbert,Tra Blake,DEN00,0,-115,-105
2024,6,LV,PIT,7,7,0,dome,grass,,,Sunday,16:05,Home,Aidan O'Connell,Justin Fields,Alan Eck,VEG00,0,-110,-110
2024,6,BAL,WAS,7,7,0,outdoors,grass,75,8,Sunday,13:00,Home,Lamar Jackson,Jayden Daniels,Land Clark,BAL00,0,-112,-108
2024,6,GB,ARI,7,7,0,outdoors,grass,50,4,Sunday,13:00,Home,Jordan Love,Kyler Murray,Alex Kemp,GNB00,0,-110,-110
2024,6,NE,HOU,7,7,0,outdoors,fieldturf,53,5,Sunday,13:00,Home,Drake Maye,C.J. Stroud,Ron Torbert,BOS00,0,-112,-108
2024,6,NO,TB,6,10,1,dome,sportturf,,,Sunday,13:00,Home,Spencer Rattler,Baker Mayfield,Clete Blakeman,NOR00,0,-112,-108
2024,6,PHI,CLE,14,7,0,outdoors,grass,82,10,Sunday,13:00,Home,Jalen Hurts,Deshaun Watson,Shawn Hochuli,PHI00,0,-112,-108
2024,6,TEN,IND,13,7,1,outdoors,grass,80,12,Sunday,13:00,Home,Will Levis,Joe Flacco,Brad Rogers,NAS00,0,-110,-110
2024,6,CHI,JAX,7,7,0,outdoors,grass,54,3,Sunday,09:30,Neutral,Caleb Williams,Trevor Lawrence,Brad Allen,LON02,0,-112,-108
2024,6,NYJ,BUF,8,8,1,outdoors,fieldturf,49,14,Monday,20:15,Home,Aaron Rodgers,Josh Allen,Adrian Hill,NYC01,0,-108,-112
2024,7,NO,DEN,4,4,0,dome,sportturf,,,Thursday,20:15,Home,Spencer Rattler,Bo Nix,Land Clark,NOR00,0,-102,-118
2024,7,PIT,NYJ,7,6,0,outdoors,grass,60,4,Sunday,20:20,Home,Russell Wilson,Aaron Rodgers,Shawn Smith,PIT00,0,-112,-108
2024,7,SF,KC,10,13,0,outdoors,grass,78,3,Sunday,16:25,Home,Brock Purdy,Patrick Mahomes,Alan Eck,SFO01,0,-115,-105
2024,7,LA,LV,14,7,0,dome,matrixturf,,,Sunday,16:05,Home,Matthew Stafford,Aidan O'Connell,Shawn Hochuli,LAX01,0,-115,-105
2024,7,WAS,CAR,7,7,0,outdoors,grass,76,2,Sunday,16:05,Home,Jayden Daniels,Andy Dalton,Carl Cheffers,WAS00,0,-120,100
2024,7,ATL,SEA,7,10,0,closed,fieldturf,,,Sunday,13:00,Home,Kirk Cousins,Geno Smith,Bill Vinovich,ATL97,0,-105,-115
2024,7,BUF,TEN,6,7,0,outdoors,a_turf,66,12,Sunday,13:00,Home,Josh Allen,Mason Rudolph,John Hussey,BUF00,0,-110,-110
2024,7,CLE,CIN,7,7,1,outdoors,grass,62,8,Sunday,13:00,Home,Deshaun Watson,Joe Burrow,Ron Torbert,CLE00,0,-110,-110
2024,7,GB,HOU,7,7,0,outdoors,grass,72,3,Sunday,13:00,Home,Jordan Love,C.J. Stroud,Scott Novak,GNB00,0,-120,100
2024,7,IND,MIA,7,14,0,closed,fieldturf,,,Sunday,13:00,Home,Anthony Richardson,Tim Boyle,Craig Wrolstad,IND00,0,100,-120
2024,7,MIN,DET,14,7,1,dome,sportturf,,,Sunday,13:00,Home,Sam Darnold,Jared Goff,Clay Martin,MIN01,0,-112,-108
2024,7,NYG,PHI,7,7,1,outdoors,fieldturf,71,4,Sunday,13:00,Home,Daniel Jones,Jalen Hurts,Tra Blake,NYC01,0,100,-120
2024,7,JAX,NE,7,7,0,outdoors,grass,63,12,Sunday,09:30,Neutral,Trevor Lawrence,Drake Maye,Brad Rogers,LON00,0,-115,-105
2024,7,ARI,LAC,8,8,0,closed,grass,,,Monday,21:00,Home,Kyler Murray,Justin Herbert,Clete Blakeman,PHO00,0,-105,-115
2024,7,TB,BAL,8,8,0,outdoors,grass,80,8,Monday,20:15,Home,Baker Mayfield,Lamar Jackson,Alex Kemp,TAM00,0,-110,-110
2024,8,LA,MIN,4,4,0,dome,matrixturf,,,Thursday,20:15,Home,Matthew Stafford,Sam Darnold,Tra Blake,LAX01,0,-115,-105
2024,8,SF,DAL,7,14,0,outdoors,grass,69,9,Sunday,20:20,Home,Brock Purdy,Dak Prescott,Bill Vinovich,SFO01,0,-115,-105
2024,8,DEN,CAR,10,7,0,outdoors,grass,76,4,Sunday,16:25,Home,Bo Nix,Bryce Young,Alex Kemp,DEN00,0,-110,-110
2024,8,LV,KC,7,7,1,dome,grass,,,Sunday,16:25,Home,Aidan O'Connell,Patrick Mahomes,Adrian Hill,VEG00,0,-108,-112
2024,8,WAS,CHI,7,14,0,outdoors,grass,58,2,Sunday,16:25,Home,Jayden Daniels,Caleb Williams,Clete Blakeman,WAS00,0,-110,-110
2024,8,LAC,NO,6,10,0,dome,matrixturf,,,Sunday,16:05,Home,Justin Herbert,Spencer Rattler,Alan Eck,LAX01,0,-110,-110
2024,8,SEA,BUF,7,7,0,outdoors,fieldturf,55,14,Sunday,16:05,Home,Geno Smith,Josh Allen,Ron Torbert,SEA00,0,100,-120
2024,8,CIN,PHI,7,7,0,outdoors,fieldturf,59,6,Sunday,13:00,Home,Joe Burrow,Jalen Hurts,John Hussey,CIN00,0,-120,100
2024,8,CLE,BAL,7,6,1,outdoors,grass,52,4,Sunday,13:00,Home,Jameis Winston,Lamar Jackson,Shawn Smith,CLE00,0,-110,-110
2024,8,DET,TEN,7,7,0,dome,fieldturf,,,Sunday,13:00,Home,Jared Goff,Mason Rudolph,Carl Cheffers,DET00,0,-115,-105
2024,8,HOU,IND,7,7,1,closed,astroturf,,,Sunday,13:00,Home,C.J. Stroud,Joe Flacco,Brad Allen,HOU00,0,-108,-112
2024,8,JAX,GB,7,7,0,outdoors,grass,84,4,Sunday,13:00,Home,Trevor Lawrence,Jordan Love,Land Clark,JAX00,0,-105,-115
2024,8,MIA,ARI,7,6,0,outdoors,grass,82,14,Sunday,13:00,Home,Tim Boyle,Kyler Murray,Clay Martin,MIA00,0,-112,-108
2024,8,NE,NYJ,7,7,1,outdoors,fieldturf,53,8,Sunday,13:00,Home,Drake Maye,Aaron Rodgers,Craig Wrolstad,BOS00,0,-110,-110
2024,8,TB,ATL,6,7,1,outdoors,grass,79,6,Sunday,13:00,Home,Baker Mayfield,Kirk Cousins,Shawn Hochuli,TAM00,0,-110,-110
2024,8,PIT,NYG,8,8,0,outdoors,grass,54,7,Monday,20:15,Home,Russell Wilson,Daniel Jones,Scott Novak,PIT00,0,-115,-105
2024,9,NYJ,HOU,4,4,0,outdoors,fieldturf,71,8,Thursday,20:15,Home,Aaron Rodgers,C.J. Stroud,Shawn Hochuli,NYC01,0,-120,100
2024,9,MIN,IND,10,7,0,dome,sportturf,,,Sunday,20:20,Home,Sam Darnold,Joe Flacco,Shawn Smith,MIN01,0,-110,-110
2024,9,GB,DET,7,7,1,outdoors,grass,50,15,Sunday,16:25,Home,Jordan Love,Jared Goff,Clete Blakeman,GNB00,0,100,-120
2024,9,SEA,LA,7,10,1,outdoors,fieldturf,52,4,Sunday,16:25,Home,Geno Smith,Matthew Stafford,Clay Martin,SEA00,1,-108,-112
2024,9,ARI,CHI,7,7,0,closed,grass,,,Sunday,16:05,Home,Kyler Murray,Caleb Williams,Carl Cheffers,PHO00,0,-110,-110
2024,9,PHI,JAX,7,7,0,outdoors,grass,57,6,Sunday,16:05,Home,Jalen Hurts,Trevor Lawrence,Alan Eck,PHI00,0,-108,-112
2024,9,ATL,DAL,7,7,0,closed,fieldturf,,,Sunday,13:00,Home,Kirk Cousins,Dak Prescott,Scott Novak,ATL97,0,-115,-105
2024,9,BAL,DEN,7,7,0,outdoors,grass,57,3,Sunday,13:00,Home,Lamar Jackson,Bo Nix,Adrian Hill,BAL00,0,-105,-115
2024,9,BUF,MIA,7,7,1,outdoors,a_turf,54,9,Sunday,13:00,Home,Josh Allen,Tua Tagovailoa,Tra Blake,BUF00,0,-110,-110
2024,9,CAR,NO,7,7,1,outdoors,grass,66,7,Sunday,13:00,Home,Bryce Young,Derek Carr,Ron Torbert,CAR00,0,-102,-118
2024,9,CIN,LV,7,7,0,outdoors,fieldturf,67,7,Sunday,13:00,Home,Joe Burrow,Gardner Minshew,Brad Rogers,CIN00,0,-110,-110
2024,9,CLE,LAC,7,7,0,outdoors,grass,57,10,Sunday,13:00,Home,Jameis Winston,Justin Herbert,Bill Vinovich,CLE00,0,-110,-110
2024,9,NYG,WAS,6,7,1,outdoors,fieldturf,52,6,Sunday,13:00,Home,Daniel Jones,Marcus Mariota,Brad Allen,NYC01,0,-112,-108
2024,9,TEN,NE,7,7,0,outdoors,grass,75,10,Sunday,13:00,Home,Mason Rudolph,Drake Maye,Alex Kemp,NAS00,1,-115,-105
2024,9,KC,TB,8,8,0,outdoors,grass,63,6,Monday,20:15,Home,Patrick Mahomes,Baker Mayfield,John Hussey,KAN00,1,-110,-110
