season,week,date,away_team,home_team,home_score,away_score,home_line_open,home_line_close,home_ml_open,home_ml_close,away_ml_open,away_ml_close,total_open,total_close
2014,1,2014-09-04,GB,SEA,36,16,-5.0,-4.5,1.448,1.4339999999999999,2.99,3.05,46,46.5
2014,1,2014-09-07,IND,DEN,31,24,-7.0,-8.0,1.3220000000000001,1.2629999999999999,3.73,4.3,55,52.5
2014,1,2014-09-07,SF,DAL,17,28,5.0,3.5,3.1,2.39,1.425,1.649,51,49
2014,1,2014-09-07,CAR,TB,14,20,-1.0,-5.5,1.8260000000000001,1.444,2.1,3.01,39.5,38.5
2014,1,2014-09-07,NO,ATL,37,34,2.5,3.0,2.31,2.44,1.6890000000000001,1.625,51.5,51
2014,1,2014-09-07,CIN,BAL,16,23,-1.5,-1.0,1.847,1.8839999999999999,2.0699999999999998,2.02,43,43.5
2014,1,2014-09-07,BUF,CHI,20,23,-6.5,-7.0,1.357,1.37,3.48,3.39,48,47
2014,1,2014-09-07,WAS,HOU,17,6,-2.5,-3.0,1.7190000000000001,1.5640000000000001,2.2599999999999998,2.59,45,43.5
2014,1,2014-09-07,TEN,KC,10,26,-4.0,-3.0,1.48,1.625,2.86,2.44,43.5,45.5
2014,1,2014-09-07,NE,MIA,33,20,4.5,3.5,2.84,2.61,1.4870000000000001,1.5580000000000001,47,47.5
2014,1,2014-09-07,OAK,NYJ,19,14,-5.0,-6.5,1.425,1.359,3.1,3.46,39.5,41
2014,1,2014-09-07,JAX,PHI,34,17,-10.0,-10.0,1.2,1.194,5.23,5.35,53,49
2014,1,2014-09-07,CLE,PIT,30,27,-6.0,-5.5,1.37,1.413,3.39,3.16,40,41.5
2014,1,2014-09-07,MIN,STL,6,34,-4.0,-3.0,1.4950000000000001,1.645,2.81,2.4,44,43.5
2014,1,2014-09-08,SD,ARI,18,17,-3.5,-3.0,1.6060000000000001,1.649,2.4900000000000002,2.39,44.5,45.5
2014,1,2014-09-08,NYG,DET,35,14,-4.5,-6.5,1.48,1.367,2.86,3.41,46.5,45
2014,10,2014-11-06,CLE,CIN,3,24,-6.0,-6.5,1.363,1.4,3.44,3.22,44,45.5
2014,10,2014-11-09,CHI,GB,55,14,-7.5,-9.5,1.294,1.2629999999999999,3.97,4.3,52,53
2014,10,2014-11-09,STL,ARI,31,14,-7.0,-7.0,1.3169999999999999,1.333,3.77,3.64,43,43
2014,10,2014-11-09,NYG,SEA,38,17,-10.0,-9.0,1.2270000000000001,1.222,4.7699999999999996,4.8499999999999996,45,44.5
2014,10,2014-11-09,DEN,OAK,17,41,11.0,13.0,5.83,6.34,1.1719999999999999,1.153,48,50.5
2014,10,2014-11-09,TEN,BAL,21,7,-10.0,-10.5,1.208,1.2,5.08,5.23,44,44.5
2014,10,2014-11-09,KC,BUF,13,17,1.0,-2.0,2.09,1.7809999999999999,1.833,2.16,42,42
2014,10,2014-11-09,MIA,DET,20,16,-2.5,-3.0,1.724,1.6890000000000001,2.25,2.31,43.5,43
2014,10,2014-11-09,DAL,JAX,17,31,7.0,7.5,3.69,3.89,1.327,1.3029999999999999,45.5,45
2014,10,2014-11-09,SF,NO,24,27,-4.0,-6.0,1.454,1.403,2.97,3.21,49.5,49.5
2014,10,2014-11-09,PIT,NYJ,20,13,4.0,4.5,2.97,2.9,1.454,1.4710000000000001,45,47
2014,10,2014-11-09,ATL,TB,17,27,-1.0,3.5,2.11,2.5299999999999998,1.8129999999999999,1.5880000000000001,44.5,47
2014,10,2014-11-10,CAR,PHI,45,21,-6.5,-7.0,1.377,1.298,3.35,3.93,48,48.5
2014,11,2014-11-13,BUF,MIA,22,9,-5.0,-4.0,1.4339999999999999,1.512,3.05,2.75,42.5,40.5
2014,11,2014-11-16,NE,IND,20,42,-2.5,-3.0,1.6890000000000001,1.625,2.31,2.44,57,58
2014,11,2014-11-16,DET,ARI,14,6,-2.5,1.0,1.8129999999999999,2.04,2.11,1.869,41.5,41.5
2014,11,2014-11-16,PHI,GB,53,20,-4.5,-4.5,1.454,1.5,2.97,2.8,56.5,55.5
2014,11,2014-11-16,OAK,SD,13,6,-10.0,-10.5,1.208,1.2,5.08,5.23,44,45.5
2014,11,2014-11-16,ATL,CAR,17,19,0.0,2.5,1.8540000000000001,2.2599999999999998,2.06,1.7190000000000001,46,46.5
2014,11,2014-11-16,MIN,CHI,21,13,-3.5,-2.5,1.609,1.7809999999999999,2.48,2.16,47,46.5
2014,11,2014-11-16,HOU,CLE,7,23,-3.0,-4.5,1.5880000000000001,1.4690000000000001,2.5299999999999998,2.91,42.5,42
2014,11,2014-11-16,SEA,KC,24,20,0.0,1.0,1.8540000000000001,2.04,2.06,1.869,43,43.5
2014,11,2014-11-16,CIN,NO,10,27,-7.0,-8.5,1.3120000000000001,1.2629999999999999,3.81,4.3,50.5,51
2014,11,2014-11-16,SF,NYG,10,16,4.0,4.0,2.86,2.71,1.48,1.526,43.5,45
2014,11,2014-11-16,DEN,STL,22,7,9.0,8.0,4.7699999999999996,4.0999999999999996,1.2270000000000001,1.2809999999999999,50.5,49.5
2014,11,2014-11-16,TB,WAS,7,27,-7.0,-6.5,1.347,1.333,3.54,3.64,45,45.5
2014,11,2014-11-17,PIT,TEN,24,27,5.0,7.0,3.1,3.71,1.425,1.3240000000000001,47,46.5
2014,12,2014-11-20,KC,OAK,24,20,6.0,7.5,3.81,3.89,1.3120000000000001,1.3029999999999999,43.5,42
2014,12,2014-11-23,DAL,NYG,28,31,3.0,4.0,2.4500000000000002,2.81,1.621,1.4950000000000001,47,48.5
2014,12,2014-11-23,MIA,DEN,39,36,-7.0,-6.5,1.3,1.35,3.92,3.52,50,47.5
2014,12,2014-11-23,WAS,SF,17,13,-8.0,-9.0,1.2430000000000001,1.238,4.54,4.6100000000000003,44,44
2014,12,2014-11-23,STL,SD,27,24,-6.5,-4.0,1.4159999999999999,1.512,3.14,2.75,44.5,43.5
2014,12,2014-11-23,ARI,SEA,19,3,-7.0,-7.5,1.357,1.2769999999999999,3.48,4.1399999999999997,43,42
2014,12,2014-11-23,CLE,ATL,24,26,-3.0,-3.0,1.595,1.6890000000000001,2.52,2.31,46.5,48.5
2014,12,2014-11-23,TB,CHI,21,13,-5.5,-4.0,1.4,1.4950000000000001,3.22,2.81,46,47
2014,12,2014-11-23,CIN,HOU,13,22,-2.0,-3.0,1.833,1.671,2.09,2.35,43.5,44.5
2014,12,2014-11-23,JAX,IND,23,3,-13.5,-13.0,1.105,1.1419999999999999,8.36,6.69,50.5,49
2014,12,2014-11-23,GB,MIN,21,24,10.0,7.5,5,3.97,1.212,1.294,48,50
2014,12,2014-11-23,DET,NE,34,9,-7.0,-7.5,1.327,1.3220000000000001,3.69,3.73,48,47.5
2014,12,2014-11-23,TEN,PHI,43,24,-11.0,-11.0,1.1659999999999999,1.1659999999999999,5.98,5.98,48.5,49
2014,12,2014-11-24,BAL,NO,27,34,-3.5,-2.5,1.5069999999999999,1.746,2.77,2.21,49.5,50.5
2014,12,2014-11-24,NYJ,BUF,38,3,-2.5,-2.5,1.6890000000000001,1.6990000000000001,2.31,2.29,41.5,42
2014,13,2014-11-27,SEA,SF,3,19,0.0,-1.0,1.917,1.877,1.99,2.0299999999999998,41,40
2014,13,2014-11-27,PHI,DAL,10,33,-3.0,-3.0,1.6319999999999999,1.625,2.4300000000000002,2.44,54.5,56.5
2014,13,2014-11-27,CHI,DET,34,17,-6.5,-7.5,1.325,1.3029999999999999,3.7,3.89,46.5,46
2014,13,2014-11-30,DEN,KC,16,29,0.0,-1.0,2.0499999999999998,1.917,1.8620000000000001,1.99,49.5,49
2014,13,2014-11-30,NE,GB,26,21,-3.5,-3.0,1.591,1.625,2.52,2.44,58,57
2014,13,2014-11-30,ARI,ATL,29,18,-1.0,1.5,2.21,2.06,1.746,1.8540000000000001,44.5,45.5
2014,13,2014-11-30,SD,BAL,33,34,-5.5,-6.5,1.4039999999999999,1.3440000000000001,3.2,3.56,45.5,45.5
2014,13,2014-11-30,CLE,BUF,26,10,-2.5,-3.0,1.6990000000000001,1.5780000000000001,2.29,2.56,41,42
2014,13,2014-11-30,TEN,HOU,45,21,-6.5,-7.0,1.3859999999999999,1.35,3.3,3.52,42.5,43
2014,13,2014-11-30,WAS,IND,49,27,-10.0,-7.5,1.208,1.256,5.08,4.38,51,48.5
2014,13,2014-11-30,NYG,JAX,25,24,2.5,3.0,2.27,2.37,1.714,1.657,44.5,44
2014,13,2014-11-30,CAR,MIN,31,13,-2.5,-2.5,1.714,1.6990000000000001,2.27,2.29,43.5,41.5
2014,13,2014-11-30,NO,PIT,32,35,-3.5,-3.5,1.476,1.54,2.88,2.66,53,54.5
2014,13,2014-11-30,OAK,STL,52,0,-7.0,-6.5,1.327,1.3440000000000001,3.69,3.56,43,43
2014,13,2014-11-30,CIN,TB,13,14,3.0,6.0,2.83,3.1,1.49,1.425,44,43.5
2014,13,2014-12-01,MIA,NYJ,13,16,6.0,6.5,3.22,3.69,1.4,1.327,41.5,41.5
2014,14,2014-12-04,DAL,CHI,28,41,3.5,3.5,2.73,2.68,1.52,1.534,50.5,50.5
2014,14,2014-12-07,NE,SD,14,23,3.5,4.0,2.62,2.86,1.5549999999999999,1.48,50.5,53
2014,14,2014-12-07,SF,OAK,24,13,7.5,8.0,4.38,4.1500000000000004,1.256,1.276,41,40
2014,14,2014-12-07,SEA,PHI,14,24,0.0,1.5,1.8540000000000001,2.11,2.06,1.8129999999999999,49,48
2014,14,2014-12-07,KC,ARI,17,14,0.0,2.5,1.877,2.31,2.0299999999999998,1.6890000000000001,41.5,41.5
2014,14,2014-12-07,BUF,DEN,24,17,-10.0,-9.0,1.2,1.25,5.23,4.46,48,47
2014,14,2014-12-07,PIT,CIN,21,42,-3.5,-3.0,1.5880000000000001,1.7190000000000001,2.5299999999999998,2.2599999999999998,47,47
2014,14,2014-12-07,IND,CLE,24,25,3.5,3.0,2.86,2.39,1.48,1.649,50,50
2014,14,2014-12-07,TB,DET,34,17,-10.0,-10.5,1.2170000000000001,1.208,4.93,5.08,41.5,42
2014,14,2014-12-07,HOU,JAX,13,27,4.0,6.5,3.04,3.43,1.4379999999999999,1.3640000000000001,42,41.5
2014,14,2014-12-07,BAL,MIA,13,28,-3.0,-3.0,1.7350000000000001,1.617,2.23,2.46,45,45
2014,14,2014-12-07,NYJ,MIN,30,24,-6.0,-4.5,1.4,1.458,3.22,2.95,41,40.5
2014,14,2014-12-07,CAR,NO,10,41,-10.0,-8.5,1.222,1.25,4.8499999999999996,4.46,48,50.5
2014,14,2014-12-07,NYG,TEN,7,36,0.0,3.0,2.02,2.29,1.8839999999999999,1.6990000000000001,45.5,46.5
2014,14,2014-12-07,STL,WAS,0,24,1.5,2.5,2.2799999999999998,2.21,1.7090000000000001,1.746,44,44.5
2014,14,2014-12-08,ATL,GB,43,37,-11.5,-13.5,1.169,1.1359999999999999,5.91,6.9,56,54.5
2014,15,2014-12-11,ARI,STL,6,12,-3.0,-6.0,1.476,1.3919999999999999,2.88,3.27,40.5,40.5
2014,15,2014-12-14,DAL,PHI,27,38,-3.5,-3.5,1.5549999999999999,1.6279999999999999,2.62,2.44,55,54.5
2014,15,2014-12-14,MIN,DET,16,14,-7.5,-8.0,1.2629999999999999,1.2849999999999999,4.3,4.05,43.5,42.5
2014,15,2014-12-14,SF,SEA,17,7,-10.0,-10.0,1.2170000000000001,1.232,4.93,4.6900000000000004,38.5,38
2014,15,2014-12-14,DEN,SD,10,22,3.5,4.0,2.76,2.71,1.51,1.526,50.5,49
2014,15,2014-12-14,NYJ,TEN,11,16,1.0,3.5,2.11,2.67,1.8129999999999999,1.5369999999999999,42,42
2014,15,2014-12-14,PIT,ATL,20,27,0.0,3.0,2.11,2.36,1.8129999999999999,1.6659999999999999,53.5,55
2014,15,2014-12-14,JAX,BAL,20,12,-14.0,-14.0,1.111,1.125,8.0399999999999991,7.38,46,44.5
2014,15,2014-12-14,GB,BUF,21,13,5.5,3.5,2.95,2.5499999999999998,1.458,1.581,50.5,49.5
2014,15,2014-12-14,TB,CAR,19,17,-5.0,-3.5,1.5780000000000001,1.54,2.56,2.66,43,41
2014,15,2014-12-14,CIN,CLE,0,30,1.0,-2.5,1.877,1.7190000000000001,2.0299999999999998,2.2599999999999998,44.5,44
2014,15,2014-12-14,HOU,IND,17,10,-6.5,-7.0,1.357,1.3220000000000001,3.48,3.73,49,49
2014,15,2014-12-14,OAK,KC,31,13,-10.5,-11.0,1.1779999999999999,1.2,5.68,5.23,41.5,41.5
2014,15,2014-12-14,MIA,NE,41,13,-8.0,-9.5,1.2889999999999999,1.238,4.01,4.6100000000000003,49,49
2014,15,2014-12-14,WAS,NYG,24,13,-6.0,-7.0,1.363,1.333,3.44,3.64,47,46.5
2014,15,2014-12-15,NO,CHI,15,31,3.0,3.0,2.31,2.59,1.6890000000000001,1.5640000000000001,54,53.5
2014,16,2014-12-18,TEN,JAX,21,13,-3.0,-4.0,1.645,1.51,2.4,2.76,40.5,39
2014,16,2014-12-20,SD,SF,35,38,-2.5,-2.0,1.7689999999999999,1.7809999999999999,2.1800000000000002,2.16,41.5,40.5
2014,16,2014-12-20,PHI,WAS,27,24,8.5,7.0,4.22,3.77,1.27,1.3169999999999999,51,51
2014,16,2014-12-21,SEA,ARI,6,35,7.5,9.5,4.26,4.38,1.266,1.256,39.5,36.5
2014,16,2014-12-21,IND,DAL,42,7,-3.0,-3.5,1.657,1.5609999999999999,2.37,2.6,55,53
2014,16,2014-12-21,BUF,OAK,26,24,5.5,7.0,3.1,3.56,1.425,1.3440000000000001,39,42
2014,16,2014-12-21,NYG,STL,27,37,-5.0,-7.0,1.448,1.3440000000000001,2.99,3.56,44.5,43.5
2014,16,2014-12-21,CLE,CAR,17,13,-3.5,-6.0,1.5580000000000001,1.423,2.61,3.11,40.5,40
2014,16,2014-12-21,DET,CHI,14,20,7.0,10.0,3.56,4.54,1.3440000000000001,1.2430000000000001,45.5,44.5
2014,16,2014-12-21,BAL,HOU,25,13,4.0,6.0,3.02,3.16,1.4419999999999999,1.413,42,42
2014,16,2014-12-21,MIN,MIA,37,35,-7.0,-4.5,1.341,1.444,3.59,3.01,43,42
2014,16,2014-12-21,ATL,NO,14,30,-5.5,-6.0,1.4,1.429,3.22,3.08,56,56
2014,16,2014-12-21,NE,NYJ,16,17,10.5,10.0,5.39,4.8499999999999996,1.1919999999999999,1.222,47,47
2014,16,2014-12-21,KC,PIT,20,12,-3.5,-2.5,1.641,1.746,2.41,2.21,46.5,49.5
2014,16,2014-12-21,GB,TB,3,20,10.5,11.5,5.35,6.2,1.194,1.1579999999999999,48.5,48.5
2014,16,2014-12-22,DEN,CIN,37,28,3.5,3.5,2.48,2.71,1.609,1.526,48,47
2014,17,2014-12-28,CIN,PIT,27,17,-3.5,-3.0,1.54,1.6659999999999999,2.66,2.36,47.5,48
2014,17,2014-12-28,OAK,DEN,47,14,-14.5,-16.5,1.105,1.0760000000000001,8.36,10.25,47.5,49
2014,17,2014-12-28,ARI,SF,20,17,-4.5,-6.0,1.3919999999999999,1.4039999999999999,3.27,3.2,36.5,38
2014,17,2014-12-28,STL,SEA,20,6,-13.0,-11.0,1.1359999999999999,1.1879999999999999,6.94,5.46,41,41.5
2014,17,2014-12-28,CAR,ATL,3,34,-3.0,-2.5,1.4650000000000001,1.7809999999999999,2.93,2.16,47.5,48
2014,17,2014-12-28,CLE,BAL,20,10,-8.5,-14.0,1.117,1.1000000000000001,7.71,8.6,42.5,40
2014,17,2014-12-28,DET,GB,30,20,-7.5,-9.0,1.2969999999999999,1.25,3.94,4.46,48,46.5
2014,17,2014-12-28,JAX,HOU,23,17,-10.0,-8.5,1.208,1.25,5.08,4.46,40.5,38.5
2014,17,2014-12-28,SD,KC,19,7,-3.0,-3.0,1.7090000000000001,1.657,2.2799999999999998,2.37,42.5,42.5
2014,17,2014-12-28,NYJ,MIA,24,37,-4.5,-7.0,1.4079999999999999,1.3120000000000001,3.18,3.81,42,41
2014,17,2014-12-28,CHI,MIN,13,9,-7.5,-7.0,1.3919999999999999,1.333,3.27,3.64,44,47
2014,17,2014-12-28,BUF,NE,9,17,-10.5,-4.5,1.429,1.458,3.08,2.95,43.5,43.5
2014,17,2014-12-28,PHI,NYG,26,34,-2.5,1.0,1.6890000000000001,1.952,2.31,1.952,51.5,51.5
2014,17,2014-12-28,NO,TB,20,23,4.0,6.0,2.8,3.16,1.5,1.413,46.5,47
2014,17,2014-12-28,IND,TEN,10,27,7.5,7.5,3.73,3.81,1.3220000000000001,1.3120000000000001,47,46.5
2014,17,2014-12-28,DAL,WAS,17,44,6.5,6.0,3.37,3.22,1.3740000000000001,1.4,49,47.5
2014,2,2014-09-11,PIT,BAL,26,6,-3.0,-2.5,1.7509999999999999,1.6659999999999999,2.2000000000000002,2.36,43.5,44
2014,2,2014-09-14,CHI,SF,20,28,-7.0,-7.0,1.3340000000000001,1.333,3.64,3.64,48,47
2014,2,2014-09-14,KC,DEN,24,17,-12.0,-13.0,1.133,1.111,7.04,8.0399999999999991,52,49
2014,2,2014-09-14,NYJ,GB,31,24,-8.0,-7.0,1.2529999999999999,1.3220000000000001,4.42,3.73,46,46.5
2014,2,2014-09-14,HOU,OAK,14,30,3.0,3.0,2.29,2.4,1.6990000000000001,1.645,39.5,41
2014,2,2014-09-14,SEA,SD,30,21,5.5,4.5,3.04,3.01,1.4379999999999999,1.444,45,45
2014,2,2014-09-14,STL,TB,17,19,-3.5,-4.0,1.3919999999999999,1.4870000000000001,3.27,2.84,38,37.5
2014,2,2014-09-14,MIA,BUF,29,10,-1.0,-1.0,1.8620000000000001,1.8839999999999999,2.0499999999999998,2.02,43.5,43
2014,2,2014-09-14,DET,CAR,24,7,-3.0,-1.0,1.6990000000000001,1.8839999999999999,2.29,2.02,43.5,43.5
2014,2,2014-09-14,ATL,CIN,24,10,-4.0,-5.5,1.458,1.413,2.95,3.16,48,48.5
2014,2,2014-09-14,NO,CLE,26,24,6.0,4.5,3.27,2.97,1.3919999999999999,1.454,47.5,49.5
2014,2,2014-09-14,NE,MIN,7,30,3.0,3.5,2.4300000000000002,2.48,1.6319999999999999,1.609,49,49
2014,2,2014-09-14,ARI,NYG,14,25,-2.0,-1.0,2.21,1.869,1.746,2.04,45,41.5
2014,2,2014-09-14,DAL,TEN,10,26,-3.5,-3.0,1.526,1.5980000000000001,2.71,2.5099999999999998,48.5,49.5
2014,2,2014-09-14,JAX,WAS,41,10,-5.5,-5.0,1.3919999999999999,1.454,3.27,2.97,44,43
2014,2,2014-09-15,PHI,IND,27,30,-2.5,-3.0,1.68,1.6839999999999999,2.33,2.3199999999999998,52.5,53.5
2014,3,2014-09-18,TB,ATL,56,14,-5.5,-6.5,1.363,1.361,3.44,3.45,44.5,47
2014,3,2014-09-21,PIT,CAR,19,37,-3.5,-3.0,1.5740000000000001,1.526,2.57,2.71,41.5,42.5
2014,3,2014-09-21,KC,MIA,15,34,-4.5,-6.0,1.454,1.413,2.97,3.16,41.5,43
2014,3,2014-09-21,DEN,SEA,26,20,-4.5,-4.0,1.4339999999999999,1.48,3.05,2.86,48.5,48
2014,3,2014-09-21,SF,ARI,23,14,2.5,3.0,2.33,2.36,1.68,1.6659999999999999,42,41
2014,3,2014-09-21,SD,BUF,10,22,-1.0,-2.5,1.74,1.7689999999999999,2.2200000000000002,2.1800000000000002,44,45.5
2014,3,2014-09-21,TEN,CIN,33,7,-6.5,-6.5,1.347,1.377,3.54,3.35,43,44.5
2014,3,2014-09-21,BAL,CLE,21,23,1.0,2.0,2.11,2.11,1.8129999999999999,1.8129999999999999,41.5,43
2014,3,2014-09-21,GB,DET,19,7,-2.5,-1.5,1.7569999999999999,1.8129999999999999,2.2000000000000002,2.11,52,51
2014,3,2014-09-21,IND,JAX,17,44,7.0,6.0,3.93,3.31,1.298,1.3839999999999999,46,45.5
2014,3,2014-09-21,OAK,NE,16,9,-14.0,-14.0,1.071,1.111,10.75,8.0399999999999991,46.5,47.5
2014,3,2014-09-21,MIN,NO,20,9,-10.0,-10.0,1.2,1.19,5.23,5.42,50,49.5
2014,3,2014-09-21,HOU,NYG,30,17,2.5,-1.0,2.16,1.877,1.7809999999999999,2.0299999999999998,42,41.5
2014,3,2014-09-21,WAS,PHI,37,34,-6.5,-4.0,1.37,1.478,3.39,2.87,51,50.5
2014,3,2014-09-21,DAL,STL,31,34,1.0,1.5,2.02,2.09,1.8839999999999999,1.833,44.5,45
2014,3,2014-09-22,CHI,NYJ,19,27,-1.0,-1.5,1.7869999999999999,1.84,2.15,2.08,45.5,44.5
2014,4,2014-09-25,NYG,WAS,14,45,-4.5,-3.0,1.552,1.5740000000000001,2.63,2.57,45,44.5
2014,4,2014-09-28,NO,DAL,38,17,2.5,3.0,2.42,2.25,1.6359999999999999,1.724,53,53.5
2014,4,2014-09-28,ATL,MIN,41,28,3.0,5.5,2.25,3.06,1.724,1.4319999999999999,46.5,48
2014,4,2014-09-28,PHI,SF,26,21,-4.0,-3.5,1.3839999999999999,1.48,3.31,2.86,50.5,48.5
2014,4,2014-09-28,JAX,SD,33,14,-13.5,-13.0,1.111,1.181,8.0399999999999991,5.61,44.5,45
2014,4,2014-09-28,CAR,BAL,38,10,-3.0,-3.5,1.571,1.641,2.58,2.41,39,42.5
2014,4,2014-09-28,GB,CHI,17,38,0.0,2.0,2.13,2.11,1.8,1.8129999999999999,49,51
2014,4,2014-09-28,BUF,HOU,23,17,-3.5,-3.0,1.571,1.746,2.58,2.21,42,44
2014,4,2014-09-28,TEN,IND,41,17,-6.5,-7.5,1.294,1.3029999999999999,3.97,3.89,45.5,45.5
2014,4,2014-09-28,DET,NYJ,17,24,0.0,-2.0,2.13,1.84,1.8,2.08,44.5,43.5
2014,4,2014-09-28,MIA,OAK,14,38,4.0,4.0,2.82,2.71,1.492,1.526,40.5,41
2014,4,2014-09-28,TB,PIT,24,27,-7.5,-7.5,1.294,1.2889999999999999,3.97,4.01,43.5,44.5
2014,4,2014-09-29,NE,KC,41,14,3.5,3.0,2.66,2.25,1.54,1.724,45,45
2014,5,2014-10-02,MIN,GB,42,10,-10.0,-8.5,1.232,1.25,4.6900000000000004,4.46,50,46.5
2014,5,2014-10-05,CIN,NE,43,17,0.0,2.5,2.02,2.1800000000000002,1.8839999999999999,1.7689999999999999,46,46
2014,5,2014-10-05,NYJ,SD,31,0,-7.0,-7.0,1.333,1.3440000000000001,3.64,3.56,43.5,44.5
2014,5,2014-10-05,KC,SF,22,17,-4.5,-4.0,1.3839999999999999,1.4950000000000001,3.31,2.81,44.5,43.5
2014,5,2014-10-05,ARI,DEN,41,20,-8.0,-8.0,1.3069999999999999,1.2849999999999999,3.85,4.05,49,47
2014,5,2014-10-05,CHI,CAR,31,24,-2.5,-1.5,1.6890000000000001,1.8540000000000001,2.31,2.06,45.5,46.5
2014,5,2014-10-05,HOU,DAL,20,17,-4.0,-5.0,1.4690000000000001,1.425,2.91,3.1,46,47.5
2014,5,2014-10-05,BUF,DET,14,17,-7.0,-4.5,1.304,1.454,3.88,2.97,44.5,43
2014,5,2014-10-05,BAL,IND,20,13,-3.0,-2.5,1.5309999999999999,1.7190000000000001,2.69,2.2599999999999998,47.5,49.5
2014,5,2014-10-05,PIT,JAX,9,17,6.5,6.0,3.58,3.05,1.3420000000000001,1.4339999999999999,46,47
2014,5,2014-10-05,TB,NO,37,31,-11.0,-11.0,1.1859999999999999,1.181,5.5,5.61,49,47.5
2014,5,2014-10-05,ATL,NYG,30,20,-4.0,-4.0,1.476,1.51,2.88,2.76,49,50.5
2014,5,2014-10-05,STL,PHI,34,28,-7.0,-3.5,1.3380000000000001,1.512,3.6,2.75,48.5,48
2014,5,2014-10-05,CLE,TEN,28,29,-1.0,1.0,1.7689999999999999,2.0499999999999998,2.1800000000000002,1.8620000000000001,44.5,44.5
2014,5,2014-10-06,SEA,WAS,17,27,7.5,7.0,3.77,3.6,1.3169999999999999,1.3380000000000001,46,45.5
2014,6,2014-10-09,IND,HOU,28,33,2.5,2.5,2.33,2.13,1.68,1.8,45.5,46
2014,6,2014-10-12,NYG,PHI,27,0,-3.0,-1.0,1.724,1.8540000000000001,2.25,2.06,50,50.5
2014,6,2014-10-12,WAS,ARI,30,20,-3.5,-5.0,1.5549999999999999,1.4339999999999999,2.62,3.05,45,47
2014,6,2014-10-12,DAL,SEA,23,30,-8.0,-10.0,1.2589999999999999,1.222,4.34,4.8499999999999996,47.5,47
2014,6,2014-10-12,SD,OAK,28,31,7.0,7.0,3.6,3.97,1.3380000000000001,1.294,43,43.5
2014,6,2014-10-12,CHI,ATL,13,27,-3.0,-3.5,1.5680000000000001,1.526,2.59,2.71,53,55.5
2014,6,2014-10-12,NE,BUF,22,37,3.5,-1.0,2.4300000000000002,1.8540000000000001,1.6319999999999999,2.06,45,44
2014,6,2014-10-12,CAR,CIN,37,37,-6.5,-7.0,1.3049999999999999,1.3120000000000001,3.87,3.81,44,43.5
2014,6,2014-10-12,PIT,CLE,31,10,-1.0,-2.5,1.8129999999999999,1.8129999999999999,2.11,2.11,46.5,46.5
2014,6,2014-10-12,GB,MIA,24,27,3.5,1.5,2.57,2.04,1.5740000000000001,1.869,48,46.5
2014,6,2014-10-12,DET,MIN,3,17,1.5,-1.0,1.869,1.8839999999999999,2.04,2.02,43.5,43
2014,6,2014-10-12,DEN,NYJ,17,31,7.5,10.0,4.38,4.6100000000000003,1.256,1.238,46,47
2014,6,2014-10-12,BAL,TB,17,48,3.0,3.5,2.65,2.59,1.546,1.5640000000000001,42,44
2014,6,2014-10-12,JAX,TEN,16,14,-5.0,-4.0,1.48,1.48,2.86,2.86,44,42.5
2014,6,2014-10-13,SF,STL,17,31,3.5,3.5,2.58,2.69,1.571,1.5309999999999999,43.5,44
2014,7,2014-10-16,NYJ,NE,27,25,-10.0,-9.5,1.222,1.2,4.8499999999999996,5.23,46,44.5
2014,7,2014-10-19,SF,DEN,42,17,-7.5,-7.0,1.37,1.333,3.39,3.64,47,48
2014,7,2014-10-19,NYG,DAL,31,21,-5.0,-5.0,1.4039999999999999,1.4339999999999999,3.2,3.05,48.5,47
2014,7,2014-10-19,ARI,OAK,13,24,3.5,3.5,2.57,2.66,1.5740000000000001,1.54,43.5,46
2014,7,2014-10-19,KC,SD,20,23,-5.5,-3.0,1.492,1.649,2.82,2.39,44.5,46
2014,7,2014-10-19,ATL,BAL,29,7,-6.5,-7.0,1.3380000000000001,1.333,3.6,3.64,49.5,49.5
2014,7,2014-10-19,MIN,BUF,17,16,-4.0,-7.0,1.52,1.333,2.73,3.64,42.5,43.5
2014,7,2014-10-19,MIA,CHI,14,27,-3.0,-3.0,1.526,1.5780000000000001,2.71,2.56,49,47.5
2014,7,2014-10-19,NO,DET,24,23,-2.5,-1.5,1.657,1.84,2.37,2.08,51.5,45.5
2014,7,2014-10-19,CAR,GB,38,17,-7.0,-6.5,1.3220000000000001,1.357,3.73,3.48,49,48.5
2014,7,2014-10-19,CIN,IND,27,0,-3.0,-3.0,1.625,1.5580000000000001,2.44,2.61,49,50.5
2014,7,2014-10-19,CLE,JAX,24,6,4.0,4.0,3.16,2.81,1.413,1.4950000000000001,45,44.5
2014,7,2014-10-19,SEA,STL,28,26,6.5,7.0,3.52,3.69,1.35,1.327,43.5,43.5
2014,7,2014-10-19,TEN,WAS,19,17,-4.0,-6.0,1.444,1.4039999999999999,3.01,3.2,46,46
2014,7,2014-10-20,HOU,PIT,30,23,-4.0,-3.0,1.571,1.617,2.58,2.46,44.5,44.5
2014,8,2014-10-23,SD,DEN,35,21,-7.5,-9.0,1.3029999999999999,1.24,3.89,4.58,51,51
2014,8,2014-10-26,GB,NO,44,23,-2.5,-2.0,1.8540000000000001,1.806,2.06,2.12,54,55
2014,8,2014-10-26,OAK,CLE,23,13,-7.0,-6.5,1.3220000000000001,1.37,3.73,3.39,43,44.5
2014,8,2014-10-26,IND,PIT,51,34,2.5,5.0,2.25,3.01,1.724,1.444,48.5,48
2014,8,2014-10-26,PHI,ARI,24,20,-3.0,-1.0,1.74,1.952,2.2200000000000002,1.952,48,49
2014,8,2014-10-26,SEA,CAR,9,13,3.5,6.0,3.05,3.14,1.4339999999999999,1.4159999999999999,44.5,44.5
2014,8,2014-10-26,BAL,CIN,27,24,-2.5,2.5,1.8839999999999999,2.36,2.02,1.6659999999999999,46,44.5
2014,8,2014-10-26,MIA,JAX,13,27,5.0,7.0,3.08,3.81,1.429,1.3120000000000001,43.5,42
2014,8,2014-10-26,STL,KC,34,7,-6.0,-7.5,1.357,1.298,3.48,3.93,43,44.5
2014,8,2014-10-26,CHI,NE,51,23,-7.0,-6.0,1.3919999999999999,1.3839999999999999,3.27,3.31,49.5,51.5
2014,8,2014-10-26,BUF,NYJ,23,43,-3.0,-3.0,1.6659999999999999,1.6890000000000001,2.36,2.31,41,40
2014,8,2014-10-26,MIN,TB,13,19,-3.0,-1.0,1.6839999999999999,1.869,2.3199999999999998,2.04,41.5,43
2014,8,2014-10-26,HOU,TEN,16,30,1.0,3.5,2.46,2.62,1.617,1.5549999999999999,43,43
2014,8,2014-10-26,DET,ATL,21,22,3.5,3.5,2.73,2.5299999999999998,1.518,1.5880000000000001,47,45
2014,8,2014-10-27,WAS,DAL,17,20,-8.5,-9.5,1.212,1.232,5,4.6900000000000004,49.5,49
2014,9,2014-10-30,NO,CAR,10,28,0.0,3.0,2.15,2.46,1.7869999999999999,1.617,49,48.5
2014,9,2014-11-02,BAL,PIT,43,23,-1.5,-2.5,2.09,1.7809999999999999,1.833,2.16,47.5,47.5
2014,9,2014-11-02,DEN,NE,43,21,3.0,3.0,2.58,2.37,1.571,1.657,54,52.5
2014,9,2014-11-02,OAK,SEA,30,24,-15.0,-13.5,1.0660000000000001,1.125,11.25,7.38,43.5,43.5
2014,9,2014-11-02,STL,SF,10,13,-9.5,-10.5,1.208,1.1879999999999999,5.08,5.46,43.5,44
2014,9,2014-11-02,JAX,CIN,33,23,-13.0,-10.0,1.1719999999999999,1.2170000000000001,5.83,4.93,43,44
2014,9,2014-11-02,TB,CLE,22,17,-6.0,-7.0,1.363,1.3120000000000001,3.44,3.81,43.5,44
2014,9,2014-11-02,ARI,DAL,17,28,-3.0,-1.5,1.625,1.84,2.44,2.08,44.5,45
2014,9,2014-11-02,PHI,HOU,21,31,2.5,1.5,2.11,2.0299999999999998,1.8129999999999999,1.877,48.5,48.5
2014,9,2014-11-02,NYJ,KC,24,10,-10.0,-9.5,1.212,1.2270000000000001,5,4.7699999999999996,41.5,41.5
2014,9,2014-11-02,SD,MIA,37,0,-2.5,-3.0,1.8540000000000001,1.694,2.06,2.2999999999999998,44,45.5
2014,9,2014-11-02,WAS,MIN,29,26,0.0,1.0,1.925,2.02,1.98,1.8919999999999999,43.5,43.5
2014,9,2014-11-03,IND,NYG,24,40,3.0,3.0,2.5,2.35,1.6020000000000001,1.671,50,51
2015,1,2015-09-10,PIT,NE,28,21,-7.0,-7.5,1.35,1.2849999999999999,3.52,4.05,52,51
2015,1,2015-09-13,NYG,DAL,27,26,-5.5,-7.0,1.413,1.331,3.16,3.66,51.5,52
2015,1,2015-09-13,BAL,DEN,19,13,-4.5,-4.5,1.4730000000000001,1.454,2.89,2.97,49.5,46.5
2015,1,2015-09-13,CIN,OAK,13,33,3.5,3.0,2.58,2.36,1.571,1.6659999999999999,43.5,43
2015,1,2015-09-13,TEN,TB,14,42,-3.0,-3.0,1.6020000000000001,1.645,2.5,2.4,42,40.5
2015,1,2015-09-13,NO,ARI,31,19,-2.5,-2.0,1.7689999999999999,1.7689999999999999,2.1800000000000002,2.1800000000000002,47,48.5
2015,1,2015-09-13,DET,SD,33,28,-3.0,-3.5,1.6890000000000001,1.5549999999999999,2.31,2.62,46,45.5
2015,1,2015-09-13,IND,BUF,27,14,2.5,1.0,2.2999999999999998,1.99,1.694,1.917,46,44.5
2015,1,2015-09-13,GB,CHI,23,31,6.5,5.5,3.46,3.22,1.359,1.4,50,48.5
2015,1,2015-09-13,KC,HOU,20,27,-1.0,1.0,1.8839999999999999,1.952,2.02,1.952,41,41
2015,1,2015-09-13,CAR,JAX,9,20,3.0,3.0,2.5099999999999998,2.31,1.5980000000000001,1.6890000000000001,41,41
2015,1,2015-09-13,CLE,NYJ,31,10,-3.0,-3.5,1.714,1.54,2.27,2.66,40,39
2015,1,2015-09-13,SEA,STL,34,31,4.0,3.5,2.75,2.59,1.512,1.5640000000000001,41.5,41.5
2015,1,2015-09-13,MIA,WAS,10,17,3.5,4.0,2.71,2.81,1.526,1.4950000000000001,43,45.5
2015,1,2015-09-14,MIN,SF,20,3,2.5,2.5,2.1800000000000002,2.4,1.7689999999999999,1.645,41.5,42.5
2015,1,2015-09-14,PHI,ATL,26,24,3.0,3.5,2.37,2.59,1.6619999999999999,1.5640000000000001,55,55
2015,10,2015-11-12,BUF,NYJ,17,22,-3.0,-2.5,1.714,1.7929999999999999,2.27,2.14,43,41.5
2015,10,2015-11-15,ARI,SEA,32,39,-3.0,-3.0,1.6319999999999999,1.6659999999999999,2.4300000000000002,2.36,45,43.5
2015,10,2015-11-15,KC,DEN,13,29,-7.0,-4.0,1.37,1.4950000000000001,3.39,2.81,42.5,42
2015,10,2015-11-15,NE,NYG,26,27,7.5,7.0,3.77,3.81,1.3169999999999999,1.3120000000000001,55,52.5
2015,10,2015-11-15,MIN,OAK,14,30,-3.0,-3.0,1.6659999999999999,1.609,2.36,2.48,43.5,44
2015,10,2015-11-15,JAX,BAL,20,22,-6.5,-4.0,1.4379999999999999,1.48,3.04,2.86,48,47
2015,10,2015-11-15,DET,GB,16,18,-13.0,-10.5,1.1659999999999999,1.169,5.98,5.91,47.5,50
2015,10,2015-11-15,MIA,PHI,19,20,-6.5,-5.5,1.3919999999999999,1.4339999999999999,3.27,3.05,46.5,49
2015,10,2015-11-15,CLE,PIT,30,9,-4.5,-7.0,1.4650000000000001,1.3240000000000001,2.93,3.71,41,43.5
2015,10,2015-11-15,CHI,STL,13,37,-8.0,-7.5,1.3169999999999999,1.268,3.77,4.24,42.5,42
2015,10,2015-11-15,DAL,TB,10,6,-1.0,1.0,1.806,1.99,2.12,1.917,43,43.5
2015,10,2015-11-15,CAR,TEN,10,27,4.0,3.5,2.88,2.75,1.476,1.512,42,42.5
2015,10,2015-11-15,NO,WAS,47,14,0.0,1.0,1.98,2.02,1.925,1.8839999999999999,51,52
2015,10,2015-11-16,HOU,CIN,6,10,-10.5,-10.0,1.181,1.212,5.61,5,47,46.5
2015,11,2015-11-19,TEN,JAX,19,13,-3.0,-3.0,1.6890000000000001,1.714,2.31,2.27,44.5,41.5
2015,11,2015-11-22,CIN,ARI,34,31,-3.5,-4.0,1.46,1.502,2.94,2.79,47,48
2015,11,2015-11-22,GB,MIN,13,30,-1.0,1.0,1.8620000000000001,2.02,2.0499999999999998,1.8839999999999999,45,45
2015,11,2015-11-22,SF,SEA,29,13,-13.0,-14.0,1.1000000000000001,1.093,8.67,9.07,40.5,40
2015,11,2015-11-22,KC,SD,3,33,3.0,3.0,2.39,2.52,1.649,1.595,45.5,45.5
2015,11,2015-11-22,IND,ATL,21,24,-6.0,-3.5,1.425,1.5549999999999999,3.1,2.62,47.5,47.5
2015,11,2015-11-22,STL,BAL,16,13,-1.0,-3.0,1.8620000000000001,1.671,2.0499999999999998,2.35,43,41
2015,11,2015-11-22,WAS,CAR,44,16,-7.5,-7.0,1.3169999999999999,1.3169999999999999,3.77,3.77,45.5,44
2015,11,2015-11-22,DEN,CHI,15,17,2.0,2.5,1.8620000000000001,2.11,2.0499999999999998,1.8129999999999999,43,41.5
2015,11,2015-11-22,OAK,DET,18,13,1.0,2.0,2.11,2.15,1.8129999999999999,1.7869999999999999,47.5,50
2015,11,2015-11-22,NYJ,HOU,24,17,3.0,4.0,2.5299999999999998,2.79,1.5880000000000001,1.502,40,40
2015,11,2015-11-22,DAL,MIA,14,24,-1.0,2.5,1.9430000000000001,2.21,1.9610000000000001,1.746,46,45
2015,11,2015-11-22,TB,PHI,17,45,-6.0,-7.0,1.429,1.325,3.08,3.7,45.5,46
2015,11,2015-11-23,BUF,NE,20,13,-7.5,-7.0,1.3029999999999999,1.2889999999999999,3.89,4.01,49,47.5
2015,12,2015-11-26,CHI,GB,13,17,-8.0,-7.5,1.238,1.2430000000000001,4.6100000000000003,4.54,47.5,45
2015,12,2015-11-26,CAR,DAL,14,33,-1.0,1.0,2.06,2.02,1.8540000000000001,1.8839999999999999,46,44.5
2015,12,2015-11-26,PHI,DET,45,14,1.0,-3.0,1.98,1.6659999999999999,1.925,2.36,46,46.5
2015,12,2015-11-29,NE,DEN,30,24,3.5,2.5,2.4,2.2000000000000002,1.645,1.7509999999999999,45,43
2015,12,2015-11-29,PIT,SEA,39,30,-5.5,-3.0,1.4690000000000001,1.7190000000000001,2.91,2.2599999999999998,44.5,46.5
2015,12,2015-11-29,ARI,SF,13,19,10.5,7.5,5.39,4.18,1.1919999999999999,1.2729999999999999,44.5,45
2015,12,2015-11-29,MIN,ATL,10,20,-2.5,-2.0,1.8260000000000001,1.7809999999999999,2.1,2.16,46,45
2015,12,2015-11-29,STL,CIN,31,7,-9.0,-10.5,1.2430000000000001,1.238,4.54,4.6100000000000003,42,42
2015,12,2015-11-29,NO,HOU,24,6,-3.0,-3.5,1.617,1.5049999999999999,2.46,2.78,48,50.5
2015,12,2015-11-29,TB,IND,25,12,-3.0,-3.0,1.5780000000000001,1.7509999999999999,2.56,2.2000000000000002,46.5,46.5
2015,12,2015-11-29,SD,JAX,25,31,-4.0,-5.0,1.4870000000000001,1.413,2.84,3.16,46.5,47
2015,12,2015-11-29,BUF,KC,30,22,-6.0,-4.5,1.4,1.458,3.22,2.95,42,41
2015,12,2015-11-29,MIA,NYJ,38,20,-4.0,-4.5,1.571,1.4690000000000001,2.58,2.91,42.5,44
2015,12,2015-11-29,OAK,TEN,21,24,2.0,1.0,2.1,2.0299999999999998,1.8260000000000001,1.877,44,45
2015,12,2015-11-29,NYG,WAS,20,14,1.0,1.0,2.2000000000000002,1.99,1.7509999999999999,1.917,46.5,47.5
2015,12,2015-11-30,BAL,CLE,27,33,-1.0,-6.0,1.7290000000000001,1.3839999999999999,2.2400000000000002,3.31,41,41
2015,13,2015-12-03,GB,DET,23,27,5.0,2.5,2.36,2.1,1.6659999999999999,1.8260000000000001,47.5,46
2015,13,2015-12-06,IND,PIT,45,10,-7.0,-10.0,1.3380000000000001,1.222,3.6,4.8499999999999996,47.5,50.5
2015,13,2015-12-06,PHI,NE,28,35,-10.0,-9.5,1.2,1.238,5.23,4.6100000000000003,48.5,49.5
2015,13,2015-12-06,CAR,NO,38,41,6.5,5.5,3.64,3.01,1.333,1.444,49.5,50.5
2015,13,2015-12-06,KC,OAK,20,34,3.0,3.0,2.2999999999999998,2.41,1.694,1.641,44.5,45.5
2015,13,2015-12-06,DEN,SD,3,17,4.0,6.0,2.93,3.05,1.4650000000000001,1.4339999999999999,43,45
2015,13,2015-12-06,HOU,BUF,30,21,-3.5,-3.0,1.609,1.6990000000000001,2.48,2.29,41.5,42
2015,13,2015-12-06,SF,CHI,20,26,-7.0,-6.0,1.3440000000000001,1.4,3.56,3.22,41.5,43
2015,13,2015-12-06,CIN,CLE,3,37,10.0,7.5,4.93,3.81,1.2170000000000001,1.3120000000000001,43.5,44
2015,13,2015-12-06,BAL,MIA,15,13,-4.5,-3.5,1.526,1.5780000000000001,2.71,2.56,43.5,43
2015,13,2015-12-06,SEA,MIN,7,38,1.0,2.5,1.98,2.31,1.925,1.6890000000000001,42,43
2015,13,2015-12-06,NYJ,NYG,20,23,1.0,2.0,2.16,2.11,1.7809999999999999,1.8129999999999999,45,45.5
2015,13,2015-12-06,ARI,STL,3,27,5.5,3.5,3.21,2.62,1.403,1.5549999999999999,44,43
2015,13,2015-12-06,ATL,TB,23,19,-2.5,-1.0,1.8129999999999999,1.869,2.11,2.04,45.5,46.5
2015,13,2015-12-06,JAX,TEN,42,39,-2.5,-3.0,1.7509999999999999,1.7190000000000001,2.2000000000000002,2.2599999999999998,43,43.5
2015,13,2015-12-07,DAL,WAS,16,19,-4.0,-2.0,1.4650000000000001,1.84,2.93,2.08,42,43
2015,14,2015-12-10,MIN,ARI,23,20,-7.5,-10.0,1.3029999999999999,1.222,3.89,4.8499999999999996,45,46.5
2015,14,2015-12-13,SEA,BAL,6,35,10.5,10.5,5.98,4.6900000000000004,1.1659999999999999,1.232,43,42
2015,14,2015-12-13,DAL,GB,28,7,-7.5,-6.0,1.3169999999999999,1.367,3.77,3.41,43,43
2015,14,2015-12-13,OAK,DEN,12,15,-7.5,-6.0,1.3029999999999999,1.377,3.89,3.35,43.5,43
2015,14,2015-12-13,ATL,CAR,38,0,-7.5,-8.5,1.2809999999999999,1.27,4.0999999999999996,4.22,47,45.5
2015,14,2015-12-13,WAS,CHI,21,24,-3.5,-4.0,1.5640000000000001,1.48,2.59,2.86,43.5,42.5
2015,14,2015-12-13,PIT,CIN,20,33,-3.0,-1.0,1.7090000000000001,1.9339999999999999,2.2799999999999998,1.97,47.5,49
2015,14,2015-12-13,SF,CLE,24,10,-1.5,-2.5,1.8540000000000001,1.7629999999999999,2.06,2.19,40.5,43
2015,14,2015-12-13,NE,HOU,6,27,3.5,4.0,2.44,2.81,1.625,1.4950000000000001,45,46
2015,14,2015-12-13,IND,JAX,51,16,1.0,-1.0,1.8839999999999999,1.8839999999999999,2.02,2.02,45,45.5
2015,14,2015-12-13,SD,KC,10,3,-10.5,-11.5,1.206,1.1719999999999999,5.12,5.83,46.5,42
2015,14,2015-12-13,TEN,NYJ,30,8,-7.5,-8.0,1.3149999999999999,1.294,3.79,3.97,43.5,43
2015,14,2015-12-13,BUF,PHI,23,20,-2.0,-1.0,2.06,1.8839999999999999,1.8540000000000001,2.02,46.5,48
2015,14,2015-12-13,DET,STL,21,14,-1.0,3.0,1.909,2.4,2,1.645,41.5,41.5
2015,14,2015-12-13,NO,TB,17,24,-3.5,-6.0,1.5309999999999999,1.4039999999999999,2.69,3.2,51,52
2015,14,2015-12-14,NYG,MIA,24,31,-2.0,2.5,2.06,2.11,1.8540000000000001,1.8129999999999999,46.5,47.5
2015,15,2015-12-17,TB,STL,31,23,0.0,-1.0,1.8540000000000001,1.952,2.06,1.952,41,41
2015,15,2015-12-19,NYJ,DAL,16,19,3.0,3.0,2.4300000000000002,2.37,1.6319999999999999,1.657,42,41
2015,15,2015-12-20,ARI,PHI,17,40,3.5,3.5,2.62,2.56,1.5549999999999999,1.5780000000000001,50.5,50.5
2015,15,2015-12-20,DEN,PIT,34,27,-6.0,-7.5,1.425,1.2889999999999999,3.1,4.01,45,45.5
2015,15,2015-12-20,MIA,SD,30,14,-1.5,-1.0,1.8260000000000001,1.952,2.1,1.952,44.5,46.5
2015,15,2015-12-20,CIN,SF,14,24,4.5,7.0,2.93,3.62,1.4650000000000001,1.3360000000000001,42,41
2015,15,2015-12-20,GB,OAK,20,30,3.0,4.0,2.44,2.81,1.625,1.4950000000000001,45.5,47
2015,15,2015-12-20,CLE,SEA,30,13,-14.5,-14.5,1.0760000000000001,1.1000000000000001,10.44,8.67,43,45
2015,15,2015-12-20,KC,BAL,14,34,7.0,6.5,3.93,3.31,1.298,1.3839999999999999,43,41
2015,15,2015-12-20,HOU,IND,10,16,0.0,-2.5,1.8,1.7509999999999999,2.13,2.2000000000000002,41,42
2015,15,2015-12-20,ATL,JAX,17,23,-3.0,-2.0,1.591,1.8,2.52,2.13,48,47.5
2015,15,2015-12-20,CHI,MIN,38,17,-5.0,-4.0,1.429,1.51,3.08,2.76,43,43.5
2015,15,2015-12-20,TEN,NE,33,16,-13.5,-14.5,1.083,1.1000000000000001,9.8699999999999992,8.67,46.5,48
2015,15,2015-12-20,CAR,NYG,35,38,4.0,4.5,2.93,2.86,1.4650000000000001,1.48,48,46.5
2015,15,2015-12-20,BUF,WAS,35,25,1.0,2.5,2.0299999999999998,2.11,1.877,1.8129999999999999,44,46
2015,15,2015-12-21,DET,NO,27,35,-3.0,-2.5,1.645,1.806,2.4,2.12,50,52
2015,16,2015-12-24,SD,OAK,23,20,-4.5,-4.0,1.444,1.4950000000000001,3.01,2.81,46.5,45
2015,16,2015-12-26,WAS,PHI,24,38,-3.5,-3.5,1.645,1.526,2.4,2.71,48,48
2015,16,2015-12-27,GB,ARI,38,8,-4.5,-6.0,1.49,1.403,2.83,3.21,49.5,50
2015,16,2015-12-27,STL,SEA,17,23,-13.5,-11.0,1.113,1.173,7.91,5.8,41.5,42
2015,16,2015-12-27,JAX,NO,38,27,-3.5,-2.5,1.675,1.7689999999999999,2.34,2.1800000000000002,51.5,52.5
2015,16,2015-12-27,CAR,ATL,20,13,7.0,7.0,3.6,3.39,1.3380000000000001,1.37,47,45.5
2015,16,2015-12-27,PIT,BAL,20,17,10.5,11.0,5.08,5.61,1.208,1.181,47.5,47.5
2015,16,2015-12-27,DAL,BUF,16,6,-6.0,-6.5,1.3919999999999999,1.3839999999999999,3.27,3.31,43.5,42
2015,16,2015-12-27,SF,DET,32,17,-8.0,-8.5,1.2,1.25,5.23,4.46,43,42.5
2015,16,2015-12-27,CLE,KC,17,13,-12.5,-11.5,1.133,1.181,7.04,5.61,43,42.5
2015,16,2015-12-27,IND,MIA,12,18,-1.5,-2.5,1.724,1.7509999999999999,2.25,2.2000000000000002,44,44
2015,16,2015-12-27,NYG,MIN,49,17,-6.5,-7.0,1.423,1.327,3.11,3.69,46,44.5
2015,16,2015-12-27,NE,NYJ,26,20,3.0,2.5,2.48,2.21,1.609,1.746,46,45.5
2015,16,2015-12-27,CHI,TB,21,26,-3.0,-3.0,1.625,1.5580000000000001,2.44,2.61,45.5,44
2015,16,2015-12-27,HOU,TEN,6,34,4.5,3.5,2.81,2.5299999999999998,1.4950000000000001,1.5880000000000001,42,39
2015,16,2015-12-28,CIN,DEN,20,17,-3.5,-3.5,1.5309999999999999,1.54,2.69,2.66,42,39
2015,17,2016-01-03,SEA,ARI,6,36,-3.5,-6.0,1.377,1.427,3.35,3.09,47.5,46.5
2015,17,2016-01-03,SD,DEN,27,20,-7.5,-10.0,1.2629999999999999,1.2170000000000001,4.3,4.93,41,42
2015,17,2016-01-03,STL,SF,19,16,3.5,3.0,2.57,2.46,1.5740000000000001,1.617,37.5,39
2015,17,2016-01-03,NO,ATL,17,20,-4.0,-6.0,1.512,1.403,2.75,3.21,53,53.5
2015,17,2016-01-03,NYJ,BUF,22,17,1.5,2.5,2.4,2.31,1.645,1.6890000000000001,43,41
2015,17,2016-01-03,TB,CAR,38,10,-10.5,-10.0,1.2,1.248,5.23,4.47,47,44
2015,17,2016-01-03,DET,CHI,20,24,-1.5,2.5,1.877,2.12,2.0299999999999998,1.806,45,45
2015,17,2016-01-03,BAL,CIN,24,16,-7.5,-10.0,1.27,1.2629999999999999,4.22,4.3,43,40.5
2015,17,2016-01-03,PIT,CLE,12,28,10.0,13.0,4.3,5.98,1.2629999999999999,1.1659999999999999,47,47
2015,17,2016-01-03,WAS,DAL,23,34,-3.5,-3.0,1.546,1.5980000000000001,2.65,2.5099999999999998,39.5,41
2015,17,2016-01-03,MIN,GB,13,20,-3.0,-3.0,1.581,1.68,2.5499999999999998,2.33,47.5,44
2015,17,2016-01-03,JAX,HOU,30,6,-6.0,-5.0,1.393,1.454,3.26,2.97,45,45
2015,17,2016-01-03,TEN,IND,30,24,-3.5,-3.5,1.526,1.54,2.71,2.66,39.5,39
2015,17,2016-01-03,OAK,KC,23,17,-7.0,-6.5,1.357,1.3440000000000001,3.48,3.56,44,43.5
2015,17,2016-01-03,NE,MIA,20,10,10.5,10.0,4.93,4.3,1.2170000000000001,1.2629999999999999,47,46.5
2015,17,2016-01-03,PHI,NYG,30,35,-3.5,-4.0,1.5740000000000001,1.4950000000000001,2.57,2.81,51.5,51
2015,2,2015-09-17,DEN,KC,24,31,-3.0,-3.0,1.5980000000000001,1.617,2.5099999999999998,2.46,43.5,42
2015,2,2015-09-20,SEA,GB,27,17,-3.0,-3.5,1.526,1.54,2.71,2.66,49,49
2015,2,2015-09-20,DAL,PHI,10,20,-5.5,-7.0,1.454,1.35,2.97,3.52,55,53
2015,2,2015-09-20,MIA,JAX,23,20,6.0,5.0,3.22,3.05,1.4,1.4339999999999999,41.5,42.5
2015,2,2015-09-20,BAL,OAK,37,33,6.0,6.0,3.39,3.26,1.37,1.393,43,42
2015,2,2015-09-20,NE,BUF,32,40,0.0,-2.0,2.02,1.806,1.8839999999999999,2.12,45,45
2015,2,2015-09-20,HOU,CAR,24,17,-3.0,-3.0,1.6279999999999999,1.6990000000000001,2.44,2.29,40.5,41
2015,2,2015-09-20,ARI,CHI,23,48,1.5,2.0,2.09,2.08,1.833,1.84,44.5,45.5
2015,2,2015-09-20,SD,CIN,24,19,-3.5,-3.5,1.5980000000000001,1.5780000000000001,2.5099999999999998,2.56,45.5,47.5
2015,2,2015-09-20,TEN,CLE,28,14,-2.5,-1.0,1.8540000000000001,1.8839999999999999,2.06,2.02,41.5,41
2015,2,2015-09-20,DET,MIN,26,16,-3.0,-2.5,1.6890000000000001,1.6990000000000001,2.31,2.29,44,44
2015,2,2015-09-20,TB,NO,19,26,-10.5,-9.5,1.2170000000000001,1.2430000000000001,4.93,4.54,48.5,47
2015,2,2015-09-20,ATL,NYG,20,24,-2.0,-2.0,1.7350000000000001,1.8129999999999999,2.23,2.11,51,49.5
2015,2,2015-09-20,SF,PIT,43,18,-5.0,-6.0,1.446,1.4039999999999999,3,3.2,44,46
2015,2,2015-09-20,STL,WAS,24,10,3.0,3.0,2.5499999999999998,2.59,1.581,1.5640000000000001,42,41
2015,2,2015-09-21,NYJ,IND,7,20,-7.0,-6.0,1.3440000000000001,1.4159999999999999,3.56,3.14,47,45.5
2015,3,2015-09-24,WAS,NYG,32,21,-4.0,-3.0,1.492,1.5980000000000001,2.82,2.5099999999999998,44,45
2015,3,2015-09-27,DEN,DET,12,24,3.5,3.0,2.5499999999999998,2.25,1.581,1.724,44.5,45
2015,3,2015-09-27,BUF,MIA,14,41,-2.5,-1.0,1.675,1.9339999999999999,2.34,1.97,44,43.5
2015,3,2015-09-27,CHI,SEA,26,0,-14.5,-16.5,1.083,1.0760000000000001,9.8699999999999992,10.44,45,43.5
2015,3,2015-09-27,SF,ARI,47,7,-6.0,-7.0,1.377,1.3320000000000001,3.35,3.65,44,45
2015,3,2015-09-27,CIN,BAL,24,28,-3.0,-2.5,1.714,1.724,2.27,2.25,44.5,45.5
2015,3,2015-09-27,NO,CAR,27,22,-3.0,-10.0,1.2809999999999999,1.25,4.0999999999999996,4.46,45,43
2015,3,2015-09-27,OAK,CLE,20,27,-4.5,-3.5,1.512,1.5640000000000001,2.75,2.59,41.5,43.5
2015,3,2015-09-27,ATL,DAL,28,39,0.0,-1.0,2.0099999999999998,1.869,1.9,2.04,44,43.5
2015,3,2015-09-27,TB,HOU,19,9,-7.0,-6.0,1.363,1.395,3.44,3.25,40.5,41
2015,3,2015-09-27,SD,MIN,31,14,-3.0,-2.5,1.7509999999999999,1.8129999999999999,2.2000000000000002,2.11,45,45.5
2015,3,2015-09-27,JAX,NE,51,17,-13.5,-14.5,1.095,1.0760000000000001,8.98,10.44,48,48.5
2015,3,2015-09-27,PHI,NYJ,17,24,0.0,-3.0,1.7509999999999999,1.617,2.2000000000000002,2.46,47,47
2015,3,2015-09-27,PIT,STL,6,12,-1.0,-1.5,2.06,1.8129999999999999,1.8540000000000001,2.11,47,48.5
2015,3,2015-09-27,IND,TEN,33,35,3.5,3.0,2.62,2.56,1.5549999999999999,1.5780000000000001,45,46.5
2015,3,2015-09-28,KC,GB,38,28,-6.5,-4.5,1.3380000000000001,1.444,3.6,3.01,48,47
2015,4,2015-10-01,BAL,PIT,20,23,2.0,3.0,2.2000000000000002,2.31,1.7569999999999999,1.6890000000000001,45.5,44
2015,4,2015-10-04,DAL,NO,26,20,-3.5,-3.0,1.5640000000000001,1.6990000000000001,2.59,2.29,47,48
2015,4,2015-10-04,STL,ARI,22,24,-6.0,-7.0,1.35,1.35,3.52,3.52,42,43.5
2015,4,2015-10-04,MIN,DEN,23,20,-6.5,-7.0,1.363,1.349,3.44,3.53,43.5,43.5
2015,4,2015-10-04,GB,SF,3,17,8.5,7.5,4.0999999999999996,3.81,1.2809999999999999,1.3120000000000001,47.5,48
2015,4,2015-10-04,CLE,SD,30,27,-7.0,-4.5,1.2749999999999999,1.4339999999999999,4.16,3.05,44.5,44.5
2015,4,2015-10-04,HOU,ATL,48,21,-5.0,-4.0,1.3740000000000001,1.4950000000000001,3.37,2.81,46.5,47.5
2015,4,2015-10-04,NYG,BUF,10,24,-5.5,-6.0,1.4,1.413,3.22,3.16,47,46.5
2015,4,2015-10-04,OAK,CHI,22,20,2.5,3.0,2.4,2.59,1.645,1.5640000000000001,44.5,44.5
2015,4,2015-10-04,KC,CIN,36,21,-4.0,-3.5,1.52,1.5640000000000001,2.73,2.59,44,45
2015,4,2015-10-04,JAX,IND,16,13,-8.5,-4.0,1.2350000000000001,1.502,4.6500000000000004,2.79,47,43
2015,4,2015-10-04,CAR,TB,23,37,3.0,3.0,2.4500000000000002,2.31,1.621,1.6890000000000001,39.5,40
2015,4,2015-10-04,PHI,WAS,23,20,3.0,3.0,2.4900000000000002,2.35,1.6060000000000001,1.671,47.5,46
2015,4,2015-10-04,NYJ,MIA,14,27,-1.0,2.5,2.15,2.21,1.7869999999999999,1.746,41,42
2015,4,2015-10-05,DET,SEA,13,10,-10.0,-10.0,1.2250000000000001,1.2150000000000001,4.8,4.97,42.5,43
2015,5,2015-10-08,IND,HOU,20,27,-1.5,-4.5,1.7509999999999999,1.478,2.2000000000000002,2.87,44.5,40.5
2015,5,2015-10-11,SF,NYG,30,27,-7.0,-7.5,1.3660000000000001,1.2849999999999999,3.42,4.05,43,43.5
2015,5,2015-10-11,NE,DAL,6,30,7.5,8.0,4.46,4.05,1.25,1.2849999999999999,49,51
2015,5,2015-10-11,DEN,OAK,10,16,5.5,5.0,2.84,3.01,1.4870000000000001,1.444,43.5,44.5
2015,5,2015-10-11,ARI,DET,17,42,2.5,4.5,2.2799999999999998,2.81,1.7090000000000001,1.4950000000000001,44,46
2015,5,2015-10-11,WAS,ATL,25,19,-8.0,-7.5,1.327,1.3069999999999999,3.69,3.85,47.5,48.5
2015,5,2015-10-11,CLE,BAL,30,33,-6.5,-6.0,1.357,1.3919999999999999,3.48,3.27,44,43
2015,5,2015-10-11,SEA,CIN,27,24,-3.0,-3.0,1.625,1.6890000000000001,2.44,2.31,43,44.5
2015,5,2015-10-11,STL,GB,24,10,-10.0,-8.5,1.25,1.27,4.46,4.22,46.5,45
2015,5,2015-10-11,CHI,KC,17,18,-10.0,-10.0,1.2350000000000001,1.238,4.6500000000000004,4.6100000000000003,45.5,44
2015,5,2015-10-11,NO,PHI,39,17,-5.0,-6.5,1.444,1.361,3.01,3.45,48,49.5
2015,5,2015-10-11,JAX,TB,38,31,-3.0,-1.0,1.714,1.869,2.27,2.04,42,41
2015,5,2015-10-11,BUF,TEN,13,14,3.0,-1.0,2.14,1.909,1.7929999999999999,2,42.5,43
2015,5,2015-10-12,PIT,SD,20,24,-3.0,-4.0,1.5880000000000001,1.48,2.5299999999999998,2.86,45.5,45.5
2015,6,2015-10-15,ATL,NO,31,21,3.0,3.0,2.5,2.34,1.6020000000000001,1.675,51,52
2015,6,2015-10-18,NE,IND,27,34,7.5,8.0,3.85,3.93,1.3069999999999999,1.298,55,53.5
2015,6,2015-10-18,SD,GB,27,20,-10.0,-10.5,1.194,1.1919999999999999,5.35,5.39,50,50
2015,6,2015-10-18,BAL,SF,25,20,3.0,2.5,2.1800000000000002,2.2599999999999998,1.7689999999999999,1.7190000000000001,44,43.5
2015,6,2015-10-18,CAR,SEA,23,27,-6.5,-7.0,1.3440000000000001,1.325,3.56,3.7,42,41
2015,6,2015-10-18,CIN,BUF,21,34,-1.0,3.0,2.2799999999999998,2.41,1.7090000000000001,1.641,45,42.5
2015,6,2015-10-18,DEN,CLE,23,26,4.5,3.5,2.74,2.48,1.5149999999999999,1.609,42.5,41.5
2015,6,2015-10-18,CHI,DET,37,34,-2.5,-3.5,1.6659999999999999,1.4950000000000001,2.36,2.81,44,45
2015,6,2015-10-18,HOU,JAX,20,31,0.0,-2.5,1.8839999999999999,1.645,2.02,2.4,42.5,43.5
2015,6,2015-10-18,KC,MIN,16,10,-3.5,-3.5,1.5,1.617,2.8,2.46,44.5,43
2015,6,2015-10-18,WAS,NYJ,34,20,-5.5,-7.5,1.425,1.2849999999999999,3.1,4.05,41.5,39.5
2015,6,2015-10-18,ARI,PIT,25,13,3.0,5.5,2.4300000000000002,3.05,1.6319999999999999,1.4339999999999999,44,45
2015,6,2015-10-18,MIA,TEN,10,38,-3.0,-2.5,1.7509999999999999,1.7689999999999999,2.2000000000000002,2.1800000000000002,44.5,44
2015,6,2015-10-19,NYG,PHI,27,7,-3.5,-3.5,1.4950000000000001,1.4950000000000001,2.81,2.81,50,50.5
2015,7,2015-10-22,SEA,SF,3,20,4.5,6.5,3.1,3.39,1.425,1.37,41.5,41.5
2015,7,2015-10-25,PHI,CAR,27,16,-3.5,-3.0,1.5980000000000001,1.7290000000000001,2.5099999999999998,2.2400000000000002,46.5,46
2015,7,2015-10-25,DAL,NYG,27,20,-5.0,-3.0,1.6020000000000001,1.645,2.5,2.4,45.5,44.5
2015,7,2015-10-25,OAK,SD,29,37,-5.0,-3.5,1.4830000000000001,1.526,2.86,2.71,47,48
2015,7,2015-10-25,MIN,DET,19,28,2.5,-1.0,2.31,1.869,1.6890000000000001,2.04,44.5,44.5
2015,7,2015-10-25,NO,IND,21,27,-6.0,-5.5,1.448,1.423,2.99,3.11,52.5,52.5
2015,7,2015-10-25,PIT,KC,23,13,-2.0,-4.0,1.6890000000000001,1.48,2.31,2.86,43,41.5
2015,7,2015-10-25,HOU,MIA,44,26,-5.0,-4.5,1.4830000000000001,1.458,2.86,2.95,43,46.5
2015,7,2015-10-25,NYJ,NE,30,23,-10.0,-7.0,1.2350000000000001,1.333,4.6500000000000004,3.64,48,47
2015,7,2015-10-25,CLE,STL,24,6,-5.5,-6.5,1.454,1.3620000000000001,2.97,3.44,42,43.5
2015,7,2015-10-25,ATL,TEN,7,10,3.5,5.5,3.11,3.05,1.423,1.4339999999999999,47.5,45.5
2015,7,2015-10-25,TB,WAS,31,30,-3.5,-3.0,1.54,1.6659999999999999,2.66,2.36,44,42
2015,7,2015-10-25,BUF,JAX,34,31,4.0,3.5,3.1,2.5299999999999998,1.425,1.5880000000000001,42,41
2015,7,2015-10-26,BAL,ARI,26,18,-7.5,-10.0,1.298,1.2190000000000001,3.93,4.8899999999999997,48.5,49.5
2015,8,2015-10-29,MIA,NE,36,7,-8.0,-8.0,1.2629999999999999,1.2350000000000001,4.3,4.6500000000000004,51.5,51
2015,8,2015-11-01,GB,DEN,29,10,2.5,2.5,2.36,2.2000000000000002,1.6659999999999999,1.7509999999999999,46,46
2015,8,2015-11-01,SEA,DAL,12,13,5.5,4.5,3.22,2.86,1.4,1.48,40.5,41.5
2015,8,2015-11-01,NYJ,OAK,34,20,0.0,3.0,2.14,2.5299999999999998,1.7929999999999999,1.5880000000000001,44,43.5
2015,8,2015-11-01,TB,ATL,20,23,-7.5,-8.0,1.3169999999999999,1.25,3.77,4.46,49,47.5
2015,8,2015-11-01,SD,BAL,29,26,-3.0,-4.5,1.5880000000000001,1.48,2.5299999999999998,2.86,50,50
2015,8,2015-11-01,MIN,CHI,20,23,2.5,1.0,1.8620000000000001,2.06,2.0499999999999998,1.8540000000000001,42,43.5
2015,8,2015-11-01,ARI,CLE,20,34,4.5,7.0,2.99,3.71,1.448,1.3240000000000001,46,46
2015,8,2015-11-01,TEN,HOU,20,6,-4.5,-3.5,1.4950000000000001,1.54,2.81,2.66,43.5,43
2015,8,2015-11-01,NYG,NO,52,49,-3.5,-3.0,1.595,1.5980000000000001,2.52,2.5099999999999998,49,51.5
2015,8,2015-11-01,CIN,PIT,10,16,1.5,-1.0,2.11,1.8540000000000001,1.8129999999999999,2.06,48.5,49
2015,8,2015-11-01,SF,STL,27,6,-7.5,-8.0,1.256,1.25,4.38,4.46,39.5,41
2015,8,2015-11-01,DET,KC,45,10,-6.0,-3.0,1.4690000000000001,1.5880000000000001,2.91,2.5299999999999998,45.5,45
2015,8,2015-11-02,IND,CAR,29,26,-6.5,-5.0,1.35,1.454,3.52,2.97,46,44.5
2015,9,2015-11-05,CLE,CIN,31,10,-10.5,-13.0,1.21,1.117,5.04,7.71,46,45.5
2015,9,2015-11-08,PHI,DAL,27,33,3.0,3.0,2.2599999999999998,2.4900000000000002,1.7190000000000001,1.6060000000000001,44.5,43.5
2015,9,2015-11-08,DEN,IND,27,24,3.0,3.5,2.97,2.5299999999999998,1.454,1.5880000000000001,45,45
2015,9,2015-11-08,ATL,SF,17,16,4.0,9.5,3.54,4.6100000000000003,1.347,1.238,45,43.5
2015,9,2015-11-08,NYG,TB,18,32,2.5,1.5,2.2000000000000002,2.04,1.7569999999999999,1.869,47,49
2015,9,2015-11-08,MIA,BUF,33,17,-3.0,-4.0,1.6659999999999999,1.4950000000000001,2.36,2.81,44,44
2015,9,2015-11-08,GB,CAR,37,29,2.5,2.0,2.29,2.09,1.704,1.833,46.5,45.5
2015,9,2015-11-08,STL,MIN,21,18,-2.5,-2.0,1.7190000000000001,1.8129999999999999,2.2599999999999998,2.11,40.5,40
2015,9,2015-11-08,WAS,NE,27,10,-14.0,-13.5,1.0860000000000001,1.0900000000000001,9.58,9.2799999999999994,52.5,51.5
2015,9,2015-11-08,TEN,NO,28,34,-7.5,-7.0,1.24,1.333,4.58,3.64,48,50
2015,9,2015-11-08,JAX,NYJ,28,23,-7.5,-7.5,1.298,1.298,3.93,3.93,43,42
2015,9,2015-11-08,OAK,PIT,38,35,-5.5,-6.0,1.48,1.3839999999999999,2.86,3.31,48,47.5
2015,9,2015-11-09,CHI,SD,19,22,-4.0,-3.5,1.512,1.5580000000000001,2.75,2.61,50,49
2016,1,2016-09-08,CAR,DEN,21,20,3.0,3.0,2.61,2.36,1.5580000000000001,1.6659999999999999,42,40.5
2016,1,2016-09-11,NE,ARI,21,23,-5.5,-9.0,1.429,1.2589999999999999,3.08,4.34,47.5,44.5
2016,1,2016-09-11,NYG,DAL,19,20,0.0,1.0,1.877,1.99,2.0299999999999998,1.917,46.5,47.5
2016,1,2016-09-11,DET,IND,35,39,-3.5,-2.5,1.512,1.7509999999999999,2.75,2.2000000000000002,51.5,51
2016,1,2016-09-11,MIA,SEA,12,10,-10.5,-10.5,1.2,1.2,5.23,5.23,44,43.5
2016,1,2016-09-11,TB,ATL,24,31,-3.0,-2.5,1.645,1.7509999999999999,2.4,2.2000000000000002,47.5,46.5
2016,1,2016-09-11,BUF,BAL,13,7,-3.0,-3.0,1.613,1.5980000000000001,2.4700000000000002,2.5099999999999998,44.5,44.5
2016,1,2016-09-11,CHI,HOU,23,14,-5.5,-5.5,1.425,1.425,3.1,3.1,44,43
2016,1,2016-09-11,GB,JAX,23,27,4.0,3.5,2.86,2.61,1.48,1.5580000000000001,48,47
2016,1,2016-09-11,SD,KC,33,27,-7.0,-6.5,1.3440000000000001,1.363,3.56,3.44,44.5,45.5
2016,1,2016-09-11,OAK,NO,34,35,-1.0,-2.5,1.8839999999999999,1.68,2.02,2.33,51,50
2016,1,2016-09-11,CIN,NYJ,22,23,2.0,-1.0,2.15,1.8540000000000001,1.7869999999999999,2.06,41.5,42
2016,1,2016-09-11,CLE,PHI,29,10,-5.5,-3.5,1.4139999999999999,1.5549999999999999,3.15,2.62,43,41
2016,1,2016-09-11,MIN,TEN,16,25,0.0,2.5,2.1800000000000002,2.15,1.7689999999999999,1.7869999999999999,41,40
2016,1,2016-09-12,LA,SF,28,0,2.5,2.5,2.2400000000000002,2.25,1.7290000000000001,1.724,44,43
2016,1,2016-09-12,PIT,WAS,16,38,3.0,2.5,2.58,2.1800000000000002,1.571,1.7689999999999999,50,49
2016,10,2016-11-10,CLE,BAL,28,7,-10.5,-7.5,1.1859999999999999,1.294,5.5,3.97,45.5,44
2016,10,2016-11-13,SEA,NE,24,31,-7.5,-7.5,1.3,1.3169999999999999,3.92,3.77,48.5,49.5
2016,10,2016-11-13,SF,ARI,23,20,-13.0,-13.5,1.117,1.125,7.71,7.38,48,46.5
2016,10,2016-11-13,DAL,PIT,30,35,-2.5,-3.0,1.74,1.625,2.2200000000000002,2.44,51,50
2016,10,2016-11-13,MIA,SD,24,31,-3.5,-4.5,1.526,1.48,2.71,2.86,47.5,48.5
2016,10,2016-11-13,KC,CAR,17,20,-3.0,-3.0,1.625,1.617,2.44,2.46,44,44
2016,10,2016-11-13,HOU,JAX,21,24,0.0,-3.0,2.11,1.641,1.8129999999999999,2.41,42.5,42
2016,10,2016-11-13,DEN,NO,23,25,-1.5,-3.0,1.8129999999999999,1.671,2.11,2.35,48,49.5
2016,10,2016-11-13,LA,NYJ,6,9,-2.5,1.0,1.847,2.04,2.0699999999999998,1.869,41,39
2016,10,2016-11-13,ATL,PHI,24,15,-1.0,-2.0,2.09,1.8129999999999999,1.833,2.11,49.5,48.5
2016,10,2016-11-13,CHI,TB,36,10,0.0,2.5,2.2200000000000002,2.31,1.74,1.6890000000000001,45.5,45
2016,10,2016-11-13,GB,TEN,47,25,2.5,3.0,2.2000000000000002,2.27,1.7509999999999999,1.714,48.5,48.5
2016,10,2016-11-13,MIN,WAS,26,20,-2.5,-2.5,1.645,1.6890000000000001,2.4,2.31,42.5,42
2016,10,2016-11-14,CIN,NYG,21,20,-2.5,1.0,1.8,2,2.13,1.909,47,49.5
2016,11,2016-11-17,NO,CAR,23,20,-4.0,-3.5,1.5880000000000001,1.5429999999999999,2.5299999999999998,2.66,51,52.5
2016,11,2016-11-20,GB,WAS,42,24,-2.5,-2.5,1.714,1.746,2.27,2.21,50,48.5
2016,11,2016-11-20,NE,SF,17,30,13.5,11.0,7.38,5.23,1.125,1.2,51.5,51.5
2016,11,2016-11-20,PHI,SEA,26,15,-6.0,-6.5,1.357,1.3839999999999999,3.48,3.31,45.5,43
2016,11,2016-11-20,MIA,LA,10,14,-1.0,-1.0,1.8540000000000001,1.9339999999999999,2.06,1.97,40.5,39
2016,11,2016-11-20,BUF,CIN,12,16,-3.0,-2.5,1.7190000000000001,1.7350000000000001,2.2599999999999998,2.23,47,48
2016,11,2016-11-20,PIT,CLE,9,24,9.0,8.0,4.1399999999999997,4.01,1.2769999999999999,1.2889999999999999,49.5,44.5
2016,11,2016-11-20,BAL,DAL,27,17,-7.5,-7.0,1.327,1.3440000000000001,3.69,3.56,45,44.5
2016,11,2016-11-20,JAX,DET,26,19,-6.5,-5.5,1.373,1.4339999999999999,3.38,3.05,47,47
2016,11,2016-11-20,TEN,IND,24,17,-3.0,-3.0,1.645,1.6990000000000001,2.4,2.29,52,53.5
2016,11,2016-11-20,TB,KC,17,19,-7.5,-7.0,1.3120000000000001,1.3460000000000001,3.81,3.55,44.5,45
2016,11,2016-11-20,ARI,MIN,30,24,0.0,-2.0,1.746,1.833,2.21,2.09,41.5,40
2016,11,2016-11-20,CHI,NYG,22,16,-7.0,-7.0,1.3220000000000001,1.361,3.73,3.45,45.5,41.5
2016,11,2016-11-21,HOU,OAK,27,20,-5.0,-6.5,1.4159999999999999,1.3839999999999999,3.14,3.31,46,45.5
2016,12,2016-11-24,PIT,IND,7,28,2.5,8.0,2.29,4.6100000000000003,1.704,1.238,53.5,50
2016,12,2016-11-24,WAS,DAL,31,26,-7.0,-5.5,1.363,1.4339999999999999,3.44,3.05,48.5,53
2016,12,2016-11-24,MIN,DET,16,13,-2.5,-2.0,1.746,1.8129999999999999,2.21,2.11,42.5,42
2016,12,2016-11-27,KC,DEN,27,30,-3.5,-3.5,1.6060000000000001,1.5580000000000001,2.4900000000000002,2.61,39.5,40
2016,12,2016-11-27,NE,NYJ,17,22,8.5,8.5,4.18,4.6100000000000003,1.2729999999999999,1.238,47,48
2016,12,2016-11-27,CAR,OAK,35,32,-3.5,-3.5,1.6659999999999999,1.5549999999999999,2.36,2.62,48,48.5
2016,12,2016-11-27,SEA,TB,14,5,5.0,5.0,3.18,2.97,1.4079999999999999,1.454,44.5,46
2016,12,2016-11-27,ARI,ATL,38,19,-4.0,-4.0,1.4730000000000001,1.51,2.89,2.76,50.5,49
2016,12,2016-11-27,CIN,BAL,19,14,-3.5,-3.5,1.4830000000000001,1.581,2.86,2.5499999999999998,41.5,42
2016,12,2016-11-27,JAX,BUF,28,21,-7.0,-8.5,1.3220000000000001,1.2769999999999999,3.73,4.1399999999999997,45.5,43.5
2016,12,2016-11-27,TEN,CHI,21,27,2.0,6.5,2.81,3.22,1.4950000000000001,1.4,44.5,41.5
2016,12,2016-11-27,NYG,CLE,13,27,7.0,6.5,3.52,3.36,1.35,1.375,44.5,46.5
2016,12,2016-11-27,SD,HOU,13,21,0.0,2.5,2.09,2.1800000000000002,1.833,1.7689999999999999,47,45.5
2016,12,2016-11-27,SF,MIA,31,24,-7.5,-7.5,1.2849999999999999,1.3169999999999999,4.05,3.77,45.5,44.5
2016,12,2016-11-27,LA,NO,49,21,-7.0,-8.0,1.3120000000000001,1.298,3.81,3.93,45.5,45
2016,12,2016-11-28,GB,PHI,13,27,-3.5,-4.0,1.5309999999999999,1.512,2.69,2.75,48,47
2016,13,2016-12-01,DAL,MIN,15,17,2.5,3.0,2.71,2.35,1.526,1.671,44,43.5
2016,13,2016-12-04,CAR,SEA,40,7,-6.5,-8.5,1.3440000000000001,1.2629999999999999,3.56,4.3,45,43.5
2016,13,2016-12-04,WAS,ARI,31,23,-2.5,-2.5,1.7090000000000001,1.7190000000000001,2.2799999999999998,2.2599999999999998,49.5,48.5
2016,13,2016-12-04,NYG,PIT,24,14,-5.5,-6.5,1.4,1.357,3.22,3.48,50,49.5
2016,13,2016-12-04,TB,SD,21,28,-3.5,-3.5,1.4970000000000001,1.5740000000000001,2.8,2.57,46.5,49
2016,13,2016-12-04,BUF,OAK,38,24,-3.5,-3.0,1.609,1.649,2.48,2.39,49.5,48.5
2016,13,2016-12-04,KC,ATL,28,29,-3.5,-5.0,1.518,1.48,2.73,2.86,49,50
2016,13,2016-12-04,MIA,BAL,38,6,-3.5,-3.5,1.5780000000000001,1.5580000000000001,2.56,2.61,41.5,41.5
2016,13,2016-12-04,SF,CHI,26,6,-2.5,0.0,1.7869999999999999,2.0699999999999998,2.15,1.847,42.5,44
2016,13,2016-12-04,PHI,CIN,32,14,1.0,-1.0,1.8129999999999999,1.847,2.11,2.0699999999999998,42,42
2016,13,2016-12-04,HOU,GB,21,13,-6.5,-6.5,1.35,1.325,3.52,3.7,45.5,44.5
2016,13,2016-12-04,DEN,JAX,10,20,4.5,3.5,3.11,2.61,1.421,1.5580000000000001,43,39
2016,13,2016-12-04,LA,NE,26,10,-13.5,-13.0,1.1359999999999999,1.133,6.94,7.04,45.5,44.5
2016,13,2016-12-04,DET,NO,13,28,-4.0,-6.5,1.4,1.357,3.22,3.48,53.5,53
2016,13,2016-12-05,IND,NYJ,10,41,2.0,-1.5,2.13,1.8129999999999999,1.8,2.11,49,48.5
2016,14,2016-12-08,OAK,KC,21,13,-3.0,-3.5,1.571,1.5049999999999999,2.58,2.78,46.5,46
2016,14,2016-12-11,DAL,NYG,10,7,3.0,3.5,2.4900000000000002,2.65,1.6060000000000001,1.546,47.5,47
2016,14,2016-12-11,SEA,GB,38,10,2.5,3.0,2.27,2.34,1.714,1.675,46.5,45
2016,14,2016-12-11,ATL,LA,14,42,4.5,5.0,3.12,2.92,1.42,1.4670000000000001,46,43.5
2016,14,2016-12-11,NYJ,SF,17,23,-1.0,-3.0,1.6990000000000001,1.694,2.29,2.2999999999999998,44.5,42.5
2016,14,2016-12-11,PIT,BUF,20,27,2.0,1.0,2.12,2.06,1.806,1.8540000000000001,47.5,45.5
2016,14,2016-12-11,SD,CAR,28,16,-1.0,-1.0,1.8540000000000001,1.8839999999999999,2.06,2.02,49,48.5
2016,14,2016-12-11,CIN,CLE,10,23,4.0,4.5,3.21,2.79,1.403,1.502,43,42
2016,14,2016-12-11,CHI,DET,20,17,-7.5,-7.5,1.2729999999999999,1.3069999999999999,4.18,3.85,43.5,42
2016,14,2016-12-11,HOU,IND,17,22,-6.0,-6.5,1.4339999999999999,1.37,3.05,3.39,47,47.5
2016,14,2016-12-11,MIN,JAX,16,25,3.0,3.0,2.62,2.59,1.5549999999999999,1.5640000000000001,40,38
2016,14,2016-12-11,ARI,MIA,26,23,-2.5,2.0,1.8540000000000001,2.06,2.06,1.8540000000000001,43.5,44
2016,14,2016-12-11,WAS,PHI,22,27,1.0,1.5,2.1800000000000002,2.0699999999999998,1.7689999999999999,1.847,46.5,48.5
2016,14,2016-12-11,NO,TB,16,11,-2.5,-2.5,1.714,1.7689999999999999,2.27,2.1800000000000002,51,51
2016,14,2016-12-11,DEN,TEN,13,10,-1.5,-2.0,1.7809999999999999,1.833,2.16,2.09,43.5,44
2016,14,2016-12-12,BAL,NE,30,23,-7.5,-6.0,1.3169999999999999,1.403,3.77,3.21,44.5,45.5
2016,15,2016-12-15,LA,SEA,24,3,-14.0,-15.0,1.105,1.0900000000000001,8.36,9.2799999999999994,39.5,39.5
2016,15,2016-12-17,MIA,NYJ,13,34,3.0,2.5,2.1800000000000002,2.23,1.7689999999999999,1.7350000000000001,40.5,39.5
2016,15,2016-12-18,PIT,CIN,20,24,3.0,3.0,2.4900000000000002,2.4,1.6060000000000001,1.645,44.5,45.5
2016,15,2016-12-18,NE,DEN,3,16,3.0,3.0,2.46,2.35,1.617,1.671,44,43
2016,15,2016-12-18,OAK,SD,16,19,3.0,2.5,2.2400000000000002,2.16,1.7290000000000001,1.7809999999999999,50,49.5
2016,15,2016-12-18,NO,ARI,41,48,-2.5,-3.0,1.7749999999999999,1.6659999999999999,2.17,2.36,50,48.5
2016,15,2016-12-18,SF,ATL,41,13,-13.0,-13.5,1.125,1.117,7.38,7.71,52,51.5
2016,15,2016-12-18,PHI,BAL,27,26,-6.0,-5.0,1.4339999999999999,1.444,3.05,3.01,41.5,41
2016,15,2016-12-18,CLE,BUF,33,13,-10.5,-10.5,1.208,1.2170000000000001,5.08,4.93,43,43.5
2016,15,2016-12-18,GB,CHI,27,30,6.5,4.5,3.35,2.9,1.377,1.4710000000000001,40.5,40
2016,15,2016-12-18,TB,DAL,26,20,-7.0,-7.0,1.3220000000000001,1.3440000000000001,3.73,3.56,46,47.5
2016,15,2016-12-18,JAX,HOU,21,20,-5.0,-3.5,1.3919999999999999,1.54,3.27,2.66,40.5,39.5
2016,15,2016-12-18,TEN,KC,17,19,-5.0,-6.0,1.444,1.3959999999999999,3.01,3.24,43,43
2016,15,2016-12-18,IND,MIN,6,34,-3.5,-5.0,1.4970000000000001,1.423,2.8,3.11,45.5,44.5
2016,15,2016-12-18,DET,NYG,17,6,-4.0,-4.0,1.462,1.502,2.93,2.79,43,42.5
2016,15,2016-12-19,CAR,WAS,15,26,-4.5,-7.0,1.462,1.3440000000000001,2.93,3.56,51,50.5
2016,16,2016-12-22,NYG,PHI,24,19,3.0,-1.0,2.2799999999999998,1.833,1.7090000000000001,2.09,42,42.5
2016,16,2016-12-24,CIN,HOU,12,10,-2.5,-3.0,1.8540000000000001,1.645,2.06,2.4,41.5,41
2016,16,2016-12-24,SF,LA,21,22,-3.0,-5.0,1.52,1.444,2.73,3.01,41,39.5
2016,16,2016-12-24,ARI,SEA,31,34,-7.5,-8.0,1.2629999999999999,1.2629999999999999,4.3,4.3,43.5,43.5
2016,16,2016-12-24,IND,OAK,33,25,-4.0,-3.5,1.5369999999999999,1.5640000000000001,2.67,2.59,53,52
2016,16,2016-12-24,MIA,BUF,31,34,-3.5,-4.5,1.5369999999999999,1.454,2.67,2.97,42,44
2016,16,2016-12-24,ATL,CAR,16,33,2.0,3.0,2.15,2.39,1.7869999999999999,1.649,51.5,49
2016,16,2016-12-24,WAS,CHI,21,41,3.0,3.0,2.5099999999999998,2.35,1.5980000000000001,1.671,45,49
2016,16,2016-12-24,SD,CLE,20,17,6.0,4.5,3.18,2.9,1.4079999999999999,1.4710000000000001,44,46
2016,16,2016-12-24,MIN,GB,38,25,-7.0,-6.5,1.37,1.377,3.39,3.35,43.5,44.5
2016,16,2016-12-24,TEN,JAX,38,17,4.5,4.0,2.95,2.79,1.458,1.502,43.5,44
2016,16,2016-12-24,NYJ,NE,41,3,-16.5,-17.0,1.071,1.0660000000000001,10.98,11.51,43.5,45
2016,16,2016-12-24,TB,NO,31,24,-3.0,-3.0,1.6890000000000001,1.5580000000000001,2.31,2.61,52.5,52.5
2016,16,2016-12-25,DEN,KC,33,10,-4.0,-3.5,1.5149999999999999,1.526,2.74,2.71,38,38
2016,16,2016-12-25,BAL,PIT,31,27,-4.0,-5.5,1.458,1.393,2.95,3.26,44.5,46.5
2016,16,2016-12-26,DET,DAL,42,21,-7.5,-6.5,1.327,1.359,3.69,3.46,41.5,46.5
2016,17,2017-01-01,OAK,DEN,24,6,-3.5,-1.0,1.7929999999999999,1.869,2.14,2.04,41.5,40
2016,17,2017-01-01,ARI,LA,6,44,7.0,7.0,3.18,3.64,1.4079999999999999,1.333,40.5,39
2016,17,2017-01-01,KC,SD,27,37,4.0,5.5,3.22,3.05,1.4,1.4339999999999999,45,44.5
2016,17,2017-01-01,SEA,SF,23,25,9.5,11.5,4.38,5.61,1.256,1.181,44,44
2016,17,2017-01-01,NYG,WAS,10,19,-8.0,-8.5,1.25,1.25,4.0999999999999996,4.0999999999999996,44,47.5
2016,17,2017-01-01,NO,ATL,38,32,-7.0,-7.5,1.347,1.2849999999999999,3.54,4.05,55.5,58.5
2016,17,2017-01-01,BAL,CIN,27,10,-2.5,1.0,1.7809999999999999,2.13,2.16,1.8,41,40.5
2016,17,2017-01-01,GB,DET,24,31,3.5,3.5,2.5099999999999998,2.66,1.5980000000000001,1.54,48,50
2016,17,2017-01-01,JAX,IND,24,20,-6.0,-5.5,1.46,1.4,2.94,3.22,48,48.5
2016,17,2017-01-01,NE,MIA,14,35,7.5,7.5,4.54,4.2300000000000004,1.2430000000000001,1.268,44.5,47
2016,17,2017-01-01,CHI,MIN,38,10,-6.5,-6.0,1.4339999999999999,1.393,3.05,3.26,41,44
2016,17,2017-01-01,BUF,NYJ,30,10,6.0,4.0,2.5499999999999998,2.71,1.581,1.526,44,43
2016,17,2017-01-01,DAL,PHI,27,13,-3.5,-6.5,1.54,1.393,2.66,3.26,43,44
2016,17,2017-01-01,CLE,PIT,27,24,-10.0,-3.5,1.4079999999999999,1.526,3.18,2.71,44.5,41.5
2016,17,2017-01-01,CAR,TB,17,16,-4.0,-3.5,1.4079999999999999,1.526,3.18,2.71,47.5,44.5
2016,17,2017-01-01,HOU,TEN,24,17,-3.0,-3.0,1.6359999999999999,1.609,2.42,2.48,40.5,41.5
2016,2,2016-09-15,NYJ,BUF,31,37,-3.0,-1.0,2.0299999999999998,1.8540000000000001,1.877,2.06,42.5,40.5
2016,2,2016-09-18,GB,MIN,17,14,2.0,1.5,2.11,2.09,1.8129999999999999,1.833,44.5,42.5
2016,2,2016-09-18,IND,DEN,34,20,-4.5,-6.5,1.3839999999999999,1.3839999999999999,3.31,3.31,45,47
2016,2,2016-09-18,ATL,OAK,28,35,-5.5,-4.0,1.49,1.512,2.83,2.75,48,47.5
2016,2,2016-09-18,JAX,SD,38,14,-2.5,-3.0,1.5780000000000001,1.6659999999999999,2.56,2.36,47.5,47.5
2016,2,2016-09-18,TB,ARI,40,7,-7.0,-7.5,1.357,1.3029999999999999,3.48,3.89,50,49.5
2016,2,2016-09-18,SEA,LA,9,3,7.0,5.5,3.45,3.1,1.361,1.425,38.5,38
2016,2,2016-09-18,SF,CAR,46,27,-13.0,-12.0,1.1419999999999999,1.19,6.49,5.29,44.5,44.5
2016,2,2016-09-18,BAL,CLE,20,25,4.5,4.0,3.64,2.75,1.333,1.512,43.5,42
2016,2,2016-09-18,TEN,DET,15,16,-5.5,-6.0,1.3839999999999999,1.3839999999999999,3.31,3.31,46.5,48
2016,2,2016-09-18,KC,HOU,19,12,-2.0,1.0,1.7689999999999999,1.952,2.1800000000000002,1.952,43.5,42
2016,2,2016-09-18,MIA,NE,31,24,-5.5,-5.5,1.377,1.4339999999999999,3.35,3.05,42.5,42
2016,2,2016-09-18,NO,NYG,16,13,-5.0,-3.5,1.48,1.526,2.86,2.71,51.5,54
2016,2,2016-09-18,CIN,PIT,24,16,-3.0,-3.0,1.6020000000000001,1.625,2.5,2.44,48.5,48
2016,2,2016-09-18,DAL,WAS,23,27,-2.5,-3.5,1.746,1.54,2.21,2.66,46.5,47
2016,2,2016-09-19,PHI,CHI,14,29,-2.5,-3.0,1.581,1.617,2.5499999999999998,2.46,42.5,42.5
2016,3,2016-09-22,HOU,NE,27,0,0.0,-1.0,2.17,1.8540000000000001,1.7749999999999999,2.06,40.5,38.5
2016,3,2016-09-25,CHI,DAL,31,17,-5.5,-6.5,1.3029999999999999,1.393,3.89,3.26,45,44.5
2016,3,2016-09-25,SD,IND,26,22,-2.5,-1.5,1.6890000000000001,1.8620000000000001,2.31,2.0499999999999998,50.5,51
2016,3,2016-09-25,NYJ,KC,24,3,-3.0,-3.0,1.595,1.6020000000000001,2.52,2.5,43.5,44
2016,3,2016-09-25,PIT,PHI,34,3,4.0,3.5,2.8,2.66,1.4970000000000001,1.54,46,46
2016,3,2016-09-25,SF,SEA,37,18,-10.0,-10.5,1.2350000000000001,1.218,4.6500000000000004,4.91,40.5,42
2016,3,2016-09-25,LA,TB,32,37,-4.0,-3.5,1.458,1.5489999999999999,2.95,2.64,42,40.5
2016,3,2016-09-25,ARI,BUF,33,18,4.0,4.5,2.79,2.86,1.502,1.48,47,48
2016,3,2016-09-25,MIN,CAR,10,22,-7.5,-6.0,1.3169999999999999,1.403,3.77,3.21,43,43
2016,3,2016-09-25,DEN,CIN,17,29,-3.5,-3.5,1.5740000000000001,1.546,2.57,2.65,41,42
2016,3,2016-09-25,DET,GB,34,27,-8.5,-6.0,1.2889999999999999,1.3919999999999999,4.01,3.27,48,47.5
2016,3,2016-09-25,BAL,JAX,17,19,0.0,2.5,1.99,2.16,1.917,1.7809999999999999,47.5,45
2016,3,2016-09-25,CLE,MIA,30,24,-7.0,-10.0,1.1850000000000001,1.246,5.54,4.5,41.5,42
2016,3,2016-09-25,WAS,NYG,27,29,-4.0,-3.5,1.4870000000000001,1.5609999999999999,2.84,2.6,46.5,47
2016,3,2016-09-25,OAK,TEN,10,17,0.0,1.5,1.8260000000000001,2.11,2.1,1.8129999999999999,47,47
2016,3,2016-09-26,ATL,NO,32,45,-3.0,-2.5,1.645,1.649,2.4,2.39,53.5,54
2016,4,2016-09-29,MIA,CIN,22,7,-7.0,-7.5,1.3380000000000001,1.294,3.6,3.97,44.5,46
2016,4,2016-10-02,KC,PIT,43,14,-5.0,-3.0,1.425,1.5640000000000001,3.1,2.59,47.5,48
2016,4,2016-10-02,NO,SD,34,35,-4.5,-3.5,1.5549999999999999,1.54,2.62,2.66,53.5,54
2016,4,2016-10-02,DAL,SF,17,24,3.0,1.0,2.36,2.06,1.6659999999999999,1.8540000000000001,46,44.5
2016,4,2016-10-02,DEN,TB,7,27,3.0,3.5,2.39,2.5299999999999998,1.649,1.5880000000000001,44.5,43
2016,4,2016-10-02,CAR,ATL,48,33,3.5,3.0,2.46,2.34,1.617,1.675,50,48.5
2016,4,2016-10-02,OAK,BAL,27,28,-3.5,-3.5,1.54,1.5549999999999999,2.66,2.62,46.5,45
2016,4,2016-10-02,DET,CHI,17,14,3.0,3.0,2.25,2.57,1.724,1.5740000000000001,46,48
2016,4,2016-10-02,TEN,HOU,27,20,-6.5,-3.5,1.3440000000000001,1.51,3.56,2.76,40.5,40
2016,4,2016-10-02,BUF,NE,0,16,-7.5,-3.5,1.333,1.5580000000000001,3.64,2.61,44.5,41
2016,4,2016-10-02,SEA,NYJ,17,27,2.5,1.0,2.2200000000000002,2,1.74,1.909,41.5,40
2016,4,2016-10-02,CLE,WAS,31,20,-10.0,-7.5,1.2350000000000001,1.3029999999999999,4.6500000000000004,3.89,45.5,47.5
2016,4,2016-10-02,LA,ARI,13,17,-8.5,-10.0,1.262,1.2410000000000001,4.3,4.57,43.5,43.5
2016,4,2016-10-02,IND,JAX,30,27,2.0,-1.0,2.2200000000000002,1.8919999999999999,1.74,2.02,49.5,48
2016,4,2016-10-03,NYG,MIN,24,10,-3.5,-3.5,1.4870000000000001,1.5289999999999999,2.84,2.7,43.5,42.5
2016,5,2016-10-06,ARI,SF,21,33,2.5,3.5,2.4900000000000002,2.72,1.6060000000000001,1.5229999999999999,42.5,42.5
2016,5,2016-10-09,NYG,GB,23,16,-7.5,-7.0,1.294,1.325,3.97,3.7,48,49
2016,5,2016-10-09,CIN,DAL,28,14,0.0,2.5,2.06,2.2000000000000002,1.8540000000000001,1.7509999999999999,45,46
2016,5,2016-10-09,BUF,LA,19,30,-2.5,2.5,1.704,2.21,2.29,1.746,40,41.5
2016,5,2016-10-09,SD,OAK,34,31,-4.0,-3.5,1.5069999999999999,1.512,2.77,2.75,51.5,50.5
2016,5,2016-10-09,ATL,DEN,16,23,-4.5,-3.5,1.4039999999999999,1.512,3.2,2.75,47,44.5
2016,5,2016-10-09,WAS,BAL,10,16,-3.5,-3.5,1.5309999999999999,1.526,2.69,2.71,46.5,44.5
2016,5,2016-10-09,NE,CLE,13,33,10.5,10.0,5.23,4.8499999999999996,1.2,1.222,46.5,47.5
2016,5,2016-10-09,PHI,DET,24,23,2.5,3.5,2.29,2.59,1.704,1.5640000000000001,46,46
2016,5,2016-10-09,CHI,IND,29,23,-4.5,-4.0,1.454,1.4950000000000001,2.97,2.81,47.5,47.5
2016,5,2016-10-09,TEN,MIA,17,30,-3.5,-2.5,1.571,1.746,2.58,2.21,43.5,44.5
2016,5,2016-10-09,HOU,MIN,31,13,-6.5,-6.0,1.367,1.393,3.41,3.26,40,38.5
2016,5,2016-10-09,NYJ,PIT,31,13,-7.5,-10.0,1.3220000000000001,1.25,3.73,4.46,48.5,50
2016,5,2016-10-10,TB,CAR,14,17,-4.5,-6.0,1.4950000000000001,1.413,2.81,3.16,45.5,46.5
2016,6,2016-10-13,DEN,SD,21,13,2.5,3.0,2.5499999999999998,2.37,1.581,1.657,45.5,44
2016,6,2016-10-16,IND,HOU,26,23,-3.5,-3.0,1.625,1.625,2.44,2.44,46,47.5
2016,6,2016-10-16,DAL,GB,16,30,-4.0,-5.5,1.4950000000000001,1.427,2.81,3.09,46.5,47
2016,6,2016-10-16,ATL,SEA,26,24,-6.0,-7.0,1.4,1.361,3.22,3.45,45.5,45.5
2016,6,2016-10-16,KC,OAK,10,26,-2.0,1.0,2.11,2.11,1.8129999999999999,1.8129999999999999,46.5,46.5
2016,6,2016-10-16,SF,BUF,45,16,-7.5,-7.5,1.2769999999999999,1.327,4.1399999999999997,3.69,44,44
2016,6,2016-10-16,JAX,CHI,16,17,-2.0,-2.5,1.724,1.7290000000000001,2.25,2.2400000000000002,47,46
2016,6,2016-10-16,LA,DET,31,28,-3.0,-2.5,1.6020000000000001,1.6990000000000001,2.5,2.29,44,44
2016,6,2016-10-16,PIT,MIA,30,15,7.5,7.5,4.1399999999999997,3.73,1.2769999999999999,1.3220000000000001,48,49.5
2016,6,2016-10-16,CIN,NE,35,17,-8.0,-7.5,1.25,1.3069999999999999,4.46,3.85,47,48
2016,6,2016-10-16,CAR,NO,41,38,3.0,2.5,2.36,2.33,1.6659999999999999,1.68,53,53.5
2016,6,2016-10-16,BAL,NYG,27,23,-3.0,-3.5,1.6659999999999999,1.526,2.36,2.71,43.5,42.5
2016,6,2016-10-16,CLE,TEN,28,26,-7.0,-7.5,1.3069999999999999,1.3169999999999999,3.85,3.77,44,44.5
2016,6,2016-10-16,PHI,WAS,27,20,2.0,3.0,2.16,2.36,1.7809999999999999,1.6659999999999999,44.5,45
2016,6,2016-10-17,NYJ,ARI,28,3,-7.5,-7.5,1.294,1.2889999999999999,3.97,4.01,46,46
2016,7,2016-10-20,CHI,GB,26,10,-9.0,-7.5,1.2729999999999999,1.3029999999999999,4.18,3.89,47,46.5
2016,7,2016-10-23,SEA,ARI,6,6,-2.0,-2.0,1.8260000000000001,1.7689999999999999,2.1,2.1800000000000002,43.5,43
2016,7,2016-10-23,NE,PIT,16,27,7.5,7.5,3.6,3.73,1.3380000000000001,1.3220000000000001,45.5,49
2016,7,2016-10-23,SD,ATL,30,33,-6.5,-4.5,1.37,1.4950000000000001,3.39,2.81,50.5,52.5
2016,7,2016-10-23,TB,SF,17,34,2.0,-1.0,2.06,1.8839999999999999,1.8540000000000001,2.02,47,45
2016,7,2016-10-23,CLE,CIN,31,17,-10.0,-11.0,1.25,1.181,4.46,5.61,45.5,46.5
2016,7,2016-10-23,WAS,DET,20,17,-1.0,1.0,1.847,2.02,2.0699999999999998,1.8839999999999999,48.5,50
2016,7,2016-10-23,OAK,JAX,16,33,-1.5,-1.5,1.869,1.819,2.04,2.11,48.5,47.5
2016,7,2016-10-23,NO,KC,27,21,-7.0,-6.0,1.35,1.4,3.52,3.22,50,51
2016,7,2016-10-23,BUF,MIA,28,25,2.5,2.5,2.27,2.1800000000000002,1.714,1.7689999999999999,44,46
2016,7,2016-10-23,BAL,NYJ,24,16,-1.0,-2.0,1.9430000000000001,1.7809999999999999,1.9610000000000001,2.16,41.5,39.5
2016,7,2016-10-23,MIN,PHI,21,10,2.0,3.0,2.25,2.27,1.724,1.714,40,39
2016,7,2016-10-23,IND,TEN,26,34,-2.5,-4.0,1.714,1.526,2.27,2.71,48.5,48.5
2016,7,2016-10-23,NYG,LA,10,17,2.5,3.0,2.29,2.33,1.6990000000000001,1.68,43.5,44.5
2016,7,2016-10-24,HOU,DEN,27,9,-7.5,-8.5,1.3120000000000001,1.2589999999999999,3.81,4.34,40.5,40
2016,8,2016-10-27,JAX,TEN,36,22,-3.5,-3.0,1.5640000000000001,1.694,2.59,2.2999999999999998,46,43.5
2016,8,2016-10-30,PHI,DAL,29,23,-4.5,-5.0,1.4650000000000001,1.444,2.93,3.01,43.5,44
2016,8,2016-10-30,ARI,CAR,30,20,-2.5,-2.5,1.694,1.74,2.2999999999999998,2.2200000000000002,48,45.5
2016,8,2016-10-30,SD,DEN,27,19,-5.5,-3.5,1.4650000000000001,1.5549999999999999,2.93,2.62,43.5,43
2016,8,2016-10-30,GB,ATL,33,32,-2.5,-3.0,1.675,1.625,2.34,2.44,52.5,51
2016,8,2016-10-30,NE,BUF,25,41,5.0,5.5,3.27,3.05,1.3919999999999999,1.4339999999999999,47.5,48
2016,8,2016-10-30,NYJ,CLE,28,31,3.0,2.5,2.46,2.21,1.617,1.746,43.5,45.5
2016,8,2016-10-30,DET,HOU,20,13,-2.5,-1.0,1.724,1.8620000000000001,2.25,2.0499999999999998,45,46.5
2016,8,2016-10-30,KC,IND,14,30,2.5,3.0,2.25,2.27,1.724,1.714,49.5,50.5
2016,8,2016-10-30,SEA,NO,25,20,3.5,1.0,2.29,1.9430000000000001,1.6990000000000001,1.9610000000000001,47.5,49
2016,8,2016-10-30,OAK,TB,24,30,-1.0,-1.0,1.8540000000000001,1.8839999999999999,2.06,2.02,49,48
2016,8,2016-10-30,WAS,CIN,27,27,-2.5,-3.0,1.6659999999999999,1.645,2.36,2.4,46.5,48.5
2016,8,2016-10-31,MIN,CHI,20,10,5.0,5.5,3.14,3.05,1.4159999999999999,1.4339999999999999,41,39.5
2016,9,2016-11-03,ATL,TB,28,43,3.0,4.5,2.62,2.84,1.5549999999999999,1.4870000000000001,51.5,49
2016,9,2016-11-06,DEN,OAK,30,20,-2.5,-1.0,1.847,1.98,2.0699999999999998,1.925,44.5,44.5
2016,9,2016-11-06,IND,GB,26,31,-7.0,-7.5,1.3220000000000001,1.294,3.73,3.97,53,52
2016,9,2016-11-06,TEN,SD,43,35,-4.0,-3.5,1.4159999999999999,1.54,3.14,2.66,48,47.5
2016,9,2016-11-06,CAR,LA,10,13,2.5,3.0,2.4300000000000002,2.35,1.6319999999999999,1.671,45.5,44.5
2016,9,2016-11-06,NO,SF,23,41,3.0,5.0,2.58,2.95,1.571,1.458,51,53
2016,9,2016-11-06,PIT,BAL,21,14,-2.5,3.5,2.36,2.56,1.6659999999999999,1.5780000000000001,44,46
2016,9,2016-11-06,DAL,CLE,10,35,7.5,7.0,3.77,3.6,1.3169999999999999,1.3380000000000001,47,49
2016,9,2016-11-06,JAX,KC,19,14,-7.5,-7.0,1.3169999999999999,1.327,3.77,3.69,45,42.5
2016,9,2016-11-06,NYJ,MIA,27,23,-3.0,-3.5,1.5369999999999999,1.526,2.67,2.71,44,45
2016,9,2016-11-06,DET,MIN,16,22,-6.0,-4.0,1.395,1.5149999999999999,3.25,2.74,41,42.5
2016,9,2016-11-06,PHI,NYG,28,23,-3.0,-3.0,1.74,1.671,2.2200000000000002,2.35,43,42.5
2016,9,2016-11-07,BUF,SEA,31,25,-7.0,-6.0,1.363,1.444,3.44,3.01,44,43.5
2017,1,2017-09-07,KC,NE,27,42,-8.0,-8.0,1.27,1.226,4.22,4.78,48,47.5
2017,1,2017-09-10,NYG,DAL,19,3,-3.5,-6.0,1.609,1.403,2.48,3.21,48.5,46.5
2017,1,2017-09-10,SEA,GB,17,9,-3.0,-2.5,1.6060000000000001,1.724,2.4900000000000002,2.25,49.5,49.5
2017,1,2017-09-10,CAR,SF,3,23,6.0,4.0,3.31,2.75,1.3839999999999999,1.512,48,45.5
2017,1,2017-09-10,IND,LA,46,9,-3.0,-3.5,1.54,1.5549999999999999,2.66,2.62,42,41.5
2017,1,2017-09-10,NYJ,BUF,21,12,-7.0,-7.0,1.2589999999999999,1.3029999999999999,4.34,3.89,42,42
2017,1,2017-09-10,ATL,CHI,17,23,7.0,6.5,3.52,3.41,1.35,1.367,50.5,48
2017,1,2017-09-10,BAL,CIN,0,20,-3.0,-2.5,1.6990000000000001,1.6990000000000001,2.29,2.29,42.5,41.5
2017,1,2017-09-10,PIT,CLE,18,21,9.0,10.0,4.6900000000000004,4.7300000000000004,1.232,1.2290000000000001,47,47
2017,1,2017-09-10,ARI,DET,35,23,-1.0,2.5,2.02,2.08,1.8839999999999999,1.84,48,48.5
2017,1,2017-09-10,JAX,HOU,7,29,-4.5,-5.0,1.462,1.48,2.93,2.86,40.5,38
2017,1,2017-09-10,OAK,TEN,16,26,-1.0,-2.5,1.8129999999999999,1.7290000000000001,2.11,2.2400000000000002,51.5,49.5
2017,1,2017-09-10,PHI,WAS,17,30,-1.0,1.0,2.04,1.98,1.869,1.925,48,49.5
2017,1,2017-09-11,LAC,DEN,24,21,-3.5,-3.0,1.5609999999999999,1.6890000000000001,2.6,2.31,44,41.5
2017,1,2017-09-11,NO,MIN,29,19,-3.5,-3.0,1.5309999999999999,1.581,2.69,2.5499999999999998,48,47.5
2017,10,2017-11-09,SEA,ARI,16,22,6.0,6.0,3.1,3.22,1.425,1.4,42.5,40
2017,10,2017-11-12,NE,DEN,16,41,7.5,7.0,3.73,3.48,1.3220000000000001,1.357,46,45
2017,10,2017-11-12,DAL,ATL,27,7,-3.0,-3.5,1.641,1.54,2.41,2.66,50.5,49
2017,10,2017-11-12,NYG,SF,31,21,-1.0,3.0,1.8540000000000001,2.44,2.06,1.625,42,41.5
2017,10,2017-11-12,HOU,LA,33,7,-11.5,-12.0,1.1759999999999999,1.153,5.72,6.34,47,45
2017,10,2017-11-12,NO,BUF,10,47,2.0,2.0,2.15,2.15,1.7869999999999999,1.7869999999999999,48.5,48.5
2017,10,2017-11-12,GB,CHI,16,23,-4.5,-4.5,1.4670000000000001,1.4690000000000001,2.92,2.91,38,37.5
2017,10,2017-11-12,CLE,DET,38,24,-13.0,-10.5,1.1479999999999999,1.222,6.52,4.8499999999999996,43.5,42.5
2017,10,2017-11-12,PIT,IND,17,20,10.5,10.5,4.8499999999999996,5.16,1.222,1.204,43,47
2017,10,2017-11-12,LAC,JAX,20,17,-4.0,-5.0,1.4950000000000001,1.4650000000000001,2.81,2.93,41.5,40.5
2017,10,2017-11-12,NYJ,TB,15,10,2.5,-1.0,2.21,1.847,1.746,2.0699999999999998,41,44.5
2017,10,2017-11-12,CIN,TEN,24,20,-5.5,-4.5,1.425,1.4670000000000001,3.1,2.92,40.5,40.5
2017,10,2017-11-12,MIN,WAS,30,38,2.0,1.0,2.02,1.952,1.8839999999999999,1.952,42.5,42.5
2017,10,2017-11-13,MIA,CAR,45,21,-10.0,-8.0,1.25,1.266,4.46,4.26,39.5,38.5
2017,11,2017-11-16,TEN,PIT,40,17,-7.0,-7.0,1.3440000000000001,1.3220000000000001,3.56,3.73,44,44.5
2017,11,2017-11-19,PHI,DAL,9,37,3.5,6.0,2.4900000000000002,3.13,1.6060000000000001,1.4179999999999999,47,48
2017,11,2017-11-19,CIN,DEN,17,20,-2.5,-2.5,1.714,1.6990000000000001,2.27,2.29,40,37.5
2017,11,2017-11-19,NE,OAK,8,33,5.5,7.0,3.52,3.6,1.35,1.3380000000000001,50,54.5
2017,11,2017-11-19,BUF,LAC,54,24,-4.5,-7.0,1.4159999999999999,1.333,3.14,3.64,43.5,41.5
2017,11,2017-11-19,DET,CHI,24,27,3.0,3.0,2.36,2.44,1.6659999999999999,1.625,44,41
2017,11,2017-11-19,JAX,CLE,7,19,7.5,7.5,4.0999999999999996,3.64,1.2809999999999999,1.333,38,37
2017,11,2017-11-19,BAL,GB,0,23,2.0,2.5,2.06,2.2000000000000002,1.8540000000000001,1.7509999999999999,38.5,38.5
2017,11,2017-11-19,ARI,HOU,31,21,0.0,-2.5,1.8540000000000001,1.7509999999999999,2.06,2.2000000000000002,38.5,38
2017,11,2017-11-19,TB,MIA,20,30,0.0,1.0,2.0299999999999998,2.0299999999999998,1.877,1.877,40,44
2017,11,2017-11-19,LA,MIN,24,7,-2.5,-1.0,1.74,1.84,2.2200000000000002,2.08,46,46
2017,11,2017-11-19,WAS,NO,34,31,-7.5,-9.5,1.2769999999999999,1.2629999999999999,4.1399999999999997,4.3,50,52.5
2017,11,2017-11-19,KC,NYG,12,9,11.0,10.0,4.54,4.54,1.2430000000000001,1.2430000000000001,43.5,44.5
2017,11,2017-11-20,ATL,SEA,31,34,-3.0,-1.0,1.645,1.9430000000000001,2.4,1.9610000000000001,45,46
2017,12,2017-11-23,NYG,WAS,20,10,-7.5,-7.0,1.327,1.3220000000000001,3.69,3.73,44.5,44
2017,12,2017-11-23,LAC,DAL,6,28,-2.5,1.0,2.21,2.02,1.746,1.8839999999999999,48,46.5
2017,12,2017-11-23,MIN,DET,23,30,-1.0,2.5,2.16,2.2200000000000002,1.7809999999999999,1.74,44.5,46
2017,12,2017-11-26,GB,PIT,31,28,-13.5,-14.0,1.117,1.113,7.71,7.91,41.5,42.5
2017,12,2017-11-26,JAX,ARI,27,24,4.0,6.0,2.94,3.2,1.46,1.4039999999999999,38,37.5
2017,12,2017-11-26,DEN,OAK,21,14,-5.0,-3.5,1.444,1.4950000000000001,3.01,2.81,43,41
2017,12,2017-11-26,NO,LA,26,20,-2.5,-2.5,1.7090000000000001,1.6990000000000001,2.2799999999999998,2.29,54,54
2017,12,2017-11-26,SEA,SF,13,24,7.0,7.0,3.48,3.52,1.357,1.35,42,44
2017,12,2017-11-26,TB,ATL,34,20,-10.0,-10.5,1.25,1.212,4.46,5,49,47
2017,12,2017-11-26,CLE,CIN,30,16,-8.0,-7.5,1.27,1.3069999999999999,4.22,3.85,38,39
2017,12,2017-11-26,TEN,IND,16,20,4.5,3.0,2.59,2.5499999999999998,1.5640000000000001,1.581,44,46.5
2017,12,2017-11-26,BUF,KC,10,16,-9.5,-8.5,1.222,1.2769999999999999,4.8499999999999996,4.1399999999999997,45,47
2017,12,2017-11-26,MIA,NE,35,17,-17.0,-17.0,1.071,1.0760000000000001,10.44,9.94,47.5,49
2017,12,2017-11-26,CAR,NYJ,27,35,4.5,5.5,2.75,3.11,1.512,1.421,39.5,39.5
2017,12,2017-11-26,CHI,PHI,31,3,-13.5,-14.0,1.117,1.129,7.71,7.18,44,43.5
2017,12,2017-11-27,HOU,BAL,23,16,-7.5,-7.5,1.333,1.2769999999999999,3.64,4.1399999999999997,38,39.5
2017,13,2017-11-30,WAS,DAL,38,14,-1.5,1.5,1.833,2.1,2.09,1.8260000000000001,44.5,47
2017,13,2017-12-03,PHI,SEA,24,10,3.5,3.5,3.01,2.71,1.444,1.526,48,46.5
2017,13,2017-12-03,LA,ARI,16,32,6.5,7.5,3.52,3.8,1.35,1.3129999999999999,45.5,43
2017,13,2017-12-03,NYG,OAK,24,17,-7.5,-9.5,1.3169999999999999,1.25,3.77,4.46,40.5,42
2017,13,2017-12-03,CLE,LAC,19,10,-13.0,-13.5,1.117,1.1319999999999999,7.71,7.07,42.5,45
2017,13,2017-12-03,MIN,ATL,9,14,-3.0,-2.0,1.645,1.8129999999999999,2.4,2.11,47,48.5
2017,13,2017-12-03,DET,BAL,44,20,-3.0,-2.5,1.6990000000000001,1.7749999999999999,2.29,2.17,40,43
2017,13,2017-12-03,NE,BUF,3,23,7.5,7.5,4.38,3.85,1.256,1.3069999999999999,49.5,48.5
2017,13,2017-12-03,SF,CHI,14,15,-4.0,-2.5,1.546,1.714,2.65,2.27,39.5,42
2017,13,2017-12-03,TB,GB,26,20,1.5,-3.0,1.74,1.625,2.2200000000000002,2.44,44,45
2017,13,2017-12-03,IND,JAX,30,10,-8.5,-10.0,1.2430000000000001,1.2270000000000001,4.54,4.7699999999999996,40.5,41
2017,13,2017-12-03,DEN,MIA,35,9,1.0,1.0,1.99,2.06,1.917,1.8540000000000001,38,41
2017,13,2017-12-03,CAR,NO,31,21,-4.0,-5.5,1.4870000000000001,1.403,2.84,3.21,48,47.5
2017,13,2017-12-03,KC,NYJ,38,31,4.0,4.0,2.46,2.7,1.617,1.5289999999999999,43.5,44
2017,13,2017-12-03,HOU,TEN,24,13,-7.5,-7.0,1.357,1.35,3.48,3.52,42,42.5
2017,13,2017-12-04,PIT,CIN,20,23,6.0,4.5,3.1,2.9,1.425,1.4710000000000001,43.5,42.5
2017,14,2017-12-07,NO,ATL,20,17,-1.5,-2.5,2.04,1.7689999999999999,1.869,2.1800000000000002,54.5,51.5
2017,14,2017-12-10,BAL,PIT,39,38,-6.0,-6.0,1.444,1.409,3.01,3.17,43.5,43
2017,14,2017-12-10,PHI,LA,35,43,-1.0,-1.0,1.7929999999999999,1.952,2.14,1.952,51,47.5
2017,14,2017-12-10,DAL,NYG,10,30,6.0,4.0,2.75,2.81,1.512,1.4950000000000001,41,42
2017,14,2017-12-10,TEN,ARI,12,7,3.0,2.5,2.36,2.29,1.6659999999999999,1.6990000000000001,44.5,42
2017,14,2017-12-10,NYJ,DEN,23,0,1.0,1.0,1.97,1.9430000000000001,1.9339999999999999,1.9610000000000001,40.5,40.5
2017,14,2017-12-10,WAS,LAC,30,13,-6.5,-6.0,1.3919999999999999,1.377,3.27,3.35,46,46.5
2017,14,2017-12-10,IND,BUF,13,7,-3.5,-3.5,1.68,1.5549999999999999,2.33,2.62,39.5,36.5
2017,14,2017-12-10,MIN,CAR,31,24,2.0,2.5,2.2599999999999998,2.1800000000000002,1.7190000000000001,1.7689999999999999,42,40.5
2017,14,2017-12-10,CHI,CIN,7,33,-6.0,-6.0,1.3839999999999999,1.3839999999999999,3.31,3.31,37,40.5
2017,14,2017-12-10,GB,CLE,21,27,4.0,2.5,2.4900000000000002,2.1800000000000002,1.6060000000000001,1.7689999999999999,41,38.5
2017,14,2017-12-10,SF,HOU,16,26,-1.5,-1.0,1.671,1.8129999999999999,2.35,2.11,42.5,45.5
2017,14,2017-12-10,SEA,JAX,30,24,-3.0,-3.0,1.675,1.6890000000000001,2.34,2.31,39,41
2017,14,2017-12-10,OAK,KC,26,15,-4.0,-4.5,1.51,1.478,2.76,2.87,47.5,48.5
2017,14,2017-12-10,DET,TB,21,24,2.0,0.0,2.37,2.11,1.657,1.8129999999999999,43,47.5
2017,14,2017-12-11,NE,MIA,27,20,12.0,10.5,5.31,5.16,1.196,1.204,48.5,48
2017,15,2017-12-14,DEN,IND,13,25,1.5,3.0,2.12,2.35,1.806,1.671,41,40.5
2017,15,2017-12-16,LAC,KC,30,13,0.0,-1.0,2.02,1.9430000000000001,1.8839999999999999,1.9610000000000001,45.5,47
2017,15,2017-12-16,CHI,DET,20,10,-6.5,-5.0,1.37,1.4339999999999999,3.39,3.05,43.5,43.5
2017,15,2017-12-17,DAL,OAK,17,20,2.5,3.0,2.27,2.34,1.714,1.675,46,46
2017,15,2017-12-17,NE,PIT,24,27,2.0,2.5,2.11,2.1800000000000002,1.8129999999999999,1.7689999999999999,53,52.5
2017,15,2017-12-17,TEN,SF,25,23,-2.0,-2.5,1.8,1.746,2.13,2.21,45,44.5
2017,15,2017-12-17,LA,SEA,7,42,0.0,1.0,1.8260000000000001,1.952,2.1,1.952,47.5,47.5
2017,15,2017-12-17,MIA,BUF,24,16,-3.5,-3.5,1.5880000000000001,1.5549999999999999,2.5299999999999998,2.62,39,39.5
2017,15,2017-12-17,GB,CAR,31,24,-3.0,-3.0,1.7350000000000001,1.6890000000000001,2.23,2.31,45.5,46.5
2017,15,2017-12-17,BAL,CLE,10,27,7.5,6.5,3.64,3.35,1.333,1.377,40,42
2017,15,2017-12-17,HOU,JAX,45,7,-11.0,-10.5,1.1659999999999999,1.2,5.98,5.23,39.5,39
2017,15,2017-12-17,CIN,MIN,34,7,-11.5,-12.5,1.181,1.153,5.61,6.34,41,42.5
2017,15,2017-12-17,NYJ,NO,31,19,-14.5,-16.5,1.08,1.0900000000000001,10.16,8.89,47,47
2017,15,2017-12-17,PHI,NYG,29,34,7.5,7.5,3.89,3.73,1.3029999999999999,1.3220000000000001,40,40.5
2017,15,2017-12-17,ARI,WAS,20,15,-4.0,-4.0,1.48,1.502,2.86,2.79,44,40
2017,15,2017-12-18,ATL,TB,21,24,6.0,7.0,3.22,3.81,1.4,1.3120000000000001,47.5,49.5
2017,16,2017-12-23,MIN,GB,0,16,9.0,8.5,4.3,4.38,1.2629999999999999,1.256,40.5,41
2017,16,2017-12-23,IND,BAL,23,16,-13.5,-13.5,1.125,1.125,7.38,7.38,41.5,41
2017,16,2017-12-24,NYG,ARI,23,0,-4.5,-3.0,1.512,1.5780000000000001,2.75,2.56,40,39
2017,16,2017-12-24,SEA,DAL,12,21,-4.5,-3.5,1.4950000000000001,1.4950000000000001,2.81,2.81,47,47
2017,16,2017-12-24,JAX,SF,44,33,4.5,4.0,2.75,2.86,1.512,1.48,42.5,43
2017,16,2017-12-24,TB,CAR,22,19,-10.0,-10.0,1.25,1.222,4.46,4.8499999999999996,46.5,46.5
2017,16,2017-12-24,CLE,CHI,20,3,-7.0,-5.5,1.3839999999999999,1.4339999999999999,3.31,3.05,38,37
2017,16,2017-12-24,DET,CIN,26,17,4.0,3.5,2.86,2.5299999999999998,1.48,1.5880000000000001,43,43.5
2017,16,2017-12-24,MIA,KC,29,13,-10.0,-11.0,1.25,1.2,4.46,5.23,45,43.5
2017,16,2017-12-24,BUF,NE,37,16,-12.5,-11.0,1.181,1.196,5.61,5.31,47,47.5
2017,16,2017-12-24,ATL,NO,23,13,-5.5,-5.5,1.423,1.4339999999999999,3.11,3.05,52.5,52
2017,16,2017-12-24,LAC,NYJ,7,14,7.5,7.5,3.48,3.64,1.357,1.333,42.5,42.5
2017,16,2017-12-24,LA,TEN,23,27,6.5,5.5,3.39,3.05,1.37,1.4339999999999999,49,46
2017,16,2017-12-24,DEN,WAS,27,11,-4.0,-3.0,1.5640000000000001,1.609,2.59,2.48,41,39.5
2017,16,2017-12-25,OAK,PHI,19,10,-9.0,-10.0,1.2629999999999999,1.222,4.3,4.8499999999999996,48.5,46
2017,16,2017-12-25,PIT,HOU,6,34,10.0,8.0,4.46,4.46,1.25,1.25,44,45.5
2017,17,2017-12-31,KC,DEN,24,27,-3.5,-3.0,1.5580000000000001,1.5880000000000001,2.61,2.5,39,37.5
2017,17,2017-12-31,OAK,LAC,30,10,-9.0,-7.0,1.2629999999999999,1.3120000000000001,4.3,3.81,43.5,43
2017,17,2017-12-31,SF,LA,13,34,-6.5,6.0,1.526,3.3,2.71,1.377,44,44.5
2017,17,2017-12-31,ARI,SEA,24,26,-7.5,-8.0,1.298,1.27,3.93,4.22,40.5,38
2017,17,2017-12-31,CAR,ATL,22,10,-3.5,-5.0,1.5049999999999999,1.444,2.78,3.01,47,44.5
2017,17,2017-12-31,CIN,BAL,27,31,-10.0,-8.0,1.2270000000000001,1.2729999999999999,4.7699999999999996,4.18,40.5,40
2017,17,2017-12-31,GB,DET,35,11,-7.5,-7.5,1.3069999999999999,1.3169999999999999,3.85,3.77,42.5,44.5
2017,17,2017-12-31,HOU,IND,22,13,0.0,-5.5,1.4950000000000001,1.4339999999999999,2.81,3.01,43,41.5
2017,17,2017-12-31,BUF,MIA,16,22,3.0,2.5,2.34,2.2000000000000002,1.675,1.7509999999999999,42.5,41.5
2017,17,2017-12-31,CHI,MIN,23,10,-12.5,-13.5,1.1479999999999999,1.125,6.52,7.13,39.5,38.5
2017,17,2017-12-31,NYJ,NE,26,6,-16.5,-17.0,1.0760000000000001,1.071,9.5,9.51,46,43.5
2017,17,2017-12-31,WAS,NYG,18,10,3.5,4.5,2.58,2.91,1.571,1.458,38.5,41
2017,17,2017-12-31,DAL,PHI,0,6,0.0,3.5,2.4,2.71,1.645,1.5149999999999999,43,41
2017,17,2017-12-31,CLE,PIT,28,24,-16.0,-5.0,1.111,1.4710000000000001,7.47,2.86,41,38.5
2017,17,2017-12-31,NO,TB,31,24,7.5,6.0,3.73,3.31,1.3220000000000001,1.3839999999999999,50.5,49
2017,17,2017-12-31,JAX,TEN,15,10,-6.0,-2.5,1.526,1.7190000000000001,2.71,2.2599999999999998,41,40.5
2017,2,2017-09-14,HOU,CIN,9,13,-3.0,-5.0,1.5580000000000001,1.454,2.61,2.97,38.5,38
2017,2,2017-09-17,GB,ATL,34,23,-2.0,-3.0,1.6990000000000001,1.5580000000000001,2.29,2.61,53.5,55
2017,2,2017-09-17,DAL,DEN,42,17,2.0,2.5,2.11,2.1800000000000002,1.8129999999999999,1.7689999999999999,43,44
2017,2,2017-09-17,WAS,LA,20,27,-3.0,-3.0,1.7509999999999999,1.617,2.2000000000000002,2.46,46,46.5
2017,2,2017-09-17,SF,SEA,12,9,-12.0,-13.5,1.1579999999999999,1.125,6.2,7.38,43,42
2017,2,2017-09-17,MIA,LAC,17,19,-5.0,-3.5,1.444,1.54,3.01,2.66,45,46.5
2017,2,2017-09-17,NYJ,OAK,45,20,-14.0,-14.0,1.125,1.125,7.38,7.38,43.5,44
2017,2,2017-09-17,CLE,BAL,24,10,-7.5,-7.5,1.3069999999999999,1.3120000000000001,3.85,3.81,41,39.5
2017,2,2017-09-17,BUF,CAR,9,3,-7.0,-6.0,1.333,1.377,3.64,3.35,42.5,43
2017,2,2017-09-17,ARI,IND,13,16,7.0,7.0,3.85,3.56,1.3069999999999999,1.3440000000000001,44,44
2017,2,2017-09-17,TEN,JAX,16,37,0.0,1.0,2.06,2.0499999999999998,1.8540000000000001,1.8620000000000001,44,42
2017,2,2017-09-17,PHI,KC,27,20,-4.5,-4.0,1.48,1.51,2.86,2.76,47.5,46.5
2017,2,2017-09-17,NE,NO,20,36,4.5,5.5,2.81,3.11,1.4950000000000001,1.423,54,55
2017,2,2017-09-17,MIN,PIT,26,9,-7.0,-8.5,1.327,1.2769999999999999,3.69,4.1399999999999997,45,43
2017,2,2017-09-17,CHI,TB,29,7,-6.5,-7.0,1.35,1.35,3.52,3.52,43,44
2017,2,2017-09-18,DET,NYG,10,24,-4.5,-3.0,1.4950000000000001,1.5980000000000001,2.81,2.5099999999999998,43.5,42
2017,3,2017-09-21,LA,SF,39,41,2.5,3.0,2.15,2.31,1.7869999999999999,1.6890000000000001,41,40.5
2017,3,2017-09-24,OAK,WAS,27,10,3.5,3.5,2.38,2.66,1.653,1.54,53,53
2017,3,2017-09-24,CIN,GB,27,24,-10.0,-7.0,1.2629999999999999,1.3120000000000001,4.3,3.81,44.5,47.5
2017,3,2017-09-24,KC,LAC,10,24,2.5,3.0,2.2200000000000002,2.31,1.74,1.6890000000000001,45.5,47.5
2017,3,2017-09-24,SEA,TEN,33,27,-2.5,-2.0,1.7569999999999999,1.7869999999999999,2.2000000000000002,2.15,43,42
2017,3,2017-09-24,DEN,BUF,26,16,2.0,3.5,2.31,2.59,1.6890000000000001,1.5640000000000001,41,40
2017,3,2017-09-24,NO,CAR,13,34,-6.0,-5.0,1.4039999999999999,1.4319999999999999,3.2,3.06,49,46.5
2017,3,2017-09-24,PIT,CHI,23,17,7.5,7.0,3.85,3.56,1.3069999999999999,1.3440000000000001,45.5,43.5
2017,3,2017-09-24,ATL,DET,26,30,3.0,3.0,2.34,2.46,1.675,1.617,48.5,51
2017,3,2017-09-24,CLE,IND,31,28,1.0,1.0,2.0099999999999998,1.925,1.9,1.98,40.5,42
2017,3,2017-09-24,TB,MIN,34,17,2.5,0.0,2.31,1.9610000000000001,1.6890000000000001,1.9430000000000001,39.5,41
2017,3,2017-09-24,HOU,NE,36,33,-13.0,-13.5,1.133,1.1000000000000001,7.04,8.67,43.5,44.5
2017,3,2017-09-24,MIA,NYJ,20,6,6.0,5.5,3.18,3,1.4079999999999999,1.446,41.5,43
2017,3,2017-09-24,NYG,PHI,27,24,-5.0,-5.0,1.3839999999999999,1.4339999999999999,3.31,3.05,43.5,42
2017,3,2017-09-24,BAL,JAX,44,7,4.0,3.0,2.71,2.39,1.526,1.649,40.5,38
2017,3,2017-09-25,DAL,ARI,17,28,3.5,3.0,2.69,2.35,1.5309999999999999,1.671,47.5,46.5
2017,4,2017-09-28,CHI,GB,35,14,-7.5,-7.5,1.3169999999999999,1.2769999999999999,3.77,4.1399999999999997,45.5,44
2017,4,2017-10-01,IND,SEA,46,18,-13.5,-12.5,1.111,1.125,8.0399999999999991,7.38,41.5,41.5
2017,4,2017-10-01,OAK,DEN,16,10,-2.5,-3.5,1.675,1.54,2.34,2.66,46.5,44
2017,4,2017-10-01,SF,ARI,18,15,-7.0,-6.0,1.333,1.393,3.64,3.26,44.5,43
2017,4,2017-10-01,PHI,LAC,24,26,-1.0,-2.0,1.9,1.833,2.0099999999999998,2.09,46.5,48
2017,4,2017-10-01,NYG,TB,25,23,-4.0,-2.5,1.5980000000000001,1.7190000000000001,2.5099999999999998,2.2599999999999998,44,46
2017,4,2017-10-01,BUF,ATL,17,23,-8.0,-8.0,1.2629999999999999,1.27,4.3,4.22,48.5,48
2017,4,2017-10-01,PIT,BAL,9,26,2.5,3.5,2.37,2.66,1.657,1.54,45,42
2017,4,2017-10-01,CIN,CLE,7,31,3.5,3.0,2.62,2.5,1.5549999999999999,1.6020000000000001,40,41.5
2017,4,2017-10-01,LA,DAL,30,35,-7.5,-4.5,1.35,1.421,3.52,3.11,46.5,50
2017,4,2017-10-01,TEN,HOU,57,14,1.5,2.5,2.02,2.27,1.8839999999999999,1.714,43.5,43.5
2017,4,2017-10-01,DET,MIN,7,14,-1.5,-2.5,1.833,1.6890000000000001,2.09,2.31,42.5,43
2017,4,2017-10-01,CAR,NE,30,33,-8.5,-9.0,1.24,1.222,4.58,4.8499999999999996,48,48
2017,4,2017-10-01,JAX,NYJ,23,20,3.5,4.0,2.62,2.76,1.5549999999999999,1.51,39.5,38.5
2017,4,2017-10-01,NO,MIA,0,20,2.5,3.5,2.25,2.71,1.724,1.526,50,51.5
2017,4,2017-10-02,WAS,KC,29,20,-7.0,-6.5,1.37,1.371,3.39,3.39,49.5,48
2017,5,2017-10-05,NE,TB,14,19,4.5,3.5,3.11,2.66,1.421,1.54,54,54.5
2017,5,2017-10-08,KC,HOU,34,42,0.0,2.0,2.02,2.16,1.8839999999999999,1.7809999999999999,47,45
2017,5,2017-10-08,GB,DAL,31,35,-2.5,-2.5,1.7689999999999999,1.7689999999999999,2.1800000000000002,2.1800000000000002,52.5,52
2017,5,2017-10-08,SEA,LA,10,16,-2.5,-2.0,1.8129999999999999,1.7509999999999999,2.11,2.2000000000000002,46,46.5
2017,5,2017-10-08,BAL,OAK,17,30,-2.5,-3.0,1.7190000000000001,1.645,2.2599999999999998,2.4,40,40.5
2017,5,2017-10-08,BUF,CIN,20,16,-3.0,-3.0,1.671,1.645,2.35,2.4,39,39
2017,5,2017-10-08,NYJ,CLE,14,17,-1.5,1.5,1.806,2.0699999999999998,2.12,1.847,39,41.5
2017,5,2017-10-08,CAR,DET,24,27,-3.0,-2.0,1.649,1.7689999999999999,2.39,2.1800000000000002,43.5,42
2017,5,2017-10-08,SF,IND,26,23,-1.5,1.0,1.8540000000000001,1.9430000000000001,2.06,1.9610000000000001,43,43.5
2017,5,2017-10-08,TEN,MIA,16,10,3.0,0.0,2.2599999999999998,1.869,1.7190000000000001,2.04,43.5,41.5
2017,5,2017-10-08,LAC,NYG,22,27,-4.5,-3.0,1.512,1.625,2.75,2.44,44.5,45.5
2017,5,2017-10-08,ARI,PHI,34,7,-6.0,-6.0,1.37,1.393,3.39,3.26,45,45
2017,5,2017-10-08,JAX,PIT,9,30,-8.5,-7.5,1.256,1.3029999999999999,4.38,3.89,44.5,41
2017,5,2017-10-09,MIN,CHI,17,20,2.0,3.5,2.25,2.59,1.724,1.5640000000000001,40.5,41
2017,6,2017-10-12,PHI,CAR,23,28,-3.0,-3.0,1.5840000000000001,1.6990000000000001,2.54,2.29,45,44
2017,6,2017-10-15,NYG,DEN,10,23,-10.0,-14.0,1.1659999999999999,1.139,5.98,6.81,40.5,37.5
2017,6,2017-10-15,PIT,KC,13,19,-4.0,-3.5,1.526,1.54,2.71,2.66,46,46
2017,6,2017-10-15,LAC,OAK,16,17,-3.5,-3.0,1.54,1.649,2.66,2.39,50.5,48.5
2017,6,2017-10-15,TB,ARI,38,33,2.0,2.5,2.14,2.21,1.7929999999999999,1.746,44,46.5
2017,6,2017-10-15,LA,JAX,17,27,-2.5,-1.0,1.6990000000000001,1.869,2.29,2.04,44,42
2017,6,2017-10-15,MIA,ATL,17,20,-10.0,-14.0,1.181,1.125,5.61,7.38,48,46
2017,6,2017-10-15,CHI,BAL,24,27,-6.5,-5.5,1.37,1.454,3.39,2.97,39.5,39.5
2017,6,2017-10-15,CLE,HOU,33,17,-9.5,-7.5,1.222,1.3029999999999999,4.8499999999999996,3.89,44,46
2017,6,2017-10-15,GB,MIN,23,10,3.0,3.0,2.5099999999999998,2.36,1.5980000000000001,1.6659999999999999,46.5,46
2017,6,2017-10-15,DET,NO,52,38,-3.5,-6.0,1.5,1.4339999999999999,2.8,3.05,50.5,50.5
2017,6,2017-10-15,NE,NYJ,17,24,9.5,9.0,4.8499999999999996,4.6100000000000003,1.222,1.238,47.5,48.5
2017,6,2017-10-15,SF,WAS,26,24,-10.0,-12.0,1.2270000000000001,1.181,4.7699999999999996,5.61,46.5,46
2017,6,2017-10-16,IND,TEN,36,22,-8.0,-7.0,1.2629999999999999,1.361,4.3,3.45,48,46
2017,7,2017-10-19,KC,OAK,31,30,3.0,3.0,2.29,2.38,1.704,1.653,47.5,46.5
2017,7,2017-10-22,ATL,NE,23,7,-4.5,-3.0,1.526,1.694,2.71,2.2999999999999998,54,56.5
2017,7,2017-10-22,DEN,LAC,21,0,-1.0,1.0,2.02,1.99,1.8839999999999999,1.917,41.5,42
2017,7,2017-10-22,SEA,NYG,7,24,8.0,3.5,3.22,2.75,1.4,1.512,38.5,39
2017,7,2017-10-22,DAL,SF,10,40,6.0,6.5,3.14,3.39,1.4159999999999999,1.37,47,48
2017,7,2017-10-22,TB,BUF,30,27,-3.0,-3.0,1.6659999999999999,1.6020000000000001,2.36,2.5,44,46.5
2017,7,2017-10-22,CAR,CHI,17,3,3.5,2.5,2.48,2.36,1.609,1.6659999999999999,41.5,39.5
2017,7,2017-10-22,TEN,CLE,9,12,5.5,5.5,3.05,3.05,1.4339999999999999,1.4339999999999999,46.5,42.5
2017,7,2017-10-22,NO,GB,17,26,4.5,3.5,2.82,2.66,1.492,1.54,47.5,45.5
2017,7,2017-10-22,JAX,IND,0,27,3.0,3.0,2.44,2.41,1.625,1.641,43.5,41
2017,7,2017-10-22,ARI,LA,33,0,-3.5,-3.0,1.546,1.609,2.65,2.48,47,45.5
2017,7,2017-10-22,NYJ,MIA,31,28,-4.0,-3.0,1.621,1.641,2.4500000000000002,2.41,39,39.5
2017,7,2017-10-22,BAL,MIN,24,16,-4.5,-5.0,1.425,1.4339999999999999,3.1,3.05,39.5,38
2017,7,2017-10-22,CIN,PIT,29,14,-6.0,-4.0,1.427,1.48,3.09,2.86,42,40
2017,7,2017-10-23,WAS,PHI,34,24,-5.5,-5.0,1.458,1.4339999999999999,2.95,3.05,48.5,48.5
2017,8,2017-10-26,MIA,BAL,40,0,-3.0,-3.0,1.5980000000000001,1.653,2.5099999999999998,2.38,37.5,38
2017,8,2017-10-29,PIT,DET,15,20,3.0,3.0,2.38,2.5299999999999998,1.653,1.5880000000000001,45,44.5
2017,8,2017-10-29,DAL,WAS,19,33,0.0,3.0,2.21,2.44,1.746,1.625,50.5,46.5
2017,8,2017-10-29,HOU,SEA,41,38,-5.5,-6.0,1.4,1.4,3.22,3.22,42,45
2017,8,2017-10-29,OAK,BUF,34,14,-3.0,-2.0,1.7350000000000001,1.7869999999999999,2.23,2.15,46,47
2017,8,2017-10-29,IND,CIN,24,23,-10.0,-11.0,1.2,1.21,5.23,5.04,41,44
2017,8,2017-10-29,LAC,NE,21,13,-7.0,-6.5,1.3069999999999999,1.37,3.85,3.39,49,49
2017,8,2017-10-29,CHI,NO,20,12,-9.0,-7.5,1.2809999999999999,1.2849999999999999,4.0999999999999996,4.05,48,46
2017,8,2017-10-29,ATL,NYJ,20,25,4.5,6.5,2.75,3.5,1.512,1.353,46.5,43.5
2017,8,2017-10-29,SF,PHI,33,10,-13.0,-13.0,1.1419999999999999,1.1359999999999999,6.69,6.9,47.5,45
2017,8,2017-10-29,CAR,TB,3,17,-2.5,-1.0,1.7509999999999999,1.806,2.2000000000000002,2.12,44,46
2017,8,2017-10-29,MIN,CLE,16,33,8.5,11.0,4.18,5.39,1.2729999999999999,1.1919999999999999,37.5,38.5
2017,8,2017-10-30,DEN,KC,29,19,-7.5,-7.0,1.34,1.3340000000000001,3.59,3.64,42,42
2017,9,2017-11-02,BUF,NYJ,34,21,3.5,3.0,2.44,2.58,1.625,1.571,42,42
2017,9,2017-11-05,OAK,MIA,24,27,2.5,3.0,2.2200000000000002,2.44,1.74,1.625,43.5,44.5
2017,9,2017-11-05,KC,DAL,28,17,0.0,-2.5,2.02,1.746,1.8839999999999999,2.21,51,52.5
2017,9,2017-11-05,ARI,SF,10,20,2.5,2.5,2.21,2.1800000000000002,1.746,1.7689999999999999,39,39
2017,9,2017-11-05,WAS,SEA,14,17,-7.0,-8.0,1.3169999999999999,1.256,3.77,4.38,45,44.5
2017,9,2017-11-05,ATL,CAR,20,17,-2.0,3.0,1.7929999999999999,2.36,2.14,1.6659999999999999,44,42
2017,9,2017-11-05,IND,HOU,14,20,-13.0,-6.0,1.149,1.395,6.48,3.25,48,45
2017,9,2017-11-05,CIN,JAX,23,7,-3.5,-6.0,1.4870000000000001,1.423,2.84,3.11,39.5,38
2017,9,2017-11-05,TB,NO,30,10,-7.0,-7.0,1.333,1.333,3.64,3.64,50,54
2017,9,2017-11-05,LA,NYG,17,51,3.5,5.5,2.62,3.16,1.5549999999999999,1.413,43.5,42.5
2017,9,2017-11-05,DEN,PHI,51,23,-7.5,-7.0,1.2729999999999999,1.3440000000000001,4.18,3.56,43.5,41
2017,9,2017-11-05,BAL,TEN,23,20,-3.5,-3.0,1.5880000000000001,1.5980000000000001,2.5299999999999998,2.5099999999999998,43,41
2017,9,2017-11-06,DET,GB,17,30,2.5,2.5,2.29,2.1800000000000002,1.6990000000000001,1.7689999999999999,43,42.5
2018,1,2018-09-06,ATL,PHI,18,12,-4.0,-1.0,1.54,1.9,2.65,1.9,46,44.5
2018,1,2018-09-09,CHI,GB,24,23,-8.0,-6.5,1.27,1.33,3.9,3.4,47.5,45
2018,1,2018-09-09,WAS,ARI,6,24,-1.0,-2.0,1.9,1.71,1.9,2.2000000000000002,44,43.5
2018,1,2018-09-09,DAL,CAR,16,8,-2.5,-3.0,1.71,1.64,2.2000000000000002,2.35,44,42.5
2018,1,2018-09-09,SEA,DEN,27,24,-2.5,-3.0,1.68,1.57,2.25,2.5499999999999998,42,42.5
2018,1,2018-09-09,KC,LAC,28,38,-3.0,-3.5,1.55,1.55,2.6,2.6,47,48
2018,1,2018-09-09,BUF,BAL,47,3,-6.0,-7.5,1.36,1.26,3.25,4,41,38.5
2018,1,2018-09-09,PIT,CLE,21,21,5.5,3.0,3.05,2.5499999999999998,1.4,1.57,46.5,40.5
2018,1,2018-09-09,CIN,IND,23,34,-3.0,1.0,1.55,1.95,2.6,1.86,46,47.5
2018,1,2018-09-09,TEN,MIA,27,20,1.5,-1.0,2.0499999999999998,1.9,1.8,1.9,45,43.5
2018,1,2018-09-09,SF,MIN,24,16,-5.5,-6.0,1.4,1.36,3.05,3.25,46,46.5
2018,1,2018-09-09,HOU,NE,27,20,-6.5,-6.5,1.35,1.4,3.3,3.1,51,49.5
2018,1,2018-09-09,TB,NO,40,48,-9.5,-10.0,1.23,1.19,4.25,5,49.5,49.5
2018,1,2018-09-09,JAX,NYG,15,20,3.0,3.0,2.4500000000000002,2.25,1.6,1.68,43.5,42.5
2018,1,2018-09-10,LA,OAK,13,33,3.0,6.0,2.4,3.2,1.62,1.37,49.5,47.5
2018,1,2018-09-10,NYJ,DET,17,48,-6.5,-7.0,1.35,1.31,3.3,3.55,44,44
2018,10,2018-11-08,CAR,PIT,52,21,-5.0,-3.5,1.47,1.5,2.75,2.7,50,51
2018,10,2018-11-11,DAL,PHI,20,27,-6.5,-7.0,1.37,1.27,3.2,3.9,43.5,45.5
2018,10,2018-11-11,MIA,GB,31,12,-9.0,-12.0,1.22,1.1299999999999999,4.5,6.25,47.5,48.5
2018,10,2018-11-11,SEA,LA,36,31,-10.0,-9.0,1.2,1.2,4.75,4.75,51.5,51
2018,10,2018-11-11,LAC,OAK,6,20,10.0,10.0,4.5,5,1.22,1.19,50.5,50
2018,10,2018-11-11,DET,CHI,34,22,-6.5,-7.0,1.37,1.27,3.2,3.8,45,45
2018,10,2018-11-11,NO,CIN,14,51,4.0,6.0,2.95,3.25,1.42,1.36,55,53.5
2018,10,2018-11-11,ATL,CLE,28,16,4.0,5.5,2.8,3.15,1.45,1.38,51,49.5
2018,10,2018-11-11,JAX,IND,29,26,-3.5,-3.0,1.62,1.6,2.4,2.4500000000000002,47.5,48
2018,10,2018-11-11,ARI,KC,26,14,-16.5,-16.0,1.06,1.06,10,10.5,50,49.5
2018,10,2018-11-11,BUF,NYJ,10,41,-8.0,-7.0,1.26,1.32,4,3.5,37,38
2018,10,2018-11-11,WAS,TB,3,16,-1.0,-3.0,1.74,1.55,2.15,2.6,51.5,51
2018,10,2018-11-11,NE,TEN,34,10,7.0,6.5,3.4,3.6,1.33,1.31,46.5,46.5
2018,10,2018-11-12,NYG,SF,23,27,-3.0,-3.0,1.62,1.6,2.4,2.4500000000000002,43.5,45
2018,11,2018-11-15,GB,SEA,27,24,-3.0,-3.0,1.74,1.64,2.15,2.35,49.5,49.5
2018,11,2018-11-18,MIN,CHI,25,20,-3.0,-2.5,1.74,1.71,2.15,2.2000000000000002,45.5,44
2018,11,2018-11-18,PHI,NO,48,7,-9.0,-7.5,1.27,1.27,3.8,3.8,54.5,56.5
2018,11,2018-11-18,OAK,ARI,21,23,-4.0,-4.5,1.52,1.45,2.67,2.8,41,41
2018,11,2018-11-18,DEN,LAC,22,23,-7.0,-7.0,1.31,1.27,3.6,3.8,47,46.5
2018,11,2018-11-18,DAL,ATL,19,22,-3.0,-3.5,1.57,1.54,2.5499999999999998,2.65,47.5,50
2018,11,2018-11-18,CIN,BAL,24,21,-4.0,-6.5,1.5,1.37,2.7,3.2,43.5,44
2018,11,2018-11-18,CAR,DET,20,19,3.5,4.0,2.7,2.75,1.5,1.47,52,48.5
2018,11,2018-11-18,TEN,IND,38,10,-3.0,-1.0,1.74,1.83,2.15,2,48,49.5
2018,11,2018-11-18,PIT,JAX,16,20,5.0,4.0,3.15,2.75,1.38,1.47,47.5,47
2018,11,2018-11-18,TB,NYG,38,35,-1.0,-3.0,1.86,1.6,1.95,2.4500000000000002,52.5,53.5
2018,11,2018-11-18,HOU,WAS,21,23,2.5,3.0,2.35,2.4,1.64,1.62,43,40.5
2018,11,2018-11-19,KC,LA,54,51,-2.5,-2.5,1.74,1.74,2.15,2.15,63.5,62.5
2018,12,2018-11-22,ATL,NO,31,17,-12.5,-12.5,1.1399999999999999,1.1299999999999999,6,6.25,59,61.5
2018,12,2018-11-22,WAS,DAL,31,23,-8.0,-7.0,1.27,1.27,3.8,3.8,41,40
2018,12,2018-11-22,CHI,DET,16,23,4.0,3.0,2.7,2.5,1.5,1.58,45,42.5
2018,12,2018-11-25,GB,MIN,24,17,-4.0,-3.5,1.5,1.5,2.7,2.7,48,48.5
2018,12,2018-11-25,PIT,DEN,24,17,3.5,3.0,2.5,2.5,1.58,1.58,47.5,47.5
2018,12,2018-11-25,MIA,IND,27,24,-10.0,-8.0,1.22,1.23,4.5,4.25,51,52.5
2018,12,2018-11-25,ARI,LAC,45,10,-11.0,-14.0,1.1599999999999999,1.1000000000000001,5.5,7.5,44.5,43
2018,12,2018-11-25,OAK,BAL,34,17,-11.5,-12.5,1.1499999999999999,1.1299999999999999,5.75,6.25,42.5,42
2018,12,2018-11-25,JAX,BUF,24,21,3.5,3.0,2.5,2.4500000000000002,1.58,1.6,38,36.5
2018,12,2018-11-25,SEA,CAR,27,30,-3.5,-3.0,1.57,1.62,2.5499999999999998,2.4,47,46
2018,12,2018-11-25,CLE,CIN,20,35,-3.0,-1.0,1.58,1.86,2.5,1.95,47.5,47
2018,12,2018-11-25,NE,NYJ,13,27,9.5,11.5,4.5,5.75,1.22,1.1499999999999999,46.5,46.5
2018,12,2018-11-25,NYG,PHI,25,22,-4.5,-4.0,1.4,1.47,3.05,2.75,46,49.5
2018,12,2018-11-25,SF,TB,27,9,-3.5,-1.5,1.52,1.76,2.67,2.1,55,54.5
2018,12,2018-11-26,TEN,HOU,34,17,-6.0,-3.5,1.37,1.5,3.2,2.7,41,42.5
2018,13,2018-11-29,NO,DAL,13,10,7.5,7.0,3.7,3.75,1.29,1.28,53,51.5
2018,13,2018-12-02,LAC,PIT,30,33,-3.5,-3.0,1.57,1.57,2.5499999999999998,2.5499999999999998,52.5,53.5
2018,13,2018-12-02,MIN,NE,24,10,-5.5,-5.5,1.41,1.4,3,3.1,48,49.5
2018,13,2018-12-02,SF,SEA,43,16,-10.0,-9.5,1.22,1.2,4.5,4.75,46,45.5
2018,13,2018-12-02,KC,OAK,33,40,15.0,14.0,8,7.5,1.0900000000000001,1.1000000000000001,56,53.5
2018,13,2018-12-02,NYJ,TEN,26,22,-9.0,-9.5,1.22,1.2,4.5,4.75,40.5,40.5
2018,13,2018-12-02,BAL,ATL,16,26,1.5,-2.0,2,1.68,1.83,2.25,49,47
2018,13,2018-12-02,DEN,CIN,10,24,3.5,4.5,2.7,2.8,1.5,1.45,42.5,44.5
2018,13,2018-12-02,LA,DET,16,30,9.5,10.0,4.75,5,1.2,1.19,54.5,53.5
2018,13,2018-12-02,ARI,GB,17,20,-14.0,-13.0,1.1100000000000001,1.1100000000000001,7,6.75,46,41
2018,13,2018-12-02,CLE,HOU,29,13,-6.5,-5.5,1.38,1.38,3.15,3.15,48,47.5
2018,13,2018-12-02,IND,JAX,6,0,3.5,4.0,2.6,2.8,1.55,1.45,48,45.5
2018,13,2018-12-02,BUF,MIA,21,17,-6.0,-3.5,1.42,1.5,2.95,2.7,40.5,40
2018,13,2018-12-02,CHI,NYG,30,27,4.0,3.5,2.67,2.65,1.52,1.54,44.5,43.5
2018,13,2018-12-02,CAR,TB,24,17,4.0,3.5,2.67,2.67,1.52,1.52,56,52
2018,13,2018-12-03,WAS,PHI,28,13,-7.0,-5.5,1.37,1.38,3.2,3.15,44,45
2018,14,2018-12-06,JAX,TEN,30,9,-4.5,-5.5,1.44,1.4,2.85,3.05,38,37
2018,14,2018-12-09,LA,CHI,15,6,3.0,3.0,2.5499999999999998,2.2999999999999998,1.57,1.66,54,50.5
2018,14,2018-12-09,DET,ARI,3,17,2.5,2.5,2.1,2.2000000000000002,1.76,1.71,41.5,40.5
2018,14,2018-12-09,PHI,DAL,29,23,-4.0,-3.5,1.5,1.54,2.7,2.65,43.5,45
2018,14,2018-12-09,PIT,OAK,24,21,11.5,10.0,6.25,5.25,1.1299999999999999,1.18,52,51
2018,14,2018-12-09,CIN,LAC,26,21,-14.5,-17.0,1.0900000000000001,1.06,8,10,47,48.5
2018,14,2018-12-09,DEN,SF,20,14,5.5,3.0,2.9,2.4,1.43,1.62,44,45.5
2018,14,2018-12-09,NYJ,BUF,23,27,-3.5,-4.5,1.55,1.45,2.6,2.8,38,37.5
2018,14,2018-12-09,CAR,CLE,26,20,1.0,1.0,2.0499999999999998,1.95,1.8,1.86,46.5,47.5
2018,14,2018-12-09,ATL,GB,34,20,-5.5,-4.0,1.4,1.52,3.1,2.67,47.5,50
2018,14,2018-12-09,IND,HOU,21,24,-4.0,-4.0,1.44,1.47,2.85,2.75,49.5,49
2018,14,2018-12-09,BAL,KC,27,24,-7.0,-6.5,1.31,1.35,3.55,3.3,53.5,49
2018,14,2018-12-09,NE,MIA,34,33,7.5,9.0,4.0999999999999996,4.5,1.25,1.22,48,49.5
2018,14,2018-12-09,NO,TB,14,28,8.0,9.5,4.0999999999999996,4.75,1.25,1.2,57.5,54
2018,14,2018-12-09,NYG,WAS,16,40,4.0,3.0,2.6,2.4500000000000002,1.55,1.6,41,40.5
2018,14,2018-12-10,MIN,SEA,21,7,-3.0,-3.0,1.58,1.6,2.5,2.4500000000000002,45,45.5
2018,15,2018-12-13,LAC,KC,28,29,-3.5,-3.5,1.58,1.5,2.5,2.7,56.5,54.5
2018,15,2018-12-15,CLE,DEN,16,17,-3.5,-1.5,1.58,1.74,2.5,2.15,44.5,47
2018,15,2018-12-15,HOU,NYJ,22,29,6.0,7.0,3.3,3.5,1.35,1.32,42.5,44.5
2018,15,2018-12-16,PHI,LA,23,30,-9.5,-13.5,1.23,1.1100000000000001,4.25,7,53.5,53
2018,15,2018-12-16,NE,PIT,17,10,1.0,2.5,2,2.25,1.83,1.68,52,55
2018,15,2018-12-16,SEA,SF,26,23,6.5,4.0,3.3,2.85,1.35,1.44,44.5,44
2018,15,2018-12-16,ARI,ATL,40,14,-9.0,-9.5,1.23,1.22,4.25,4.5,44,43.5
2018,15,2018-12-16,TB,BAL,20,12,-8.0,-8.5,1.27,1.25,3.8,4.2,47,45
2018,15,2018-12-16,DET,BUF,14,13,-1.5,-2.5,1.66,1.66,2.2999999999999998,2.2999999999999998,38,39.5
2018,15,2018-12-16,GB,CHI,24,17,-6.5,-5.5,1.37,1.42,3.2,2.95,46.5,46.5
2018,15,2018-12-16,OAK,CIN,30,16,-3.0,-3.0,1.58,1.58,2.5,2.5,46.5,45.5
2018,15,2018-12-16,DAL,IND,23,0,-2.5,-3.0,1.66,1.62,2.2999999999999998,2.4,47,46.5
2018,15,2018-12-16,WAS,JAX,13,16,-6.5,-7.5,1.32,1.27,3.45,3.8,36,36.5
2018,15,2018-12-16,MIA,MIN,41,17,-7.0,-7.5,1.3,1.26,3.65,4,43,45
2018,15,2018-12-16,TEN,NYG,0,17,-2.5,1.5,1.66,2.1,2.2999999999999998,1.76,43.5,42.5
2018,15,2018-12-17,NO,CAR,9,12,6.5,6.0,3.1,3.15,1.4,1.38,54,50.5
2018,16,2018-12-22,BAL,LAC,10,22,-4.5,-4.0,1.44,1.45,2.85,2.8,45,42.5
2018,16,2018-12-22,WAS,TEN,25,16,-10.0,-11.0,1.19,1.1499999999999999,5,5.75,37,38
2018,16,2018-12-23,KC,SEA,38,31,2.5,1.0,2.15,2.0499999999999998,1.74,1.8,54,54.5
2018,16,2018-12-23,PIT,NO,31,28,-5.5,-6.5,1.38,1.35,3.15,3.3,53.5,53.5
2018,16,2018-12-23,LA,ARI,9,31,13.5,14.0,9,6.5,1.07,1.1200000000000001,47.5,43.5
2018,16,2018-12-23,CHI,SF,9,14,3.5,4.0,2.65,2.75,1.54,1.47,43,44.5
2018,16,2018-12-23,ATL,CAR,10,24,-3.0,3.0,1.68,2.4,2.25,1.62,47,45.5
2018,16,2018-12-23,CIN,CLE,26,18,-6.5,-10.0,1.36,1.22,3.25,4.5,46,44
2018,16,2018-12-23,TB,DAL,27,20,-7.0,-7.0,1.32,1.29,3.5,3.7,46,48
2018,16,2018-12-23,MIN,DET,9,27,4.5,6.5,3.05,3.4,1.4,1.33,43.5,42.5
2018,16,2018-12-23,NYG,IND,28,27,-9.0,-9.5,1.2,1.2,4.75,4.75,47,48.5
2018,16,2018-12-23,JAX,MIA,7,17,-5.0,-3.0,1.42,1.6,2.95,2.4500000000000002,40,39
2018,16,2018-12-23,BUF,NE,24,12,-12.5,-13.5,1.1200000000000001,1.1100000000000001,6.5,7,45.5,45
2018,16,2018-12-23,GB,NYJ,38,44,2.5,3.0,1.8,2.4,2.0499999999999998,1.62,45,47
2018,16,2018-12-23,HOU,PHI,32,30,1.0,-2.0,1.9,1.8,1.9,2.0499999999999998,45,47
2018,16,2018-12-24,DEN,OAK,27,14,2.5,2.5,2.2000000000000002,2.2000000000000002,1.71,1.71,45,42.5
2018,17,2018-12-30,IND,TEN,17,33,3.0,4.5,2.35,2.9,1.64,1.43,44,42.5
2018,17,2018-12-30,CLE,BAL,26,24,-4.5,-7.0,1.41,1.3,3,3.65,41,40.5
2018,17,2018-12-30,LAC,DEN,9,23,6.5,6.5,3.45,3.4,1.32,1.33,41.5,43.5
2018,17,2018-12-30,SF,LA,48,32,-9.0,-10.5,1.22,1.2,4.5,4.75,50.5,49.5
2018,17,2018-12-30,CHI,MIN,10,24,-6.0,-6.0,1.43,1.4,2.9,3.1,41,39.5
2018,17,2018-12-30,CIN,PIT,16,13,-14.0,-14.0,1.1000000000000001,1.1200000000000001,7.25,6.5,48,45
2018,17,2018-12-30,ARI,SEA,27,24,-13.5,-14.5,1.1299999999999999,1.1000000000000001,6.25,7.25,40,39.5
2018,17,2018-12-30,PHI,WAS,0,24,6.5,6.0,3.45,3.15,1.32,1.38,41.5,43
2018,17,2018-12-30,MIA,BUF,42,17,-3.5,-5.5,1.58,1.4,2.5,3.05,38.5,39.5
2018,17,2018-12-30,DET,GB,0,31,-7.0,-7.5,1.31,1.29,3.6,3.7,44,44.5
2018,17,2018-12-30,JAX,HOU,20,3,-8.5,-7.0,1.28,1.31,3.75,3.6,40.5,39.5
2018,17,2018-12-30,OAK,KC,35,3,-13.5,-14.0,1.1200000000000001,1.1000000000000001,6.5,7.5,54,52.5
2018,17,2018-12-30,NYJ,NE,38,3,-12.5,-14.0,1.1299999999999999,1.1200000000000001,6.25,6.5,47.5,46.5
2018,17,2018-12-30,CAR,NO,14,33,-7.5,-7.5,1.28,1.27,3.75,3.8,45,41.5
2018,17,2018-12-30,DAL,NYG,35,36,-7.0,-7.0,1.3,1.31,3.65,3.6,42.5,38.5
2018,17,2018-12-30,ATL,TB,32,34,-1.0,3.0,1.8,2.2999999999999998,2.0499999999999998,1.66,49.5,51.5
2018,2,2018-09-13,BAL,CIN,34,23,1.0,1.0,1.95,1.9,1.86,1.9,44,43.5
2018,2,2018-09-16,NYG,DAL,20,13,-3.0,-3.0,1.58,1.66,2.5,2.2999999999999998,44,41.5
2018,2,2018-09-16,OAK,DEN,20,19,-6.0,-6.0,1.4,1.4,3.05,3.1,45,44.5
2018,2,2018-09-16,NE,JAX,31,20,2.5,1.5,2.15,2.1,1.74,1.76,45,44.5
2018,2,2018-09-16,ARI,LA,34,0,-13.0,-12.0,1.18,1.1200000000000001,5.25,6.5,46.5,43.5
2018,2,2018-09-16,DET,SF,30,27,-5.5,-6.0,1.42,1.4,2.95,3.1,47.5,48.5
2018,2,2018-09-16,CAR,ATL,31,24,-4.5,-5.5,1.43,1.41,2.9,3,44,43.5
2018,2,2018-09-16,LAC,BUF,20,31,7.5,7.0,3.75,3.8,1.28,1.27,44,41.5
2018,2,2018-09-16,MIN,GB,29,29,-1.5,2.0,1.8,2.1,2.0499999999999998,1.76,46.5,45.5
2018,2,2018-09-16,CLE,NO,21,18,-8.0,-9.5,1.25,1.2,4.0999999999999996,4.75,49.5,50.5
2018,2,2018-09-16,MIA,NYJ,12,20,-3.0,-3.0,1.66,1.58,2.2999999999999998,2.5,44,43
2018,2,2018-09-16,KC,PIT,37,42,-4.5,-4.0,1.42,1.5,2.95,2.7,49.5,52
2018,2,2018-09-16,PHI,TB,27,21,3.0,3.0,2.5,2.25,1.58,1.68,44,46.5
2018,2,2018-09-16,HOU,TEN,20,17,2.0,3.5,2.1,2.65,1.76,1.54,45,41
2018,2,2018-09-16,IND,WAS,9,21,-5.5,-6.0,1.41,1.4,3,3.1,47.5,48
2018,2,2018-09-17,SEA,CHI,24,17,-3.5,-4.5,1.57,1.47,2.5499999999999998,2.75,43.5,42.5
2018,3,2018-09-20,NYJ,CLE,21,17,-3.0,-3.0,1.62,1.57,2.4,2.5499999999999998,39.5,41
2018,3,2018-09-23,NE,DET,26,10,6.5,6.5,3.2,3.4,1.37,1.33,50,55
2018,3,2018-09-23,CHI,ARI,14,16,6.0,6.0,3.2,3.15,1.37,1.38,37.5,38.5
2018,3,2018-09-23,DAL,SEA,24,13,-1.0,-1.0,1.83,1.83,2,2,41.5,40
2018,3,2018-09-23,LAC,LA,35,23,-6.5,-7.0,1.36,1.29,3.25,3.7,48,49
2018,3,2018-09-23,NO,ATL,37,43,-3.0,-2.0,1.62,1.76,2.4,2.1,53,53.5
2018,3,2018-09-23,DEN,BAL,27,14,-4.5,-5.5,1.43,1.43,2.9,2.9,43.5,46
2018,3,2018-09-23,CIN,CAR,31,21,-3.0,-3.0,1.58,1.68,2.5,2.25,43.5,44
2018,3,2018-09-23,NYG,HOU,22,27,-6.0,-6.0,1.37,1.4,3.2,3.1,41.5,44
2018,3,2018-09-23,TEN,JAX,6,9,-10.0,-10.0,1.2,1.2,4.75,4.75,40,39
2018,3,2018-09-23,SF,KC,38,27,-6.0,-5.5,1.4,1.38,3.1,3.15,55,53.5
2018,3,2018-09-23,OAK,MIA,28,20,-3.0,-3.0,1.62,1.66,2.4,2.2999999999999998,43.5,46
2018,3,2018-09-23,BUF,MIN,6,27,-16.5,-16.5,1.07,1.05,9.5,11,40.5,41
2018,3,2018-09-23,IND,PHI,20,16,-6.5,-6.5,1.34,1.33,3.35,3.4,47.5,45.5
2018,3,2018-09-23,GB,WAS,31,17,3.0,2.5,2.2999999999999998,2.2000000000000002,1.66,1.71,47.5,46
2018,3,2018-09-24,PIT,TB,27,30,2.5,-1.5,2.15,1.8,1.74,2.0499999999999998,52,55
2018,4,2018-09-27,MIN,LA,38,31,-7.0,-7.0,1.37,1.3,3.2,3.65,48,48.5
2018,4,2018-09-30,BAL,PIT,14,26,-3.5,-3.0,1.6,1.62,2.4500000000000002,2.4,51,51
2018,4,2018-09-30,SF,LAC,29,27,-9.5,-10.0,1.22,1.18,4.5,5.25,47,46.5
2018,4,2018-09-30,NO,NYG,18,33,3.5,3.0,2.5499999999999998,2.5499999999999998,1.57,1.57,50,51.5
2018,4,2018-09-30,SEA,ARI,17,20,3.0,3.5,2.4,2.7,1.62,1.5,37.5,40
2018,4,2018-09-30,CLE,OAK,45,42,-2.5,-2.5,1.66,1.71,2.2999999999999998,2.2000000000000002,44.5,44.5
2018,4,2018-09-30,CIN,ATL,36,37,-5.5,-3.5,1.41,1.54,3,2.65,48,52
2018,4,2018-09-30,TB,CHI,48,10,-3.0,-3.0,1.62,1.64,2.4,2.35,46.5,46
2018,4,2018-09-30,DET,DAL,26,24,-3.0,-2.5,1.6,1.74,2.4500000000000002,2.15,44,44
2018,4,2018-09-30,BUF,GB,22,0,-10.5,-9.0,1.25,1.25,4.2,4.2,44.5,43.5
2018,4,2018-09-30,HOU,IND,34,37,-2.5,1.0,1.74,1.9,2.15,1.9,47,48
2018,4,2018-09-30,NYJ,JAX,31,12,-8.5,-7.5,1.25,1.27,4.0999999999999996,3.8,38,40
2018,4,2018-09-30,MIA,NE,38,7,-7.0,-7.0,1.31,1.31,3.6,3.6,48,50.5
2018,4,2018-09-30,PHI,TEN,26,23,3.0,3.0,2.5,2.35,1.58,1.64,42,41.5
2018,4,2018-10-01,KC,DEN,23,27,4.0,5.0,2.6,2.85,1.55,1.44,55,56
2018,5,2018-10-04,IND,NE,38,24,-10.0,-11.0,1.2,1.1399999999999999,4.75,6,53,50
2018,5,2018-10-07,DAL,HOU,19,16,-3.0,-3.5,1.57,1.55,2.5499999999999998,2.6,45,45.5
2018,5,2018-10-07,MIN,PHI,21,23,-3.0,-3.5,1.62,1.54,2.4,2.65,44.5,48.5
2018,5,2018-10-07,LA,SEA,31,33,7.0,7.5,3.7,3.8,1.29,1.27,49,50.5
2018,5,2018-10-07,ARI,SF,18,28,-5.5,-3.0,1.47,1.6,2.75,2.4500000000000002,41,40.5
2018,5,2018-10-07,OAK,LAC,26,10,-6.5,-5.0,1.41,1.43,3,2.9,51.5,51.5
2018,5,2018-10-07,TEN,BUF,13,12,3.0,6.0,2.5499999999999998,3.15,1.57,1.38,39.5,38.5
2018,5,2018-10-07,NYG,CAR,33,31,-6.0,-6.5,1.35,1.34,3.3,3.35,44,43.5
2018,5,2018-10-07,MIA,CIN,27,17,-5.5,-6.0,1.41,1.37,3,3.2,50,47.5
2018,5,2018-10-07,BAL,CLE,12,9,3.0,3.5,2.25,2.6,1.68,1.55,47,44.5
2018,5,2018-10-07,GB,DET,31,23,1.0,-1.0,2.0499999999999998,1.83,1.8,2,51,50
2018,5,2018-10-07,JAX,KC,30,14,-3.0,-3.0,1.57,1.64,2.5499999999999998,2.35,48.5,48
2018,5,2018-10-07,DEN,NYJ,34,16,-2.5,1.0,1.74,2,2.15,1.83,43,42.5
2018,5,2018-10-07,ATL,PIT,41,17,-3.0,-3.5,1.54,1.55,2.65,2.6,56.5,57
2018,5,2018-10-08,WAS,NO,43,19,-6.5,-6.0,1.36,1.37,3.25,3.2,51.5,51.5
2018,6,2018-10-11,PHI,NYG,13,34,2.5,1.5,2.35,2.1,1.64,1.76,45,45.5
2018,6,2018-10-14,KC,NE,43,40,-3.0,-4.0,1.57,1.47,2.5499999999999998,2.75,58.5,59
2018,6,2018-10-14,JAX,DAL,40,7,3.0,3.0,2.2999999999999998,2.5499999999999998,1.66,1.57,41,39.5
2018,6,2018-10-14,BAL,TEN,0,21,1.5,2.5,2.2000000000000002,2.15,1.71,1.74,42,43
2018,6,2018-10-14,LA,DEN,20,23,7.0,7.0,3.6,3.7,1.31,1.29,52.5,50
2018,6,2018-10-14,SEA,OAK,3,27,3.0,3.0,2.2999999999999998,2.4,1.66,1.62,47,48
2018,6,2018-10-14,TB,ATL,34,29,-3.5,-3.0,1.6,1.58,2.4500000000000002,2.5,57.5,57
2018,6,2018-10-14,PIT,CIN,21,28,-2.5,-1.0,1.74,1.8,2.15,2.0499999999999998,54.5,49.5
2018,6,2018-10-14,LAC,CLE,14,38,1.5,-1.0,2.0499999999999998,1.9,1.8,1.9,46,47
2018,6,2018-10-14,BUF,HOU,20,13,-9.5,-10.0,1.22,1.2,4.5,4.75,41,40
2018,6,2018-10-14,CHI,MIA,31,28,3.0,7.0,2.35,3.75,1.64,1.28,44,40.5
2018,6,2018-10-14,ARI,MIN,27,17,-10.5,-9.5,1.19,1.18,5,5.25,43,43.5
2018,6,2018-10-14,IND,NYJ,42,34,-3.0,-2.0,1.74,1.71,2.15,2.2000000000000002,45.5,47.5
2018,6,2018-10-14,CAR,WAS,23,17,-1.0,1.0,1.83,2,2,1.83,45,44.5
2018,6,2018-10-15,SF,GB,33,30,-9.5,-9.0,1.23,1.23,4.25,4.25,46.5,46.5
2018,7,2018-10-18,DEN,ARI,10,45,1.5,1.0,2.1,1.95,1.76,1.86,40,42
2018,7,2018-10-21,LA,SF,10,39,10.0,8.5,5.25,4.25,1.18,1.23,52.5,51.5
2018,7,2018-10-21,DAL,WAS,20,17,-2.0,1.0,1.8,2.0499999999999998,2.0499999999999998,1.8,42,40.5
2018,7,2018-10-21,NO,BAL,23,24,-2.5,-2.5,1.76,1.68,2.1,2.25,50,49
2018,7,2018-10-21,NE,CHI,31,38,2.5,1.5,2.4500000000000002,2.0499999999999998,1.6,1.8,50,48.5
2018,7,2018-10-21,BUF,IND,37,5,-7.5,-7.0,1.26,1.33,4,3.4,43.5,43.5
2018,7,2018-10-21,HOU,JAX,7,20,-4.0,-3.5,1.47,1.54,2.75,2.65,43,43
2018,7,2018-10-21,CIN,KC,45,10,-5.5,-6.0,1.38,1.4,3.15,3.05,58.5,58.5
2018,7,2018-10-21,DET,MIA,21,32,3.0,3.0,2.2999999999999998,2.4,1.66,1.62,46.5,47
2018,7,2018-10-21,MIN,NYJ,17,37,3.0,3.5,2.5,2.6,1.58,1.55,47,45
2018,7,2018-10-21,CAR,PHI,17,21,-3.5,-5.0,1.5,1.43,2.7,2.9,45,45
2018,7,2018-10-21,CLE,TB,26,23,-3.0,-3.5,1.62,1.55,2.4,2.6,49,52
2018,7,2018-10-21,TEN,LAC,20,19,-6.0,-6.5,1.37,1.33,3.2,3.4,45,46
2018,7,2018-10-22,NYG,ATL,23,20,-5.5,-4.0,1.4,1.45,3.1,2.8,54,52
2018,8,2018-10-25,MIA,HOU,42,23,-6.5,-7.5,1.32,1.26,3.5,4,45.5,45
2018,8,2018-10-28,NO,MIN,20,30,-1.5,2.5,1.83,2.25,2,1.68,52,54
2018,8,2018-10-28,SF,ARI,18,15,-1.0,2.5,1.83,2.2999999999999998,2,1.66,43.5,40
2018,8,2018-10-28,GB,LA,29,27,-9.0,-7.5,1.25,1.28,4.2,3.75,56.5,57
2018,8,2018-10-28,IND,OAK,28,42,1.5,3.5,2.0499999999999998,2.67,1.8,1.52,51,51
2018,8,2018-10-28,BAL,CAR,36,21,1.5,2.5,2.0499999999999998,2.2000000000000002,1.8,1.71,43.5,44.5
2018,8,2018-10-28,NYJ,CHI,24,10,-7.0,-8.5,1.36,1.23,3.25,4.25,46,42.5
2018,8,2018-10-28,TB,CIN,37,34,-6.0,-3.5,1.4,1.5,3.05,2.7,53.5,54.5
2018,8,2018-10-28,SEA,DET,14,28,-3.0,-3.0,1.68,1.6,2.25,2.4500000000000002,49,48
2018,8,2018-10-28,DEN,KC,30,23,-10.0,-8.5,1.1599999999999999,1.22,5.5,4.5,55.5,53
2018,8,2018-10-28,WAS,NYG,13,20,1.0,1.0,2,2.0499999999999998,1.83,1.8,42,44
2018,8,2018-10-28,CLE,PIT,33,18,-7.0,-8.5,1.27,1.22,3.8,4.5,50.5,47.5
2018,8,2018-10-28,PHI,JAX,18,24,3.0,4.0,2.5499999999999998,2.75,1.57,1.47,41,44
2018,8,2018-10-29,NE,BUF,6,25,13.0,13.5,8,8.5,1.0900000000000001,1.08,44.5,44.5
2018,9,2018-11-01,OAK,SF,34,3,-3.0,1.5,1.6,2.1,2.4500000000000002,1.76,47.5,44
2018,9,2018-11-04,GB,NE,31,17,-6.5,-5.0,1.41,1.44,3,2.85,56.5,56
2018,9,2018-11-04,LA,NO,45,35,-1.0,2.0,1.8,2.1,2.0499999999999998,1.76,59,57
2018,9,2018-11-04,HOU,DEN,17,19,-2.5,-1.0,1.71,1.86,2.2000000000000002,1.95,46.5,46.5
2018,9,2018-11-04,LAC,SEA,17,25,-2.0,-1.5,1.83,1.8,2,2.0499999999999998,48,48
2018,9,2018-11-04,PIT,BAL,16,23,-3.0,-1.5,1.66,1.8,2.2999999999999998,2.0499999999999998,47.5,47
2018,9,2018-11-04,CHI,BUF,9,41,8.5,10.0,4.5,4.75,1.22,1.2,37.5,38.5
2018,9,2018-11-04,TB,CAR,42,28,-6.5,-6.0,1.33,1.34,3.4,3.35,54,55.5
2018,9,2018-11-04,KC,CLE,21,37,8.0,8.0,4.2,4.25,1.25,1.23,52,51
2018,9,2018-11-04,NYJ,MIA,13,6,-3.0,-3.0,1.62,1.62,2.4,2.4,45.5,43
2018,9,2018-11-04,DET,MIN,24,9,-5.0,-4.5,1.43,1.45,2.9,2.8,51,47
2018,9,2018-11-04,ATL,WAS,14,38,-2.0,-2.0,1.8,1.76,2.0499999999999998,2.1,47.5,47
2018,9,2018-11-05,TEN,DAL,14,28,-4.5,-4.5,1.37,1.45,3.2,2.8,42,40
2019,1,2019-09-05,GB,CHI,3,10,-3.0,-3.0,1.58,1.58,2.5,2.5,46,46.5
2019,1,2019-09-08,PIT,NE,33,3,-6.0,-5.5,1.38,1.4,3.15,3.05,51,49
2019,1,2019-09-08,DET,ARI,27,27,2.5,3.0,2.15,2.2999999999999998,1.74,1.66,47.5,45.5
2019,1,2019-09-08,NYG,DAL,35,17,-7.0,-7.0,1.32,1.29,3.5,3.7,45.5,44
2019,1,2019-09-08,SF,TB,17,31,-1.0,-1.0,1.86,1.86,1.95,1.95,49.5,51
2019,1,2019-09-08,IND,LAC,30,24,-7.0,-6.0,1.3,1.34,3.65,3.35,44,44.5
2019,1,2019-09-08,CIN,SEA,21,20,-9.5,-9.0,1.23,1.22,4.25,4.5,43.5,44
2019,1,2019-09-08,LA,CAR,27,30,2.5,2.0,2.2999999999999998,2.1,1.66,1.76,50.5,49.5
2019,1,2019-09-08,TEN,CLE,13,43,-5.5,-5.5,1.4,1.4,3.05,3.1,45.5,44
2019,1,2019-09-08,KC,JAX,26,40,4.0,3.5,2.75,2.65,1.47,1.54,52,49
2019,1,2019-09-08,BAL,MIA,10,59,5.0,7.0,3,3.6,1.41,1.31,37.5,40.5
2019,1,2019-09-08,ATL,MIN,28,12,-4.0,-3.5,1.5,1.52,2.7,2.67,47.5,47
2019,1,2019-09-08,BUF,NYJ,16,17,-3.0,-2.5,1.6,1.68,2.4500000000000002,2.25,39.5,41
2019,1,2019-09-08,WAS,PHI,32,27,-8.5,-10.0,1.25,1.2,4.2,4.75,45.5,44.5
2019,1,2019-09-09,DEN,OAK,24,16,-1.0,3.0,1.9,2.35,1.9,1.64,43,42.5
2019,1,2019-09-09,HOU,NO,30,28,-7.0,-6.5,1.32,1.32,3.5,3.5,53,51.5
2019,10,2019-11-07,LAC,OAK,26,24,-2.0,1.0,1.83,2,2,1.83,47.5,49
2019,10,2019-11-10,MIN,DAL,24,28,-3.0,-3.0,1.66,1.55,2.2999999999999998,2.6,47,48
2019,10,2019-11-10,CAR,GB,24,16,-6.0,-5.0,1.42,1.45,2.95,2.8,48,49
2019,10,2019-11-10,LA,PIT,17,12,4.0,4.5,2.8,2.9,1.45,1.43,45.5,43.5
2019,10,2019-11-10,MIA,IND,12,16,-12.0,-11.0,1.19,1.18,5,5.25,43.5,44
2019,10,2019-11-10,DET,CHI,20,13,-3.0,-6.0,1.58,1.35,2.5,3.3,43.5,38
2019,10,2019-11-10,BAL,CIN,13,49,10.0,10.5,4.5,5.25,1.22,1.18,46.5,44
2019,10,2019-11-10,BUF,CLE,19,16,-2.5,-3.0,1.74,1.64,2.15,2.35,41.5,42
2019,10,2019-11-10,ATL,NO,9,26,-12.0,-13.5,1.18,1.1100000000000001,5.25,6.75,51.5,51.5
2019,10,2019-11-10,NYG,NYJ,34,27,2.0,3.0,2.15,2.35,1.74,1.64,43,43
2019,10,2019-11-10,ARI,TB,30,27,-5.5,-5.5,1.44,1.41,2.85,3,54,51.5
2019,10,2019-11-10,KC,TEN,35,32,5.5,6.0,3.15,3.2,1.38,1.37,47.5,49
2019,10,2019-11-11,SEA,SF,24,27,-6.5,-6.5,1.38,1.37,3.15,3.2,44.5,46.5
2019,11,2019-11-14,PIT,CLE,21,7,-3.0,-3.0,1.64,1.62,2.35,2.4,40.5,41.5
2019,11,2019-11-17,CHI,LA,17,7,-7.0,-5.5,1.34,1.4,3.35,3.05,41,40
2019,11,2019-11-17,CIN,OAK,17,10,-10.0,-13.0,1.22,1.1399999999999999,4.5,6,48,48
2019,11,2019-11-17,NE,PHI,10,17,3.5,4.5,2.6,2.8,1.55,1.45,45.5,45
2019,11,2019-11-17,ARI,SF,36,26,-13.5,-10.0,1.0900000000000001,1.22,8,4.5,45,44
2019,11,2019-11-17,HOU,BAL,41,7,-5.0,-4.5,1.5,1.42,2.7,2.95,50,51
2019,11,2019-11-17,ATL,CAR,3,29,-6.0,-4.0,1.38,1.47,3.15,2.75,51,49
2019,11,2019-11-17,DAL,DET,27,35,6.5,7.0,3.45,3.8,1.32,1.27,47,46.5
2019,11,2019-11-17,JAX,IND,33,13,-3.0,-2.5,1.62,1.71,2.4,2.2000000000000002,44,41.5
2019,11,2019-11-17,BUF,MIA,20,37,6.5,7.0,3.25,3.65,1.36,1.3,39.5,41
2019,11,2019-11-17,DEN,MIN,27,23,-10.0,-10.0,1.18,1.2,5.25,4.75,38.5,40
2019,11,2019-11-17,NO,TB,17,34,5.5,5.0,2.9,2.9,1.43,1.43,51,50.5
2019,11,2019-11-17,NYJ,WAS,17,34,-1.0,-2.0,1.86,1.76,1.95,2.1,38,37.5
2019,11,2019-11-18,KC,LAC,17,24,4.5,5.5,2.75,3.1,1.47,1.4,53.5,52.5
2019,12,2019-11-21,IND,HOU,20,17,-3.5,-3.5,1.52,1.5,2.67,2.7,47,46
2019,12,2019-11-24,GB,SF,37,8,-3.0,-3.0,1.6,1.57,2.4500000000000002,2.5499999999999998,46,48
2019,12,2019-11-24,DAL,NE,13,9,-7.0,-5.5,1.36,1.4,3.25,3.1,46.5,44.5
2019,12,2019-11-24,JAX,TEN,42,20,-3.0,-4.0,1.58,1.47,2.5,2.75,42,42.5
2019,12,2019-11-24,TB,ATL,22,35,-4.0,-3.5,1.45,1.54,2.8,2.65,53,51.5
2019,12,2019-11-24,DEN,BUF,20,3,-5.0,-3.5,1.41,1.47,3,2.75,36.5,37
2019,12,2019-11-24,NYG,CHI,19,14,-7.0,-6.0,1.36,1.36,3.25,3.25,41,41
2019,12,2019-11-24,PIT,CIN,10,16,6.5,6.5,3.45,3.3,1.32,1.35,40,37
2019,12,2019-11-24,MIA,CLE,41,24,-10.5,-11.0,1.19,1.18,5,5.25,44.5,46
2019,12,2019-11-24,CAR,NO,34,31,-9.5,-10.0,1.23,1.19,4.25,5,47.5,46.5
2019,12,2019-11-24,OAK,NYJ,34,3,3.5,3.0,2.6,2.6,1.55,1.55,47,44.5
2019,12,2019-11-24,SEA,PHI,9,17,-2.5,2.0,1.68,2.1,2.25,1.76,49.5,45.5
2019,12,2019-11-24,DET,WAS,19,16,3.0,4.0,2.2999999999999998,2.7,1.66,1.5,42,40
2019,12,2019-11-25,BAL,LA,6,45,2.5,3.5,2.2999999999999998,2.5,1.66,1.58,49,47
2019,13,2019-11-28,NO,ATL,18,26,6.5,7.0,3.45,3.7,1.32,1.29,50,48
2019,13,2019-11-28,BUF,DAL,15,26,-7.0,-6.5,1.32,1.32,3.5,3.45,44.5,46.5
2019,13,2019-11-28,CHI,DET,20,24,1.0,5.5,1.9,3.1,1.9,1.4,39,37
2019,13,2019-12-01,NE,HOU,28,22,3.0,3.0,2.4500000000000002,2.6,1.6,1.55,44.5,47
2019,13,2019-12-01,LAC,DEN,23,20,1.0,4.5,2.0499999999999998,2.75,1.8,1.47,38.5,38.5
2019,13,2019-12-01,OAK,KC,40,9,-10.0,-10.5,1.22,1.18,4.5,5.25,54.5,49.5
2019,13,2019-12-01,LA,ARI,7,34,4.0,2.5,2.75,2.2000000000000002,1.47,1.71,47,47
2019,13,2019-12-01,SF,BAL,20,17,-4.5,-5.5,1.42,1.4,2.95,3.1,46,45
2019,13,2019-12-01,WAS,CAR,21,29,-9.5,-10.5,1.22,1.19,4.5,5,40.5,38.5
2019,13,2019-12-01,NYJ,CIN,22,6,3.5,3.0,2.6,2.25,1.55,1.68,39.5,43
2019,13,2019-12-01,TEN,IND,17,31,-3.0,1.0,1.64,1.95,2.35,1.86,43,41.5
2019,13,2019-12-01,TB,JAX,11,28,-1.5,3.0,1.86,2.35,1.95,1.64,49,46.5
2019,13,2019-12-01,PHI,MIA,37,31,7.5,10.0,3.9,4.75,1.27,1.2,46,44.5
2019,13,2019-12-01,GB,NYG,13,31,6.5,6.5,3.45,3.6,1.32,1.31,47,43.5
2019,13,2019-12-01,CLE,PIT,20,13,1.0,1.0,1.95,2,1.86,1.83,40,40
2019,13,2019-12-02,MIN,SEA,37,30,-3.0,-2.5,1.66,1.66,2.2999999999999998,2.2999999999999998,49,48.5
2019,14,2019-12-05,DAL,CHI,31,24,3.0,3.0,2.4,2.5,1.62,1.58,43,43
2019,14,2019-12-08,SEA,LA,28,12,2.5,-1.0,2.2000000000000002,1.83,1.71,2,46.5,47.5
2019,14,2019-12-08,PIT,ARI,17,23,2.5,2.5,2.1,2.1,1.76,1.76,43,43.5
2019,14,2019-12-08,KC,NE,16,23,-3.5,-3.0,1.66,1.62,2.2999999999999998,2.4,50,48.5
2019,14,2019-12-08,TEN,OAK,21,42,3.0,2.5,2.35,2.2999999999999998,1.64,1.66,46.5,47
2019,14,2019-12-08,LAC,JAX,10,45,2.5,3.0,2.2999999999999998,2.5499999999999998,1.66,1.57,43,42
2019,14,2019-12-08,CAR,ATL,40,20,-2.5,-3.5,1.76,1.52,2.1,2.67,48.5,48
2019,14,2019-12-08,BAL,BUF,17,24,6.0,6.0,2.95,3.25,1.42,1.36,43.5,44
2019,14,2019-12-08,CIN,CLE,27,19,-10.5,-6.5,1.26,1.32,4,3.5,43,43.5
2019,14,2019-12-08,WAS,GB,20,15,-13.5,-13.0,1.1200000000000001,1.1100000000000001,6.5,6.75,42,42
2019,14,2019-12-08,DEN,HOU,24,38,-8.0,-8.0,1.27,1.25,3.8,4.2,41,42.5
2019,14,2019-12-08,DET,MIN,20,7,-13.5,-11.5,1.1000000000000001,1.1499999999999999,7.5,5.75,42.5,44
2019,14,2019-12-08,SF,NO,46,48,-3.0,-1.5,1.58,1.8,2.5,2.0499999999999998,45.5,45
2019,14,2019-12-08,MIA,NYJ,22,21,-5.5,-5.0,1.38,1.44,3.15,2.85,44,47
2019,14,2019-12-08,IND,TB,38,35,-3.0,-3.0,1.6,1.58,2.4500000000000002,2.5,48.5,46.5
2019,14,2019-12-09,NYG,PHI,23,17,-8.5,-9.5,1.27,1.23,3.8,4.25,47,45
2019,15,2019-12-12,NYJ,BAL,42,21,-14.5,-17.0,1.1100000000000001,1.08,6.75,8.5,44.5,44
2019,15,2019-12-15,BUF,PIT,10,17,-1.5,-1.0,1.8,1.86,2.0499999999999998,1.95,37,37
2019,15,2019-12-15,LA,DAL,44,21,-2.5,1.0,1.71,1.95,2.2000000000000002,1.86,48,48.5
2019,15,2019-12-15,ATL,SF,22,29,-10.5,-10.0,1.2,1.2,4.75,4.75,46.5,49.5
2019,15,2019-12-15,CLE,ARI,38,24,2.5,3.0,2.15,2.4,1.74,1.62,46.5,49
2019,15,2019-12-15,MIN,LAC,10,39,3.0,1.0,2.35,2,1.64,1.83,45.5,45
2019,15,2019-12-15,JAX,OAK,16,20,-5.5,-6.5,1.4,1.32,3.1,3.5,45.5,46
2019,15,2019-12-15,SEA,CAR,24,30,5.5,6.0,3.05,3.15,1.4,1.38,48.5,48.5
2019,15,2019-12-15,NE,CIN,13,34,10.0,10.5,4.5,5.25,1.22,1.18,40.5,41.5
2019,15,2019-12-15,TB,DET,17,38,3.5,6.0,2.7,3.15,1.5,1.38,47.5,46
2019,15,2019-12-15,CHI,GB,21,13,-4.5,-4.5,1.45,1.45,2.8,2.8,41,41
2019,15,2019-12-15,DEN,KC,23,3,-11.5,-9.0,1.19,1.2,5,4.75,47,43
2019,15,2019-12-15,MIA,NYG,36,20,-3.5,-3.5,1.54,1.54,2.65,2.65,48,46.5
2019,15,2019-12-15,HOU,TEN,21,24,-3.0,-3.0,1.6,1.58,2.4500000000000002,2.5,48.5,50
2019,15,2019-12-15,PHI,WAS,27,37,6.0,6.5,3.3,3.4,1.35,1.33,40,38.5
2019,15,2019-12-16,IND,NO,34,7,-9.0,-8.5,1.27,1.26,3.8,4,45.5,49
2019,16,2019-12-21,LA,SF,34,31,-6.0,-7.0,1.37,1.31,3.2,3.6,46,45.5
2019,16,2019-12-21,BUF,NE,24,17,-6.5,-6.5,1.36,1.34,3.25,3.35,38.5,38.5
2019,16,2019-12-21,HOU,TB,20,23,1.0,3.0,2,2.4,1.83,1.62,53,50.5
2019,16,2019-12-22,KC,CHI,3,26,4.5,7.0,2.85,3.65,1.44,1.3,45,45.5
2019,16,2019-12-22,DAL,PHI,17,9,2.5,2.0,2.25,2.1,1.68,1.76,47.5,46.5
2019,16,2019-12-22,ARI,SEA,13,27,-9.5,-8.0,1.23,1.23,4.25,4.25,50.5,51
2019,16,2019-12-22,DET,DEN,27,17,-6.5,-7.5,1.34,1.27,3.35,3.9,38,40
2019,16,2019-12-22,OAK,LAC,17,24,-5.5,-7.5,1.41,1.27,3,3.8,47,45
2019,16,2019-12-22,JAX,ATL,24,12,-7.0,-7.0,1.3,1.29,3.65,3.7,45.5,48
2019,16,2019-12-22,BAL,CLE,15,31,9.5,10.0,4.75,4.5,1.2,1.22,49,49
2019,16,2019-12-22,CAR,IND,38,6,-6.5,-7.0,1.37,1.33,3.2,3.4,46.5,46.5
2019,16,2019-12-22,CIN,MIA,38,35,-1.0,1.5,1.86,2.0499999999999998,1.95,1.8,46,45
2019,16,2019-12-22,PIT,NYJ,16,10,3.0,3.0,2.4,2.6,1.62,1.55,38.5,36.5
2019,16,2019-12-22,NO,TEN,28,38,1.0,3.0,2.0499999999999998,2.65,1.8,1.54,51,49
2019,16,2019-12-22,NYG,WAS,35,41,-2.5,1.0,1.74,2,2.15,1.83,42,42
2019,16,2019-12-23,GB,MIN,10,23,-4.0,-4.0,1.5,1.47,2.7,2.75,46.5,46.5
2019,17,2019-12-29,SF,SEA,21,26,3.0,3.5,2.2999999999999998,2.5499999999999998,1.66,1.57,48,47
2019,17,2019-12-29,OAK,DEN,16,15,-3.5,-4.5,1.52,1.45,2.67,2.8,42,41
2019,17,2019-12-29,ARI,LA,31,24,-7.0,-7.0,1.29,1.34,3.7,3.35,49,45.5
2019,17,2019-12-29,PIT,BAL,28,10,-1.0,1.0,1.83,2.0499999999999998,2,1.8,40,35
2019,17,2019-12-29,NYJ,BUF,6,13,-1.0,1.0,1.86,1.95,1.95,1.86,37,37
2019,17,2019-12-29,NO,CAR,10,42,13.0,14.0,5.5,6.5,1.1599999999999999,1.1200000000000001,48,44.5
2019,17,2019-12-29,CLE,CIN,33,23,2.5,2.5,2.35,2.15,1.64,1.74,46,43.5
2019,17,2019-12-29,WAS,DAL,47,16,-10.5,-12.5,1.2,1.1499999999999999,4.75,5.75,43.5,47.5
2019,17,2019-12-29,GB,DET,20,23,10.0,13.0,4.75,6,1.2,1.1399999999999999,41.5,44
2019,17,2019-12-29,TEN,HOU,14,35,4.0,10.0,2.8,4.5,1.45,1.22,48,43
2019,17,2019-12-29,IND,JAX,38,20,3.0,5.5,1.9,3.1,1.9,1.4,43,41.5
2019,17,2019-12-29,LAC,KC,31,21,-7.5,-9.5,1.28,1.22,3.75,4.5,47,46
2019,17,2019-12-29,CHI,MIN,19,21,-1.0,4.5,1.83,2.8,2,1.45,37,36
2019,17,2019-12-29,MIA,NE,24,27,-16.5,-17.0,1.07,1.08,9,8.5,43.5,45.5
2019,17,2019-12-29,PHI,NYG,17,34,4.5,3.5,2.85,2.7,1.44,1.5,46,44.5
2019,17,2019-12-29,ATL,TB,22,28,1.0,-1.0,1.9,1.86,1.9,1.95,50,48.5
2019,2,2019-09-12,TB,CAR,14,20,-6.5,-6.5,1.33,1.35,3.4,3.3,51,48
2019,2,2019-09-15,PHI,ATL,24,20,1.0,1.0,1.9,1.95,1.9,1.86,51,53
2019,2,2019-09-15,CHI,DEN,14,16,-1.0,3.0,1.9,2.2999999999999998,1.9,1.66,40.5,40.5
2019,2,2019-09-15,NO,LA,27,9,-3.0,-2.0,1.58,1.74,2.5,2.15,54,52
2019,2,2019-09-15,KC,OAK,10,28,8.0,7.0,4.0999999999999996,3.65,1.25,1.3,52,53
2019,2,2019-09-15,ARI,BAL,23,17,-13.0,-13.0,1.1200000000000001,1.1299999999999999,6.5,6.25,42.5,45.5
2019,2,2019-09-15,SF,CIN,17,41,2.0,-1.0,2.0499999999999998,1.86,1.8,1.95,45,46
2019,2,2019-09-15,LAC,DET,13,10,3.0,1.0,2.35,2,1.64,1.83,47,46.5
2019,2,2019-09-15,MIN,GB,21,16,-3.0,-3.0,1.62,1.6,2.4,2.4500000000000002,45.5,43
2019,2,2019-09-15,JAX,HOU,13,12,-8.0,-7.0,1.23,1.27,4.25,3.8,44.5,43
2019,2,2019-09-15,NE,MIA,0,43,15.0,18.0,10,11,1.06,1.05,47,48.5
2019,2,2019-09-15,BUF,NYG,14,28,2.5,1.0,2.1,2,1.76,1.83,42.5,44.5
2019,2,2019-09-15,SEA,PIT,26,28,-3.5,-4.0,1.52,1.5,2.67,2.7,46.5,47
2019,2,2019-09-15,IND,TEN,17,19,-3.0,-3.5,1.62,1.54,2.4,2.65,44,43.5
2019,2,2019-09-15,DAL,WAS,21,31,4.5,6.0,2.9,3.25,1.43,1.36,44,46
2019,2,2019-09-16,CLE,NYJ,3,23,2.5,6.5,2.1,3.55,1.76,1.31,46,45
2019,3,2019-09-19,TEN,JAX,20,7,2.0,2.0,2.1,2.1,1.76,1.76,40,38
2019,3,2019-09-22,LA,CLE,13,20,2.5,4.0,2.1,2.8,1.76,1.45,51,48
2019,3,2019-09-22,HOU,LAC,20,27,-3.5,-3.0,1.54,1.62,2.65,2.4,48.5,49
2019,3,2019-09-22,NO,SEA,27,33,-5.0,-5.0,1.43,1.4,2.9,3.05,45,44
2019,3,2019-09-22,PIT,SF,24,20,-7.0,-6.0,1.31,1.33,3.55,3.4,44,44.5
2019,3,2019-09-22,NYG,TB,31,32,-6.5,-5.0,1.33,1.4,3.4,3.05,48.5,48
2019,3,2019-09-22,CAR,ARI,20,38,2.5,-2.5,2.2000000000000002,1.68,1.71,2.25,45.5,45.5
2019,3,2019-09-22,CIN,BUF,21,17,-5.0,-6.0,1.4,1.35,3.1,3.3,42,43.5
2019,3,2019-09-22,MIA,DAL,31,6,-20.5,-21.5,1.05,1.02,12.25,16,47.5,46.5
2019,3,2019-09-22,DEN,GB,27,16,-8.0,-7.0,1.3,1.27,3.65,3.9,43.5,41.5
2019,3,2019-09-22,ATL,IND,27,24,-2.5,-1.5,1.76,1.8,2.1,2.0499999999999998,47.5,48
2019,3,2019-09-22,BAL,KC,33,28,-7.0,-5.0,1.34,1.42,3.35,2.95,54.5,52
2019,3,2019-09-22,OAK,MIN,34,14,-7.5,-9.0,1.29,1.22,3.7,4.5,43.5,43.5
2019,3,2019-09-22,NYJ,NE,30,14,-20.5,-21.0,1.05,1.03,12,15.5,46,43
2019,3,2019-09-22,DET,PHI,24,27,-7.5,-4.0,1.29,1.45,3.7,2.8,49,45
2019,3,2019-09-23,CHI,WAS,15,31,4.0,5.0,2.67,3,1.52,1.41,42,41
2019,4,2019-09-26,PHI,GB,27,34,-4.5,-3.5,1.45,1.5,2.8,2.7,47.5,46.5
2019,4,2019-09-29,DAL,NO,12,10,3.0,2.5,2.4500000000000002,2.25,1.6,1.68,46,47
2019,4,2019-09-29,MIN,CHI,16,6,-3.0,-1.0,1.66,1.86,2.2999999999999998,1.95,38,38.5
2019,4,2019-09-29,JAX,DEN,24,26,-3.0,-2.5,1.6,1.68,2.4500000000000002,2.25,38,37.5
2019,4,2019-09-29,SEA,ARI,10,27,4.0,5.5,2.8,3,1.45,1.41,47,48.5
2019,4,2019-09-29,TB,LA,40,55,-10.0,-9.0,1.2,1.22,4.75,4.5,48.5,48.5
2019,4,2019-09-29,TEN,ATL,10,24,-5.0,-3.5,1.43,1.57,2.9,2.5499999999999998,46,46.5
2019,4,2019-09-29,CLE,BAL,25,40,-5.5,-7.0,1.38,1.28,3.15,3.75,46.5,47.5
2019,4,2019-09-29,NE,BUF,10,16,7.5,7.0,3.7,3.65,1.29,1.3,43.5,41.5
2019,4,2019-09-29,KC,DET,30,34,6.5,7.0,3.45,4,1.32,1.26,54,54.5
2019,4,2019-09-29,CAR,HOU,10,16,-4.5,-5.0,1.47,1.4,2.75,3.05,46,47.5
2019,4,2019-09-29,OAK,IND,24,31,-6.5,-6.0,1.33,1.38,3.4,3.15,44.5,46.5
2019,4,2019-09-29,LAC,MIA,10,30,16.5,15.0,8,7.25,1.0900000000000001,1.1000000000000001,45,43.5
2019,4,2019-09-29,WAS,NYG,24,3,-3.0,-3.0,1.68,1.58,2.25,2.5,46.5,48
2019,4,2019-09-30,CIN,PIT,27,3,-4.5,-3.5,1.47,1.54,2.75,2.65,44,45
2019,5,2019-10-03,LA,SEA,30,29,1.0,-1.5,1.9,1.8,1.9,2.0499999999999998,49,48.5
2019,5,2019-10-06,IND,KC,13,19,-10.0,-10.5,1.22,1.1599999999999999,4.5,5.5,57,55.5
2019,5,2019-10-06,GB,DAL,24,34,-4.0,-3.0,1.5,1.54,2.7,2.65,48,46.5
2019,5,2019-10-06,DEN,LAC,13,20,-6.5,-4.5,1.38,1.43,3.15,2.9,44,45.5
2019,5,2019-10-06,JAX,CAR,34,27,-3.5,-3.0,1.54,1.58,2.65,2.5,41,40.5
2019,5,2019-10-06,ARI,CIN,23,26,-4.0,-3.0,1.5,1.6,2.7,2.4500000000000002,48,46.5
2019,5,2019-10-06,ATL,HOU,53,32,-4.5,-4.0,1.44,1.47,2.85,2.75,48.5,49
2019,5,2019-10-06,TB,NO,31,24,-5.5,-3.0,1.38,1.62,3.15,2.4,47,46.5
2019,5,2019-10-06,MIN,NYG,10,28,4.5,5.5,2.9,3,1.43,1.41,45,43.5
2019,5,2019-10-06,CHI,OAK,24,21,5.5,6.5,2.8,3.3,1.45,1.35,41,39.5
2019,5,2019-10-06,NYJ,PHI,31,6,-14.0,-14.0,1.1000000000000001,1.1100000000000001,7.25,7,44.5,43
2019,5,2019-10-06,BAL,PIT,23,26,4.0,3.0,2.75,2.5,1.47,1.58,42.5,44
2019,5,2019-10-06,BUF,TEN,7,14,-2.5,-3.0,1.76,1.57,2.1,2.5499999999999998,38.5,39.5
2019,5,2019-10-06,NE,WAS,7,33,14.5,16.5,6.75,8,1.1100000000000001,1.0900000000000001,46,41.5
2019,5,2019-10-07,CLE,SF,31,3,-3.0,-4.5,1.54,1.45,2.65,2.8,47.5,48
2019,6,2019-10-10,NYG,NE,35,14,-16.5,-16.5,1.1000000000000001,1.08,7.25,8.5,44.5,43
2019,6,2019-10-13,PIT,LAC,17,24,-5.5,-6.0,1.37,1.36,3.2,3.25,43.5,42.5
2019,6,2019-10-13,TEN,DEN,16,0,-2.5,-1.5,1.74,1.83,2.15,2,39.5,41
2019,6,2019-10-13,DAL,NYJ,24,22,8.5,7.0,4.2,3.75,1.25,1.28,43.5,43.5
2019,6,2019-10-13,ATL,ARI,34,33,2.0,3.0,2.1,2.35,1.76,1.64,51,52
2019,6,2019-10-13,SF,LA,7,20,-4.0,-3.0,1.44,1.58,2.85,2.5,48.5,50
2019,6,2019-10-13,CIN,BAL,23,17,-12.0,-10.5,1.18,1.18,5.25,5.25,47.5,46.5
2019,6,2019-10-13,SEA,CLE,28,32,-2.5,-1.0,1.76,1.83,2.1,2,47,45.5
2019,6,2019-10-13,NO,JAX,6,13,1.0,-2.5,1.9,1.66,1.9,2.2999999999999998,45,42.5
2019,6,2019-10-13,HOU,KC,24,31,-7.5,-3.5,1.37,1.5,3.2,2.7,55,54.5
2019,6,2019-10-13,WAS,MIA,16,17,3.5,5.5,2.67,3.05,1.52,1.4,41,42.5
2019,6,2019-10-13,PHI,MIN,38,20,-3.0,-3.5,1.6,1.54,2.4500000000000002,2.65,44,44.5
2019,6,2019-10-13,CAR,TB,26,37,-1.0,2.0,1.86,2.0499999999999998,1.95,1.8,47.5,47.5
2019,6,2019-10-14,DET,GB,23,22,-6.0,-3.5,1.38,1.54,3.15,2.65,46.5,47
2019,7,2019-10-17,KC,DEN,6,30,3.5,3.0,2.5499999999999998,2.35,1.57,1.64,50.5,49.5
2019,7,2019-10-20,PHI,DAL,37,10,-3.0,-3.0,1.66,1.62,2.2999999999999998,2.4,48.5,50
2019,7,2019-10-20,NO,CHI,25,36,-4.0,-4.0,1.52,1.45,2.67,2.8,39.5,37
2019,7,2019-10-20,BAL,SEA,16,30,-3.5,-3.0,1.5,1.64,2.7,2.35,50,48.5
2019,7,2019-10-20,LAC,TEN,23,20,-2.5,-2.5,1.76,1.66,2.1,2.2999999999999998,40.5,42.5
2019,7,2019-10-20,LA,ATL,10,37,3.0,3.0,2.35,2.5499999999999998,1.64,1.57,53,54.5
2019,7,2019-10-20,MIA,BUF,31,21,-16.5,-17.0,1.1000000000000001,1.07,7.25,9,39.5,42.5
2019,7,2019-10-20,JAX,CIN,17,27,3.0,4.0,2.4,2.7,1.62,1.5,44.5,44
2019,7,2019-10-20,MIN,DET,30,42,-1.0,2.5,1.83,2.2000000000000002,2,1.71,44,43.5
2019,7,2019-10-20,OAK,GB,42,24,-7.0,-5.5,1.32,1.4,3.45,3.1,46.5,47.5
2019,7,2019-10-20,HOU,IND,30,23,-1.0,-1.0,1.76,1.83,2.1,2,49,46.5
2019,7,2019-10-20,ARI,NYG,21,27,-2.5,-3.5,1.66,1.52,2.2999999999999998,2.67,49.5,50
2019,7,2019-10-20,SF,WAS,0,9,9.5,10.0,4.25,4.75,1.23,1.2,42.5,39
2019,7,2019-10-21,NE,NYJ,0,33,9.5,10.0,4.5,4.25,1.22,1.23,43,43
2019,8,2019-10-24,WAS,MIN,19,9,-15.5,-16.5,1.1100000000000001,1.08,7,8.5,41,42
2019,8,2019-10-27,GB,KC,24,31,3.0,5.0,2.5,3.05,1.58,1.4,48,47.5
2019,8,2019-10-27,DEN,IND,15,13,-6.5,-6.0,1.35,1.38,3.3,3.15,44,42
2019,8,2019-10-27,CLE,NE,27,13,-10.5,-10.0,1.22,1.22,4.5,4.5,46.5,43
2019,8,2019-10-27,CAR,SF,51,13,-5.5,-4.0,1.41,1.44,3,2.85,41.5,40.5
2019,8,2019-10-27,SEA,ATL,20,27,6.5,7.5,3.5,3.8,1.32,1.27,53,48.5
2019,8,2019-10-27,PHI,BUF,13,31,-1.0,-1.0,1.8,1.86,2.0499999999999998,1.95,42,39.5
2019,8,2019-10-27,LAC,CHI,16,17,-5.5,-3.5,1.41,1.52,3,2.67,40.5,41
2019,8,2019-10-27,NYG,DET,31,26,-7.0,-6.5,1.32,1.36,3.45,3.25,49,49
2019,8,2019-10-27,OAK,HOU,27,24,-7.0,-6.0,1.34,1.37,3.35,3.2,50,52
2019,8,2019-10-27,NYJ,JAX,29,15,-4.5,-6.5,1.45,1.31,2.8,3.6,41,40
2019,8,2019-10-27,CIN,LA,24,10,-12.5,-12.0,1.1599999999999999,1.1399999999999999,5.5,6,48.5,48.5
2019,8,2019-10-27,ARI,NO,31,9,-9.5,-12.5,1.22,1.1499999999999999,4.5,5.75,48,48
2019,8,2019-10-27,TB,TEN,27,23,-2.5,-2.0,1.74,1.8,2.15,2.0499999999999998,46.5,45.5
2019,8,2019-10-28,MIA,PIT,27,14,-14.5,-14.0,1.1200000000000001,1.1200000000000001,6.5,6.5,43,44
2019,9,2019-10-31,SF,ARI,25,28,8.0,10.0,3.9,4.75,1.27,1.2,44,43
2019,9,2019-11-03,NE,BAL,37,20,3.5,3.0,2.7,2.4500000000000002,1.5,1.6,44.5,44.5
2019,9,2019-11-03,CLE,DEN,24,19,-1.5,4.0,1.76,2.7,2.1,1.5,43,39
2019,9,2019-11-03,GB,LAC,26,11,3.0,4.0,2.4,2.75,1.62,1.47,46,50
2019,9,2019-11-03,DET,OAK,31,24,-2.0,-2.5,1.74,1.68,2.15,2.25,51.5,51
2019,9,2019-11-03,TB,SEA,40,34,-6.5,-4.0,1.35,1.45,3.3,2.8,53.5,51
2019,9,2019-11-03,WAS,BUF,24,9,-10.0,-10.5,1.22,1.18,4.5,5.25,36.5,37
2019,9,2019-11-03,TEN,CAR,30,20,-3.5,-3.5,1.54,1.55,2.65,2.6,41,43
2019,9,2019-11-03,MIN,KC,26,23,3.5,5.5,2.7,3,1.5,1.41,47,45.5
2019,9,2019-11-03,NYJ,MIA,26,18,5.5,3.0,2.8,2.5499999999999998,1.45,1.57,41,42.5
2019,9,2019-11-03,CHI,PHI,22,14,-5.0,-5.0,1.43,1.41,2.9,3,44,41
2019,9,2019-11-03,IND,PIT,26,24,1.0,-1.0,1.95,1.8,1.86,2.0499999999999998,43.5,40
2019,9,2019-11-03,HOU,JAX,3,26,2.5,-1.0,2.2000000000000002,1.86,1.71,1.95,47,46
2019,9,2019-11-04,DAL,NYG,18,37,7.0,6.5,3.8,3.5,1.27,1.32,48.5,48.5
2020,1,2020-09-10,HOU,KC,34,20,-10.0,-9.0,1.2,1.23,4.75,4.25,55,54
2020,1,2020-09-13,DAL,LA,20,17,2.5,2.0,2.15,2.15,1.74,1.74,50,51.5
2020,1,2020-09-13,TB,NO,34,23,-4.0,-3.5,1.47,1.55,2.75,2.6,49.5,47.5
2020,1,2020-09-13,ARI,SF,20,24,-8.0,-6.5,1.28,1.33,3.75,3.4,46,48
2020,1,2020-09-13,LAC,CIN,13,16,3.0,3.0,2.4500000000000002,2.2999999999999998,1.6,1.66,44.5,41.5
2020,1,2020-09-13,SEA,ATL,25,38,1.0,1.0,2,2,1.83,1.83,49,49
2020,1,2020-09-13,CLE,BAL,38,6,-8.5,-7.0,1.25,1.29,4.2,3.7,48.5,47.5
2020,1,2020-09-13,NYJ,BUF,27,17,-6.0,-6.5,1.38,1.33,3.15,3.4,40,39.5
2020,1,2020-09-13,LV,CAR,30,34,1.0,3.0,2,2.2999999999999998,1.83,1.66,47,48
2020,1,2020-09-13,CHI,DET,23,27,-1.5,-2.5,1.8,1.71,2.0499999999999998,2.2000000000000002,44,42.5
2020,1,2020-09-13,IND,JAX,27,20,7.0,8.0,3.6,4.25,1.31,1.23,46,45
2020,1,2020-09-13,GB,MIN,34,43,-3.5,-2.5,1.57,1.71,2.5499999999999998,2.2000000000000002,46.5,44.5
2020,1,2020-09-13,MIA,NE,21,11,-6.5,-7.0,1.36,1.31,3.25,3.6,43.5,41.5
2020,1,2020-09-13,PHI,WAS,27,17,6.5,5.0,3.2,2.95,1.37,1.42,45,42
2020,1,2020-09-14,TEN,DEN,14,16,-2.0,3.0,1.76,2.4,2.1,1.62,42,41
2020,1,2020-09-14,PIT,NYG,16,26,4.0,5.5,2.6,3.1,1.55,1.4,48,45
2020,10,2020-11-12,IND,TEN,17,34,-2.5,-1.0,1.74,1.9,2.15,1.9,50,48.5
2020,10,2020-11-15,BAL,NE,23,17,6.5,7.0,3.55,3.65,1.31,1.3,41,43.5
2020,10,2020-11-15,SEA,LA,23,16,-1.0,-3.0,1.83,1.68,2,2.25,56,54.5
2020,10,2020-11-15,SF,NO,27,13,-9.5,-9.5,1.23,1.23,4.25,4.25,50.5,49.5
2020,10,2020-11-15,BUF,ARI,32,30,-2.0,-2.5,1.8,1.71,2.0499999999999998,2.2000000000000002,53.5,56
2020,10,2020-11-15,DEN,LV,37,12,-4.5,-3.5,1.45,1.52,2.8,2.67,50.5,50.5
2020,10,2020-11-15,LAC,MIA,29,21,-2.5,-2.0,1.71,1.8,2.2000000000000002,2.0499999999999998,50,48.5
2020,10,2020-11-15,TB,CAR,23,46,6.0,6.0,3.15,3.2,1.38,1.37,50.5,51
2020,10,2020-11-15,HOU,CLE,10,7,-2.5,-4.0,1.66,1.5,2.2999999999999998,2.7,54,45.5
2020,10,2020-11-15,WAS,DET,30,27,-3.0,-3.0,1.57,1.57,2.5499999999999998,2.5499999999999998,46,46
2020,10,2020-11-15,JAX,GB,24,20,-13.5,-14.0,1.1000000000000001,1.1000000000000001,7.25,7.5,53.5,47.5
2020,10,2020-11-15,PHI,NYG,27,17,3.0,4.0,2.4,2.75,1.62,1.47,42,44.5
2020,10,2020-11-15,CIN,PIT,36,10,-9.0,-7.0,1.25,1.31,4.2,3.6,47.5,46.5
2020,10,2020-11-16,MIN,CHI,13,19,2.5,3.0,2.25,2.5499999999999998,1.68,1.57,44.5,43.5
2020,11,2020-11-19,ARI,SEA,28,21,-3.5,-3.0,1.52,1.62,2.67,2.4,57.5,57.5
2020,11,2020-11-22,KC,LV,31,35,7.0,7.5,3.65,3.8,1.3,1.27,55,57
2020,11,2020-11-22,GB,IND,34,31,-2.0,-1.5,1.8,1.8,2.0499999999999998,2.0499999999999998,49.5,51.5
2020,11,2020-11-22,DAL,MIN,28,31,-7.0,-7.0,1.28,1.3,3.75,3.65,48,48.5
2020,11,2020-11-22,MIA,DEN,20,13,2.5,3.5,2.2999999999999998,2.6,1.66,1.55,44.5,46
2020,11,2020-11-22,NYJ,LAC,34,28,-10.0,-9.5,1.25,1.22,4.2,4.5,47,46.5
2020,11,2020-11-22,TEN,BAL,24,30,-6.5,-6.0,1.34,1.37,3.35,3.2,49,50
2020,11,2020-11-22,DET,CAR,20,0,1.5,1.5,2.0499999999999998,2.0499999999999998,1.8,1.8,46.5,46.5
2020,11,2020-11-22,PHI,CLE,22,17,-3.0,-3.0,1.54,1.71,2.65,2.2000000000000002,45.5,47
2020,11,2020-11-22,NE,HOU,27,20,2.5,2.5,2.2000000000000002,2.15,1.71,1.74,47.5,49
2020,11,2020-11-22,PIT,JAX,3,27,10.0,10.5,4.5,5,1.22,1.19,46,46
2020,11,2020-11-22,ATL,NO,24,9,-5.0,-3.5,1.43,1.52,2.9,2.67,51,49
2020,11,2020-11-22,CIN,WAS,20,9,-1.0,-1.5,1.83,1.83,2,2,46,47
2020,11,2020-11-23,LA,TB,24,27,-3.5,-4.5,1.55,1.47,2.6,2.75,49,48
2020,12,2020-11-26,WAS,DAL,16,41,-3.0,-3.0,1.66,1.66,2.2999999999999998,2.2999999999999998,48,46
2020,12,2020-11-26,HOU,DET,25,41,2.5,3.0,2.1,2.5,1.76,1.58,51,51
2020,12,2020-11-29,CHI,GB,41,25,-8.5,-9.5,1.23,1.23,4.25,4.25,45,44
2020,12,2020-11-29,KC,TB,24,27,3.5,3.5,2.67,2.65,1.52,1.54,56,56
2020,12,2020-11-29,NO,DEN,3,31,6.0,14.5,3.15,8.5,1.38,1.08,46,36.5
2020,12,2020-11-29,SF,LA,20,23,-7.0,-6.5,1.31,1.34,3.6,3.35,45,44.5
2020,12,2020-11-29,LV,ATL,43,6,3.0,3.0,2.4,2.5,1.62,1.58,55.5,53.5
2020,12,2020-11-29,LAC,BUF,27,17,-5.5,-4.5,1.4,1.45,3.05,2.8,52.5,52
2020,12,2020-11-29,NYG,CIN,17,19,4.0,6.0,2.95,3.25,1.42,1.36,43.5,44.5
2020,12,2020-11-29,TEN,IND,26,45,-4.0,-3.0,1.5,1.62,2.7,2.4,51,51.5
2020,12,2020-11-29,CLE,JAX,25,27,6.5,7.0,3.3,3.6,1.35,1.31,46.5,48.5
2020,12,2020-11-29,CAR,MIN,28,27,-4.5,-3.0,1.44,1.62,2.85,2.4,48.5,50
2020,12,2020-11-29,ARI,NE,20,17,2.5,2.0,2.2000000000000002,2.1,1.71,1.76,49.5,49
2020,12,2020-11-29,MIA,NYJ,3,20,7.0,7.0,3.45,3.55,1.32,1.31,46,44.5
2020,12,2020-11-30,SEA,PHI,17,23,5.0,6.5,3.1,3.45,1.4,1.32,51.5,49
2020,12,2020-12-02,BAL,PIT,19,14,-3.5,-5.0,1.57,1.41,2.5499999999999998,3,46,44.5
2020,13,2020-12-06,DEN,KC,22,16,-13.0,-13.0,1.1200000000000001,1.1100000000000001,6.5,7,49,51.5
2020,13,2020-12-06,PHI,GB,30,16,-9.5,-8.5,1.23,1.25,4.25,4.2,46.5,49.5
2020,13,2020-12-06,NE,LAC,0,45,-1.0,-2.0,1.8,1.74,2.0499999999999998,2.15,49,47
2020,13,2020-12-06,LA,ARI,28,38,1.5,2.5,2.1,2.2999999999999998,1.76,1.66,48.5,48.5
2020,13,2020-12-06,NYG,SEA,12,17,-10.0,-11.0,1.19,1.1599999999999999,5,5.5,48,48
2020,13,2020-12-06,NO,ATL,16,21,3.0,2.5,2.67,2.2999999999999998,1.52,1.66,47.5,46
2020,13,2020-12-06,DET,CHI,30,34,-3.0,-3.0,1.58,1.64,2.5,2.35,45,44
2020,13,2020-12-06,IND,HOU,20,26,2.5,3.5,2.35,2.65,1.64,1.54,54.5,50
2020,13,2020-12-06,CIN,MIA,19,7,-11.5,-10.0,1.19,1.19,5,5,42.5,43
2020,13,2020-12-06,JAX,MIN,27,24,-9.0,-10.0,1.23,1.2,4.25,4.75,51.5,51.5
2020,13,2020-12-06,LV,NYJ,28,31,7.5,7.5,3.9,4,1.27,1.26,47,48.5
2020,13,2020-12-06,CLE,TEN,35,41,-4.0,-3.5,1.45,1.5,2.8,2.7,53,53.5
2020,13,2020-12-07,BUF,SF,24,34,3.0,-1.5,2.35,1.8,1.64,2.0499999999999998,48.5,48
2020,13,2020-12-07,WAS,PIT,17,23,-8.5,-6.0,1.22,1.34,4.5,3.35,42,43.5
2020,13,2020-12-08,DAL,BAL,34,17,-7.5,-8.5,1.27,1.23,3.8,4.25,45,45.5
2020,14,2020-12-10,NE,LA,24,3,-6.5,-5.0,1.37,1.42,3.2,2.95,45.5,43.5
2020,14,2020-12-13,PIT,BUF,26,15,2.0,-2.0,2.0499999999999998,1.76,1.8,2.1,47.5,48.5
2020,14,2020-12-13,ATL,LAC,20,17,2.5,-1.0,2.2000000000000002,1.86,1.71,1.95,49.5,49
2020,14,2020-12-13,NO,PHI,24,21,7.0,7.5,3.6,3.9,1.31,1.27,46,42.5
2020,14,2020-12-13,WAS,SF,15,23,-4.5,-3.0,1.45,1.66,2.8,2.2999999999999998,43.5,43.5
2020,14,2020-12-13,IND,LV,27,44,2.5,2.5,2.25,2.15,1.68,1.74,52,52
2020,14,2020-12-13,NYJ,SEA,40,3,-13.5,-16.5,1.1499999999999999,1.08,5.75,8.5,47.5,49
2020,14,2020-12-13,DEN,CAR,27,32,-3.5,-4.0,1.52,1.47,2.67,2.75,47,45.5
2020,14,2020-12-13,HOU,CHI,36,7,2.5,1.0,2.1,1.95,1.76,1.86,46,46.5
2020,14,2020-12-13,DAL,CIN,7,30,4.0,3.0,2.65,2.4500000000000002,1.54,1.6,43.5,44
2020,14,2020-12-13,GB,DET,24,31,8.0,9.0,4.25,4.25,1.23,1.23,55,55.5
2020,14,2020-12-13,TEN,JAX,10,31,7.0,7.5,3.75,4,1.28,1.26,53.5,53
2020,14,2020-12-13,KC,MIA,27,33,7.5,7.0,3.9,3.8,1.27,1.27,49,51.5
2020,14,2020-12-13,ARI,NYG,7,26,2.5,3.0,2.2000000000000002,2.4,1.71,1.62,45,47.5
2020,14,2020-12-13,MIN,TB,26,14,-6.5,-7.0,1.35,1.31,3.3,3.55,52.5,52.5
2020,14,2020-12-14,BAL,CLE,42,47,1.0,3.0,1.95,2.5,1.86,1.58,48,45.5
2020,15,2020-12-17,LAC,LV,27,30,-3.0,-3.5,1.6,1.57,2.4500000000000002,2.5499999999999998,54,52.5
2020,15,2020-12-19,CAR,GB,24,16,-9.0,-9.0,1.25,1.22,4.2,4.5,51,53
2020,15,2020-12-19,BUF,DEN,19,48,4.5,6.0,2.85,3.2,1.44,1.37,48,48
2020,15,2020-12-20,CLE,NYG,6,20,3.5,6.5,2.65,3.3,1.54,1.35,45,44.5
2020,15,2020-12-20,KC,NO,29,32,4.0,2.5,2.75,2.2999999999999998,1.47,1.66,51.5,54
2020,15,2020-12-20,PHI,ARI,33,26,-5.5,-6.0,1.4,1.37,3.05,3.2,48,49.5
2020,15,2020-12-20,NYJ,LA,20,23,-16.5,-17.0,1.06,1.05,10,12,44.5,44.5
2020,15,2020-12-20,TB,ATL,27,31,4.0,6.0,2.85,3.2,1.44,1.37,51.5,49.5
2020,15,2020-12-20,JAX,BAL,40,14,-13.0,-12.5,1.0900000000000001,1.1100000000000001,8,7,46,49
2020,15,2020-12-20,SF,DAL,41,33,2.0,4.0,2.0499999999999998,2.7,1.8,1.5,45.5,45.5
2020,15,2020-12-20,HOU,IND,27,20,-7.0,-7.5,1.3,1.26,3.65,4,52.5,52.5
2020,15,2020-12-20,NE,MIA,22,12,-3.0,1.0,1.74,2.0499999999999998,2.15,1.8,42.5,40
2020,15,2020-12-20,CHI,MIN,27,33,-3.0,-3.0,1.54,1.66,2.65,2.2999999999999998,46,47
2020,15,2020-12-20,DET,TEN,46,25,-10.5,-8.5,1.1599999999999999,1.25,5.5,4.2,51.5,54
2020,15,2020-12-20,SEA,WAS,15,20,5.0,6.0,3,3.2,1.41,1.37,43.5,44
2020,15,2020-12-21,PIT,CIN,27,17,13.0,14.5,8,8,1.0900000000000001,1.0900000000000001,41,40.5
2020,16,2020-12-25,MIN,NO,52,33,-7.0,-6.5,1.31,1.32,3.6,3.45,52,49.5
2020,16,2020-12-26,MIA,LV,25,26,2.0,2.5,2.2000000000000002,2.2000000000000002,1.71,1.71,47.5,50
2020,16,2020-12-26,SF,ARI,12,20,-4.0,-6.0,1.47,1.35,2.75,3.3,50,49
2020,16,2020-12-26,TB,DET,7,47,7.0,12.0,3.8,5.75,1.27,1.1499999999999999,54,55
2020,16,2020-12-27,TEN,GB,40,14,-4.0,-3.0,1.5,1.55,2.7,2.6,56,52.5
2020,16,2020-12-27,PHI,DAL,37,17,1.0,3.0,2,2.5,1.83,1.58,49.5,50.5
2020,16,2020-12-27,DEN,LAC,19,16,-3.0,-2.0,1.55,1.8,2.6,2.0499999999999998,50.5,47.5
2020,16,2020-12-27,LA,SEA,20,9,-2.5,-1.5,1.74,1.8,2.15,2.0499999999999998,47,48
2020,16,2020-12-27,NYG,BAL,27,13,-12.5,-9.5,1.1599999999999999,1.22,5.5,4.5,45,43.5
2020,16,2020-12-27,CIN,HOU,31,37,-9.0,-7.5,1.23,1.28,4.25,3.75,45,46
2020,16,2020-12-27,CHI,JAX,17,41,7.5,9.5,3.7,4.75,1.29,1.2,46.5,47
2020,16,2020-12-27,ATL,KC,17,14,-11.0,-11.0,1.22,1.18,4.5,5.25,53.5,54
2020,16,2020-12-27,CLE,NYJ,23,16,9.5,6.5,4.75,3.4,1.2,1.33,44,45
2020,16,2020-12-27,IND,PIT,28,24,-2.5,1.0,1.71,1.95,2.2000000000000002,1.86,45.5,42.5
2020,16,2020-12-27,CAR,WAS,13,20,-2.0,1.0,1.76,2,2.1,1.83,45,42
2020,16,2020-12-28,BUF,NE,9,38,6.5,7.0,3.4,3.9,1.33,1.27,45,47
2020,17,2021-01-03,WAS,PHI,14,20,-1.0,6.5,1.86,3.3,1.95,1.35,42.5,43.5
2020,17,2021-01-03,GB,CHI,16,35,4.0,4.5,3.2,2.8,1.37,1.45,50,48.5
2020,17,2021-01-03,LV,DEN,31,32,-1.0,2.5,1.9,2.25,1.9,1.68,51,50.5
2020,17,2021-01-03,LAC,KC,21,38,3.5,6.5,2.65,3.4,1.54,1.33,44,43
2020,17,2021-01-03,ARI,LA,18,7,-1.0,-1.0,1.83,1.83,2,2,39.5,42
2020,17,2021-01-03,SEA,SF,23,26,4.0,7.0,2.7,3.8,1.5,1.27,47.5,45
2020,17,2021-01-03,MIA,BUF,56,26,-3.5,3.0,1.57,2.4500000000000002,2.5499999999999998,1.6,47.5,42.5
2020,17,2021-01-03,NO,CAR,7,33,5.5,6.0,3.3,3.15,1.35,1.38,51,46.5
2020,17,2021-01-03,BAL,CIN,3,38,11.5,13.5,6,7.5,1.1399999999999999,1.1000000000000001,44,45
2020,17,2021-01-03,PIT,CLE,24,22,-7.0,-10.5,1.33,1.2,3.4,4.75,41,44.5
2020,17,2021-01-03,MIN,DET,35,37,6.5,3.0,3.25,2.5499999999999998,1.36,1.57,54.5,53.5
2020,17,2021-01-03,TEN,HOU,38,41,7.0,7.0,4.0999999999999996,3.7,1.25,1.29,56,55.5
2020,17,2021-01-03,JAX,IND,28,14,-13.5,-15.5,1.0900000000000001,1.07,8,9,49,48
2020,17,2021-01-03,NYJ,NE,28,14,-3.0,-3.0,1.57,1.6,2.5499999999999998,2.4500000000000002,41,41
2020,17,2021-01-03,DAL,NYG,23,19,2.5,1.5,2.25,2.0499999999999998,1.68,1.8,47,43.5
2020,17,2021-01-03,ATL,TB,44,27,-6.0,-7.0,1.33,1.29,3.4,3.7,50,51
2020,2,2020-09-17,CIN,CLE,35,30,-6.0,-6.0,1.35,1.38,3.3,3.15,45,43
2020,2,2020-09-20,NE,SEA,35,30,-4.0,-4.0,1.5,1.5,2.7,2.7,44,44.5
2020,2,2020-09-20,BAL,HOU,16,33,6.5,7.0,3.4,3.7,1.33,1.29,53,49
2020,2,2020-09-20,KC,LAC,20,23,8.5,8.5,3.9,4.2,1.27,1.25,50.5,47.5
2020,2,2020-09-20,WAS,ARI,30,15,-7.0,-7.0,1.33,1.32,3.4,3.5,45,46.5
2020,2,2020-09-20,NYG,CHI,17,13,-5.5,-5.5,1.4,1.4,3.05,3.05,43,42
2020,2,2020-09-20,ATL,DAL,40,39,-5.0,-3.5,1.43,1.54,2.9,2.65,52,53.5
2020,2,2020-09-20,DET,GB,42,21,-5.5,-6.0,1.41,1.37,3,3.2,47.5,50
2020,2,2020-09-20,MIN,IND,28,11,-3.0,-3.0,1.64,1.58,2.35,2.5,47.5,49
2020,2,2020-09-20,BUF,MIA,28,31,5.0,5.5,2.85,3,1.44,1.41,42,42
2020,2,2020-09-20,SF,NYJ,13,31,7.0,7.0,3.55,3.6,1.31,1.31,43.5,41.5
2020,2,2020-09-20,LA,PHI,19,37,-1.0,-1.5,1.9,1.8,1.9,2.0499999999999998,46,45.5
2020,2,2020-09-20,DEN,PIT,26,21,-5.5,-6.5,1.33,1.32,3.4,3.45,43,40.5
2020,2,2020-09-20,CAR,TB,31,17,-8.5,-8.0,1.27,1.27,3.9,3.9,48.5,47
2020,2,2020-09-20,JAX,TEN,33,30,-11.0,-7.5,1.1599999999999999,1.27,5.5,3.8,43,44
2020,2,2020-09-21,NO,LV,34,24,5.5,5.5,3.05,2.95,1.4,1.42,51.5,48.5
2020,3,2020-09-24,MIA,JAX,13,31,-3.0,-3.0,1.64,1.64,2.35,2.35,45,48
2020,3,2020-09-27,GB,NO,30,37,-4.0,-3.0,1.6,1.6,2.4500000000000002,2.4500000000000002,51.5,53
2020,3,2020-09-27,DET,ARI,23,26,-6.0,-5.5,1.38,1.4,3.15,3.1,53,55.5
2020,3,2020-09-27,TB,DEN,10,28,6.0,6.0,3.25,3.15,1.36,1.38,43.5,42.5
2020,3,2020-09-27,DAL,SEA,38,31,-4.5,-5.0,1.44,1.44,2.85,2.85,56,56.5
2020,3,2020-09-27,NYJ,IND,36,7,-9.5,-11.5,1.19,1.1599999999999999,5,5.5,44,44
2020,3,2020-09-27,CAR,LAC,16,21,-7.5,-6.5,1.3,1.35,3.65,3.3,44,43.5
2020,3,2020-09-27,CHI,ATL,26,30,-3.0,-3.0,1.52,1.64,2.67,2.35,47,47
2020,3,2020-09-27,LA,BUF,35,32,-2.5,-2.0,1.68,1.76,2.25,2.1,46.5,47
2020,3,2020-09-27,WAS,CLE,34,20,-6.5,-7.0,1.3,1.31,3.65,3.6,44.5,44.5
2020,3,2020-09-27,TEN,MIN,30,31,1.5,2.5,2.2000000000000002,2.2000000000000002,1.71,1.71,45.5,50
2020,3,2020-09-27,LV,NE,36,20,-6.0,-6.5,1.34,1.37,3.35,3.2,47.5,47
2020,3,2020-09-27,SF,NYG,9,36,4.0,3.0,2.8,2.5,1.45,1.58,42.5,43
2020,3,2020-09-27,CIN,PHI,23,23,-6.5,-4.5,1.34,1.5,3.35,2.7,46,47.5
2020,3,2020-09-27,HOU,PIT,28,21,-5.0,-4.0,1.52,1.47,2.67,2.75,45,46
2020,3,2020-09-28,KC,BAL,20,34,-3.0,-3.0,1.54,1.58,2.65,2.5,52.5,54
2020,4,2020-10-01,DEN,NYJ,28,37,2.5,-1.5,2.2999999999999998,1.8,1.66,2.0499999999999998,40,41
2020,4,2020-10-04,PHI,SF,20,25,-6.0,-7.5,1.37,1.28,3.2,3.75,43,45
2020,4,2020-10-04,BUF,LV,23,30,2.5,3.0,2.25,2.5499999999999998,1.68,1.57,49.5,53
2020,4,2020-10-04,NYG,LA,17,9,-12.0,-13.0,1.1599999999999999,1.1100000000000001,5.5,7,48,48.5
2020,4,2020-10-04,ARI,CAR,31,21,3.5,3.0,2.7,2.4,1.5,1.62,51.5,51.5
2020,4,2020-10-04,IND,CHI,11,19,3.0,3.0,2.35,2.2999999999999998,1.64,1.66,44,43
2020,4,2020-10-04,JAX,CIN,33,25,-3.0,-2.5,1.57,1.74,2.5499999999999998,2.15,45,49
2020,4,2020-10-04,CLE,DAL,38,49,-5.0,-3.5,1.42,1.54,2.95,2.65,55.5,56
2020,4,2020-10-04,NO,DET,29,35,4.0,3.0,2.8,2.4500000000000002,1.45,1.6,54,54.5
2020,4,2020-10-04,MIN,HOU,23,31,-4.0,-3.5,1.5,1.54,2.7,2.65,52,53.5
2020,4,2020-10-04,SEA,MIA,23,31,7.0,5.5,3.55,3,1.31,1.41,54.5,54.5
2020,4,2020-10-04,LAC,TB,38,31,-7.0,-7.0,1.29,1.29,3.7,3.7,45.5,42.5
2020,4,2020-10-04,BAL,WAS,17,31,13.0,14.0,6.75,8,1.1100000000000001,1.0900000000000001,47,45
2020,4,2020-10-05,ATL,GB,30,16,-7.5,-7.0,1.29,1.31,3.7,3.6,58,56.5
2020,4,2020-10-05,NE,KC,26,10,-7.0,-7.0,1.31,1.32,3.6,3.5,54,53
2020,5,2020-10-08,TB,CHI,20,19,5.0,3.5,2.95,2.65,1.42,1.54,44.5,44.5
2020,5,2020-10-11,MIN,SEA,27,26,-7.0,-6.5,1.3,1.31,3.65,3.6,58,56.5
2020,5,2020-10-11,IND,CLE,32,23,3.0,-1.0,2.2000000000000002,1.9,1.71,1.9,47.5,48
2020,5,2020-10-11,NYG,DAL,37,34,-9.0,-8.0,1.23,1.25,4.25,4.2,54,53
2020,5,2020-10-11,MIA,SF,17,43,-9.0,-7.5,1.25,1.26,4.2,4,52,51
2020,5,2020-10-11,CAR,ATL,16,23,-2.5,-2.5,1.74,1.71,2.15,2.2000000000000002,53.5,54
2020,5,2020-10-11,CIN,BAL,27,3,-13.5,-11.0,1.1100000000000001,1.1299999999999999,7,6.25,51,50.5
2020,5,2020-10-11,JAX,HOU,30,14,-6.0,-5.5,1.35,1.4,3.3,3.05,54,54.5
2020,5,2020-10-11,LV,KC,32,40,-12.5,-10.5,1.1399999999999999,1.1599999999999999,6,5.5,56,54.5
2020,5,2020-10-11,ARI,NYJ,10,30,6.5,7.0,3.4,3.7,1.33,1.29,47.5,47.5
2020,5,2020-10-11,PHI,PIT,38,29,-7.0,-7.0,1.29,1.28,3.7,3.75,45,43.5
2020,5,2020-10-11,LA,WAS,10,30,9.0,7.0,4.2,3.9,1.25,1.27,46,46
2020,5,2020-10-12,LAC,NO,30,27,-7.5,-7.0,1.27,1.3,3.8,3.65,52,49.5
2020,5,2020-10-13,BUF,TEN,42,16,3.5,3.5,2.6,2.6,1.55,1.55,53,53
2020,6,2020-10-18,LA,SF,24,16,3.0,2.5,2.4,2.2999999999999998,1.62,1.66,49.5,51.5
2020,6,2020-10-18,GB,TB,38,10,1.5,1.0,2.0499999999999998,2,1.8,1.83,51.5,55
2020,6,2020-10-18,NYJ,MIA,24,0,-8.0,-9.0,1.27,1.25,3.9,4.2,47.5,47
2020,6,2020-10-18,CHI,CAR,16,23,-2.5,-1.5,1.66,1.83,2.2999999999999998,2,44,44.5
2020,6,2020-10-18,CIN,IND,31,27,-9.5,-7.5,1.25,1.27,4.0999999999999996,3.9,46,45.5
2020,6,2020-10-18,DET,JAX,16,34,3.0,3.0,2.5499999999999998,2.4,1.57,1.62,53,54.5
2020,6,2020-10-18,ATL,MIN,23,40,-3.5,-4.0,1.52,1.5,2.67,2.7,56,54
2020,6,2020-10-18,DEN,NE,12,18,-9.5,-8.0,1.22,1.25,4.5,4.0999999999999996,44.5,45
2020,6,2020-10-18,WAS,NYG,20,19,-3.5,-2.5,1.52,1.68,2.67,2.25,44.5,43
2020,6,2020-10-18,BAL,PHI,28,30,7.0,10.0,3.9,4.5,1.27,1.22,47.5,46.5
2020,6,2020-10-18,CLE,PIT,38,7,-4.0,-3.0,1.45,1.55,2.8,2.6,50,51
2020,6,2020-10-18,HOU,TEN,42,36,-3.5,-3.5,1.54,1.5,2.65,2.7,53.5,53.5
2020,6,2020-10-19,ARI,DAL,10,38,2.5,1.0,2.2000000000000002,1.86,1.71,1.95,53,55
2020,6,2020-10-19,KC,BUF,17,26,4.5,5.0,2.7,2.95,1.5,1.42,57.5,57.5
2020,7,2020-10-22,NYG,PHI,22,21,-3.5,-4.5,1.4,1.44,3.1,2.85,44,45
2020,7,2020-10-25,TB,LV,20,45,2.5,3.5,2.35,2.65,1.64,1.54,53.5,52
2020,7,2020-10-25,JAX,LAC,39,29,-7.0,-7.5,1.25,1.26,4.0999999999999996,4,49.5,48.5
2020,7,2020-10-25,KC,DEN,16,43,9.5,7.0,4.5,3.7,1.22,1.29,48,46
2020,7,2020-10-25,SF,NE,6,33,-2.5,-3.0,1.71,1.6,2.2000000000000002,2.4500000000000002,45.5,44.5
2020,7,2020-10-25,SEA,ARI,37,34,3.5,3.5,2.5499999999999998,2.5499999999999998,1.57,1.57,56.5,56
2020,7,2020-10-25,DET,ATL,22,23,-3.0,-2.0,1.62,1.8,2.4,2.0499999999999998,57,55
2020,7,2020-10-25,CLE,CIN,34,37,3.0,3.0,2.6,2.5499999999999998,1.55,1.57,51,51
2020,7,2020-10-25,GB,HOU,20,35,3.5,3.0,2.5,2.5499999999999998,1.58,1.57,56.5,57
2020,7,2020-10-25,CAR,NO,27,24,-7.5,-6.5,1.29,1.33,3.7,3.4,51,50
2020,7,2020-10-25,PIT,TEN,24,27,2.0,-1.0,2.1,1.8,1.76,2.0499999999999998,52,51
2020,7,2020-10-25,BUF,NYJ,10,18,13.0,10.0,5.75,5.25,1.1499999999999999,1.18,45.5,46
2020,7,2020-10-25,DAL,WAS,25,3,1.0,-1.0,1.9,1.83,1.9,2,46,45
2020,7,2020-10-26,CHI,LA,24,10,-5.5,-6.0,1.38,1.38,3.15,3.15,46,45
2020,8,2020-10-29,ATL,CAR,17,25,-3.0,-2.0,1.64,1.74,2.35,2.15,51.5,51
2020,8,2020-11-01,DAL,PHI,23,9,-9.0,-11.5,1.26,1.19,4,5,43.5,42.5
2020,8,2020-11-01,NO,CHI,23,26,4.0,4.0,2.75,2.8,1.47,1.45,44,43
2020,8,2020-11-01,SF,SEA,37,27,-3.0,-3.0,1.58,1.64,2.5,2.35,54,53.5
2020,8,2020-11-01,LAC,DEN,31,30,1.0,3.5,2.0499999999999998,2.6,1.8,1.55,44.5,44.5
2020,8,2020-11-01,PIT,BAL,24,28,-5.5,-4.0,1.42,1.5,2.95,2.7,49,46
2020,8,2020-11-01,NE,BUF,24,21,-4.0,-4.5,1.45,1.45,2.8,2.8,44.5,40.5
2020,8,2020-11-01,TEN,CIN,31,20,4.5,7.0,2.9,3.7,1.43,1.29,55,50.5
2020,8,2020-11-01,LV,CLE,6,16,-3.0,-1.5,1.58,1.8,2.5,2.0499999999999998,55.5,48
2020,8,2020-11-01,IND,DET,21,41,2.5,3.0,2.2999999999999998,2.2999999999999998,1.66,1.66,51,49.5
2020,8,2020-11-01,MIN,GB,22,28,-7.0,-6.5,1.32,1.35,3.45,3.3,55,50
2020,8,2020-11-01,NYJ,KC,35,9,-20.5,-19.5,1.04,1.04,13,13.5,48,49
2020,8,2020-11-01,LA,MIA,28,17,3.5,3.5,2.75,2.5499999999999998,1.47,1.57,46,45.5
2020,8,2020-11-02,TB,NYG,23,25,10.0,12.5,4.75,6,1.2,1.1399999999999999,47.5,45
2020,9,2020-11-05,GB,SF,17,34,5.5,7.5,3.05,3.9,1.4,1.27,50,48.5
2020,9,2020-11-08,NO,TB,3,38,-5.5,-4.0,1.41,1.45,3,2.8,51.5,50.5
2020,9,2020-11-08,MIA,ARI,31,34,-5.0,-5.5,1.47,1.41,2.75,3,48,49
2020,9,2020-11-08,PIT,DAL,19,24,13.5,14.0,6.5,8,1.1200000000000001,1.0900000000000001,42,44
2020,9,2020-11-08,LV,LAC,26,31,-1.5,1.0,1.83,1.9,2,1.9,54,52.5
2020,9,2020-11-08,DEN,ATL,34,27,-4.0,-4.0,1.5,1.5,2.7,2.7,50,49
2020,9,2020-11-08,SEA,BUF,44,34,2.5,3.0,2.2999999999999998,2.35,1.66,1.64,54,55
2020,9,2020-11-08,BAL,IND,10,24,2.5,1.0,2.2000000000000002,2,1.71,1.83,45.5,48
2020,9,2020-11-08,HOU,JAX,25,27,6.5,6.5,3.45,3.5,1.32,1.32,51.5,49.5
2020,9,2020-11-08,CAR,KC,33,31,-10.5,-10.0,1.18,1.2,5.25,4.75,52.5,51.5
2020,9,2020-11-08,DET,MIN,34,20,-4.0,-4.0,1.5,1.5,2.7,2.7,53.5,52
2020,9,2020-11-08,CHI,TEN,24,17,-5.5,-6.5,1.4,1.34,3.05,3.35,46.5,47
2020,9,2020-11-08,NYG,WAS,20,23,-3.0,-2.5,1.6,1.66,2.4500000000000002,2.2999999999999998,41.5,43
2020,9,2020-11-09,NE,NYJ,27,30,7.0,9.5,3.7,4.5,1.29,1.22,41,41.5
2021,1,2021-09-09,DAL,TB,31,29,-6.5,-7.5,1.37,1.28,3.2,3.75,51.5,51.5
2021,1,2021-09-12,CHI,LA,34,14,-7.0,-7.5,1.28,1.29,3.75,3.7,45,44.5
2021,1,2021-09-12,CLE,KC,33,29,-6.0,-6.0,1.38,1.37,3.15,3.2,52.5,53
2021,1,2021-09-12,MIA,NE,16,17,-2.5,-2.5,1.74,1.68,2.15,2.25,45,44.5
2021,1,2021-09-12,GB,NO,38,3,4.0,4.0,2.7,2.7,1.5,1.5,49.5,49.5
2021,1,2021-09-12,DEN,NYG,13,27,1.0,2.5,1.95,2.2999999999999998,1.86,1.66,42.5,42.5
2021,1,2021-09-12,PHI,ATL,6,32,-3.5,-3.5,1.5,1.55,2.7,2.6,47.5,48
2021,1,2021-09-12,PIT,BUF,16,23,-6.0,-6.5,1.36,1.35,3.25,3.3,50.5,48.5
2021,1,2021-09-12,NYJ,CAR,19,14,-4.0,-5.0,1.47,1.42,2.75,2.95,43,44.5
2021,1,2021-09-12,MIN,CIN,27,24,3.0,3.0,2.35,2.5,1.64,1.58,48,48
2021,1,2021-09-12,SF,DET,33,41,7.5,7.5,4.25,3.9,1.23,1.27,46,46
2021,1,2021-09-12,JAX,HOU,37,21,2.5,3.0,2.25,2.25,1.68,1.68,45.5,44.5
2021,1,2021-09-12,SEA,IND,16,28,-3.0,2.5,1.68,2.2999999999999998,2.25,1.66,52,48.5
2021,1,2021-09-12,ARI,TEN,13,38,-3.0,-3.0,1.71,1.64,2.2000000000000002,2.35,51,51.5
2021,1,2021-09-12,LAC,WAS,16,20,1.0,1.0,2.0499999999999998,2,1.8,1.83,44.5,44.5
2021,1,2021-09-13,BAL,LV,33,27,4.5,4.5,2.95,2.8,1.42,1.45,51,51
2021,10,2021-11-11,BAL,MIA,22,10,7.5,8.5,3.75,4.2,1.28,1.25,47.5,47
2021,10,2021-11-14,KC,LV,14,41,2.5,2.5,2.2000000000000002,2.2999999999999998,1.71,1.66,51.5,54
2021,10,2021-11-14,PHI,DEN,13,30,-2.5,-1.0,1.74,1.9,2.15,1.9,45,44.5
2021,10,2021-11-14,SEA,GB,17,0,-5.5,-3.0,1.4,1.55,3.05,2.6,49.5,49
2021,10,2021-11-14,CAR,ARI,10,34,-10.0,-7.0,1.2,1.3,4.75,3.65,44.5,41.5
2021,10,2021-11-14,MIN,LAC,20,27,-2.5,-3.0,1.71,1.57,2.2000000000000002,2.5499999999999998,52,53.5
2021,10,2021-11-14,ATL,DAL,43,3,-9.0,-7.5,1.23,1.26,4.25,4,52,55
2021,10,2021-11-14,JAX,IND,23,17,-10.5,-10.5,1.2,1.2,4.75,4.75,48,48
2021,10,2021-11-14,CLE,NE,45,7,-2.5,-2.5,1.74,1.71,2.15,2.2000000000000002,44.5,45
2021,10,2021-11-14,BUF,NYJ,17,45,13.0,13.5,6,6.5,1.1399999999999999,1.1200000000000001,48,48.5
2021,10,2021-11-14,DET,PIT,16,16,-9.0,-6.0,1.22,1.4,4.5,3.1,43.5,40.5
2021,10,2021-11-14,NO,TEN,23,21,-2.5,-3.0,1.71,1.64,2.2000000000000002,2.35,44.5,42.5
2021,10,2021-11-14,TB,WAS,29,19,9.5,10.0,4.5,4.75,1.22,1.2,51.5,50.5
2021,10,2021-11-15,LA,SF,31,10,4.0,3.5,2.7,2.6,1.5,1.55,49.5,50
2021,11,2021-11-18,NE,ATL,0,25,5.5,7.0,3.05,3.8,1.4,1.27,46.5,47
2021,11,2021-11-21,PIT,LAC,41,37,-3.5,-6.0,1.54,1.4,2.65,3.05,47.5,47.5
2021,11,2021-11-21,DAL,KC,19,9,-2.0,-2.5,1.8,1.74,2.0499999999999998,2.15,54,56
2021,11,2021-11-21,ARI,SEA,13,23,2.0,-4.5,2.1,1.43,1.76,2.9,50,45
2021,11,2021-11-21,CIN,LV,13,32,1.0,2.0,1.95,2.1,1.86,1.76,49,50.5
2021,11,2021-11-21,IND,BUF,15,41,-7.0,-7.0,1.34,1.33,3.35,3.4,49.5,49.5
2021,11,2021-11-21,WAS,CAR,21,27,-3.0,-3.0,1.66,1.58,2.2999999999999998,2.5,43.5,43
2021,11,2021-11-21,BAL,CHI,13,16,6.0,1.0,3.2,2,1.37,1.83,45,40.5
2021,11,2021-11-21,DET,CLE,13,10,-10.5,-13.5,1.2,1.1399999999999999,4.75,6,46,42.5
2021,11,2021-11-21,SF,JAX,10,30,5.5,6.5,2.95,3.3,1.42,1.35,46.5,45.5
2021,11,2021-11-21,GB,MIN,34,31,2.5,1.0,2.25,2,1.68,1.83,49.5,47
2021,11,2021-11-21,MIA,NYJ,17,24,3.0,3.5,2.2999999999999998,2.65,1.66,1.54,45.5,44.5
2021,11,2021-11-21,NO,PHI,40,29,-1.5,-3.0,1.8,1.66,2.0499999999999998,2.2999999999999998,44,42
2021,11,2021-11-21,HOU,TEN,13,22,-10.0,-10.0,1.22,1.2,4.5,4.75,45.5,44.5
2021,11,2021-11-22,NYG,TB,30,10,-11.5,-11.5,1.1599999999999999,1.18,5.5,5.25,50.5,50
2021,12,2021-11-25,BUF,NO,6,31,4.5,7.0,2.8,3.4,1.45,1.33,46,45
2021,12,2021-11-25,LV,DAL,33,36,-7.5,-7.0,1.31,1.31,3.6,3.6,50.5,51
2021,12,2021-11-25,CHI,DET,14,16,3.5,2.0,2.5499999999999998,2.15,1.57,1.74,42,41.5
2021,12,2021-11-28,CLE,BAL,16,10,-4.5,-3.0,1.47,1.64,2.75,2.35,46.5,47.5
2021,12,2021-11-28,LA,GB,36,28,-2.0,2.0,1.8,2.1,2.0499999999999998,1.76,50,46.5
2021,12,2021-11-28,MIN,SF,34,26,-2.5,-4.0,1.71,1.5,2.2000000000000002,2.7,48.5,49
2021,12,2021-11-28,LAC,DEN,28,13,1.5,3.0,2.0499999999999998,2.2999999999999998,1.8,1.66,49,47
2021,12,2021-11-28,PIT,CIN,41,10,-4.5,-3.5,1.47,1.55,2.75,2.6,45.5,43.5
2021,12,2021-11-28,NYJ,HOU,14,21,-3.0,-3.0,1.62,1.66,2.4,2.2999999999999998,44,44.5
2021,12,2021-11-28,TB,IND,31,38,2.5,3.0,2.2000000000000002,2.2999999999999998,1.71,1.66,51,53
2021,12,2021-11-28,ATL,JAX,14,21,1.0,1.5,1.95,2.0499999999999998,1.86,1.8,47.5,46
2021,12,2021-11-28,CAR,MIA,33,10,-1.0,1.0,1.9,2,1.9,1.83,42.5,41
2021,12,2021-11-28,TEN,NE,36,13,-6.0,-7.0,1.4,1.33,3.1,3.4,44.5,43
2021,12,2021-11-28,PHI,NYG,13,7,3.5,4.0,2.5499999999999998,2.7,1.57,1.5,46.5,45
2021,12,2021-11-29,SEA,WAS,17,15,2.5,1.5,2.15,2.1,1.74,1.76,46.5,46.5
2021,13,2021-12-02,DAL,NO,17,27,6.0,6.5,2.95,3.25,1.42,1.36,47.5,45.5
2021,13,2021-12-05,DEN,KC,22,9,-10.0,-8.5,1.22,1.23,4.5,4.25,49.5,46.5
2021,13,2021-12-05,JAX,LA,37,7,-13.0,-14.0,1.1399999999999999,1.1200000000000001,6,6.5,48,48
2021,13,2021-12-05,BAL,PIT,20,19,3.0,4.0,2.4,2.7,1.62,1.5,44.5,44
2021,13,2021-12-05,SF,SEA,30,23,2.5,3.0,2.25,2.2999999999999998,1.68,1.66,46.5,45
2021,13,2021-12-05,WAS,LV,15,17,-2.5,-1.5,1.74,1.76,2.15,2.1,48.5,47.5
2021,13,2021-12-05,TB,ATL,17,30,10.0,10.5,4.75,4.75,1.2,1.2,51,51
2021,13,2021-12-05,ARI,CHI,22,33,7.0,7.5,3.65,3.8,1.3,1.27,46.5,43
2021,13,2021-12-05,LAC,CIN,22,41,-2.5,-2.5,1.71,1.71,2.2000000000000002,2.2000000000000002,50.5,49.5
2021,13,2021-12-05,MIN,DET,29,27,7.0,7.0,3.55,3.6,1.31,1.31,47.5,47
2021,13,2021-12-05,IND,HOU,0,31,7.5,10.0,4,4.5,1.26,1.22,46,45.5
2021,13,2021-12-05,NYG,MIA,20,9,-2.5,-7.0,1.68,1.34,2.25,3.35,42.5,40
2021,13,2021-12-05,PHI,NYJ,18,33,7.0,5.0,3.6,2.8,1.31,1.45,45,44
2021,13,2021-12-06,NE,BUF,10,14,-3.0,-3.0,1.62,1.66,2.4,2.2999999999999998,45,39.5
2021,14,2021-12-09,PIT,MIN,36,28,-3.5,-3.5,1.55,1.57,2.6,2.5499999999999998,45,45
2021,14,2021-12-12,CHI,GB,45,30,-13.0,-12.0,1.1299999999999999,1.1399999999999999,6.25,6,45,43
2021,14,2021-12-12,SF,CIN,23,26,-1.0,1.5,1.86,2.15,1.95,1.74,47.5,49
2021,14,2021-12-12,BUF,TB,33,27,-3.5,-3.5,1.58,1.57,2.5,2.5499999999999998,53,52.5
2021,14,2021-12-12,DET,DEN,38,10,-8.0,-12.5,1.26,1.1499999999999999,4,5.75,43.5,42
2021,14,2021-12-12,NYG,LAC,37,21,-10.5,-9.0,1.18,1.23,5.25,4.25,46,43.5
2021,14,2021-12-12,ATL,CAR,21,29,-3.0,-2.5,1.66,1.68,2.2999999999999998,2.25,43.5,41.5
2021,14,2021-12-12,BAL,CLE,24,22,-1.0,-3.0,1.83,1.64,2,2.35,43.5,44
2021,14,2021-12-12,SEA,HOU,13,33,7.5,9.5,3.9,4.5,1.27,1.22,43.5,41
2021,14,2021-12-12,LV,KC,48,9,-9.0,-9.5,1.22,1.22,4.5,4.5,52,48
2021,14,2021-12-12,NO,NYJ,9,30,6.0,4.5,3.15,2.75,1.38,1.47,44,42
2021,14,2021-12-12,JAX,TEN,20,0,-11.0,-8.5,1.18,1.22,5.25,4.5,43.5,44.5
2021,14,2021-12-12,DAL,WAS,20,27,4.5,6.5,2.75,3.3,1.47,1.35,49,48
2021,14,2021-12-13,LA,ARI,23,30,-3.0,-3.0,1.66,1.6,2.2999999999999998,2.4500000000000002,52,51
2021,15,2021-12-16,KC,LAC,28,34,3.5,3.0,2.5,2.5,1.58,1.58,50,54
2021,15,2021-12-18,NE,IND,27,17,-1.0,-1.5,1.83,1.8,2,2.0499999999999998,44,46
2021,15,2021-12-19,NO,TB,0,9,-11.5,-11.5,1.19,1.1599999999999999,5,5.5,46.5,45.5
2021,15,2021-12-19,GB,BAL,30,31,6.5,9.0,3.3,4.2,1.35,1.25,43,45.5
2021,15,2021-12-19,CIN,DEN,10,15,-1.5,-3.0,1.83,1.64,2,2.35,43.5,44
2021,15,2021-12-19,ATL,SF,31,13,-8.0,-9.0,1.25,1.25,4.0999999999999996,4.0999999999999996,45,47.5
2021,15,2021-12-19,CAR,BUF,31,14,-11.5,-14.5,1.1599999999999999,1.1100000000000001,5.5,6.75,44.5,43
2021,15,2021-12-19,ARI,DET,30,12,13.5,13.0,7,6,1.1100000000000001,1.1399999999999999,47.5,48.5
2021,15,2021-12-19,HOU,JAX,16,30,-3.0,-6.0,1.62,1.37,2.4,3.2,41,40
2021,15,2021-12-19,NYJ,MIA,31,24,-8.5,-10.0,1.25,1.22,4.0999999999999996,4.5,43,42
2021,15,2021-12-19,DAL,NYG,6,21,10.5,12.0,5,5.25,1.19,1.18,45,43.5
2021,15,2021-12-19,TEN,PIT,19,13,2.5,-1.0,2.15,1.8,1.74,2.0499999999999998,41.5,44
2021,15,2021-12-20,MIN,CHI,9,17,4.0,7.0,2.7,3.5,1.5,1.32,43,47
2021,15,2021-12-20,LV,CLE,14,16,-6.5,1.0,1.37,2,3.2,1.83,43.5,40.5
2021,15,2021-12-21,SEA,LA,20,10,-7.0,-7.0,1.3,1.27,3.65,3.8,47,47
2021,15,2021-12-21,WAS,PHI,27,17,-4.0,-10.0,1.5,1.2,2.7,4.75,43.5,39.5
2021,16,2021-12-23,SF,TEN,20,17,3.0,3.5,2.5,2.5,1.58,1.58,44.5,45.5
2021,16,2021-12-25,IND,ARI,16,22,-1.0,-3.0,1.8,1.6,2.0499999999999998,2.4500000000000002,48.5,48
2021,16,2021-12-25,CLE,GB,24,22,-9.0,-7.5,1.29,1.23,3.7,4.25,45.5,46.5
2021,16,2021-12-26,WAS,DAL,56,14,-11.0,-10.0,1.2,1.2,4.75,4.75,47.5,46
2021,16,2021-12-26,PIT,KC,36,10,-10.5,-10.0,1.22,1.22,4.5,4.5,46.5,44.5
2021,16,2021-12-26,DEN,LV,17,13,-1.0,1.0,1.9,1.9,1.9,1.9,42.5,41.5
2021,16,2021-12-26,CHI,SEA,24,25,-7.5,-7.0,1.32,1.31,3.5,3.6,44,41
2021,16,2021-12-26,DET,ATL,20,16,-4.5,-7.5,1.47,1.26,2.75,4,44,42.5
2021,16,2021-12-26,TB,CAR,6,32,13.0,11.0,6,5,1.1399999999999999,1.19,48,44.5
2021,16,2021-12-26,BAL,CIN,41,21,-2.5,-7.5,1.71,1.27,2.2000000000000002,3.9,43.5,43.5
2021,16,2021-12-26,LAC,HOU,41,29,10.5,13.0,5,6,1.19,1.1399999999999999,47.5,45.5
2021,16,2021-12-26,LA,MIN,23,30,3.0,3.0,2.4,2.5499999999999998,1.62,1.57,49.5,48.5
2021,16,2021-12-26,BUF,NE,21,33,-1.5,-1.0,1.8,1.9,2.0499999999999998,1.9,44.5,43.5
2021,16,2021-12-26,JAX,NYJ,26,21,-2.0,-2.5,1.76,1.74,2.1,2.15,41.5,43
2021,16,2021-12-26,NYG,PHI,34,10,-11.0,-11.0,1.2,1.18,4.75,5.25,42.5,41
2021,16,2021-12-27,MIA,NO,3,20,-3.0,3.0,1.62,2.5,2.4,1.58,40.5,37.5
2021,17,2022-01-02,MIN,GB,37,10,-7.0,-13.0,1.34,1.1299999999999999,3.35,6.25,48,42.5
2021,17,2022-01-02,LA,BAL,19,20,3.0,7.0,2.4,3.6,1.62,1.31,45.5,46.5
2021,17,2022-01-02,ARI,DAL,22,25,-5.0,-6.5,1.43,1.37,2.9,3.2,50,52.5
2021,17,2022-01-02,DET,SEA,51,29,-8.0,-8.5,1.26,1.26,4,4,42.5,41.5
2021,17,2022-01-02,DEN,LAC,34,13,-6.0,-7.5,1.38,1.27,3.15,3.8,45.5,46
2021,17,2022-01-02,HOU,SF,23,7,-15.5,-13.5,1.08,1.1299999999999999,8.5,6.25,45,44.5
2021,17,2022-01-02,ATL,BUF,29,15,-14.0,-14.0,1.1100000000000001,1.0900000000000001,7,8,44,46
2021,17,2022-01-02,NYG,CHI,29,3,-6.0,-6.5,1.37,1.34,3.2,3.35,38,36.5
2021,17,2022-01-02,KC,CIN,34,31,4.5,3.5,2.8,2.65,1.45,1.54,49,51
2021,17,2022-01-02,LV,IND,20,23,-8.5,-8.5,1.27,1.25,3.9,4.2,45.5,46.5
2021,17,2022-01-02,JAX,NE,50,10,-15.0,-17.5,1.0900000000000001,1.07,8,9,42.5,41.5
2021,17,2022-01-02,CAR,NO,18,10,-7.0,-7.0,1.34,1.33,3.35,3.4,38,37
2021,17,2022-01-02,TB,NYJ,24,28,13.0,14.0,6.5,6.75,1.1200000000000001,1.1100000000000001,46,47.5
2021,17,2022-01-02,MIA,TEN,34,3,-3.5,-3.0,1.55,1.58,2.6,2.5,41,41
2021,17,2022-01-02,PHI,WAS,16,20,3.0,6.0,2.4,3.15,1.62,1.38,45,44.5
2021,17,2022-01-03,CLE,PIT,26,14,3.0,-1.0,2.4,1.86,1.62,1.95,41,43.5
2021,18,2022-01-08,DAL,PHI,26,51,2.5,6.0,2.2000000000000002,3.25,1.71,1.36,41.5,46.5
2021,18,2022-01-08,KC,DEN,24,28,10.0,11.5,4.5,5.5,1.22,1.1599999999999999,44.5,44.5
2021,18,2022-01-09,LAC,LV,35,32,2.5,3.0,2.2999999999999998,2.5,1.66,1.58,48.5,49.5
2021,18,2022-01-09,SEA,ARI,30,38,-6.5,-5.0,1.35,1.43,3.3,2.9,48,48.5
2021,18,2022-01-09,SF,LA,24,27,-6.0,-3.5,1.4,1.58,3.1,2.5,44.5,46.5
2021,18,2022-01-09,NO,ATL,20,30,4.0,4.5,2.75,2.75,1.47,1.47,40,40
2021,18,2022-01-09,PIT,BAL,13,16,-5.0,-3.0,1.47,1.62,2.75,2.4,42,41
2021,18,2022-01-09,NYJ,BUF,27,10,-16.5,-16.0,1.07,1.07,9,9,45.5,42
2021,18,2022-01-09,CIN,CLE,21,16,-3.0,-6.5,1.66,1.37,2.2999999999999998,3.2,44,38
2021,18,2022-01-09,GB,DET,37,30,2.5,4.0,2.25,2.7,1.68,1.5,44.5,45
2021,18,2022-01-09,TEN,HOU,25,28,11.0,10.5,5,5.5,1.19,1.1599999999999999,43,43
2021,18,2022-01-09,IND,JAX,26,11,14.5,14.0,8,7.5,1.0900000000000001,1.1000000000000001,44,43
2021,18,2022-01-09,NE,MIA,33,24,5.5,6.0,3.05,3.2,1.4,1.37,40,41
2021,18,2022-01-09,CHI,MIN,31,17,-3.5,-3.5,1.54,1.54,2.65,2.65,44.5,44.5
2021,18,2022-01-09,WAS,NYG,7,22,6.5,6.0,3.45,3.15,1.32,1.38,39,36
2021,18,2022-01-09,CAR,TB,41,17,-10.0,-10.5,1.25,1.19,4.2,5,42.5,43.5
2021,2,2021-09-16,NYG,WAS,30,29,-3.5,-3.0,1.55,1.57,2.6,2.5499999999999998,41,41
2021,2,2021-09-19,KC,BAL,36,35,4.0,4.0,2.7,2.7,1.5,1.5,55.5,55.5
2021,2,2021-09-19,DAL,LAC,17,20,-3.0,-3.0,1.62,1.62,2.4,2.4,55,55
2021,2,2021-09-19,TEN,SEA,30,33,-5.5,-5.5,1.4,1.4,3.05,3.05,54,54
2021,2,2021-09-19,MIN,ARI,34,33,-4.0,-4.0,1.5,1.5,2.7,2.7,51,51
2021,2,2021-09-19,ATL,TB,48,25,-12.5,-12.5,1.1499999999999999,1.1399999999999999,5.75,6,52,52
2021,2,2021-09-19,NO,CAR,26,7,3.5,3.5,2.65,2.67,1.54,1.52,44.5,44
2021,2,2021-09-19,CIN,CHI,20,17,-3.0,-3.0,1.66,1.66,2.2999999999999998,2.2999999999999998,45,45
2021,2,2021-09-19,HOU,CLE,31,21,-12.5,-12.5,1.1499999999999999,1.1499999999999999,5.75,5.75,48,48
2021,2,2021-09-19,LA,IND,24,27,4.0,4.0,2.7,2.7,1.5,1.5,47.5,47.5
2021,2,2021-09-19,DEN,JAX,13,23,6.0,6.0,3.2,3.2,1.37,1.37,45.5,45.5
2021,2,2021-09-19,BUF,MIA,0,35,3.5,3.0,2.4,2.4,1.62,1.62,48,48
2021,2,2021-09-19,NE,NYJ,6,25,5.5,5.5,3,3.05,1.41,1.4,43,42.5
2021,2,2021-09-19,SF,PHI,11,17,3.5,3.5,2.6,2.6,1.55,1.55,50,50
2021,2,2021-09-19,LV,PIT,17,26,-6.0,-6.0,1.37,1.37,3.2,3.2,47.5,47.5
2021,2,2021-09-20,DET,GB,35,17,-10.5,-10.5,1.2,1.2,4.75,4.75,48,48
2021,3,2021-09-23,CAR,HOU,9,24,7.5,8.0,4,4.5,1.26,1.22,44,43
2021,3,2021-09-26,GB,SF,28,30,-3.5,-3.0,1.52,1.57,2.67,2.5499999999999998,47.5,50.5
2021,3,2021-09-26,TB,LA,34,24,-1.0,1.0,1.9,1.9,1.9,1.9,54.5,55
2021,3,2021-09-26,SEA,MIN,30,17,1.0,2.0,2,2.0499999999999998,1.83,1.8,55.5,54
2021,3,2021-09-26,NYJ,DEN,26,0,-10.5,-10.0,1.1499999999999999,1.1599999999999999,5.75,5.5,41,41.5
2021,3,2021-09-26,MIA,LV,31,28,-3.5,-3.5,1.52,1.52,2.67,2.67,45.5,45
2021,3,2021-09-26,WAS,BUF,43,21,-9.0,-7.0,1.25,1.28,4.0999999999999996,3.75,46,45.5
2021,3,2021-09-26,CHI,CLE,26,6,-7.5,-7.5,1.29,1.26,3.7,4,46.5,45
2021,3,2021-09-26,BAL,DET,17,19,9.5,7.5,4.5,4,1.22,1.26,49.5,51
2021,3,2021-09-26,ARI,JAX,19,31,7.5,8.0,3.8,4.0999999999999996,1.27,1.25,51.5,51.5
2021,3,2021-09-26,LAC,KC,24,30,-6.5,-7.0,1.33,1.33,3.4,3.4,55.5,55
2021,3,2021-09-26,NO,NE,13,28,-3.0,-3.0,1.66,1.66,2.2999999999999998,2.2999999999999998,43,43.5
2021,3,2021-09-26,ATL,NYG,14,17,-3.0,-2.5,1.6,1.68,2.4500000000000002,2.25,48.5,48
2021,3,2021-09-26,CIN,PIT,10,24,-4.5,-2.5,1.45,1.68,2.8,2.25,44,42.5
2021,3,2021-09-26,IND,TEN,25,16,-5.0,-5.0,1.4,1.45,3.1,2.8,48,47
2021,3,2021-09-27,PHI,DAL,41,21,-4.0,-3.5,1.5,1.55,2.7,2.6,51.5,51.5
2021,4,2021-09-30,JAX,CIN,24,21,-7.5,-7.5,1.29,1.28,3.7,3.75,45.5,46
2021,4,2021-10-03,TB,NE,17,19,5.5,6.5,3.1,3.3,1.4,1.35,49,49
2021,4,2021-10-03,BAL,DEN,7,23,-1.0,-1.0,1.8,1.83,2.0499999999999998,2,45,44
2021,4,2021-10-03,PIT,GB,27,17,-7.0,-6.0,1.31,1.35,3.6,3.3,46,45
2021,4,2021-10-03,ARI,LA,20,37,-6.0,-4.0,1.37,1.47,3.2,2.75,53.5,54
2021,4,2021-10-03,SEA,SF,21,28,-3.0,-2.5,1.62,1.71,2.4,2.2000000000000002,52,52
2021,4,2021-10-03,WAS,ATL,30,34,-1.0,2.0,1.86,2.1,1.95,1.76,48.5,47.5
2021,4,2021-10-03,HOU,BUF,40,0,-17.5,-19.0,1.07,1.05,9,11,48,47.5
2021,4,2021-10-03,DET,CHI,24,14,-3.5,-3.0,1.58,1.66,2.5,2.2999999999999998,44,41.5
2021,4,2021-10-03,CAR,DAL,36,28,-4.5,-4.5,1.47,1.47,2.75,2.75,50,51.5
2021,4,2021-10-03,IND,MIA,17,27,-1.5,-2.5,1.8,1.68,2.0499999999999998,2.25,43.5,41.5
2021,4,2021-10-03,CLE,MIN,7,14,1.0,1.0,2,1.9,1.83,1.9,52.5,52
2021,4,2021-10-03,NYG,NO,21,27,-8.5,-7.0,1.27,1.29,3.8,3.7,43.5,42.5
2021,4,2021-10-03,TEN,NYJ,27,24,7.5,6.0,3.8,3.15,1.27,1.38,46,44.5
2021,4,2021-10-03,KC,PHI,30,42,5.5,7.0,3.15,3.9,1.38,1.27,55,54
2021,4,2021-10-04,LV,LAC,28,14,-3.0,-3.0,1.55,1.58,2.6,2.5,52.5,51.5
2021,5,2021-10-07,LA,SEA,17,26,1.0,2.5,1.9,2.2000000000000002,1.9,1.71,53.5,53.5
2021,5,2021-10-10,BUF,KC,20,38,-3.0,-3.0,1.64,1.68,2.35,2.25,57,57
2021,5,2021-10-10,SF,ARI,17,10,-4.5,-6.0,1.44,1.35,2.85,3.3,53.5,48.5
2021,5,2021-10-10,NYG,DAL,44,20,-7.5,-7.0,1.29,1.29,3.7,3.7,49.5,52.5
2021,5,2021-10-10,CLE,LAC,47,42,1.0,-2.5,1.95,1.71,1.86,2.2000000000000002,49.5,47
2021,5,2021-10-10,CHI,LV,9,20,-4.5,-5.5,1.45,1.4,2.8,3.05,45.5,46
2021,5,2021-10-10,PHI,CAR,18,21,-4.5,-2.5,1.52,1.68,2.67,2.25,46,46
2021,5,2021-10-10,GB,CIN,22,25,3.0,2.0,2.5499999999999998,2.1,1.57,1.76,49.5,50
2021,5,2021-10-10,NE,HOU,22,25,9.5,8.0,4.75,4,1.2,1.26,39.5,39
2021,5,2021-10-10,TEN,JAX,19,37,3.5,4.5,2.67,2.75,1.52,1.47,48,49
2021,5,2021-10-10,DET,MIN,19,17,-8.0,-10.0,1.27,1.22,3.8,4.5,49,49.5
2021,5,2021-10-10,DEN,PIT,27,19,1.0,1.5,1.95,2.1,1.86,1.76,40.5,40
2021,5,2021-10-10,MIA,TB,45,17,-10.5,-11.0,1.1599999999999999,1.1599999999999999,5.5,5.5,49.5,48
2021,5,2021-10-10,NO,WAS,22,33,1.0,2.5,1.9,2.2000000000000002,1.9,1.71,44,43.5
2021,5,2021-10-10,NYJ,ATL,27,20,-3.5,-3.0,1.55,1.66,2.6,2.2999999999999998,44,45.5
2021,5,2021-10-11,IND,BAL,31,25,-7.0,-7.5,1.31,1.27,3.55,3.8,48,46.5
2021,6,2021-10-14,TB,PHI,22,28,6.5,7.0,3.45,3.45,1.32,1.32,53,53
2021,6,2021-10-17,SEA,PIT,23,20,-3.5,-5.5,1.5,1.43,2.7,2.9,43,43
2021,6,2021-10-17,LV,DEN,24,34,-3.0,-5.0,1.58,1.45,2.5,2.8,44.5,45
2021,6,2021-10-17,DAL,NE,29,35,3.0,3.5,2.6,2.65,1.55,1.54,48,50.5
2021,6,2021-10-17,ARI,CLE,14,37,-3.0,-3.0,1.62,1.68,2.4,2.25,54,48
2021,6,2021-10-17,LAC,BAL,34,6,-3.5,-3.0,1.57,1.62,2.5499999999999998,2.4,50,51
2021,6,2021-10-17,MIN,CAR,28,34,-1.5,2.5,1.83,2.15,2,1.74,47.5,45.5
2021,6,2021-10-17,GB,CHI,14,24,4.5,5.5,2.85,2.9,1.44,1.43,46,44
2021,6,2021-10-17,CIN,DET,11,34,3.5,3.5,2.6,2.7,1.55,1.5,48,46.5
2021,6,2021-10-17,HOU,IND,31,3,-10.0,-11.5,1.18,1.19,5.25,5,42.5,45
2021,6,2021-10-17,LA,NYG,11,38,10.5,7.5,5.25,3.8,1.18,1.27,47.5,49
2021,6,2021-10-17,KC,WAS,13,31,6.5,6.5,3.3,3.4,1.35,1.33,54.5,54
2021,6,2021-10-17,MIA,JAX,23,20,3.0,1.5,2.4,2.1,1.62,1.76,45,47.5
2021,6,2021-10-18,BUF,TEN,34,31,3.5,6.0,2.65,3.15,1.54,1.38,53.5,53.5
2021,7,2021-10-21,DEN,CLE,17,14,-5.0,-2.0,1.42,1.76,2.95,2.1,44,40
2021,7,2021-10-24,IND,SF,18,30,-4.0,-3.5,1.5,1.57,2.7,2.5499999999999998,44.5,41.5
2021,7,2021-10-24,HOU,ARI,31,5,-17.0,-20.0,1.07,1.05,9,12.25,48,47.5
2021,7,2021-10-24,CHI,TB,38,3,-13.0,-12.0,1.1399999999999999,1.1299999999999999,6,6.25,48,47
2021,7,2021-10-24,DET,LA,28,19,-16.0,-16.0,1.1000000000000001,1.07,7.5,9.5,50,51
2021,7,2021-10-24,PHI,LV,33,22,-3.0,-1.0,1.62,1.86,2.4,1.95,47.5,48
2021,7,2021-10-24,CIN,BAL,17,41,-6.5,-6.5,1.36,1.35,3.25,3.3,47.5,46
2021,7,2021-10-24,WAS,GB,24,10,-10.5,-8.5,1.22,1.23,4.5,4.25,49,48
2021,7,2021-10-24,ATL,MIA,28,30,-1.0,1.5,1.9,2.0499999999999998,1.9,1.8,48,47.5
2021,7,2021-10-24,NYJ,NE,54,13,-6.5,-7.0,1.33,1.3,3.4,3.65,43,42.5
2021,7,2021-10-24,CAR,NYG,25,3,2.5,3.0,2.2999999999999998,2.35,1.66,1.64,44,43
2021,7,2021-10-24,KC,TEN,27,3,4.0,4.0,2.7,2.7,1.5,1.5,56.5,58.5
2021,7,2021-10-25,NO,SEA,10,13,3.5,6.0,2.65,3.05,1.54,1.4,44,42
2021,8,2021-10-28,GB,ARI,21,24,-3.5,-6.5,1.54,1.35,2.65,3.3,53.5,51
2021,8,2021-10-31,DAL,MIN,16,20,1.0,-4.0,2.15,1.47,1.74,2.75,53,49
2021,8,2021-10-31,WAS,DEN,17,10,-3.5,-4.0,1.58,1.47,2.5,2.75,43.5,45
2021,8,2021-10-31,TB,NO,36,27,4.5,4.0,2.8,2.7,1.45,1.5,50.5,48
2021,8,2021-10-31,NE,LAC,24,27,-6.0,-3.5,1.4,1.52,3.1,2.67,48,50.5
2021,8,2021-10-31,JAX,SEA,31,7,-3.5,-4.0,1.54,1.5,2.65,2.7,44,44.5
2021,8,2021-10-31,CAR,ATL,13,19,-2.5,-2.5,1.68,1.76,2.25,2.1,47,47
2021,8,2021-10-31,MIA,BUF,26,11,-13.0,-15.0,1.1200000000000001,1.08,6.5,8.5,49.5,48.5
2021,8,2021-10-31,SF,CHI,22,33,4.0,4.5,2.7,2.8,1.5,1.45,43,40
2021,8,2021-10-31,PIT,CLE,10,15,-3.0,-5.5,1.62,1.44,2.4,2.85,43.5,43
2021,8,2021-10-31,PHI,DET,6,44,3.0,3.0,2.5499999999999998,2.4500000000000002,1.57,1.6,48.5,48
2021,8,2021-10-31,LA,HOU,22,38,14.5,16.5,7.5,9,1.1000000000000001,1.07,46,47
2021,8,2021-10-31,TEN,IND,31,34,-1.5,-3.0,1.8,1.64,2.0499999999999998,2.35,49.5,51
2021,8,2021-10-31,CIN,NYJ,34,31,8.5,11.5,4.5,5.25,1.22,1.18,44,43
2021,8,2021-11-01,NYG,KC,20,17,-10.0,-10.5,1.23,1.19,4.25,5,52.5,53
2021,9,2021-11-04,NYJ,IND,45,30,-10.5,-10.0,1.19,1.19,5,5,47,45.5
2021,9,2021-11-07,TEN,LA,16,28,-6.0,-7.0,1.38,1.27,3.15,3.8,54,53
2021,9,2021-11-07,GB,KC,13,7,-3.0,-7.0,1.66,1.3,2.2999999999999998,3.65,54.5,48
2021,9,2021-11-07,ARI,SF,17,31,2.5,-5.5,2.25,1.41,1.68,3,47,44.5
2021,9,2021-11-07,LAC,PHI,24,27,3.0,1.0,2.2999999999999998,1.9,1.66,1.9,51,49.5
2021,9,2021-11-07,MIN,BAL,34,31,-6.0,-7.0,1.38,1.33,3.15,3.4,50,51
2021,9,2021-11-07,NE,CAR,6,24,2.5,3.5,2.2999999999999998,2.6,1.66,1.55,43,41.5
2021,9,2021-11-07,CLE,CIN,16,41,-3.0,-2.0,1.66,1.76,2.2999999999999998,2.1,45.5,47.5
2021,9,2021-11-07,DEN,DAL,16,30,-7.5,-10.0,1.28,1.2,3.75,4.75,49.5,50
2021,9,2021-11-07,BUF,JAX,9,6,14.0,14.5,7.5,8.5,1.1000000000000001,1.08,48.5,48.5
2021,9,2021-11-07,HOU,MIA,17,9,-7.0,-4.0,1.31,1.54,3.55,2.65,45.5,45
2021,9,2021-11-07,ATL,NO,25,27,-5.5,-6.5,1.44,1.33,2.85,3.4,43.5,43
2021,9,2021-11-07,LV,NYG,23,16,3.0,3.0,2.4,2.35,1.62,1.64,47.5,47
2021,9,2021-11-08,CHI,PIT,29,27,-6.5,-7.0,1.37,1.32,3.2,3.5,40,40
2022,1,2022-09-08,BUF,LA,10,31,-1.0,2.0,1.86,2.1,1.95,1.76,52,52
2022,1,2022-09-11,TB,DAL,3,19,2.0,2.5,2.15,2.15,1.74,1.74,52,49.5
2022,1,2022-09-11,KC,ARI,21,44,3.0,6.0,2.2999999999999998,3.15,1.66,1.38,53,54
2022,1,2022-09-11,LV,LAC,24,19,-4.0,-3.5,1.5,1.55,2.7,2.6,51.5,52.5
2022,1,2022-09-11,GB,MIN,23,7,1.5,-2.0,2,1.76,1.83,2.1,49,46.5
2022,1,2022-09-11,NYG,TEN,20,21,-6.5,-5.5,1.34,1.4,3.35,3.1,44,44
2022,1,2022-09-11,NO,ATL,26,27,3.5,5.5,2.5499999999999998,2.9,1.57,1.43,42,44
2022,1,2022-09-11,CLE,CAR,24,26,4.5,-1.0,2.75,1.86,1.47,1.95,43.5,42
2022,1,2022-09-11,SF,CHI,19,10,6.5,6.5,3.35,3.3,1.34,1.35,42,38
2022,1,2022-09-11,PIT,CIN,20,23,-6.5,-7.0,1.37,1.3,3.2,3.65,44.5,44.5
2022,1,2022-09-11,PHI,DET,35,38,4.0,5.5,2.7,2.95,1.5,1.42,46.5,48.5
2022,1,2022-09-11,IND,HOU,20,20,8.0,7.0,4,3.75,1.26,1.28,44,45.5
2022,1,2022-09-11,NE,MIA,20,7,-3.0,-3.0,1.62,1.58,2.4,2.5,45,46.5
2022,1,2022-09-11,BAL,NYJ,9,24,4.5,6.5,2.75,3.4,1.47,1.33,45,44
2022,1,2022-09-11,JAX,WAS,28,22,-3.5,-3.0,1.5,1.64,2.7,2.35,44,43
2022,1,2022-09-12,DEN,SEA,17,16,4.0,6.0,2.6,3.25,1.55,1.36,41,44
2022,10,2022-11-10,ATL,CAR,25,15,1.5,2.5,2.0499999999999998,2.2999999999999998,1.8,1.66,41,41.5
2022,10,2022-11-13,LAC,SF,22,16,-3.5,-8.0,1.52,1.27,2.67,3.9,47.5,45.5
2022,10,2022-11-13,DAL,GB,31,28,3.0,3.5,2.2999999999999998,2.7,1.66,1.5,44.5,44.5
2022,10,2022-11-13,ARI,LA,17,27,-3.0,-3.5,1.58,1.55,2.5,2.6,45,38
2022,10,2022-11-13,IND,LV,20,25,-3.5,-4.0,1.54,1.47,2.65,2.75,43,41
2022,10,2022-11-13,MIN,BUF,30,33,-9.5,-6.0,1.22,1.38,4.5,3.15,49.5,46
2022,10,2022-11-13,DET,CHI,30,31,-1.5,-3.0,1.8,1.62,2.0499999999999998,2.4,45.5,48.5
2022,10,2022-11-13,JAX,KC,27,17,-9.5,-9.5,1.22,1.22,4.5,4.5,49.5,51.5
2022,10,2022-11-13,CLE,MIA,39,17,-5.5,-3.0,1.38,1.58,3.15,2.5,47,49.5
2022,10,2022-11-13,HOU,NYG,24,16,-6.0,-4.5,1.38,1.43,3.15,2.9,38,41
2022,10,2022-11-13,NO,PIT,20,10,2.5,-1.0,2.25,1.86,1.68,1.95,41.5,39.5
2022,10,2022-11-13,DEN,TEN,17,10,-2.0,-2.5,1.76,1.71,2.1,2.2000000000000002,40,39.5
2022,10,2022-11-13,SEA,TB,21,16,-2.5,-2.5,1.71,1.66,2.2000000000000002,2.2999999999999998,46.5,45
2022,10,2022-11-14,WAS,PHI,21,32,-10.0,-11.0,1.2,1.19,4.75,5,45,43
2022,11,2022-11-17,TEN,GB,17,27,-1.0,-3.0,1.86,1.58,1.95,2.5,41,40.5
2022,11,2022-11-20,KC,LAC,27,30,5.5,5.5,3,2.95,1.41,1.42,50,53
2022,11,2022-11-20,DAL,MIN,3,40,-1.0,2.0,1.9,2.1,1.9,1.76,47,48.5
2022,11,2022-11-20,CIN,PIT,30,37,5.5,3.5,3,2.6,1.41,1.55,42.5,39.5
2022,11,2022-11-20,LV,DEN,16,22,-2.5,-2.5,1.74,1.66,2.15,2.2999999999999998,43.5,41.5
2022,11,2022-11-20,CHI,ATL,27,24,-4.5,-2.5,1.45,1.71,2.8,2.2000000000000002,48.5,48.5
2022,11,2022-11-20,CAR,BAL,13,3,-12.5,-12.5,1.1299999999999999,1.1399999999999999,6.25,6,44,41.5
2022,11,2022-11-20,CLE,BUF,31,23,-6.5,-7.5,1.35,1.27,3.3,3.9,44,50.5
2022,11,2022-11-20,WAS,HOU,10,23,2.5,3.0,2.2000000000000002,2.4,1.71,1.62,40.5,41
2022,11,2022-11-20,PHI,IND,16,17,10.0,6.0,4.5,3.4,1.22,1.33,43.5,45
2022,11,2022-11-20,NYJ,NE,10,3,-5.5,-3.5,1.4,1.55,3.05,2.6,39.5,38
2022,11,2022-11-20,LA,NO,27,20,1.0,-2.5,1.9,1.71,1.9,2.2000000000000002,42.5,39.5
2022,11,2022-11-20,DET,NYG,18,31,-4.0,-3.0,1.47,1.6,2.75,2.4500000000000002,45,44.5
2022,11,2022-11-21,SF,ARI,10,38,5.5,10.0,3,4.5,1.41,1.22,45,43
2022,12,2022-11-24,NE,MIN,33,26,-3.5,-2.5,1.57,1.68,2.5499999999999998,2.25,43.5,41.5
2022,12,2022-11-24,NYG,DAL,28,20,-6.5,-10.0,1.34,1.2,3.35,4.75,43,45.5
2022,12,2022-11-24,BUF,DET,25,28,10.0,9.5,4.5,4.5,1.22,1.22,51,55
2022,12,2022-11-27,GB,PHI,40,33,-6.5,-6.5,1.35,1.35,3.3,3.3,45,46.5
2022,12,2022-11-27,LA,KC,26,10,-10.0,-15.5,1.22,1.07,4.5,9,45.5,42
2022,12,2022-11-27,NO,SF,13,0,-8.5,-8.5,1.25,1.23,4.0999999999999996,4.25,41.5,43.5
2022,12,2022-11-27,LAC,ARI,24,25,2.5,2.5,2.15,2.25,1.74,1.68,48,48.5
2022,12,2022-11-27,LV,SEA,34,40,-3.0,-4.0,1.64,1.5,2.35,2.7,47,47.5
2022,12,2022-11-27,DEN,CAR,23,10,2.5,1.0,2.25,1.95,1.68,1.86,36.5,36
2022,12,2022-11-27,TB,CLE,23,17,3.0,3.0,2.4500000000000002,2.5499999999999998,1.6,1.57,45.5,42
2022,12,2022-11-27,BAL,JAX,28,27,4.0,3.5,2.75,2.65,1.47,1.54,46.5,43
2022,12,2022-11-27,HOU,MIA,30,15,-9.5,-14.0,1.23,1.1000000000000001,4.25,7.25,45,47.5
2022,12,2022-11-27,CHI,NYJ,31,10,-3.5,-7.5,1.54,1.27,2.65,3.8,48,37.5
2022,12,2022-11-27,CIN,TEN,16,20,2.0,1.0,2.1,1.95,1.76,1.86,43,42
2022,12,2022-11-27,ATL,WAS,19,13,-3.0,-3.5,1.58,1.54,2.5,2.65,42,40
2022,12,2022-11-28,PIT,IND,17,24,-3.0,-2.5,1.6,1.71,2.4500000000000002,2.2000000000000002,39.5,39.5
2022,13,2022-12-01,BUF,NE,10,24,5.5,4.0,2.9,2.7,1.43,1.5,45,44
2022,13,2022-12-04,IND,DAL,54,19,-9.5,-11.0,1.23,1.18,4.25,5.25,44.5,44.5
2022,13,2022-12-04,KC,CIN,27,24,3.0,2.5,2.25,2.25,1.68,1.68,51,53.5
2022,13,2022-12-04,LAC,LV,27,20,3.0,-2.5,2.2999999999999998,1.68,1.66,2.25,48,49.5
2022,13,2022-12-04,SEA,LA,23,27,3.0,6.5,2.2999999999999998,3.5,1.66,1.32,42.5,41
2022,13,2022-12-04,MIA,SF,33,17,-4.5,-5.0,1.45,1.41,2.8,3,46,45.5
2022,13,2022-12-04,PIT,ATL,16,19,-1.0,1.5,1.83,2,2,1.83,42,43
2022,13,2022-12-04,DEN,BAL,10,9,-6.5,-9.0,1.35,1.25,3.3,4.0999999999999996,41,40
2022,13,2022-12-04,GB,CHI,19,28,2.5,3.5,2.2000000000000002,2.65,1.71,1.54,44,45
2022,13,2022-12-04,JAX,DET,40,14,-1.0,-1.0,1.86,1.86,1.95,1.95,49.5,51
2022,13,2022-12-04,CLE,HOU,14,27,5.0,7.5,2.95,3.75,1.42,1.28,44,46.5
2022,13,2022-12-04,NYJ,MIN,27,22,-3.0,-3.0,1.55,1.64,2.6,2.35,41.5,44
2022,13,2022-12-04,WAS,NYG,20,20,1.5,2.5,2,2.2000000000000002,1.83,1.71,42,40.5
2022,13,2022-12-04,TEN,PHI,35,10,-6.5,-4.5,1.33,1.45,3.4,2.8,45.5,44.5
2022,13,2022-12-05,NO,TB,17,16,-6.5,-3.0,1.33,1.57,3.4,2.5499999999999998,42.5,40.5
2022,14,2022-12-08,LV,LA,17,16,4.5,6.5,2.75,3.3,1.47,1.357,43,41.5
2022,14,2022-12-11,MIA,LAC,23,17,1.0,3.0,2,2.5,1.83,1.5880000000000001,51.5,55
2022,14,2022-12-11,CAR,SEA,24,30,-7.0,-4.0,1.33,1.5,3.4,2.7,43.5,44
2022,14,2022-12-11,TB,SF,35,7,-5.5,-3.5,1.42,1.5549999999999999,2.95,2.6,41.5,38.5
2022,14,2022-12-11,KC,DEN,28,34,7.0,9.0,3.45,4.75,1.32,1.2,42.5,44
2022,14,2022-12-11,NYJ,BUF,20,12,-9.5,-10.0,1.22,1.2,4.5,4.75,44,43.5
2022,14,2022-12-11,CLE,CIN,23,10,-3.5,-4.0,1.52,1.476,2.67,2.75,48,47
2022,14,2022-12-11,HOU,DAL,27,23,-14.0,-17.0,1.1100000000000001,1.05,7,12.25,47.5,44.5
2022,14,2022-12-11,MIN,DET,34,23,3.0,-2.0,2.2999999999999998,1.8,1.66,2.0499999999999998,51,51.5
2022,14,2022-12-11,PHI,NYG,22,48,6.0,7.0,2.95,3.7,1.42,1.294,43,44.5
2022,14,2022-12-11,BAL,PIT,14,16,4.0,-2.0,2.75,1.7689999999999999,1.47,2.1,41,37
2022,14,2022-12-11,JAX,TEN,22,36,-4.0,-3.0,1.47,1.571,2.75,2.5499999999999998,43,41.5
2022,14,2022-12-12,NE,ARI,13,27,1.5,2.5,2.0499999999999998,2.15,1.8,1.74,44,44
2022,15,2022-12-15,SF,SEA,13,21,1.0,3.0,2,2.6,1.833,1.5549999999999999,41.5,42.5
2022,15,2022-12-17,MIA,BUF,32,29,-7.5,-7.0,1.294,1.2769999999999999,3.7,3.8,47.5,43.5
2022,15,2022-12-17,BAL,CLE,13,3,-3.0,-3.0,1.625,1.645,2.4,2.35,42,39
2022,15,2022-12-17,IND,MIN,39,36,-5.5,-3.5,1.444,1.5,2.85,2.7,46.5,47
2022,15,2022-12-18,NYG,WAS,12,20,-4.0,-4.0,1.5,1.5,2.7,2.7,40,40.5
2022,15,2022-12-18,TEN,LAC,17,14,-2.0,-3.0,1.7689999999999999,1.645,2.1,2.35,45.5,46.5
2022,15,2022-12-18,CIN,TB,23,34,2.0,3.5,2.1,2.6,1.7689999999999999,1.5549999999999999,42.5,47.5
2022,15,2022-12-18,ARI,DEN,24,15,-1.0,-1.5,1.833,1.8,2,2.0499999999999998,39.5,37
2022,15,2022-12-18,NE,LV,30,24,-2.0,-2.5,1.7689999999999999,1.74,2.1,2.15,45,45.5
2022,15,2022-12-18,PIT,CAR,16,24,3.0,-2.5,2.35,1.6890000000000001,1.645,2.25,40,37
2022,15,2022-12-18,PHI,CHI,20,25,7.5,8.5,3.9,4.0999999999999996,1.27,1.256,48,48
2022,15,2022-12-18,KC,HOU,24,30,14.0,14.5,6.75,7.5,1.117,1.1000000000000001,46.5,48.5
2022,15,2022-12-18,DAL,JAX,40,34,6.0,4.0,3.1,2.67,1.4,1.52,45.5,48
2022,15,2022-12-18,ATL,NO,21,18,-3.5,-5.0,1.52,1.4339999999999999,2.67,2.9,42,43.5
2022,15,2022-12-18,DET,NYJ,17,20,-3.0,-2.0,1.6060000000000001,1.74,2.4500000000000002,2.15,50,44
2022,15,2022-12-19,LA,GB,24,12,-9.0,-7.5,1.2350000000000001,1.27,4.25,3.9,41,39.5
2022,16,2022-12-22,JAX,NYJ,3,19,-1.5,-2.5,1.8,1.6890000000000001,2.0499999999999998,2.25,42,36.5
2022,16,2022-12-24,LV,PIT,13,10,-1.0,-2.0,1.869,1.7689999999999999,1.952,2.1,40,38
2022,16,2022-12-24,PHI,DAL,40,34,-1.5,-4.0,1.8,1.5,2.0499999999999998,2.7,50.5,48
2022,16,2022-12-24,WAS,SF,37,20,-6.5,-6.5,1.333,1.3220000000000001,3.4,3.5,41.5,37
2022,16,2022-12-24,ATL,BAL,17,9,-6.5,-6.5,1.333,1.357,3.4,3.3,41,35
2022,16,2022-12-24,DET,CAR,37,23,2.5,2.5,2.15,2.15,1.74,1.74,44.5,43.5
2022,16,2022-12-24,BUF,CHI,13,35,10.0,8.0,4.5,4.25,1.222,1.2350000000000001,45.5,40.5
2022,16,2022-12-24,NO,CLE,10,17,-3.0,-3.0,1.5880000000000001,1.571,2.5,2.5499999999999998,38,32
2022,16,2022-12-24,SEA,KC,24,10,-9.5,-10.0,1.222,1.2,4.5,4.75,48.5,50.5
2022,16,2022-12-24,NYG,MIN,27,24,-4.5,-4.5,1.454,1.454,2.8,2.8,45.5,48
2022,16,2022-12-24,CIN,NE,18,22,3.0,3.0,2.35,2.4,1.645,1.625,42,41.5
2022,16,2022-12-24,HOU,TEN,14,19,-8.5,-3.0,1.2350000000000001,1.5880000000000001,4.25,2.5,41,34
2022,16,2022-12-25,TB,ARI,16,19,3.0,7.5,2.35,4,1.645,1.2629999999999999,42,41.5
2022,16,2022-12-25,DEN,LA,51,14,-1.0,3.0,1.869,2.5499999999999998,1.952,1.571,35.5,36
2022,16,2022-12-25,GB,MIA,20,26,-3.5,-3.5,1.54,1.5549999999999999,2.65,2.6,46.5,49.5
2022,16,2022-12-26,LAC,IND,3,20,2.5,3.5,2.15,2.7,1.74,1.5,48,44.5
2022,17,2022-12-29,DAL,TEN,13,27,3.0,14.0,2.35,7,1.645,1.111,44.5,40.5
2022,17,2023-01-01,PIT,BAL,13,16,-4.0,-1.0,1.476,1.869,2.75,1.952,36.5,35.5
2022,17,2023-01-01,MIN,GB,41,17,-2.5,-3.5,1.74,1.54,2.15,2.65,44.5,47.5
2022,17,2023-01-01,LA,LAC,31,10,-6.5,-6.5,1.327,1.363,3.45,3.25,41,41
2022,17,2023-01-01,SF,LV,34,37,4.5,10.0,2.8,4.75,1.454,1.2,43,41
2022,17,2023-01-01,NYJ,SEA,23,6,-1.0,1.5,1.833,2.0499999999999998,2,1.8,44.5,43
2022,17,2023-01-01,ARI,ATL,20,19,-3.0,-6.5,1.625,1.3440000000000001,2.4,3.35,40,40.5
2022,17,2023-01-01,CHI,DET,41,10,-6.5,-4.5,1.357,1.454,3.3,2.8,48.5,52.5
2022,17,2023-01-01,JAX,HOU,3,31,4.5,3.5,2.8,2.65,1.454,1.54,44,43
2022,17,2023-01-01,DEN,KC,27,24,-10.0,-12.5,1.2,1.125,4.75,6.5,44,45.5
2022,17,2023-01-01,MIA,NE,23,21,2.5,-3.0,2.15,1.6060000000000001,1.74,2.4500000000000002,43.5,41.5
2022,17,2023-01-01,IND,NYG,38,10,-3.0,-5.5,1.6060000000000001,1.4079999999999999,2.4500000000000002,3.05,41.5,38.5
2022,17,2023-01-01,NO,PHI,10,20,-5.5,-5.0,1.3839999999999999,1.4339999999999999,3.15,2.9,43.5,42
2022,17,2023-01-01,CAR,TB,30,24,-7.0,-3.5,1.3169999999999999,1.54,3.55,2.65,41.5,40.5
2022,17,2023-01-01,CLE,WAS,10,24,-2.0,-2.0,1.7689999999999999,1.7689999999999999,2.1,2.1,42.5,41.5
2022,18,2023-01-07,KC,LV,13,31,9.5,8.5,4.5,4.25,1.222,1.2350000000000001,51,52
2022,18,2023-01-08,DET,GB,16,20,-4.5,-4.0,1.454,1.425,2.8,2.95,48.5,48
2022,18,2023-01-08,TB,ATL,30,17,-1.0,-6.0,1.909,1.3839999999999999,1.909,3.15,40,40.5
2022,18,2023-01-08,NE,BUF,35,23,-10.0,-8.0,1.2,1.2629999999999999,4.75,4,43,44
2022,18,2023-01-08,MIN,CHI,13,29,2.5,6.5,2.15,3.3,1.74,1.357,45.5,42.5
2022,18,2023-01-08,BAL,CIN,27,16,-6.0,-11.0,1.4,1.1419999999999999,3.1,6,43,39
2022,18,2023-01-08,LAC,DEN,31,28,-2.5,-6.5,1.74,1.357,2.15,3.3,37.5,39
2022,18,2023-01-08,HOU,IND,31,32,-2.5,-3.0,1.74,1.645,2.15,2.35,39,37.5
2022,18,2023-01-08,TEN,JAX,20,16,-6.5,-6.5,1.37,1.357,3.2,3.3,39.5,39.5
2022,18,2023-01-08,NYJ,MIA,11,6,1.0,-3.5,1.909,1.54,1.909,2.65,42,37.5
2022,18,2023-01-08,CAR,NO,7,10,-3.0,-3.5,1.625,1.5549999999999999,2.4,2.6,39,41.5
2022,18,2023-01-08,NYG,PHI,22,16,-1.5,-17.0,1.7689999999999999,1.0620000000000001,2.1,10.5,40.5,43
2022,18,2023-01-08,CLE,PIT,28,14,-1.0,-2.5,1.833,1.6890000000000001,2,2.25,42,40
2022,18,2023-01-08,LA,SEA,19,16,-3.0,-4.5,1.625,1.454,2.4,2.8,42.5,43
2022,18,2023-01-08,ARI,SF,38,13,-10.5,-14.5,1.19,1.083,5,8.5,40,40
2022,18,2023-01-08,DAL,WAS,26,6,-4.5,7.5,1.476,3.75,2.75,1.2849999999999999,39.5,41
2022,2,2022-09-15,LAC,KC,27,24,-3.0,-4.0,1.62,1.47,2.4,2.75,52.5,52.5
2022,2,2022-09-18,CHI,GB,27,10,-9.0,-10.0,1.2,1.2,4.75,4.75,45.5,42
2022,2,2022-09-18,CIN,DAL,20,17,-1.5,7.0,1.8,3.75,2.0499999999999998,1.28,49.5,42
2022,2,2022-09-18,HOU,DEN,16,9,-10.5,-10.0,1.1599999999999999,1.2,5.5,4.75,42,45.5
2022,2,2022-09-18,ARI,LV,23,29,-2.5,-5.5,1.71,1.42,2.2000000000000002,2.95,51,52
2022,2,2022-09-18,ATL,LA,31,27,-13.5,-10.0,1.1100000000000001,1.2,6.75,4.75,49.5,46
2022,2,2022-09-18,SEA,SF,27,7,-8.0,-8.5,1.25,1.25,4.2,4.0999999999999996,43.5,39.5
2022,2,2022-09-18,MIA,BAL,38,42,-3.5,-3.5,1.52,1.57,2.67,2.5499999999999998,46,44
2022,2,2022-09-18,NYJ,CLE,30,31,-6.5,-6.5,1.35,1.36,3.3,3.25,43.5,38.5
2022,2,2022-09-18,WAS,DET,36,27,1.5,-1.0,2.0499999999999998,1.86,1.8,1.95,44,48
2022,2,2022-09-18,IND,JAX,24,0,4.5,3.0,2.7,2.4,1.5,1.62,45.5,43.5
2022,2,2022-09-18,TB,NO,10,20,4.0,2.5,2.6,2.25,1.55,1.68,47,43.5
2022,2,2022-09-18,CAR,NYG,19,16,-1.5,1.0,1.8,1.95,2.0499999999999998,1.86,42.5,43.5
2022,2,2022-09-18,NE,PIT,14,17,1.5,3.0,2,2.35,1.83,1.64,43,40
2022,2,2022-09-19,MIN,PHI,24,7,-2.5,-2.5,1.74,1.68,2.15,2.25,48,49.5
2022,2,2022-09-19,TEN,BUF,41,7,-7.0,-10.0,1.28,1.22,3.75,4.5,51,47.5
2022,3,2022-09-22,PIT,CLE,29,17,-3.0,-4.5,1.58,1.45,2.5,2.8,40.5,38
2022,3,2022-09-25,SF,DEN,11,10,-3.0,1.5,1.66,2,2.2999999999999998,1.83,46,45
2022,3,2022-09-25,LA,ARI,12,20,4.5,3.5,2.7,2.5499999999999998,1.5,1.57,51.5,48.5
2022,3,2022-09-25,ATL,SEA,23,27,-3.0,-1.0,1.58,1.86,2.5,1.95,42.5,43.5
2022,3,2022-09-25,GB,TB,12,14,-3.0,-1.5,1.58,1.8,2.5,2.0499999999999998,48,42
2022,3,2022-09-25,JAX,LAC,10,38,-9.0,-6.5,1.23,1.37,4.25,3.2,50.5,46.5
2022,3,2022-09-25,NO,CAR,22,14,2.5,2.0,2.2000000000000002,2.1,1.71,1.76,42.5,41
2022,3,2022-09-25,HOU,CHI,23,20,-3.0,-3.0,1.6,1.62,2.4500000000000002,2.4,39,39
2022,3,2022-09-25,KC,IND,20,17,3.0,5.0,2.4,2.9,1.62,1.43,52.5,51
2022,3,2022-09-25,BUF,MIA,21,19,4.5,4.0,2.7,2.7,1.5,1.5,51,54.5
2022,3,2022-09-25,DET,MIN,28,24,-7.5,-6.5,1.29,1.37,3.7,3.2,50,51.5
2022,3,2022-09-25,BAL,NE,26,37,3.0,2.5,2.4,2.25,1.62,1.68,43,44.5
2022,3,2022-09-25,CIN,NYJ,12,27,6.0,6.5,3,3.2,1.41,1.37,43,46
2022,3,2022-09-25,LV,TEN,24,22,-1.0,2.0,1.9,2.1,1.9,1.76,47,45.5
2022,3,2022-09-25,PHI,WAS,8,24,3.0,6.0,2.4,3.15,1.62,1.38,50,47.5
2022,3,2022-09-26,DAL,NYG,16,23,-4.0,-1.0,1.52,1.86,2.67,1.95,40.5,38.5
2022,4,2022-09-29,MIA,CIN,27,15,-1.5,-4.0,1.8,1.5,2.0499999999999998,2.7,48.5,49
2022,4,2022-10-02,KC,TB,31,41,1.5,-1.5,2.0499999999999998,1.76,1.8,2.1,48.5,47.5
2022,4,2022-10-02,NE,GB,27,24,-6.5,-9.5,1.35,1.22,3.3,4.5,42.5,40
2022,4,2022-10-02,DEN,LV,32,23,-2.0,-2.5,1.8,1.66,2.0499999999999998,2.2999999999999998,46,45.5
2022,4,2022-10-02,ARI,CAR,16,26,2.5,-1.0,2.25,1.86,1.68,1.95,46.5,43.5
2022,4,2022-10-02,CLE,ATL,23,20,3.0,1.0,2.4500000000000002,2,1.6,1.83,45,48.5
2022,4,2022-10-02,BUF,BAL,20,23,4.0,3.0,2.6,2.5,1.55,1.58,54.5,50
2022,4,2022-10-02,WAS,DAL,25,10,-2.5,-3.0,1.66,1.62,2.2999999999999998,2.4,43,41
2022,4,2022-10-02,SEA,DET,45,48,-5.5,-3.5,1.44,1.55,2.85,2.6,46,48.5
2022,4,2022-10-02,LAC,HOU,24,34,7.0,5.5,3.6,3.05,1.31,1.4,46,45
2022,4,2022-10-02,TEN,IND,17,24,-3.5,-3.5,1.54,1.52,2.65,2.67,44.5,43
2022,4,2022-10-02,CHI,NYG,20,12,-3.0,-3.0,1.6,1.66,2.4500000000000002,2.2999999999999998,39.5,39.5
2022,4,2022-10-02,JAX,PHI,29,21,-7.0,-6.5,1.31,1.34,3.6,3.35,48,44
2022,4,2022-10-02,NYJ,PIT,20,24,-3.5,-3.0,1.58,1.62,2.5,2.4,42.5,41
2022,4,2022-10-02,MIN,NO,25,28,1.0,4.0,1.95,2.75,1.86,1.47,44.5,42
2022,4,2022-10-03,LA,SF,24,9,-1.5,-1.5,1.86,1.8,1.95,2.0499999999999998,47.5,42.5
2022,5,2022-10-06,IND,DEN,9,12,-3.0,-3.0,1.58,1.57,2.5,2.5499999999999998,43,42
2022,5,2022-10-09,CIN,BAL,19,17,-3.5,-3.0,1.54,1.6,2.65,2.4500000000000002,48,48
2022,5,2022-10-09,PHI,ARI,17,20,5.5,5.5,2.9,2.95,1.43,1.42,49.5,49
2022,5,2022-10-09,DAL,LA,10,22,-4.5,-5.0,1.4,1.43,3.1,2.9,45.5,41.5
2022,5,2022-10-09,SF,CAR,15,37,5.0,6.0,2.75,3.15,1.47,1.38,39.5,40
2022,5,2022-10-09,PIT,BUF,38,3,-14.0,-14.0,1.1100000000000001,1.1000000000000001,6.75,7.25,47,44.5
2022,5,2022-10-09,LAC,CLE,28,30,3.0,1.5,2.2999999999999998,2.0499999999999998,1.66,1.8,48.5,46.5
2022,5,2022-10-09,HOU,JAX,6,13,-7.0,-7.0,1.31,1.32,3.6,3.5,44.5,43.5
2022,5,2022-10-09,CHI,MIN,29,22,-7.0,-8.5,1.31,1.25,3.55,4.0999999999999996,43,44
2022,5,2022-10-09,DET,NE,29,0,-3.0,-3.0,1.68,1.64,2.25,2.35,47,47
2022,5,2022-10-09,SEA,NO,39,32,-4.0,-5.5,1.5,1.42,2.7,2.95,45,45
2022,5,2022-10-09,MIA,NYJ,40,17,3.0,3.0,2.35,2.5,1.64,1.58,44.5,46
2022,5,2022-10-09,ATL,TB,21,15,-7.5,-10.5,1.27,1.19,3.8,5,48,46
2022,5,2022-10-09,TEN,WAS,17,21,2.5,1.0,2.25,1.95,1.68,1.86,43.5,43
2022,5,2022-10-09,NYG,GB,22,27,-8.0,-9.0,1.27,1.23,3.8,4.25,41.5,42
2022,5,2022-10-10,LV,KC,30,29,-7.0,-7.0,1.28,1.28,3.75,3.75,52.5,51.5
2022,6,2022-10-13,WAS,CHI,7,12,1.0,1.0,2,2,1.83,1.83,40,38
2022,6,2022-10-16,DAL,PHI,26,17,-5.5,-6.5,1.44,1.34,2.85,3.35,45.5,42.5
2022,6,2022-10-16,BUF,KC,20,24,-1.0,2.5,1.9,2.2999999999999998,1.9,1.66,53.5,54
2022,6,2022-10-16,CAR,LA,24,10,-9.5,-10.0,1.22,1.22,4.5,4.5,42,41
2022,6,2022-10-16,ARI,SEA,19,9,2.5,2.5,2.15,2.15,1.74,1.74,47,50.5
2022,6,2022-10-16,SF,ATL,28,14,6.5,4.0,3.35,2.75,1.34,1.47,43,45.5
2022,6,2022-10-16,NE,CLE,15,38,-3.5,-2.5,1.57,1.66,2.5499999999999998,2.2999999999999998,41.5,43
2022,6,2022-10-16,NYJ,GB,10,27,-9.5,-7.5,1.22,1.27,4.5,3.9,44,45
2022,6,2022-10-16,JAX,IND,34,27,-2.5,-1.0,1.74,1.8,2.15,2.0499999999999998,44,41
2022,6,2022-10-16,MIN,MIA,16,24,-1.0,3.0,1.83,2.5,2,1.58,46.5,45
2022,6,2022-10-16,CIN,NO,26,30,1.0,3.0,2,2.4500000000000002,1.83,1.6,44,42.5
2022,6,2022-10-16,BAL,NYG,24,20,5.5,5.5,3.1,3,1.4,1.41,43.5,45.5
2022,6,2022-10-16,TB,PIT,20,18,6.5,10.0,3.25,4.5,1.36,1.22,44.5,46.5
2022,6,2022-10-17,DEN,LAC,19,16,-4.0,-4.0,1.5,1.5,2.7,2.7,47.5,45.5
2022,7,2022-10-20,NO,ARI,42,34,-2.5,-2.5,1.74,1.71,2.15,2.2000000000000002,46,43.5
2022,7,2022-10-23,PIT,MIA,16,10,-6.0,-7.0,1.38,1.29,3.15,3.7,42.5,44
2022,7,2022-10-23,SEA,LAC,23,37,-7.5,-4.5,1.27,1.44,3.8,2.85,53,51
2022,7,2022-10-23,KC,SF,23,44,1.5,1.0,2.0499999999999998,1.95,1.8,1.86,47.5,49
2022,7,2022-10-23,NYJ,DEN,9,16,-3.5,2.0,1.52,2.1,2.67,1.76,43.5,37
2022,7,2022-10-23,HOU,LV,38,20,-7.0,-7.0,1.34,1.31,3.35,3.55,42,46
2022,7,2022-10-23,CLE,BAL,23,20,-6.0,-6.5,1.38,1.35,3.15,3.3,44.5,46.5
2022,7,2022-10-23,TB,CAR,21,3,9.5,13.0,4.5,6.25,1.22,1.1299999999999999,41,39.5
2022,7,2022-10-23,ATL,CIN,35,17,-7.0,-6.5,1.32,1.33,3.45,3.4,43.5,47.5
2022,7,2022-10-23,DET,DAL,24,6,-7.0,-7.0,1.33,1.32,3.4,3.45,47.5,49.5
2022,7,2022-10-23,NYG,JAX,17,23,-3.0,-3.0,1.66,1.6,2.2999999999999998,2.4500000000000002,42,43.5
2022,7,2022-10-23,IND,TEN,19,10,-1.5,-2.5,1.8,1.68,2.0499999999999998,2.25,42,42.5
2022,7,2022-10-23,GB,WAS,23,21,5.5,4.0,2.85,2.75,1.44,1.47,43.5,41.5
2022,7,2022-10-24,CHI,NE,14,33,-6.0,-8.5,1.38,1.25,3.15,4.2,38.5,40
2022,8,2022-10-27,BAL,TB,22,27,-3.0,-2.0,1.6,1.76,2.4500000000000002,2.1,44,46
2022,8,2022-10-30,GB,BUF,27,17,-8.5,-10.5,1.23,1.19,4.25,5,48,47
2022,8,2022-10-30,WAS,IND,16,17,-6.0,-3.0,1.38,1.66,3.15,2.2999999999999998,42.5,40
2022,8,2022-10-30,SF,LA,14,31,-2.5,-1.0,1.71,1.86,2.2000000000000002,1.95,40,42
2022,8,2022-10-30,NYG,SEA,27,13,-1.5,-3.0,1.83,1.58,2,2.5,43,44.5
2022,8,2022-10-30,TEN,HOU,10,17,3.5,1.0,2.6,2,1.55,1.83,41,39.5
2022,8,2022-10-30,CAR,ATL,37,34,-6.5,-4.0,1.37,1.5,3.2,2.7,41,41
2022,8,2022-10-30,CHI,DAL,49,29,-10.0,-10.0,1.19,1.22,5,4.5,43,42.5
2022,8,2022-10-30,MIA,DET,27,31,3.0,3.5,2.4500000000000002,2.65,1.6,1.54,49,52
2022,8,2022-10-30,ARI,MIN,34,26,-6.5,-4.0,1.37,1.5,3.2,2.7,47.5,48.5
2022,8,2022-10-30,LV,NO,24,0,-1.0,1.0,1.9,2,1.9,1.83,44,48.5
2022,8,2022-10-30,NE,NYJ,17,22,1.0,3.0,1.95,2.4,1.86,1.62,40,40
2022,8,2022-10-30,PIT,PHI,35,13,-9.5,-11.5,1.22,1.1599999999999999,4.5,5.5,44,43
2022,8,2022-10-30,DEN,JAX,17,21,-3.0,-1.0,1.6,1.83,2.4500000000000002,2,40,40.5
2022,8,2022-10-31,CIN,CLE,32,13,2.5,3.0,2.25,2.5,1.68,1.58,45.5,45
2022,9,2022-11-03,PHI,HOU,17,29,9.0,14.0,4.5,6.5,1.22,1.1200000000000001,43,45.5
2022,9,2022-11-06,TEN,KC,20,17,-10.5,-14.0,1.18,1.1100000000000001,5.25,6.75,47,45
2022,9,2022-11-06,LA,TB,16,13,-1.5,-3.0,1.8,1.64,2.0499999999999998,2.35,43,42.5
2022,9,2022-11-06,SEA,ARI,21,31,-3.5,-2.0,1.52,1.76,2.67,2.1,49,49
2022,9,2022-11-06,LAC,ATL,17,20,3.0,2.5,2.4,2.25,1.62,1.68,47,49.5
2022,9,2022-11-06,MIA,CHI,32,35,3.5,4.0,2.5499999999999998,2.65,1.57,1.54,41.5,46
2022,9,2022-11-06,CAR,CIN,42,21,-9.0,-7.0,1.22,1.29,4.5,3.7,44,42.5
2022,9,2022-11-06,GB,DET,15,9,3.5,4.0,2.5499999999999998,2.67,1.57,1.52,49,49.5
2022,9,2022-11-06,LV,JAX,27,20,1.5,2.5,2.0499999999999998,2.2000000000000002,1.8,1.71,47,48
2022,9,2022-11-06,IND,NE,26,3,-6.0,-5.0,1.36,1.43,3.25,2.9,41,40
2022,9,2022-11-06,BUF,NYJ,20,17,10.5,10.5,5,5.25,1.19,1.18,47.5,46
2022,9,2022-11-06,MIN,WAS,17,20,2.5,3.0,2.25,2.4500000000000002,1.68,1.6,44.5,43.5
2022,9,2022-11-07,BAL,NO,13,27,3.5,1.5,2.4500000000000002,2.1,1.6,1.76,49,46
2023,1,2023-09-07,DET,KC,20,21,-6.5,-4.5,1.357,1.454,3.3,2.8,53.5,53
2023,1,2023-09-10,DAL,NYG,0,40,2.5,3.5,2.2000000000000002,2.4500000000000002,1.714,1.6060000000000001,46.5,45
2023,1,2023-09-10,GB,CHI,20,38,-2.5,-1.0,1.74,1.833,2.15,2,45,41.5
2023,1,2023-09-10,LV,DEN,16,17,-3.0,-3.5,1.5880000000000001,1.5880000000000001,2.5,2.5,44.5,43
2023,1,2023-09-10,MIA,LAC,34,36,-2.5,-3.0,1.74,1.625,2.15,2.4,48.5,51
2023,1,2023-09-10,PHI,NE,20,25,5.0,3.5,2.75,2.65,1.476,1.54,46,44.5
2023,1,2023-09-10,LA,SEA,13,30,-5.0,-5.0,1.476,1.444,2.75,2.85,47,46
2023,1,2023-09-10,CAR,ATL,24,10,-2.5,-3.5,1.714,1.5549999999999999,2.2000000000000002,2.6,43.5,39.5
2023,1,2023-09-10,HOU,BAL,25,9,-9.5,-9.5,1.2350000000000001,1.2,4.25,4.75,45,43.5
2023,1,2023-09-10,CIN,CLE,24,3,2.5,2.0,2.15,2.1,1.74,1.7689999999999999,46.5,47.5
2023,1,2023-09-10,JAX,IND,21,31,3.5,4.5,2.5499999999999998,2.85,1.571,1.444,43,46
2023,1,2023-09-10,TB,MIN,17,20,-6.0,-5.0,1.3839999999999999,1.425,3.15,2.95,46,46
2023,1,2023-09-10,TEN,NO,16,15,-3.5,-3.0,1.6060000000000001,1.645,2.4500000000000002,2.35,42.5,41.5
2023,1,2023-09-10,SF,PIT,7,30,3.0,2.0,2.2000000000000002,2.1,1.714,1.7689999999999999,42.5,41.5
2023,1,2023-09-10,ARI,WAS,20,16,-5.5,-7.0,1.444,1.3169999999999999,2.85,3.55,41,38
2023,1,2023-09-11,BUF,NYJ,22,16,1.5,2.0,2.0499999999999998,2.1,1.8,1.7689999999999999,47.5,45.5
2023,10,2023-11-09,CAR,CHI,16,13,-1.5,-3.5,1.8,1.571,2.0499999999999998,2.5499999999999998,41.5,38
2023,10,2023-11-12,NYJ,LV,16,12,1.5,1.0,2.0499999999999998,1.909,1.8,1.909,37.5,35.5
2023,10,2023-11-12,NYG,DAL,49,17,-9.5,-17.5,1.222,1.05,4.5,12.25,40.5,39
2023,10,2023-11-12,WAS,SEA,29,26,-5.5,-6.0,1.4159999999999999,1.37,3,3.2,44.5,44
2023,10,2023-11-12,ATL,ARI,25,23,1.0,2.0,1.952,2.1,1.869,1.7689999999999999,41.5,43.5
2023,10,2023-11-12,DET,LAC,38,41,-1.5,2.5,1.833,2.15,2,1.74,48.5,48.5
2023,10,2023-11-12,CLE,BAL,31,33,-4.5,-6.0,1.454,1.4,2.8,3.1,39.5,38
2023,10,2023-11-12,HOU,CIN,27,30,-8.5,-5.5,1.2629999999999999,1.4079999999999999,4,3.05,44.5,45.5
2023,10,2023-11-12,SF,JAX,3,34,2.5,3.0,2.15,2.4500000000000002,1.74,1.6060000000000001,44.5,44.5
2023,10,2023-11-12,NO,MIN,27,19,2.5,3.0,2.2000000000000002,2.35,1.714,1.645,38.5,40.5
2023,10,2023-11-12,GB,PIT,23,19,-2.5,-3.0,1.714,1.6060000000000001,2.2000000000000002,2.4500000000000002,38,38.5
2023,10,2023-11-12,TEN,TB,20,6,-1.0,-2.5,1.833,1.6890000000000001,2,2.25,38.5,39
2023,10,2023-11-12,IND,NE,6,10,-4.5,1.5,1.5,2,2.7,1.833,41.5,42.5
2023,10,2023-11-13,DEN,BUF,22,24,-8.5,-7.5,1.2350000000000001,1.27,4.25,3.9,46.5,47.5
2023,11,2023-11-16,CIN,BAL,34,20,-2.5,-4.0,1.714,1.5,2.2000000000000002,2.7,44,46.5
2023,11,2023-11-19,MIN,DEN,21,20,-2.5,-2.5,1.714,1.714,2.2000000000000002,2.2000000000000002,43,43
2023,11,2023-11-19,NYJ,BUF,32,6,-6.5,-8.5,1.357,1.2350000000000001,3.3,4.25,40.5,39
2023,11,2023-11-19,SEA,LA,17,16,3.0,-2.0,2.2999999999999998,1.74,1.6659999999999999,2.15,44.5,46
2023,11,2023-11-19,TB,SF,27,14,-10.0,-13.5,1.19,1.125,5,6.5,42.5,41.5
2023,11,2023-11-19,DAL,CAR,10,33,9.0,11.0,4.0999999999999996,5.75,1.256,1.153,41,43
2023,11,2023-11-19,PIT,CLE,13,10,-4.5,-2.0,1.5,1.7689999999999999,2.7,2.1,38,34.5
2023,11,2023-11-19,CHI,DET,31,26,-8.0,-8.0,1.2849999999999999,1.256,3.75,4.0999999999999996,45,48
2023,11,2023-11-19,LAC,GB,23,20,2.5,3.0,2.15,2.35,1.74,1.645,42,44
2023,11,2023-11-19,ARI,HOU,21,16,-4.0,-5.0,1.5549999999999999,1.425,2.6,2.95,47,48
2023,11,2023-11-19,TEN,JAX,34,14,-5.5,-6.5,1.444,1.3220000000000001,2.85,3.5,40.5,40
2023,11,2023-11-19,LV,MIA,20,13,-10.0,-14.0,1.2,1.1000000000000001,4.75,7.5,48,44.5
2023,11,2023-11-19,NYG,WAS,19,31,-8.0,-8.5,1.2849999999999999,1.256,3.75,4.0999999999999996,37,39
2023,11,2023-11-20,PHI,KC,17,21,-2.5,-2.5,1.74,1.714,2.15,2.2000000000000002,47.5,46
2023,12,2023-11-23,SF,SEA,13,31,4.0,7.0,2.65,3.65,1.54,1.3029999999999999,44,43
2023,12,2023-11-23,WAS,DAL,45,10,-9.5,-13.0,1.222,1.125,4.5,6.5,45,48
2023,12,2023-11-23,GB,DET,22,29,-7.5,-8.5,1.2629999999999999,1.2350000000000001,4,4.25,44.5,47
2023,12,2023-11-24,MIA,NYJ,13,34,-2.5,9.5,1.714,4.5,2.2000000000000002,1.222,46.5,40
2023,12,2023-11-26,BAL,LAC,10,20,3.5,3.0,2.5499999999999998,2.4,1.571,1.625,44.5,49
2023,12,2023-11-26,KC,LV,17,31,9.0,9.0,4.25,4.75,1.2350000000000001,1.2,45,42.5
2023,12,2023-11-26,BUF,PHI,37,34,-3.5,-2.5,1.54,1.6890000000000001,2.65,2.25,47.5,48.5
2023,12,2023-11-26,LA,ARI,14,37,2.5,3.0,2.15,2.35,1.74,1.645,46,45
2023,12,2023-11-26,CLE,DEN,29,12,2.5,-1.5,2.25,1.8,1.6890000000000001,2.0499999999999998,41,37.5
2023,12,2023-11-26,NO,ATL,24,15,-1.0,2.0,1.909,2.1,1.909,1.7689999999999999,40.5,42
2023,12,2023-11-26,PIT,CIN,10,16,-5.5,2.0,1.4,2.15,3.1,1.74,41.5,37
2023,12,2023-11-26,JAX,HOU,21,24,1.5,1.5,2.0499999999999998,2.0499999999999998,1.8,1.8,45,47.5
2023,12,2023-11-26,TB,IND,27,20,-1.5,-2.5,1.833,1.6890000000000001,2,2.25,42,45
2023,12,2023-11-26,NE,NYG,10,7,5.5,4.5,2.95,2.75,1.425,1.476,35.5,36
2023,12,2023-11-26,CAR,TEN,17,10,-4.5,-3.5,1.476,1.5549999999999999,2.75,2.6,38.5,35.5
2023,12,2023-11-27,CHI,MIN,10,12,-4.0,-3.0,1.54,1.625,2.65,2.4,44,43.5
2023,13,2023-11-30,SEA,DAL,41,35,-6.0,-9.5,1.37,1.2,3.2,4.75,45.5,47.5
2023,13,2023-12-03,KC,GB,27,19,7.0,6.0,3.5,3.15,1.3220000000000001,1.3839999999999999,41.5,44
2023,13,2023-12-03,CLE,LA,36,19,-1.0,-3.5,1.869,1.5549999999999999,1.952,2.6,39.5,39.5
2023,13,2023-12-03,DEN,HOU,22,17,-3.0,-3.0,1.6659999999999999,1.5880000000000001,2.2999999999999998,2.5,44.5,47
2023,13,2023-12-03,SF,PHI,19,42,-2.5,3.0,1.714,2.35,2.2000000000000002,1.645,45.5,46.5
2023,13,2023-12-03,LAC,NE,0,6,4.5,4.5,2.7,2.8,1.5,1.454,42.5,39
2023,13,2023-12-03,DET,NO,28,33,3.0,4.0,2.35,2.7,1.645,1.5,44.5,47.5
2023,13,2023-12-03,ATL,NYJ,8,13,1.5,2.0,2,2.15,1.833,1.74,36.5,33
2023,13,2023-12-03,ARI,PIT,10,24,-3.0,-6.0,1.645,1.3440000000000001,2.35,3.35,39.5,41
2023,13,2023-12-03,IND,TEN,28,31,-1.0,1.0,1.833,2,2,1.833,41,42
2023,13,2023-12-03,MIA,WAS,15,45,6.5,9.0,3.3,4.25,1.357,1.2350000000000001,48.5,49.5
2023,13,2023-12-04,CIN,JAX,31,34,-6.5,-10.0,1.357,1.2,3.3,4.75,41.5,41
2023,14,2023-12-07,NE,PIT,18,21,-6.5,-5.0,1.37,1.3839999999999999,3.2,3.15,35,30.5
2023,14,2023-12-10,PHI,DAL,33,13,-2.5,-3.5,1.714,1.5549999999999999,2.2000000000000002,2.6,48.5,52.5
2023,14,2023-12-10,BUF,KC,17,20,-3.0,-2.0,1.645,1.7689999999999999,2.35,2.1,47.5,49.5
2023,14,2023-12-10,DEN,LAC,7,24,-3.0,-3.0,1.6659999999999999,1.625,2.2999999999999998,2.4,45.5,46
2023,14,2023-12-10,MIN,LV,0,3,1.0,3.0,2,2.35,1.833,1.645,40.5,40.5
2023,14,2023-12-10,SEA,SF,28,16,-10.5,-14.5,1.2,1.1000000000000001,4.75,7.5,44,44.5
2023,14,2023-12-10,TB,ATL,25,29,-2.0,-1.5,1.7689999999999999,1.8,2.1,2.0499999999999998,40,41.5
2023,14,2023-12-10,LA,BAL,37,31,-7.5,-7.5,1.2629999999999999,1.2769999999999999,4,3.8,44.5,42
2023,14,2023-12-10,DET,CHI,28,13,4.5,3.0,2.9,2.5,1.4339999999999999,1.5880000000000001,46.5,44.5
2023,14,2023-12-10,IND,CIN,34,14,2.0,-3.0,2.1,1.645,1.7689999999999999,2.35,40,44.5
2023,14,2023-12-10,JAX,CLE,31,27,3.0,-2.0,2.35,1.74,1.645,2.15,40,37.5
2023,14,2023-12-10,CAR,NO,28,6,-6.5,-5.0,1.3839999999999999,1.4079999999999999,3.15,3.05,37,39
2023,14,2023-12-10,HOU,NYJ,30,6,4.5,3.0,2.9,2.4500000000000002,1.4339999999999999,1.6060000000000001,38.5,33.5
2023,14,2023-12-11,TEN,MIA,27,28,-11.5,-13.5,1.153,1.111,5.75,7,44,45
2023,14,2023-12-11,GB,NYG,24,22,6.0,5.5,3.2,2.95,1.37,1.4159999999999999,37.5,37
2023,15,2023-12-14,LAC,LV,63,21,3.5,-3.0,2.6,1.625,1.5549999999999999,2.35,42.5,35.5
2023,15,2023-12-16,DEN,DET,42,17,-4.5,-5.0,1.476,1.4339999999999999,2.75,2.9,47.5,49
2023,15,2023-12-16,PIT,IND,30,13,-2.5,-1.0,1.74,1.833,2.15,2,39.5,41.5
2023,15,2023-12-16,MIN,CIN,27,24,-1.0,-3.0,1.909,1.5880000000000001,1.909,2.4500000000000002,40.5,41
2023,15,2023-12-17,BAL,JAX,7,23,5.5,4.0,2.85,2.8,1.444,1.454,39,42.5
2023,15,2023-12-17,DAL,BUF,31,10,-1.0,-2.5,1.869,1.714,1.952,2.2000000000000002,49,49
2023,15,2023-12-17,SF,ARI,29,45,13.5,11.5,6.5,6,1.125,1.1419999999999999,45.5,48.5
2023,15,2023-12-17,WAS,LA,28,20,-5.5,-6.5,1.4339999999999999,1.327,2.9,3.45,46,48.5
2023,15,2023-12-17,ATL,CAR,9,7,2.5,2.5,2.15,2.25,1.74,1.6659999999999999,35.5,32
2023,15,2023-12-17,CHI,CLE,20,17,-2.5,-3.0,1.6659999999999999,1.645,2.2999999999999998,2.2999999999999998,37.5,37.5
2023,15,2023-12-17,TB,GB,20,34,-3.5,-4.0,1.5549999999999999,1.5,2.6,2.65,43.5,41.5
2023,15,2023-12-17,NYJ,MIA,30,0,-13.5,-7.0,1.125,1.294,6.5,3.7,40.5,35.5
2023,15,2023-12-17,KC,NE,17,27,10.5,9.5,4.75,4.75,1.2,1.2,37.5,39.5
2023,15,2023-12-17,NYG,NO,24,6,-5.5,-6.0,1.4339999999999999,1.37,2.9,3.2,36.5,39.5
2023,15,2023-12-17,HOU,TEN,16,19,3.5,-3.0,2.5,1.5880000000000001,1.5880000000000001,2.4500000000000002,42.5,38
2023,15,2023-12-18,PHI,SEA,20,17,4.0,4.0,2.65,2.85,1.54,1.444,47,46.5
2023,16,2023-12-21,NO,LA,30,22,-4.0,-4.0,1.5,1.4870000000000001,2.65,2.7,44.5,45
2023,16,2023-12-23,BUF,LAC,22,24,9.5,12.5,4.5,6.25,1.222,1.133,40.5,44.5
2023,16,2023-12-23,CIN,PIT,34,11,-1.5,3.0,1.833,2.2999999999999998,2,1.645,39.5,39
2023,16,2023-12-24,NE,DEN,23,26,-5.5,-7.0,1.4079999999999999,1.2849999999999999,3,3.75,36.5,37.5
2023,16,2023-12-24,ARI,CHI,27,16,-3.0,-4.5,1.6060000000000001,1.476,2.4,2.75,43.5,42
2023,16,2023-12-24,DAL,MIA,22,20,-1.5,-1.5,1.833,1.833,2,2,52.5,48.5
2023,16,2023-12-24,JAX,TB,30,12,2.5,2.0,2.2000000000000002,2.1,1.714,1.7689999999999999,44.5,43
2023,16,2023-12-24,IND,ATL,29,10,-1.5,-2.5,1.833,1.714,2,2.2000000000000002,43.5,44.5
2023,16,2023-12-24,GB,CAR,30,33,4.5,3.5,2.85,2.6,1.444,1.526,36.5,38.5
2023,16,2023-12-24,CLE,HOU,22,36,-1.5,3.0,1.833,2.35,2,1.625,41,40
2023,16,2023-12-24,DET,MIN,24,30,3.0,2.5,2.2999999999999998,2.2000000000000002,1.645,1.714,45.5,47.5
2023,16,2023-12-24,WAS,NYJ,30,28,-3.0,-3.0,1.645,1.6659999999999999,2.2999999999999998,2.25,39.5,37
2023,16,2023-12-24,SEA,TEN,17,20,2.0,3.0,2.1,2.35,1.7689999999999999,1.625,43.5,42
2023,16,2023-12-25,BAL,SF,19,33,-4.5,-6.5,1.5,1.3440000000000001,2.65,3.35,45.5,47.5
2023,16,2023-12-25,NYG,PHI,33,25,-7.5,-14.0,1.294,1.111,3.7,7,47.5,41.5
2023,16,2023-12-25,LV,KC,14,20,-9.5,-11.0,1.25,1.1659999999999999,4.2,5.5,51.5,40.5
2023,17,2023-12-28,NYJ,CLE,37,20,-4.5,-7.0,1.444,1.3029999999999999,2.85,3.65,35.5,33.5
2023,17,2023-12-30,DET,DAL,20,19,-5.5,-4.0,1.4339999999999999,1.454,2.9,2.8,50.5,53
2023,17,2023-12-31,GB,MIN,10,33,-1.5,-1.0,1.8,1.909,2.0499999999999998,1.909,43.5,42.5
2023,17,2023-12-31,LAC,DEN,16,9,-6.0,-3.5,1.37,1.54,3.2,2.5499999999999998,38,39
2023,17,2023-12-31,PIT,SEA,23,30,-3.5,-4.0,1.5549999999999999,1.5,2.5,2.65,41,40.5
2023,17,2023-12-31,CIN,KC,25,17,-3.5,-7.0,1.6060000000000001,1.294,2.4500000000000002,3.7,50.5,46.5
2023,17,2023-12-31,MIA,BAL,56,19,-3.0,-3.0,1.645,1.5880000000000001,2.2999999999999998,2.4500000000000002,46.5,46.5
2023,17,2023-12-31,NE,BUF,27,21,-12.0,-14.5,1.1419999999999999,1.1000000000000001,6,7.5,40,40
2023,17,2023-12-31,ATL,CHI,37,17,-2.5,-2.5,1.74,1.6659999999999999,2.15,2.25,37.5,39
2023,17,2023-12-31,TEN,HOU,26,3,-4.5,-5.0,1.454,1.4159999999999999,2.8,2.95,43,44
2023,17,2023-12-31,LV,IND,23,20,-3.0,-3.5,1.625,1.5549999999999999,2.35,2.5,44,42
2023,17,2023-12-31,CAR,JAX,26,0,-7.0,-3.5,1.3220000000000001,1.526,3.5,2.6,39.5,37.5
2023,17,2023-12-31,LA,NYG,25,26,6.0,6.0,3,3.2,1.4079999999999999,1.37,41,43.5
2023,17,2023-12-31,ARI,PHI,31,35,-10.0,-12.5,1.19,1.133,4.9000000000000004,6.25,47.5,48
2023,17,2023-12-31,NO,TB,13,23,-2.0,-2.5,1.7689999999999999,1.6659999999999999,2.1,2.25,41.5,42.5
2023,17,2023-12-31,SF,WAS,10,27,13.5,14.0,6.75,7.25,1.117,1.105,48,48.5
2023,18,2024-01-06,PIT,BAL,10,17,3.5,3.0,2.5,2.35,1.5549999999999999,1.625,38,34
2023,18,2024-01-07,BUF,MIA,14,21,3.0,2.5,2.35,2.25,1.625,1.6659999999999999,50,48
2023,18,2024-01-07,SEA,ARI,20,21,3.0,3.0,2.4500000000000002,2.25,1.5880000000000001,1.6659999999999999,47.5,48
2023,18,2024-01-07,TB,CAR,0,9,6.0,4.5,2.95,2.85,1.4159999999999999,1.444,37,36.5
2023,18,2024-01-07,CLE,CIN,31,14,-4.0,-7.0,1.5549999999999999,1.294,2.5,3.7,40,37
2023,18,2024-01-07,MIN,DET,30,20,-4.0,-4.0,1.54,1.476,2.5499999999999998,2.75,44,47.5
2023,18,2024-01-07,CHI,GB,17,9,-1.5,-2.5,1.8,1.6659999999999999,2.0499999999999998,2.25,44,46
2023,18,2024-01-07,HOU,IND,19,23,-1.5,1.0,1.8,1.952,2.0499999999999998,1.869,46.5,47.5
2023,18,2024-01-07,KC,LAC,12,13,-1.0,-3.5,1.869,1.526,1.952,2.6,35.5,35
2023,18,2024-01-07,DEN,LV,27,14,-2.5,-3.5,1.714,1.54,2.2000000000000002,2.5499999999999998,38,37.5
2023,18,2024-01-07,NYJ,NE,3,17,-2.0,-2.0,1.7689999999999999,1.74,2.1,2.15,37.5,28.5
2023,18,2024-01-07,ATL,NO,48,17,-3.5,-3.0,1.5880000000000001,1.6060000000000001,2.4500000000000002,2.4,42.5,41.5
2023,18,2024-01-07,PHI,NYG,27,10,6.5,5.0,3.2,2.9,1.37,1.4339999999999999,46,43.5
2023,18,2024-01-07,LA,SF,20,21,-2.5,-5.5,1.74,1.4079999999999999,2.15,3,44,40
2023,18,2024-01-07,JAX,TEN,28,20,3.5,3.5,2.5,2.5,1.5549999999999999,1.5549999999999999,40.5,41.5
2023,18,2024-01-07,DAL,WAS,10,38,13.0,13.0,6,7,1.1419999999999999,1.111,49.5,47.5
2023,2,2023-09-14,MIN,PHI,34,28,-7.0,-6.0,1.3169999999999999,1.3839999999999999,3.55,3.15,48.5,49
2023,2,2023-09-17,MIA,NE,17,24,2.0,2.5,2.1,2.25,1.7689999999999999,1.6890000000000001,45,46.5
2023,2,2023-09-17,NYJ,DAL,30,10,-3.0,-8.5,1.6060000000000001,1.2350000000000001,2.4500000000000002,4.25,46.5,38.5
2023,2,2023-09-17,WAS,DEN,33,35,-3.5,-3.5,1.5880000000000001,1.52,2.5,2.67,41.5,38.5
2023,2,2023-09-17,NYG,ARI,28,31,5.5,4.0,2.8,2.75,1.454,1.476,38,39.5
2023,2,2023-09-17,SF,LA,23,30,6.0,7.5,3.1,3.75,1.4,1.2849999999999999,42.5,45
2023,2,2023-09-17,GB,ATL,25,24,-1.5,-1.5,1.8,1.74,2.0499999999999998,2.15,41,40
2023,2,2023-09-17,LV,BUF,38,10,-9.5,-8.0,1.222,1.25,4.5,4.2,47.5,47
2023,2,2023-09-17,BAL,CIN,24,27,-3.5,-3.0,1.52,1.5880000000000001,2.67,2.5,47.5,45.5
2023,2,2023-09-17,SEA,DET,31,37,-3.0,-4.5,1.6659999999999999,1.454,2.2999999999999998,2.8,51.5,47
2023,2,2023-09-17,IND,HOU,20,31,-1.5,-1.0,1.869,1.833,1.952,2,41,39.5
2023,2,2023-09-17,KC,JAX,9,17,2.5,3.0,2.2999999999999998,2.5499999999999998,1.6659999999999999,1.571,50,51
2023,2,2023-09-17,CHI,TB,27,17,1.5,-2.5,2.0499999999999998,1.6890000000000001,1.8,2.25,44,41
2023,2,2023-09-17,LAC,TEN,27,24,3.0,2.5,2.4,2.25,1.625,1.6890000000000001,46.5,45.5
2023,2,2023-09-18,CLE,PIT,26,22,-1.0,2.0,1.869,2.1,1.952,1.7689999999999999,43.5,38
2023,2,2023-09-18,NO,CAR,17,20,1.5,3.0,2.0499999999999998,2.4,1.8,1.625,42.5,39.5
2023,3,2023-09-21,NYG,SF,30,12,-9.5,-10.0,1.2350000000000001,1.181,4.25,5.25,43.5,44.5
2023,3,2023-09-24,PIT,LV,18,23,1.0,-2.5,2,1.6890000000000001,1.833,2.25,44.5,43
2023,3,2023-09-24,DAL,ARI,28,16,10.5,13.0,4.75,6.25,1.2,1.133,42.5,43
2023,3,2023-09-24,CHI,KC,41,10,-11.5,-12.5,1.1659999999999999,1.125,5.5,6.5,49.5,48
2023,3,2023-09-24,CAR,SEA,37,27,-4.0,-5.0,1.54,1.425,2.65,2.95,42.5,42
2023,3,2023-09-24,IND,BAL,19,22,-8.5,-8.0,1.2629999999999999,1.256,4,4.0999999999999996,45.5,43
2023,3,2023-09-24,TEN,CLE,27,3,-4.5,-3.5,1.454,1.5549999999999999,2.8,2.6,41.5,38.5
2023,3,2023-09-24,ATL,DET,20,6,-5.5,-3.0,1.454,1.5880000000000001,2.8,2.5,45.5,46
2023,3,2023-09-24,NO,GB,18,17,-1.5,-1.0,1.8,1.833,2.0499999999999998,2,43,42
2023,3,2023-09-24,HOU,JAX,17,37,-7.5,-7.5,1.3029999999999999,1.256,3.65,4.0999999999999996,45.5,43.5
2023,3,2023-09-24,DEN,MIA,70,20,-5.5,-6.0,1.4339999999999999,1.37,2.9,3.2,45.5,47
2023,3,2023-09-24,LAC,MIN,24,28,1.5,-1.0,2.0499999999999998,1.869,1.8,1.952,49.5,54
2023,3,2023-09-24,NE,NYJ,10,15,2.0,2.5,2.1,2.25,1.7689999999999999,1.6890000000000001,38,36
2023,3,2023-09-24,BUF,WAS,3,37,5.5,6.0,2.9,3,1.4339999999999999,1.4159999999999999,44.5,43
2023,3,2023-09-25,LA,CIN,19,16,-7.5,-2.0,1.294,1.7689999999999999,3.7,2.1,46.5,43.5
2023,3,2023-09-25,PHI,TB,11,25,7.0,5.0,3.4,2.85,1.333,1.444,45.5,45
2023,4,2023-09-28,DET,GB,20,34,-1.5,1.5,1.8,2.0499999999999998,2.0499999999999998,1.8,46.5,46
2023,4,2023-10-01,KC,NYJ,20,23,7.0,8.5,3.65,4.25,1.3029999999999999,1.2350000000000001,45,41.5
2023,4,2023-10-01,NE,DAL,38,3,-7.5,-6.0,1.27,1.37,3.9,3.2,42,43.5
2023,4,2023-10-01,ARI,SF,35,16,-14.0,-14.0,1.105,1.117,7.25,6.75,41,43.5
2023,4,2023-10-01,LV,LAC,24,17,-4.5,-6.0,1.444,1.37,2.85,3.2,49.5,48
2023,4,2023-10-01,MIA,BUF,48,20,-3.5,-2.5,1.571,1.6890000000000001,2.5499999999999998,2.25,49.5,53.5
2023,4,2023-10-01,MIN,CAR,13,21,2.5,4.5,2.2000000000000002,2.8,1.714,1.454,44.5,46.5
2023,4,2023-10-01,DEN,CHI,28,31,1.5,3.0,2.0499999999999998,2.4500000000000002,1.8,1.6060000000000001,44.5,46.5
2023,4,2023-10-01,BAL,CLE,3,28,1.5,-2.5,2.0499999999999998,1.714,1.8,2.2000000000000002,44,38.5
2023,4,2023-10-01,PIT,HOU,30,6,4.5,3.0,2.75,2.35,1.476,1.645,40.5,42
2023,4,2023-10-01,LA,IND,23,29,1.5,-1.0,2,1.909,1.833,1.909,45.5,45.5
2023,4,2023-10-01,TB,NO,9,26,-3.5,-3.5,1.5,1.54,2.7,2.65,40.5,40
2023,4,2023-10-01,WAS,PHI,34,31,-7.5,-9.0,1.27,1.222,3.9,4.5,44.5,43
2023,4,2023-10-01,CIN,TEN,27,3,1.5,2.5,2,2.25,1.833,1.6890000000000001,44,41
2023,4,2023-10-01,ATL,JAX,23,7,-3.5,-3.0,1.571,1.5880000000000001,2.5499999999999998,2.5,45.5,42.5
2023,4,2023-10-02,SEA,NYG,3,24,1.0,1.5,1.952,2.1,1.869,1.7689999999999999,45,47
2023,5,2023-10-05,CHI,WAS,20,40,-5.0,-6.0,1.454,1.37,2.8,3.2,42.5,44.5
2023,5,2023-10-08,DAL,SF,42,10,-3.0,-3.5,1.625,1.54,2.4,2.65,45.5,45.5
2023,5,2023-10-08,NYJ,DEN,21,31,-3.0,-2.0,1.6060000000000001,1.7689999999999999,2.4500000000000002,2.1,40,42.5
2023,5,2023-10-08,KC,MIN,20,27,6.0,3.5,3.2,2.6,1.37,1.5549999999999999,52,52.5
2023,5,2023-10-08,CIN,ARI,20,34,7.0,3.0,4.0999999999999996,2.5,1.256,1.5880000000000001,42.5,45
2023,5,2023-10-08,PHI,LA,14,23,6.0,3.5,3.05,2.65,1.4079999999999999,1.54,46.5,50.5
2023,5,2023-10-08,HOU,ATL,21,19,-3.5,-2.5,1.52,1.714,2.67,2.2000000000000002,41.5,42
2023,5,2023-10-08,CAR,DET,42,24,-7.5,-9.0,1.2849999999999999,1.222,3.75,4.5,43.5,43.5
2023,5,2023-10-08,TEN,IND,23,16,-1.0,2.5,1.833,2.2000000000000002,2,1.714,42.5,43.5
2023,5,2023-10-08,NYG,MIA,31,16,-10.0,-13.0,1.2,1.125,4.75,6.5,49.5,47.5
2023,5,2023-10-08,NO,NE,0,34,-2.5,-1.5,1.7689999999999999,1.833,2.1,2,40.5,38.5
2023,5,2023-10-08,BAL,PIT,17,10,2.5,4.5,2.1,2.8,1.7689999999999999,1.454,41.5,38.5
2023,5,2023-10-08,JAX,BUF,20,25,-3.5,-5.0,1.6060000000000001,1.4079999999999999,2.4500000000000002,3.05,48.5,48.5
2023,5,2023-10-09,GB,LV,17,13,1.0,-2.0,1.952,1.7689999999999999,1.869,2.1,43.5,45
2023,6,2023-10-12,DEN,KC,19,8,-10.0,-10.5,1.181,1.1659999999999999,5.25,5.5,51.5,47.5
2023,6,2023-10-15,NYG,BUF,14,9,-12.0,-15.0,1.153,1.0760000000000001,5.75,9,48,43.5
2023,6,2023-10-15,ARI,LA,26,9,-4.5,-7.0,1.476,1.294,2.75,3.7,46.5,48
2023,6,2023-10-15,PHI,NYJ,20,14,6.5,6.5,3.1,3.4,1.4,1.333,42.5,43.5
2023,6,2023-10-15,DET,TB,6,20,3.0,3.0,2.4,2.4,1.625,1.625,45.5,43
2023,6,2023-10-15,NE,LV,21,17,-1.5,-3.0,1.8,1.6659999999999999,2.0499999999999998,2.2999999999999998,42.5,41.5
2023,6,2023-10-15,WAS,ATL,16,24,-1.5,-1.5,1.833,1.8,2,2.0499999999999998,42,42
2023,6,2023-10-15,MIN,CHI,13,19,4.5,3.0,2.7,2.4,1.5,1.625,48.5,44.5
2023,6,2023-10-15,SEA,CIN,17,13,-2.5,-3.0,1.6890000000000001,1.625,2.25,2.4,44,45.5
2023,6,2023-10-15,SF,CLE,19,17,3.0,9.5,2.4,4.75,1.625,1.2,41.5,36
2023,6,2023-10-15,NO,HOU,20,13,1.0,2.5,1.952,2.2000000000000002,1.869,1.714,40.5,41.5
2023,6,2023-10-15,IND,JAX,37,20,-5.5,-4.0,1.4,1.5,3.1,2.7,45.5,44
2023,6,2023-10-15,CAR,MIA,42,21,-10.5,-14.0,1.181,1.083,5.25,8.5,46,47.5
2023,6,2023-10-15,BAL,TEN,16,24,5.5,5.5,2.8,3,1.454,1.4159999999999999,41.5,42.5
2023,6,2023-10-16,DAL,LAC,17,20,2.5,1.0,2.2000000000000002,2,1.714,1.833,47.5,50
2023,7,2023-10-19,JAX,NO,24,31,-1.0,-2.5,1.909,1.714,1.909,2.2000000000000002,42.5,41
2023,7,2023-10-22,MIA,PHI,31,17,-2.5,-3.0,1.714,1.625,2.2000000000000002,2.4,52.5,52
2023,7,2023-10-22,GB,DEN,19,17,1.5,-1.5,2.0499999999999998,1.833,1.8,2,45.5,44
2023,7,2023-10-22,LAC,KC,31,17,-6.0,-5.5,1.4079999999999999,1.4,3.05,3.1,52,48.5
2023,7,2023-10-22,PIT,LA,17,24,-3.0,-3.5,1.645,1.571,2.35,2.5499999999999998,42.5,44
2023,7,2023-10-22,ARI,SEA,20,10,-7.0,-9.0,1.2849999999999999,1.2350000000000001,3.75,4.25,46.5,43.5
2023,7,2023-10-22,DET,BAL,38,6,-2.5,-3.0,1.714,1.625,2.2000000000000002,2.4,44.5,43.5
2023,7,2023-10-22,LV,CHI,30,12,1.0,2.5,1.952,2.15,1.869,1.74,46.5,38.5
2023,7,2023-10-22,CLE,IND,38,39,2.5,3.5,2.25,2.5499999999999998,1.6890000000000001,1.571,42.5,39.5
2023,7,2023-10-22,BUF,NE,29,25,9.0,7.5,4.25,4.0999999999999996,1.2350000000000001,1.256,43.5,41
2023,7,2023-10-22,WAS,NYG,14,7,1.0,3.0,1.952,2.35,1.869,1.645,42,37
2023,7,2023-10-22,ATL,TB,13,16,-2.5,-3.0,1.74,1.6659999999999999,2.15,2.2999999999999998,40.5,37.5
2023,7,2023-10-23,SF,MIN,22,17,7.0,7.0,3.8,3.5,1.2769999999999999,1.3220000000000001,45.5,44
2023,8,2023-10-26,TB,BUF,24,18,-8.0,-10.0,1.2629999999999999,1.2,4,4.75,42,43
2023,8,2023-10-29,CHI,LAC,30,13,-9.5,-9.5,1.222,1.19,4.5,5,47.5,46
2023,8,2023-10-29,BAL,ARI,24,31,7.5,9.5,3.9,5,1.27,1.19,43,45
2023,8,2023-10-29,KC,DEN,24,9,8.5,7.0,4.25,3.65,1.2350000000000001,1.3029999999999999,45.5,45.5
2023,8,2023-10-29,CIN,SF,17,31,-6.0,-4.0,1.3839999999999999,1.476,3.15,2.75,46,44
2023,8,2023-10-29,CLE,SEA,24,20,-2.0,-4.0,1.7689999999999999,1.476,2.1,2.75,41.5,38.5
2023,8,2023-10-29,HOU,CAR,15,13,3.0,3.5,2.4,2.5499999999999998,1.625,1.571,41.5,43
2023,8,2023-10-29,LA,DAL,43,20,-6.0,-7.0,1.444,1.333,2.85,3.4,44.5,45.5
2023,8,2023-10-29,MIN,GB,10,24,-1.5,1.5,1.8,2.0499999999999998,2.0499999999999998,1.8,44.5,41.5
2023,8,2023-10-29,NO,IND,27,38,1.5,2.0,2.0499999999999998,2.15,1.8,1.74,40,43.5
2023,8,2023-10-29,NE,MIA,31,17,-12.0,-8.0,1.1419999999999999,1.256,6,4.0999999999999996,47,47
2023,8,2023-10-29,NYJ,NYG,10,13,3.0,3.0,2.4,2.4500000000000002,1.625,1.6060000000000001,36.5,34.5
2023,8,2023-10-29,JAX,PIT,10,20,1.5,2.5,2.0499999999999998,2.2000000000000002,1.8,1.714,41.5,40.5
2023,8,2023-10-29,ATL,TEN,28,23,-1.0,2.5,1.869,2.2000000000000002,1.952,1.714,39,35.5
2023,8,2023-10-29,PHI,WAS,31,38,6.0,7.0,3.1,3.6,1.4,1.3120000000000001,47,43
2023,8,2023-10-30,LV,DET,26,14,-7.5,-7.0,1.2849999999999999,1.3029999999999999,3.75,3.65,44.5,46
2023,9,2023-11-02,TEN,PIT,20,16,-3.0,-3.0,1.5880000000000001,1.6060000000000001,2.5,2.4500000000000002,37.5,37
2023,9,2023-11-05,BUF,CIN,24,18,1.5,-1.5,2.0499999999999998,1.8,1.8,2.0499999999999998,46.5,51
2023,9,2023-11-05,NYG,LV,30,6,-2.5,-1.5,1.6890000000000001,1.833,2.25,2,39.5,38.5
2023,9,2023-11-05,DAL,PHI,28,23,-3.0,-3.0,1.625,1.5880000000000001,2.4,2.5,46.5,46.5
2023,9,2023-11-05,IND,CAR,13,27,2.5,1.5,2.25,2.0499999999999998,1.6890000000000001,1.8,42.5,45
2023,9,2023-11-05,MIN,ATL,28,31,-1.0,-3.5,1.869,1.54,1.952,2.65,41.5,39
2023,9,2023-11-05,SEA,BAL,37,3,-4.5,-6.0,1.476,1.357,2.75,3.3,42.5,44.5
2023,9,2023-11-05,ARI,CLE,27,0,-8.5,-13.0,1.2629999999999999,1.125,4,6.5,39,38
2023,9,2023-11-05,LA,GB,20,3,1.0,-3.5,1.952,1.54,1.869,2.65,43.5,37.5
2023,9,2023-11-05,TB,HOU,39,37,-2.5,-2.5,1.74,1.6659999999999999,2.15,2.2999999999999998,39.5,40
2023,9,2023-11-05,WAS,NE,17,20,-2.0,-3.0,1.7689999999999999,1.6659999999999999,2.1,2.2999999999999998,39,40.5
2023,9,2023-11-05,CHI,NO,24,17,-5.5,-9.0,1.4339999999999999,1.2350000000000001,2.9,4.25,40.5,42
2023,9,2023-11-05,MIA,KC,21,14,-5.5,-1.0,1.454,1.869,2.8,1.952,51.5,51
2023,9,2023-11-06,LAC,NYJ,6,27,1.5,3.0,2.0499999999999998,2.4500000000000002,1.8,1.6060000000000001,43,41
2024,1,2024-09-05,BAL,KC,27,20,-2.5,-3.0,1.645,1.6659999999999999,2.2999999999999998,2.25,47.5,47
2024,1,2024-09-06,GB,PHI,34,29,-1.5,-2.0,1.833,1.7689999999999999,2,2.1,50.5,49.5
2024,1,2024-09-08,LA,DET,26,20,-3.5,-4.5,1.5880000000000001,1.454,2.4500000000000002,2.8,52.5,52.5
2024,1,2024-09-08,DAL,CLE,17,33,1.0,-2.5,1.952,1.714,1.869,2.2000000000000002,44,41
2024,1,2024-09-08,WAS,TB,37,20,-4.0,-3.5,1.526,1.526,2.6,2.6,40.5,42.5
2024,1,2024-09-08,LV,LAC,22,10,-3.0,-3.0,1.645,1.625,2.2999999999999998,2.35,42.5,40
2024,1,2024-09-08,DEN,SEA,26,20,-5.0,-6.0,1.4339999999999999,1.3839999999999999,2.9,3.1,42,42
2024,1,2024-09-08,PIT,ATL,10,18,-3.0,-3.5,1.6659999999999999,1.526,2.25,2.6,42.5,42
2024,1,2024-09-08,ARI,BUF,34,28,-7.0,-6.5,1.2849999999999999,1.333,3.75,3.4,47.5,46.5
2024,1,2024-09-08,TEN,CHI,24,17,-5.0,-4.0,1.4339999999999999,1.5,2.9,2.65,43.5,44.5
2024,1,2024-09-08,NE,CIN,10,16,-7.5,-8.0,1.25,1.25,4.2,4.2,42.5,41
2024,1,2024-09-08,HOU,IND,27,29,1.5,3.0,2,2.2999999999999998,1.833,1.645,47.5,48.5
2024,1,2024-09-08,JAX,MIA,20,17,-3.5,-3.5,1.6060000000000001,1.5549999999999999,2.4,2.5,49.5,49
2024,1,2024-09-08,CAR,NO,47,10,-4.5,-4.0,1.476,1.4870000000000001,2.75,2.7,39.5,41.5
2024,1,2024-09-08,MIN,NYG,6,28,-1.0,1.5,1.909,2.0499999999999998,1.909,1.8,40.5,41
2024,1,2024-09-09,NYJ,SF,32,19,-5.5,-3.5,1.4159999999999999,1.5,2.95,2.65,45.5,43.5
2024,10,2024-11-07,CIN,BAL,35,34,-6.0,-6.0,1.4079999999999999,1.357,3,3.3,49.5,52.5
2024,10,2024-11-10,DET,HOU,23,26,2.5,4.0,2.25,2.8,1.6659999999999999,1.454,48.5,49
2024,10,2024-11-10,NYJ,ARI,31,6,-1.0,2.0,1.909,2.15,1.909,1.74,45,46
2024,10,2024-11-10,PHI,DAL,6,34,3.0,7.0,2.2999999999999998,3.8,1.645,1.2769999999999999,48,44.5
2024,10,2024-11-10,TEN,LAC,27,17,-7.0,-8.0,1.3220000000000001,1.2350000000000001,3.5,4.25,38,40
2024,10,2024-11-10,NE,CHI,3,19,-7.0,-6.0,1.327,1.333,3.45,3.4,40.5,37.5
2024,10,2024-11-10,BUF,IND,20,30,4.0,4.5,2.6,2.85,1.526,1.444,47.5,47
2024,10,2024-11-10,MIN,JAX,7,12,4.0,7.0,2.6,3.6,1.526,1.3120000000000001,47.5,42.5
2024,10,2024-11-10,DEN,KC,16,14,-9.5,-7.0,1.222,1.2849999999999999,4.5,3.75,42.5,42.5
2024,10,2024-11-10,ATL,NO,20,17,1.0,3.5,1.909,2.65,1.909,1.5,46.5,47.5
2024,10,2024-11-10,SF,TB,20,23,6.0,6.5,3,3.4,1.4079999999999999,1.333,48,50
2024,10,2024-11-10,PIT,WAS,27,28,-1.5,-2.0,1.8,1.8,2.0499999999999998,2.0499999999999998,44.5,45
2024,10,2024-11-10,NYG,CAR,20,17,1.5,6.5,2.0499999999999998,3.45,1.8,1.327,42.5,40.5
2024,10,2024-11-11,MIA,LA,15,23,-3.0,-2.0,1.6060000000000001,1.7689999999999999,2.4,2.1,49.5,49.5
2024,11,2024-11-14,WAS,PHI,26,18,-3.5,-4.0,1.5549999999999999,1.454,2.5,2.8,49.5,49.5
2024,11,2024-11-17,CIN,LAC,34,27,-1.5,-1.0,1.833,1.833,2,2,43.5,48
2024,11,2024-11-17,ATL,DEN,38,6,1.5,-2.0,2,1.7689999999999999,1.833,2.1,43,44.5
2024,11,2024-11-17,SEA,SF,17,20,-7.0,-6.0,1.294,1.3839999999999999,3.7,3.1,49,49
2024,11,2024-11-17,KC,BUF,30,21,1.0,-2.5,2,1.6659999999999999,1.833,2.25,46.5,47
2024,11,2024-11-17,GB,CHI,19,20,2.5,6.0,2.25,3.2,1.6659999999999999,1.37,44.5,41
2024,11,2024-11-17,JAX,DET,52,6,-10.0,-13.5,1.2,1.111,4.75,7,50.5,47.5
2024,11,2024-11-17,LV,MIA,34,19,-7.0,-7.5,1.27,1.2350000000000001,3.9,4.25,45,43.5
2024,11,2024-11-17,LA,NE,22,28,6.0,4.0,3.1,2.75,1.3839999999999999,1.476,44,43
2024,11,2024-11-17,CLE,NO,35,14,-1.5,1.0,1.8,1.952,2.0499999999999998,1.869,42,44
2024,11,2024-11-17,IND,NYJ,27,28,-4.0,-4.0,1.4870000000000001,1.476,2.7,2.75,43.5,43
2024,11,2024-11-17,BAL,PIT,18,16,3.5,3.0,2.5,2.5499999999999998,1.5549999999999999,1.54,45,48
2024,11,2024-11-17,MIN,TEN,13,23,6.0,6.0,3.1,3.2,1.3839999999999999,1.37,41.5,40
2024,11,2024-11-18,HOU,DAL,10,34,6.0,7.0,3.2,3.9,1.37,1.27,43.5,41.5
2024,12,2024-11-21,PIT,CLE,24,19,4.0,3.5,2.6,2.65,1.526,1.5,41.5,36.5
2024,12,2024-11-24,PHI,LA,20,37,2.5,3.0,2.25,2.4,1.6659999999999999,1.6060000000000001,47.5,48.5
2024,12,2024-11-24,SF,GB,38,10,-1.5,-6.0,1.833,1.357,2,3.3,48,44.5
2024,12,2024-11-24,ARI,SEA,16,6,-1.0,1.0,1.869,2,1.952,1.833,48.5,46.5
2024,12,2024-11-24,DEN,LV,19,29,3.0,5.5,2.2999999999999998,3.1,1.645,1.3839999999999999,40.5,41.5
2024,12,2024-11-24,KC,CAR,27,30,11.5,10.5,6.25,5.75,1.133,1.153,41,43
2024,12,2024-11-24,MIN,CHI,27,30,5.0,3.0,2.85,2.4,1.444,1.6060000000000001,40.5,39.5
2024,12,2024-11-24,TEN,HOU,27,32,-8.0,-8.0,1.2350000000000001,1.2350000000000001,4.25,4.25,42.5,40.5
2024,12,2024-11-24,DET,IND,6,24,6.5,7.0,3.6,3.75,1.3120000000000001,1.2849999999999999,49,50.5
2024,12,2024-11-24,NE,MIA,34,15,-6.5,-7.5,1.3120000000000001,1.2629999999999999,3.6,4,44.5,45.5
2024,12,2024-11-24,TB,NYG,7,30,3.0,6.0,2.4,3.25,1.6060000000000001,1.363,42.5,40
2024,12,2024-11-24,DAL,WAS,26,34,-9.0,-10.5,1.222,1.1659999999999999,4.5,5.5,45,44.5
2024,12,2024-11-25,BAL,LAC,23,30,3.0,3.0,2.4,2.35,1.6060000000000001,1.625,46.5,51
2024,13,2024-11-28,MIA,GB,30,17,-3.5,-3.5,1.526,1.54,2.6,2.5499999999999998,47.5,47.5
2024,13,2024-11-28,NYG,DAL,27,20,-2.5,-4.0,1.6659999999999999,1.4339999999999999,2.25,2.9,39.5,38.5
2024,13,2024-11-28,CHI,DET,23,20,-11.0,-10.0,1.173,1.181,5.25,5,48,48
2024,13,2024-11-29,LV,KC,19,17,-12.5,-13.5,1.125,1.125,6.5,6.5,43.5,42
2024,13,2024-12-01,SF,BUF,35,10,-3.0,-6.5,1.5880000000000001,1.3120000000000001,2.4500000000000002,3.6,47.5,45.5
2024,13,2024-12-01,PHI,BAL,19,24,-3.0,-3.0,1.645,1.625,2.2999999999999998,2.35,50.5,50
2024,13,2024-12-01,TB,CAR,23,26,6.5,6.5,3.35,3.4,1.3440000000000001,1.333,44,46
2024,13,2024-12-01,LA,NO,14,21,2.5,2.5,2.15,2.25,1.74,1.6659999999999999,46.5,49
2024,13,2024-12-01,LAC,ATL,13,17,1.5,1.0,2.0499999999999998,2,1.8,1.833,46,47
2024,13,2024-12-01,PIT,CIN,38,44,-1.5,-3.0,1.8,1.625,2.0499999999999998,2.35,47.5,46
2024,13,2024-12-01,HOU,JAX,20,23,7.0,3.0,3.65,2.5,1.3029999999999999,1.5549999999999999,42.5,45
2024,13,2024-12-01,ARI,MIN,23,22,-3.5,-3.5,1.526,1.5549999999999999,2.6,2.5,46.5,45
2024,13,2024-12-01,IND,NE,24,25,2.5,2.5,2.2000000000000002,2.15,1.714,1.74,43,41.5
2024,13,2024-12-01,SEA,NYJ,21,26,-1.0,-1.5,1.909,1.8,1.909,2.0499999999999998,44,41.5
2024,13,2024-12-01,TEN,WAS,42,19,-7.0,-6.0,1.294,1.3839999999999999,3.7,3.1,44.5,45
2024,13,2024-12-02,CLE,DEN,41,32,-7.0,-6.5,1.3120000000000001,1.333,3.6,3.4,40.5,41.5
2024,14,2024-12-05,GB,DET,34,31,-5.5,-3.5,1.3839999999999999,1.5549999999999999,3.1,2.5,51.5,52.5
2024,14,2024-12-08,LAC,KC,19,17,-4.5,-4.5,1.4870000000000001,1.4159999999999999,2.7,2.95,44.5,43
2024,14,2024-12-08,BUF,LA,44,42,3.5,3.5,2.5499999999999998,2.5,1.54,1.5549999999999999,48.5,50.5
2024,14,2024-12-08,CHI,SF,38,13,-6.5,-3.0,1.363,1.6060000000000001,3.25,2.4,44.5,43.5
2024,14,2024-12-08,SEA,ARI,18,30,-1.5,-3.0,1.8,1.6060000000000001,2.0499999999999998,2.4,45.5,45.5
2024,14,2024-12-08,NYJ,MIA,32,26,-6.5,-6.5,1.333,1.3440000000000001,3.4,3.35,44.5,45
2024,14,2024-12-08,ATL,MIN,42,21,-4.5,-6.0,1.444,1.363,2.85,3.25,45.5,46.5
2024,14,2024-12-08,NO,NYG,11,14,3.5,5.5,2.5,3.05,1.5549999999999999,1.4,39.5,41
2024,14,2024-12-08,CAR,PHI,22,16,-13.0,-14.0,1.111,1.1000000000000001,7,7.5,44.5,45
2024,14,2024-12-08,CLE,PIT,27,14,-6.0,-6.0,1.37,1.357,3.2,3.3,40.5,43
2024,14,2024-12-08,LV,TB,28,13,-7.5,-6.5,1.27,1.3220000000000001,3.9,3.5,44.5,47
2024,14,2024-12-08,JAX,TEN,6,10,-1.5,-3.0,1.8,1.6060000000000001,2.0499999999999998,2.4,43.5,40.5
2024,14,2024-12-09,CIN,DAL,20,27,6.0,4.5,3.05,2.8,1.4,1.454,45.5,50.5
2024,15,2024-12-12,LA,SF,6,12,-3.0,-3.0,1.645,1.625,2.2999999999999998,2.35,47,48.5
2024,15,2024-12-15,GB,SEA,13,30,3.0,3.0,2.2999999999999998,2.35,1.645,1.625,46.5,48
2024,15,2024-12-15,NE,ARI,30,17,-6.5,-6.0,1.333,1.363,3.4,3.25,45,46.5
2024,15,2024-12-15,IND,DEN,31,13,-4.5,-4.5,1.4870000000000001,1.444,2.7,2.85,43,44
2024,15,2024-12-15,BUF,DET,42,48,-3.0,-2.0,1.645,1.714,2.2999999999999998,2.2000000000000002,51.5,55.5
2024,15,2024-12-15,TB,LAC,17,40,-3.5,-3.0,1.5549999999999999,1.625,2.5,2.35,47,46
2024,15,2024-12-15,PIT,PHI,27,13,-4.5,-5.5,1.5,1.3839999999999999,2.65,3.1,45.5,43
2024,15,2024-12-15,DAL,CAR,14,30,1.5,-2.5,2.0499999999999998,1.714,1.8,2.2000000000000002,43.5,42
2024,15,2024-12-15,KC,CLE,7,21,6.5,4.0,3.4,2.9,1.333,1.4339999999999999,44.5,41
2024,15,2024-12-15,MIA,HOU,20,12,-2.5,-2.5,1.714,1.6659999999999999,2.2000000000000002,2.25,46.5,46
2024,15,2024-12-15,NYJ,JAX,25,32,3.5,3.5,2.4,2.4500000000000002,1.6060000000000001,1.5880000000000001,40.5,41.5
2024,15,2024-12-15,WAS,NO,19,20,3.0,7.5,2.4500000000000002,4.0999999999999996,1.5880000000000001,1.256,48,44.5
2024,15,2024-12-15,BAL,NYG,14,35,12.0,17.0,6.25,11,1.133,1.05,44.5,43.5
2024,15,2024-12-15,CIN,TEN,27,37,4.0,6.0,2.6,3.2,1.526,1.37,49,46
2024,15,2024-12-16,ATL,LV,9,15,3.0,6.0,2.4500000000000002,3.4,1.5880000000000001,1.333,44.5,44.5
2024,15,2024-12-16,CHI,MIN,30,12,-5.5,-7.0,1.4079999999999999,1.294,3,3.7,42.5,43.5
2024,16,2024-12-19,DEN,LAC,34,27,-3.0,-2.5,1.625,1.645,2.35,2.2999999999999998,42.5,41.5
2024,16,2024-12-21,PIT,BAL,34,17,-4.5,-7.0,1.476,1.2769999999999999,2.75,3.8,46.5,44
2024,16,2024-12-21,HOU,KC,27,19,-4.0,-3.5,1.5,1.54,2.65,2.5499999999999998,44.5,42.5
2024,16,2024-12-22,TB,DAL,26,24,3.5,4.5,2.65,2.85,1.5,1.444,47.5,47.5
2024,16,2024-12-22,JAX,LV,19,14,-1.5,-2.5,1.833,1.7689999999999999,2,2.1,39.5,41.5
2024,16,2024-12-22,SF,MIA,29,17,-1.5,1.5,1.833,2.0499999999999998,2,1.8,48.5,44
2024,16,2024-12-22,MIN,SEA,24,27,2.0,2.5,2.1,2.15,1.7689999999999999,1.74,45.5,43
2024,16,2024-12-22,NYG,ATL,34,7,-8.5,-9.5,1.2350000000000001,1.2,4.25,4.75,41.5,43
2024,16,2024-12-22,NE,BUF,24,21,-12.0,-14.0,1.1419999999999999,1.0900000000000001,6,8,46.5,48
2024,16,2024-12-22,ARI,CAR,36,30,4.0,5.5,2.6,3.05,1.526,1.4,46,47
2024,16,2024-12-22,DET,CHI,17,34,7.5,7.0,4,3.7,1.2629999999999999,1.294,46.5,47.5
2024,16,2024-12-22,CLE,CIN,24,6,-6.0,-10.0,1.3839999999999999,1.181,3.1,5,49.5,46.5
2024,16,2024-12-22,TEN,IND,38,30,-4.5,-4.0,1.4870000000000001,1.5,2.7,2.65,42.5,42.5
2024,16,2024-12-22,LA,NYJ,9,19,2.5,3.0,2.25,2.35,1.6659999999999999,1.625,46,47
2024,16,2024-12-22,PHI,WAS,36,33,3.0,4.0,2.25,2.8,1.6659999999999999,1.454,48,47
2024,16,2024-12-23,NO,GB,34,0,-13.0,-14.0,1.117,1.083,6.75,8.5,42,43.5
2024,17,2024-12-25,BAL,HOU,2,31,1.5,6.5,2.0499999999999998,3.6,1.8,1.3120000000000001,45.5,47
2024,17,2024-12-25,KC,PIT,10,29,6.5,2.0,3.35,2.1,1.3440000000000001,1.7689999999999999,41.5,46
2024,17,2024-12-26,SEA,CHI,3,6,1.5,4.5,2.0499999999999998,2.9,1.8,1.4,41.5,42
2024,17,2024-12-28,ARI,LA,13,9,-3.0,-6.5,1.5880000000000001,1.3220000000000001,2.4500000000000002,3.5,48.5,48
2024,17,2024-12-28,IND,NYG,45,33,6.5,7.5,3.6,3.9,1.3120000000000001,1.27,39.5,40.5
2024,17,2024-12-28,DEN,CIN,30,24,-3.0,-3.0,1.6659999999999999,1.6060000000000001,2.25,2.4,47.5,50.5
2024,17,2024-12-28,LAC,NE,7,40,6.0,6.0,2.9,3.3,1.4339999999999999,1.357,41.5,42
2024,17,2024-12-29,ATL,WAS,30,24,-3.5,-3.5,1.526,1.526,2.6,2.6,46,46.5
2024,17,2024-12-29,DAL,PHI,41,7,-11.0,-7.5,1.153,1.2769999999999999,5.75,3.8,45,37.5
2024,17,2024-12-29,MIA,CLE,3,20,3.5,3.0,2.5,2.4500000000000002,1.5549999999999999,1.5880000000000001,41.5,32.5
2024,17,2024-12-29,NYJ,BUF,40,14,-9.5,-10.0,1.181,1.181,5,5,48.5,44.5
2024,17,2024-12-29,TEN,JAX,20,13,-1.0,-1.0,1.869,1.909,1.952,1.909,39.5,38
2024,17,2024-12-29,GB,MIN,27,25,-1.5,-1.0,1.8,1.909,2.0499999999999998,1.909,48,49
2024,17,2024-12-29,LV,NO,10,25,-2.5,1.5,1.714,2.0499999999999998,2.2000000000000002,1.8,40,37.5
2024,17,2024-12-29,CAR,TB,48,14,-8.5,-10.0,1.2350000000000001,1.173,4.25,5.25,47.5,47.5
2024,17,2024-12-30,DET,SF,34,40,3.0,4.0,2.2999999999999998,2.9,1.645,1.4339999999999999,51.5,50
2024,18,2025-01-04,CLE,BAL,35,10,-17.5,-20.0,1.0580000000000001,1.0329999999999999,10.5,15,42.5,42
2024,18,2025-01-05,MIN,DET,31,9,-3.0,-3.0,1.645,1.645,2.2999999999999998,2.2999999999999998,52.5,56.5
2024,18,2025-01-05,SF,ARI,47,24,1.0,-5.0,1.909,1.4159999999999999,1.909,2.95,46.5,43
2024,18,2025-01-05,CAR,ATL,38,44,-7.5,-8.0,1.2629999999999999,1.256,4,4.0999999999999996,48,49
2024,18,2025-01-05,WAS,DAL,19,23,4.5,7.0,2.8,3.6,1.454,1.3120000000000001,45.5,43.5
2024,18,2025-01-05,KC,DEN,38,0,-10.0,-11.0,1.181,1.1659999999999999,5,5.5,38.5,40.5
2024,18,2025-01-05,CHI,GB,22,24,-9.0,-10.0,1.25,1.222,4.2,4.5,40,41.5
2024,18,2025-01-05,JAX,IND,26,23,-5.0,-3.5,1.444,1.54,2.85,2.5499999999999998,44.5,45.5
2024,18,2025-01-05,SEA,LA,25,30,-2.5,7.5,1.7689999999999999,3.75,2.1,1.2849999999999999,41.5,38.5
2024,18,2025-01-05,LAC,LV,20,34,5.5,7.0,2.9,3.7,1.4339999999999999,1.294,40.5,42
2024,18,2025-01-05,BUF,NE,23,16,2.0,3.5,2.0499999999999998,2.5,1.8,1.5549999999999999,41,36.5
2024,18,2025-01-05,MIA,NYJ,32,20,2.5,-2.0,2.15,1.7689999999999999,1.74,2.1,41.5,39.5
2024,18,2025-01-05,NYG,PHI,20,13,-3.5,-3.0,1.5880000000000001,1.6060000000000001,2.4500000000000002,2.4,38.5,36
2024,18,2025-01-05,CIN,PIT,17,19,2.5,2.5,2.2000000000000002,2.2000000000000002,1.714,1.714,48,48.5
2024,18,2025-01-05,NO,TB,27,19,-14.0,-14.5,1.1000000000000001,1.0760000000000001,7.5,9,43.5,44.5
2024,18,2025-01-05,HOU,TEN,14,23,-5.0,-2.5,1.454,1.6659999999999999,2.8,2.25,36,36.5
2024,2,2024-09-12,BUF,MIA,10,31,-1.0,-2.5,1.869,1.714,1.952,2.2000000000000002,51,48.5
2024,2,2024-09-15,CHI,HOU,19,13,-3.5,-6.0,1.54,1.357,2.5499999999999998,3.3,46.5,45.5
2024,2,2024-09-15,PIT,DEN,6,13,3.0,2.5,2.35,2.25,1.625,1.6659999999999999,40.5,36.5
2024,2,2024-09-15,CIN,KC,26,25,-4.5,-6.5,1.476,1.3440000000000001,2.75,3.35,48.5,47.5
2024,2,2024-09-15,LA,ARI,41,10,2.5,-1.0,2.2000000000000002,1.909,1.714,1.909,48,47.5
2024,2,2024-09-15,LV,BAL,23,26,-7.5,-8.5,1.2769999999999999,1.2350000000000001,3.8,4.25,44.5,41.5
2024,2,2024-09-15,LAC,CAR,3,26,3.5,4.5,2.4,2.85,1.6060000000000001,1.444,41.5,38.5
2024,2,2024-09-15,NO,DAL,19,44,-6.5,-6.5,1.3440000000000001,1.333,3.35,3.4,44.5,47
2024,2,2024-09-15,TB,DET,16,20,-6.5,-7.5,1.3440000000000001,1.2629999999999999,3.35,4,48.5,51.5
2024,2,2024-09-15,IND,GB,16,10,-4.5,2.5,1.4870000000000001,2.2000000000000002,2.7,1.714,47,41.5
2024,2,2024-09-15,CLE,JAX,13,18,-2.0,-3.0,1.7689999999999999,1.6060000000000001,2.1,2.4,44.5,41.5
2024,2,2024-09-15,SF,MIN,23,17,6.5,4.5,3.35,2.85,1.3440000000000001,1.444,46,46.5
2024,2,2024-09-15,SEA,NE,20,23,3.0,3.0,2.35,2.4,1.625,1.6060000000000001,41,38.5
2024,2,2024-09-15,NYJ,TEN,17,24,4.0,4.0,2.5499999999999998,2.65,1.54,1.5,43.5,41.5
2024,2,2024-09-15,NYG,WAS,21,18,-2.5,-1.5,1.714,1.8,2.2000000000000002,2.0499999999999998,41.5,42.5
2024,2,2024-09-16,ATL,PHI,21,22,-3.5,-5.5,1.5549999999999999,1.4079999999999999,2.5,3,48.5,46.5
2024,3,2024-09-19,NE,NYJ,24,3,-7.0,-6.0,1.3120000000000001,1.3440000000000001,3.6,3.35,40,39
2024,3,2024-09-22,KC,ATL,17,22,4.5,3.5,2.8,2.5,1.454,1.5549999999999999,47,46.5
2024,3,2024-09-22,DET,ARI,13,20,4.5,3.0,2.7,2.2999999999999998,1.4870000000000001,1.645,51.5,51.5
2024,3,2024-09-22,BAL,DAL,25,28,-1.0,1.5,1.869,2.0499999999999998,1.952,1.8,47.5,47.5
2024,3,2024-09-22,SF,LA,27,24,4.5,6.0,2.8,3.2,1.454,1.37,48,44.5
2024,3,2024-09-22,CAR,LV,22,36,-5.0,-5.5,1.4339999999999999,1.4079999999999999,2.9,3,40,40
2024,3,2024-09-22,MIA,SEA,24,3,1.0,-4.0,1.952,1.4870000000000001,1.869,2.7,47.5,41.5
2024,3,2024-09-22,NYG,CLE,15,21,-6.5,-6.5,1.37,1.333,3.2,3.4,40.5,38
2024,3,2024-09-22,CHI,IND,21,16,-2.5,-1.5,1.714,1.8,2.2000000000000002,2.0499999999999998,46.5,43.5
2024,3,2024-09-22,HOU,MIN,34,7,2.5,2.0,2.2000000000000002,2.1,1.714,1.7689999999999999,45,46.5
2024,3,2024-09-22,PHI,NO,12,15,3.5,-2.5,2.6,1.6659999999999999,1.526,2.25,47,49.5
2024,3,2024-09-22,LAC,PIT,20,10,-2.0,-2.5,1.7689999999999999,1.6659999999999999,2.1,2.25,38.5,35.5
2024,3,2024-09-22,DEN,TB,7,26,-5.0,-6.0,1.4339999999999999,1.357,2.9,3.3,43,40.5
2024,3,2024-09-22,GB,TEN,14,30,-2.5,-3.0,1.6659999999999999,1.625,2.25,2.35,39.5,37
2024,3,2024-09-23,WAS,CIN,33,38,-7.0,-7.5,1.3120000000000001,1.2769999999999999,3.6,3.8,47.5,46
2024,3,2024-09-23,JAX,BUF,47,10,-3.5,-4.0,1.526,1.454,2.6,2.8,47.5,46.5
2024,4,2024-09-26,DAL,NYG,15,20,7.0,5.0,3.7,3.05,1.294,1.4,43.5,44.5
2024,4,2024-09-29,BUF,BAL,35,10,-1.5,-2.5,1.8,1.6659999999999999,2.0499999999999998,2.25,46,47.5
2024,4,2024-09-29,KC,LAC,10,17,4.5,7.0,2.8,3.6,1.454,1.3120000000000001,43,41.5
2024,4,2024-09-29,CLE,LV,20,16,1.5,2.5,2.0499999999999998,2.25,1.8,1.6659999999999999,39,37
2024,4,2024-09-29,WAS,ARI,14,42,-4.5,-3.5,1.454,1.5549999999999999,2.8,2.5,49.5,48.5
2024,4,2024-09-29,NE,SF,30,13,-9.5,-10.5,1.2,1.173,4.75,5.25,40.5,41.5
2024,4,2024-09-29,NO,ATL,26,24,-1.5,-2.5,1.833,1.714,2,2.2000000000000002,46,42.5
2024,4,2024-09-29,CIN,CAR,24,34,7.0,4.5,3.7,2.95,1.294,1.4159999999999999,43,47
2024,4,2024-09-29,LA,CHI,24,18,-2.5,-3.0,1.6659999999999999,1.6060000000000001,2.25,2.4,42.5,40.5
2024,4,2024-09-29,MIN,GB,29,31,2.0,-2.5,2.1,1.714,1.7689999999999999,2.2000000000000002,39.5,44.5
2024,4,2024-09-29,JAX,HOU,24,20,-5.0,-5.5,1.444,1.3839999999999999,2.85,3.1,46.5,44.5
2024,4,2024-09-29,PIT,IND,27,24,-1.5,2.5,1.8,2.25,2.0499999999999998,1.6659999999999999,41,40.5
2024,4,2024-09-29,DEN,NYJ,9,10,-8.0,-8.0,1.2629999999999999,1.2350000000000001,4,4.25,37.5,39.5
2024,4,2024-09-29,PHI,TB,33,16,1.5,1.0,2.0499999999999998,1.952,1.8,1.869,47.5,42.5
2024,4,2024-09-30,SEA,DET,42,29,-4.0,-4.0,1.5,1.476,2.65,2.75,48,47
2024,4,2024-09-30,TEN,MIA,12,31,-1.5,-2.5,1.833,1.645,2,2.2999999999999998,39.5,38
2024,5,2024-10-03,TB,ATL,36,30,-3.0,-2.5,1.645,1.714,2.2999999999999998,2.2000000000000002,43.5,44
2024,5,2024-10-06,DAL,PIT,17,20,-2.5,-2.5,1.714,1.714,2.2000000000000002,2.2000000000000002,43,44
2024,5,2024-10-06,GB,LA,19,24,3.5,3.0,2.5,2.35,1.5549999999999999,1.625,48,49.5
2024,5,2024-10-06,NYG,SEA,20,29,-6.5,-7.0,1.37,1.3120000000000001,3.2,3.6,41.5,42.5
2024,5,2024-10-06,LV,DEN,34,18,-3.0,-3.0,1.6659999999999999,1.645,2.25,2.2999999999999998,36.5,36
2024,5,2024-10-06,ARI,SF,23,24,-7.5,-7.0,1.2769999999999999,1.2769999999999999,3.8,3.8,49.5,49
2024,5,2024-10-06,CAR,CHI,36,10,-4.0,-4.0,1.5,1.4870000000000001,2.65,2.7,42.5,40.5
2024,5,2024-10-06,BAL,CIN,38,41,1.0,2.5,1.952,2.15,1.869,1.74,47,48
2024,5,2024-10-06,BUF,HOU,23,20,-1.0,-1.0,1.909,1.833,1.909,2,47,47.5
2024,5,2024-10-06,IND,JAX,37,34,-3.0,-3.5,1.6659999999999999,1.5,2.25,2.65,46.5,45
2024,5,2024-10-06,MIA,NE,10,15,-1.5,2.0,1.8,2.1,2.0499999999999998,1.7689999999999999,36.5,37
2024,5,2024-10-06,CLE,WAS,34,13,-3.0,-3.0,1.5880000000000001,1.645,2.4500000000000002,2.2999999999999998,44.5,44
2024,5,2024-10-06,NYJ,MIN,23,17,-2.5,-2.5,1.714,1.714,2.2000000000000002,2.2000000000000002,40.5,42
2024,5,2024-10-07,NO,KC,26,13,-6.5,-5.5,1.357,1.4,3.3,3.05,45.5,43
2024,6,2024-10-10,SF,SEA,24,36,3.5,3.5,2.4500000000000002,2.65,1.5880000000000001,1.5,47.5,48.5
2024,6,2024-10-13,CIN,NYG,7,17,5.0,4.0,2.85,2.75,1.444,1.476,46.5,46.5
2024,6,2024-10-13,ATL,CAR,20,38,3.5,6.0,2.4,3.1,1.6060000000000001,1.3839999999999999,44.5,46
2024,6,2024-10-13,DET,DAL,9,47,3.0,3.5,2.25,2.65,1.6659999999999999,1.5,51.5,53.5
2024,6,2024-10-13,LAC,DEN,16,23,1.5,3.0,2,2.2999999999999998,1.833,1.645,36.5,36.5
2024,6,2024-10-13,PIT,LV,13,32,2.5,3.0,2.2000000000000002,2.5,1.714,1.5549999999999999,37.5,36.5
2024,6,2024-10-13,WAS,BAL,30,23,-7.0,-7.0,1.2769999999999999,1.3220000000000001,3.8,3.5,49.5,51
2024,6,2024-10-13,ARI,GB,34,13,-5.5,-5.5,1.3839999999999999,1.4,3.1,3.05,49.5,47
2024,6,2024-10-13,HOU,NE,21,41,7.0,6.5,3.7,3.35,1.294,1.3440000000000001,40.5,38
2024,6,2024-10-13,TB,NO,27,51,-2.5,3.5,1.7689999999999999,2.5499999999999998,2.1,1.54,45.5,42.5
2024,6,2024-10-13,CLE,PHI,20,16,-6.5,-8.5,1.3120000000000001,1.2350000000000001,3.6,4.25,43.5,42
2024,6,2024-10-13,IND,TEN,17,20,1.5,-2.5,2,1.714,1.833,2.2000000000000002,41.5,42.5
2024,6,2024-10-13,JAX,CHI,35,16,-1.0,1.5,1.909,2.0499999999999998,1.909,1.8,42.5,44.5
2024,6,2024-10-14,BUF,NYJ,20,23,2.0,1.0,2.1,2,1.7689999999999999,1.833,43.5,41
2024,7,2024-10-17,DEN,NO,10,33,-2.0,3.0,1.7689999999999999,2.25,2.1,1.6659999999999999,38,37
2024,7,2024-10-20,NYJ,PIT,37,15,-1.0,2.5,1.869,2.2999999999999998,1.952,1.645,36.5,40.5
2024,7,2024-10-20,KC,SF,18,28,-1.5,-2.5,1.8,1.6659999999999999,2.0499999999999998,2.25,46.5,48
2024,7,2024-10-20,LV,LA,20,15,-3.5,-7.0,1.54,1.2769999999999999,2.5499999999999998,3.8,43.5,43.5
2024,7,2024-10-20,CAR,WAS,40,7,-7.5,-10.0,1.2849999999999999,1.19,3.75,4.9000000000000004,48.5,51
2024,7,2024-10-20,SEA,ATL,14,34,-2.5,-3.0,1.714,1.625,2.2000000000000002,2.35,46.5,51.5
2024,7,2024-10-20,TEN,BUF,34,10,-7.5,-9.5,1.256,1.2,4.0999999999999996,4.75,43,41
2024,7,2024-10-20,CIN,CLE,14,21,4.5,5.5,2.75,3,1.476,1.4079999999999999,44.5,41.5
2024,7,2024-10-20,HOU,GB,24,22,-1.5,-3.0,1.8,1.5880000000000001,2.0499999999999998,2.4500000000000002,47.5,48
2024,7,2024-10-20,MIA,IND,16,10,-4.0,-3.0,1.5,1.6659999999999999,2.65,2.25,42.5,44
2024,7,2024-10-20,DET,MIN,29,31,-1.5,-1.0,1.833,1.833,2,2,48,50.5
2024,7,2024-10-20,PHI,NYG,3,28,4.0,3.0,2.65,2.35,1.5,1.625,46,42
2024,7,2024-10-20,NE,JAX,32,16,-5.5,-7.0,1.4159999999999999,1.3120000000000001,2.95,3.6,43,42.5
2024,7,2024-10-21,LAC,ARI,17,15,-1.0,1.0,1.869,1.952,1.952,1.869,43,44.5
2024,7,2024-10-21,BAL,TB,31,41,4.5,4.0,2.8,2.8,1.454,1.454,47.5,51
2024,8,2024-10-24,MIN,LA,30,20,3.0,3.0,2.35,2.25,1.625,1.6659999999999999,46,47
2024,8,2024-10-27,DAL,SF,30,24,-5.5,-5.5,1.4159999999999999,1.4,2.95,3.05,45.5,47.5
2024,8,2024-10-27,CAR,DEN,28,14,-4.5,-13.0,1.5,1.117,2.65,6.75,43,40.5
2024,8,2024-10-27,KC,LV,20,27,10.0,8.5,4.5,4.25,1.222,1.2350000000000001,43.5,43
2024,8,2024-10-27,CHI,WAS,18,15,-1.5,-1.5,1.8,1.8,2.0499999999999998,2.0499999999999998,47.5,46.5
2024,8,2024-10-27,NO,LAC,26,8,-6.0,-7.0,1.37,1.2849999999999999,3.2,3.75,39,41.5
2024,8,2024-10-27,BUF,SEA,10,31,3.0,3.0,2.2999999999999998,2.35,1.645,1.625,48,45
2024,8,2024-10-27,PHI,CIN,17,37,-2.5,-2.5,1.74,1.714,2.15,2.2000000000000002,49.5,47.5
2024,8,2024-10-27,BAL,CLE,29,24,9.5,7.5,4.75,3.8,1.2,1.2769999999999999,42.5,44.5
2024,8,2024-10-27,TEN,DET,52,14,-9.5,-12.0,1.2,1.1419999999999999,4.75,6,45,45
2024,8,2024-10-27,IND,HOU,23,20,-6.5,-4.5,1.4,1.4339999999999999,3.05,2.9,48,45
2024,8,2024-10-27,GB,JAX,27,30,3.5,3.5,2.75,2.5499999999999998,1.476,1.54,47.5,49
2024,8,2024-10-27,ARI,MIA,27,28,-3.0,-4.0,1.714,1.4870000000000001,2.2000000000000002,2.7,49,46.5
2024,8,2024-10-27,NYJ,NE,25,22,7.0,7.0,3.4,3.65,1.333,1.3029999999999999,40,41
2024,8,2024-10-27,ATL,TB,26,31,-1.5,1.5,1.8,2.0499999999999998,2.0499999999999998,1.8,49,46.5
2024,8,2024-10-28,NYG,PIT,26,18,-4.0,-6.0,1.54,1.363,2.5499999999999998,3.25,38,37.5
2024,9,2024-10-31,HOU,NYJ,21,13,-1.0,-2.5,1.909,1.6659999999999999,1.909,2.25,43,43
2024,9,2024-11-03,IND,MIN,21,13,-6.5,-6.0,1.3169999999999999,1.363,3.55,3.25,46,47
2024,9,2024-11-03,DET,GB,14,24,-1.0,2.5,1.869,2.2000000000000002,1.952,1.714,50.5,48.5
2024,9,2024-11-03,LA,SEA,20,26,-3.0,1.5,1.6060000000000001,2.0499999999999998,2.4,1.8,47.5,48.5
2024,9,2024-11-03,CHI,ARI,29,9,1.0,-1.5,1.952,1.8,1.869,2.0499999999999998,46,44.5
2024,9,2024-11-03,JAX,PHI,28,23,-6.0,-7.5,1.37,1.2849999999999999,3.2,3.75,47.5,46
2024,9,2024-11-03,DAL,ATL,27,21,-2.5,-3.0,1.74,1.5880000000000001,2.15,2.4500000000000002,48.5,52
2024,9,2024-11-03,DEN,BAL,41,10,-9.5,-9.0,1.2,1.222,4.75,4.5,43.5,46.5
2024,9,2024-11-03,MIA,BUF,30,27,-5.5,-6.0,1.3839999999999999,1.363,3.1,3.25,48,49
2024,9,2024-11-03,NO,CAR,23,22,3.5,7.0,2.7,3.75,1.4870000000000001,1.2849999999999999,46,43.5
2024,9,2024-11-03,LV,CIN,41,24,-8.5,-7.5,1.2350000000000001,1.2629999999999999,4.25,4,45,45
2024,9,2024-11-03,LAC,CLE,10,27,3.5,2.0,2.5,2.1,1.5549999999999999,1.7689999999999999,38.5,42.5
2024,9,2024-11-03,WAS,NYG,22,27,3.0,4.0,2.2999999999999998,2.75,1.645,1.476,44,44
2024,9,2024-11-03,NE,TEN,20,17,-3.0,-3.5,1.6060000000000001,1.5549999999999999,2.4,2.5,38.5,38
2024,9,2024-11-04,TB,KC,30,24,-9.0,-9.0,1.222,1.2350000000000001,4.5,4.25,44.5,45.5
